bug.id,project_id,revision.id.buggy,revision.id.fixed,report.id,report.url,buggy_commit_url,fixed_commit_url,compare_url
1,ReactNative,400020215f67e8e60b739967e432f2b9d7e8496c,7e11bad86fd21ce1a8408218e66ce85993d9db69,7495,https://github.com/facebook/react-native/issues/7495,https://github.com/facebook/react-native/tree/400020215f67e8e60b739967e432f2b9d7e8496c,https://github.com/facebook/react-native/tree/7e11bad86fd21ce1a8408218e66ce85993d9db69,https://github.com/facebook/react-native/compare/400020215f67e8e60b739967e432f2b9d7e8496c...7e11bad86fd21ce1a8408218e66ce85993d9db69
2,ReactNative,27a07cf13cd5d63610a9522a486a4fe23f5f95b1,d985b2e6615bcc49740e8c65485a6e0251eae0cc,16060,https://github.com/facebook/react-native/issues/16060,https://github.com/facebook/react-native/tree/27a07cf13cd5d63610a9522a486a4fe23f5f95b1,https://github.com/facebook/react-native/tree/d985b2e6615bcc49740e8c65485a6e0251eae0cc,https://github.com/facebook/react-native/compare/27a07cf13cd5d63610a9522a486a4fe23f5f95b1...d985b2e6615bcc49740e8c65485a6e0251eae0cc
3,ReactNative,0cce0a62c1ab8d9687c9decd69cd204c99e1ec6c,c3e42b55312e196d7568b5fd4b3d28f50bfa0fd9,15497,https://github.com/facebook/react-native/issues/15497,https://github.com/facebook/react-native/tree/0cce0a62c1ab8d9687c9decd69cd204c99e1ec6c,https://github.com/facebook/react-native/tree/c3e42b55312e196d7568b5fd4b3d28f50bfa0fd9,https://github.com/facebook/react-native/compare/0cce0a62c1ab8d9687c9decd69cd204c99e1ec6c...c3e42b55312e196d7568b5fd4b3d28f50bfa0fd9
4,ReactNative,e57a43b97ad24dc5b993753a45aa575b2a757b4f,33d710e8c58ef1dc69816a59ac1cf390894e7cb9,9145,https://github.com/facebook/react-native/issues/9145,https://github.com/facebook/react-native/tree/e57a43b97ad24dc5b993753a45aa575b2a757b4f,https://github.com/facebook/react-native/tree/33d710e8c58ef1dc69816a59ac1cf390894e7cb9,https://github.com/facebook/react-native/compare/e57a43b97ad24dc5b993753a45aa575b2a757b4f...33d710e8c58ef1dc69816a59ac1cf390894e7cb9
5,ReactNative,9bf936ccba257ad7b0377442f324883ab9d436df,0818f3bdf5890ce66b6b82b22bb53ba2976cda9f,14244,https://github.com/facebook/react-native/issues/14244,https://github.com/facebook/react-native/tree/9bf936ccba257ad7b0377442f324883ab9d436df,https://github.com/facebook/react-native/tree/0818f3bdf5890ce66b6b82b22bb53ba2976cda9f,https://github.com/facebook/react-native/compare/9bf936ccba257ad7b0377442f324883ab9d436df...0818f3bdf5890ce66b6b82b22bb53ba2976cda9f
6,ReactNative,dbec6e1096294d0084a7020b21e6e3e3707180d8,672528ffde3b467ccdfd6b1ce0352f150b20c922,13351,https://github.com/facebook/react-native/issues/13351,https://github.com/facebook/react-native/tree/dbec6e1096294d0084a7020b21e6e3e3707180d8,https://github.com/facebook/react-native/tree/672528ffde3b467ccdfd6b1ce0352f150b20c922,https://github.com/facebook/react-native/compare/dbec6e1096294d0084a7020b21e6e3e3707180d8...672528ffde3b467ccdfd6b1ce0352f150b20c922
7,ReactNative,ef863c06797df80e28c074ae021842a5067cae42,0a2825f8b3dc183bb17c9aa18d778ddb0f641a66,2814,https://github.com/facebook/react-native/issues/2814,https://github.com/facebook/react-native/tree/ef863c06797df80e28c074ae021842a5067cae42,https://github.com/facebook/react-native/tree/0a2825f8b3dc183bb17c9aa18d778ddb0f641a66,https://github.com/facebook/react-native/compare/ef863c06797df80e28c074ae021842a5067cae42...0a2825f8b3dc183bb17c9aa18d778ddb0f641a66
8,ReactNative,93e6ae1c0ad2fb057160c64d35fd7b94f6b1e9fc,b44c5ae92eb08125d466cf151cb804dabfbbc690,20774,https://github.com/facebook/react-native/issues/20774,https://github.com/facebook/react-native/tree/93e6ae1c0ad2fb057160c64d35fd7b94f6b1e9fc,https://github.com/facebook/react-native/tree/b44c5ae92eb08125d466cf151cb804dabfbbc690,https://github.com/facebook/react-native/compare/93e6ae1c0ad2fb057160c64d35fd7b94f6b1e9fc...b44c5ae92eb08125d466cf151cb804dabfbbc690
9,ReactNative,cc90c20bf60c72fc1b42f3306636847ce7f478e5,f9050e09084cf3700bfc1954f97adf0f60cd8d88,22100,https://github.com/facebook/react-native/issues/22100,https://github.com/facebook/react-native/tree/cc90c20bf60c72fc1b42f3306636847ce7f478e5,https://github.com/facebook/react-native/tree/f9050e09084cf3700bfc1954f97adf0f60cd8d88,https://github.com/facebook/react-native/compare/cc90c20bf60c72fc1b42f3306636847ce7f478e5...f9050e09084cf3700bfc1954f97adf0f60cd8d88
10,ReactNative,c03fc4087ff9ac3ccbd1ab2261a1af329b354d99,69213eea9512c81ed998d240a6f5a3be05346b48,22100,https://github.com/facebook/react-native/issues/22100,https://github.com/facebook/react-native/tree/c03fc4087ff9ac3ccbd1ab2261a1af329b354d99,https://github.com/facebook/react-native/tree/69213eea9512c81ed998d240a6f5a3be05346b48,https://github.com/facebook/react-native/compare/c03fc4087ff9ac3ccbd1ab2261a1af329b354d99...69213eea9512c81ed998d240a6f5a3be05346b48
11,ReactNative,f22473e9e9f73605cd27c5e38298bd793478c84d,a97d104b44daa068fa3848cc6c3225356f9dc318,22100,https://github.com/facebook/react-native/issues/22100,https://github.com/facebook/react-native/tree/f22473e9e9f73605cd27c5e38298bd793478c84d,https://github.com/facebook/react-native/tree/a97d104b44daa068fa3848cc6c3225356f9dc318,https://github.com/facebook/react-native/compare/f22473e9e9f73605cd27c5e38298bd793478c84d...a97d104b44daa068fa3848cc6c3225356f9dc318
12,ReactNative,fb4825a2c65fba3aa905f7defb7d0c125fff644d,c127000a7d2bb54599c9d80503528c3e8d75fddc,22100,https://github.com/facebook/react-native/issues/22100,https://github.com/facebook/react-native/tree/fb4825a2c65fba3aa905f7defb7d0c125fff644d,https://github.com/facebook/react-native/tree/c127000a7d2bb54599c9d80503528c3e8d75fddc,https://github.com/facebook/react-native/compare/fb4825a2c65fba3aa905f7defb7d0c125fff644d...c127000a7d2bb54599c9d80503528c3e8d75fddc
13,ReactNative,87b65339379362f9db77ae3f5c9fa8934da34b25,7e4f92bc19d64f08d686879fc3028213350eb634,22100,https://github.com/facebook/react-native/issues/22100,https://github.com/facebook/react-native/tree/87b65339379362f9db77ae3f5c9fa8934da34b25,https://github.com/facebook/react-native/tree/7e4f92bc19d64f08d686879fc3028213350eb634,https://github.com/facebook/react-native/compare/87b65339379362f9db77ae3f5c9fa8934da34b25...7e4f92bc19d64f08d686879fc3028213350eb634
14,ReactNative,6cc6f8f4885e210a3b4cb3840f57eacc7ba8b2f5,ddc3471f889420d9b5106f556ec44f5967482f81,21092,https://github.com/facebook/react-native/issues/21092,https://github.com/facebook/react-native/tree/6cc6f8f4885e210a3b4cb3840f57eacc7ba8b2f5,https://github.com/facebook/react-native/tree/ddc3471f889420d9b5106f556ec44f5967482f81,https://github.com/facebook/react-native/compare/6cc6f8f4885e210a3b4cb3840f57eacc7ba8b2f5...ddc3471f889420d9b5106f556ec44f5967482f81
15,ReactNative,3592122af3856ac58273dfeeeac59f6439fb93ef,167d7861cbf72658efacd329536a46b5dc069076,20262,https://github.com/facebook/react-native/issues/20262,https://github.com/facebook/react-native/tree/3592122af3856ac58273dfeeeac59f6439fb93ef,https://github.com/facebook/react-native/tree/167d7861cbf72658efacd329536a46b5dc069076,https://github.com/facebook/react-native/compare/3592122af3856ac58273dfeeeac59f6439fb93ef...167d7861cbf72658efacd329536a46b5dc069076
16,ReactNative,7e4f92bc19d64f08d686879fc3028213350eb634,198eb0269781803cc16254916b0477916afbcb0e,21196,https://github.com/facebook/react-native/issues/21196,https://github.com/facebook/react-native/tree/7e4f92bc19d64f08d686879fc3028213350eb634,https://github.com/facebook/react-native/tree/198eb0269781803cc16254916b0477916afbcb0e,https://github.com/facebook/react-native/compare/7e4f92bc19d64f08d686879fc3028213350eb634...198eb0269781803cc16254916b0477916afbcb0e
17,ReactNative,3a33e75183bf196d61b46e662b4c3f84a5f570bd,2ed1bb2e01ab7360d9bf13e4f9e13cb9c9c9d32e,22100,https://github.com/facebook/react-native/issues/22100,https://github.com/facebook/react-native/tree/3a33e75183bf196d61b46e662b4c3f84a5f570bd,https://github.com/facebook/react-native/tree/2ed1bb2e01ab7360d9bf13e4f9e13cb9c9c9d32e,https://github.com/facebook/react-native/compare/3a33e75183bf196d61b46e662b4c3f84a5f570bd...2ed1bb2e01ab7360d9bf13e4f9e13cb9c9c9d32e
18,ReactNative,4989123f8cab37c95b020e23b9a925746a3f3677,2aa24017667721ba17a859ca4e13d43e52d86bc5,23217,https://github.com/facebook/react-native/issues/23217,https://github.com/facebook/react-native/tree/4989123f8cab37c95b020e23b9a925746a3f3677,https://github.com/facebook/react-native/tree/2aa24017667721ba17a859ca4e13d43e52d86bc5,https://github.com/facebook/react-native/compare/4989123f8cab37c95b020e23b9a925746a3f3677...2aa24017667721ba17a859ca4e13d43e52d86bc5
19,ReactNative,9a9370481fb909a6e2f1066e98092b7dbd3237b9,7ff9456f2e5fd72286f5be52598988707eaef69c,22100,https://github.com/facebook/react-native/issues/22100,https://github.com/facebook/react-native/tree/9a9370481fb909a6e2f1066e98092b7dbd3237b9,https://github.com/facebook/react-native/tree/7ff9456f2e5fd72286f5be52598988707eaef69c,https://github.com/facebook/react-native/compare/9a9370481fb909a6e2f1066e98092b7dbd3237b9...7ff9456f2e5fd72286f5be52598988707eaef69c
20,ReactNative,e4364faa3cab150b82272819fc92086fb4da297e,32cb9ec49c801fcebe61486149134ab542d9364b,22710,https://github.com/facebook/react-native/issues/22710,https://github.com/facebook/react-native/tree/e4364faa3cab150b82272819fc92086fb4da297e,https://github.com/facebook/react-native/tree/32cb9ec49c801fcebe61486149134ab542d9364b,https://github.com/facebook/react-native/compare/e4364faa3cab150b82272819fc92086fb4da297e...32cb9ec49c801fcebe61486149134ab542d9364b
21,ReactNative,07d1075f372bb864ddc62b9c8f613b03becfa568,e4364faa3cab150b82272819fc92086fb4da297e,23076,https://github.com/facebook/react-native/issues/23076,https://github.com/facebook/react-native/tree/07d1075f372bb864ddc62b9c8f613b03becfa568,https://github.com/facebook/react-native/tree/e4364faa3cab150b82272819fc92086fb4da297e,https://github.com/facebook/react-native/compare/07d1075f372bb864ddc62b9c8f613b03becfa568...e4364faa3cab150b82272819fc92086fb4da297e
22,ReactNative,7e8b810499117900118f0df64791dd8c3d52e699,745484c892e40cfe15ded128f5a589edb28d8f6b,13754,https://github.com/facebook/react-native/issues/13754,https://github.com/facebook/react-native/tree/7e8b810499117900118f0df64791dd8c3d52e699,https://github.com/facebook/react-native/tree/745484c892e40cfe15ded128f5a589edb28d8f6b,https://github.com/facebook/react-native/compare/7e8b810499117900118f0df64791dd8c3d52e699...745484c892e40cfe15ded128f5a589edb28d8f6b
23,ReactNative,ae11993d0f6c6de661867b5d032d844e91c83c6f,cdd615136fe8f44c0abe6b8bc60de53439b27a37,23314,https://github.com/facebook/react-native/issues/23314,https://github.com/facebook/react-native/tree/ae11993d0f6c6de661867b5d032d844e91c83c6f,https://github.com/facebook/react-native/tree/cdd615136fe8f44c0abe6b8bc60de53439b27a37,https://github.com/facebook/react-native/compare/ae11993d0f6c6de661867b5d032d844e91c83c6f...cdd615136fe8f44c0abe6b8bc60de53439b27a37
24,ReactNative,b8246ac89ac45b2e801ccf284da282da959664e4,9ff43abe653ac5af0e591b369228f0809caad204,22949,https://github.com/facebook/react-native/issues/22949,https://github.com/facebook/react-native/tree/b8246ac89ac45b2e801ccf284da282da959664e4,https://github.com/facebook/react-native/tree/9ff43abe653ac5af0e591b369228f0809caad204,https://github.com/facebook/react-native/compare/b8246ac89ac45b2e801ccf284da282da959664e4...9ff43abe653ac5af0e591b369228f0809caad204
25,ReactNative,9ccde378b6e6379df61f9d968be6346ca6be7ead,58437cd10a667bbcbc16781df855fd7c3d73bf49,22885,https://github.com/facebook/react-native/issues/22885,https://github.com/facebook/react-native/tree/9ccde378b6e6379df61f9d968be6346ca6be7ead,https://github.com/facebook/react-native/tree/58437cd10a667bbcbc16781df855fd7c3d73bf49,https://github.com/facebook/react-native/compare/9ccde378b6e6379df61f9d968be6346ca6be7ead...58437cd10a667bbcbc16781df855fd7c3d73bf49
26,ReactNative,cca1cdf9b3dabd2be7e6ce5f5f39ea8d0f99378a,e4fd9babe03d82fcf39ba6a46376f746a8a3e960,20956,https://github.com/facebook/react-native/issues/20956,https://github.com/facebook/react-native/tree/cca1cdf9b3dabd2be7e6ce5f5f39ea8d0f99378a,https://github.com/facebook/react-native/tree/e4fd9babe03d82fcf39ba6a46376f746a8a3e960,https://github.com/facebook/react-native/compare/cca1cdf9b3dabd2be7e6ce5f5f39ea8d0f99378a...e4fd9babe03d82fcf39ba6a46376f746a8a3e960
27,ReactNative,cca1cdf9b3dabd2be7e6ce5f5f39ea8d0f99378a,e4fd9babe03d82fcf39ba6a46376f746a8a3e960,21468,https://github.com/facebook/react-native/issues/21468,https://github.com/facebook/react-native/tree/cca1cdf9b3dabd2be7e6ce5f5f39ea8d0f99378a,https://github.com/facebook/react-native/tree/e4fd9babe03d82fcf39ba6a46376f746a8a3e960,https://github.com/facebook/react-native/compare/cca1cdf9b3dabd2be7e6ce5f5f39ea8d0f99378a...e4fd9babe03d82fcf39ba6a46376f746a8a3e960
28,ReactNative,9842e39019c98d4142e272ff17c500fdcb59376e,f307ac7c5e3adb9b4c0f8b2e4b8cdc2f980c7733,21243,https://github.com/facebook/react-native/issues/21243,https://github.com/facebook/react-native/tree/9842e39019c98d4142e272ff17c500fdcb59376e,https://github.com/facebook/react-native/tree/f307ac7c5e3adb9b4c0f8b2e4b8cdc2f980c7733,https://github.com/facebook/react-native/compare/9842e39019c98d4142e272ff17c500fdcb59376e...f307ac7c5e3adb9b4c0f8b2e4b8cdc2f980c7733
29,ReactNative,9842e39019c98d4142e272ff17c500fdcb59376e,f307ac7c5e3adb9b4c0f8b2e4b8cdc2f980c7733,20908,https://github.com/facebook/react-native/issues/20908,https://github.com/facebook/react-native/tree/9842e39019c98d4142e272ff17c500fdcb59376e,https://github.com/facebook/react-native/tree/f307ac7c5e3adb9b4c0f8b2e4b8cdc2f980c7733,https://github.com/facebook/react-native/compare/9842e39019c98d4142e272ff17c500fdcb59376e...f307ac7c5e3adb9b4c0f8b2e4b8cdc2f980c7733
30,ReactNative,05c56edf4114edd0f35d99ac82fb00d69dd21d6f,7a6fe0cda0a1089c1c82fdd5f7f2db940f70feae,22824,https://github.com/facebook/react-native/issues/22824,https://github.com/facebook/react-native/tree/05c56edf4114edd0f35d99ac82fb00d69dd21d6f,https://github.com/facebook/react-native/tree/7a6fe0cda0a1089c1c82fdd5f7f2db940f70feae,https://github.com/facebook/react-native/compare/05c56edf4114edd0f35d99ac82fb00d69dd21d6f...7a6fe0cda0a1089c1c82fdd5f7f2db940f70feae
31,ReactNative,05c56edf4114edd0f35d99ac82fb00d69dd21d6f,7a6fe0cda0a1089c1c82fdd5f7f2db940f70feae,21945,https://github.com/facebook/react-native/issues/21945,https://github.com/facebook/react-native/tree/05c56edf4114edd0f35d99ac82fb00d69dd21d6f,https://github.com/facebook/react-native/tree/7a6fe0cda0a1089c1c82fdd5f7f2db940f70feae,https://github.com/facebook/react-native/compare/05c56edf4114edd0f35d99ac82fb00d69dd21d6f...7a6fe0cda0a1089c1c82fdd5f7f2db940f70feae
32,ReactNative,536045276cd381aa37f72d9a5afa8ff68b40d575,2ea4bcd0010c590755aebd0043dc58bb4458e340,23500,https://github.com/facebook/react-native/issues/23500,https://github.com/facebook/react-native/tree/536045276cd381aa37f72d9a5afa8ff68b40d575,https://github.com/facebook/react-native/tree/2ea4bcd0010c590755aebd0043dc58bb4458e340,https://github.com/facebook/react-native/compare/536045276cd381aa37f72d9a5afa8ff68b40d575...2ea4bcd0010c590755aebd0043dc58bb4458e340
33,ReactNative,f8a4d281e2be5b68fbebf53f930d37d96236829c,c416b40542ece64e26fb2298485ae42eeebc352a,20593,https://github.com/facebook/react-native/issues/20593,https://github.com/facebook/react-native/tree/f8a4d281e2be5b68fbebf53f930d37d96236829c,https://github.com/facebook/react-native/tree/c416b40542ece64e26fb2298485ae42eeebc352a,https://github.com/facebook/react-native/compare/f8a4d281e2be5b68fbebf53f930d37d96236829c...c416b40542ece64e26fb2298485ae42eeebc352a
34,ReactNative,e5fbd39450dfb5c43eb0f3a377ee1422d224e424,95d399bc825c5471e08b83eff4b1b1b510e384a0,21762,https://github.com/facebook/react-native/issues/21762,https://github.com/facebook/react-native/tree/e5fbd39450dfb5c43eb0f3a377ee1422d224e424,https://github.com/facebook/react-native/tree/95d399bc825c5471e08b83eff4b1b1b510e384a0,https://github.com/facebook/react-native/compare/e5fbd39450dfb5c43eb0f3a377ee1422d224e424...95d399bc825c5471e08b83eff4b1b1b510e384a0
35,ReactNative,e9c0ef9c7597a0561698e8a97110b2e203882098,e5fbd39450dfb5c43eb0f3a377ee1422d224e424,22383,https://github.com/facebook/react-native/issues/22383,https://github.com/facebook/react-native/tree/e9c0ef9c7597a0561698e8a97110b2e203882098,https://github.com/facebook/react-native/tree/e5fbd39450dfb5c43eb0f3a377ee1422d224e424,https://github.com/facebook/react-native/compare/e9c0ef9c7597a0561698e8a97110b2e203882098...e5fbd39450dfb5c43eb0f3a377ee1422d224e424
36,ReactNative,9d817751b38923033f4cd3a399f1a903b68ee3e4,8ce3c1b43edd47191c8e5ee8432c58f6e93dfca7,5859,https://github.com/facebook/react-native/issues/5859,https://github.com/facebook/react-native/tree/9d817751b38923033f4cd3a399f1a903b68ee3e4,https://github.com/facebook/react-native/tree/8ce3c1b43edd47191c8e5ee8432c58f6e93dfca7,https://github.com/facebook/react-native/compare/9d817751b38923033f4cd3a399f1a903b68ee3e4...8ce3c1b43edd47191c8e5ee8432c58f6e93dfca7
37,ReactNative,2ea4bcd0010c590755aebd0043dc58bb4458e340,9c1c5a7455d90ec837a9a6141c096de70b798e43,22768,https://github.com/facebook/react-native/issues/22768,https://github.com/facebook/react-native/tree/2ea4bcd0010c590755aebd0043dc58bb4458e340,https://github.com/facebook/react-native/tree/9c1c5a7455d90ec837a9a6141c096de70b798e43,https://github.com/facebook/react-native/compare/2ea4bcd0010c590755aebd0043dc58bb4458e340...9c1c5a7455d90ec837a9a6141c096de70b798e43
38,ReactNative,e903d8059a6446882a8a8200ef5fd686d6761da5,58c3a4c078c066038baa9a961afae498557a1e18,23459,https://github.com/facebook/react-native/issues/23459,https://github.com/facebook/react-native/tree/e903d8059a6446882a8a8200ef5fd686d6761da5,https://github.com/facebook/react-native/tree/58c3a4c078c066038baa9a961afae498557a1e18,https://github.com/facebook/react-native/compare/e903d8059a6446882a8a8200ef5fd686d6761da5...58c3a4c078c066038baa9a961afae498557a1e18
39,ReactNative,d451c032844b7ca9691f391356653c920e68b725,65c014d19f933771a69c7cbccdbb744330cf13a3,19002,https://github.com/facebook/react-native/issues/19002,https://github.com/facebook/react-native/tree/d451c032844b7ca9691f391356653c920e68b725,https://github.com/facebook/react-native/tree/65c014d19f933771a69c7cbccdbb744330cf13a3,https://github.com/facebook/react-native/compare/d451c032844b7ca9691f391356653c920e68b725...65c014d19f933771a69c7cbccdbb744330cf13a3
40,ReactNative,2e42cc76521ba5bf3692e806eef2d3e64d5ffa1a,b9d3743cda95d1f475dbec8f6d72935941519deb,22440,https://github.com/facebook/react-native/issues/22440,https://github.com/facebook/react-native/tree/2e42cc76521ba5bf3692e806eef2d3e64d5ffa1a,https://github.com/facebook/react-native/tree/b9d3743cda95d1f475dbec8f6d72935941519deb,https://github.com/facebook/react-native/compare/2e42cc76521ba5bf3692e806eef2d3e64d5ffa1a...b9d3743cda95d1f475dbec8f6d72935941519deb
41,ReactNative,fc3225d0f15701b5f9995e03226ba9cc133c5125,972ee2edbd4e1c4201da1606bf5a4c5add9f0083,17496,https://github.com/facebook/react-native/issues/17496,https://github.com/facebook/react-native/tree/fc3225d0f15701b5f9995e03226ba9cc133c5125,https://github.com/facebook/react-native/tree/972ee2edbd4e1c4201da1606bf5a4c5add9f0083,https://github.com/facebook/react-native/compare/fc3225d0f15701b5f9995e03226ba9cc133c5125...972ee2edbd4e1c4201da1606bf5a4c5add9f0083
42,ReactNative,c0ea099c853894e6ca0933db9e8093010da1d1a3,4aa731ae76b0c764d6c3a9ee19cb516f54da3284,23893,https://github.com/facebook/react-native/issues/23893,https://github.com/facebook/react-native/tree/c0ea099c853894e6ca0933db9e8093010da1d1a3,https://github.com/facebook/react-native/tree/4aa731ae76b0c764d6c3a9ee19cb516f54da3284,https://github.com/facebook/react-native/compare/c0ea099c853894e6ca0933db9e8093010da1d1a3...4aa731ae76b0c764d6c3a9ee19cb516f54da3284
43,ReactNative,2fdd7c9b436a9d8bfc93e486393142793ee7f49d,1fe4799a880a07ad5df5db57b55d00adf97ff2b5,23936,https://github.com/facebook/react-native/issues/23936,https://github.com/facebook/react-native/tree/2fdd7c9b436a9d8bfc93e486393142793ee7f49d,https://github.com/facebook/react-native/tree/1fe4799a880a07ad5df5db57b55d00adf97ff2b5,https://github.com/facebook/react-native/compare/2fdd7c9b436a9d8bfc93e486393142793ee7f49d...1fe4799a880a07ad5df5db57b55d00adf97ff2b5
44,ReactNative,508daf2c2105a0b3e32536d4fc1e0e6530f2f8d1,d6ee448e15a25a7485482a4702aadb2e396445c7,23962,https://github.com/facebook/react-native/issues/23962,https://github.com/facebook/react-native/tree/508daf2c2105a0b3e32536d4fc1e0e6530f2f8d1,https://github.com/facebook/react-native/tree/d6ee448e15a25a7485482a4702aadb2e396445c7,https://github.com/facebook/react-native/compare/508daf2c2105a0b3e32536d4fc1e0e6530f2f8d1...d6ee448e15a25a7485482a4702aadb2e396445c7
45,ReactNative,0b266458eacbf0910b7081fcb2a3d657e09a2f02,17415938c7180a95811db949122b8ad24a442866,21639,https://github.com/facebook/react-native/issues/21639,https://github.com/facebook/react-native/tree/0b266458eacbf0910b7081fcb2a3d657e09a2f02,https://github.com/facebook/react-native/tree/17415938c7180a95811db949122b8ad24a442866,https://github.com/facebook/react-native/compare/0b266458eacbf0910b7081fcb2a3d657e09a2f02...17415938c7180a95811db949122b8ad24a442866
46,ReactNative,28ceb0ad0bce2ce19557ce83d91142f46bce20b6,bbf715685efaab63c725d8447568468480df0bf0,23849,https://github.com/facebook/react-native/issues/23849,https://github.com/facebook/react-native/tree/28ceb0ad0bce2ce19557ce83d91142f46bce20b6,https://github.com/facebook/react-native/tree/bbf715685efaab63c725d8447568468480df0bf0,https://github.com/facebook/react-native/compare/28ceb0ad0bce2ce19557ce83d91142f46bce20b6...bbf715685efaab63c725d8447568468480df0bf0
47,ReactNative,68825f9ca5a6c8c70390e8499d9663c5be475639,eec2495a962e07e66bbaaf15f0e8a26f0e8e76ac,23816,https://github.com/facebook/react-native/issues/23816,https://github.com/facebook/react-native/tree/68825f9ca5a6c8c70390e8499d9663c5be475639,https://github.com/facebook/react-native/tree/eec2495a962e07e66bbaaf15f0e8a26f0e8e76ac,https://github.com/facebook/react-native/compare/68825f9ca5a6c8c70390e8499d9663c5be475639...eec2495a962e07e66bbaaf15f0e8a26f0e8e76ac
48,ReactNative,f541c34067fa5004601e47130a34856f755d0c12,cc3f9a753801c11cc6582b5152fc1c5079025aa8,23875,https://github.com/facebook/react-native/issues/23875,https://github.com/facebook/react-native/tree/f541c34067fa5004601e47130a34856f755d0c12,https://github.com/facebook/react-native/tree/cc3f9a753801c11cc6582b5152fc1c5079025aa8,https://github.com/facebook/react-native/compare/f541c34067fa5004601e47130a34856f755d0c12...cc3f9a753801c11cc6582b5152fc1c5079025aa8
49,ReactNative,8d5ac8de766b9e435cbfa9bfa6b8a2b75b0e2a19,5558333c60c75b1ac68f3e248d2d393ec09e8c8a,23936,https://github.com/facebook/react-native/issues/23936,https://github.com/facebook/react-native/tree/8d5ac8de766b9e435cbfa9bfa6b8a2b75b0e2a19,https://github.com/facebook/react-native/tree/5558333c60c75b1ac68f3e248d2d393ec09e8c8a,https://github.com/facebook/react-native/compare/8d5ac8de766b9e435cbfa9bfa6b8a2b75b0e2a19...5558333c60c75b1ac68f3e248d2d393ec09e8c8a
50,ReactNative,7ae90408c94a0c5358e8199b0da2a73336ebb90c,02e8e531ddfd86e9abf7ef47fbf30445afeb37cf,24053,https://github.com/facebook/react-native/issues/24053,https://github.com/facebook/react-native/tree/7ae90408c94a0c5358e8199b0da2a73336ebb90c,https://github.com/facebook/react-native/tree/02e8e531ddfd86e9abf7ef47fbf30445afeb37cf,https://github.com/facebook/react-native/compare/7ae90408c94a0c5358e8199b0da2a73336ebb90c...02e8e531ddfd86e9abf7ef47fbf30445afeb37cf
51,ReactNative,73245555cd92fb05388e77e0ba8c0a10b0d846db,fe3aebf87b4123f8b16cdfcb9e2e774e6e0bf0b6,23342,https://github.com/facebook/react-native/issues/23342,https://github.com/facebook/react-native/tree/73245555cd92fb05388e77e0ba8c0a10b0d846db,https://github.com/facebook/react-native/tree/fe3aebf87b4123f8b16cdfcb9e2e774e6e0bf0b6,https://github.com/facebook/react-native/compare/73245555cd92fb05388e77e0ba8c0a10b0d846db...fe3aebf87b4123f8b16cdfcb9e2e774e6e0bf0b6
52,ReactNative,c2f5b676ff6834b73af915d9b19991703a1b766c,e40a76715a11b1465c10076f975ff7335c84cf30,23844,https://github.com/facebook/react-native/issues/23844,https://github.com/facebook/react-native/tree/c2f5b676ff6834b73af915d9b19991703a1b766c,https://github.com/facebook/react-native/tree/e40a76715a11b1465c10076f975ff7335c84cf30,https://github.com/facebook/react-native/compare/c2f5b676ff6834b73af915d9b19991703a1b766c...e40a76715a11b1465c10076f975ff7335c84cf30
53,ReactNative,2a336f2b11cea88a118e2521eef1de7d48211c97,56679ed359834c2177c8837d744cc7bf2ceb6b0a,22716,https://github.com/facebook/react-native/issues/22716,https://github.com/facebook/react-native/tree/2a336f2b11cea88a118e2521eef1de7d48211c97,https://github.com/facebook/react-native/tree/56679ed359834c2177c8837d744cc7bf2ceb6b0a,https://github.com/facebook/react-native/compare/2a336f2b11cea88a118e2521eef1de7d48211c97...56679ed359834c2177c8837d744cc7bf2ceb6b0a
54,ReactNative,e2bf843d8630fd7ab4f711495ec5d12faa9490cd,3711ea69375ea420800bac97914aa0d24fc9b1a6,13754,https://github.com/facebook/react-native/issues/13754,https://github.com/facebook/react-native/tree/e2bf843d8630fd7ab4f711495ec5d12faa9490cd,https://github.com/facebook/react-native/tree/3711ea69375ea420800bac97914aa0d24fc9b1a6,https://github.com/facebook/react-native/compare/e2bf843d8630fd7ab4f711495ec5d12faa9490cd...3711ea69375ea420800bac97914aa0d24fc9b1a6
55,ReactNative,169ef78e64e5a24b2e2c5dbc2be947cc81970d45,fe9d21f6fa4825b669201995b4590c208947015d,24170,https://github.com/facebook/react-native/issues/24170,https://github.com/facebook/react-native/tree/169ef78e64e5a24b2e2c5dbc2be947cc81970d45,https://github.com/facebook/react-native/tree/fe9d21f6fa4825b669201995b4590c208947015d,https://github.com/facebook/react-native/compare/169ef78e64e5a24b2e2c5dbc2be947cc81970d45...fe9d21f6fa4825b669201995b4590c208947015d
56,ReactNative,6ca438a7f4bd7e6b317f0461aebbd5a7186151ed,6508b88cfdccdb2da6bfde05faac4647436ce4e7,23755,https://github.com/facebook/react-native/issues/23755,https://github.com/facebook/react-native/tree/6ca438a7f4bd7e6b317f0461aebbd5a7186151ed,https://github.com/facebook/react-native/tree/6508b88cfdccdb2da6bfde05faac4647436ce4e7,https://github.com/facebook/react-native/compare/6ca438a7f4bd7e6b317f0461aebbd5a7186151ed...6508b88cfdccdb2da6bfde05faac4647436ce4e7
57,ReactNative,380ed5581fd5e6a9023fb689ad8b3d9e2c1aa3ac,17dbf988845bb7815dbb6182218c8c28d027fb91,20879,https://github.com/facebook/react-native/issues/20879,https://github.com/facebook/react-native/tree/380ed5581fd5e6a9023fb689ad8b3d9e2c1aa3ac,https://github.com/facebook/react-native/tree/17dbf988845bb7815dbb6182218c8c28d027fb91,https://github.com/facebook/react-native/compare/380ed5581fd5e6a9023fb689ad8b3d9e2c1aa3ac...17dbf988845bb7815dbb6182218c8c28d027fb91
58,ReactNative,e5d975b5c75945b04d2e8cf7fa7ceac00194e6e8,46276444508581bac7b9f27edd56ec0c8ec450bc,24257,https://github.com/facebook/react-native/issues/24257,https://github.com/facebook/react-native/tree/e5d975b5c75945b04d2e8cf7fa7ceac00194e6e8,https://github.com/facebook/react-native/tree/46276444508581bac7b9f27edd56ec0c8ec450bc,https://github.com/facebook/react-native/compare/e5d975b5c75945b04d2e8cf7fa7ceac00194e6e8...46276444508581bac7b9f27edd56ec0c8ec450bc
59,ReactNative,037d16ba72b545cf67f6b37b4842518f5dbda78b,a05b409b385147cabdbd255dad04e39ee8f04411,22511,https://github.com/facebook/react-native/issues/22511,https://github.com/facebook/react-native/tree/037d16ba72b545cf67f6b37b4842518f5dbda78b,https://github.com/facebook/react-native/tree/a05b409b385147cabdbd255dad04e39ee8f04411,https://github.com/facebook/react-native/compare/037d16ba72b545cf67f6b37b4842518f5dbda78b...a05b409b385147cabdbd255dad04e39ee8f04411
60,ReactNative,7b59c5a47ef2515b78653bccd86e59a492c6b717,e5d975b5c75945b04d2e8cf7fa7ceac00194e6e8,24346,https://github.com/facebook/react-native/issues/24346,https://github.com/facebook/react-native/tree/7b59c5a47ef2515b78653bccd86e59a492c6b717,https://github.com/facebook/react-native/tree/e5d975b5c75945b04d2e8cf7fa7ceac00194e6e8,https://github.com/facebook/react-native/compare/7b59c5a47ef2515b78653bccd86e59a492c6b717...e5d975b5c75945b04d2e8cf7fa7ceac00194e6e8
61,ReactNative,a05b409b385147cabdbd255dad04e39ee8f04411,265ae58038c86c4d6c3f34c17a9a76cb7f4a1a28,22868,https://github.com/facebook/react-native/issues/22868,https://github.com/facebook/react-native/tree/a05b409b385147cabdbd255dad04e39ee8f04411,https://github.com/facebook/react-native/tree/265ae58038c86c4d6c3f34c17a9a76cb7f4a1a28,https://github.com/facebook/react-native/compare/a05b409b385147cabdbd255dad04e39ee8f04411...265ae58038c86c4d6c3f34c17a9a76cb7f4a1a28
62,ReactNative,5e44c08fa5a4f2f45212499c569f880354440ba1,5e36b0c6eb2494cefd11907673aa018831526750,18115,https://github.com/facebook/react-native/issues/18115,https://github.com/facebook/react-native/tree/5e44c08fa5a4f2f45212499c569f880354440ba1,https://github.com/facebook/react-native/tree/5e36b0c6eb2494cefd11907673aa018831526750,https://github.com/facebook/react-native/compare/5e44c08fa5a4f2f45212499c569f880354440ba1...5e36b0c6eb2494cefd11907673aa018831526750
63,ReactNative,40590348ea7bae50d29f5c677c3c907c0267da57,33b55ccccad56e0b97af294749d728b67b03e658,16152,https://github.com/facebook/react-native/issues/16152,https://github.com/facebook/react-native/tree/40590348ea7bae50d29f5c677c3c907c0267da57,https://github.com/facebook/react-native/tree/33b55ccccad56e0b97af294749d728b67b03e658,https://github.com/facebook/react-native/compare/40590348ea7bae50d29f5c677c3c907c0267da57...33b55ccccad56e0b97af294749d728b67b03e658
64,ReactNative,3273d23a2644e841877df2474cdec4a19f2253d2,d99e657e3909ff14cd623d1df7d3d13056fdd851,24229,https://github.com/facebook/react-native/issues/24229,https://github.com/facebook/react-native/tree/3273d23a2644e841877df2474cdec4a19f2253d2,https://github.com/facebook/react-native/tree/d99e657e3909ff14cd623d1df7d3d13056fdd851,https://github.com/facebook/react-native/compare/3273d23a2644e841877df2474cdec4a19f2253d2...d99e657e3909ff14cd623d1df7d3d13056fdd851
65,ReactNative,e28b6f314a4fa6016c5eb4522d6e41a297580f75,faaa92bb04467f1d8cef0fe7ce309643486b7a0d,21302,https://github.com/facebook/react-native/issues/21302,https://github.com/facebook/react-native/tree/e28b6f314a4fa6016c5eb4522d6e41a297580f75,https://github.com/facebook/react-native/tree/faaa92bb04467f1d8cef0fe7ce309643486b7a0d,https://github.com/facebook/react-native/compare/e28b6f314a4fa6016c5eb4522d6e41a297580f75...faaa92bb04467f1d8cef0fe7ce309643486b7a0d
66,ReactNative,e76a7df5b54fdb9782699bf67045662d031f6f2d,83c0d025f1a18de839c69289065655b533084520,14968,https://github.com/facebook/react-native/issues/14968,https://github.com/facebook/react-native/tree/e76a7df5b54fdb9782699bf67045662d031f6f2d,https://github.com/facebook/react-native/tree/83c0d025f1a18de839c69289065655b533084520,https://github.com/facebook/react-native/compare/e76a7df5b54fdb9782699bf67045662d031f6f2d...83c0d025f1a18de839c69289065655b533084520
67,ReactNative,243070afe2873c09c1149ca3ede3386abb88a529,cc2b3d0ebf2ce735bdb7f905d4b8c24a1f1e10d9,24576,https://github.com/facebook/react-native/issues/24576,https://github.com/facebook/react-native/tree/243070afe2873c09c1149ca3ede3386abb88a529,https://github.com/facebook/react-native/tree/cc2b3d0ebf2ce735bdb7f905d4b8c24a1f1e10d9,https://github.com/facebook/react-native/compare/243070afe2873c09c1149ca3ede3386abb88a529...cc2b3d0ebf2ce735bdb7f905d4b8c24a1f1e10d9
68,ReactNative,a6fb3d3a3534e67fe0a3ff40f1bf6ed65615ea5f,8d3e16831a93079fc5a855a7b0f8b4be508c6942,24267,https://github.com/facebook/react-native/issues/24267,https://github.com/facebook/react-native/tree/a6fb3d3a3534e67fe0a3ff40f1bf6ed65615ea5f,https://github.com/facebook/react-native/tree/8d3e16831a93079fc5a855a7b0f8b4be508c6942,https://github.com/facebook/react-native/compare/a6fb3d3a3534e67fe0a3ff40f1bf6ed65615ea5f...8d3e16831a93079fc5a855a7b0f8b4be508c6942
69,ReactNative,0708e28caf787ce4018fe1d456c2a8d4a71961ed,ee681b72ce89539e5764ed59e5dfea4fab04d48c,14968,https://github.com/facebook/react-native/issues/14968,https://github.com/facebook/react-native/tree/0708e28caf787ce4018fe1d456c2a8d4a71961ed,https://github.com/facebook/react-native/tree/ee681b72ce89539e5764ed59e5dfea4fab04d48c,https://github.com/facebook/react-native/compare/0708e28caf787ce4018fe1d456c2a8d4a71961ed...ee681b72ce89539e5764ed59e5dfea4fab04d48c
70,ReactNative,61c5e356cac844948383800dc64ed23c88181cee,9fba85569c24065a29a3f7667fca6071d986d20b,22727,https://github.com/facebook/react-native/issues/22727,https://github.com/facebook/react-native/tree/61c5e356cac844948383800dc64ed23c88181cee,https://github.com/facebook/react-native/tree/9fba85569c24065a29a3f7667fca6071d986d20b,https://github.com/facebook/react-native/compare/61c5e356cac844948383800dc64ed23c88181cee...9fba85569c24065a29a3f7667fca6071d986d20b
71,ReactNative,382f088fb0095c4da1fa8602578d5f11dac14c0c,ffa3b0d4d601fe6788319a7cfd4185b8e4bf462f,24626,https://github.com/facebook/react-native/issues/24626,https://github.com/facebook/react-native/tree/382f088fb0095c4da1fa8602578d5f11dac14c0c,https://github.com/facebook/react-native/tree/ffa3b0d4d601fe6788319a7cfd4185b8e4bf462f,https://github.com/facebook/react-native/compare/382f088fb0095c4da1fa8602578d5f11dac14c0c...ffa3b0d4d601fe6788319a7cfd4185b8e4bf462f
72,ReactNative,bfd06958f4b7f8035047e8d0398f67d5d430fc35,c5c79e5d718ad0777e014dd8c1e8d398d8172f3d,20352,https://github.com/facebook/react-native/issues/20352,https://github.com/facebook/react-native/tree/bfd06958f4b7f8035047e8d0398f67d5d430fc35,https://github.com/facebook/react-native/tree/c5c79e5d718ad0777e014dd8c1e8d398d8172f3d,https://github.com/facebook/react-native/compare/bfd06958f4b7f8035047e8d0398f67d5d430fc35...c5c79e5d718ad0777e014dd8c1e8d398d8172f3d
73,ReactNative,bfd06958f4b7f8035047e8d0398f67d5d430fc35,c5c79e5d718ad0777e014dd8c1e8d398d8172f3d,23801,https://github.com/facebook/react-native/issues/23801,https://github.com/facebook/react-native/tree/bfd06958f4b7f8035047e8d0398f67d5d430fc35,https://github.com/facebook/react-native/tree/c5c79e5d718ad0777e014dd8c1e8d398d8172f3d,https://github.com/facebook/react-native/compare/bfd06958f4b7f8035047e8d0398f67d5d430fc35...c5c79e5d718ad0777e014dd8c1e8d398d8172f3d
74,ReactNative,bfd06958f4b7f8035047e8d0398f67d5d430fc35,c5c79e5d718ad0777e014dd8c1e8d398d8172f3d,21092,https://github.com/facebook/react-native/issues/21092,https://github.com/facebook/react-native/tree/bfd06958f4b7f8035047e8d0398f67d5d430fc35,https://github.com/facebook/react-native/tree/c5c79e5d718ad0777e014dd8c1e8d398d8172f3d,https://github.com/facebook/react-native/compare/bfd06958f4b7f8035047e8d0398f67d5d430fc35...c5c79e5d718ad0777e014dd8c1e8d398d8172f3d
75,ReactNative,6ccdf85cefeaac6872398d605685cd9ac2a26211,962437fafd02c936754d1e992479056577cafd05,22234,https://github.com/facebook/react-native/issues/22234,https://github.com/facebook/react-native/tree/6ccdf85cefeaac6872398d605685cd9ac2a26211,https://github.com/facebook/react-native/tree/962437fafd02c936754d1e992479056577cafd05,https://github.com/facebook/react-native/compare/6ccdf85cefeaac6872398d605685cd9ac2a26211...962437fafd02c936754d1e992479056577cafd05
76,ReactNative,fc8008e0b2d975287a6867a84beb0d4123b4f83f,a5c57b4ed4965ac4bb231399fd145da8095cece3,24690,https://github.com/facebook/react-native/issues/24690,https://github.com/facebook/react-native/tree/fc8008e0b2d975287a6867a84beb0d4123b4f83f,https://github.com/facebook/react-native/tree/a5c57b4ed4965ac4bb231399fd145da8095cece3,https://github.com/facebook/react-native/compare/fc8008e0b2d975287a6867a84beb0d4123b4f83f...a5c57b4ed4965ac4bb231399fd145da8095cece3
77,ReactNative,962437fafd02c936754d1e992479056577cafd05,eb534bca58a89ae306010626a8bdae92c23b8784,22234,https://github.com/facebook/react-native/issues/22234,https://github.com/facebook/react-native/tree/962437fafd02c936754d1e992479056577cafd05,https://github.com/facebook/react-native/tree/eb534bca58a89ae306010626a8bdae92c23b8784,https://github.com/facebook/react-native/compare/962437fafd02c936754d1e992479056577cafd05...eb534bca58a89ae306010626a8bdae92c23b8784
78,ReactNative,d4ff5ed258b75fe77c5d801af7b097b04fcd3690,2ad3bb2e2d62ffb780bab020f645626a16dd3b4a,18579,https://github.com/facebook/react-native/issues/18579,https://github.com/facebook/react-native/tree/d4ff5ed258b75fe77c5d801af7b097b04fcd3690,https://github.com/facebook/react-native/tree/2ad3bb2e2d62ffb780bab020f645626a16dd3b4a,https://github.com/facebook/react-native/compare/d4ff5ed258b75fe77c5d801af7b097b04fcd3690...2ad3bb2e2d62ffb780bab020f645626a16dd3b4a
79,ReactNative,ebeb893b50b4aa1ad77bdb203e4f8faed75db43a,310cc38a5acb79ba0f1cda22913bd1d0cb296034,13351,https://github.com/facebook/react-native/issues/13351,https://github.com/facebook/react-native/tree/ebeb893b50b4aa1ad77bdb203e4f8faed75db43a,https://github.com/facebook/react-native/tree/310cc38a5acb79ba0f1cda22913bd1d0cb296034,https://github.com/facebook/react-native/compare/ebeb893b50b4aa1ad77bdb203e4f8faed75db43a...310cc38a5acb79ba0f1cda22913bd1d0cb296034
80,ReactNative,f2618fd81bbbc4200741704777ecca9fd9042aee,9ef5107d04da374fc566d8b296572ddd992419f0,20352,https://github.com/facebook/react-native/issues/20352,https://github.com/facebook/react-native/tree/f2618fd81bbbc4200741704777ecca9fd9042aee,https://github.com/facebook/react-native/tree/9ef5107d04da374fc566d8b296572ddd992419f0,https://github.com/facebook/react-native/compare/f2618fd81bbbc4200741704777ecca9fd9042aee...9ef5107d04da374fc566d8b296572ddd992419f0
81,ReactNative,f2618fd81bbbc4200741704777ecca9fd9042aee,9ef5107d04da374fc566d8b296572ddd992419f0,23801,https://github.com/facebook/react-native/issues/23801,https://github.com/facebook/react-native/tree/f2618fd81bbbc4200741704777ecca9fd9042aee,https://github.com/facebook/react-native/tree/9ef5107d04da374fc566d8b296572ddd992419f0,https://github.com/facebook/react-native/compare/f2618fd81bbbc4200741704777ecca9fd9042aee...9ef5107d04da374fc566d8b296572ddd992419f0
82,ReactNative,f2618fd81bbbc4200741704777ecca9fd9042aee,9ef5107d04da374fc566d8b296572ddd992419f0,21092,https://github.com/facebook/react-native/issues/21092,https://github.com/facebook/react-native/tree/f2618fd81bbbc4200741704777ecca9fd9042aee,https://github.com/facebook/react-native/tree/9ef5107d04da374fc566d8b296572ddd992419f0,https://github.com/facebook/react-native/compare/f2618fd81bbbc4200741704777ecca9fd9042aee...9ef5107d04da374fc566d8b296572ddd992419f0
83,ReactNative,54abe1f5990b8f5f57da3231d1bb1fd83966f064,3945f10561622a3e361190919d0a6d397f67ef8b,24647,https://github.com/facebook/react-native/issues/24647,https://github.com/facebook/react-native/tree/54abe1f5990b8f5f57da3231d1bb1fd83966f064,https://github.com/facebook/react-native/tree/3945f10561622a3e361190919d0a6d397f67ef8b,https://github.com/facebook/react-native/compare/54abe1f5990b8f5f57da3231d1bb1fd83966f064...3945f10561622a3e361190919d0a6d397f67ef8b
84,ReactNative,7d1c827cb2231e4091698a3d33addd067f40af7d,fa97b2383ceaab339bc2f45b60a7b7cf510ecf0d,25016,https://github.com/facebook/react-native/issues/25016,https://github.com/facebook/react-native/tree/7d1c827cb2231e4091698a3d33addd067f40af7d,https://github.com/facebook/react-native/tree/fa97b2383ceaab339bc2f45b60a7b7cf510ecf0d,https://github.com/facebook/react-native/compare/7d1c827cb2231e4091698a3d33addd067f40af7d...fa97b2383ceaab339bc2f45b60a7b7cf510ecf0d
85,ReactNative,348c3ebefafb881ec839209e01118f8cbcfa162e,d9a8ac5071d23275c5d4a8e9936f391b967416d7,22752,https://github.com/facebook/react-native/issues/22752,https://github.com/facebook/react-native/tree/348c3ebefafb881ec839209e01118f8cbcfa162e,https://github.com/facebook/react-native/tree/d9a8ac5071d23275c5d4a8e9936f391b967416d7,https://github.com/facebook/react-native/compare/348c3ebefafb881ec839209e01118f8cbcfa162e...d9a8ac5071d23275c5d4a8e9936f391b967416d7
86,ReactNative,aac95b409b38200c3e2a357c5faf77cf8273cb32,2aca234dee6a4c1e710b93dce341528279797c34,25087,https://github.com/facebook/react-native/issues/25087,https://github.com/facebook/react-native/tree/aac95b409b38200c3e2a357c5faf77cf8273cb32,https://github.com/facebook/react-native/tree/2aca234dee6a4c1e710b93dce341528279797c34,https://github.com/facebook/react-native/compare/aac95b409b38200c3e2a357c5faf77cf8273cb32...2aca234dee6a4c1e710b93dce341528279797c34
87,ReactNative,69d1ed731bf52c8b99f8b6319398b3920dcec109,2dd7dd8e45f9d4a1086f84d5b70ea66406d98439,18177,https://github.com/facebook/react-native/issues/18177,https://github.com/facebook/react-native/tree/69d1ed731bf52c8b99f8b6319398b3920dcec109,https://github.com/facebook/react-native/tree/2dd7dd8e45f9d4a1086f84d5b70ea66406d98439,https://github.com/facebook/react-native/compare/69d1ed731bf52c8b99f8b6319398b3920dcec109...2dd7dd8e45f9d4a1086f84d5b70ea66406d98439
88,ReactNative,680abf2d566c75f0479168a856a69643aed66f30,8094377d323fbacb7b726bc52015697ff1439ab8,9023,https://github.com/facebook/react-native/issues/9023,https://github.com/facebook/react-native/tree/680abf2d566c75f0479168a856a69643aed66f30,https://github.com/facebook/react-native/tree/8094377d323fbacb7b726bc52015697ff1439ab8,https://github.com/facebook/react-native/compare/680abf2d566c75f0479168a856a69643aed66f30...8094377d323fbacb7b726bc52015697ff1439ab8
89,ReactNative,831f5fe210a3ffd827a8ab64bc868456df971397,417e191a1cfd6a049d1d4b0a511f87aa7f176082,23254,https://github.com/facebook/react-native/issues/23254,https://github.com/facebook/react-native/tree/831f5fe210a3ffd827a8ab64bc868456df971397,https://github.com/facebook/react-native/tree/417e191a1cfd6a049d1d4b0a511f87aa7f176082,https://github.com/facebook/react-native/compare/831f5fe210a3ffd827a8ab64bc868456df971397...417e191a1cfd6a049d1d4b0a511f87aa7f176082
90,ReactNative,62c605efe1a23923292f8ec4740bba8349cbcca2,23f578779b48040760f47bbd97ca0e970c75041b,24952,https://github.com/facebook/react-native/issues/24952,https://github.com/facebook/react-native/tree/62c605efe1a23923292f8ec4740bba8349cbcca2,https://github.com/facebook/react-native/tree/23f578779b48040760f47bbd97ca0e970c75041b,https://github.com/facebook/react-native/compare/62c605efe1a23923292f8ec4740bba8349cbcca2...23f578779b48040760f47bbd97ca0e970c75041b
91,ReactNative,df50eee8e14b51bfcea9bc90e68a2cb46e68db82,3b88f0784050631ec309358782e1c4b1cb5579fe,25380,https://github.com/facebook/react-native/issues/25380,https://github.com/facebook/react-native/tree/df50eee8e14b51bfcea9bc90e68a2cb46e68db82,https://github.com/facebook/react-native/tree/3b88f0784050631ec309358782e1c4b1cb5579fe,https://github.com/facebook/react-native/compare/df50eee8e14b51bfcea9bc90e68a2cb46e68db82...3b88f0784050631ec309358782e1c4b1cb5579fe
92,ReactNative,d2858608515306623a431a0c10eaf89f5afa10a1,40e8a5f685376300aa5365de4557cd395996b9a2,16152,https://github.com/facebook/react-native/issues/16152,https://github.com/facebook/react-native/tree/d2858608515306623a431a0c10eaf89f5afa10a1,https://github.com/facebook/react-native/tree/40e8a5f685376300aa5365de4557cd395996b9a2,https://github.com/facebook/react-native/compare/d2858608515306623a431a0c10eaf89f5afa10a1...40e8a5f685376300aa5365de4557cd395996b9a2
93,ReactNative,d2858608515306623a431a0c10eaf89f5afa10a1,40e8a5f685376300aa5365de4557cd395996b9a2,15826,https://github.com/facebook/react-native/issues/15826,https://github.com/facebook/react-native/tree/d2858608515306623a431a0c10eaf89f5afa10a1,https://github.com/facebook/react-native/tree/40e8a5f685376300aa5365de4557cd395996b9a2,https://github.com/facebook/react-native/compare/d2858608515306623a431a0c10eaf89f5afa10a1...40e8a5f685376300aa5365de4557cd395996b9a2
94,ReactNative,d2858608515306623a431a0c10eaf89f5afa10a1,40e8a5f685376300aa5365de4557cd395996b9a2,16223,https://github.com/facebook/react-native/issues/16223,https://github.com/facebook/react-native/tree/d2858608515306623a431a0c10eaf89f5afa10a1,https://github.com/facebook/react-native/tree/40e8a5f685376300aa5365de4557cd395996b9a2,https://github.com/facebook/react-native/compare/d2858608515306623a431a0c10eaf89f5afa10a1...40e8a5f685376300aa5365de4557cd395996b9a2
95,ReactNative,d2858608515306623a431a0c10eaf89f5afa10a1,40e8a5f685376300aa5365de4557cd395996b9a2,16067,https://github.com/facebook/react-native/issues/16067,https://github.com/facebook/react-native/tree/d2858608515306623a431a0c10eaf89f5afa10a1,https://github.com/facebook/react-native/tree/40e8a5f685376300aa5365de4557cd395996b9a2,https://github.com/facebook/react-native/compare/d2858608515306623a431a0c10eaf89f5afa10a1...40e8a5f685376300aa5365de4557cd395996b9a2
96,ReactNative,d2858608515306623a431a0c10eaf89f5afa10a1,40e8a5f685376300aa5365de4557cd395996b9a2,16002,https://github.com/facebook/react-native/issues/16002,https://github.com/facebook/react-native/tree/d2858608515306623a431a0c10eaf89f5afa10a1,https://github.com/facebook/react-native/tree/40e8a5f685376300aa5365de4557cd395996b9a2,https://github.com/facebook/react-native/compare/d2858608515306623a431a0c10eaf89f5afa10a1...40e8a5f685376300aa5365de4557cd395996b9a2
97,ReactNative,951785de8a6a7df1b782701f8c480ae5ba691e38,f107d3b78c95ed0313b39e55976cf6b6be36775e,26260,https://github.com/facebook/react-native/issues/26260,https://github.com/facebook/react-native/tree/951785de8a6a7df1b782701f8c480ae5ba691e38,https://github.com/facebook/react-native/tree/f107d3b78c95ed0313b39e55976cf6b6be36775e,https://github.com/facebook/react-native/compare/951785de8a6a7df1b782701f8c480ae5ba691e38...f107d3b78c95ed0313b39e55976cf6b6be36775e
98,ReactNative,8cf9505bd27c5dade33b17cc177fa5ef1613dbcd,614039834bf255de096f8b1d168832f81b0cf3fa,26400,https://github.com/facebook/react-native/issues/26400,https://github.com/facebook/react-native/tree/8cf9505bd27c5dade33b17cc177fa5ef1613dbcd,https://github.com/facebook/react-native/tree/614039834bf255de096f8b1d168832f81b0cf3fa,https://github.com/facebook/react-native/compare/8cf9505bd27c5dade33b17cc177fa5ef1613dbcd...614039834bf255de096f8b1d168832f81b0cf3fa
99,ReactNative,d7c222a6a70478af8026d5d4dc8b60629957c46d,dfb4f4af68726d2e05f63689a9c74c9bb9a0611b,18943,https://github.com/facebook/react-native/issues/18943,https://github.com/facebook/react-native/tree/d7c222a6a70478af8026d5d4dc8b60629957c46d,https://github.com/facebook/react-native/tree/dfb4f4af68726d2e05f63689a9c74c9bb9a0611b,https://github.com/facebook/react-native/compare/d7c222a6a70478af8026d5d4dc8b60629957c46d...dfb4f4af68726d2e05f63689a9c74c9bb9a0611b
100,ReactNative,1df8bd4932f42958c01dccf44cee92b75a6988ed,e1d03b4cc00c361e10687eb4a9f902563cd1cbe1,26995,https://github.com/facebook/react-native/issues/26995,https://github.com/facebook/react-native/tree/1df8bd4932f42958c01dccf44cee92b75a6988ed,https://github.com/facebook/react-native/tree/e1d03b4cc00c361e10687eb4a9f902563cd1cbe1,https://github.com/facebook/react-native/compare/1df8bd4932f42958c01dccf44cee92b75a6988ed...e1d03b4cc00c361e10687eb4a9f902563cd1cbe1
101,ReactNative,e602b22bfb3f8ec0af8eea0948c739d1960006d3,bac9e6959367ca3420f2318c1970758f5618d960,18132,https://github.com/facebook/react-native/issues/18132,https://github.com/facebook/react-native/tree/e602b22bfb3f8ec0af8eea0948c739d1960006d3,https://github.com/facebook/react-native/tree/bac9e6959367ca3420f2318c1970758f5618d960,https://github.com/facebook/react-native/compare/e602b22bfb3f8ec0af8eea0948c739d1960006d3...bac9e6959367ca3420f2318c1970758f5618d960
102,ReactNative,e602b22bfb3f8ec0af8eea0948c739d1960006d3,bac9e6959367ca3420f2318c1970758f5618d960,18130,https://github.com/facebook/react-native/issues/18130,https://github.com/facebook/react-native/tree/e602b22bfb3f8ec0af8eea0948c739d1960006d3,https://github.com/facebook/react-native/tree/bac9e6959367ca3420f2318c1970758f5618d960,https://github.com/facebook/react-native/compare/e602b22bfb3f8ec0af8eea0948c739d1960006d3...bac9e6959367ca3420f2318c1970758f5618d960
103,ReactNative,e602b22bfb3f8ec0af8eea0948c739d1960006d3,bac9e6959367ca3420f2318c1970758f5618d960,18115,https://github.com/facebook/react-native/issues/18115,https://github.com/facebook/react-native/tree/e602b22bfb3f8ec0af8eea0948c739d1960006d3,https://github.com/facebook/react-native/tree/bac9e6959367ca3420f2318c1970758f5618d960,https://github.com/facebook/react-native/compare/e602b22bfb3f8ec0af8eea0948c739d1960006d3...bac9e6959367ca3420f2318c1970758f5618d960
104,ReactNative,dd4298a3770eee7f66846ef0cc4c41a628b7bf01,24bca492c349ab90d40f9444df0f477145a4c311,19615,https://github.com/facebook/react-native/issues/19615,https://github.com/facebook/react-native/tree/dd4298a3770eee7f66846ef0cc4c41a628b7bf01,https://github.com/facebook/react-native/tree/24bca492c349ab90d40f9444df0f477145a4c311,https://github.com/facebook/react-native/compare/dd4298a3770eee7f66846ef0cc4c41a628b7bf01...24bca492c349ab90d40f9444df0f477145a4c311
105,ReactNative,75b9f9d5ddc7927a9c6d0f2c5f6c2153293873f5,a7e5a0a3dd50411a55acdb3627cbfd24a65177d9,16997,https://github.com/facebook/react-native/issues/16997,https://github.com/facebook/react-native/tree/75b9f9d5ddc7927a9c6d0f2c5f6c2153293873f5,https://github.com/facebook/react-native/tree/a7e5a0a3dd50411a55acdb3627cbfd24a65177d9,https://github.com/facebook/react-native/compare/75b9f9d5ddc7927a9c6d0f2c5f6c2153293873f5...a7e5a0a3dd50411a55acdb3627cbfd24a65177d9
106,ReactNative,75b9f9d5ddc7927a9c6d0f2c5f6c2153293873f5,a7e5a0a3dd50411a55acdb3627cbfd24a65177d9,16971,https://github.com/facebook/react-native/issues/16971,https://github.com/facebook/react-native/tree/75b9f9d5ddc7927a9c6d0f2c5f6c2153293873f5,https://github.com/facebook/react-native/tree/a7e5a0a3dd50411a55acdb3627cbfd24a65177d9,https://github.com/facebook/react-native/compare/75b9f9d5ddc7927a9c6d0f2c5f6c2153293873f5...a7e5a0a3dd50411a55acdb3627cbfd24a65177d9
107,ReactNative,75b9f9d5ddc7927a9c6d0f2c5f6c2153293873f5,a7e5a0a3dd50411a55acdb3627cbfd24a65177d9,16522,https://github.com/facebook/react-native/issues/16522,https://github.com/facebook/react-native/tree/75b9f9d5ddc7927a9c6d0f2c5f6c2153293873f5,https://github.com/facebook/react-native/tree/a7e5a0a3dd50411a55acdb3627cbfd24a65177d9,https://github.com/facebook/react-native/compare/75b9f9d5ddc7927a9c6d0f2c5f6c2153293873f5...a7e5a0a3dd50411a55acdb3627cbfd24a65177d9
108,ReactNative,b3cdf8cd7ecaf264f1eff2eae8050722d63ef15b,ab53332115a754a5c2144466c6fd56543a367829,20420,https://github.com/facebook/react-native/issues/20420,https://github.com/facebook/react-native/tree/b3cdf8cd7ecaf264f1eff2eae8050722d63ef15b,https://github.com/facebook/react-native/tree/ab53332115a754a5c2144466c6fd56543a367829,https://github.com/facebook/react-native/compare/b3cdf8cd7ecaf264f1eff2eae8050722d63ef15b...ab53332115a754a5c2144466c6fd56543a367829
109,ReactNative,b3cdf8cd7ecaf264f1eff2eae8050722d63ef15b,ab53332115a754a5c2144466c6fd56543a367829,20212,https://github.com/facebook/react-native/issues/20212,https://github.com/facebook/react-native/tree/b3cdf8cd7ecaf264f1eff2eae8050722d63ef15b,https://github.com/facebook/react-native/tree/ab53332115a754a5c2144466c6fd56543a367829,https://github.com/facebook/react-native/compare/b3cdf8cd7ecaf264f1eff2eae8050722d63ef15b...ab53332115a754a5c2144466c6fd56543a367829
110,ReactNative,b3cdf8cd7ecaf264f1eff2eae8050722d63ef15b,ab53332115a754a5c2144466c6fd56543a367829,20460,https://github.com/facebook/react-native/issues/20460,https://github.com/facebook/react-native/tree/b3cdf8cd7ecaf264f1eff2eae8050722d63ef15b,https://github.com/facebook/react-native/tree/ab53332115a754a5c2144466c6fd56543a367829,https://github.com/facebook/react-native/compare/b3cdf8cd7ecaf264f1eff2eae8050722d63ef15b...ab53332115a754a5c2144466c6fd56543a367829
111,ReactNative,b3cdf8cd7ecaf264f1eff2eae8050722d63ef15b,ab53332115a754a5c2144466c6fd56543a367829,20623,https://github.com/facebook/react-native/issues/20623,https://github.com/facebook/react-native/tree/b3cdf8cd7ecaf264f1eff2eae8050722d63ef15b,https://github.com/facebook/react-native/tree/ab53332115a754a5c2144466c6fd56543a367829,https://github.com/facebook/react-native/compare/b3cdf8cd7ecaf264f1eff2eae8050722d63ef15b...ab53332115a754a5c2144466c6fd56543a367829
112,ReactNative,b3cdf8cd7ecaf264f1eff2eae8050722d63ef15b,ab53332115a754a5c2144466c6fd56543a367829,20639,https://github.com/facebook/react-native/issues/20639,https://github.com/facebook/react-native/tree/b3cdf8cd7ecaf264f1eff2eae8050722d63ef15b,https://github.com/facebook/react-native/tree/ab53332115a754a5c2144466c6fd56543a367829,https://github.com/facebook/react-native/compare/b3cdf8cd7ecaf264f1eff2eae8050722d63ef15b...ab53332115a754a5c2144466c6fd56543a367829
113,ReactNative,b3cdf8cd7ecaf264f1eff2eae8050722d63ef15b,ab53332115a754a5c2144466c6fd56543a367829,20403,https://github.com/facebook/react-native/issues/20403,https://github.com/facebook/react-native/tree/b3cdf8cd7ecaf264f1eff2eae8050722d63ef15b,https://github.com/facebook/react-native/tree/ab53332115a754a5c2144466c6fd56543a367829,https://github.com/facebook/react-native/compare/b3cdf8cd7ecaf264f1eff2eae8050722d63ef15b...ab53332115a754a5c2144466c6fd56543a367829
114,ReactNative,b3cdf8cd7ecaf264f1eff2eae8050722d63ef15b,ab53332115a754a5c2144466c6fd56543a367829,20398,https://github.com/facebook/react-native/issues/20398,https://github.com/facebook/react-native/tree/b3cdf8cd7ecaf264f1eff2eae8050722d63ef15b,https://github.com/facebook/react-native/tree/ab53332115a754a5c2144466c6fd56543a367829,https://github.com/facebook/react-native/compare/b3cdf8cd7ecaf264f1eff2eae8050722d63ef15b...ab53332115a754a5c2144466c6fd56543a367829
115,ReactNative,75033fcb00cce1120a6b3bbecddc18c1e7dc1bd1,b6ba6f58087a5982ac4abb4862638441ced905c0,19307,https://github.com/facebook/react-native/issues/19307,https://github.com/facebook/react-native/tree/75033fcb00cce1120a6b3bbecddc18c1e7dc1bd1,https://github.com/facebook/react-native/tree/b6ba6f58087a5982ac4abb4862638441ced905c0,https://github.com/facebook/react-native/compare/75033fcb00cce1120a6b3bbecddc18c1e7dc1bd1...b6ba6f58087a5982ac4abb4862638441ced905c0
116,ReactNative,75033fcb00cce1120a6b3bbecddc18c1e7dc1bd1,b6ba6f58087a5982ac4abb4862638441ced905c0,19033,https://github.com/facebook/react-native/issues/19033,https://github.com/facebook/react-native/tree/75033fcb00cce1120a6b3bbecddc18c1e7dc1bd1,https://github.com/facebook/react-native/tree/b6ba6f58087a5982ac4abb4862638441ced905c0,https://github.com/facebook/react-native/compare/75033fcb00cce1120a6b3bbecddc18c1e7dc1bd1...b6ba6f58087a5982ac4abb4862638441ced905c0
117,ReactNative,75033fcb00cce1120a6b3bbecddc18c1e7dc1bd1,b6ba6f58087a5982ac4abb4862638441ced905c0,19458,https://github.com/facebook/react-native/issues/19458,https://github.com/facebook/react-native/tree/75033fcb00cce1120a6b3bbecddc18c1e7dc1bd1,https://github.com/facebook/react-native/tree/b6ba6f58087a5982ac4abb4862638441ced905c0,https://github.com/facebook/react-native/compare/75033fcb00cce1120a6b3bbecddc18c1e7dc1bd1...b6ba6f58087a5982ac4abb4862638441ced905c0
118,ReactNative,75033fcb00cce1120a6b3bbecddc18c1e7dc1bd1,b6ba6f58087a5982ac4abb4862638441ced905c0,18515,https://github.com/facebook/react-native/issues/18515,https://github.com/facebook/react-native/tree/75033fcb00cce1120a6b3bbecddc18c1e7dc1bd1,https://github.com/facebook/react-native/tree/b6ba6f58087a5982ac4abb4862638441ced905c0,https://github.com/facebook/react-native/compare/75033fcb00cce1120a6b3bbecddc18c1e7dc1bd1...b6ba6f58087a5982ac4abb4862638441ced905c0
119,ReactNative,75033fcb00cce1120a6b3bbecddc18c1e7dc1bd1,b6ba6f58087a5982ac4abb4862638441ced905c0,18316,https://github.com/facebook/react-native/issues/18316,https://github.com/facebook/react-native/tree/75033fcb00cce1120a6b3bbecddc18c1e7dc1bd1,https://github.com/facebook/react-native/tree/b6ba6f58087a5982ac4abb4862638441ced905c0,https://github.com/facebook/react-native/compare/75033fcb00cce1120a6b3bbecddc18c1e7dc1bd1...b6ba6f58087a5982ac4abb4862638441ced905c0
120,ReactNative,75033fcb00cce1120a6b3bbecddc18c1e7dc1bd1,b6ba6f58087a5982ac4abb4862638441ced905c0,18513,https://github.com/facebook/react-native/issues/18513,https://github.com/facebook/react-native/tree/75033fcb00cce1120a6b3bbecddc18c1e7dc1bd1,https://github.com/facebook/react-native/tree/b6ba6f58087a5982ac4abb4862638441ced905c0,https://github.com/facebook/react-native/compare/75033fcb00cce1120a6b3bbecddc18c1e7dc1bd1...b6ba6f58087a5982ac4abb4862638441ced905c0
121,ReactNative,75033fcb00cce1120a6b3bbecddc18c1e7dc1bd1,b6ba6f58087a5982ac4abb4862638441ced905c0,18441,https://github.com/facebook/react-native/issues/18441,https://github.com/facebook/react-native/tree/75033fcb00cce1120a6b3bbecddc18c1e7dc1bd1,https://github.com/facebook/react-native/tree/b6ba6f58087a5982ac4abb4862638441ced905c0,https://github.com/facebook/react-native/compare/75033fcb00cce1120a6b3bbecddc18c1e7dc1bd1...b6ba6f58087a5982ac4abb4862638441ced905c0
122,ReactNative,d97350dcbcb3cdbc9eca743f830e943af0e02c2a,2785ce7e612fbf1b7cbe01d44c2a0b65546241b8,21061,https://github.com/facebook/react-native/issues/21061,https://github.com/facebook/react-native/tree/d97350dcbcb3cdbc9eca743f830e943af0e02c2a,https://github.com/facebook/react-native/tree/2785ce7e612fbf1b7cbe01d44c2a0b65546241b8,https://github.com/facebook/react-native/compare/d97350dcbcb3cdbc9eca743f830e943af0e02c2a...2785ce7e612fbf1b7cbe01d44c2a0b65546241b8
123,ReactNative,d97350dcbcb3cdbc9eca743f830e943af0e02c2a,2785ce7e612fbf1b7cbe01d44c2a0b65546241b8,21038,https://github.com/facebook/react-native/issues/21038,https://github.com/facebook/react-native/tree/d97350dcbcb3cdbc9eca743f830e943af0e02c2a,https://github.com/facebook/react-native/tree/2785ce7e612fbf1b7cbe01d44c2a0b65546241b8,https://github.com/facebook/react-native/compare/d97350dcbcb3cdbc9eca743f830e943af0e02c2a...2785ce7e612fbf1b7cbe01d44c2a0b65546241b8
124,ReactNative,daaa1b2c05dc719e2d0ed627d4ae178878096cdb,563b42bab4b3536d19151351b407ccd3891d6bc7,21021,https://github.com/facebook/react-native/issues/21021,https://github.com/facebook/react-native/tree/daaa1b2c05dc719e2d0ed627d4ae178878096cdb,https://github.com/facebook/react-native/tree/563b42bab4b3536d19151351b407ccd3891d6bc7,https://github.com/facebook/react-native/compare/daaa1b2c05dc719e2d0ed627d4ae178878096cdb...563b42bab4b3536d19151351b407ccd3891d6bc7
125,ReactNative,daaa1b2c05dc719e2d0ed627d4ae178878096cdb,563b42bab4b3536d19151351b407ccd3891d6bc7,21029,https://github.com/facebook/react-native/issues/21029,https://github.com/facebook/react-native/tree/daaa1b2c05dc719e2d0ed627d4ae178878096cdb,https://github.com/facebook/react-native/tree/563b42bab4b3536d19151351b407ccd3891d6bc7,https://github.com/facebook/react-native/compare/daaa1b2c05dc719e2d0ed627d4ae178878096cdb...563b42bab4b3536d19151351b407ccd3891d6bc7
126,ReactNative,f1d1e23b2710f23378bca3fc6a9be70ed1ab818b,de318cd3188fa9a5a597bd77750896ee053b1578,21233,https://github.com/facebook/react-native/issues/21233,https://github.com/facebook/react-native/tree/f1d1e23b2710f23378bca3fc6a9be70ed1ab818b,https://github.com/facebook/react-native/tree/de318cd3188fa9a5a597bd77750896ee053b1578,https://github.com/facebook/react-native/compare/f1d1e23b2710f23378bca3fc6a9be70ed1ab818b...de318cd3188fa9a5a597bd77750896ee053b1578
127,ReactNative,145110b8d4d7e4cfa0ccd79c498ac1297e920aee,85f9b7af36c884e7ac8154cd5214787d80b4d304,20398,https://github.com/facebook/react-native/issues/20398,https://github.com/facebook/react-native/tree/145110b8d4d7e4cfa0ccd79c498ac1297e920aee,https://github.com/facebook/react-native/tree/85f9b7af36c884e7ac8154cd5214787d80b4d304,https://github.com/facebook/react-native/compare/145110b8d4d7e4cfa0ccd79c498ac1297e920aee...85f9b7af36c884e7ac8154cd5214787d80b4d304
128,ReactNative,145110b8d4d7e4cfa0ccd79c498ac1297e920aee,85f9b7af36c884e7ac8154cd5214787d80b4d304,20403,https://github.com/facebook/react-native/issues/20403,https://github.com/facebook/react-native/tree/145110b8d4d7e4cfa0ccd79c498ac1297e920aee,https://github.com/facebook/react-native/tree/85f9b7af36c884e7ac8154cd5214787d80b4d304,https://github.com/facebook/react-native/compare/145110b8d4d7e4cfa0ccd79c498ac1297e920aee...85f9b7af36c884e7ac8154cd5214787d80b4d304
129,ReactNative,145110b8d4d7e4cfa0ccd79c498ac1297e920aee,85f9b7af36c884e7ac8154cd5214787d80b4d304,20420,https://github.com/facebook/react-native/issues/20420,https://github.com/facebook/react-native/tree/145110b8d4d7e4cfa0ccd79c498ac1297e920aee,https://github.com/facebook/react-native/tree/85f9b7af36c884e7ac8154cd5214787d80b4d304,https://github.com/facebook/react-native/compare/145110b8d4d7e4cfa0ccd79c498ac1297e920aee...85f9b7af36c884e7ac8154cd5214787d80b4d304
130,ReactNative,145110b8d4d7e4cfa0ccd79c498ac1297e920aee,85f9b7af36c884e7ac8154cd5214787d80b4d304,20639,https://github.com/facebook/react-native/issues/20639,https://github.com/facebook/react-native/tree/145110b8d4d7e4cfa0ccd79c498ac1297e920aee,https://github.com/facebook/react-native/tree/85f9b7af36c884e7ac8154cd5214787d80b4d304,https://github.com/facebook/react-native/compare/145110b8d4d7e4cfa0ccd79c498ac1297e920aee...85f9b7af36c884e7ac8154cd5214787d80b4d304
131,ReactNative,145110b8d4d7e4cfa0ccd79c498ac1297e920aee,85f9b7af36c884e7ac8154cd5214787d80b4d304,20623,https://github.com/facebook/react-native/issues/20623,https://github.com/facebook/react-native/tree/145110b8d4d7e4cfa0ccd79c498ac1297e920aee,https://github.com/facebook/react-native/tree/85f9b7af36c884e7ac8154cd5214787d80b4d304,https://github.com/facebook/react-native/compare/145110b8d4d7e4cfa0ccd79c498ac1297e920aee...85f9b7af36c884e7ac8154cd5214787d80b4d304
132,ReactNative,145110b8d4d7e4cfa0ccd79c498ac1297e920aee,85f9b7af36c884e7ac8154cd5214787d80b4d304,20906,https://github.com/facebook/react-native/issues/20906,https://github.com/facebook/react-native/tree/145110b8d4d7e4cfa0ccd79c498ac1297e920aee,https://github.com/facebook/react-native/tree/85f9b7af36c884e7ac8154cd5214787d80b4d304,https://github.com/facebook/react-native/compare/145110b8d4d7e4cfa0ccd79c498ac1297e920aee...85f9b7af36c884e7ac8154cd5214787d80b4d304
133,ReactNative,06f52f7667b832b5b9233f119e45c94636d54088,42dceaf21cfa2d6238c846d125dbc56c58399314,21319,https://github.com/facebook/react-native/issues/21319,https://github.com/facebook/react-native/tree/06f52f7667b832b5b9233f119e45c94636d54088,https://github.com/facebook/react-native/tree/42dceaf21cfa2d6238c846d125dbc56c58399314,https://github.com/facebook/react-native/compare/06f52f7667b832b5b9233f119e45c94636d54088...42dceaf21cfa2d6238c846d125dbc56c58399314
134,ReactNative,341f061ce3ae057f3a958654e0ec3a9c4c8211ad,1c5d0dc60504f6a8ae3b70b8dbdbc58649fd8f1c,20996,https://github.com/facebook/react-native/issues/20996,https://github.com/facebook/react-native/tree/341f061ce3ae057f3a958654e0ec3a9c4c8211ad,https://github.com/facebook/react-native/tree/1c5d0dc60504f6a8ae3b70b8dbdbc58649fd8f1c,https://github.com/facebook/react-native/compare/341f061ce3ae057f3a958654e0ec3a9c4c8211ad...1c5d0dc60504f6a8ae3b70b8dbdbc58649fd8f1c
135,ReactNative,84d55868e8b4e5a555d324c6162b8e38571524d8,c68c151cda24bba04d3e621a70d8bb4ed4a8d920,21154,https://github.com/facebook/react-native/issues/21154,https://github.com/facebook/react-native/tree/84d55868e8b4e5a555d324c6162b8e38571524d8,https://github.com/facebook/react-native/tree/c68c151cda24bba04d3e621a70d8bb4ed4a8d920,https://github.com/facebook/react-native/compare/84d55868e8b4e5a555d324c6162b8e38571524d8...c68c151cda24bba04d3e621a70d8bb4ed4a8d920
136,ReactNative,1cd973603995c1b48748b80fe9fbf896539ad8b7,10b9308eb9145c3d47e0d7e40c1c6d30a1c5eca8,21122,https://github.com/facebook/react-native/issues/21122,https://github.com/facebook/react-native/tree/1cd973603995c1b48748b80fe9fbf896539ad8b7,https://github.com/facebook/react-native/tree/10b9308eb9145c3d47e0d7e40c1c6d30a1c5eca8,https://github.com/facebook/react-native/compare/1cd973603995c1b48748b80fe9fbf896539ad8b7...10b9308eb9145c3d47e0d7e40c1c6d30a1c5eca8
137,ReactNative,b496a531e0b4b5d828077b0e7dff43dd28fed5eb,e31e2cc31891729b69b59cbdcc75b20e4daa9660,21553,https://github.com/facebook/react-native/issues/21553,https://github.com/facebook/react-native/tree/b496a531e0b4b5d828077b0e7dff43dd28fed5eb,https://github.com/facebook/react-native/tree/e31e2cc31891729b69b59cbdcc75b20e4daa9660,https://github.com/facebook/react-native/compare/b496a531e0b4b5d828077b0e7dff43dd28fed5eb...e31e2cc31891729b69b59cbdcc75b20e4daa9660
138,ReactNative,1c5d0dc60504f6a8ae3b70b8dbdbc58649fd8f1c,d2a6d88790bff7b4327ad76c03f049c318699d18,21552,https://github.com/facebook/react-native/issues/21552,https://github.com/facebook/react-native/tree/1c5d0dc60504f6a8ae3b70b8dbdbc58649fd8f1c,https://github.com/facebook/react-native/tree/d2a6d88790bff7b4327ad76c03f049c318699d18,https://github.com/facebook/react-native/compare/1c5d0dc60504f6a8ae3b70b8dbdbc58649fd8f1c...d2a6d88790bff7b4327ad76c03f049c318699d18
139,ReactNative,fb58fa1734cc4417658156dbb4b54823b5dc5452,d4d22fbfb9ee3814f64c9b87793070de0e93fe95,21617,https://github.com/facebook/react-native/issues/21617,https://github.com/facebook/react-native/tree/fb58fa1734cc4417658156dbb4b54823b5dc5452,https://github.com/facebook/react-native/tree/d4d22fbfb9ee3814f64c9b87793070de0e93fe95,https://github.com/facebook/react-native/compare/fb58fa1734cc4417658156dbb4b54823b5dc5452...d4d22fbfb9ee3814f64c9b87793070de0e93fe95
140,ReactNative,43cdd84a22a760e32e99e0f3c122c6b4efca7bee,a90f8d8644dc84255c9bcf39e466c5dca5ba6adf,21740,https://github.com/facebook/react-native/issues/21740,https://github.com/facebook/react-native/tree/43cdd84a22a760e32e99e0f3c122c6b4efca7bee,https://github.com/facebook/react-native/tree/a90f8d8644dc84255c9bcf39e466c5dca5ba6adf,https://github.com/facebook/react-native/compare/43cdd84a22a760e32e99e0f3c122c6b4efca7bee...a90f8d8644dc84255c9bcf39e466c5dca5ba6adf
141,ReactNative,4246c75d0d5b9dccbe0fd5ecec66b4cc0331f815,a403e76177b1330dacae4f53ef00250d01117fc9,21610,https://github.com/facebook/react-native/issues/21610,https://github.com/facebook/react-native/tree/4246c75d0d5b9dccbe0fd5ecec66b4cc0331f815,https://github.com/facebook/react-native/tree/a403e76177b1330dacae4f53ef00250d01117fc9,https://github.com/facebook/react-native/compare/4246c75d0d5b9dccbe0fd5ecec66b4cc0331f815...a403e76177b1330dacae4f53ef00250d01117fc9
142,ReactNative,4246c75d0d5b9dccbe0fd5ecec66b4cc0331f815,a403e76177b1330dacae4f53ef00250d01117fc9,21617,https://github.com/facebook/react-native/issues/21617,https://github.com/facebook/react-native/tree/4246c75d0d5b9dccbe0fd5ecec66b4cc0331f815,https://github.com/facebook/react-native/tree/a403e76177b1330dacae4f53ef00250d01117fc9,https://github.com/facebook/react-native/compare/4246c75d0d5b9dccbe0fd5ecec66b4cc0331f815...a403e76177b1330dacae4f53ef00250d01117fc9
143,ReactNative,260c5a393fe2708f3d12c722b6d189ec3057743a,a1690090958a73f4122ef53ab64ec886e37045dd,21969,https://github.com/facebook/react-native/issues/21969,https://github.com/facebook/react-native/tree/260c5a393fe2708f3d12c722b6d189ec3057743a,https://github.com/facebook/react-native/tree/a1690090958a73f4122ef53ab64ec886e37045dd,https://github.com/facebook/react-native/compare/260c5a393fe2708f3d12c722b6d189ec3057743a...a1690090958a73f4122ef53ab64ec886e37045dd
144,ReactNative,c317a709d5657f30b9d839f8676f23a62731dcd5,aad9f3553b51d9dbb1f9a1edaa257ab3d404f5e4,22029,https://github.com/facebook/react-native/issues/22029,https://github.com/facebook/react-native/tree/c317a709d5657f30b9d839f8676f23a62731dcd5,https://github.com/facebook/react-native/tree/aad9f3553b51d9dbb1f9a1edaa257ab3d404f5e4,https://github.com/facebook/react-native/compare/c317a709d5657f30b9d839f8676f23a62731dcd5...aad9f3553b51d9dbb1f9a1edaa257ab3d404f5e4
145,ReactNative,d3e836245b5fab2e0299dd06901de74dff767b63,d98ec75199703bd36a5b3c2255cec27d153bad8d,21875,https://github.com/facebook/react-native/issues/21875,https://github.com/facebook/react-native/tree/d3e836245b5fab2e0299dd06901de74dff767b63,https://github.com/facebook/react-native/tree/d98ec75199703bd36a5b3c2255cec27d153bad8d,https://github.com/facebook/react-native/compare/d3e836245b5fab2e0299dd06901de74dff767b63...d98ec75199703bd36a5b3c2255cec27d153bad8d
146,ReactNative,d3e836245b5fab2e0299dd06901de74dff767b63,d98ec75199703bd36a5b3c2255cec27d153bad8d,21572,https://github.com/facebook/react-native/issues/21572,https://github.com/facebook/react-native/tree/d3e836245b5fab2e0299dd06901de74dff767b63,https://github.com/facebook/react-native/tree/d98ec75199703bd36a5b3c2255cec27d153bad8d,https://github.com/facebook/react-native/compare/d3e836245b5fab2e0299dd06901de74dff767b63...d98ec75199703bd36a5b3c2255cec27d153bad8d
147,ReactNative,d3e836245b5fab2e0299dd06901de74dff767b63,d98ec75199703bd36a5b3c2255cec27d153bad8d,21846,https://github.com/facebook/react-native/issues/21846,https://github.com/facebook/react-native/tree/d3e836245b5fab2e0299dd06901de74dff767b63,https://github.com/facebook/react-native/tree/d98ec75199703bd36a5b3c2255cec27d153bad8d,https://github.com/facebook/react-native/compare/d3e836245b5fab2e0299dd06901de74dff767b63...d98ec75199703bd36a5b3c2255cec27d153bad8d
148,ReactNative,bc1c533833bfe25a22f1abd105b8bcb1babce3b5,7299cb485e7ee271c82b9d3b96ef087a3ce8d751,22139,https://github.com/facebook/react-native/issues/22139,https://github.com/facebook/react-native/tree/bc1c533833bfe25a22f1abd105b8bcb1babce3b5,https://github.com/facebook/react-native/tree/7299cb485e7ee271c82b9d3b96ef087a3ce8d751,https://github.com/facebook/react-native/compare/bc1c533833bfe25a22f1abd105b8bcb1babce3b5...7299cb485e7ee271c82b9d3b96ef087a3ce8d751
149,ReactNative,0b3d28f8f17f71fbe0b889ec430005d9e4f01db4,7f7f8188f2ed3cb40b85e7f1ad65fdf31b678ffc,22265,https://github.com/facebook/react-native/issues/22265,https://github.com/facebook/react-native/tree/0b3d28f8f17f71fbe0b889ec430005d9e4f01db4,https://github.com/facebook/react-native/tree/7f7f8188f2ed3cb40b85e7f1ad65fdf31b678ffc,https://github.com/facebook/react-native/compare/0b3d28f8f17f71fbe0b889ec430005d9e4f01db4...7f7f8188f2ed3cb40b85e7f1ad65fdf31b678ffc
150,ReactNative,0b3d28f8f17f71fbe0b889ec430005d9e4f01db4,7f7f8188f2ed3cb40b85e7f1ad65fdf31b678ffc,21918,https://github.com/facebook/react-native/issues/21918,https://github.com/facebook/react-native/tree/0b3d28f8f17f71fbe0b889ec430005d9e4f01db4,https://github.com/facebook/react-native/tree/7f7f8188f2ed3cb40b85e7f1ad65fdf31b678ffc,https://github.com/facebook/react-native/compare/0b3d28f8f17f71fbe0b889ec430005d9e4f01db4...7f7f8188f2ed3cb40b85e7f1ad65fdf31b678ffc
151,ReactNative,fabd253ef1d2aab7f1c1130756a465d92c513a5c,254493e1fb0c3a1e279e2c957e83edac6252d041,17530,https://github.com/facebook/react-native/issues/17530,https://github.com/facebook/react-native/tree/fabd253ef1d2aab7f1c1130756a465d92c513a5c,https://github.com/facebook/react-native/tree/254493e1fb0c3a1e279e2c957e83edac6252d041,https://github.com/facebook/react-native/compare/fabd253ef1d2aab7f1c1130756a465d92c513a5c...254493e1fb0c3a1e279e2c957e83edac6252d041
152,ReactNative,f29ad54534a7b4ee553c946763018ff1cb5facf7,88021894f2645266d7e1b0a2e61a737b1590d039,22313,https://github.com/facebook/react-native/issues/22313,https://github.com/facebook/react-native/tree/f29ad54534a7b4ee553c946763018ff1cb5facf7,https://github.com/facebook/react-native/tree/88021894f2645266d7e1b0a2e61a737b1590d039,https://github.com/facebook/react-native/compare/f29ad54534a7b4ee553c946763018ff1cb5facf7...88021894f2645266d7e1b0a2e61a737b1590d039
153,ReactNative,f29ad54534a7b4ee553c946763018ff1cb5facf7,88021894f2645266d7e1b0a2e61a737b1590d039,22271,https://github.com/facebook/react-native/issues/22271,https://github.com/facebook/react-native/tree/f29ad54534a7b4ee553c946763018ff1cb5facf7,https://github.com/facebook/react-native/tree/88021894f2645266d7e1b0a2e61a737b1590d039,https://github.com/facebook/react-native/compare/f29ad54534a7b4ee553c946763018ff1cb5facf7...88021894f2645266d7e1b0a2e61a737b1590d039
154,ReactNative,6acb18ca5ddda26cc3649ae8b589bd9d23b583a1,d839b24b06d31b4ce91fb459742831b942972f56,25923,https://github.com/facebook/react-native/issues/25923,https://github.com/facebook/react-native/tree/6acb18ca5ddda26cc3649ae8b589bd9d23b583a1,https://github.com/facebook/react-native/tree/d839b24b06d31b4ce91fb459742831b942972f56,https://github.com/facebook/react-native/compare/6acb18ca5ddda26cc3649ae8b589bd9d23b583a1...d839b24b06d31b4ce91fb459742831b942972f56
155,ReactNative,ebb26cf2e420616c8bf01a5148ca4f8419b238d3,3b7044dd07b8bf7f72b6781e4ee1a5c77c072eb0,32533,https://github.com/facebook/react-native/issues/32533,https://github.com/facebook/react-native/tree/ebb26cf2e420616c8bf01a5148ca4f8419b238d3,https://github.com/facebook/react-native/tree/3b7044dd07b8bf7f72b6781e4ee1a5c77c072eb0,https://github.com/facebook/react-native/compare/ebb26cf2e420616c8bf01a5148ca4f8419b238d3...3b7044dd07b8bf7f72b6781e4ee1a5c77c072eb0
156,ReactNative,e21f8ec34984551f87a306672160cc88e67e4793,a596e986119dd41616936dc1ac2aa7df24f6773b,22807,https://github.com/facebook/react-native/issues/22807,https://github.com/facebook/react-native/tree/e21f8ec34984551f87a306672160cc88e67e4793,https://github.com/facebook/react-native/tree/a596e986119dd41616936dc1ac2aa7df24f6773b,https://github.com/facebook/react-native/compare/e21f8ec34984551f87a306672160cc88e67e4793...a596e986119dd41616936dc1ac2aa7df24f6773b
157,ReactNative,e21f8ec34984551f87a306672160cc88e67e4793,a596e986119dd41616936dc1ac2aa7df24f6773b,22740,https://github.com/facebook/react-native/issues/22740,https://github.com/facebook/react-native/tree/e21f8ec34984551f87a306672160cc88e67e4793,https://github.com/facebook/react-native/tree/a596e986119dd41616936dc1ac2aa7df24f6773b,https://github.com/facebook/react-native/compare/e21f8ec34984551f87a306672160cc88e67e4793...a596e986119dd41616936dc1ac2aa7df24f6773b
158,ReactNative,102b9f325684c0a6d773889f452066b7e854f42c,312efd01c8db80d227f167963d46fcb045b37981,22855,https://github.com/facebook/react-native/issues/22855,https://github.com/facebook/react-native/tree/102b9f325684c0a6d773889f452066b7e854f42c,https://github.com/facebook/react-native/tree/312efd01c8db80d227f167963d46fcb045b37981,https://github.com/facebook/react-native/compare/102b9f325684c0a6d773889f452066b7e854f42c...312efd01c8db80d227f167963d46fcb045b37981
159,ReactNative,38381c8a2e022ab42b7b884a2b42efcb9fbb20e4,e161598c404f2f585515e528c8980e9f269385ce,22644,https://github.com/facebook/react-native/issues/22644,https://github.com/facebook/react-native/tree/38381c8a2e022ab42b7b884a2b42efcb9fbb20e4,https://github.com/facebook/react-native/tree/e161598c404f2f585515e528c8980e9f269385ce,https://github.com/facebook/react-native/compare/38381c8a2e022ab42b7b884a2b42efcb9fbb20e4...e161598c404f2f585515e528c8980e9f269385ce
160,ReactNative,38381c8a2e022ab42b7b884a2b42efcb9fbb20e4,e161598c404f2f585515e528c8980e9f269385ce,22592,https://github.com/facebook/react-native/issues/22592,https://github.com/facebook/react-native/tree/38381c8a2e022ab42b7b884a2b42efcb9fbb20e4,https://github.com/facebook/react-native/tree/e161598c404f2f585515e528c8980e9f269385ce,https://github.com/facebook/react-native/compare/38381c8a2e022ab42b7b884a2b42efcb9fbb20e4...e161598c404f2f585515e528c8980e9f269385ce
161,ReactNative,38381c8a2e022ab42b7b884a2b42efcb9fbb20e4,e161598c404f2f585515e528c8980e9f269385ce,22510,https://github.com/facebook/react-native/issues/22510,https://github.com/facebook/react-native/tree/38381c8a2e022ab42b7b884a2b42efcb9fbb20e4,https://github.com/facebook/react-native/tree/e161598c404f2f585515e528c8980e9f269385ce,https://github.com/facebook/react-native/compare/38381c8a2e022ab42b7b884a2b42efcb9fbb20e4...e161598c404f2f585515e528c8980e9f269385ce
162,ReactNative,38381c8a2e022ab42b7b884a2b42efcb9fbb20e4,e161598c404f2f585515e528c8980e9f269385ce,22615,https://github.com/facebook/react-native/issues/22615,https://github.com/facebook/react-native/tree/38381c8a2e022ab42b7b884a2b42efcb9fbb20e4,https://github.com/facebook/react-native/tree/e161598c404f2f585515e528c8980e9f269385ce,https://github.com/facebook/react-native/compare/38381c8a2e022ab42b7b884a2b42efcb9fbb20e4...e161598c404f2f585515e528c8980e9f269385ce
163,ReactNative,38381c8a2e022ab42b7b884a2b42efcb9fbb20e4,e161598c404f2f585515e528c8980e9f269385ce,22672,https://github.com/facebook/react-native/issues/22672,https://github.com/facebook/react-native/tree/38381c8a2e022ab42b7b884a2b42efcb9fbb20e4,https://github.com/facebook/react-native/tree/e161598c404f2f585515e528c8980e9f269385ce,https://github.com/facebook/react-native/compare/38381c8a2e022ab42b7b884a2b42efcb9fbb20e4...e161598c404f2f585515e528c8980e9f269385ce
164,ReactNative,79db4835681f5d0149620ec8e0990411cb882241,c75ad2cdb1b553af47dafb5840137d845b38be0b,22448,https://github.com/facebook/react-native/issues/22448,https://github.com/facebook/react-native/tree/79db4835681f5d0149620ec8e0990411cb882241,https://github.com/facebook/react-native/tree/c75ad2cdb1b553af47dafb5840137d845b38be0b,https://github.com/facebook/react-native/compare/79db4835681f5d0149620ec8e0990411cb882241...c75ad2cdb1b553af47dafb5840137d845b38be0b
165,ReactNative,79db4835681f5d0149620ec8e0990411cb882241,c75ad2cdb1b553af47dafb5840137d845b38be0b,22445,https://github.com/facebook/react-native/issues/22445,https://github.com/facebook/react-native/tree/79db4835681f5d0149620ec8e0990411cb882241,https://github.com/facebook/react-native/tree/c75ad2cdb1b553af47dafb5840137d845b38be0b,https://github.com/facebook/react-native/compare/79db4835681f5d0149620ec8e0990411cb882241...c75ad2cdb1b553af47dafb5840137d845b38be0b
166,ReactNative,79db4835681f5d0149620ec8e0990411cb882241,c75ad2cdb1b553af47dafb5840137d845b38be0b,22407,https://github.com/facebook/react-native/issues/22407,https://github.com/facebook/react-native/tree/79db4835681f5d0149620ec8e0990411cb882241,https://github.com/facebook/react-native/tree/c75ad2cdb1b553af47dafb5840137d845b38be0b,https://github.com/facebook/react-native/compare/79db4835681f5d0149620ec8e0990411cb882241...c75ad2cdb1b553af47dafb5840137d845b38be0b
167,ReactNative,79db4835681f5d0149620ec8e0990411cb882241,c75ad2cdb1b553af47dafb5840137d845b38be0b,22446,https://github.com/facebook/react-native/issues/22446,https://github.com/facebook/react-native/tree/79db4835681f5d0149620ec8e0990411cb882241,https://github.com/facebook/react-native/tree/c75ad2cdb1b553af47dafb5840137d845b38be0b,https://github.com/facebook/react-native/compare/79db4835681f5d0149620ec8e0990411cb882241...c75ad2cdb1b553af47dafb5840137d845b38be0b
168,ReactNative,79db4835681f5d0149620ec8e0990411cb882241,c75ad2cdb1b553af47dafb5840137d845b38be0b,22444,https://github.com/facebook/react-native/issues/22444,https://github.com/facebook/react-native/tree/79db4835681f5d0149620ec8e0990411cb882241,https://github.com/facebook/react-native/tree/c75ad2cdb1b553af47dafb5840137d845b38be0b,https://github.com/facebook/react-native/compare/79db4835681f5d0149620ec8e0990411cb882241...c75ad2cdb1b553af47dafb5840137d845b38be0b
169,ReactNative,79db4835681f5d0149620ec8e0990411cb882241,c75ad2cdb1b553af47dafb5840137d845b38be0b,22347,https://github.com/facebook/react-native/issues/22347,https://github.com/facebook/react-native/tree/79db4835681f5d0149620ec8e0990411cb882241,https://github.com/facebook/react-native/tree/c75ad2cdb1b553af47dafb5840137d845b38be0b,https://github.com/facebook/react-native/compare/79db4835681f5d0149620ec8e0990411cb882241...c75ad2cdb1b553af47dafb5840137d845b38be0b
170,ReactNative,79db4835681f5d0149620ec8e0990411cb882241,c75ad2cdb1b553af47dafb5840137d845b38be0b,22359,https://github.com/facebook/react-native/issues/22359,https://github.com/facebook/react-native/tree/79db4835681f5d0149620ec8e0990411cb882241,https://github.com/facebook/react-native/tree/c75ad2cdb1b553af47dafb5840137d845b38be0b,https://github.com/facebook/react-native/compare/79db4835681f5d0149620ec8e0990411cb882241...c75ad2cdb1b553af47dafb5840137d845b38be0b
171,ReactNative,78f6cdf2be23e161ae373e5be714832814995cbc,f035f9e6bb003c73faf80645ef4de425f75ea11e,23314,https://github.com/facebook/react-native/issues/23314,https://github.com/facebook/react-native/tree/78f6cdf2be23e161ae373e5be714832814995cbc,https://github.com/facebook/react-native/tree/f035f9e6bb003c73faf80645ef4de425f75ea11e,https://github.com/facebook/react-native/compare/78f6cdf2be23e161ae373e5be714832814995cbc...f035f9e6bb003c73faf80645ef4de425f75ea11e
172,ReactNative,6be46b0bb59f2d88bc78e9a72db672bd55914fa7,85ecb0043f2a3b20fcfa5386ade8847ba13ab38a,22979,https://github.com/facebook/react-native/issues/22979,https://github.com/facebook/react-native/tree/6be46b0bb59f2d88bc78e9a72db672bd55914fa7,https://github.com/facebook/react-native/tree/85ecb0043f2a3b20fcfa5386ade8847ba13ab38a,https://github.com/facebook/react-native/compare/6be46b0bb59f2d88bc78e9a72db672bd55914fa7...85ecb0043f2a3b20fcfa5386ade8847ba13ab38a
173,ReactNative,e695bc0bb50fc1c712e9862ed8fe4e7cc6619fae,aca9037813c363c962b8cd090258ebe1330f5c00,23256,https://github.com/facebook/react-native/issues/23256,https://github.com/facebook/react-native/tree/e695bc0bb50fc1c712e9862ed8fe4e7cc6619fae,https://github.com/facebook/react-native/tree/aca9037813c363c962b8cd090258ebe1330f5c00,https://github.com/facebook/react-native/compare/e695bc0bb50fc1c712e9862ed8fe4e7cc6619fae...aca9037813c363c962b8cd090258ebe1330f5c00
174,ReactNative,e695bc0bb50fc1c712e9862ed8fe4e7cc6619fae,aca9037813c363c962b8cd090258ebe1330f5c00,23255,https://github.com/facebook/react-native/issues/23255,https://github.com/facebook/react-native/tree/e695bc0bb50fc1c712e9862ed8fe4e7cc6619fae,https://github.com/facebook/react-native/tree/aca9037813c363c962b8cd090258ebe1330f5c00,https://github.com/facebook/react-native/compare/e695bc0bb50fc1c712e9862ed8fe4e7cc6619fae...aca9037813c363c962b8cd090258ebe1330f5c00
175,ReactNative,e695bc0bb50fc1c712e9862ed8fe4e7cc6619fae,aca9037813c363c962b8cd090258ebe1330f5c00,23275,https://github.com/facebook/react-native/issues/23275,https://github.com/facebook/react-native/tree/e695bc0bb50fc1c712e9862ed8fe4e7cc6619fae,https://github.com/facebook/react-native/tree/aca9037813c363c962b8cd090258ebe1330f5c00,https://github.com/facebook/react-native/compare/e695bc0bb50fc1c712e9862ed8fe4e7cc6619fae...aca9037813c363c962b8cd090258ebe1330f5c00
176,ReactNative,e695bc0bb50fc1c712e9862ed8fe4e7cc6619fae,aca9037813c363c962b8cd090258ebe1330f5c00,23267,https://github.com/facebook/react-native/issues/23267,https://github.com/facebook/react-native/tree/e695bc0bb50fc1c712e9862ed8fe4e7cc6619fae,https://github.com/facebook/react-native/tree/aca9037813c363c962b8cd090258ebe1330f5c00,https://github.com/facebook/react-native/compare/e695bc0bb50fc1c712e9862ed8fe4e7cc6619fae...aca9037813c363c962b8cd090258ebe1330f5c00
177,ReactNative,7366a866b381db6fc5615153e7788aa4828cfd96,55663ec99db491ef2411a204988cbd3f07346b4c,22644,https://github.com/facebook/react-native/issues/22644,https://github.com/facebook/react-native/tree/7366a866b381db6fc5615153e7788aa4828cfd96,https://github.com/facebook/react-native/tree/55663ec99db491ef2411a204988cbd3f07346b4c,https://github.com/facebook/react-native/compare/7366a866b381db6fc5615153e7788aa4828cfd96...55663ec99db491ef2411a204988cbd3f07346b4c
178,ReactNative,7366a866b381db6fc5615153e7788aa4828cfd96,55663ec99db491ef2411a204988cbd3f07346b4c,22592,https://github.com/facebook/react-native/issues/22592,https://github.com/facebook/react-native/tree/7366a866b381db6fc5615153e7788aa4828cfd96,https://github.com/facebook/react-native/tree/55663ec99db491ef2411a204988cbd3f07346b4c,https://github.com/facebook/react-native/compare/7366a866b381db6fc5615153e7788aa4828cfd96...55663ec99db491ef2411a204988cbd3f07346b4c
179,ReactNative,7366a866b381db6fc5615153e7788aa4828cfd96,55663ec99db491ef2411a204988cbd3f07346b4c,22510,https://github.com/facebook/react-native/issues/22510,https://github.com/facebook/react-native/tree/7366a866b381db6fc5615153e7788aa4828cfd96,https://github.com/facebook/react-native/tree/55663ec99db491ef2411a204988cbd3f07346b4c,https://github.com/facebook/react-native/compare/7366a866b381db6fc5615153e7788aa4828cfd96...55663ec99db491ef2411a204988cbd3f07346b4c
180,ReactNative,7366a866b381db6fc5615153e7788aa4828cfd96,55663ec99db491ef2411a204988cbd3f07346b4c,22690,https://github.com/facebook/react-native/issues/22690,https://github.com/facebook/react-native/tree/7366a866b381db6fc5615153e7788aa4828cfd96,https://github.com/facebook/react-native/tree/55663ec99db491ef2411a204988cbd3f07346b4c,https://github.com/facebook/react-native/compare/7366a866b381db6fc5615153e7788aa4828cfd96...55663ec99db491ef2411a204988cbd3f07346b4c
181,ReactNative,7366a866b381db6fc5615153e7788aa4828cfd96,55663ec99db491ef2411a204988cbd3f07346b4c,22615,https://github.com/facebook/react-native/issues/22615,https://github.com/facebook/react-native/tree/7366a866b381db6fc5615153e7788aa4828cfd96,https://github.com/facebook/react-native/tree/55663ec99db491ef2411a204988cbd3f07346b4c,https://github.com/facebook/react-native/compare/7366a866b381db6fc5615153e7788aa4828cfd96...55663ec99db491ef2411a204988cbd3f07346b4c
182,ReactNative,7366a866b381db6fc5615153e7788aa4828cfd96,55663ec99db491ef2411a204988cbd3f07346b4c,22691,https://github.com/facebook/react-native/issues/22691,https://github.com/facebook/react-native/tree/7366a866b381db6fc5615153e7788aa4828cfd96,https://github.com/facebook/react-native/tree/55663ec99db491ef2411a204988cbd3f07346b4c,https://github.com/facebook/react-native/compare/7366a866b381db6fc5615153e7788aa4828cfd96...55663ec99db491ef2411a204988cbd3f07346b4c
183,ReactNative,7366a866b381db6fc5615153e7788aa4828cfd96,55663ec99db491ef2411a204988cbd3f07346b4c,22681,https://github.com/facebook/react-native/issues/22681,https://github.com/facebook/react-native/tree/7366a866b381db6fc5615153e7788aa4828cfd96,https://github.com/facebook/react-native/tree/55663ec99db491ef2411a204988cbd3f07346b4c,https://github.com/facebook/react-native/compare/7366a866b381db6fc5615153e7788aa4828cfd96...55663ec99db491ef2411a204988cbd3f07346b4c
184,ReactNative,7366a866b381db6fc5615153e7788aa4828cfd96,55663ec99db491ef2411a204988cbd3f07346b4c,22672,https://github.com/facebook/react-native/issues/22672,https://github.com/facebook/react-native/tree/7366a866b381db6fc5615153e7788aa4828cfd96,https://github.com/facebook/react-native/tree/55663ec99db491ef2411a204988cbd3f07346b4c,https://github.com/facebook/react-native/compare/7366a866b381db6fc5615153e7788aa4828cfd96...55663ec99db491ef2411a204988cbd3f07346b4c
185,ReactNative,fbeb51ef5133303a5cb71569507d44403ded3447,46ab59c881d368590b2c8156f1e52b2bd3424505,24249,https://github.com/facebook/react-native/issues/24249,https://github.com/facebook/react-native/tree/fbeb51ef5133303a5cb71569507d44403ded3447,https://github.com/facebook/react-native/tree/46ab59c881d368590b2c8156f1e52b2bd3424505,https://github.com/facebook/react-native/compare/fbeb51ef5133303a5cb71569507d44403ded3447...46ab59c881d368590b2c8156f1e52b2bd3424505
186,ReactNative,fbeb51ef5133303a5cb71569507d44403ded3447,46ab59c881d368590b2c8156f1e52b2bd3424505,24216,https://github.com/facebook/react-native/issues/24216,https://github.com/facebook/react-native/tree/fbeb51ef5133303a5cb71569507d44403ded3447,https://github.com/facebook/react-native/tree/46ab59c881d368590b2c8156f1e52b2bd3424505,https://github.com/facebook/react-native/compare/fbeb51ef5133303a5cb71569507d44403ded3447...46ab59c881d368590b2c8156f1e52b2bd3424505
187,ReactNative,fbeb51ef5133303a5cb71569507d44403ded3447,46ab59c881d368590b2c8156f1e52b2bd3424505,24168,https://github.com/facebook/react-native/issues/24168,https://github.com/facebook/react-native/tree/fbeb51ef5133303a5cb71569507d44403ded3447,https://github.com/facebook/react-native/tree/46ab59c881d368590b2c8156f1e52b2bd3424505,https://github.com/facebook/react-native/compare/fbeb51ef5133303a5cb71569507d44403ded3447...46ab59c881d368590b2c8156f1e52b2bd3424505
188,ReactNative,3112238b1447002c97e3830dcf96710481e1394b,a6c792db0bc9d6ce1000f6aa3223db2c06668b0a,23224,https://github.com/facebook/react-native/issues/23224,https://github.com/facebook/react-native/tree/3112238b1447002c97e3830dcf96710481e1394b,https://github.com/facebook/react-native/tree/a6c792db0bc9d6ce1000f6aa3223db2c06668b0a,https://github.com/facebook/react-native/compare/3112238b1447002c97e3830dcf96710481e1394b...a6c792db0bc9d6ce1000f6aa3223db2c06668b0a
189,ReactNative,3112238b1447002c97e3830dcf96710481e1394b,a6c792db0bc9d6ce1000f6aa3223db2c06668b0a,23176,https://github.com/facebook/react-native/issues/23176,https://github.com/facebook/react-native/tree/3112238b1447002c97e3830dcf96710481e1394b,https://github.com/facebook/react-native/tree/a6c792db0bc9d6ce1000f6aa3223db2c06668b0a,https://github.com/facebook/react-native/compare/3112238b1447002c97e3830dcf96710481e1394b...a6c792db0bc9d6ce1000f6aa3223db2c06668b0a
190,ReactNative,3112238b1447002c97e3830dcf96710481e1394b,a6c792db0bc9d6ce1000f6aa3223db2c06668b0a,23258,https://github.com/facebook/react-native/issues/23258,https://github.com/facebook/react-native/tree/3112238b1447002c97e3830dcf96710481e1394b,https://github.com/facebook/react-native/tree/a6c792db0bc9d6ce1000f6aa3223db2c06668b0a,https://github.com/facebook/react-native/compare/3112238b1447002c97e3830dcf96710481e1394b...a6c792db0bc9d6ce1000f6aa3223db2c06668b0a
191,ReactNative,3112238b1447002c97e3830dcf96710481e1394b,a6c792db0bc9d6ce1000f6aa3223db2c06668b0a,23247,https://github.com/facebook/react-native/issues/23247,https://github.com/facebook/react-native/tree/3112238b1447002c97e3830dcf96710481e1394b,https://github.com/facebook/react-native/tree/a6c792db0bc9d6ce1000f6aa3223db2c06668b0a,https://github.com/facebook/react-native/compare/3112238b1447002c97e3830dcf96710481e1394b...a6c792db0bc9d6ce1000f6aa3223db2c06668b0a
192,ReactNative,3112238b1447002c97e3830dcf96710481e1394b,a6c792db0bc9d6ce1000f6aa3223db2c06668b0a,23171,https://github.com/facebook/react-native/issues/23171,https://github.com/facebook/react-native/tree/3112238b1447002c97e3830dcf96710481e1394b,https://github.com/facebook/react-native/tree/a6c792db0bc9d6ce1000f6aa3223db2c06668b0a,https://github.com/facebook/react-native/compare/3112238b1447002c97e3830dcf96710481e1394b...a6c792db0bc9d6ce1000f6aa3223db2c06668b0a
193,ReactNative,3112238b1447002c97e3830dcf96710481e1394b,a6c792db0bc9d6ce1000f6aa3223db2c06668b0a,23257,https://github.com/facebook/react-native/issues/23257,https://github.com/facebook/react-native/tree/3112238b1447002c97e3830dcf96710481e1394b,https://github.com/facebook/react-native/tree/a6c792db0bc9d6ce1000f6aa3223db2c06668b0a,https://github.com/facebook/react-native/compare/3112238b1447002c97e3830dcf96710481e1394b...a6c792db0bc9d6ce1000f6aa3223db2c06668b0a
194,ReactNative,3112238b1447002c97e3830dcf96710481e1394b,a6c792db0bc9d6ce1000f6aa3223db2c06668b0a,23151,https://github.com/facebook/react-native/issues/23151,https://github.com/facebook/react-native/tree/3112238b1447002c97e3830dcf96710481e1394b,https://github.com/facebook/react-native/tree/a6c792db0bc9d6ce1000f6aa3223db2c06668b0a,https://github.com/facebook/react-native/compare/3112238b1447002c97e3830dcf96710481e1394b...a6c792db0bc9d6ce1000f6aa3223db2c06668b0a
195,ReactNative,0975e96d53546ac05b2154352fe56e5d82e2a1f8,6a4e905e3a4cccb7c134e8504a1c6674e23b1b70,23364,https://github.com/facebook/react-native/issues/23364,https://github.com/facebook/react-native/tree/0975e96d53546ac05b2154352fe56e5d82e2a1f8,https://github.com/facebook/react-native/tree/6a4e905e3a4cccb7c134e8504a1c6674e23b1b70,https://github.com/facebook/react-native/compare/0975e96d53546ac05b2154352fe56e5d82e2a1f8...6a4e905e3a4cccb7c134e8504a1c6674e23b1b70
196,ReactNative,0975e96d53546ac05b2154352fe56e5d82e2a1f8,6a4e905e3a4cccb7c134e8504a1c6674e23b1b70,23351,https://github.com/facebook/react-native/issues/23351,https://github.com/facebook/react-native/tree/0975e96d53546ac05b2154352fe56e5d82e2a1f8,https://github.com/facebook/react-native/tree/6a4e905e3a4cccb7c134e8504a1c6674e23b1b70,https://github.com/facebook/react-native/compare/0975e96d53546ac05b2154352fe56e5d82e2a1f8...6a4e905e3a4cccb7c134e8504a1c6674e23b1b70
197,ReactNative,0975e96d53546ac05b2154352fe56e5d82e2a1f8,6a4e905e3a4cccb7c134e8504a1c6674e23b1b70,23352,https://github.com/facebook/react-native/issues/23352,https://github.com/facebook/react-native/tree/0975e96d53546ac05b2154352fe56e5d82e2a1f8,https://github.com/facebook/react-native/tree/6a4e905e3a4cccb7c134e8504a1c6674e23b1b70,https://github.com/facebook/react-native/compare/0975e96d53546ac05b2154352fe56e5d82e2a1f8...6a4e905e3a4cccb7c134e8504a1c6674e23b1b70
198,ReactNative,0975e96d53546ac05b2154352fe56e5d82e2a1f8,6a4e905e3a4cccb7c134e8504a1c6674e23b1b70,23343,https://github.com/facebook/react-native/issues/23343,https://github.com/facebook/react-native/tree/0975e96d53546ac05b2154352fe56e5d82e2a1f8,https://github.com/facebook/react-native/tree/6a4e905e3a4cccb7c134e8504a1c6674e23b1b70,https://github.com/facebook/react-native/compare/0975e96d53546ac05b2154352fe56e5d82e2a1f8...6a4e905e3a4cccb7c134e8504a1c6674e23b1b70
199,ReactNative,0975e96d53546ac05b2154352fe56e5d82e2a1f8,6a4e905e3a4cccb7c134e8504a1c6674e23b1b70,23342,https://github.com/facebook/react-native/issues/23342,https://github.com/facebook/react-native/tree/0975e96d53546ac05b2154352fe56e5d82e2a1f8,https://github.com/facebook/react-native/tree/6a4e905e3a4cccb7c134e8504a1c6674e23b1b70,https://github.com/facebook/react-native/compare/0975e96d53546ac05b2154352fe56e5d82e2a1f8...6a4e905e3a4cccb7c134e8504a1c6674e23b1b70
200,ReactNative,0975e96d53546ac05b2154352fe56e5d82e2a1f8,6a4e905e3a4cccb7c134e8504a1c6674e23b1b70,23262,https://github.com/facebook/react-native/issues/23262,https://github.com/facebook/react-native/tree/0975e96d53546ac05b2154352fe56e5d82e2a1f8,https://github.com/facebook/react-native/tree/6a4e905e3a4cccb7c134e8504a1c6674e23b1b70,https://github.com/facebook/react-native/compare/0975e96d53546ac05b2154352fe56e5d82e2a1f8...6a4e905e3a4cccb7c134e8504a1c6674e23b1b70
201,ReactNative,0975e96d53546ac05b2154352fe56e5d82e2a1f8,6a4e905e3a4cccb7c134e8504a1c6674e23b1b70,23350,https://github.com/facebook/react-native/issues/23350,https://github.com/facebook/react-native/tree/0975e96d53546ac05b2154352fe56e5d82e2a1f8,https://github.com/facebook/react-native/tree/6a4e905e3a4cccb7c134e8504a1c6674e23b1b70,https://github.com/facebook/react-native/compare/0975e96d53546ac05b2154352fe56e5d82e2a1f8...6a4e905e3a4cccb7c134e8504a1c6674e23b1b70
202,ReactNative,0975e96d53546ac05b2154352fe56e5d82e2a1f8,6a4e905e3a4cccb7c134e8504a1c6674e23b1b70,23348,https://github.com/facebook/react-native/issues/23348,https://github.com/facebook/react-native/tree/0975e96d53546ac05b2154352fe56e5d82e2a1f8,https://github.com/facebook/react-native/tree/6a4e905e3a4cccb7c134e8504a1c6674e23b1b70,https://github.com/facebook/react-native/compare/0975e96d53546ac05b2154352fe56e5d82e2a1f8...6a4e905e3a4cccb7c134e8504a1c6674e23b1b70
203,ReactNative,3f98c8e4c2c8f40b81c1a90aa65c1bdc9327faed,ecd4c3f5134b8458dade826eee2471070afed91a,24251,https://github.com/facebook/react-native/issues/24251,https://github.com/facebook/react-native/tree/3f98c8e4c2c8f40b81c1a90aa65c1bdc9327faed,https://github.com/facebook/react-native/tree/ecd4c3f5134b8458dade826eee2471070afed91a,https://github.com/facebook/react-native/compare/3f98c8e4c2c8f40b81c1a90aa65c1bdc9327faed...ecd4c3f5134b8458dade826eee2471070afed91a
204,ReactNative,3f98c8e4c2c8f40b81c1a90aa65c1bdc9327faed,ecd4c3f5134b8458dade826eee2471070afed91a,24287,https://github.com/facebook/react-native/issues/24287,https://github.com/facebook/react-native/tree/3f98c8e4c2c8f40b81c1a90aa65c1bdc9327faed,https://github.com/facebook/react-native/tree/ecd4c3f5134b8458dade826eee2471070afed91a,https://github.com/facebook/react-native/compare/3f98c8e4c2c8f40b81c1a90aa65c1bdc9327faed...ecd4c3f5134b8458dade826eee2471070afed91a
205,ReactNative,3f98c8e4c2c8f40b81c1a90aa65c1bdc9327faed,ecd4c3f5134b8458dade826eee2471070afed91a,24298,https://github.com/facebook/react-native/issues/24298,https://github.com/facebook/react-native/tree/3f98c8e4c2c8f40b81c1a90aa65c1bdc9327faed,https://github.com/facebook/react-native/tree/ecd4c3f5134b8458dade826eee2471070afed91a,https://github.com/facebook/react-native/compare/3f98c8e4c2c8f40b81c1a90aa65c1bdc9327faed...ecd4c3f5134b8458dade826eee2471070afed91a
206,ReactNative,70788313fedd40fe2e6d1cf15980ce3cca5adaac,d1321d88bdc80b209aeb781991d8143d6ce2f9a9,24725,https://github.com/facebook/react-native/issues/24725,https://github.com/facebook/react-native/tree/70788313fedd40fe2e6d1cf15980ce3cca5adaac,https://github.com/facebook/react-native/tree/d1321d88bdc80b209aeb781991d8143d6ce2f9a9,https://github.com/facebook/react-native/compare/70788313fedd40fe2e6d1cf15980ce3cca5adaac...d1321d88bdc80b209aeb781991d8143d6ce2f9a9
207,ReactNative,70788313fedd40fe2e6d1cf15980ce3cca5adaac,d1321d88bdc80b209aeb781991d8143d6ce2f9a9,24713,https://github.com/facebook/react-native/issues/24713,https://github.com/facebook/react-native/tree/70788313fedd40fe2e6d1cf15980ce3cca5adaac,https://github.com/facebook/react-native/tree/d1321d88bdc80b209aeb781991d8143d6ce2f9a9,https://github.com/facebook/react-native/compare/70788313fedd40fe2e6d1cf15980ce3cca5adaac...d1321d88bdc80b209aeb781991d8143d6ce2f9a9
208,ReactNative,70788313fedd40fe2e6d1cf15980ce3cca5adaac,d1321d88bdc80b209aeb781991d8143d6ce2f9a9,24697,https://github.com/facebook/react-native/issues/24697,https://github.com/facebook/react-native/tree/70788313fedd40fe2e6d1cf15980ce3cca5adaac,https://github.com/facebook/react-native/tree/d1321d88bdc80b209aeb781991d8143d6ce2f9a9,https://github.com/facebook/react-native/compare/70788313fedd40fe2e6d1cf15980ce3cca5adaac...d1321d88bdc80b209aeb781991d8143d6ce2f9a9
209,ReactNative,70788313fedd40fe2e6d1cf15980ce3cca5adaac,d1321d88bdc80b209aeb781991d8143d6ce2f9a9,24688,https://github.com/facebook/react-native/issues/24688,https://github.com/facebook/react-native/tree/70788313fedd40fe2e6d1cf15980ce3cca5adaac,https://github.com/facebook/react-native/tree/d1321d88bdc80b209aeb781991d8143d6ce2f9a9,https://github.com/facebook/react-native/compare/70788313fedd40fe2e6d1cf15980ce3cca5adaac...d1321d88bdc80b209aeb781991d8143d6ce2f9a9
210,ReactNative,70788313fedd40fe2e6d1cf15980ce3cca5adaac,d1321d88bdc80b209aeb781991d8143d6ce2f9a9,24685,https://github.com/facebook/react-native/issues/24685,https://github.com/facebook/react-native/tree/70788313fedd40fe2e6d1cf15980ce3cca5adaac,https://github.com/facebook/react-native/tree/d1321d88bdc80b209aeb781991d8143d6ce2f9a9,https://github.com/facebook/react-native/compare/70788313fedd40fe2e6d1cf15980ce3cca5adaac...d1321d88bdc80b209aeb781991d8143d6ce2f9a9
211,ReactNative,377aa7a30f5ca1f128fd9222b317ff543e9b0e4a,434adbdb006edb069eda759f4f12b612fe3d37aa,24685,https://github.com/facebook/react-native/issues/24685,https://github.com/facebook/react-native/tree/377aa7a30f5ca1f128fd9222b317ff543e9b0e4a,https://github.com/facebook/react-native/tree/434adbdb006edb069eda759f4f12b612fe3d37aa,https://github.com/facebook/react-native/compare/377aa7a30f5ca1f128fd9222b317ff543e9b0e4a...434adbdb006edb069eda759f4f12b612fe3d37aa
212,ReactNative,f0b5d42b503256c0bbac177a316e37657819a885,118cf689142d6754a300d714caf33b4fd64b575d,24551,https://github.com/facebook/react-native/issues/24551,https://github.com/facebook/react-native/tree/f0b5d42b503256c0bbac177a316e37657819a885,https://github.com/facebook/react-native/tree/118cf689142d6754a300d714caf33b4fd64b575d,https://github.com/facebook/react-native/compare/f0b5d42b503256c0bbac177a316e37657819a885...118cf689142d6754a300d714caf33b4fd64b575d
213,ReactNative,f0b5d42b503256c0bbac177a316e37657819a885,118cf689142d6754a300d714caf33b4fd64b575d,24446,https://github.com/facebook/react-native/issues/24446,https://github.com/facebook/react-native/tree/f0b5d42b503256c0bbac177a316e37657819a885,https://github.com/facebook/react-native/tree/118cf689142d6754a300d714caf33b4fd64b575d,https://github.com/facebook/react-native/compare/f0b5d42b503256c0bbac177a316e37657819a885...118cf689142d6754a300d714caf33b4fd64b575d
214,ReactNative,f0b5d42b503256c0bbac177a316e37657819a885,118cf689142d6754a300d714caf33b4fd64b575d,24460,https://github.com/facebook/react-native/issues/24460,https://github.com/facebook/react-native/tree/f0b5d42b503256c0bbac177a316e37657819a885,https://github.com/facebook/react-native/tree/118cf689142d6754a300d714caf33b4fd64b575d,https://github.com/facebook/react-native/compare/f0b5d42b503256c0bbac177a316e37657819a885...118cf689142d6754a300d714caf33b4fd64b575d
215,ReactNative,f0b5d42b503256c0bbac177a316e37657819a885,118cf689142d6754a300d714caf33b4fd64b575d,24447,https://github.com/facebook/react-native/issues/24447,https://github.com/facebook/react-native/tree/f0b5d42b503256c0bbac177a316e37657819a885,https://github.com/facebook/react-native/tree/118cf689142d6754a300d714caf33b4fd64b575d,https://github.com/facebook/react-native/compare/f0b5d42b503256c0bbac177a316e37657819a885...118cf689142d6754a300d714caf33b4fd64b575d
216,ReactNative,c231d5e371cbddf0e54bf84f46336b22bbdb5367,05b0d29e765be1f60532bd5e5243f193e8828ddb,24107,https://github.com/facebook/react-native/issues/24107,https://github.com/facebook/react-native/tree/c231d5e371cbddf0e54bf84f46336b22bbdb5367,https://github.com/facebook/react-native/tree/05b0d29e765be1f60532bd5e5243f193e8828ddb,https://github.com/facebook/react-native/compare/c231d5e371cbddf0e54bf84f46336b22bbdb5367...05b0d29e765be1f60532bd5e5243f193e8828ddb
217,ReactNative,c231d5e371cbddf0e54bf84f46336b22bbdb5367,05b0d29e765be1f60532bd5e5243f193e8828ddb,24026,https://github.com/facebook/react-native/issues/24026,https://github.com/facebook/react-native/tree/c231d5e371cbddf0e54bf84f46336b22bbdb5367,https://github.com/facebook/react-native/tree/05b0d29e765be1f60532bd5e5243f193e8828ddb,https://github.com/facebook/react-native/compare/c231d5e371cbddf0e54bf84f46336b22bbdb5367...05b0d29e765be1f60532bd5e5243f193e8828ddb
218,ReactNative,c231d5e371cbddf0e54bf84f46336b22bbdb5367,05b0d29e765be1f60532bd5e5243f193e8828ddb,24024,https://github.com/facebook/react-native/issues/24024,https://github.com/facebook/react-native/tree/c231d5e371cbddf0e54bf84f46336b22bbdb5367,https://github.com/facebook/react-native/tree/05b0d29e765be1f60532bd5e5243f193e8828ddb,https://github.com/facebook/react-native/compare/c231d5e371cbddf0e54bf84f46336b22bbdb5367...05b0d29e765be1f60532bd5e5243f193e8828ddb
219,ReactNative,c231d5e371cbddf0e54bf84f46336b22bbdb5367,05b0d29e765be1f60532bd5e5243f193e8828ddb,23393,https://github.com/facebook/react-native/issues/23393,https://github.com/facebook/react-native/tree/c231d5e371cbddf0e54bf84f46336b22bbdb5367,https://github.com/facebook/react-native/tree/05b0d29e765be1f60532bd5e5243f193e8828ddb,https://github.com/facebook/react-native/compare/c231d5e371cbddf0e54bf84f46336b22bbdb5367...05b0d29e765be1f60532bd5e5243f193e8828ddb
220,ReactNative,543e11e5fd0c4d0d691972d9c6750ee4bb945b46,ba383baf357bc6def94280d28f69efbab341fe36,24700,https://github.com/facebook/react-native/issues/24700,https://github.com/facebook/react-native/tree/543e11e5fd0c4d0d691972d9c6750ee4bb945b46,https://github.com/facebook/react-native/tree/ba383baf357bc6def94280d28f69efbab341fe36,https://github.com/facebook/react-native/compare/543e11e5fd0c4d0d691972d9c6750ee4bb945b46...ba383baf357bc6def94280d28f69efbab341fe36
221,ReactNative,543e11e5fd0c4d0d691972d9c6750ee4bb945b46,ba383baf357bc6def94280d28f69efbab341fe36,24725,https://github.com/facebook/react-native/issues/24725,https://github.com/facebook/react-native/tree/543e11e5fd0c4d0d691972d9c6750ee4bb945b46,https://github.com/facebook/react-native/tree/ba383baf357bc6def94280d28f69efbab341fe36,https://github.com/facebook/react-native/compare/543e11e5fd0c4d0d691972d9c6750ee4bb945b46...ba383baf357bc6def94280d28f69efbab341fe36
222,ReactNative,ca5e3b1dc9619d067581be42ca379e145516f109,1a3eaa5dbf06eb105621bfffd4e0826c49bf4fcb,24434,https://github.com/facebook/react-native/issues/24434,https://github.com/facebook/react-native/tree/ca5e3b1dc9619d067581be42ca379e145516f109,https://github.com/facebook/react-native/tree/1a3eaa5dbf06eb105621bfffd4e0826c49bf4fcb,https://github.com/facebook/react-native/compare/ca5e3b1dc9619d067581be42ca379e145516f109...1a3eaa5dbf06eb105621bfffd4e0826c49bf4fcb
223,ReactNative,ca5e3b1dc9619d067581be42ca379e145516f109,1a3eaa5dbf06eb105621bfffd4e0826c49bf4fcb,24421,https://github.com/facebook/react-native/issues/24421,https://github.com/facebook/react-native/tree/ca5e3b1dc9619d067581be42ca379e145516f109,https://github.com/facebook/react-native/tree/1a3eaa5dbf06eb105621bfffd4e0826c49bf4fcb,https://github.com/facebook/react-native/compare/ca5e3b1dc9619d067581be42ca379e145516f109...1a3eaa5dbf06eb105621bfffd4e0826c49bf4fcb
224,ReactNative,ca5e3b1dc9619d067581be42ca379e145516f109,1a3eaa5dbf06eb105621bfffd4e0826c49bf4fcb,24410,https://github.com/facebook/react-native/issues/24410,https://github.com/facebook/react-native/tree/ca5e3b1dc9619d067581be42ca379e145516f109,https://github.com/facebook/react-native/tree/1a3eaa5dbf06eb105621bfffd4e0826c49bf4fcb,https://github.com/facebook/react-native/compare/ca5e3b1dc9619d067581be42ca379e145516f109...1a3eaa5dbf06eb105621bfffd4e0826c49bf4fcb
225,ReactNative,ca5e3b1dc9619d067581be42ca379e145516f109,1a3eaa5dbf06eb105621bfffd4e0826c49bf4fcb,24406,https://github.com/facebook/react-native/issues/24406,https://github.com/facebook/react-native/tree/ca5e3b1dc9619d067581be42ca379e145516f109,https://github.com/facebook/react-native/tree/1a3eaa5dbf06eb105621bfffd4e0826c49bf4fcb,https://github.com/facebook/react-native/compare/ca5e3b1dc9619d067581be42ca379e145516f109...1a3eaa5dbf06eb105621bfffd4e0826c49bf4fcb
226,ReactNative,ca5e3b1dc9619d067581be42ca379e145516f109,1a3eaa5dbf06eb105621bfffd4e0826c49bf4fcb,24401,https://github.com/facebook/react-native/issues/24401,https://github.com/facebook/react-native/tree/ca5e3b1dc9619d067581be42ca379e145516f109,https://github.com/facebook/react-native/tree/1a3eaa5dbf06eb105621bfffd4e0826c49bf4fcb,https://github.com/facebook/react-native/compare/ca5e3b1dc9619d067581be42ca379e145516f109...1a3eaa5dbf06eb105621bfffd4e0826c49bf4fcb
227,ReactNative,ca5e3b1dc9619d067581be42ca379e145516f109,1a3eaa5dbf06eb105621bfffd4e0826c49bf4fcb,24402,https://github.com/facebook/react-native/issues/24402,https://github.com/facebook/react-native/tree/ca5e3b1dc9619d067581be42ca379e145516f109,https://github.com/facebook/react-native/tree/1a3eaa5dbf06eb105621bfffd4e0826c49bf4fcb,https://github.com/facebook/react-native/compare/ca5e3b1dc9619d067581be42ca379e145516f109...1a3eaa5dbf06eb105621bfffd4e0826c49bf4fcb
228,ReactNative,ca5e3b1dc9619d067581be42ca379e145516f109,1a3eaa5dbf06eb105621bfffd4e0826c49bf4fcb,24353,https://github.com/facebook/react-native/issues/24353,https://github.com/facebook/react-native/tree/ca5e3b1dc9619d067581be42ca379e145516f109,https://github.com/facebook/react-native/tree/1a3eaa5dbf06eb105621bfffd4e0826c49bf4fcb,https://github.com/facebook/react-native/compare/ca5e3b1dc9619d067581be42ca379e145516f109...1a3eaa5dbf06eb105621bfffd4e0826c49bf4fcb
229,ReactNative,ca5e3b1dc9619d067581be42ca379e145516f109,1a3eaa5dbf06eb105621bfffd4e0826c49bf4fcb,24346,https://github.com/facebook/react-native/issues/24346,https://github.com/facebook/react-native/tree/ca5e3b1dc9619d067581be42ca379e145516f109,https://github.com/facebook/react-native/tree/1a3eaa5dbf06eb105621bfffd4e0826c49bf4fcb,https://github.com/facebook/react-native/compare/ca5e3b1dc9619d067581be42ca379e145516f109...1a3eaa5dbf06eb105621bfffd4e0826c49bf4fcb
230,ReactNative,ca5e3b1dc9619d067581be42ca379e145516f109,1a3eaa5dbf06eb105621bfffd4e0826c49bf4fcb,24289,https://github.com/facebook/react-native/issues/24289,https://github.com/facebook/react-native/tree/ca5e3b1dc9619d067581be42ca379e145516f109,https://github.com/facebook/react-native/tree/1a3eaa5dbf06eb105621bfffd4e0826c49bf4fcb,https://github.com/facebook/react-native/compare/ca5e3b1dc9619d067581be42ca379e145516f109...1a3eaa5dbf06eb105621bfffd4e0826c49bf4fcb
231,ReactNative,ca5e3b1dc9619d067581be42ca379e145516f109,1a3eaa5dbf06eb105621bfffd4e0826c49bf4fcb,24288,https://github.com/facebook/react-native/issues/24288,https://github.com/facebook/react-native/tree/ca5e3b1dc9619d067581be42ca379e145516f109,https://github.com/facebook/react-native/tree/1a3eaa5dbf06eb105621bfffd4e0826c49bf4fcb,https://github.com/facebook/react-native/compare/ca5e3b1dc9619d067581be42ca379e145516f109...1a3eaa5dbf06eb105621bfffd4e0826c49bf4fcb
232,ReactNative,dba6d565b3ecf34f55e36129f191b6377e1421b4,b6aff1f1d122b2340debdf399512928875742da0,24713,https://github.com/facebook/react-native/issues/24713,https://github.com/facebook/react-native/tree/dba6d565b3ecf34f55e36129f191b6377e1421b4,https://github.com/facebook/react-native/tree/b6aff1f1d122b2340debdf399512928875742da0,https://github.com/facebook/react-native/compare/dba6d565b3ecf34f55e36129f191b6377e1421b4...b6aff1f1d122b2340debdf399512928875742da0
233,ReactNative,dba6d565b3ecf34f55e36129f191b6377e1421b4,b6aff1f1d122b2340debdf399512928875742da0,24697,https://github.com/facebook/react-native/issues/24697,https://github.com/facebook/react-native/tree/dba6d565b3ecf34f55e36129f191b6377e1421b4,https://github.com/facebook/react-native/tree/b6aff1f1d122b2340debdf399512928875742da0,https://github.com/facebook/react-native/compare/dba6d565b3ecf34f55e36129f191b6377e1421b4...b6aff1f1d122b2340debdf399512928875742da0
234,ReactNative,98d84e571df64b00e1ed3484923a1d8169dcfda1,7b79dfcccebadd1e0b59b18a6e28e7b2203e4025,24861,https://github.com/facebook/react-native/issues/24861,https://github.com/facebook/react-native/tree/98d84e571df64b00e1ed3484923a1d8169dcfda1,https://github.com/facebook/react-native/tree/7b79dfcccebadd1e0b59b18a6e28e7b2203e4025,https://github.com/facebook/react-native/compare/98d84e571df64b00e1ed3484923a1d8169dcfda1...7b79dfcccebadd1e0b59b18a6e28e7b2203e4025
235,ReactNative,98d84e571df64b00e1ed3484923a1d8169dcfda1,7b79dfcccebadd1e0b59b18a6e28e7b2203e4025,24946,https://github.com/facebook/react-native/issues/24946,https://github.com/facebook/react-native/tree/98d84e571df64b00e1ed3484923a1d8169dcfda1,https://github.com/facebook/react-native/tree/7b79dfcccebadd1e0b59b18a6e28e7b2203e4025,https://github.com/facebook/react-native/compare/98d84e571df64b00e1ed3484923a1d8169dcfda1...7b79dfcccebadd1e0b59b18a6e28e7b2203e4025
236,ReactNative,98d84e571df64b00e1ed3484923a1d8169dcfda1,7b79dfcccebadd1e0b59b18a6e28e7b2203e4025,24920,https://github.com/facebook/react-native/issues/24920,https://github.com/facebook/react-native/tree/98d84e571df64b00e1ed3484923a1d8169dcfda1,https://github.com/facebook/react-native/tree/7b79dfcccebadd1e0b59b18a6e28e7b2203e4025,https://github.com/facebook/react-native/compare/98d84e571df64b00e1ed3484923a1d8169dcfda1...7b79dfcccebadd1e0b59b18a6e28e7b2203e4025
237,ReactNative,98d84e571df64b00e1ed3484923a1d8169dcfda1,7b79dfcccebadd1e0b59b18a6e28e7b2203e4025,24853,https://github.com/facebook/react-native/issues/24853,https://github.com/facebook/react-native/tree/98d84e571df64b00e1ed3484923a1d8169dcfda1,https://github.com/facebook/react-native/tree/7b79dfcccebadd1e0b59b18a6e28e7b2203e4025,https://github.com/facebook/react-native/compare/98d84e571df64b00e1ed3484923a1d8169dcfda1...7b79dfcccebadd1e0b59b18a6e28e7b2203e4025
238,ReactNative,98d84e571df64b00e1ed3484923a1d8169dcfda1,7b79dfcccebadd1e0b59b18a6e28e7b2203e4025,24856,https://github.com/facebook/react-native/issues/24856,https://github.com/facebook/react-native/tree/98d84e571df64b00e1ed3484923a1d8169dcfda1,https://github.com/facebook/react-native/tree/7b79dfcccebadd1e0b59b18a6e28e7b2203e4025,https://github.com/facebook/react-native/compare/98d84e571df64b00e1ed3484923a1d8169dcfda1...7b79dfcccebadd1e0b59b18a6e28e7b2203e4025
239,ReactNative,98d84e571df64b00e1ed3484923a1d8169dcfda1,7b79dfcccebadd1e0b59b18a6e28e7b2203e4025,24855,https://github.com/facebook/react-native/issues/24855,https://github.com/facebook/react-native/tree/98d84e571df64b00e1ed3484923a1d8169dcfda1,https://github.com/facebook/react-native/tree/7b79dfcccebadd1e0b59b18a6e28e7b2203e4025,https://github.com/facebook/react-native/compare/98d84e571df64b00e1ed3484923a1d8169dcfda1...7b79dfcccebadd1e0b59b18a6e28e7b2203e4025
240,ReactNative,98d84e571df64b00e1ed3484923a1d8169dcfda1,7b79dfcccebadd1e0b59b18a6e28e7b2203e4025,24833,https://github.com/facebook/react-native/issues/24833,https://github.com/facebook/react-native/tree/98d84e571df64b00e1ed3484923a1d8169dcfda1,https://github.com/facebook/react-native/tree/7b79dfcccebadd1e0b59b18a6e28e7b2203e4025,https://github.com/facebook/react-native/compare/98d84e571df64b00e1ed3484923a1d8169dcfda1...7b79dfcccebadd1e0b59b18a6e28e7b2203e4025
241,ReactNative,98d84e571df64b00e1ed3484923a1d8169dcfda1,7b79dfcccebadd1e0b59b18a6e28e7b2203e4025,24699,https://github.com/facebook/react-native/issues/24699,https://github.com/facebook/react-native/tree/98d84e571df64b00e1ed3484923a1d8169dcfda1,https://github.com/facebook/react-native/tree/7b79dfcccebadd1e0b59b18a6e28e7b2203e4025,https://github.com/facebook/react-native/compare/98d84e571df64b00e1ed3484923a1d8169dcfda1...7b79dfcccebadd1e0b59b18a6e28e7b2203e4025
242,ReactNative,00458c94109776251678efbec10052702a41c335,37d0a25cb28879449d89056079c94177c7d2c73f,24846,https://github.com/facebook/react-native/issues/24846,https://github.com/facebook/react-native/tree/00458c94109776251678efbec10052702a41c335,https://github.com/facebook/react-native/tree/37d0a25cb28879449d89056079c94177c7d2c73f,https://github.com/facebook/react-native/compare/00458c94109776251678efbec10052702a41c335...37d0a25cb28879449d89056079c94177c7d2c73f
243,ReactNative,00458c94109776251678efbec10052702a41c335,37d0a25cb28879449d89056079c94177c7d2c73f,24830,https://github.com/facebook/react-native/issues/24830,https://github.com/facebook/react-native/tree/00458c94109776251678efbec10052702a41c335,https://github.com/facebook/react-native/tree/37d0a25cb28879449d89056079c94177c7d2c73f,https://github.com/facebook/react-native/compare/00458c94109776251678efbec10052702a41c335...37d0a25cb28879449d89056079c94177c7d2c73f
244,ReactNative,00458c94109776251678efbec10052702a41c335,37d0a25cb28879449d89056079c94177c7d2c73f,24766,https://github.com/facebook/react-native/issues/24766,https://github.com/facebook/react-native/tree/00458c94109776251678efbec10052702a41c335,https://github.com/facebook/react-native/tree/37d0a25cb28879449d89056079c94177c7d2c73f,https://github.com/facebook/react-native/compare/00458c94109776251678efbec10052702a41c335...37d0a25cb28879449d89056079c94177c7d2c73f
245,ReactNative,00458c94109776251678efbec10052702a41c335,37d0a25cb28879449d89056079c94177c7d2c73f,24585,https://github.com/facebook/react-native/issues/24585,https://github.com/facebook/react-native/tree/00458c94109776251678efbec10052702a41c335,https://github.com/facebook/react-native/tree/37d0a25cb28879449d89056079c94177c7d2c73f,https://github.com/facebook/react-native/compare/00458c94109776251678efbec10052702a41c335...37d0a25cb28879449d89056079c94177c7d2c73f
246,ReactNative,00458c94109776251678efbec10052702a41c335,37d0a25cb28879449d89056079c94177c7d2c73f,24784,https://github.com/facebook/react-native/issues/24784,https://github.com/facebook/react-native/tree/00458c94109776251678efbec10052702a41c335,https://github.com/facebook/react-native/tree/37d0a25cb28879449d89056079c94177c7d2c73f,https://github.com/facebook/react-native/compare/00458c94109776251678efbec10052702a41c335...37d0a25cb28879449d89056079c94177c7d2c73f
247,ReactNative,38e35df47c59e425fdac34d1f91540b8b8ca2908,78844458dce01d598baf9dcbc4a0554ac4eae306,25628,https://github.com/facebook/react-native/issues/25628,https://github.com/facebook/react-native/tree/38e35df47c59e425fdac34d1f91540b8b8ca2908,https://github.com/facebook/react-native/tree/78844458dce01d598baf9dcbc4a0554ac4eae306,https://github.com/facebook/react-native/compare/38e35df47c59e425fdac34d1f91540b8b8ca2908...78844458dce01d598baf9dcbc4a0554ac4eae306
248,ReactNative,38e35df47c59e425fdac34d1f91540b8b8ca2908,78844458dce01d598baf9dcbc4a0554ac4eae306,25615,https://github.com/facebook/react-native/issues/25615,https://github.com/facebook/react-native/tree/38e35df47c59e425fdac34d1f91540b8b8ca2908,https://github.com/facebook/react-native/tree/78844458dce01d598baf9dcbc4a0554ac4eae306,https://github.com/facebook/react-native/compare/38e35df47c59e425fdac34d1f91540b8b8ca2908...78844458dce01d598baf9dcbc4a0554ac4eae306
249,ReactNative,38e35df47c59e425fdac34d1f91540b8b8ca2908,78844458dce01d598baf9dcbc4a0554ac4eae306,25610,https://github.com/facebook/react-native/issues/25610,https://github.com/facebook/react-native/tree/38e35df47c59e425fdac34d1f91540b8b8ca2908,https://github.com/facebook/react-native/tree/78844458dce01d598baf9dcbc4a0554ac4eae306,https://github.com/facebook/react-native/compare/38e35df47c59e425fdac34d1f91540b8b8ca2908...78844458dce01d598baf9dcbc4a0554ac4eae306
250,ReactNative,38e35df47c59e425fdac34d1f91540b8b8ca2908,78844458dce01d598baf9dcbc4a0554ac4eae306,25599,https://github.com/facebook/react-native/issues/25599,https://github.com/facebook/react-native/tree/38e35df47c59e425fdac34d1f91540b8b8ca2908,https://github.com/facebook/react-native/tree/78844458dce01d598baf9dcbc4a0554ac4eae306,https://github.com/facebook/react-native/compare/38e35df47c59e425fdac34d1f91540b8b8ca2908...78844458dce01d598baf9dcbc4a0554ac4eae306
251,ReactNative,38e35df47c59e425fdac34d1f91540b8b8ca2908,78844458dce01d598baf9dcbc4a0554ac4eae306,25561,https://github.com/facebook/react-native/issues/25561,https://github.com/facebook/react-native/tree/38e35df47c59e425fdac34d1f91540b8b8ca2908,https://github.com/facebook/react-native/tree/78844458dce01d598baf9dcbc4a0554ac4eae306,https://github.com/facebook/react-native/compare/38e35df47c59e425fdac34d1f91540b8b8ca2908...78844458dce01d598baf9dcbc4a0554ac4eae306
252,ReactNative,38e35df47c59e425fdac34d1f91540b8b8ca2908,78844458dce01d598baf9dcbc4a0554ac4eae306,25567,https://github.com/facebook/react-native/issues/25567,https://github.com/facebook/react-native/tree/38e35df47c59e425fdac34d1f91540b8b8ca2908,https://github.com/facebook/react-native/tree/78844458dce01d598baf9dcbc4a0554ac4eae306,https://github.com/facebook/react-native/compare/38e35df47c59e425fdac34d1f91540b8b8ca2908...78844458dce01d598baf9dcbc4a0554ac4eae306
253,ReactNative,6529383675881ddf28f60b92de4481abecdd38db,59f25da5a47eacbeacfe31fda788dc207b6c4d4b,25307,https://github.com/facebook/react-native/issues/25307,https://github.com/facebook/react-native/tree/6529383675881ddf28f60b92de4481abecdd38db,https://github.com/facebook/react-native/tree/59f25da5a47eacbeacfe31fda788dc207b6c4d4b,https://github.com/facebook/react-native/compare/6529383675881ddf28f60b92de4481abecdd38db...59f25da5a47eacbeacfe31fda788dc207b6c4d4b
254,ReactNative,6529383675881ddf28f60b92de4481abecdd38db,59f25da5a47eacbeacfe31fda788dc207b6c4d4b,25295,https://github.com/facebook/react-native/issues/25295,https://github.com/facebook/react-native/tree/6529383675881ddf28f60b92de4481abecdd38db,https://github.com/facebook/react-native/tree/59f25da5a47eacbeacfe31fda788dc207b6c4d4b,https://github.com/facebook/react-native/compare/6529383675881ddf28f60b92de4481abecdd38db...59f25da5a47eacbeacfe31fda788dc207b6c4d4b
255,ReactNative,6529383675881ddf28f60b92de4481abecdd38db,59f25da5a47eacbeacfe31fda788dc207b6c4d4b,25277,https://github.com/facebook/react-native/issues/25277,https://github.com/facebook/react-native/tree/6529383675881ddf28f60b92de4481abecdd38db,https://github.com/facebook/react-native/tree/59f25da5a47eacbeacfe31fda788dc207b6c4d4b,https://github.com/facebook/react-native/compare/6529383675881ddf28f60b92de4481abecdd38db...59f25da5a47eacbeacfe31fda788dc207b6c4d4b
256,ReactNative,6529383675881ddf28f60b92de4481abecdd38db,59f25da5a47eacbeacfe31fda788dc207b6c4d4b,25260,https://github.com/facebook/react-native/issues/25260,https://github.com/facebook/react-native/tree/6529383675881ddf28f60b92de4481abecdd38db,https://github.com/facebook/react-native/tree/59f25da5a47eacbeacfe31fda788dc207b6c4d4b,https://github.com/facebook/react-native/compare/6529383675881ddf28f60b92de4481abecdd38db...59f25da5a47eacbeacfe31fda788dc207b6c4d4b
257,ReactNative,6529383675881ddf28f60b92de4481abecdd38db,59f25da5a47eacbeacfe31fda788dc207b6c4d4b,25229,https://github.com/facebook/react-native/issues/25229,https://github.com/facebook/react-native/tree/6529383675881ddf28f60b92de4481abecdd38db,https://github.com/facebook/react-native/tree/59f25da5a47eacbeacfe31fda788dc207b6c4d4b,https://github.com/facebook/react-native/compare/6529383675881ddf28f60b92de4481abecdd38db...59f25da5a47eacbeacfe31fda788dc207b6c4d4b
258,ReactNative,6529383675881ddf28f60b92de4481abecdd38db,59f25da5a47eacbeacfe31fda788dc207b6c4d4b,25253,https://github.com/facebook/react-native/issues/25253,https://github.com/facebook/react-native/tree/6529383675881ddf28f60b92de4481abecdd38db,https://github.com/facebook/react-native/tree/59f25da5a47eacbeacfe31fda788dc207b6c4d4b,https://github.com/facebook/react-native/compare/6529383675881ddf28f60b92de4481abecdd38db...59f25da5a47eacbeacfe31fda788dc207b6c4d4b
259,ReactNative,6529383675881ddf28f60b92de4481abecdd38db,59f25da5a47eacbeacfe31fda788dc207b6c4d4b,25247,https://github.com/facebook/react-native/issues/25247,https://github.com/facebook/react-native/tree/6529383675881ddf28f60b92de4481abecdd38db,https://github.com/facebook/react-native/tree/59f25da5a47eacbeacfe31fda788dc207b6c4d4b,https://github.com/facebook/react-native/compare/6529383675881ddf28f60b92de4481abecdd38db...59f25da5a47eacbeacfe31fda788dc207b6c4d4b
260,ReactNative,6529383675881ddf28f60b92de4481abecdd38db,59f25da5a47eacbeacfe31fda788dc207b6c4d4b,25244,https://github.com/facebook/react-native/issues/25244,https://github.com/facebook/react-native/tree/6529383675881ddf28f60b92de4481abecdd38db,https://github.com/facebook/react-native/tree/59f25da5a47eacbeacfe31fda788dc207b6c4d4b,https://github.com/facebook/react-native/compare/6529383675881ddf28f60b92de4481abecdd38db...59f25da5a47eacbeacfe31fda788dc207b6c4d4b
261,ReactNative,6529383675881ddf28f60b92de4481abecdd38db,59f25da5a47eacbeacfe31fda788dc207b6c4d4b,25225,https://github.com/facebook/react-native/issues/25225,https://github.com/facebook/react-native/tree/6529383675881ddf28f60b92de4481abecdd38db,https://github.com/facebook/react-native/tree/59f25da5a47eacbeacfe31fda788dc207b6c4d4b,https://github.com/facebook/react-native/compare/6529383675881ddf28f60b92de4481abecdd38db...59f25da5a47eacbeacfe31fda788dc207b6c4d4b
262,ReactNative,6529383675881ddf28f60b92de4481abecdd38db,59f25da5a47eacbeacfe31fda788dc207b6c4d4b,25240,https://github.com/facebook/react-native/issues/25240,https://github.com/facebook/react-native/tree/6529383675881ddf28f60b92de4481abecdd38db,https://github.com/facebook/react-native/tree/59f25da5a47eacbeacfe31fda788dc207b6c4d4b,https://github.com/facebook/react-native/compare/6529383675881ddf28f60b92de4481abecdd38db...59f25da5a47eacbeacfe31fda788dc207b6c4d4b
263,ReactNative,6529383675881ddf28f60b92de4481abecdd38db,59f25da5a47eacbeacfe31fda788dc207b6c4d4b,25226,https://github.com/facebook/react-native/issues/25226,https://github.com/facebook/react-native/tree/6529383675881ddf28f60b92de4481abecdd38db,https://github.com/facebook/react-native/tree/59f25da5a47eacbeacfe31fda788dc207b6c4d4b,https://github.com/facebook/react-native/compare/6529383675881ddf28f60b92de4481abecdd38db...59f25da5a47eacbeacfe31fda788dc207b6c4d4b
264,ReactNative,6529383675881ddf28f60b92de4481abecdd38db,59f25da5a47eacbeacfe31fda788dc207b6c4d4b,25203,https://github.com/facebook/react-native/issues/25203,https://github.com/facebook/react-native/tree/6529383675881ddf28f60b92de4481abecdd38db,https://github.com/facebook/react-native/tree/59f25da5a47eacbeacfe31fda788dc207b6c4d4b,https://github.com/facebook/react-native/compare/6529383675881ddf28f60b92de4481abecdd38db...59f25da5a47eacbeacfe31fda788dc207b6c4d4b
265,ReactNative,6529383675881ddf28f60b92de4481abecdd38db,59f25da5a47eacbeacfe31fda788dc207b6c4d4b,25221,https://github.com/facebook/react-native/issues/25221,https://github.com/facebook/react-native/tree/6529383675881ddf28f60b92de4481abecdd38db,https://github.com/facebook/react-native/tree/59f25da5a47eacbeacfe31fda788dc207b6c4d4b,https://github.com/facebook/react-native/compare/6529383675881ddf28f60b92de4481abecdd38db...59f25da5a47eacbeacfe31fda788dc207b6c4d4b
266,ReactNative,6529383675881ddf28f60b92de4481abecdd38db,59f25da5a47eacbeacfe31fda788dc207b6c4d4b,25210,https://github.com/facebook/react-native/issues/25210,https://github.com/facebook/react-native/tree/6529383675881ddf28f60b92de4481abecdd38db,https://github.com/facebook/react-native/tree/59f25da5a47eacbeacfe31fda788dc207b6c4d4b,https://github.com/facebook/react-native/compare/6529383675881ddf28f60b92de4481abecdd38db...59f25da5a47eacbeacfe31fda788dc207b6c4d4b
267,ReactNative,6529383675881ddf28f60b92de4481abecdd38db,59f25da5a47eacbeacfe31fda788dc207b6c4d4b,25215,https://github.com/facebook/react-native/issues/25215,https://github.com/facebook/react-native/tree/6529383675881ddf28f60b92de4481abecdd38db,https://github.com/facebook/react-native/tree/59f25da5a47eacbeacfe31fda788dc207b6c4d4b,https://github.com/facebook/react-native/compare/6529383675881ddf28f60b92de4481abecdd38db...59f25da5a47eacbeacfe31fda788dc207b6c4d4b
268,ReactNative,545366aea30c3db6cb28c77ce85208e9973cc1fb,56c28f37407b08d70602ce19ad99c088fb45a7c6,25214,https://github.com/facebook/react-native/issues/25214,https://github.com/facebook/react-native/tree/545366aea30c3db6cb28c77ce85208e9973cc1fb,https://github.com/facebook/react-native/tree/56c28f37407b08d70602ce19ad99c088fb45a7c6,https://github.com/facebook/react-native/compare/545366aea30c3db6cb28c77ce85208e9973cc1fb...56c28f37407b08d70602ce19ad99c088fb45a7c6
269,ReactNative,545366aea30c3db6cb28c77ce85208e9973cc1fb,56c28f37407b08d70602ce19ad99c088fb45a7c6,25209,https://github.com/facebook/react-native/issues/25209,https://github.com/facebook/react-native/tree/545366aea30c3db6cb28c77ce85208e9973cc1fb,https://github.com/facebook/react-native/tree/56c28f37407b08d70602ce19ad99c088fb45a7c6,https://github.com/facebook/react-native/compare/545366aea30c3db6cb28c77ce85208e9973cc1fb...56c28f37407b08d70602ce19ad99c088fb45a7c6
270,ReactNative,545366aea30c3db6cb28c77ce85208e9973cc1fb,56c28f37407b08d70602ce19ad99c088fb45a7c6,25204,https://github.com/facebook/react-native/issues/25204,https://github.com/facebook/react-native/tree/545366aea30c3db6cb28c77ce85208e9973cc1fb,https://github.com/facebook/react-native/tree/56c28f37407b08d70602ce19ad99c088fb45a7c6,https://github.com/facebook/react-native/compare/545366aea30c3db6cb28c77ce85208e9973cc1fb...56c28f37407b08d70602ce19ad99c088fb45a7c6
271,ReactNative,545366aea30c3db6cb28c77ce85208e9973cc1fb,56c28f37407b08d70602ce19ad99c088fb45a7c6,25166,https://github.com/facebook/react-native/issues/25166,https://github.com/facebook/react-native/tree/545366aea30c3db6cb28c77ce85208e9973cc1fb,https://github.com/facebook/react-native/tree/56c28f37407b08d70602ce19ad99c088fb45a7c6,https://github.com/facebook/react-native/compare/545366aea30c3db6cb28c77ce85208e9973cc1fb...56c28f37407b08d70602ce19ad99c088fb45a7c6
272,ReactNative,545366aea30c3db6cb28c77ce85208e9973cc1fb,56c28f37407b08d70602ce19ad99c088fb45a7c6,25118,https://github.com/facebook/react-native/issues/25118,https://github.com/facebook/react-native/tree/545366aea30c3db6cb28c77ce85208e9973cc1fb,https://github.com/facebook/react-native/tree/56c28f37407b08d70602ce19ad99c088fb45a7c6,https://github.com/facebook/react-native/compare/545366aea30c3db6cb28c77ce85208e9973cc1fb...56c28f37407b08d70602ce19ad99c088fb45a7c6
273,ReactNative,545366aea30c3db6cb28c77ce85208e9973cc1fb,56c28f37407b08d70602ce19ad99c088fb45a7c6,25115,https://github.com/facebook/react-native/issues/25115,https://github.com/facebook/react-native/tree/545366aea30c3db6cb28c77ce85208e9973cc1fb,https://github.com/facebook/react-native/tree/56c28f37407b08d70602ce19ad99c088fb45a7c6,https://github.com/facebook/react-native/compare/545366aea30c3db6cb28c77ce85208e9973cc1fb...56c28f37407b08d70602ce19ad99c088fb45a7c6
274,ReactNative,545366aea30c3db6cb28c77ce85208e9973cc1fb,56c28f37407b08d70602ce19ad99c088fb45a7c6,25091,https://github.com/facebook/react-native/issues/25091,https://github.com/facebook/react-native/tree/545366aea30c3db6cb28c77ce85208e9973cc1fb,https://github.com/facebook/react-native/tree/56c28f37407b08d70602ce19ad99c088fb45a7c6,https://github.com/facebook/react-native/compare/545366aea30c3db6cb28c77ce85208e9973cc1fb...56c28f37407b08d70602ce19ad99c088fb45a7c6
275,ReactNative,545366aea30c3db6cb28c77ce85208e9973cc1fb,56c28f37407b08d70602ce19ad99c088fb45a7c6,25085,https://github.com/facebook/react-native/issues/25085,https://github.com/facebook/react-native/tree/545366aea30c3db6cb28c77ce85208e9973cc1fb,https://github.com/facebook/react-native/tree/56c28f37407b08d70602ce19ad99c088fb45a7c6,https://github.com/facebook/react-native/compare/545366aea30c3db6cb28c77ce85208e9973cc1fb...56c28f37407b08d70602ce19ad99c088fb45a7c6
276,ReactNative,545366aea30c3db6cb28c77ce85208e9973cc1fb,56c28f37407b08d70602ce19ad99c088fb45a7c6,25080,https://github.com/facebook/react-native/issues/25080,https://github.com/facebook/react-native/tree/545366aea30c3db6cb28c77ce85208e9973cc1fb,https://github.com/facebook/react-native/tree/56c28f37407b08d70602ce19ad99c088fb45a7c6,https://github.com/facebook/react-native/compare/545366aea30c3db6cb28c77ce85208e9973cc1fb...56c28f37407b08d70602ce19ad99c088fb45a7c6
277,ReactNative,545366aea30c3db6cb28c77ce85208e9973cc1fb,56c28f37407b08d70602ce19ad99c088fb45a7c6,25049,https://github.com/facebook/react-native/issues/25049,https://github.com/facebook/react-native/tree/545366aea30c3db6cb28c77ce85208e9973cc1fb,https://github.com/facebook/react-native/tree/56c28f37407b08d70602ce19ad99c088fb45a7c6,https://github.com/facebook/react-native/compare/545366aea30c3db6cb28c77ce85208e9973cc1fb...56c28f37407b08d70602ce19ad99c088fb45a7c6
278,ReactNative,545366aea30c3db6cb28c77ce85208e9973cc1fb,56c28f37407b08d70602ce19ad99c088fb45a7c6,25044,https://github.com/facebook/react-native/issues/25044,https://github.com/facebook/react-native/tree/545366aea30c3db6cb28c77ce85208e9973cc1fb,https://github.com/facebook/react-native/tree/56c28f37407b08d70602ce19ad99c088fb45a7c6,https://github.com/facebook/react-native/compare/545366aea30c3db6cb28c77ce85208e9973cc1fb...56c28f37407b08d70602ce19ad99c088fb45a7c6
279,ReactNative,545366aea30c3db6cb28c77ce85208e9973cc1fb,56c28f37407b08d70602ce19ad99c088fb45a7c6,25024,https://github.com/facebook/react-native/issues/25024,https://github.com/facebook/react-native/tree/545366aea30c3db6cb28c77ce85208e9973cc1fb,https://github.com/facebook/react-native/tree/56c28f37407b08d70602ce19ad99c088fb45a7c6,https://github.com/facebook/react-native/compare/545366aea30c3db6cb28c77ce85208e9973cc1fb...56c28f37407b08d70602ce19ad99c088fb45a7c6
280,ReactNative,92be0e3fde19d5b0c89e4471c0b9a80464ba66f4,4c5eb8dd2a8cfb78783ab9cc3ac5a1c3f7937b63,35439,https://github.com/facebook/react-native/issues/35439,https://github.com/facebook/react-native/tree/92be0e3fde19d5b0c89e4471c0b9a80464ba66f4,https://github.com/facebook/react-native/tree/4c5eb8dd2a8cfb78783ab9cc3ac5a1c3f7937b63,https://github.com/facebook/react-native/compare/92be0e3fde19d5b0c89e4471c0b9a80464ba66f4...4c5eb8dd2a8cfb78783ab9cc3ac5a1c3f7937b63
281,ReactNative,0cae91489b34589e270bee70770a8e596385a6e8,045595a81e322b29c6bd04833db28bd724569342,25660,https://github.com/facebook/react-native/issues/25660,https://github.com/facebook/react-native/tree/0cae91489b34589e270bee70770a8e596385a6e8,https://github.com/facebook/react-native/tree/045595a81e322b29c6bd04833db28bd724569342,https://github.com/facebook/react-native/compare/0cae91489b34589e270bee70770a8e596385a6e8...045595a81e322b29c6bd04833db28bd724569342
282,ReactNative,0cae91489b34589e270bee70770a8e596385a6e8,045595a81e322b29c6bd04833db28bd724569342,25578,https://github.com/facebook/react-native/issues/25578,https://github.com/facebook/react-native/tree/0cae91489b34589e270bee70770a8e596385a6e8,https://github.com/facebook/react-native/tree/045595a81e322b29c6bd04833db28bd724569342,https://github.com/facebook/react-native/compare/0cae91489b34589e270bee70770a8e596385a6e8...045595a81e322b29c6bd04833db28bd724569342
283,ReactNative,470f79b61734e085978b03507eda6ed026936b7b,60b9d8c2b9800135fdace5f58d94bebde2849510,35865,https://github.com/facebook/react-native/issues/35865,https://github.com/facebook/react-native/tree/470f79b61734e085978b03507eda6ed026936b7b,https://github.com/facebook/react-native/tree/60b9d8c2b9800135fdace5f58d94bebde2849510,https://github.com/facebook/react-native/compare/470f79b61734e085978b03507eda6ed026936b7b...60b9d8c2b9800135fdace5f58d94bebde2849510
284,ReactNative,40ad31eacf29e83ba91031b714c4de1f4d22e469,f49b2517d739ab129aae44d4ddab01748a96301c,25592,https://github.com/facebook/react-native/issues/25592,https://github.com/facebook/react-native/tree/40ad31eacf29e83ba91031b714c4de1f4d22e469,https://github.com/facebook/react-native/tree/f49b2517d739ab129aae44d4ddab01748a96301c,https://github.com/facebook/react-native/compare/40ad31eacf29e83ba91031b714c4de1f4d22e469...f49b2517d739ab129aae44d4ddab01748a96301c
285,ReactNative,40ad31eacf29e83ba91031b714c4de1f4d22e469,f49b2517d739ab129aae44d4ddab01748a96301c,25595,https://github.com/facebook/react-native/issues/25595,https://github.com/facebook/react-native/tree/40ad31eacf29e83ba91031b714c4de1f4d22e469,https://github.com/facebook/react-native/tree/f49b2517d739ab129aae44d4ddab01748a96301c,https://github.com/facebook/react-native/compare/40ad31eacf29e83ba91031b714c4de1f4d22e469...f49b2517d739ab129aae44d4ddab01748a96301c
286,ReactNative,40ad31eacf29e83ba91031b714c4de1f4d22e469,f49b2517d739ab129aae44d4ddab01748a96301c,25587,https://github.com/facebook/react-native/issues/25587,https://github.com/facebook/react-native/tree/40ad31eacf29e83ba91031b714c4de1f4d22e469,https://github.com/facebook/react-native/tree/f49b2517d739ab129aae44d4ddab01748a96301c,https://github.com/facebook/react-native/compare/40ad31eacf29e83ba91031b714c4de1f4d22e469...f49b2517d739ab129aae44d4ddab01748a96301c
287,ReactNative,40ad31eacf29e83ba91031b714c4de1f4d22e469,f49b2517d739ab129aae44d4ddab01748a96301c,25543,https://github.com/facebook/react-native/issues/25543,https://github.com/facebook/react-native/tree/40ad31eacf29e83ba91031b714c4de1f4d22e469,https://github.com/facebook/react-native/tree/f49b2517d739ab129aae44d4ddab01748a96301c,https://github.com/facebook/react-native/compare/40ad31eacf29e83ba91031b714c4de1f4d22e469...f49b2517d739ab129aae44d4ddab01748a96301c
288,ReactNative,40ad31eacf29e83ba91031b714c4de1f4d22e469,f49b2517d739ab129aae44d4ddab01748a96301c,25577,https://github.com/facebook/react-native/issues/25577,https://github.com/facebook/react-native/tree/40ad31eacf29e83ba91031b714c4de1f4d22e469,https://github.com/facebook/react-native/tree/f49b2517d739ab129aae44d4ddab01748a96301c,https://github.com/facebook/react-native/compare/40ad31eacf29e83ba91031b714c4de1f4d22e469...f49b2517d739ab129aae44d4ddab01748a96301c
289,ReactNative,40ad31eacf29e83ba91031b714c4de1f4d22e469,f49b2517d739ab129aae44d4ddab01748a96301c,25571,https://github.com/facebook/react-native/issues/25571,https://github.com/facebook/react-native/tree/40ad31eacf29e83ba91031b714c4de1f4d22e469,https://github.com/facebook/react-native/tree/f49b2517d739ab129aae44d4ddab01748a96301c,https://github.com/facebook/react-native/compare/40ad31eacf29e83ba91031b714c4de1f4d22e469...f49b2517d739ab129aae44d4ddab01748a96301c
290,ReactNative,40ad31eacf29e83ba91031b714c4de1f4d22e469,f49b2517d739ab129aae44d4ddab01748a96301c,25502,https://github.com/facebook/react-native/issues/25502,https://github.com/facebook/react-native/tree/40ad31eacf29e83ba91031b714c4de1f4d22e469,https://github.com/facebook/react-native/tree/f49b2517d739ab129aae44d4ddab01748a96301c,https://github.com/facebook/react-native/compare/40ad31eacf29e83ba91031b714c4de1f4d22e469...f49b2517d739ab129aae44d4ddab01748a96301c
291,ReactNative,40ad31eacf29e83ba91031b714c4de1f4d22e469,f49b2517d739ab129aae44d4ddab01748a96301c,25546,https://github.com/facebook/react-native/issues/25546,https://github.com/facebook/react-native/tree/40ad31eacf29e83ba91031b714c4de1f4d22e469,https://github.com/facebook/react-native/tree/f49b2517d739ab129aae44d4ddab01748a96301c,https://github.com/facebook/react-native/compare/40ad31eacf29e83ba91031b714c4de1f4d22e469...f49b2517d739ab129aae44d4ddab01748a96301c
292,ReactNative,40ad31eacf29e83ba91031b714c4de1f4d22e469,f49b2517d739ab129aae44d4ddab01748a96301c,25545,https://github.com/facebook/react-native/issues/25545,https://github.com/facebook/react-native/tree/40ad31eacf29e83ba91031b714c4de1f4d22e469,https://github.com/facebook/react-native/tree/f49b2517d739ab129aae44d4ddab01748a96301c,https://github.com/facebook/react-native/compare/40ad31eacf29e83ba91031b714c4de1f4d22e469...f49b2517d739ab129aae44d4ddab01748a96301c
293,ReactNative,40ad31eacf29e83ba91031b714c4de1f4d22e469,f49b2517d739ab129aae44d4ddab01748a96301c,25542,https://github.com/facebook/react-native/issues/25542,https://github.com/facebook/react-native/tree/40ad31eacf29e83ba91031b714c4de1f4d22e469,https://github.com/facebook/react-native/tree/f49b2517d739ab129aae44d4ddab01748a96301c,https://github.com/facebook/react-native/compare/40ad31eacf29e83ba91031b714c4de1f4d22e469...f49b2517d739ab129aae44d4ddab01748a96301c
294,ReactNative,40ad31eacf29e83ba91031b714c4de1f4d22e469,f49b2517d739ab129aae44d4ddab01748a96301c,25506,https://github.com/facebook/react-native/issues/25506,https://github.com/facebook/react-native/tree/40ad31eacf29e83ba91031b714c4de1f4d22e469,https://github.com/facebook/react-native/tree/f49b2517d739ab129aae44d4ddab01748a96301c,https://github.com/facebook/react-native/compare/40ad31eacf29e83ba91031b714c4de1f4d22e469...f49b2517d739ab129aae44d4ddab01748a96301c
295,ReactNative,40ad31eacf29e83ba91031b714c4de1f4d22e469,f49b2517d739ab129aae44d4ddab01748a96301c,25315,https://github.com/facebook/react-native/issues/25315,https://github.com/facebook/react-native/tree/40ad31eacf29e83ba91031b714c4de1f4d22e469,https://github.com/facebook/react-native/tree/f49b2517d739ab129aae44d4ddab01748a96301c,https://github.com/facebook/react-native/compare/40ad31eacf29e83ba91031b714c4de1f4d22e469...f49b2517d739ab129aae44d4ddab01748a96301c
296,ReactNative,40ad31eacf29e83ba91031b714c4de1f4d22e469,f49b2517d739ab129aae44d4ddab01748a96301c,25265,https://github.com/facebook/react-native/issues/25265,https://github.com/facebook/react-native/tree/40ad31eacf29e83ba91031b714c4de1f4d22e469,https://github.com/facebook/react-native/tree/f49b2517d739ab129aae44d4ddab01748a96301c,https://github.com/facebook/react-native/compare/40ad31eacf29e83ba91031b714c4de1f4d22e469...f49b2517d739ab129aae44d4ddab01748a96301c
297,ReactNative,40ad31eacf29e83ba91031b714c4de1f4d22e469,f49b2517d739ab129aae44d4ddab01748a96301c,25500,https://github.com/facebook/react-native/issues/25500,https://github.com/facebook/react-native/tree/40ad31eacf29e83ba91031b714c4de1f4d22e469,https://github.com/facebook/react-native/tree/f49b2517d739ab129aae44d4ddab01748a96301c,https://github.com/facebook/react-native/compare/40ad31eacf29e83ba91031b714c4de1f4d22e469...f49b2517d739ab129aae44d4ddab01748a96301c
298,ReactNative,40ad31eacf29e83ba91031b714c4de1f4d22e469,f49b2517d739ab129aae44d4ddab01748a96301c,25499,https://github.com/facebook/react-native/issues/25499,https://github.com/facebook/react-native/tree/40ad31eacf29e83ba91031b714c4de1f4d22e469,https://github.com/facebook/react-native/tree/f49b2517d739ab129aae44d4ddab01748a96301c,https://github.com/facebook/react-native/compare/40ad31eacf29e83ba91031b714c4de1f4d22e469...f49b2517d739ab129aae44d4ddab01748a96301c
299,ReactNative,40ad31eacf29e83ba91031b714c4de1f4d22e469,f49b2517d739ab129aae44d4ddab01748a96301c,25480,https://github.com/facebook/react-native/issues/25480,https://github.com/facebook/react-native/tree/40ad31eacf29e83ba91031b714c4de1f4d22e469,https://github.com/facebook/react-native/tree/f49b2517d739ab129aae44d4ddab01748a96301c,https://github.com/facebook/react-native/compare/40ad31eacf29e83ba91031b714c4de1f4d22e469...f49b2517d739ab129aae44d4ddab01748a96301c
300,ReactNative,40ad31eacf29e83ba91031b714c4de1f4d22e469,f49b2517d739ab129aae44d4ddab01748a96301c,25495,https://github.com/facebook/react-native/issues/25495,https://github.com/facebook/react-native/tree/40ad31eacf29e83ba91031b714c4de1f4d22e469,https://github.com/facebook/react-native/tree/f49b2517d739ab129aae44d4ddab01748a96301c,https://github.com/facebook/react-native/compare/40ad31eacf29e83ba91031b714c4de1f4d22e469...f49b2517d739ab129aae44d4ddab01748a96301c
301,ReactNative,49cb7f28c8dee19c2f3f20aaf21bbf91e85fa5e6,a63a4fa7d20aa20e0c5b12157d12aab56ec0d228,25333,https://github.com/facebook/react-native/issues/25333,https://github.com/facebook/react-native/tree/49cb7f28c8dee19c2f3f20aaf21bbf91e85fa5e6,https://github.com/facebook/react-native/tree/a63a4fa7d20aa20e0c5b12157d12aab56ec0d228,https://github.com/facebook/react-native/compare/49cb7f28c8dee19c2f3f20aaf21bbf91e85fa5e6...a63a4fa7d20aa20e0c5b12157d12aab56ec0d228
302,ReactNative,49cb7f28c8dee19c2f3f20aaf21bbf91e85fa5e6,a63a4fa7d20aa20e0c5b12157d12aab56ec0d228,25343,https://github.com/facebook/react-native/issues/25343,https://github.com/facebook/react-native/tree/49cb7f28c8dee19c2f3f20aaf21bbf91e85fa5e6,https://github.com/facebook/react-native/tree/a63a4fa7d20aa20e0c5b12157d12aab56ec0d228,https://github.com/facebook/react-native/compare/49cb7f28c8dee19c2f3f20aaf21bbf91e85fa5e6...a63a4fa7d20aa20e0c5b12157d12aab56ec0d228
303,ReactNative,49cb7f28c8dee19c2f3f20aaf21bbf91e85fa5e6,a63a4fa7d20aa20e0c5b12157d12aab56ec0d228,25364,https://github.com/facebook/react-native/issues/25364,https://github.com/facebook/react-native/tree/49cb7f28c8dee19c2f3f20aaf21bbf91e85fa5e6,https://github.com/facebook/react-native/tree/a63a4fa7d20aa20e0c5b12157d12aab56ec0d228,https://github.com/facebook/react-native/compare/49cb7f28c8dee19c2f3f20aaf21bbf91e85fa5e6...a63a4fa7d20aa20e0c5b12157d12aab56ec0d228
304,ReactNative,49cb7f28c8dee19c2f3f20aaf21bbf91e85fa5e6,a63a4fa7d20aa20e0c5b12157d12aab56ec0d228,25336,https://github.com/facebook/react-native/issues/25336,https://github.com/facebook/react-native/tree/49cb7f28c8dee19c2f3f20aaf21bbf91e85fa5e6,https://github.com/facebook/react-native/tree/a63a4fa7d20aa20e0c5b12157d12aab56ec0d228,https://github.com/facebook/react-native/compare/49cb7f28c8dee19c2f3f20aaf21bbf91e85fa5e6...a63a4fa7d20aa20e0c5b12157d12aab56ec0d228
305,ReactNative,49cb7f28c8dee19c2f3f20aaf21bbf91e85fa5e6,a63a4fa7d20aa20e0c5b12157d12aab56ec0d228,25471,https://github.com/facebook/react-native/issues/25471,https://github.com/facebook/react-native/tree/49cb7f28c8dee19c2f3f20aaf21bbf91e85fa5e6,https://github.com/facebook/react-native/tree/a63a4fa7d20aa20e0c5b12157d12aab56ec0d228,https://github.com/facebook/react-native/compare/49cb7f28c8dee19c2f3f20aaf21bbf91e85fa5e6...a63a4fa7d20aa20e0c5b12157d12aab56ec0d228
306,ReactNative,49cb7f28c8dee19c2f3f20aaf21bbf91e85fa5e6,a63a4fa7d20aa20e0c5b12157d12aab56ec0d228,25457,https://github.com/facebook/react-native/issues/25457,https://github.com/facebook/react-native/tree/49cb7f28c8dee19c2f3f20aaf21bbf91e85fa5e6,https://github.com/facebook/react-native/tree/a63a4fa7d20aa20e0c5b12157d12aab56ec0d228,https://github.com/facebook/react-native/compare/49cb7f28c8dee19c2f3f20aaf21bbf91e85fa5e6...a63a4fa7d20aa20e0c5b12157d12aab56ec0d228
307,ReactNative,49cb7f28c8dee19c2f3f20aaf21bbf91e85fa5e6,a63a4fa7d20aa20e0c5b12157d12aab56ec0d228,25316,https://github.com/facebook/react-native/issues/25316,https://github.com/facebook/react-native/tree/49cb7f28c8dee19c2f3f20aaf21bbf91e85fa5e6,https://github.com/facebook/react-native/tree/a63a4fa7d20aa20e0c5b12157d12aab56ec0d228,https://github.com/facebook/react-native/compare/49cb7f28c8dee19c2f3f20aaf21bbf91e85fa5e6...a63a4fa7d20aa20e0c5b12157d12aab56ec0d228
308,ReactNative,49cb7f28c8dee19c2f3f20aaf21bbf91e85fa5e6,a63a4fa7d20aa20e0c5b12157d12aab56ec0d228,25482,https://github.com/facebook/react-native/issues/25482,https://github.com/facebook/react-native/tree/49cb7f28c8dee19c2f3f20aaf21bbf91e85fa5e6,https://github.com/facebook/react-native/tree/a63a4fa7d20aa20e0c5b12157d12aab56ec0d228,https://github.com/facebook/react-native/compare/49cb7f28c8dee19c2f3f20aaf21bbf91e85fa5e6...a63a4fa7d20aa20e0c5b12157d12aab56ec0d228
309,ReactNative,49cb7f28c8dee19c2f3f20aaf21bbf91e85fa5e6,a63a4fa7d20aa20e0c5b12157d12aab56ec0d228,25481,https://github.com/facebook/react-native/issues/25481,https://github.com/facebook/react-native/tree/49cb7f28c8dee19c2f3f20aaf21bbf91e85fa5e6,https://github.com/facebook/react-native/tree/a63a4fa7d20aa20e0c5b12157d12aab56ec0d228,https://github.com/facebook/react-native/compare/49cb7f28c8dee19c2f3f20aaf21bbf91e85fa5e6...a63a4fa7d20aa20e0c5b12157d12aab56ec0d228
310,ReactNative,49cb7f28c8dee19c2f3f20aaf21bbf91e85fa5e6,a63a4fa7d20aa20e0c5b12157d12aab56ec0d228,25465,https://github.com/facebook/react-native/issues/25465,https://github.com/facebook/react-native/tree/49cb7f28c8dee19c2f3f20aaf21bbf91e85fa5e6,https://github.com/facebook/react-native/tree/a63a4fa7d20aa20e0c5b12157d12aab56ec0d228,https://github.com/facebook/react-native/compare/49cb7f28c8dee19c2f3f20aaf21bbf91e85fa5e6...a63a4fa7d20aa20e0c5b12157d12aab56ec0d228
311,ReactNative,49cb7f28c8dee19c2f3f20aaf21bbf91e85fa5e6,a63a4fa7d20aa20e0c5b12157d12aab56ec0d228,25479,https://github.com/facebook/react-native/issues/25479,https://github.com/facebook/react-native/tree/49cb7f28c8dee19c2f3f20aaf21bbf91e85fa5e6,https://github.com/facebook/react-native/tree/a63a4fa7d20aa20e0c5b12157d12aab56ec0d228,https://github.com/facebook/react-native/compare/49cb7f28c8dee19c2f3f20aaf21bbf91e85fa5e6...a63a4fa7d20aa20e0c5b12157d12aab56ec0d228
312,ReactNative,49cb7f28c8dee19c2f3f20aaf21bbf91e85fa5e6,a63a4fa7d20aa20e0c5b12157d12aab56ec0d228,25489,https://github.com/facebook/react-native/issues/25489,https://github.com/facebook/react-native/tree/49cb7f28c8dee19c2f3f20aaf21bbf91e85fa5e6,https://github.com/facebook/react-native/tree/a63a4fa7d20aa20e0c5b12157d12aab56ec0d228,https://github.com/facebook/react-native/compare/49cb7f28c8dee19c2f3f20aaf21bbf91e85fa5e6...a63a4fa7d20aa20e0c5b12157d12aab56ec0d228
313,ReactNative,49cb7f28c8dee19c2f3f20aaf21bbf91e85fa5e6,a63a4fa7d20aa20e0c5b12157d12aab56ec0d228,25442,https://github.com/facebook/react-native/issues/25442,https://github.com/facebook/react-native/tree/49cb7f28c8dee19c2f3f20aaf21bbf91e85fa5e6,https://github.com/facebook/react-native/tree/a63a4fa7d20aa20e0c5b12157d12aab56ec0d228,https://github.com/facebook/react-native/compare/49cb7f28c8dee19c2f3f20aaf21bbf91e85fa5e6...a63a4fa7d20aa20e0c5b12157d12aab56ec0d228
314,ReactNative,49cb7f28c8dee19c2f3f20aaf21bbf91e85fa5e6,a63a4fa7d20aa20e0c5b12157d12aab56ec0d228,25365,https://github.com/facebook/react-native/issues/25365,https://github.com/facebook/react-native/tree/49cb7f28c8dee19c2f3f20aaf21bbf91e85fa5e6,https://github.com/facebook/react-native/tree/a63a4fa7d20aa20e0c5b12157d12aab56ec0d228,https://github.com/facebook/react-native/compare/49cb7f28c8dee19c2f3f20aaf21bbf91e85fa5e6...a63a4fa7d20aa20e0c5b12157d12aab56ec0d228
315,ReactNative,49cb7f28c8dee19c2f3f20aaf21bbf91e85fa5e6,a63a4fa7d20aa20e0c5b12157d12aab56ec0d228,25325,https://github.com/facebook/react-native/issues/25325,https://github.com/facebook/react-native/tree/49cb7f28c8dee19c2f3f20aaf21bbf91e85fa5e6,https://github.com/facebook/react-native/tree/a63a4fa7d20aa20e0c5b12157d12aab56ec0d228,https://github.com/facebook/react-native/compare/49cb7f28c8dee19c2f3f20aaf21bbf91e85fa5e6...a63a4fa7d20aa20e0c5b12157d12aab56ec0d228
316,ReactNative,49cb7f28c8dee19c2f3f20aaf21bbf91e85fa5e6,a63a4fa7d20aa20e0c5b12157d12aab56ec0d228,25285,https://github.com/facebook/react-native/issues/25285,https://github.com/facebook/react-native/tree/49cb7f28c8dee19c2f3f20aaf21bbf91e85fa5e6,https://github.com/facebook/react-native/tree/a63a4fa7d20aa20e0c5b12157d12aab56ec0d228,https://github.com/facebook/react-native/compare/49cb7f28c8dee19c2f3f20aaf21bbf91e85fa5e6...a63a4fa7d20aa20e0c5b12157d12aab56ec0d228
317,ReactNative,49cb7f28c8dee19c2f3f20aaf21bbf91e85fa5e6,a63a4fa7d20aa20e0c5b12157d12aab56ec0d228,25254,https://github.com/facebook/react-native/issues/25254,https://github.com/facebook/react-native/tree/49cb7f28c8dee19c2f3f20aaf21bbf91e85fa5e6,https://github.com/facebook/react-native/tree/a63a4fa7d20aa20e0c5b12157d12aab56ec0d228,https://github.com/facebook/react-native/compare/49cb7f28c8dee19c2f3f20aaf21bbf91e85fa5e6...a63a4fa7d20aa20e0c5b12157d12aab56ec0d228
318,ReactNative,49cb7f28c8dee19c2f3f20aaf21bbf91e85fa5e6,a63a4fa7d20aa20e0c5b12157d12aab56ec0d228,25345,https://github.com/facebook/react-native/issues/25345,https://github.com/facebook/react-native/tree/49cb7f28c8dee19c2f3f20aaf21bbf91e85fa5e6,https://github.com/facebook/react-native/tree/a63a4fa7d20aa20e0c5b12157d12aab56ec0d228,https://github.com/facebook/react-native/compare/49cb7f28c8dee19c2f3f20aaf21bbf91e85fa5e6...a63a4fa7d20aa20e0c5b12157d12aab56ec0d228
319,ReactNative,49cb7f28c8dee19c2f3f20aaf21bbf91e85fa5e6,a63a4fa7d20aa20e0c5b12157d12aab56ec0d228,25319,https://github.com/facebook/react-native/issues/25319,https://github.com/facebook/react-native/tree/49cb7f28c8dee19c2f3f20aaf21bbf91e85fa5e6,https://github.com/facebook/react-native/tree/a63a4fa7d20aa20e0c5b12157d12aab56ec0d228,https://github.com/facebook/react-native/compare/49cb7f28c8dee19c2f3f20aaf21bbf91e85fa5e6...a63a4fa7d20aa20e0c5b12157d12aab56ec0d228
320,ReactNative,49cb7f28c8dee19c2f3f20aaf21bbf91e85fa5e6,a63a4fa7d20aa20e0c5b12157d12aab56ec0d228,25313,https://github.com/facebook/react-native/issues/25313,https://github.com/facebook/react-native/tree/49cb7f28c8dee19c2f3f20aaf21bbf91e85fa5e6,https://github.com/facebook/react-native/tree/a63a4fa7d20aa20e0c5b12157d12aab56ec0d228,https://github.com/facebook/react-native/compare/49cb7f28c8dee19c2f3f20aaf21bbf91e85fa5e6...a63a4fa7d20aa20e0c5b12157d12aab56ec0d228
321,ReactNative,b086e5dc0aaaf7f98d23e32d79da039f7b9b6087,dea48e22489f7dc4289d738016cf7521e89c9d77,25998,https://github.com/facebook/react-native/issues/25998,https://github.com/facebook/react-native/tree/b086e5dc0aaaf7f98d23e32d79da039f7b9b6087,https://github.com/facebook/react-native/tree/dea48e22489f7dc4289d738016cf7521e89c9d77,https://github.com/facebook/react-native/compare/b086e5dc0aaaf7f98d23e32d79da039f7b9b6087...dea48e22489f7dc4289d738016cf7521e89c9d77
322,ReactNative,b086e5dc0aaaf7f98d23e32d79da039f7b9b6087,dea48e22489f7dc4289d738016cf7521e89c9d77,25863,https://github.com/facebook/react-native/issues/25863,https://github.com/facebook/react-native/tree/b086e5dc0aaaf7f98d23e32d79da039f7b9b6087,https://github.com/facebook/react-native/tree/dea48e22489f7dc4289d738016cf7521e89c9d77,https://github.com/facebook/react-native/compare/b086e5dc0aaaf7f98d23e32d79da039f7b9b6087...dea48e22489f7dc4289d738016cf7521e89c9d77
323,ReactNative,b086e5dc0aaaf7f98d23e32d79da039f7b9b6087,dea48e22489f7dc4289d738016cf7521e89c9d77,25832,https://github.com/facebook/react-native/issues/25832,https://github.com/facebook/react-native/tree/b086e5dc0aaaf7f98d23e32d79da039f7b9b6087,https://github.com/facebook/react-native/tree/dea48e22489f7dc4289d738016cf7521e89c9d77,https://github.com/facebook/react-native/compare/b086e5dc0aaaf7f98d23e32d79da039f7b9b6087...dea48e22489f7dc4289d738016cf7521e89c9d77
324,ReactNative,b086e5dc0aaaf7f98d23e32d79da039f7b9b6087,dea48e22489f7dc4289d738016cf7521e89c9d77,25812,https://github.com/facebook/react-native/issues/25812,https://github.com/facebook/react-native/tree/b086e5dc0aaaf7f98d23e32d79da039f7b9b6087,https://github.com/facebook/react-native/tree/dea48e22489f7dc4289d738016cf7521e89c9d77,https://github.com/facebook/react-native/compare/b086e5dc0aaaf7f98d23e32d79da039f7b9b6087...dea48e22489f7dc4289d738016cf7521e89c9d77
325,ReactNative,b086e5dc0aaaf7f98d23e32d79da039f7b9b6087,dea48e22489f7dc4289d738016cf7521e89c9d77,25788,https://github.com/facebook/react-native/issues/25788,https://github.com/facebook/react-native/tree/b086e5dc0aaaf7f98d23e32d79da039f7b9b6087,https://github.com/facebook/react-native/tree/dea48e22489f7dc4289d738016cf7521e89c9d77,https://github.com/facebook/react-native/compare/b086e5dc0aaaf7f98d23e32d79da039f7b9b6087...dea48e22489f7dc4289d738016cf7521e89c9d77
326,ReactNative,b086e5dc0aaaf7f98d23e32d79da039f7b9b6087,dea48e22489f7dc4289d738016cf7521e89c9d77,25754,https://github.com/facebook/react-native/issues/25754,https://github.com/facebook/react-native/tree/b086e5dc0aaaf7f98d23e32d79da039f7b9b6087,https://github.com/facebook/react-native/tree/dea48e22489f7dc4289d738016cf7521e89c9d77,https://github.com/facebook/react-native/compare/b086e5dc0aaaf7f98d23e32d79da039f7b9b6087...dea48e22489f7dc4289d738016cf7521e89c9d77
327,ReactNative,b086e5dc0aaaf7f98d23e32d79da039f7b9b6087,dea48e22489f7dc4289d738016cf7521e89c9d77,25741,https://github.com/facebook/react-native/issues/25741,https://github.com/facebook/react-native/tree/b086e5dc0aaaf7f98d23e32d79da039f7b9b6087,https://github.com/facebook/react-native/tree/dea48e22489f7dc4289d738016cf7521e89c9d77,https://github.com/facebook/react-native/compare/b086e5dc0aaaf7f98d23e32d79da039f7b9b6087...dea48e22489f7dc4289d738016cf7521e89c9d77
328,ReactNative,4a07ed2c0c78fd7d3353aff6e0a7f75a2a4b6b86,8299cdcdea6f53797e1f2b6b77ccb392910a1c33,26121,https://github.com/facebook/react-native/issues/26121,https://github.com/facebook/react-native/tree/4a07ed2c0c78fd7d3353aff6e0a7f75a2a4b6b86,https://github.com/facebook/react-native/tree/8299cdcdea6f53797e1f2b6b77ccb392910a1c33,https://github.com/facebook/react-native/compare/4a07ed2c0c78fd7d3353aff6e0a7f75a2a4b6b86...8299cdcdea6f53797e1f2b6b77ccb392910a1c33
329,ReactNative,4a07ed2c0c78fd7d3353aff6e0a7f75a2a4b6b86,8299cdcdea6f53797e1f2b6b77ccb392910a1c33,26152,https://github.com/facebook/react-native/issues/26152,https://github.com/facebook/react-native/tree/4a07ed2c0c78fd7d3353aff6e0a7f75a2a4b6b86,https://github.com/facebook/react-native/tree/8299cdcdea6f53797e1f2b6b77ccb392910a1c33,https://github.com/facebook/react-native/compare/4a07ed2c0c78fd7d3353aff6e0a7f75a2a4b6b86...8299cdcdea6f53797e1f2b6b77ccb392910a1c33
330,ReactNative,4a07ed2c0c78fd7d3353aff6e0a7f75a2a4b6b86,8299cdcdea6f53797e1f2b6b77ccb392910a1c33,26124,https://github.com/facebook/react-native/issues/26124,https://github.com/facebook/react-native/tree/4a07ed2c0c78fd7d3353aff6e0a7f75a2a4b6b86,https://github.com/facebook/react-native/tree/8299cdcdea6f53797e1f2b6b77ccb392910a1c33,https://github.com/facebook/react-native/compare/4a07ed2c0c78fd7d3353aff6e0a7f75a2a4b6b86...8299cdcdea6f53797e1f2b6b77ccb392910a1c33
331,ReactNative,4a07ed2c0c78fd7d3353aff6e0a7f75a2a4b6b86,8299cdcdea6f53797e1f2b6b77ccb392910a1c33,26118,https://github.com/facebook/react-native/issues/26118,https://github.com/facebook/react-native/tree/4a07ed2c0c78fd7d3353aff6e0a7f75a2a4b6b86,https://github.com/facebook/react-native/tree/8299cdcdea6f53797e1f2b6b77ccb392910a1c33,https://github.com/facebook/react-native/compare/4a07ed2c0c78fd7d3353aff6e0a7f75a2a4b6b86...8299cdcdea6f53797e1f2b6b77ccb392910a1c33
332,ReactNative,4a07ed2c0c78fd7d3353aff6e0a7f75a2a4b6b86,8299cdcdea6f53797e1f2b6b77ccb392910a1c33,26117,https://github.com/facebook/react-native/issues/26117,https://github.com/facebook/react-native/tree/4a07ed2c0c78fd7d3353aff6e0a7f75a2a4b6b86,https://github.com/facebook/react-native/tree/8299cdcdea6f53797e1f2b6b77ccb392910a1c33,https://github.com/facebook/react-native/compare/4a07ed2c0c78fd7d3353aff6e0a7f75a2a4b6b86...8299cdcdea6f53797e1f2b6b77ccb392910a1c33
333,ReactNative,4a07ed2c0c78fd7d3353aff6e0a7f75a2a4b6b86,8299cdcdea6f53797e1f2b6b77ccb392910a1c33,26104,https://github.com/facebook/react-native/issues/26104,https://github.com/facebook/react-native/tree/4a07ed2c0c78fd7d3353aff6e0a7f75a2a4b6b86,https://github.com/facebook/react-native/tree/8299cdcdea6f53797e1f2b6b77ccb392910a1c33,https://github.com/facebook/react-native/compare/4a07ed2c0c78fd7d3353aff6e0a7f75a2a4b6b86...8299cdcdea6f53797e1f2b6b77ccb392910a1c33
334,ReactNative,4a07ed2c0c78fd7d3353aff6e0a7f75a2a4b6b86,8299cdcdea6f53797e1f2b6b77ccb392910a1c33,26087,https://github.com/facebook/react-native/issues/26087,https://github.com/facebook/react-native/tree/4a07ed2c0c78fd7d3353aff6e0a7f75a2a4b6b86,https://github.com/facebook/react-native/tree/8299cdcdea6f53797e1f2b6b77ccb392910a1c33,https://github.com/facebook/react-native/compare/4a07ed2c0c78fd7d3353aff6e0a7f75a2a4b6b86...8299cdcdea6f53797e1f2b6b77ccb392910a1c33
335,ReactNative,4a07ed2c0c78fd7d3353aff6e0a7f75a2a4b6b86,8299cdcdea6f53797e1f2b6b77ccb392910a1c33,26086,https://github.com/facebook/react-native/issues/26086,https://github.com/facebook/react-native/tree/4a07ed2c0c78fd7d3353aff6e0a7f75a2a4b6b86,https://github.com/facebook/react-native/tree/8299cdcdea6f53797e1f2b6b77ccb392910a1c33,https://github.com/facebook/react-native/compare/4a07ed2c0c78fd7d3353aff6e0a7f75a2a4b6b86...8299cdcdea6f53797e1f2b6b77ccb392910a1c33
336,ReactNative,4a07ed2c0c78fd7d3353aff6e0a7f75a2a4b6b86,8299cdcdea6f53797e1f2b6b77ccb392910a1c33,26082,https://github.com/facebook/react-native/issues/26082,https://github.com/facebook/react-native/tree/4a07ed2c0c78fd7d3353aff6e0a7f75a2a4b6b86,https://github.com/facebook/react-native/tree/8299cdcdea6f53797e1f2b6b77ccb392910a1c33,https://github.com/facebook/react-native/compare/4a07ed2c0c78fd7d3353aff6e0a7f75a2a4b6b86...8299cdcdea6f53797e1f2b6b77ccb392910a1c33
337,ReactNative,4a07ed2c0c78fd7d3353aff6e0a7f75a2a4b6b86,8299cdcdea6f53797e1f2b6b77ccb392910a1c33,26084,https://github.com/facebook/react-native/issues/26084,https://github.com/facebook/react-native/tree/4a07ed2c0c78fd7d3353aff6e0a7f75a2a4b6b86,https://github.com/facebook/react-native/tree/8299cdcdea6f53797e1f2b6b77ccb392910a1c33,https://github.com/facebook/react-native/compare/4a07ed2c0c78fd7d3353aff6e0a7f75a2a4b6b86...8299cdcdea6f53797e1f2b6b77ccb392910a1c33
338,ReactNative,4a07ed2c0c78fd7d3353aff6e0a7f75a2a4b6b86,8299cdcdea6f53797e1f2b6b77ccb392910a1c33,26081,https://github.com/facebook/react-native/issues/26081,https://github.com/facebook/react-native/tree/4a07ed2c0c78fd7d3353aff6e0a7f75a2a4b6b86,https://github.com/facebook/react-native/tree/8299cdcdea6f53797e1f2b6b77ccb392910a1c33,https://github.com/facebook/react-native/compare/4a07ed2c0c78fd7d3353aff6e0a7f75a2a4b6b86...8299cdcdea6f53797e1f2b6b77ccb392910a1c33
339,ReactNative,8d5f8804d88d7daf45766e525f8d363d937bdef5,e91e468edc925ae7f3a44b041b616fde08ee957f,25697,https://github.com/facebook/react-native/issues/25697,https://github.com/facebook/react-native/tree/8d5f8804d88d7daf45766e525f8d363d937bdef5,https://github.com/facebook/react-native/tree/e91e468edc925ae7f3a44b041b616fde08ee957f,https://github.com/facebook/react-native/compare/8d5f8804d88d7daf45766e525f8d363d937bdef5...e91e468edc925ae7f3a44b041b616fde08ee957f
340,ReactNative,8d5f8804d88d7daf45766e525f8d363d937bdef5,e91e468edc925ae7f3a44b041b616fde08ee957f,25752,https://github.com/facebook/react-native/issues/25752,https://github.com/facebook/react-native/tree/8d5f8804d88d7daf45766e525f8d363d937bdef5,https://github.com/facebook/react-native/tree/e91e468edc925ae7f3a44b041b616fde08ee957f,https://github.com/facebook/react-native/compare/8d5f8804d88d7daf45766e525f8d363d937bdef5...e91e468edc925ae7f3a44b041b616fde08ee957f
341,ReactNative,8d5f8804d88d7daf45766e525f8d363d937bdef5,e91e468edc925ae7f3a44b041b616fde08ee957f,25775,https://github.com/facebook/react-native/issues/25775,https://github.com/facebook/react-native/tree/8d5f8804d88d7daf45766e525f8d363d937bdef5,https://github.com/facebook/react-native/tree/e91e468edc925ae7f3a44b041b616fde08ee957f,https://github.com/facebook/react-native/compare/8d5f8804d88d7daf45766e525f8d363d937bdef5...e91e468edc925ae7f3a44b041b616fde08ee957f
342,ReactNative,8d5f8804d88d7daf45766e525f8d363d937bdef5,e91e468edc925ae7f3a44b041b616fde08ee957f,25338,https://github.com/facebook/react-native/issues/25338,https://github.com/facebook/react-native/tree/8d5f8804d88d7daf45766e525f8d363d937bdef5,https://github.com/facebook/react-native/tree/e91e468edc925ae7f3a44b041b616fde08ee957f,https://github.com/facebook/react-native/compare/8d5f8804d88d7daf45766e525f8d363d937bdef5...e91e468edc925ae7f3a44b041b616fde08ee957f
343,ReactNative,8d5f8804d88d7daf45766e525f8d363d937bdef5,e91e468edc925ae7f3a44b041b616fde08ee957f,25686,https://github.com/facebook/react-native/issues/25686,https://github.com/facebook/react-native/tree/8d5f8804d88d7daf45766e525f8d363d937bdef5,https://github.com/facebook/react-native/tree/e91e468edc925ae7f3a44b041b616fde08ee957f,https://github.com/facebook/react-native/compare/8d5f8804d88d7daf45766e525f8d363d937bdef5...e91e468edc925ae7f3a44b041b616fde08ee957f
344,ReactNative,8d5f8804d88d7daf45766e525f8d363d937bdef5,e91e468edc925ae7f3a44b041b616fde08ee957f,25713,https://github.com/facebook/react-native/issues/25713,https://github.com/facebook/react-native/tree/8d5f8804d88d7daf45766e525f8d363d937bdef5,https://github.com/facebook/react-native/tree/e91e468edc925ae7f3a44b041b616fde08ee957f,https://github.com/facebook/react-native/compare/8d5f8804d88d7daf45766e525f8d363d937bdef5...e91e468edc925ae7f3a44b041b616fde08ee957f
345,ReactNative,8d5f8804d88d7daf45766e525f8d363d937bdef5,e91e468edc925ae7f3a44b041b616fde08ee957f,25708,https://github.com/facebook/react-native/issues/25708,https://github.com/facebook/react-native/tree/8d5f8804d88d7daf45766e525f8d363d937bdef5,https://github.com/facebook/react-native/tree/e91e468edc925ae7f3a44b041b616fde08ee957f,https://github.com/facebook/react-native/compare/8d5f8804d88d7daf45766e525f8d363d937bdef5...e91e468edc925ae7f3a44b041b616fde08ee957f
346,ReactNative,8d5f8804d88d7daf45766e525f8d363d937bdef5,e91e468edc925ae7f3a44b041b616fde08ee957f,25645,https://github.com/facebook/react-native/issues/25645,https://github.com/facebook/react-native/tree/8d5f8804d88d7daf45766e525f8d363d937bdef5,https://github.com/facebook/react-native/tree/e91e468edc925ae7f3a44b041b616fde08ee957f,https://github.com/facebook/react-native/compare/8d5f8804d88d7daf45766e525f8d363d937bdef5...e91e468edc925ae7f3a44b041b616fde08ee957f
347,ReactNative,8d5f8804d88d7daf45766e525f8d363d937bdef5,e91e468edc925ae7f3a44b041b616fde08ee957f,25597,https://github.com/facebook/react-native/issues/25597,https://github.com/facebook/react-native/tree/8d5f8804d88d7daf45766e525f8d363d937bdef5,https://github.com/facebook/react-native/tree/e91e468edc925ae7f3a44b041b616fde08ee957f,https://github.com/facebook/react-native/compare/8d5f8804d88d7daf45766e525f8d363d937bdef5...e91e468edc925ae7f3a44b041b616fde08ee957f
348,ReactNative,8d5f8804d88d7daf45766e525f8d363d937bdef5,e91e468edc925ae7f3a44b041b616fde08ee957f,25698,https://github.com/facebook/react-native/issues/25698,https://github.com/facebook/react-native/tree/8d5f8804d88d7daf45766e525f8d363d937bdef5,https://github.com/facebook/react-native/tree/e91e468edc925ae7f3a44b041b616fde08ee957f,https://github.com/facebook/react-native/compare/8d5f8804d88d7daf45766e525f8d363d937bdef5...e91e468edc925ae7f3a44b041b616fde08ee957f
349,ReactNative,8d5f8804d88d7daf45766e525f8d363d937bdef5,e91e468edc925ae7f3a44b041b616fde08ee957f,25692,https://github.com/facebook/react-native/issues/25692,https://github.com/facebook/react-native/tree/8d5f8804d88d7daf45766e525f8d363d937bdef5,https://github.com/facebook/react-native/tree/e91e468edc925ae7f3a44b041b616fde08ee957f,https://github.com/facebook/react-native/compare/8d5f8804d88d7daf45766e525f8d363d937bdef5...e91e468edc925ae7f3a44b041b616fde08ee957f
350,ReactNative,8d5f8804d88d7daf45766e525f8d363d937bdef5,e91e468edc925ae7f3a44b041b616fde08ee957f,25663,https://github.com/facebook/react-native/issues/25663,https://github.com/facebook/react-native/tree/8d5f8804d88d7daf45766e525f8d363d937bdef5,https://github.com/facebook/react-native/tree/e91e468edc925ae7f3a44b041b616fde08ee957f,https://github.com/facebook/react-native/compare/8d5f8804d88d7daf45766e525f8d363d937bdef5...e91e468edc925ae7f3a44b041b616fde08ee957f
351,ReactNative,0062435d2e7b6af7078e5eba9fd7b3d3d1531af8,af04eb773cf7531323c6a34a276098e84c6041a9,45085,https://github.com/facebook/react-native/issues/45085,https://github.com/facebook/react-native/tree/0062435d2e7b6af7078e5eba9fd7b3d3d1531af8,https://github.com/facebook/react-native/tree/af04eb773cf7531323c6a34a276098e84c6041a9,https://github.com/facebook/react-native/compare/0062435d2e7b6af7078e5eba9fd7b3d3d1531af8...af04eb773cf7531323c6a34a276098e84c6041a9
352,ReactNative,fb42a55bdfcc524228e0650fbdc1b7333ce0f27b,f2c335ac962c54dad08484f121b5bdc073b497cc,39783,https://github.com/facebook/react-native/issues/39783,https://github.com/facebook/react-native/tree/fb42a55bdfcc524228e0650fbdc1b7333ce0f27b,https://github.com/facebook/react-native/tree/f2c335ac962c54dad08484f121b5bdc073b497cc,https://github.com/facebook/react-native/compare/fb42a55bdfcc524228e0650fbdc1b7333ce0f27b...f2c335ac962c54dad08484f121b5bdc073b497cc
353,ReactNative,193cdc36f7de5524b509e38da8feb209d214634c,ab485c6a943a3b096aaa8a22d16abf506fae5b76,38709,https://github.com/facebook/react-native/issues/38709,https://github.com/facebook/react-native/tree/193cdc36f7de5524b509e38da8feb209d214634c,https://github.com/facebook/react-native/tree/ab485c6a943a3b096aaa8a22d16abf506fae5b76,https://github.com/facebook/react-native/compare/193cdc36f7de5524b509e38da8feb209d214634c...ab485c6a943a3b096aaa8a22d16abf506fae5b76
354,ReactNative,6b7f68240e08c64ced29ed3d7a1f95db96a6eef4,92dff73ba241e64f9fbdb3eff9096561ff9c455f,44610,https://github.com/facebook/react-native/issues/44610,https://github.com/facebook/react-native/tree/6b7f68240e08c64ced29ed3d7a1f95db96a6eef4,https://github.com/facebook/react-native/tree/92dff73ba241e64f9fbdb3eff9096561ff9c455f,https://github.com/facebook/react-native/compare/6b7f68240e08c64ced29ed3d7a1f95db96a6eef4...92dff73ba241e64f9fbdb3eff9096561ff9c455f
355,ReactNative,62cca7accced4416e5b437895f214ecef632da35,d2edc716197d09b27f1b621701bdbebaed49b56d,44610,https://github.com/facebook/react-native/issues/44610,https://github.com/facebook/react-native/tree/62cca7accced4416e5b437895f214ecef632da35,https://github.com/facebook/react-native/tree/d2edc716197d09b27f1b621701bdbebaed49b56d,https://github.com/facebook/react-native/compare/62cca7accced4416e5b437895f214ecef632da35...d2edc716197d09b27f1b621701bdbebaed49b56d
356,ReactNative,c0ea79d49ba7fea85d8658bb48766b84e4a608e6,57aa8b86cab9d89d636e6444af9c5f559533f029,26760,https://github.com/facebook/react-native/issues/26760,https://github.com/facebook/react-native/tree/c0ea79d49ba7fea85d8658bb48766b84e4a608e6,https://github.com/facebook/react-native/tree/57aa8b86cab9d89d636e6444af9c5f559533f029,https://github.com/facebook/react-native/compare/c0ea79d49ba7fea85d8658bb48766b84e4a608e6...57aa8b86cab9d89d636e6444af9c5f559533f029
357,ReactNative,c0ea79d49ba7fea85d8658bb48766b84e4a608e6,57aa8b86cab9d89d636e6444af9c5f559533f029,27345,https://github.com/facebook/react-native/issues/27345,https://github.com/facebook/react-native/tree/c0ea79d49ba7fea85d8658bb48766b84e4a608e6,https://github.com/facebook/react-native/tree/57aa8b86cab9d89d636e6444af9c5f559533f029,https://github.com/facebook/react-native/compare/c0ea79d49ba7fea85d8658bb48766b84e4a608e6...57aa8b86cab9d89d636e6444af9c5f559533f029
