bug.id,project_id,revision.id.buggy,revision.id.fixed,report.id,report.url,buggy_commit_url,fixed_commit_url,compare_url
1,TensorFlow,8d7da98c64a1f0a3f9f37640609e4a5407a2d163,48cc3eae7e00867002c88cc73244560ba61be85e,540,https://github.com/tensorflow/tensorflow/issues/540,https://github.com/tensorflow/tensorflow/tree/8d7da98c64a1f0a3f9f37640609e4a5407a2d163,https://github.com/tensorflow/tensorflow/tree/48cc3eae7e00867002c88cc73244560ba61be85e,https://github.com/tensorflow/tensorflow/compare/8d7da98c64a1f0a3f9f37640609e4a5407a2d163...48cc3eae7e00867002c88cc73244560ba61be85e
2,TensorFlow,ee4f4409fe5d994a0d01a4c04441847218527ce0,f2eae4b3d27a4dc6d1f591f55a50fb3e1984a287,505,https://github.com/tensorflow/tensorflow/issues/505,https://github.com/tensorflow/tensorflow/tree/ee4f4409fe5d994a0d01a4c04441847218527ce0,https://github.com/tensorflow/tensorflow/tree/f2eae4b3d27a4dc6d1f591f55a50fb3e1984a287,https://github.com/tensorflow/tensorflow/compare/ee4f4409fe5d994a0d01a4c04441847218527ce0...f2eae4b3d27a4dc6d1f591f55a50fb3e1984a287
3,TensorFlow,475edf8e949e9913e74d2f4b183f271198ecda86,d9cfc64a2ddf05c0b093c8fb6704c67452ee3ea0,466,https://github.com/tensorflow/tensorflow/issues/466,https://github.com/tensorflow/tensorflow/tree/475edf8e949e9913e74d2f4b183f271198ecda86,https://github.com/tensorflow/tensorflow/tree/d9cfc64a2ddf05c0b093c8fb6704c67452ee3ea0,https://github.com/tensorflow/tensorflow/compare/475edf8e949e9913e74d2f4b183f271198ecda86...d9cfc64a2ddf05c0b093c8fb6704c67452ee3ea0
4,TensorFlow,fe398ae67c737198e8db9923312a4a764ccd6947,73b9dd18ce3017829edef4a5b4190a4f0579369c,1035,https://github.com/tensorflow/tensorflow/issues/1035,https://github.com/tensorflow/tensorflow/tree/fe398ae67c737198e8db9923312a4a764ccd6947,https://github.com/tensorflow/tensorflow/tree/73b9dd18ce3017829edef4a5b4190a4f0579369c,https://github.com/tensorflow/tensorflow/compare/fe398ae67c737198e8db9923312a4a764ccd6947...73b9dd18ce3017829edef4a5b4190a4f0579369c
5,TensorFlow,36b25e83bf022ad6b67bb22ac5adb4c0243a78a7,b18bd346f523092af2beb5c1a10a8b35a9698188,686,https://github.com/tensorflow/tensorflow/issues/686,https://github.com/tensorflow/tensorflow/tree/36b25e83bf022ad6b67bb22ac5adb4c0243a78a7,https://github.com/tensorflow/tensorflow/tree/b18bd346f523092af2beb5c1a10a8b35a9698188,https://github.com/tensorflow/tensorflow/compare/36b25e83bf022ad6b67bb22ac5adb4c0243a78a7...b18bd346f523092af2beb5c1a10a8b35a9698188
6,TensorFlow,c057b9fcda1f8651da604b3238157fbd45db12e4,0ee27e38afb2682dc7a320397c5d29f43ea7f354,1102,https://github.com/tensorflow/tensorflow/issues/1102,https://github.com/tensorflow/tensorflow/tree/c057b9fcda1f8651da604b3238157fbd45db12e4,https://github.com/tensorflow/tensorflow/tree/0ee27e38afb2682dc7a320397c5d29f43ea7f354,https://github.com/tensorflow/tensorflow/compare/c057b9fcda1f8651da604b3238157fbd45db12e4...0ee27e38afb2682dc7a320397c5d29f43ea7f354
7,TensorFlow,3b3b06278cc7971bb273563bc917a89d49d19e7d,c15732f9fc8e030872ea7234d300e76a9b5c9cd7,952,https://github.com/tensorflow/tensorflow/issues/952,https://github.com/tensorflow/tensorflow/tree/3b3b06278cc7971bb273563bc917a89d49d19e7d,https://github.com/tensorflow/tensorflow/tree/c15732f9fc8e030872ea7234d300e76a9b5c9cd7,https://github.com/tensorflow/tensorflow/compare/3b3b06278cc7971bb273563bc917a89d49d19e7d...c15732f9fc8e030872ea7234d300e76a9b5c9cd7
8,TensorFlow,39ad4a14d1fa2bdb975d1e4e3de470fd95f79419,1b69b6873e0fa0e510797c7dca01563de2988838,539,https://github.com/tensorflow/tensorflow/issues/539,https://github.com/tensorflow/tensorflow/tree/39ad4a14d1fa2bdb975d1e4e3de470fd95f79419,https://github.com/tensorflow/tensorflow/tree/1b69b6873e0fa0e510797c7dca01563de2988838,https://github.com/tensorflow/tensorflow/compare/39ad4a14d1fa2bdb975d1e4e3de470fd95f79419...1b69b6873e0fa0e510797c7dca01563de2988838
9,TensorFlow,bca664cf253e2da345e005b0d90cf4ffa8b3c588,ee649764d5635d1acfaa74a892542e03018e554f,952,https://github.com/tensorflow/tensorflow/issues/952,https://github.com/tensorflow/tensorflow/tree/bca664cf253e2da345e005b0d90cf4ffa8b3c588,https://github.com/tensorflow/tensorflow/tree/ee649764d5635d1acfaa74a892542e03018e554f,https://github.com/tensorflow/tensorflow/compare/bca664cf253e2da345e005b0d90cf4ffa8b3c588...ee649764d5635d1acfaa74a892542e03018e554f
10,TensorFlow,c6393a629b48f77e348e1d51c88dd294d455b6da,3f1d5d5670e42ea4b01795c787e847dc799b9e54,1123,https://github.com/tensorflow/tensorflow/issues/1123,https://github.com/tensorflow/tensorflow/tree/c6393a629b48f77e348e1d51c88dd294d455b6da,https://github.com/tensorflow/tensorflow/tree/3f1d5d5670e42ea4b01795c787e847dc799b9e54,https://github.com/tensorflow/tensorflow/compare/c6393a629b48f77e348e1d51c88dd294d455b6da...3f1d5d5670e42ea4b01795c787e847dc799b9e54
11,TensorFlow,c6393a629b48f77e348e1d51c88dd294d455b6da,3f1d5d5670e42ea4b01795c787e847dc799b9e54,1135,https://github.com/tensorflow/tensorflow/issues/1135,https://github.com/tensorflow/tensorflow/tree/c6393a629b48f77e348e1d51c88dd294d455b6da,https://github.com/tensorflow/tensorflow/tree/3f1d5d5670e42ea4b01795c787e847dc799b9e54,https://github.com/tensorflow/tensorflow/compare/c6393a629b48f77e348e1d51c88dd294d455b6da...3f1d5d5670e42ea4b01795c787e847dc799b9e54
12,TensorFlow,73f11ec7d1cd7ac3e4b1455334b73791b2a64c81,42f06d870014dec70769cbdd8697821c92880be9,1123,https://github.com/tensorflow/tensorflow/issues/1123,https://github.com/tensorflow/tensorflow/tree/73f11ec7d1cd7ac3e4b1455334b73791b2a64c81,https://github.com/tensorflow/tensorflow/tree/42f06d870014dec70769cbdd8697821c92880be9,https://github.com/tensorflow/tensorflow/compare/73f11ec7d1cd7ac3e4b1455334b73791b2a64c81...42f06d870014dec70769cbdd8697821c92880be9
13,TensorFlow,73f11ec7d1cd7ac3e4b1455334b73791b2a64c81,42f06d870014dec70769cbdd8697821c92880be9,1135,https://github.com/tensorflow/tensorflow/issues/1135,https://github.com/tensorflow/tensorflow/tree/73f11ec7d1cd7ac3e4b1455334b73791b2a64c81,https://github.com/tensorflow/tensorflow/tree/42f06d870014dec70769cbdd8697821c92880be9,https://github.com/tensorflow/tensorflow/compare/73f11ec7d1cd7ac3e4b1455334b73791b2a64c81...42f06d870014dec70769cbdd8697821c92880be9
14,TensorFlow,02ab1dde366c2c9088f9a55a72a88e3ca72bfeb0,bf08a419e5855c57665e7bc21dc7d4df374dc89c,1102,https://github.com/tensorflow/tensorflow/issues/1102,https://github.com/tensorflow/tensorflow/tree/02ab1dde366c2c9088f9a55a72a88e3ca72bfeb0,https://github.com/tensorflow/tensorflow/tree/bf08a419e5855c57665e7bc21dc7d4df374dc89c,https://github.com/tensorflow/tensorflow/compare/02ab1dde366c2c9088f9a55a72a88e3ca72bfeb0...bf08a419e5855c57665e7bc21dc7d4df374dc89c
15,TensorFlow,7395855e6397eb15c3ce7fd91619eef6d292ae6c,f16ee4b4c1cc2054bb6a640632806f11ff720e3f,1363,https://github.com/tensorflow/tensorflow/issues/1363,https://github.com/tensorflow/tensorflow/tree/7395855e6397eb15c3ce7fd91619eef6d292ae6c,https://github.com/tensorflow/tensorflow/tree/f16ee4b4c1cc2054bb6a640632806f11ff720e3f,https://github.com/tensorflow/tensorflow/compare/7395855e6397eb15c3ce7fd91619eef6d292ae6c...f16ee4b4c1cc2054bb6a640632806f11ff720e3f
16,TensorFlow,14afcc932505af8d7aec82d2d2618d5678f9da6b,1c30801a9bdbf51f08d2b9be5690a668bf29c927,1105,https://github.com/tensorflow/tensorflow/issues/1105,https://github.com/tensorflow/tensorflow/tree/14afcc932505af8d7aec82d2d2618d5678f9da6b,https://github.com/tensorflow/tensorflow/tree/1c30801a9bdbf51f08d2b9be5690a668bf29c927,https://github.com/tensorflow/tensorflow/compare/14afcc932505af8d7aec82d2d2618d5678f9da6b...1c30801a9bdbf51f08d2b9be5690a668bf29c927
17,TensorFlow,3212eb3c874452ea928e23246e524b147f31cd15,80ddfbf11f63cf5d55ad16f4bc871cdd18ced3da,1343,https://github.com/tensorflow/tensorflow/issues/1343,https://github.com/tensorflow/tensorflow/tree/3212eb3c874452ea928e23246e524b147f31cd15,https://github.com/tensorflow/tensorflow/tree/80ddfbf11f63cf5d55ad16f4bc871cdd18ced3da,https://github.com/tensorflow/tensorflow/compare/3212eb3c874452ea928e23246e524b147f31cd15...80ddfbf11f63cf5d55ad16f4bc871cdd18ced3da
18,TensorFlow,439a269fa19459a42c816417e295e3a9c22962cc,484a80ce99998b59cf9f606a7c2a9ad1c14ea29a,1198,https://github.com/tensorflow/tensorflow/issues/1198,https://github.com/tensorflow/tensorflow/tree/439a269fa19459a42c816417e295e3a9c22962cc,https://github.com/tensorflow/tensorflow/tree/484a80ce99998b59cf9f606a7c2a9ad1c14ea29a,https://github.com/tensorflow/tensorflow/compare/439a269fa19459a42c816417e295e3a9c22962cc...484a80ce99998b59cf9f606a7c2a9ad1c14ea29a
19,TensorFlow,332fdef787824eea5ad5d7f0aa0e525bfb232e71,4da6ca28e2a2685872a2d01cc2a0ceb699f01606,1595,https://github.com/tensorflow/tensorflow/issues/1595,https://github.com/tensorflow/tensorflow/tree/332fdef787824eea5ad5d7f0aa0e525bfb232e71,https://github.com/tensorflow/tensorflow/tree/4da6ca28e2a2685872a2d01cc2a0ceb699f01606,https://github.com/tensorflow/tensorflow/compare/332fdef787824eea5ad5d7f0aa0e525bfb232e71...4da6ca28e2a2685872a2d01cc2a0ceb699f01606
20,TensorFlow,55041f6e03bbf66defc55e2adb2ff57581acf603,29f90aa2f98a95787acac39488a9b08aec7b7b30,1409,https://github.com/tensorflow/tensorflow/issues/1409,https://github.com/tensorflow/tensorflow/tree/55041f6e03bbf66defc55e2adb2ff57581acf603,https://github.com/tensorflow/tensorflow/tree/29f90aa2f98a95787acac39488a9b08aec7b7b30,https://github.com/tensorflow/tensorflow/compare/55041f6e03bbf66defc55e2adb2ff57581acf603...29f90aa2f98a95787acac39488a9b08aec7b7b30
21,TensorFlow,6cdcc5945183070d51b85cba79c089416e55a736,91969ae68e30eef368698094a7f574a3bcfdf315,1816,https://github.com/tensorflow/tensorflow/issues/1816,https://github.com/tensorflow/tensorflow/tree/6cdcc5945183070d51b85cba79c089416e55a736,https://github.com/tensorflow/tensorflow/tree/91969ae68e30eef368698094a7f574a3bcfdf315,https://github.com/tensorflow/tensorflow/compare/6cdcc5945183070d51b85cba79c089416e55a736...91969ae68e30eef368698094a7f574a3bcfdf315
22,TensorFlow,bf08a419e5855c57665e7bc21dc7d4df374dc89c,edfcee84a970fd648ea95547ef3f5cc42c1c9880,1105,https://github.com/tensorflow/tensorflow/issues/1105,https://github.com/tensorflow/tensorflow/tree/bf08a419e5855c57665e7bc21dc7d4df374dc89c,https://github.com/tensorflow/tensorflow/tree/edfcee84a970fd648ea95547ef3f5cc42c1c9880,https://github.com/tensorflow/tensorflow/compare/bf08a419e5855c57665e7bc21dc7d4df374dc89c...edfcee84a970fd648ea95547ef3f5cc42c1c9880
23,TensorFlow,bc75c6f252bd82ccf5c75f46c4ccbcac7c0e34f8,555c7f7c4108ae91601dce2e2dea1ad1158d5977,889,https://github.com/tensorflow/tensorflow/issues/889,https://github.com/tensorflow/tensorflow/tree/bc75c6f252bd82ccf5c75f46c4ccbcac7c0e34f8,https://github.com/tensorflow/tensorflow/tree/555c7f7c4108ae91601dce2e2dea1ad1158d5977,https://github.com/tensorflow/tensorflow/compare/bc75c6f252bd82ccf5c75f46c4ccbcac7c0e34f8...555c7f7c4108ae91601dce2e2dea1ad1158d5977
24,TensorFlow,89fb09e7907971a66b2d09cbca04f0c89e1b35a3,6ba4995be6372d1ca5e01eae649c1d8750b65857,2233,https://github.com/tensorflow/tensorflow/issues/2233,https://github.com/tensorflow/tensorflow/tree/89fb09e7907971a66b2d09cbca04f0c89e1b35a3,https://github.com/tensorflow/tensorflow/tree/6ba4995be6372d1ca5e01eae649c1d8750b65857,https://github.com/tensorflow/tensorflow/compare/89fb09e7907971a66b2d09cbca04f0c89e1b35a3...6ba4995be6372d1ca5e01eae649c1d8750b65857
25,TensorFlow,1830087f7ae9c80d2cb6d6ca0f5ed1806d30a522,bf8084b71006123575c6416d69efdd00c13fe41c,2645,https://github.com/tensorflow/tensorflow/issues/2645,https://github.com/tensorflow/tensorflow/tree/1830087f7ae9c80d2cb6d6ca0f5ed1806d30a522,https://github.com/tensorflow/tensorflow/tree/bf8084b71006123575c6416d69efdd00c13fe41c,https://github.com/tensorflow/tensorflow/compare/1830087f7ae9c80d2cb6d6ca0f5ed1806d30a522...bf8084b71006123575c6416d69efdd00c13fe41c
26,TensorFlow,3ef33a1c67dae5bb4835e0e753f95ad966ff5624,7233ae61b0e6deb896dd432764e9c0efae340791,2163,https://github.com/tensorflow/tensorflow/issues/2163,https://github.com/tensorflow/tensorflow/tree/3ef33a1c67dae5bb4835e0e753f95ad966ff5624,https://github.com/tensorflow/tensorflow/tree/7233ae61b0e6deb896dd432764e9c0efae340791,https://github.com/tensorflow/tensorflow/compare/3ef33a1c67dae5bb4835e0e753f95ad966ff5624...7233ae61b0e6deb896dd432764e9c0efae340791
27,TensorFlow,f5264a80ce137a9a44f6edc504f9cea9d88be4ea,c34a0d7ea6b557588a7a0c9f9c4e60d59f593af7,1748,https://github.com/tensorflow/tensorflow/issues/1748,https://github.com/tensorflow/tensorflow/tree/f5264a80ce137a9a44f6edc504f9cea9d88be4ea,https://github.com/tensorflow/tensorflow/tree/c34a0d7ea6b557588a7a0c9f9c4e60d59f593af7,https://github.com/tensorflow/tensorflow/compare/f5264a80ce137a9a44f6edc504f9cea9d88be4ea...c34a0d7ea6b557588a7a0c9f9c4e60d59f593af7
28,TensorFlow,e8189db6bd65233108393291dc01d40d310275ad,2ef218d722f316339ed10be2d9a3375b4a4d9f78,2619,https://github.com/tensorflow/tensorflow/issues/2619,https://github.com/tensorflow/tensorflow/tree/e8189db6bd65233108393291dc01d40d310275ad,https://github.com/tensorflow/tensorflow/tree/2ef218d722f316339ed10be2d9a3375b4a4d9f78,https://github.com/tensorflow/tensorflow/compare/e8189db6bd65233108393291dc01d40d310275ad...2ef218d722f316339ed10be2d9a3375b4a4d9f78
29,TensorFlow,c71127e587c6687be894a211122706542dcd31d6,075189747e9fc90976f84ed835452f955767a33a,2619,https://github.com/tensorflow/tensorflow/issues/2619,https://github.com/tensorflow/tensorflow/tree/c71127e587c6687be894a211122706542dcd31d6,https://github.com/tensorflow/tensorflow/tree/075189747e9fc90976f84ed835452f955767a33a,https://github.com/tensorflow/tensorflow/compare/c71127e587c6687be894a211122706542dcd31d6...075189747e9fc90976f84ed835452f955767a33a
30,TensorFlow,93053edabf5c68a53cb1745c1b685e496b79228e,9d6b7680cfcc5b784401d17fef997f0c089038b1,2467,https://github.com/tensorflow/tensorflow/issues/2467,https://github.com/tensorflow/tensorflow/tree/93053edabf5c68a53cb1745c1b685e496b79228e,https://github.com/tensorflow/tensorflow/tree/9d6b7680cfcc5b784401d17fef997f0c089038b1,https://github.com/tensorflow/tensorflow/compare/93053edabf5c68a53cb1745c1b685e496b79228e...9d6b7680cfcc5b784401d17fef997f0c089038b1
31,TensorFlow,79d872ef79a9a9f57dfcd82e3068b1d8bd9fe392,c7df235027fc07ea3a2a6c04ff2f69cd86afae57,2619,https://github.com/tensorflow/tensorflow/issues/2619,https://github.com/tensorflow/tensorflow/tree/79d872ef79a9a9f57dfcd82e3068b1d8bd9fe392,https://github.com/tensorflow/tensorflow/tree/c7df235027fc07ea3a2a6c04ff2f69cd86afae57,https://github.com/tensorflow/tensorflow/compare/79d872ef79a9a9f57dfcd82e3068b1d8bd9fe392...c7df235027fc07ea3a2a6c04ff2f69cd86afae57
32,TensorFlow,31f9379a537f13504c866c7551e7f8c01a523c67,0d0f37aef1f87c4c31c12ce876864022f624cd4c,2447,https://github.com/tensorflow/tensorflow/issues/2447,https://github.com/tensorflow/tensorflow/tree/31f9379a537f13504c866c7551e7f8c01a523c67,https://github.com/tensorflow/tensorflow/tree/0d0f37aef1f87c4c31c12ce876864022f624cd4c,https://github.com/tensorflow/tensorflow/compare/31f9379a537f13504c866c7551e7f8c01a523c67...0d0f37aef1f87c4c31c12ce876864022f624cd4c
33,TensorFlow,55041c8ee30b5a0d33d97ffa41c9a0104d6cfff6,91d65f6e5971302081a9348c4188a5031c30b021,2957,https://github.com/tensorflow/tensorflow/issues/2957,https://github.com/tensorflow/tensorflow/tree/55041c8ee30b5a0d33d97ffa41c9a0104d6cfff6,https://github.com/tensorflow/tensorflow/tree/91d65f6e5971302081a9348c4188a5031c30b021,https://github.com/tensorflow/tensorflow/compare/55041c8ee30b5a0d33d97ffa41c9a0104d6cfff6...91d65f6e5971302081a9348c4188a5031c30b021
34,TensorFlow,9e27c607dc6ab118eb4fe11ffdadfd79fd9eb3b4,cc40cd3b0a8b83f5ee071b7ee32c17b56815a89c,2447,https://github.com/tensorflow/tensorflow/issues/2447,https://github.com/tensorflow/tensorflow/tree/9e27c607dc6ab118eb4fe11ffdadfd79fd9eb3b4,https://github.com/tensorflow/tensorflow/tree/cc40cd3b0a8b83f5ee071b7ee32c17b56815a89c,https://github.com/tensorflow/tensorflow/compare/9e27c607dc6ab118eb4fe11ffdadfd79fd9eb3b4...cc40cd3b0a8b83f5ee071b7ee32c17b56815a89c
35,TensorFlow,3f488101d8d18d1bf8457ec5e2bd2c39ddea65a0,a2b9788ce440c350d4e3fef53fe0c51ba1c10c1a,2740,https://github.com/tensorflow/tensorflow/issues/2740,https://github.com/tensorflow/tensorflow/tree/3f488101d8d18d1bf8457ec5e2bd2c39ddea65a0,https://github.com/tensorflow/tensorflow/tree/a2b9788ce440c350d4e3fef53fe0c51ba1c10c1a,https://github.com/tensorflow/tensorflow/compare/3f488101d8d18d1bf8457ec5e2bd2c39ddea65a0...a2b9788ce440c350d4e3fef53fe0c51ba1c10c1a
36,TensorFlow,7022c01ac7282eed90db6b2c52195819264bc146,78c5ac2894b9a28924211d717e9153edcd5ab160,1399,https://github.com/tensorflow/tensorflow/issues/1399,https://github.com/tensorflow/tensorflow/tree/7022c01ac7282eed90db6b2c52195819264bc146,https://github.com/tensorflow/tensorflow/tree/78c5ac2894b9a28924211d717e9153edcd5ab160,https://github.com/tensorflow/tensorflow/compare/7022c01ac7282eed90db6b2c52195819264bc146...78c5ac2894b9a28924211d717e9153edcd5ab160
37,TensorFlow,2863cc1361e061d36061368df66feda32c2790a8,1ed0e764c8ca84d45823f2fd172dc8d40f89e3e2,2163,https://github.com/tensorflow/tensorflow/issues/2163,https://github.com/tensorflow/tensorflow/tree/2863cc1361e061d36061368df66feda32c2790a8,https://github.com/tensorflow/tensorflow/tree/1ed0e764c8ca84d45823f2fd172dc8d40f89e3e2,https://github.com/tensorflow/tensorflow/compare/2863cc1361e061d36061368df66feda32c2790a8...1ed0e764c8ca84d45823f2fd172dc8d40f89e3e2
38,TensorFlow,b02c1520f57d3d9a14d8e3612b7bc495b2cf7c8e,de6ce1de08ea97d599687fbbe5196ca4af5232ae,2774,https://github.com/tensorflow/tensorflow/issues/2774,https://github.com/tensorflow/tensorflow/tree/b02c1520f57d3d9a14d8e3612b7bc495b2cf7c8e,https://github.com/tensorflow/tensorflow/tree/de6ce1de08ea97d599687fbbe5196ca4af5232ae,https://github.com/tensorflow/tensorflow/compare/b02c1520f57d3d9a14d8e3612b7bc495b2cf7c8e...de6ce1de08ea97d599687fbbe5196ca4af5232ae
39,TensorFlow,a120b0bec12d47d4769a604b1cfafa3988a19a0c,6c14cd8e1bfbf1484ef22c82ac3badc53ed73f7d,3035,https://github.com/tensorflow/tensorflow/issues/3035,https://github.com/tensorflow/tensorflow/tree/a120b0bec12d47d4769a604b1cfafa3988a19a0c,https://github.com/tensorflow/tensorflow/tree/6c14cd8e1bfbf1484ef22c82ac3badc53ed73f7d,https://github.com/tensorflow/tensorflow/compare/a120b0bec12d47d4769a604b1cfafa3988a19a0c...6c14cd8e1bfbf1484ef22c82ac3badc53ed73f7d
40,TensorFlow,23c798e86f868de311baf0344b07f307682d4799,5d5db35ed2e9e90b95ab27f8b37898fd4543457f,3277,https://github.com/tensorflow/tensorflow/issues/3277,https://github.com/tensorflow/tensorflow/tree/23c798e86f868de311baf0344b07f307682d4799,https://github.com/tensorflow/tensorflow/tree/5d5db35ed2e9e90b95ab27f8b37898fd4543457f,https://github.com/tensorflow/tensorflow/compare/23c798e86f868de311baf0344b07f307682d4799...5d5db35ed2e9e90b95ab27f8b37898fd4543457f
41,TensorFlow,c5f94b10bbb30e525fa3ca313e7ccb173040c90a,9f47ac64454fe24594afad8f4b6daab248b2b656,3629,https://github.com/tensorflow/tensorflow/issues/3629,https://github.com/tensorflow/tensorflow/tree/c5f94b10bbb30e525fa3ca313e7ccb173040c90a,https://github.com/tensorflow/tensorflow/tree/9f47ac64454fe24594afad8f4b6daab248b2b656,https://github.com/tensorflow/tensorflow/compare/c5f94b10bbb30e525fa3ca313e7ccb173040c90a...9f47ac64454fe24594afad8f4b6daab248b2b656
42,TensorFlow,d72d45b6701279e12a0dd8325f143162b9060f33,a33ebe0bfc0c6d0c617d48a71f6f5136be881041,2295,https://github.com/tensorflow/tensorflow/issues/2295,https://github.com/tensorflow/tensorflow/tree/d72d45b6701279e12a0dd8325f143162b9060f33,https://github.com/tensorflow/tensorflow/tree/a33ebe0bfc0c6d0c617d48a71f6f5136be881041,https://github.com/tensorflow/tensorflow/compare/d72d45b6701279e12a0dd8325f143162b9060f33...a33ebe0bfc0c6d0c617d48a71f6f5136be881041
43,TensorFlow,313b87d80287c768a9189638a47c32dd5842e0c4,c5dfa2e4231dd5acd2ffb5f54d22e907edadf61e,1587,https://github.com/tensorflow/tensorflow/issues/1587,https://github.com/tensorflow/tensorflow/tree/313b87d80287c768a9189638a47c32dd5842e0c4,https://github.com/tensorflow/tensorflow/tree/c5dfa2e4231dd5acd2ffb5f54d22e907edadf61e,https://github.com/tensorflow/tensorflow/compare/313b87d80287c768a9189638a47c32dd5842e0c4...c5dfa2e4231dd5acd2ffb5f54d22e907edadf61e
44,TensorFlow,a5bcbf1284ea7c191c08334a1c331559653c4118,3b7153de39732170cc5abd01b0e051bf98e066eb,3932,https://github.com/tensorflow/tensorflow/issues/3932,https://github.com/tensorflow/tensorflow/tree/a5bcbf1284ea7c191c08334a1c331559653c4118,https://github.com/tensorflow/tensorflow/tree/3b7153de39732170cc5abd01b0e051bf98e066eb,https://github.com/tensorflow/tensorflow/compare/a5bcbf1284ea7c191c08334a1c331559653c4118...3b7153de39732170cc5abd01b0e051bf98e066eb
45,TensorFlow,761e6de4357786bee049e63e227b03d57f18bab0,17d0e46e6cc31af0bcf6e80ff4c5670d233b4940,3978,https://github.com/tensorflow/tensorflow/issues/3978,https://github.com/tensorflow/tensorflow/tree/761e6de4357786bee049e63e227b03d57f18bab0,https://github.com/tensorflow/tensorflow/tree/17d0e46e6cc31af0bcf6e80ff4c5670d233b4940,https://github.com/tensorflow/tensorflow/compare/761e6de4357786bee049e63e227b03d57f18bab0...17d0e46e6cc31af0bcf6e80ff4c5670d233b4940
46,TensorFlow,7a78d2e12407c3a478ca62a0992a7d6f3163e27a,b04c9f48ce69377a1172fd58e8ab210b435f359e,3978,https://github.com/tensorflow/tensorflow/issues/3978,https://github.com/tensorflow/tensorflow/tree/7a78d2e12407c3a478ca62a0992a7d6f3163e27a,https://github.com/tensorflow/tensorflow/tree/b04c9f48ce69377a1172fd58e8ab210b435f359e,https://github.com/tensorflow/tensorflow/compare/7a78d2e12407c3a478ca62a0992a7d6f3163e27a...b04c9f48ce69377a1172fd58e8ab210b435f359e
47,TensorFlow,54ce95a3bfc72f573d6d96962cfd01ebd1845b58,f66b491a06627510c1cf751fc11db2caf5aa1f25,4312,https://github.com/tensorflow/tensorflow/issues/4312,https://github.com/tensorflow/tensorflow/tree/54ce95a3bfc72f573d6d96962cfd01ebd1845b58,https://github.com/tensorflow/tensorflow/tree/f66b491a06627510c1cf751fc11db2caf5aa1f25,https://github.com/tensorflow/tensorflow/compare/54ce95a3bfc72f573d6d96962cfd01ebd1845b58...f66b491a06627510c1cf751fc11db2caf5aa1f25
48,TensorFlow,a1d81c7cff38374093944d34c90a11183acb1b86,53af29cb8503c7ed55a23d22090dd39ce0056a7a,3624,https://github.com/tensorflow/tensorflow/issues/3624,https://github.com/tensorflow/tensorflow/tree/a1d81c7cff38374093944d34c90a11183acb1b86,https://github.com/tensorflow/tensorflow/tree/53af29cb8503c7ed55a23d22090dd39ce0056a7a,https://github.com/tensorflow/tensorflow/compare/a1d81c7cff38374093944d34c90a11183acb1b86...53af29cb8503c7ed55a23d22090dd39ce0056a7a
49,TensorFlow,1f4e610111e88b185bf50006fa0b96d407a6f62b,c35e69c56941d79163dc9f054f57c199b1a4cc44,4084,https://github.com/tensorflow/tensorflow/issues/4084,https://github.com/tensorflow/tensorflow/tree/1f4e610111e88b185bf50006fa0b96d407a6f62b,https://github.com/tensorflow/tensorflow/tree/c35e69c56941d79163dc9f054f57c199b1a4cc44,https://github.com/tensorflow/tensorflow/compare/1f4e610111e88b185bf50006fa0b96d407a6f62b...c35e69c56941d79163dc9f054f57c199b1a4cc44
50,TensorFlow,888eecfb6f62da7467153c95710d8c1814fa991b,4d241449aeb3707143c64e1be106cc6828a0d7b0,4308,https://github.com/tensorflow/tensorflow/issues/4308,https://github.com/tensorflow/tensorflow/tree/888eecfb6f62da7467153c95710d8c1814fa991b,https://github.com/tensorflow/tensorflow/tree/4d241449aeb3707143c64e1be106cc6828a0d7b0,https://github.com/tensorflow/tensorflow/compare/888eecfb6f62da7467153c95710d8c1814fa991b...4d241449aeb3707143c64e1be106cc6828a0d7b0
51,TensorFlow,c00c073f52c2fc7b6672022c75d0b2abb9d9af3a,23fb96fa4914f77e7a517fb68984e5e9a5dccd3b,3177,https://github.com/tensorflow/tensorflow/issues/3177,https://github.com/tensorflow/tensorflow/tree/c00c073f52c2fc7b6672022c75d0b2abb9d9af3a,https://github.com/tensorflow/tensorflow/tree/23fb96fa4914f77e7a517fb68984e5e9a5dccd3b,https://github.com/tensorflow/tensorflow/compare/c00c073f52c2fc7b6672022c75d0b2abb9d9af3a...23fb96fa4914f77e7a517fb68984e5e9a5dccd3b
52,TensorFlow,c00c073f52c2fc7b6672022c75d0b2abb9d9af3a,23fb96fa4914f77e7a517fb68984e5e9a5dccd3b,3200,https://github.com/tensorflow/tensorflow/issues/3200,https://github.com/tensorflow/tensorflow/tree/c00c073f52c2fc7b6672022c75d0b2abb9d9af3a,https://github.com/tensorflow/tensorflow/tree/23fb96fa4914f77e7a517fb68984e5e9a5dccd3b,https://github.com/tensorflow/tensorflow/compare/c00c073f52c2fc7b6672022c75d0b2abb9d9af3a...23fb96fa4914f77e7a517fb68984e5e9a5dccd3b
53,TensorFlow,f4ce8c8170c90fc9f006a354b84460a885413cea,d74cc130dd0ce5ecd1421ef126e4446f337a856c,3364,https://github.com/tensorflow/tensorflow/issues/3364,https://github.com/tensorflow/tensorflow/tree/f4ce8c8170c90fc9f006a354b84460a885413cea,https://github.com/tensorflow/tensorflow/tree/d74cc130dd0ce5ecd1421ef126e4446f337a856c,https://github.com/tensorflow/tensorflow/compare/f4ce8c8170c90fc9f006a354b84460a885413cea...d74cc130dd0ce5ecd1421ef126e4446f337a856c
54,TensorFlow,d5de4949883313fac8c1cf3550fbe82073994ea5,77c8a03c3b398a95cd01ef3a1c7f5bed4935432b,4798,https://github.com/tensorflow/tensorflow/issues/4798,https://github.com/tensorflow/tensorflow/tree/d5de4949883313fac8c1cf3550fbe82073994ea5,https://github.com/tensorflow/tensorflow/tree/77c8a03c3b398a95cd01ef3a1c7f5bed4935432b,https://github.com/tensorflow/tensorflow/compare/d5de4949883313fac8c1cf3550fbe82073994ea5...77c8a03c3b398a95cd01ef3a1c7f5bed4935432b
55,TensorFlow,158a9d15452ed4a5e2ed1f8d6126c94558b5bc9b,7c79d528f43c69b6719da0c7846cd3aa56df57ef,4861,https://github.com/tensorflow/tensorflow/issues/4861,https://github.com/tensorflow/tensorflow/tree/158a9d15452ed4a5e2ed1f8d6126c94558b5bc9b,https://github.com/tensorflow/tensorflow/tree/7c79d528f43c69b6719da0c7846cd3aa56df57ef,https://github.com/tensorflow/tensorflow/compare/158a9d15452ed4a5e2ed1f8d6126c94558b5bc9b...7c79d528f43c69b6719da0c7846cd3aa56df57ef
56,TensorFlow,3b75eb34ea2c4982fb80843be089f02d430faade,2098b9abcf20d2c9694055bbfd6997bc00b73578,2844,https://github.com/tensorflow/tensorflow/issues/2844,https://github.com/tensorflow/tensorflow/tree/3b75eb34ea2c4982fb80843be089f02d430faade,https://github.com/tensorflow/tensorflow/tree/2098b9abcf20d2c9694055bbfd6997bc00b73578,https://github.com/tensorflow/tensorflow/compare/3b75eb34ea2c4982fb80843be089f02d430faade...2098b9abcf20d2c9694055bbfd6997bc00b73578
57,TensorFlow,3b75eb34ea2c4982fb80843be089f02d430faade,2098b9abcf20d2c9694055bbfd6997bc00b73578,3364,https://github.com/tensorflow/tensorflow/issues/3364,https://github.com/tensorflow/tensorflow/tree/3b75eb34ea2c4982fb80843be089f02d430faade,https://github.com/tensorflow/tensorflow/tree/2098b9abcf20d2c9694055bbfd6997bc00b73578,https://github.com/tensorflow/tensorflow/compare/3b75eb34ea2c4982fb80843be089f02d430faade...2098b9abcf20d2c9694055bbfd6997bc00b73578
58,TensorFlow,396513e0a0296827e98032489b65c05cb7068498,3ccdb2b695586201cde65e079806c5941ae542b6,3985,https://github.com/tensorflow/tensorflow/issues/3985,https://github.com/tensorflow/tensorflow/tree/396513e0a0296827e98032489b65c05cb7068498,https://github.com/tensorflow/tensorflow/tree/3ccdb2b695586201cde65e079806c5941ae542b6,https://github.com/tensorflow/tensorflow/compare/396513e0a0296827e98032489b65c05cb7068498...3ccdb2b695586201cde65e079806c5941ae542b6
59,TensorFlow,2aeedc38c604f3e9f028d696247512ea1c8522ee,222e4a716feae7a0331399903139bc9a2b422529,5014,https://github.com/tensorflow/tensorflow/issues/5014,https://github.com/tensorflow/tensorflow/tree/2aeedc38c604f3e9f028d696247512ea1c8522ee,https://github.com/tensorflow/tensorflow/tree/222e4a716feae7a0331399903139bc9a2b422529,https://github.com/tensorflow/tensorflow/compare/2aeedc38c604f3e9f028d696247512ea1c8522ee...222e4a716feae7a0331399903139bc9a2b422529
60,TensorFlow,a771598ad83ca33eb42594d7e804859371ba4ca9,f46fe646a26f0514fdfbfcea3882fd0120f24388,5115,https://github.com/tensorflow/tensorflow/issues/5115,https://github.com/tensorflow/tensorflow/tree/a771598ad83ca33eb42594d7e804859371ba4ca9,https://github.com/tensorflow/tensorflow/tree/f46fe646a26f0514fdfbfcea3882fd0120f24388,https://github.com/tensorflow/tensorflow/compare/a771598ad83ca33eb42594d7e804859371ba4ca9...f46fe646a26f0514fdfbfcea3882fd0120f24388
61,TensorFlow,cd46a4702bb0c1786874500f5b24b46f389a59b0,b725df4aaf4fde1139f7204bae31650a25348e0f,5380,https://github.com/tensorflow/tensorflow/issues/5380,https://github.com/tensorflow/tensorflow/tree/cd46a4702bb0c1786874500f5b24b46f389a59b0,https://github.com/tensorflow/tensorflow/tree/b725df4aaf4fde1139f7204bae31650a25348e0f,https://github.com/tensorflow/tensorflow/compare/cd46a4702bb0c1786874500f5b24b46f389a59b0...b725df4aaf4fde1139f7204bae31650a25348e0f
62,TensorFlow,8f6cb22c675b5c0b553334a8f04daef462905d69,f8573271af6d5d4907709cd570320fec0db33780,5401,https://github.com/tensorflow/tensorflow/issues/5401,https://github.com/tensorflow/tensorflow/tree/8f6cb22c675b5c0b553334a8f04daef462905d69,https://github.com/tensorflow/tensorflow/tree/f8573271af6d5d4907709cd570320fec0db33780,https://github.com/tensorflow/tensorflow/compare/8f6cb22c675b5c0b553334a8f04daef462905d69...f8573271af6d5d4907709cd570320fec0db33780
63,TensorFlow,d278b7b12bffd4deb1dadb4ce8148e4bb8fc021a,fadc1f3c869c15b1890221bb6dfb0f7bd0f7c23d,4131,https://github.com/tensorflow/tensorflow/issues/4131,https://github.com/tensorflow/tensorflow/tree/d278b7b12bffd4deb1dadb4ce8148e4bb8fc021a,https://github.com/tensorflow/tensorflow/tree/fadc1f3c869c15b1890221bb6dfb0f7bd0f7c23d,https://github.com/tensorflow/tensorflow/compare/d278b7b12bffd4deb1dadb4ce8148e4bb8fc021a...fadc1f3c869c15b1890221bb6dfb0f7bd0f7c23d
64,TensorFlow,459be26e71cb1adf0eaa51084e2a7585fb591c9a,781080a6c3b8dc78f665968755787f6782f3811b,2844,https://github.com/tensorflow/tensorflow/issues/2844,https://github.com/tensorflow/tensorflow/tree/459be26e71cb1adf0eaa51084e2a7585fb591c9a,https://github.com/tensorflow/tensorflow/tree/781080a6c3b8dc78f665968755787f6782f3811b,https://github.com/tensorflow/tensorflow/compare/459be26e71cb1adf0eaa51084e2a7585fb591c9a...781080a6c3b8dc78f665968755787f6782f3811b
65,TensorFlow,799162580c90062c54145623ade01502bb314540,d131c5d35b9ef01b6cc5776ca6b0725f83ad35b6,5251,https://github.com/tensorflow/tensorflow/issues/5251,https://github.com/tensorflow/tensorflow/tree/799162580c90062c54145623ade01502bb314540,https://github.com/tensorflow/tensorflow/tree/d131c5d35b9ef01b6cc5776ca6b0725f83ad35b6,https://github.com/tensorflow/tensorflow/compare/799162580c90062c54145623ade01502bb314540...d131c5d35b9ef01b6cc5776ca6b0725f83ad35b6
66,TensorFlow,872ec6aa3b1727364093ecaf577996ba519e2a8c,1b531b9d88361a3b8506399d5edae155125c5371,5652,https://github.com/tensorflow/tensorflow/issues/5652,https://github.com/tensorflow/tensorflow/tree/872ec6aa3b1727364093ecaf577996ba519e2a8c,https://github.com/tensorflow/tensorflow/tree/1b531b9d88361a3b8506399d5edae155125c5371,https://github.com/tensorflow/tensorflow/compare/872ec6aa3b1727364093ecaf577996ba519e2a8c...1b531b9d88361a3b8506399d5edae155125c5371
67,TensorFlow,2852ae057b6b0ef2a0b30b34df43a562cc00acf4,dc8e55e1feb3ebd1fe6d6148807bfc35d69073d3,6202,https://github.com/tensorflow/tensorflow/issues/6202,https://github.com/tensorflow/tensorflow/tree/2852ae057b6b0ef2a0b30b34df43a562cc00acf4,https://github.com/tensorflow/tensorflow/tree/dc8e55e1feb3ebd1fe6d6148807bfc35d69073d3,https://github.com/tensorflow/tensorflow/compare/2852ae057b6b0ef2a0b30b34df43a562cc00acf4...dc8e55e1feb3ebd1fe6d6148807bfc35d69073d3
68,TensorFlow,5329ac7a4c8c20df5e22c928a82ccc943dc9100c,e6e8d8715552d8890c0dd10f49ec3dff931a9926,5438,https://github.com/tensorflow/tensorflow/issues/5438,https://github.com/tensorflow/tensorflow/tree/5329ac7a4c8c20df5e22c928a82ccc943dc9100c,https://github.com/tensorflow/tensorflow/tree/e6e8d8715552d8890c0dd10f49ec3dff931a9926,https://github.com/tensorflow/tensorflow/compare/5329ac7a4c8c20df5e22c928a82ccc943dc9100c...e6e8d8715552d8890c0dd10f49ec3dff931a9926
69,TensorFlow,9e3b3aafb65ddab7dfb6130af9e1e7bb5121c46d,aa112f20647acd2298e3752cea7e370d5841b032,6256,https://github.com/tensorflow/tensorflow/issues/6256,https://github.com/tensorflow/tensorflow/tree/9e3b3aafb65ddab7dfb6130af9e1e7bb5121c46d,https://github.com/tensorflow/tensorflow/tree/aa112f20647acd2298e3752cea7e370d5841b032,https://github.com/tensorflow/tensorflow/compare/9e3b3aafb65ddab7dfb6130af9e1e7bb5121c46d...aa112f20647acd2298e3752cea7e370d5841b032
70,TensorFlow,73eff47e33b11cc9bcfacf6c0d56c964260eee34,02d2385b8c33e89b53e49bc89e646b54de920bad,6602,https://github.com/tensorflow/tensorflow/issues/6602,https://github.com/tensorflow/tensorflow/tree/73eff47e33b11cc9bcfacf6c0d56c964260eee34,https://github.com/tensorflow/tensorflow/tree/02d2385b8c33e89b53e49bc89e646b54de920bad,https://github.com/tensorflow/tensorflow/compare/73eff47e33b11cc9bcfacf6c0d56c964260eee34...02d2385b8c33e89b53e49bc89e646b54de920bad
71,TensorFlow,48c433f48bb3aee5bc8efe579f7a4e48e8615f4d,11fbea4ccf3ec0b354c5a31a109ac35cb457fc8e,6735,https://github.com/tensorflow/tensorflow/issues/6735,https://github.com/tensorflow/tensorflow/tree/48c433f48bb3aee5bc8efe579f7a4e48e8615f4d,https://github.com/tensorflow/tensorflow/tree/11fbea4ccf3ec0b354c5a31a109ac35cb457fc8e,https://github.com/tensorflow/tensorflow/compare/48c433f48bb3aee5bc8efe579f7a4e48e8615f4d...11fbea4ccf3ec0b354c5a31a109ac35cb457fc8e
72,TensorFlow,63a2673aef7bfeb04d056a126648593a83af891c,cf9818e1725d8f6229c1865eb26549725c04959a,6509,https://github.com/tensorflow/tensorflow/issues/6509,https://github.com/tensorflow/tensorflow/tree/63a2673aef7bfeb04d056a126648593a83af891c,https://github.com/tensorflow/tensorflow/tree/cf9818e1725d8f6229c1865eb26549725c04959a,https://github.com/tensorflow/tensorflow/compare/63a2673aef7bfeb04d056a126648593a83af891c...cf9818e1725d8f6229c1865eb26549725c04959a
73,TensorFlow,51dbc464832599c4d450d078d00e56a011233277,c3df5d40ef8240ede980ccb740d6af87837d8eef,7088,https://github.com/tensorflow/tensorflow/issues/7088,https://github.com/tensorflow/tensorflow/tree/51dbc464832599c4d450d078d00e56a011233277,https://github.com/tensorflow/tensorflow/tree/c3df5d40ef8240ede980ccb740d6af87837d8eef,https://github.com/tensorflow/tensorflow/compare/51dbc464832599c4d450d078d00e56a011233277...c3df5d40ef8240ede980ccb740d6af87837d8eef
74,TensorFlow,77f5f5e13e60522adc4302c71866285df3876658,2abef5cebb7d8771f610d213bc900b7ab7aea47e,6799,https://github.com/tensorflow/tensorflow/issues/6799,https://github.com/tensorflow/tensorflow/tree/77f5f5e13e60522adc4302c71866285df3876658,https://github.com/tensorflow/tensorflow/tree/2abef5cebb7d8771f610d213bc900b7ab7aea47e,https://github.com/tensorflow/tensorflow/compare/77f5f5e13e60522adc4302c71866285df3876658...2abef5cebb7d8771f610d213bc900b7ab7aea47e
75,TensorFlow,e2fd602760f3e92302a6369db65547fa0e9dbdb7,b39773478542bf812a12715f7f753f9a88e5e86c,6717,https://github.com/tensorflow/tensorflow/issues/6717,https://github.com/tensorflow/tensorflow/tree/e2fd602760f3e92302a6369db65547fa0e9dbdb7,https://github.com/tensorflow/tensorflow/tree/b39773478542bf812a12715f7f753f9a88e5e86c,https://github.com/tensorflow/tensorflow/compare/e2fd602760f3e92302a6369db65547fa0e9dbdb7...b39773478542bf812a12715f7f753f9a88e5e86c
76,TensorFlow,d303ae5efc1b340f9c48ca9da498e8f2aebf5ba4,0c68156ffcf918df905f9f39a632888724c66c3b,6809,https://github.com/tensorflow/tensorflow/issues/6809,https://github.com/tensorflow/tensorflow/tree/d303ae5efc1b340f9c48ca9da498e8f2aebf5ba4,https://github.com/tensorflow/tensorflow/tree/0c68156ffcf918df905f9f39a632888724c66c3b,https://github.com/tensorflow/tensorflow/compare/d303ae5efc1b340f9c48ca9da498e8f2aebf5ba4...0c68156ffcf918df905f9f39a632888724c66c3b
77,TensorFlow,735a9e80bcedb08d943f72519fd7b9f5cdf7df29,0318cf082ee88ff0e226a5bf7da0487f44d82182,7065,https://github.com/tensorflow/tensorflow/issues/7065,https://github.com/tensorflow/tensorflow/tree/735a9e80bcedb08d943f72519fd7b9f5cdf7df29,https://github.com/tensorflow/tensorflow/tree/0318cf082ee88ff0e226a5bf7da0487f44d82182,https://github.com/tensorflow/tensorflow/compare/735a9e80bcedb08d943f72519fd7b9f5cdf7df29...0318cf082ee88ff0e226a5bf7da0487f44d82182
78,TensorFlow,c7df4d98c6b91c672179935c3615e2fbe0b1ec19,88499af956956a11f8daa309881952f2fcba7120,6854,https://github.com/tensorflow/tensorflow/issues/6854,https://github.com/tensorflow/tensorflow/tree/c7df4d98c6b91c672179935c3615e2fbe0b1ec19,https://github.com/tensorflow/tensorflow/tree/88499af956956a11f8daa309881952f2fcba7120,https://github.com/tensorflow/tensorflow/compare/c7df4d98c6b91c672179935c3615e2fbe0b1ec19...88499af956956a11f8daa309881952f2fcba7120
79,TensorFlow,4ecd72b68cd70c3930551aebbf0c80badc301d28,c7fca9eed7b584cbfd95b253908c51f4e9b7fa8b,7356,https://github.com/tensorflow/tensorflow/issues/7356,https://github.com/tensorflow/tensorflow/tree/4ecd72b68cd70c3930551aebbf0c80badc301d28,https://github.com/tensorflow/tensorflow/tree/c7fca9eed7b584cbfd95b253908c51f4e9b7fa8b,https://github.com/tensorflow/tensorflow/compare/4ecd72b68cd70c3930551aebbf0c80badc301d28...c7fca9eed7b584cbfd95b253908c51f4e9b7fa8b
80,TensorFlow,12254370ad9248170ca8acc58061f475ef8d6d62,099ef38a99d069b9a1f6d09a289b2df69eaee276,7375,https://github.com/tensorflow/tensorflow/issues/7375,https://github.com/tensorflow/tensorflow/tree/12254370ad9248170ca8acc58061f475ef8d6d62,https://github.com/tensorflow/tensorflow/tree/099ef38a99d069b9a1f6d09a289b2df69eaee276,https://github.com/tensorflow/tensorflow/compare/12254370ad9248170ca8acc58061f475ef8d6d62...099ef38a99d069b9a1f6d09a289b2df69eaee276
81,TensorFlow,14a41dc135b79cbd809436fbd6942667099ef15f,6ed5eaaac13540c1b9d5a7549b2c82aac91ba318,6823,https://github.com/tensorflow/tensorflow/issues/6823,https://github.com/tensorflow/tensorflow/tree/14a41dc135b79cbd809436fbd6942667099ef15f,https://github.com/tensorflow/tensorflow/tree/6ed5eaaac13540c1b9d5a7549b2c82aac91ba318,https://github.com/tensorflow/tensorflow/compare/14a41dc135b79cbd809436fbd6942667099ef15f...6ed5eaaac13540c1b9d5a7549b2c82aac91ba318
82,TensorFlow,aa821fc99a5fe7cbb59971d1d139cf376ade4335,bd371a33810ecb7957fa952b2af0e6dc33f9341c,6854,https://github.com/tensorflow/tensorflow/issues/6854,https://github.com/tensorflow/tensorflow/tree/aa821fc99a5fe7cbb59971d1d139cf376ade4335,https://github.com/tensorflow/tensorflow/tree/bd371a33810ecb7957fa952b2af0e6dc33f9341c,https://github.com/tensorflow/tensorflow/compare/aa821fc99a5fe7cbb59971d1d139cf376ade4335...bd371a33810ecb7957fa952b2af0e6dc33f9341c
83,TensorFlow,bd4a1c58d28734c77ecb17d719e72c45c6c33077,088b2d49e9dd0ce752b0019c7e543c249e0a8052,6809,https://github.com/tensorflow/tensorflow/issues/6809,https://github.com/tensorflow/tensorflow/tree/bd4a1c58d28734c77ecb17d719e72c45c6c33077,https://github.com/tensorflow/tensorflow/tree/088b2d49e9dd0ce752b0019c7e543c249e0a8052,https://github.com/tensorflow/tensorflow/compare/bd4a1c58d28734c77ecb17d719e72c45c6c33077...088b2d49e9dd0ce752b0019c7e543c249e0a8052
84,TensorFlow,18f1562c34f38e56dbd59acde3bdc4f9954bd071,7314d0853e2ee7d64526ad3b1dcaa08591199bfb,6342,https://github.com/tensorflow/tensorflow/issues/6342,https://github.com/tensorflow/tensorflow/tree/18f1562c34f38e56dbd59acde3bdc4f9954bd071,https://github.com/tensorflow/tensorflow/tree/7314d0853e2ee7d64526ad3b1dcaa08591199bfb,https://github.com/tensorflow/tensorflow/compare/18f1562c34f38e56dbd59acde3bdc4f9954bd071...7314d0853e2ee7d64526ad3b1dcaa08591199bfb
85,TensorFlow,18f1562c34f38e56dbd59acde3bdc4f9954bd071,7314d0853e2ee7d64526ad3b1dcaa08591199bfb,6647,https://github.com/tensorflow/tensorflow/issues/6647,https://github.com/tensorflow/tensorflow/tree/18f1562c34f38e56dbd59acde3bdc4f9954bd071,https://github.com/tensorflow/tensorflow/tree/7314d0853e2ee7d64526ad3b1dcaa08591199bfb,https://github.com/tensorflow/tensorflow/compare/18f1562c34f38e56dbd59acde3bdc4f9954bd071...7314d0853e2ee7d64526ad3b1dcaa08591199bfb
86,TensorFlow,e82c8350cb2bbf2ffc1205cc828d99335dcb55b0,b0006cef925d0588cc53a57951c370c83d8e5de9,7767,https://github.com/tensorflow/tensorflow/issues/7767,https://github.com/tensorflow/tensorflow/tree/e82c8350cb2bbf2ffc1205cc828d99335dcb55b0,https://github.com/tensorflow/tensorflow/tree/b0006cef925d0588cc53a57951c370c83d8e5de9,https://github.com/tensorflow/tensorflow/compare/e82c8350cb2bbf2ffc1205cc828d99335dcb55b0...b0006cef925d0588cc53a57951c370c83d8e5de9
87,TensorFlow,e82c8350cb2bbf2ffc1205cc828d99335dcb55b0,b0006cef925d0588cc53a57951c370c83d8e5de9,6780,https://github.com/tensorflow/tensorflow/issues/6780,https://github.com/tensorflow/tensorflow/tree/e82c8350cb2bbf2ffc1205cc828d99335dcb55b0,https://github.com/tensorflow/tensorflow/tree/b0006cef925d0588cc53a57951c370c83d8e5de9,https://github.com/tensorflow/tensorflow/compare/e82c8350cb2bbf2ffc1205cc828d99335dcb55b0...b0006cef925d0588cc53a57951c370c83d8e5de9
88,TensorFlow,2823db46405a8b77a61b9da1f9a13019331e5390,ab9ab8937f13a98e13ee531d56999473099a373c,7935,https://github.com/tensorflow/tensorflow/issues/7935,https://github.com/tensorflow/tensorflow/tree/2823db46405a8b77a61b9da1f9a13019331e5390,https://github.com/tensorflow/tensorflow/tree/ab9ab8937f13a98e13ee531d56999473099a373c,https://github.com/tensorflow/tensorflow/compare/2823db46405a8b77a61b9da1f9a13019331e5390...ab9ab8937f13a98e13ee531d56999473099a373c
89,TensorFlow,e077e4885a8b2b3f31217056ca932757fe671696,5fb1aeaa6df73fe3ed6e66c034cf4202e3aa90ed,8284,https://github.com/tensorflow/tensorflow/issues/8284,https://github.com/tensorflow/tensorflow/tree/e077e4885a8b2b3f31217056ca932757fe671696,https://github.com/tensorflow/tensorflow/tree/5fb1aeaa6df73fe3ed6e66c034cf4202e3aa90ed,https://github.com/tensorflow/tensorflow/compare/e077e4885a8b2b3f31217056ca932757fe671696...5fb1aeaa6df73fe3ed6e66c034cf4202e3aa90ed
90,TensorFlow,bbe05bf0e87c6030012a66a9fd0e3de977269215,cb4f6337a583bb0f745d0a7319cf4d8256fdb3ea,7647,https://github.com/tensorflow/tensorflow/issues/7647,https://github.com/tensorflow/tensorflow/tree/bbe05bf0e87c6030012a66a9fd0e3de977269215,https://github.com/tensorflow/tensorflow/tree/cb4f6337a583bb0f745d0a7319cf4d8256fdb3ea,https://github.com/tensorflow/tensorflow/compare/bbe05bf0e87c6030012a66a9fd0e3de977269215...cb4f6337a583bb0f745d0a7319cf4d8256fdb3ea
91,TensorFlow,b6ec8c974a1ea4241115b5e5edf5a87b2f55c16b,f2843b0831653020ca6e1ceb7011f916e2e8f706,7569,https://github.com/tensorflow/tensorflow/issues/7569,https://github.com/tensorflow/tensorflow/tree/b6ec8c974a1ea4241115b5e5edf5a87b2f55c16b,https://github.com/tensorflow/tensorflow/tree/f2843b0831653020ca6e1ceb7011f916e2e8f706,https://github.com/tensorflow/tensorflow/compare/b6ec8c974a1ea4241115b5e5edf5a87b2f55c16b...f2843b0831653020ca6e1ceb7011f916e2e8f706
92,TensorFlow,131ce3ebe139a8d5684bffe427925df5578bfe4a,cb9d67def133b238b0ebba62392e672410a40f0d,8504,https://github.com/tensorflow/tensorflow/issues/8504,https://github.com/tensorflow/tensorflow/tree/131ce3ebe139a8d5684bffe427925df5578bfe4a,https://github.com/tensorflow/tensorflow/tree/cb9d67def133b238b0ebba62392e672410a40f0d,https://github.com/tensorflow/tensorflow/compare/131ce3ebe139a8d5684bffe427925df5578bfe4a...cb9d67def133b238b0ebba62392e672410a40f0d
93,TensorFlow,4b553d2325bef388fdbae4a868189c6c7e7cbf57,3116fa80450735e907907bc57a6834e9e212570a,7406,https://github.com/tensorflow/tensorflow/issues/7406,https://github.com/tensorflow/tensorflow/tree/4b553d2325bef388fdbae4a868189c6c7e7cbf57,https://github.com/tensorflow/tensorflow/tree/3116fa80450735e907907bc57a6834e9e212570a,https://github.com/tensorflow/tensorflow/compare/4b553d2325bef388fdbae4a868189c6c7e7cbf57...3116fa80450735e907907bc57a6834e9e212570a
94,TensorFlow,848b25132f2806e83a16d9745584bd258d8293e8,4376dd7278c3f8da1ea7ac330bc6473163793d17,8391,https://github.com/tensorflow/tensorflow/issues/8391,https://github.com/tensorflow/tensorflow/tree/848b25132f2806e83a16d9745584bd258d8293e8,https://github.com/tensorflow/tensorflow/tree/4376dd7278c3f8da1ea7ac330bc6473163793d17,https://github.com/tensorflow/tensorflow/compare/848b25132f2806e83a16d9745584bd258d8293e8...4376dd7278c3f8da1ea7ac330bc6473163793d17
95,TensorFlow,957253b638391bcf08dc335904f207a746d32721,97bb657c6d3849bfddead2c4c6f68c53157d7982,8047,https://github.com/tensorflow/tensorflow/issues/8047,https://github.com/tensorflow/tensorflow/tree/957253b638391bcf08dc335904f207a746d32721,https://github.com/tensorflow/tensorflow/tree/97bb657c6d3849bfddead2c4c6f68c53157d7982,https://github.com/tensorflow/tensorflow/compare/957253b638391bcf08dc335904f207a746d32721...97bb657c6d3849bfddead2c4c6f68c53157d7982
96,TensorFlow,d293002c7ad38180546fd1cb7b6cb808afb2eeb5,81761d7d07018af6665a20afe74b99b18ba02728,8504,https://github.com/tensorflow/tensorflow/issues/8504,https://github.com/tensorflow/tensorflow/tree/d293002c7ad38180546fd1cb7b6cb808afb2eeb5,https://github.com/tensorflow/tensorflow/tree/81761d7d07018af6665a20afe74b99b18ba02728,https://github.com/tensorflow/tensorflow/compare/d293002c7ad38180546fd1cb7b6cb808afb2eeb5...81761d7d07018af6665a20afe74b99b18ba02728
97,TensorFlow,b35a22c36a2500bf00d14fab16276ba75cc7af2f,039c74293abfc8e9263ca80ab4facdde658dfb03,8507,https://github.com/tensorflow/tensorflow/issues/8507,https://github.com/tensorflow/tensorflow/tree/b35a22c36a2500bf00d14fab16276ba75cc7af2f,https://github.com/tensorflow/tensorflow/tree/039c74293abfc8e9263ca80ab4facdde658dfb03,https://github.com/tensorflow/tensorflow/compare/b35a22c36a2500bf00d14fab16276ba75cc7af2f...039c74293abfc8e9263ca80ab4facdde658dfb03
98,TensorFlow,0c3eec3f70599e36a457adb5a81ebad302e65a78,7b410ebea68bb26b3166a357cf7c1e8946a1b35b,8337,https://github.com/tensorflow/tensorflow/issues/8337,https://github.com/tensorflow/tensorflow/tree/0c3eec3f70599e36a457adb5a81ebad302e65a78,https://github.com/tensorflow/tensorflow/tree/7b410ebea68bb26b3166a357cf7c1e8946a1b35b,https://github.com/tensorflow/tensorflow/compare/0c3eec3f70599e36a457adb5a81ebad302e65a78...7b410ebea68bb26b3166a357cf7c1e8946a1b35b
99,TensorFlow,fb56fc90167c3919cb59f753f233ef2a41469cb2,99559a3455d7c3b3663968a55bf56801743201d0,8337,https://github.com/tensorflow/tensorflow/issues/8337,https://github.com/tensorflow/tensorflow/tree/fb56fc90167c3919cb59f753f233ef2a41469cb2,https://github.com/tensorflow/tensorflow/tree/99559a3455d7c3b3663968a55bf56801743201d0,https://github.com/tensorflow/tensorflow/compare/fb56fc90167c3919cb59f753f233ef2a41469cb2...99559a3455d7c3b3663968a55bf56801743201d0
100,TensorFlow,35e3f6c44f5edcb659519b444e1aa5215c9e36b0,e8ee5286a686c6fc3057ba7cf9ba9ef7003789a6,8494,https://github.com/tensorflow/tensorflow/issues/8494,https://github.com/tensorflow/tensorflow/tree/35e3f6c44f5edcb659519b444e1aa5215c9e36b0,https://github.com/tensorflow/tensorflow/tree/e8ee5286a686c6fc3057ba7cf9ba9ef7003789a6,https://github.com/tensorflow/tensorflow/compare/35e3f6c44f5edcb659519b444e1aa5215c9e36b0...e8ee5286a686c6fc3057ba7cf9ba9ef7003789a6
101,TensorFlow,31559fd5317abd10c457575a1718b88b3917446c,24a95ae389e1c76e771ac33d66e0ec40a236260f,9103,https://github.com/tensorflow/tensorflow/issues/9103,https://github.com/tensorflow/tensorflow/tree/31559fd5317abd10c457575a1718b88b3917446c,https://github.com/tensorflow/tensorflow/tree/24a95ae389e1c76e771ac33d66e0ec40a236260f,https://github.com/tensorflow/tensorflow/compare/31559fd5317abd10c457575a1718b88b3917446c...24a95ae389e1c76e771ac33d66e0ec40a236260f
102,TensorFlow,4714207c80e79a3d3e23fa3976c30fdd610ec326,1926b9d3b91375f5a4433303a27b49b4da53f64e,9047,https://github.com/tensorflow/tensorflow/issues/9047,https://github.com/tensorflow/tensorflow/tree/4714207c80e79a3d3e23fa3976c30fdd610ec326,https://github.com/tensorflow/tensorflow/tree/1926b9d3b91375f5a4433303a27b49b4da53f64e,https://github.com/tensorflow/tensorflow/compare/4714207c80e79a3d3e23fa3976c30fdd610ec326...1926b9d3b91375f5a4433303a27b49b4da53f64e
103,TensorFlow,ef9a552282e24bcbc5dd2d590d986c09d9eef9b1,1f210ad7c2a81fe27196dd1a85c9bb92f19bc94a,9136,https://github.com/tensorflow/tensorflow/issues/9136,https://github.com/tensorflow/tensorflow/tree/ef9a552282e24bcbc5dd2d590d986c09d9eef9b1,https://github.com/tensorflow/tensorflow/tree/1f210ad7c2a81fe27196dd1a85c9bb92f19bc94a,https://github.com/tensorflow/tensorflow/compare/ef9a552282e24bcbc5dd2d590d986c09d9eef9b1...1f210ad7c2a81fe27196dd1a85c9bb92f19bc94a
104,TensorFlow,10dbab8e6eebe77a32e93195241c98adb175070e,9d3efca71e9a6250802dcdc3d19152f3acf0c675,6616,https://github.com/tensorflow/tensorflow/issues/6616,https://github.com/tensorflow/tensorflow/tree/10dbab8e6eebe77a32e93195241c98adb175070e,https://github.com/tensorflow/tensorflow/tree/9d3efca71e9a6250802dcdc3d19152f3acf0c675,https://github.com/tensorflow/tensorflow/compare/10dbab8e6eebe77a32e93195241c98adb175070e...9d3efca71e9a6250802dcdc3d19152f3acf0c675
105,TensorFlow,dc33e79fea3777f23fa37a3d7840968d1a954190,b0ab95c7af7c051d78dd74bd0a3032ce35273ea6,8652,https://github.com/tensorflow/tensorflow/issues/8652,https://github.com/tensorflow/tensorflow/tree/dc33e79fea3777f23fa37a3d7840968d1a954190,https://github.com/tensorflow/tensorflow/tree/b0ab95c7af7c051d78dd74bd0a3032ce35273ea6,https://github.com/tensorflow/tensorflow/compare/dc33e79fea3777f23fa37a3d7840968d1a954190...b0ab95c7af7c051d78dd74bd0a3032ce35273ea6
106,TensorFlow,1d0b8c007b8bc7f77dd63c74f02d87185071f038,73e537e7826297d2b238ca276db87f7289bb6eb2,9708,https://github.com/tensorflow/tensorflow/issues/9708,https://github.com/tensorflow/tensorflow/tree/1d0b8c007b8bc7f77dd63c74f02d87185071f038,https://github.com/tensorflow/tensorflow/tree/73e537e7826297d2b238ca276db87f7289bb6eb2,https://github.com/tensorflow/tensorflow/compare/1d0b8c007b8bc7f77dd63c74f02d87185071f038...73e537e7826297d2b238ca276db87f7289bb6eb2
107,TensorFlow,8acd664fa1dfbaafe6399bdbb969eddd9446d6a5,0a9b39caefd437fec742ae48b25061abd6e2699b,7025,https://github.com/tensorflow/tensorflow/issues/7025,https://github.com/tensorflow/tensorflow/tree/8acd664fa1dfbaafe6399bdbb969eddd9446d6a5,https://github.com/tensorflow/tensorflow/tree/0a9b39caefd437fec742ae48b25061abd6e2699b,https://github.com/tensorflow/tensorflow/compare/8acd664fa1dfbaafe6399bdbb969eddd9446d6a5...0a9b39caefd437fec742ae48b25061abd6e2699b
108,TensorFlow,0926e0815e7f2136b6888300612a55848a9d075b,98f9dd67f7cfe339a3794bee9fa0b83a69462ff6,8982,https://github.com/tensorflow/tensorflow/issues/8982,https://github.com/tensorflow/tensorflow/tree/0926e0815e7f2136b6888300612a55848a9d075b,https://github.com/tensorflow/tensorflow/tree/98f9dd67f7cfe339a3794bee9fa0b83a69462ff6,https://github.com/tensorflow/tensorflow/compare/0926e0815e7f2136b6888300612a55848a9d075b...98f9dd67f7cfe339a3794bee9fa0b83a69462ff6
109,TensorFlow,f8a98002491b7cd5f04ec7def6fa7dc30a66215a,7d785f1e18af9d22d940f18aac6e8c9ffd268b22,9826,https://github.com/tensorflow/tensorflow/issues/9826,https://github.com/tensorflow/tensorflow/tree/f8a98002491b7cd5f04ec7def6fa7dc30a66215a,https://github.com/tensorflow/tensorflow/tree/7d785f1e18af9d22d940f18aac6e8c9ffd268b22,https://github.com/tensorflow/tensorflow/compare/f8a98002491b7cd5f04ec7def6fa7dc30a66215a...7d785f1e18af9d22d940f18aac6e8c9ffd268b22
110,TensorFlow,1e59f00c4803ef242500454b6e704a142db33222,53f68459f18fd9c707183511e1e58d03e2f367db,8720,https://github.com/tensorflow/tensorflow/issues/8720,https://github.com/tensorflow/tensorflow/tree/1e59f00c4803ef242500454b6e704a142db33222,https://github.com/tensorflow/tensorflow/tree/53f68459f18fd9c707183511e1e58d03e2f367db,https://github.com/tensorflow/tensorflow/compare/1e59f00c4803ef242500454b6e704a142db33222...53f68459f18fd9c707183511e1e58d03e2f367db
111,TensorFlow,1e59f00c4803ef242500454b6e704a142db33222,53f68459f18fd9c707183511e1e58d03e2f367db,7754,https://github.com/tensorflow/tensorflow/issues/7754,https://github.com/tensorflow/tensorflow/tree/1e59f00c4803ef242500454b6e704a142db33222,https://github.com/tensorflow/tensorflow/tree/53f68459f18fd9c707183511e1e58d03e2f367db,https://github.com/tensorflow/tensorflow/compare/1e59f00c4803ef242500454b6e704a142db33222...53f68459f18fd9c707183511e1e58d03e2f367db
112,TensorFlow,d0b47889fb3a776dd6cf0a3c8360be9f84e2cbbb,fe41d05e7c8343ed53fc788d6c312792b390f679,9931,https://github.com/tensorflow/tensorflow/issues/9931,https://github.com/tensorflow/tensorflow/tree/d0b47889fb3a776dd6cf0a3c8360be9f84e2cbbb,https://github.com/tensorflow/tensorflow/tree/fe41d05e7c8343ed53fc788d6c312792b390f679,https://github.com/tensorflow/tensorflow/compare/d0b47889fb3a776dd6cf0a3c8360be9f84e2cbbb...fe41d05e7c8343ed53fc788d6c312792b390f679
113,TensorFlow,62a07cc877b4f1fa403852a8231aa6ebf0191974,e2177df4fc3000fcab237bebaf6900693904ad26,8337,https://github.com/tensorflow/tensorflow/issues/8337,https://github.com/tensorflow/tensorflow/tree/62a07cc877b4f1fa403852a8231aa6ebf0191974,https://github.com/tensorflow/tensorflow/tree/e2177df4fc3000fcab237bebaf6900693904ad26,https://github.com/tensorflow/tensorflow/compare/62a07cc877b4f1fa403852a8231aa6ebf0191974...e2177df4fc3000fcab237bebaf6900693904ad26
114,TensorFlow,32482dea01e2fc672eee9df5305bccc0b432eb7b,15f32d93a48fa78f7f2f17c0a46f5625637c82aa,447,https://github.com/tensorflow/tensorflow/issues/447,https://github.com/tensorflow/tensorflow/tree/32482dea01e2fc672eee9df5305bccc0b432eb7b,https://github.com/tensorflow/tensorflow/tree/15f32d93a48fa78f7f2f17c0a46f5625637c82aa,https://github.com/tensorflow/tensorflow/compare/32482dea01e2fc672eee9df5305bccc0b432eb7b...15f32d93a48fa78f7f2f17c0a46f5625637c82aa
115,TensorFlow,9e25de318b98ae57cdb60bfe8e14e1558c425b63,3ff2747a71ad45ea5158631d99833e2b5198bd69,9858,https://github.com/tensorflow/tensorflow/issues/9858,https://github.com/tensorflow/tensorflow/tree/9e25de318b98ae57cdb60bfe8e14e1558c425b63,https://github.com/tensorflow/tensorflow/tree/3ff2747a71ad45ea5158631d99833e2b5198bd69,https://github.com/tensorflow/tensorflow/compare/9e25de318b98ae57cdb60bfe8e14e1558c425b63...3ff2747a71ad45ea5158631d99833e2b5198bd69
116,TensorFlow,fca253c282eedbfa4e82071af389bdb75ac13a90,7161c8205794f744653ffe6739a0c4038e1d6cb8,9855,https://github.com/tensorflow/tensorflow/issues/9855,https://github.com/tensorflow/tensorflow/tree/fca253c282eedbfa4e82071af389bdb75ac13a90,https://github.com/tensorflow/tensorflow/tree/7161c8205794f744653ffe6739a0c4038e1d6cb8,https://github.com/tensorflow/tensorflow/compare/fca253c282eedbfa4e82071af389bdb75ac13a90...7161c8205794f744653ffe6739a0c4038e1d6cb8
117,TensorFlow,efa47468c8977d0b36b426905ad65519051fcf3b,d5b89b184c58da9be8f3507db47b7495385ed934,10369,https://github.com/tensorflow/tensorflow/issues/10369,https://github.com/tensorflow/tensorflow/tree/efa47468c8977d0b36b426905ad65519051fcf3b,https://github.com/tensorflow/tensorflow/tree/d5b89b184c58da9be8f3507db47b7495385ed934,https://github.com/tensorflow/tensorflow/compare/efa47468c8977d0b36b426905ad65519051fcf3b...d5b89b184c58da9be8f3507db47b7495385ed934
118,TensorFlow,319c847d9446f6d15675a31abb86b8a9728dcc02,76a0a15cb90c370e41766d124a7a11b28c18089a,10741,https://github.com/tensorflow/tensorflow/issues/10741,https://github.com/tensorflow/tensorflow/tree/319c847d9446f6d15675a31abb86b8a9728dcc02,https://github.com/tensorflow/tensorflow/tree/76a0a15cb90c370e41766d124a7a11b28c18089a,https://github.com/tensorflow/tensorflow/compare/319c847d9446f6d15675a31abb86b8a9728dcc02...76a0a15cb90c370e41766d124a7a11b28c18089a
119,TensorFlow,9e25c68ad1a0216a16cfd5e87e5e189b42745508,8939b8562027189b24e7609b77e17122dc3a21d4,10369,https://github.com/tensorflow/tensorflow/issues/10369,https://github.com/tensorflow/tensorflow/tree/9e25c68ad1a0216a16cfd5e87e5e189b42745508,https://github.com/tensorflow/tensorflow/tree/8939b8562027189b24e7609b77e17122dc3a21d4,https://github.com/tensorflow/tensorflow/compare/9e25c68ad1a0216a16cfd5e87e5e189b42745508...8939b8562027189b24e7609b77e17122dc3a21d4
120,TensorFlow,7ee712214764dcf21c363b34a5612edb15ea6dab,f0ff37b9073f60fae052545796e93fa82dc4604c,9392,https://github.com/tensorflow/tensorflow/issues/9392,https://github.com/tensorflow/tensorflow/tree/7ee712214764dcf21c363b34a5612edb15ea6dab,https://github.com/tensorflow/tensorflow/tree/f0ff37b9073f60fae052545796e93fa82dc4604c,https://github.com/tensorflow/tensorflow/compare/7ee712214764dcf21c363b34a5612edb15ea6dab...f0ff37b9073f60fae052545796e93fa82dc4604c
121,TensorFlow,a5909d64320a9dfd940b298bcb0bd758e514a04f,cc2dd4ac8538045e94e3f8fe4fb1c532f67c1844,7051,https://github.com/tensorflow/tensorflow/issues/7051,https://github.com/tensorflow/tensorflow/tree/a5909d64320a9dfd940b298bcb0bd758e514a04f,https://github.com/tensorflow/tensorflow/tree/cc2dd4ac8538045e94e3f8fe4fb1c532f67c1844,https://github.com/tensorflow/tensorflow/compare/a5909d64320a9dfd940b298bcb0bd758e514a04f...cc2dd4ac8538045e94e3f8fe4fb1c532f67c1844
122,TensorFlow,1856fe120d015fb17be303ef2da3873a10a6ffa6,f5fcd1fdcf896f46aed03c7e61525b48b75d1acc,10519,https://github.com/tensorflow/tensorflow/issues/10519,https://github.com/tensorflow/tensorflow/tree/1856fe120d015fb17be303ef2da3873a10a6ffa6,https://github.com/tensorflow/tensorflow/tree/f5fcd1fdcf896f46aed03c7e61525b48b75d1acc,https://github.com/tensorflow/tensorflow/compare/1856fe120d015fb17be303ef2da3873a10a6ffa6...f5fcd1fdcf896f46aed03c7e61525b48b75d1acc
123,TensorFlow,b39ac077fff64fc9491cc115cc676aad600d5d6c,e121535a7d04cfc7c7dbb09d8694c01eb29da26f,11091,https://github.com/tensorflow/tensorflow/issues/11091,https://github.com/tensorflow/tensorflow/tree/b39ac077fff64fc9491cc115cc676aad600d5d6c,https://github.com/tensorflow/tensorflow/tree/e121535a7d04cfc7c7dbb09d8694c01eb29da26f,https://github.com/tensorflow/tensorflow/compare/b39ac077fff64fc9491cc115cc676aad600d5d6c...e121535a7d04cfc7c7dbb09d8694c01eb29da26f
124,TensorFlow,ee8d9f353a29c3b0df8447e94c11f1a61ee75583,7687debbf63e31375d960d663373da8d469f2d2e,10766,https://github.com/tensorflow/tensorflow/issues/10766,https://github.com/tensorflow/tensorflow/tree/ee8d9f353a29c3b0df8447e94c11f1a61ee75583,https://github.com/tensorflow/tensorflow/tree/7687debbf63e31375d960d663373da8d469f2d2e,https://github.com/tensorflow/tensorflow/compare/ee8d9f353a29c3b0df8447e94c11f1a61ee75583...7687debbf63e31375d960d663373da8d469f2d2e
125,TensorFlow,7049f8c87291fc43d93e7a4fa72dbb192f79c815,fa867b0e3fe5f6c36405a7019ec6b8b0e001bed5,6749,https://github.com/tensorflow/tensorflow/issues/6749,https://github.com/tensorflow/tensorflow/tree/7049f8c87291fc43d93e7a4fa72dbb192f79c815,https://github.com/tensorflow/tensorflow/tree/fa867b0e3fe5f6c36405a7019ec6b8b0e001bed5,https://github.com/tensorflow/tensorflow/compare/7049f8c87291fc43d93e7a4fa72dbb192f79c815...fa867b0e3fe5f6c36405a7019ec6b8b0e001bed5
126,TensorFlow,f0e8a7259a30f3086ee0b2506d2be0392e5e0209,66604b0355b32961f9a532792be2e008cc22221f,11132,https://github.com/tensorflow/tensorflow/issues/11132,https://github.com/tensorflow/tensorflow/tree/f0e8a7259a30f3086ee0b2506d2be0392e5e0209,https://github.com/tensorflow/tensorflow/tree/66604b0355b32961f9a532792be2e008cc22221f,https://github.com/tensorflow/tensorflow/compare/f0e8a7259a30f3086ee0b2506d2be0392e5e0209...66604b0355b32961f9a532792be2e008cc22221f
127,TensorFlow,ed2473c776e04eca3019561a57c3447a3b062321,11e2aef14f7f2d862363c350ca1d67b87ea6a57b,11411,https://github.com/tensorflow/tensorflow/issues/11411,https://github.com/tensorflow/tensorflow/tree/ed2473c776e04eca3019561a57c3447a3b062321,https://github.com/tensorflow/tensorflow/tree/11e2aef14f7f2d862363c350ca1d67b87ea6a57b,https://github.com/tensorflow/tensorflow/compare/ed2473c776e04eca3019561a57c3447a3b062321...11e2aef14f7f2d862363c350ca1d67b87ea6a57b
128,TensorFlow,378463ae8990be5e015d9b3cd67d95a1b9334399,64e54423bbffa4161ba2d85dc913e1973ae52cc6,12372,https://github.com/tensorflow/tensorflow/issues/12372,https://github.com/tensorflow/tensorflow/tree/378463ae8990be5e015d9b3cd67d95a1b9334399,https://github.com/tensorflow/tensorflow/tree/64e54423bbffa4161ba2d85dc913e1973ae52cc6,https://github.com/tensorflow/tensorflow/compare/378463ae8990be5e015d9b3cd67d95a1b9334399...64e54423bbffa4161ba2d85dc913e1973ae52cc6
129,TensorFlow,64b628bfbef9bf8be983aef35aa59bc35d703be6,41bc76d28b8b301c546cc5624abd37fd8b97b64c,11017,https://github.com/tensorflow/tensorflow/issues/11017,https://github.com/tensorflow/tensorflow/tree/64b628bfbef9bf8be983aef35aa59bc35d703be6,https://github.com/tensorflow/tensorflow/tree/41bc76d28b8b301c546cc5624abd37fd8b97b64c,https://github.com/tensorflow/tensorflow/compare/64b628bfbef9bf8be983aef35aa59bc35d703be6...41bc76d28b8b301c546cc5624abd37fd8b97b64c
130,TensorFlow,c1087b3a0b851b62a027201c0c41c0bd4e44e303,9b11f458196f6f0528c9974238497a6c8b6da547,11016,https://github.com/tensorflow/tensorflow/issues/11016,https://github.com/tensorflow/tensorflow/tree/c1087b3a0b851b62a027201c0c41c0bd4e44e303,https://github.com/tensorflow/tensorflow/tree/9b11f458196f6f0528c9974238497a6c8b6da547,https://github.com/tensorflow/tensorflow/compare/c1087b3a0b851b62a027201c0c41c0bd4e44e303...9b11f458196f6f0528c9974238497a6c8b6da547
131,TensorFlow,77e3965f4241dd1a9b28434bb4729d57f594d4cb,d42ca5a1462e75e80536aa9c46c6834bd9455f2b,11829,https://github.com/tensorflow/tensorflow/issues/11829,https://github.com/tensorflow/tensorflow/tree/77e3965f4241dd1a9b28434bb4729d57f594d4cb,https://github.com/tensorflow/tensorflow/tree/d42ca5a1462e75e80536aa9c46c6834bd9455f2b,https://github.com/tensorflow/tensorflow/compare/77e3965f4241dd1a9b28434bb4729d57f594d4cb...d42ca5a1462e75e80536aa9c46c6834bd9455f2b
132,TensorFlow,2ba7ec1680f6462122a11f1748f04e1747d8d2e0,6e3e7d18f42cb4237ce6dbe2ffd0f9f158c36daf,12372,https://github.com/tensorflow/tensorflow/issues/12372,https://github.com/tensorflow/tensorflow/tree/2ba7ec1680f6462122a11f1748f04e1747d8d2e0,https://github.com/tensorflow/tensorflow/tree/6e3e7d18f42cb4237ce6dbe2ffd0f9f158c36daf,https://github.com/tensorflow/tensorflow/compare/2ba7ec1680f6462122a11f1748f04e1747d8d2e0...6e3e7d18f42cb4237ce6dbe2ffd0f9f158c36daf
133,TensorFlow,2ba7ec1680f6462122a11f1748f04e1747d8d2e0,6e3e7d18f42cb4237ce6dbe2ffd0f9f158c36daf,12396,https://github.com/tensorflow/tensorflow/issues/12396,https://github.com/tensorflow/tensorflow/tree/2ba7ec1680f6462122a11f1748f04e1747d8d2e0,https://github.com/tensorflow/tensorflow/tree/6e3e7d18f42cb4237ce6dbe2ffd0f9f158c36daf,https://github.com/tensorflow/tensorflow/compare/2ba7ec1680f6462122a11f1748f04e1747d8d2e0...6e3e7d18f42cb4237ce6dbe2ffd0f9f158c36daf
134,TensorFlow,797ca0d482457185f35d46cbce4c430f55b8b66a,03d310cc61a864600d24977f73138e643659986c,11948,https://github.com/tensorflow/tensorflow/issues/11948,https://github.com/tensorflow/tensorflow/tree/797ca0d482457185f35d46cbce4c430f55b8b66a,https://github.com/tensorflow/tensorflow/tree/03d310cc61a864600d24977f73138e643659986c,https://github.com/tensorflow/tensorflow/compare/797ca0d482457185f35d46cbce4c430f55b8b66a...03d310cc61a864600d24977f73138e643659986c
135,TensorFlow,2733d24da31318208f85df20e5a54372c0a1af9f,35c44ab67d6e5d9b24f3f154c92e7aa3edfee957,12059,https://github.com/tensorflow/tensorflow/issues/12059,https://github.com/tensorflow/tensorflow/tree/2733d24da31318208f85df20e5a54372c0a1af9f,https://github.com/tensorflow/tensorflow/tree/35c44ab67d6e5d9b24f3f154c92e7aa3edfee957,https://github.com/tensorflow/tensorflow/compare/2733d24da31318208f85df20e5a54372c0a1af9f...35c44ab67d6e5d9b24f3f154c92e7aa3edfee957
136,TensorFlow,b474e55c23e5cc42b01a1ddea34751f01110deb6,251a1e70dc04b10fb25e8013d1ad1f27d5eda30b,13526,https://github.com/tensorflow/tensorflow/issues/13526,https://github.com/tensorflow/tensorflow/tree/b474e55c23e5cc42b01a1ddea34751f01110deb6,https://github.com/tensorflow/tensorflow/tree/251a1e70dc04b10fb25e8013d1ad1f27d5eda30b,https://github.com/tensorflow/tensorflow/compare/b474e55c23e5cc42b01a1ddea34751f01110deb6...251a1e70dc04b10fb25e8013d1ad1f27d5eda30b
137,TensorFlow,e6c60fb368aa1261663cef1204e515179c36db8d,d001b58de9d0d99ef34637b9a9bed5763875f655,12396,https://github.com/tensorflow/tensorflow/issues/12396,https://github.com/tensorflow/tensorflow/tree/e6c60fb368aa1261663cef1204e515179c36db8d,https://github.com/tensorflow/tensorflow/tree/d001b58de9d0d99ef34637b9a9bed5763875f655,https://github.com/tensorflow/tensorflow/compare/e6c60fb368aa1261663cef1204e515179c36db8d...d001b58de9d0d99ef34637b9a9bed5763875f655
138,TensorFlow,f9f037c1c489d6a72ef682e3bce01e6f154222e4,d016cb020583b1ecbc260c1492e347c2731b1c29,13190,https://github.com/tensorflow/tensorflow/issues/13190,https://github.com/tensorflow/tensorflow/tree/f9f037c1c489d6a72ef682e3bce01e6f154222e4,https://github.com/tensorflow/tensorflow/tree/d016cb020583b1ecbc260c1492e347c2731b1c29,https://github.com/tensorflow/tensorflow/compare/f9f037c1c489d6a72ef682e3bce01e6f154222e4...d016cb020583b1ecbc260c1492e347c2731b1c29
139,TensorFlow,3ed049b673e1a2b58e197fd8429ed81a015cd351,0e56ffb7b7cddaf3f0521747d2fade90c56b586f,13918,https://github.com/tensorflow/tensorflow/issues/13918,https://github.com/tensorflow/tensorflow/tree/3ed049b673e1a2b58e197fd8429ed81a015cd351,https://github.com/tensorflow/tensorflow/tree/0e56ffb7b7cddaf3f0521747d2fade90c56b586f,https://github.com/tensorflow/tensorflow/compare/3ed049b673e1a2b58e197fd8429ed81a015cd351...0e56ffb7b7cddaf3f0521747d2fade90c56b586f
140,TensorFlow,a1ba9f3bf16cb53b8468b93021611311a9be55b4,18f89c81d288f191abd56501ec6f86fe29265bdd,13536,https://github.com/tensorflow/tensorflow/issues/13536,https://github.com/tensorflow/tensorflow/tree/a1ba9f3bf16cb53b8468b93021611311a9be55b4,https://github.com/tensorflow/tensorflow/tree/18f89c81d288f191abd56501ec6f86fe29265bdd,https://github.com/tensorflow/tensorflow/compare/a1ba9f3bf16cb53b8468b93021611311a9be55b4...18f89c81d288f191abd56501ec6f86fe29265bdd
141,TensorFlow,7fd261602677d3c251fba05264a20318231deb76,85f8d924086657852c900c0ba7e8f0fbdac0a509,13999,https://github.com/tensorflow/tensorflow/issues/13999,https://github.com/tensorflow/tensorflow/tree/7fd261602677d3c251fba05264a20318231deb76,https://github.com/tensorflow/tensorflow/tree/85f8d924086657852c900c0ba7e8f0fbdac0a509,https://github.com/tensorflow/tensorflow/compare/7fd261602677d3c251fba05264a20318231deb76...85f8d924086657852c900c0ba7e8f0fbdac0a509
142,TensorFlow,6ce50b2a991270eeed620050eff29b5b91422a8e,9b027db459ff771c246a266ac3ec40cfbb4a63ce,13431,https://github.com/tensorflow/tensorflow/issues/13431,https://github.com/tensorflow/tensorflow/tree/6ce50b2a991270eeed620050eff29b5b91422a8e,https://github.com/tensorflow/tensorflow/tree/9b027db459ff771c246a266ac3ec40cfbb4a63ce,https://github.com/tensorflow/tensorflow/compare/6ce50b2a991270eeed620050eff29b5b91422a8e...9b027db459ff771c246a266ac3ec40cfbb4a63ce
143,TensorFlow,324e2f7a19fab1727d35859eaa6a1ba1f68f4972,ecb544ae124ab6c62941d0b1906f3e8b1a073108,12059,https://github.com/tensorflow/tensorflow/issues/12059,https://github.com/tensorflow/tensorflow/tree/324e2f7a19fab1727d35859eaa6a1ba1f68f4972,https://github.com/tensorflow/tensorflow/tree/ecb544ae124ab6c62941d0b1906f3e8b1a073108,https://github.com/tensorflow/tensorflow/compare/324e2f7a19fab1727d35859eaa6a1ba1f68f4972...ecb544ae124ab6c62941d0b1906f3e8b1a073108
144,TensorFlow,3110185270e93e0b6a3e82be9199febed1239602,5eaefbabce16bffeeb4b19cee9890b1aeccabb09,13190,https://github.com/tensorflow/tensorflow/issues/13190,https://github.com/tensorflow/tensorflow/tree/3110185270e93e0b6a3e82be9199febed1239602,https://github.com/tensorflow/tensorflow/tree/5eaefbabce16bffeeb4b19cee9890b1aeccabb09,https://github.com/tensorflow/tensorflow/compare/3110185270e93e0b6a3e82be9199febed1239602...5eaefbabce16bffeeb4b19cee9890b1aeccabb09
145,TensorFlow,e384e28a97bc9f1da1402c93087e0394e5a0168c,355e25ebcab64e833dfc987638c3e6c79d838266,13918,https://github.com/tensorflow/tensorflow/issues/13918,https://github.com/tensorflow/tensorflow/tree/e384e28a97bc9f1da1402c93087e0394e5a0168c,https://github.com/tensorflow/tensorflow/tree/355e25ebcab64e833dfc987638c3e6c79d838266,https://github.com/tensorflow/tensorflow/compare/e384e28a97bc9f1da1402c93087e0394e5a0168c...355e25ebcab64e833dfc987638c3e6c79d838266
146,TensorFlow,8245e79eff1ba3b790dbfbc0acb2a31e6dd30d1d,db10718b38b2884cb5ed46d33c135c079f649d16,13764,https://github.com/tensorflow/tensorflow/issues/13764,https://github.com/tensorflow/tensorflow/tree/8245e79eff1ba3b790dbfbc0acb2a31e6dd30d1d,https://github.com/tensorflow/tensorflow/tree/db10718b38b2884cb5ed46d33c135c079f649d16,https://github.com/tensorflow/tensorflow/compare/8245e79eff1ba3b790dbfbc0acb2a31e6dd30d1d...db10718b38b2884cb5ed46d33c135c079f649d16
147,TensorFlow,e0b662c1f6ba378e5c0d0da011d6f789ab6606b3,301a6c41cbb111fae89657a49775920aa70525fd,12414,https://github.com/tensorflow/tensorflow/issues/12414,https://github.com/tensorflow/tensorflow/tree/e0b662c1f6ba378e5c0d0da011d6f789ab6606b3,https://github.com/tensorflow/tensorflow/tree/301a6c41cbb111fae89657a49775920aa70525fd,https://github.com/tensorflow/tensorflow/compare/e0b662c1f6ba378e5c0d0da011d6f789ab6606b3...301a6c41cbb111fae89657a49775920aa70525fd
148,TensorFlow,e37904e4545d2c14b8d03698e486c9e170c1211a,3e53570d3bf518ec2b6cfeed4b5fd57d11370289,14542,https://github.com/tensorflow/tensorflow/issues/14542,https://github.com/tensorflow/tensorflow/tree/e37904e4545d2c14b8d03698e486c9e170c1211a,https://github.com/tensorflow/tensorflow/tree/3e53570d3bf518ec2b6cfeed4b5fd57d11370289,https://github.com/tensorflow/tensorflow/compare/e37904e4545d2c14b8d03698e486c9e170c1211a...3e53570d3bf518ec2b6cfeed4b5fd57d11370289
149,TensorFlow,4274acbdfafac9d857e9a3f95133896ba698f6da,c43d777b56a17832f7de288d0fe966bf537ffeb7,13827,https://github.com/tensorflow/tensorflow/issues/13827,https://github.com/tensorflow/tensorflow/tree/4274acbdfafac9d857e9a3f95133896ba698f6da,https://github.com/tensorflow/tensorflow/tree/c43d777b56a17832f7de288d0fe966bf537ffeb7,https://github.com/tensorflow/tensorflow/compare/4274acbdfafac9d857e9a3f95133896ba698f6da...c43d777b56a17832f7de288d0fe966bf537ffeb7
150,TensorFlow,44cb3887b39d2c5edbf5f5a638cef08be8bc6aeb,af8a5507937108a41781ba117fa16edd3b1091b5,15019,https://github.com/tensorflow/tensorflow/issues/15019,https://github.com/tensorflow/tensorflow/tree/44cb3887b39d2c5edbf5f5a638cef08be8bc6aeb,https://github.com/tensorflow/tensorflow/tree/af8a5507937108a41781ba117fa16edd3b1091b5,https://github.com/tensorflow/tensorflow/compare/44cb3887b39d2c5edbf5f5a638cef08be8bc6aeb...af8a5507937108a41781ba117fa16edd3b1091b5
151,TensorFlow,44cb3887b39d2c5edbf5f5a638cef08be8bc6aeb,af8a5507937108a41781ba117fa16edd3b1091b5,14143,https://github.com/tensorflow/tensorflow/issues/14143,https://github.com/tensorflow/tensorflow/tree/44cb3887b39d2c5edbf5f5a638cef08be8bc6aeb,https://github.com/tensorflow/tensorflow/tree/af8a5507937108a41781ba117fa16edd3b1091b5,https://github.com/tensorflow/tensorflow/compare/44cb3887b39d2c5edbf5f5a638cef08be8bc6aeb...af8a5507937108a41781ba117fa16edd3b1091b5
152,TensorFlow,570d2772796bd642dc4808bd869e293f74553620,ba87a8030aa30f24c354cf705e79734658bb0a8b,14739,https://github.com/tensorflow/tensorflow/issues/14739,https://github.com/tensorflow/tensorflow/tree/570d2772796bd642dc4808bd869e293f74553620,https://github.com/tensorflow/tensorflow/tree/ba87a8030aa30f24c354cf705e79734658bb0a8b,https://github.com/tensorflow/tensorflow/compare/570d2772796bd642dc4808bd869e293f74553620...ba87a8030aa30f24c354cf705e79734658bb0a8b
153,TensorFlow,201606d8ffd0880d231fb23daf37e63d68d9ebef,89cd0cd81ae829610fcbf4437597451ae5a59fe6,15766,https://github.com/tensorflow/tensorflow/issues/15766,https://github.com/tensorflow/tensorflow/tree/201606d8ffd0880d231fb23daf37e63d68d9ebef,https://github.com/tensorflow/tensorflow/tree/89cd0cd81ae829610fcbf4437597451ae5a59fe6,https://github.com/tensorflow/tensorflow/compare/201606d8ffd0880d231fb23daf37e63d68d9ebef...89cd0cd81ae829610fcbf4437597451ae5a59fe6
154,TensorFlow,1bc52185d0977c84220fbff345ed08a738900765,e641c402f60aabaca029393355626a54a99809a4,14243,https://github.com/tensorflow/tensorflow/issues/14243,https://github.com/tensorflow/tensorflow/tree/1bc52185d0977c84220fbff345ed08a738900765,https://github.com/tensorflow/tensorflow/tree/e641c402f60aabaca029393355626a54a99809a4,https://github.com/tensorflow/tensorflow/compare/1bc52185d0977c84220fbff345ed08a738900765...e641c402f60aabaca029393355626a54a99809a4
155,TensorFlow,00e097241eee4daf33de8637153ee28d74e7c75c,4e69e02241067129379f73dd4fefe57f0a12bdc9,14243,https://github.com/tensorflow/tensorflow/issues/14243,https://github.com/tensorflow/tensorflow/tree/00e097241eee4daf33de8637153ee28d74e7c75c,https://github.com/tensorflow/tensorflow/tree/4e69e02241067129379f73dd4fefe57f0a12bdc9,https://github.com/tensorflow/tensorflow/compare/00e097241eee4daf33de8637153ee28d74e7c75c...4e69e02241067129379f73dd4fefe57f0a12bdc9
156,TensorFlow,2f83be3379e28fb2732a9f22034e33dbfdf37c77,5f0d3395d4c61000cf0cfb3dc681177147be938d,14985,https://github.com/tensorflow/tensorflow/issues/14985,https://github.com/tensorflow/tensorflow/tree/2f83be3379e28fb2732a9f22034e33dbfdf37c77,https://github.com/tensorflow/tensorflow/tree/5f0d3395d4c61000cf0cfb3dc681177147be938d,https://github.com/tensorflow/tensorflow/compare/2f83be3379e28fb2732a9f22034e33dbfdf37c77...5f0d3395d4c61000cf0cfb3dc681177147be938d
157,TensorFlow,05bcbb649ce567fd11cd52a03b992411b8470c32,0830ceefcdbd2e5f57e676f72a4abaf8d351bc28,16160,https://github.com/tensorflow/tensorflow/issues/16160,https://github.com/tensorflow/tensorflow/tree/05bcbb649ce567fd11cd52a03b992411b8470c32,https://github.com/tensorflow/tensorflow/tree/0830ceefcdbd2e5f57e676f72a4abaf8d351bc28,https://github.com/tensorflow/tensorflow/compare/05bcbb649ce567fd11cd52a03b992411b8470c32...0830ceefcdbd2e5f57e676f72a4abaf8d351bc28
158,TensorFlow,81c36a6987bc074a4cbcbeeb7baa93b31c960b9e,4383f3d002ddb0712a7aac3303cde6e599de65eb,16238,https://github.com/tensorflow/tensorflow/issues/16238,https://github.com/tensorflow/tensorflow/tree/81c36a6987bc074a4cbcbeeb7baa93b31c960b9e,https://github.com/tensorflow/tensorflow/tree/4383f3d002ddb0712a7aac3303cde6e599de65eb,https://github.com/tensorflow/tensorflow/compare/81c36a6987bc074a4cbcbeeb7baa93b31c960b9e...4383f3d002ddb0712a7aac3303cde6e599de65eb
159,TensorFlow,711b10c280534c0ab73351bb4fd3e7ec32585236,2e2715baa84720f786b38d1f9cb6887399020d6f,15611,https://github.com/tensorflow/tensorflow/issues/15611,https://github.com/tensorflow/tensorflow/tree/711b10c280534c0ab73351bb4fd3e7ec32585236,https://github.com/tensorflow/tensorflow/tree/2e2715baa84720f786b38d1f9cb6887399020d6f,https://github.com/tensorflow/tensorflow/compare/711b10c280534c0ab73351bb4fd3e7ec32585236...2e2715baa84720f786b38d1f9cb6887399020d6f
160,TensorFlow,25cd3e8d6b47bf48932a77838060bebfc7a49702,4b6abfd95254910d01e886123cd24c29f722e8d7,16100,https://github.com/tensorflow/tensorflow/issues/16100,https://github.com/tensorflow/tensorflow/tree/25cd3e8d6b47bf48932a77838060bebfc7a49702,https://github.com/tensorflow/tensorflow/tree/4b6abfd95254910d01e886123cd24c29f722e8d7,https://github.com/tensorflow/tensorflow/compare/25cd3e8d6b47bf48932a77838060bebfc7a49702...4b6abfd95254910d01e886123cd24c29f722e8d7
161,TensorFlow,0905a7ed035e66f3abdb123ab53cb0c640e60f0b,1f26c65254268730b7409f517d1ed1b554d01e50,15882,https://github.com/tensorflow/tensorflow/issues/15882,https://github.com/tensorflow/tensorflow/tree/0905a7ed035e66f3abdb123ab53cb0c640e60f0b,https://github.com/tensorflow/tensorflow/tree/1f26c65254268730b7409f517d1ed1b554d01e50,https://github.com/tensorflow/tensorflow/compare/0905a7ed035e66f3abdb123ab53cb0c640e60f0b...1f26c65254268730b7409f517d1ed1b554d01e50
162,TensorFlow,d0904cbe01c88332acb4faa8bede21adb5fa1de7,f8f921c828fb2c97da7c7b80c01390ccec90ae40,15891,https://github.com/tensorflow/tensorflow/issues/15891,https://github.com/tensorflow/tensorflow/tree/d0904cbe01c88332acb4faa8bede21adb5fa1de7,https://github.com/tensorflow/tensorflow/tree/f8f921c828fb2c97da7c7b80c01390ccec90ae40,https://github.com/tensorflow/tensorflow/compare/d0904cbe01c88332acb4faa8bede21adb5fa1de7...f8f921c828fb2c97da7c7b80c01390ccec90ae40
163,TensorFlow,901d119b938d9ff4239f27fbede488ae3d05d598,0282f080fa0555a0f4af1a0293e529327d09b153,6620,https://github.com/tensorflow/tensorflow/issues/6620,https://github.com/tensorflow/tensorflow/tree/901d119b938d9ff4239f27fbede488ae3d05d598,https://github.com/tensorflow/tensorflow/tree/0282f080fa0555a0f4af1a0293e529327d09b153,https://github.com/tensorflow/tensorflow/compare/901d119b938d9ff4239f27fbede488ae3d05d598...0282f080fa0555a0f4af1a0293e529327d09b153
164,TensorFlow,4a1bcf7c4193906a4e77c1726657429e37579a65,96564330fb0508a50a0515be11c9202c64b0f5b7,16829,https://github.com/tensorflow/tensorflow/issues/16829,https://github.com/tensorflow/tensorflow/tree/4a1bcf7c4193906a4e77c1726657429e37579a65,https://github.com/tensorflow/tensorflow/tree/96564330fb0508a50a0515be11c9202c64b0f5b7,https://github.com/tensorflow/tensorflow/compare/4a1bcf7c4193906a4e77c1726657429e37579a65...96564330fb0508a50a0515be11c9202c64b0f5b7
165,TensorFlow,aa8f73792024de7739e6b41e012cc181f602d142,9b03bcd74d117a2a6ee270af438a3a28e7123111,16160,https://github.com/tensorflow/tensorflow/issues/16160,https://github.com/tensorflow/tensorflow/tree/aa8f73792024de7739e6b41e012cc181f602d142,https://github.com/tensorflow/tensorflow/tree/9b03bcd74d117a2a6ee270af438a3a28e7123111,https://github.com/tensorflow/tensorflow/compare/aa8f73792024de7739e6b41e012cc181f602d142...9b03bcd74d117a2a6ee270af438a3a28e7123111
166,TensorFlow,c17d085f3414a5da7bab90d3caae12ade2b02ed1,3629fc4e98254c37e614ac3f77fa250b75c70f8d,13558,https://github.com/tensorflow/tensorflow/issues/13558,https://github.com/tensorflow/tensorflow/tree/c17d085f3414a5da7bab90d3caae12ade2b02ed1,https://github.com/tensorflow/tensorflow/tree/3629fc4e98254c37e614ac3f77fa250b75c70f8d,https://github.com/tensorflow/tensorflow/compare/c17d085f3414a5da7bab90d3caae12ade2b02ed1...3629fc4e98254c37e614ac3f77fa250b75c70f8d
167,TensorFlow,704361ad3650ebc891167adc41c459ca93392060,620c36be9a7b07501374eb1ee5f298ca9e0a560d,8394,https://github.com/tensorflow/tensorflow/issues/8394,https://github.com/tensorflow/tensorflow/tree/704361ad3650ebc891167adc41c459ca93392060,https://github.com/tensorflow/tensorflow/tree/620c36be9a7b07501374eb1ee5f298ca9e0a560d,https://github.com/tensorflow/tensorflow/compare/704361ad3650ebc891167adc41c459ca93392060...620c36be9a7b07501374eb1ee5f298ca9e0a560d
168,TensorFlow,249065a49ed007bf631de453506bfbf22accbb39,be862d5b91e9b9044f4e028dcdae0b6ad283e8b4,16163,https://github.com/tensorflow/tensorflow/issues/16163,https://github.com/tensorflow/tensorflow/tree/249065a49ed007bf631de453506bfbf22accbb39,https://github.com/tensorflow/tensorflow/tree/be862d5b91e9b9044f4e028dcdae0b6ad283e8b4,https://github.com/tensorflow/tensorflow/compare/249065a49ed007bf631de453506bfbf22accbb39...be862d5b91e9b9044f4e028dcdae0b6ad283e8b4
169,TensorFlow,997c209f9b8210f4bdc44a0172e0b64f5f7761c0,77e6a452188e83ae4498cc3ae23e20e60061b367,16481,https://github.com/tensorflow/tensorflow/issues/16481,https://github.com/tensorflow/tensorflow/tree/997c209f9b8210f4bdc44a0172e0b64f5f7761c0,https://github.com/tensorflow/tensorflow/tree/77e6a452188e83ae4498cc3ae23e20e60061b367,https://github.com/tensorflow/tensorflow/compare/997c209f9b8210f4bdc44a0172e0b64f5f7761c0...77e6a452188e83ae4498cc3ae23e20e60061b367
170,TensorFlow,06c7a190ac122512edf7229041f34391d8993da0,5279cf29cea96b3ec50df506bb51d8ffabdabac9,17360,https://github.com/tensorflow/tensorflow/issues/17360,https://github.com/tensorflow/tensorflow/tree/06c7a190ac122512edf7229041f34391d8993da0,https://github.com/tensorflow/tensorflow/tree/5279cf29cea96b3ec50df506bb51d8ffabdabac9,https://github.com/tensorflow/tensorflow/compare/06c7a190ac122512edf7229041f34391d8993da0...5279cf29cea96b3ec50df506bb51d8ffabdabac9
171,TensorFlow,5d624aa437d3541d35e42482ee649c005f7fd5b5,0f508d4de379e800ad7f990de08959bbd6fcabb5,13202,https://github.com/tensorflow/tensorflow/issues/13202,https://github.com/tensorflow/tensorflow/tree/5d624aa437d3541d35e42482ee649c005f7fd5b5,https://github.com/tensorflow/tensorflow/tree/0f508d4de379e800ad7f990de08959bbd6fcabb5,https://github.com/tensorflow/tensorflow/compare/5d624aa437d3541d35e42482ee649c005f7fd5b5...0f508d4de379e800ad7f990de08959bbd6fcabb5
172,TensorFlow,89e77c4ed37af1fae283e27f4de62578fa9b96fc,6655570f12dba22fe752796471635e109e682056,17720,https://github.com/tensorflow/tensorflow/issues/17720,https://github.com/tensorflow/tensorflow/tree/89e77c4ed37af1fae283e27f4de62578fa9b96fc,https://github.com/tensorflow/tensorflow/tree/6655570f12dba22fe752796471635e109e682056,https://github.com/tensorflow/tensorflow/compare/89e77c4ed37af1fae283e27f4de62578fa9b96fc...6655570f12dba22fe752796471635e109e682056
173,TensorFlow,56555d0604c029e8b92fcd354de3bf32b63b62d8,88334807a5beb8b61a967d21e534ed238e7916c0,17802,https://github.com/tensorflow/tensorflow/issues/17802,https://github.com/tensorflow/tensorflow/tree/56555d0604c029e8b92fcd354de3bf32b63b62d8,https://github.com/tensorflow/tensorflow/tree/88334807a5beb8b61a967d21e534ed238e7916c0,https://github.com/tensorflow/tensorflow/compare/56555d0604c029e8b92fcd354de3bf32b63b62d8...88334807a5beb8b61a967d21e534ed238e7916c0
174,TensorFlow,80a878dddcb04512324cb729a4ef5c92510e01a3,2219b88a3d5154b9158a1902b061cad6cae2d0a8,17932,https://github.com/tensorflow/tensorflow/issues/17932,https://github.com/tensorflow/tensorflow/tree/80a878dddcb04512324cb729a4ef5c92510e01a3,https://github.com/tensorflow/tensorflow/tree/2219b88a3d5154b9158a1902b061cad6cae2d0a8,https://github.com/tensorflow/tensorflow/compare/80a878dddcb04512324cb729a4ef5c92510e01a3...2219b88a3d5154b9158a1902b061cad6cae2d0a8
175,TensorFlow,887c54728f713ec76ea486c94c25dfca791a10c1,f6bda409206dc642d7a6f02842e76b0be7234491,17284,https://github.com/tensorflow/tensorflow/issues/17284,https://github.com/tensorflow/tensorflow/tree/887c54728f713ec76ea486c94c25dfca791a10c1,https://github.com/tensorflow/tensorflow/tree/f6bda409206dc642d7a6f02842e76b0be7234491,https://github.com/tensorflow/tensorflow/compare/887c54728f713ec76ea486c94c25dfca791a10c1...f6bda409206dc642d7a6f02842e76b0be7234491
176,TensorFlow,36b3c94a99704c8e1973ae5c043aec4870ae84ff,355fb5e14b325a1d106c4046f478da4bda350205,14776,https://github.com/tensorflow/tensorflow/issues/14776,https://github.com/tensorflow/tensorflow/tree/36b3c94a99704c8e1973ae5c043aec4870ae84ff,https://github.com/tensorflow/tensorflow/tree/355fb5e14b325a1d106c4046f478da4bda350205,https://github.com/tensorflow/tensorflow/compare/36b3c94a99704c8e1973ae5c043aec4870ae84ff...355fb5e14b325a1d106c4046f478da4bda350205
177,TensorFlow,218647db25d1e754ad85fd1fa8a0960b82ae83bf,eef7771ddb9fc0de5e8c9aeabcaa186ff78ec105,18260,https://github.com/tensorflow/tensorflow/issues/18260,https://github.com/tensorflow/tensorflow/tree/218647db25d1e754ad85fd1fa8a0960b82ae83bf,https://github.com/tensorflow/tensorflow/tree/eef7771ddb9fc0de5e8c9aeabcaa186ff78ec105,https://github.com/tensorflow/tensorflow/compare/218647db25d1e754ad85fd1fa8a0960b82ae83bf...eef7771ddb9fc0de5e8c9aeabcaa186ff78ec105
178,TensorFlow,6c4095c7353666c4b75ce189e68860be1159b40a,46df4a1afd50f69966e63245e7758cc0d5656c4e,18180,https://github.com/tensorflow/tensorflow/issues/18180,https://github.com/tensorflow/tensorflow/tree/6c4095c7353666c4b75ce189e68860be1159b40a,https://github.com/tensorflow/tensorflow/tree/46df4a1afd50f69966e63245e7758cc0d5656c4e,https://github.com/tensorflow/tensorflow/compare/6c4095c7353666c4b75ce189e68860be1159b40a...46df4a1afd50f69966e63245e7758cc0d5656c4e
179,TensorFlow,526ed81a0c6404d921ab36b6e2fe0a4bfbd4808b,624a2e47329fefa1f17373954ac541b0e42a9fca,17130,https://github.com/tensorflow/tensorflow/issues/17130,https://github.com/tensorflow/tensorflow/tree/526ed81a0c6404d921ab36b6e2fe0a4bfbd4808b,https://github.com/tensorflow/tensorflow/tree/624a2e47329fefa1f17373954ac541b0e42a9fca,https://github.com/tensorflow/tensorflow/compare/526ed81a0c6404d921ab36b6e2fe0a4bfbd4808b...624a2e47329fefa1f17373954ac541b0e42a9fca
180,TensorFlow,a655d1670c264652efc42c1b12565232e22b8b84,5c1e253344c0a9d90b27eeef6dd5fcf76b74bba5,18642,https://github.com/tensorflow/tensorflow/issues/18642,https://github.com/tensorflow/tensorflow/tree/a655d1670c264652efc42c1b12565232e22b8b84,https://github.com/tensorflow/tensorflow/tree/5c1e253344c0a9d90b27eeef6dd5fcf76b74bba5,https://github.com/tensorflow/tensorflow/compare/a655d1670c264652efc42c1b12565232e22b8b84...5c1e253344c0a9d90b27eeef6dd5fcf76b74bba5
181,TensorFlow,6fdd2d6d912e1b918d0a89ec9a5e42991182bf69,041cf60da44f4c423c8f1ef603ce74b3377eb2d3,17720,https://github.com/tensorflow/tensorflow/issues/17720,https://github.com/tensorflow/tensorflow/tree/6fdd2d6d912e1b918d0a89ec9a5e42991182bf69,https://github.com/tensorflow/tensorflow/tree/041cf60da44f4c423c8f1ef603ce74b3377eb2d3,https://github.com/tensorflow/tensorflow/compare/6fdd2d6d912e1b918d0a89ec9a5e42991182bf69...041cf60da44f4c423c8f1ef603ce74b3377eb2d3
182,TensorFlow,152f7163470ad53f372257c49c7ae88d774fcbaf,e52706d1696faa2ab926c2d91a0d85ec99dac314,14292,https://github.com/tensorflow/tensorflow/issues/14292,https://github.com/tensorflow/tensorflow/tree/152f7163470ad53f372257c49c7ae88d774fcbaf,https://github.com/tensorflow/tensorflow/tree/e52706d1696faa2ab926c2d91a0d85ec99dac314,https://github.com/tensorflow/tensorflow/compare/152f7163470ad53f372257c49c7ae88d774fcbaf...e52706d1696faa2ab926c2d91a0d85ec99dac314
183,TensorFlow,7833890a0da5226e4c409b1020155f1718c0edb2,8f0a90b711480c12716d1a3b1094cc8b34939f2d,10749,https://github.com/tensorflow/tensorflow/issues/10749,https://github.com/tensorflow/tensorflow/tree/7833890a0da5226e4c409b1020155f1718c0edb2,https://github.com/tensorflow/tensorflow/tree/8f0a90b711480c12716d1a3b1094cc8b34939f2d,https://github.com/tensorflow/tensorflow/compare/7833890a0da5226e4c409b1020155f1718c0edb2...8f0a90b711480c12716d1a3b1094cc8b34939f2d
184,TensorFlow,d4c31b59469fa0e5ebad3408353e7d7476842734,a722cdf7a62a3ee82ca6ee1b3d33f3d03dba49ee,18642,https://github.com/tensorflow/tensorflow/issues/18642,https://github.com/tensorflow/tensorflow/tree/d4c31b59469fa0e5ebad3408353e7d7476842734,https://github.com/tensorflow/tensorflow/tree/a722cdf7a62a3ee82ca6ee1b3d33f3d03dba49ee,https://github.com/tensorflow/tensorflow/compare/d4c31b59469fa0e5ebad3408353e7d7476842734...a722cdf7a62a3ee82ca6ee1b3d33f3d03dba49ee
185,TensorFlow,e563b56c0c7ef78a9d20e5f58061b2883107bcb0,85e4dc47ea8d68bdd98f0982ba57ceb694115742,13258,https://github.com/tensorflow/tensorflow/issues/13258,https://github.com/tensorflow/tensorflow/tree/e563b56c0c7ef78a9d20e5f58061b2883107bcb0,https://github.com/tensorflow/tensorflow/tree/85e4dc47ea8d68bdd98f0982ba57ceb694115742,https://github.com/tensorflow/tensorflow/compare/e563b56c0c7ef78a9d20e5f58061b2883107bcb0...85e4dc47ea8d68bdd98f0982ba57ceb694115742
186,TensorFlow,0acb6b7435f25e798acd59f24e590eeebef7df9a,70674b950ab48f913ed1c99e48c4162287595d46,19499,https://github.com/tensorflow/tensorflow/issues/19499,https://github.com/tensorflow/tensorflow/tree/0acb6b7435f25e798acd59f24e590eeebef7df9a,https://github.com/tensorflow/tensorflow/tree/70674b950ab48f913ed1c99e48c4162287595d46,https://github.com/tensorflow/tensorflow/compare/0acb6b7435f25e798acd59f24e590eeebef7df9a...70674b950ab48f913ed1c99e48c4162287595d46
187,TensorFlow,80417ef07b5d44e3ee03f9b97f87e98a516470f7,a9f857758e43e9151459b290b386ad3e03633bb0,19588,https://github.com/tensorflow/tensorflow/issues/19588,https://github.com/tensorflow/tensorflow/tree/80417ef07b5d44e3ee03f9b97f87e98a516470f7,https://github.com/tensorflow/tensorflow/tree/a9f857758e43e9151459b290b386ad3e03633bb0,https://github.com/tensorflow/tensorflow/compare/80417ef07b5d44e3ee03f9b97f87e98a516470f7...a9f857758e43e9151459b290b386ad3e03633bb0
188,TensorFlow,2c36125bf59a61be23447d7cf5731032cc0440a4,6d1beebffd216c5cb2eda8a8ba3a59d605ed8fe1,19588,https://github.com/tensorflow/tensorflow/issues/19588,https://github.com/tensorflow/tensorflow/tree/2c36125bf59a61be23447d7cf5731032cc0440a4,https://github.com/tensorflow/tensorflow/tree/6d1beebffd216c5cb2eda8a8ba3a59d605ed8fe1,https://github.com/tensorflow/tensorflow/compare/2c36125bf59a61be23447d7cf5731032cc0440a4...6d1beebffd216c5cb2eda8a8ba3a59d605ed8fe1
189,TensorFlow,7a4d278a3dbb71c0d707e2c5e99423489099f441,2c75dbfd2d37a3c06d34cc4b12682a63a75503f7,19496,https://github.com/tensorflow/tensorflow/issues/19496,https://github.com/tensorflow/tensorflow/tree/7a4d278a3dbb71c0d707e2c5e99423489099f441,https://github.com/tensorflow/tensorflow/tree/2c75dbfd2d37a3c06d34cc4b12682a63a75503f7,https://github.com/tensorflow/tensorflow/compare/7a4d278a3dbb71c0d707e2c5e99423489099f441...2c75dbfd2d37a3c06d34cc4b12682a63a75503f7
190,TensorFlow,08e4863ea6c7e75c85f097760216509f85081916,8b5212011c7b67b7f8c2ea1b641aa0a7151c82d0,18260,https://github.com/tensorflow/tensorflow/issues/18260,https://github.com/tensorflow/tensorflow/tree/08e4863ea6c7e75c85f097760216509f85081916,https://github.com/tensorflow/tensorflow/tree/8b5212011c7b67b7f8c2ea1b641aa0a7151c82d0,https://github.com/tensorflow/tensorflow/compare/08e4863ea6c7e75c85f097760216509f85081916...8b5212011c7b67b7f8c2ea1b641aa0a7151c82d0
191,TensorFlow,2279279fd15369e361a02fb09a1df41e08a34aae,29831cdce5beb9082940c140aaab735888626dfd,20983,https://github.com/tensorflow/tensorflow/issues/20983,https://github.com/tensorflow/tensorflow/tree/2279279fd15369e361a02fb09a1df41e08a34aae,https://github.com/tensorflow/tensorflow/tree/29831cdce5beb9082940c140aaab735888626dfd,https://github.com/tensorflow/tensorflow/compare/2279279fd15369e361a02fb09a1df41e08a34aae...29831cdce5beb9082940c140aaab735888626dfd
192,TensorFlow,980c390941853649bb56c4940a46f474eb97ed80,879fc3440495d9388754cb7d1878caf034d03d61,17246,https://github.com/tensorflow/tensorflow/issues/17246,https://github.com/tensorflow/tensorflow/tree/980c390941853649bb56c4940a46f474eb97ed80,https://github.com/tensorflow/tensorflow/tree/879fc3440495d9388754cb7d1878caf034d03d61,https://github.com/tensorflow/tensorflow/compare/980c390941853649bb56c4940a46f474eb97ed80...879fc3440495d9388754cb7d1878caf034d03d61
193,TensorFlow,bdd3a01d20ec6747cc6efc39fe42ed5f29d2c97e,f46627f9ed9cd41b5a1ad9cebbdd4c240846c4e0,20516,https://github.com/tensorflow/tensorflow/issues/20516,https://github.com/tensorflow/tensorflow/tree/bdd3a01d20ec6747cc6efc39fe42ed5f29d2c97e,https://github.com/tensorflow/tensorflow/tree/f46627f9ed9cd41b5a1ad9cebbdd4c240846c4e0,https://github.com/tensorflow/tensorflow/compare/bdd3a01d20ec6747cc6efc39fe42ed5f29d2c97e...f46627f9ed9cd41b5a1ad9cebbdd4c240846c4e0
194,TensorFlow,e8dee0dbc2efee5cabdef3e3963fa8530b85c64a,ec21b76c041c2b0af55ff8df1f39e7729046cd77,20529,https://github.com/tensorflow/tensorflow/issues/20529,https://github.com/tensorflow/tensorflow/tree/e8dee0dbc2efee5cabdef3e3963fa8530b85c64a,https://github.com/tensorflow/tensorflow/tree/ec21b76c041c2b0af55ff8df1f39e7729046cd77,https://github.com/tensorflow/tensorflow/compare/e8dee0dbc2efee5cabdef3e3963fa8530b85c64a...ec21b76c041c2b0af55ff8df1f39e7729046cd77
195,TensorFlow,96100f90a90bb2db905f50617cbb5e7928480667,4d8a66c5b29428b709f4f54b566a44902ea8173e,20021,https://github.com/tensorflow/tensorflow/issues/20021,https://github.com/tensorflow/tensorflow/tree/96100f90a90bb2db905f50617cbb5e7928480667,https://github.com/tensorflow/tensorflow/tree/4d8a66c5b29428b709f4f54b566a44902ea8173e,https://github.com/tensorflow/tensorflow/compare/96100f90a90bb2db905f50617cbb5e7928480667...4d8a66c5b29428b709f4f54b566a44902ea8173e
196,TensorFlow,37bfe7a9f290c267ff7a804038fb6c8979975dee,03e10b0b485fca75ebd476201fa49c7f3b86bfa3,20451,https://github.com/tensorflow/tensorflow/issues/20451,https://github.com/tensorflow/tensorflow/tree/37bfe7a9f290c267ff7a804038fb6c8979975dee,https://github.com/tensorflow/tensorflow/tree/03e10b0b485fca75ebd476201fa49c7f3b86bfa3,https://github.com/tensorflow/tensorflow/compare/37bfe7a9f290c267ff7a804038fb6c8979975dee...03e10b0b485fca75ebd476201fa49c7f3b86bfa3
197,TensorFlow,b1a1b8a9fc33840e43794bfbc80518e0a22418cd,d0b51d7d9d50dd73c46ba2f2daaa9d26cc0666d0,19551,https://github.com/tensorflow/tensorflow/issues/19551,https://github.com/tensorflow/tensorflow/tree/b1a1b8a9fc33840e43794bfbc80518e0a22418cd,https://github.com/tensorflow/tensorflow/tree/d0b51d7d9d50dd73c46ba2f2daaa9d26cc0666d0,https://github.com/tensorflow/tensorflow/compare/b1a1b8a9fc33840e43794bfbc80518e0a22418cd...d0b51d7d9d50dd73c46ba2f2daaa9d26cc0666d0
198,TensorFlow,e51791dd3bfe80a17b78780b620f9832b1b62474,88ba64b668044c5cb776fa27c8429e2c0e64e665,19360,https://github.com/tensorflow/tensorflow/issues/19360,https://github.com/tensorflow/tensorflow/tree/e51791dd3bfe80a17b78780b620f9832b1b62474,https://github.com/tensorflow/tensorflow/tree/88ba64b668044c5cb776fa27c8429e2c0e64e665,https://github.com/tensorflow/tensorflow/compare/e51791dd3bfe80a17b78780b620f9832b1b62474...88ba64b668044c5cb776fa27c8429e2c0e64e665
199,TensorFlow,8c9b0cbeef0d04fc552bb7e760669314e7fa1123,6e26dde0d193a8d21909b7b6c32953fae375093e,20626,https://github.com/tensorflow/tensorflow/issues/20626,https://github.com/tensorflow/tensorflow/tree/8c9b0cbeef0d04fc552bb7e760669314e7fa1123,https://github.com/tensorflow/tensorflow/tree/6e26dde0d193a8d21909b7b6c32953fae375093e,https://github.com/tensorflow/tensorflow/compare/8c9b0cbeef0d04fc552bb7e760669314e7fa1123...6e26dde0d193a8d21909b7b6c32953fae375093e
200,TensorFlow,2e44b4681a16f4127502b0330228d7d4b33f8ee5,0d4cb43a540f08cb73c00fac662c961e4154ac32,21762,https://github.com/tensorflow/tensorflow/issues/21762,https://github.com/tensorflow/tensorflow/tree/2e44b4681a16f4127502b0330228d7d4b33f8ee5,https://github.com/tensorflow/tensorflow/tree/0d4cb43a540f08cb73c00fac662c961e4154ac32,https://github.com/tensorflow/tensorflow/compare/2e44b4681a16f4127502b0330228d7d4b33f8ee5...0d4cb43a540f08cb73c00fac662c961e4154ac32
201,TensorFlow,bfcfad55b7b3fa4a1093fa748d4241f9457b2a84,9281603eeb149942952e3d8b35c2a121bbaa045e,20453,https://github.com/tensorflow/tensorflow/issues/20453,https://github.com/tensorflow/tensorflow/tree/bfcfad55b7b3fa4a1093fa748d4241f9457b2a84,https://github.com/tensorflow/tensorflow/tree/9281603eeb149942952e3d8b35c2a121bbaa045e,https://github.com/tensorflow/tensorflow/compare/bfcfad55b7b3fa4a1093fa748d4241f9457b2a84...9281603eeb149942952e3d8b35c2a121bbaa045e
202,TensorFlow,d07564b2a4cb84b81e32bad7088ba5aec4aca630,8cd2d6fe9389e93a4182ae9287f2f8325913fe6c,21277,https://github.com/tensorflow/tensorflow/issues/21277,https://github.com/tensorflow/tensorflow/tree/d07564b2a4cb84b81e32bad7088ba5aec4aca630,https://github.com/tensorflow/tensorflow/tree/8cd2d6fe9389e93a4182ae9287f2f8325913fe6c,https://github.com/tensorflow/tensorflow/compare/d07564b2a4cb84b81e32bad7088ba5aec4aca630...8cd2d6fe9389e93a4182ae9287f2f8325913fe6c
203,TensorFlow,9354ab24b9760382b6e0fcd5f3276191fd27f233,4963bcf071dea91bb1fca38d1c281d9d76a7dfa3,20451,https://github.com/tensorflow/tensorflow/issues/20451,https://github.com/tensorflow/tensorflow/tree/9354ab24b9760382b6e0fcd5f3276191fd27f233,https://github.com/tensorflow/tensorflow/tree/4963bcf071dea91bb1fca38d1c281d9d76a7dfa3,https://github.com/tensorflow/tensorflow/compare/9354ab24b9760382b6e0fcd5f3276191fd27f233...4963bcf071dea91bb1fca38d1c281d9d76a7dfa3
204,TensorFlow,2f5e8e189c3b70840d7a835d4e36fd146380abc4,85f4f6b7ced7afab7e77e65c2b21448cfbf2d6f2,22013,https://github.com/tensorflow/tensorflow/issues/22013,https://github.com/tensorflow/tensorflow/tree/2f5e8e189c3b70840d7a835d4e36fd146380abc4,https://github.com/tensorflow/tensorflow/tree/85f4f6b7ced7afab7e77e65c2b21448cfbf2d6f2,https://github.com/tensorflow/tensorflow/compare/2f5e8e189c3b70840d7a835d4e36fd146380abc4...85f4f6b7ced7afab7e77e65c2b21448cfbf2d6f2
205,TensorFlow,461ea88d9a6f2bb848da8cf9064fa939b89ff32b,c1399d6459f989740dcbce96582fb380716c0f1f,23334,https://github.com/tensorflow/tensorflow/issues/23334,https://github.com/tensorflow/tensorflow/tree/461ea88d9a6f2bb848da8cf9064fa939b89ff32b,https://github.com/tensorflow/tensorflow/tree/c1399d6459f989740dcbce96582fb380716c0f1f,https://github.com/tensorflow/tensorflow/compare/461ea88d9a6f2bb848da8cf9064fa939b89ff32b...c1399d6459f989740dcbce96582fb380716c0f1f
206,TensorFlow,556b91e88fce84df4aca3302dc28c309a930546c,bb425754adacc784c2ad50ed94307eaa03626b41,23924,https://github.com/tensorflow/tensorflow/issues/23924,https://github.com/tensorflow/tensorflow/tree/556b91e88fce84df4aca3302dc28c309a930546c,https://github.com/tensorflow/tensorflow/tree/bb425754adacc784c2ad50ed94307eaa03626b41,https://github.com/tensorflow/tensorflow/compare/556b91e88fce84df4aca3302dc28c309a930546c...bb425754adacc784c2ad50ed94307eaa03626b41
207,TensorFlow,f95ce5624f452dc6e5f59c1c83d0b3377bcf0af3,95de98b58a35aaac2804716a70979e68596f3dae,23195,https://github.com/tensorflow/tensorflow/issues/23195,https://github.com/tensorflow/tensorflow/tree/f95ce5624f452dc6e5f59c1c83d0b3377bcf0af3,https://github.com/tensorflow/tensorflow/tree/95de98b58a35aaac2804716a70979e68596f3dae,https://github.com/tensorflow/tensorflow/compare/f95ce5624f452dc6e5f59c1c83d0b3377bcf0af3...95de98b58a35aaac2804716a70979e68596f3dae
208,TensorFlow,aaff777c6d90f1717c970f3651fc254d20a95146,32d82226827272b458f551078352c26005bb1b46,13980,https://github.com/tensorflow/tensorflow/issues/13980,https://github.com/tensorflow/tensorflow/tree/aaff777c6d90f1717c970f3651fc254d20a95146,https://github.com/tensorflow/tensorflow/tree/32d82226827272b458f551078352c26005bb1b46,https://github.com/tensorflow/tensorflow/compare/aaff777c6d90f1717c970f3651fc254d20a95146...32d82226827272b458f551078352c26005bb1b46
209,TensorFlow,24baec1b8c2556c8c1ffe1fdf6f67b0324f4389c,b084482d79d28bb79f26c9b86f7ba654fcf25238,25067,https://github.com/tensorflow/tensorflow/issues/25067,https://github.com/tensorflow/tensorflow/tree/24baec1b8c2556c8c1ffe1fdf6f67b0324f4389c,https://github.com/tensorflow/tensorflow/tree/b084482d79d28bb79f26c9b86f7ba654fcf25238,https://github.com/tensorflow/tensorflow/compare/24baec1b8c2556c8c1ffe1fdf6f67b0324f4389c...b084482d79d28bb79f26c9b86f7ba654fcf25238
210,TensorFlow,b5ca1e4ab42a1b08770d54ff06c4f6b481e79ff3,790390598cad7c4e456b60400a0d0d5454e75716,23933,https://github.com/tensorflow/tensorflow/issues/23933,https://github.com/tensorflow/tensorflow/tree/b5ca1e4ab42a1b08770d54ff06c4f6b481e79ff3,https://github.com/tensorflow/tensorflow/tree/790390598cad7c4e456b60400a0d0d5454e75716,https://github.com/tensorflow/tensorflow/compare/b5ca1e4ab42a1b08770d54ff06c4f6b481e79ff3...790390598cad7c4e456b60400a0d0d5454e75716
211,TensorFlow,146003df2407dba66fedbf0e3a26327f272cae14,816426f66a9b3edbbdf4203684f7753b2974866d,23449,https://github.com/tensorflow/tensorflow/issues/23449,https://github.com/tensorflow/tensorflow/tree/146003df2407dba66fedbf0e3a26327f272cae14,https://github.com/tensorflow/tensorflow/tree/816426f66a9b3edbbdf4203684f7753b2974866d,https://github.com/tensorflow/tensorflow/compare/146003df2407dba66fedbf0e3a26327f272cae14...816426f66a9b3edbbdf4203684f7753b2974866d
212,TensorFlow,6729cd7d1c07e547298fa2a02d1e36390dc62f0a,cf7373be08a5d745b52d95f2d62e2ccc919ad748,21762,https://github.com/tensorflow/tensorflow/issues/21762,https://github.com/tensorflow/tensorflow/tree/6729cd7d1c07e547298fa2a02d1e36390dc62f0a,https://github.com/tensorflow/tensorflow/tree/cf7373be08a5d745b52d95f2d62e2ccc919ad748,https://github.com/tensorflow/tensorflow/compare/6729cd7d1c07e547298fa2a02d1e36390dc62f0a...cf7373be08a5d745b52d95f2d62e2ccc919ad748
213,TensorFlow,dd1d9f654988695b86e854818b65ccda8e84515d,a252fe83f4dc29c0614983046825ec75a3529cb9,25463,https://github.com/tensorflow/tensorflow/issues/25463,https://github.com/tensorflow/tensorflow/tree/dd1d9f654988695b86e854818b65ccda8e84515d,https://github.com/tensorflow/tensorflow/tree/a252fe83f4dc29c0614983046825ec75a3529cb9,https://github.com/tensorflow/tensorflow/compare/dd1d9f654988695b86e854818b65ccda8e84515d...a252fe83f4dc29c0614983046825ec75a3529cb9
214,TensorFlow,1f691afcce4a2700407b0b2db1381d7e20229bf2,059ea3ba68db861e40d750eba688281011d2735f,25707,https://github.com/tensorflow/tensorflow/issues/25707,https://github.com/tensorflow/tensorflow/tree/1f691afcce4a2700407b0b2db1381d7e20229bf2,https://github.com/tensorflow/tensorflow/tree/059ea3ba68db861e40d750eba688281011d2735f,https://github.com/tensorflow/tensorflow/compare/1f691afcce4a2700407b0b2db1381d7e20229bf2...059ea3ba68db861e40d750eba688281011d2735f
215,TensorFlow,589fb0dfdb694d6318784e1523672fc2833b736d,371c96df55a7b23eb8d8496fb477b473fd137fcc,6720,https://github.com/tensorflow/tensorflow/issues/6720,https://github.com/tensorflow/tensorflow/tree/589fb0dfdb694d6318784e1523672fc2833b736d,https://github.com/tensorflow/tensorflow/tree/371c96df55a7b23eb8d8496fb477b473fd137fcc,https://github.com/tensorflow/tensorflow/compare/589fb0dfdb694d6318784e1523672fc2833b736d...371c96df55a7b23eb8d8496fb477b473fd137fcc
216,TensorFlow,f0b80566c1ae7953eda39d6a7190f9375c20d75a,961e9f4505dff0c5a91d12b1f4e476b3cf2d295d,24598,https://github.com/tensorflow/tensorflow/issues/24598,https://github.com/tensorflow/tensorflow/tree/f0b80566c1ae7953eda39d6a7190f9375c20d75a,https://github.com/tensorflow/tensorflow/tree/961e9f4505dff0c5a91d12b1f4e476b3cf2d295d,https://github.com/tensorflow/tensorflow/compare/f0b80566c1ae7953eda39d6a7190f9375c20d75a...961e9f4505dff0c5a91d12b1f4e476b3cf2d295d
217,TensorFlow,302c46ea3a1fd2a39341e22f3126242b0c0bef04,710b322a8be78b8aff6b148575fcfe5301f42b64,26048,https://github.com/tensorflow/tensorflow/issues/26048,https://github.com/tensorflow/tensorflow/tree/302c46ea3a1fd2a39341e22f3126242b0c0bef04,https://github.com/tensorflow/tensorflow/tree/710b322a8be78b8aff6b148575fcfe5301f42b64,https://github.com/tensorflow/tensorflow/compare/302c46ea3a1fd2a39341e22f3126242b0c0bef04...710b322a8be78b8aff6b148575fcfe5301f42b64
218,TensorFlow,25642bfb042ceb7a18a35804c0abd46ac54c21c0,826027dbd4277a2636fc2935ed245700fd01e7cd,25707,https://github.com/tensorflow/tensorflow/issues/25707,https://github.com/tensorflow/tensorflow/tree/25642bfb042ceb7a18a35804c0abd46ac54c21c0,https://github.com/tensorflow/tensorflow/tree/826027dbd4277a2636fc2935ed245700fd01e7cd,https://github.com/tensorflow/tensorflow/compare/25642bfb042ceb7a18a35804c0abd46ac54c21c0...826027dbd4277a2636fc2935ed245700fd01e7cd
219,TensorFlow,7532c52686e222ae7240623d6e386da361fe7143,a236ae23782c04a057d17a8ad845500c7f15c432,26665,https://github.com/tensorflow/tensorflow/issues/26665,https://github.com/tensorflow/tensorflow/tree/7532c52686e222ae7240623d6e386da361fe7143,https://github.com/tensorflow/tensorflow/tree/a236ae23782c04a057d17a8ad845500c7f15c432,https://github.com/tensorflow/tensorflow/compare/7532c52686e222ae7240623d6e386da361fe7143...a236ae23782c04a057d17a8ad845500c7f15c432
220,TensorFlow,216f28a0d96e71f4733ac4febb7f93c4470ae3e6,53d3a33b54e1cc725099617b63d2b9637974c97a,26793,https://github.com/tensorflow/tensorflow/issues/26793,https://github.com/tensorflow/tensorflow/tree/216f28a0d96e71f4733ac4febb7f93c4470ae3e6,https://github.com/tensorflow/tensorflow/tree/53d3a33b54e1cc725099617b63d2b9637974c97a,https://github.com/tensorflow/tensorflow/compare/216f28a0d96e71f4733ac4febb7f93c4470ae3e6...53d3a33b54e1cc725099617b63d2b9637974c97a
221,TensorFlow,48d79ff437c73c2fb3bdfebcf41d37fe36cb3d63,823b694639a3f49b6adbf9e73a08c529d583878e,25262,https://github.com/tensorflow/tensorflow/issues/25262,https://github.com/tensorflow/tensorflow/tree/48d79ff437c73c2fb3bdfebcf41d37fe36cb3d63,https://github.com/tensorflow/tensorflow/tree/823b694639a3f49b6adbf9e73a08c529d583878e,https://github.com/tensorflow/tensorflow/compare/48d79ff437c73c2fb3bdfebcf41d37fe36cb3d63...823b694639a3f49b6adbf9e73a08c529d583878e
222,TensorFlow,937c81c97cf2d3222cb5d75781c7c5abd999b47c,1a26797203e62390623756fd67e69e7665b69389,24414,https://github.com/tensorflow/tensorflow/issues/24414,https://github.com/tensorflow/tensorflow/tree/937c81c97cf2d3222cb5d75781c7c5abd999b47c,https://github.com/tensorflow/tensorflow/tree/1a26797203e62390623756fd67e69e7665b69389,https://github.com/tensorflow/tensorflow/compare/937c81c97cf2d3222cb5d75781c7c5abd999b47c...1a26797203e62390623756fd67e69e7665b69389
223,TensorFlow,924006c8549365b1564740a7c6111b62eb21974d,a3444844ee20acd750165f6f8ffef1495909f12e,26793,https://github.com/tensorflow/tensorflow/issues/26793,https://github.com/tensorflow/tensorflow/tree/924006c8549365b1564740a7c6111b62eb21974d,https://github.com/tensorflow/tensorflow/tree/a3444844ee20acd750165f6f8ffef1495909f12e,https://github.com/tensorflow/tensorflow/compare/924006c8549365b1564740a7c6111b62eb21974d...a3444844ee20acd750165f6f8ffef1495909f12e
224,TensorFlow,631bc2a83fb0e3d20a6eb87130f712cd5eec52f2,a79ed9c304bf9c1971fe3df4f61a0d0ab515eff9,26808,https://github.com/tensorflow/tensorflow/issues/26808,https://github.com/tensorflow/tensorflow/tree/631bc2a83fb0e3d20a6eb87130f712cd5eec52f2,https://github.com/tensorflow/tensorflow/tree/a79ed9c304bf9c1971fe3df4f61a0d0ab515eff9,https://github.com/tensorflow/tensorflow/compare/631bc2a83fb0e3d20a6eb87130f712cd5eec52f2...a79ed9c304bf9c1971fe3df4f61a0d0ab515eff9
225,TensorFlow,715e565e287408ce85eb2ec5771a196916413750,d87710ed89e01cf479d2b6ba619a879c32ad77d9,25882,https://github.com/tensorflow/tensorflow/issues/25882,https://github.com/tensorflow/tensorflow/tree/715e565e287408ce85eb2ec5771a196916413750,https://github.com/tensorflow/tensorflow/tree/d87710ed89e01cf479d2b6ba619a879c32ad77d9,https://github.com/tensorflow/tensorflow/compare/715e565e287408ce85eb2ec5771a196916413750...d87710ed89e01cf479d2b6ba619a879c32ad77d9
226,TensorFlow,088e9ef4b6b23766cde2e9e20fa1a007dbdcc211,009fde664530e6616e5aa1f882ff497e9e435924,27202,https://github.com/tensorflow/tensorflow/issues/27202,https://github.com/tensorflow/tensorflow/tree/088e9ef4b6b23766cde2e9e20fa1a007dbdcc211,https://github.com/tensorflow/tensorflow/tree/009fde664530e6616e5aa1f882ff497e9e435924,https://github.com/tensorflow/tensorflow/compare/088e9ef4b6b23766cde2e9e20fa1a007dbdcc211...009fde664530e6616e5aa1f882ff497e9e435924
227,TensorFlow,e28d0966871b513c4698ce1bbae0c9903e486b9a,244cb0b925902a29c6a39c62fd1b80cb3797051b,27455,https://github.com/tensorflow/tensorflow/issues/27455,https://github.com/tensorflow/tensorflow/tree/e28d0966871b513c4698ce1bbae0c9903e486b9a,https://github.com/tensorflow/tensorflow/tree/244cb0b925902a29c6a39c62fd1b80cb3797051b,https://github.com/tensorflow/tensorflow/compare/e28d0966871b513c4698ce1bbae0c9903e486b9a...244cb0b925902a29c6a39c62fd1b80cb3797051b
228,TensorFlow,c6b4b2c791a398450737e83461d14ee463006810,097fc1cdef5c56d4bb239a5a44bf950f0b1c4d37,26684,https://github.com/tensorflow/tensorflow/issues/26684,https://github.com/tensorflow/tensorflow/tree/c6b4b2c791a398450737e83461d14ee463006810,https://github.com/tensorflow/tensorflow/tree/097fc1cdef5c56d4bb239a5a44bf950f0b1c4d37,https://github.com/tensorflow/tensorflow/compare/c6b4b2c791a398450737e83461d14ee463006810...097fc1cdef5c56d4bb239a5a44bf950f0b1c4d37
229,TensorFlow,cf838c4bf711d013d9ffe9f40e7daffdf3a60491,3e8a80bce0f7ef0ab2ee49f3528a2652f26110f0,27292,https://github.com/tensorflow/tensorflow/issues/27292,https://github.com/tensorflow/tensorflow/tree/cf838c4bf711d013d9ffe9f40e7daffdf3a60491,https://github.com/tensorflow/tensorflow/tree/3e8a80bce0f7ef0ab2ee49f3528a2652f26110f0,https://github.com/tensorflow/tensorflow/compare/cf838c4bf711d013d9ffe9f40e7daffdf3a60491...3e8a80bce0f7ef0ab2ee49f3528a2652f26110f0
230,TensorFlow,e656cf4837be75165ad749c14f7a4005bf0a0932,79d8779069a154a74786c28bf9d8af3d0cbd9905,27697,https://github.com/tensorflow/tensorflow/issues/27697,https://github.com/tensorflow/tensorflow/tree/e656cf4837be75165ad749c14f7a4005bf0a0932,https://github.com/tensorflow/tensorflow/tree/79d8779069a154a74786c28bf9d8af3d0cbd9905,https://github.com/tensorflow/tensorflow/compare/e656cf4837be75165ad749c14f7a4005bf0a0932...79d8779069a154a74786c28bf9d8af3d0cbd9905
231,TensorFlow,f90532431c3785166cff35ff427b652fe460f60b,85ba88c973f3dc108d543cb4b590b9f290bdd310,27985,https://github.com/tensorflow/tensorflow/issues/27985,https://github.com/tensorflow/tensorflow/tree/f90532431c3785166cff35ff427b652fe460f60b,https://github.com/tensorflow/tensorflow/tree/85ba88c973f3dc108d543cb4b590b9f290bdd310,https://github.com/tensorflow/tensorflow/compare/f90532431c3785166cff35ff427b652fe460f60b...85ba88c973f3dc108d543cb4b590b9f290bdd310
232,TensorFlow,90a4b1ecfea75482eee20c3d051757517b5c8001,9d724a8e6034d321e97cdc9972d4d6e7adb3e3ca,27431,https://github.com/tensorflow/tensorflow/issues/27431,https://github.com/tensorflow/tensorflow/tree/90a4b1ecfea75482eee20c3d051757517b5c8001,https://github.com/tensorflow/tensorflow/tree/9d724a8e6034d321e97cdc9972d4d6e7adb3e3ca,https://github.com/tensorflow/tensorflow/compare/90a4b1ecfea75482eee20c3d051757517b5c8001...9d724a8e6034d321e97cdc9972d4d6e7adb3e3ca
233,TensorFlow,d4342f77b6b3e50c4986918b231b0ad7da167755,88ca0db75e6daf66c6fb21609ee4100126f1b727,26502,https://github.com/tensorflow/tensorflow/issues/26502,https://github.com/tensorflow/tensorflow/tree/d4342f77b6b3e50c4986918b231b0ad7da167755,https://github.com/tensorflow/tensorflow/tree/88ca0db75e6daf66c6fb21609ee4100126f1b727,https://github.com/tensorflow/tensorflow/compare/d4342f77b6b3e50c4986918b231b0ad7da167755...88ca0db75e6daf66c6fb21609ee4100126f1b727
234,TensorFlow,ff0a267dd09621612086601011bee767a216e9ab,2518fc3ef8b962b8487b930d9798d4696f0e53ee,27845,https://github.com/tensorflow/tensorflow/issues/27845,https://github.com/tensorflow/tensorflow/tree/ff0a267dd09621612086601011bee767a216e9ab,https://github.com/tensorflow/tensorflow/tree/2518fc3ef8b962b8487b930d9798d4696f0e53ee,https://github.com/tensorflow/tensorflow/compare/ff0a267dd09621612086601011bee767a216e9ab...2518fc3ef8b962b8487b930d9798d4696f0e53ee
235,TensorFlow,c0f210f64c307059e164279d14b29a9b1c12c9c3,a311216a9f028eec9e6b0d2ef175f5d46dff19b7,26099,https://github.com/tensorflow/tensorflow/issues/26099,https://github.com/tensorflow/tensorflow/tree/c0f210f64c307059e164279d14b29a9b1c12c9c3,https://github.com/tensorflow/tensorflow/tree/a311216a9f028eec9e6b0d2ef175f5d46dff19b7,https://github.com/tensorflow/tensorflow/compare/c0f210f64c307059e164279d14b29a9b1c12c9c3...a311216a9f028eec9e6b0d2ef175f5d46dff19b7
236,TensorFlow,ff7209d4abab80e5bf5b10b23f9ffff1328c33a9,2cca49f1bb6fbfae6df658e61097608047f0900a,27697,https://github.com/tensorflow/tensorflow/issues/27697,https://github.com/tensorflow/tensorflow/tree/ff7209d4abab80e5bf5b10b23f9ffff1328c33a9,https://github.com/tensorflow/tensorflow/tree/2cca49f1bb6fbfae6df658e61097608047f0900a,https://github.com/tensorflow/tensorflow/compare/ff7209d4abab80e5bf5b10b23f9ffff1328c33a9...2cca49f1bb6fbfae6df658e61097608047f0900a
237,TensorFlow,124f1593587d683f9acd6b9d64195d86671cebda,04f4037adf6c6af592372f1a9755af6a9872fe13,27985,https://github.com/tensorflow/tensorflow/issues/27985,https://github.com/tensorflow/tensorflow/tree/124f1593587d683f9acd6b9d64195d86671cebda,https://github.com/tensorflow/tensorflow/tree/04f4037adf6c6af592372f1a9755af6a9872fe13,https://github.com/tensorflow/tensorflow/compare/124f1593587d683f9acd6b9d64195d86671cebda...04f4037adf6c6af592372f1a9755af6a9872fe13
238,TensorFlow,7d900bd2984f3a9485f7e89b17a4a33a9a0ec78d,d61d3ca11ed4acb5d556ce94d30fae9c58cad78c,27697,https://github.com/tensorflow/tensorflow/issues/27697,https://github.com/tensorflow/tensorflow/tree/7d900bd2984f3a9485f7e89b17a4a33a9a0ec78d,https://github.com/tensorflow/tensorflow/tree/d61d3ca11ed4acb5d556ce94d30fae9c58cad78c,https://github.com/tensorflow/tensorflow/compare/7d900bd2984f3a9485f7e89b17a4a33a9a0ec78d...d61d3ca11ed4acb5d556ce94d30fae9c58cad78c
239,TensorFlow,ad5ef82ea3369ea567af3d99b950dd700d44e42d,778ca5c0bcf87c9e2df73fe9b8074bae5b8c3e58,28070,https://github.com/tensorflow/tensorflow/issues/28070,https://github.com/tensorflow/tensorflow/tree/ad5ef82ea3369ea567af3d99b950dd700d44e42d,https://github.com/tensorflow/tensorflow/tree/778ca5c0bcf87c9e2df73fe9b8074bae5b8c3e58,https://github.com/tensorflow/tensorflow/compare/ad5ef82ea3369ea567af3d99b950dd700d44e42d...778ca5c0bcf87c9e2df73fe9b8074bae5b8c3e58
240,TensorFlow,b34958c8bd2f3d93ca3c78ef84a31898d0fe4351,e2d269edb9217411fc4119338df949e1a741432b,27847,https://github.com/tensorflow/tensorflow/issues/27847,https://github.com/tensorflow/tensorflow/tree/b34958c8bd2f3d93ca3c78ef84a31898d0fe4351,https://github.com/tensorflow/tensorflow/tree/e2d269edb9217411fc4119338df949e1a741432b,https://github.com/tensorflow/tensorflow/compare/b34958c8bd2f3d93ca3c78ef84a31898d0fe4351...e2d269edb9217411fc4119338df949e1a741432b
241,TensorFlow,b435e893a08ed7fd6296da598d05e55fbbfbaf39,110f0610ed0cf52d256e414906cf91d4e9d657e7,27565,https://github.com/tensorflow/tensorflow/issues/27565,https://github.com/tensorflow/tensorflow/tree/b435e893a08ed7fd6296da598d05e55fbbfbaf39,https://github.com/tensorflow/tensorflow/tree/110f0610ed0cf52d256e414906cf91d4e9d657e7,https://github.com/tensorflow/tensorflow/compare/b435e893a08ed7fd6296da598d05e55fbbfbaf39...110f0610ed0cf52d256e414906cf91d4e9d657e7
242,TensorFlow,a1366af7f6bf95966695cb75dbfb658f71a12f37,f2be10a6d278f9a4546fa9cded94074959e67302,18769,https://github.com/tensorflow/tensorflow/issues/18769,https://github.com/tensorflow/tensorflow/tree/a1366af7f6bf95966695cb75dbfb658f71a12f37,https://github.com/tensorflow/tensorflow/tree/f2be10a6d278f9a4546fa9cded94074959e67302,https://github.com/tensorflow/tensorflow/compare/a1366af7f6bf95966695cb75dbfb658f71a12f37...f2be10a6d278f9a4546fa9cded94074959e67302
243,TensorFlow,f93318e7c2b913424368d1fb1c38e5c74741d268,008300cc7667da8f8a7d36806470c01a524153d0,28158,https://github.com/tensorflow/tensorflow/issues/28158,https://github.com/tensorflow/tensorflow/tree/f93318e7c2b913424368d1fb1c38e5c74741d268,https://github.com/tensorflow/tensorflow/tree/008300cc7667da8f8a7d36806470c01a524153d0,https://github.com/tensorflow/tensorflow/compare/f93318e7c2b913424368d1fb1c38e5c74741d268...008300cc7667da8f8a7d36806470c01a524153d0
244,TensorFlow,c4a34bd7081f00df0adc75dff466c2e3a128e87b,42df8cc49cb77520f6d239c506adfedeeb67a83e,27697,https://github.com/tensorflow/tensorflow/issues/27697,https://github.com/tensorflow/tensorflow/tree/c4a34bd7081f00df0adc75dff466c2e3a128e87b,https://github.com/tensorflow/tensorflow/tree/42df8cc49cb77520f6d239c506adfedeeb67a83e,https://github.com/tensorflow/tensorflow/compare/c4a34bd7081f00df0adc75dff466c2e3a128e87b...42df8cc49cb77520f6d239c506adfedeeb67a83e
245,TensorFlow,776bfb21fd47e08548d9743a011936c80d1460c5,fc20e9fe8223336b491cedd4bc428867bf0e7daa,28685,https://github.com/tensorflow/tensorflow/issues/28685,https://github.com/tensorflow/tensorflow/tree/776bfb21fd47e08548d9743a011936c80d1460c5,https://github.com/tensorflow/tensorflow/tree/fc20e9fe8223336b491cedd4bc428867bf0e7daa,https://github.com/tensorflow/tensorflow/compare/776bfb21fd47e08548d9743a011936c80d1460c5...fc20e9fe8223336b491cedd4bc428867bf0e7daa
246,TensorFlow,39b961e4da684cf4583cdb9c950e51a48acf4505,f0836d2a3bdc83b9487d703f30669723bd2662fb,28585,https://github.com/tensorflow/tensorflow/issues/28585,https://github.com/tensorflow/tensorflow/tree/39b961e4da684cf4583cdb9c950e51a48acf4505,https://github.com/tensorflow/tensorflow/tree/f0836d2a3bdc83b9487d703f30669723bd2662fb,https://github.com/tensorflow/tensorflow/compare/39b961e4da684cf4583cdb9c950e51a48acf4505...f0836d2a3bdc83b9487d703f30669723bd2662fb
247,TensorFlow,439b485970a1cfb99851f5b57f178a749ff26b9f,0088c64ccfab8dfc4734c293ea979c4ad0173c36,28959,https://github.com/tensorflow/tensorflow/issues/28959,https://github.com/tensorflow/tensorflow/tree/439b485970a1cfb99851f5b57f178a749ff26b9f,https://github.com/tensorflow/tensorflow/tree/0088c64ccfab8dfc4734c293ea979c4ad0173c36,https://github.com/tensorflow/tensorflow/compare/439b485970a1cfb99851f5b57f178a749ff26b9f...0088c64ccfab8dfc4734c293ea979c4ad0173c36
248,TensorFlow,11281547d9192543b9000832bb79664970280834,c5b8e150645e5c2178b65477ad575c35279124d8,27288,https://github.com/tensorflow/tensorflow/issues/27288,https://github.com/tensorflow/tensorflow/tree/11281547d9192543b9000832bb79664970280834,https://github.com/tensorflow/tensorflow/tree/c5b8e150645e5c2178b65477ad575c35279124d8,https://github.com/tensorflow/tensorflow/compare/11281547d9192543b9000832bb79664970280834...c5b8e150645e5c2178b65477ad575c35279124d8
249,TensorFlow,106516a545c4c7e9301e2ced8b3eb219e1dde4ed,b2dfb9bff5b8f603c19e0a8a3f280b7724fb89c1,29506,https://github.com/tensorflow/tensorflow/issues/29506,https://github.com/tensorflow/tensorflow/tree/106516a545c4c7e9301e2ced8b3eb219e1dde4ed,https://github.com/tensorflow/tensorflow/tree/b2dfb9bff5b8f603c19e0a8a3f280b7724fb89c1,https://github.com/tensorflow/tensorflow/compare/106516a545c4c7e9301e2ced8b3eb219e1dde4ed...b2dfb9bff5b8f603c19e0a8a3f280b7724fb89c1
250,TensorFlow,b136fa200189704d969da4b99f2c7b9cb843e80f,003e400902b85626d32727589142d12269306703,29060,https://github.com/tensorflow/tensorflow/issues/29060,https://github.com/tensorflow/tensorflow/tree/b136fa200189704d969da4b99f2c7b9cb843e80f,https://github.com/tensorflow/tensorflow/tree/003e400902b85626d32727589142d12269306703,https://github.com/tensorflow/tensorflow/compare/b136fa200189704d969da4b99f2c7b9cb843e80f...003e400902b85626d32727589142d12269306703
251,TensorFlow,90bad2ec1b4a4d1db004920082bafc546c3a48d7,a7ef0da19be94d5f189c8a3af960f1da77e58b41,29656,https://github.com/tensorflow/tensorflow/issues/29656,https://github.com/tensorflow/tensorflow/tree/90bad2ec1b4a4d1db004920082bafc546c3a48d7,https://github.com/tensorflow/tensorflow/tree/a7ef0da19be94d5f189c8a3af960f1da77e58b41,https://github.com/tensorflow/tensorflow/compare/90bad2ec1b4a4d1db004920082bafc546c3a48d7...a7ef0da19be94d5f189c8a3af960f1da77e58b41
252,TensorFlow,22e1aff1b6ae25747ac02f94cf72ef2fb68a59f4,665bd441195ce352b0d5ce74d5fd2dc19fa4a614,29393,https://github.com/tensorflow/tensorflow/issues/29393,https://github.com/tensorflow/tensorflow/tree/22e1aff1b6ae25747ac02f94cf72ef2fb68a59f4,https://github.com/tensorflow/tensorflow/tree/665bd441195ce352b0d5ce74d5fd2dc19fa4a614,https://github.com/tensorflow/tensorflow/compare/22e1aff1b6ae25747ac02f94cf72ef2fb68a59f4...665bd441195ce352b0d5ce74d5fd2dc19fa4a614
253,TensorFlow,98a0c57c44d9c4f1a1ad2f7003c83dbe2802f7ce,e62dc433fcce833313b4174e20fc24c418593d27,26581,https://github.com/tensorflow/tensorflow/issues/26581,https://github.com/tensorflow/tensorflow/tree/98a0c57c44d9c4f1a1ad2f7003c83dbe2802f7ce,https://github.com/tensorflow/tensorflow/tree/e62dc433fcce833313b4174e20fc24c418593d27,https://github.com/tensorflow/tensorflow/compare/98a0c57c44d9c4f1a1ad2f7003c83dbe2802f7ce...e62dc433fcce833313b4174e20fc24c418593d27
254,TensorFlow,888a58eff282b2376625347f699a2f44ec68cf55,22ba2ebfc9779ca61e574ddf6411ee5565381cec,28725,https://github.com/tensorflow/tensorflow/issues/28725,https://github.com/tensorflow/tensorflow/tree/888a58eff282b2376625347f699a2f44ec68cf55,https://github.com/tensorflow/tensorflow/tree/22ba2ebfc9779ca61e574ddf6411ee5565381cec,https://github.com/tensorflow/tensorflow/compare/888a58eff282b2376625347f699a2f44ec68cf55...22ba2ebfc9779ca61e574ddf6411ee5565381cec
255,TensorFlow,05fbae2a328bdfe071f65827430b4f11aa2b354a,50f56d58fbbcc1409d2dafb398d0956c252e6acf,30029,https://github.com/tensorflow/tensorflow/issues/30029,https://github.com/tensorflow/tensorflow/tree/05fbae2a328bdfe071f65827430b4f11aa2b354a,https://github.com/tensorflow/tensorflow/tree/50f56d58fbbcc1409d2dafb398d0956c252e6acf,https://github.com/tensorflow/tensorflow/compare/05fbae2a328bdfe071f65827430b4f11aa2b354a...50f56d58fbbcc1409d2dafb398d0956c252e6acf
256,TensorFlow,02277d76fc3ead78a0f153fb54e05480c4c18565,b2bdbfb9260fe58d9c5bfe9df11fc51535e5fef3,29501,https://github.com/tensorflow/tensorflow/issues/29501,https://github.com/tensorflow/tensorflow/tree/02277d76fc3ead78a0f153fb54e05480c4c18565,https://github.com/tensorflow/tensorflow/tree/b2bdbfb9260fe58d9c5bfe9df11fc51535e5fef3,https://github.com/tensorflow/tensorflow/compare/02277d76fc3ead78a0f153fb54e05480c4c18565...b2bdbfb9260fe58d9c5bfe9df11fc51535e5fef3
257,TensorFlow,f53e0d350223dc7ef75382bf92dc7f627862e62f,b789a3b37b59e6795f799645a6e8b1a6c70fc346,30028,https://github.com/tensorflow/tensorflow/issues/30028,https://github.com/tensorflow/tensorflow/tree/f53e0d350223dc7ef75382bf92dc7f627862e62f,https://github.com/tensorflow/tensorflow/tree/b789a3b37b59e6795f799645a6e8b1a6c70fc346,https://github.com/tensorflow/tensorflow/compare/f53e0d350223dc7ef75382bf92dc7f627862e62f...b789a3b37b59e6795f799645a6e8b1a6c70fc346
258,TensorFlow,05fbae2a328bdfe071f65827430b4f11aa2b354a,d7e858192d1de827bc03705ac62e1bd38daf06d8,29881,https://github.com/tensorflow/tensorflow/issues/29881,https://github.com/tensorflow/tensorflow/tree/05fbae2a328bdfe071f65827430b4f11aa2b354a,https://github.com/tensorflow/tensorflow/tree/d7e858192d1de827bc03705ac62e1bd38daf06d8,https://github.com/tensorflow/tensorflow/compare/05fbae2a328bdfe071f65827430b4f11aa2b354a...d7e858192d1de827bc03705ac62e1bd38daf06d8
259,TensorFlow,aee89597fb78b53dac653845c01a254368bfd8e9,3baef3b569344f0af6071950a5fc9d828a4ee6a6,30248,https://github.com/tensorflow/tensorflow/issues/30248,https://github.com/tensorflow/tensorflow/tree/aee89597fb78b53dac653845c01a254368bfd8e9,https://github.com/tensorflow/tensorflow/tree/3baef3b569344f0af6071950a5fc9d828a4ee6a6,https://github.com/tensorflow/tensorflow/compare/aee89597fb78b53dac653845c01a254368bfd8e9...3baef3b569344f0af6071950a5fc9d828a4ee6a6
260,TensorFlow,bb2a1d3ee8d15ca950864ef4abd556fc8de1f456,15f6c30d7977c92ba452eb5c1873b8c9f0968a5f,29856,https://github.com/tensorflow/tensorflow/issues/29856,https://github.com/tensorflow/tensorflow/tree/bb2a1d3ee8d15ca950864ef4abd556fc8de1f456,https://github.com/tensorflow/tensorflow/tree/15f6c30d7977c92ba452eb5c1873b8c9f0968a5f,https://github.com/tensorflow/tensorflow/compare/bb2a1d3ee8d15ca950864ef4abd556fc8de1f456...15f6c30d7977c92ba452eb5c1873b8c9f0968a5f
261,TensorFlow,da5e174981c629aa76e01448011a3f645ecbdab8,38df5d8ef43e884674f22670dbfd19ec26782f17,30149,https://github.com/tensorflow/tensorflow/issues/30149,https://github.com/tensorflow/tensorflow/tree/da5e174981c629aa76e01448011a3f645ecbdab8,https://github.com/tensorflow/tensorflow/tree/38df5d8ef43e884674f22670dbfd19ec26782f17,https://github.com/tensorflow/tensorflow/compare/da5e174981c629aa76e01448011a3f645ecbdab8...38df5d8ef43e884674f22670dbfd19ec26782f17
262,TensorFlow,a216c03fafa208392ff587cbdec2689448dfe0f8,dd3ec9260259a5dba183f9271f517c06d7c69c82,30182,https://github.com/tensorflow/tensorflow/issues/30182,https://github.com/tensorflow/tensorflow/tree/a216c03fafa208392ff587cbdec2689448dfe0f8,https://github.com/tensorflow/tensorflow/tree/dd3ec9260259a5dba183f9271f517c06d7c69c82,https://github.com/tensorflow/tensorflow/compare/a216c03fafa208392ff587cbdec2689448dfe0f8...dd3ec9260259a5dba183f9271f517c06d7c69c82
263,TensorFlow,f79c91e6df318bf6017d308dce254c3fdc6b4431,3ca6a66a4cc624e9bbac73f3fe30e39feaf4c2c7,22071,https://github.com/tensorflow/tensorflow/issues/22071,https://github.com/tensorflow/tensorflow/tree/f79c91e6df318bf6017d308dce254c3fdc6b4431,https://github.com/tensorflow/tensorflow/tree/3ca6a66a4cc624e9bbac73f3fe30e39feaf4c2c7,https://github.com/tensorflow/tensorflow/compare/f79c91e6df318bf6017d308dce254c3fdc6b4431...3ca6a66a4cc624e9bbac73f3fe30e39feaf4c2c7
264,TensorFlow,29a3f8d4e2e05821af7b3585ac0eca56d5760463,d5b287d6c93332ba73b99b375bd21f81266e3112,30165,https://github.com/tensorflow/tensorflow/issues/30165,https://github.com/tensorflow/tensorflow/tree/29a3f8d4e2e05821af7b3585ac0eca56d5760463,https://github.com/tensorflow/tensorflow/tree/d5b287d6c93332ba73b99b375bd21f81266e3112,https://github.com/tensorflow/tensorflow/compare/29a3f8d4e2e05821af7b3585ac0eca56d5760463...d5b287d6c93332ba73b99b375bd21f81266e3112
265,TensorFlow,c7973b017676fe84a5b4a859599c99877df4a2c5,24174643a75e819b8ce01fd70d45d03616e50071,29525,https://github.com/tensorflow/tensorflow/issues/29525,https://github.com/tensorflow/tensorflow/tree/c7973b017676fe84a5b4a859599c99877df4a2c5,https://github.com/tensorflow/tensorflow/tree/24174643a75e819b8ce01fd70d45d03616e50071,https://github.com/tensorflow/tensorflow/compare/c7973b017676fe84a5b4a859599c99877df4a2c5...24174643a75e819b8ce01fd70d45d03616e50071
266,TensorFlow,c072556f70fe6854f80d43af566e12e30b46754b,37fcf0a0e04b2014864936397c25e6c398135772,30474,https://github.com/tensorflow/tensorflow/issues/30474,https://github.com/tensorflow/tensorflow/tree/c072556f70fe6854f80d43af566e12e30b46754b,https://github.com/tensorflow/tensorflow/tree/37fcf0a0e04b2014864936397c25e6c398135772,https://github.com/tensorflow/tensorflow/compare/c072556f70fe6854f80d43af566e12e30b46754b...37fcf0a0e04b2014864936397c25e6c398135772
267,TensorFlow,01084515d4f431643aaa50eaab10b2fe3df56728,04e311bf7628eac8b0334a7419442f1009487d7f,27282,https://github.com/tensorflow/tensorflow/issues/27282,https://github.com/tensorflow/tensorflow/tree/01084515d4f431643aaa50eaab10b2fe3df56728,https://github.com/tensorflow/tensorflow/tree/04e311bf7628eac8b0334a7419442f1009487d7f,https://github.com/tensorflow/tensorflow/compare/01084515d4f431643aaa50eaab10b2fe3df56728...04e311bf7628eac8b0334a7419442f1009487d7f
268,TensorFlow,3f90d6cefa6598efaa05cd7c08f0e4bbfd2b7907,7360531c13113a19120d798278cd20bec2e5e0c3,29342,https://github.com/tensorflow/tensorflow/issues/29342,https://github.com/tensorflow/tensorflow/tree/3f90d6cefa6598efaa05cd7c08f0e4bbfd2b7907,https://github.com/tensorflow/tensorflow/tree/7360531c13113a19120d798278cd20bec2e5e0c3,https://github.com/tensorflow/tensorflow/compare/3f90d6cefa6598efaa05cd7c08f0e4bbfd2b7907...7360531c13113a19120d798278cd20bec2e5e0c3
269,TensorFlow,7e5a15143894fcc779cddb4a8985944ced601de2,f42549a91a3759a9264ef4d44e9224be4ee3bdc3,27769,https://github.com/tensorflow/tensorflow/issues/27769,https://github.com/tensorflow/tensorflow/tree/7e5a15143894fcc779cddb4a8985944ced601de2,https://github.com/tensorflow/tensorflow/tree/f42549a91a3759a9264ef4d44e9224be4ee3bdc3,https://github.com/tensorflow/tensorflow/compare/7e5a15143894fcc779cddb4a8985944ced601de2...f42549a91a3759a9264ef4d44e9224be4ee3bdc3
270,TensorFlow,827c100592cf1d79554ede81c22b8c12a7a0faaa,a377701899b71b5f6bb0f157be763c283c7ff7e9,30378,https://github.com/tensorflow/tensorflow/issues/30378,https://github.com/tensorflow/tensorflow/tree/827c100592cf1d79554ede81c22b8c12a7a0faaa,https://github.com/tensorflow/tensorflow/tree/a377701899b71b5f6bb0f157be763c283c7ff7e9,https://github.com/tensorflow/tensorflow/compare/827c100592cf1d79554ede81c22b8c12a7a0faaa...a377701899b71b5f6bb0f157be763c283c7ff7e9
271,TensorFlow,4b836de9505ecff1ce4bd99a77520752def4bee9,6cd69820a7ec68363647bf918d312b5d10e0e07a,30685,https://github.com/tensorflow/tensorflow/issues/30685,https://github.com/tensorflow/tensorflow/tree/4b836de9505ecff1ce4bd99a77520752def4bee9,https://github.com/tensorflow/tensorflow/tree/6cd69820a7ec68363647bf918d312b5d10e0e07a,https://github.com/tensorflow/tensorflow/compare/4b836de9505ecff1ce4bd99a77520752def4bee9...6cd69820a7ec68363647bf918d312b5d10e0e07a
272,TensorFlow,00bba049554a5aa81110cea7782875dc5b509eeb,f6e0ec468a3dee7c2ae1fa3575bb46d884b4a319,29872,https://github.com/tensorflow/tensorflow/issues/29872,https://github.com/tensorflow/tensorflow/tree/00bba049554a5aa81110cea7782875dc5b509eeb,https://github.com/tensorflow/tensorflow/tree/f6e0ec468a3dee7c2ae1fa3575bb46d884b4a319,https://github.com/tensorflow/tensorflow/compare/00bba049554a5aa81110cea7782875dc5b509eeb...f6e0ec468a3dee7c2ae1fa3575bb46d884b4a319
273,TensorFlow,00bba049554a5aa81110cea7782875dc5b509eeb,f6e0ec468a3dee7c2ae1fa3575bb46d884b4a319,27086,https://github.com/tensorflow/tensorflow/issues/27086,https://github.com/tensorflow/tensorflow/tree/00bba049554a5aa81110cea7782875dc5b509eeb,https://github.com/tensorflow/tensorflow/tree/f6e0ec468a3dee7c2ae1fa3575bb46d884b4a319,https://github.com/tensorflow/tensorflow/compare/00bba049554a5aa81110cea7782875dc5b509eeb...f6e0ec468a3dee7c2ae1fa3575bb46d884b4a319
274,TensorFlow,272d69f23c2636ca45e837bd47c366c223702ac6,0fa0d44944abd86578fa076802f5a8a7490d5656,26902,https://github.com/tensorflow/tensorflow/issues/26902,https://github.com/tensorflow/tensorflow/tree/272d69f23c2636ca45e837bd47c366c223702ac6,https://github.com/tensorflow/tensorflow/tree/0fa0d44944abd86578fa076802f5a8a7490d5656,https://github.com/tensorflow/tensorflow/compare/272d69f23c2636ca45e837bd47c366c223702ac6...0fa0d44944abd86578fa076802f5a8a7490d5656
275,TensorFlow,ffc6e58cdd8440cd11692bc622ac60fb7dd9d11f,3ae3c3c9d43f870d6340cec529de03175e914595,25426,https://github.com/tensorflow/tensorflow/issues/25426,https://github.com/tensorflow/tensorflow/tree/ffc6e58cdd8440cd11692bc622ac60fb7dd9d11f,https://github.com/tensorflow/tensorflow/tree/3ae3c3c9d43f870d6340cec529de03175e914595,https://github.com/tensorflow/tensorflow/compare/ffc6e58cdd8440cd11692bc622ac60fb7dd9d11f...3ae3c3c9d43f870d6340cec529de03175e914595
276,TensorFlow,6a42e239dc8413ea1595050d3a86b06a27833ce2,4d4f7ed0a4605975e45efe9ca1750653190aeedf,29191,https://github.com/tensorflow/tensorflow/issues/29191,https://github.com/tensorflow/tensorflow/tree/6a42e239dc8413ea1595050d3a86b06a27833ce2,https://github.com/tensorflow/tensorflow/tree/4d4f7ed0a4605975e45efe9ca1750653190aeedf,https://github.com/tensorflow/tensorflow/compare/6a42e239dc8413ea1595050d3a86b06a27833ce2...4d4f7ed0a4605975e45efe9ca1750653190aeedf
277,TensorFlow,0cdf2250b7276ff3cd2fad9bd44c917cbb760bd5,f8c22c9308d054868e16898b799f7a329348a6ea,31494,https://github.com/tensorflow/tensorflow/issues/31494,https://github.com/tensorflow/tensorflow/tree/0cdf2250b7276ff3cd2fad9bd44c917cbb760bd5,https://github.com/tensorflow/tensorflow/tree/f8c22c9308d054868e16898b799f7a329348a6ea,https://github.com/tensorflow/tensorflow/compare/0cdf2250b7276ff3cd2fad9bd44c917cbb760bd5...f8c22c9308d054868e16898b799f7a329348a6ea
278,TensorFlow,c391838798b6ef7bd2f93d89a860afcf8dfff5f7,e03ab548c4696efcdbe1cca599da1289c25093b4,28346,https://github.com/tensorflow/tensorflow/issues/28346,https://github.com/tensorflow/tensorflow/tree/c391838798b6ef7bd2f93d89a860afcf8dfff5f7,https://github.com/tensorflow/tensorflow/tree/e03ab548c4696efcdbe1cca599da1289c25093b4,https://github.com/tensorflow/tensorflow/compare/c391838798b6ef7bd2f93d89a860afcf8dfff5f7...e03ab548c4696efcdbe1cca599da1289c25093b4
279,TensorFlow,414583596f62d05dacf793a71fdaa564f3a7ab7e,d3dd0726fc2a6be6235bc1e9c8825056278d3470,28849,https://github.com/tensorflow/tensorflow/issues/28849,https://github.com/tensorflow/tensorflow/tree/414583596f62d05dacf793a71fdaa564f3a7ab7e,https://github.com/tensorflow/tensorflow/tree/d3dd0726fc2a6be6235bc1e9c8825056278d3470,https://github.com/tensorflow/tensorflow/compare/414583596f62d05dacf793a71fdaa564f3a7ab7e...d3dd0726fc2a6be6235bc1e9c8825056278d3470
280,TensorFlow,a954ef9ec1fd9c34aa00d8b31f640323fce76400,c967e6141bbab229ea8ae2552554ef6a3fc9caf1,30808,https://github.com/tensorflow/tensorflow/issues/30808,https://github.com/tensorflow/tensorflow/tree/a954ef9ec1fd9c34aa00d8b31f640323fce76400,https://github.com/tensorflow/tensorflow/tree/c967e6141bbab229ea8ae2552554ef6a3fc9caf1,https://github.com/tensorflow/tensorflow/compare/a954ef9ec1fd9c34aa00d8b31f640323fce76400...c967e6141bbab229ea8ae2552554ef6a3fc9caf1
281,TensorFlow,da247af90f695f552dccb15caa59d5ee6a4bbbcc,e7206a7d8efceda25bce5a530fc4e79a5582be13,27680,https://github.com/tensorflow/tensorflow/issues/27680,https://github.com/tensorflow/tensorflow/tree/da247af90f695f552dccb15caa59d5ee6a4bbbcc,https://github.com/tensorflow/tensorflow/tree/e7206a7d8efceda25bce5a530fc4e79a5582be13,https://github.com/tensorflow/tensorflow/compare/da247af90f695f552dccb15caa59d5ee6a4bbbcc...e7206a7d8efceda25bce5a530fc4e79a5582be13
282,TensorFlow,ad9b7888d4626e7041cb199d67c09dd9cb6ae3ba,24d206ce4a6dd06f497d24e8b9700f4dff75e65c,31297,https://github.com/tensorflow/tensorflow/issues/31297,https://github.com/tensorflow/tensorflow/tree/ad9b7888d4626e7041cb199d67c09dd9cb6ae3ba,https://github.com/tensorflow/tensorflow/tree/24d206ce4a6dd06f497d24e8b9700f4dff75e65c,https://github.com/tensorflow/tensorflow/compare/ad9b7888d4626e7041cb199d67c09dd9cb6ae3ba...24d206ce4a6dd06f497d24e8b9700f4dff75e65c
283,TensorFlow,e4d8a30f031582829bcc88e170c7c34532e79dde,93b86cc5ee1c3770e9b99ee4969e380154183e9e,31893,https://github.com/tensorflow/tensorflow/issues/31893,https://github.com/tensorflow/tensorflow/tree/e4d8a30f031582829bcc88e170c7c34532e79dde,https://github.com/tensorflow/tensorflow/tree/93b86cc5ee1c3770e9b99ee4969e380154183e9e,https://github.com/tensorflow/tensorflow/compare/e4d8a30f031582829bcc88e170c7c34532e79dde...93b86cc5ee1c3770e9b99ee4969e380154183e9e
284,TensorFlow,cdc13381936ce47a06318df8ec7ace48330940f3,51d1f486fcbe5bc8857586250fd5b10ca110d631,29989,https://github.com/tensorflow/tensorflow/issues/29989,https://github.com/tensorflow/tensorflow/tree/cdc13381936ce47a06318df8ec7ace48330940f3,https://github.com/tensorflow/tensorflow/tree/51d1f486fcbe5bc8857586250fd5b10ca110d631,https://github.com/tensorflow/tensorflow/compare/cdc13381936ce47a06318df8ec7ace48330940f3...51d1f486fcbe5bc8857586250fd5b10ca110d631
285,TensorFlow,b3f1b34934c87f2843a6bd9e6e5eeac36d24a284,30485bb7b905d5c367d23846c5248f8c8d0a2c49,27680,https://github.com/tensorflow/tensorflow/issues/27680,https://github.com/tensorflow/tensorflow/tree/b3f1b34934c87f2843a6bd9e6e5eeac36d24a284,https://github.com/tensorflow/tensorflow/tree/30485bb7b905d5c367d23846c5248f8c8d0a2c49,https://github.com/tensorflow/tensorflow/compare/b3f1b34934c87f2843a6bd9e6e5eeac36d24a284...30485bb7b905d5c367d23846c5248f8c8d0a2c49
286,TensorFlow,94ce54a2573ead83339d70f656d0ed8b1933d31f,8d4ecb0f24c4f9fc18c248838d2496b8410961f6,32049,https://github.com/tensorflow/tensorflow/issues/32049,https://github.com/tensorflow/tensorflow/tree/94ce54a2573ead83339d70f656d0ed8b1933d31f,https://github.com/tensorflow/tensorflow/tree/8d4ecb0f24c4f9fc18c248838d2496b8410961f6,https://github.com/tensorflow/tensorflow/compare/94ce54a2573ead83339d70f656d0ed8b1933d31f...8d4ecb0f24c4f9fc18c248838d2496b8410961f6
287,TensorFlow,89af99d969edaaa7b3fe0b1e21062ae6a4261656,dccf1c7030867865189924989c857bc1d3454216,32299,https://github.com/tensorflow/tensorflow/issues/32299,https://github.com/tensorflow/tensorflow/tree/89af99d969edaaa7b3fe0b1e21062ae6a4261656,https://github.com/tensorflow/tensorflow/tree/dccf1c7030867865189924989c857bc1d3454216,https://github.com/tensorflow/tensorflow/compare/89af99d969edaaa7b3fe0b1e21062ae6a4261656...dccf1c7030867865189924989c857bc1d3454216
288,TensorFlow,55fdf9f5f3485170d083128b6ea6325d0cbc2424,bb7509d4af3b8412dd5da2d01dc0ecbcecd5e5e0,22071,https://github.com/tensorflow/tensorflow/issues/22071,https://github.com/tensorflow/tensorflow/tree/55fdf9f5f3485170d083128b6ea6325d0cbc2424,https://github.com/tensorflow/tensorflow/tree/bb7509d4af3b8412dd5da2d01dc0ecbcecd5e5e0,https://github.com/tensorflow/tensorflow/compare/55fdf9f5f3485170d083128b6ea6325d0cbc2424...bb7509d4af3b8412dd5da2d01dc0ecbcecd5e5e0
289,TensorFlow,cf74e4b75e2b977909c2d9e3c3a13a65d47be6bd,c73f7cfe54095a26238b56bf1d94a1fe7bf20df8,31706,https://github.com/tensorflow/tensorflow/issues/31706,https://github.com/tensorflow/tensorflow/tree/cf74e4b75e2b977909c2d9e3c3a13a65d47be6bd,https://github.com/tensorflow/tensorflow/tree/c73f7cfe54095a26238b56bf1d94a1fe7bf20df8,https://github.com/tensorflow/tensorflow/compare/cf74e4b75e2b977909c2d9e3c3a13a65d47be6bd...c73f7cfe54095a26238b56bf1d94a1fe7bf20df8
290,TensorFlow,370ea8e1f8d38a6bdec1a86835962da0eba922c1,471b73c238709fb796929eb412f1dab763b3f8cc,30580,https://github.com/tensorflow/tensorflow/issues/30580,https://github.com/tensorflow/tensorflow/tree/370ea8e1f8d38a6bdec1a86835962da0eba922c1,https://github.com/tensorflow/tensorflow/tree/471b73c238709fb796929eb412f1dab763b3f8cc,https://github.com/tensorflow/tensorflow/compare/370ea8e1f8d38a6bdec1a86835962da0eba922c1...471b73c238709fb796929eb412f1dab763b3f8cc
291,TensorFlow,be4b75fc92761004fdb0f01be22830517fce29fa,6d2e629950201e4636f95cffd7c8a94203f2c82a,30983,https://github.com/tensorflow/tensorflow/issues/30983,https://github.com/tensorflow/tensorflow/tree/be4b75fc92761004fdb0f01be22830517fce29fa,https://github.com/tensorflow/tensorflow/tree/6d2e629950201e4636f95cffd7c8a94203f2c82a,https://github.com/tensorflow/tensorflow/compare/be4b75fc92761004fdb0f01be22830517fce29fa...6d2e629950201e4636f95cffd7c8a94203f2c82a
292,TensorFlow,21a5c3f864f9e3ee71ef4ec9d1c78e030f78dbb7,212288dbe8f5d4b60615b06ee0afc6c26a9733cd,32164,https://github.com/tensorflow/tensorflow/issues/32164,https://github.com/tensorflow/tensorflow/tree/21a5c3f864f9e3ee71ef4ec9d1c78e030f78dbb7,https://github.com/tensorflow/tensorflow/tree/212288dbe8f5d4b60615b06ee0afc6c26a9733cd,https://github.com/tensorflow/tensorflow/compare/21a5c3f864f9e3ee71ef4ec9d1c78e030f78dbb7...212288dbe8f5d4b60615b06ee0afc6c26a9733cd
293,TensorFlow,731984bfd0f642f91c24781eb5fd09fa05268a10,4a3cbea5f3d1f79eb2ff6bb2c64875e951ca3ce2,10749,https://github.com/tensorflow/tensorflow/issues/10749,https://github.com/tensorflow/tensorflow/tree/731984bfd0f642f91c24781eb5fd09fa05268a10,https://github.com/tensorflow/tensorflow/tree/4a3cbea5f3d1f79eb2ff6bb2c64875e951ca3ce2,https://github.com/tensorflow/tensorflow/compare/731984bfd0f642f91c24781eb5fd09fa05268a10...4a3cbea5f3d1f79eb2ff6bb2c64875e951ca3ce2
294,TensorFlow,1d761587366333ec3ebbff6e9b1c24895ec3a6a6,38b748907e04fb212c1183b4999425d768de0233,32501,https://github.com/tensorflow/tensorflow/issues/32501,https://github.com/tensorflow/tensorflow/tree/1d761587366333ec3ebbff6e9b1c24895ec3a6a6,https://github.com/tensorflow/tensorflow/tree/38b748907e04fb212c1183b4999425d768de0233,https://github.com/tensorflow/tensorflow/compare/1d761587366333ec3ebbff6e9b1c24895ec3a6a6...38b748907e04fb212c1183b4999425d768de0233
295,TensorFlow,80880afc8216ffc68805d3b1a47bd2400ee5adc4,c3e32b03e187fc2854c34add42ee3d1fe1f17628,30642,https://github.com/tensorflow/tensorflow/issues/30642,https://github.com/tensorflow/tensorflow/tree/80880afc8216ffc68805d3b1a47bd2400ee5adc4,https://github.com/tensorflow/tensorflow/tree/c3e32b03e187fc2854c34add42ee3d1fe1f17628,https://github.com/tensorflow/tensorflow/compare/80880afc8216ffc68805d3b1a47bd2400ee5adc4...c3e32b03e187fc2854c34add42ee3d1fe1f17628
296,TensorFlow,64bbd3972ec048ab2e9f57ec4874e79443e71763,03ff87bfdeec43b9d3a208746ae19ebf9c139c14,30574,https://github.com/tensorflow/tensorflow/issues/30574,https://github.com/tensorflow/tensorflow/tree/64bbd3972ec048ab2e9f57ec4874e79443e71763,https://github.com/tensorflow/tensorflow/tree/03ff87bfdeec43b9d3a208746ae19ebf9c139c14,https://github.com/tensorflow/tensorflow/compare/64bbd3972ec048ab2e9f57ec4874e79443e71763...03ff87bfdeec43b9d3a208746ae19ebf9c139c14
297,TensorFlow,95559baa01116996a0e6d657abaf31d8be505a22,9b5f9aabd84b0d1db782286143c560792d711449,32755,https://github.com/tensorflow/tensorflow/issues/32755,https://github.com/tensorflow/tensorflow/tree/95559baa01116996a0e6d657abaf31d8be505a22,https://github.com/tensorflow/tensorflow/tree/9b5f9aabd84b0d1db782286143c560792d711449,https://github.com/tensorflow/tensorflow/compare/95559baa01116996a0e6d657abaf31d8be505a22...9b5f9aabd84b0d1db782286143c560792d711449
298,TensorFlow,9b8a4a5e352668485fbb411dff98bef32d2cca6d,9281bf5599f315abfe623d491c09cc543c6ac30a,30674,https://github.com/tensorflow/tensorflow/issues/30674,https://github.com/tensorflow/tensorflow/tree/9b8a4a5e352668485fbb411dff98bef32d2cca6d,https://github.com/tensorflow/tensorflow/tree/9281bf5599f315abfe623d491c09cc543c6ac30a,https://github.com/tensorflow/tensorflow/compare/9b8a4a5e352668485fbb411dff98bef32d2cca6d...9281bf5599f315abfe623d491c09cc543c6ac30a
299,TensorFlow,aee7f5175005c20ddc904b1d4f39b0372cd5fb21,6b8e1c5952644dc00ace685ffa63775cdaa23204,33348,https://github.com/tensorflow/tensorflow/issues/33348,https://github.com/tensorflow/tensorflow/tree/aee7f5175005c20ddc904b1d4f39b0372cd5fb21,https://github.com/tensorflow/tensorflow/tree/6b8e1c5952644dc00ace685ffa63775cdaa23204,https://github.com/tensorflow/tensorflow/compare/aee7f5175005c20ddc904b1d4f39b0372cd5fb21...6b8e1c5952644dc00ace685ffa63775cdaa23204
300,TensorFlow,f54555ded2770d0cc1a89855977d70f3c92675b3,bdb45c7cecc350f3f921ba966c782ce1584d3e2c,33178,https://github.com/tensorflow/tensorflow/issues/33178,https://github.com/tensorflow/tensorflow/tree/f54555ded2770d0cc1a89855977d70f3c92675b3,https://github.com/tensorflow/tensorflow/tree/bdb45c7cecc350f3f921ba966c782ce1584d3e2c,https://github.com/tensorflow/tensorflow/compare/f54555ded2770d0cc1a89855977d70f3c92675b3...bdb45c7cecc350f3f921ba966c782ce1584d3e2c
301,TensorFlow,2e58c8bcfffdfc99b2cd1ef49fcb0599e5df7b76,4d011793076f6c62a560085b8fe03fbf732d67e6,32570,https://github.com/tensorflow/tensorflow/issues/32570,https://github.com/tensorflow/tensorflow/tree/2e58c8bcfffdfc99b2cd1ef49fcb0599e5df7b76,https://github.com/tensorflow/tensorflow/tree/4d011793076f6c62a560085b8fe03fbf732d67e6,https://github.com/tensorflow/tensorflow/compare/2e58c8bcfffdfc99b2cd1ef49fcb0599e5df7b76...4d011793076f6c62a560085b8fe03fbf732d67e6
302,TensorFlow,ce0b9aa347979cfbe4291440a3aeeb7af3dda41d,5006295cf7a20de9ef9087127569e9d58b28022d,34124,https://github.com/tensorflow/tensorflow/issues/34124,https://github.com/tensorflow/tensorflow/tree/ce0b9aa347979cfbe4291440a3aeeb7af3dda41d,https://github.com/tensorflow/tensorflow/tree/5006295cf7a20de9ef9087127569e9d58b28022d,https://github.com/tensorflow/tensorflow/compare/ce0b9aa347979cfbe4291440a3aeeb7af3dda41d...5006295cf7a20de9ef9087127569e9d58b28022d
303,TensorFlow,2fb65c930835767bb10f7336189beffa9c648ca9,6c8cbdceccce20f886a08b0cf00ac2e783ac524c,29871,https://github.com/tensorflow/tensorflow/issues/29871,https://github.com/tensorflow/tensorflow/tree/2fb65c930835767bb10f7336189beffa9c648ca9,https://github.com/tensorflow/tensorflow/tree/6c8cbdceccce20f886a08b0cf00ac2e783ac524c,https://github.com/tensorflow/tensorflow/compare/2fb65c930835767bb10f7336189beffa9c648ca9...6c8cbdceccce20f886a08b0cf00ac2e783ac524c
304,TensorFlow,fa3ce5a350649f76b3f6da650233f4171a4f1e2e,c8ddf43b38326cae300f5da80ecae9103a7f1b8a,33516,https://github.com/tensorflow/tensorflow/issues/33516,https://github.com/tensorflow/tensorflow/tree/fa3ce5a350649f76b3f6da650233f4171a4f1e2e,https://github.com/tensorflow/tensorflow/tree/c8ddf43b38326cae300f5da80ecae9103a7f1b8a,https://github.com/tensorflow/tensorflow/compare/fa3ce5a350649f76b3f6da650233f4171a4f1e2e...c8ddf43b38326cae300f5da80ecae9103a7f1b8a
305,TensorFlow,6f618867b80e98e264e8227609b9bdd6ee9d1ea6,75af7b4750cd757cd82b32896eb98414e1b38898,34297,https://github.com/tensorflow/tensorflow/issues/34297,https://github.com/tensorflow/tensorflow/tree/6f618867b80e98e264e8227609b9bdd6ee9d1ea6,https://github.com/tensorflow/tensorflow/tree/75af7b4750cd757cd82b32896eb98414e1b38898,https://github.com/tensorflow/tensorflow/compare/6f618867b80e98e264e8227609b9bdd6ee9d1ea6...75af7b4750cd757cd82b32896eb98414e1b38898
306,TensorFlow,f11328078f3446b9c0433670e996e95db6a2ed69,353b8a1adcb471a48ef9b1c5cbfc6097d036473e,32159,https://github.com/tensorflow/tensorflow/issues/32159,https://github.com/tensorflow/tensorflow/tree/f11328078f3446b9c0433670e996e95db6a2ed69,https://github.com/tensorflow/tensorflow/tree/353b8a1adcb471a48ef9b1c5cbfc6097d036473e,https://github.com/tensorflow/tensorflow/compare/f11328078f3446b9c0433670e996e95db6a2ed69...353b8a1adcb471a48ef9b1c5cbfc6097d036473e
307,TensorFlow,37a231e07ad204a184a369c550cbcf3abf268940,c16614ef36b990ce9633e25aa00467ea4ce85844,34701,https://github.com/tensorflow/tensorflow/issues/34701,https://github.com/tensorflow/tensorflow/tree/37a231e07ad204a184a369c550cbcf3abf268940,https://github.com/tensorflow/tensorflow/tree/c16614ef36b990ce9633e25aa00467ea4ce85844,https://github.com/tensorflow/tensorflow/compare/37a231e07ad204a184a369c550cbcf3abf268940...c16614ef36b990ce9633e25aa00467ea4ce85844
308,TensorFlow,6eafe7f72b2f980dc375d80f550243b2f4f6562d,d5ee347de231b55f8ef7c11402db1673ff111d53,31952,https://github.com/tensorflow/tensorflow/issues/31952,https://github.com/tensorflow/tensorflow/tree/6eafe7f72b2f980dc375d80f550243b2f4f6562d,https://github.com/tensorflow/tensorflow/tree/d5ee347de231b55f8ef7c11402db1673ff111d53,https://github.com/tensorflow/tensorflow/compare/6eafe7f72b2f980dc375d80f550243b2f4f6562d...d5ee347de231b55f8ef7c11402db1673ff111d53
309,TensorFlow,53c7c5ec64a1a6bc25b24e6566363c3adc17f3e6,144e0ebb1c9ede81886e215904a4e4598cd8b0b0,32487,https://github.com/tensorflow/tensorflow/issues/32487,https://github.com/tensorflow/tensorflow/tree/53c7c5ec64a1a6bc25b24e6566363c3adc17f3e6,https://github.com/tensorflow/tensorflow/tree/144e0ebb1c9ede81886e215904a4e4598cd8b0b0,https://github.com/tensorflow/tensorflow/compare/53c7c5ec64a1a6bc25b24e6566363c3adc17f3e6...144e0ebb1c9ede81886e215904a4e4598cd8b0b0
310,TensorFlow,159d5f6dae0d7e795c57cf4dbe9fa5163c692070,cb9319253d81374e6c9b0dc27c28fe8f5ba2ebb1,33425,https://github.com/tensorflow/tensorflow/issues/33425,https://github.com/tensorflow/tensorflow/tree/159d5f6dae0d7e795c57cf4dbe9fa5163c692070,https://github.com/tensorflow/tensorflow/tree/cb9319253d81374e6c9b0dc27c28fe8f5ba2ebb1,https://github.com/tensorflow/tensorflow/compare/159d5f6dae0d7e795c57cf4dbe9fa5163c692070...cb9319253d81374e6c9b0dc27c28fe8f5ba2ebb1
311,TensorFlow,e5159085294d3afb1d92b360101b292122bc3575,d8668d9e03b65c4a6d9ecb08e74b0b67798fbbab,33572,https://github.com/tensorflow/tensorflow/issues/33572,https://github.com/tensorflow/tensorflow/tree/e5159085294d3afb1d92b360101b292122bc3575,https://github.com/tensorflow/tensorflow/tree/d8668d9e03b65c4a6d9ecb08e74b0b67798fbbab,https://github.com/tensorflow/tensorflow/compare/e5159085294d3afb1d92b360101b292122bc3575...d8668d9e03b65c4a6d9ecb08e74b0b67798fbbab
312,TensorFlow,d8b566f2d6ac7dab97406ee4b8f4025068bc747d,7807ec92bf8f44b5fd6de5b5342f041b168cf1f3,30113,https://github.com/tensorflow/tensorflow/issues/30113,https://github.com/tensorflow/tensorflow/tree/d8b566f2d6ac7dab97406ee4b8f4025068bc747d,https://github.com/tensorflow/tensorflow/tree/7807ec92bf8f44b5fd6de5b5342f041b168cf1f3,https://github.com/tensorflow/tensorflow/compare/d8b566f2d6ac7dab97406ee4b8f4025068bc747d...7807ec92bf8f44b5fd6de5b5342f041b168cf1f3
313,TensorFlow,702ed446cc404324dd13670edf2df59eb16cb6e3,66383a14e391fae8f93aad6ee2a3e1b6ada47621,32612,https://github.com/tensorflow/tensorflow/issues/32612,https://github.com/tensorflow/tensorflow/tree/702ed446cc404324dd13670edf2df59eb16cb6e3,https://github.com/tensorflow/tensorflow/tree/66383a14e391fae8f93aad6ee2a3e1b6ada47621,https://github.com/tensorflow/tensorflow/compare/702ed446cc404324dd13670edf2df59eb16cb6e3...66383a14e391fae8f93aad6ee2a3e1b6ada47621
314,TensorFlow,939a02331bb446cdf8a75e1853fe0a5afde90576,3d8d6e47206423569fa4a70da0861f0fd305ecc4,32612,https://github.com/tensorflow/tensorflow/issues/32612,https://github.com/tensorflow/tensorflow/tree/939a02331bb446cdf8a75e1853fe0a5afde90576,https://github.com/tensorflow/tensorflow/tree/3d8d6e47206423569fa4a70da0861f0fd305ecc4,https://github.com/tensorflow/tensorflow/compare/939a02331bb446cdf8a75e1853fe0a5afde90576...3d8d6e47206423569fa4a70da0861f0fd305ecc4
315,TensorFlow,3d8d6e47206423569fa4a70da0861f0fd305ecc4,2ac645274cb64dc3cdec8ff61a0403302d302862,32612,https://github.com/tensorflow/tensorflow/issues/32612,https://github.com/tensorflow/tensorflow/tree/3d8d6e47206423569fa4a70da0861f0fd305ecc4,https://github.com/tensorflow/tensorflow/tree/2ac645274cb64dc3cdec8ff61a0403302d302862,https://github.com/tensorflow/tensorflow/compare/3d8d6e47206423569fa4a70da0861f0fd305ecc4...2ac645274cb64dc3cdec8ff61a0403302d302862
316,TensorFlow,8a386e14fd93d54c402a00780a278ee6ff54b100,dcc27a65cf6217d87a8a3eb44002f622945524f3,32612,https://github.com/tensorflow/tensorflow/issues/32612,https://github.com/tensorflow/tensorflow/tree/8a386e14fd93d54c402a00780a278ee6ff54b100,https://github.com/tensorflow/tensorflow/tree/dcc27a65cf6217d87a8a3eb44002f622945524f3,https://github.com/tensorflow/tensorflow/compare/8a386e14fd93d54c402a00780a278ee6ff54b100...dcc27a65cf6217d87a8a3eb44002f622945524f3
317,TensorFlow,115ea3db3464adc9890028c3b7c201cd8ea1bf94,e08ae8459886595aafeec694a49fa8fd4bd23025,34905,https://github.com/tensorflow/tensorflow/issues/34905,https://github.com/tensorflow/tensorflow/tree/115ea3db3464adc9890028c3b7c201cd8ea1bf94,https://github.com/tensorflow/tensorflow/tree/e08ae8459886595aafeec694a49fa8fd4bd23025,https://github.com/tensorflow/tensorflow/compare/115ea3db3464adc9890028c3b7c201cd8ea1bf94...e08ae8459886595aafeec694a49fa8fd4bd23025
318,TensorFlow,10730d64d10edd80402c3a08f800acd8102fff12,702ed446cc404324dd13670edf2df59eb16cb6e3,32612,https://github.com/tensorflow/tensorflow/issues/32612,https://github.com/tensorflow/tensorflow/tree/10730d64d10edd80402c3a08f800acd8102fff12,https://github.com/tensorflow/tensorflow/tree/702ed446cc404324dd13670edf2df59eb16cb6e3,https://github.com/tensorflow/tensorflow/compare/10730d64d10edd80402c3a08f800acd8102fff12...702ed446cc404324dd13670edf2df59eb16cb6e3
319,TensorFlow,66383a14e391fae8f93aad6ee2a3e1b6ada47621,939a02331bb446cdf8a75e1853fe0a5afde90576,32612,https://github.com/tensorflow/tensorflow/issues/32612,https://github.com/tensorflow/tensorflow/tree/66383a14e391fae8f93aad6ee2a3e1b6ada47621,https://github.com/tensorflow/tensorflow/tree/939a02331bb446cdf8a75e1853fe0a5afde90576,https://github.com/tensorflow/tensorflow/compare/66383a14e391fae8f93aad6ee2a3e1b6ada47621...939a02331bb446cdf8a75e1853fe0a5afde90576
320,TensorFlow,115ea3db3464adc9890028c3b7c201cd8ea1bf94,f835a4a795f733e8b46d351ffc979df178ed584d,34907,https://github.com/tensorflow/tensorflow/issues/34907,https://github.com/tensorflow/tensorflow/tree/115ea3db3464adc9890028c3b7c201cd8ea1bf94,https://github.com/tensorflow/tensorflow/tree/f835a4a795f733e8b46d351ffc979df178ed584d,https://github.com/tensorflow/tensorflow/compare/115ea3db3464adc9890028c3b7c201cd8ea1bf94...f835a4a795f733e8b46d351ffc979df178ed584d
321,TensorFlow,2ac645274cb64dc3cdec8ff61a0403302d302862,8a386e14fd93d54c402a00780a278ee6ff54b100,32612,https://github.com/tensorflow/tensorflow/issues/32612,https://github.com/tensorflow/tensorflow/tree/2ac645274cb64dc3cdec8ff61a0403302d302862,https://github.com/tensorflow/tensorflow/tree/8a386e14fd93d54c402a00780a278ee6ff54b100,https://github.com/tensorflow/tensorflow/compare/2ac645274cb64dc3cdec8ff61a0403302d302862...8a386e14fd93d54c402a00780a278ee6ff54b100
322,TensorFlow,a3287a5007c6e2c02494528b40b0904289ab8a95,061d2e0a0d998623a2b0f191038c0aa918a08027,30222,https://github.com/tensorflow/tensorflow/issues/30222,https://github.com/tensorflow/tensorflow/tree/a3287a5007c6e2c02494528b40b0904289ab8a95,https://github.com/tensorflow/tensorflow/tree/061d2e0a0d998623a2b0f191038c0aa918a08027,https://github.com/tensorflow/tensorflow/compare/a3287a5007c6e2c02494528b40b0904289ab8a95...061d2e0a0d998623a2b0f191038c0aa918a08027
323,TensorFlow,67330f736ee45c8a282f6e3b558aa633a4ca1b48,3ff0960fee4927db7baea2f354e60c3328b066fe,35547,https://github.com/tensorflow/tensorflow/issues/35547,https://github.com/tensorflow/tensorflow/tree/67330f736ee45c8a282f6e3b558aa633a4ca1b48,https://github.com/tensorflow/tensorflow/tree/3ff0960fee4927db7baea2f354e60c3328b066fe,https://github.com/tensorflow/tensorflow/compare/67330f736ee45c8a282f6e3b558aa633a4ca1b48...3ff0960fee4927db7baea2f354e60c3328b066fe
324,TensorFlow,401e6206fb53740ce91db06eb77540778dad83cc,413d0fa9d75e99e02b74bb079465bea728eb3a44,33376,https://github.com/tensorflow/tensorflow/issues/33376,https://github.com/tensorflow/tensorflow/tree/401e6206fb53740ce91db06eb77540778dad83cc,https://github.com/tensorflow/tensorflow/tree/413d0fa9d75e99e02b74bb079465bea728eb3a44,https://github.com/tensorflow/tensorflow/compare/401e6206fb53740ce91db06eb77540778dad83cc...413d0fa9d75e99e02b74bb079465bea728eb3a44
325,TensorFlow,08c45ed0c50b2790fc209f58e69323887140264a,0d08d8dc0b37019ee90a4b89301a8abfc4451492,32416,https://github.com/tensorflow/tensorflow/issues/32416,https://github.com/tensorflow/tensorflow/tree/08c45ed0c50b2790fc209f58e69323887140264a,https://github.com/tensorflow/tensorflow/tree/0d08d8dc0b37019ee90a4b89301a8abfc4451492,https://github.com/tensorflow/tensorflow/compare/08c45ed0c50b2790fc209f58e69323887140264a...0d08d8dc0b37019ee90a4b89301a8abfc4451492
326,TensorFlow,aa0b2f30c75cf90254020fe14f67ade0654b0298,c73335b4860b79e89ae5c31a346e8961e84897ae,35318,https://github.com/tensorflow/tensorflow/issues/35318,https://github.com/tensorflow/tensorflow/tree/aa0b2f30c75cf90254020fe14f67ade0654b0298,https://github.com/tensorflow/tensorflow/tree/c73335b4860b79e89ae5c31a346e8961e84897ae,https://github.com/tensorflow/tensorflow/compare/aa0b2f30c75cf90254020fe14f67ade0654b0298...c73335b4860b79e89ae5c31a346e8961e84897ae
327,TensorFlow,bc0057843c4e9b5c4d3933359d524cc03c322111,e8f6431f53f49f8cab7e15bef24ab2ee775f2ed9,35551,https://github.com/tensorflow/tensorflow/issues/35551,https://github.com/tensorflow/tensorflow/tree/bc0057843c4e9b5c4d3933359d524cc03c322111,https://github.com/tensorflow/tensorflow/tree/e8f6431f53f49f8cab7e15bef24ab2ee775f2ed9,https://github.com/tensorflow/tensorflow/compare/bc0057843c4e9b5c4d3933359d524cc03c322111...e8f6431f53f49f8cab7e15bef24ab2ee775f2ed9
328,TensorFlow,c10283ae80c4d9c31072931a9f3c9b1f3fb3480d,8e3adf77b2a148fb2c6fea8fea2d0217bca3339f,35765,https://github.com/tensorflow/tensorflow/issues/35765,https://github.com/tensorflow/tensorflow/tree/c10283ae80c4d9c31072931a9f3c9b1f3fb3480d,https://github.com/tensorflow/tensorflow/tree/8e3adf77b2a148fb2c6fea8fea2d0217bca3339f,https://github.com/tensorflow/tensorflow/compare/c10283ae80c4d9c31072931a9f3c9b1f3fb3480d...8e3adf77b2a148fb2c6fea8fea2d0217bca3339f
329,TensorFlow,1e1ceef7e9744d5966fecd80c9dc5637dabaf938,0a57a64a022a180abf7a95584a9570e9f126c42e,36067,https://github.com/tensorflow/tensorflow/issues/36067,https://github.com/tensorflow/tensorflow/tree/1e1ceef7e9744d5966fecd80c9dc5637dabaf938,https://github.com/tensorflow/tensorflow/tree/0a57a64a022a180abf7a95584a9570e9f126c42e,https://github.com/tensorflow/tensorflow/compare/1e1ceef7e9744d5966fecd80c9dc5637dabaf938...0a57a64a022a180abf7a95584a9570e9f126c42e
330,TensorFlow,dcc27a65cf6217d87a8a3eb44002f622945524f3,edc47aeb71857e1139ab4881288172a548f9ef7d,32612,https://github.com/tensorflow/tensorflow/issues/32612,https://github.com/tensorflow/tensorflow/tree/dcc27a65cf6217d87a8a3eb44002f622945524f3,https://github.com/tensorflow/tensorflow/tree/edc47aeb71857e1139ab4881288172a548f9ef7d,https://github.com/tensorflow/tensorflow/compare/dcc27a65cf6217d87a8a3eb44002f622945524f3...edc47aeb71857e1139ab4881288172a548f9ef7d
331,TensorFlow,e12ba3de80d9315b7174037081adb482689bc6d6,7813cb00f35d6fc6d8ad8421021c1535f3e8c029,35117,https://github.com/tensorflow/tensorflow/issues/35117,https://github.com/tensorflow/tensorflow/tree/e12ba3de80d9315b7174037081adb482689bc6d6,https://github.com/tensorflow/tensorflow/tree/7813cb00f35d6fc6d8ad8421021c1535f3e8c029,https://github.com/tensorflow/tensorflow/compare/e12ba3de80d9315b7174037081adb482689bc6d6...7813cb00f35d6fc6d8ad8421021c1535f3e8c029
332,TensorFlow,54f1004cb638476e5d2268a216a37af01b418b9a,147a847bb3ca178cb0b25574958637d1b62e7f53,33178,https://github.com/tensorflow/tensorflow/issues/33178,https://github.com/tensorflow/tensorflow/tree/54f1004cb638476e5d2268a216a37af01b418b9a,https://github.com/tensorflow/tensorflow/tree/147a847bb3ca178cb0b25574958637d1b62e7f53,https://github.com/tensorflow/tensorflow/compare/54f1004cb638476e5d2268a216a37af01b418b9a...147a847bb3ca178cb0b25574958637d1b62e7f53
333,TensorFlow,a3edaa7235015a460d984237ff31af7660c19e16,eba45c548371e29cd141c32d367b582b9ca656be,33724,https://github.com/tensorflow/tensorflow/issues/33724,https://github.com/tensorflow/tensorflow/tree/a3edaa7235015a460d984237ff31af7660c19e16,https://github.com/tensorflow/tensorflow/tree/eba45c548371e29cd141c32d367b582b9ca656be,https://github.com/tensorflow/tensorflow/compare/a3edaa7235015a460d984237ff31af7660c19e16...eba45c548371e29cd141c32d367b582b9ca656be
334,TensorFlow,e8376142f50982e2bc22fae2d62f8fcfc6e88df7,f9e899854cc96db28564fa65f22d32a647268fc1,35817,https://github.com/tensorflow/tensorflow/issues/35817,https://github.com/tensorflow/tensorflow/tree/e8376142f50982e2bc22fae2d62f8fcfc6e88df7,https://github.com/tensorflow/tensorflow/tree/f9e899854cc96db28564fa65f22d32a647268fc1,https://github.com/tensorflow/tensorflow/compare/e8376142f50982e2bc22fae2d62f8fcfc6e88df7...f9e899854cc96db28564fa65f22d32a647268fc1
335,TensorFlow,e8376142f50982e2bc22fae2d62f8fcfc6e88df7,f9e899854cc96db28564fa65f22d32a647268fc1,35883,https://github.com/tensorflow/tensorflow/issues/35883,https://github.com/tensorflow/tensorflow/tree/e8376142f50982e2bc22fae2d62f8fcfc6e88df7,https://github.com/tensorflow/tensorflow/tree/f9e899854cc96db28564fa65f22d32a647268fc1,https://github.com/tensorflow/tensorflow/compare/e8376142f50982e2bc22fae2d62f8fcfc6e88df7...f9e899854cc96db28564fa65f22d32a647268fc1
336,TensorFlow,f2f332b3c1abeab2ffad3275cf2163c0eef9c0f9,75286a79e7cdf9fdc27b15919f453786eee8936d,35980,https://github.com/tensorflow/tensorflow/issues/35980,https://github.com/tensorflow/tensorflow/tree/f2f332b3c1abeab2ffad3275cf2163c0eef9c0f9,https://github.com/tensorflow/tensorflow/tree/75286a79e7cdf9fdc27b15919f453786eee8936d,https://github.com/tensorflow/tensorflow/compare/f2f332b3c1abeab2ffad3275cf2163c0eef9c0f9...75286a79e7cdf9fdc27b15919f453786eee8936d
337,TensorFlow,96e0b87d1e23ac1dd7a7aa984e3f479647267b32,f54bb6f5578b931d79884302768996ba1073f685,29509,https://github.com/tensorflow/tensorflow/issues/29509,https://github.com/tensorflow/tensorflow/tree/96e0b87d1e23ac1dd7a7aa984e3f479647267b32,https://github.com/tensorflow/tensorflow/tree/f54bb6f5578b931d79884302768996ba1073f685,https://github.com/tensorflow/tensorflow/compare/96e0b87d1e23ac1dd7a7aa984e3f479647267b32...f54bb6f5578b931d79884302768996ba1073f685
338,TensorFlow,52eb7b53a484c088a30e19d380e8efb64ea423e3,91bdf64a8b3778d70213446418b2a3d2d7a04a68,35731,https://github.com/tensorflow/tensorflow/issues/35731,https://github.com/tensorflow/tensorflow/tree/52eb7b53a484c088a30e19d380e8efb64ea423e3,https://github.com/tensorflow/tensorflow/tree/91bdf64a8b3778d70213446418b2a3d2d7a04a68,https://github.com/tensorflow/tensorflow/compare/52eb7b53a484c088a30e19d380e8efb64ea423e3...91bdf64a8b3778d70213446418b2a3d2d7a04a68
339,TensorFlow,52eb7b53a484c088a30e19d380e8efb64ea423e3,91bdf64a8b3778d70213446418b2a3d2d7a04a68,33776,https://github.com/tensorflow/tensorflow/issues/33776,https://github.com/tensorflow/tensorflow/tree/52eb7b53a484c088a30e19d380e8efb64ea423e3,https://github.com/tensorflow/tensorflow/tree/91bdf64a8b3778d70213446418b2a3d2d7a04a68,https://github.com/tensorflow/tensorflow/compare/52eb7b53a484c088a30e19d380e8efb64ea423e3...91bdf64a8b3778d70213446418b2a3d2d7a04a68
340,TensorFlow,d8ec57451ff4cdd54230cd17a4a7e398e804ebbc,f757bda2e6ae7aec6d72c185a9efc35a352a30e9,35121,https://github.com/tensorflow/tensorflow/issues/35121,https://github.com/tensorflow/tensorflow/tree/d8ec57451ff4cdd54230cd17a4a7e398e804ebbc,https://github.com/tensorflow/tensorflow/tree/f757bda2e6ae7aec6d72c185a9efc35a352a30e9,https://github.com/tensorflow/tensorflow/compare/d8ec57451ff4cdd54230cd17a4a7e398e804ebbc...f757bda2e6ae7aec6d72c185a9efc35a352a30e9
341,TensorFlow,753ceb91fc8472a5d9f1293ba97814c04c3a4d4c,42b80a5229a01394c23b8aac32aa2f345044f640,36533,https://github.com/tensorflow/tensorflow/issues/36533,https://github.com/tensorflow/tensorflow/tree/753ceb91fc8472a5d9f1293ba97814c04c3a4d4c,https://github.com/tensorflow/tensorflow/tree/42b80a5229a01394c23b8aac32aa2f345044f640,https://github.com/tensorflow/tensorflow/compare/753ceb91fc8472a5d9f1293ba97814c04c3a4d4c...42b80a5229a01394c23b8aac32aa2f345044f640
342,TensorFlow,dff1d31b49111c7c5becf91081a68e2d82dc898f,6ae8094917a6e10cc0f698e3bdae00b30d86f62f,35683,https://github.com/tensorflow/tensorflow/issues/35683,https://github.com/tensorflow/tensorflow/tree/dff1d31b49111c7c5becf91081a68e2d82dc898f,https://github.com/tensorflow/tensorflow/tree/6ae8094917a6e10cc0f698e3bdae00b30d86f62f,https://github.com/tensorflow/tensorflow/compare/dff1d31b49111c7c5becf91081a68e2d82dc898f...6ae8094917a6e10cc0f698e3bdae00b30d86f62f
343,TensorFlow,568ee1a547505c443a81df984e0fb9b70a3488f0,ad526e38168afe1097191014a7ea045ee62bc767,35874,https://github.com/tensorflow/tensorflow/issues/35874,https://github.com/tensorflow/tensorflow/tree/568ee1a547505c443a81df984e0fb9b70a3488f0,https://github.com/tensorflow/tensorflow/tree/ad526e38168afe1097191014a7ea045ee62bc767,https://github.com/tensorflow/tensorflow/compare/568ee1a547505c443a81df984e0fb9b70a3488f0...ad526e38168afe1097191014a7ea045ee62bc767
344,TensorFlow,ee8d4da3218da19101045c367bf3725f9b0c6c83,06094928234856a89bf4b607e2fbc9eca9b2d35f,32192,https://github.com/tensorflow/tensorflow/issues/32192,https://github.com/tensorflow/tensorflow/tree/ee8d4da3218da19101045c367bf3725f9b0c6c83,https://github.com/tensorflow/tensorflow/tree/06094928234856a89bf4b607e2fbc9eca9b2d35f,https://github.com/tensorflow/tensorflow/compare/ee8d4da3218da19101045c367bf3725f9b0c6c83...06094928234856a89bf4b607e2fbc9eca9b2d35f
345,TensorFlow,315063582a312121c9fe0dcead67a58b047568bf,6737d443fd27fe3c0fdf27914706d934b25124dc,36721,https://github.com/tensorflow/tensorflow/issues/36721,https://github.com/tensorflow/tensorflow/tree/315063582a312121c9fe0dcead67a58b047568bf,https://github.com/tensorflow/tensorflow/tree/6737d443fd27fe3c0fdf27914706d934b25124dc,https://github.com/tensorflow/tensorflow/compare/315063582a312121c9fe0dcead67a58b047568bf...6737d443fd27fe3c0fdf27914706d934b25124dc
346,TensorFlow,d8738dc98861a9af71570f96ed9d78b1408ff01c,469e56eeff17eb857c95e935ca7b49723c43470e,36721,https://github.com/tensorflow/tensorflow/issues/36721,https://github.com/tensorflow/tensorflow/tree/d8738dc98861a9af71570f96ed9d78b1408ff01c,https://github.com/tensorflow/tensorflow/tree/469e56eeff17eb857c95e935ca7b49723c43470e,https://github.com/tensorflow/tensorflow/compare/d8738dc98861a9af71570f96ed9d78b1408ff01c...469e56eeff17eb857c95e935ca7b49723c43470e
347,TensorFlow,bd395324d8edc35a2a1fafe6cf65cbd36950a897,a66d4828f39268ebb178cf579a36dc8e8b0f967d,35874,https://github.com/tensorflow/tensorflow/issues/35874,https://github.com/tensorflow/tensorflow/tree/bd395324d8edc35a2a1fafe6cf65cbd36950a897,https://github.com/tensorflow/tensorflow/tree/a66d4828f39268ebb178cf579a36dc8e8b0f967d,https://github.com/tensorflow/tensorflow/compare/bd395324d8edc35a2a1fafe6cf65cbd36950a897...a66d4828f39268ebb178cf579a36dc8e8b0f967d
348,TensorFlow,d41a49342fb096e2c9826c41cafe74e26bc2802f,74195b50fb5e1f22eb95ffd1646b4b0ceca2ea9b,23748,https://github.com/tensorflow/tensorflow/issues/23748,https://github.com/tensorflow/tensorflow/tree/d41a49342fb096e2c9826c41cafe74e26bc2802f,https://github.com/tensorflow/tensorflow/tree/74195b50fb5e1f22eb95ffd1646b4b0ceca2ea9b,https://github.com/tensorflow/tensorflow/compare/d41a49342fb096e2c9826c41cafe74e26bc2802f...74195b50fb5e1f22eb95ffd1646b4b0ceca2ea9b
349,TensorFlow,c2d58b30a32b0af00adf0af7375d58d1288d62e3,eff141826d2617cba02cda842fc09eabde65a43c,36554,https://github.com/tensorflow/tensorflow/issues/36554,https://github.com/tensorflow/tensorflow/tree/c2d58b30a32b0af00adf0af7375d58d1288d62e3,https://github.com/tensorflow/tensorflow/tree/eff141826d2617cba02cda842fc09eabde65a43c,https://github.com/tensorflow/tensorflow/compare/c2d58b30a32b0af00adf0af7375d58d1288d62e3...eff141826d2617cba02cda842fc09eabde65a43c
350,TensorFlow,fe0374153ef3e5f0f4104666ca83200dcfdbae0a,74c9e141067c804bb9a5f94df9342d270cc01f75,35306,https://github.com/tensorflow/tensorflow/issues/35306,https://github.com/tensorflow/tensorflow/tree/fe0374153ef3e5f0f4104666ca83200dcfdbae0a,https://github.com/tensorflow/tensorflow/tree/74c9e141067c804bb9a5f94df9342d270cc01f75,https://github.com/tensorflow/tensorflow/compare/fe0374153ef3e5f0f4104666ca83200dcfdbae0a...74c9e141067c804bb9a5f94df9342d270cc01f75
351,TensorFlow,647f7ae610f0b1f009b3af70735263598d13e292,c3f524bd55b9a3abd2c62bbb8ef84f59b3d910a4,33339,https://github.com/tensorflow/tensorflow/issues/33339,https://github.com/tensorflow/tensorflow/tree/647f7ae610f0b1f009b3af70735263598d13e292,https://github.com/tensorflow/tensorflow/tree/c3f524bd55b9a3abd2c62bbb8ef84f59b3d910a4,https://github.com/tensorflow/tensorflow/compare/647f7ae610f0b1f009b3af70735263598d13e292...c3f524bd55b9a3abd2c62bbb8ef84f59b3d910a4
352,TensorFlow,18bde9a6b2953946b3feb5e3febaf4e7e9da3af9,84b639d8582a0375db1b39edd6a50d39e21240ff,32041,https://github.com/tensorflow/tensorflow/issues/32041,https://github.com/tensorflow/tensorflow/tree/18bde9a6b2953946b3feb5e3febaf4e7e9da3af9,https://github.com/tensorflow/tensorflow/tree/84b639d8582a0375db1b39edd6a50d39e21240ff,https://github.com/tensorflow/tensorflow/compare/18bde9a6b2953946b3feb5e3febaf4e7e9da3af9...84b639d8582a0375db1b39edd6a50d39e21240ff
353,TensorFlow,e90814a8f435db1b52084be43e2b5e05cd999a30,07d7624b1a76afe8e2ec4b44d75ec035062943e4,36525,https://github.com/tensorflow/tensorflow/issues/36525,https://github.com/tensorflow/tensorflow/tree/e90814a8f435db1b52084be43e2b5e05cd999a30,https://github.com/tensorflow/tensorflow/tree/07d7624b1a76afe8e2ec4b44d75ec035062943e4,https://github.com/tensorflow/tensorflow/compare/e90814a8f435db1b52084be43e2b5e05cd999a30...07d7624b1a76afe8e2ec4b44d75ec035062943e4
354,TensorFlow,cee4c0075974284ca7d8bc6aa4820adff34635a8,a962580295172539a3a6ae5b02836aac1cabf100,36462,https://github.com/tensorflow/tensorflow/issues/36462,https://github.com/tensorflow/tensorflow/tree/cee4c0075974284ca7d8bc6aa4820adff34635a8,https://github.com/tensorflow/tensorflow/tree/a962580295172539a3a6ae5b02836aac1cabf100,https://github.com/tensorflow/tensorflow/compare/cee4c0075974284ca7d8bc6aa4820adff34635a8...a962580295172539a3a6ae5b02836aac1cabf100
355,TensorFlow,4030aa1fe5bdd846301f379d1f1a0e58efbceae4,3ba8bd697faf4b831f78c3fa547d7956f1b1a0aa,32029,https://github.com/tensorflow/tensorflow/issues/32029,https://github.com/tensorflow/tensorflow/tree/4030aa1fe5bdd846301f379d1f1a0e58efbceae4,https://github.com/tensorflow/tensorflow/tree/3ba8bd697faf4b831f78c3fa547d7956f1b1a0aa,https://github.com/tensorflow/tensorflow/compare/4030aa1fe5bdd846301f379d1f1a0e58efbceae4...3ba8bd697faf4b831f78c3fa547d7956f1b1a0aa
356,TensorFlow,bfc51b2d2384a6945ce7023aa08f6c629766ebdf,56f4edbb5a78ae9d29d797f39e107a28c9bcf6e5,37758,https://github.com/tensorflow/tensorflow/issues/37758,https://github.com/tensorflow/tensorflow/tree/bfc51b2d2384a6945ce7023aa08f6c629766ebdf,https://github.com/tensorflow/tensorflow/tree/56f4edbb5a78ae9d29d797f39e107a28c9bcf6e5,https://github.com/tensorflow/tensorflow/compare/bfc51b2d2384a6945ce7023aa08f6c629766ebdf...56f4edbb5a78ae9d29d797f39e107a28c9bcf6e5
357,TensorFlow,8c65545d874a411e82d8f66e744e3ec8a416f8e3,a0f63991647908b3e258c594bcfba9d15b8c16a0,36792,https://github.com/tensorflow/tensorflow/issues/36792,https://github.com/tensorflow/tensorflow/tree/8c65545d874a411e82d8f66e744e3ec8a416f8e3,https://github.com/tensorflow/tensorflow/tree/a0f63991647908b3e258c594bcfba9d15b8c16a0,https://github.com/tensorflow/tensorflow/compare/8c65545d874a411e82d8f66e744e3ec8a416f8e3...a0f63991647908b3e258c594bcfba9d15b8c16a0
358,TensorFlow,395f29a1ef0e39f76f990a7c6533dfb66e975349,1f6536cf68dfc3a5deaba554a6e9e1ef70023ef4,35318,https://github.com/tensorflow/tensorflow/issues/35318,https://github.com/tensorflow/tensorflow/tree/395f29a1ef0e39f76f990a7c6533dfb66e975349,https://github.com/tensorflow/tensorflow/tree/1f6536cf68dfc3a5deaba554a6e9e1ef70023ef4,https://github.com/tensorflow/tensorflow/compare/395f29a1ef0e39f76f990a7c6533dfb66e975349...1f6536cf68dfc3a5deaba554a6e9e1ef70023ef4
359,TensorFlow,59d2ac77e47b96c2b6a0e9c179cd281d17e37d2c,619ca02f2d9ff61aedf7de6e6b43116e859f6913,36624,https://github.com/tensorflow/tensorflow/issues/36624,https://github.com/tensorflow/tensorflow/tree/59d2ac77e47b96c2b6a0e9c179cd281d17e37d2c,https://github.com/tensorflow/tensorflow/tree/619ca02f2d9ff61aedf7de6e6b43116e859f6913,https://github.com/tensorflow/tensorflow/compare/59d2ac77e47b96c2b6a0e9c179cd281d17e37d2c...619ca02f2d9ff61aedf7de6e6b43116e859f6913
360,TensorFlow,695a02c25ea97753e7e6d0fde6785afd825e79dd,e623eb0f9c1c65705f0cfb1c6cb1d8cb2649cdbb,33339,https://github.com/tensorflow/tensorflow/issues/33339,https://github.com/tensorflow/tensorflow/tree/695a02c25ea97753e7e6d0fde6785afd825e79dd,https://github.com/tensorflow/tensorflow/tree/e623eb0f9c1c65705f0cfb1c6cb1d8cb2649cdbb,https://github.com/tensorflow/tensorflow/compare/695a02c25ea97753e7e6d0fde6785afd825e79dd...e623eb0f9c1c65705f0cfb1c6cb1d8cb2649cdbb
361,TensorFlow,09cf2e6d20969555b3ad3e7bb303efbece83654e,eaa1729a52952f2a541491a1ce2c34af7ab66fc8,28007,https://github.com/tensorflow/tensorflow/issues/28007,https://github.com/tensorflow/tensorflow/tree/09cf2e6d20969555b3ad3e7bb303efbece83654e,https://github.com/tensorflow/tensorflow/tree/eaa1729a52952f2a541491a1ce2c34af7ab66fc8,https://github.com/tensorflow/tensorflow/compare/09cf2e6d20969555b3ad3e7bb303efbece83654e...eaa1729a52952f2a541491a1ce2c34af7ab66fc8
362,TensorFlow,25d2d106cbe84969809fe546507a09c2e7f653f9,bda5ba03da606b0d41fa3282de0108c3e98cff8e,37871,https://github.com/tensorflow/tensorflow/issues/37871,https://github.com/tensorflow/tensorflow/tree/25d2d106cbe84969809fe546507a09c2e7f653f9,https://github.com/tensorflow/tensorflow/tree/bda5ba03da606b0d41fa3282de0108c3e98cff8e,https://github.com/tensorflow/tensorflow/compare/25d2d106cbe84969809fe546507a09c2e7f653f9...bda5ba03da606b0d41fa3282de0108c3e98cff8e
363,TensorFlow,ac191b55913c3958ada1f64785772692b33c3cf4,35a382295ad81f7080d306c9b09b0edaa451fcfc,36700,https://github.com/tensorflow/tensorflow/issues/36700,https://github.com/tensorflow/tensorflow/tree/ac191b55913c3958ada1f64785772692b33c3cf4,https://github.com/tensorflow/tensorflow/tree/35a382295ad81f7080d306c9b09b0edaa451fcfc,https://github.com/tensorflow/tensorflow/compare/ac191b55913c3958ada1f64785772692b33c3cf4...35a382295ad81f7080d306c9b09b0edaa451fcfc
364,TensorFlow,21de77485f9230eff364a4f0c8e0a55857965223,e483e7f29c1994b349ae8abff3986b75abe6e2ef,38042,https://github.com/tensorflow/tensorflow/issues/38042,https://github.com/tensorflow/tensorflow/tree/21de77485f9230eff364a4f0c8e0a55857965223,https://github.com/tensorflow/tensorflow/tree/e483e7f29c1994b349ae8abff3986b75abe6e2ef,https://github.com/tensorflow/tensorflow/compare/21de77485f9230eff364a4f0c8e0a55857965223...e483e7f29c1994b349ae8abff3986b75abe6e2ef
365,TensorFlow,bfd29a3f59f39882a543508c28d81d5f9c0c6db0,50433098af6951f8559e2cb5f5bcf25d2c7eb922,36792,https://github.com/tensorflow/tensorflow/issues/36792,https://github.com/tensorflow/tensorflow/tree/bfd29a3f59f39882a543508c28d81d5f9c0c6db0,https://github.com/tensorflow/tensorflow/tree/50433098af6951f8559e2cb5f5bcf25d2c7eb922,https://github.com/tensorflow/tensorflow/compare/bfd29a3f59f39882a543508c28d81d5f9c0c6db0...50433098af6951f8559e2cb5f5bcf25d2c7eb922
366,TensorFlow,b644a649e7a885a86892054a66e5591fbdb6dceb,081c7d5add2f084aabe71c2d4da1e0de6a780ac6,37640,https://github.com/tensorflow/tensorflow/issues/37640,https://github.com/tensorflow/tensorflow/tree/b644a649e7a885a86892054a66e5591fbdb6dceb,https://github.com/tensorflow/tensorflow/tree/081c7d5add2f084aabe71c2d4da1e0de6a780ac6,https://github.com/tensorflow/tensorflow/compare/b644a649e7a885a86892054a66e5591fbdb6dceb...081c7d5add2f084aabe71c2d4da1e0de6a780ac6
367,TensorFlow,16748305e86edbd33e4c6e8e8d68fd0a93a3b2f8,be6db6daaad67e277c97350ecb0e807b0f0422d1,35011,https://github.com/tensorflow/tensorflow/issues/35011,https://github.com/tensorflow/tensorflow/tree/16748305e86edbd33e4c6e8e8d68fd0a93a3b2f8,https://github.com/tensorflow/tensorflow/tree/be6db6daaad67e277c97350ecb0e807b0f0422d1,https://github.com/tensorflow/tensorflow/compare/16748305e86edbd33e4c6e8e8d68fd0a93a3b2f8...be6db6daaad67e277c97350ecb0e807b0f0422d1
368,TensorFlow,00cac2ef527abf8a90aa8258269a187372cc1871,d6d97887484b77f97bb7b7c44d7de39d2110186a,37440,https://github.com/tensorflow/tensorflow/issues/37440,https://github.com/tensorflow/tensorflow/tree/00cac2ef527abf8a90aa8258269a187372cc1871,https://github.com/tensorflow/tensorflow/tree/d6d97887484b77f97bb7b7c44d7de39d2110186a,https://github.com/tensorflow/tensorflow/compare/00cac2ef527abf8a90aa8258269a187372cc1871...d6d97887484b77f97bb7b7c44d7de39d2110186a
369,TensorFlow,9b2dc5ff87f6e9c73be5edb2f5dc85575a3dfc2e,17ba8a6ed47f8d9c05a39465c082f372a6917479,35011,https://github.com/tensorflow/tensorflow/issues/35011,https://github.com/tensorflow/tensorflow/tree/9b2dc5ff87f6e9c73be5edb2f5dc85575a3dfc2e,https://github.com/tensorflow/tensorflow/tree/17ba8a6ed47f8d9c05a39465c082f372a6917479,https://github.com/tensorflow/tensorflow/compare/9b2dc5ff87f6e9c73be5edb2f5dc85575a3dfc2e...17ba8a6ed47f8d9c05a39465c082f372a6917479
370,TensorFlow,4606b16b87e080fbcb63de9405c4cc66f08cebee,95ea3404528afcb1a74dd5f0946ea8d17beda28b,37983,https://github.com/tensorflow/tensorflow/issues/37983,https://github.com/tensorflow/tensorflow/tree/4606b16b87e080fbcb63de9405c4cc66f08cebee,https://github.com/tensorflow/tensorflow/tree/95ea3404528afcb1a74dd5f0946ea8d17beda28b,https://github.com/tensorflow/tensorflow/compare/4606b16b87e080fbcb63de9405c4cc66f08cebee...95ea3404528afcb1a74dd5f0946ea8d17beda28b
371,TensorFlow,1202b0abb1822437f164b49dfb406d7a870808c8,bd1422f12ed2beadf30476c59262c5216e67e67a,38893,https://github.com/tensorflow/tensorflow/issues/38893,https://github.com/tensorflow/tensorflow/tree/1202b0abb1822437f164b49dfb406d7a870808c8,https://github.com/tensorflow/tensorflow/tree/bd1422f12ed2beadf30476c59262c5216e67e67a,https://github.com/tensorflow/tensorflow/compare/1202b0abb1822437f164b49dfb406d7a870808c8...bd1422f12ed2beadf30476c59262c5216e67e67a
372,TensorFlow,d6d97887484b77f97bb7b7c44d7de39d2110186a,580b03a12c50df594d693bda032fdfb40b8a186b,37440,https://github.com/tensorflow/tensorflow/issues/37440,https://github.com/tensorflow/tensorflow/tree/d6d97887484b77f97bb7b7c44d7de39d2110186a,https://github.com/tensorflow/tensorflow/tree/580b03a12c50df594d693bda032fdfb40b8a186b,https://github.com/tensorflow/tensorflow/compare/d6d97887484b77f97bb7b7c44d7de39d2110186a...580b03a12c50df594d693bda032fdfb40b8a186b
373,TensorFlow,797ac7bf875ac1924fd7c8e27acb7fc74c091b7c,79acb0824b8bbb1fb887d2ff625f2f170d80fe1f,39186,https://github.com/tensorflow/tensorflow/issues/39186,https://github.com/tensorflow/tensorflow/tree/797ac7bf875ac1924fd7c8e27acb7fc74c091b7c,https://github.com/tensorflow/tensorflow/tree/79acb0824b8bbb1fb887d2ff625f2f170d80fe1f,https://github.com/tensorflow/tensorflow/compare/797ac7bf875ac1924fd7c8e27acb7fc74c091b7c...79acb0824b8bbb1fb887d2ff625f2f170d80fe1f
374,TensorFlow,502e75c1391045768f46018d8882cfe4acf195fa,b3461c38fd09abc6f31f69ade9bc632fabbdb73a,39462,https://github.com/tensorflow/tensorflow/issues/39462,https://github.com/tensorflow/tensorflow/tree/502e75c1391045768f46018d8882cfe4acf195fa,https://github.com/tensorflow/tensorflow/tree/b3461c38fd09abc6f31f69ade9bc632fabbdb73a,https://github.com/tensorflow/tensorflow/compare/502e75c1391045768f46018d8882cfe4acf195fa...b3461c38fd09abc6f31f69ade9bc632fabbdb73a
375,TensorFlow,7d4fe3dd9c77953630aa9a07c4218b323ebafe87,7bfbd3f7be0725ee9c220047fe85032cf126d92b,36394,https://github.com/tensorflow/tensorflow/issues/36394,https://github.com/tensorflow/tensorflow/tree/7d4fe3dd9c77953630aa9a07c4218b323ebafe87,https://github.com/tensorflow/tensorflow/tree/7bfbd3f7be0725ee9c220047fe85032cf126d92b,https://github.com/tensorflow/tensorflow/compare/7d4fe3dd9c77953630aa9a07c4218b323ebafe87...7bfbd3f7be0725ee9c220047fe85032cf126d92b
376,TensorFlow,7bfbd3f7be0725ee9c220047fe85032cf126d92b,85c637969a25228065a276044691dab020984361,38932,https://github.com/tensorflow/tensorflow/issues/38932,https://github.com/tensorflow/tensorflow/tree/7bfbd3f7be0725ee9c220047fe85032cf126d92b,https://github.com/tensorflow/tensorflow/tree/85c637969a25228065a276044691dab020984361,https://github.com/tensorflow/tensorflow/compare/7bfbd3f7be0725ee9c220047fe85032cf126d92b...85c637969a25228065a276044691dab020984361
377,TensorFlow,7dded88b95ead982117aa033834a0525bbf915c6,3e6697b916c9e775dc61375b913d21ba9d22126f,39075,https://github.com/tensorflow/tensorflow/issues/39075,https://github.com/tensorflow/tensorflow/tree/7dded88b95ead982117aa033834a0525bbf915c6,https://github.com/tensorflow/tensorflow/tree/3e6697b916c9e775dc61375b913d21ba9d22126f,https://github.com/tensorflow/tensorflow/compare/7dded88b95ead982117aa033834a0525bbf915c6...3e6697b916c9e775dc61375b913d21ba9d22126f
378,TensorFlow,18ab11e1465f5f1ef6d323d29569f777dfea87f1,dade83541f5d009e7d3a52191837f3fb3a1fd8ae,31205,https://github.com/tensorflow/tensorflow/issues/31205,https://github.com/tensorflow/tensorflow/tree/18ab11e1465f5f1ef6d323d29569f777dfea87f1,https://github.com/tensorflow/tensorflow/tree/dade83541f5d009e7d3a52191837f3fb3a1fd8ae,https://github.com/tensorflow/tensorflow/compare/18ab11e1465f5f1ef6d323d29569f777dfea87f1...dade83541f5d009e7d3a52191837f3fb3a1fd8ae
379,TensorFlow,e58a4820edbb91c6ba7c35bd685bb12702faac33,eaaf5b6b432b819e929f736c90133ceca5e7443d,37307,https://github.com/tensorflow/tensorflow/issues/37307,https://github.com/tensorflow/tensorflow/tree/e58a4820edbb91c6ba7c35bd685bb12702faac33,https://github.com/tensorflow/tensorflow/tree/eaaf5b6b432b819e929f736c90133ceca5e7443d,https://github.com/tensorflow/tensorflow/compare/e58a4820edbb91c6ba7c35bd685bb12702faac33...eaaf5b6b432b819e929f736c90133ceca5e7443d
380,TensorFlow,23971655a486faf9dd4847d6e8cecb278630b521,426869b50f88fb3efccaa3553ec86ba1eedb6aa6,34363,https://github.com/tensorflow/tensorflow/issues/34363,https://github.com/tensorflow/tensorflow/tree/23971655a486faf9dd4847d6e8cecb278630b521,https://github.com/tensorflow/tensorflow/tree/426869b50f88fb3efccaa3553ec86ba1eedb6aa6,https://github.com/tensorflow/tensorflow/compare/23971655a486faf9dd4847d6e8cecb278630b521...426869b50f88fb3efccaa3553ec86ba1eedb6aa6
381,TensorFlow,a7048d89a11f7f7ef6234ca0d01b341b1e5780f7,102bf84e2612a8183fbd2da3d1937c8a11039e70,31205,https://github.com/tensorflow/tensorflow/issues/31205,https://github.com/tensorflow/tensorflow/tree/a7048d89a11f7f7ef6234ca0d01b341b1e5780f7,https://github.com/tensorflow/tensorflow/tree/102bf84e2612a8183fbd2da3d1937c8a11039e70,https://github.com/tensorflow/tensorflow/compare/a7048d89a11f7f7ef6234ca0d01b341b1e5780f7...102bf84e2612a8183fbd2da3d1937c8a11039e70
382,TensorFlow,1a430ba06be31ee01d7f0b6b17cfde982f1f38ef,25213f58c433d3712931b4071d2498bb67f8c2ca,39976,https://github.com/tensorflow/tensorflow/issues/39976,https://github.com/tensorflow/tensorflow/tree/1a430ba06be31ee01d7f0b6b17cfde982f1f38ef,https://github.com/tensorflow/tensorflow/tree/25213f58c433d3712931b4071d2498bb67f8c2ca,https://github.com/tensorflow/tensorflow/compare/1a430ba06be31ee01d7f0b6b17cfde982f1f38ef...25213f58c433d3712931b4071d2498bb67f8c2ca
383,TensorFlow,42273e6b297870747bff2fa0d1ad38181003fb4b,987a095f856046f9c088657dd8666f500770279d,31205,https://github.com/tensorflow/tensorflow/issues/31205,https://github.com/tensorflow/tensorflow/tree/42273e6b297870747bff2fa0d1ad38181003fb4b,https://github.com/tensorflow/tensorflow/tree/987a095f856046f9c088657dd8666f500770279d,https://github.com/tensorflow/tensorflow/compare/42273e6b297870747bff2fa0d1ad38181003fb4b...987a095f856046f9c088657dd8666f500770279d
384,TensorFlow,a39ac9de5fdbbb00c7e9b6896c49ed29c2ce2e15,b0e08f68d84476b941e8a821d653ab08129c92ce,36236,https://github.com/tensorflow/tensorflow/issues/36236,https://github.com/tensorflow/tensorflow/tree/a39ac9de5fdbbb00c7e9b6896c49ed29c2ce2e15,https://github.com/tensorflow/tensorflow/tree/b0e08f68d84476b941e8a821d653ab08129c92ce,https://github.com/tensorflow/tensorflow/compare/a39ac9de5fdbbb00c7e9b6896c49ed29c2ce2e15...b0e08f68d84476b941e8a821d653ab08129c92ce
385,TensorFlow,e0b451c113017fbdcfbcf7c49da8e4b0dfe0c671,268a0ea1502532e0e127e71d0ad42cc4e8ad81c6,39718,https://github.com/tensorflow/tensorflow/issues/39718,https://github.com/tensorflow/tensorflow/tree/e0b451c113017fbdcfbcf7c49da8e4b0dfe0c671,https://github.com/tensorflow/tensorflow/tree/268a0ea1502532e0e127e71d0ad42cc4e8ad81c6,https://github.com/tensorflow/tensorflow/compare/e0b451c113017fbdcfbcf7c49da8e4b0dfe0c671...268a0ea1502532e0e127e71d0ad42cc4e8ad81c6
386,TensorFlow,8e654afea4adba36b94b0f7a3d33a23e788612e0,e972c5572634efd188696038e9241b75cdcd69bc,39649,https://github.com/tensorflow/tensorflow/issues/39649,https://github.com/tensorflow/tensorflow/tree/8e654afea4adba36b94b0f7a3d33a23e788612e0,https://github.com/tensorflow/tensorflow/tree/e972c5572634efd188696038e9241b75cdcd69bc,https://github.com/tensorflow/tensorflow/compare/8e654afea4adba36b94b0f7a3d33a23e788612e0...e972c5572634efd188696038e9241b75cdcd69bc
387,TensorFlow,18a8cfaa37c26bc966d529a259f8f4927f26888f,80a93674eafc224a45cbe96c65e993e9735634a3,38906,https://github.com/tensorflow/tensorflow/issues/38906,https://github.com/tensorflow/tensorflow/tree/18a8cfaa37c26bc966d529a259f8f4927f26888f,https://github.com/tensorflow/tensorflow/tree/80a93674eafc224a45cbe96c65e993e9735634a3,https://github.com/tensorflow/tensorflow/compare/18a8cfaa37c26bc966d529a259f8f4927f26888f...80a93674eafc224a45cbe96c65e993e9735634a3
388,TensorFlow,5cac87ab5a0e355a708a1ac8193ae7d2aa76aa92,3db8df8ffafe5bcd83a12b92bc4c8287cd80237f,38640,https://github.com/tensorflow/tensorflow/issues/38640,https://github.com/tensorflow/tensorflow/tree/5cac87ab5a0e355a708a1ac8193ae7d2aa76aa92,https://github.com/tensorflow/tensorflow/tree/3db8df8ffafe5bcd83a12b92bc4c8287cd80237f,https://github.com/tensorflow/tensorflow/compare/5cac87ab5a0e355a708a1ac8193ae7d2aa76aa92...3db8df8ffafe5bcd83a12b92bc4c8287cd80237f
389,TensorFlow,1d0a22fd226664b32e4443d39f10572484fa26bf,7961a2441f0a9559e11c74197e68173444962b51,37440,https://github.com/tensorflow/tensorflow/issues/37440,https://github.com/tensorflow/tensorflow/tree/1d0a22fd226664b32e4443d39f10572484fa26bf,https://github.com/tensorflow/tensorflow/tree/7961a2441f0a9559e11c74197e68173444962b51,https://github.com/tensorflow/tensorflow/compare/1d0a22fd226664b32e4443d39f10572484fa26bf...7961a2441f0a9559e11c74197e68173444962b51
390,TensorFlow,d5c4d24f7239387eca884245d0f4b22a45c7df9d,f621c6502097c062a1130fc0b3a1f4122d706dd4,39832,https://github.com/tensorflow/tensorflow/issues/39832,https://github.com/tensorflow/tensorflow/tree/d5c4d24f7239387eca884245d0f4b22a45c7df9d,https://github.com/tensorflow/tensorflow/tree/f621c6502097c062a1130fc0b3a1f4122d706dd4,https://github.com/tensorflow/tensorflow/compare/d5c4d24f7239387eca884245d0f4b22a45c7df9d...f621c6502097c062a1130fc0b3a1f4122d706dd4
391,TensorFlow,443e2ae2847cc75df554507e53c083ed5312039e,2e7f0f4f0491fae7ac9c4d0893b87820f8a00fad,40462,https://github.com/tensorflow/tensorflow/issues/40462,https://github.com/tensorflow/tensorflow/tree/443e2ae2847cc75df554507e53c083ed5312039e,https://github.com/tensorflow/tensorflow/tree/2e7f0f4f0491fae7ac9c4d0893b87820f8a00fad,https://github.com/tensorflow/tensorflow/compare/443e2ae2847cc75df554507e53c083ed5312039e...2e7f0f4f0491fae7ac9c4d0893b87820f8a00fad
392,TensorFlow,098a3eacfd8701d25f5d83070daed03b0be3c97b,d118d28e002cc1c59e21053396b3bba928b38185,40758,https://github.com/tensorflow/tensorflow/issues/40758,https://github.com/tensorflow/tensorflow/tree/098a3eacfd8701d25f5d83070daed03b0be3c97b,https://github.com/tensorflow/tensorflow/tree/d118d28e002cc1c59e21053396b3bba928b38185,https://github.com/tensorflow/tensorflow/compare/098a3eacfd8701d25f5d83070daed03b0be3c97b...d118d28e002cc1c59e21053396b3bba928b38185
393,TensorFlow,ad38b201b37aa3d502441101235d98d1fb27e28f,600b4f145b9a3fcc2d6295fa10c4dce766b6c136,41113,https://github.com/tensorflow/tensorflow/issues/41113,https://github.com/tensorflow/tensorflow/tree/ad38b201b37aa3d502441101235d98d1fb27e28f,https://github.com/tensorflow/tensorflow/tree/600b4f145b9a3fcc2d6295fa10c4dce766b6c136,https://github.com/tensorflow/tensorflow/compare/ad38b201b37aa3d502441101235d98d1fb27e28f...600b4f145b9a3fcc2d6295fa10c4dce766b6c136
394,TensorFlow,8443d693c053e0e058f677e3c2c00c6fd0b67f6b,83870cb25fa07fac8900aa9da7ecc7823f15cbcf,41113,https://github.com/tensorflow/tensorflow/issues/41113,https://github.com/tensorflow/tensorflow/tree/8443d693c053e0e058f677e3c2c00c6fd0b67f6b,https://github.com/tensorflow/tensorflow/tree/83870cb25fa07fac8900aa9da7ecc7823f15cbcf,https://github.com/tensorflow/tensorflow/compare/8443d693c053e0e058f677e3c2c00c6fd0b67f6b...83870cb25fa07fac8900aa9da7ecc7823f15cbcf
395,TensorFlow,cb4cb2dd78afac46f5e32a337759ae21d88c6efd,113555fab7c1a607991b41cdf3974f5f8e0873ea,42500,https://github.com/tensorflow/tensorflow/issues/42500,https://github.com/tensorflow/tensorflow/tree/cb4cb2dd78afac46f5e32a337759ae21d88c6efd,https://github.com/tensorflow/tensorflow/tree/113555fab7c1a607991b41cdf3974f5f8e0873ea,https://github.com/tensorflow/tensorflow/compare/cb4cb2dd78afac46f5e32a337759ae21d88c6efd...113555fab7c1a607991b41cdf3974f5f8e0873ea
396,TensorFlow,328cc0e187f18dc3452c938e8980a336eca56e9d,35c2a97ddca6da7d5a21d5ee3e2869eec68299f9,42331,https://github.com/tensorflow/tensorflow/issues/42331,https://github.com/tensorflow/tensorflow/tree/328cc0e187f18dc3452c938e8980a336eca56e9d,https://github.com/tensorflow/tensorflow/tree/35c2a97ddca6da7d5a21d5ee3e2869eec68299f9,https://github.com/tensorflow/tensorflow/compare/328cc0e187f18dc3452c938e8980a336eca56e9d...35c2a97ddca6da7d5a21d5ee3e2869eec68299f9
397,TensorFlow,892a71842ffa04084917c25d6b6b65703a3ba275,e82addaf775118306dd7c3cb6b6d0fb26ae130c1,42627,https://github.com/tensorflow/tensorflow/issues/42627,https://github.com/tensorflow/tensorflow/tree/892a71842ffa04084917c25d6b6b65703a3ba275,https://github.com/tensorflow/tensorflow/tree/e82addaf775118306dd7c3cb6b6d0fb26ae130c1,https://github.com/tensorflow/tensorflow/compare/892a71842ffa04084917c25d6b6b65703a3ba275...e82addaf775118306dd7c3cb6b6d0fb26ae130c1
398,TensorFlow,b6cc708f01ffd7690da74456a230a6cdc64db8d6,47afb26c2d28991eeebea9c404da499c2a9c8148,42504,https://github.com/tensorflow/tensorflow/issues/42504,https://github.com/tensorflow/tensorflow/tree/b6cc708f01ffd7690da74456a230a6cdc64db8d6,https://github.com/tensorflow/tensorflow/tree/47afb26c2d28991eeebea9c404da499c2a9c8148,https://github.com/tensorflow/tensorflow/compare/b6cc708f01ffd7690da74456a230a6cdc64db8d6...47afb26c2d28991eeebea9c404da499c2a9c8148
399,TensorFlow,4de50499e24ad6513291a01f259b66229be7da64,a05bb5559f80ef1401bada468414e30161845713,38041,https://github.com/tensorflow/tensorflow/issues/38041,https://github.com/tensorflow/tensorflow/tree/4de50499e24ad6513291a01f259b66229be7da64,https://github.com/tensorflow/tensorflow/tree/a05bb5559f80ef1401bada468414e30161845713,https://github.com/tensorflow/tensorflow/compare/4de50499e24ad6513291a01f259b66229be7da64...a05bb5559f80ef1401bada468414e30161845713
400,TensorFlow,36d2f532a1eade7ad8b77589c85059a9ddb2f1e1,b18a353b7819c4049e70c6b77594221df1563fe7,42748,https://github.com/tensorflow/tensorflow/issues/42748,https://github.com/tensorflow/tensorflow/tree/36d2f532a1eade7ad8b77589c85059a9ddb2f1e1,https://github.com/tensorflow/tensorflow/tree/b18a353b7819c4049e70c6b77594221df1563fe7,https://github.com/tensorflow/tensorflow/compare/36d2f532a1eade7ad8b77589c85059a9ddb2f1e1...b18a353b7819c4049e70c6b77594221df1563fe7
401,TensorFlow,eed8f6c0946cd229d9b749295dd02045271b066e,57b009e31e59bd1a7ae85ef8c0232ed86c9b71db,42481,https://github.com/tensorflow/tensorflow/issues/42481,https://github.com/tensorflow/tensorflow/tree/eed8f6c0946cd229d9b749295dd02045271b066e,https://github.com/tensorflow/tensorflow/tree/57b009e31e59bd1a7ae85ef8c0232ed86c9b71db,https://github.com/tensorflow/tensorflow/compare/eed8f6c0946cd229d9b749295dd02045271b066e...57b009e31e59bd1a7ae85ef8c0232ed86c9b71db
402,TensorFlow,111f48de6e46dabb0ad944e576dbb7789ec4be2b,9442cbb955147567792c37ace0090f7ae9df8360,41630,https://github.com/tensorflow/tensorflow/issues/41630,https://github.com/tensorflow/tensorflow/tree/111f48de6e46dabb0ad944e576dbb7789ec4be2b,https://github.com/tensorflow/tensorflow/tree/9442cbb955147567792c37ace0090f7ae9df8360,https://github.com/tensorflow/tensorflow/compare/111f48de6e46dabb0ad944e576dbb7789ec4be2b...9442cbb955147567792c37ace0090f7ae9df8360
403,TensorFlow,cb4cb2dd78afac46f5e32a337759ae21d88c6efd,316c4d68cdb79c6b11d9662907ec8afdbd0432e2,42597,https://github.com/tensorflow/tensorflow/issues/42597,https://github.com/tensorflow/tensorflow/tree/cb4cb2dd78afac46f5e32a337759ae21d88c6efd,https://github.com/tensorflow/tensorflow/tree/316c4d68cdb79c6b11d9662907ec8afdbd0432e2,https://github.com/tensorflow/tensorflow/compare/cb4cb2dd78afac46f5e32a337759ae21d88c6efd...316c4d68cdb79c6b11d9662907ec8afdbd0432e2
404,TensorFlow,316c4d68cdb79c6b11d9662907ec8afdbd0432e2,bdf940adf6eb2e0eff1655dfaae3eab36580fac6,42597,https://github.com/tensorflow/tensorflow/issues/42597,https://github.com/tensorflow/tensorflow/tree/316c4d68cdb79c6b11d9662907ec8afdbd0432e2,https://github.com/tensorflow/tensorflow/tree/bdf940adf6eb2e0eff1655dfaae3eab36580fac6,https://github.com/tensorflow/tensorflow/compare/316c4d68cdb79c6b11d9662907ec8afdbd0432e2...bdf940adf6eb2e0eff1655dfaae3eab36580fac6
405,TensorFlow,bdf940adf6eb2e0eff1655dfaae3eab36580fac6,43641031eaf781fb12c8c18d1bc320bd9108de62,42597,https://github.com/tensorflow/tensorflow/issues/42597,https://github.com/tensorflow/tensorflow/tree/bdf940adf6eb2e0eff1655dfaae3eab36580fac6,https://github.com/tensorflow/tensorflow/tree/43641031eaf781fb12c8c18d1bc320bd9108de62,https://github.com/tensorflow/tensorflow/compare/bdf940adf6eb2e0eff1655dfaae3eab36580fac6...43641031eaf781fb12c8c18d1bc320bd9108de62
406,TensorFlow,53fe16213752195d7eee5a9397c80e7b9e531df2,532966cad34471bded2b0483737e8e8d23bc4720,42364,https://github.com/tensorflow/tensorflow/issues/42364,https://github.com/tensorflow/tensorflow/tree/53fe16213752195d7eee5a9397c80e7b9e531df2,https://github.com/tensorflow/tensorflow/tree/532966cad34471bded2b0483737e8e8d23bc4720,https://github.com/tensorflow/tensorflow/compare/53fe16213752195d7eee5a9397c80e7b9e531df2...532966cad34471bded2b0483737e8e8d23bc4720
407,TensorFlow,43641031eaf781fb12c8c18d1bc320bd9108de62,3e4222c02e2aff4a0ff8997a55455d304b6c28c3,42597,https://github.com/tensorflow/tensorflow/issues/42597,https://github.com/tensorflow/tensorflow/tree/43641031eaf781fb12c8c18d1bc320bd9108de62,https://github.com/tensorflow/tensorflow/tree/3e4222c02e2aff4a0ff8997a55455d304b6c28c3,https://github.com/tensorflow/tensorflow/compare/43641031eaf781fb12c8c18d1bc320bd9108de62...3e4222c02e2aff4a0ff8997a55455d304b6c28c3
408,TensorFlow,1f50fde327ad1627582bc4635a600c976483b29a,88ba6c1fbd481169343f0f92f63aa3efdd99a52a,43076,https://github.com/tensorflow/tensorflow/issues/43076,https://github.com/tensorflow/tensorflow/tree/1f50fde327ad1627582bc4635a600c976483b29a,https://github.com/tensorflow/tensorflow/tree/88ba6c1fbd481169343f0f92f63aa3efdd99a52a,https://github.com/tensorflow/tensorflow/compare/1f50fde327ad1627582bc4635a600c976483b29a...88ba6c1fbd481169343f0f92f63aa3efdd99a52a
409,TensorFlow,b64dfc0c63defad2704f224dff2aa3cf97469f91,c9e3bda585d5acb8c458d4f2417815e31f4ad883,42832,https://github.com/tensorflow/tensorflow/issues/42832,https://github.com/tensorflow/tensorflow/tree/b64dfc0c63defad2704f224dff2aa3cf97469f91,https://github.com/tensorflow/tensorflow/tree/c9e3bda585d5acb8c458d4f2417815e31f4ad883,https://github.com/tensorflow/tensorflow/compare/b64dfc0c63defad2704f224dff2aa3cf97469f91...c9e3bda585d5acb8c458d4f2417815e31f4ad883
410,TensorFlow,5c1c1085fe331de3dde07e6b3f40f69de4cb5a19,8a23ae3d60357eb3d46f92f5f6d7ec0434834953,42704,https://github.com/tensorflow/tensorflow/issues/42704,https://github.com/tensorflow/tensorflow/tree/5c1c1085fe331de3dde07e6b3f40f69de4cb5a19,https://github.com/tensorflow/tensorflow/tree/8a23ae3d60357eb3d46f92f5f6d7ec0434834953,https://github.com/tensorflow/tensorflow/compare/5c1c1085fe331de3dde07e6b3f40f69de4cb5a19...8a23ae3d60357eb3d46f92f5f6d7ec0434834953
411,TensorFlow,e8e87bcd805e1d70a25be4fe0bd1eb43004c455d,151800d58a1909d3d4ffc7a44804706252399d5e,42522,https://github.com/tensorflow/tensorflow/issues/42522,https://github.com/tensorflow/tensorflow/tree/e8e87bcd805e1d70a25be4fe0bd1eb43004c455d,https://github.com/tensorflow/tensorflow/tree/151800d58a1909d3d4ffc7a44804706252399d5e,https://github.com/tensorflow/tensorflow/compare/e8e87bcd805e1d70a25be4fe0bd1eb43004c455d...151800d58a1909d3d4ffc7a44804706252399d5e
412,TensorFlow,afc8ae124e4b95fb2f6d5b9e255d3bbc655d33fa,79fce11a6cc8c3d9fd85e9a04b596fd4ea4d7b79,43449,https://github.com/tensorflow/tensorflow/issues/43449,https://github.com/tensorflow/tensorflow/tree/afc8ae124e4b95fb2f6d5b9e255d3bbc655d33fa,https://github.com/tensorflow/tensorflow/tree/79fce11a6cc8c3d9fd85e9a04b596fd4ea4d7b79,https://github.com/tensorflow/tensorflow/compare/afc8ae124e4b95fb2f6d5b9e255d3bbc655d33fa...79fce11a6cc8c3d9fd85e9a04b596fd4ea4d7b79
413,TensorFlow,712fd5cfe4a5de420a4226c874664423eba4cb1a,b1b5be5bd97fadd8fe77dbb25db448339e45fd7f,43475,https://github.com/tensorflow/tensorflow/issues/43475,https://github.com/tensorflow/tensorflow/tree/712fd5cfe4a5de420a4226c874664423eba4cb1a,https://github.com/tensorflow/tensorflow/tree/b1b5be5bd97fadd8fe77dbb25db448339e45fd7f,https://github.com/tensorflow/tensorflow/compare/712fd5cfe4a5de420a4226c874664423eba4cb1a...b1b5be5bd97fadd8fe77dbb25db448339e45fd7f
414,TensorFlow,33be22c65d86256e6826666662e40dbdfe70ee83,f7639d3a3257e0a99dd7cafbd1db8b9d9402de3f,42522,https://github.com/tensorflow/tensorflow/issues/42522,https://github.com/tensorflow/tensorflow/tree/33be22c65d86256e6826666662e40dbdfe70ee83,https://github.com/tensorflow/tensorflow/tree/f7639d3a3257e0a99dd7cafbd1db8b9d9402de3f,https://github.com/tensorflow/tensorflow/compare/33be22c65d86256e6826666662e40dbdfe70ee83...f7639d3a3257e0a99dd7cafbd1db8b9d9402de3f
415,TensorFlow,3e4222c02e2aff4a0ff8997a55455d304b6c28c3,8a773b71258e627ee51bee30b017c27d790a1b3f,42597,https://github.com/tensorflow/tensorflow/issues/42597,https://github.com/tensorflow/tensorflow/tree/3e4222c02e2aff4a0ff8997a55455d304b6c28c3,https://github.com/tensorflow/tensorflow/tree/8a773b71258e627ee51bee30b017c27d790a1b3f,https://github.com/tensorflow/tensorflow/compare/3e4222c02e2aff4a0ff8997a55455d304b6c28c3...8a773b71258e627ee51bee30b017c27d790a1b3f
416,TensorFlow,5861e0dc3c6f02ab4a55bfaa37e75386f8c1a482,8dbab4f830b2f77199c22e7c1763bea8e523079b,43529,https://github.com/tensorflow/tensorflow/issues/43529,https://github.com/tensorflow/tensorflow/tree/5861e0dc3c6f02ab4a55bfaa37e75386f8c1a482,https://github.com/tensorflow/tensorflow/tree/8dbab4f830b2f77199c22e7c1763bea8e523079b,https://github.com/tensorflow/tensorflow/compare/5861e0dc3c6f02ab4a55bfaa37e75386f8c1a482...8dbab4f830b2f77199c22e7c1763bea8e523079b
417,TensorFlow,8938132366f5fd3b111fc2ce9b53caf8f1ebfa89,1831af3c012643a5d61012bf71b653e075dcfd22,43781,https://github.com/tensorflow/tensorflow/issues/43781,https://github.com/tensorflow/tensorflow/tree/8938132366f5fd3b111fc2ce9b53caf8f1ebfa89,https://github.com/tensorflow/tensorflow/tree/1831af3c012643a5d61012bf71b653e075dcfd22,https://github.com/tensorflow/tensorflow/compare/8938132366f5fd3b111fc2ce9b53caf8f1ebfa89...1831af3c012643a5d61012bf71b653e075dcfd22
418,TensorFlow,3eed7f34384d89188db1ded0bff06153d3ba597e,62d414ba034ae82f863b4f8c91bdb463426feae0,43824,https://github.com/tensorflow/tensorflow/issues/43824,https://github.com/tensorflow/tensorflow/tree/3eed7f34384d89188db1ded0bff06153d3ba597e,https://github.com/tensorflow/tensorflow/tree/62d414ba034ae82f863b4f8c91bdb463426feae0,https://github.com/tensorflow/tensorflow/compare/3eed7f34384d89188db1ded0bff06153d3ba597e...62d414ba034ae82f863b4f8c91bdb463426feae0
419,TensorFlow,842f5e7b44079725fbf2f15b400e5ef32f16ee24,ba134e5995a38456718ccdcdc3df07a7d8be7d27,40638,https://github.com/tensorflow/tensorflow/issues/40638,https://github.com/tensorflow/tensorflow/tree/842f5e7b44079725fbf2f15b400e5ef32f16ee24,https://github.com/tensorflow/tensorflow/tree/ba134e5995a38456718ccdcdc3df07a7d8be7d27,https://github.com/tensorflow/tensorflow/compare/842f5e7b44079725fbf2f15b400e5ef32f16ee24...ba134e5995a38456718ccdcdc3df07a7d8be7d27
420,TensorFlow,2345c09855f73f0a56184a06a72261d3eb792c75,4a08a202298065781ba4462a8713cb623e6b0547,43789,https://github.com/tensorflow/tensorflow/issues/43789,https://github.com/tensorflow/tensorflow/tree/2345c09855f73f0a56184a06a72261d3eb792c75,https://github.com/tensorflow/tensorflow/tree/4a08a202298065781ba4462a8713cb623e6b0547,https://github.com/tensorflow/tensorflow/compare/2345c09855f73f0a56184a06a72261d3eb792c75...4a08a202298065781ba4462a8713cb623e6b0547
421,TensorFlow,712fd5cfe4a5de420a4226c874664423eba4cb1a,170e2be33d2ffd98c7007ed11a40b544261141a3,42748,https://github.com/tensorflow/tensorflow/issues/42748,https://github.com/tensorflow/tensorflow/tree/712fd5cfe4a5de420a4226c874664423eba4cb1a,https://github.com/tensorflow/tensorflow/tree/170e2be33d2ffd98c7007ed11a40b544261141a3,https://github.com/tensorflow/tensorflow/compare/712fd5cfe4a5de420a4226c874664423eba4cb1a...170e2be33d2ffd98c7007ed11a40b544261141a3
422,TensorFlow,712fd5cfe4a5de420a4226c874664423eba4cb1a,47aa064459a5efd94ab714d1543930b173069455,42951,https://github.com/tensorflow/tensorflow/issues/42951,https://github.com/tensorflow/tensorflow/tree/712fd5cfe4a5de420a4226c874664423eba4cb1a,https://github.com/tensorflow/tensorflow/tree/47aa064459a5efd94ab714d1543930b173069455,https://github.com/tensorflow/tensorflow/compare/712fd5cfe4a5de420a4226c874664423eba4cb1a...47aa064459a5efd94ab714d1543930b173069455
423,TensorFlow,0f53c3fd79ab8b4c085f99d67374b83a3b26f1d1,72028307fdd8b00559ed631a409c9237ff0c24b8,43789,https://github.com/tensorflow/tensorflow/issues/43789,https://github.com/tensorflow/tensorflow/tree/0f53c3fd79ab8b4c085f99d67374b83a3b26f1d1,https://github.com/tensorflow/tensorflow/tree/72028307fdd8b00559ed631a409c9237ff0c24b8,https://github.com/tensorflow/tensorflow/compare/0f53c3fd79ab8b4c085f99d67374b83a3b26f1d1...72028307fdd8b00559ed631a409c9237ff0c24b8
424,TensorFlow,0225022b725993bfc19b87a02a2faaad9a53bc17,eccb7ec454e6617738554a255d77f08e60ee0808,42105,https://github.com/tensorflow/tensorflow/issues/42105,https://github.com/tensorflow/tensorflow/tree/0225022b725993bfc19b87a02a2faaad9a53bc17,https://github.com/tensorflow/tensorflow/tree/eccb7ec454e6617738554a255d77f08e60ee0808,https://github.com/tensorflow/tensorflow/compare/0225022b725993bfc19b87a02a2faaad9a53bc17...eccb7ec454e6617738554a255d77f08e60ee0808
425,TensorFlow,993faabe64fa82380b1a1d8cea4c8db2793fd04b,172b97d429c87351e15002ce0443fe1c40bb5ff9,43813,https://github.com/tensorflow/tensorflow/issues/43813,https://github.com/tensorflow/tensorflow/tree/993faabe64fa82380b1a1d8cea4c8db2793fd04b,https://github.com/tensorflow/tensorflow/tree/172b97d429c87351e15002ce0443fe1c40bb5ff9,https://github.com/tensorflow/tensorflow/compare/993faabe64fa82380b1a1d8cea4c8db2793fd04b...172b97d429c87351e15002ce0443fe1c40bb5ff9
426,TensorFlow,fbcdf129b9f1c834e4df78a8e9b0be388c9edb3d,e4828fe68d9d8348259607010b1c23350004b576,43887,https://github.com/tensorflow/tensorflow/issues/43887,https://github.com/tensorflow/tensorflow/tree/fbcdf129b9f1c834e4df78a8e9b0be388c9edb3d,https://github.com/tensorflow/tensorflow/tree/e4828fe68d9d8348259607010b1c23350004b576,https://github.com/tensorflow/tensorflow/compare/fbcdf129b9f1c834e4df78a8e9b0be388c9edb3d...e4828fe68d9d8348259607010b1c23350004b576
427,TensorFlow,b37b0d00f1f5e1ebb09058dc7cfa87b67c772436,3d1f1b062dafc5cea4561d0a48538c60aef5aa5e,40895,https://github.com/tensorflow/tensorflow/issues/40895,https://github.com/tensorflow/tensorflow/tree/b37b0d00f1f5e1ebb09058dc7cfa87b67c772436,https://github.com/tensorflow/tensorflow/tree/3d1f1b062dafc5cea4561d0a48538c60aef5aa5e,https://github.com/tensorflow/tensorflow/compare/b37b0d00f1f5e1ebb09058dc7cfa87b67c772436...3d1f1b062dafc5cea4561d0a48538c60aef5aa5e
428,TensorFlow,303958a21168a5d4d3fbeb55bbbf182723ef3bb1,659aca25dabfabdf66f51182aee8f94eae8f78cc,44768,https://github.com/tensorflow/tensorflow/issues/44768,https://github.com/tensorflow/tensorflow/tree/303958a21168a5d4d3fbeb55bbbf182723ef3bb1,https://github.com/tensorflow/tensorflow/tree/659aca25dabfabdf66f51182aee8f94eae8f78cc,https://github.com/tensorflow/tensorflow/compare/303958a21168a5d4d3fbeb55bbbf182723ef3bb1...659aca25dabfabdf66f51182aee8f94eae8f78cc
429,TensorFlow,35206f25174f077e29c8a8a6473cbf9236773233,cd95ce5edab5a30912da94412575c32b4ee663c1,44502,https://github.com/tensorflow/tensorflow/issues/44502,https://github.com/tensorflow/tensorflow/tree/35206f25174f077e29c8a8a6473cbf9236773233,https://github.com/tensorflow/tensorflow/tree/cd95ce5edab5a30912da94412575c32b4ee663c1,https://github.com/tensorflow/tensorflow/compare/35206f25174f077e29c8a8a6473cbf9236773233...cd95ce5edab5a30912da94412575c32b4ee663c1
430,TensorFlow,3a09bfe94c7e4479b057d9087403eb644a1c32b4,79614a9262d07855b0c2154bfaf0ab8d93f92aa2,43789,https://github.com/tensorflow/tensorflow/issues/43789,https://github.com/tensorflow/tensorflow/tree/3a09bfe94c7e4479b057d9087403eb644a1c32b4,https://github.com/tensorflow/tensorflow/tree/79614a9262d07855b0c2154bfaf0ab8d93f92aa2,https://github.com/tensorflow/tensorflow/compare/3a09bfe94c7e4479b057d9087403eb644a1c32b4...79614a9262d07855b0c2154bfaf0ab8d93f92aa2
431,TensorFlow,33c556c11dc54f78dbd02c7297854b91cb5543e4,b80105402991b0e19db1bc50c42055a53023ba1c,40504,https://github.com/tensorflow/tensorflow/issues/40504,https://github.com/tensorflow/tensorflow/tree/33c556c11dc54f78dbd02c7297854b91cb5543e4,https://github.com/tensorflow/tensorflow/tree/b80105402991b0e19db1bc50c42055a53023ba1c,https://github.com/tensorflow/tensorflow/compare/33c556c11dc54f78dbd02c7297854b91cb5543e4...b80105402991b0e19db1bc50c42055a53023ba1c
432,TensorFlow,a861238b039d890cb908767a06f013e637b26f84,2a8152031aab72ec496a80a3f822c74af312354e,43898,https://github.com/tensorflow/tensorflow/issues/43898,https://github.com/tensorflow/tensorflow/tree/a861238b039d890cb908767a06f013e637b26f84,https://github.com/tensorflow/tensorflow/tree/2a8152031aab72ec496a80a3f822c74af312354e,https://github.com/tensorflow/tensorflow/compare/a861238b039d890cb908767a06f013e637b26f84...2a8152031aab72ec496a80a3f822c74af312354e
433,TensorFlow,0930645d24294bc054565f2d1bde177a9c627f13,da8b395cf792a6585bc73b65166beebba6be13f6,41539,https://github.com/tensorflow/tensorflow/issues/41539,https://github.com/tensorflow/tensorflow/tree/0930645d24294bc054565f2d1bde177a9c627f13,https://github.com/tensorflow/tensorflow/tree/da8b395cf792a6585bc73b65166beebba6be13f6,https://github.com/tensorflow/tensorflow/compare/0930645d24294bc054565f2d1bde177a9c627f13...da8b395cf792a6585bc73b65166beebba6be13f6
434,TensorFlow,0930645d24294bc054565f2d1bde177a9c627f13,da8b395cf792a6585bc73b65166beebba6be13f6,41980,https://github.com/tensorflow/tensorflow/issues/41980,https://github.com/tensorflow/tensorflow/tree/0930645d24294bc054565f2d1bde177a9c627f13,https://github.com/tensorflow/tensorflow/tree/da8b395cf792a6585bc73b65166beebba6be13f6,https://github.com/tensorflow/tensorflow/compare/0930645d24294bc054565f2d1bde177a9c627f13...da8b395cf792a6585bc73b65166beebba6be13f6
435,TensorFlow,69036e629988ec8081f2d58e01f93b49ca14068a,bf0c564860c7d1dfde2a536ff534aefe891afeff,44502,https://github.com/tensorflow/tensorflow/issues/44502,https://github.com/tensorflow/tensorflow/tree/69036e629988ec8081f2d58e01f93b49ca14068a,https://github.com/tensorflow/tensorflow/tree/bf0c564860c7d1dfde2a536ff534aefe891afeff,https://github.com/tensorflow/tensorflow/compare/69036e629988ec8081f2d58e01f93b49ca14068a...bf0c564860c7d1dfde2a536ff534aefe891afeff
436,TensorFlow,faad89dadf32e1c33293cb4b1e1212b1562c0780,a01917bcfacbb25a8b0af09d81bdcc92d58ab3b7,44502,https://github.com/tensorflow/tensorflow/issues/44502,https://github.com/tensorflow/tensorflow/tree/faad89dadf32e1c33293cb4b1e1212b1562c0780,https://github.com/tensorflow/tensorflow/tree/a01917bcfacbb25a8b0af09d81bdcc92d58ab3b7,https://github.com/tensorflow/tensorflow/compare/faad89dadf32e1c33293cb4b1e1212b1562c0780...a01917bcfacbb25a8b0af09d81bdcc92d58ab3b7
437,TensorFlow,c31e582af5cc8fe4190bcb4743b6914a2c634f70,cd24d3f0ec0f5802629ac94ea8651b30621727ef,44502,https://github.com/tensorflow/tensorflow/issues/44502,https://github.com/tensorflow/tensorflow/tree/c31e582af5cc8fe4190bcb4743b6914a2c634f70,https://github.com/tensorflow/tensorflow/tree/cd24d3f0ec0f5802629ac94ea8651b30621727ef,https://github.com/tensorflow/tensorflow/compare/c31e582af5cc8fe4190bcb4743b6914a2c634f70...cd24d3f0ec0f5802629ac94ea8651b30621727ef
438,TensorFlow,05dc9e104b371e4f36173ae53a1106ee7448218a,4f2a50496df5907a33e82c452c91e365ce841c91,44502,https://github.com/tensorflow/tensorflow/issues/44502,https://github.com/tensorflow/tensorflow/tree/05dc9e104b371e4f36173ae53a1106ee7448218a,https://github.com/tensorflow/tensorflow/tree/4f2a50496df5907a33e82c452c91e365ce841c91,https://github.com/tensorflow/tensorflow/compare/05dc9e104b371e4f36173ae53a1106ee7448218a...4f2a50496df5907a33e82c452c91e365ce841c91
439,TensorFlow,b00989d9badc5debe52bc624fb2525373716ff68,06f65877333618af29e50ae0dd279ebc85f34f42,45300,https://github.com/tensorflow/tensorflow/issues/45300,https://github.com/tensorflow/tensorflow/tree/b00989d9badc5debe52bc624fb2525373716ff68,https://github.com/tensorflow/tensorflow/tree/06f65877333618af29e50ae0dd279ebc85f34f42,https://github.com/tensorflow/tensorflow/compare/b00989d9badc5debe52bc624fb2525373716ff68...06f65877333618af29e50ae0dd279ebc85f34f42
440,TensorFlow,6df7c9a013e174b10e48ae5e3433fc4b47a5f882,e7e56b2650ab9eb2d4245bdaf86d4861ad75f5af,44520,https://github.com/tensorflow/tensorflow/issues/44520,https://github.com/tensorflow/tensorflow/tree/6df7c9a013e174b10e48ae5e3433fc4b47a5f882,https://github.com/tensorflow/tensorflow/tree/e7e56b2650ab9eb2d4245bdaf86d4861ad75f5af,https://github.com/tensorflow/tensorflow/compare/6df7c9a013e174b10e48ae5e3433fc4b47a5f882...e7e56b2650ab9eb2d4245bdaf86d4861ad75f5af
441,TensorFlow,a960cb2c42e1a0ef1a75202ec9e2ac95c31b8e62,2d753e6a210bc337cc559e06007b2e383aeef6f8,38025,https://github.com/tensorflow/tensorflow/issues/38025,https://github.com/tensorflow/tensorflow/tree/a960cb2c42e1a0ef1a75202ec9e2ac95c31b8e62,https://github.com/tensorflow/tensorflow/tree/2d753e6a210bc337cc559e06007b2e383aeef6f8,https://github.com/tensorflow/tensorflow/compare/a960cb2c42e1a0ef1a75202ec9e2ac95c31b8e62...2d753e6a210bc337cc559e06007b2e383aeef6f8
442,TensorFlow,fbcb024d7f107700a35226cd83f7ef25a476036e,4ed0453e335527c12b6a5769867af20fd09af914,45665,https://github.com/tensorflow/tensorflow/issues/45665,https://github.com/tensorflow/tensorflow/tree/fbcb024d7f107700a35226cd83f7ef25a476036e,https://github.com/tensorflow/tensorflow/tree/4ed0453e335527c12b6a5769867af20fd09af914,https://github.com/tensorflow/tensorflow/compare/fbcb024d7f107700a35226cd83f7ef25a476036e...4ed0453e335527c12b6a5769867af20fd09af914
443,TensorFlow,94dfcdb38dc43c7ddb41a15c77d26cd2bcab00b6,3c81a306067d8148a6e37ccb51b9836766932796,43043,https://github.com/tensorflow/tensorflow/issues/43043,https://github.com/tensorflow/tensorflow/tree/94dfcdb38dc43c7ddb41a15c77d26cd2bcab00b6,https://github.com/tensorflow/tensorflow/tree/3c81a306067d8148a6e37ccb51b9836766932796,https://github.com/tensorflow/tensorflow/compare/94dfcdb38dc43c7ddb41a15c77d26cd2bcab00b6...3c81a306067d8148a6e37ccb51b9836766932796
444,TensorFlow,92346d37f0188a7047140ef05acc99005ab629de,852bbc996e50391eb8dcdfd0b58cbe3e90e9782b,45300,https://github.com/tensorflow/tensorflow/issues/45300,https://github.com/tensorflow/tensorflow/tree/92346d37f0188a7047140ef05acc99005ab629de,https://github.com/tensorflow/tensorflow/tree/852bbc996e50391eb8dcdfd0b58cbe3e90e9782b,https://github.com/tensorflow/tensorflow/compare/92346d37f0188a7047140ef05acc99005ab629de...852bbc996e50391eb8dcdfd0b58cbe3e90e9782b
445,TensorFlow,fbcb024d7f107700a35226cd83f7ef25a476036e,4b05947bf188786ff7f09b46fbc286d6a885e36b,43043,https://github.com/tensorflow/tensorflow/issues/43043,https://github.com/tensorflow/tensorflow/tree/fbcb024d7f107700a35226cd83f7ef25a476036e,https://github.com/tensorflow/tensorflow/tree/4b05947bf188786ff7f09b46fbc286d6a885e36b,https://github.com/tensorflow/tensorflow/compare/fbcb024d7f107700a35226cd83f7ef25a476036e...4b05947bf188786ff7f09b46fbc286d6a885e36b
446,TensorFlow,66f670ded6a7acc0b228b6f21e1c332cdc263918,1ce28a3f8a7670eda543176c7fe3a78b5db11a1e,44011,https://github.com/tensorflow/tensorflow/issues/44011,https://github.com/tensorflow/tensorflow/tree/66f670ded6a7acc0b228b6f21e1c332cdc263918,https://github.com/tensorflow/tensorflow/tree/1ce28a3f8a7670eda543176c7fe3a78b5db11a1e,https://github.com/tensorflow/tensorflow/compare/66f670ded6a7acc0b228b6f21e1c332cdc263918...1ce28a3f8a7670eda543176c7fe3a78b5db11a1e
447,TensorFlow,50216cbe96f5b24f7de03e47e7b567f5ed32541b,b6be9714e878a7dd0d1405bd7a83e021ba4b561a,44983,https://github.com/tensorflow/tensorflow/issues/44983,https://github.com/tensorflow/tensorflow/tree/50216cbe96f5b24f7de03e47e7b567f5ed32541b,https://github.com/tensorflow/tensorflow/tree/b6be9714e878a7dd0d1405bd7a83e021ba4b561a,https://github.com/tensorflow/tensorflow/compare/50216cbe96f5b24f7de03e47e7b567f5ed32541b...b6be9714e878a7dd0d1405bd7a83e021ba4b561a
448,TensorFlow,5bd220564ebf66b438f09b119ae9a0bfbf59aa22,077fe29d9d1f2149dd8c74bcd2f99de7b5fd1506,45195,https://github.com/tensorflow/tensorflow/issues/45195,https://github.com/tensorflow/tensorflow/tree/5bd220564ebf66b438f09b119ae9a0bfbf59aa22,https://github.com/tensorflow/tensorflow/tree/077fe29d9d1f2149dd8c74bcd2f99de7b5fd1506,https://github.com/tensorflow/tensorflow/compare/5bd220564ebf66b438f09b119ae9a0bfbf59aa22...077fe29d9d1f2149dd8c74bcd2f99de7b5fd1506
449,TensorFlow,ba28d6de31d8163695045be4287c1e62610bc9ae,9a02380d42369f6d3780235d24ab165c862c64d6,43043,https://github.com/tensorflow/tensorflow/issues/43043,https://github.com/tensorflow/tensorflow/tree/ba28d6de31d8163695045be4287c1e62610bc9ae,https://github.com/tensorflow/tensorflow/tree/9a02380d42369f6d3780235d24ab165c862c64d6,https://github.com/tensorflow/tensorflow/compare/ba28d6de31d8163695045be4287c1e62610bc9ae...9a02380d42369f6d3780235d24ab165c862c64d6
450,TensorFlow,cd1a74af28848d37f83c9dc23dc0bde69b0ae74b,aa59c42debb5146da4f9192321c92fe06eaec35d,43561,https://github.com/tensorflow/tensorflow/issues/43561,https://github.com/tensorflow/tensorflow/tree/cd1a74af28848d37f83c9dc23dc0bde69b0ae74b,https://github.com/tensorflow/tensorflow/tree/aa59c42debb5146da4f9192321c92fe06eaec35d,https://github.com/tensorflow/tensorflow/compare/cd1a74af28848d37f83c9dc23dc0bde69b0ae74b...aa59c42debb5146da4f9192321c92fe06eaec35d
451,TensorFlow,7ef1822f35a9e8d2fd108e1c2bba4a09f2b08068,e545d87911d6b37c12f22a50024dd0871c880935,43608,https://github.com/tensorflow/tensorflow/issues/43608,https://github.com/tensorflow/tensorflow/tree/7ef1822f35a9e8d2fd108e1c2bba4a09f2b08068,https://github.com/tensorflow/tensorflow/tree/e545d87911d6b37c12f22a50024dd0871c880935,https://github.com/tensorflow/tensorflow/compare/7ef1822f35a9e8d2fd108e1c2bba4a09f2b08068...e545d87911d6b37c12f22a50024dd0871c880935
452,TensorFlow,0b83955574fd77b4960e270f4b1d6373d2bec504,746817af146e65e1e7ebca3a893cb217a4bec938,46186,https://github.com/tensorflow/tensorflow/issues/46186,https://github.com/tensorflow/tensorflow/tree/0b83955574fd77b4960e270f4b1d6373d2bec504,https://github.com/tensorflow/tensorflow/tree/746817af146e65e1e7ebca3a893cb217a4bec938,https://github.com/tensorflow/tensorflow/compare/0b83955574fd77b4960e270f4b1d6373d2bec504...746817af146e65e1e7ebca3a893cb217a4bec938
453,TensorFlow,866d081cb44091ecf43054c43df2c40f5ac8c008,671c78343c3427858bd5674baab80c3c8c429815,45662,https://github.com/tensorflow/tensorflow/issues/45662,https://github.com/tensorflow/tensorflow/tree/866d081cb44091ecf43054c43df2c40f5ac8c008,https://github.com/tensorflow/tensorflow/tree/671c78343c3427858bd5674baab80c3c8c429815,https://github.com/tensorflow/tensorflow/compare/866d081cb44091ecf43054c43df2c40f5ac8c008...671c78343c3427858bd5674baab80c3c8c429815
454,TensorFlow,3edb086d60068699e5c6fe14ddd96f4c3583ba52,f25125e50bab365642335413356466883bf7f361,42386,https://github.com/tensorflow/tensorflow/issues/42386,https://github.com/tensorflow/tensorflow/tree/3edb086d60068699e5c6fe14ddd96f4c3583ba52,https://github.com/tensorflow/tensorflow/tree/f25125e50bab365642335413356466883bf7f361,https://github.com/tensorflow/tensorflow/compare/3edb086d60068699e5c6fe14ddd96f4c3583ba52...f25125e50bab365642335413356466883bf7f361
455,TensorFlow,556fa126dbe1d443d2c771bf7a26f0ce230797f6,12c3d683af1d5d7bd4e0e0e8e5c5d67f93e99f6d,46148,https://github.com/tensorflow/tensorflow/issues/46148,https://github.com/tensorflow/tensorflow/tree/556fa126dbe1d443d2c771bf7a26f0ce230797f6,https://github.com/tensorflow/tensorflow/tree/12c3d683af1d5d7bd4e0e0e8e5c5d67f93e99f6d,https://github.com/tensorflow/tensorflow/compare/556fa126dbe1d443d2c771bf7a26f0ce230797f6...12c3d683af1d5d7bd4e0e0e8e5c5d67f93e99f6d
456,TensorFlow,49e36753679cc9c5d81e0b55ce26e77a12ba7e06,90866e40723dbdfd9091109331fe8ec292081063,46261,https://github.com/tensorflow/tensorflow/issues/46261,https://github.com/tensorflow/tensorflow/tree/49e36753679cc9c5d81e0b55ce26e77a12ba7e06,https://github.com/tensorflow/tensorflow/tree/90866e40723dbdfd9091109331fe8ec292081063,https://github.com/tensorflow/tensorflow/compare/49e36753679cc9c5d81e0b55ce26e77a12ba7e06...90866e40723dbdfd9091109331fe8ec292081063
457,TensorFlow,c4d0fd2ca1873bd946c1a4c3a27d70049fd5b4e8,0a342ee36b2627c2ce5d3d1bb4103191dd8d7711,46297,https://github.com/tensorflow/tensorflow/issues/46297,https://github.com/tensorflow/tensorflow/tree/c4d0fd2ca1873bd946c1a4c3a27d70049fd5b4e8,https://github.com/tensorflow/tensorflow/tree/0a342ee36b2627c2ce5d3d1bb4103191dd8d7711,https://github.com/tensorflow/tensorflow/compare/c4d0fd2ca1873bd946c1a4c3a27d70049fd5b4e8...0a342ee36b2627c2ce5d3d1bb4103191dd8d7711
458,TensorFlow,d9841dfd9689f9c4e0bc4e1229dbc354f01ebc1b,e0a6a8c7e22a505e75c8c71cdf61b554ec32d555,45866,https://github.com/tensorflow/tensorflow/issues/45866,https://github.com/tensorflow/tensorflow/tree/d9841dfd9689f9c4e0bc4e1229dbc354f01ebc1b,https://github.com/tensorflow/tensorflow/tree/e0a6a8c7e22a505e75c8c71cdf61b554ec32d555,https://github.com/tensorflow/tensorflow/compare/d9841dfd9689f9c4e0bc4e1229dbc354f01ebc1b...e0a6a8c7e22a505e75c8c71cdf61b554ec32d555
459,TensorFlow,ca7c72bbbd6cd95ce3f4585e9eca1239acce31ff,f5377c99016690fd7a59e6a7c71b20d8b59d8c38,45657,https://github.com/tensorflow/tensorflow/issues/45657,https://github.com/tensorflow/tensorflow/tree/ca7c72bbbd6cd95ce3f4585e9eca1239acce31ff,https://github.com/tensorflow/tensorflow/tree/f5377c99016690fd7a59e6a7c71b20d8b59d8c38,https://github.com/tensorflow/tensorflow/compare/ca7c72bbbd6cd95ce3f4585e9eca1239acce31ff...f5377c99016690fd7a59e6a7c71b20d8b59d8c38
460,TensorFlow,5b1e9b0e28d30474758ee72fe4035d1ae30f2e0c,f12082d7af509e9549d8e8fb2b514ccd0db0e84e,46423,https://github.com/tensorflow/tensorflow/issues/46423,https://github.com/tensorflow/tensorflow/tree/5b1e9b0e28d30474758ee72fe4035d1ae30f2e0c,https://github.com/tensorflow/tensorflow/tree/f12082d7af509e9549d8e8fb2b514ccd0db0e84e,https://github.com/tensorflow/tensorflow/compare/5b1e9b0e28d30474758ee72fe4035d1ae30f2e0c...f12082d7af509e9549d8e8fb2b514ccd0db0e84e
461,TensorFlow,c9e25cdf51e8ec0f25b2b4c3ba717f9554a8782f,892bbc9797710e78cede18ba4baae3c4185ea2a9,46347,https://github.com/tensorflow/tensorflow/issues/46347,https://github.com/tensorflow/tensorflow/tree/c9e25cdf51e8ec0f25b2b4c3ba717f9554a8782f,https://github.com/tensorflow/tensorflow/tree/892bbc9797710e78cede18ba4baae3c4185ea2a9,https://github.com/tensorflow/tensorflow/compare/c9e25cdf51e8ec0f25b2b4c3ba717f9554a8782f...892bbc9797710e78cede18ba4baae3c4185ea2a9
462,TensorFlow,ca7c72bbbd6cd95ce3f4585e9eca1239acce31ff,c5ce162da8efb465e2ba8a8825049614813892a9,46020,https://github.com/tensorflow/tensorflow/issues/46020,https://github.com/tensorflow/tensorflow/tree/ca7c72bbbd6cd95ce3f4585e9eca1239acce31ff,https://github.com/tensorflow/tensorflow/tree/c5ce162da8efb465e2ba8a8825049614813892a9,https://github.com/tensorflow/tensorflow/compare/ca7c72bbbd6cd95ce3f4585e9eca1239acce31ff...c5ce162da8efb465e2ba8a8825049614813892a9
463,TensorFlow,75c3c9e16e7ad0f9cc7c98fbf3f106abee577761,9ee7896d229278f582a3a381c6d22ec0559d9765,46686,https://github.com/tensorflow/tensorflow/issues/46686,https://github.com/tensorflow/tensorflow/tree/75c3c9e16e7ad0f9cc7c98fbf3f106abee577761,https://github.com/tensorflow/tensorflow/tree/9ee7896d229278f582a3a381c6d22ec0559d9765,https://github.com/tensorflow/tensorflow/compare/75c3c9e16e7ad0f9cc7c98fbf3f106abee577761...9ee7896d229278f582a3a381c6d22ec0559d9765
464,TensorFlow,c5012222b1d9accc07ea8fa4140c66039883ba2b,6f686584ff6c117fd6f1f7ad4360b7c78f69b2a1,19200,https://github.com/tensorflow/tensorflow/issues/19200,https://github.com/tensorflow/tensorflow/tree/c5012222b1d9accc07ea8fa4140c66039883ba2b,https://github.com/tensorflow/tensorflow/tree/6f686584ff6c117fd6f1f7ad4360b7c78f69b2a1,https://github.com/tensorflow/tensorflow/compare/c5012222b1d9accc07ea8fa4140c66039883ba2b...6f686584ff6c117fd6f1f7ad4360b7c78f69b2a1
465,TensorFlow,8166ed9111dff7f94d974aef91e150779b10f012,ad594c8c1fc5d5c75e147e415d784e19088a523f,39980,https://github.com/tensorflow/tensorflow/issues/39980,https://github.com/tensorflow/tensorflow/tree/8166ed9111dff7f94d974aef91e150779b10f012,https://github.com/tensorflow/tensorflow/tree/ad594c8c1fc5d5c75e147e415d784e19088a523f,https://github.com/tensorflow/tensorflow/compare/8166ed9111dff7f94d974aef91e150779b10f012...ad594c8c1fc5d5c75e147e415d784e19088a523f
466,TensorFlow,adc7dadc74ac3517d38a5093e8c559ca8656e0d5,1a324f5c7249fbff56ed0b488d3cb20379a35d92,46297,https://github.com/tensorflow/tensorflow/issues/46297,https://github.com/tensorflow/tensorflow/tree/adc7dadc74ac3517d38a5093e8c559ca8656e0d5,https://github.com/tensorflow/tensorflow/tree/1a324f5c7249fbff56ed0b488d3cb20379a35d92,https://github.com/tensorflow/tensorflow/compare/adc7dadc74ac3517d38a5093e8c559ca8656e0d5...1a324f5c7249fbff56ed0b488d3cb20379a35d92
467,TensorFlow,361f3d654a1fc8c996e707b126eaa959757fcfde,cf18ba2332fa5cd561803e7425b67c8fd008c44f,46080,https://github.com/tensorflow/tensorflow/issues/46080,https://github.com/tensorflow/tensorflow/tree/361f3d654a1fc8c996e707b126eaa959757fcfde,https://github.com/tensorflow/tensorflow/tree/cf18ba2332fa5cd561803e7425b67c8fd008c44f,https://github.com/tensorflow/tensorflow/compare/361f3d654a1fc8c996e707b126eaa959757fcfde...cf18ba2332fa5cd561803e7425b67c8fd008c44f
468,TensorFlow,ed365f7817eeb4b6320232a1591ea77439826390,ba4a1db7988f63daf29b0b028e63a7ce2ddbc2d4,46860,https://github.com/tensorflow/tensorflow/issues/46860,https://github.com/tensorflow/tensorflow/tree/ed365f7817eeb4b6320232a1591ea77439826390,https://github.com/tensorflow/tensorflow/tree/ba4a1db7988f63daf29b0b028e63a7ce2ddbc2d4,https://github.com/tensorflow/tensorflow/compare/ed365f7817eeb4b6320232a1591ea77439826390...ba4a1db7988f63daf29b0b028e63a7ce2ddbc2d4
469,TensorFlow,712dab518725c49b7ba5b3a9c9ed9f417478c517,5d9973623d4e7a0d632721af46ab23fb66a6d202,46960,https://github.com/tensorflow/tensorflow/issues/46960,https://github.com/tensorflow/tensorflow/tree/712dab518725c49b7ba5b3a9c9ed9f417478c517,https://github.com/tensorflow/tensorflow/tree/5d9973623d4e7a0d632721af46ab23fb66a6d202,https://github.com/tensorflow/tensorflow/compare/712dab518725c49b7ba5b3a9c9ed9f417478c517...5d9973623d4e7a0d632721af46ab23fb66a6d202
470,TensorFlow,2300294ad40518ba83ce019d656d67e9ca2d9cd3,8e4ba814c215ffb8c8f6754fb9875fd7b3cf79b0,34260,https://github.com/tensorflow/tensorflow/issues/34260,https://github.com/tensorflow/tensorflow/tree/2300294ad40518ba83ce019d656d67e9ca2d9cd3,https://github.com/tensorflow/tensorflow/tree/8e4ba814c215ffb8c8f6754fb9875fd7b3cf79b0,https://github.com/tensorflow/tensorflow/compare/2300294ad40518ba83ce019d656d67e9ca2d9cd3...8e4ba814c215ffb8c8f6754fb9875fd7b3cf79b0
471,TensorFlow,2300294ad40518ba83ce019d656d67e9ca2d9cd3,8e4ba814c215ffb8c8f6754fb9875fd7b3cf79b0,41510,https://github.com/tensorflow/tensorflow/issues/41510,https://github.com/tensorflow/tensorflow/tree/2300294ad40518ba83ce019d656d67e9ca2d9cd3,https://github.com/tensorflow/tensorflow/tree/8e4ba814c215ffb8c8f6754fb9875fd7b3cf79b0,https://github.com/tensorflow/tensorflow/compare/2300294ad40518ba83ce019d656d67e9ca2d9cd3...8e4ba814c215ffb8c8f6754fb9875fd7b3cf79b0
472,TensorFlow,810e10d62885448a156edc2614959f3e797e6a05,0795d9d94c661301a1a89918476e133e0f05334c,46737,https://github.com/tensorflow/tensorflow/issues/46737,https://github.com/tensorflow/tensorflow/tree/810e10d62885448a156edc2614959f3e797e6a05,https://github.com/tensorflow/tensorflow/tree/0795d9d94c661301a1a89918476e133e0f05334c,https://github.com/tensorflow/tensorflow/compare/810e10d62885448a156edc2614959f3e797e6a05...0795d9d94c661301a1a89918476e133e0f05334c
473,TensorFlow,2e3d1a21cb31706ffab93120f8b1256509089af9,c2db3a8fae0f6558e9dbdee79e67e74c1e95981c,47050,https://github.com/tensorflow/tensorflow/issues/47050,https://github.com/tensorflow/tensorflow/tree/2e3d1a21cb31706ffab93120f8b1256509089af9,https://github.com/tensorflow/tensorflow/tree/c2db3a8fae0f6558e9dbdee79e67e74c1e95981c,https://github.com/tensorflow/tensorflow/compare/2e3d1a21cb31706ffab93120f8b1256509089af9...c2db3a8fae0f6558e9dbdee79e67e74c1e95981c
474,TensorFlow,1794d6393bcfac89ff517c22a6269e27e4850fe1,e5b157614adc9a23dd45f91492b94fb110363b1f,47313,https://github.com/tensorflow/tensorflow/issues/47313,https://github.com/tensorflow/tensorflow/tree/1794d6393bcfac89ff517c22a6269e27e4850fe1,https://github.com/tensorflow/tensorflow/tree/e5b157614adc9a23dd45f91492b94fb110363b1f,https://github.com/tensorflow/tensorflow/compare/1794d6393bcfac89ff517c22a6269e27e4850fe1...e5b157614adc9a23dd45f91492b94fb110363b1f
475,TensorFlow,1794d6393bcfac89ff517c22a6269e27e4850fe1,e5b157614adc9a23dd45f91492b94fb110363b1f,47316,https://github.com/tensorflow/tensorflow/issues/47316,https://github.com/tensorflow/tensorflow/tree/1794d6393bcfac89ff517c22a6269e27e4850fe1,https://github.com/tensorflow/tensorflow/tree/e5b157614adc9a23dd45f91492b94fb110363b1f,https://github.com/tensorflow/tensorflow/compare/1794d6393bcfac89ff517c22a6269e27e4850fe1...e5b157614adc9a23dd45f91492b94fb110363b1f
476,TensorFlow,c1813ca4e25fb05bfd3b4a02634dd551a768f431,09fff3df81dc7f8d62f7a0f549c5e07d256dcfa9,46937,https://github.com/tensorflow/tensorflow/issues/46937,https://github.com/tensorflow/tensorflow/tree/c1813ca4e25fb05bfd3b4a02634dd551a768f431,https://github.com/tensorflow/tensorflow/tree/09fff3df81dc7f8d62f7a0f549c5e07d256dcfa9,https://github.com/tensorflow/tensorflow/compare/c1813ca4e25fb05bfd3b4a02634dd551a768f431...09fff3df81dc7f8d62f7a0f549c5e07d256dcfa9
477,TensorFlow,0b63931ba087440cb283116abc47710e4713f09d,8cea4cbda66fc67b6f938da04c8d31f39f296cb3,47290,https://github.com/tensorflow/tensorflow/issues/47290,https://github.com/tensorflow/tensorflow/tree/0b63931ba087440cb283116abc47710e4713f09d,https://github.com/tensorflow/tensorflow/tree/8cea4cbda66fc67b6f938da04c8d31f39f296cb3,https://github.com/tensorflow/tensorflow/compare/0b63931ba087440cb283116abc47710e4713f09d...8cea4cbda66fc67b6f938da04c8d31f39f296cb3
478,TensorFlow,a68c6117a1a53431e739752bd2ab8654dbe2534a,ab63ab6defacca5235e5ffff7d10b5a0f6147c1e,27749,https://github.com/tensorflow/tensorflow/issues/27749,https://github.com/tensorflow/tensorflow/tree/a68c6117a1a53431e739752bd2ab8654dbe2534a,https://github.com/tensorflow/tensorflow/tree/ab63ab6defacca5235e5ffff7d10b5a0f6147c1e,https://github.com/tensorflow/tensorflow/compare/a68c6117a1a53431e739752bd2ab8654dbe2534a...ab63ab6defacca5235e5ffff7d10b5a0f6147c1e
479,TensorFlow,435c155dbed9c341f33d6cf46a1d3a9306f72934,244db12057ce60475b8273b425a206238adfb85b,47575,https://github.com/tensorflow/tensorflow/issues/47575,https://github.com/tensorflow/tensorflow/tree/435c155dbed9c341f33d6cf46a1d3a9306f72934,https://github.com/tensorflow/tensorflow/tree/244db12057ce60475b8273b425a206238adfb85b,https://github.com/tensorflow/tensorflow/compare/435c155dbed9c341f33d6cf46a1d3a9306f72934...244db12057ce60475b8273b425a206238adfb85b
480,TensorFlow,85384105fbd6b76894ed780c46ad47c730e9ef11,5f2341e61bc5e5172f521fffd1a0851146891c2a,47738,https://github.com/tensorflow/tensorflow/issues/47738,https://github.com/tensorflow/tensorflow/tree/85384105fbd6b76894ed780c46ad47c730e9ef11,https://github.com/tensorflow/tensorflow/tree/5f2341e61bc5e5172f521fffd1a0851146891c2a,https://github.com/tensorflow/tensorflow/compare/85384105fbd6b76894ed780c46ad47c730e9ef11...5f2341e61bc5e5172f521fffd1a0851146891c2a
481,TensorFlow,d35fb9303fd5e1fee6892ac0195c99b4c12101b0,d142f8e820d9da98e70f1ac52eb700e1fec1b9fc,31800,https://github.com/tensorflow/tensorflow/issues/31800,https://github.com/tensorflow/tensorflow/tree/d35fb9303fd5e1fee6892ac0195c99b4c12101b0,https://github.com/tensorflow/tensorflow/tree/d142f8e820d9da98e70f1ac52eb700e1fec1b9fc,https://github.com/tensorflow/tensorflow/compare/d35fb9303fd5e1fee6892ac0195c99b4c12101b0...d142f8e820d9da98e70f1ac52eb700e1fec1b9fc
482,TensorFlow,b81c5f0ea51a5bfeaf31d425ec8d73285d708548,82805acddfd6abbe185635fbbf40d01c26a92c70,46323,https://github.com/tensorflow/tensorflow/issues/46323,https://github.com/tensorflow/tensorflow/tree/b81c5f0ea51a5bfeaf31d425ec8d73285d708548,https://github.com/tensorflow/tensorflow/tree/82805acddfd6abbe185635fbbf40d01c26a92c70,https://github.com/tensorflow/tensorflow/compare/b81c5f0ea51a5bfeaf31d425ec8d73285d708548...82805acddfd6abbe185635fbbf40d01c26a92c70
483,TensorFlow,09076668fed9d6412930de99ede666c35682fabb,20dfb95d173bcdc96acee032bdb0dcc679f7734d,47520,https://github.com/tensorflow/tensorflow/issues/47520,https://github.com/tensorflow/tensorflow/tree/09076668fed9d6412930de99ede666c35682fabb,https://github.com/tensorflow/tensorflow/tree/20dfb95d173bcdc96acee032bdb0dcc679f7734d,https://github.com/tensorflow/tensorflow/compare/09076668fed9d6412930de99ede666c35682fabb...20dfb95d173bcdc96acee032bdb0dcc679f7734d
484,TensorFlow,11d30ab3b865806fcd27ffe89457b2fdab15689f,43027a0bc6aacc0c9b0fff34f71633af8c9ea96d,47814,https://github.com/tensorflow/tensorflow/issues/47814,https://github.com/tensorflow/tensorflow/tree/11d30ab3b865806fcd27ffe89457b2fdab15689f,https://github.com/tensorflow/tensorflow/tree/43027a0bc6aacc0c9b0fff34f71633af8c9ea96d,https://github.com/tensorflow/tensorflow/compare/11d30ab3b865806fcd27ffe89457b2fdab15689f...43027a0bc6aacc0c9b0fff34f71633af8c9ea96d
485,TensorFlow,7e768ba857934d9167ac13523a70d4337404fa26,36917c0d825f1abb49a62869fa469c74739b5818,47738,https://github.com/tensorflow/tensorflow/issues/47738,https://github.com/tensorflow/tensorflow/tree/7e768ba857934d9167ac13523a70d4337404fa26,https://github.com/tensorflow/tensorflow/tree/36917c0d825f1abb49a62869fa469c74739b5818,https://github.com/tensorflow/tensorflow/compare/7e768ba857934d9167ac13523a70d4337404fa26...36917c0d825f1abb49a62869fa469c74739b5818
486,TensorFlow,8a7a62c73a98eaf5bcdd02b8da8aab5467891bf1,21c4639985a6bc71865199327e662e25386840c5,48155,https://github.com/tensorflow/tensorflow/issues/48155,https://github.com/tensorflow/tensorflow/tree/8a7a62c73a98eaf5bcdd02b8da8aab5467891bf1,https://github.com/tensorflow/tensorflow/tree/21c4639985a6bc71865199327e662e25386840c5,https://github.com/tensorflow/tensorflow/compare/8a7a62c73a98eaf5bcdd02b8da8aab5467891bf1...21c4639985a6bc71865199327e662e25386840c5
487,TensorFlow,f85a1b5bd552077fddd9f0bf259cf994d9c0a1c2,b3139156e3df77ad8909d321c66d0be72e82f666,46854,https://github.com/tensorflow/tensorflow/issues/46854,https://github.com/tensorflow/tensorflow/tree/f85a1b5bd552077fddd9f0bf259cf994d9c0a1c2,https://github.com/tensorflow/tensorflow/tree/b3139156e3df77ad8909d321c66d0be72e82f666,https://github.com/tensorflow/tensorflow/compare/f85a1b5bd552077fddd9f0bf259cf994d9c0a1c2...b3139156e3df77ad8909d321c66d0be72e82f666
488,TensorFlow,4912491572bc4b313988e91d150d48414344b4a8,1cdd4da14282210cc759e468d9781741ac7d01bf,48504,https://github.com/tensorflow/tensorflow/issues/48504,https://github.com/tensorflow/tensorflow/tree/4912491572bc4b313988e91d150d48414344b4a8,https://github.com/tensorflow/tensorflow/tree/1cdd4da14282210cc759e468d9781741ac7d01bf,https://github.com/tensorflow/tensorflow/compare/4912491572bc4b313988e91d150d48414344b4a8...1cdd4da14282210cc759e468d9781741ac7d01bf
489,TensorFlow,825d15e4a1766d9990e69db7fee197662d6ba91d,385a6edfbe6ffd91172b9997487ec53c5f84d5f1,48350,https://github.com/tensorflow/tensorflow/issues/48350,https://github.com/tensorflow/tensorflow/tree/825d15e4a1766d9990e69db7fee197662d6ba91d,https://github.com/tensorflow/tensorflow/tree/385a6edfbe6ffd91172b9997487ec53c5f84d5f1,https://github.com/tensorflow/tensorflow/compare/825d15e4a1766d9990e69db7fee197662d6ba91d...385a6edfbe6ffd91172b9997487ec53c5f84d5f1
490,TensorFlow,d0beeb9c987c829f0edc185176635f2650f8d002,787ad8cf89d5ac52ba6eda31efb88c7730eef1fc,48646,https://github.com/tensorflow/tensorflow/issues/48646,https://github.com/tensorflow/tensorflow/tree/d0beeb9c987c829f0edc185176635f2650f8d002,https://github.com/tensorflow/tensorflow/tree/787ad8cf89d5ac52ba6eda31efb88c7730eef1fc,https://github.com/tensorflow/tensorflow/compare/d0beeb9c987c829f0edc185176635f2650f8d002...787ad8cf89d5ac52ba6eda31efb88c7730eef1fc
491,TensorFlow,7621d31921c2ed979f212da066631ddfda37adf5,d78992f3664c8059f99f277c69ed7b1602c64bf1,43322,https://github.com/tensorflow/tensorflow/issues/43322,https://github.com/tensorflow/tensorflow/tree/7621d31921c2ed979f212da066631ddfda37adf5,https://github.com/tensorflow/tensorflow/tree/d78992f3664c8059f99f277c69ed7b1602c64bf1,https://github.com/tensorflow/tensorflow/compare/7621d31921c2ed979f212da066631ddfda37adf5...d78992f3664c8059f99f277c69ed7b1602c64bf1
492,TensorFlow,7aa1a8ed23193e382cae366f087983744fed8623,f592d0ddefb418b38aa531e20949192dd5eed1a4,47785,https://github.com/tensorflow/tensorflow/issues/47785,https://github.com/tensorflow/tensorflow/tree/7aa1a8ed23193e382cae366f087983744fed8623,https://github.com/tensorflow/tensorflow/tree/f592d0ddefb418b38aa531e20949192dd5eed1a4,https://github.com/tensorflow/tensorflow/compare/7aa1a8ed23193e382cae366f087983744fed8623...f592d0ddefb418b38aa531e20949192dd5eed1a4
493,TensorFlow,37054f9134af917ded7f40c7d663fa490d85c7d4,18f954796326c9b227b655f1acc325bb76a423d6,46460,https://github.com/tensorflow/tensorflow/issues/46460,https://github.com/tensorflow/tensorflow/tree/37054f9134af917ded7f40c7d663fa490d85c7d4,https://github.com/tensorflow/tensorflow/tree/18f954796326c9b227b655f1acc325bb76a423d6,https://github.com/tensorflow/tensorflow/compare/37054f9134af917ded7f40c7d663fa490d85c7d4...18f954796326c9b227b655f1acc325bb76a423d6
494,TensorFlow,af6cf1cf66a57026c146c0658507cef4239faa00,38178a2f7a681a7835bb0912702a134bfe3b4d84,48765,https://github.com/tensorflow/tensorflow/issues/48765,https://github.com/tensorflow/tensorflow/tree/af6cf1cf66a57026c146c0658507cef4239faa00,https://github.com/tensorflow/tensorflow/tree/38178a2f7a681a7835bb0912702a134bfe3b4d84,https://github.com/tensorflow/tensorflow/compare/af6cf1cf66a57026c146c0658507cef4239faa00...38178a2f7a681a7835bb0912702a134bfe3b4d84
495,TensorFlow,bf5b1056fc3f77bbbebedbdba1dbe8480142db40,b47be308c4b5ac7babd6400a8fb40c3d8bf163d6,46887,https://github.com/tensorflow/tensorflow/issues/46887,https://github.com/tensorflow/tensorflow/tree/bf5b1056fc3f77bbbebedbdba1dbe8480142db40,https://github.com/tensorflow/tensorflow/tree/b47be308c4b5ac7babd6400a8fb40c3d8bf163d6,https://github.com/tensorflow/tensorflow/compare/bf5b1056fc3f77bbbebedbdba1dbe8480142db40...b47be308c4b5ac7babd6400a8fb40c3d8bf163d6
496,TensorFlow,bf5b1056fc3f77bbbebedbdba1dbe8480142db40,b47be308c4b5ac7babd6400a8fb40c3d8bf163d6,45771,https://github.com/tensorflow/tensorflow/issues/45771,https://github.com/tensorflow/tensorflow/tree/bf5b1056fc3f77bbbebedbdba1dbe8480142db40,https://github.com/tensorflow/tensorflow/tree/b47be308c4b5ac7babd6400a8fb40c3d8bf163d6,https://github.com/tensorflow/tensorflow/compare/bf5b1056fc3f77bbbebedbdba1dbe8480142db40...b47be308c4b5ac7babd6400a8fb40c3d8bf163d6
497,TensorFlow,704610e1d21288482bf77923b387f9bb6c119318,25bae0dce0b6740fe443ae780173292d9516d891,47954,https://github.com/tensorflow/tensorflow/issues/47954,https://github.com/tensorflow/tensorflow/tree/704610e1d21288482bf77923b387f9bb6c119318,https://github.com/tensorflow/tensorflow/tree/25bae0dce0b6740fe443ae780173292d9516d891,https://github.com/tensorflow/tensorflow/compare/704610e1d21288482bf77923b387f9bb6c119318...25bae0dce0b6740fe443ae780173292d9516d891
498,TensorFlow,be4ef115baf35bf7ee1d55e50630959c418d92ca,8a4bd5f159815ff5f31ec2601d4d8a9284c6d3bb,49904,https://github.com/tensorflow/tensorflow/issues/49904,https://github.com/tensorflow/tensorflow/tree/be4ef115baf35bf7ee1d55e50630959c418d92ca,https://github.com/tensorflow/tensorflow/tree/8a4bd5f159815ff5f31ec2601d4d8a9284c6d3bb,https://github.com/tensorflow/tensorflow/compare/be4ef115baf35bf7ee1d55e50630959c418d92ca...8a4bd5f159815ff5f31ec2601d4d8a9284c6d3bb
499,TensorFlow,8ee985b8f00e0322f87671767b4a6f8eda701350,a7f773de72d5f487d0bc3d025c2694f665bafc11,48430,https://github.com/tensorflow/tensorflow/issues/48430,https://github.com/tensorflow/tensorflow/tree/8ee985b8f00e0322f87671767b4a6f8eda701350,https://github.com/tensorflow/tensorflow/tree/a7f773de72d5f487d0bc3d025c2694f665bafc11,https://github.com/tensorflow/tensorflow/compare/8ee985b8f00e0322f87671767b4a6f8eda701350...a7f773de72d5f487d0bc3d025c2694f665bafc11
500,TensorFlow,7715f4ad6609db1db8b3ff508f327a1062655857,8ba9df5b0091afe0812ccc3dbf26c428e19fd5c5,48937,https://github.com/tensorflow/tensorflow/issues/48937,https://github.com/tensorflow/tensorflow/tree/7715f4ad6609db1db8b3ff508f327a1062655857,https://github.com/tensorflow/tensorflow/tree/8ba9df5b0091afe0812ccc3dbf26c428e19fd5c5,https://github.com/tensorflow/tensorflow/compare/7715f4ad6609db1db8b3ff508f327a1062655857...8ba9df5b0091afe0812ccc3dbf26c428e19fd5c5
501,TensorFlow,003cd34b3ea5a8391afbe19051290cc5500365ac,ed29c122d701b58aab5243cf9048ca51be87bb98,30537,https://github.com/tensorflow/tensorflow/issues/30537,https://github.com/tensorflow/tensorflow/tree/003cd34b3ea5a8391afbe19051290cc5500365ac,https://github.com/tensorflow/tensorflow/tree/ed29c122d701b58aab5243cf9048ca51be87bb98,https://github.com/tensorflow/tensorflow/compare/003cd34b3ea5a8391afbe19051290cc5500365ac...ed29c122d701b58aab5243cf9048ca51be87bb98
502,TensorFlow,68c07918418350683120b4efa2bbae7258f928ff,e78a48ec08b2934e3461b3442e0b3b04e3a1bd26,44906,https://github.com/tensorflow/tensorflow/issues/44906,https://github.com/tensorflow/tensorflow/tree/68c07918418350683120b4efa2bbae7258f928ff,https://github.com/tensorflow/tensorflow/tree/e78a48ec08b2934e3461b3442e0b3b04e3a1bd26,https://github.com/tensorflow/tensorflow/compare/68c07918418350683120b4efa2bbae7258f928ff...e78a48ec08b2934e3461b3442e0b3b04e3a1bd26
503,TensorFlow,4878ad9bb9a33637e62e340040b7bb0ed4506e4f,a4553f8ad74f5ad486057da400fb8e101f12e09f,48869,https://github.com/tensorflow/tensorflow/issues/48869,https://github.com/tensorflow/tensorflow/tree/4878ad9bb9a33637e62e340040b7bb0ed4506e4f,https://github.com/tensorflow/tensorflow/tree/a4553f8ad74f5ad486057da400fb8e101f12e09f,https://github.com/tensorflow/tensorflow/compare/4878ad9bb9a33637e62e340040b7bb0ed4506e4f...a4553f8ad74f5ad486057da400fb8e101f12e09f
504,TensorFlow,f3e5ff9d36b4c046fa4750c5c7199d8b6e0256fe,513eeaba070d2edce1d6659b22adeb215a2e866a,48650,https://github.com/tensorflow/tensorflow/issues/48650,https://github.com/tensorflow/tensorflow/tree/f3e5ff9d36b4c046fa4750c5c7199d8b6e0256fe,https://github.com/tensorflow/tensorflow/tree/513eeaba070d2edce1d6659b22adeb215a2e866a,https://github.com/tensorflow/tensorflow/compare/f3e5ff9d36b4c046fa4750c5c7199d8b6e0256fe...513eeaba070d2edce1d6659b22adeb215a2e866a
505,TensorFlow,b27a9bda10c2c9cd1184d543c4952e1cbcf4b8eb,4b4bc6016bc92b18ec247460127ff7438a813f87,46366,https://github.com/tensorflow/tensorflow/issues/46366,https://github.com/tensorflow/tensorflow/tree/b27a9bda10c2c9cd1184d543c4952e1cbcf4b8eb,https://github.com/tensorflow/tensorflow/tree/4b4bc6016bc92b18ec247460127ff7438a813f87,https://github.com/tensorflow/tensorflow/compare/b27a9bda10c2c9cd1184d543c4952e1cbcf4b8eb...4b4bc6016bc92b18ec247460127ff7438a813f87
506,TensorFlow,1a6fb54c2a9315c61fa16b754d658cd21db8344f,6403cdf41123231605f2aecfef1509a9852c56e0,50445,https://github.com/tensorflow/tensorflow/issues/50445,https://github.com/tensorflow/tensorflow/tree/1a6fb54c2a9315c61fa16b754d658cd21db8344f,https://github.com/tensorflow/tensorflow/tree/6403cdf41123231605f2aecfef1509a9852c56e0,https://github.com/tensorflow/tensorflow/compare/1a6fb54c2a9315c61fa16b754d658cd21db8344f...6403cdf41123231605f2aecfef1509a9852c56e0
507,TensorFlow,1115412ead4ff8d8afb1c1c2abea52060f2f1863,a27e3951d6a1f2cc4be53204e4d9e0da02e11830,49980,https://github.com/tensorflow/tensorflow/issues/49980,https://github.com/tensorflow/tensorflow/tree/1115412ead4ff8d8afb1c1c2abea52060f2f1863,https://github.com/tensorflow/tensorflow/tree/a27e3951d6a1f2cc4be53204e4d9e0da02e11830,https://github.com/tensorflow/tensorflow/compare/1115412ead4ff8d8afb1c1c2abea52060f2f1863...a27e3951d6a1f2cc4be53204e4d9e0da02e11830
508,TensorFlow,cfd701121dad1f9c74db0347e381a06225162355,2806b71add10a4ba0611fdce9f9bc719ea9db44d,51528,https://github.com/tensorflow/tensorflow/issues/51528,https://github.com/tensorflow/tensorflow/tree/cfd701121dad1f9c74db0347e381a06225162355,https://github.com/tensorflow/tensorflow/tree/2806b71add10a4ba0611fdce9f9bc719ea9db44d,https://github.com/tensorflow/tensorflow/compare/cfd701121dad1f9c74db0347e381a06225162355...2806b71add10a4ba0611fdce9f9bc719ea9db44d
509,TensorFlow,1063f851a979ca8cfe7a065c88502648c3e75e0f,2777b16e42352db68ea7282cde29faf774e67dcd,50632,https://github.com/tensorflow/tensorflow/issues/50632,https://github.com/tensorflow/tensorflow/tree/1063f851a979ca8cfe7a065c88502648c3e75e0f,https://github.com/tensorflow/tensorflow/tree/2777b16e42352db68ea7282cde29faf774e67dcd,https://github.com/tensorflow/tensorflow/compare/1063f851a979ca8cfe7a065c88502648c3e75e0f...2777b16e42352db68ea7282cde29faf774e67dcd
510,TensorFlow,52aa0e9249d8647d4ba2f69757f3d39bfb63ebb4,7c1692bd417eb4f9b33ead749a41166d6080af85,46890,https://github.com/tensorflow/tensorflow/issues/46890,https://github.com/tensorflow/tensorflow/tree/52aa0e9249d8647d4ba2f69757f3d39bfb63ebb4,https://github.com/tensorflow/tensorflow/tree/7c1692bd417eb4f9b33ead749a41166d6080af85,https://github.com/tensorflow/tensorflow/compare/52aa0e9249d8647d4ba2f69757f3d39bfb63ebb4...7c1692bd417eb4f9b33ead749a41166d6080af85
511,TensorFlow,e5d85e37be319526816b2d33c5fffcf067c54c32,71ae04fd44c9514d3ad741f9d805b03c139fce3d,49214,https://github.com/tensorflow/tensorflow/issues/49214,https://github.com/tensorflow/tensorflow/tree/e5d85e37be319526816b2d33c5fffcf067c54c32,https://github.com/tensorflow/tensorflow/tree/71ae04fd44c9514d3ad741f9d805b03c139fce3d,https://github.com/tensorflow/tensorflow/compare/e5d85e37be319526816b2d33c5fffcf067c54c32...71ae04fd44c9514d3ad741f9d805b03c139fce3d
512,TensorFlow,0bcc3e8cda234c330db6a6daabb4c572efe623d8,0d5e024f0167089dbae2e61202e88b2483931cfe,46897,https://github.com/tensorflow/tensorflow/issues/46897,https://github.com/tensorflow/tensorflow/tree/0bcc3e8cda234c330db6a6daabb4c572efe623d8,https://github.com/tensorflow/tensorflow/tree/0d5e024f0167089dbae2e61202e88b2483931cfe,https://github.com/tensorflow/tensorflow/compare/0bcc3e8cda234c330db6a6daabb4c572efe623d8...0d5e024f0167089dbae2e61202e88b2483931cfe
513,TensorFlow,2e105676fce99f381eeb8c653014a81ce7f7d750,77380d6f2f8c41c42e27a0bd01ed16f1de8c600f,48701,https://github.com/tensorflow/tensorflow/issues/48701,https://github.com/tensorflow/tensorflow/tree/2e105676fce99f381eeb8c653014a81ce7f7d750,https://github.com/tensorflow/tensorflow/tree/77380d6f2f8c41c42e27a0bd01ed16f1de8c600f,https://github.com/tensorflow/tensorflow/compare/2e105676fce99f381eeb8c653014a81ce7f7d750...77380d6f2f8c41c42e27a0bd01ed16f1de8c600f
514,TensorFlow,79315690449eb42d7ef867e730f08315e6de4e34,e7ec4bca1f40e5088ea08537405d4209d4086dd0,51792,https://github.com/tensorflow/tensorflow/issues/51792,https://github.com/tensorflow/tensorflow/tree/79315690449eb42d7ef867e730f08315e6de4e34,https://github.com/tensorflow/tensorflow/tree/e7ec4bca1f40e5088ea08537405d4209d4086dd0,https://github.com/tensorflow/tensorflow/compare/79315690449eb42d7ef867e730f08315e6de4e34...e7ec4bca1f40e5088ea08537405d4209d4086dd0
515,TensorFlow,286e931ae11d5424b4578dbcf3973e655d180f4f,555123b0ef996bd0a6b1609129a2b4153b5f72a5,50926,https://github.com/tensorflow/tensorflow/issues/50926,https://github.com/tensorflow/tensorflow/tree/286e931ae11d5424b4578dbcf3973e655d180f4f,https://github.com/tensorflow/tensorflow/tree/555123b0ef996bd0a6b1609129a2b4153b5f72a5,https://github.com/tensorflow/tensorflow/compare/286e931ae11d5424b4578dbcf3973e655d180f4f...555123b0ef996bd0a6b1609129a2b4153b5f72a5
516,TensorFlow,c14d00e25b8e47c4094edce327574e821987f55f,71dc4ba9fb557beb6af611fdfbb048ebd7a623e9,54475,https://github.com/tensorflow/tensorflow/issues/54475,https://github.com/tensorflow/tensorflow/tree/c14d00e25b8e47c4094edce327574e821987f55f,https://github.com/tensorflow/tensorflow/tree/71dc4ba9fb557beb6af611fdfbb048ebd7a623e9,https://github.com/tensorflow/tensorflow/compare/c14d00e25b8e47c4094edce327574e821987f55f...71dc4ba9fb557beb6af611fdfbb048ebd7a623e9
517,TensorFlow,3f9430537c57af9360b2cb6d598bbc464a6c38f2,212ab2cf6f42ff915149daf709609e656e8bfef6,54115,https://github.com/tensorflow/tensorflow/issues/54115,https://github.com/tensorflow/tensorflow/tree/3f9430537c57af9360b2cb6d598bbc464a6c38f2,https://github.com/tensorflow/tensorflow/tree/212ab2cf6f42ff915149daf709609e656e8bfef6,https://github.com/tensorflow/tensorflow/compare/3f9430537c57af9360b2cb6d598bbc464a6c38f2...212ab2cf6f42ff915149daf709609e656e8bfef6
518,TensorFlow,735a9014ccc4d73686f65021334d62e936da2345,3440fa528870fea8e355643bfdded9186c2b5a49,54274,https://github.com/tensorflow/tensorflow/issues/54274,https://github.com/tensorflow/tensorflow/tree/735a9014ccc4d73686f65021334d62e936da2345,https://github.com/tensorflow/tensorflow/tree/3440fa528870fea8e355643bfdded9186c2b5a49,https://github.com/tensorflow/tensorflow/compare/735a9014ccc4d73686f65021334d62e936da2345...3440fa528870fea8e355643bfdded9186c2b5a49
519,TensorFlow,1b6f1df5b13132a3aa92a0c140236531c088173c,951b54c2006495117edaf5007e830d7a7993069e,47546,https://github.com/tensorflow/tensorflow/issues/47546,https://github.com/tensorflow/tensorflow/tree/1b6f1df5b13132a3aa92a0c140236531c088173c,https://github.com/tensorflow/tensorflow/tree/951b54c2006495117edaf5007e830d7a7993069e,https://github.com/tensorflow/tensorflow/compare/1b6f1df5b13132a3aa92a0c140236531c088173c...951b54c2006495117edaf5007e830d7a7993069e
520,TensorFlow,484b5e8836454dbc93380176ae5eeeab02cc63c0,e57fd691c7b0fd00ea3bfe43444f30c1969748b5,45770,https://github.com/tensorflow/tensorflow/issues/45770,https://github.com/tensorflow/tensorflow/tree/484b5e8836454dbc93380176ae5eeeab02cc63c0,https://github.com/tensorflow/tensorflow/tree/e57fd691c7b0fd00ea3bfe43444f30c1969748b5,https://github.com/tensorflow/tensorflow/compare/484b5e8836454dbc93380176ae5eeeab02cc63c0...e57fd691c7b0fd00ea3bfe43444f30c1969748b5
521,TensorFlow,6dc3b787258c1d0e25b41d75c6a4804d04539f6e,679d1e6c11ff686a8316ffb87ffffe6d0df4ce96,52657,https://github.com/tensorflow/tensorflow/issues/52657,https://github.com/tensorflow/tensorflow/tree/6dc3b787258c1d0e25b41d75c6a4804d04539f6e,https://github.com/tensorflow/tensorflow/tree/679d1e6c11ff686a8316ffb87ffffe6d0df4ce96,https://github.com/tensorflow/tensorflow/compare/6dc3b787258c1d0e25b41d75c6a4804d04539f6e...679d1e6c11ff686a8316ffb87ffffe6d0df4ce96
522,TensorFlow,03df12498c809e8e4a73f260ddf3ccb73aac7468,adf698b8ea83fcff097a64dfd52a5c60e6f90603,55364,https://github.com/tensorflow/tensorflow/issues/55364,https://github.com/tensorflow/tensorflow/tree/03df12498c809e8e4a73f260ddf3ccb73aac7468,https://github.com/tensorflow/tensorflow/tree/adf698b8ea83fcff097a64dfd52a5c60e6f90603,https://github.com/tensorflow/tensorflow/compare/03df12498c809e8e4a73f260ddf3ccb73aac7468...adf698b8ea83fcff097a64dfd52a5c60e6f90603
523,TensorFlow,7c30be7abdc220c7259c991384cb86c03dc6ad00,881676cfd6264a12eb32bafa3db5f63cf6c40970,53651,https://github.com/tensorflow/tensorflow/issues/53651,https://github.com/tensorflow/tensorflow/tree/7c30be7abdc220c7259c991384cb86c03dc6ad00,https://github.com/tensorflow/tensorflow/tree/881676cfd6264a12eb32bafa3db5f63cf6c40970,https://github.com/tensorflow/tensorflow/compare/7c30be7abdc220c7259c991384cb86c03dc6ad00...881676cfd6264a12eb32bafa3db5f63cf6c40970
524,TensorFlow,5e9eb04fe3cd122165da77807b06e96e8b0094d6,8cf2f3c6a685a141c35e9ba2eb433fbe0bfa3174,55845,https://github.com/tensorflow/tensorflow/issues/55845,https://github.com/tensorflow/tensorflow/tree/5e9eb04fe3cd122165da77807b06e96e8b0094d6,https://github.com/tensorflow/tensorflow/tree/8cf2f3c6a685a141c35e9ba2eb433fbe0bfa3174,https://github.com/tensorflow/tensorflow/compare/5e9eb04fe3cd122165da77807b06e96e8b0094d6...8cf2f3c6a685a141c35e9ba2eb433fbe0bfa3174
525,TensorFlow,e9615e0e1332675c12bc7259d4487dc0c1b0b817,c7adce4cb2293b66a96b811a0dcdcfb7e361c23f,54264,https://github.com/tensorflow/tensorflow/issues/54264,https://github.com/tensorflow/tensorflow/tree/e9615e0e1332675c12bc7259d4487dc0c1b0b817,https://github.com/tensorflow/tensorflow/tree/c7adce4cb2293b66a96b811a0dcdcfb7e361c23f,https://github.com/tensorflow/tensorflow/compare/e9615e0e1332675c12bc7259d4487dc0c1b0b817...c7adce4cb2293b66a96b811a0dcdcfb7e361c23f
526,TensorFlow,e74ef072ecd54ca54f3940ce9b98af796ded2a1a,bd4d5583ff9c8df26d47a23e508208844297310e,55199,https://github.com/tensorflow/tensorflow/issues/55199,https://github.com/tensorflow/tensorflow/tree/e74ef072ecd54ca54f3940ce9b98af796ded2a1a,https://github.com/tensorflow/tensorflow/tree/bd4d5583ff9c8df26d47a23e508208844297310e,https://github.com/tensorflow/tensorflow/compare/e74ef072ecd54ca54f3940ce9b98af796ded2a1a...bd4d5583ff9c8df26d47a23e508208844297310e
527,TensorFlow,07c86b47fcaa1c12bb22addcd72251f688855360,815657d77d6842919af07be4236703dce2314142,56222,https://github.com/tensorflow/tensorflow/issues/56222,https://github.com/tensorflow/tensorflow/tree/07c86b47fcaa1c12bb22addcd72251f688855360,https://github.com/tensorflow/tensorflow/tree/815657d77d6842919af07be4236703dce2314142,https://github.com/tensorflow/tensorflow/compare/07c86b47fcaa1c12bb22addcd72251f688855360...815657d77d6842919af07be4236703dce2314142
528,TensorFlow,c718ee76b81a097a5395f83ab9b47dd8a5ba6b93,84563f265f28b3c36a15335c8b005d405260e943,55305,https://github.com/tensorflow/tensorflow/issues/55305,https://github.com/tensorflow/tensorflow/tree/c718ee76b81a097a5395f83ab9b47dd8a5ba6b93,https://github.com/tensorflow/tensorflow/tree/84563f265f28b3c36a15335c8b005d405260e943,https://github.com/tensorflow/tensorflow/compare/c718ee76b81a097a5395f83ab9b47dd8a5ba6b93...84563f265f28b3c36a15335c8b005d405260e943
529,TensorFlow,fb3f72817b9b708216bfa1da9e853ed044236f5f,7c794ca526a61d9989ebd272155f3c76005e6e71,51839,https://github.com/tensorflow/tensorflow/issues/51839,https://github.com/tensorflow/tensorflow/tree/fb3f72817b9b708216bfa1da9e853ed044236f5f,https://github.com/tensorflow/tensorflow/tree/7c794ca526a61d9989ebd272155f3c76005e6e71,https://github.com/tensorflow/tensorflow/compare/fb3f72817b9b708216bfa1da9e853ed044236f5f...7c794ca526a61d9989ebd272155f3c76005e6e71
530,TensorFlow,a113dd02168a01aba7aea99d8266630233d9269c,a52fcef1b73384befaff2a9fb2618897413f8d28,56498,https://github.com/tensorflow/tensorflow/issues/56498,https://github.com/tensorflow/tensorflow/tree/a113dd02168a01aba7aea99d8266630233d9269c,https://github.com/tensorflow/tensorflow/tree/a52fcef1b73384befaff2a9fb2618897413f8d28,https://github.com/tensorflow/tensorflow/compare/a113dd02168a01aba7aea99d8266630233d9269c...a52fcef1b73384befaff2a9fb2618897413f8d28
531,TensorFlow,96df7427fb94483e5f8cc56126541129ef1ac2db,557c1f6458c3cb6ccb05af849f156ec4b02a0471,55934,https://github.com/tensorflow/tensorflow/issues/55934,https://github.com/tensorflow/tensorflow/tree/96df7427fb94483e5f8cc56126541129ef1ac2db,https://github.com/tensorflow/tensorflow/tree/557c1f6458c3cb6ccb05af849f156ec4b02a0471,https://github.com/tensorflow/tensorflow/compare/96df7427fb94483e5f8cc56126541129ef1ac2db...557c1f6458c3cb6ccb05af849f156ec4b02a0471
532,TensorFlow,286243022e772f75c254c79d313560bb9a1c3318,04480b1424c62e47427ffcc60109bd110c6ab7cf,49833,https://github.com/tensorflow/tensorflow/issues/49833,https://github.com/tensorflow/tensorflow/tree/286243022e772f75c254c79d313560bb9a1c3318,https://github.com/tensorflow/tensorflow/tree/04480b1424c62e47427ffcc60109bd110c6ab7cf,https://github.com/tensorflow/tensorflow/compare/286243022e772f75c254c79d313560bb9a1c3318...04480b1424c62e47427ffcc60109bd110c6ab7cf
533,TensorFlow,bf85072159bfd823daafff682f206bc4127acc52,642f83709836cbad96b3517d072ec6dcaba12946,56441,https://github.com/tensorflow/tensorflow/issues/56441,https://github.com/tensorflow/tensorflow/tree/bf85072159bfd823daafff682f206bc4127acc52,https://github.com/tensorflow/tensorflow/tree/642f83709836cbad96b3517d072ec6dcaba12946,https://github.com/tensorflow/tensorflow/compare/bf85072159bfd823daafff682f206bc4127acc52...642f83709836cbad96b3517d072ec6dcaba12946
534,TensorFlow,92bf8dbf416ffa9938f452de9d86f18ca979addc,1b24353775170d3d2c7bab5ae2799d99d1ef59e7,57083,https://github.com/tensorflow/tensorflow/issues/57083,https://github.com/tensorflow/tensorflow/tree/92bf8dbf416ffa9938f452de9d86f18ca979addc,https://github.com/tensorflow/tensorflow/tree/1b24353775170d3d2c7bab5ae2799d99d1ef59e7,https://github.com/tensorflow/tensorflow/compare/92bf8dbf416ffa9938f452de9d86f18ca979addc...1b24353775170d3d2c7bab5ae2799d99d1ef59e7
535,TensorFlow,16f01a63c197c2246eb06335a2b4662adc668d0c,6deb25b37ea3ae010bbe716686f776845a3a5297,56680,https://github.com/tensorflow/tensorflow/issues/56680,https://github.com/tensorflow/tensorflow/tree/16f01a63c197c2246eb06335a2b4662adc668d0c,https://github.com/tensorflow/tensorflow/tree/6deb25b37ea3ae010bbe716686f776845a3a5297,https://github.com/tensorflow/tensorflow/compare/16f01a63c197c2246eb06335a2b4662adc668d0c...6deb25b37ea3ae010bbe716686f776845a3a5297
536,TensorFlow,6b4552570844d884ccbf89f3030852dbf9b88b24,58cab2532587c5ce38597192ed92f541f03e45f1,57390,https://github.com/tensorflow/tensorflow/issues/57390,https://github.com/tensorflow/tensorflow/tree/6b4552570844d884ccbf89f3030852dbf9b88b24,https://github.com/tensorflow/tensorflow/tree/58cab2532587c5ce38597192ed92f541f03e45f1,https://github.com/tensorflow/tensorflow/compare/6b4552570844d884ccbf89f3030852dbf9b88b24...58cab2532587c5ce38597192ed92f541f03e45f1
537,TensorFlow,b45878744c636d5f32cc7a48e348c3dbfbe6d160,af7833440c22b8e037ac9f7aad7b04ee76d60b0b,57926,https://github.com/tensorflow/tensorflow/issues/57926,https://github.com/tensorflow/tensorflow/tree/b45878744c636d5f32cc7a48e348c3dbfbe6d160,https://github.com/tensorflow/tensorflow/tree/af7833440c22b8e037ac9f7aad7b04ee76d60b0b,https://github.com/tensorflow/tensorflow/compare/b45878744c636d5f32cc7a48e348c3dbfbe6d160...af7833440c22b8e037ac9f7aad7b04ee76d60b0b
538,TensorFlow,022fddccf750e29494472f059b17b58b10eb59f8,dc3a847a17078d86dcc2c13ada1cc9b9219fd662,56680,https://github.com/tensorflow/tensorflow/issues/56680,https://github.com/tensorflow/tensorflow/tree/022fddccf750e29494472f059b17b58b10eb59f8,https://github.com/tensorflow/tensorflow/tree/dc3a847a17078d86dcc2c13ada1cc9b9219fd662,https://github.com/tensorflow/tensorflow/compare/022fddccf750e29494472f059b17b58b10eb59f8...dc3a847a17078d86dcc2c13ada1cc9b9219fd662
539,TensorFlow,08f9c987c18d7d765968680c54d9ca8701fde6b9,41affcdc1919df3e29684a946416192bfbc36eee,58107,https://github.com/tensorflow/tensorflow/issues/58107,https://github.com/tensorflow/tensorflow/tree/08f9c987c18d7d765968680c54d9ca8701fde6b9,https://github.com/tensorflow/tensorflow/tree/41affcdc1919df3e29684a946416192bfbc36eee,https://github.com/tensorflow/tensorflow/compare/08f9c987c18d7d765968680c54d9ca8701fde6b9...41affcdc1919df3e29684a946416192bfbc36eee
540,TensorFlow,d956d50aec8f9a1b7385bbd193f049024a8c8226,8fc0d33a1c45b30aaa84a19161ed39a13d7312d0,57779,https://github.com/tensorflow/tensorflow/issues/57779,https://github.com/tensorflow/tensorflow/tree/d956d50aec8f9a1b7385bbd193f049024a8c8226,https://github.com/tensorflow/tensorflow/tree/8fc0d33a1c45b30aaa84a19161ed39a13d7312d0,https://github.com/tensorflow/tensorflow/compare/d956d50aec8f9a1b7385bbd193f049024a8c8226...8fc0d33a1c45b30aaa84a19161ed39a13d7312d0
541,TensorFlow,3e3b8cca506390e9c725de4edd017036685e82a4,fc0095d3ee7dd21b6b61978a8dd2f526c7455605,57465,https://github.com/tensorflow/tensorflow/issues/57465,https://github.com/tensorflow/tensorflow/tree/3e3b8cca506390e9c725de4edd017036685e82a4,https://github.com/tensorflow/tensorflow/tree/fc0095d3ee7dd21b6b61978a8dd2f526c7455605,https://github.com/tensorflow/tensorflow/compare/3e3b8cca506390e9c725de4edd017036685e82a4...fc0095d3ee7dd21b6b61978a8dd2f526c7455605
542,TensorFlow,035c1a9e09e0b1ad6d70a58c16e0d885c39dcfcb,0ccdf5392f015463166b0a07771893d3b7482ed0,57896,https://github.com/tensorflow/tensorflow/issues/57896,https://github.com/tensorflow/tensorflow/tree/035c1a9e09e0b1ad6d70a58c16e0d885c39dcfcb,https://github.com/tensorflow/tensorflow/tree/0ccdf5392f015463166b0a07771893d3b7482ed0,https://github.com/tensorflow/tensorflow/compare/035c1a9e09e0b1ad6d70a58c16e0d885c39dcfcb...0ccdf5392f015463166b0a07771893d3b7482ed0
543,TensorFlow,a325615addf59f34b5028ebcc37919d1758bc39e,23515d239401c1a7a788244d2a35fcc6c0b33d4a,56519,https://github.com/tensorflow/tensorflow/issues/56519,https://github.com/tensorflow/tensorflow/tree/a325615addf59f34b5028ebcc37919d1758bc39e,https://github.com/tensorflow/tensorflow/tree/23515d239401c1a7a788244d2a35fcc6c0b33d4a,https://github.com/tensorflow/tensorflow/compare/a325615addf59f34b5028ebcc37919d1758bc39e...23515d239401c1a7a788244d2a35fcc6c0b33d4a
544,TensorFlow,b2ad6ba8c77da03fb10a894699a0c1a850a4322f,e96ec1bc86e10ad67cbb1af53ecb8bab8b055896,56694,https://github.com/tensorflow/tensorflow/issues/56694,https://github.com/tensorflow/tensorflow/tree/b2ad6ba8c77da03fb10a894699a0c1a850a4322f,https://github.com/tensorflow/tensorflow/tree/e96ec1bc86e10ad67cbb1af53ecb8bab8b055896,https://github.com/tensorflow/tensorflow/compare/b2ad6ba8c77da03fb10a894699a0c1a850a4322f...e96ec1bc86e10ad67cbb1af53ecb8bab8b055896
545,TensorFlow,82362ec5c81b62d43a3043e3364029fb2cdb2ce4,f82c213c4a784b6aa390ddb7f1ad46dba522ecbd,58053,https://github.com/tensorflow/tensorflow/issues/58053,https://github.com/tensorflow/tensorflow/tree/82362ec5c81b62d43a3043e3364029fb2cdb2ce4,https://github.com/tensorflow/tensorflow/tree/f82c213c4a784b6aa390ddb7f1ad46dba522ecbd,https://github.com/tensorflow/tensorflow/compare/82362ec5c81b62d43a3043e3364029fb2cdb2ce4...f82c213c4a784b6aa390ddb7f1ad46dba522ecbd
546,TensorFlow,bc6c8d904a44325bf81ba757bd777b226cbc57dc,8d85f562c12794e4f5fd48b0d2958edb2c3296ab,58703,https://github.com/tensorflow/tensorflow/issues/58703,https://github.com/tensorflow/tensorflow/tree/bc6c8d904a44325bf81ba757bd777b226cbc57dc,https://github.com/tensorflow/tensorflow/tree/8d85f562c12794e4f5fd48b0d2958edb2c3296ab,https://github.com/tensorflow/tensorflow/compare/bc6c8d904a44325bf81ba757bd777b226cbc57dc...8d85f562c12794e4f5fd48b0d2958edb2c3296ab
547,TensorFlow,40e2cbf3dfd56022d1ad91880e63f77c950e4d28,f66b2f2dae39add85b8a9bc6788ec1f8e9da131c,58053,https://github.com/tensorflow/tensorflow/issues/58053,https://github.com/tensorflow/tensorflow/tree/40e2cbf3dfd56022d1ad91880e63f77c950e4d28,https://github.com/tensorflow/tensorflow/tree/f66b2f2dae39add85b8a9bc6788ec1f8e9da131c,https://github.com/tensorflow/tensorflow/compare/40e2cbf3dfd56022d1ad91880e63f77c950e4d28...f66b2f2dae39add85b8a9bc6788ec1f8e9da131c
548,TensorFlow,e87e3c320e1766965a42f57660e611d434298b22,b93075e9bef306d5605b73137a88c7739c84e912,50853,https://github.com/tensorflow/tensorflow/issues/50853,https://github.com/tensorflow/tensorflow/tree/e87e3c320e1766965a42f57660e611d434298b22,https://github.com/tensorflow/tensorflow/tree/b93075e9bef306d5605b73137a88c7739c84e912,https://github.com/tensorflow/tensorflow/compare/e87e3c320e1766965a42f57660e611d434298b22...b93075e9bef306d5605b73137a88c7739c84e912
549,TensorFlow,548964d24666f9550e9a40249a917145bf9670fb,23b629c4929d27d2c4e6da732194d86aa82d0238,59115,https://github.com/tensorflow/tensorflow/issues/59115,https://github.com/tensorflow/tensorflow/tree/548964d24666f9550e9a40249a917145bf9670fb,https://github.com/tensorflow/tensorflow/tree/23b629c4929d27d2c4e6da732194d86aa82d0238,https://github.com/tensorflow/tensorflow/compare/548964d24666f9550e9a40249a917145bf9670fb...23b629c4929d27d2c4e6da732194d86aa82d0238
550,TensorFlow,68649e2773c4f453b57f7949748f306747dad2f3,b8fd6f916db396c1d67e3df47d5525264b01de4f,58693,https://github.com/tensorflow/tensorflow/issues/58693,https://github.com/tensorflow/tensorflow/tree/68649e2773c4f453b57f7949748f306747dad2f3,https://github.com/tensorflow/tensorflow/tree/b8fd6f916db396c1d67e3df47d5525264b01de4f,https://github.com/tensorflow/tensorflow/compare/68649e2773c4f453b57f7949748f306747dad2f3...b8fd6f916db396c1d67e3df47d5525264b01de4f
551,TensorFlow,17a9913598747c5726c577c9cec17937b84cc1e2,9ea72f06c616cd648e71ed2b5dd22435d2e2fa0d,15425,https://github.com/tensorflow/tensorflow/issues/15425,https://github.com/tensorflow/tensorflow/tree/17a9913598747c5726c577c9cec17937b84cc1e2,https://github.com/tensorflow/tensorflow/tree/9ea72f06c616cd648e71ed2b5dd22435d2e2fa0d,https://github.com/tensorflow/tensorflow/compare/17a9913598747c5726c577c9cec17937b84cc1e2...9ea72f06c616cd648e71ed2b5dd22435d2e2fa0d
552,TensorFlow,03660bb46325349e12875c8d153e12c674d05568,5ed3c7881f1f039b1bb502eb68c65250de3bbac8,59162,https://github.com/tensorflow/tensorflow/issues/59162,https://github.com/tensorflow/tensorflow/tree/03660bb46325349e12875c8d153e12c674d05568,https://github.com/tensorflow/tensorflow/tree/5ed3c7881f1f039b1bb502eb68c65250de3bbac8,https://github.com/tensorflow/tensorflow/compare/03660bb46325349e12875c8d153e12c674d05568...5ed3c7881f1f039b1bb502eb68c65250de3bbac8
553,TensorFlow,9585545233cf9a8e712acaaadfbfee4daf28f5c9,150b323e080e821555f0801a8efb1b6f2519d1ac,59372,https://github.com/tensorflow/tensorflow/issues/59372,https://github.com/tensorflow/tensorflow/tree/9585545233cf9a8e712acaaadfbfee4daf28f5c9,https://github.com/tensorflow/tensorflow/tree/150b323e080e821555f0801a8efb1b6f2519d1ac,https://github.com/tensorflow/tensorflow/compare/9585545233cf9a8e712acaaadfbfee4daf28f5c9...150b323e080e821555f0801a8efb1b6f2519d1ac
554,TensorFlow,791897340e223762d114988c4d9708d10aca44df,0fda2398063c92114de4c34207c19e4c08aa3d7d,59440,https://github.com/tensorflow/tensorflow/issues/59440,https://github.com/tensorflow/tensorflow/tree/791897340e223762d114988c4d9708d10aca44df,https://github.com/tensorflow/tensorflow/tree/0fda2398063c92114de4c34207c19e4c08aa3d7d,https://github.com/tensorflow/tensorflow/compare/791897340e223762d114988c4d9708d10aca44df...0fda2398063c92114de4c34207c19e4c08aa3d7d
555,TensorFlow,b24b62374b662316fac1cf26bf39cccaf877200b,03660bb46325349e12875c8d153e12c674d05568,58696,https://github.com/tensorflow/tensorflow/issues/58696,https://github.com/tensorflow/tensorflow/tree/b24b62374b662316fac1cf26bf39cccaf877200b,https://github.com/tensorflow/tensorflow/tree/03660bb46325349e12875c8d153e12c674d05568,https://github.com/tensorflow/tensorflow/compare/b24b62374b662316fac1cf26bf39cccaf877200b...03660bb46325349e12875c8d153e12c674d05568
556,TensorFlow,ec6a4278330717e113c812fd83aeffb7b569eb09,e99e31597c1b5cc9f0cbc8a3dea71674d81c20b1,58261,https://github.com/tensorflow/tensorflow/issues/58261,https://github.com/tensorflow/tensorflow/tree/ec6a4278330717e113c812fd83aeffb7b569eb09,https://github.com/tensorflow/tensorflow/tree/e99e31597c1b5cc9f0cbc8a3dea71674d81c20b1,https://github.com/tensorflow/tensorflow/compare/ec6a4278330717e113c812fd83aeffb7b569eb09...e99e31597c1b5cc9f0cbc8a3dea71674d81c20b1
557,TensorFlow,6d97ac8bab8afe90c72a0dacd63dd8ab65f0f4a8,8003984e7b28c9896d50f6b26f5a34d62c35550a,60036,https://github.com/tensorflow/tensorflow/issues/60036,https://github.com/tensorflow/tensorflow/tree/6d97ac8bab8afe90c72a0dacd63dd8ab65f0f4a8,https://github.com/tensorflow/tensorflow/tree/8003984e7b28c9896d50f6b26f5a34d62c35550a,https://github.com/tensorflow/tensorflow/compare/6d97ac8bab8afe90c72a0dacd63dd8ab65f0f4a8...8003984e7b28c9896d50f6b26f5a34d62c35550a
558,TensorFlow,11d2eec37f3a62ad055508ecaa755d98b4efad67,8b742f8559e88474735d0a2c03e00da65e40b412,60198,https://github.com/tensorflow/tensorflow/issues/60198,https://github.com/tensorflow/tensorflow/tree/11d2eec37f3a62ad055508ecaa755d98b4efad67,https://github.com/tensorflow/tensorflow/tree/8b742f8559e88474735d0a2c03e00da65e40b412,https://github.com/tensorflow/tensorflow/compare/11d2eec37f3a62ad055508ecaa755d98b4efad67...8b742f8559e88474735d0a2c03e00da65e40b412
559,TensorFlow,11d2eec37f3a62ad055508ecaa755d98b4efad67,8b742f8559e88474735d0a2c03e00da65e40b412,60275,https://github.com/tensorflow/tensorflow/issues/60275,https://github.com/tensorflow/tensorflow/tree/11d2eec37f3a62ad055508ecaa755d98b4efad67,https://github.com/tensorflow/tensorflow/tree/8b742f8559e88474735d0a2c03e00da65e40b412,https://github.com/tensorflow/tensorflow/compare/11d2eec37f3a62ad055508ecaa755d98b4efad67...8b742f8559e88474735d0a2c03e00da65e40b412
560,TensorFlow,031b58baf7770fb7fa12b85f56b56402448d5779,788bebdb66c33ef61e660b513e9319ab9c91d30c,59200,https://github.com/tensorflow/tensorflow/issues/59200,https://github.com/tensorflow/tensorflow/tree/031b58baf7770fb7fa12b85f56b56402448d5779,https://github.com/tensorflow/tensorflow/tree/788bebdb66c33ef61e660b513e9319ab9c91d30c,https://github.com/tensorflow/tensorflow/compare/031b58baf7770fb7fa12b85f56b56402448d5779...788bebdb66c33ef61e660b513e9319ab9c91d30c
561,TensorFlow,f179211fceced0d470dfb3a5befd377cafb42e67,3c44525126c088905373484293706cfd5483940c,60223,https://github.com/tensorflow/tensorflow/issues/60223,https://github.com/tensorflow/tensorflow/tree/f179211fceced0d470dfb3a5befd377cafb42e67,https://github.com/tensorflow/tensorflow/tree/3c44525126c088905373484293706cfd5483940c,https://github.com/tensorflow/tensorflow/compare/f179211fceced0d470dfb3a5befd377cafb42e67...3c44525126c088905373484293706cfd5483940c
562,TensorFlow,226b4e2efbaedfb14a3ebe0bdef6ac890a8aed87,5386f5bb2347782a4bbe78db0a38f31c330cb60e,60085,https://github.com/tensorflow/tensorflow/issues/60085,https://github.com/tensorflow/tensorflow/tree/226b4e2efbaedfb14a3ebe0bdef6ac890a8aed87,https://github.com/tensorflow/tensorflow/tree/5386f5bb2347782a4bbe78db0a38f31c330cb60e,https://github.com/tensorflow/tensorflow/compare/226b4e2efbaedfb14a3ebe0bdef6ac890a8aed87...5386f5bb2347782a4bbe78db0a38f31c330cb60e
563,TensorFlow,5386f5bb2347782a4bbe78db0a38f31c330cb60e,38df17edd258230580415121eba6275cd6c3905e,59046,https://github.com/tensorflow/tensorflow/issues/59046,https://github.com/tensorflow/tensorflow/tree/5386f5bb2347782a4bbe78db0a38f31c330cb60e,https://github.com/tensorflow/tensorflow/tree/38df17edd258230580415121eba6275cd6c3905e,https://github.com/tensorflow/tensorflow/compare/5386f5bb2347782a4bbe78db0a38f31c330cb60e...38df17edd258230580415121eba6275cd6c3905e
564,TensorFlow,bbb356e176e145db156ef5ce1dd7c55df74c0f4a,c7963590d6bd2c34dc36411859338e4aabe2f32c,2844,https://github.com/tensorflow/tensorflow/issues/2844,https://github.com/tensorflow/tensorflow/tree/bbb356e176e145db156ef5ce1dd7c55df74c0f4a,https://github.com/tensorflow/tensorflow/tree/c7963590d6bd2c34dc36411859338e4aabe2f32c,https://github.com/tensorflow/tensorflow/compare/bbb356e176e145db156ef5ce1dd7c55df74c0f4a...c7963590d6bd2c34dc36411859338e4aabe2f32c
565,TensorFlow,c45fbc9794dd335e084da7683a965c5c5c4a0c73,3674f8ea7d60249ee4712f09e2386060f2bfe8cb,53358,https://github.com/tensorflow/tensorflow/issues/53358,https://github.com/tensorflow/tensorflow/tree/c45fbc9794dd335e084da7683a965c5c5c4a0c73,https://github.com/tensorflow/tensorflow/tree/3674f8ea7d60249ee4712f09e2386060f2bfe8cb,https://github.com/tensorflow/tensorflow/compare/c45fbc9794dd335e084da7683a965c5c5c4a0c73...3674f8ea7d60249ee4712f09e2386060f2bfe8cb
566,TensorFlow,dc02aa8b635dd2ac3e02fe1c3dc211cdb261d170,c699c44c9254a68c04fc53d2c472fc11932397e8,57706,https://github.com/tensorflow/tensorflow/issues/57706,https://github.com/tensorflow/tensorflow/tree/dc02aa8b635dd2ac3e02fe1c3dc211cdb261d170,https://github.com/tensorflow/tensorflow/tree/c699c44c9254a68c04fc53d2c472fc11932397e8,https://github.com/tensorflow/tensorflow/compare/dc02aa8b635dd2ac3e02fe1c3dc211cdb261d170...c699c44c9254a68c04fc53d2c472fc11932397e8
567,TensorFlow,335bc7eb1f4db6c228a94a253e4208ab0a0fc5de,28372efec3cc07a8e1db81f6b55b87ca4d87219b,60148,https://github.com/tensorflow/tensorflow/issues/60148,https://github.com/tensorflow/tensorflow/tree/335bc7eb1f4db6c228a94a253e4208ab0a0fc5de,https://github.com/tensorflow/tensorflow/tree/28372efec3cc07a8e1db81f6b55b87ca4d87219b,https://github.com/tensorflow/tensorflow/compare/335bc7eb1f4db6c228a94a253e4208ab0a0fc5de...28372efec3cc07a8e1db81f6b55b87ca4d87219b
568,TensorFlow,279f26c7d6f2852f9c95d661b29a6e9ac8685a7c,6cf2b87810be4b0bc11832b383d88bdf0fc5e99e,60926,https://github.com/tensorflow/tensorflow/issues/60926,https://github.com/tensorflow/tensorflow/tree/279f26c7d6f2852f9c95d661b29a6e9ac8685a7c,https://github.com/tensorflow/tensorflow/tree/6cf2b87810be4b0bc11832b383d88bdf0fc5e99e,https://github.com/tensorflow/tensorflow/compare/279f26c7d6f2852f9c95d661b29a6e9ac8685a7c...6cf2b87810be4b0bc11832b383d88bdf0fc5e99e
569,TensorFlow,be11761069c4e25f6281b1ace830e77d3d85ed18,df9cf51de2ec5bdf21273913094b29c9d99f6651,3116,https://github.com/tensorflow/tensorflow/issues/3116,https://github.com/tensorflow/tensorflow/tree/be11761069c4e25f6281b1ace830e77d3d85ed18,https://github.com/tensorflow/tensorflow/tree/df9cf51de2ec5bdf21273913094b29c9d99f6651,https://github.com/tensorflow/tensorflow/compare/be11761069c4e25f6281b1ace830e77d3d85ed18...df9cf51de2ec5bdf21273913094b29c9d99f6651
570,TensorFlow,ae5fdb710f4a39f0ea619fe0a496eac97bbcec7c,69f993dca927c35907b7edaa3b84ffee6268f1cd,5240,https://github.com/tensorflow/tensorflow/issues/5240,https://github.com/tensorflow/tensorflow/tree/ae5fdb710f4a39f0ea619fe0a496eac97bbcec7c,https://github.com/tensorflow/tensorflow/tree/69f993dca927c35907b7edaa3b84ffee6268f1cd,https://github.com/tensorflow/tensorflow/compare/ae5fdb710f4a39f0ea619fe0a496eac97bbcec7c...69f993dca927c35907b7edaa3b84ffee6268f1cd
571,TensorFlow,39f5c002eb70b7e16793015d2710b6691cefb217,1bd1b7f4b0311575ead19f14e74488a97b524555,6199,https://github.com/tensorflow/tensorflow/issues/6199,https://github.com/tensorflow/tensorflow/tree/39f5c002eb70b7e16793015d2710b6691cefb217,https://github.com/tensorflow/tensorflow/tree/1bd1b7f4b0311575ead19f14e74488a97b524555,https://github.com/tensorflow/tensorflow/compare/39f5c002eb70b7e16793015d2710b6691cefb217...1bd1b7f4b0311575ead19f14e74488a97b524555
572,TensorFlow,5870547cb5bc19658d47c47c113fb2683d47297f,86d21dc7906d237b03b4b67f171798a47896098a,59928,https://github.com/tensorflow/tensorflow/issues/59928,https://github.com/tensorflow/tensorflow/tree/5870547cb5bc19658d47c47c113fb2683d47297f,https://github.com/tensorflow/tensorflow/tree/86d21dc7906d237b03b4b67f171798a47896098a,https://github.com/tensorflow/tensorflow/compare/5870547cb5bc19658d47c47c113fb2683d47297f...86d21dc7906d237b03b4b67f171798a47896098a
573,TensorFlow,4c20d798e28223d620ec3efc295f762d90bed5fc,a12cc0e9f198834605399c287eb95be76c8a9ad3,3726,https://github.com/tensorflow/tensorflow/issues/3726,https://github.com/tensorflow/tensorflow/tree/4c20d798e28223d620ec3efc295f762d90bed5fc,https://github.com/tensorflow/tensorflow/tree/a12cc0e9f198834605399c287eb95be76c8a9ad3,https://github.com/tensorflow/tensorflow/compare/4c20d798e28223d620ec3efc295f762d90bed5fc...a12cc0e9f198834605399c287eb95be76c8a9ad3
574,TensorFlow,19c648a1ccf0887c91a58b5d4ba09a1372b7cc10,1f4e6e7a011b926527ce28e1f6946161e97fdea3,6171,https://github.com/tensorflow/tensorflow/issues/6171,https://github.com/tensorflow/tensorflow/tree/19c648a1ccf0887c91a58b5d4ba09a1372b7cc10,https://github.com/tensorflow/tensorflow/tree/1f4e6e7a011b926527ce28e1f6946161e97fdea3,https://github.com/tensorflow/tensorflow/compare/19c648a1ccf0887c91a58b5d4ba09a1372b7cc10...1f4e6e7a011b926527ce28e1f6946161e97fdea3
575,TensorFlow,97f722e2d0e8165c1b3a6d0dc643e30339bee9d9,aa028f26783f7c39d08a5ebd2874d74aa2ada1f3,3200,https://github.com/tensorflow/tensorflow/issues/3200,https://github.com/tensorflow/tensorflow/tree/97f722e2d0e8165c1b3a6d0dc643e30339bee9d9,https://github.com/tensorflow/tensorflow/tree/aa028f26783f7c39d08a5ebd2874d74aa2ada1f3,https://github.com/tensorflow/tensorflow/compare/97f722e2d0e8165c1b3a6d0dc643e30339bee9d9...aa028f26783f7c39d08a5ebd2874d74aa2ada1f3
576,TensorFlow,66681ea34bee93fa359486458f92ceea864cc6de,c3655322ec562ec9fed82142c961e57eb2874723,62208,https://github.com/tensorflow/tensorflow/issues/62208,https://github.com/tensorflow/tensorflow/tree/66681ea34bee93fa359486458f92ceea864cc6de,https://github.com/tensorflow/tensorflow/tree/c3655322ec562ec9fed82142c961e57eb2874723,https://github.com/tensorflow/tensorflow/compare/66681ea34bee93fa359486458f92ceea864cc6de...c3655322ec562ec9fed82142c961e57eb2874723
577,TensorFlow,445dfea1b0a74636253fe2606d3d22d14daa9c6e,5040e9bb6fd27e8dcd93adfa656d5d1a187f7faf,6647,https://github.com/tensorflow/tensorflow/issues/6647,https://github.com/tensorflow/tensorflow/tree/445dfea1b0a74636253fe2606d3d22d14daa9c6e,https://github.com/tensorflow/tensorflow/tree/5040e9bb6fd27e8dcd93adfa656d5d1a187f7faf,https://github.com/tensorflow/tensorflow/compare/445dfea1b0a74636253fe2606d3d22d14daa9c6e...5040e9bb6fd27e8dcd93adfa656d5d1a187f7faf
578,TensorFlow,25c61d2ca860ad7f0a842f2f9052dfe67dca9391,0230b4d3203fecc94b8be933d2febe05231b11b0,6460,https://github.com/tensorflow/tensorflow/issues/6460,https://github.com/tensorflow/tensorflow/tree/25c61d2ca860ad7f0a842f2f9052dfe67dca9391,https://github.com/tensorflow/tensorflow/tree/0230b4d3203fecc94b8be933d2febe05231b11b0,https://github.com/tensorflow/tensorflow/compare/25c61d2ca860ad7f0a842f2f9052dfe67dca9391...0230b4d3203fecc94b8be933d2febe05231b11b0
579,TensorFlow,d5aa705c2b5a3f4c6639e1c8ba868238320a912c,c31dfe3e3297f8fb4b88df2111e143a15d58e9d8,6677,https://github.com/tensorflow/tensorflow/issues/6677,https://github.com/tensorflow/tensorflow/tree/d5aa705c2b5a3f4c6639e1c8ba868238320a912c,https://github.com/tensorflow/tensorflow/tree/c31dfe3e3297f8fb4b88df2111e143a15d58e9d8,https://github.com/tensorflow/tensorflow/compare/d5aa705c2b5a3f4c6639e1c8ba868238320a912c...c31dfe3e3297f8fb4b88df2111e143a15d58e9d8
580,TensorFlow,6a077215cff10fc5f71c1d5f3a8d1f051a1355c5,b8c5e00edc6c29393102dfa3c691b78aaa9d4af7,7088,https://github.com/tensorflow/tensorflow/issues/7088,https://github.com/tensorflow/tensorflow/tree/6a077215cff10fc5f71c1d5f3a8d1f051a1355c5,https://github.com/tensorflow/tensorflow/tree/b8c5e00edc6c29393102dfa3c691b78aaa9d4af7,https://github.com/tensorflow/tensorflow/compare/6a077215cff10fc5f71c1d5f3a8d1f051a1355c5...b8c5e00edc6c29393102dfa3c691b78aaa9d4af7
581,TensorFlow,f2bed498de9942c6d061490c2edc26001c1128c8,b0851423833b877daabdf73ea43fdf4732704696,6599,https://github.com/tensorflow/tensorflow/issues/6599,https://github.com/tensorflow/tensorflow/tree/f2bed498de9942c6d061490c2edc26001c1128c8,https://github.com/tensorflow/tensorflow/tree/b0851423833b877daabdf73ea43fdf4732704696,https://github.com/tensorflow/tensorflow/compare/f2bed498de9942c6d061490c2edc26001c1128c8...b0851423833b877daabdf73ea43fdf4732704696
582,TensorFlow,03e79733843b4678b803389d0297c82825a20659,d424f476aa4757030e89b959f207d980092739cf,7625,https://github.com/tensorflow/tensorflow/issues/7625,https://github.com/tensorflow/tensorflow/tree/03e79733843b4678b803389d0297c82825a20659,https://github.com/tensorflow/tensorflow/tree/d424f476aa4757030e89b959f207d980092739cf,https://github.com/tensorflow/tensorflow/compare/03e79733843b4678b803389d0297c82825a20659...d424f476aa4757030e89b959f207d980092739cf
583,TensorFlow,42ff0b4ebaa44f0e8f455a4d14d036460fc69ee4,c6a9142b9262e29b187370448e59765e833d3c34,7718,https://github.com/tensorflow/tensorflow/issues/7718,https://github.com/tensorflow/tensorflow/tree/42ff0b4ebaa44f0e8f455a4d14d036460fc69ee4,https://github.com/tensorflow/tensorflow/tree/c6a9142b9262e29b187370448e59765e833d3c34,https://github.com/tensorflow/tensorflow/compare/42ff0b4ebaa44f0e8f455a4d14d036460fc69ee4...c6a9142b9262e29b187370448e59765e833d3c34
584,TensorFlow,421eb4fdab494187cc2e3a7bd9ecf5c9e1002ee0,da5019d904e9f1277573c18f19d6e38311b9cdec,7647,https://github.com/tensorflow/tensorflow/issues/7647,https://github.com/tensorflow/tensorflow/tree/421eb4fdab494187cc2e3a7bd9ecf5c9e1002ee0,https://github.com/tensorflow/tensorflow/tree/da5019d904e9f1277573c18f19d6e38311b9cdec,https://github.com/tensorflow/tensorflow/compare/421eb4fdab494187cc2e3a7bd9ecf5c9e1002ee0...da5019d904e9f1277573c18f19d6e38311b9cdec
585,TensorFlow,1f27207f1a8918696bd3751d22da03bbadafca1f,87681cbb46a32243ec7feca93adf63ce20344d42,7025,https://github.com/tensorflow/tensorflow/issues/7025,https://github.com/tensorflow/tensorflow/tree/1f27207f1a8918696bd3751d22da03bbadafca1f,https://github.com/tensorflow/tensorflow/tree/87681cbb46a32243ec7feca93adf63ce20344d42,https://github.com/tensorflow/tensorflow/compare/1f27207f1a8918696bd3751d22da03bbadafca1f...87681cbb46a32243ec7feca93adf63ce20344d42
586,TensorFlow,cb89104ea41b5889d50ee19ccf7ac581a8277cd0,a8ebdd1e738e977765bf7c83aec14704c330e3e1,62549,https://github.com/tensorflow/tensorflow/issues/62549,https://github.com/tensorflow/tensorflow/tree/cb89104ea41b5889d50ee19ccf7ac581a8277cd0,https://github.com/tensorflow/tensorflow/tree/a8ebdd1e738e977765bf7c83aec14704c330e3e1,https://github.com/tensorflow/tensorflow/compare/cb89104ea41b5889d50ee19ccf7ac581a8277cd0...a8ebdd1e738e977765bf7c83aec14704c330e3e1
587,TensorFlow,ea612fb25a41aea5de69ab9299952c2e4656d0c0,b78f565ee4711448a42f411b0fe123c9373d0d0c,6606,https://github.com/tensorflow/tensorflow/issues/6606,https://github.com/tensorflow/tensorflow/tree/ea612fb25a41aea5de69ab9299952c2e4656d0c0,https://github.com/tensorflow/tensorflow/tree/b78f565ee4711448a42f411b0fe123c9373d0d0c,https://github.com/tensorflow/tensorflow/compare/ea612fb25a41aea5de69ab9299952c2e4656d0c0...b78f565ee4711448a42f411b0fe123c9373d0d0c
588,TensorFlow,c339b3034f94e8197d9b7519fb53e4dd44916f16,7a6ea56057a270c79c3eb1cc8737b8484e0c2adc,6596,https://github.com/tensorflow/tensorflow/issues/6596,https://github.com/tensorflow/tensorflow/tree/c339b3034f94e8197d9b7519fb53e4dd44916f16,https://github.com/tensorflow/tensorflow/tree/7a6ea56057a270c79c3eb1cc8737b8484e0c2adc,https://github.com/tensorflow/tensorflow/compare/c339b3034f94e8197d9b7519fb53e4dd44916f16...7a6ea56057a270c79c3eb1cc8737b8484e0c2adc
589,TensorFlow,60a856dab2601dbcd9b83e40de68c15c07b88442,76d916c4708a3e5af37f0d88eb316de33b3b5708,7751,https://github.com/tensorflow/tensorflow/issues/7751,https://github.com/tensorflow/tensorflow/tree/60a856dab2601dbcd9b83e40de68c15c07b88442,https://github.com/tensorflow/tensorflow/tree/76d916c4708a3e5af37f0d88eb316de33b3b5708,https://github.com/tensorflow/tensorflow/compare/60a856dab2601dbcd9b83e40de68c15c07b88442...76d916c4708a3e5af37f0d88eb316de33b3b5708
590,TensorFlow,a55a9cb2888592f12574e94cc37fc608554f3162,4f6c70b14c4858da231c639343a5a4409e60fcf4,62628,https://github.com/tensorflow/tensorflow/issues/62628,https://github.com/tensorflow/tensorflow/tree/a55a9cb2888592f12574e94cc37fc608554f3162,https://github.com/tensorflow/tensorflow/tree/4f6c70b14c4858da231c639343a5a4409e60fcf4,https://github.com/tensorflow/tensorflow/compare/a55a9cb2888592f12574e94cc37fc608554f3162...4f6c70b14c4858da231c639343a5a4409e60fcf4
591,TensorFlow,15a1801b96b116e4aa4e07bbe75ae9702aefa455,de3baf141a315fb11a597de0529329064719c6c2,8610,https://github.com/tensorflow/tensorflow/issues/8610,https://github.com/tensorflow/tensorflow/tree/15a1801b96b116e4aa4e07bbe75ae9702aefa455,https://github.com/tensorflow/tensorflow/tree/de3baf141a315fb11a597de0529329064719c6c2,https://github.com/tensorflow/tensorflow/compare/15a1801b96b116e4aa4e07bbe75ae9702aefa455...de3baf141a315fb11a597de0529329064719c6c2
592,TensorFlow,1a9eaba18b87e230160ba25ef083868514b49771,94c19342f07d99198f0364bd2204faaedb6879b0,8284,https://github.com/tensorflow/tensorflow/issues/8284,https://github.com/tensorflow/tensorflow/tree/1a9eaba18b87e230160ba25ef083868514b49771,https://github.com/tensorflow/tensorflow/tree/94c19342f07d99198f0364bd2204faaedb6879b0,https://github.com/tensorflow/tensorflow/compare/1a9eaba18b87e230160ba25ef083868514b49771...94c19342f07d99198f0364bd2204faaedb6879b0
593,TensorFlow,472224629ce32ad14bff1e8f756e8591c6a8407d,c1a7b99329b9152b58f8e260f11e009d8db80901,62866,https://github.com/tensorflow/tensorflow/issues/62866,https://github.com/tensorflow/tensorflow/tree/472224629ce32ad14bff1e8f756e8591c6a8407d,https://github.com/tensorflow/tensorflow/tree/c1a7b99329b9152b58f8e260f11e009d8db80901,https://github.com/tensorflow/tensorflow/compare/472224629ce32ad14bff1e8f756e8591c6a8407d...c1a7b99329b9152b58f8e260f11e009d8db80901
594,TensorFlow,29d9d2cdf69aaba0e84f9975d566cc00c1665f63,30820dc350b2bbd783d55faeb14199775fcf7289,8950,https://github.com/tensorflow/tensorflow/issues/8950,https://github.com/tensorflow/tensorflow/tree/29d9d2cdf69aaba0e84f9975d566cc00c1665f63,https://github.com/tensorflow/tensorflow/tree/30820dc350b2bbd783d55faeb14199775fcf7289,https://github.com/tensorflow/tensorflow/compare/29d9d2cdf69aaba0e84f9975d566cc00c1665f63...30820dc350b2bbd783d55faeb14199775fcf7289
595,TensorFlow,47b6bb4725316ce2c7e519a79922cf4fcb1f483e,f68208eb77288dd70c6617b7b7cc3fb5d1fad594,9367,https://github.com/tensorflow/tensorflow/issues/9367,https://github.com/tensorflow/tensorflow/tree/47b6bb4725316ce2c7e519a79922cf4fcb1f483e,https://github.com/tensorflow/tensorflow/tree/f68208eb77288dd70c6617b7b7cc3fb5d1fad594,https://github.com/tensorflow/tensorflow/compare/47b6bb4725316ce2c7e519a79922cf4fcb1f483e...f68208eb77288dd70c6617b7b7cc3fb5d1fad594
596,TensorFlow,321bf8ad77631f1316903eed289809989da4f972,5c262eae4b9c60d8ab2d70c7d22c57d929e0fad9,9262,https://github.com/tensorflow/tensorflow/issues/9262,https://github.com/tensorflow/tensorflow/tree/321bf8ad77631f1316903eed289809989da4f972,https://github.com/tensorflow/tensorflow/tree/5c262eae4b9c60d8ab2d70c7d22c57d929e0fad9,https://github.com/tensorflow/tensorflow/compare/321bf8ad77631f1316903eed289809989da4f972...5c262eae4b9c60d8ab2d70c7d22c57d929e0fad9
597,TensorFlow,838285bc3efed8a53eb20c0d01d86535151d11a4,8f449ca39776ee4e2fcb2b2304de45843302c7f8,9867,https://github.com/tensorflow/tensorflow/issues/9867,https://github.com/tensorflow/tensorflow/tree/838285bc3efed8a53eb20c0d01d86535151d11a4,https://github.com/tensorflow/tensorflow/tree/8f449ca39776ee4e2fcb2b2304de45843302c7f8,https://github.com/tensorflow/tensorflow/compare/838285bc3efed8a53eb20c0d01d86535151d11a4...8f449ca39776ee4e2fcb2b2304de45843302c7f8
598,TensorFlow,75362ac0ad3325a6e4feea480d29d518acbb3ed0,4164467655bc5c99928e88ba5f4c43dba8fd971d,63052,https://github.com/tensorflow/tensorflow/issues/63052,https://github.com/tensorflow/tensorflow/tree/75362ac0ad3325a6e4feea480d29d518acbb3ed0,https://github.com/tensorflow/tensorflow/tree/4164467655bc5c99928e88ba5f4c43dba8fd971d,https://github.com/tensorflow/tensorflow/compare/75362ac0ad3325a6e4feea480d29d518acbb3ed0...4164467655bc5c99928e88ba5f4c43dba8fd971d
599,TensorFlow,131fb897af3c2c96211dc571d1b923ffbcd60e81,2e0fc8942c653693ab852f120597a7c693162d7f,62951,https://github.com/tensorflow/tensorflow/issues/62951,https://github.com/tensorflow/tensorflow/tree/131fb897af3c2c96211dc571d1b923ffbcd60e81,https://github.com/tensorflow/tensorflow/tree/2e0fc8942c653693ab852f120597a7c693162d7f,https://github.com/tensorflow/tensorflow/compare/131fb897af3c2c96211dc571d1b923ffbcd60e81...2e0fc8942c653693ab852f120597a7c693162d7f
600,TensorFlow,4bfbeff2dca96884d1e877dd15d426ae5bf291ce,7670a94fd4221a3eba434be1e6b11869d8444051,8696,https://github.com/tensorflow/tensorflow/issues/8696,https://github.com/tensorflow/tensorflow/tree/4bfbeff2dca96884d1e877dd15d426ae5bf291ce,https://github.com/tensorflow/tensorflow/tree/7670a94fd4221a3eba434be1e6b11869d8444051,https://github.com/tensorflow/tensorflow/compare/4bfbeff2dca96884d1e877dd15d426ae5bf291ce...7670a94fd4221a3eba434be1e6b11869d8444051
601,TensorFlow,94c60db0a6b6f28f5502d5bdcc3680fac5117d8b,1668cc3c7371287fdd17988eb0e218c8231fc10f,63036,https://github.com/tensorflow/tensorflow/issues/63036,https://github.com/tensorflow/tensorflow/tree/94c60db0a6b6f28f5502d5bdcc3680fac5117d8b,https://github.com/tensorflow/tensorflow/tree/1668cc3c7371287fdd17988eb0e218c8231fc10f,https://github.com/tensorflow/tensorflow/compare/94c60db0a6b6f28f5502d5bdcc3680fac5117d8b...1668cc3c7371287fdd17988eb0e218c8231fc10f
602,TensorFlow,df6896f1159142206bfd663738c76825b662a203,0da14e1673f9912d746f0ad93e77aef441238d69,63037,https://github.com/tensorflow/tensorflow/issues/63037,https://github.com/tensorflow/tensorflow/tree/df6896f1159142206bfd663738c76825b662a203,https://github.com/tensorflow/tensorflow/tree/0da14e1673f9912d746f0ad93e77aef441238d69,https://github.com/tensorflow/tensorflow/compare/df6896f1159142206bfd663738c76825b662a203...0da14e1673f9912d746f0ad93e77aef441238d69
603,TensorFlow,287f719f99efc73bd693a79060ae01276eb3e609,4fc1e94298bda6313488efd19ff03a04855b5056,7025,https://github.com/tensorflow/tensorflow/issues/7025,https://github.com/tensorflow/tensorflow/tree/287f719f99efc73bd693a79060ae01276eb3e609,https://github.com/tensorflow/tensorflow/tree/4fc1e94298bda6313488efd19ff03a04855b5056,https://github.com/tensorflow/tensorflow/compare/287f719f99efc73bd693a79060ae01276eb3e609...4fc1e94298bda6313488efd19ff03a04855b5056
604,TensorFlow,16ad2b8d7cebaf5f90e8897fe5893312c61bef2f,076e3cf4798b95a4bda221d5ab116997757460fc,61939,https://github.com/tensorflow/tensorflow/issues/61939,https://github.com/tensorflow/tensorflow/tree/16ad2b8d7cebaf5f90e8897fe5893312c61bef2f,https://github.com/tensorflow/tensorflow/tree/076e3cf4798b95a4bda221d5ab116997757460fc,https://github.com/tensorflow/tensorflow/compare/16ad2b8d7cebaf5f90e8897fe5893312c61bef2f...076e3cf4798b95a4bda221d5ab116997757460fc
605,TensorFlow,2ca5b3c09701c0982f1bb42c919d44cc1e888412,303b81e91b66b016658f81f033f030e4196f007a,9858,https://github.com/tensorflow/tensorflow/issues/9858,https://github.com/tensorflow/tensorflow/tree/2ca5b3c09701c0982f1bb42c919d44cc1e888412,https://github.com/tensorflow/tensorflow/tree/303b81e91b66b016658f81f033f030e4196f007a,https://github.com/tensorflow/tensorflow/compare/2ca5b3c09701c0982f1bb42c919d44cc1e888412...303b81e91b66b016658f81f033f030e4196f007a
606,TensorFlow,6fd130f8ad839257a274212fbd935b35f2625584,fdf0f5d3e67ccd6064ac09256ab78d7031d2d38d,63076,https://github.com/tensorflow/tensorflow/issues/63076,https://github.com/tensorflow/tensorflow/tree/6fd130f8ad839257a274212fbd935b35f2625584,https://github.com/tensorflow/tensorflow/tree/fdf0f5d3e67ccd6064ac09256ab78d7031d2d38d,https://github.com/tensorflow/tensorflow/compare/6fd130f8ad839257a274212fbd935b35f2625584...fdf0f5d3e67ccd6064ac09256ab78d7031d2d38d
607,TensorFlow,d6e07f73fd9ab617374bec29c10aa576ab3ed05d,f34bf389162d2342dbf0740ff0963a78e5463efb,9125,https://github.com/tensorflow/tensorflow/issues/9125,https://github.com/tensorflow/tensorflow/tree/d6e07f73fd9ab617374bec29c10aa576ab3ed05d,https://github.com/tensorflow/tensorflow/tree/f34bf389162d2342dbf0740ff0963a78e5463efb,https://github.com/tensorflow/tensorflow/compare/d6e07f73fd9ab617374bec29c10aa576ab3ed05d...f34bf389162d2342dbf0740ff0963a78e5463efb
608,TensorFlow,6af713e3fbbd74dee4656b85fa7151fce8c0f952,2b164c8cd6b5ae3dd6c664127ebdf1104836eeda,63068,https://github.com/tensorflow/tensorflow/issues/63068,https://github.com/tensorflow/tensorflow/tree/6af713e3fbbd74dee4656b85fa7151fce8c0f952,https://github.com/tensorflow/tensorflow/tree/2b164c8cd6b5ae3dd6c664127ebdf1104836eeda,https://github.com/tensorflow/tensorflow/compare/6af713e3fbbd74dee4656b85fa7151fce8c0f952...2b164c8cd6b5ae3dd6c664127ebdf1104836eeda
609,TensorFlow,ddfb2f480220958601070807f87613c67c4fd7a4,570e4c20016595b625eaf6aa38d3e246fbfa8519,10222,https://github.com/tensorflow/tensorflow/issues/10222,https://github.com/tensorflow/tensorflow/tree/ddfb2f480220958601070807f87613c67c4fd7a4,https://github.com/tensorflow/tensorflow/tree/570e4c20016595b625eaf6aa38d3e246fbfa8519,https://github.com/tensorflow/tensorflow/compare/ddfb2f480220958601070807f87613c67c4fd7a4...570e4c20016595b625eaf6aa38d3e246fbfa8519
610,TensorFlow,a813e7a7c9fe0e6af2f9d9ffc35136ec1e8ea362,726aede453c497e61ed3336e89be389df3fa6e14,9757,https://github.com/tensorflow/tensorflow/issues/9757,https://github.com/tensorflow/tensorflow/tree/a813e7a7c9fe0e6af2f9d9ffc35136ec1e8ea362,https://github.com/tensorflow/tensorflow/tree/726aede453c497e61ed3336e89be389df3fa6e14,https://github.com/tensorflow/tensorflow/compare/a813e7a7c9fe0e6af2f9d9ffc35136ec1e8ea362...726aede453c497e61ed3336e89be389df3fa6e14
611,TensorFlow,e504c1dc63d60c9ced65a8c0c961e18e1f826c5e,e6c6cc8953db3dafdd70915eb59301dda1bb8b85,9757,https://github.com/tensorflow/tensorflow/issues/9757,https://github.com/tensorflow/tensorflow/tree/e504c1dc63d60c9ced65a8c0c961e18e1f826c5e,https://github.com/tensorflow/tensorflow/tree/e6c6cc8953db3dafdd70915eb59301dda1bb8b85,https://github.com/tensorflow/tensorflow/compare/e504c1dc63d60c9ced65a8c0c961e18e1f826c5e...e6c6cc8953db3dafdd70915eb59301dda1bb8b85
612,TensorFlow,6bbbdbc6215b7347e235007ac24eb955d3d9ae0d,2d515e292d2feed55c1891ba2717ab05b72b0d4b,62984,https://github.com/tensorflow/tensorflow/issues/62984,https://github.com/tensorflow/tensorflow/tree/6bbbdbc6215b7347e235007ac24eb955d3d9ae0d,https://github.com/tensorflow/tensorflow/tree/2d515e292d2feed55c1891ba2717ab05b72b0d4b,https://github.com/tensorflow/tensorflow/compare/6bbbdbc6215b7347e235007ac24eb955d3d9ae0d...2d515e292d2feed55c1891ba2717ab05b72b0d4b
613,TensorFlow,bec5ff9f9056eee8e39309e678e5377c0c737b3a,abad8bc0f35dd5aef44e383008220f7bdbd2336d,62981,https://github.com/tensorflow/tensorflow/issues/62981,https://github.com/tensorflow/tensorflow/tree/bec5ff9f9056eee8e39309e678e5377c0c737b3a,https://github.com/tensorflow/tensorflow/tree/abad8bc0f35dd5aef44e383008220f7bdbd2336d,https://github.com/tensorflow/tensorflow/compare/bec5ff9f9056eee8e39309e678e5377c0c737b3a...abad8bc0f35dd5aef44e383008220f7bdbd2336d
614,TensorFlow,dfc9cf93d08d801de89192ccd7e11d41fd2edef7,3080c2d61d121cc7d13f5a77cd954acfdc71a59f,10350,https://github.com/tensorflow/tensorflow/issues/10350,https://github.com/tensorflow/tensorflow/tree/dfc9cf93d08d801de89192ccd7e11d41fd2edef7,https://github.com/tensorflow/tensorflow/tree/3080c2d61d121cc7d13f5a77cd954acfdc71a59f,https://github.com/tensorflow/tensorflow/compare/dfc9cf93d08d801de89192ccd7e11d41fd2edef7...3080c2d61d121cc7d13f5a77cd954acfdc71a59f
615,TensorFlow,62c970f6581c1eb1b26e5b01df081ddca840b333,73a8d4db003c1b4389c841988814e9972509555b,9757,https://github.com/tensorflow/tensorflow/issues/9757,https://github.com/tensorflow/tensorflow/tree/62c970f6581c1eb1b26e5b01df081ddca840b333,https://github.com/tensorflow/tensorflow/tree/73a8d4db003c1b4389c841988814e9972509555b,https://github.com/tensorflow/tensorflow/compare/62c970f6581c1eb1b26e5b01df081ddca840b333...73a8d4db003c1b4389c841988814e9972509555b
616,TensorFlow,fab75d13e34ea142b03feef32680bc018fa02ff1,92c617f75b8f4028d0c1a8efe6bd38b1a28db3ff,10066,https://github.com/tensorflow/tensorflow/issues/10066,https://github.com/tensorflow/tensorflow/tree/fab75d13e34ea142b03feef32680bc018fa02ff1,https://github.com/tensorflow/tensorflow/tree/92c617f75b8f4028d0c1a8efe6bd38b1a28db3ff,https://github.com/tensorflow/tensorflow/compare/fab75d13e34ea142b03feef32680bc018fa02ff1...92c617f75b8f4028d0c1a8efe6bd38b1a28db3ff
617,TensorFlow,7df34ef023daffefc6f03e1710c204ca5d66a137,a8eb9003c62fded72b878ce9e7c8ef4e869715f4,10730,https://github.com/tensorflow/tensorflow/issues/10730,https://github.com/tensorflow/tensorflow/tree/7df34ef023daffefc6f03e1710c204ca5d66a137,https://github.com/tensorflow/tensorflow/tree/a8eb9003c62fded72b878ce9e7c8ef4e869715f4,https://github.com/tensorflow/tensorflow/compare/7df34ef023daffefc6f03e1710c204ca5d66a137...a8eb9003c62fded72b878ce9e7c8ef4e869715f4
618,TensorFlow,57d59b5d20b893c44e22ad532de5f875e51f2146,0f9e76ff2b868ee9135141d747df4a1672899fe5,10685,https://github.com/tensorflow/tensorflow/issues/10685,https://github.com/tensorflow/tensorflow/tree/57d59b5d20b893c44e22ad532de5f875e51f2146,https://github.com/tensorflow/tensorflow/tree/0f9e76ff2b868ee9135141d747df4a1672899fe5,https://github.com/tensorflow/tensorflow/compare/57d59b5d20b893c44e22ad532de5f875e51f2146...0f9e76ff2b868ee9135141d747df4a1672899fe5
619,TensorFlow,6d4cd94866f4f9e93c4742c22317e6aeefb32322,b2907e161156e026126e332115f99a1960209ac6,10954,https://github.com/tensorflow/tensorflow/issues/10954,https://github.com/tensorflow/tensorflow/tree/6d4cd94866f4f9e93c4742c22317e6aeefb32322,https://github.com/tensorflow/tensorflow/tree/b2907e161156e026126e332115f99a1960209ac6,https://github.com/tensorflow/tensorflow/compare/6d4cd94866f4f9e93c4742c22317e6aeefb32322...b2907e161156e026126e332115f99a1960209ac6
620,TensorFlow,5e27ca300ab463783f491fb3e67d6bfdb4ba9cd2,498618553949d8a5b33f7e7515b9fbd45cffdaaa,10759,https://github.com/tensorflow/tensorflow/issues/10759,https://github.com/tensorflow/tensorflow/tree/5e27ca300ab463783f491fb3e67d6bfdb4ba9cd2,https://github.com/tensorflow/tensorflow/tree/498618553949d8a5b33f7e7515b9fbd45cffdaaa,https://github.com/tensorflow/tensorflow/compare/5e27ca300ab463783f491fb3e67d6bfdb4ba9cd2...498618553949d8a5b33f7e7515b9fbd45cffdaaa
621,TensorFlow,54e3f9063ae016901700c5ad731d3ba3ff38774b,07e29ebc36cb7668a024cb05b8d6547a405762cb,59927,https://github.com/tensorflow/tensorflow/issues/59927,https://github.com/tensorflow/tensorflow/tree/54e3f9063ae016901700c5ad731d3ba3ff38774b,https://github.com/tensorflow/tensorflow/tree/07e29ebc36cb7668a024cb05b8d6547a405762cb,https://github.com/tensorflow/tensorflow/compare/54e3f9063ae016901700c5ad731d3ba3ff38774b...07e29ebc36cb7668a024cb05b8d6547a405762cb
622,TensorFlow,bc7b67907d61beac40f6a3aa8a9b17d5f7b2d8eb,a813e7a7c9fe0e6af2f9d9ffc35136ec1e8ea362,7854,https://github.com/tensorflow/tensorflow/issues/7854,https://github.com/tensorflow/tensorflow/tree/bc7b67907d61beac40f6a3aa8a9b17d5f7b2d8eb,https://github.com/tensorflow/tensorflow/tree/a813e7a7c9fe0e6af2f9d9ffc35136ec1e8ea362,https://github.com/tensorflow/tensorflow/compare/bc7b67907d61beac40f6a3aa8a9b17d5f7b2d8eb...a813e7a7c9fe0e6af2f9d9ffc35136ec1e8ea362
623,TensorFlow,d9a60e96298214241d16486fefd7ed74e7bf8952,aeb5b7fc387bd89b6d128ff0ce78d696595251ca,10519,https://github.com/tensorflow/tensorflow/issues/10519,https://github.com/tensorflow/tensorflow/tree/d9a60e96298214241d16486fefd7ed74e7bf8952,https://github.com/tensorflow/tensorflow/tree/aeb5b7fc387bd89b6d128ff0ce78d696595251ca,https://github.com/tensorflow/tensorflow/compare/d9a60e96298214241d16486fefd7ed74e7bf8952...aeb5b7fc387bd89b6d128ff0ce78d696595251ca
624,TensorFlow,11d3ca098f095c59db181ea8edf82545b6bd3398,0a01354111739a6b3e450aca8c67e4b65d748734,10747,https://github.com/tensorflow/tensorflow/issues/10747,https://github.com/tensorflow/tensorflow/tree/11d3ca098f095c59db181ea8edf82545b6bd3398,https://github.com/tensorflow/tensorflow/tree/0a01354111739a6b3e450aca8c67e4b65d748734,https://github.com/tensorflow/tensorflow/compare/11d3ca098f095c59db181ea8edf82545b6bd3398...0a01354111739a6b3e450aca8c67e4b65d748734
625,TensorFlow,6a135372813325eb14a33e865a7ee1ed6f95739b,378b7f1fc2c223c439b3a4529e62e92369f5d5cb,11182,https://github.com/tensorflow/tensorflow/issues/11182,https://github.com/tensorflow/tensorflow/tree/6a135372813325eb14a33e865a7ee1ed6f95739b,https://github.com/tensorflow/tensorflow/tree/378b7f1fc2c223c439b3a4529e62e92369f5d5cb,https://github.com/tensorflow/tensorflow/compare/6a135372813325eb14a33e865a7ee1ed6f95739b...378b7f1fc2c223c439b3a4529e62e92369f5d5cb
626,TensorFlow,e9297bec1831b11d882dca62180fd11f0988bff0,08e5f22cfc92b4e7a2a36c3cbf3bafd1a1ab1460,11398,https://github.com/tensorflow/tensorflow/issues/11398,https://github.com/tensorflow/tensorflow/tree/e9297bec1831b11d882dca62180fd11f0988bff0,https://github.com/tensorflow/tensorflow/tree/08e5f22cfc92b4e7a2a36c3cbf3bafd1a1ab1460,https://github.com/tensorflow/tensorflow/compare/e9297bec1831b11d882dca62180fd11f0988bff0...08e5f22cfc92b4e7a2a36c3cbf3bafd1a1ab1460
627,TensorFlow,dd491d46f1737d41774e6efeabf694ef59845126,61ce288ee5f6ae20d66a870d35e0bc856d1e4881,11721,https://github.com/tensorflow/tensorflow/issues/11721,https://github.com/tensorflow/tensorflow/tree/dd491d46f1737d41774e6efeabf694ef59845126,https://github.com/tensorflow/tensorflow/tree/61ce288ee5f6ae20d66a870d35e0bc856d1e4881,https://github.com/tensorflow/tensorflow/compare/dd491d46f1737d41774e6efeabf694ef59845126...61ce288ee5f6ae20d66a870d35e0bc856d1e4881
628,TensorFlow,d22e7256d33fcdc99702be68863dd36cc27a5973,de4c7c0280b4e2005dca6b73d3c4466d75a45a9c,11651,https://github.com/tensorflow/tensorflow/issues/11651,https://github.com/tensorflow/tensorflow/tree/d22e7256d33fcdc99702be68863dd36cc27a5973,https://github.com/tensorflow/tensorflow/tree/de4c7c0280b4e2005dca6b73d3c4466d75a45a9c,https://github.com/tensorflow/tensorflow/compare/d22e7256d33fcdc99702be68863dd36cc27a5973...de4c7c0280b4e2005dca6b73d3c4466d75a45a9c
629,TensorFlow,1689e672d8ef2f4bef0aa22aa3655ddb2fcd6f03,2051dddcb2534110608f072db03065f6719f8cf1,11912,https://github.com/tensorflow/tensorflow/issues/11912,https://github.com/tensorflow/tensorflow/tree/1689e672d8ef2f4bef0aa22aa3655ddb2fcd6f03,https://github.com/tensorflow/tensorflow/tree/2051dddcb2534110608f072db03065f6719f8cf1,https://github.com/tensorflow/tensorflow/compare/1689e672d8ef2f4bef0aa22aa3655ddb2fcd6f03...2051dddcb2534110608f072db03065f6719f8cf1
630,TensorFlow,ab812f93f448455624dfa02bc99bd742d62752bf,1e0c4e8af695a564312a596216fb8f746dfb32ae,11967,https://github.com/tensorflow/tensorflow/issues/11967,https://github.com/tensorflow/tensorflow/tree/ab812f93f448455624dfa02bc99bd742d62752bf,https://github.com/tensorflow/tensorflow/tree/1e0c4e8af695a564312a596216fb8f746dfb32ae,https://github.com/tensorflow/tensorflow/compare/ab812f93f448455624dfa02bc99bd742d62752bf...1e0c4e8af695a564312a596216fb8f746dfb32ae
631,TensorFlow,e8b4bfbeae5238030318aa166e9b30285ae87f7d,5afa4a8414405ebacd0de5d5a4977106bd504d5a,12912,https://github.com/tensorflow/tensorflow/issues/12912,https://github.com/tensorflow/tensorflow/tree/e8b4bfbeae5238030318aa166e9b30285ae87f7d,https://github.com/tensorflow/tensorflow/tree/5afa4a8414405ebacd0de5d5a4977106bd504d5a,https://github.com/tensorflow/tensorflow/compare/e8b4bfbeae5238030318aa166e9b30285ae87f7d...5afa4a8414405ebacd0de5d5a4977106bd504d5a
632,TensorFlow,6607b1f2e6d2aa9b06669bf8a69b9f628212e6c6,86ea1d18bf750ba46c3998422b84eb2c6c3cd306,65865,https://github.com/tensorflow/tensorflow/issues/65865,https://github.com/tensorflow/tensorflow/tree/6607b1f2e6d2aa9b06669bf8a69b9f628212e6c6,https://github.com/tensorflow/tensorflow/tree/86ea1d18bf750ba46c3998422b84eb2c6c3cd306,https://github.com/tensorflow/tensorflow/compare/6607b1f2e6d2aa9b06669bf8a69b9f628212e6c6...86ea1d18bf750ba46c3998422b84eb2c6c3cd306
633,TensorFlow,7b077cd4a83bcf3e296796bc7a32ff9e68a10fa2,04b2a511d2c787b50c0e49412f41ec93c09794b2,13244,https://github.com/tensorflow/tensorflow/issues/13244,https://github.com/tensorflow/tensorflow/tree/7b077cd4a83bcf3e296796bc7a32ff9e68a10fa2,https://github.com/tensorflow/tensorflow/tree/04b2a511d2c787b50c0e49412f41ec93c09794b2,https://github.com/tensorflow/tensorflow/compare/7b077cd4a83bcf3e296796bc7a32ff9e68a10fa2...04b2a511d2c787b50c0e49412f41ec93c09794b2
634,TensorFlow,e3f99f4f953f870a4695718b280fdf232088288b,382d00d7b4e250586c617f0c0b59644867c4e149,12436,https://github.com/tensorflow/tensorflow/issues/12436,https://github.com/tensorflow/tensorflow/tree/e3f99f4f953f870a4695718b280fdf232088288b,https://github.com/tensorflow/tensorflow/tree/382d00d7b4e250586c617f0c0b59644867c4e149,https://github.com/tensorflow/tensorflow/compare/e3f99f4f953f870a4695718b280fdf232088288b...382d00d7b4e250586c617f0c0b59644867c4e149
635,TensorFlow,d3e9dd9fa02aa288c19b2c1547a522eab4e344d1,61163051af7315f10c18d4fd99d7a6f40d8cd766,64023,https://github.com/tensorflow/tensorflow/issues/64023,https://github.com/tensorflow/tensorflow/tree/d3e9dd9fa02aa288c19b2c1547a522eab4e344d1,https://github.com/tensorflow/tensorflow/tree/61163051af7315f10c18d4fd99d7a6f40d8cd766,https://github.com/tensorflow/tensorflow/compare/d3e9dd9fa02aa288c19b2c1547a522eab4e344d1...61163051af7315f10c18d4fd99d7a6f40d8cd766
636,TensorFlow,4ac4d15665a9ab4203d360f983d58e0bd2033261,ef0d2e5106655effae81106b1e5a5a1f43541395,10638,https://github.com/tensorflow/tensorflow/issues/10638,https://github.com/tensorflow/tensorflow/tree/4ac4d15665a9ab4203d360f983d58e0bd2033261,https://github.com/tensorflow/tensorflow/tree/ef0d2e5106655effae81106b1e5a5a1f43541395,https://github.com/tensorflow/tensorflow/compare/4ac4d15665a9ab4203d360f983d58e0bd2033261...ef0d2e5106655effae81106b1e5a5a1f43541395
637,TensorFlow,a632c89dd7789b62aa69ada8f1bb689fc44cbb8d,5e92f258fab998f9e1d00f1f6dcad242b6178264,21637,https://github.com/tensorflow/tensorflow/issues/21637,https://github.com/tensorflow/tensorflow/tree/a632c89dd7789b62aa69ada8f1bb689fc44cbb8d,https://github.com/tensorflow/tensorflow/tree/5e92f258fab998f9e1d00f1f6dcad242b6178264,https://github.com/tensorflow/tensorflow/compare/a632c89dd7789b62aa69ada8f1bb689fc44cbb8d...5e92f258fab998f9e1d00f1f6dcad242b6178264
638,TensorFlow,306833457d32dd27a198ec8f6839b4966f941d4d,24a9d7b038fa4e87c8d5960ebadd204356243ece,12940,https://github.com/tensorflow/tensorflow/issues/12940,https://github.com/tensorflow/tensorflow/tree/306833457d32dd27a198ec8f6839b4966f941d4d,https://github.com/tensorflow/tensorflow/tree/24a9d7b038fa4e87c8d5960ebadd204356243ece,https://github.com/tensorflow/tensorflow/compare/306833457d32dd27a198ec8f6839b4966f941d4d...24a9d7b038fa4e87c8d5960ebadd204356243ece
639,TensorFlow,841fecad98ff3d8f4c1ff2b68bfe2a9f6e76056f,bea53c9ad42dd5150ef9954c4aefc4bc2fd90de4,10301,https://github.com/tensorflow/tensorflow/issues/10301,https://github.com/tensorflow/tensorflow/tree/841fecad98ff3d8f4c1ff2b68bfe2a9f6e76056f,https://github.com/tensorflow/tensorflow/tree/bea53c9ad42dd5150ef9954c4aefc4bc2fd90de4,https://github.com/tensorflow/tensorflow/compare/841fecad98ff3d8f4c1ff2b68bfe2a9f6e76056f...bea53c9ad42dd5150ef9954c4aefc4bc2fd90de4
640,TensorFlow,5d4f72a81fa58208082e56b9d0a11acc271b8d44,399148a6dd305f049c86496d751ee1a4f8272313,13254,https://github.com/tensorflow/tensorflow/issues/13254,https://github.com/tensorflow/tensorflow/tree/5d4f72a81fa58208082e56b9d0a11acc271b8d44,https://github.com/tensorflow/tensorflow/tree/399148a6dd305f049c86496d751ee1a4f8272313,https://github.com/tensorflow/tensorflow/compare/5d4f72a81fa58208082e56b9d0a11acc271b8d44...399148a6dd305f049c86496d751ee1a4f8272313
641,TensorFlow,258b6d8ea119f3344322ca1ff4b5d6a107ab2d5c,12ccaf3b2d5ee98aeb454d995fc41e2c18379b92,13258,https://github.com/tensorflow/tensorflow/issues/13258,https://github.com/tensorflow/tensorflow/tree/258b6d8ea119f3344322ca1ff4b5d6a107ab2d5c,https://github.com/tensorflow/tensorflow/tree/12ccaf3b2d5ee98aeb454d995fc41e2c18379b92,https://github.com/tensorflow/tensorflow/compare/258b6d8ea119f3344322ca1ff4b5d6a107ab2d5c...12ccaf3b2d5ee98aeb454d995fc41e2c18379b92
642,TensorFlow,9ec6201b4fc4a936210346b8c7b3f631117e4fbf,67dc709e2e8443730714906a715a43cb54294ac8,13190,https://github.com/tensorflow/tensorflow/issues/13190,https://github.com/tensorflow/tensorflow/tree/9ec6201b4fc4a936210346b8c7b3f631117e4fbf,https://github.com/tensorflow/tensorflow/tree/67dc709e2e8443730714906a715a43cb54294ac8,https://github.com/tensorflow/tensorflow/compare/9ec6201b4fc4a936210346b8c7b3f631117e4fbf...67dc709e2e8443730714906a715a43cb54294ac8
643,TensorFlow,4bef4df5d12fa970792c3b57da4dc70ca8ebe841,77d4e9b5f5ead9850d03706ebd31e68dd722ad2e,13289,https://github.com/tensorflow/tensorflow/issues/13289,https://github.com/tensorflow/tensorflow/tree/4bef4df5d12fa970792c3b57da4dc70ca8ebe841,https://github.com/tensorflow/tensorflow/tree/77d4e9b5f5ead9850d03706ebd31e68dd722ad2e,https://github.com/tensorflow/tensorflow/compare/4bef4df5d12fa970792c3b57da4dc70ca8ebe841...77d4e9b5f5ead9850d03706ebd31e68dd722ad2e
644,TensorFlow,2cf3838c6fae8be097eb091d9eeac7b9594a9ed2,cb2149dcb468e8cf7b067a30f503e79ae123694d,14359,https://github.com/tensorflow/tensorflow/issues/14359,https://github.com/tensorflow/tensorflow/tree/2cf3838c6fae8be097eb091d9eeac7b9594a9ed2,https://github.com/tensorflow/tensorflow/tree/cb2149dcb468e8cf7b067a30f503e79ae123694d,https://github.com/tensorflow/tensorflow/compare/2cf3838c6fae8be097eb091d9eeac7b9594a9ed2...cb2149dcb468e8cf7b067a30f503e79ae123694d
645,TensorFlow,d14466762bca303b1b17839347a9696ed5635f2d,12a2888651319e4b4ecef01671c2443030066ef3,15747,https://github.com/tensorflow/tensorflow/issues/15747,https://github.com/tensorflow/tensorflow/tree/d14466762bca303b1b17839347a9696ed5635f2d,https://github.com/tensorflow/tensorflow/tree/12a2888651319e4b4ecef01671c2443030066ef3,https://github.com/tensorflow/tensorflow/compare/d14466762bca303b1b17839347a9696ed5635f2d...12a2888651319e4b4ecef01671c2443030066ef3
646,TensorFlow,08105b3aae5f340ba8e2a6c64842ae17ba90a694,b15880fc283ad8cb2cd22afb01e3111f458e4ed5,8589,https://github.com/tensorflow/tensorflow/issues/8589,https://github.com/tensorflow/tensorflow/tree/08105b3aae5f340ba8e2a6c64842ae17ba90a694,https://github.com/tensorflow/tensorflow/tree/b15880fc283ad8cb2cd22afb01e3111f458e4ed5,https://github.com/tensorflow/tensorflow/compare/08105b3aae5f340ba8e2a6c64842ae17ba90a694...b15880fc283ad8cb2cd22afb01e3111f458e4ed5
647,TensorFlow,765ebd158c61c840d7b573120abf558a2448ffc1,1cbb8d8d76e4af8beff67f14de8ae9561339a0b1,14177,https://github.com/tensorflow/tensorflow/issues/14177,https://github.com/tensorflow/tensorflow/tree/765ebd158c61c840d7b573120abf558a2448ffc1,https://github.com/tensorflow/tensorflow/tree/1cbb8d8d76e4af8beff67f14de8ae9561339a0b1,https://github.com/tensorflow/tensorflow/compare/765ebd158c61c840d7b573120abf558a2448ffc1...1cbb8d8d76e4af8beff67f14de8ae9561339a0b1
648,TensorFlow,31fe645ea580d5cc83f781ba9c64df902758dfee,4ba1fd687add06c5630d182781a5b4045318e666,16152,https://github.com/tensorflow/tensorflow/issues/16152,https://github.com/tensorflow/tensorflow/tree/31fe645ea580d5cc83f781ba9c64df902758dfee,https://github.com/tensorflow/tensorflow/tree/4ba1fd687add06c5630d182781a5b4045318e666,https://github.com/tensorflow/tensorflow/compare/31fe645ea580d5cc83f781ba9c64df902758dfee...4ba1fd687add06c5630d182781a5b4045318e666
649,TensorFlow,16c73b8419f22f4843d9fa21b670338245359aeb,7856f98431e37dfe02e2ef2009f0df99f72d748a,16358,https://github.com/tensorflow/tensorflow/issues/16358,https://github.com/tensorflow/tensorflow/tree/16c73b8419f22f4843d9fa21b670338245359aeb,https://github.com/tensorflow/tensorflow/tree/7856f98431e37dfe02e2ef2009f0df99f72d748a,https://github.com/tensorflow/tensorflow/compare/16c73b8419f22f4843d9fa21b670338245359aeb...7856f98431e37dfe02e2ef2009f0df99f72d748a
650,TensorFlow,b9bf806a8b752628d34ecf5aeb344352c851f183,03816bce65879c7921578ed6aaf39280897257a4,13869,https://github.com/tensorflow/tensorflow/issues/13869,https://github.com/tensorflow/tensorflow/tree/b9bf806a8b752628d34ecf5aeb344352c851f183,https://github.com/tensorflow/tensorflow/tree/03816bce65879c7921578ed6aaf39280897257a4,https://github.com/tensorflow/tensorflow/compare/b9bf806a8b752628d34ecf5aeb344352c851f183...03816bce65879c7921578ed6aaf39280897257a4
651,TensorFlow,58dc89eb749220752e8a6cfb970e5bcd1552d05c,23bbbd0ec40105f2d72d69c6793d816e8817f7d7,77168,https://github.com/tensorflow/tensorflow/issues/77168,https://github.com/tensorflow/tensorflow/tree/58dc89eb749220752e8a6cfb970e5bcd1552d05c,https://github.com/tensorflow/tensorflow/tree/23bbbd0ec40105f2d72d69c6793d816e8817f7d7,https://github.com/tensorflow/tensorflow/compare/58dc89eb749220752e8a6cfb970e5bcd1552d05c...23bbbd0ec40105f2d72d69c6793d816e8817f7d7
652,TensorFlow,701edc872f622506d09c1952737a98f392d0c784,eb4d79df817e98c94a8b615565073d3868642885,17631,https://github.com/tensorflow/tensorflow/issues/17631,https://github.com/tensorflow/tensorflow/tree/701edc872f622506d09c1952737a98f392d0c784,https://github.com/tensorflow/tensorflow/tree/eb4d79df817e98c94a8b615565073d3868642885,https://github.com/tensorflow/tensorflow/compare/701edc872f622506d09c1952737a98f392d0c784...eb4d79df817e98c94a8b615565073d3868642885
653,TensorFlow,b9f49aa8246947707f461ae11ec391933c2580dd,733d71db8844a1701d133b09e6d9b62638db017f,19528,https://github.com/tensorflow/tensorflow/issues/19528,https://github.com/tensorflow/tensorflow/tree/b9f49aa8246947707f461ae11ec391933c2580dd,https://github.com/tensorflow/tensorflow/tree/733d71db8844a1701d133b09e6d9b62638db017f,https://github.com/tensorflow/tensorflow/compare/b9f49aa8246947707f461ae11ec391933c2580dd...733d71db8844a1701d133b09e6d9b62638db017f
654,TensorFlow,59e9eee90643146c3604db3d55de6f5294f5279c,429ad16fa12d1e15da21877e85b63980943c34ff,20334,https://github.com/tensorflow/tensorflow/issues/20334,https://github.com/tensorflow/tensorflow/tree/59e9eee90643146c3604db3d55de6f5294f5279c,https://github.com/tensorflow/tensorflow/tree/429ad16fa12d1e15da21877e85b63980943c34ff,https://github.com/tensorflow/tensorflow/compare/59e9eee90643146c3604db3d55de6f5294f5279c...429ad16fa12d1e15da21877e85b63980943c34ff
655,TensorFlow,ad0d77de8926f0fce3c75cfaed0a1b7230631795,5bb9ea886959546501803207d8798f82aa06544d,17130,https://github.com/tensorflow/tensorflow/issues/17130,https://github.com/tensorflow/tensorflow/tree/ad0d77de8926f0fce3c75cfaed0a1b7230631795,https://github.com/tensorflow/tensorflow/tree/5bb9ea886959546501803207d8798f82aa06544d,https://github.com/tensorflow/tensorflow/compare/ad0d77de8926f0fce3c75cfaed0a1b7230631795...5bb9ea886959546501803207d8798f82aa06544d
656,TensorFlow,82263a468ee98d398075990c43253de7b8388682,dfff8e8d946484408c7668d41539e49ea82ac463,17383,https://github.com/tensorflow/tensorflow/issues/17383,https://github.com/tensorflow/tensorflow/tree/82263a468ee98d398075990c43253de7b8388682,https://github.com/tensorflow/tensorflow/tree/dfff8e8d946484408c7668d41539e49ea82ac463,https://github.com/tensorflow/tensorflow/compare/82263a468ee98d398075990c43253de7b8388682...dfff8e8d946484408c7668d41539e49ea82ac463
657,TensorFlow,841fb442a023cf89154ad4824c198c0f6a43545f,a106f550645458c7e6d43c43387d16aa6017c06b,21549,https://github.com/tensorflow/tensorflow/issues/21549,https://github.com/tensorflow/tensorflow/tree/841fb442a023cf89154ad4824c198c0f6a43545f,https://github.com/tensorflow/tensorflow/tree/a106f550645458c7e6d43c43387d16aa6017c06b,https://github.com/tensorflow/tensorflow/compare/841fb442a023cf89154ad4824c198c0f6a43545f...a106f550645458c7e6d43c43387d16aa6017c06b
658,TensorFlow,07a69f256be7b5b53c6771b0e90af8f1527bdbe4,7f4b5452d790385e1f26755fa4311e2eccea2ee4,22723,https://github.com/tensorflow/tensorflow/issues/22723,https://github.com/tensorflow/tensorflow/tree/07a69f256be7b5b53c6771b0e90af8f1527bdbe4,https://github.com/tensorflow/tensorflow/tree/7f4b5452d790385e1f26755fa4311e2eccea2ee4,https://github.com/tensorflow/tensorflow/compare/07a69f256be7b5b53c6771b0e90af8f1527bdbe4...7f4b5452d790385e1f26755fa4311e2eccea2ee4
659,TensorFlow,1c1c142f9e572d97f4e8c03ec4f23eaf6f0edcf1,e67b710c522d02b6f09bff59a6ec2be35c612d0d,19026,https://github.com/tensorflow/tensorflow/issues/19026,https://github.com/tensorflow/tensorflow/tree/1c1c142f9e572d97f4e8c03ec4f23eaf6f0edcf1,https://github.com/tensorflow/tensorflow/tree/e67b710c522d02b6f09bff59a6ec2be35c612d0d,https://github.com/tensorflow/tensorflow/compare/1c1c142f9e572d97f4e8c03ec4f23eaf6f0edcf1...e67b710c522d02b6f09bff59a6ec2be35c612d0d
660,TensorFlow,10edac8c0341dd1d818ec22b36fa0bb126f72ab3,bc4dc260e23d2e54162ba8f1314c422fb5001496,18139,https://github.com/tensorflow/tensorflow/issues/18139,https://github.com/tensorflow/tensorflow/tree/10edac8c0341dd1d818ec22b36fa0bb126f72ab3,https://github.com/tensorflow/tensorflow/tree/bc4dc260e23d2e54162ba8f1314c422fb5001496,https://github.com/tensorflow/tensorflow/compare/10edac8c0341dd1d818ec22b36fa0bb126f72ab3...bc4dc260e23d2e54162ba8f1314c422fb5001496
661,TensorFlow,a8942639c76aacd9bb670984992066291c185ff0,ce5697ad0156680ec43f28401987192eed0de873,23061,https://github.com/tensorflow/tensorflow/issues/23061,https://github.com/tensorflow/tensorflow/tree/a8942639c76aacd9bb670984992066291c185ff0,https://github.com/tensorflow/tensorflow/tree/ce5697ad0156680ec43f28401987192eed0de873,https://github.com/tensorflow/tensorflow/compare/a8942639c76aacd9bb670984992066291c185ff0...ce5697ad0156680ec43f28401987192eed0de873
662,TensorFlow,6274a47f917484d652b7cf9c395c6644facc8b3d,f6c3c55016ae70c6eb8ba96af4cfe2a2c283ffe7,28161,https://github.com/tensorflow/tensorflow/issues/28161,https://github.com/tensorflow/tensorflow/tree/6274a47f917484d652b7cf9c395c6644facc8b3d,https://github.com/tensorflow/tensorflow/tree/f6c3c55016ae70c6eb8ba96af4cfe2a2c283ffe7,https://github.com/tensorflow/tensorflow/compare/6274a47f917484d652b7cf9c395c6644facc8b3d...f6c3c55016ae70c6eb8ba96af4cfe2a2c283ffe7
663,TensorFlow,565ede8006d1cae2b438fcfd2f305f4b047461c9,1f55efc6e36d6f9ebd8f9205e1655906fefde42a,28225,https://github.com/tensorflow/tensorflow/issues/28225,https://github.com/tensorflow/tensorflow/tree/565ede8006d1cae2b438fcfd2f305f4b047461c9,https://github.com/tensorflow/tensorflow/tree/1f55efc6e36d6f9ebd8f9205e1655906fefde42a,https://github.com/tensorflow/tensorflow/compare/565ede8006d1cae2b438fcfd2f305f4b047461c9...1f55efc6e36d6f9ebd8f9205e1655906fefde42a
664,TensorFlow,2998e2fc373f88f82717324e679a259dfd262f50,0c8df04a7f64c68db2293832fd2c059c4def961d,2910,https://github.com/tensorflow/tensorflow/issues/2910,https://github.com/tensorflow/tensorflow/tree/2998e2fc373f88f82717324e679a259dfd262f50,https://github.com/tensorflow/tensorflow/tree/0c8df04a7f64c68db2293832fd2c059c4def961d,https://github.com/tensorflow/tensorflow/compare/2998e2fc373f88f82717324e679a259dfd262f50...0c8df04a7f64c68db2293832fd2c059c4def961d
665,TensorFlow,a1ad6209f2636c2eae2ea5211ffc0d375d9ca495,af09af871b7326833d0e35c9516379e3165c7735,28053,https://github.com/tensorflow/tensorflow/issues/28053,https://github.com/tensorflow/tensorflow/tree/a1ad6209f2636c2eae2ea5211ffc0d375d9ca495,https://github.com/tensorflow/tensorflow/tree/af09af871b7326833d0e35c9516379e3165c7735,https://github.com/tensorflow/tensorflow/compare/a1ad6209f2636c2eae2ea5211ffc0d375d9ca495...af09af871b7326833d0e35c9516379e3165c7735
666,TensorFlow,01bfa9ff78dd2e15c39360dd6265fee0822af9f7,395b1d60e1699513fbd92131b6f6cd1aed8bc532,28394,https://github.com/tensorflow/tensorflow/issues/28394,https://github.com/tensorflow/tensorflow/tree/01bfa9ff78dd2e15c39360dd6265fee0822af9f7,https://github.com/tensorflow/tensorflow/tree/395b1d60e1699513fbd92131b6f6cd1aed8bc532,https://github.com/tensorflow/tensorflow/compare/01bfa9ff78dd2e15c39360dd6265fee0822af9f7...395b1d60e1699513fbd92131b6f6cd1aed8bc532
667,TensorFlow,da97a6ed55b39ba67662055257473c54e3f4850e,15f9d089cdcd18d6aec453aeea73f2191838ab8b,24095,https://github.com/tensorflow/tensorflow/issues/24095,https://github.com/tensorflow/tensorflow/tree/da97a6ed55b39ba67662055257473c54e3f4850e,https://github.com/tensorflow/tensorflow/tree/15f9d089cdcd18d6aec453aeea73f2191838ab8b,https://github.com/tensorflow/tensorflow/compare/da97a6ed55b39ba67662055257473c54e3f4850e...15f9d089cdcd18d6aec453aeea73f2191838ab8b
668,TensorFlow,acf3592ab36ed8e21f399b26b683ceac7c04a4de,7ea52be53e83e727f489d809547141ae562d97d5,32454,https://github.com/tensorflow/tensorflow/issues/32454,https://github.com/tensorflow/tensorflow/tree/acf3592ab36ed8e21f399b26b683ceac7c04a4de,https://github.com/tensorflow/tensorflow/tree/7ea52be53e83e727f489d809547141ae562d97d5,https://github.com/tensorflow/tensorflow/compare/acf3592ab36ed8e21f399b26b683ceac7c04a4de...7ea52be53e83e727f489d809547141ae562d97d5
669,TensorFlow,a3e9afb2e8fdda3491c243ea949fb49ac8e4ec5d,d39d15f929a02bb87a3f8726004a3ee42fab68be,32357,https://github.com/tensorflow/tensorflow/issues/32357,https://github.com/tensorflow/tensorflow/tree/a3e9afb2e8fdda3491c243ea949fb49ac8e4ec5d,https://github.com/tensorflow/tensorflow/tree/d39d15f929a02bb87a3f8726004a3ee42fab68be,https://github.com/tensorflow/tensorflow/compare/a3e9afb2e8fdda3491c243ea949fb49ac8e4ec5d...d39d15f929a02bb87a3f8726004a3ee42fab68be
670,TensorFlow,2abafe5c4d3304625673e7f74f19ce0e031d2693,a1dab2b0e4417ceea692cdcc8368772126c487ef,102475,https://github.com/tensorflow/tensorflow/issues/102475,https://github.com/tensorflow/tensorflow/tree/2abafe5c4d3304625673e7f74f19ce0e031d2693,https://github.com/tensorflow/tensorflow/tree/a1dab2b0e4417ceea692cdcc8368772126c487ef,https://github.com/tensorflow/tensorflow/compare/2abafe5c4d3304625673e7f74f19ce0e031d2693...a1dab2b0e4417ceea692cdcc8368772126c487ef
671,TensorFlow,d4c168b03067c0a67928f95a96f08b2e880240ee,b27fc96ea6560d0bd098267974d21a76fde4dc27,32488,https://github.com/tensorflow/tensorflow/issues/32488,https://github.com/tensorflow/tensorflow/tree/d4c168b03067c0a67928f95a96f08b2e880240ee,https://github.com/tensorflow/tensorflow/tree/b27fc96ea6560d0bd098267974d21a76fde4dc27,https://github.com/tensorflow/tensorflow/compare/d4c168b03067c0a67928f95a96f08b2e880240ee...b27fc96ea6560d0bd098267974d21a76fde4dc27
672,TensorFlow,12c5b645d8d3721b4827da1819e4103e0911080e,499c00e520cdbbbdb22fb07261a5cfb6cc190009,31795,https://github.com/tensorflow/tensorflow/issues/31795,https://github.com/tensorflow/tensorflow/tree/12c5b645d8d3721b4827da1819e4103e0911080e,https://github.com/tensorflow/tensorflow/tree/499c00e520cdbbbdb22fb07261a5cfb6cc190009,https://github.com/tensorflow/tensorflow/compare/12c5b645d8d3721b4827da1819e4103e0911080e...499c00e520cdbbbdb22fb07261a5cfb6cc190009
673,TensorFlow,850cea882a2dc719f9f3edda317436ccf9106a11,09ddac5fdffaf417ef67d0cd078d5b0f38e24bad,32187,https://github.com/tensorflow/tensorflow/issues/32187,https://github.com/tensorflow/tensorflow/tree/850cea882a2dc719f9f3edda317436ccf9106a11,https://github.com/tensorflow/tensorflow/tree/09ddac5fdffaf417ef67d0cd078d5b0f38e24bad,https://github.com/tensorflow/tensorflow/compare/850cea882a2dc719f9f3edda317436ccf9106a11...09ddac5fdffaf417ef67d0cd078d5b0f38e24bad
674,TensorFlow,c0d9a60f8310b32b2f7b6d62e2de7c3ce8098214,241cd1c1412fe400dcbe1581426873a4c8bfd58c,99164,https://github.com/tensorflow/tensorflow/issues/99164,https://github.com/tensorflow/tensorflow/tree/c0d9a60f8310b32b2f7b6d62e2de7c3ce8098214,https://github.com/tensorflow/tensorflow/tree/241cd1c1412fe400dcbe1581426873a4c8bfd58c,https://github.com/tensorflow/tensorflow/compare/c0d9a60f8310b32b2f7b6d62e2de7c3ce8098214...241cd1c1412fe400dcbe1581426873a4c8bfd58c
675,TensorFlow,7a107e35718ede5722604b3c282b8416b684f71c,47cd01d4a5a0922daa74fc98071810d4d7777efc,32960,https://github.com/tensorflow/tensorflow/issues/32960,https://github.com/tensorflow/tensorflow/tree/7a107e35718ede5722604b3c282b8416b684f71c,https://github.com/tensorflow/tensorflow/tree/47cd01d4a5a0922daa74fc98071810d4d7777efc,https://github.com/tensorflow/tensorflow/compare/7a107e35718ede5722604b3c282b8416b684f71c...47cd01d4a5a0922daa74fc98071810d4d7777efc
676,TensorFlow,95d3b6fe36429a116ecc287e8ed513c1037f2a1b,75fa34bbde6f4b82eea07e5c336a06eed446f63e,32231,https://github.com/tensorflow/tensorflow/issues/32231,https://github.com/tensorflow/tensorflow/tree/95d3b6fe36429a116ecc287e8ed513c1037f2a1b,https://github.com/tensorflow/tensorflow/tree/75fa34bbde6f4b82eea07e5c336a06eed446f63e,https://github.com/tensorflow/tensorflow/compare/95d3b6fe36429a116ecc287e8ed513c1037f2a1b...75fa34bbde6f4b82eea07e5c336a06eed446f63e
677,TensorFlow,c2dc0eef19e82b78d1894fc28a5296517bacb080,1144cc69a2b8caa8f2a5f99cd29cc22882fc73ff,26196,https://github.com/tensorflow/tensorflow/issues/26196,https://github.com/tensorflow/tensorflow/tree/c2dc0eef19e82b78d1894fc28a5296517bacb080,https://github.com/tensorflow/tensorflow/tree/1144cc69a2b8caa8f2a5f99cd29cc22882fc73ff,https://github.com/tensorflow/tensorflow/compare/c2dc0eef19e82b78d1894fc28a5296517bacb080...1144cc69a2b8caa8f2a5f99cd29cc22882fc73ff
678,TensorFlow,26eb24445c7ab6ca5ba397246f222c2671156d2a,173d71aa5dd26095c7a5516d33734dbc29fde9eb,34250,https://github.com/tensorflow/tensorflow/issues/34250,https://github.com/tensorflow/tensorflow/tree/26eb24445c7ab6ca5ba397246f222c2671156d2a,https://github.com/tensorflow/tensorflow/tree/173d71aa5dd26095c7a5516d33734dbc29fde9eb,https://github.com/tensorflow/tensorflow/compare/26eb24445c7ab6ca5ba397246f222c2671156d2a...173d71aa5dd26095c7a5516d33734dbc29fde9eb
679,TensorFlow,c4fe87f80f26de5b6c9b959229d1a0a686f8802b,98a7e7342715ef7412fe4733ed9f034ecba62a05,26196,https://github.com/tensorflow/tensorflow/issues/26196,https://github.com/tensorflow/tensorflow/tree/c4fe87f80f26de5b6c9b959229d1a0a686f8802b,https://github.com/tensorflow/tensorflow/tree/98a7e7342715ef7412fe4733ed9f034ecba62a05,https://github.com/tensorflow/tensorflow/compare/c4fe87f80f26de5b6c9b959229d1a0a686f8802b...98a7e7342715ef7412fe4733ed9f034ecba62a05
680,TensorFlow,b29ba0638e3d994956981379630a9a88e423ff36,f53e5493031c29ec2da271ba39aedca182ecfecc,35011,https://github.com/tensorflow/tensorflow/issues/35011,https://github.com/tensorflow/tensorflow/tree/b29ba0638e3d994956981379630a9a88e423ff36,https://github.com/tensorflow/tensorflow/tree/f53e5493031c29ec2da271ba39aedca182ecfecc,https://github.com/tensorflow/tensorflow/compare/b29ba0638e3d994956981379630a9a88e423ff36...f53e5493031c29ec2da271ba39aedca182ecfecc
681,TensorFlow,f7ad33daa3e504b2583c2465d219bb35cdc9479b,9877ebd150c840dda9de91b2c1341a63bf7c8fe7,35982,https://github.com/tensorflow/tensorflow/issues/35982,https://github.com/tensorflow/tensorflow/tree/f7ad33daa3e504b2583c2465d219bb35cdc9479b,https://github.com/tensorflow/tensorflow/tree/9877ebd150c840dda9de91b2c1341a63bf7c8fe7,https://github.com/tensorflow/tensorflow/compare/f7ad33daa3e504b2583c2465d219bb35cdc9479b...9877ebd150c840dda9de91b2c1341a63bf7c8fe7
682,TensorFlow,44f242a13c06fc09f2b4d21316eff43c10a41183,5ff7f69149b351fac1b694543a381ded53152b89,35585,https://github.com/tensorflow/tensorflow/issues/35585,https://github.com/tensorflow/tensorflow/tree/44f242a13c06fc09f2b4d21316eff43c10a41183,https://github.com/tensorflow/tensorflow/tree/5ff7f69149b351fac1b694543a381ded53152b89,https://github.com/tensorflow/tensorflow/compare/44f242a13c06fc09f2b4d21316eff43c10a41183...5ff7f69149b351fac1b694543a381ded53152b89
683,TensorFlow,db1922a0bcdb09df178f73e4b0a86e21bbbb184e,15a8c4887398221a26eecc4fcf5aa07a08abbc11,36135,https://github.com/tensorflow/tensorflow/issues/36135,https://github.com/tensorflow/tensorflow/tree/db1922a0bcdb09df178f73e4b0a86e21bbbb184e,https://github.com/tensorflow/tensorflow/tree/15a8c4887398221a26eecc4fcf5aa07a08abbc11,https://github.com/tensorflow/tensorflow/compare/db1922a0bcdb09df178f73e4b0a86e21bbbb184e...15a8c4887398221a26eecc4fcf5aa07a08abbc11
684,TensorFlow,75c4b3300cedba5ebad1ee0b7d405b483d3a3d54,b7e3297d934046abe978aa65b0cf8f5150d5b029,35759,https://github.com/tensorflow/tensorflow/issues/35759,https://github.com/tensorflow/tensorflow/tree/75c4b3300cedba5ebad1ee0b7d405b483d3a3d54,https://github.com/tensorflow/tensorflow/tree/b7e3297d934046abe978aa65b0cf8f5150d5b029,https://github.com/tensorflow/tensorflow/compare/75c4b3300cedba5ebad1ee0b7d405b483d3a3d54...b7e3297d934046abe978aa65b0cf8f5150d5b029
685,TensorFlow,4d46dd8903d889364b02a9ae130ff6c318cc8c81,61d40ca42fd170dc1f1e6e10e56d1b43f642341b,36089,https://github.com/tensorflow/tensorflow/issues/36089,https://github.com/tensorflow/tensorflow/tree/4d46dd8903d889364b02a9ae130ff6c318cc8c81,https://github.com/tensorflow/tensorflow/tree/61d40ca42fd170dc1f1e6e10e56d1b43f642341b,https://github.com/tensorflow/tensorflow/compare/4d46dd8903d889364b02a9ae130ff6c318cc8c81...61d40ca42fd170dc1f1e6e10e56d1b43f642341b
686,TensorFlow,d5cc2735df971bc9216442d26d9441349e926020,dc27914d467ff7f45875f5d7e7b287eaa5def332,35888,https://github.com/tensorflow/tensorflow/issues/35888,https://github.com/tensorflow/tensorflow/tree/d5cc2735df971bc9216442d26d9441349e926020,https://github.com/tensorflow/tensorflow/tree/dc27914d467ff7f45875f5d7e7b287eaa5def332,https://github.com/tensorflow/tensorflow/compare/d5cc2735df971bc9216442d26d9441349e926020...dc27914d467ff7f45875f5d7e7b287eaa5def332
687,TensorFlow,4965b87b732f17181fc75de85a60edb30c24c9c9,062628a67ee6c54afdd50bf85b046ce02ef713c6,35356,https://github.com/tensorflow/tensorflow/issues/35356,https://github.com/tensorflow/tensorflow/tree/4965b87b732f17181fc75de85a60edb30c24c9c9,https://github.com/tensorflow/tensorflow/tree/062628a67ee6c54afdd50bf85b046ce02ef713c6,https://github.com/tensorflow/tensorflow/compare/4965b87b732f17181fc75de85a60edb30c24c9c9...062628a67ee6c54afdd50bf85b046ce02ef713c6
688,TensorFlow,97028f3f78dd476875853f2a66583fa32370aefa,a0cfa2b6c0182b647a5689d8b0b2f7d9a0ebd580,35540,https://github.com/tensorflow/tensorflow/issues/35540,https://github.com/tensorflow/tensorflow/tree/97028f3f78dd476875853f2a66583fa32370aefa,https://github.com/tensorflow/tensorflow/tree/a0cfa2b6c0182b647a5689d8b0b2f7d9a0ebd580,https://github.com/tensorflow/tensorflow/compare/97028f3f78dd476875853f2a66583fa32370aefa...a0cfa2b6c0182b647a5689d8b0b2f7d9a0ebd580
689,TensorFlow,01837c5a7e7c176a2f59f6874804443679778a1a,9762a5d7058fe2a216c95757de1d737e1bfacb3d,1134,https://github.com/tensorflow/tensorflow/issues/1134,https://github.com/tensorflow/tensorflow/tree/01837c5a7e7c176a2f59f6874804443679778a1a,https://github.com/tensorflow/tensorflow/tree/9762a5d7058fe2a216c95757de1d737e1bfacb3d,https://github.com/tensorflow/tensorflow/compare/01837c5a7e7c176a2f59f6874804443679778a1a...9762a5d7058fe2a216c95757de1d737e1bfacb3d
690,TensorFlow,01837c5a7e7c176a2f59f6874804443679778a1a,9762a5d7058fe2a216c95757de1d737e1bfacb3d,1121,https://github.com/tensorflow/tensorflow/issues/1121,https://github.com/tensorflow/tensorflow/tree/01837c5a7e7c176a2f59f6874804443679778a1a,https://github.com/tensorflow/tensorflow/tree/9762a5d7058fe2a216c95757de1d737e1bfacb3d,https://github.com/tensorflow/tensorflow/compare/01837c5a7e7c176a2f59f6874804443679778a1a...9762a5d7058fe2a216c95757de1d737e1bfacb3d
691,TensorFlow,367409a42933fdfd8f8359b6c3e45f3d01a77835,2298c2d3d50accd04b7e7330bc4662f579f20925,36418,https://github.com/tensorflow/tensorflow/issues/36418,https://github.com/tensorflow/tensorflow/tree/367409a42933fdfd8f8359b6c3e45f3d01a77835,https://github.com/tensorflow/tensorflow/tree/2298c2d3d50accd04b7e7330bc4662f579f20925,https://github.com/tensorflow/tensorflow/compare/367409a42933fdfd8f8359b6c3e45f3d01a77835...2298c2d3d50accd04b7e7330bc4662f579f20925
692,TensorFlow,434549b3250154a93efbd7a8049b04be31a1d813,ae0ad2aa5d8b5abc8a57ff63e355a4b1e72d401b,36612,https://github.com/tensorflow/tensorflow/issues/36612,https://github.com/tensorflow/tensorflow/tree/434549b3250154a93efbd7a8049b04be31a1d813,https://github.com/tensorflow/tensorflow/tree/ae0ad2aa5d8b5abc8a57ff63e355a4b1e72d401b,https://github.com/tensorflow/tensorflow/compare/434549b3250154a93efbd7a8049b04be31a1d813...ae0ad2aa5d8b5abc8a57ff63e355a4b1e72d401b
693,TensorFlow,c7ee2831b0b2ccdf043628ec094552c46e710c36,14756f3b4aafc706545e16d03b2b617c788b1380,36755,https://github.com/tensorflow/tensorflow/issues/36755,https://github.com/tensorflow/tensorflow/tree/c7ee2831b0b2ccdf043628ec094552c46e710c36,https://github.com/tensorflow/tensorflow/tree/14756f3b4aafc706545e16d03b2b617c788b1380,https://github.com/tensorflow/tensorflow/compare/c7ee2831b0b2ccdf043628ec094552c46e710c36...14756f3b4aafc706545e16d03b2b617c788b1380
694,TensorFlow,5cf7d66d1144771e09d9377c72fef27ff4bb31cb,68d6057436e03034557af03f6b517e24d84b4378,37247,https://github.com/tensorflow/tensorflow/issues/37247,https://github.com/tensorflow/tensorflow/tree/5cf7d66d1144771e09d9377c72fef27ff4bb31cb,https://github.com/tensorflow/tensorflow/tree/68d6057436e03034557af03f6b517e24d84b4378,https://github.com/tensorflow/tensorflow/compare/5cf7d66d1144771e09d9377c72fef27ff4bb31cb...68d6057436e03034557af03f6b517e24d84b4378
695,TensorFlow,75f63ca43bd49f179f2843ef3fcf6e3fc430d704,7fff1f147c95210e6dd0292a213fef2631b61f13,37541,https://github.com/tensorflow/tensorflow/issues/37541,https://github.com/tensorflow/tensorflow/tree/75f63ca43bd49f179f2843ef3fcf6e3fc430d704,https://github.com/tensorflow/tensorflow/tree/7fff1f147c95210e6dd0292a213fef2631b61f13,https://github.com/tensorflow/tensorflow/compare/75f63ca43bd49f179f2843ef3fcf6e3fc430d704...7fff1f147c95210e6dd0292a213fef2631b61f13
696,TensorFlow,2e1d74f991b63a21e97ec56b51f2f4bdeacae332,2b3bd01afbc5f94ed5b6ba610ea52f0ceba3e0e5,37670,https://github.com/tensorflow/tensorflow/issues/37670,https://github.com/tensorflow/tensorflow/tree/2e1d74f991b63a21e97ec56b51f2f4bdeacae332,https://github.com/tensorflow/tensorflow/tree/2b3bd01afbc5f94ed5b6ba610ea52f0ceba3e0e5,https://github.com/tensorflow/tensorflow/compare/2e1d74f991b63a21e97ec56b51f2f4bdeacae332...2b3bd01afbc5f94ed5b6ba610ea52f0ceba3e0e5
697,TensorFlow,0057034a9a7c3b1715f315a173ba8c5fc65c9c0e,4b03a2fe3ac25e22db98e5df5fdd91fa501287a4,37289,https://github.com/tensorflow/tensorflow/issues/37289,https://github.com/tensorflow/tensorflow/tree/0057034a9a7c3b1715f315a173ba8c5fc65c9c0e,https://github.com/tensorflow/tensorflow/tree/4b03a2fe3ac25e22db98e5df5fdd91fa501287a4,https://github.com/tensorflow/tensorflow/compare/0057034a9a7c3b1715f315a173ba8c5fc65c9c0e...4b03a2fe3ac25e22db98e5df5fdd91fa501287a4
698,TensorFlow,01da90a001f65f53f64503650cc0a75ec4df862a,4c965070cd14e3c0a90f7fd6d08501790a970a8a,36700,https://github.com/tensorflow/tensorflow/issues/36700,https://github.com/tensorflow/tensorflow/tree/01da90a001f65f53f64503650cc0a75ec4df862a,https://github.com/tensorflow/tensorflow/tree/4c965070cd14e3c0a90f7fd6d08501790a970a8a,https://github.com/tensorflow/tensorflow/compare/01da90a001f65f53f64503650cc0a75ec4df862a...4c965070cd14e3c0a90f7fd6d08501790a970a8a
699,TensorFlow,64801cf8c24cbf615fd53f125775eb5a933eddd1,c72f8980824ccf0f2e14f45fb429e8165ae41ec6,38007,https://github.com/tensorflow/tensorflow/issues/38007,https://github.com/tensorflow/tensorflow/tree/64801cf8c24cbf615fd53f125775eb5a933eddd1,https://github.com/tensorflow/tensorflow/tree/c72f8980824ccf0f2e14f45fb429e8165ae41ec6,https://github.com/tensorflow/tensorflow/compare/64801cf8c24cbf615fd53f125775eb5a933eddd1...c72f8980824ccf0f2e14f45fb429e8165ae41ec6
700,TensorFlow,e64521824b5b4e0406b75cf151cd22142d5bf1ad,5caf4a592c68765e6f40e2edff4dd6492ee8fbf1,37740,https://github.com/tensorflow/tensorflow/issues/37740,https://github.com/tensorflow/tensorflow/tree/e64521824b5b4e0406b75cf151cd22142d5bf1ad,https://github.com/tensorflow/tensorflow/tree/5caf4a592c68765e6f40e2edff4dd6492ee8fbf1,https://github.com/tensorflow/tensorflow/compare/e64521824b5b4e0406b75cf151cd22142d5bf1ad...5caf4a592c68765e6f40e2edff4dd6492ee8fbf1
701,TensorFlow,4d4a0923dea74debf435a598067c68a5b3cb4648,e11d2ef1991eaa6d5edb1820c1e6e2477b172adb,38224,https://github.com/tensorflow/tensorflow/issues/38224,https://github.com/tensorflow/tensorflow/tree/4d4a0923dea74debf435a598067c68a5b3cb4648,https://github.com/tensorflow/tensorflow/tree/e11d2ef1991eaa6d5edb1820c1e6e2477b172adb,https://github.com/tensorflow/tensorflow/compare/4d4a0923dea74debf435a598067c68a5b3cb4648...e11d2ef1991eaa6d5edb1820c1e6e2477b172adb
702,TensorFlow,c01b51d979f9a4d9af3d5a5ecaad8a095f2ffe3f,958201cf6ffd9fb8c597f3ac65076ebe76d8ea92,38269,https://github.com/tensorflow/tensorflow/issues/38269,https://github.com/tensorflow/tensorflow/tree/c01b51d979f9a4d9af3d5a5ecaad8a095f2ffe3f,https://github.com/tensorflow/tensorflow/tree/958201cf6ffd9fb8c597f3ac65076ebe76d8ea92,https://github.com/tensorflow/tensorflow/compare/c01b51d979f9a4d9af3d5a5ecaad8a095f2ffe3f...958201cf6ffd9fb8c597f3ac65076ebe76d8ea92
703,TensorFlow,5c572ef61e09181e4d3451cf9fe54cb2daa64946,893c7f345bbfb808f51362a10bac08af01f80378,38473,https://github.com/tensorflow/tensorflow/issues/38473,https://github.com/tensorflow/tensorflow/tree/5c572ef61e09181e4d3451cf9fe54cb2daa64946,https://github.com/tensorflow/tensorflow/tree/893c7f345bbfb808f51362a10bac08af01f80378,https://github.com/tensorflow/tensorflow/compare/5c572ef61e09181e4d3451cf9fe54cb2daa64946...893c7f345bbfb808f51362a10bac08af01f80378
704,TensorFlow,e72ffb57810020d4b9efe9cc06974033a78710b0,2fee3e07f5b49b498661b43f44fd77e2db46d5dc,36198,https://github.com/tensorflow/tensorflow/issues/36198,https://github.com/tensorflow/tensorflow/tree/e72ffb57810020d4b9efe9cc06974033a78710b0,https://github.com/tensorflow/tensorflow/tree/2fee3e07f5b49b498661b43f44fd77e2db46d5dc,https://github.com/tensorflow/tensorflow/compare/e72ffb57810020d4b9efe9cc06974033a78710b0...2fee3e07f5b49b498661b43f44fd77e2db46d5dc
705,TensorFlow,df5b0e2ad2ba7afb10d7717a7271ca0c73cbe7df,64801cf8c24cbf615fd53f125775eb5a933eddd1,36882,https://github.com/tensorflow/tensorflow/issues/36882,https://github.com/tensorflow/tensorflow/tree/df5b0e2ad2ba7afb10d7717a7271ca0c73cbe7df,https://github.com/tensorflow/tensorflow/tree/64801cf8c24cbf615fd53f125775eb5a933eddd1,https://github.com/tensorflow/tensorflow/compare/df5b0e2ad2ba7afb10d7717a7271ca0c73cbe7df...64801cf8c24cbf615fd53f125775eb5a933eddd1
706,TensorFlow,33b457672a78c9b4ebfafd30eb7827c79719b65c,5f2116260c0ac7d805944e84e813ae90b267827c,26196,https://github.com/tensorflow/tensorflow/issues/26196,https://github.com/tensorflow/tensorflow/tree/33b457672a78c9b4ebfafd30eb7827c79719b65c,https://github.com/tensorflow/tensorflow/tree/5f2116260c0ac7d805944e84e813ae90b267827c,https://github.com/tensorflow/tensorflow/compare/33b457672a78c9b4ebfafd30eb7827c79719b65c...5f2116260c0ac7d805944e84e813ae90b267827c
707,TensorFlow,7191edbf2c79dee8c8a8513079db3081deda8459,f14e964e4ac37e6f706388384b5fd647cb8a912c,36198,https://github.com/tensorflow/tensorflow/issues/36198,https://github.com/tensorflow/tensorflow/tree/7191edbf2c79dee8c8a8513079db3081deda8459,https://github.com/tensorflow/tensorflow/tree/f14e964e4ac37e6f706388384b5fd647cb8a912c,https://github.com/tensorflow/tensorflow/compare/7191edbf2c79dee8c8a8513079db3081deda8459...f14e964e4ac37e6f706388384b5fd647cb8a912c
708,TensorFlow,9d9d4b3385d73796a7fbc5bf7a270122eb82fee7,60ff2cba58317bac50a080ad1840c3dd2bfb1009,38135,https://github.com/tensorflow/tensorflow/issues/38135,https://github.com/tensorflow/tensorflow/tree/9d9d4b3385d73796a7fbc5bf7a270122eb82fee7,https://github.com/tensorflow/tensorflow/tree/60ff2cba58317bac50a080ad1840c3dd2bfb1009,https://github.com/tensorflow/tensorflow/compare/9d9d4b3385d73796a7fbc5bf7a270122eb82fee7...60ff2cba58317bac50a080ad1840c3dd2bfb1009
