bug.id,project_id,revision.id.buggy,revision.id.fixed,report.id,report.url,buggy_commit_url,fixed_commit_url,compare_url
1,Alembic,48ecd445cfaebad67a143480109586075dcb9ea0,fb47eda8ea08bc2ece4a2344eb87db115cdcb0d0,9,https://github.com/sqlalchemy/alembic/issues/9,https://github.com/sqlalchemy/alembic/tree/48ecd445cfaebad67a143480109586075dcb9ea0,https://github.com/sqlalchemy/alembic/tree/fb47eda8ea08bc2ece4a2344eb87db115cdcb0d0,https://github.com/sqlalchemy/alembic/compare/48ecd445cfaebad67a143480109586075dcb9ea0...fb47eda8ea08bc2ece4a2344eb87db115cdcb0d0
2,Alembic,32d3ded884939087f8fe57b7abdd74d54b495ede,6741cf359bcb7ad9a48fc50cf64ea024671d7788,16,https://github.com/sqlalchemy/alembic/issues/16,https://github.com/sqlalchemy/alembic/tree/32d3ded884939087f8fe57b7abdd74d54b495ede,https://github.com/sqlalchemy/alembic/tree/6741cf359bcb7ad9a48fc50cf64ea024671d7788,https://github.com/sqlalchemy/alembic/compare/32d3ded884939087f8fe57b7abdd74d54b495ede...6741cf359bcb7ad9a48fc50cf64ea024671d7788
3,Alembic,6741cf359bcb7ad9a48fc50cf64ea024671d7788,69c9303e6037985fc0664bd583ee51f2b937ff72,17,https://github.com/sqlalchemy/alembic/issues/17,https://github.com/sqlalchemy/alembic/tree/6741cf359bcb7ad9a48fc50cf64ea024671d7788,https://github.com/sqlalchemy/alembic/tree/69c9303e6037985fc0664bd583ee51f2b937ff72,https://github.com/sqlalchemy/alembic/compare/6741cf359bcb7ad9a48fc50cf64ea024671d7788...69c9303e6037985fc0664bd583ee51f2b937ff72
4,Alembic,0b6b45539dd1592d436fbceb9a36a4aeadea9af2,7faa084be96698729f43cff531e18605fe8ec9fe,2,https://github.com/sqlalchemy/alembic/issues/2,https://github.com/sqlalchemy/alembic/tree/0b6b45539dd1592d436fbceb9a36a4aeadea9af2,https://github.com/sqlalchemy/alembic/tree/7faa084be96698729f43cff531e18605fe8ec9fe,https://github.com/sqlalchemy/alembic/compare/0b6b45539dd1592d436fbceb9a36a4aeadea9af2...7faa084be96698729f43cff531e18605fe8ec9fe
5,Alembic,69c9303e6037985fc0664bd583ee51f2b937ff72,dae70e2114fadc2d41dc0e3a9ec428950b6e6647,18,https://github.com/sqlalchemy/alembic/issues/18,https://github.com/sqlalchemy/alembic/tree/69c9303e6037985fc0664bd583ee51f2b937ff72,https://github.com/sqlalchemy/alembic/tree/dae70e2114fadc2d41dc0e3a9ec428950b6e6647,https://github.com/sqlalchemy/alembic/compare/69c9303e6037985fc0664bd583ee51f2b937ff72...dae70e2114fadc2d41dc0e3a9ec428950b6e6647
6,Alembic,c03889c9d2729d0fe8946363f32a13fafea90201,279f8359031a363e0c43a49dd87ac133eba4f6e9,25,https://github.com/sqlalchemy/alembic/issues/25,https://github.com/sqlalchemy/alembic/tree/c03889c9d2729d0fe8946363f32a13fafea90201,https://github.com/sqlalchemy/alembic/tree/279f8359031a363e0c43a49dd87ac133eba4f6e9,https://github.com/sqlalchemy/alembic/compare/c03889c9d2729d0fe8946363f32a13fafea90201...279f8359031a363e0c43a49dd87ac133eba4f6e9
7,Alembic,a3f3c29a82bea76961d87bc5a0210954a07c7466,9afb841880cbe8bb241b661f5536a0e4800bf7ea,30,https://github.com/sqlalchemy/alembic/issues/30,https://github.com/sqlalchemy/alembic/tree/a3f3c29a82bea76961d87bc5a0210954a07c7466,https://github.com/sqlalchemy/alembic/tree/9afb841880cbe8bb241b661f5536a0e4800bf7ea,https://github.com/sqlalchemy/alembic/compare/a3f3c29a82bea76961d87bc5a0210954a07c7466...9afb841880cbe8bb241b661f5536a0e4800bf7ea
8,Alembic,ebf9ab42f4eddd6cb06ce910737355d97511812d,43f3a667fa1b75e75f23c11a50e35d7433ceab4f,11,https://github.com/sqlalchemy/alembic/issues/11,https://github.com/sqlalchemy/alembic/tree/ebf9ab42f4eddd6cb06ce910737355d97511812d,https://github.com/sqlalchemy/alembic/tree/43f3a667fa1b75e75f23c11a50e35d7433ceab4f,https://github.com/sqlalchemy/alembic/compare/ebf9ab42f4eddd6cb06ce910737355d97511812d...43f3a667fa1b75e75f23c11a50e35d7433ceab4f
9,Alembic,5191e2a744cb2a269709245202228c1633736c87,97392926fe5b7a9e95da846014fb3a4d9b1d239a,22,https://github.com/sqlalchemy/alembic/issues/22,https://github.com/sqlalchemy/alembic/tree/5191e2a744cb2a269709245202228c1633736c87,https://github.com/sqlalchemy/alembic/tree/97392926fe5b7a9e95da846014fb3a4d9b1d239a,https://github.com/sqlalchemy/alembic/compare/5191e2a744cb2a269709245202228c1633736c87...97392926fe5b7a9e95da846014fb3a4d9b1d239a
10,Alembic,53b9cccf73a7655191186fcc9b721f7a448255c0,6aeeebeb8a1401b010347bbae8373d0422ee8ba3,35,https://github.com/sqlalchemy/alembic/issues/35,https://github.com/sqlalchemy/alembic/tree/53b9cccf73a7655191186fcc9b721f7a448255c0,https://github.com/sqlalchemy/alembic/tree/6aeeebeb8a1401b010347bbae8373d0422ee8ba3,https://github.com/sqlalchemy/alembic/compare/53b9cccf73a7655191186fcc9b721f7a448255c0...6aeeebeb8a1401b010347bbae8373d0422ee8ba3
11,Alembic,456d364626bdbff1d3ded8499242f819b937e7f6,a7ada78d87aeb7383455b3935457950f1070d4b2,41,https://github.com/sqlalchemy/alembic/issues/41,https://github.com/sqlalchemy/alembic/tree/456d364626bdbff1d3ded8499242f819b937e7f6,https://github.com/sqlalchemy/alembic/tree/a7ada78d87aeb7383455b3935457950f1070d4b2,https://github.com/sqlalchemy/alembic/compare/456d364626bdbff1d3ded8499242f819b937e7f6...a7ada78d87aeb7383455b3935457950f1070d4b2
12,Alembic,0bf3fe8f6f089f6023f3917ce8faa050ad0b79b0,e1fde1031ddbc0ee3bdd38082a14542881be3db5,26,https://github.com/sqlalchemy/alembic/issues/26,https://github.com/sqlalchemy/alembic/tree/0bf3fe8f6f089f6023f3917ce8faa050ad0b79b0,https://github.com/sqlalchemy/alembic/tree/e1fde1031ddbc0ee3bdd38082a14542881be3db5,https://github.com/sqlalchemy/alembic/compare/0bf3fe8f6f089f6023f3917ce8faa050ad0b79b0...e1fde1031ddbc0ee3bdd38082a14542881be3db5
13,Alembic,b371dc380fc06679cdc9c9b2531d099733ad0381,f579cfeda37763bfe93268a20b534f2f79b4a0dc,58,https://github.com/sqlalchemy/alembic/issues/58,https://github.com/sqlalchemy/alembic/tree/b371dc380fc06679cdc9c9b2531d099733ad0381,https://github.com/sqlalchemy/alembic/tree/f579cfeda37763bfe93268a20b534f2f79b4a0dc,https://github.com/sqlalchemy/alembic/compare/b371dc380fc06679cdc9c9b2531d099733ad0381...f579cfeda37763bfe93268a20b534f2f79b4a0dc
14,Alembic,8a282878eb15b5d56c63e056d63f67057c07414c,56bdf6c98fb3a5a4a6bb481bf108b08a6cd83616,63,https://github.com/sqlalchemy/alembic/issues/63,https://github.com/sqlalchemy/alembic/tree/8a282878eb15b5d56c63e056d63f67057c07414c,https://github.com/sqlalchemy/alembic/tree/56bdf6c98fb3a5a4a6bb481bf108b08a6cd83616,https://github.com/sqlalchemy/alembic/compare/8a282878eb15b5d56c63e056d63f67057c07414c...56bdf6c98fb3a5a4a6bb481bf108b08a6cd83616
15,Alembic,56bdf6c98fb3a5a4a6bb481bf108b08a6cd83616,50c7551d280fdaa099f15427b1627940181594f8,62,https://github.com/sqlalchemy/alembic/issues/62,https://github.com/sqlalchemy/alembic/tree/56bdf6c98fb3a5a4a6bb481bf108b08a6cd83616,https://github.com/sqlalchemy/alembic/tree/50c7551d280fdaa099f15427b1627940181594f8,https://github.com/sqlalchemy/alembic/compare/56bdf6c98fb3a5a4a6bb481bf108b08a6cd83616...50c7551d280fdaa099f15427b1627940181594f8
16,Alembic,7ee8f96b6f531ebdfb2d588e13415efc9d59a4ff,046d0b701b921d0167c04fe8c9dfd8c41ec21ecd,66,https://github.com/sqlalchemy/alembic/issues/66,https://github.com/sqlalchemy/alembic/tree/7ee8f96b6f531ebdfb2d588e13415efc9d59a4ff,https://github.com/sqlalchemy/alembic/tree/046d0b701b921d0167c04fe8c9dfd8c41ec21ecd,https://github.com/sqlalchemy/alembic/compare/7ee8f96b6f531ebdfb2d588e13415efc9d59a4ff...046d0b701b921d0167c04fe8c9dfd8c41ec21ecd
17,Alembic,7bdc7e43325612739d049202cf24e5a0e5be5724,bb160dbf30440144d002810ebd5c5520e37562d7,49,https://github.com/sqlalchemy/alembic/issues/49,https://github.com/sqlalchemy/alembic/tree/7bdc7e43325612739d049202cf24e5a0e5be5724,https://github.com/sqlalchemy/alembic/tree/bb160dbf30440144d002810ebd5c5520e37562d7,https://github.com/sqlalchemy/alembic/compare/7bdc7e43325612739d049202cf24e5a0e5be5724...bb160dbf30440144d002810ebd5c5520e37562d7
18,Alembic,35ef4896bf2db3bf754e6fc4839cc3ea880ba1b7,b3f20c640ab8a2a219bb5a158cd666546dcf8d58,72,https://github.com/sqlalchemy/alembic/issues/72,https://github.com/sqlalchemy/alembic/tree/35ef4896bf2db3bf754e6fc4839cc3ea880ba1b7,https://github.com/sqlalchemy/alembic/tree/b3f20c640ab8a2a219bb5a158cd666546dcf8d58,https://github.com/sqlalchemy/alembic/compare/35ef4896bf2db3bf754e6fc4839cc3ea880ba1b7...b3f20c640ab8a2a219bb5a158cd666546dcf8d58
19,Alembic,7835a323a7e41558989afcb2eeaa73b968dd9e34,494ac8d84a4e827fcf7dc117b84ba76f442d60a2,44,https://github.com/sqlalchemy/alembic/issues/44,https://github.com/sqlalchemy/alembic/tree/7835a323a7e41558989afcb2eeaa73b968dd9e34,https://github.com/sqlalchemy/alembic/tree/494ac8d84a4e827fcf7dc117b84ba76f442d60a2,https://github.com/sqlalchemy/alembic/compare/7835a323a7e41558989afcb2eeaa73b968dd9e34...494ac8d84a4e827fcf7dc117b84ba76f442d60a2
20,Alembic,b6495a34fef353a942b80983298dc444172a8eda,fa2d266de0c9ff8616f9a332e0aa5fa545a57b15,31,https://github.com/sqlalchemy/alembic/issues/31,https://github.com/sqlalchemy/alembic/tree/b6495a34fef353a942b80983298dc444172a8eda,https://github.com/sqlalchemy/alembic/tree/fa2d266de0c9ff8616f9a332e0aa5fa545a57b15,https://github.com/sqlalchemy/alembic/compare/b6495a34fef353a942b80983298dc444172a8eda...fa2d266de0c9ff8616f9a332e0aa5fa545a57b15
21,Alembic,b708c3e741087c2acbe945f34c568bc9473204c2,44a611700f76410d07d527059391dac689b897b4,96,https://github.com/sqlalchemy/alembic/issues/96,https://github.com/sqlalchemy/alembic/tree/b708c3e741087c2acbe945f34c568bc9473204c2,https://github.com/sqlalchemy/alembic/tree/44a611700f76410d07d527059391dac689b897b4,https://github.com/sqlalchemy/alembic/compare/b708c3e741087c2acbe945f34c568bc9473204c2...44a611700f76410d07d527059391dac689b897b4
22,Alembic,094fb87017517ac5e60ad0df030ec574314611f7,b3bc2d877e9e23b35c2ec92645d5cd055468dbd1,98,https://github.com/sqlalchemy/alembic/issues/98,https://github.com/sqlalchemy/alembic/tree/094fb87017517ac5e60ad0df030ec574314611f7,https://github.com/sqlalchemy/alembic/tree/b3bc2d877e9e23b35c2ec92645d5cd055468dbd1,https://github.com/sqlalchemy/alembic/compare/094fb87017517ac5e60ad0df030ec574314611f7...b3bc2d877e9e23b35c2ec92645d5cd055468dbd1
23,Alembic,b3bc2d877e9e23b35c2ec92645d5cd055468dbd1,a41b0900ccdb1b541aa1ab79e5f98f30178c3ad4,99,https://github.com/sqlalchemy/alembic/issues/99,https://github.com/sqlalchemy/alembic/tree/b3bc2d877e9e23b35c2ec92645d5cd055468dbd1,https://github.com/sqlalchemy/alembic/tree/a41b0900ccdb1b541aa1ab79e5f98f30178c3ad4,https://github.com/sqlalchemy/alembic/compare/b3bc2d877e9e23b35c2ec92645d5cd055468dbd1...a41b0900ccdb1b541aa1ab79e5f98f30178c3ad4
24,Alembic,9399eb21c3396a9d6c631997d09438012f96c19c,52e7547724587465cafc7d2af1e5961e3365ad76,71,https://github.com/sqlalchemy/alembic/issues/71,https://github.com/sqlalchemy/alembic/tree/9399eb21c3396a9d6c631997d09438012f96c19c,https://github.com/sqlalchemy/alembic/tree/52e7547724587465cafc7d2af1e5961e3365ad76,https://github.com/sqlalchemy/alembic/compare/9399eb21c3396a9d6c631997d09438012f96c19c...52e7547724587465cafc7d2af1e5961e3365ad76
25,Alembic,89498d6263acd33fd452144895cac099fafd8f68,894afbf83c3aba783519358ac82e9c7114282701,81,https://github.com/sqlalchemy/alembic/issues/81,https://github.com/sqlalchemy/alembic/tree/89498d6263acd33fd452144895cac099fafd8f68,https://github.com/sqlalchemy/alembic/tree/894afbf83c3aba783519358ac82e9c7114282701,https://github.com/sqlalchemy/alembic/compare/89498d6263acd33fd452144895cac099fafd8f68...894afbf83c3aba783519358ac82e9c7114282701
26,Alembic,3d1ed96698e0dee8f6fa82bd68616a5d324a0d9e,0fc1e5fdf34ca3e9b6f48766cf72ec07e69666dd,109,https://github.com/sqlalchemy/alembic/issues/109,https://github.com/sqlalchemy/alembic/tree/3d1ed96698e0dee8f6fa82bd68616a5d324a0d9e,https://github.com/sqlalchemy/alembic/tree/0fc1e5fdf34ca3e9b6f48766cf72ec07e69666dd,https://github.com/sqlalchemy/alembic/compare/3d1ed96698e0dee8f6fa82bd68616a5d324a0d9e...0fc1e5fdf34ca3e9b6f48766cf72ec07e69666dd
27,Alembic,0b316ec069a5d8fa721613373a0e5581990bb460,705f0e7fa70625c836b3a90793f0b0c659fd11bf,32,https://github.com/sqlalchemy/alembic/issues/32,https://github.com/sqlalchemy/alembic/tree/0b316ec069a5d8fa721613373a0e5581990bb460,https://github.com/sqlalchemy/alembic/tree/705f0e7fa70625c836b3a90793f0b0c659fd11bf,https://github.com/sqlalchemy/alembic/compare/0b316ec069a5d8fa721613373a0e5581990bb460...705f0e7fa70625c836b3a90793f0b0c659fd11bf
28,Alembic,c739dbf2399bc5f6da0478caae360cc5b74b6061,3d1ed96698e0dee8f6fa82bd68616a5d324a0d9e,112,https://github.com/sqlalchemy/alembic/issues/112,https://github.com/sqlalchemy/alembic/tree/c739dbf2399bc5f6da0478caae360cc5b74b6061,https://github.com/sqlalchemy/alembic/tree/3d1ed96698e0dee8f6fa82bd68616a5d324a0d9e,https://github.com/sqlalchemy/alembic/compare/c739dbf2399bc5f6da0478caae360cc5b74b6061...3d1ed96698e0dee8f6fa82bd68616a5d324a0d9e
29,Alembic,678d1e2fc467c673ea235a44510bf35a7d3909a8,9f15d43fb4ef8ae15a554646ca2bd9a20d6ec21b,141,https://github.com/sqlalchemy/alembic/issues/141,https://github.com/sqlalchemy/alembic/tree/678d1e2fc467c673ea235a44510bf35a7d3909a8,https://github.com/sqlalchemy/alembic/tree/9f15d43fb4ef8ae15a554646ca2bd9a20d6ec21b,https://github.com/sqlalchemy/alembic/compare/678d1e2fc467c673ea235a44510bf35a7d3909a8...9f15d43fb4ef8ae15a554646ca2bd9a20d6ec21b
30,Alembic,1cdf8af7ee24a25dd18df397c538a4a53a4c7ba0,678d1e2fc467c673ea235a44510bf35a7d3909a8,150,https://github.com/sqlalchemy/alembic/issues/150,https://github.com/sqlalchemy/alembic/tree/1cdf8af7ee24a25dd18df397c538a4a53a4c7ba0,https://github.com/sqlalchemy/alembic/tree/678d1e2fc467c673ea235a44510bf35a7d3909a8,https://github.com/sqlalchemy/alembic/compare/1cdf8af7ee24a25dd18df397c538a4a53a4c7ba0...678d1e2fc467c673ea235a44510bf35a7d3909a8
31,Alembic,678d1e2fc467c673ea235a44510bf35a7d3909a8,45d26ceb7ca330f509a4157ac887d492d49b581d,149,https://github.com/sqlalchemy/alembic/issues/149,https://github.com/sqlalchemy/alembic/tree/678d1e2fc467c673ea235a44510bf35a7d3909a8,https://github.com/sqlalchemy/alembic/tree/45d26ceb7ca330f509a4157ac887d492d49b581d,https://github.com/sqlalchemy/alembic/compare/678d1e2fc467c673ea235a44510bf35a7d3909a8...45d26ceb7ca330f509a4157ac887d492d49b581d
32,Alembic,c2db389fb0d296bc1fce0cae00440706502957fb,814c46c83e7408ba6e89444fcea274c57f89f1e4,155,https://github.com/sqlalchemy/alembic/issues/155,https://github.com/sqlalchemy/alembic/tree/c2db389fb0d296bc1fce0cae00440706502957fb,https://github.com/sqlalchemy/alembic/tree/814c46c83e7408ba6e89444fcea274c57f89f1e4,https://github.com/sqlalchemy/alembic/compare/c2db389fb0d296bc1fce0cae00440706502957fb...814c46c83e7408ba6e89444fcea274c57f89f1e4
33,Alembic,bc829880d6cccaebada4ac3836486af368b4e9b0,085490b275cf24208376d48ce0b981d6c9adcbf3,152,https://github.com/sqlalchemy/alembic/issues/152,https://github.com/sqlalchemy/alembic/tree/bc829880d6cccaebada4ac3836486af368b4e9b0,https://github.com/sqlalchemy/alembic/tree/085490b275cf24208376d48ce0b981d6c9adcbf3,https://github.com/sqlalchemy/alembic/compare/bc829880d6cccaebada4ac3836486af368b4e9b0...085490b275cf24208376d48ce0b981d6c9adcbf3
34,Alembic,eb0a8ca8ecf9e2c7449b15915244b36e857c740f,bc829880d6cccaebada4ac3836486af368b4e9b0,5,https://github.com/sqlalchemy/alembic/issues/5,https://github.com/sqlalchemy/alembic/tree/eb0a8ca8ecf9e2c7449b15915244b36e857c740f,https://github.com/sqlalchemy/alembic/tree/bc829880d6cccaebada4ac3836486af368b4e9b0,https://github.com/sqlalchemy/alembic/compare/eb0a8ca8ecf9e2c7449b15915244b36e857c740f...bc829880d6cccaebada4ac3836486af368b4e9b0
35,Alembic,6eae0641b91b57d997f6f94a2aee3535d1a647df,66e957e45361a6f66622e067a3023a6ac41a321f,135,https://github.com/sqlalchemy/alembic/issues/135,https://github.com/sqlalchemy/alembic/tree/6eae0641b91b57d997f6f94a2aee3535d1a647df,https://github.com/sqlalchemy/alembic/tree/66e957e45361a6f66622e067a3023a6ac41a321f,https://github.com/sqlalchemy/alembic/compare/6eae0641b91b57d997f6f94a2aee3535d1a647df...66e957e45361a6f66622e067a3023a6ac41a321f
36,Alembic,36b191f1f7649edf5cd72e4e41b42e34eed0d259,40351ce7b5ee4306247d208b526a1e5373f4312e,157,https://github.com/sqlalchemy/alembic/issues/157,https://github.com/sqlalchemy/alembic/tree/36b191f1f7649edf5cd72e4e41b42e34eed0d259,https://github.com/sqlalchemy/alembic/tree/40351ce7b5ee4306247d208b526a1e5373f4312e,https://github.com/sqlalchemy/alembic/compare/36b191f1f7649edf5cd72e4e41b42e34eed0d259...40351ce7b5ee4306247d208b526a1e5373f4312e
37,Alembic,158dea527a00050d008e2d78ddd1ef5765b482f4,410898a56bee5d8dac411e806423fa63dda0d441,163,https://github.com/sqlalchemy/alembic/issues/163,https://github.com/sqlalchemy/alembic/tree/158dea527a00050d008e2d78ddd1ef5765b482f4,https://github.com/sqlalchemy/alembic/tree/410898a56bee5d8dac411e806423fa63dda0d441,https://github.com/sqlalchemy/alembic/compare/158dea527a00050d008e2d78ddd1ef5765b482f4...410898a56bee5d8dac411e806423fa63dda0d441
38,Alembic,eb5c4ca10e6b47b07ecd2961443b0ca578f8f04b,4bd2739ec9fb3b789880bea096522d36fb4c4b01,170,https://github.com/sqlalchemy/alembic/issues/170,https://github.com/sqlalchemy/alembic/tree/eb5c4ca10e6b47b07ecd2961443b0ca578f8f04b,https://github.com/sqlalchemy/alembic/tree/4bd2739ec9fb3b789880bea096522d36fb4c4b01,https://github.com/sqlalchemy/alembic/compare/eb5c4ca10e6b47b07ecd2961443b0ca578f8f04b...4bd2739ec9fb3b789880bea096522d36fb4c4b01
39,Alembic,a97262e9b5b5f74fdd6ceed500afdc2bb7bb3314,8fb75e4c9e61bf3327b331ad69e5c6257e230195,164,https://github.com/sqlalchemy/alembic/issues/164,https://github.com/sqlalchemy/alembic/tree/a97262e9b5b5f74fdd6ceed500afdc2bb7bb3314,https://github.com/sqlalchemy/alembic/tree/8fb75e4c9e61bf3327b331ad69e5c6257e230195,https://github.com/sqlalchemy/alembic/compare/a97262e9b5b5f74fdd6ceed500afdc2bb7bb3314...8fb75e4c9e61bf3327b331ad69e5c6257e230195
40,Alembic,410898a56bee5d8dac411e806423fa63dda0d441,b3c4390c7b405a75f9c09f236b53100918a0e39c,163,https://github.com/sqlalchemy/alembic/issues/163,https://github.com/sqlalchemy/alembic/tree/410898a56bee5d8dac411e806423fa63dda0d441,https://github.com/sqlalchemy/alembic/tree/b3c4390c7b405a75f9c09f236b53100918a0e39c,https://github.com/sqlalchemy/alembic/compare/410898a56bee5d8dac411e806423fa63dda0d441...b3c4390c7b405a75f9c09f236b53100918a0e39c
41,Alembic,f8890706f92eb86dcb46f56d04c50d9f5ebb95a9,a6b02d1019dda9d824e0f9a0248865cf03c560a8,183,https://github.com/sqlalchemy/alembic/issues/183,https://github.com/sqlalchemy/alembic/tree/f8890706f92eb86dcb46f56d04c50d9f5ebb95a9,https://github.com/sqlalchemy/alembic/tree/a6b02d1019dda9d824e0f9a0248865cf03c560a8,https://github.com/sqlalchemy/alembic/compare/f8890706f92eb86dcb46f56d04c50d9f5ebb95a9...a6b02d1019dda9d824e0f9a0248865cf03c560a8
42,Alembic,a6b02d1019dda9d824e0f9a0248865cf03c560a8,4bb4d50b8ace9ca17bf4239c584e6afae83d6fbc,185,https://github.com/sqlalchemy/alembic/issues/185,https://github.com/sqlalchemy/alembic/tree/a6b02d1019dda9d824e0f9a0248865cf03c560a8,https://github.com/sqlalchemy/alembic/tree/4bb4d50b8ace9ca17bf4239c584e6afae83d6fbc,https://github.com/sqlalchemy/alembic/compare/a6b02d1019dda9d824e0f9a0248865cf03c560a8...4bb4d50b8ace9ca17bf4239c584e6afae83d6fbc
43,Alembic,4bb4d50b8ace9ca17bf4239c584e6afae83d6fbc,efdf9e408fb10049de5effd3dade6fa276190c4b,189,https://github.com/sqlalchemy/alembic/issues/189,https://github.com/sqlalchemy/alembic/tree/4bb4d50b8ace9ca17bf4239c584e6afae83d6fbc,https://github.com/sqlalchemy/alembic/tree/efdf9e408fb10049de5effd3dade6fa276190c4b,https://github.com/sqlalchemy/alembic/compare/4bb4d50b8ace9ca17bf4239c584e6afae83d6fbc...efdf9e408fb10049de5effd3dade6fa276190c4b
44,Alembic,efdf9e408fb10049de5effd3dade6fa276190c4b,623c7e76ef04c5656d7a116287a39e318f6744b1,163,https://github.com/sqlalchemy/alembic/issues/163,https://github.com/sqlalchemy/alembic/tree/efdf9e408fb10049de5effd3dade6fa276190c4b,https://github.com/sqlalchemy/alembic/tree/623c7e76ef04c5656d7a116287a39e318f6744b1,https://github.com/sqlalchemy/alembic/compare/efdf9e408fb10049de5effd3dade6fa276190c4b...623c7e76ef04c5656d7a116287a39e318f6744b1
45,Alembic,623c7e76ef04c5656d7a116287a39e318f6744b1,ce7ce28f3c11774c61668663fe60ff41080de90a,190,https://github.com/sqlalchemy/alembic/issues/190,https://github.com/sqlalchemy/alembic/tree/623c7e76ef04c5656d7a116287a39e318f6744b1,https://github.com/sqlalchemy/alembic/tree/ce7ce28f3c11774c61668663fe60ff41080de90a,https://github.com/sqlalchemy/alembic/compare/623c7e76ef04c5656d7a116287a39e318f6744b1...ce7ce28f3c11774c61668663fe60ff41080de90a
46,Alembic,a9426a4ec4f14aa12c17f22505771a484c87c304,b61eccce5e45651ccdb25e61dbfce6b7af0ebe89,103,https://github.com/sqlalchemy/alembic/issues/103,https://github.com/sqlalchemy/alembic/tree/a9426a4ec4f14aa12c17f22505771a484c87c304,https://github.com/sqlalchemy/alembic/tree/b61eccce5e45651ccdb25e61dbfce6b7af0ebe89,https://github.com/sqlalchemy/alembic/compare/a9426a4ec4f14aa12c17f22505771a484c87c304...b61eccce5e45651ccdb25e61dbfce6b7af0ebe89
47,Alembic,1328b5e4dc70924d54a7f4c5201a840224252b47,b2978071990407cf6593042beda619972c62ea87,103,https://github.com/sqlalchemy/alembic/issues/103,https://github.com/sqlalchemy/alembic/tree/1328b5e4dc70924d54a7f4c5201a840224252b47,https://github.com/sqlalchemy/alembic/tree/b2978071990407cf6593042beda619972c62ea87,https://github.com/sqlalchemy/alembic/compare/1328b5e4dc70924d54a7f4c5201a840224252b47...b2978071990407cf6593042beda619972c62ea87
48,Alembic,b2978071990407cf6593042beda619972c62ea87,efecc6c178d7b62f3d5ee35f2bf51ab79d310cdd,186,https://github.com/sqlalchemy/alembic/issues/186,https://github.com/sqlalchemy/alembic/tree/b2978071990407cf6593042beda619972c62ea87,https://github.com/sqlalchemy/alembic/tree/efecc6c178d7b62f3d5ee35f2bf51ab79d310cdd,https://github.com/sqlalchemy/alembic/compare/b2978071990407cf6593042beda619972c62ea87...efecc6c178d7b62f3d5ee35f2bf51ab79d310cdd
49,Alembic,efecc6c178d7b62f3d5ee35f2bf51ab79d310cdd,58c188755a7c6228cf77fa9b656c79d3e38cc576,192,https://github.com/sqlalchemy/alembic/issues/192,https://github.com/sqlalchemy/alembic/tree/efecc6c178d7b62f3d5ee35f2bf51ab79d310cdd,https://github.com/sqlalchemy/alembic/tree/58c188755a7c6228cf77fa9b656c79d3e38cc576,https://github.com/sqlalchemy/alembic/compare/efecc6c178d7b62f3d5ee35f2bf51ab79d310cdd...58c188755a7c6228cf77fa9b656c79d3e38cc576
50,Alembic,e5a066c7caf9256e006121d87e859b8ca51f7769,a9fa7d9651df412a405b848f1bb5848fde5200f1,194,https://github.com/sqlalchemy/alembic/issues/194,https://github.com/sqlalchemy/alembic/tree/e5a066c7caf9256e006121d87e859b8ca51f7769,https://github.com/sqlalchemy/alembic/tree/a9fa7d9651df412a405b848f1bb5848fde5200f1,https://github.com/sqlalchemy/alembic/compare/e5a066c7caf9256e006121d87e859b8ca51f7769...a9fa7d9651df412a405b848f1bb5848fde5200f1
51,Alembic,99261960b8dcc853e26406e0a2191c9c65ab2fce,a43dc5f688f4c06885ec8066b9fff1c25cb3e305,175,https://github.com/sqlalchemy/alembic/issues/175,https://github.com/sqlalchemy/alembic/tree/99261960b8dcc853e26406e0a2191c9c65ab2fce,https://github.com/sqlalchemy/alembic/tree/a43dc5f688f4c06885ec8066b9fff1c25cb3e305,https://github.com/sqlalchemy/alembic/compare/99261960b8dcc853e26406e0a2191c9c65ab2fce...a43dc5f688f4c06885ec8066b9fff1c25cb3e305
52,Alembic,a9fa7d9651df412a405b848f1bb5848fde5200f1,4e0b345af1f6d64e184a87fd3d03f5f73665afb6,195,https://github.com/sqlalchemy/alembic/issues/195,https://github.com/sqlalchemy/alembic/tree/a9fa7d9651df412a405b848f1bb5848fde5200f1,https://github.com/sqlalchemy/alembic/tree/4e0b345af1f6d64e184a87fd3d03f5f73665afb6,https://github.com/sqlalchemy/alembic/compare/a9fa7d9651df412a405b848f1bb5848fde5200f1...4e0b345af1f6d64e184a87fd3d03f5f73665afb6
53,Alembic,4e0b345af1f6d64e184a87fd3d03f5f73665afb6,bc6971aa4abdafb7e1a1123c26a373cc25a34ca9,200,https://github.com/sqlalchemy/alembic/issues/200,https://github.com/sqlalchemy/alembic/tree/4e0b345af1f6d64e184a87fd3d03f5f73665afb6,https://github.com/sqlalchemy/alembic/tree/bc6971aa4abdafb7e1a1123c26a373cc25a34ca9,https://github.com/sqlalchemy/alembic/compare/4e0b345af1f6d64e184a87fd3d03f5f73665afb6...bc6971aa4abdafb7e1a1123c26a373cc25a34ca9
54,Alembic,0a27bc488ff55b1947bbddb1b9a12902c9c818f9,c1fcfae70f7bff5ea5642414e8293a520fcac618,172,https://github.com/sqlalchemy/alembic/issues/172,https://github.com/sqlalchemy/alembic/tree/0a27bc488ff55b1947bbddb1b9a12902c9c818f9,https://github.com/sqlalchemy/alembic/tree/c1fcfae70f7bff5ea5642414e8293a520fcac618,https://github.com/sqlalchemy/alembic/compare/0a27bc488ff55b1947bbddb1b9a12902c9c818f9...c1fcfae70f7bff5ea5642414e8293a520fcac618
55,Alembic,bc6971aa4abdafb7e1a1123c26a373cc25a34ca9,2d490cd10bd290403ec14111319e24a527a4df9f,201,https://github.com/sqlalchemy/alembic/issues/201,https://github.com/sqlalchemy/alembic/tree/bc6971aa4abdafb7e1a1123c26a373cc25a34ca9,https://github.com/sqlalchemy/alembic/tree/2d490cd10bd290403ec14111319e24a527a4df9f,https://github.com/sqlalchemy/alembic/compare/bc6971aa4abdafb7e1a1123c26a373cc25a34ca9...2d490cd10bd290403ec14111319e24a527a4df9f
56,Alembic,0a93da93d011118d9446e0ef7b4d5d80e550adfb,1f4d8c61033685d90c344c96222e2f8249ca68e8,208,https://github.com/sqlalchemy/alembic/issues/208,https://github.com/sqlalchemy/alembic/tree/0a93da93d011118d9446e0ef7b4d5d80e550adfb,https://github.com/sqlalchemy/alembic/tree/1f4d8c61033685d90c344c96222e2f8249ca68e8,https://github.com/sqlalchemy/alembic/compare/0a93da93d011118d9446e0ef7b4d5d80e550adfb...1f4d8c61033685d90c344c96222e2f8249ca68e8
57,Alembic,42b109c414aca7b1cf9069c1e1168a20dea3b343,de24f3e1b1a2264845779267d1fe3f406fc2cbf4,212,https://github.com/sqlalchemy/alembic/issues/212,https://github.com/sqlalchemy/alembic/tree/42b109c414aca7b1cf9069c1e1168a20dea3b343,https://github.com/sqlalchemy/alembic/tree/de24f3e1b1a2264845779267d1fe3f406fc2cbf4,https://github.com/sqlalchemy/alembic/compare/42b109c414aca7b1cf9069c1e1168a20dea3b343...de24f3e1b1a2264845779267d1fe3f406fc2cbf4
58,Alembic,75652fe132913aea255e55d89b29c393283cdd06,ff74edfc7e1dab3f6e19c546eb956fbd0bae30d8,73,https://github.com/sqlalchemy/alembic/issues/73,https://github.com/sqlalchemy/alembic/tree/75652fe132913aea255e55d89b29c393283cdd06,https://github.com/sqlalchemy/alembic/tree/ff74edfc7e1dab3f6e19c546eb956fbd0bae30d8,https://github.com/sqlalchemy/alembic/compare/75652fe132913aea255e55d89b29c393283cdd06...ff74edfc7e1dab3f6e19c546eb956fbd0bae30d8
59,Alembic,fc6122313029f817c429ec41626e96910a5c7797,55d97db8c3edc12ee15eb6e7ca6afb173a93e770,202,https://github.com/sqlalchemy/alembic/issues/202,https://github.com/sqlalchemy/alembic/tree/fc6122313029f817c429ec41626e96910a5c7797,https://github.com/sqlalchemy/alembic/tree/55d97db8c3edc12ee15eb6e7ca6afb173a93e770,https://github.com/sqlalchemy/alembic/compare/fc6122313029f817c429ec41626e96910a5c7797...55d97db8c3edc12ee15eb6e7ca6afb173a93e770
60,Alembic,49b41feef2ab5180a3e500c78731fade3e43b86a,5bb97a4b094bd6aac0a47f2c7ad268b57cd4b32d,230,https://github.com/sqlalchemy/alembic/issues/230,https://github.com/sqlalchemy/alembic/tree/49b41feef2ab5180a3e500c78731fade3e43b86a,https://github.com/sqlalchemy/alembic/tree/5bb97a4b094bd6aac0a47f2c7ad268b57cd4b32d,https://github.com/sqlalchemy/alembic/compare/49b41feef2ab5180a3e500c78731fade3e43b86a...5bb97a4b094bd6aac0a47f2c7ad268b57cd4b32d
61,Alembic,ac95bad85cc6267e3ce013319ee590a084565666,5d9ea4bb754f8792a897b2092b6b9e469197610c,174,https://github.com/sqlalchemy/alembic/issues/174,https://github.com/sqlalchemy/alembic/tree/ac95bad85cc6267e3ce013319ee590a084565666,https://github.com/sqlalchemy/alembic/tree/5d9ea4bb754f8792a897b2092b6b9e469197610c,https://github.com/sqlalchemy/alembic/compare/ac95bad85cc6267e3ce013319ee590a084565666...5d9ea4bb754f8792a897b2092b6b9e469197610c
62,Alembic,d81619b50b9df7ff445884d84d155c01e7b2cbab,fd2a172df623650145d99bbe96b3f35bb3dd3ba3,234,https://github.com/sqlalchemy/alembic/issues/234,https://github.com/sqlalchemy/alembic/tree/d81619b50b9df7ff445884d84d155c01e7b2cbab,https://github.com/sqlalchemy/alembic/tree/fd2a172df623650145d99bbe96b3f35bb3dd3ba3,https://github.com/sqlalchemy/alembic/compare/d81619b50b9df7ff445884d84d155c01e7b2cbab...fd2a172df623650145d99bbe96b3f35bb3dd3ba3
63,Alembic,ac95bad85cc6267e3ce013319ee590a084565666,d81619b50b9df7ff445884d84d155c01e7b2cbab,234,https://github.com/sqlalchemy/alembic/issues/234,https://github.com/sqlalchemy/alembic/tree/ac95bad85cc6267e3ce013319ee590a084565666,https://github.com/sqlalchemy/alembic/tree/d81619b50b9df7ff445884d84d155c01e7b2cbab,https://github.com/sqlalchemy/alembic/compare/ac95bad85cc6267e3ce013319ee590a084565666...d81619b50b9df7ff445884d84d155c01e7b2cbab
64,Alembic,fd2a172df623650145d99bbe96b3f35bb3dd3ba3,44d5eea91b62cca15b21052241601f4243ff48a3,229,https://github.com/sqlalchemy/alembic/issues/229,https://github.com/sqlalchemy/alembic/tree/fd2a172df623650145d99bbe96b3f35bb3dd3ba3,https://github.com/sqlalchemy/alembic/tree/44d5eea91b62cca15b21052241601f4243ff48a3,https://github.com/sqlalchemy/alembic/compare/fd2a172df623650145d99bbe96b3f35bb3dd3ba3...44d5eea91b62cca15b21052241601f4243ff48a3
65,Alembic,9650ccfb6841de45efdedb40de5b5f9d3d2f4582,b16bdf8789cc3f16fd6a5a94288ba204646bbc23,240,https://github.com/sqlalchemy/alembic/issues/240,https://github.com/sqlalchemy/alembic/tree/9650ccfb6841de45efdedb40de5b5f9d3d2f4582,https://github.com/sqlalchemy/alembic/tree/b16bdf8789cc3f16fd6a5a94288ba204646bbc23,https://github.com/sqlalchemy/alembic/compare/9650ccfb6841de45efdedb40de5b5f9d3d2f4582...b16bdf8789cc3f16fd6a5a94288ba204646bbc23
66,Alembic,44d5eea91b62cca15b21052241601f4243ff48a3,9650ccfb6841de45efdedb40de5b5f9d3d2f4582,28,https://github.com/sqlalchemy/alembic/issues/28,https://github.com/sqlalchemy/alembic/tree/44d5eea91b62cca15b21052241601f4243ff48a3,https://github.com/sqlalchemy/alembic/tree/9650ccfb6841de45efdedb40de5b5f9d3d2f4582,https://github.com/sqlalchemy/alembic/compare/44d5eea91b62cca15b21052241601f4243ff48a3...9650ccfb6841de45efdedb40de5b5f9d3d2f4582
67,Alembic,44d5eea91b62cca15b21052241601f4243ff48a3,9650ccfb6841de45efdedb40de5b5f9d3d2f4582,77,https://github.com/sqlalchemy/alembic/issues/77,https://github.com/sqlalchemy/alembic/tree/44d5eea91b62cca15b21052241601f4243ff48a3,https://github.com/sqlalchemy/alembic/tree/9650ccfb6841de45efdedb40de5b5f9d3d2f4582,https://github.com/sqlalchemy/alembic/compare/44d5eea91b62cca15b21052241601f4243ff48a3...9650ccfb6841de45efdedb40de5b5f9d3d2f4582
68,Alembic,b16bdf8789cc3f16fd6a5a94288ba204646bbc23,92184a55cac2c0fa04396df4b2d4d9694e97f43f,199,https://github.com/sqlalchemy/alembic/issues/199,https://github.com/sqlalchemy/alembic/tree/b16bdf8789cc3f16fd6a5a94288ba204646bbc23,https://github.com/sqlalchemy/alembic/tree/92184a55cac2c0fa04396df4b2d4d9694e97f43f,https://github.com/sqlalchemy/alembic/compare/b16bdf8789cc3f16fd6a5a94288ba204646bbc23...92184a55cac2c0fa04396df4b2d4d9694e97f43f
69,Alembic,92184a55cac2c0fa04396df4b2d4d9694e97f43f,0fa7716ffe6ac1261c9446162d6486f0411ed4df,219,https://github.com/sqlalchemy/alembic/issues/219,https://github.com/sqlalchemy/alembic/tree/92184a55cac2c0fa04396df4b2d4d9694e97f43f,https://github.com/sqlalchemy/alembic/tree/0fa7716ffe6ac1261c9446162d6486f0411ed4df,https://github.com/sqlalchemy/alembic/compare/92184a55cac2c0fa04396df4b2d4d9694e97f43f...0fa7716ffe6ac1261c9446162d6486f0411ed4df
70,Alembic,0fa7716ffe6ac1261c9446162d6486f0411ed4df,e7d17fb89bf3c0f4a8ebc72947765db62e9ab0f1,203,https://github.com/sqlalchemy/alembic/issues/203,https://github.com/sqlalchemy/alembic/tree/0fa7716ffe6ac1261c9446162d6486f0411ed4df,https://github.com/sqlalchemy/alembic/tree/e7d17fb89bf3c0f4a8ebc72947765db62e9ab0f1,https://github.com/sqlalchemy/alembic/compare/0fa7716ffe6ac1261c9446162d6486f0411ed4df...e7d17fb89bf3c0f4a8ebc72947765db62e9ab0f1
71,Alembic,d900d4cf62b85eab1efac85373da9a220cebca86,8cf1620d01c7ca3516286c3619d29433596b2379,174,https://github.com/sqlalchemy/alembic/issues/174,https://github.com/sqlalchemy/alembic/tree/d900d4cf62b85eab1efac85373da9a220cebca86,https://github.com/sqlalchemy/alembic/tree/8cf1620d01c7ca3516286c3619d29433596b2379,https://github.com/sqlalchemy/alembic/compare/d900d4cf62b85eab1efac85373da9a220cebca86...8cf1620d01c7ca3516286c3619d29433596b2379
72,Alembic,a02719dcca8f10d227f6e8fcfcb4b042a9e36cf7,9f5ebb1e53c3a65e98447ccf13750e9ea804a8d4,245,https://github.com/sqlalchemy/alembic/issues/245,https://github.com/sqlalchemy/alembic/tree/a02719dcca8f10d227f6e8fcfcb4b042a9e36cf7,https://github.com/sqlalchemy/alembic/tree/9f5ebb1e53c3a65e98447ccf13750e9ea804a8d4,https://github.com/sqlalchemy/alembic/compare/a02719dcca8f10d227f6e8fcfcb4b042a9e36cf7...9f5ebb1e53c3a65e98447ccf13750e9ea804a8d4
73,Alembic,22bc8c4f0eafbafd917caea044a02dfe2495bca7,2cdff3d2bbe5bd526771a77299caa11e1a9fa783,247,https://github.com/sqlalchemy/alembic/issues/247,https://github.com/sqlalchemy/alembic/tree/22bc8c4f0eafbafd917caea044a02dfe2495bca7,https://github.com/sqlalchemy/alembic/tree/2cdff3d2bbe5bd526771a77299caa11e1a9fa783,https://github.com/sqlalchemy/alembic/compare/22bc8c4f0eafbafd917caea044a02dfe2495bca7...2cdff3d2bbe5bd526771a77299caa11e1a9fa783
74,Alembic,afaba66ea550d9aefc823b7025d0e2b56d4a37fa,a02719dcca8f10d227f6e8fcfcb4b042a9e36cf7,243,https://github.com/sqlalchemy/alembic/issues/243,https://github.com/sqlalchemy/alembic/tree/afaba66ea550d9aefc823b7025d0e2b56d4a37fa,https://github.com/sqlalchemy/alembic/tree/a02719dcca8f10d227f6e8fcfcb4b042a9e36cf7,https://github.com/sqlalchemy/alembic/compare/afaba66ea550d9aefc823b7025d0e2b56d4a37fa...a02719dcca8f10d227f6e8fcfcb4b042a9e36cf7
75,Alembic,a1618830cf2b200e6ff37c1655d177c91218bf5f,360b8b98da0ba308e04938916908329e4d0d90dc,247,https://github.com/sqlalchemy/alembic/issues/247,https://github.com/sqlalchemy/alembic/tree/a1618830cf2b200e6ff37c1655d177c91218bf5f,https://github.com/sqlalchemy/alembic/tree/360b8b98da0ba308e04938916908329e4d0d90dc,https://github.com/sqlalchemy/alembic/compare/a1618830cf2b200e6ff37c1655d177c91218bf5f...360b8b98da0ba308e04938916908329e4d0d90dc
76,Alembic,2639f8f5f85294a84414a5adeb8bcce601e8977a,15376ba1d60bc2529f830e8b52fa6b2e9eac29d6,248,https://github.com/sqlalchemy/alembic/issues/248,https://github.com/sqlalchemy/alembic/tree/2639f8f5f85294a84414a5adeb8bcce601e8977a,https://github.com/sqlalchemy/alembic/tree/15376ba1d60bc2529f830e8b52fa6b2e9eac29d6,https://github.com/sqlalchemy/alembic/compare/2639f8f5f85294a84414a5adeb8bcce601e8977a...15376ba1d60bc2529f830e8b52fa6b2e9eac29d6
77,Alembic,6d5155de3491b9c52c673de5d07920872cdca808,22667c19df7e30469b61f901cd6404f5d3a5cc14,251,https://github.com/sqlalchemy/alembic/issues/251,https://github.com/sqlalchemy/alembic/tree/6d5155de3491b9c52c673de5d07920872cdca808,https://github.com/sqlalchemy/alembic/tree/22667c19df7e30469b61f901cd6404f5d3a5cc14,https://github.com/sqlalchemy/alembic/compare/6d5155de3491b9c52c673de5d07920872cdca808...22667c19df7e30469b61f901cd6404f5d3a5cc14
78,Alembic,2a06536d6e4bbdf8e3973877912ada1c0a54664c,2851811c9fdaa7b5d62288b31a38b1a8e6c8e8d0,249,https://github.com/sqlalchemy/alembic/issues/249,https://github.com/sqlalchemy/alembic/tree/2a06536d6e4bbdf8e3973877912ada1c0a54664c,https://github.com/sqlalchemy/alembic/tree/2851811c9fdaa7b5d62288b31a38b1a8e6c8e8d0,https://github.com/sqlalchemy/alembic/compare/2a06536d6e4bbdf8e3973877912ada1c0a54664c...2851811c9fdaa7b5d62288b31a38b1a8e6c8e8d0
79,Alembic,206143c9b1f5fe138bb31c33054acee11bcbdb63,b20ad56cabbdd236ec5bc20f5b84eaf049b6deed,254,https://github.com/sqlalchemy/alembic/issues/254,https://github.com/sqlalchemy/alembic/tree/206143c9b1f5fe138bb31c33054acee11bcbdb63,https://github.com/sqlalchemy/alembic/tree/b20ad56cabbdd236ec5bc20f5b84eaf049b6deed,https://github.com/sqlalchemy/alembic/compare/206143c9b1f5fe138bb31c33054acee11bcbdb63...b20ad56cabbdd236ec5bc20f5b84eaf049b6deed
80,Alembic,be0a6d76248b6566fa65b309f6df79b7c71e78a8,850cc34ce1533775aa9496de8eaf06579d6dd6e5,258,https://github.com/sqlalchemy/alembic/issues/258,https://github.com/sqlalchemy/alembic/tree/be0a6d76248b6566fa65b309f6df79b7c71e78a8,https://github.com/sqlalchemy/alembic/tree/850cc34ce1533775aa9496de8eaf06579d6dd6e5,https://github.com/sqlalchemy/alembic/compare/be0a6d76248b6566fa65b309f6df79b7c71e78a8...850cc34ce1533775aa9496de8eaf06579d6dd6e5
81,Alembic,758d52eb444b02ccb7987b4cb124b759cdedde74,fe54b591448fd91f26528fd3f8394dc6a42eaea9,261,https://github.com/sqlalchemy/alembic/issues/261,https://github.com/sqlalchemy/alembic/tree/758d52eb444b02ccb7987b4cb124b759cdedde74,https://github.com/sqlalchemy/alembic/tree/fe54b591448fd91f26528fd3f8394dc6a42eaea9,https://github.com/sqlalchemy/alembic/compare/758d52eb444b02ccb7987b4cb124b759cdedde74...fe54b591448fd91f26528fd3f8394dc6a42eaea9
82,Alembic,b908cf9ed36b9e309afcbce197d1db63c2f13d53,d12da7c187c7121870216526fb89c782be5dd8fd,260,https://github.com/sqlalchemy/alembic/issues/260,https://github.com/sqlalchemy/alembic/tree/b908cf9ed36b9e309afcbce197d1db63c2f13d53,https://github.com/sqlalchemy/alembic/tree/d12da7c187c7121870216526fb89c782be5dd8fd,https://github.com/sqlalchemy/alembic/compare/b908cf9ed36b9e309afcbce197d1db63c2f13d53...d12da7c187c7121870216526fb89c782be5dd8fd
83,Alembic,d12da7c187c7121870216526fb89c782be5dd8fd,00dae5f77e51c8cb4902939a5b85efdfb920c68b,259,https://github.com/sqlalchemy/alembic/issues/259,https://github.com/sqlalchemy/alembic/tree/d12da7c187c7121870216526fb89c782be5dd8fd,https://github.com/sqlalchemy/alembic/tree/00dae5f77e51c8cb4902939a5b85efdfb920c68b,https://github.com/sqlalchemy/alembic/compare/d12da7c187c7121870216526fb89c782be5dd8fd...00dae5f77e51c8cb4902939a5b85efdfb920c68b
84,Alembic,b2fb21f01e725b88dfd4d6be33e3892c088001ec,c2ee9f519e6bca05c0328f1977e8727da87daf50,241,https://github.com/sqlalchemy/alembic/issues/241,https://github.com/sqlalchemy/alembic/tree/b2fb21f01e725b88dfd4d6be33e3892c088001ec,https://github.com/sqlalchemy/alembic/tree/c2ee9f519e6bca05c0328f1977e8727da87daf50,https://github.com/sqlalchemy/alembic/compare/b2fb21f01e725b88dfd4d6be33e3892c088001ec...c2ee9f519e6bca05c0328f1977e8727da87daf50
85,Alembic,7c39f89bb0f8823c2bbfa0c8f835cba530c5b883,56d56f55bde13214359222db46e2da61f0438a10,267,https://github.com/sqlalchemy/alembic/issues/267,https://github.com/sqlalchemy/alembic/tree/7c39f89bb0f8823c2bbfa0c8f835cba530c5b883,https://github.com/sqlalchemy/alembic/tree/56d56f55bde13214359222db46e2da61f0438a10,https://github.com/sqlalchemy/alembic/compare/7c39f89bb0f8823c2bbfa0c8f835cba530c5b883...56d56f55bde13214359222db46e2da61f0438a10
86,Alembic,267063c1b804b34174ab1fc388ccc616655631fd,0955d44f4b93ff520d07253373bb6cb9b25220b5,269,https://github.com/sqlalchemy/alembic/issues/269,https://github.com/sqlalchemy/alembic/tree/267063c1b804b34174ab1fc388ccc616655631fd,https://github.com/sqlalchemy/alembic/tree/0955d44f4b93ff520d07253373bb6cb9b25220b5,https://github.com/sqlalchemy/alembic/compare/267063c1b804b34174ab1fc388ccc616655631fd...0955d44f4b93ff520d07253373bb6cb9b25220b5
87,Alembic,8d04a04f6b00ccf68d5764265d416abcc8b3b379,f8890706f92eb86dcb46f56d04c50d9f5ebb95a9,160,https://github.com/sqlalchemy/alembic/issues/160,https://github.com/sqlalchemy/alembic/tree/8d04a04f6b00ccf68d5764265d416abcc8b3b379,https://github.com/sqlalchemy/alembic/tree/f8890706f92eb86dcb46f56d04c50d9f5ebb95a9,https://github.com/sqlalchemy/alembic/compare/8d04a04f6b00ccf68d5764265d416abcc8b3b379...f8890706f92eb86dcb46f56d04c50d9f5ebb95a9
88,Alembic,e8a0c740b17100e6e366a7484d58d5b26f68c094,2108076362cc76130ae61e14c7a0120a1f0a59c8,276,https://github.com/sqlalchemy/alembic/issues/276,https://github.com/sqlalchemy/alembic/tree/e8a0c740b17100e6e366a7484d58d5b26f68c094,https://github.com/sqlalchemy/alembic/tree/2108076362cc76130ae61e14c7a0120a1f0a59c8,https://github.com/sqlalchemy/alembic/compare/e8a0c740b17100e6e366a7484d58d5b26f68c094...2108076362cc76130ae61e14c7a0120a1f0a59c8
89,Alembic,2108076362cc76130ae61e14c7a0120a1f0a59c8,9e246542f53c6f470054a90585421ac725690bd7,266,https://github.com/sqlalchemy/alembic/issues/266,https://github.com/sqlalchemy/alembic/tree/2108076362cc76130ae61e14c7a0120a1f0a59c8,https://github.com/sqlalchemy/alembic/tree/9e246542f53c6f470054a90585421ac725690bd7,https://github.com/sqlalchemy/alembic/compare/2108076362cc76130ae61e14c7a0120a1f0a59c8...9e246542f53c6f470054a90585421ac725690bd7
90,Alembic,6443b29042cde2c36497fad06ba55b93d9e7a2e1,46761f9d868c40e0eacac45dac32fdce20bb6f7b,282,https://github.com/sqlalchemy/alembic/issues/282,https://github.com/sqlalchemy/alembic/tree/6443b29042cde2c36497fad06ba55b93d9e7a2e1,https://github.com/sqlalchemy/alembic/tree/46761f9d868c40e0eacac45dac32fdce20bb6f7b,https://github.com/sqlalchemy/alembic/compare/6443b29042cde2c36497fad06ba55b93d9e7a2e1...46761f9d868c40e0eacac45dac32fdce20bb6f7b
91,Alembic,46761f9d868c40e0eacac45dac32fdce20bb6f7b,77a6c827bf5556cfbc84b624ac2439f72a358e74,282,https://github.com/sqlalchemy/alembic/issues/282,https://github.com/sqlalchemy/alembic/tree/46761f9d868c40e0eacac45dac32fdce20bb6f7b,https://github.com/sqlalchemy/alembic/tree/77a6c827bf5556cfbc84b624ac2439f72a358e74,https://github.com/sqlalchemy/alembic/compare/46761f9d868c40e0eacac45dac32fdce20bb6f7b...77a6c827bf5556cfbc84b624ac2439f72a358e74
92,Alembic,77a6c827bf5556cfbc84b624ac2439f72a358e74,623569886392e1d9b7fd77f8bad9ca4cc1fb9563,284,https://github.com/sqlalchemy/alembic/issues/284,https://github.com/sqlalchemy/alembic/tree/77a6c827bf5556cfbc84b624ac2439f72a358e74,https://github.com/sqlalchemy/alembic/tree/623569886392e1d9b7fd77f8bad9ca4cc1fb9563,https://github.com/sqlalchemy/alembic/compare/77a6c827bf5556cfbc84b624ac2439f72a358e74...623569886392e1d9b7fd77f8bad9ca4cc1fb9563
93,Alembic,3b516aecde0166f28db34cff116b0a8dadb0b5db,4c2f825086d8f016dd824da7bbe6af20a0eeb67c,266,https://github.com/sqlalchemy/alembic/issues/266,https://github.com/sqlalchemy/alembic/tree/3b516aecde0166f28db34cff116b0a8dadb0b5db,https://github.com/sqlalchemy/alembic/tree/4c2f825086d8f016dd824da7bbe6af20a0eeb67c,https://github.com/sqlalchemy/alembic/compare/3b516aecde0166f28db34cff116b0a8dadb0b5db...4c2f825086d8f016dd824da7bbe6af20a0eeb67c
94,Alembic,c3e39ec4bff3345dcc1daa1d678989b6fd690a3d,2af6e438c9558eeddbfe0d27d5690660f3b798cf,287,https://github.com/sqlalchemy/alembic/issues/287,https://github.com/sqlalchemy/alembic/tree/c3e39ec4bff3345dcc1daa1d678989b6fd690a3d,https://github.com/sqlalchemy/alembic/tree/2af6e438c9558eeddbfe0d27d5690660f3b798cf,https://github.com/sqlalchemy/alembic/compare/c3e39ec4bff3345dcc1daa1d678989b6fd690a3d...2af6e438c9558eeddbfe0d27d5690660f3b798cf
95,Alembic,9545e87008bfa4024d0a35c5bbd65c27048bd84e,f02f211b93ad31992e20afcb60c17a314afa8425,289,https://github.com/sqlalchemy/alembic/issues/289,https://github.com/sqlalchemy/alembic/tree/9545e87008bfa4024d0a35c5bbd65c27048bd84e,https://github.com/sqlalchemy/alembic/tree/f02f211b93ad31992e20afcb60c17a314afa8425,https://github.com/sqlalchemy/alembic/compare/9545e87008bfa4024d0a35c5bbd65c27048bd84e...f02f211b93ad31992e20afcb60c17a314afa8425
96,Alembic,73650a8f198f6b28326039fb5f05058a8b8d4139,54e4f58d1f5315a6bb4c579d1ac8cdb802e7439e,290,https://github.com/sqlalchemy/alembic/issues/290,https://github.com/sqlalchemy/alembic/tree/73650a8f198f6b28326039fb5f05058a8b8d4139,https://github.com/sqlalchemy/alembic/tree/54e4f58d1f5315a6bb4c579d1ac8cdb802e7439e,https://github.com/sqlalchemy/alembic/compare/73650a8f198f6b28326039fb5f05058a8b8d4139...54e4f58d1f5315a6bb4c579d1ac8cdb802e7439e
97,Alembic,a192c345fcfcf4d5dd817f898ec883d7fa3b0ac4,dabc7f0932dd13104411469fdc5327474b2bc8e3,296,https://github.com/sqlalchemy/alembic/issues/296,https://github.com/sqlalchemy/alembic/tree/a192c345fcfcf4d5dd817f898ec883d7fa3b0ac4,https://github.com/sqlalchemy/alembic/tree/dabc7f0932dd13104411469fdc5327474b2bc8e3,https://github.com/sqlalchemy/alembic/compare/a192c345fcfcf4d5dd817f898ec883d7fa3b0ac4...dabc7f0932dd13104411469fdc5327474b2bc8e3
98,Alembic,b35dbff602362a88a2580aaa8a26adfad15a837e,c75be37640a19990d385a8059b61319af6818358,297,https://github.com/sqlalchemy/alembic/issues/297,https://github.com/sqlalchemy/alembic/tree/b35dbff602362a88a2580aaa8a26adfad15a837e,https://github.com/sqlalchemy/alembic/tree/c75be37640a19990d385a8059b61319af6818358,https://github.com/sqlalchemy/alembic/compare/b35dbff602362a88a2580aaa8a26adfad15a837e...c75be37640a19990d385a8059b61319af6818358
99,Alembic,87629c53ac53ffab4f76a4d5654828f183e00b23,29b301a7ec46b871dced5580293fa8f5f8d4e899,298,https://github.com/sqlalchemy/alembic/issues/298,https://github.com/sqlalchemy/alembic/tree/87629c53ac53ffab4f76a4d5654828f183e00b23,https://github.com/sqlalchemy/alembic/tree/29b301a7ec46b871dced5580293fa8f5f8d4e899,https://github.com/sqlalchemy/alembic/compare/87629c53ac53ffab4f76a4d5654828f183e00b23...29b301a7ec46b871dced5580293fa8f5f8d4e899
100,Alembic,229f86723be4404c1bff3a63d97ab9f32ba93b0b,541cbd26b5b86ce445f2065b60d28fdcbbb299a9,300,https://github.com/sqlalchemy/alembic/issues/300,https://github.com/sqlalchemy/alembic/tree/229f86723be4404c1bff3a63d97ab9f32ba93b0b,https://github.com/sqlalchemy/alembic/tree/541cbd26b5b86ce445f2065b60d28fdcbbb299a9,https://github.com/sqlalchemy/alembic/compare/229f86723be4404c1bff3a63d97ab9f32ba93b0b...541cbd26b5b86ce445f2065b60d28fdcbbb299a9
101,Alembic,334e04d710f16a04ce4d9ed737ec2d0a02b11de4,6cc9c976d6c101f03579e4e4821bd6277599191a,179,https://github.com/sqlalchemy/alembic/issues/179,https://github.com/sqlalchemy/alembic/tree/334e04d710f16a04ce4d9ed737ec2d0a02b11de4,https://github.com/sqlalchemy/alembic/tree/6cc9c976d6c101f03579e4e4821bd6277599191a,https://github.com/sqlalchemy/alembic/compare/334e04d710f16a04ce4d9ed737ec2d0a02b11de4...6cc9c976d6c101f03579e4e4821bd6277599191a
102,Alembic,2d9fc09440882175ab7197dc963242e1110c820a,dad4be3409858fb639ce28b021cfa3879ed63833,310,https://github.com/sqlalchemy/alembic/issues/310,https://github.com/sqlalchemy/alembic/tree/2d9fc09440882175ab7197dc963242e1110c820a,https://github.com/sqlalchemy/alembic/tree/dad4be3409858fb639ce28b021cfa3879ed63833,https://github.com/sqlalchemy/alembic/compare/2d9fc09440882175ab7197dc963242e1110c820a...dad4be3409858fb639ce28b021cfa3879ed63833
103,Alembic,845052aba469d59e0654da5635dcb8550df5f214,590132c52e9fe3e5523cde7ea1206ce586880689,95,https://github.com/sqlalchemy/alembic/issues/95,https://github.com/sqlalchemy/alembic/tree/845052aba469d59e0654da5635dcb8550df5f214,https://github.com/sqlalchemy/alembic/tree/590132c52e9fe3e5523cde7ea1206ce586880689,https://github.com/sqlalchemy/alembic/compare/845052aba469d59e0654da5635dcb8550df5f214...590132c52e9fe3e5523cde7ea1206ce586880689
104,Alembic,df92071025385a33418cf654d1156d1feba85412,e05f0c370dd93a2295e3ebfdffba9d37bd732b48,318,https://github.com/sqlalchemy/alembic/issues/318,https://github.com/sqlalchemy/alembic/tree/df92071025385a33418cf654d1156d1feba85412,https://github.com/sqlalchemy/alembic/tree/e05f0c370dd93a2295e3ebfdffba9d37bd732b48,https://github.com/sqlalchemy/alembic/compare/df92071025385a33418cf654d1156d1feba85412...e05f0c370dd93a2295e3ebfdffba9d37bd732b48
105,Alembic,eb077a6c8d2c468736ba537eb1ab5400c9059aad,1458041accd038e54d58df3272736e2460360269,315,https://github.com/sqlalchemy/alembic/issues/315,https://github.com/sqlalchemy/alembic/tree/eb077a6c8d2c468736ba537eb1ab5400c9059aad,https://github.com/sqlalchemy/alembic/tree/1458041accd038e54d58df3272736e2460360269,https://github.com/sqlalchemy/alembic/compare/eb077a6c8d2c468736ba537eb1ab5400c9059aad...1458041accd038e54d58df3272736e2460360269
106,Alembic,0d38962a5e29a591e8e7c5788be05e13eef6f452,e155fa69a628a89215f2ef843393d4f9f4dde758,314,https://github.com/sqlalchemy/alembic/issues/314,https://github.com/sqlalchemy/alembic/tree/0d38962a5e29a591e8e7c5788be05e13eef6f452,https://github.com/sqlalchemy/alembic/tree/e155fa69a628a89215f2ef843393d4f9f4dde758,https://github.com/sqlalchemy/alembic/compare/0d38962a5e29a591e8e7c5788be05e13eef6f452...e155fa69a628a89215f2ef843393d4f9f4dde758
107,Alembic,8207591c88ee868fc0ddc83002f311eb85ae51da,b8752d50fbb2068988890e5397dff80616c46919,321,https://github.com/sqlalchemy/alembic/issues/321,https://github.com/sqlalchemy/alembic/tree/8207591c88ee868fc0ddc83002f311eb85ae51da,https://github.com/sqlalchemy/alembic/tree/b8752d50fbb2068988890e5397dff80616c46919,https://github.com/sqlalchemy/alembic/compare/8207591c88ee868fc0ddc83002f311eb85ae51da...b8752d50fbb2068988890e5397dff80616c46919
108,Alembic,33ab9bb8cdcad39841433e52d0134b0aab2ac716,1c67b1ab8c6fe273d4e175a14f0df5d3cbbd0edc,324,https://github.com/sqlalchemy/alembic/issues/324,https://github.com/sqlalchemy/alembic/tree/33ab9bb8cdcad39841433e52d0134b0aab2ac716,https://github.com/sqlalchemy/alembic/tree/1c67b1ab8c6fe273d4e175a14f0df5d3cbbd0edc,https://github.com/sqlalchemy/alembic/compare/33ab9bb8cdcad39841433e52d0134b0aab2ac716...1c67b1ab8c6fe273d4e175a14f0df5d3cbbd0edc
109,Alembic,9aef0f9fe04096f1ba31bd1efbc24b2bcc33bbd1,33ab9bb8cdcad39841433e52d0134b0aab2ac716,322,https://github.com/sqlalchemy/alembic/issues/322,https://github.com/sqlalchemy/alembic/tree/9aef0f9fe04096f1ba31bd1efbc24b2bcc33bbd1,https://github.com/sqlalchemy/alembic/tree/33ab9bb8cdcad39841433e52d0134b0aab2ac716,https://github.com/sqlalchemy/alembic/compare/9aef0f9fe04096f1ba31bd1efbc24b2bcc33bbd1...33ab9bb8cdcad39841433e52d0134b0aab2ac716
110,Alembic,459549c9ab7fef91b2dc8986bc0643bb2f6ec0c8,01101668f9d062a38525f1ad9437c06d85e3d33a,333,https://github.com/sqlalchemy/alembic/issues/333,https://github.com/sqlalchemy/alembic/tree/459549c9ab7fef91b2dc8986bc0643bb2f6ec0c8,https://github.com/sqlalchemy/alembic/tree/01101668f9d062a38525f1ad9437c06d85e3d33a,https://github.com/sqlalchemy/alembic/compare/459549c9ab7fef91b2dc8986bc0643bb2f6ec0c8...01101668f9d062a38525f1ad9437c06d85e3d33a
111,Alembic,12b83b1df0dab5b9a0d199a05dccfb54ef0c09e2,3105ed6a45787e74b2954e0f1daf4ba415c8cda6,338,https://github.com/sqlalchemy/alembic/issues/338,https://github.com/sqlalchemy/alembic/tree/12b83b1df0dab5b9a0d199a05dccfb54ef0c09e2,https://github.com/sqlalchemy/alembic/tree/3105ed6a45787e74b2954e0f1daf4ba415c8cda6,https://github.com/sqlalchemy/alembic/compare/12b83b1df0dab5b9a0d199a05dccfb54ef0c09e2...3105ed6a45787e74b2954e0f1daf4ba415c8cda6
112,Alembic,01101668f9d062a38525f1ad9437c06d85e3d33a,cd0bdca35f9b48d37a1f93c5b036786b01ea0372,332,https://github.com/sqlalchemy/alembic/issues/332,https://github.com/sqlalchemy/alembic/tree/01101668f9d062a38525f1ad9437c06d85e3d33a,https://github.com/sqlalchemy/alembic/tree/cd0bdca35f9b48d37a1f93c5b036786b01ea0372,https://github.com/sqlalchemy/alembic/compare/01101668f9d062a38525f1ad9437c06d85e3d33a...cd0bdca35f9b48d37a1f93c5b036786b01ea0372
113,Alembic,e5e43c65916670abd9f90b57df5598a308d37d45,98a0e3fb28f9f5dea6242ecd3b1062abc49914af,341,https://github.com/sqlalchemy/alembic/issues/341,https://github.com/sqlalchemy/alembic/tree/e5e43c65916670abd9f90b57df5598a308d37d45,https://github.com/sqlalchemy/alembic/tree/98a0e3fb28f9f5dea6242ecd3b1062abc49914af,https://github.com/sqlalchemy/alembic/compare/e5e43c65916670abd9f90b57df5598a308d37d45...98a0e3fb28f9f5dea6242ecd3b1062abc49914af
114,Alembic,e8622fa27c6dd25ef3ca6d94cf08f555d5dcf61f,6c9f34851dbd765e005b13fb9c5b8544892f22c5,45,https://github.com/sqlalchemy/alembic/issues/45,https://github.com/sqlalchemy/alembic/tree/e8622fa27c6dd25ef3ca6d94cf08f555d5dcf61f,https://github.com/sqlalchemy/alembic/tree/6c9f34851dbd765e005b13fb9c5b8544892f22c5,https://github.com/sqlalchemy/alembic/compare/e8622fa27c6dd25ef3ca6d94cf08f555d5dcf61f...6c9f34851dbd765e005b13fb9c5b8544892f22c5
115,Alembic,6c9f34851dbd765e005b13fb9c5b8544892f22c5,9eb7f3283df4364966f6e4614b8ed709c068f1fb,354,https://github.com/sqlalchemy/alembic/issues/354,https://github.com/sqlalchemy/alembic/tree/6c9f34851dbd765e005b13fb9c5b8544892f22c5,https://github.com/sqlalchemy/alembic/tree/9eb7f3283df4364966f6e4614b8ed709c068f1fb,https://github.com/sqlalchemy/alembic/compare/6c9f34851dbd765e005b13fb9c5b8544892f22c5...9eb7f3283df4364966f6e4614b8ed709c068f1fb
116,Alembic,6c9f34851dbd765e005b13fb9c5b8544892f22c5,9eb7f3283df4364966f6e4614b8ed709c068f1fb,355,https://github.com/sqlalchemy/alembic/issues/355,https://github.com/sqlalchemy/alembic/tree/6c9f34851dbd765e005b13fb9c5b8544892f22c5,https://github.com/sqlalchemy/alembic/tree/9eb7f3283df4364966f6e4614b8ed709c068f1fb,https://github.com/sqlalchemy/alembic/compare/6c9f34851dbd765e005b13fb9c5b8544892f22c5...9eb7f3283df4364966f6e4614b8ed709c068f1fb
117,Alembic,0b750d23844cc9ff7cc206d108156ba2028b7456,e88a366997a7e86e1f61855effbc809995270a68,337,https://github.com/sqlalchemy/alembic/issues/337,https://github.com/sqlalchemy/alembic/tree/0b750d23844cc9ff7cc206d108156ba2028b7456,https://github.com/sqlalchemy/alembic/tree/e88a366997a7e86e1f61855effbc809995270a68,https://github.com/sqlalchemy/alembic/compare/0b750d23844cc9ff7cc206d108156ba2028b7456...e88a366997a7e86e1f61855effbc809995270a68
118,Alembic,270af5cf5bedeff35c6e68e0ddb8ad85412aa32c,da7d599418721c80a59aa000733cc63908913e56,345,https://github.com/sqlalchemy/alembic/issues/345,https://github.com/sqlalchemy/alembic/tree/270af5cf5bedeff35c6e68e0ddb8ad85412aa32c,https://github.com/sqlalchemy/alembic/tree/da7d599418721c80a59aa000733cc63908913e56,https://github.com/sqlalchemy/alembic/compare/270af5cf5bedeff35c6e68e0ddb8ad85412aa32c...da7d599418721c80a59aa000733cc63908913e56
119,Alembic,f70f7542d162c1532ff727672f2f27d59e7bba25,11ad2a8dff73ce891d34b5cb54a23da90bb93481,361,https://github.com/sqlalchemy/alembic/issues/361,https://github.com/sqlalchemy/alembic/tree/f70f7542d162c1532ff727672f2f27d59e7bba25,https://github.com/sqlalchemy/alembic/tree/11ad2a8dff73ce891d34b5cb54a23da90bb93481,https://github.com/sqlalchemy/alembic/compare/f70f7542d162c1532ff727672f2f27d59e7bba25...11ad2a8dff73ce891d34b5cb54a23da90bb93481
120,Alembic,e6841df47c659af581913681c002f0210f8112aa,dd882e3e10bc416c6d459bf3f3b042a116cfb697,335,https://github.com/sqlalchemy/alembic/issues/335,https://github.com/sqlalchemy/alembic/tree/e6841df47c659af581913681c002f0210f8112aa,https://github.com/sqlalchemy/alembic/tree/dd882e3e10bc416c6d459bf3f3b042a116cfb697,https://github.com/sqlalchemy/alembic/compare/e6841df47c659af581913681c002f0210f8112aa...dd882e3e10bc416c6d459bf3f3b042a116cfb697
121,Alembic,928730590bca1682c7cf263994c3cd670dfb42d4,9538c3e1a71c946a53f8762e68e94cfbcb9f932f,365,https://github.com/sqlalchemy/alembic/issues/365,https://github.com/sqlalchemy/alembic/tree/928730590bca1682c7cf263994c3cd670dfb42d4,https://github.com/sqlalchemy/alembic/tree/9538c3e1a71c946a53f8762e68e94cfbcb9f932f,https://github.com/sqlalchemy/alembic/compare/928730590bca1682c7cf263994c3cd670dfb42d4...9538c3e1a71c946a53f8762e68e94cfbcb9f932f
122,Alembic,3820c30e2e20f2d18efc64d13b9e5f1ed6fbbe40,9b32cb748550cf5c412a9d34c1c209aa168c9c08,367,https://github.com/sqlalchemy/alembic/issues/367,https://github.com/sqlalchemy/alembic/tree/3820c30e2e20f2d18efc64d13b9e5f1ed6fbbe40,https://github.com/sqlalchemy/alembic/tree/9b32cb748550cf5c412a9d34c1c209aa168c9c08,https://github.com/sqlalchemy/alembic/compare/3820c30e2e20f2d18efc64d13b9e5f1ed6fbbe40...9b32cb748550cf5c412a9d34c1c209aa168c9c08
123,Alembic,6d69285f3833b1bdb1d0005756ffcdcad97502f1,111b1c13ae5a4330ebf0ed6d21c4a6f6bcd9f40e,377,https://github.com/sqlalchemy/alembic/issues/377,https://github.com/sqlalchemy/alembic/tree/6d69285f3833b1bdb1d0005756ffcdcad97502f1,https://github.com/sqlalchemy/alembic/tree/111b1c13ae5a4330ebf0ed6d21c4a6f6bcd9f40e,https://github.com/sqlalchemy/alembic/compare/6d69285f3833b1bdb1d0005756ffcdcad97502f1...111b1c13ae5a4330ebf0ed6d21c4a6f6bcd9f40e
124,Alembic,111b1c13ae5a4330ebf0ed6d21c4a6f6bcd9f40e,ca849060eb85dff7d7c9081c180c9a09cf365058,379,https://github.com/sqlalchemy/alembic/issues/379,https://github.com/sqlalchemy/alembic/tree/111b1c13ae5a4330ebf0ed6d21c4a6f6bcd9f40e,https://github.com/sqlalchemy/alembic/tree/ca849060eb85dff7d7c9081c180c9a09cf365058,https://github.com/sqlalchemy/alembic/compare/111b1c13ae5a4330ebf0ed6d21c4a6f6bcd9f40e...ca849060eb85dff7d7c9081c180c9a09cf365058
125,Alembic,ae06cffc608fdf9bd5e34eae4dc8b62336a68680,2df9c522563055ffcb5637d8bd875b438db70349,336,https://github.com/sqlalchemy/alembic/issues/336,https://github.com/sqlalchemy/alembic/tree/ae06cffc608fdf9bd5e34eae4dc8b62336a68680,https://github.com/sqlalchemy/alembic/tree/2df9c522563055ffcb5637d8bd875b438db70349,https://github.com/sqlalchemy/alembic/compare/ae06cffc608fdf9bd5e34eae4dc8b62336a68680...2df9c522563055ffcb5637d8bd875b438db70349
126,Alembic,d3676e25beb50ddc821937e4108d1c9535d4951e,3a984411ccbd1c84140e57c1a4a5e66ba04b739a,388,https://github.com/sqlalchemy/alembic/issues/388,https://github.com/sqlalchemy/alembic/tree/d3676e25beb50ddc821937e4108d1c9535d4951e,https://github.com/sqlalchemy/alembic/tree/3a984411ccbd1c84140e57c1a4a5e66ba04b739a,https://github.com/sqlalchemy/alembic/compare/d3676e25beb50ddc821937e4108d1c9535d4951e...3a984411ccbd1c84140e57c1a4a5e66ba04b739a
127,Alembic,539227fcbf4a7d2196c931696e6aa8ae1cad3dbe,01e9b8df995ae5ae404c3973ab0b1a99e9c08dce,395,https://github.com/sqlalchemy/alembic/issues/395,https://github.com/sqlalchemy/alembic/tree/539227fcbf4a7d2196c931696e6aa8ae1cad3dbe,https://github.com/sqlalchemy/alembic/tree/01e9b8df995ae5ae404c3973ab0b1a99e9c08dce,https://github.com/sqlalchemy/alembic/compare/539227fcbf4a7d2196c931696e6aa8ae1cad3dbe...01e9b8df995ae5ae404c3973ab0b1a99e9c08dce
128,Alembic,3a984411ccbd1c84140e57c1a4a5e66ba04b739a,539227fcbf4a7d2196c931696e6aa8ae1cad3dbe,392,https://github.com/sqlalchemy/alembic/issues/392,https://github.com/sqlalchemy/alembic/tree/3a984411ccbd1c84140e57c1a4a5e66ba04b739a,https://github.com/sqlalchemy/alembic/tree/539227fcbf4a7d2196c931696e6aa8ae1cad3dbe,https://github.com/sqlalchemy/alembic/compare/3a984411ccbd1c84140e57c1a4a5e66ba04b739a...539227fcbf4a7d2196c931696e6aa8ae1cad3dbe
129,Alembic,ccf3ca5fdfbb02938b4970a232a5401b310caf8d,6d69285f3833b1bdb1d0005756ffcdcad97502f1,378,https://github.com/sqlalchemy/alembic/issues/378,https://github.com/sqlalchemy/alembic/tree/ccf3ca5fdfbb02938b4970a232a5401b310caf8d,https://github.com/sqlalchemy/alembic/tree/6d69285f3833b1bdb1d0005756ffcdcad97502f1,https://github.com/sqlalchemy/alembic/compare/ccf3ca5fdfbb02938b4970a232a5401b310caf8d...6d69285f3833b1bdb1d0005756ffcdcad97502f1
130,Alembic,fa59029c5d6cb67455116530f8c00c0bbded5945,053062c2ee5a0c8d947e35ba27a6c60808dfea5f,356,https://github.com/sqlalchemy/alembic/issues/356,https://github.com/sqlalchemy/alembic/tree/fa59029c5d6cb67455116530f8c00c0bbded5945,https://github.com/sqlalchemy/alembic/tree/053062c2ee5a0c8d947e35ba27a6c60808dfea5f,https://github.com/sqlalchemy/alembic/compare/fa59029c5d6cb67455116530f8c00c0bbded5945...053062c2ee5a0c8d947e35ba27a6c60808dfea5f
131,Alembic,053062c2ee5a0c8d947e35ba27a6c60808dfea5f,a8b292edb1de26b199c2d4709bd7a871dead55cb,402,https://github.com/sqlalchemy/alembic/issues/402,https://github.com/sqlalchemy/alembic/tree/053062c2ee5a0c8d947e35ba27a6c60808dfea5f,https://github.com/sqlalchemy/alembic/tree/a8b292edb1de26b199c2d4709bd7a871dead55cb,https://github.com/sqlalchemy/alembic/compare/053062c2ee5a0c8d947e35ba27a6c60808dfea5f...a8b292edb1de26b199c2d4709bd7a871dead55cb
132,Alembic,3f995ffdff22e11866d8a2e0ee0ed5ba493c296d,b57b164177f18d09386097cacc3d425bb20c2be8,406,https://github.com/sqlalchemy/alembic/issues/406,https://github.com/sqlalchemy/alembic/tree/3f995ffdff22e11866d8a2e0ee0ed5ba493c296d,https://github.com/sqlalchemy/alembic/tree/b57b164177f18d09386097cacc3d425bb20c2be8,https://github.com/sqlalchemy/alembic/compare/3f995ffdff22e11866d8a2e0ee0ed5ba493c296d...b57b164177f18d09386097cacc3d425bb20c2be8
133,Alembic,62f2739e828a8fa31cfa955003acc44c9d042712,f99eb38ceb200b5d03776ab15d1d0473d7db83ea,413,https://github.com/sqlalchemy/alembic/issues/413,https://github.com/sqlalchemy/alembic/tree/62f2739e828a8fa31cfa955003acc44c9d042712,https://github.com/sqlalchemy/alembic/tree/f99eb38ceb200b5d03776ab15d1d0473d7db83ea,https://github.com/sqlalchemy/alembic/compare/62f2739e828a8fa31cfa955003acc44c9d042712...f99eb38ceb200b5d03776ab15d1d0473d7db83ea
134,Alembic,e197537229a0f25e764f9f7dbd469635906004fb,3926ac6b000ed7f3dbdb5376a54f39351b3b4e35,391,https://github.com/sqlalchemy/alembic/issues/391,https://github.com/sqlalchemy/alembic/tree/e197537229a0f25e764f9f7dbd469635906004fb,https://github.com/sqlalchemy/alembic/tree/3926ac6b000ed7f3dbdb5376a54f39351b3b4e35,https://github.com/sqlalchemy/alembic/compare/e197537229a0f25e764f9f7dbd469635906004fb...3926ac6b000ed7f3dbdb5376a54f39351b3b4e35
135,Alembic,62f2739e828a8fa31cfa955003acc44c9d042712,01db0381184a82cad784d6e03739a00fe45add44,412,https://github.com/sqlalchemy/alembic/issues/412,https://github.com/sqlalchemy/alembic/tree/62f2739e828a8fa31cfa955003acc44c9d042712,https://github.com/sqlalchemy/alembic/tree/01db0381184a82cad784d6e03739a00fe45add44,https://github.com/sqlalchemy/alembic/compare/62f2739e828a8fa31cfa955003acc44c9d042712...01db0381184a82cad784d6e03739a00fe45add44
136,Alembic,9fab143a9b6efbfd749c4f96a03eded173561e0a,3f070ea17fa9f5618a299637421d73be6e98d2e5,369,https://github.com/sqlalchemy/alembic/issues/369,https://github.com/sqlalchemy/alembic/tree/9fab143a9b6efbfd749c4f96a03eded173561e0a,https://github.com/sqlalchemy/alembic/tree/3f070ea17fa9f5618a299637421d73be6e98d2e5,https://github.com/sqlalchemy/alembic/compare/9fab143a9b6efbfd749c4f96a03eded173561e0a...3f070ea17fa9f5618a299637421d73be6e98d2e5
137,Alembic,910fc22f8879dcb2feef03448e37f03f435b3637,cfb9d348c48bca8667f4cb12c5baab085f053494,417,https://github.com/sqlalchemy/alembic/issues/417,https://github.com/sqlalchemy/alembic/tree/910fc22f8879dcb2feef03448e37f03f435b3637,https://github.com/sqlalchemy/alembic/tree/cfb9d348c48bca8667f4cb12c5baab085f053494,https://github.com/sqlalchemy/alembic/compare/910fc22f8879dcb2feef03448e37f03f435b3637...cfb9d348c48bca8667f4cb12c5baab085f053494
138,Alembic,5191bc1e65cd2e686f37c0e579a394b4c2b2c54a,adf0a7d1ea881907bdf546778dae72e6ac0a3027,419,https://github.com/sqlalchemy/alembic/issues/419,https://github.com/sqlalchemy/alembic/tree/5191bc1e65cd2e686f37c0e579a394b4c2b2c54a,https://github.com/sqlalchemy/alembic/tree/adf0a7d1ea881907bdf546778dae72e6ac0a3027,https://github.com/sqlalchemy/alembic/compare/5191bc1e65cd2e686f37c0e579a394b4c2b2c54a...adf0a7d1ea881907bdf546778dae72e6ac0a3027
139,Alembic,44d028f42b2a27b8710f2d4d9443e11515814eb4,f1cf86ea6a33a6fa09de4fb727f6383ce6698304,85,https://github.com/sqlalchemy/alembic/issues/85,https://github.com/sqlalchemy/alembic/tree/44d028f42b2a27b8710f2d4d9443e11515814eb4,https://github.com/sqlalchemy/alembic/tree/f1cf86ea6a33a6fa09de4fb727f6383ce6698304,https://github.com/sqlalchemy/alembic/compare/44d028f42b2a27b8710f2d4d9443e11515814eb4...f1cf86ea6a33a6fa09de4fb727f6383ce6698304
140,Alembic,fbbb669b8cd8845cd5dbdd827f8beb70fa1476bc,c7da7f2d08d46d1b784a172eeaf76fb660effa2e,429,https://github.com/sqlalchemy/alembic/issues/429,https://github.com/sqlalchemy/alembic/tree/fbbb669b8cd8845cd5dbdd827f8beb70fa1476bc,https://github.com/sqlalchemy/alembic/tree/c7da7f2d08d46d1b784a172eeaf76fb660effa2e,https://github.com/sqlalchemy/alembic/compare/fbbb669b8cd8845cd5dbdd827f8beb70fa1476bc...c7da7f2d08d46d1b784a172eeaf76fb660effa2e
141,Alembic,3e5e3a8d3fa402e91671f689c590b8e57ca10ee8,9fab143a9b6efbfd749c4f96a03eded173561e0a,411,https://github.com/sqlalchemy/alembic/issues/411,https://github.com/sqlalchemy/alembic/tree/3e5e3a8d3fa402e91671f689c590b8e57ca10ee8,https://github.com/sqlalchemy/alembic/tree/9fab143a9b6efbfd749c4f96a03eded173561e0a,https://github.com/sqlalchemy/alembic/compare/3e5e3a8d3fa402e91671f689c590b8e57ca10ee8...9fab143a9b6efbfd749c4f96a03eded173561e0a
142,Alembic,50469dc26159a200dc12203f778922e245e970ae,4cdb25bf5d70e6e8a789c75c59a2a908433674ce,421,https://github.com/sqlalchemy/alembic/issues/421,https://github.com/sqlalchemy/alembic/tree/50469dc26159a200dc12203f778922e245e970ae,https://github.com/sqlalchemy/alembic/tree/4cdb25bf5d70e6e8a789c75c59a2a908433674ce,https://github.com/sqlalchemy/alembic/compare/50469dc26159a200dc12203f778922e245e970ae...4cdb25bf5d70e6e8a789c75c59a2a908433674ce
143,Alembic,c307d22d32afb2bf32bdaddb6962fdd31910c1f6,206143c9b1f5fe138bb31c33054acee11bcbdb63,253,https://github.com/sqlalchemy/alembic/issues/253,https://github.com/sqlalchemy/alembic/tree/c307d22d32afb2bf32bdaddb6962fdd31910c1f6,https://github.com/sqlalchemy/alembic/tree/206143c9b1f5fe138bb31c33054acee11bcbdb63,https://github.com/sqlalchemy/alembic/compare/c307d22d32afb2bf32bdaddb6962fdd31910c1f6...206143c9b1f5fe138bb31c33054acee11bcbdb63
144,Alembic,d9dbfc4060e7c479bfdba37de16f6062502acee3,b526a115e774fecc6e5df0edcbb239b80a367e2a,431,https://github.com/sqlalchemy/alembic/issues/431,https://github.com/sqlalchemy/alembic/tree/d9dbfc4060e7c479bfdba37de16f6062502acee3,https://github.com/sqlalchemy/alembic/tree/b526a115e774fecc6e5df0edcbb239b80a367e2a,https://github.com/sqlalchemy/alembic/compare/d9dbfc4060e7c479bfdba37de16f6062502acee3...b526a115e774fecc6e5df0edcbb239b80a367e2a
145,Alembic,d376785c71699acb233171b07d20f9ba3a45e78c,634ae5c521869918905aa589b4f5ed68db0e2d53,442,https://github.com/sqlalchemy/alembic/issues/442,https://github.com/sqlalchemy/alembic/tree/d376785c71699acb233171b07d20f9ba3a45e78c,https://github.com/sqlalchemy/alembic/tree/634ae5c521869918905aa589b4f5ed68db0e2d53,https://github.com/sqlalchemy/alembic/compare/d376785c71699acb233171b07d20f9ba3a45e78c...634ae5c521869918905aa589b4f5ed68db0e2d53
146,Alembic,9b5f12a0a3f6b83bccb19c23e0c95b17d7ec8ae3,b6a0ba0164b2d2d786ec2e3b5e06349018897f0f,445,https://github.com/sqlalchemy/alembic/issues/445,https://github.com/sqlalchemy/alembic/tree/9b5f12a0a3f6b83bccb19c23e0c95b17d7ec8ae3,https://github.com/sqlalchemy/alembic/tree/b6a0ba0164b2d2d786ec2e3b5e06349018897f0f,https://github.com/sqlalchemy/alembic/compare/9b5f12a0a3f6b83bccb19c23e0c95b17d7ec8ae3...b6a0ba0164b2d2d786ec2e3b5e06349018897f0f
147,Alembic,529cd45dbd6c78a4bd64f1b99a7b7bd6544564a7,c2745d4790b60ab7c5c0dd3a4484f5004e4fdb35,455,https://github.com/sqlalchemy/alembic/issues/455,https://github.com/sqlalchemy/alembic/tree/529cd45dbd6c78a4bd64f1b99a7b7bd6544564a7,https://github.com/sqlalchemy/alembic/tree/c2745d4790b60ab7c5c0dd3a4484f5004e4fdb35,https://github.com/sqlalchemy/alembic/compare/529cd45dbd6c78a4bd64f1b99a7b7bd6544564a7...c2745d4790b60ab7c5c0dd3a4484f5004e4fdb35
148,Alembic,feaea56b97a11f4f132fb5f55d8a6b71dc0b9c04,9b80d35e977b8482efa5c54ee1281091eac76d46,457,https://github.com/sqlalchemy/alembic/issues/457,https://github.com/sqlalchemy/alembic/tree/feaea56b97a11f4f132fb5f55d8a6b71dc0b9c04,https://github.com/sqlalchemy/alembic/tree/9b80d35e977b8482efa5c54ee1281091eac76d46,https://github.com/sqlalchemy/alembic/compare/feaea56b97a11f4f132fb5f55d8a6b71dc0b9c04...9b80d35e977b8482efa5c54ee1281091eac76d46
149,Alembic,0955d44f4b93ff520d07253373bb6cb9b25220b5,e8a0c740b17100e6e366a7484d58d5b26f68c094,267,https://github.com/sqlalchemy/alembic/issues/267,https://github.com/sqlalchemy/alembic/tree/0955d44f4b93ff520d07253373bb6cb9b25220b5,https://github.com/sqlalchemy/alembic/tree/e8a0c740b17100e6e366a7484d58d5b26f68c094,https://github.com/sqlalchemy/alembic/compare/0955d44f4b93ff520d07253373bb6cb9b25220b5...e8a0c740b17100e6e366a7484d58d5b26f68c094
150,Alembic,feaea56b97a11f4f132fb5f55d8a6b71dc0b9c04,0a0524d734d31e0ecf6d6ee79d82077a20552a0d,456,https://github.com/sqlalchemy/alembic/issues/456,https://github.com/sqlalchemy/alembic/tree/feaea56b97a11f4f132fb5f55d8a6b71dc0b9c04,https://github.com/sqlalchemy/alembic/tree/0a0524d734d31e0ecf6d6ee79d82077a20552a0d,https://github.com/sqlalchemy/alembic/compare/feaea56b97a11f4f132fb5f55d8a6b71dc0b9c04...0a0524d734d31e0ecf6d6ee79d82077a20552a0d
151,Alembic,f03e349032dd7f2801d397bb1752b6df40da047c,7426729882fec56fcd532ac8da41cf8e90b9bf32,461,https://github.com/sqlalchemy/alembic/issues/461,https://github.com/sqlalchemy/alembic/tree/f03e349032dd7f2801d397bb1752b6df40da047c,https://github.com/sqlalchemy/alembic/tree/7426729882fec56fcd532ac8da41cf8e90b9bf32,https://github.com/sqlalchemy/alembic/compare/f03e349032dd7f2801d397bb1752b6df40da047c...7426729882fec56fcd532ac8da41cf8e90b9bf32
152,Alembic,1b46850adb7004f959b8f894fe4e066b3fef3648,6c2934661f38833ec2a325bb43f1dd5cdfec9ca1,458,https://github.com/sqlalchemy/alembic/issues/458,https://github.com/sqlalchemy/alembic/tree/1b46850adb7004f959b8f894fe4e066b3fef3648,https://github.com/sqlalchemy/alembic/tree/6c2934661f38833ec2a325bb43f1dd5cdfec9ca1,https://github.com/sqlalchemy/alembic/compare/1b46850adb7004f959b8f894fe4e066b3fef3648...6c2934661f38833ec2a325bb43f1dd5cdfec9ca1
153,Alembic,eaaafbca88f85f5432e04affe1f94cbf1ad06080,4f7f973ec1dd466721ae3db11b95f1d5d345c87c,467,https://github.com/sqlalchemy/alembic/issues/467,https://github.com/sqlalchemy/alembic/tree/eaaafbca88f85f5432e04affe1f94cbf1ad06080,https://github.com/sqlalchemy/alembic/tree/4f7f973ec1dd466721ae3db11b95f1d5d345c87c,https://github.com/sqlalchemy/alembic/compare/eaaafbca88f85f5432e04affe1f94cbf1ad06080...4f7f973ec1dd466721ae3db11b95f1d5d345c87c
154,Alembic,f5af1c0823199d0aca152c9885ace36c5829a36a,70dfb13759d782d84aff94ae3a4ccb8f5d4fd4db,478,https://github.com/sqlalchemy/alembic/issues/478,https://github.com/sqlalchemy/alembic/tree/f5af1c0823199d0aca152c9885ace36c5829a36a,https://github.com/sqlalchemy/alembic/tree/70dfb13759d782d84aff94ae3a4ccb8f5d4fd4db,https://github.com/sqlalchemy/alembic/compare/f5af1c0823199d0aca152c9885ace36c5829a36a...70dfb13759d782d84aff94ae3a4ccb8f5d4fd4db
155,Alembic,4f7f973ec1dd466721ae3db11b95f1d5d345c87c,6307f4d3e1ceac555684b0a073a77b304b166a53,472,https://github.com/sqlalchemy/alembic/issues/472,https://github.com/sqlalchemy/alembic/tree/4f7f973ec1dd466721ae3db11b95f1d5d345c87c,https://github.com/sqlalchemy/alembic/tree/6307f4d3e1ceac555684b0a073a77b304b166a53,https://github.com/sqlalchemy/alembic/compare/4f7f973ec1dd466721ae3db11b95f1d5d345c87c...6307f4d3e1ceac555684b0a073a77b304b166a53
156,Alembic,edfcccef4de72e56a227a24307faf7772c14c147,d4755d5c50e8a415edc4f288b3da5b77ac803dd0,480,https://github.com/sqlalchemy/alembic/issues/480,https://github.com/sqlalchemy/alembic/tree/edfcccef4de72e56a227a24307faf7772c14c147,https://github.com/sqlalchemy/alembic/tree/d4755d5c50e8a415edc4f288b3da5b77ac803dd0,https://github.com/sqlalchemy/alembic/compare/edfcccef4de72e56a227a24307faf7772c14c147...d4755d5c50e8a415edc4f288b3da5b77ac803dd0
157,Alembic,f5af1c0823199d0aca152c9885ace36c5829a36a,058b2eb4873e3331700080ebd141d9980ffa3e3d,468,https://github.com/sqlalchemy/alembic/issues/468,https://github.com/sqlalchemy/alembic/tree/f5af1c0823199d0aca152c9885ace36c5829a36a,https://github.com/sqlalchemy/alembic/tree/058b2eb4873e3331700080ebd141d9980ffa3e3d,https://github.com/sqlalchemy/alembic/compare/f5af1c0823199d0aca152c9885ace36c5829a36a...058b2eb4873e3331700080ebd141d9980ffa3e3d
158,Alembic,62a11b638d76092bd98c4eda17a638ba7c43eedd,2645fafc38ecf13c64c3c7ebdb890af97c3486b1,441,https://github.com/sqlalchemy/alembic/issues/441,https://github.com/sqlalchemy/alembic/tree/62a11b638d76092bd98c4eda17a638ba7c43eedd,https://github.com/sqlalchemy/alembic/tree/2645fafc38ecf13c64c3c7ebdb890af97c3486b1,https://github.com/sqlalchemy/alembic/compare/62a11b638d76092bd98c4eda17a638ba7c43eedd...2645fafc38ecf13c64c3c7ebdb890af97c3486b1
159,Alembic,29b8306679ef7138b4e37ee3e5136333da00fda0,9b5f12a0a3f6b83bccb19c23e0c95b17d7ec8ae3,449,https://github.com/sqlalchemy/alembic/issues/449,https://github.com/sqlalchemy/alembic/tree/29b8306679ef7138b4e37ee3e5136333da00fda0,https://github.com/sqlalchemy/alembic/tree/9b5f12a0a3f6b83bccb19c23e0c95b17d7ec8ae3,https://github.com/sqlalchemy/alembic/compare/29b8306679ef7138b4e37ee3e5136333da00fda0...9b5f12a0a3f6b83bccb19c23e0c95b17d7ec8ae3
160,Alembic,f5af1c0823199d0aca152c9885ace36c5829a36a,5b34e1c564527450b3a483ab11de04962589fdbb,479,https://github.com/sqlalchemy/alembic/issues/479,https://github.com/sqlalchemy/alembic/tree/f5af1c0823199d0aca152c9885ace36c5829a36a,https://github.com/sqlalchemy/alembic/tree/5b34e1c564527450b3a483ab11de04962589fdbb,https://github.com/sqlalchemy/alembic/compare/f5af1c0823199d0aca152c9885ace36c5829a36a...5b34e1c564527450b3a483ab11de04962589fdbb
161,Alembic,0f87fecbf4848d65fb66bfbf8fceb3e1e63ac3ae,b702e057aeaa640c03232c77405dc5415ac8a670,494,https://github.com/sqlalchemy/alembic/issues/494,https://github.com/sqlalchemy/alembic/tree/0f87fecbf4848d65fb66bfbf8fceb3e1e63ac3ae,https://github.com/sqlalchemy/alembic/tree/b702e057aeaa640c03232c77405dc5415ac8a670,https://github.com/sqlalchemy/alembic/compare/0f87fecbf4848d65fb66bfbf8fceb3e1e63ac3ae...b702e057aeaa640c03232c77405dc5415ac8a670
162,Alembic,e8d99c5b5a112be5cba55b97b3f73a1ad78acaa5,c551955fc6f089c311cc22a241a19e78f22516b1,455,https://github.com/sqlalchemy/alembic/issues/455,https://github.com/sqlalchemy/alembic/tree/e8d99c5b5a112be5cba55b97b3f73a1ad78acaa5,https://github.com/sqlalchemy/alembic/tree/c551955fc6f089c311cc22a241a19e78f22516b1,https://github.com/sqlalchemy/alembic/compare/e8d99c5b5a112be5cba55b97b3f73a1ad78acaa5...c551955fc6f089c311cc22a241a19e78f22516b1
163,Alembic,e8d99c5b5a112be5cba55b97b3f73a1ad78acaa5,c551955fc6f089c311cc22a241a19e78f22516b1,483,https://github.com/sqlalchemy/alembic/issues/483,https://github.com/sqlalchemy/alembic/tree/e8d99c5b5a112be5cba55b97b3f73a1ad78acaa5,https://github.com/sqlalchemy/alembic/tree/c551955fc6f089c311cc22a241a19e78f22516b1,https://github.com/sqlalchemy/alembic/compare/e8d99c5b5a112be5cba55b97b3f73a1ad78acaa5...c551955fc6f089c311cc22a241a19e78f22516b1
164,Alembic,1a6d6cddbb82b7ffb4a9cb73a4836fb5268699e5,3c726b289531330a4661f2e984766f226eae0083,482,https://github.com/sqlalchemy/alembic/issues/482,https://github.com/sqlalchemy/alembic/tree/1a6d6cddbb82b7ffb4a9cb73a4836fb5268699e5,https://github.com/sqlalchemy/alembic/tree/3c726b289531330a4661f2e984766f226eae0083,https://github.com/sqlalchemy/alembic/compare/1a6d6cddbb82b7ffb4a9cb73a4836fb5268699e5...3c726b289531330a4661f2e984766f226eae0083
165,Alembic,93187ed5456f5b06afe989be42f93c253833c0a1,618f0d9d05f89302467b71eaf4b67f1bd943aaf3,502,https://github.com/sqlalchemy/alembic/issues/502,https://github.com/sqlalchemy/alembic/tree/93187ed5456f5b06afe989be42f93c253833c0a1,https://github.com/sqlalchemy/alembic/tree/618f0d9d05f89302467b71eaf4b67f1bd943aaf3,https://github.com/sqlalchemy/alembic/compare/93187ed5456f5b06afe989be42f93c253833c0a1...618f0d9d05f89302467b71eaf4b67f1bd943aaf3
166,Alembic,8c2a0c82d908fc0daa0b0a1c7df2fe86f631ba0e,a614443a3cc3107c7552607ce81942a15e81dd4c,497,https://github.com/sqlalchemy/alembic/issues/497,https://github.com/sqlalchemy/alembic/tree/8c2a0c82d908fc0daa0b0a1c7df2fe86f631ba0e,https://github.com/sqlalchemy/alembic/tree/a614443a3cc3107c7552607ce81942a15e81dd4c,https://github.com/sqlalchemy/alembic/compare/8c2a0c82d908fc0daa0b0a1c7df2fe86f631ba0e...a614443a3cc3107c7552607ce81942a15e81dd4c
167,Alembic,b9ef894de9bb2d5bb1198ed2d8350ef6e41bdba1,843decd8ea0e7785914ed563ba93590e9fda399b,491,https://github.com/sqlalchemy/alembic/issues/491,https://github.com/sqlalchemy/alembic/tree/b9ef894de9bb2d5bb1198ed2d8350ef6e41bdba1,https://github.com/sqlalchemy/alembic/tree/843decd8ea0e7785914ed563ba93590e9fda399b,https://github.com/sqlalchemy/alembic/compare/b9ef894de9bb2d5bb1198ed2d8350ef6e41bdba1...843decd8ea0e7785914ed563ba93590e9fda399b
168,Alembic,ae38a5a373b8c488072cf972eb431c5efd72f0f3,4848be786124f36fd3c8c7ff5da66740d59b6695,512,https://github.com/sqlalchemy/alembic/issues/512,https://github.com/sqlalchemy/alembic/tree/ae38a5a373b8c488072cf972eb431c5efd72f0f3,https://github.com/sqlalchemy/alembic/tree/4848be786124f36fd3c8c7ff5da66740d59b6695,https://github.com/sqlalchemy/alembic/compare/ae38a5a373b8c488072cf972eb431c5efd72f0f3...4848be786124f36fd3c8c7ff5da66740d59b6695
169,Alembic,3a4d4f4ab9af6e9726fe1b968b05a81351ba01e8,af5586762905aa9115cbcd2af26bcd7087c264ed,515,https://github.com/sqlalchemy/alembic/issues/515,https://github.com/sqlalchemy/alembic/tree/3a4d4f4ab9af6e9726fe1b968b05a81351ba01e8,https://github.com/sqlalchemy/alembic/tree/af5586762905aa9115cbcd2af26bcd7087c264ed,https://github.com/sqlalchemy/alembic/compare/3a4d4f4ab9af6e9726fe1b968b05a81351ba01e8...af5586762905aa9115cbcd2af26bcd7087c264ed
170,Alembic,22294fff73c017529d0c12bb212f789e600d9965,533c965f253bdb80b3c4b129c4c8ecabaacb070a,487,https://github.com/sqlalchemy/alembic/issues/487,https://github.com/sqlalchemy/alembic/tree/22294fff73c017529d0c12bb212f789e600d9965,https://github.com/sqlalchemy/alembic/tree/533c965f253bdb80b3c4b129c4c8ecabaacb070a,https://github.com/sqlalchemy/alembic/compare/22294fff73c017529d0c12bb212f789e600d9965...533c965f253bdb80b3c4b129c4c8ecabaacb070a
171,Alembic,4fb14eeca8dee9d7ec3b2ef2db2d11a329e84abe,7e95b81548dde1c363945cd3937b27af90f20459,541,https://github.com/sqlalchemy/alembic/issues/541,https://github.com/sqlalchemy/alembic/tree/4fb14eeca8dee9d7ec3b2ef2db2d11a329e84abe,https://github.com/sqlalchemy/alembic/tree/7e95b81548dde1c363945cd3937b27af90f20459,https://github.com/sqlalchemy/alembic/compare/4fb14eeca8dee9d7ec3b2ef2db2d11a329e84abe...7e95b81548dde1c363945cd3937b27af90f20459
172,Alembic,9cb1bbf1f1f71ed2ace1c00d183e420ddc7b9648,174cb4bf39ed2e5c68258bcb2e04a75ae09bcc4e,516,https://github.com/sqlalchemy/alembic/issues/516,https://github.com/sqlalchemy/alembic/tree/9cb1bbf1f1f71ed2ace1c00d183e420ddc7b9648,https://github.com/sqlalchemy/alembic/tree/174cb4bf39ed2e5c68258bcb2e04a75ae09bcc4e,https://github.com/sqlalchemy/alembic/compare/9cb1bbf1f1f71ed2ace1c00d183e420ddc7b9648...174cb4bf39ed2e5c68258bcb2e04a75ae09bcc4e
173,Alembic,2b85a80838cee20dd7343391d9687c683776df25,e01041ba5a0799c3fe0f6b83fd5cbb3d340d7c6b,513,https://github.com/sqlalchemy/alembic/issues/513,https://github.com/sqlalchemy/alembic/tree/2b85a80838cee20dd7343391d9687c683776df25,https://github.com/sqlalchemy/alembic/tree/e01041ba5a0799c3fe0f6b83fd5cbb3d340d7c6b,https://github.com/sqlalchemy/alembic/compare/2b85a80838cee20dd7343391d9687c683776df25...e01041ba5a0799c3fe0f6b83fd5cbb3d340d7c6b
174,Alembic,7df5d88de788f710763445c0d94676411957eeb8,c88864401b802a25704362a79e1f77bbcc172f3c,557,https://github.com/sqlalchemy/alembic/issues/557,https://github.com/sqlalchemy/alembic/tree/7df5d88de788f710763445c0d94676411957eeb8,https://github.com/sqlalchemy/alembic/tree/c88864401b802a25704362a79e1f77bbcc172f3c,https://github.com/sqlalchemy/alembic/compare/7df5d88de788f710763445c0d94676411957eeb8...c88864401b802a25704362a79e1f77bbcc172f3c
175,Alembic,cc82fac22f0c121f83bb3b47f216443fe1ed8541,c36f00ea8aa65bc8323f41c7d68ee36e6caad370,554,https://github.com/sqlalchemy/alembic/issues/554,https://github.com/sqlalchemy/alembic/tree/cc82fac22f0c121f83bb3b47f216443fe1ed8541,https://github.com/sqlalchemy/alembic/tree/c36f00ea8aa65bc8323f41c7d68ee36e6caad370,https://github.com/sqlalchemy/alembic/compare/cc82fac22f0c121f83bb3b47f216443fe1ed8541...c36f00ea8aa65bc8323f41c7d68ee36e6caad370
176,Alembic,90330cc0f5f4baa9aaaa5d82229dedbef6d7cbf7,3c93a7ea8ac63fbad94f35950c497a1353616e5f,551,https://github.com/sqlalchemy/alembic/issues/551,https://github.com/sqlalchemy/alembic/tree/90330cc0f5f4baa9aaaa5d82229dedbef6d7cbf7,https://github.com/sqlalchemy/alembic/tree/3c93a7ea8ac63fbad94f35950c497a1353616e5f,https://github.com/sqlalchemy/alembic/compare/90330cc0f5f4baa9aaaa5d82229dedbef6d7cbf7...3c93a7ea8ac63fbad94f35950c497a1353616e5f
177,Alembic,02a1bf3454acb7b02942e246c19326630a8f9175,7995199012173d77e2dcaf02d4ded5d2d7a6f634,562,https://github.com/sqlalchemy/alembic/issues/562,https://github.com/sqlalchemy/alembic/tree/02a1bf3454acb7b02942e246c19326630a8f9175,https://github.com/sqlalchemy/alembic/tree/7995199012173d77e2dcaf02d4ded5d2d7a6f634,https://github.com/sqlalchemy/alembic/compare/02a1bf3454acb7b02942e246c19326630a8f9175...7995199012173d77e2dcaf02d4ded5d2d7a6f634
178,Alembic,8961731820f9c7f905296e5fdcfb57e43d2948eb,802e62fa40b062fc344b1fbadc151e801f91836c,594,https://github.com/sqlalchemy/alembic/issues/594,https://github.com/sqlalchemy/alembic/tree/8961731820f9c7f905296e5fdcfb57e43d2948eb,https://github.com/sqlalchemy/alembic/tree/802e62fa40b062fc344b1fbadc151e801f91836c,https://github.com/sqlalchemy/alembic/compare/8961731820f9c7f905296e5fdcfb57e43d2948eb...802e62fa40b062fc344b1fbadc151e801f91836c
179,Alembic,1dc690d40cbb61496ad8de1f1f225ddaa18f7351,c08ff6220a3112f61de260e0a72814fedadd3ea5,549,https://github.com/sqlalchemy/alembic/issues/549,https://github.com/sqlalchemy/alembic/tree/1dc690d40cbb61496ad8de1f1f225ddaa18f7351,https://github.com/sqlalchemy/alembic/tree/c08ff6220a3112f61de260e0a72814fedadd3ea5,https://github.com/sqlalchemy/alembic/compare/1dc690d40cbb61496ad8de1f1f225ddaa18f7351...c08ff6220a3112f61de260e0a72814fedadd3ea5
180,Alembic,d325f25155d2ac020952742e75d19b2f06f5c3ab,a11cb91a8a67f7a651b0ab2bb60353f95077eb9e,501,https://github.com/sqlalchemy/alembic/issues/501,https://github.com/sqlalchemy/alembic/tree/d325f25155d2ac020952742e75d19b2f06f5c3ab,https://github.com/sqlalchemy/alembic/tree/a11cb91a8a67f7a651b0ab2bb60353f95077eb9e,https://github.com/sqlalchemy/alembic/compare/d325f25155d2ac020952742e75d19b2f06f5c3ab...a11cb91a8a67f7a651b0ab2bb60353f95077eb9e
181,Alembic,12545d3d293d7b32aaef011c7605c3d640e4ac4f,e3c5fc317ed306890c65b28c7ab75aa806cd2633,507,https://github.com/sqlalchemy/alembic/issues/507,https://github.com/sqlalchemy/alembic/tree/12545d3d293d7b32aaef011c7605c3d640e4ac4f,https://github.com/sqlalchemy/alembic/tree/e3c5fc317ed306890c65b28c7ab75aa806cd2633,https://github.com/sqlalchemy/alembic/compare/12545d3d293d7b32aaef011c7605c3d640e4ac4f...e3c5fc317ed306890c65b28c7ab75aa806cd2633
182,Alembic,f723827c82dfdb1145f3c73a88ad61bda1ca8d7f,7cc28f542f4b1addd6b5a55d3b774ac74de6bed4,375,https://github.com/sqlalchemy/alembic/issues/375,https://github.com/sqlalchemy/alembic/tree/f723827c82dfdb1145f3c73a88ad61bda1ca8d7f,https://github.com/sqlalchemy/alembic/tree/7cc28f542f4b1addd6b5a55d3b774ac74de6bed4,https://github.com/sqlalchemy/alembic/compare/f723827c82dfdb1145f3c73a88ad61bda1ca8d7f...7cc28f542f4b1addd6b5a55d3b774ac74de6bed4
183,Alembic,3398e6b5a5175009c9d7047df0c1bbf9891c6610,b6a4e7dd8f9eb274e6420f8385ab91dc09cc27e7,505,https://github.com/sqlalchemy/alembic/issues/505,https://github.com/sqlalchemy/alembic/tree/3398e6b5a5175009c9d7047df0c1bbf9891c6610,https://github.com/sqlalchemy/alembic/tree/b6a4e7dd8f9eb274e6420f8385ab91dc09cc27e7,https://github.com/sqlalchemy/alembic/compare/3398e6b5a5175009c9d7047df0c1bbf9891c6610...b6a4e7dd8f9eb274e6420f8385ab91dc09cc27e7
184,Alembic,049e8303b42b70df562a9e33bbb4aa66f99b2824,f8c1c70eb9cea8c7fb7ef1236e29b924908c5b8b,131,https://github.com/sqlalchemy/alembic/issues/131,https://github.com/sqlalchemy/alembic/tree/049e8303b42b70df562a9e33bbb4aa66f99b2824,https://github.com/sqlalchemy/alembic/tree/f8c1c70eb9cea8c7fb7ef1236e29b924908c5b8b,https://github.com/sqlalchemy/alembic/compare/049e8303b42b70df562a9e33bbb4aa66f99b2824...f8c1c70eb9cea8c7fb7ef1236e29b924908c5b8b
185,Alembic,68ca631575a812f4f36e7521f11f4f351833282d,310017f4acafaab750d8fdfbf3eec0007962dfc1,601,https://github.com/sqlalchemy/alembic/issues/601,https://github.com/sqlalchemy/alembic/tree/68ca631575a812f4f36e7521f11f4f351833282d,https://github.com/sqlalchemy/alembic/tree/310017f4acafaab750d8fdfbf3eec0007962dfc1,https://github.com/sqlalchemy/alembic/compare/68ca631575a812f4f36e7521f11f4f351833282d...310017f4acafaab750d8fdfbf3eec0007962dfc1
186,Alembic,ca7710288bef068bf5c3a01cc8b0c9c83efcc4d7,6e3079526635092c748d33e897bfcdf5482eecc8,621,https://github.com/sqlalchemy/alembic/issues/621,https://github.com/sqlalchemy/alembic/tree/ca7710288bef068bf5c3a01cc8b0c9c83efcc4d7,https://github.com/sqlalchemy/alembic/tree/6e3079526635092c748d33e897bfcdf5482eecc8,https://github.com/sqlalchemy/alembic/compare/ca7710288bef068bf5c3a01cc8b0c9c83efcc4d7...6e3079526635092c748d33e897bfcdf5482eecc8
187,Alembic,961923c35782e7804f97242a6729a57f711d9e78,c85c89a11528d7f342fca9e04a56663521c774a2,637,https://github.com/sqlalchemy/alembic/issues/637,https://github.com/sqlalchemy/alembic/tree/961923c35782e7804f97242a6729a57f711d9e78,https://github.com/sqlalchemy/alembic/tree/c85c89a11528d7f342fca9e04a56663521c774a2,https://github.com/sqlalchemy/alembic/compare/961923c35782e7804f97242a6729a57f711d9e78...c85c89a11528d7f342fca9e04a56663521c774a2
188,Alembic,bb153bd4f881f6847fbe80df104fb63b1224d68d,10795bfff96bcc0efca2212b92846b36fd25b786,550,https://github.com/sqlalchemy/alembic/issues/550,https://github.com/sqlalchemy/alembic/tree/bb153bd4f881f6847fbe80df104fb63b1224d68d,https://github.com/sqlalchemy/alembic/tree/10795bfff96bcc0efca2212b92846b36fd25b786,https://github.com/sqlalchemy/alembic/compare/bb153bd4f881f6847fbe80df104fb63b1224d68d...10795bfff96bcc0efca2212b92846b36fd25b786
189,Alembic,e7d1124a2a21d6236db4f850fa2f9df346e2299e,3ddf82e1e2b4fff47edbd45dd493e6bbd5880496,605,https://github.com/sqlalchemy/alembic/issues/605,https://github.com/sqlalchemy/alembic/tree/e7d1124a2a21d6236db4f850fa2f9df346e2299e,https://github.com/sqlalchemy/alembic/tree/3ddf82e1e2b4fff47edbd45dd493e6bbd5880496,https://github.com/sqlalchemy/alembic/compare/e7d1124a2a21d6236db4f850fa2f9df346e2299e...3ddf82e1e2b4fff47edbd45dd493e6bbd5880496
190,Alembic,7b1cfb82d6f0da7a588ba23b18bc76791068883b,7f8434c47bc80dd31fd29333aa16103e0707b38c,655,https://github.com/sqlalchemy/alembic/issues/655,https://github.com/sqlalchemy/alembic/tree/7b1cfb82d6f0da7a588ba23b18bc76791068883b,https://github.com/sqlalchemy/alembic/tree/7f8434c47bc80dd31fd29333aa16103e0707b38c,https://github.com/sqlalchemy/alembic/compare/7b1cfb82d6f0da7a588ba23b18bc76791068883b...7f8434c47bc80dd31fd29333aa16103e0707b38c
191,Alembic,207a4f6ca2a19b61374286c3d528689d563e0809,00616cbf54a57d8e1be84aa6cf34221f535a2e21,131,https://github.com/sqlalchemy/alembic/issues/131,https://github.com/sqlalchemy/alembic/tree/207a4f6ca2a19b61374286c3d528689d563e0809,https://github.com/sqlalchemy/alembic/tree/00616cbf54a57d8e1be84aa6cf34221f535a2e21,https://github.com/sqlalchemy/alembic/compare/207a4f6ca2a19b61374286c3d528689d563e0809...00616cbf54a57d8e1be84aa6cf34221f535a2e21
192,Alembic,7b1cfb82d6f0da7a588ba23b18bc76791068883b,b08bdcbfe97edb51392009d432897c61ba1804c6,657,https://github.com/sqlalchemy/alembic/issues/657,https://github.com/sqlalchemy/alembic/tree/7b1cfb82d6f0da7a588ba23b18bc76791068883b,https://github.com/sqlalchemy/alembic/tree/b08bdcbfe97edb51392009d432897c61ba1804c6,https://github.com/sqlalchemy/alembic/compare/7b1cfb82d6f0da7a588ba23b18bc76791068883b...b08bdcbfe97edb51392009d432897c61ba1804c6
193,Alembic,beac870aa3d2cd2992235fa7af02bdd86aeb549a,bd0770661dd9879780b2e6248083f80c11dce92a,647,https://github.com/sqlalchemy/alembic/issues/647,https://github.com/sqlalchemy/alembic/tree/beac870aa3d2cd2992235fa7af02bdd86aeb549a,https://github.com/sqlalchemy/alembic/tree/bd0770661dd9879780b2e6248083f80c11dce92a,https://github.com/sqlalchemy/alembic/compare/beac870aa3d2cd2992235fa7af02bdd86aeb549a...bd0770661dd9879780b2e6248083f80c11dce92a
194,Alembic,2eac31a66cd6ba550249355bcfde06661e02c822,f35e2fd109d2bff913032782d35ad6b397452a70,635,https://github.com/sqlalchemy/alembic/issues/635,https://github.com/sqlalchemy/alembic/tree/2eac31a66cd6ba550249355bcfde06661e02c822,https://github.com/sqlalchemy/alembic/tree/f35e2fd109d2bff913032782d35ad6b397452a70,https://github.com/sqlalchemy/alembic/compare/2eac31a66cd6ba550249355bcfde06661e02c822...f35e2fd109d2bff913032782d35ad6b397452a70
195,Alembic,7b1cfb82d6f0da7a588ba23b18bc76791068883b,eeee44eaffae75b9a3d0496ccf478cc74bacef0c,654,https://github.com/sqlalchemy/alembic/issues/654,https://github.com/sqlalchemy/alembic/tree/7b1cfb82d6f0da7a588ba23b18bc76791068883b,https://github.com/sqlalchemy/alembic/tree/eeee44eaffae75b9a3d0496ccf478cc74bacef0c,https://github.com/sqlalchemy/alembic/compare/7b1cfb82d6f0da7a588ba23b18bc76791068883b...eeee44eaffae75b9a3d0496ccf478cc74bacef0c
196,Alembic,4f351a6ca8a6b5fe6718203226805f4e1a02a2db,d2f4470c51a9c2a7d2586a9cab00162dcc90667f,670,https://github.com/sqlalchemy/alembic/issues/670,https://github.com/sqlalchemy/alembic/tree/4f351a6ca8a6b5fe6718203226805f4e1a02a2db,https://github.com/sqlalchemy/alembic/tree/d2f4470c51a9c2a7d2586a9cab00162dcc90667f,https://github.com/sqlalchemy/alembic/compare/4f351a6ca8a6b5fe6718203226805f4e1a02a2db...d2f4470c51a9c2a7d2586a9cab00162dcc90667f
197,Alembic,1dc57cd4475f81b6a00cd1723766d014b0d0b9b1,32b49375d31fbad4937d8b5f8b65c86b3c6b36e3,661,https://github.com/sqlalchemy/alembic/issues/661,https://github.com/sqlalchemy/alembic/tree/1dc57cd4475f81b6a00cd1723766d014b0d0b9b1,https://github.com/sqlalchemy/alembic/tree/32b49375d31fbad4937d8b5f8b65c86b3c6b36e3,https://github.com/sqlalchemy/alembic/compare/1dc57cd4475f81b6a00cd1723766d014b0d0b9b1...32b49375d31fbad4937d8b5f8b65c86b3c6b36e3
198,Alembic,5fc31004a2f7335c3502d64fa66391ec77fa57b0,5d44bf311f7cafde28627476f4ffce6abee9efea,671,https://github.com/sqlalchemy/alembic/issues/671,https://github.com/sqlalchemy/alembic/tree/5fc31004a2f7335c3502d64fa66391ec77fa57b0,https://github.com/sqlalchemy/alembic/tree/5d44bf311f7cafde28627476f4ffce6abee9efea,https://github.com/sqlalchemy/alembic/compare/5fc31004a2f7335c3502d64fa66391ec77fa57b0...5d44bf311f7cafde28627476f4ffce6abee9efea
199,Alembic,1dc57cd4475f81b6a00cd1723766d014b0d0b9b1,53c15cf1c75232f3f19d70c093c6c93c30a679f8,663,https://github.com/sqlalchemy/alembic/issues/663,https://github.com/sqlalchemy/alembic/tree/1dc57cd4475f81b6a00cd1723766d014b0d0b9b1,https://github.com/sqlalchemy/alembic/tree/53c15cf1c75232f3f19d70c093c6c93c30a679f8,https://github.com/sqlalchemy/alembic/compare/1dc57cd4475f81b6a00cd1723766d014b0d0b9b1...53c15cf1c75232f3f19d70c093c6c93c30a679f8
200,Alembic,fe8e7cca5bce0d6f9d05bb1e48f407fc8cbfdf50,d2457c772128fdf0a94084feaaa2844387d92c2b,668,https://github.com/sqlalchemy/alembic/issues/668,https://github.com/sqlalchemy/alembic/tree/fe8e7cca5bce0d6f9d05bb1e48f407fc8cbfdf50,https://github.com/sqlalchemy/alembic/tree/d2457c772128fdf0a94084feaaa2844387d92c2b,https://github.com/sqlalchemy/alembic/compare/fe8e7cca5bce0d6f9d05bb1e48f407fc8cbfdf50...d2457c772128fdf0a94084feaaa2844387d92c2b
201,Alembic,58f36f87c45f7dcf4a71142645dd95af45d05b0a,9daaaf82e0895a54883609ea0777563929b2ae3b,697,https://github.com/sqlalchemy/alembic/issues/697,https://github.com/sqlalchemy/alembic/tree/58f36f87c45f7dcf4a71142645dd95af45d05b0a,https://github.com/sqlalchemy/alembic/tree/9daaaf82e0895a54883609ea0777563929b2ae3b,https://github.com/sqlalchemy/alembic/compare/58f36f87c45f7dcf4a71142645dd95af45d05b0a...9daaaf82e0895a54883609ea0777563929b2ae3b
202,Alembic,26453a8b284743bd590a86208968ca862caa67ca,d4951ffb66f933ca332baf85faa15c7547523ecb,579,https://github.com/sqlalchemy/alembic/issues/579,https://github.com/sqlalchemy/alembic/tree/26453a8b284743bd590a86208968ca862caa67ca,https://github.com/sqlalchemy/alembic/tree/d4951ffb66f933ca332baf85faa15c7547523ecb,https://github.com/sqlalchemy/alembic/compare/26453a8b284743bd590a86208968ca862caa67ca...d4951ffb66f933ca332baf85faa15c7547523ecb
203,Alembic,8cf1fd2090a9414195a245ed6b6b0f4cb31532d3,c9ba30ace0a33079b64dc75c7e8ccc3b70139beb,716,https://github.com/sqlalchemy/alembic/issues/716,https://github.com/sqlalchemy/alembic/tree/8cf1fd2090a9414195a245ed6b6b0f4cb31532d3,https://github.com/sqlalchemy/alembic/tree/c9ba30ace0a33079b64dc75c7e8ccc3b70139beb,https://github.com/sqlalchemy/alembic/compare/8cf1fd2090a9414195a245ed6b6b0f4cb31532d3...c9ba30ace0a33079b64dc75c7e8ccc3b70139beb
204,Alembic,9c227eab3e24020613d09b9c36dbccf3971dfbd1,8cf1fd2090a9414195a245ed6b6b0f4cb31532d3,711,https://github.com/sqlalchemy/alembic/issues/711,https://github.com/sqlalchemy/alembic/tree/9c227eab3e24020613d09b9c36dbccf3971dfbd1,https://github.com/sqlalchemy/alembic/tree/8cf1fd2090a9414195a245ed6b6b0f4cb31532d3,https://github.com/sqlalchemy/alembic/compare/9c227eab3e24020613d09b9c36dbccf3971dfbd1...8cf1fd2090a9414195a245ed6b6b0f4cb31532d3
205,Alembic,5d44bf311f7cafde28627476f4ffce6abee9efea,5be6b9c1517ece3637e0a04a44479c7daf9f63d9,672,https://github.com/sqlalchemy/alembic/issues/672,https://github.com/sqlalchemy/alembic/tree/5d44bf311f7cafde28627476f4ffce6abee9efea,https://github.com/sqlalchemy/alembic/tree/5be6b9c1517ece3637e0a04a44479c7daf9f63d9,https://github.com/sqlalchemy/alembic/compare/5d44bf311f7cafde28627476f4ffce6abee9efea...5be6b9c1517ece3637e0a04a44479c7daf9f63d9
206,Alembic,85cc0fdcf5bf8cf34fcc87362052bcc9fb9d1f2c,9ed0f4d18de8de86ccdf1774867957ea5cfdd222,761,https://github.com/sqlalchemy/alembic/issues/761,https://github.com/sqlalchemy/alembic/tree/85cc0fdcf5bf8cf34fcc87362052bcc9fb9d1f2c,https://github.com/sqlalchemy/alembic/tree/9ed0f4d18de8de86ccdf1774867957ea5cfdd222,https://github.com/sqlalchemy/alembic/compare/85cc0fdcf5bf8cf34fcc87362052bcc9fb9d1f2c...9ed0f4d18de8de86ccdf1774867957ea5cfdd222
207,Alembic,8fb588f3cf2c09ca040a45d2f56f6dec14a1ddbf,3e178bd6d728fc2b0924fb25427e8e83c3431096,757,https://github.com/sqlalchemy/alembic/issues/757,https://github.com/sqlalchemy/alembic/tree/8fb588f3cf2c09ca040a45d2f56f6dec14a1ddbf,https://github.com/sqlalchemy/alembic/tree/3e178bd6d728fc2b0924fb25427e8e83c3431096,https://github.com/sqlalchemy/alembic/compare/8fb588f3cf2c09ca040a45d2f56f6dec14a1ddbf...3e178bd6d728fc2b0924fb25427e8e83c3431096
208,Alembic,7c78c71ff8a57a305fe9324bf48d230e19acdccc,038445c9f7b85181cba083aa086a3022e58c73e2,773,https://github.com/sqlalchemy/alembic/issues/773,https://github.com/sqlalchemy/alembic/tree/7c78c71ff8a57a305fe9324bf48d230e19acdccc,https://github.com/sqlalchemy/alembic/tree/038445c9f7b85181cba083aa086a3022e58c73e2,https://github.com/sqlalchemy/alembic/compare/7c78c71ff8a57a305fe9324bf48d230e19acdccc...038445c9f7b85181cba083aa086a3022e58c73e2
209,Alembic,9a11c3595aa82e82e3ca2a819a8dda8caf7a0440,a41d5e604fbea1e4c1723db9b826b394c702e34b,753,https://github.com/sqlalchemy/alembic/issues/753,https://github.com/sqlalchemy/alembic/tree/9a11c3595aa82e82e3ca2a819a8dda8caf7a0440,https://github.com/sqlalchemy/alembic/tree/a41d5e604fbea1e4c1723db9b826b394c702e34b,https://github.com/sqlalchemy/alembic/compare/9a11c3595aa82e82e3ca2a819a8dda8caf7a0440...a41d5e604fbea1e4c1723db9b826b394c702e34b
210,Alembic,1de1070972f35978be99631392168d991b1c96b2,712adb3325291561281c64498d77bc0c2b5fe7e1,736,https://github.com/sqlalchemy/alembic/issues/736,https://github.com/sqlalchemy/alembic/tree/1de1070972f35978be99631392168d991b1c96b2,https://github.com/sqlalchemy/alembic/tree/712adb3325291561281c64498d77bc0c2b5fe7e1,https://github.com/sqlalchemy/alembic/compare/1de1070972f35978be99631392168d991b1c96b2...712adb3325291561281c64498d77bc0c2b5fe7e1
211,Alembic,128582d661d36275e370421622b3cf56b3f8fdbf,f902d0c7d9975bacd5ccf5caebc69d2bda66dfc8,782,https://github.com/sqlalchemy/alembic/issues/782,https://github.com/sqlalchemy/alembic/tree/128582d661d36275e370421622b3cf56b3f8fdbf,https://github.com/sqlalchemy/alembic/tree/f902d0c7d9975bacd5ccf5caebc69d2bda66dfc8,https://github.com/sqlalchemy/alembic/compare/128582d661d36275e370421622b3cf56b3f8fdbf...f902d0c7d9975bacd5ccf5caebc69d2bda66dfc8
212,Alembic,c5788bcfaa4892f0d4263aeff4a777e8841f726a,3d0ab3ddda45564a7f3bbd65c810242b9e673845,786,https://github.com/sqlalchemy/alembic/issues/786,https://github.com/sqlalchemy/alembic/tree/c5788bcfaa4892f0d4263aeff4a777e8841f726a,https://github.com/sqlalchemy/alembic/tree/3d0ab3ddda45564a7f3bbd65c810242b9e673845,https://github.com/sqlalchemy/alembic/compare/c5788bcfaa4892f0d4263aeff4a777e8841f726a...3d0ab3ddda45564a7f3bbd65c810242b9e673845
213,Alembic,3d0ab3ddda45564a7f3bbd65c810242b9e673845,407316635cdb8edf95f8ee7bd06a5f2dd01eda26,787,https://github.com/sqlalchemy/alembic/issues/787,https://github.com/sqlalchemy/alembic/tree/3d0ab3ddda45564a7f3bbd65c810242b9e673845,https://github.com/sqlalchemy/alembic/tree/407316635cdb8edf95f8ee7bd06a5f2dd01eda26,https://github.com/sqlalchemy/alembic/compare/3d0ab3ddda45564a7f3bbd65c810242b9e673845...407316635cdb8edf95f8ee7bd06a5f2dd01eda26
214,Alembic,407316635cdb8edf95f8ee7bd06a5f2dd01eda26,c1eb8d56e4ef2e7e3c9e6f30ac21cc8fcd12a734,788,https://github.com/sqlalchemy/alembic/issues/788,https://github.com/sqlalchemy/alembic/tree/407316635cdb8edf95f8ee7bd06a5f2dd01eda26,https://github.com/sqlalchemy/alembic/tree/c1eb8d56e4ef2e7e3c9e6f30ac21cc8fcd12a734,https://github.com/sqlalchemy/alembic/compare/407316635cdb8edf95f8ee7bd06a5f2dd01eda26...c1eb8d56e4ef2e7e3c9e6f30ac21cc8fcd12a734
215,Alembic,e43d175233f206336c0637488e9ed231f421539a,3c0dac89e65475e97107adbb5c975ab7855d08db,784,https://github.com/sqlalchemy/alembic/issues/784,https://github.com/sqlalchemy/alembic/tree/e43d175233f206336c0637488e9ed231f421539a,https://github.com/sqlalchemy/alembic/tree/3c0dac89e65475e97107adbb5c975ab7855d08db,https://github.com/sqlalchemy/alembic/compare/e43d175233f206336c0637488e9ed231f421539a...3c0dac89e65475e97107adbb5c975ab7855d08db
216,Alembic,cbde7ee5e1556683a84c888137933b64d81508f4,e7453f14bc972f1206144f1155ea3dc52469ea95,694,https://github.com/sqlalchemy/alembic/issues/694,https://github.com/sqlalchemy/alembic/tree/cbde7ee5e1556683a84c888137933b64d81508f4,https://github.com/sqlalchemy/alembic/tree/e7453f14bc972f1206144f1155ea3dc52469ea95,https://github.com/sqlalchemy/alembic/compare/cbde7ee5e1556683a84c888137933b64d81508f4...e7453f14bc972f1206144f1155ea3dc52469ea95
217,Alembic,9536974c3643c6d15ed7cdd65b953b21bddc469e,bbde2300dfae165faaa1d882ed76ccd93389e71d,780,https://github.com/sqlalchemy/alembic/issues/780,https://github.com/sqlalchemy/alembic/tree/9536974c3643c6d15ed7cdd65b953b21bddc469e,https://github.com/sqlalchemy/alembic/tree/bbde2300dfae165faaa1d882ed76ccd93389e71d,https://github.com/sqlalchemy/alembic/compare/9536974c3643c6d15ed7cdd65b953b21bddc469e...bbde2300dfae165faaa1d882ed76ccd93389e71d
218,Alembic,97df6292e088019ffe1996d09e9b36281714731f,cbde7ee5e1556683a84c888137933b64d81508f4,689,https://github.com/sqlalchemy/alembic/issues/689,https://github.com/sqlalchemy/alembic/tree/97df6292e088019ffe1996d09e9b36281714731f,https://github.com/sqlalchemy/alembic/tree/cbde7ee5e1556683a84c888137933b64d81508f4,https://github.com/sqlalchemy/alembic/compare/97df6292e088019ffe1996d09e9b36281714731f...cbde7ee5e1556683a84c888137933b64d81508f4
219,Alembic,6f9d0b3cf621feec93a9d975bd63abc79adfcc45,63da35758c11fe5450f4a5b932ed8dd2fb559302,789,https://github.com/sqlalchemy/alembic/issues/789,https://github.com/sqlalchemy/alembic/tree/6f9d0b3cf621feec93a9d975bd63abc79adfcc45,https://github.com/sqlalchemy/alembic/tree/63da35758c11fe5450f4a5b932ed8dd2fb559302,https://github.com/sqlalchemy/alembic/compare/6f9d0b3cf621feec93a9d975bd63abc79adfcc45...63da35758c11fe5450f4a5b932ed8dd2fb559302
220,Alembic,c18769fb5c491a9f2d389a2bc520a381f2d5ee7a,00d050b4e4ff711a0730cb5ab39ef655bc55f00a,816,https://github.com/sqlalchemy/alembic/issues/816,https://github.com/sqlalchemy/alembic/tree/c18769fb5c491a9f2d389a2bc520a381f2d5ee7a,https://github.com/sqlalchemy/alembic/tree/00d050b4e4ff711a0730cb5ab39ef655bc55f00a,https://github.com/sqlalchemy/alembic/compare/c18769fb5c491a9f2d389a2bc520a381f2d5ee7a...00d050b4e4ff711a0730cb5ab39ef655bc55f00a
221,Alembic,8043d5d2b46a2d12e445c8d352d0249447340613,d4146eceb4258ab5a4af9fa6c711e6677e19e91b,819,https://github.com/sqlalchemy/alembic/issues/819,https://github.com/sqlalchemy/alembic/tree/8043d5d2b46a2d12e445c8d352d0249447340613,https://github.com/sqlalchemy/alembic/tree/d4146eceb4258ab5a4af9fa6c711e6677e19e91b,https://github.com/sqlalchemy/alembic/compare/8043d5d2b46a2d12e445c8d352d0249447340613...d4146eceb4258ab5a4af9fa6c711e6677e19e91b
222,Alembic,4f1aef0186cd7141acfb31c05c802293fe805a66,dd9c4d695c4463c872b25f59b6a8742bbc047150,803,https://github.com/sqlalchemy/alembic/issues/803,https://github.com/sqlalchemy/alembic/tree/4f1aef0186cd7141acfb31c05c802293fe805a66,https://github.com/sqlalchemy/alembic/tree/dd9c4d695c4463c872b25f59b6a8742bbc047150,https://github.com/sqlalchemy/alembic/compare/4f1aef0186cd7141acfb31c05c802293fe805a66...dd9c4d695c4463c872b25f59b6a8742bbc047150
223,Alembic,490d9fa42b095cedb17abee17a063ee108992959,d6b0c1af3df98b50c6ec52781aa411592c4e0c32,797,https://github.com/sqlalchemy/alembic/issues/797,https://github.com/sqlalchemy/alembic/tree/490d9fa42b095cedb17abee17a063ee108992959,https://github.com/sqlalchemy/alembic/tree/d6b0c1af3df98b50c6ec52781aa411592c4e0c32,https://github.com/sqlalchemy/alembic/compare/490d9fa42b095cedb17abee17a063ee108992959...d6b0c1af3df98b50c6ec52781aa411592c4e0c32
224,Alembic,c3fc47dc998fcdbba18802f2c6aa59ce31be0d23,70115dc5d65e1f2e665d3b94cf7734184c3b96e2,813,https://github.com/sqlalchemy/alembic/issues/813,https://github.com/sqlalchemy/alembic/tree/c3fc47dc998fcdbba18802f2c6aa59ce31be0d23,https://github.com/sqlalchemy/alembic/tree/70115dc5d65e1f2e665d3b94cf7734184c3b96e2,https://github.com/sqlalchemy/alembic/compare/c3fc47dc998fcdbba18802f2c6aa59ce31be0d23...70115dc5d65e1f2e665d3b94cf7734184c3b96e2
225,Alembic,ea0b27d2214c42643d3781125fe2ff8d73439e7a,a40309735daddd0c086f9f0f133341be5e63a7db,753,https://github.com/sqlalchemy/alembic/issues/753,https://github.com/sqlalchemy/alembic/tree/ea0b27d2214c42643d3781125fe2ff8d73439e7a,https://github.com/sqlalchemy/alembic/tree/a40309735daddd0c086f9f0f133341be5e63a7db,https://github.com/sqlalchemy/alembic/compare/ea0b27d2214c42643d3781125fe2ff8d73439e7a...a40309735daddd0c086f9f0f133341be5e63a7db
226,Alembic,763103407a22f68450c08d731dc7bbc312967dcf,bd34d2e4e4daee6e25d3c8a9a43299e883cb8da3,812,https://github.com/sqlalchemy/alembic/issues/812,https://github.com/sqlalchemy/alembic/tree/763103407a22f68450c08d731dc7bbc312967dcf,https://github.com/sqlalchemy/alembic/tree/bd34d2e4e4daee6e25d3c8a9a43299e883cb8da3,https://github.com/sqlalchemy/alembic/compare/763103407a22f68450c08d731dc7bbc312967dcf...bd34d2e4e4daee6e25d3c8a9a43299e883cb8da3
227,Alembic,f94765f82d8770c234a2c1850116d33000fb5d75,58a170a6c6bfa5d0460c038d63b66d74a5a2c830,765,https://github.com/sqlalchemy/alembic/issues/765,https://github.com/sqlalchemy/alembic/tree/f94765f82d8770c234a2c1850116d33000fb5d75,https://github.com/sqlalchemy/alembic/tree/58a170a6c6bfa5d0460c038d63b66d74a5a2c830,https://github.com/sqlalchemy/alembic/compare/f94765f82d8770c234a2c1850116d33000fb5d75...58a170a6c6bfa5d0460c038d63b66d74a5a2c830
228,Alembic,d11a51d902134bbab0eccf9abcdfb629d9794067,9dd48d0911040a80f6bf15739017737ddbf6e3e4,838,https://github.com/sqlalchemy/alembic/issues/838,https://github.com/sqlalchemy/alembic/tree/d11a51d902134bbab0eccf9abcdfb629d9794067,https://github.com/sqlalchemy/alembic/tree/9dd48d0911040a80f6bf15739017737ddbf6e3e4,https://github.com/sqlalchemy/alembic/compare/d11a51d902134bbab0eccf9abcdfb629d9794067...9dd48d0911040a80f6bf15739017737ddbf6e3e4
229,Alembic,017eed1ed8ee2ad0f5e038f68a851ccaf9334a43,b729cbbce1fc643557e7d68b31b77090dab082a5,841,https://github.com/sqlalchemy/alembic/issues/841,https://github.com/sqlalchemy/alembic/tree/017eed1ed8ee2ad0f5e038f68a851ccaf9334a43,https://github.com/sqlalchemy/alembic/tree/b729cbbce1fc643557e7d68b31b77090dab082a5,https://github.com/sqlalchemy/alembic/compare/017eed1ed8ee2ad0f5e038f68a851ccaf9334a43...b729cbbce1fc643557e7d68b31b77090dab082a5
230,Alembic,361076e847c7c60dd00438f1a612aba799e90b1d,8d5a9a1b0d32fff5726010afffa48cc0fb738238,843,https://github.com/sqlalchemy/alembic/issues/843,https://github.com/sqlalchemy/alembic/tree/361076e847c7c60dd00438f1a612aba799e90b1d,https://github.com/sqlalchemy/alembic/tree/8d5a9a1b0d32fff5726010afffa48cc0fb738238,https://github.com/sqlalchemy/alembic/compare/361076e847c7c60dd00438f1a612aba799e90b1d...8d5a9a1b0d32fff5726010afffa48cc0fb738238
231,Alembic,dd9c4d695c4463c872b25f59b6a8742bbc047150,7ed092df5c4a16990942333a8a43743d02ce18ff,829,https://github.com/sqlalchemy/alembic/issues/829,https://github.com/sqlalchemy/alembic/tree/dd9c4d695c4463c872b25f59b6a8742bbc047150,https://github.com/sqlalchemy/alembic/tree/7ed092df5c4a16990942333a8a43743d02ce18ff,https://github.com/sqlalchemy/alembic/compare/dd9c4d695c4463c872b25f59b6a8742bbc047150...7ed092df5c4a16990942333a8a43743d02ce18ff
232,Alembic,54cedeb6b36e96ac00bea75fe1141ee1680d4387,4b0797f008f6cd4b53d1a44fd1bc83c32537d90d,839,https://github.com/sqlalchemy/alembic/issues/839,https://github.com/sqlalchemy/alembic/tree/54cedeb6b36e96ac00bea75fe1141ee1680d4387,https://github.com/sqlalchemy/alembic/tree/4b0797f008f6cd4b53d1a44fd1bc83c32537d90d,https://github.com/sqlalchemy/alembic/compare/54cedeb6b36e96ac00bea75fe1141ee1680d4387...4b0797f008f6cd4b53d1a44fd1bc83c32537d90d
233,Alembic,361076e847c7c60dd00438f1a612aba799e90b1d,acc82bff397be712a7e4f5e2069e7bfbf93ff5a9,844,https://github.com/sqlalchemy/alembic/issues/844,https://github.com/sqlalchemy/alembic/tree/361076e847c7c60dd00438f1a612aba799e90b1d,https://github.com/sqlalchemy/alembic/tree/acc82bff397be712a7e4f5e2069e7bfbf93ff5a9,https://github.com/sqlalchemy/alembic/compare/361076e847c7c60dd00438f1a612aba799e90b1d...acc82bff397be712a7e4f5e2069e7bfbf93ff5a9
234,Alembic,9c73d0a95788c3a067a74524216a816bf3d77fbd,e799e42f18f6f84ee2bca9618719b4cf7ba895ee,849,https://github.com/sqlalchemy/alembic/issues/849,https://github.com/sqlalchemy/alembic/tree/9c73d0a95788c3a067a74524216a816bf3d77fbd,https://github.com/sqlalchemy/alembic/tree/e799e42f18f6f84ee2bca9618719b4cf7ba895ee,https://github.com/sqlalchemy/alembic/compare/9c73d0a95788c3a067a74524216a816bf3d77fbd...e799e42f18f6f84ee2bca9618719b4cf7ba895ee
235,Alembic,c0f0a3238fe1ec8029d66ad6ac518b60c78c36ed,7756b35e23ec11b64a1ac37afcb41dda3ca29913,856,https://github.com/sqlalchemy/alembic/issues/856,https://github.com/sqlalchemy/alembic/tree/c0f0a3238fe1ec8029d66ad6ac518b60c78c36ed,https://github.com/sqlalchemy/alembic/tree/7756b35e23ec11b64a1ac37afcb41dda3ca29913,https://github.com/sqlalchemy/alembic/compare/c0f0a3238fe1ec8029d66ad6ac518b60c78c36ed...7756b35e23ec11b64a1ac37afcb41dda3ca29913
236,Alembic,dd9c4d695c4463c872b25f59b6a8742bbc047150,27a902cde7d6f06a33dcffed93fdb89d8f7bc3d7,765,https://github.com/sqlalchemy/alembic/issues/765,https://github.com/sqlalchemy/alembic/tree/dd9c4d695c4463c872b25f59b6a8742bbc047150,https://github.com/sqlalchemy/alembic/tree/27a902cde7d6f06a33dcffed93fdb89d8f7bc3d7,https://github.com/sqlalchemy/alembic/compare/dd9c4d695c4463c872b25f59b6a8742bbc047150...27a902cde7d6f06a33dcffed93fdb89d8f7bc3d7
237,Alembic,58a170a6c6bfa5d0460c038d63b66d74a5a2c830,2681185c17be75dd2749c4439f0e9072c8820acd,799,https://github.com/sqlalchemy/alembic/issues/799,https://github.com/sqlalchemy/alembic/tree/58a170a6c6bfa5d0460c038d63b66d74a5a2c830,https://github.com/sqlalchemy/alembic/tree/2681185c17be75dd2749c4439f0e9072c8820acd,https://github.com/sqlalchemy/alembic/compare/58a170a6c6bfa5d0460c038d63b66d74a5a2c830...2681185c17be75dd2749c4439f0e9072c8820acd
238,Alembic,8d5a9a1b0d32fff5726010afffa48cc0fb738238,72235a2550c08eb7871576ce7b2283b111f796d2,843,https://github.com/sqlalchemy/alembic/issues/843,https://github.com/sqlalchemy/alembic/tree/8d5a9a1b0d32fff5726010afffa48cc0fb738238,https://github.com/sqlalchemy/alembic/tree/72235a2550c08eb7871576ce7b2283b111f796d2,https://github.com/sqlalchemy/alembic/compare/8d5a9a1b0d32fff5726010afffa48cc0fb738238...72235a2550c08eb7871576ce7b2283b111f796d2
239,Alembic,ffc690416ccbe8c551b14308694d2497e12e0185,19e1f6c1a72be95d0962065c781aed970d1d50ae,848,https://github.com/sqlalchemy/alembic/issues/848,https://github.com/sqlalchemy/alembic/tree/ffc690416ccbe8c551b14308694d2497e12e0185,https://github.com/sqlalchemy/alembic/tree/19e1f6c1a72be95d0962065c781aed970d1d50ae,https://github.com/sqlalchemy/alembic/compare/ffc690416ccbe8c551b14308694d2497e12e0185...19e1f6c1a72be95d0962065c781aed970d1d50ae
240,Alembic,c48373b5ae95a6dc84d4f02404f0b2da54f54a61,d7d358e4ca5e4eab69f2d6e983aa8d026a776ae3,842,https://github.com/sqlalchemy/alembic/issues/842,https://github.com/sqlalchemy/alembic/tree/c48373b5ae95a6dc84d4f02404f0b2da54f54a61,https://github.com/sqlalchemy/alembic/tree/d7d358e4ca5e4eab69f2d6e983aa8d026a776ae3,https://github.com/sqlalchemy/alembic/compare/c48373b5ae95a6dc84d4f02404f0b2da54f54a61...d7d358e4ca5e4eab69f2d6e983aa8d026a776ae3
241,Alembic,8917b3532da6dabc07187adf597573624b32fe3c,3110acba13c22c7d8a934c30dca650b1537a50e3,883,https://github.com/sqlalchemy/alembic/issues/883,https://github.com/sqlalchemy/alembic/tree/8917b3532da6dabc07187adf597573624b32fe3c,https://github.com/sqlalchemy/alembic/tree/3110acba13c22c7d8a934c30dca650b1537a50e3,https://github.com/sqlalchemy/alembic/compare/8917b3532da6dabc07187adf597573624b32fe3c...3110acba13c22c7d8a934c30dca650b1537a50e3
242,Alembic,ecf6217ab5096bda75fd8ae4e819f412c020c096,ff8fd160ad007cd00353a138457275474a122ff2,895,https://github.com/sqlalchemy/alembic/issues/895,https://github.com/sqlalchemy/alembic/tree/ecf6217ab5096bda75fd8ae4e819f412c020c096,https://github.com/sqlalchemy/alembic/tree/ff8fd160ad007cd00353a138457275474a122ff2,https://github.com/sqlalchemy/alembic/compare/ecf6217ab5096bda75fd8ae4e819f412c020c096...ff8fd160ad007cd00353a138457275474a122ff2
243,Alembic,ff8fd160ad007cd00353a138457275474a122ff2,27934166f4ab5b954808d71b6e7af37b15d3c5fe,896,https://github.com/sqlalchemy/alembic/issues/896,https://github.com/sqlalchemy/alembic/tree/ff8fd160ad007cd00353a138457275474a122ff2,https://github.com/sqlalchemy/alembic/tree/27934166f4ab5b954808d71b6e7af37b15d3c5fe,https://github.com/sqlalchemy/alembic/compare/ff8fd160ad007cd00353a138457275474a122ff2...27934166f4ab5b954808d71b6e7af37b15d3c5fe
244,Alembic,8917b3532da6dabc07187adf597573624b32fe3c,1ce816684f213ae50287fb22ce5ff5633257e3d4,879,https://github.com/sqlalchemy/alembic/issues/879,https://github.com/sqlalchemy/alembic/tree/8917b3532da6dabc07187adf597573624b32fe3c,https://github.com/sqlalchemy/alembic/tree/1ce816684f213ae50287fb22ce5ff5633257e3d4,https://github.com/sqlalchemy/alembic/compare/8917b3532da6dabc07187adf597573624b32fe3c...1ce816684f213ae50287fb22ce5ff5633257e3d4
245,Alembic,6aad68605f510e8b51f42efa812e02b3831d6e33,84bbbebe41042eacb2b0e15d9a0959ee60fbcc67,874,https://github.com/sqlalchemy/alembic/issues/874,https://github.com/sqlalchemy/alembic/tree/6aad68605f510e8b51f42efa812e02b3831d6e33,https://github.com/sqlalchemy/alembic/tree/84bbbebe41042eacb2b0e15d9a0959ee60fbcc67,https://github.com/sqlalchemy/alembic/compare/6aad68605f510e8b51f42efa812e02b3831d6e33...84bbbebe41042eacb2b0e15d9a0959ee60fbcc67
246,Alembic,338fd68f1b33a143f9c9985be8b883f6ec4cd66d,921249d610d3a6e4c9028f459fa981492c50e724,900,https://github.com/sqlalchemy/alembic/issues/900,https://github.com/sqlalchemy/alembic/tree/338fd68f1b33a143f9c9985be8b883f6ec4cd66d,https://github.com/sqlalchemy/alembic/tree/921249d610d3a6e4c9028f459fa981492c50e724,https://github.com/sqlalchemy/alembic/compare/338fd68f1b33a143f9c9985be8b883f6ec4cd66d...921249d610d3a6e4c9028f459fa981492c50e724
247,Alembic,d7ff21d06192e7b84246494ae1e6cc33cbd42af9,205df1fe34e47029aed54a2d60967a8bdd224a36,897,https://github.com/sqlalchemy/alembic/issues/897,https://github.com/sqlalchemy/alembic/tree/d7ff21d06192e7b84246494ae1e6cc33cbd42af9,https://github.com/sqlalchemy/alembic/tree/205df1fe34e47029aed54a2d60967a8bdd224a36,https://github.com/sqlalchemy/alembic/compare/d7ff21d06192e7b84246494ae1e6cc33cbd42af9...205df1fe34e47029aed54a2d60967a8bdd224a36
248,Alembic,ca5e71b41484ed62fb3c7a5e08d95d286beb3906,9f7caecd701db7cd76bbcdcf462b92e4970b4ab3,893,https://github.com/sqlalchemy/alembic/issues/893,https://github.com/sqlalchemy/alembic/tree/ca5e71b41484ed62fb3c7a5e08d95d286beb3906,https://github.com/sqlalchemy/alembic/tree/9f7caecd701db7cd76bbcdcf462b92e4970b4ab3,https://github.com/sqlalchemy/alembic/compare/ca5e71b41484ed62fb3c7a5e08d95d286beb3906...9f7caecd701db7cd76bbcdcf462b92e4970b4ab3
249,Alembic,7fd48061bbf893002b2d7a624b313b09ee0a9700,e80d1d2299f69e1f4a4e91af70d1244a32c39c65,885,https://github.com/sqlalchemy/alembic/issues/885,https://github.com/sqlalchemy/alembic/tree/7fd48061bbf893002b2d7a624b313b09ee0a9700,https://github.com/sqlalchemy/alembic/tree/e80d1d2299f69e1f4a4e91af70d1244a32c39c65,https://github.com/sqlalchemy/alembic/compare/7fd48061bbf893002b2d7a624b313b09ee0a9700...e80d1d2299f69e1f4a4e91af70d1244a32c39c65
250,Alembic,d95e15cac59dc449f712f51183462a8688a51086,8d166b17aa7b1c4ec058fa31e489a57b3a7f5cbf,934,https://github.com/sqlalchemy/alembic/issues/934,https://github.com/sqlalchemy/alembic/tree/d95e15cac59dc449f712f51183462a8688a51086,https://github.com/sqlalchemy/alembic/tree/8d166b17aa7b1c4ec058fa31e489a57b3a7f5cbf,https://github.com/sqlalchemy/alembic/compare/d95e15cac59dc449f712f51183462a8688a51086...8d166b17aa7b1c4ec058fa31e489a57b3a7f5cbf
251,Alembic,d7ff21d06192e7b84246494ae1e6cc33cbd42af9,b08447862388ae4064c36dcc1f0c91d84fa3c06f,920,https://github.com/sqlalchemy/alembic/issues/920,https://github.com/sqlalchemy/alembic/tree/d7ff21d06192e7b84246494ae1e6cc33cbd42af9,https://github.com/sqlalchemy/alembic/tree/b08447862388ae4064c36dcc1f0c91d84fa3c06f,https://github.com/sqlalchemy/alembic/compare/d7ff21d06192e7b84246494ae1e6cc33cbd42af9...b08447862388ae4064c36dcc1f0c91d84fa3c06f
252,Alembic,bb2cf1e56cbc443dc96e80f7d6c32929330bf89e,f0bd40faf85ae3101a3306e72ccacd713362c2a6,968,https://github.com/sqlalchemy/alembic/issues/968,https://github.com/sqlalchemy/alembic/tree/bb2cf1e56cbc443dc96e80f7d6c32929330bf89e,https://github.com/sqlalchemy/alembic/tree/f0bd40faf85ae3101a3306e72ccacd713362c2a6,https://github.com/sqlalchemy/alembic/compare/bb2cf1e56cbc443dc96e80f7d6c32929330bf89e...f0bd40faf85ae3101a3306e72ccacd713362c2a6
253,Alembic,52dee10f107a5d9295236fa62dc7094dc3f0b023,8c0990988d880e0e56a32403a912b9d590cde8d2,982,https://github.com/sqlalchemy/alembic/issues/982,https://github.com/sqlalchemy/alembic/tree/52dee10f107a5d9295236fa62dc7094dc3f0b023,https://github.com/sqlalchemy/alembic/tree/8c0990988d880e0e56a32403a912b9d590cde8d2,https://github.com/sqlalchemy/alembic/compare/52dee10f107a5d9295236fa62dc7094dc3f0b023...8c0990988d880e0e56a32403a912b9d590cde8d2
254,Alembic,fb8d4502c0a4ad9a68ff1fe15bc4b3a0dfeaaacb,cacce364c345a849bedd3708167ee20245f6bcda,986,https://github.com/sqlalchemy/alembic/issues/986,https://github.com/sqlalchemy/alembic/tree/fb8d4502c0a4ad9a68ff1fe15bc4b3a0dfeaaacb,https://github.com/sqlalchemy/alembic/tree/cacce364c345a849bedd3708167ee20245f6bcda,https://github.com/sqlalchemy/alembic/compare/fb8d4502c0a4ad9a68ff1fe15bc4b3a0dfeaaacb...cacce364c345a849bedd3708167ee20245f6bcda
255,Alembic,d95e15cac59dc449f712f51183462a8688a51086,ed3428ec969d12befe7bbbe5c8b6b34ffea29e2e,944,https://github.com/sqlalchemy/alembic/issues/944,https://github.com/sqlalchemy/alembic/tree/d95e15cac59dc449f712f51183462a8688a51086,https://github.com/sqlalchemy/alembic/tree/ed3428ec969d12befe7bbbe5c8b6b34ffea29e2e,https://github.com/sqlalchemy/alembic/compare/d95e15cac59dc449f712f51183462a8688a51086...ed3428ec969d12befe7bbbe5c8b6b34ffea29e2e
256,Alembic,277c9b88214fe3fcb5a8aa01717e1aa63ad9b887,9b01e5fa7178333f2e78ee0fc1322112307b51dd,928,https://github.com/sqlalchemy/alembic/issues/928,https://github.com/sqlalchemy/alembic/tree/277c9b88214fe3fcb5a8aa01717e1aa63ad9b887,https://github.com/sqlalchemy/alembic/tree/9b01e5fa7178333f2e78ee0fc1322112307b51dd,https://github.com/sqlalchemy/alembic/compare/277c9b88214fe3fcb5a8aa01717e1aa63ad9b887...9b01e5fa7178333f2e78ee0fc1322112307b51dd
257,Alembic,a9e6f9079a7d0157a842b3786ebd4f7031b08912,e533927189d7c6d9ce08d59ecb1f2bae0bd00783,1006,https://github.com/sqlalchemy/alembic/issues/1006,https://github.com/sqlalchemy/alembic/tree/a9e6f9079a7d0157a842b3786ebd4f7031b08912,https://github.com/sqlalchemy/alembic/tree/e533927189d7c6d9ce08d59ecb1f2bae0bd00783,https://github.com/sqlalchemy/alembic/compare/a9e6f9079a7d0157a842b3786ebd4f7031b08912...e533927189d7c6d9ce08d59ecb1f2bae0bd00783
258,Alembic,4790411e319df0a367c4f2adbf18bf3cd1862a0b,188dd8b2f098e804c8e64956e9c6490d41f1d7ce,1034,https://github.com/sqlalchemy/alembic/issues/1034,https://github.com/sqlalchemy/alembic/tree/4790411e319df0a367c4f2adbf18bf3cd1862a0b,https://github.com/sqlalchemy/alembic/tree/188dd8b2f098e804c8e64956e9c6490d41f1d7ce,https://github.com/sqlalchemy/alembic/compare/4790411e319df0a367c4f2adbf18bf3cd1862a0b...188dd8b2f098e804c8e64956e9c6490d41f1d7ce
259,Alembic,cfe92fac6794515d3aa3b995e288b11d5c9437fa,1684d0ee89c0fc6b0b90bc5db614468b31119e9d,1026,https://github.com/sqlalchemy/alembic/issues/1026,https://github.com/sqlalchemy/alembic/tree/cfe92fac6794515d3aa3b995e288b11d5c9437fa,https://github.com/sqlalchemy/alembic/tree/1684d0ee89c0fc6b0b90bc5db614468b31119e9d,https://github.com/sqlalchemy/alembic/compare/cfe92fac6794515d3aa3b995e288b11d5c9437fa...1684d0ee89c0fc6b0b90bc5db614468b31119e9d
260,Alembic,11839b743d1c13ce04948526fe66f51a12de4429,2cd9e1ae0c1c8c6becc43029b71b1c1fd2303dda,987,https://github.com/sqlalchemy/alembic/issues/987,https://github.com/sqlalchemy/alembic/tree/11839b743d1c13ce04948526fe66f51a12de4429,https://github.com/sqlalchemy/alembic/tree/2cd9e1ae0c1c8c6becc43029b71b1c1fd2303dda,https://github.com/sqlalchemy/alembic/compare/11839b743d1c13ce04948526fe66f51a12de4429...2cd9e1ae0c1c8c6becc43029b71b1c1fd2303dda
261,Alembic,7b942708427f89a277e9e55ac538103717094da3,fb8d4502c0a4ad9a68ff1fe15bc4b3a0dfeaaacb,977,https://github.com/sqlalchemy/alembic/issues/977,https://github.com/sqlalchemy/alembic/tree/7b942708427f89a277e9e55ac538103717094da3,https://github.com/sqlalchemy/alembic/tree/fb8d4502c0a4ad9a68ff1fe15bc4b3a0dfeaaacb,https://github.com/sqlalchemy/alembic/compare/7b942708427f89a277e9e55ac538103717094da3...fb8d4502c0a4ad9a68ff1fe15bc4b3a0dfeaaacb
262,Alembic,6f0e6474d8d76cb86ce1b5f5bb3d775862df129a,3ac8dec3582a9a03212c99f56272d2ab842298fc,907,https://github.com/sqlalchemy/alembic/issues/907,https://github.com/sqlalchemy/alembic/tree/6f0e6474d8d76cb86ce1b5f5bb3d775862df129a,https://github.com/sqlalchemy/alembic/tree/3ac8dec3582a9a03212c99f56272d2ab842298fc,https://github.com/sqlalchemy/alembic/compare/6f0e6474d8d76cb86ce1b5f5bb3d775862df129a...3ac8dec3582a9a03212c99f56272d2ab842298fc
263,Alembic,721b28ce889e63e49b8be1a1bd62b7d3bb3b7526,ce6144efc6648986733fb9bbb981e95a4a739f61,1004,https://github.com/sqlalchemy/alembic/issues/1004,https://github.com/sqlalchemy/alembic/tree/721b28ce889e63e49b8be1a1bd62b7d3bb3b7526,https://github.com/sqlalchemy/alembic/tree/ce6144efc6648986733fb9bbb981e95a4a739f61,https://github.com/sqlalchemy/alembic/compare/721b28ce889e63e49b8be1a1bd62b7d3bb3b7526...ce6144efc6648986733fb9bbb981e95a4a739f61
264,Alembic,4fbf99a6ad9f022888ddf709d1e9744d19a76ca6,8033c78a52b25a5145557a21630d10a34f2209e5,1065,https://github.com/sqlalchemy/alembic/issues/1065,https://github.com/sqlalchemy/alembic/tree/4fbf99a6ad9f022888ddf709d1e9744d19a76ca6,https://github.com/sqlalchemy/alembic/tree/8033c78a52b25a5145557a21630d10a34f2209e5,https://github.com/sqlalchemy/alembic/compare/4fbf99a6ad9f022888ddf709d1e9744d19a76ca6...8033c78a52b25a5145557a21630d10a34f2209e5
265,Alembic,7cda8187d63c0c64c0a08b8763c2d41c0f970032,40df5ecb410660fdf96a750d626d4f2f5b2d98ea,1146,https://github.com/sqlalchemy/alembic/issues/1146,https://github.com/sqlalchemy/alembic/tree/7cda8187d63c0c64c0a08b8763c2d41c0f970032,https://github.com/sqlalchemy/alembic/tree/40df5ecb410660fdf96a750d626d4f2f5b2d98ea,https://github.com/sqlalchemy/alembic/compare/7cda8187d63c0c64c0a08b8763c2d41c0f970032...40df5ecb410660fdf96a750d626d4f2f5b2d98ea
266,Alembic,7cda8187d63c0c64c0a08b8763c2d41c0f970032,40df5ecb410660fdf96a750d626d4f2f5b2d98ea,1147,https://github.com/sqlalchemy/alembic/issues/1147,https://github.com/sqlalchemy/alembic/tree/7cda8187d63c0c64c0a08b8763c2d41c0f970032,https://github.com/sqlalchemy/alembic/tree/40df5ecb410660fdf96a750d626d4f2f5b2d98ea,https://github.com/sqlalchemy/alembic/compare/7cda8187d63c0c64c0a08b8763c2d41c0f970032...40df5ecb410660fdf96a750d626d4f2f5b2d98ea
267,Alembic,852bea05b2665856cc5cc88652c0a66863747415,cabccf6d05aaf119414166b260f322c8661352ac,1021,https://github.com/sqlalchemy/alembic/issues/1021,https://github.com/sqlalchemy/alembic/tree/852bea05b2665856cc5cc88652c0a66863747415,https://github.com/sqlalchemy/alembic/tree/cabccf6d05aaf119414166b260f322c8661352ac,https://github.com/sqlalchemy/alembic/compare/852bea05b2665856cc5cc88652c0a66863747415...cabccf6d05aaf119414166b260f322c8661352ac
268,Alembic,af3f6d75764b87e1021aecde0019fd5f986946ae,c76fd4bbf13a51c41429b7e14cba387d36536006,1096,https://github.com/sqlalchemy/alembic/issues/1096,https://github.com/sqlalchemy/alembic/tree/af3f6d75764b87e1021aecde0019fd5f986946ae,https://github.com/sqlalchemy/alembic/tree/c76fd4bbf13a51c41429b7e14cba387d36536006,https://github.com/sqlalchemy/alembic/compare/af3f6d75764b87e1021aecde0019fd5f986946ae...c76fd4bbf13a51c41429b7e14cba387d36536006
269,Alembic,7cd6e2861e211f04226c553aebe973d9c108b099,eb01c5407d0eb164944973be0189d950d8ea46af,1152,https://github.com/sqlalchemy/alembic/issues/1152,https://github.com/sqlalchemy/alembic/tree/7cd6e2861e211f04226c553aebe973d9c108b099,https://github.com/sqlalchemy/alembic/tree/eb01c5407d0eb164944973be0189d950d8ea46af,https://github.com/sqlalchemy/alembic/compare/7cd6e2861e211f04226c553aebe973d9c108b099...eb01c5407d0eb164944973be0189d950d8ea46af
270,Alembic,cdc68e3ca75c3dbc346a60ed7988dd821108cdcd,e96972108d3ecd0b723019b30fa80e0e5cdf0719,1174,https://github.com/sqlalchemy/alembic/issues/1174,https://github.com/sqlalchemy/alembic/tree/cdc68e3ca75c3dbc346a60ed7988dd821108cdcd,https://github.com/sqlalchemy/alembic/tree/e96972108d3ecd0b723019b30fa80e0e5cdf0719,https://github.com/sqlalchemy/alembic/compare/cdc68e3ca75c3dbc346a60ed7988dd821108cdcd...e96972108d3ecd0b723019b30fa80e0e5cdf0719
271,Alembic,8d97de0ba7ee8dbff4301be6a2bd76a963327d0f,a69e14205e49745bf7514776dc53a95c3de27c2a,1180,https://github.com/sqlalchemy/alembic/issues/1180,https://github.com/sqlalchemy/alembic/tree/8d97de0ba7ee8dbff4301be6a2bd76a963327d0f,https://github.com/sqlalchemy/alembic/tree/a69e14205e49745bf7514776dc53a95c3de27c2a,https://github.com/sqlalchemy/alembic/compare/8d97de0ba7ee8dbff4301be6a2bd76a963327d0f...a69e14205e49745bf7514776dc53a95c3de27c2a
272,Alembic,cbc13309a154dd59ae428f14fa2e7340a5fcb6fc,714b74478313a69042bf61cc42a585fc6dddf2e4,1168,https://github.com/sqlalchemy/alembic/issues/1168,https://github.com/sqlalchemy/alembic/tree/cbc13309a154dd59ae428f14fa2e7340a5fcb6fc,https://github.com/sqlalchemy/alembic/tree/714b74478313a69042bf61cc42a585fc6dddf2e4,https://github.com/sqlalchemy/alembic/compare/cbc13309a154dd59ae428f14fa2e7340a5fcb6fc...714b74478313a69042bf61cc42a585fc6dddf2e4
273,Alembic,4678d7f1da009689449a6550768139c32b50c646,26f8752a6c34c849221fa3c8c686ff67cd68e328,1145,https://github.com/sqlalchemy/alembic/issues/1145,https://github.com/sqlalchemy/alembic/tree/4678d7f1da009689449a6550768139c32b50c646,https://github.com/sqlalchemy/alembic/tree/26f8752a6c34c849221fa3c8c686ff67cd68e328,https://github.com/sqlalchemy/alembic/compare/4678d7f1da009689449a6550768139c32b50c646...26f8752a6c34c849221fa3c8c686ff67cd68e328
274,Alembic,08266a49db1ce69224e62fa89f34f03a2f0f9529,e6c67ae42284a711eaae64aabe14c722d9eeed54,1167,https://github.com/sqlalchemy/alembic/issues/1167,https://github.com/sqlalchemy/alembic/tree/08266a49db1ce69224e62fa89f34f03a2f0f9529,https://github.com/sqlalchemy/alembic/tree/e6c67ae42284a711eaae64aabe14c722d9eeed54,https://github.com/sqlalchemy/alembic/compare/08266a49db1ce69224e62fa89f34f03a2f0f9529...e6c67ae42284a711eaae64aabe14c722d9eeed54
275,Alembic,a79ba7d74d12e0be63e1afb05e037d0a052b5086,8d97de0ba7ee8dbff4301be6a2bd76a963327d0f,1177,https://github.com/sqlalchemy/alembic/issues/1177,https://github.com/sqlalchemy/alembic/tree/a79ba7d74d12e0be63e1afb05e037d0a052b5086,https://github.com/sqlalchemy/alembic/tree/8d97de0ba7ee8dbff4301be6a2bd76a963327d0f,https://github.com/sqlalchemy/alembic/compare/a79ba7d74d12e0be63e1afb05e037d0a052b5086...8d97de0ba7ee8dbff4301be6a2bd76a963327d0f
276,Alembic,cd7b1a94cc90ca533a84b47332900888151e22d0,3cf19f16631e54108e5f519348cba14521b7433e,1195,https://github.com/sqlalchemy/alembic/issues/1195,https://github.com/sqlalchemy/alembic/tree/cd7b1a94cc90ca533a84b47332900888151e22d0,https://github.com/sqlalchemy/alembic/tree/3cf19f16631e54108e5f519348cba14521b7433e,https://github.com/sqlalchemy/alembic/compare/cd7b1a94cc90ca533a84b47332900888151e22d0...3cf19f16631e54108e5f519348cba14521b7433e
277,Alembic,cd7b1a94cc90ca533a84b47332900888151e22d0,6f8d9af59aa431aca3be851066c729c52b12a7a2,1184,https://github.com/sqlalchemy/alembic/issues/1184,https://github.com/sqlalchemy/alembic/tree/cd7b1a94cc90ca533a84b47332900888151e22d0,https://github.com/sqlalchemy/alembic/tree/6f8d9af59aa431aca3be851066c729c52b12a7a2,https://github.com/sqlalchemy/alembic/compare/cd7b1a94cc90ca533a84b47332900888151e22d0...6f8d9af59aa431aca3be851066c729c52b12a7a2
278,Alembic,6f0938086dde93a12e61e47c00c37a9ee9fee8b6,3c46243f23bd258744e3417566a52ca3ab312d70,1196,https://github.com/sqlalchemy/alembic/issues/1196,https://github.com/sqlalchemy/alembic/tree/6f0938086dde93a12e61e47c00c37a9ee9fee8b6,https://github.com/sqlalchemy/alembic/tree/3c46243f23bd258744e3417566a52ca3ab312d70,https://github.com/sqlalchemy/alembic/compare/6f0938086dde93a12e61e47c00c37a9ee9fee8b6...3c46243f23bd258744e3417566a52ca3ab312d70
279,Alembic,cbc13309a154dd59ae428f14fa2e7340a5fcb6fc,5c71fd120af824d289cf72dd4b5679a4f839a1eb,1165,https://github.com/sqlalchemy/alembic/issues/1165,https://github.com/sqlalchemy/alembic/tree/cbc13309a154dd59ae428f14fa2e7340a5fcb6fc,https://github.com/sqlalchemy/alembic/tree/5c71fd120af824d289cf72dd4b5679a4f839a1eb,https://github.com/sqlalchemy/alembic/compare/cbc13309a154dd59ae428f14fa2e7340a5fcb6fc...5c71fd120af824d289cf72dd4b5679a4f839a1eb
280,Alembic,cbc13309a154dd59ae428f14fa2e7340a5fcb6fc,5c71fd120af824d289cf72dd4b5679a4f839a1eb,1166,https://github.com/sqlalchemy/alembic/issues/1166,https://github.com/sqlalchemy/alembic/tree/cbc13309a154dd59ae428f14fa2e7340a5fcb6fc,https://github.com/sqlalchemy/alembic/tree/5c71fd120af824d289cf72dd4b5679a4f839a1eb,https://github.com/sqlalchemy/alembic/compare/cbc13309a154dd59ae428f14fa2e7340a5fcb6fc...5c71fd120af824d289cf72dd4b5679a4f839a1eb
281,Alembic,3d9b1128cd6bf03ecb45003587c0eedfb9552b07,1ae44556907f14f92874f05d05242cb57bb0f855,1215,https://github.com/sqlalchemy/alembic/issues/1215,https://github.com/sqlalchemy/alembic/tree/3d9b1128cd6bf03ecb45003587c0eedfb9552b07,https://github.com/sqlalchemy/alembic/tree/1ae44556907f14f92874f05d05242cb57bb0f855,https://github.com/sqlalchemy/alembic/compare/3d9b1128cd6bf03ecb45003587c0eedfb9552b07...1ae44556907f14f92874f05d05242cb57bb0f855
282,Alembic,555fddf015ae38e1f44e829645d8b09b175cb0c4,bc0c305b7c2cc0401e250fcd6a725aacecdd6e33,1191,https://github.com/sqlalchemy/alembic/issues/1191,https://github.com/sqlalchemy/alembic/tree/555fddf015ae38e1f44e829645d8b09b175cb0c4,https://github.com/sqlalchemy/alembic/tree/bc0c305b7c2cc0401e250fcd6a725aacecdd6e33,https://github.com/sqlalchemy/alembic/compare/555fddf015ae38e1f44e829645d8b09b175cb0c4...bc0c305b7c2cc0401e250fcd6a725aacecdd6e33
283,Alembic,555fddf015ae38e1f44e829645d8b09b175cb0c4,bc0c305b7c2cc0401e250fcd6a725aacecdd6e33,1201,https://github.com/sqlalchemy/alembic/issues/1201,https://github.com/sqlalchemy/alembic/tree/555fddf015ae38e1f44e829645d8b09b175cb0c4,https://github.com/sqlalchemy/alembic/tree/bc0c305b7c2cc0401e250fcd6a725aacecdd6e33,https://github.com/sqlalchemy/alembic/compare/555fddf015ae38e1f44e829645d8b09b175cb0c4...bc0c305b7c2cc0401e250fcd6a725aacecdd6e33
284,Alembic,919297555f17efedcdcc7cc936204a1b86b804d3,7ebd32d194c86170130f6925a18d944431cbce00,1187,https://github.com/sqlalchemy/alembic/issues/1187,https://github.com/sqlalchemy/alembic/tree/919297555f17efedcdcc7cc936204a1b86b804d3,https://github.com/sqlalchemy/alembic/tree/7ebd32d194c86170130f6925a18d944431cbce00,https://github.com/sqlalchemy/alembic/compare/919297555f17efedcdcc7cc936204a1b86b804d3...7ebd32d194c86170130f6925a18d944431cbce00
285,Alembic,d3f869bb3159d18669fb6f00cbe514307118eea7,6d5ac4fdf0066fb073636233d8cd334f8f02b5a3,903,https://github.com/sqlalchemy/alembic/issues/903,https://github.com/sqlalchemy/alembic/tree/d3f869bb3159d18669fb6f00cbe514307118eea7,https://github.com/sqlalchemy/alembic/tree/6d5ac4fdf0066fb073636233d8cd334f8f02b5a3,https://github.com/sqlalchemy/alembic/compare/d3f869bb3159d18669fb6f00cbe514307118eea7...6d5ac4fdf0066fb073636233d8cd334f8f02b5a3
286,Alembic,79958bf68da0684ec7c7ffe90b1c5a41360c5906,dd01224a4cbc5119aa6738867b7ce28d9c65a73e,1212,https://github.com/sqlalchemy/alembic/issues/1212,https://github.com/sqlalchemy/alembic/tree/79958bf68da0684ec7c7ffe90b1c5a41360c5906,https://github.com/sqlalchemy/alembic/tree/dd01224a4cbc5119aa6738867b7ce28d9c65a73e,https://github.com/sqlalchemy/alembic/compare/79958bf68da0684ec7c7ffe90b1c5a41360c5906...dd01224a4cbc5119aa6738867b7ce28d9c65a73e
287,Alembic,e17e59ee2be160fff35b38b08d68766a971b3069,2aba0ada168d0047d54c7a08b0ffdde3102b716b,1093,https://github.com/sqlalchemy/alembic/issues/1093,https://github.com/sqlalchemy/alembic/tree/e17e59ee2be160fff35b38b08d68766a971b3069,https://github.com/sqlalchemy/alembic/tree/2aba0ada168d0047d54c7a08b0ffdde3102b716b,https://github.com/sqlalchemy/alembic/compare/e17e59ee2be160fff35b38b08d68766a971b3069...2aba0ada168d0047d54c7a08b0ffdde3102b716b
288,Alembic,6d5ac4fdf0066fb073636233d8cd334f8f02b5a3,4c5f80b0217c2d5b778ab2c5c34d431206d7a743,1221,https://github.com/sqlalchemy/alembic/issues/1221,https://github.com/sqlalchemy/alembic/tree/6d5ac4fdf0066fb073636233d8cd334f8f02b5a3,https://github.com/sqlalchemy/alembic/tree/4c5f80b0217c2d5b778ab2c5c34d431206d7a743,https://github.com/sqlalchemy/alembic/compare/6d5ac4fdf0066fb073636233d8cd334f8f02b5a3...4c5f80b0217c2d5b778ab2c5c34d431206d7a743
289,Alembic,e17e59ee2be160fff35b38b08d68766a971b3069,2866272251637c0dd246c275cf04947849ea88b8,1237,https://github.com/sqlalchemy/alembic/issues/1237,https://github.com/sqlalchemy/alembic/tree/e17e59ee2be160fff35b38b08d68766a971b3069,https://github.com/sqlalchemy/alembic/tree/2866272251637c0dd246c275cf04947849ea88b8,https://github.com/sqlalchemy/alembic/compare/e17e59ee2be160fff35b38b08d68766a971b3069...2866272251637c0dd246c275cf04947849ea88b8
290,Alembic,92e54a0e1c96cecd99397cb1aee9c3bb28f780c6,df75e85489b9ae69fffff2c5ad2594b30bed2fd4,1130,https://github.com/sqlalchemy/alembic/issues/1130,https://github.com/sqlalchemy/alembic/tree/92e54a0e1c96cecd99397cb1aee9c3bb28f780c6,https://github.com/sqlalchemy/alembic/tree/df75e85489b9ae69fffff2c5ad2594b30bed2fd4,https://github.com/sqlalchemy/alembic/compare/92e54a0e1c96cecd99397cb1aee9c3bb28f780c6...df75e85489b9ae69fffff2c5ad2594b30bed2fd4
291,Alembic,92e54a0e1c96cecd99397cb1aee9c3bb28f780c6,230a2932f646800b006c00b434be95c164598525,1178,https://github.com/sqlalchemy/alembic/issues/1178,https://github.com/sqlalchemy/alembic/tree/92e54a0e1c96cecd99397cb1aee9c3bb28f780c6,https://github.com/sqlalchemy/alembic/tree/230a2932f646800b006c00b434be95c164598525,https://github.com/sqlalchemy/alembic/compare/92e54a0e1c96cecd99397cb1aee9c3bb28f780c6...230a2932f646800b006c00b434be95c164598525
292,Alembic,3d9b1128cd6bf03ecb45003587c0eedfb9552b07,157c521736f1c9cfceb9b3a6ecf17f782d358c46,1213,https://github.com/sqlalchemy/alembic/issues/1213,https://github.com/sqlalchemy/alembic/tree/3d9b1128cd6bf03ecb45003587c0eedfb9552b07,https://github.com/sqlalchemy/alembic/tree/157c521736f1c9cfceb9b3a6ecf17f782d358c46,https://github.com/sqlalchemy/alembic/compare/3d9b1128cd6bf03ecb45003587c0eedfb9552b07...157c521736f1c9cfceb9b3a6ecf17f782d358c46
293,Alembic,f983e1d1442070bfc35ce1c19379221c1baf54cf,95adff69ec5b821235489e4fafdab358a18f323f,1244,https://github.com/sqlalchemy/alembic/issues/1244,https://github.com/sqlalchemy/alembic/tree/f983e1d1442070bfc35ce1c19379221c1baf54cf,https://github.com/sqlalchemy/alembic/tree/95adff69ec5b821235489e4fafdab358a18f323f,https://github.com/sqlalchemy/alembic/compare/f983e1d1442070bfc35ce1c19379221c1baf54cf...95adff69ec5b821235489e4fafdab358a18f323f
294,Alembic,abd175bf86b1091fe444b91c4f98dc9ea97ff723,ac0785dc3e56ebe9fc8caa78cd9c564d5e796da3,1230,https://github.com/sqlalchemy/alembic/issues/1230,https://github.com/sqlalchemy/alembic/tree/abd175bf86b1091fe444b91c4f98dc9ea97ff723,https://github.com/sqlalchemy/alembic/tree/ac0785dc3e56ebe9fc8caa78cd9c564d5e796da3,https://github.com/sqlalchemy/alembic/compare/abd175bf86b1091fe444b91c4f98dc9ea97ff723...ac0785dc3e56ebe9fc8caa78cd9c564d5e796da3
295,Alembic,197e001ee92f2672458b1c2abaa2b66098241d53,097611344222c50ab83da605306f18b4c5fd3841,1227,https://github.com/sqlalchemy/alembic/issues/1227,https://github.com/sqlalchemy/alembic/tree/197e001ee92f2672458b1c2abaa2b66098241d53,https://github.com/sqlalchemy/alembic/tree/097611344222c50ab83da605306f18b4c5fd3841,https://github.com/sqlalchemy/alembic/compare/197e001ee92f2672458b1c2abaa2b66098241d53...097611344222c50ab83da605306f18b4c5fd3841
296,Alembic,497c6c86b9547eed2ac297b1618300430578b86f,8ba4a4435871fe948f8292e7bb5bbc452e7d51ca,1240,https://github.com/sqlalchemy/alembic/issues/1240,https://github.com/sqlalchemy/alembic/tree/497c6c86b9547eed2ac297b1618300430578b86f,https://github.com/sqlalchemy/alembic/tree/8ba4a4435871fe948f8292e7bb5bbc452e7d51ca,https://github.com/sqlalchemy/alembic/compare/497c6c86b9547eed2ac297b1618300430578b86f...8ba4a4435871fe948f8292e7bb5bbc452e7d51ca
297,Alembic,92e54a0e1c96cecd99397cb1aee9c3bb28f780c6,647190e82d4e7b9d7fe24a891af6556ed9d651b8,1235,https://github.com/sqlalchemy/alembic/issues/1235,https://github.com/sqlalchemy/alembic/tree/92e54a0e1c96cecd99397cb1aee9c3bb28f780c6,https://github.com/sqlalchemy/alembic/tree/647190e82d4e7b9d7fe24a891af6556ed9d651b8,https://github.com/sqlalchemy/alembic/compare/92e54a0e1c96cecd99397cb1aee9c3bb28f780c6...647190e82d4e7b9d7fe24a891af6556ed9d651b8
298,Alembic,0e17b2050d590a7238dbdb917541dfdd2915a98a,c1cb5f6bc7c2e387f3b02d1f5cb8c00b0434b366,1291,https://github.com/sqlalchemy/alembic/issues/1291,https://github.com/sqlalchemy/alembic/tree/0e17b2050d590a7238dbdb917541dfdd2915a98a,https://github.com/sqlalchemy/alembic/tree/c1cb5f6bc7c2e387f3b02d1f5cb8c00b0434b366,https://github.com/sqlalchemy/alembic/compare/0e17b2050d590a7238dbdb917541dfdd2915a98a...c1cb5f6bc7c2e387f3b02d1f5cb8c00b0434b366
299,Alembic,95adff69ec5b821235489e4fafdab358a18f323f,6ad07e26f8b8fc3da931ea572547bb6f2643e088,1246,https://github.com/sqlalchemy/alembic/issues/1246,https://github.com/sqlalchemy/alembic/tree/95adff69ec5b821235489e4fafdab358a18f323f,https://github.com/sqlalchemy/alembic/tree/6ad07e26f8b8fc3da931ea572547bb6f2643e088,https://github.com/sqlalchemy/alembic/compare/95adff69ec5b821235489e4fafdab358a18f323f...6ad07e26f8b8fc3da931ea572547bb6f2643e088
300,Alembic,23f2b362c542823829b9e5dc511dfae5efa69e8f,63be91641dde3fba6db408c2f41824637801d284,1273,https://github.com/sqlalchemy/alembic/issues/1273,https://github.com/sqlalchemy/alembic/tree/23f2b362c542823829b9e5dc511dfae5efa69e8f,https://github.com/sqlalchemy/alembic/tree/63be91641dde3fba6db408c2f41824637801d284,https://github.com/sqlalchemy/alembic/compare/23f2b362c542823829b9e5dc511dfae5efa69e8f...63be91641dde3fba6db408c2f41824637801d284
301,Alembic,bf6f14907b72db76ac23635789754489e3208655,f4d439e1db4fb10caa371644a288d7719f1a81a0,1299,https://github.com/sqlalchemy/alembic/issues/1299,https://github.com/sqlalchemy/alembic/tree/bf6f14907b72db76ac23635789754489e3208655,https://github.com/sqlalchemy/alembic/tree/f4d439e1db4fb10caa371644a288d7719f1a81a0,https://github.com/sqlalchemy/alembic/compare/bf6f14907b72db76ac23635789754489e3208655...f4d439e1db4fb10caa371644a288d7719f1a81a0
302,Alembic,79738c9e971d4bbe6f4845a54fd0f972d15e1035,8e786a72ac8d86d03d2f9ec0335579b25cda3bce,1261,https://github.com/sqlalchemy/alembic/issues/1261,https://github.com/sqlalchemy/alembic/tree/79738c9e971d4bbe6f4845a54fd0f972d15e1035,https://github.com/sqlalchemy/alembic/tree/8e786a72ac8d86d03d2f9ec0335579b25cda3bce,https://github.com/sqlalchemy/alembic/compare/79738c9e971d4bbe6f4845a54fd0f972d15e1035...8e786a72ac8d86d03d2f9ec0335579b25cda3bce
303,Alembic,78c23b6bfabb340a2866c505a6c3916d4e5019a3,97057360e5780f467a71f716cd2c91d698d77448,1253,https://github.com/sqlalchemy/alembic/issues/1253,https://github.com/sqlalchemy/alembic/tree/78c23b6bfabb340a2866c505a6c3916d4e5019a3,https://github.com/sqlalchemy/alembic/tree/97057360e5780f467a71f716cd2c91d698d77448,https://github.com/sqlalchemy/alembic/compare/78c23b6bfabb340a2866c505a6c3916d4e5019a3...97057360e5780f467a71f716cd2c91d698d77448
304,Alembic,dbdec2661b8a01132ea3f7a027f85fed2eaf5e54,0c1ad1e0fae1a459758ffa42710dbce21d66ef5a,1302,https://github.com/sqlalchemy/alembic/issues/1302,https://github.com/sqlalchemy/alembic/tree/dbdec2661b8a01132ea3f7a027f85fed2eaf5e54,https://github.com/sqlalchemy/alembic/tree/0c1ad1e0fae1a459758ffa42710dbce21d66ef5a,https://github.com/sqlalchemy/alembic/compare/dbdec2661b8a01132ea3f7a027f85fed2eaf5e54...0c1ad1e0fae1a459758ffa42710dbce21d66ef5a
305,Alembic,5a95c35910185c5b1d53324d5e95b290bdac2446,b37d3d0ad7b0ed949fa895c5051e9d144f86698f,1293,https://github.com/sqlalchemy/alembic/issues/1293,https://github.com/sqlalchemy/alembic/tree/5a95c35910185c5b1d53324d5e95b290bdac2446,https://github.com/sqlalchemy/alembic/tree/b37d3d0ad7b0ed949fa895c5051e9d144f86698f,https://github.com/sqlalchemy/alembic/compare/5a95c35910185c5b1d53324d5e95b290bdac2446...b37d3d0ad7b0ed949fa895c5051e9d144f86698f
306,Alembic,d10b9d946aaf55226fef9e26d989d63f3e9a2bda,5628a2270ec66e334a109c3859bb74a86b08a9fb,930,https://github.com/sqlalchemy/alembic/issues/930,https://github.com/sqlalchemy/alembic/tree/d10b9d946aaf55226fef9e26d989d63f3e9a2bda,https://github.com/sqlalchemy/alembic/tree/5628a2270ec66e334a109c3859bb74a86b08a9fb,https://github.com/sqlalchemy/alembic/compare/d10b9d946aaf55226fef9e26d989d63f3e9a2bda...5628a2270ec66e334a109c3859bb74a86b08a9fb
307,Alembic,d10b9d946aaf55226fef9e26d989d63f3e9a2bda,5628a2270ec66e334a109c3859bb74a86b08a9fb,1266,https://github.com/sqlalchemy/alembic/issues/1266,https://github.com/sqlalchemy/alembic/tree/d10b9d946aaf55226fef9e26d989d63f3e9a2bda,https://github.com/sqlalchemy/alembic/tree/5628a2270ec66e334a109c3859bb74a86b08a9fb,https://github.com/sqlalchemy/alembic/compare/d10b9d946aaf55226fef9e26d989d63f3e9a2bda...5628a2270ec66e334a109c3859bb74a86b08a9fb
308,Alembic,28bad0bcc59a0012e27850877ff545a6544a62b6,1033b9998f3fe7177d320e4d105c5b43ed4ca50b,1335,https://github.com/sqlalchemy/alembic/issues/1335,https://github.com/sqlalchemy/alembic/tree/28bad0bcc59a0012e27850877ff545a6544a62b6,https://github.com/sqlalchemy/alembic/tree/1033b9998f3fe7177d320e4d105c5b43ed4ca50b,https://github.com/sqlalchemy/alembic/compare/28bad0bcc59a0012e27850877ff545a6544a62b6...1033b9998f3fe7177d320e4d105c5b43ed4ca50b
309,Alembic,fba7492783a70439187cb7d5d590fd64992cb690,78159abed333a94f81e1a5e4a25bc31244e5fda6,1348,https://github.com/sqlalchemy/alembic/issues/1348,https://github.com/sqlalchemy/alembic/tree/fba7492783a70439187cb7d5d590fd64992cb690,https://github.com/sqlalchemy/alembic/tree/78159abed333a94f81e1a5e4a25bc31244e5fda6,https://github.com/sqlalchemy/alembic/compare/fba7492783a70439187cb7d5d590fd64992cb690...78159abed333a94f81e1a5e4a25bc31244e5fda6
310,Alembic,885f29a36292adb5509ab0545277fcb63864f578,665f50f742517fd5bae9805a357bf5c44ea2e171,1361,https://github.com/sqlalchemy/alembic/issues/1361,https://github.com/sqlalchemy/alembic/tree/885f29a36292adb5509ab0545277fcb63864f578,https://github.com/sqlalchemy/alembic/tree/665f50f742517fd5bae9805a357bf5c44ea2e171,https://github.com/sqlalchemy/alembic/compare/885f29a36292adb5509ab0545277fcb63864f578...665f50f742517fd5bae9805a357bf5c44ea2e171
311,Alembic,0c1ad1e0fae1a459758ffa42710dbce21d66ef5a,733197e0e794ed6aec3e21542257d6cec5bb7d1f,1300,https://github.com/sqlalchemy/alembic/issues/1300,https://github.com/sqlalchemy/alembic/tree/0c1ad1e0fae1a459758ffa42710dbce21d66ef5a,https://github.com/sqlalchemy/alembic/tree/733197e0e794ed6aec3e21542257d6cec5bb7d1f,https://github.com/sqlalchemy/alembic/compare/0c1ad1e0fae1a459758ffa42710dbce21d66ef5a...733197e0e794ed6aec3e21542257d6cec5bb7d1f
312,Alembic,3e48ed0d4287fd89e96dce8ed1dd46b4c25bf53d,222e4ba2c1b5b92c5d41a9a3628eb41e00124239,1329,https://github.com/sqlalchemy/alembic/issues/1329,https://github.com/sqlalchemy/alembic/tree/3e48ed0d4287fd89e96dce8ed1dd46b4c25bf53d,https://github.com/sqlalchemy/alembic/tree/222e4ba2c1b5b92c5d41a9a3628eb41e00124239,https://github.com/sqlalchemy/alembic/compare/3e48ed0d4287fd89e96dce8ed1dd46b4c25bf53d...222e4ba2c1b5b92c5d41a9a3628eb41e00124239
313,Alembic,78159abed333a94f81e1a5e4a25bc31244e5fda6,05c3b09bc4446080cb57ec932aca5835829a7ae5,1321,https://github.com/sqlalchemy/alembic/issues/1321,https://github.com/sqlalchemy/alembic/tree/78159abed333a94f81e1a5e4a25bc31244e5fda6,https://github.com/sqlalchemy/alembic/tree/05c3b09bc4446080cb57ec932aca5835829a7ae5,https://github.com/sqlalchemy/alembic/compare/78159abed333a94f81e1a5e4a25bc31244e5fda6...05c3b09bc4446080cb57ec932aca5835829a7ae5
314,Alembic,78159abed333a94f81e1a5e4a25bc31244e5fda6,05c3b09bc4446080cb57ec932aca5835829a7ae5,1327,https://github.com/sqlalchemy/alembic/issues/1327,https://github.com/sqlalchemy/alembic/tree/78159abed333a94f81e1a5e4a25bc31244e5fda6,https://github.com/sqlalchemy/alembic/tree/05c3b09bc4446080cb57ec932aca5835829a7ae5,https://github.com/sqlalchemy/alembic/compare/78159abed333a94f81e1a5e4a25bc31244e5fda6...05c3b09bc4446080cb57ec932aca5835829a7ae5
315,Alembic,971b0b4bead3da57f3026a575e1a83091d3b55b7,0fc08799d62f32553ff0e4b629a0d4371ece6a09,1369,https://github.com/sqlalchemy/alembic/issues/1369,https://github.com/sqlalchemy/alembic/tree/971b0b4bead3da57f3026a575e1a83091d3b55b7,https://github.com/sqlalchemy/alembic/tree/0fc08799d62f32553ff0e4b629a0d4371ece6a09,https://github.com/sqlalchemy/alembic/compare/971b0b4bead3da57f3026a575e1a83091d3b55b7...0fc08799d62f32553ff0e4b629a0d4371ece6a09
316,Alembic,b37d3d0ad7b0ed949fa895c5051e9d144f86698f,3e48ed0d4287fd89e96dce8ed1dd46b4c25bf53d,1325,https://github.com/sqlalchemy/alembic/issues/1325,https://github.com/sqlalchemy/alembic/tree/b37d3d0ad7b0ed949fa895c5051e9d144f86698f,https://github.com/sqlalchemy/alembic/tree/3e48ed0d4287fd89e96dce8ed1dd46b4c25bf53d,https://github.com/sqlalchemy/alembic/compare/b37d3d0ad7b0ed949fa895c5051e9d144f86698f...3e48ed0d4287fd89e96dce8ed1dd46b4c25bf53d
317,Alembic,8542a09459daa9a75a73ab8e4c109686255e4f34,b2087336869511c5c6f766a1df455b76d8d23ce9,1277,https://github.com/sqlalchemy/alembic/issues/1277,https://github.com/sqlalchemy/alembic/tree/8542a09459daa9a75a73ab8e4c109686255e4f34,https://github.com/sqlalchemy/alembic/tree/b2087336869511c5c6f766a1df455b76d8d23ce9,https://github.com/sqlalchemy/alembic/compare/8542a09459daa9a75a73ab8e4c109686255e4f34...b2087336869511c5c6f766a1df455b76d8d23ce9
318,Alembic,8542a09459daa9a75a73ab8e4c109686255e4f34,b2087336869511c5c6f766a1df455b76d8d23ce9,1058,https://github.com/sqlalchemy/alembic/issues/1058,https://github.com/sqlalchemy/alembic/tree/8542a09459daa9a75a73ab8e4c109686255e4f34,https://github.com/sqlalchemy/alembic/tree/b2087336869511c5c6f766a1df455b76d8d23ce9,https://github.com/sqlalchemy/alembic/compare/8542a09459daa9a75a73ab8e4c109686255e4f34...b2087336869511c5c6f766a1df455b76d8d23ce9
319,Alembic,abc8002ec67ddcb0a0be56b8167a4837f3884217,18f51d5176cfd0a9cf53d223e2dbba4ed8af3617,1384,https://github.com/sqlalchemy/alembic/issues/1384,https://github.com/sqlalchemy/alembic/tree/abc8002ec67ddcb0a0be56b8167a4837f3884217,https://github.com/sqlalchemy/alembic/tree/18f51d5176cfd0a9cf53d223e2dbba4ed8af3617,https://github.com/sqlalchemy/alembic/compare/abc8002ec67ddcb0a0be56b8167a4837f3884217...18f51d5176cfd0a9cf53d223e2dbba4ed8af3617
320,Alembic,6827b4d0db242946e074c1729d1317008e85a244,f443584f994a7a6426197f9f3700ed55f6f8458a,1377,https://github.com/sqlalchemy/alembic/issues/1377,https://github.com/sqlalchemy/alembic/tree/6827b4d0db242946e074c1729d1317008e85a244,https://github.com/sqlalchemy/alembic/tree/f443584f994a7a6426197f9f3700ed55f6f8458a,https://github.com/sqlalchemy/alembic/compare/6827b4d0db242946e074c1729d1317008e85a244...f443584f994a7a6426197f9f3700ed55f6f8458a
321,Alembic,0fc08799d62f32553ff0e4b629a0d4371ece6a09,6827b4d0db242946e074c1729d1317008e85a244,1371,https://github.com/sqlalchemy/alembic/issues/1371,https://github.com/sqlalchemy/alembic/tree/0fc08799d62f32553ff0e4b629a0d4371ece6a09,https://github.com/sqlalchemy/alembic/tree/6827b4d0db242946e074c1729d1317008e85a244,https://github.com/sqlalchemy/alembic/compare/0fc08799d62f32553ff0e4b629a0d4371ece6a09...6827b4d0db242946e074c1729d1317008e85a244
322,Alembic,7a0af05fe3f663f2dbf6f2de168af1d1d42c84e1,ade17cfd8dd1a12d6babceb24126511ddab1085a,1464,https://github.com/sqlalchemy/alembic/issues/1464,https://github.com/sqlalchemy/alembic/tree/7a0af05fe3f663f2dbf6f2de168af1d1d42c84e1,https://github.com/sqlalchemy/alembic/tree/ade17cfd8dd1a12d6babceb24126511ddab1085a,https://github.com/sqlalchemy/alembic/compare/7a0af05fe3f663f2dbf6f2de168af1d1d42c84e1...ade17cfd8dd1a12d6babceb24126511ddab1085a
323,Alembic,88f26844ffdc0850a5e133d65daef0acd7a92dfc,7a0af05fe3f663f2dbf6f2de168af1d1d42c84e1,1463,https://github.com/sqlalchemy/alembic/issues/1463,https://github.com/sqlalchemy/alembic/tree/88f26844ffdc0850a5e133d65daef0acd7a92dfc,https://github.com/sqlalchemy/alembic/tree/7a0af05fe3f663f2dbf6f2de168af1d1d42c84e1,https://github.com/sqlalchemy/alembic/compare/88f26844ffdc0850a5e133d65daef0acd7a92dfc...7a0af05fe3f663f2dbf6f2de168af1d1d42c84e1
324,Alembic,b6b44c1e90c96b55939b28d73f427eff7b9cb620,2e95cec38ce3950c4b5cd4d7154bc1b2ba025532,1556,https://github.com/sqlalchemy/alembic/issues/1556,https://github.com/sqlalchemy/alembic/tree/b6b44c1e90c96b55939b28d73f427eff7b9cb620,https://github.com/sqlalchemy/alembic/tree/2e95cec38ce3950c4b5cd4d7154bc1b2ba025532,https://github.com/sqlalchemy/alembic/compare/b6b44c1e90c96b55939b28d73f427eff7b9cb620...2e95cec38ce3950c4b5cd4d7154bc1b2ba025532
325,Alembic,de3958bf414477010fe67d1fc925b63a8fae705c,0e0c141f04359fd6cd8e4feea83c057645a7b938,1585,https://github.com/sqlalchemy/alembic/issues/1585,https://github.com/sqlalchemy/alembic/tree/de3958bf414477010fe67d1fc925b63a8fae705c,https://github.com/sqlalchemy/alembic/tree/0e0c141f04359fd6cd8e4feea83c057645a7b938,https://github.com/sqlalchemy/alembic/compare/de3958bf414477010fe67d1fc925b63a8fae705c...0e0c141f04359fd6cd8e4feea83c057645a7b938
326,Alembic,4ecf4ad0b4fd576d8d280825308dc3a642c248f8,36231bcda74dbeb54d50d0395fafcb3abd779272,1613,https://github.com/sqlalchemy/alembic/issues/1613,https://github.com/sqlalchemy/alembic/tree/4ecf4ad0b4fd576d8d280825308dc3a642c248f8,https://github.com/sqlalchemy/alembic/tree/36231bcda74dbeb54d50d0395fafcb3abd779272,https://github.com/sqlalchemy/alembic/compare/4ecf4ad0b4fd576d8d280825308dc3a642c248f8...36231bcda74dbeb54d50d0395fafcb3abd779272
327,Alembic,d7cafec6bb7ad306670260a500c046d037e763c6,d82e382fcc8eb688443873a2d0f425dff6598bea,1616,https://github.com/sqlalchemy/alembic/issues/1616,https://github.com/sqlalchemy/alembic/tree/d7cafec6bb7ad306670260a500c046d037e763c6,https://github.com/sqlalchemy/alembic/tree/d82e382fcc8eb688443873a2d0f425dff6598bea,https://github.com/sqlalchemy/alembic/compare/d7cafec6bb7ad306670260a500c046d037e763c6...d82e382fcc8eb688443873a2d0f425dff6598bea
328,Alembic,d7cafec6bb7ad306670260a500c046d037e763c6,2b63cc2cb70a4f01ea43e38b39f300c024a09a31,1614,https://github.com/sqlalchemy/alembic/issues/1614,https://github.com/sqlalchemy/alembic/tree/d7cafec6bb7ad306670260a500c046d037e763c6,https://github.com/sqlalchemy/alembic/tree/2b63cc2cb70a4f01ea43e38b39f300c024a09a31,https://github.com/sqlalchemy/alembic/compare/d7cafec6bb7ad306670260a500c046d037e763c6...2b63cc2cb70a4f01ea43e38b39f300c024a09a31
329,Alembic,a22d21a43c2eb7a12944377168727ed76a51aaa9,88769c545439336bec7379dc77f7e6f70d83d1ea,1429,https://github.com/sqlalchemy/alembic/issues/1429,https://github.com/sqlalchemy/alembic/tree/a22d21a43c2eb7a12944377168727ed76a51aaa9,https://github.com/sqlalchemy/alembic/tree/88769c545439336bec7379dc77f7e6f70d83d1ea,https://github.com/sqlalchemy/alembic/compare/a22d21a43c2eb7a12944377168727ed76a51aaa9...88769c545439336bec7379dc77f7e6f70d83d1ea
330,Alembic,abc8002ec67ddcb0a0be56b8167a4837f3884217,f24a644e15216980917ca9160fe1dcc5f3c040aa,1394,https://github.com/sqlalchemy/alembic/issues/1394,https://github.com/sqlalchemy/alembic/tree/abc8002ec67ddcb0a0be56b8167a4837f3884217,https://github.com/sqlalchemy/alembic/tree/f24a644e15216980917ca9160fe1dcc5f3c040aa,https://github.com/sqlalchemy/alembic/compare/abc8002ec67ddcb0a0be56b8167a4837f3884217...f24a644e15216980917ca9160fe1dcc5f3c040aa
331,Alembic,cc4c7217316f878d223007684fd22fe7d642a84d,caa108004c3c2d4c797f7ef91ddc435b3a6b2602,1234,https://github.com/sqlalchemy/alembic/issues/1234,https://github.com/sqlalchemy/alembic/tree/cc4c7217316f878d223007684fd22fe7d642a84d,https://github.com/sqlalchemy/alembic/tree/caa108004c3c2d4c797f7ef91ddc435b3a6b2602,https://github.com/sqlalchemy/alembic/compare/cc4c7217316f878d223007684fd22fe7d642a84d...caa108004c3c2d4c797f7ef91ddc435b3a6b2602
332,Alembic,ade17cfd8dd1a12d6babceb24126511ddab1085a,34dbe6afa27db5288629e1ec6fe5fbcd675a3b2f,1479,https://github.com/sqlalchemy/alembic/issues/1479,https://github.com/sqlalchemy/alembic/tree/ade17cfd8dd1a12d6babceb24126511ddab1085a,https://github.com/sqlalchemy/alembic/tree/34dbe6afa27db5288629e1ec6fe5fbcd675a3b2f,https://github.com/sqlalchemy/alembic/compare/ade17cfd8dd1a12d6babceb24126511ddab1085a...34dbe6afa27db5288629e1ec6fe5fbcd675a3b2f
333,Alembic,e9f0c07b34b2e157400e7d777c8e31f97381f9ad,76791bbb42b4b2829dc79df5ea5234ac7dc226b0,1656,https://github.com/sqlalchemy/alembic/issues/1656,https://github.com/sqlalchemy/alembic/tree/e9f0c07b34b2e157400e7d777c8e31f97381f9ad,https://github.com/sqlalchemy/alembic/tree/76791bbb42b4b2829dc79df5ea5234ac7dc226b0,https://github.com/sqlalchemy/alembic/compare/e9f0c07b34b2e157400e7d777c8e31f97381f9ad...76791bbb42b4b2829dc79df5ea5234ac7dc226b0
334,Alembic,e9f0c07b34b2e157400e7d777c8e31f97381f9ad,9913fdb8e20262ccbc34f715b044d36b4be8b5ad,1330,https://github.com/sqlalchemy/alembic/issues/1330,https://github.com/sqlalchemy/alembic/tree/e9f0c07b34b2e157400e7d777c8e31f97381f9ad,https://github.com/sqlalchemy/alembic/tree/9913fdb8e20262ccbc34f715b044d36b4be8b5ad,https://github.com/sqlalchemy/alembic/compare/e9f0c07b34b2e157400e7d777c8e31f97381f9ad...9913fdb8e20262ccbc34f715b044d36b4be8b5ad
335,Alembic,4c2705c15eddc8b919b9dd89759dbb73eb6e88be,65302c42b2146d488167afb1bd1115696cd14cc2,264,https://github.com/sqlalchemy/alembic/issues/264,https://github.com/sqlalchemy/alembic/tree/4c2705c15eddc8b919b9dd89759dbb73eb6e88be,https://github.com/sqlalchemy/alembic/tree/65302c42b2146d488167afb1bd1115696cd14cc2,https://github.com/sqlalchemy/alembic/compare/4c2705c15eddc8b919b9dd89759dbb73eb6e88be...65302c42b2146d488167afb1bd1115696cd14cc2
336,Alembic,9913fdb8e20262ccbc34f715b044d36b4be8b5ad,a52a18f7f7d34148d869de442c9b448809c49672,1082,https://github.com/sqlalchemy/alembic/issues/1082,https://github.com/sqlalchemy/alembic/tree/9913fdb8e20262ccbc34f715b044d36b4be8b5ad,https://github.com/sqlalchemy/alembic/tree/a52a18f7f7d34148d869de442c9b448809c49672,https://github.com/sqlalchemy/alembic/compare/9913fdb8e20262ccbc34f715b044d36b4be8b5ad...a52a18f7f7d34148d869de442c9b448809c49672
337,Alembic,452b59728fde58e7f6fa869c6a689c1fe81f04d4,97edb1a192aa71a0bbb3961d45b0a696fccd1616,1643,https://github.com/sqlalchemy/alembic/issues/1643,https://github.com/sqlalchemy/alembic/tree/452b59728fde58e7f6fa869c6a689c1fe81f04d4,https://github.com/sqlalchemy/alembic/tree/97edb1a192aa71a0bbb3961d45b0a696fccd1616,https://github.com/sqlalchemy/alembic/compare/452b59728fde58e7f6fa869c6a689c1fe81f04d4...97edb1a192aa71a0bbb3961d45b0a696fccd1616
338,Alembic,0505047601a53060144161d79249d1451b9f4e2b,7c84327e2c02b1fe7f8336d63dc7c8a89b609870,1692,https://github.com/sqlalchemy/alembic/issues/1692,https://github.com/sqlalchemy/alembic/tree/0505047601a53060144161d79249d1451b9f4e2b,https://github.com/sqlalchemy/alembic/tree/7c84327e2c02b1fe7f8336d63dc7c8a89b609870,https://github.com/sqlalchemy/alembic/compare/0505047601a53060144161d79249d1451b9f4e2b...7c84327e2c02b1fe7f8336d63dc7c8a89b609870
339,Alembic,4477ff09a3902da4047ff9b0eeb0cb1b24004d7f,72276d1efc5584cc8d9265f7f04c50036b709543,1635,https://github.com/sqlalchemy/alembic/issues/1635,https://github.com/sqlalchemy/alembic/tree/4477ff09a3902da4047ff9b0eeb0cb1b24004d7f,https://github.com/sqlalchemy/alembic/tree/72276d1efc5584cc8d9265f7f04c50036b709543,https://github.com/sqlalchemy/alembic/compare/4477ff09a3902da4047ff9b0eeb0cb1b24004d7f...72276d1efc5584cc8d9265f7f04c50036b709543
340,Alembic,7670b2fcf0c0666051c740107306199c77a93b7c,a272da9a4b95170848a1cc64dbb5e3019d27c7a1,1659,https://github.com/sqlalchemy/alembic/issues/1659,https://github.com/sqlalchemy/alembic/tree/7670b2fcf0c0666051c740107306199c77a93b7c,https://github.com/sqlalchemy/alembic/tree/a272da9a4b95170848a1cc64dbb5e3019d27c7a1,https://github.com/sqlalchemy/alembic/compare/7670b2fcf0c0666051c740107306199c77a93b7c...a272da9a4b95170848a1cc64dbb5e3019d27c7a1
341,Alembic,7670b2fcf0c0666051c740107306199c77a93b7c,a272da9a4b95170848a1cc64dbb5e3019d27c7a1,1660,https://github.com/sqlalchemy/alembic/issues/1660,https://github.com/sqlalchemy/alembic/tree/7670b2fcf0c0666051c740107306199c77a93b7c,https://github.com/sqlalchemy/alembic/tree/a272da9a4b95170848a1cc64dbb5e3019d27c7a1,https://github.com/sqlalchemy/alembic/compare/7670b2fcf0c0666051c740107306199c77a93b7c...a272da9a4b95170848a1cc64dbb5e3019d27c7a1
342,Alembic,1b65c298df1f1f92c665830b9dea788da151ea29,1e0180e85ad8959f474726d28886f01b23775666,1694,https://github.com/sqlalchemy/alembic/issues/1694,https://github.com/sqlalchemy/alembic/tree/1b65c298df1f1f92c665830b9dea788da151ea29,https://github.com/sqlalchemy/alembic/tree/1e0180e85ad8959f474726d28886f01b23775666,https://github.com/sqlalchemy/alembic/compare/1b65c298df1f1f92c665830b9dea788da151ea29...1e0180e85ad8959f474726d28886f01b23775666
343,Alembic,0109a93ff7da38d50c20ae0035c2105bf0d83927,d00e8541dddf3a5a5b1d8ea7425c2bcd97f26a03,1679,https://github.com/sqlalchemy/alembic/issues/1679,https://github.com/sqlalchemy/alembic/tree/0109a93ff7da38d50c20ae0035c2105bf0d83927,https://github.com/sqlalchemy/alembic/tree/d00e8541dddf3a5a5b1d8ea7425c2bcd97f26a03,https://github.com/sqlalchemy/alembic/compare/0109a93ff7da38d50c20ae0035c2105bf0d83927...d00e8541dddf3a5a5b1d8ea7425c2bcd97f26a03
344,Alembic,a9f860bf390b76a376fa206d62faf6f546969142,cd4f404358f101b2b930013c609c074baca61468,1492,https://github.com/sqlalchemy/alembic/issues/1492,https://github.com/sqlalchemy/alembic/tree/a9f860bf390b76a376fa206d62faf6f546969142,https://github.com/sqlalchemy/alembic/tree/cd4f404358f101b2b930013c609c074baca61468,https://github.com/sqlalchemy/alembic/compare/a9f860bf390b76a376fa206d62faf6f546969142...cd4f404358f101b2b930013c609c074baca61468
345,Alembic,3edfb0f70e0d4f46905ac9db4f6067dc7e12402e,dcba64415a3ef898078f04890712add7a8d18789,1744,https://github.com/sqlalchemy/alembic/issues/1744,https://github.com/sqlalchemy/alembic/tree/3edfb0f70e0d4f46905ac9db4f6067dc7e12402e,https://github.com/sqlalchemy/alembic/tree/dcba64415a3ef898078f04890712add7a8d18789,https://github.com/sqlalchemy/alembic/compare/3edfb0f70e0d4f46905ac9db4f6067dc7e12402e...dcba64415a3ef898078f04890712add7a8d18789
346,Alembic,0505047601a53060144161d79249d1451b9f4e2b,aa2ccd8483bced33b53b0e2b38c0f94f291f344b,1633,https://github.com/sqlalchemy/alembic/issues/1633,https://github.com/sqlalchemy/alembic/tree/0505047601a53060144161d79249d1451b9f4e2b,https://github.com/sqlalchemy/alembic/tree/aa2ccd8483bced33b53b0e2b38c0f94f291f344b,https://github.com/sqlalchemy/alembic/compare/0505047601a53060144161d79249d1451b9f4e2b...aa2ccd8483bced33b53b0e2b38c0f94f291f344b
347,Alembic,6c127072671c37c9e295eac6faedf92fcb1d239b,d45b7d1bf36db1ea8d7f725c2a48361cc3cddcae,1709,https://github.com/sqlalchemy/alembic/issues/1709,https://github.com/sqlalchemy/alembic/tree/6c127072671c37c9e295eac6faedf92fcb1d239b,https://github.com/sqlalchemy/alembic/tree/d45b7d1bf36db1ea8d7f725c2a48361cc3cddcae,https://github.com/sqlalchemy/alembic/compare/6c127072671c37c9e295eac6faedf92fcb1d239b...d45b7d1bf36db1ea8d7f725c2a48361cc3cddcae
348,Alembic,13c9b711144a8026d0f0d0406590a0c0ef659740,4c42276f5a1c5f3c7d32e34fa6e6388f22d9f092,1755,https://github.com/sqlalchemy/alembic/issues/1755,https://github.com/sqlalchemy/alembic/tree/13c9b711144a8026d0f0d0406590a0c0ef659740,https://github.com/sqlalchemy/alembic/tree/4c42276f5a1c5f3c7d32e34fa6e6388f22d9f092,https://github.com/sqlalchemy/alembic/compare/13c9b711144a8026d0f0d0406590a0c0ef659740...4c42276f5a1c5f3c7d32e34fa6e6388f22d9f092
