bug.id,project_id,revision.id.buggy,revision.id.fixed,report.id,report.url,buggy_commit_url,fixed_commit_url,compare_url
1,Tauri,50ef9127210ed0740173c4b7627f1b1b3c904dfe,6dcccf5a8ea9817128a9d03d7afbbcf5165d580e,99,https://github.com/tauri-apps/tauri/issues/99,https://github.com/tauri-apps/taur/tree/50ef9127210ed0740173c4b7627f1b1b3c904dfe,https://github.com/tauri-apps/taur/tree/6dcccf5a8ea9817128a9d03d7afbbcf5165d580e,https://github.com/tauri-apps/taur/compare/50ef9127210ed0740173c4b7627f1b1b3c904dfe...6dcccf5a8ea9817128a9d03d7afbbcf5165d580e
2,Tauri,af98ed349b9ef28781fa090ff4a7a93ce8788348,ee2d714b674db3e1b64c75f0f7bb5d149312884d,309,https://github.com/tauri-apps/tauri/issues/309,https://github.com/tauri-apps/taur/tree/af98ed349b9ef28781fa090ff4a7a93ce8788348,https://github.com/tauri-apps/taur/tree/ee2d714b674db3e1b64c75f0f7bb5d149312884d,https://github.com/tauri-apps/taur/compare/af98ed349b9ef28781fa090ff4a7a93ce8788348...ee2d714b674db3e1b64c75f0f7bb5d149312884d
3,Tauri,7c0482f9a8fcb35844895aea5068acf192e1aec7,d79eb4fc210f1b7baf67a17832a746c420369985,377,https://github.com/tauri-apps/tauri/issues/377,https://github.com/tauri-apps/taur/tree/7c0482f9a8fcb35844895aea5068acf192e1aec7,https://github.com/tauri-apps/taur/tree/d79eb4fc210f1b7baf67a17832a746c420369985,https://github.com/tauri-apps/taur/compare/7c0482f9a8fcb35844895aea5068acf192e1aec7...d79eb4fc210f1b7baf67a17832a746c420369985
4,Tauri,7b8edd29ea3f1fc494e823dfdfedbb8b9ae74002,64367212a942915a1dcd1a971727d6d7a864fba9,377,https://github.com/tauri-apps/tauri/issues/377,https://github.com/tauri-apps/taur/tree/7b8edd29ea3f1fc494e823dfdfedbb8b9ae74002,https://github.com/tauri-apps/taur/tree/64367212a942915a1dcd1a971727d6d7a864fba9,https://github.com/tauri-apps/taur/compare/7b8edd29ea3f1fc494e823dfdfedbb8b9ae74002...64367212a942915a1dcd1a971727d6d7a864fba9
5,Tauri,377b500020c7465465a9adfd8e4dbac7668e084f,d37efa56050872412645ea55714728901ab7f7da,427,https://github.com/tauri-apps/tauri/issues/427,https://github.com/tauri-apps/taur/tree/377b500020c7465465a9adfd8e4dbac7668e084f,https://github.com/tauri-apps/taur/tree/d37efa56050872412645ea55714728901ab7f7da,https://github.com/tauri-apps/taur/compare/377b500020c7465465a9adfd8e4dbac7668e084f...d37efa56050872412645ea55714728901ab7f7da
6,Tauri,f7a1c3646890485c585bc7e1b7a638ab53ff1394,b57532549573e785c309edd4e3078ef546b09ba9,554,https://github.com/tauri-apps/tauri/issues/554,https://github.com/tauri-apps/taur/tree/f7a1c3646890485c585bc7e1b7a638ab53ff1394,https://github.com/tauri-apps/taur/tree/b57532549573e785c309edd4e3078ef546b09ba9,https://github.com/tauri-apps/taur/compare/f7a1c3646890485c585bc7e1b7a638ab53ff1394...b57532549573e785c309edd4e3078ef546b09ba9
7,Tauri,a2b29949b7e59d440e2e5b61f9d80a651fffbd3a,7e7b43cef31bc226d76874d24cfd000553e00f89,527,https://github.com/tauri-apps/tauri/issues/527,https://github.com/tauri-apps/taur/tree/a2b29949b7e59d440e2e5b61f9d80a651fffbd3a,https://github.com/tauri-apps/taur/tree/7e7b43cef31bc226d76874d24cfd000553e00f89,https://github.com/tauri-apps/taur/compare/a2b29949b7e59d440e2e5b61f9d80a651fffbd3a...7e7b43cef31bc226d76874d24cfd000553e00f89
8,Tauri,4b54cc156496bf7f102785fc631e7ba5ebb80966,0c141f4922964617539822dcd9589eccc3146cf6,594,https://github.com/tauri-apps/tauri/issues/594,https://github.com/tauri-apps/taur/tree/4b54cc156496bf7f102785fc631e7ba5ebb80966,https://github.com/tauri-apps/taur/tree/0c141f4922964617539822dcd9589eccc3146cf6,https://github.com/tauri-apps/taur/compare/4b54cc156496bf7f102785fc631e7ba5ebb80966...0c141f4922964617539822dcd9589eccc3146cf6
9,Tauri,7e7b43cef31bc226d76874d24cfd000553e00f89,1d792d2a540f7b45d00285f30c62fef13b63f87c,212,https://github.com/tauri-apps/tauri/issues/212,https://github.com/tauri-apps/taur/tree/7e7b43cef31bc226d76874d24cfd000553e00f89,https://github.com/tauri-apps/taur/tree/1d792d2a540f7b45d00285f30c62fef13b63f87c,https://github.com/tauri-apps/taur/compare/7e7b43cef31bc226d76874d24cfd000553e00f89...1d792d2a540f7b45d00285f30c62fef13b63f87c
10,Tauri,7a1a3d60d9fa0859b2d36169e18e4bfda3565cec,13e303b7331511e750e181e29c6d50ae0784926c,633,https://github.com/tauri-apps/tauri/issues/633,https://github.com/tauri-apps/taur/tree/7a1a3d60d9fa0859b2d36169e18e4bfda3565cec,https://github.com/tauri-apps/taur/tree/13e303b7331511e750e181e29c6d50ae0784926c,https://github.com/tauri-apps/taur/compare/7a1a3d60d9fa0859b2d36169e18e4bfda3565cec...13e303b7331511e750e181e29c6d50ae0784926c
11,Tauri,bfbd12cac133c36f0e32c0f28a652b3018536c08,7a1a3d60d9fa0859b2d36169e18e4bfda3565cec,625,https://github.com/tauri-apps/tauri/issues/625,https://github.com/tauri-apps/taur/tree/bfbd12cac133c36f0e32c0f28a652b3018536c08,https://github.com/tauri-apps/taur/tree/7a1a3d60d9fa0859b2d36169e18e4bfda3565cec,https://github.com/tauri-apps/taur/compare/bfbd12cac133c36f0e32c0f28a652b3018536c08...7a1a3d60d9fa0859b2d36169e18e4bfda3565cec
12,Tauri,618b673c6128808185a642aab5d7276cdfdc7cb8,626cffbbc98d48a11a34e875803acb112fb35b54,601,https://github.com/tauri-apps/tauri/issues/601,https://github.com/tauri-apps/taur/tree/618b673c6128808185a642aab5d7276cdfdc7cb8,https://github.com/tauri-apps/taur/tree/626cffbbc98d48a11a34e875803acb112fb35b54,https://github.com/tauri-apps/taur/compare/618b673c6128808185a642aab5d7276cdfdc7cb8...626cffbbc98d48a11a34e875803acb112fb35b54
13,Tauri,7e790ac0a6c7e77a540d79f19cd246ddd6845c43,e0c330cfb6f951c25489ea6a28cdfc229da7781f,691,https://github.com/tauri-apps/tauri/issues/691,https://github.com/tauri-apps/taur/tree/7e790ac0a6c7e77a540d79f19cd246ddd6845c43,https://github.com/tauri-apps/taur/tree/e0c330cfb6f951c25489ea6a28cdfc229da7781f,https://github.com/tauri-apps/taur/compare/7e790ac0a6c7e77a540d79f19cd246ddd6845c43...e0c330cfb6f951c25489ea6a28cdfc229da7781f
14,Tauri,14cddd404ca627786895761c172c728ce006e057,2681ad361b4295756bef560b5d74ece2a757749f,435,https://github.com/tauri-apps/tauri/issues/435,https://github.com/tauri-apps/taur/tree/14cddd404ca627786895761c172c728ce006e057,https://github.com/tauri-apps/taur/tree/2681ad361b4295756bef560b5d74ece2a757749f,https://github.com/tauri-apps/taur/compare/14cddd404ca627786895761c172c728ce006e057...2681ad361b4295756bef560b5d74ece2a757749f
15,Tauri,78b98cc7eed0ceac996e3d6bf11243313e226196,b3617062cb9b45cf52d1a7c88c7b89f5ee9ead56,631,https://github.com/tauri-apps/tauri/issues/631,https://github.com/tauri-apps/taur/tree/78b98cc7eed0ceac996e3d6bf11243313e226196,https://github.com/tauri-apps/taur/tree/b3617062cb9b45cf52d1a7c88c7b89f5ee9ead56,https://github.com/tauri-apps/taur/compare/78b98cc7eed0ceac996e3d6bf11243313e226196...b3617062cb9b45cf52d1a7c88c7b89f5ee9ead56
16,Tauri,16d39b3c0d4329e34973ff71e4db9d3d3d6816b6,6a179997b466906a9fc9445e01f62d89a79e16a5,777,https://github.com/tauri-apps/tauri/issues/777,https://github.com/tauri-apps/taur/tree/16d39b3c0d4329e34973ff71e4db9d3d3d6816b6,https://github.com/tauri-apps/taur/tree/6a179997b466906a9fc9445e01f62d89a79e16a5,https://github.com/tauri-apps/taur/compare/16d39b3c0d4329e34973ff71e4db9d3d3d6816b6...6a179997b466906a9fc9445e01f62d89a79e16a5
17,Tauri,28a333de83eca6e898a104123af2109d400031dd,0967b4291e338471dad05df2c6bba6af0baf272a,788,https://github.com/tauri-apps/tauri/issues/788,https://github.com/tauri-apps/taur/tree/28a333de83eca6e898a104123af2109d400031dd,https://github.com/tauri-apps/taur/tree/0967b4291e338471dad05df2c6bba6af0baf272a,https://github.com/tauri-apps/taur/compare/28a333de83eca6e898a104123af2109d400031dd...0967b4291e338471dad05df2c6bba6af0baf272a
18,Tauri,031d5fdafe38e835e94c6fd454b210cd236a8dc4,17800571fe417b5250aa1bd7052340a1c93918a8,781,https://github.com/tauri-apps/tauri/issues/781,https://github.com/tauri-apps/taur/tree/031d5fdafe38e835e94c6fd454b210cd236a8dc4,https://github.com/tauri-apps/taur/tree/17800571fe417b5250aa1bd7052340a1c93918a8,https://github.com/tauri-apps/taur/compare/031d5fdafe38e835e94c6fd454b210cd236a8dc4...17800571fe417b5250aa1bd7052340a1c93918a8
19,Tauri,0591f1f945420ec4bc53919d05a8f8de014b3823,dac1db39831ecbcf23c630351d5753af01ccd500,793,https://github.com/tauri-apps/tauri/issues/793,https://github.com/tauri-apps/taur/tree/0591f1f945420ec4bc53919d05a8f8de014b3823,https://github.com/tauri-apps/taur/tree/dac1db39831ecbcf23c630351d5753af01ccd500,https://github.com/tauri-apps/taur/compare/0591f1f945420ec4bc53919d05a8f8de014b3823...dac1db39831ecbcf23c630351d5753af01ccd500
20,Tauri,c48d0efd841a9cea6f6ad0b631d633ad2fef841c,85674d4fe6a2453ce969d6a75b6528f3c89bf1d1,67,https://github.com/tauri-apps/tauri/issues/67,https://github.com/tauri-apps/taur/tree/c48d0efd841a9cea6f6ad0b631d633ad2fef841c,https://github.com/tauri-apps/taur/tree/85674d4fe6a2453ce969d6a75b6528f3c89bf1d1,https://github.com/tauri-apps/taur/compare/c48d0efd841a9cea6f6ad0b631d633ad2fef841c...85674d4fe6a2453ce969d6a75b6528f3c89bf1d1
21,Tauri,a809cb759fcde91f7ac969697b3901f2615042c1,70ccd1659d279d6a25df67e73f0857ec2ce69495,54,https://github.com/tauri-apps/tauri/issues/54,https://github.com/tauri-apps/taur/tree/a809cb759fcde91f7ac969697b3901f2615042c1,https://github.com/tauri-apps/taur/tree/70ccd1659d279d6a25df67e73f0857ec2ce69495,https://github.com/tauri-apps/taur/compare/a809cb759fcde91f7ac969697b3901f2615042c1...70ccd1659d279d6a25df67e73f0857ec2ce69495
22,Tauri,6f9008a32ec2b397d1f9bdefc5a60ffe876615b3,ec2b9092edb292f96aa9d6108cd5adf584252dc7,72,https://github.com/tauri-apps/tauri/issues/72,https://github.com/tauri-apps/taur/tree/6f9008a32ec2b397d1f9bdefc5a60ffe876615b3,https://github.com/tauri-apps/taur/tree/ec2b9092edb292f96aa9d6108cd5adf584252dc7,https://github.com/tauri-apps/taur/compare/6f9008a32ec2b397d1f9bdefc5a60ffe876615b3...ec2b9092edb292f96aa9d6108cd5adf584252dc7
23,Tauri,cd5b401707d709bf8212b0a4c34623f902ae40f9,42a8bb0e096548f2f9d6da2ba3699260e6cda18e,852,https://github.com/tauri-apps/tauri/issues/852,https://github.com/tauri-apps/taur/tree/cd5b401707d709bf8212b0a4c34623f902ae40f9,https://github.com/tauri-apps/taur/tree/42a8bb0e096548f2f9d6da2ba3699260e6cda18e,https://github.com/tauri-apps/taur/compare/cd5b401707d709bf8212b0a4c34623f902ae40f9...42a8bb0e096548f2f9d6da2ba3699260e6cda18e
24,Tauri,cc67680fca38d0222631fb04afac25f7aae50907,df70ca51965665952a74161cc6eb1ff19eae45e2,912,https://github.com/tauri-apps/tauri/issues/912,https://github.com/tauri-apps/taur/tree/cc67680fca38d0222631fb04afac25f7aae50907,https://github.com/tauri-apps/taur/tree/df70ca51965665952a74161cc6eb1ff19eae45e2,https://github.com/tauri-apps/taur/compare/cc67680fca38d0222631fb04afac25f7aae50907...df70ca51965665952a74161cc6eb1ff19eae45e2
25,Tauri,44b1be56e4af386b844ce40cf77b2d595223295a,4abd12c2a42b5ace8527114ab64da38f4486754f,879,https://github.com/tauri-apps/tauri/issues/879,https://github.com/tauri-apps/taur/tree/44b1be56e4af386b844ce40cf77b2d595223295a,https://github.com/tauri-apps/taur/tree/4abd12c2a42b5ace8527114ab64da38f4486754f,https://github.com/tauri-apps/taur/compare/44b1be56e4af386b844ce40cf77b2d595223295a...4abd12c2a42b5ace8527114ab64da38f4486754f
26,Tauri,3005204a314f52cafb1edae8f3a8a7d0fe863d8f,37bcf5fea154bdefbca2692b69aafaabba8c23e2,899,https://github.com/tauri-apps/tauri/issues/899,https://github.com/tauri-apps/taur/tree/3005204a314f52cafb1edae8f3a8a7d0fe863d8f,https://github.com/tauri-apps/taur/tree/37bcf5fea154bdefbca2692b69aafaabba8c23e2,https://github.com/tauri-apps/taur/compare/3005204a314f52cafb1edae8f3a8a7d0fe863d8f...37bcf5fea154bdefbca2692b69aafaabba8c23e2
27,Tauri,3005204a314f52cafb1edae8f3a8a7d0fe863d8f,37bcf5fea154bdefbca2692b69aafaabba8c23e2,925,https://github.com/tauri-apps/tauri/issues/925,https://github.com/tauri-apps/taur/tree/3005204a314f52cafb1edae8f3a8a7d0fe863d8f,https://github.com/tauri-apps/taur/tree/37bcf5fea154bdefbca2692b69aafaabba8c23e2,https://github.com/tauri-apps/taur/compare/3005204a314f52cafb1edae8f3a8a7d0fe863d8f...37bcf5fea154bdefbca2692b69aafaabba8c23e2
28,Tauri,057408d0d91c3752c231cd01b5bd3daac7ea216d,6f5667bf72d58972b8d05ee2e42a031c85f95ed4,1018,https://github.com/tauri-apps/tauri/issues/1018,https://github.com/tauri-apps/taur/tree/057408d0d91c3752c231cd01b5bd3daac7ea216d,https://github.com/tauri-apps/taur/tree/6f5667bf72d58972b8d05ee2e42a031c85f95ed4,https://github.com/tauri-apps/taur/compare/057408d0d91c3752c231cd01b5bd3daac7ea216d...6f5667bf72d58972b8d05ee2e42a031c85f95ed4
29,Tauri,bbccad4e039d66c63b328d17fad30a3f33552392,a00ac023eef9f7b3a508ca9acd664470382d7d06,875,https://github.com/tauri-apps/tauri/issues/875,https://github.com/tauri-apps/taur/tree/bbccad4e039d66c63b328d17fad30a3f33552392,https://github.com/tauri-apps/taur/tree/a00ac023eef9f7b3a508ca9acd664470382d7d06,https://github.com/tauri-apps/taur/compare/bbccad4e039d66c63b328d17fad30a3f33552392...a00ac023eef9f7b3a508ca9acd664470382d7d06
30,Tauri,42a8bb0e096548f2f9d6da2ba3699260e6cda18e,0245833bb56d5462a4e1249eb1e2f9f5e477592d,848,https://github.com/tauri-apps/tauri/issues/848,https://github.com/tauri-apps/taur/tree/42a8bb0e096548f2f9d6da2ba3699260e6cda18e,https://github.com/tauri-apps/taur/tree/0245833bb56d5462a4e1249eb1e2f9f5e477592d,https://github.com/tauri-apps/taur/compare/42a8bb0e096548f2f9d6da2ba3699260e6cda18e...0245833bb56d5462a4e1249eb1e2f9f5e477592d
31,Tauri,fc368169d1512b593202b83277b53bead914c751,8da495f78c34780b76d0b1201f622edcbba00229,1037,https://github.com/tauri-apps/tauri/issues/1037,https://github.com/tauri-apps/taur/tree/fc368169d1512b593202b83277b53bead914c751,https://github.com/tauri-apps/taur/tree/8da495f78c34780b76d0b1201f622edcbba00229,https://github.com/tauri-apps/taur/compare/fc368169d1512b593202b83277b53bead914c751...8da495f78c34780b76d0b1201f622edcbba00229
32,Tauri,82cda98532975c6d4b1c93bf2f326173f39e0964,c8b167adb3561db182bc8f6e4d8753ce1ae3f450,1038,https://github.com/tauri-apps/tauri/issues/1038,https://github.com/tauri-apps/taur/tree/82cda98532975c6d4b1c93bf2f326173f39e0964,https://github.com/tauri-apps/taur/tree/c8b167adb3561db182bc8f6e4d8753ce1ae3f450,https://github.com/tauri-apps/taur/compare/82cda98532975c6d4b1c93bf2f326173f39e0964...c8b167adb3561db182bc8f6e4d8753ce1ae3f450
33,Tauri,37bcf5fea154bdefbca2692b69aafaabba8c23e2,7a788fdceebc2bf6b7b46ebe54e98597d4a71529,994,https://github.com/tauri-apps/tauri/issues/994,https://github.com/tauri-apps/taur/tree/37bcf5fea154bdefbca2692b69aafaabba8c23e2,https://github.com/tauri-apps/taur/tree/7a788fdceebc2bf6b7b46ebe54e98597d4a71529,https://github.com/tauri-apps/taur/compare/37bcf5fea154bdefbca2692b69aafaabba8c23e2...7a788fdceebc2bf6b7b46ebe54e98597d4a71529
34,Tauri,c8b167adb3561db182bc8f6e4d8753ce1ae3f450,2c0f09c85c8a60c2fa304fb25174d5020663f0d7,1023,https://github.com/tauri-apps/tauri/issues/1023,https://github.com/tauri-apps/taur/tree/c8b167adb3561db182bc8f6e4d8753ce1ae3f450,https://github.com/tauri-apps/taur/tree/2c0f09c85c8a60c2fa304fb25174d5020663f0d7,https://github.com/tauri-apps/taur/compare/c8b167adb3561db182bc8f6e4d8753ce1ae3f450...2c0f09c85c8a60c2fa304fb25174d5020663f0d7
35,Tauri,8da495f78c34780b76d0b1201f622edcbba00229,f887320df35e44b56e437355ee0ff05507a83173,1099,https://github.com/tauri-apps/tauri/issues/1099,https://github.com/tauri-apps/taur/tree/8da495f78c34780b76d0b1201f622edcbba00229,https://github.com/tauri-apps/taur/tree/f887320df35e44b56e437355ee0ff05507a83173,https://github.com/tauri-apps/taur/compare/8da495f78c34780b76d0b1201f622edcbba00229...f887320df35e44b56e437355ee0ff05507a83173
36,Tauri,26635845bf0de898acfbdeabe1624ebab985822b,16d39b3c0d4329e34973ff71e4db9d3d3d6816b6,750,https://github.com/tauri-apps/tauri/issues/750,https://github.com/tauri-apps/taur/tree/26635845bf0de898acfbdeabe1624ebab985822b,https://github.com/tauri-apps/taur/tree/16d39b3c0d4329e34973ff71e4db9d3d3d6816b6,https://github.com/tauri-apps/taur/compare/26635845bf0de898acfbdeabe1624ebab985822b...16d39b3c0d4329e34973ff71e4db9d3d3d6816b6
37,Tauri,2db901e744f51cd4296ddec4352d7a51c859b85b,bd1df5d80431f5de4cd905ffaf7f3f2628d6b8ab,1308,https://github.com/tauri-apps/tauri/issues/1308,https://github.com/tauri-apps/taur/tree/2db901e744f51cd4296ddec4352d7a51c859b85b,https://github.com/tauri-apps/taur/tree/bd1df5d80431f5de4cd905ffaf7f3f2628d6b8ab,https://github.com/tauri-apps/taur/compare/2db901e744f51cd4296ddec4352d7a51c859b85b...bd1df5d80431f5de4cd905ffaf7f3f2628d6b8ab
38,Tauri,914e46342c3c5f3aef9f89669c8973b72010bd63,2554fce70e83f7b1f5a4a485a095b26f3eb9bdec,1365,https://github.com/tauri-apps/tauri/issues/1365,https://github.com/tauri-apps/taur/tree/914e46342c3c5f3aef9f89669c8973b72010bd63,https://github.com/tauri-apps/taur/tree/2554fce70e83f7b1f5a4a485a095b26f3eb9bdec,https://github.com/tauri-apps/taur/compare/914e46342c3c5f3aef9f89669c8973b72010bd63...2554fce70e83f7b1f5a4a485a095b26f3eb9bdec
39,Tauri,fd5bb2c201248678c6d9c8ea1236ccdcefb68219,32eb0d562b135d8df19c78ff22aa53c73f459c76,1295,https://github.com/tauri-apps/tauri/issues/1295,https://github.com/tauri-apps/taur/tree/fd5bb2c201248678c6d9c8ea1236ccdcefb68219,https://github.com/tauri-apps/taur/tree/32eb0d562b135d8df19c78ff22aa53c73f459c76,https://github.com/tauri-apps/taur/compare/fd5bb2c201248678c6d9c8ea1236ccdcefb68219...32eb0d562b135d8df19c78ff22aa53c73f459c76
40,Tauri,836d9d0834f12a63c7bae086b385a13399fb30f4,8584e667cd207dd9d77bbe8965f1604e0914dbd6,1394,https://github.com/tauri-apps/tauri/issues/1394,https://github.com/tauri-apps/taur/tree/836d9d0834f12a63c7bae086b385a13399fb30f4,https://github.com/tauri-apps/taur/tree/8584e667cd207dd9d77bbe8965f1604e0914dbd6,https://github.com/tauri-apps/taur/compare/836d9d0834f12a63c7bae086b385a13399fb30f4...8584e667cd207dd9d77bbe8965f1604e0914dbd6
41,Tauri,5810bae022f7005a8d495a07addfed2880f01627,486bd920f899905bec0f690092aa1e3cac2c78f3,1133,https://github.com/tauri-apps/tauri/issues/1133,https://github.com/tauri-apps/taur/tree/5810bae022f7005a8d495a07addfed2880f01627,https://github.com/tauri-apps/taur/tree/486bd920f899905bec0f690092aa1e3cac2c78f3,https://github.com/tauri-apps/taur/compare/5810bae022f7005a8d495a07addfed2880f01627...486bd920f899905bec0f690092aa1e3cac2c78f3
42,Tauri,855effadd9ebfb6bc1a3555ac7fc733f6f766b7a,e34ee4c29c7fde02e09685a3100f0b2ef6380c98,1007,https://github.com/tauri-apps/tauri/issues/1007,https://github.com/tauri-apps/taur/tree/855effadd9ebfb6bc1a3555ac7fc733f6f766b7a,https://github.com/tauri-apps/taur/tree/e34ee4c29c7fde02e09685a3100f0b2ef6380c98,https://github.com/tauri-apps/taur/compare/855effadd9ebfb6bc1a3555ac7fc733f6f766b7a...e34ee4c29c7fde02e09685a3100f0b2ef6380c98
43,Tauri,01f45a999d44fc2459d44539a7953f28099584c9,f1afb5c366645be5deb31ffa537a2c69c754cbde,1026,https://github.com/tauri-apps/tauri/issues/1026,https://github.com/tauri-apps/taur/tree/01f45a999d44fc2459d44539a7953f28099584c9,https://github.com/tauri-apps/taur/tree/f1afb5c366645be5deb31ffa537a2c69c754cbde,https://github.com/tauri-apps/taur/compare/01f45a999d44fc2459d44539a7953f28099584c9...f1afb5c366645be5deb31ffa537a2c69c754cbde
44,Tauri,c2e43ac66aec8fb29c795aedc6c4b6fdb2d1dead,be65f04db7d2fce23477156ebba368a897ceee3c,1547,https://github.com/tauri-apps/tauri/issues/1547,https://github.com/tauri-apps/taur/tree/c2e43ac66aec8fb29c795aedc6c4b6fdb2d1dead,https://github.com/tauri-apps/taur/tree/be65f04db7d2fce23477156ebba368a897ceee3c,https://github.com/tauri-apps/taur/compare/c2e43ac66aec8fb29c795aedc6c4b6fdb2d1dead...be65f04db7d2fce23477156ebba368a897ceee3c
45,Tauri,938fb624f5cc0f2a4499ea67cd30b014a18a6526,f708ff824e7933341536aecb49f6ee35eea621da,1569,https://github.com/tauri-apps/tauri/issues/1569,https://github.com/tauri-apps/taur/tree/938fb624f5cc0f2a4499ea67cd30b014a18a6526,https://github.com/tauri-apps/taur/tree/f708ff824e7933341536aecb49f6ee35eea621da,https://github.com/tauri-apps/taur/compare/938fb624f5cc0f2a4499ea67cd30b014a18a6526...f708ff824e7933341536aecb49f6ee35eea621da
46,Tauri,4d56e5e6919f04e2889900957be02fef1dd8f59f,f51801f790e5075423d410913d1ab71e2fc66d6b,1003,https://github.com/tauri-apps/tauri/issues/1003,https://github.com/tauri-apps/taur/tree/4d56e5e6919f04e2889900957be02fef1dd8f59f,https://github.com/tauri-apps/taur/tree/f51801f790e5075423d410913d1ab71e2fc66d6b,https://github.com/tauri-apps/taur/compare/4d56e5e6919f04e2889900957be02fef1dd8f59f...f51801f790e5075423d410913d1ab71e2fc66d6b
47,Tauri,c580338f07b71551f7fd2712e13ad0acef100095,40ac52971eb350e839f41401043c5cde31fa8974,1365,https://github.com/tauri-apps/tauri/issues/1365,https://github.com/tauri-apps/taur/tree/c580338f07b71551f7fd2712e13ad0acef100095,https://github.com/tauri-apps/taur/tree/40ac52971eb350e839f41401043c5cde31fa8974,https://github.com/tauri-apps/taur/compare/c580338f07b71551f7fd2712e13ad0acef100095...40ac52971eb350e839f41401043c5cde31fa8974
48,Tauri,c580338f07b71551f7fd2712e13ad0acef100095,40ac52971eb350e839f41401043c5cde31fa8974,1295,https://github.com/tauri-apps/tauri/issues/1295,https://github.com/tauri-apps/taur/tree/c580338f07b71551f7fd2712e13ad0acef100095,https://github.com/tauri-apps/taur/tree/40ac52971eb350e839f41401043c5cde31fa8974,https://github.com/tauri-apps/taur/compare/c580338f07b71551f7fd2712e13ad0acef100095...40ac52971eb350e839f41401043c5cde31fa8974
49,Tauri,c580338f07b71551f7fd2712e13ad0acef100095,40ac52971eb350e839f41401043c5cde31fa8974,1308,https://github.com/tauri-apps/tauri/issues/1308,https://github.com/tauri-apps/taur/tree/c580338f07b71551f7fd2712e13ad0acef100095,https://github.com/tauri-apps/taur/tree/40ac52971eb350e839f41401043c5cde31fa8974,https://github.com/tauri-apps/taur/compare/c580338f07b71551f7fd2712e13ad0acef100095...40ac52971eb350e839f41401043c5cde31fa8974
50,Tauri,9e87fe6a69a8f74c8e61221e36e15b7eb1d19432,d623d95fcb67736bc0862866b347c7102cde66aa,1492,https://github.com/tauri-apps/tauri/issues/1492,https://github.com/tauri-apps/taur/tree/9e87fe6a69a8f74c8e61221e36e15b7eb1d19432,https://github.com/tauri-apps/taur/tree/d623d95fcb67736bc0862866b347c7102cde66aa,https://github.com/tauri-apps/taur/compare/9e87fe6a69a8f74c8e61221e36e15b7eb1d19432...d623d95fcb67736bc0862866b347c7102cde66aa
51,Tauri,1b159748e764de46d15db3137dfb3d4c8358b35f,fbf73f3ab53387e68c8cbf9e788820bea0f2f111,749,https://github.com/tauri-apps/tauri/issues/749,https://github.com/tauri-apps/taur/tree/1b159748e764de46d15db3137dfb3d4c8358b35f,https://github.com/tauri-apps/taur/tree/fbf73f3ab53387e68c8cbf9e788820bea0f2f111,https://github.com/tauri-apps/taur/compare/1b159748e764de46d15db3137dfb3d4c8358b35f...fbf73f3ab53387e68c8cbf9e788820bea0f2f111
52,Tauri,07f5cd21bedde2fff22bbee806cefef06e0f6833,82ef8f6a924ef49f101758516c044e237c65a6a7,1490,https://github.com/tauri-apps/tauri/issues/1490,https://github.com/tauri-apps/taur/tree/07f5cd21bedde2fff22bbee806cefef06e0f6833,https://github.com/tauri-apps/taur/tree/82ef8f6a924ef49f101758516c044e237c65a6a7,https://github.com/tauri-apps/taur/compare/07f5cd21bedde2fff22bbee806cefef06e0f6833...82ef8f6a924ef49f101758516c044e237c65a6a7
53,Tauri,c3acbd68ec169188c782cbaf7d100d80b3a4f39a,df8bdcf0631fd4e1e7035eb20a954574da96de66,1653,https://github.com/tauri-apps/tauri/issues/1653,https://github.com/tauri-apps/taur/tree/c3acbd68ec169188c782cbaf7d100d80b3a4f39a,https://github.com/tauri-apps/taur/tree/df8bdcf0631fd4e1e7035eb20a954574da96de66,https://github.com/tauri-apps/taur/compare/c3acbd68ec169188c782cbaf7d100d80b3a4f39a...df8bdcf0631fd4e1e7035eb20a954574da96de66
54,Tauri,0f86bc4071635d142b54ae0abf5cf79694ec8ede,ddcd9233bd6f499aa7f22484d6c151b01778bc1b,1625,https://github.com/tauri-apps/tauri/issues/1625,https://github.com/tauri-apps/taur/tree/0f86bc4071635d142b54ae0abf5cf79694ec8ede,https://github.com/tauri-apps/taur/tree/ddcd9233bd6f499aa7f22484d6c151b01778bc1b,https://github.com/tauri-apps/taur/compare/0f86bc4071635d142b54ae0abf5cf79694ec8ede...ddcd9233bd6f499aa7f22484d6c151b01778bc1b
55,Tauri,53f842656b8635040b181e21c3055d3e73162e42,2747bb6c11f78894116f9f66b471f3468a0e9c7d,1695,https://github.com/tauri-apps/tauri/issues/1695,https://github.com/tauri-apps/taur/tree/53f842656b8635040b181e21c3055d3e73162e42,https://github.com/tauri-apps/taur/tree/2747bb6c11f78894116f9f66b471f3468a0e9c7d,https://github.com/tauri-apps/taur/compare/53f842656b8635040b181e21c3055d3e73162e42...2747bb6c11f78894116f9f66b471f3468a0e9c7d
56,Tauri,2b4e2b7560515b76002d0c724bcca1f470ed106f,ac2cbcb131819e01074e1ed8fb6808260c56a027,1626,https://github.com/tauri-apps/tauri/issues/1626,https://github.com/tauri-apps/taur/tree/2b4e2b7560515b76002d0c724bcca1f470ed106f,https://github.com/tauri-apps/taur/tree/ac2cbcb131819e01074e1ed8fb6808260c56a027,https://github.com/tauri-apps/taur/compare/2b4e2b7560515b76002d0c724bcca1f470ed106f...ac2cbcb131819e01074e1ed8fb6808260c56a027
57,Tauri,9c10ccf8d30af92cb90044a732e904c53507771a,f1aa12075f9f649ff6baebc0f8e7a10f1e616cc6,1571,https://github.com/tauri-apps/tauri/issues/1571,https://github.com/tauri-apps/taur/tree/9c10ccf8d30af92cb90044a732e904c53507771a,https://github.com/tauri-apps/taur/tree/f1aa12075f9f649ff6baebc0f8e7a10f1e616cc6,https://github.com/tauri-apps/taur/compare/9c10ccf8d30af92cb90044a732e904c53507771a...f1aa12075f9f649ff6baebc0f8e7a10f1e616cc6
58,Tauri,56e74ccf748ef24075b1095170d764dcfda4ddeb,f369a9c07687e3e66fd5d5344d2c3a56bf676525,1544,https://github.com/tauri-apps/tauri/issues/1544,https://github.com/tauri-apps/taur/tree/56e74ccf748ef24075b1095170d764dcfda4ddeb,https://github.com/tauri-apps/taur/tree/f369a9c07687e3e66fd5d5344d2c3a56bf676525,https://github.com/tauri-apps/taur/compare/56e74ccf748ef24075b1095170d764dcfda4ddeb...f369a9c07687e3e66fd5d5344d2c3a56bf676525
59,Tauri,8b6f3de0ad47684e72a2ae5f884d8675acfaeeac,8941790f98206adce441d7bdc42374af39edc786,1666,https://github.com/tauri-apps/tauri/issues/1666,https://github.com/tauri-apps/taur/tree/8b6f3de0ad47684e72a2ae5f884d8675acfaeeac,https://github.com/tauri-apps/taur/tree/8941790f98206adce441d7bdc42374af39edc786,https://github.com/tauri-apps/taur/compare/8b6f3de0ad47684e72a2ae5f884d8675acfaeeac...8941790f98206adce441d7bdc42374af39edc786
60,Tauri,935db26c0193211df1948f8ee01a996fede96328,428d50add4da937325d189434dbaf3a02d745187,1693,https://github.com/tauri-apps/tauri/issues/1693,https://github.com/tauri-apps/taur/tree/935db26c0193211df1948f8ee01a996fede96328,https://github.com/tauri-apps/taur/tree/428d50add4da937325d189434dbaf3a02d745187,https://github.com/tauri-apps/taur/compare/935db26c0193211df1948f8ee01a996fede96328...428d50add4da937325d189434dbaf3a02d745187
61,Tauri,2881ccc32990dfbc570ac7f8564853813d8c2b53,3d8dcbbf8188b9e96d6b03dc984ca022eebf53e4,1841,https://github.com/tauri-apps/tauri/issues/1841,https://github.com/tauri-apps/taur/tree/2881ccc32990dfbc570ac7f8564853813d8c2b53,https://github.com/tauri-apps/taur/tree/3d8dcbbf8188b9e96d6b03dc984ca022eebf53e4,https://github.com/tauri-apps/taur/compare/2881ccc32990dfbc570ac7f8564853813d8c2b53...3d8dcbbf8188b9e96d6b03dc984ca022eebf53e4
62,Tauri,cb6c807ac8a28592b559e679157330580f970840,6ec54c53b504eec3873d326b1a45e450227d46ed,1897,https://github.com/tauri-apps/tauri/issues/1897,https://github.com/tauri-apps/taur/tree/cb6c807ac8a28592b559e679157330580f970840,https://github.com/tauri-apps/taur/tree/6ec54c53b504eec3873d326b1a45e450227d46ed,https://github.com/tauri-apps/taur/compare/cb6c807ac8a28592b559e679157330580f970840...6ec54c53b504eec3873d326b1a45e450227d46ed
63,Tauri,f369a9c07687e3e66fd5d5344d2c3a56bf676525,79feb6a918c2b40af771b5dccc94c8f6f4176986,1543,https://github.com/tauri-apps/tauri/issues/1543,https://github.com/tauri-apps/taur/tree/f369a9c07687e3e66fd5d5344d2c3a56bf676525,https://github.com/tauri-apps/taur/tree/79feb6a918c2b40af771b5dccc94c8f6f4176986,https://github.com/tauri-apps/taur/compare/f369a9c07687e3e66fd5d5344d2c3a56bf676525...79feb6a918c2b40af771b5dccc94c8f6f4176986
64,Tauri,977b3a8a08ab7090b1e54016fa24e4a21e6738d0,abf78c5860cdc52fbfd2bc5dbca29a864e2da8f9,1876,https://github.com/tauri-apps/tauri/issues/1876,https://github.com/tauri-apps/taur/tree/977b3a8a08ab7090b1e54016fa24e4a21e6738d0,https://github.com/tauri-apps/taur/tree/abf78c5860cdc52fbfd2bc5dbca29a864e2da8f9,https://github.com/tauri-apps/taur/compare/977b3a8a08ab7090b1e54016fa24e4a21e6738d0...abf78c5860cdc52fbfd2bc5dbca29a864e2da8f9
65,Tauri,edab7a66864d21b51694bf8771d21627b526c2b9,fcb3b4857efa17d2a3717f32457e88b24520cc9b,1512,https://github.com/tauri-apps/tauri/issues/1512,https://github.com/tauri-apps/taur/tree/edab7a66864d21b51694bf8771d21627b526c2b9,https://github.com/tauri-apps/taur/tree/fcb3b4857efa17d2a3717f32457e88b24520cc9b,https://github.com/tauri-apps/taur/compare/edab7a66864d21b51694bf8771d21627b526c2b9...fcb3b4857efa17d2a3717f32457e88b24520cc9b
66,Tauri,df21ffc61f42ffb4dfde50c74a01c07a59a76e3e,40b717edc57288a1393fad0529390e101ab903c1,1922,https://github.com/tauri-apps/tauri/issues/1922,https://github.com/tauri-apps/taur/tree/df21ffc61f42ffb4dfde50c74a01c07a59a76e3e,https://github.com/tauri-apps/taur/tree/40b717edc57288a1393fad0529390e101ab903c1,https://github.com/tauri-apps/taur/compare/df21ffc61f42ffb4dfde50c74a01c07a59a76e3e...40b717edc57288a1393fad0529390e101ab903c1
67,Tauri,f7e9fe8f3f7c83532713be6cc4ef84e8b127c208,07fd9a92dea695fc8178d34bb71e0745f21cd634,1943,https://github.com/tauri-apps/tauri/issues/1943,https://github.com/tauri-apps/taur/tree/f7e9fe8f3f7c83532713be6cc4ef84e8b127c208,https://github.com/tauri-apps/taur/tree/07fd9a92dea695fc8178d34bb71e0745f21cd634,https://github.com/tauri-apps/taur/compare/f7e9fe8f3f7c83532713be6cc4ef84e8b127c208...07fd9a92dea695fc8178d34bb71e0745f21cd634
68,Tauri,3f43bc6ae41c7aedf51203b55483fe9538b856a0,ab3eb44bac7a3bf73a4985df38ccc2b87a913be7,1893,https://github.com/tauri-apps/tauri/issues/1893,https://github.com/tauri-apps/taur/tree/3f43bc6ae41c7aedf51203b55483fe9538b856a0,https://github.com/tauri-apps/taur/tree/ab3eb44bac7a3bf73a4985df38ccc2b87a913be7,https://github.com/tauri-apps/taur/compare/3f43bc6ae41c7aedf51203b55483fe9538b856a0...ab3eb44bac7a3bf73a4985df38ccc2b87a913be7
69,Tauri,4bdc406679363f460e39079cb26319c39ab8cac8,df21ffc61f42ffb4dfde50c74a01c07a59a76e3e,1935,https://github.com/tauri-apps/tauri/issues/1935,https://github.com/tauri-apps/taur/tree/4bdc406679363f460e39079cb26319c39ab8cac8,https://github.com/tauri-apps/taur/tree/df21ffc61f42ffb4dfde50c74a01c07a59a76e3e,https://github.com/tauri-apps/taur/compare/4bdc406679363f460e39079cb26319c39ab8cac8...df21ffc61f42ffb4dfde50c74a01c07a59a76e3e
70,Tauri,c9bf9432e72460811a1fe2c0cec13e5dc305c13d,860830d87009700a2bfdad2e98cea594e5f1e464,1535,https://github.com/tauri-apps/tauri/issues/1535,https://github.com/tauri-apps/taur/tree/c9bf9432e72460811a1fe2c0cec13e5dc305c13d,https://github.com/tauri-apps/taur/tree/860830d87009700a2bfdad2e98cea594e5f1e464,https://github.com/tauri-apps/taur/compare/c9bf9432e72460811a1fe2c0cec13e5dc305c13d...860830d87009700a2bfdad2e98cea594e5f1e464
71,Tauri,2a5ba7fe770baffa5b127d0418aecb190712dfb1,86d0aaa021f146529a65228de9e07d5f4df5b099,917,https://github.com/tauri-apps/tauri/issues/917,https://github.com/tauri-apps/taur/tree/2a5ba7fe770baffa5b127d0418aecb190712dfb1,https://github.com/tauri-apps/taur/tree/86d0aaa021f146529a65228de9e07d5f4df5b099,https://github.com/tauri-apps/taur/compare/2a5ba7fe770baffa5b127d0418aecb190712dfb1...86d0aaa021f146529a65228de9e07d5f4df5b099
72,Tauri,001e6f516bb948054197e590477c6e6ba7577fa9,ceadf2f556f5f327b34f8fdd01e5e07969182b13,1542,https://github.com/tauri-apps/tauri/issues/1542,https://github.com/tauri-apps/taur/tree/001e6f516bb948054197e590477c6e6ba7577fa9,https://github.com/tauri-apps/taur/tree/ceadf2f556f5f327b34f8fdd01e5e07969182b13,https://github.com/tauri-apps/taur/compare/001e6f516bb948054197e590477c6e6ba7577fa9...ceadf2f556f5f327b34f8fdd01e5e07969182b13
73,Tauri,70fc87a7ff5a149c0cb22c13afdf90f25ddafde8,8a7921e5cbcbecea16d4ad4a29ef05d984ad3110,2020,https://github.com/tauri-apps/tauri/issues/2020,https://github.com/tauri-apps/taur/tree/70fc87a7ff5a149c0cb22c13afdf90f25ddafde8,https://github.com/tauri-apps/taur/tree/8a7921e5cbcbecea16d4ad4a29ef05d984ad3110,https://github.com/tauri-apps/taur/compare/70fc87a7ff5a149c0cb22c13afdf90f25ddafde8...8a7921e5cbcbecea16d4ad4a29ef05d984ad3110
74,Tauri,70fc87a7ff5a149c0cb22c13afdf90f25ddafde8,8a7921e5cbcbecea16d4ad4a29ef05d984ad3110,2021,https://github.com/tauri-apps/tauri/issues/2021,https://github.com/tauri-apps/taur/tree/70fc87a7ff5a149c0cb22c13afdf90f25ddafde8,https://github.com/tauri-apps/taur/tree/8a7921e5cbcbecea16d4ad4a29ef05d984ad3110,https://github.com/tauri-apps/taur/compare/70fc87a7ff5a149c0cb22c13afdf90f25ddafde8...8a7921e5cbcbecea16d4ad4a29ef05d984ad3110
75,Tauri,59784c7e5587ff10d7f0c37ac414499da42d0707,d0bbc6d309c51f38433c1a8f4aa99649990a2726,2038,https://github.com/tauri-apps/tauri/issues/2038,https://github.com/tauri-apps/taur/tree/59784c7e5587ff10d7f0c37ac414499da42d0707,https://github.com/tauri-apps/taur/tree/d0bbc6d309c51f38433c1a8f4aa99649990a2726,https://github.com/tauri-apps/taur/compare/59784c7e5587ff10d7f0c37ac414499da42d0707...d0bbc6d309c51f38433c1a8f4aa99649990a2726
76,Tauri,034c26013bce0c7bbe6db067ea7fd24a53a5c998,9f41e5102e110163750fd8c563300aa063368f18,2042,https://github.com/tauri-apps/tauri/issues/2042,https://github.com/tauri-apps/taur/tree/034c26013bce0c7bbe6db067ea7fd24a53a5c998,https://github.com/tauri-apps/taur/tree/9f41e5102e110163750fd8c563300aa063368f18,https://github.com/tauri-apps/taur/compare/034c26013bce0c7bbe6db067ea7fd24a53a5c998...9f41e5102e110163750fd8c563300aa063368f18
77,Tauri,8be35ced78658de732360e3b20d7d70108c9b32d,8f29a260e67aa111f6aeb262bd846a46d2858ce9,1298,https://github.com/tauri-apps/tauri/issues/1298,https://github.com/tauri-apps/taur/tree/8be35ced78658de732360e3b20d7d70108c9b32d,https://github.com/tauri-apps/taur/tree/8f29a260e67aa111f6aeb262bd846a46d2858ce9,https://github.com/tauri-apps/taur/compare/8be35ced78658de732360e3b20d7d70108c9b32d...8f29a260e67aa111f6aeb262bd846a46d2858ce9
78,Tauri,030c9c736ce23238ef917ed495a5fe84325c73b1,160fb0529fd31d755574ae30fbdf01fa221a2acb,814,https://github.com/tauri-apps/tauri/issues/814,https://github.com/tauri-apps/taur/tree/030c9c736ce23238ef917ed495a5fe84325c73b1,https://github.com/tauri-apps/taur/tree/160fb0529fd31d755574ae30fbdf01fa221a2acb,https://github.com/tauri-apps/taur/compare/030c9c736ce23238ef917ed495a5fe84325c73b1...160fb0529fd31d755574ae30fbdf01fa221a2acb
79,Tauri,fa06fa07e3b33b2b8bb6d8a9364e7c2ba4764eb3,d18b5367a91fd53d408510b456897630c70abcca,2067,https://github.com/tauri-apps/tauri/issues/2067,https://github.com/tauri-apps/taur/tree/fa06fa07e3b33b2b8bb6d8a9364e7c2ba4764eb3,https://github.com/tauri-apps/taur/tree/d18b5367a91fd53d408510b456897630c70abcca,https://github.com/tauri-apps/taur/compare/fa06fa07e3b33b2b8bb6d8a9364e7c2ba4764eb3...d18b5367a91fd53d408510b456897630c70abcca
80,Tauri,8e2387018940e9e1421948d74a82156661ce2e4b,66efb43388bd9076fbc7c9852337fc2e32111d7b,2084,https://github.com/tauri-apps/tauri/issues/2084,https://github.com/tauri-apps/taur/tree/8e2387018940e9e1421948d74a82156661ce2e4b,https://github.com/tauri-apps/taur/tree/66efb43388bd9076fbc7c9852337fc2e32111d7b,https://github.com/tauri-apps/taur/compare/8e2387018940e9e1421948d74a82156661ce2e4b...66efb43388bd9076fbc7c9852337fc2e32111d7b
81,Tauri,1886a9885e946dd5690b8984a2062fefe7be2c99,2a5ba7fe770baffa5b127d0418aecb190712dfb1,2003,https://github.com/tauri-apps/tauri/issues/2003,https://github.com/tauri-apps/taur/tree/1886a9885e946dd5690b8984a2062fefe7be2c99,https://github.com/tauri-apps/taur/tree/2a5ba7fe770baffa5b127d0418aecb190712dfb1,https://github.com/tauri-apps/taur/compare/1886a9885e946dd5690b8984a2062fefe7be2c99...2a5ba7fe770baffa5b127d0418aecb190712dfb1
82,Tauri,66efb43388bd9076fbc7c9852337fc2e32111d7b,628a53eb6176f811d22d7730f08a99e5c370dbf4,2040,https://github.com/tauri-apps/tauri/issues/2040,https://github.com/tauri-apps/taur/tree/66efb43388bd9076fbc7c9852337fc2e32111d7b,https://github.com/tauri-apps/taur/tree/628a53eb6176f811d22d7730f08a99e5c370dbf4,https://github.com/tauri-apps/taur/compare/66efb43388bd9076fbc7c9852337fc2e32111d7b...628a53eb6176f811d22d7730f08a99e5c370dbf4
83,Tauri,b769c7f7da4064b6133bf39a82127863d0d35531,9cd10df4d520de12f3b13fe88cc1c1a1b4bd48bf,2014,https://github.com/tauri-apps/tauri/issues/2014,https://github.com/tauri-apps/taur/tree/b769c7f7da4064b6133bf39a82127863d0d35531,https://github.com/tauri-apps/taur/tree/9cd10df4d520de12f3b13fe88cc1c1a1b4bd48bf,https://github.com/tauri-apps/taur/compare/b769c7f7da4064b6133bf39a82127863d0d35531...9cd10df4d520de12f3b13fe88cc1c1a1b4bd48bf
84,Tauri,1b00855af8cce7f44bcf4aa8d574f75bce6d3368,a280ee90af0749ce18d6d0b00939b06473717bc9,2074,https://github.com/tauri-apps/tauri/issues/2074,https://github.com/tauri-apps/taur/tree/1b00855af8cce7f44bcf4aa8d574f75bce6d3368,https://github.com/tauri-apps/taur/tree/a280ee90af0749ce18d6d0b00939b06473717bc9,https://github.com/tauri-apps/taur/compare/1b00855af8cce7f44bcf4aa8d574f75bce6d3368...a280ee90af0749ce18d6d0b00939b06473717bc9
85,Tauri,f03eea9c9b964709532afbc4d1dd343b3fd96081,fd0334645b415b8be574d44256194f601227cb40,2079,https://github.com/tauri-apps/tauri/issues/2079,https://github.com/tauri-apps/taur/tree/f03eea9c9b964709532afbc4d1dd343b3fd96081,https://github.com/tauri-apps/taur/tree/fd0334645b415b8be574d44256194f601227cb40,https://github.com/tauri-apps/taur/compare/f03eea9c9b964709532afbc4d1dd343b3fd96081...fd0334645b415b8be574d44256194f601227cb40
86,Tauri,324275c00a8045fd347c8fa47b1831a697fddcb1,d4ff7be3b4c9b8255a18aa152679006aa60606d7,2151,https://github.com/tauri-apps/tauri/issues/2151,https://github.com/tauri-apps/taur/tree/324275c00a8045fd347c8fa47b1831a697fddcb1,https://github.com/tauri-apps/taur/tree/d4ff7be3b4c9b8255a18aa152679006aa60606d7,https://github.com/tauri-apps/taur/compare/324275c00a8045fd347c8fa47b1831a697fddcb1...d4ff7be3b4c9b8255a18aa152679006aa60606d7
87,Tauri,4bc23c01c18dd728f482be8a96de643d9c8c1d26,a410958d45a1d3ed8161f6a2361c02ecddeb3dc4,1911,https://github.com/tauri-apps/tauri/issues/1911,https://github.com/tauri-apps/taur/tree/4bc23c01c18dd728f482be8a96de643d9c8c1d26,https://github.com/tauri-apps/taur/tree/a410958d45a1d3ed8161f6a2361c02ecddeb3dc4,https://github.com/tauri-apps/taur/compare/4bc23c01c18dd728f482be8a96de643d9c8c1d26...a410958d45a1d3ed8161f6a2361c02ecddeb3dc4
88,Tauri,c22e5a7c2ebede41657973b80eff6b68106817fc,47f7558417cc654bdb1d018127e8900bc4eac622,2046,https://github.com/tauri-apps/tauri/issues/2046,https://github.com/tauri-apps/taur/tree/c22e5a7c2ebede41657973b80eff6b68106817fc,https://github.com/tauri-apps/taur/tree/47f7558417cc654bdb1d018127e8900bc4eac622,https://github.com/tauri-apps/taur/compare/c22e5a7c2ebede41657973b80eff6b68106817fc...47f7558417cc654bdb1d018127e8900bc4eac622
89,Tauri,d18b5367a91fd53d408510b456897630c70abcca,8e2387018940e9e1421948d74a82156661ce2e4b,2040,https://github.com/tauri-apps/tauri/issues/2040,https://github.com/tauri-apps/taur/tree/d18b5367a91fd53d408510b456897630c70abcca,https://github.com/tauri-apps/taur/tree/8e2387018940e9e1421948d74a82156661ce2e4b,https://github.com/tauri-apps/taur/compare/d18b5367a91fd53d408510b456897630c70abcca...8e2387018940e9e1421948d74a82156661ce2e4b
90,Tauri,e3f9916526b226866137cb663e5cafab2b6a0e01,dd52e738f1fd323bd8d185d6e650f412eb031200,2249,https://github.com/tauri-apps/tauri/issues/2249,https://github.com/tauri-apps/taur/tree/e3f9916526b226866137cb663e5cafab2b6a0e01,https://github.com/tauri-apps/taur/tree/dd52e738f1fd323bd8d185d6e650f412eb031200,https://github.com/tauri-apps/taur/compare/e3f9916526b226866137cb663e5cafab2b6a0e01...dd52e738f1fd323bd8d185d6e650f412eb031200
91,Tauri,3f84381ea986e79980ab05f6ef00cf0daf760f13,9fbcc024542d87f71afd364acdcf2302cf82912c,2284,https://github.com/tauri-apps/tauri/issues/2284,https://github.com/tauri-apps/taur/tree/3f84381ea986e79980ab05f6ef00cf0daf760f13,https://github.com/tauri-apps/taur/tree/9fbcc024542d87f71afd364acdcf2302cf82912c,https://github.com/tauri-apps/taur/compare/3f84381ea986e79980ab05f6ef00cf0daf760f13...9fbcc024542d87f71afd364acdcf2302cf82912c
92,Tauri,9fbcc024542d87f71afd364acdcf2302cf82912c,31685c9f9d9c2f12d3debc3189ed67e8d669f3d8,2281,https://github.com/tauri-apps/tauri/issues/2281,https://github.com/tauri-apps/taur/tree/9fbcc024542d87f71afd364acdcf2302cf82912c,https://github.com/tauri-apps/taur/tree/31685c9f9d9c2f12d3debc3189ed67e8d669f3d8,https://github.com/tauri-apps/taur/compare/9fbcc024542d87f71afd364acdcf2302cf82912c...31685c9f9d9c2f12d3debc3189ed67e8d669f3d8
93,Tauri,8b7ac1ad1432db1fb1b85b3f72d336b303414554,1a41e9f040cfa18b6cc1380dfe21251d56e3f973,2101,https://github.com/tauri-apps/tauri/issues/2101,https://github.com/tauri-apps/taur/tree/8b7ac1ad1432db1fb1b85b3f72d336b303414554,https://github.com/tauri-apps/taur/tree/1a41e9f040cfa18b6cc1380dfe21251d56e3f973,https://github.com/tauri-apps/taur/compare/8b7ac1ad1432db1fb1b85b3f72d336b303414554...1a41e9f040cfa18b6cc1380dfe21251d56e3f973
94,Tauri,e48bb3edff145018a88217432e21e4a7846fdf0e,4f88c3fb94286f3daafb906e3513c9210ecfa76b,2243,https://github.com/tauri-apps/tauri/issues/2243,https://github.com/tauri-apps/taur/tree/e48bb3edff145018a88217432e21e4a7846fdf0e,https://github.com/tauri-apps/taur/tree/4f88c3fb94286f3daafb906e3513c9210ecfa76b,https://github.com/tauri-apps/taur/compare/e48bb3edff145018a88217432e21e4a7846fdf0e...4f88c3fb94286f3daafb906e3513c9210ecfa76b
95,Tauri,151c3157bef28c267592ebdf717e4ff66a5b27e1,83786ce8a48484e02c782d1b99d3a6629b6e47be,2230,https://github.com/tauri-apps/tauri/issues/2230,https://github.com/tauri-apps/taur/tree/151c3157bef28c267592ebdf717e4ff66a5b27e1,https://github.com/tauri-apps/taur/tree/83786ce8a48484e02c782d1b99d3a6629b6e47be,https://github.com/tauri-apps/taur/compare/151c3157bef28c267592ebdf717e4ff66a5b27e1...83786ce8a48484e02c782d1b99d3a6629b6e47be
96,Tauri,8216cba13da10b272aae8e5058b1ec2cc937e196,268450b1329a4b55f2043890c565a8563f890c3a,2289,https://github.com/tauri-apps/tauri/issues/2289,https://github.com/tauri-apps/taur/tree/8216cba13da10b272aae8e5058b1ec2cc937e196,https://github.com/tauri-apps/taur/tree/268450b1329a4b55f2043890c565a8563f890c3a,https://github.com/tauri-apps/taur/compare/8216cba13da10b272aae8e5058b1ec2cc937e196...268450b1329a4b55f2043890c565a8563f890c3a
97,Tauri,e6d9b0bae87e4a141a3952df77898b702bd31a86,aa498e72614f59afcdd1f637b4e3bdf6fe00b137,2264,https://github.com/tauri-apps/tauri/issues/2264,https://github.com/tauri-apps/taur/tree/e6d9b0bae87e4a141a3952df77898b702bd31a86,https://github.com/tauri-apps/taur/tree/aa498e72614f59afcdd1f637b4e3bdf6fe00b137,https://github.com/tauri-apps/taur/compare/e6d9b0bae87e4a141a3952df77898b702bd31a86...aa498e72614f59afcdd1f637b4e3bdf6fe00b137
98,Tauri,6e0dbf639ac2c79e00fee9270a2ca8e613dc1f98,d0142e87ddf5231fd46e2cbe4769bb16f3fe01e9,2342,https://github.com/tauri-apps/tauri/issues/2342,https://github.com/tauri-apps/taur/tree/6e0dbf639ac2c79e00fee9270a2ca8e613dc1f98,https://github.com/tauri-apps/taur/tree/d0142e87ddf5231fd46e2cbe4769bb16f3fe01e9,https://github.com/tauri-apps/taur/compare/6e0dbf639ac2c79e00fee9270a2ca8e613dc1f98...d0142e87ddf5231fd46e2cbe4769bb16f3fe01e9
99,Tauri,807b8625b7986ba982031ebc0b065f68ee50defe,1a510066732d5f61c88c0ceed1c5f5cc559faf7d,2314,https://github.com/tauri-apps/tauri/issues/2314,https://github.com/tauri-apps/taur/tree/807b8625b7986ba982031ebc0b065f68ee50defe,https://github.com/tauri-apps/taur/tree/1a510066732d5f61c88c0ceed1c5f5cc559faf7d,https://github.com/tauri-apps/taur/compare/807b8625b7986ba982031ebc0b065f68ee50defe...1a510066732d5f61c88c0ceed1c5f5cc559faf7d
100,Tauri,caa7bf44c9a1af189c28831f0f65889e8caa9b9e,0f63f5e757873f1787a1ae07ca531340d0d45ec3,2294,https://github.com/tauri-apps/tauri/issues/2294,https://github.com/tauri-apps/taur/tree/caa7bf44c9a1af189c28831f0f65889e8caa9b9e,https://github.com/tauri-apps/taur/tree/0f63f5e757873f1787a1ae07ca531340d0d45ec3,https://github.com/tauri-apps/taur/compare/caa7bf44c9a1af189c28831f0f65889e8caa9b9e...0f63f5e757873f1787a1ae07ca531340d0d45ec3
101,Tauri,c2f35f3b89499c4f6d3dd649d78da9f59a871e62,9b32b93996201190d83fcad4767709774e5a0780,2336,https://github.com/tauri-apps/tauri/issues/2336,https://github.com/tauri-apps/taur/tree/c2f35f3b89499c4f6d3dd649d78da9f59a871e62,https://github.com/tauri-apps/taur/tree/9b32b93996201190d83fcad4767709774e5a0780,https://github.com/tauri-apps/taur/compare/c2f35f3b89499c4f6d3dd649d78da9f59a871e62...9b32b93996201190d83fcad4767709774e5a0780
102,Tauri,77595b1c37e4f2b3db0de6ddc39b0d8585c8c015,737da87244cbdeb1158c93944bcb5e10bb383b31,2184,https://github.com/tauri-apps/tauri/issues/2184,https://github.com/tauri-apps/taur/tree/77595b1c37e4f2b3db0de6ddc39b0d8585c8c015,https://github.com/tauri-apps/taur/tree/737da87244cbdeb1158c93944bcb5e10bb383b31,https://github.com/tauri-apps/taur/compare/77595b1c37e4f2b3db0de6ddc39b0d8585c8c015...737da87244cbdeb1158c93944bcb5e10bb383b31
103,Tauri,d7dd65302649683c65f41c771e7472d86f857a15,1ecb8651a795aa53eded31e3fb357c857dcf2ab1,2323,https://github.com/tauri-apps/tauri/issues/2323,https://github.com/tauri-apps/taur/tree/d7dd65302649683c65f41c771e7472d86f857a15,https://github.com/tauri-apps/taur/tree/1ecb8651a795aa53eded31e3fb357c857dcf2ab1,https://github.com/tauri-apps/taur/compare/d7dd65302649683c65f41c771e7472d86f857a15...1ecb8651a795aa53eded31e3fb357c857dcf2ab1
104,Tauri,f55016be7484e6524146a564b8c1c33686bda1f2,5f6e135f23b370e008fc5e1849be0fcb78fc87e2,2256,https://github.com/tauri-apps/tauri/issues/2256,https://github.com/tauri-apps/taur/tree/f55016be7484e6524146a564b8c1c33686bda1f2,https://github.com/tauri-apps/taur/tree/5f6e135f23b370e008fc5e1849be0fcb78fc87e2,https://github.com/tauri-apps/taur/compare/f55016be7484e6524146a564b8c1c33686bda1f2...5f6e135f23b370e008fc5e1849be0fcb78fc87e2
105,Tauri,b2b36cfe8dfcccb341638a4cb6dc23a514c54148,9c4032ba10d800bccc307f7afcc8e00f282b041e,2237,https://github.com/tauri-apps/tauri/issues/2237,https://github.com/tauri-apps/taur/tree/b2b36cfe8dfcccb341638a4cb6dc23a514c54148,https://github.com/tauri-apps/taur/tree/9c4032ba10d800bccc307f7afcc8e00f282b041e,https://github.com/tauri-apps/taur/compare/b2b36cfe8dfcccb341638a4cb6dc23a514c54148...9c4032ba10d800bccc307f7afcc8e00f282b041e
106,Tauri,aa0828f8ad3c76a4dc53ebf7fd92cdcd2b1a2ced,dd5e1ede32ab8c10849fe6583d93ef493dd6f184,2211,https://github.com/tauri-apps/tauri/issues/2211,https://github.com/tauri-apps/taur/tree/aa0828f8ad3c76a4dc53ebf7fd92cdcd2b1a2ced,https://github.com/tauri-apps/taur/tree/dd5e1ede32ab8c10849fe6583d93ef493dd6f184,https://github.com/tauri-apps/taur/compare/aa0828f8ad3c76a4dc53ebf7fd92cdcd2b1a2ced...dd5e1ede32ab8c10849fe6583d93ef493dd6f184
107,Tauri,4678144e2273e11e96df4ab6618542cd9d448721,cf9f6aa148db31c6fd4e3571b301db18654a1249,2330,https://github.com/tauri-apps/tauri/issues/2330,https://github.com/tauri-apps/taur/tree/4678144e2273e11e96df4ab6618542cd9d448721,https://github.com/tauri-apps/taur/tree/cf9f6aa148db31c6fd4e3571b301db18654a1249,https://github.com/tauri-apps/taur/compare/4678144e2273e11e96df4ab6618542cd9d448721...cf9f6aa148db31c6fd4e3571b301db18654a1249
108,Tauri,81d245f687f7e348efd564418ba3ee0f33fda528,a54bba6c868508844d68a9f4ea9f5519a2b94d09,2464,https://github.com/tauri-apps/tauri/issues/2464,https://github.com/tauri-apps/taur/tree/81d245f687f7e348efd564418ba3ee0f33fda528,https://github.com/tauri-apps/taur/tree/a54bba6c868508844d68a9f4ea9f5519a2b94d09,https://github.com/tauri-apps/taur/compare/81d245f687f7e348efd564418ba3ee0f33fda528...a54bba6c868508844d68a9f4ea9f5519a2b94d09
109,Tauri,189c129f4f6e3edf657953c6df21d71454ff3bc6,06abe65569d4a4a19b535829c26aae34590600ab,1911,https://github.com/tauri-apps/tauri/issues/1911,https://github.com/tauri-apps/taur/tree/189c129f4f6e3edf657953c6df21d71454ff3bc6,https://github.com/tauri-apps/taur/tree/06abe65569d4a4a19b535829c26aae34590600ab,https://github.com/tauri-apps/taur/compare/189c129f4f6e3edf657953c6df21d71454ff3bc6...06abe65569d4a4a19b535829c26aae34590600ab
110,Tauri,4a031add69014a1f3823f4ea19b172a2557f6794,5ebf389f6c6805ccd2b15d81fe12416770e39222,2286,https://github.com/tauri-apps/tauri/issues/2286,https://github.com/tauri-apps/taur/tree/4a031add69014a1f3823f4ea19b172a2557f6794,https://github.com/tauri-apps/taur/tree/5ebf389f6c6805ccd2b15d81fe12416770e39222,https://github.com/tauri-apps/taur/compare/4a031add69014a1f3823f4ea19b172a2557f6794...5ebf389f6c6805ccd2b15d81fe12416770e39222
111,Tauri,12642a1ad42b23d8d4e31ae67cb8de287ba526c0,397710b2c5699dab78118f58760dda07e276d4c2,1986,https://github.com/tauri-apps/tauri/issues/1986,https://github.com/tauri-apps/taur/tree/12642a1ad42b23d8d4e31ae67cb8de287ba526c0,https://github.com/tauri-apps/taur/tree/397710b2c5699dab78118f58760dda07e276d4c2,https://github.com/tauri-apps/taur/compare/12642a1ad42b23d8d4e31ae67cb8de287ba526c0...397710b2c5699dab78118f58760dda07e276d4c2
112,Tauri,6be3f4339168651fe4e003b09f7d181fd12cd5a8,1635798a669ced825577941dc66f1334c5904b43,2162,https://github.com/tauri-apps/tauri/issues/2162,https://github.com/tauri-apps/taur/tree/6be3f4339168651fe4e003b09f7d181fd12cd5a8,https://github.com/tauri-apps/taur/tree/1635798a669ced825577941dc66f1334c5904b43,https://github.com/tauri-apps/taur/compare/6be3f4339168651fe4e003b09f7d181fd12cd5a8...1635798a669ced825577941dc66f1334c5904b43
113,Tauri,994b5325dd385f564b37fe1530c5d798dc925fff,1a28904b8ebea92e143d5dc21ebd209e9edec531,2493,https://github.com/tauri-apps/tauri/issues/2493,https://github.com/tauri-apps/taur/tree/994b5325dd385f564b37fe1530c5d798dc925fff,https://github.com/tauri-apps/taur/tree/1a28904b8ebea92e143d5dc21ebd209e9edec531,https://github.com/tauri-apps/taur/compare/994b5325dd385f564b37fe1530c5d798dc925fff...1a28904b8ebea92e143d5dc21ebd209e9edec531
114,Tauri,1f98853573a837dd0cfc2161b206a5033ec2da5e,3b33d67aa4f48dcf4e32b3b8a5f45e83808efc2d,2485,https://github.com/tauri-apps/tauri/issues/2485,https://github.com/tauri-apps/taur/tree/1f98853573a837dd0cfc2161b206a5033ec2da5e,https://github.com/tauri-apps/taur/tree/3b33d67aa4f48dcf4e32b3b8a5f45e83808efc2d,https://github.com/tauri-apps/taur/compare/1f98853573a837dd0cfc2161b206a5033ec2da5e...3b33d67aa4f48dcf4e32b3b8a5f45e83808efc2d
115,Tauri,8d1fe0ea056f4ef0ab0a90c89c6391f3e3185bc7,aecdfaf76fcf0d2820d6ce6eb7590ebe399bfa04,2460,https://github.com/tauri-apps/tauri/issues/2460,https://github.com/tauri-apps/taur/tree/8d1fe0ea056f4ef0ab0a90c89c6391f3e3185bc7,https://github.com/tauri-apps/taur/tree/aecdfaf76fcf0d2820d6ce6eb7590ebe399bfa04,https://github.com/tauri-apps/taur/compare/8d1fe0ea056f4ef0ab0a90c89c6391f3e3185bc7...aecdfaf76fcf0d2820d6ce6eb7590ebe399bfa04
116,Tauri,3b33d67aa4f48dcf4e32b3b8a5f45e83808efc2d,97edb3ac49d59c5c95ad8486c17b3c333f4f86a2,2508,https://github.com/tauri-apps/tauri/issues/2508,https://github.com/tauri-apps/taur/tree/3b33d67aa4f48dcf4e32b3b8a5f45e83808efc2d,https://github.com/tauri-apps/taur/tree/97edb3ac49d59c5c95ad8486c17b3c333f4f86a2,https://github.com/tauri-apps/taur/compare/3b33d67aa4f48dcf4e32b3b8a5f45e83808efc2d...97edb3ac49d59c5c95ad8486c17b3c333f4f86a2
117,Tauri,4dc5a9f92458b246af1739c95d613962ece7bc8a,cc8b1468c821df53ceb771061c919409a9c80978,2599,https://github.com/tauri-apps/tauri/issues/2599,https://github.com/tauri-apps/taur/tree/4dc5a9f92458b246af1739c95d613962ece7bc8a,https://github.com/tauri-apps/taur/tree/cc8b1468c821df53ceb771061c919409a9c80978,https://github.com/tauri-apps/taur/compare/4dc5a9f92458b246af1739c95d613962ece7bc8a...cc8b1468c821df53ceb771061c919409a9c80978
118,Tauri,8d630bc8c494cba6ac1604b7777b89b763044471,0f321ac08d56412edd5bc9d166201fbc95d887d8,2598,https://github.com/tauri-apps/tauri/issues/2598,https://github.com/tauri-apps/taur/tree/8d630bc8c494cba6ac1604b7777b89b763044471,https://github.com/tauri-apps/taur/tree/0f321ac08d56412edd5bc9d166201fbc95d887d8,https://github.com/tauri-apps/taur/compare/8d630bc8c494cba6ac1604b7777b89b763044471...0f321ac08d56412edd5bc9d166201fbc95d887d8
119,Tauri,8fcdc1d47419f8f609b5685d5266d7c5365a7106,0391ac3dc96d9c74c34a957e4cb70da88a0a85b7,2506,https://github.com/tauri-apps/tauri/issues/2506,https://github.com/tauri-apps/taur/tree/8fcdc1d47419f8f609b5685d5266d7c5365a7106,https://github.com/tauri-apps/taur/tree/0391ac3dc96d9c74c34a957e4cb70da88a0a85b7,https://github.com/tauri-apps/taur/compare/8fcdc1d47419f8f609b5685d5266d7c5365a7106...0391ac3dc96d9c74c34a957e4cb70da88a0a85b7
120,Tauri,45573aed5d055c6fa36b764d0f9dd451986e8008,11db96e440e6cadc1c70992d07bfea3c448208b1,2692,https://github.com/tauri-apps/tauri/issues/2692,https://github.com/tauri-apps/taur/tree/45573aed5d055c6fa36b764d0f9dd451986e8008,https://github.com/tauri-apps/taur/tree/11db96e440e6cadc1c70992d07bfea3c448208b1,https://github.com/tauri-apps/taur/compare/45573aed5d055c6fa36b764d0f9dd451986e8008...11db96e440e6cadc1c70992d07bfea3c448208b1
121,Tauri,245d12fbf423b0072cbcc2a759ff757bf66ca89e,2026134f471a212aea9b227a873ecc937dda1acc,2509,https://github.com/tauri-apps/tauri/issues/2509,https://github.com/tauri-apps/taur/tree/245d12fbf423b0072cbcc2a759ff757bf66ca89e,https://github.com/tauri-apps/taur/tree/2026134f471a212aea9b227a873ecc937dda1acc,https://github.com/tauri-apps/taur/compare/245d12fbf423b0072cbcc2a759ff757bf66ca89e...2026134f471a212aea9b227a873ecc937dda1acc
122,Tauri,f68603aee4e16500dff9e385b217f5dd8b1b39e8,a8cff6b3bc3288a53d7cdc5b3cb95d371309d2d6,2643,https://github.com/tauri-apps/tauri/issues/2643,https://github.com/tauri-apps/taur/tree/f68603aee4e16500dff9e385b217f5dd8b1b39e8,https://github.com/tauri-apps/taur/tree/a8cff6b3bc3288a53d7cdc5b3cb95d371309d2d6,https://github.com/tauri-apps/taur/compare/f68603aee4e16500dff9e385b217f5dd8b1b39e8...a8cff6b3bc3288a53d7cdc5b3cb95d371309d2d6
123,Tauri,930b39e766ea26a6589b8ccfd7ad4070ad7b70fe,7e979dc55f6b43980138f815daeb2675c129d4b7,2861,https://github.com/tauri-apps/tauri/issues/2861,https://github.com/tauri-apps/taur/tree/930b39e766ea26a6589b8ccfd7ad4070ad7b70fe,https://github.com/tauri-apps/taur/tree/7e979dc55f6b43980138f815daeb2675c129d4b7,https://github.com/tauri-apps/taur/compare/930b39e766ea26a6589b8ccfd7ad4070ad7b70fe...7e979dc55f6b43980138f815daeb2675c129d4b7
124,Tauri,2538bc639f6d3b3e5b29c86557596ec210c39d58,ed497d74c8fb664564f53520b3d0204bc906bbdf,2821,https://github.com/tauri-apps/tauri/issues/2821,https://github.com/tauri-apps/taur/tree/2538bc639f6d3b3e5b29c86557596ec210c39d58,https://github.com/tauri-apps/taur/tree/ed497d74c8fb664564f53520b3d0204bc906bbdf,https://github.com/tauri-apps/taur/compare/2538bc639f6d3b3e5b29c86557596ec210c39d58...ed497d74c8fb664564f53520b3d0204bc906bbdf
125,Tauri,59b6ee87932d341433032befe3babd897ed8f7d0,dd1d2b6d34482860e5da7944958013d9d81d4397,2871,https://github.com/tauri-apps/tauri/issues/2871,https://github.com/tauri-apps/taur/tree/59b6ee87932d341433032befe3babd897ed8f7d0,https://github.com/tauri-apps/taur/tree/dd1d2b6d34482860e5da7944958013d9d81d4397,https://github.com/tauri-apps/taur/compare/59b6ee87932d341433032befe3babd897ed8f7d0...dd1d2b6d34482860e5da7944958013d9d81d4397
126,Tauri,80bad76053dc5e707a074d52c3d4ffd1711a722b,b48487e6a7b33f5a352e542fae21a2efd53ce295,2327,https://github.com/tauri-apps/tauri/issues/2327,https://github.com/tauri-apps/taur/tree/80bad76053dc5e707a074d52c3d4ffd1711a722b,https://github.com/tauri-apps/taur/tree/b48487e6a7b33f5a352e542fae21a2efd53ce295,https://github.com/tauri-apps/taur/compare/80bad76053dc5e707a074d52c3d4ffd1711a722b...b48487e6a7b33f5a352e542fae21a2efd53ce295
127,Tauri,4bd1aa690cb72c746b4f95ced06a9107d42336a4,4c0c780e00d8851be38cb1c22f636d9e4ed34a23,2187,https://github.com/tauri-apps/tauri/issues/2187,https://github.com/tauri-apps/taur/tree/4bd1aa690cb72c746b4f95ced06a9107d42336a4,https://github.com/tauri-apps/taur/tree/4c0c780e00d8851be38cb1c22f636d9e4ed34a23,https://github.com/tauri-apps/taur/compare/4bd1aa690cb72c746b4f95ced06a9107d42336a4...4c0c780e00d8851be38cb1c22f636d9e4ed34a23
128,Tauri,0e4d12b541652d98c5a73de65034db8214e0363c,e98c1af44279a5ff6c8a6f0a506ecc219c9f77af,2535,https://github.com/tauri-apps/tauri/issues/2535,https://github.com/tauri-apps/taur/tree/0e4d12b541652d98c5a73de65034db8214e0363c,https://github.com/tauri-apps/taur/tree/e98c1af44279a5ff6c8a6f0a506ecc219c9f77af,https://github.com/tauri-apps/taur/compare/0e4d12b541652d98c5a73de65034db8214e0363c...e98c1af44279a5ff6c8a6f0a506ecc219c9f77af
129,Tauri,000d126e0e7231fb666b9ef53d6a1479dca774f7,4c4ab1eb8b0b8b98ded402d0afb9dbca7ffe08e8,2901,https://github.com/tauri-apps/tauri/issues/2901,https://github.com/tauri-apps/taur/tree/000d126e0e7231fb666b9ef53d6a1479dca774f7,https://github.com/tauri-apps/taur/tree/4c4ab1eb8b0b8b98ded402d0afb9dbca7ffe08e8,https://github.com/tauri-apps/taur/compare/000d126e0e7231fb666b9ef53d6a1479dca774f7...4c4ab1eb8b0b8b98ded402d0afb9dbca7ffe08e8
130,Tauri,c664e9dbe012faab462a719ffd00bdf80c321b75,50c63900c7313064037e2ceb798a6432fcd1bcda,2831,https://github.com/tauri-apps/tauri/issues/2831,https://github.com/tauri-apps/taur/tree/c664e9dbe012faab462a719ffd00bdf80c321b75,https://github.com/tauri-apps/taur/tree/50c63900c7313064037e2ceb798a6432fcd1bcda,https://github.com/tauri-apps/taur/compare/c664e9dbe012faab462a719ffd00bdf80c321b75...50c63900c7313064037e2ceb798a6432fcd1bcda
131,Tauri,b9e9670f7069b4839ca5c3febe44ac62f08a1d75,59b6ee87932d341433032befe3babd897ed8f7d0,2871,https://github.com/tauri-apps/tauri/issues/2871,https://github.com/tauri-apps/taur/tree/b9e9670f7069b4839ca5c3febe44ac62f08a1d75,https://github.com/tauri-apps/taur/tree/59b6ee87932d341433032befe3babd897ed8f7d0,https://github.com/tauri-apps/taur/compare/b9e9670f7069b4839ca5c3febe44ac62f08a1d75...59b6ee87932d341433032befe3babd897ed8f7d0
132,Tauri,15164d930a64807054057d83a2b6dae8540bcd9a,000d126e0e7231fb666b9ef53d6a1479dca774f7,2716,https://github.com/tauri-apps/tauri/issues/2716,https://github.com/tauri-apps/taur/tree/15164d930a64807054057d83a2b6dae8540bcd9a,https://github.com/tauri-apps/taur/tree/000d126e0e7231fb666b9ef53d6a1479dca774f7,https://github.com/tauri-apps/taur/compare/15164d930a64807054057d83a2b6dae8540bcd9a...000d126e0e7231fb666b9ef53d6a1479dca774f7
133,Tauri,76ce9f61dd3c5bdd589c7557543894e1f770dd16,d28ac8aac0d19a70bb658f12e56330ec8ac4dda5,2965,https://github.com/tauri-apps/tauri/issues/2965,https://github.com/tauri-apps/taur/tree/76ce9f61dd3c5bdd589c7557543894e1f770dd16,https://github.com/tauri-apps/taur/tree/d28ac8aac0d19a70bb658f12e56330ec8ac4dda5,https://github.com/tauri-apps/taur/compare/76ce9f61dd3c5bdd589c7557543894e1f770dd16...d28ac8aac0d19a70bb658f12e56330ec8ac4dda5
134,Tauri,1f800e83b6ecc9e86b71b566bca028291433fd12,17a1ad682363e51365b57899c8d7557b1b65201c,2927,https://github.com/tauri-apps/tauri/issues/2927,https://github.com/tauri-apps/taur/tree/1f800e83b6ecc9e86b71b566bca028291433fd12,https://github.com/tauri-apps/taur/tree/17a1ad682363e51365b57899c8d7557b1b65201c,https://github.com/tauri-apps/taur/compare/1f800e83b6ecc9e86b71b566bca028291433fd12...17a1ad682363e51365b57899c8d7557b1b65201c
135,Tauri,8c19995f0403a22a10e434e456d18f1923580864,1f800e83b6ecc9e86b71b566bca028291433fd12,617,https://github.com/tauri-apps/tauri/issues/617,https://github.com/tauri-apps/taur/tree/8c19995f0403a22a10e434e456d18f1923580864,https://github.com/tauri-apps/taur/tree/1f800e83b6ecc9e86b71b566bca028291433fd12,https://github.com/tauri-apps/taur/compare/8c19995f0403a22a10e434e456d18f1923580864...1f800e83b6ecc9e86b71b566bca028291433fd12
136,Tauri,50c63900c7313064037e2ceb798a6432fcd1bcda,a3537078ddeaac7d26250f111f071072cf328b0b,2838,https://github.com/tauri-apps/tauri/issues/2838,https://github.com/tauri-apps/taur/tree/50c63900c7313064037e2ceb798a6432fcd1bcda,https://github.com/tauri-apps/taur/tree/a3537078ddeaac7d26250f111f071072cf328b0b,https://github.com/tauri-apps/taur/compare/50c63900c7313064037e2ceb798a6432fcd1bcda...a3537078ddeaac7d26250f111f071072cf328b0b
137,Tauri,1458ab3c535637ada996ab0ff3494cd75fe40bf7,74dff536d4757820e68ab05301be83c0870c22ed,2996,https://github.com/tauri-apps/tauri/issues/2996,https://github.com/tauri-apps/taur/tree/1458ab3c535637ada996ab0ff3494cd75fe40bf7,https://github.com/tauri-apps/taur/tree/74dff536d4757820e68ab05301be83c0870c22ed,https://github.com/tauri-apps/taur/compare/1458ab3c535637ada996ab0ff3494cd75fe40bf7...74dff536d4757820e68ab05301be83c0870c22ed
138,Tauri,73274a895f0e29c0f655fe39b0ea5dc57bd642be,bec7833a6c29ed9d1a5ab53e1c2cdd80e66cd272,2805,https://github.com/tauri-apps/tauri/issues/2805,https://github.com/tauri-apps/taur/tree/73274a895f0e29c0f655fe39b0ea5dc57bd642be,https://github.com/tauri-apps/taur/tree/bec7833a6c29ed9d1a5ab53e1c2cdd80e66cd272,https://github.com/tauri-apps/taur/compare/73274a895f0e29c0f655fe39b0ea5dc57bd642be...bec7833a6c29ed9d1a5ab53e1c2cdd80e66cd272
139,Tauri,73274a895f0e29c0f655fe39b0ea5dc57bd642be,bec7833a6c29ed9d1a5ab53e1c2cdd80e66cd272,2689,https://github.com/tauri-apps/tauri/issues/2689,https://github.com/tauri-apps/taur/tree/73274a895f0e29c0f655fe39b0ea5dc57bd642be,https://github.com/tauri-apps/taur/tree/bec7833a6c29ed9d1a5ab53e1c2cdd80e66cd272,https://github.com/tauri-apps/taur/compare/73274a895f0e29c0f655fe39b0ea5dc57bd642be...bec7833a6c29ed9d1a5ab53e1c2cdd80e66cd272
140,Tauri,1e336b6872c3b78caf7c2c6e71e03016c6abdacf,76ce9f61dd3c5bdd589c7557543894e1f770dd16,2978,https://github.com/tauri-apps/tauri/issues/2978,https://github.com/tauri-apps/taur/tree/1e336b6872c3b78caf7c2c6e71e03016c6abdacf,https://github.com/tauri-apps/taur/tree/76ce9f61dd3c5bdd589c7557543894e1f770dd16,https://github.com/tauri-apps/taur/compare/1e336b6872c3b78caf7c2c6e71e03016c6abdacf...76ce9f61dd3c5bdd589c7557543894e1f770dd16
141,Tauri,722d9ede6e8385401d907ce4d3c6a6caaa6d2887,2212bd5d75146f5a2df27cc2157a057642f626da,3091,https://github.com/tauri-apps/tauri/issues/3091,https://github.com/tauri-apps/taur/tree/722d9ede6e8385401d907ce4d3c6a6caaa6d2887,https://github.com/tauri-apps/taur/tree/2212bd5d75146f5a2df27cc2157a057642f626da,https://github.com/tauri-apps/taur/compare/722d9ede6e8385401d907ce4d3c6a6caaa6d2887...2212bd5d75146f5a2df27cc2157a057642f626da
142,Tauri,7cc95e10ec66d8b155e9bb7f89cf73df56d1f107,35588b2e04d5be8e5708583bdc52a012341bc75e,3067,https://github.com/tauri-apps/tauri/issues/3067,https://github.com/tauri-apps/taur/tree/7cc95e10ec66d8b155e9bb7f89cf73df56d1f107,https://github.com/tauri-apps/taur/tree/35588b2e04d5be8e5708583bdc52a012341bc75e,https://github.com/tauri-apps/taur/compare/7cc95e10ec66d8b155e9bb7f89cf73df56d1f107...35588b2e04d5be8e5708583bdc52a012341bc75e
143,Tauri,3206a7088cfa30089956f2c59c0f12260f86bd37,9c82006b2fe166d20510183e36cee099bf96e8d9,3110,https://github.com/tauri-apps/tauri/issues/3110,https://github.com/tauri-apps/taur/tree/3206a7088cfa30089956f2c59c0f12260f86bd37,https://github.com/tauri-apps/taur/tree/9c82006b2fe166d20510183e36cee099bf96e8d9,https://github.com/tauri-apps/taur/compare/3206a7088cfa30089956f2c59c0f12260f86bd37...9c82006b2fe166d20510183e36cee099bf96e8d9
144,Tauri,875c35e6e47c4b53c5fa0d80fe97e93bffdd2bc3,1bfc32a3b2f31b962ce8a5c611b60cb008360923,2968,https://github.com/tauri-apps/tauri/issues/2968,https://github.com/tauri-apps/taur/tree/875c35e6e47c4b53c5fa0d80fe97e93bffdd2bc3,https://github.com/tauri-apps/taur/tree/1bfc32a3b2f31b962ce8a5c611b60cb008360923,https://github.com/tauri-apps/taur/compare/875c35e6e47c4b53c5fa0d80fe97e93bffdd2bc3...1bfc32a3b2f31b962ce8a5c611b60cb008360923
145,Tauri,62182383de59a6ead275ba8e85f010b2a0704832,4c1be451066612862363bc481910bd6c3da1e185,3146,https://github.com/tauri-apps/tauri/issues/3146,https://github.com/tauri-apps/taur/tree/62182383de59a6ead275ba8e85f010b2a0704832,https://github.com/tauri-apps/taur/tree/4c1be451066612862363bc481910bd6c3da1e185,https://github.com/tauri-apps/taur/compare/62182383de59a6ead275ba8e85f010b2a0704832...4c1be451066612862363bc481910bd6c3da1e185
146,Tauri,efbf236f35a1dd4064c0615b56881e4132a249f4,e784ebca9f5513ce07b63c15ccac4f51c14efe2f,3135,https://github.com/tauri-apps/tauri/issues/3135,https://github.com/tauri-apps/taur/tree/efbf236f35a1dd4064c0615b56881e4132a249f4,https://github.com/tauri-apps/taur/tree/e784ebca9f5513ce07b63c15ccac4f51c14efe2f,https://github.com/tauri-apps/taur/compare/efbf236f35a1dd4064c0615b56881e4132a249f4...e784ebca9f5513ce07b63c15ccac4f51c14efe2f
147,Tauri,46f2eae8aad7c6a228eaf48480d5603dae6454b4,c6e05380f7a3b5de3a12db9414a0d7d96102737a,3188,https://github.com/tauri-apps/tauri/issues/3188,https://github.com/tauri-apps/taur/tree/46f2eae8aad7c6a228eaf48480d5603dae6454b4,https://github.com/tauri-apps/taur/tree/c6e05380f7a3b5de3a12db9414a0d7d96102737a,https://github.com/tauri-apps/taur/compare/46f2eae8aad7c6a228eaf48480d5603dae6454b4...c6e05380f7a3b5de3a12db9414a0d7d96102737a
148,Tauri,fb2b9a52f594830c0a68ea40ea429a09892f7ba7,151e629ebf15ec5c068eb623e3dbc0ecdef1f816,2854,https://github.com/tauri-apps/tauri/issues/2854,https://github.com/tauri-apps/taur/tree/fb2b9a52f594830c0a68ea40ea429a09892f7ba7,https://github.com/tauri-apps/taur/tree/151e629ebf15ec5c068eb623e3dbc0ecdef1f816,https://github.com/tauri-apps/taur/compare/fb2b9a52f594830c0a68ea40ea429a09892f7ba7...151e629ebf15ec5c068eb623e3dbc0ecdef1f816
149,Tauri,983cecb79584eafaece39aebde1258b1146bad18,060009969627890fa9018e2f1105bad13299394c,2929,https://github.com/tauri-apps/tauri/issues/2929,https://github.com/tauri-apps/taur/tree/983cecb79584eafaece39aebde1258b1146bad18,https://github.com/tauri-apps/taur/tree/060009969627890fa9018e2f1105bad13299394c,https://github.com/tauri-apps/taur/compare/983cecb79584eafaece39aebde1258b1146bad18...060009969627890fa9018e2f1105bad13299394c
150,Tauri,e1d6a6e6445637723e2331ca799a662e720e15a8,4de8577a48f46f32b902039cb04dad7d49f6ece8,3210,https://github.com/tauri-apps/tauri/issues/3210,https://github.com/tauri-apps/taur/tree/e1d6a6e6445637723e2331ca799a662e720e15a8,https://github.com/tauri-apps/taur/tree/4de8577a48f46f32b902039cb04dad7d49f6ece8,https://github.com/tauri-apps/taur/compare/e1d6a6e6445637723e2331ca799a662e720e15a8...4de8577a48f46f32b902039cb04dad7d49f6ece8
151,Tauri,75dea8bd39e1f3d1f91b6ccd8a0a0a0902f48fd3,efa1970db5df526f5aff7d28a15fdb6d1f717e36,3268,https://github.com/tauri-apps/tauri/issues/3268,https://github.com/tauri-apps/taur/tree/75dea8bd39e1f3d1f91b6ccd8a0a0a0902f48fd3,https://github.com/tauri-apps/taur/tree/efa1970db5df526f5aff7d28a15fdb6d1f717e36,https://github.com/tauri-apps/taur/compare/75dea8bd39e1f3d1f91b6ccd8a0a0a0902f48fd3...efa1970db5df526f5aff7d28a15fdb6d1f717e36
152,Tauri,bff86ee4c4b6308030ee8a315bd44da32b2eac44,15358b1895487cb9c258a8ca4d2336b4215e2a8f,2733,https://github.com/tauri-apps/tauri/issues/2733,https://github.com/tauri-apps/taur/tree/bff86ee4c4b6308030ee8a315bd44da32b2eac44,https://github.com/tauri-apps/taur/tree/15358b1895487cb9c258a8ca4d2336b4215e2a8f,https://github.com/tauri-apps/taur/compare/bff86ee4c4b6308030ee8a315bd44da32b2eac44...15358b1895487cb9c258a8ca4d2336b4215e2a8f
153,Tauri,9bb68973dd10f3cb98d2a95e5432bfc765d77064,8ab8d529426b1ed7926daced16a45b077033bfe2,3288,https://github.com/tauri-apps/tauri/issues/3288,https://github.com/tauri-apps/taur/tree/9bb68973dd10f3cb98d2a95e5432bfc765d77064,https://github.com/tauri-apps/taur/tree/8ab8d529426b1ed7926daced16a45b077033bfe2,https://github.com/tauri-apps/taur/compare/9bb68973dd10f3cb98d2a95e5432bfc765d77064...8ab8d529426b1ed7926daced16a45b077033bfe2
154,Tauri,c5f3cbc6834343c6442b9340ad40687d97c8e4f7,a8e5ad92993dd12625f13c6e70804f2bef5845f7,3113,https://github.com/tauri-apps/tauri/issues/3113,https://github.com/tauri-apps/taur/tree/c5f3cbc6834343c6442b9340ad40687d97c8e4f7,https://github.com/tauri-apps/taur/tree/a8e5ad92993dd12625f13c6e70804f2bef5845f7,https://github.com/tauri-apps/taur/compare/c5f3cbc6834343c6442b9340ad40687d97c8e4f7...a8e5ad92993dd12625f13c6e70804f2bef5845f7
155,Tauri,e784ebca9f5513ce07b63c15ccac4f51c14efe2f,2d39f12060c3624174eff6ec0dc84156dc73ae1c,3137,https://github.com/tauri-apps/tauri/issues/3137,https://github.com/tauri-apps/taur/tree/e784ebca9f5513ce07b63c15ccac4f51c14efe2f,https://github.com/tauri-apps/taur/tree/2d39f12060c3624174eff6ec0dc84156dc73ae1c,https://github.com/tauri-apps/taur/compare/e784ebca9f5513ce07b63c15ccac4f51c14efe2f...2d39f12060c3624174eff6ec0dc84156dc73ae1c
156,Tauri,6330b66be746bf64cceccfaff7708c6f1684ee73,9b340552643a1d8b9311219101329ce23c9271ea,3302,https://github.com/tauri-apps/tauri/issues/3302,https://github.com/tauri-apps/taur/tree/6330b66be746bf64cceccfaff7708c6f1684ee73,https://github.com/tauri-apps/taur/tree/9b340552643a1d8b9311219101329ce23c9271ea,https://github.com/tauri-apps/taur/compare/6330b66be746bf64cceccfaff7708c6f1684ee73...9b340552643a1d8b9311219101329ce23c9271ea
157,Tauri,65ad5b5ef923bf1e6b6f078d794d071a04fcdf57,f5109e0c962e3d25404995194968bade1be33b16,3295,https://github.com/tauri-apps/tauri/issues/3295,https://github.com/tauri-apps/taur/tree/65ad5b5ef923bf1e6b6f078d794d071a04fcdf57,https://github.com/tauri-apps/taur/tree/f5109e0c962e3d25404995194968bade1be33b16,https://github.com/tauri-apps/taur/compare/65ad5b5ef923bf1e6b6f078d794d071a04fcdf57...f5109e0c962e3d25404995194968bade1be33b16
158,Tauri,f739e446f5f920c26e2e0029d84fb3447e5179aa,3d92f4c2729c10ed35911ac422aab6be9b6177e0,3324,https://github.com/tauri-apps/tauri/issues/3324,https://github.com/tauri-apps/taur/tree/f739e446f5f920c26e2e0029d84fb3447e5179aa,https://github.com/tauri-apps/taur/tree/3d92f4c2729c10ed35911ac422aab6be9b6177e0,https://github.com/tauri-apps/taur/compare/f739e446f5f920c26e2e0029d84fb3447e5179aa...3d92f4c2729c10ed35911ac422aab6be9b6177e0
159,Tauri,8483fde975aac8833d2ce426e42fb40aeaeecba9,af44bf8168310cf77fbe102a53e7c433f11641a3,3172,https://github.com/tauri-apps/tauri/issues/3172,https://github.com/tauri-apps/taur/tree/8483fde975aac8833d2ce426e42fb40aeaeecba9,https://github.com/tauri-apps/taur/tree/af44bf8168310cf77fbe102a53e7c433f11641a3,https://github.com/tauri-apps/taur/compare/8483fde975aac8833d2ce426e42fb40aeaeecba9...af44bf8168310cf77fbe102a53e7c433f11641a3
160,Tauri,5a94200f65feb4fddc79f0c68f8bc0a4067ad51a,3035e4581c161ec7f0bd6d9b42e9015cf1dd1d77,3355,https://github.com/tauri-apps/tauri/issues/3355,https://github.com/tauri-apps/taur/tree/5a94200f65feb4fddc79f0c68f8bc0a4067ad51a,https://github.com/tauri-apps/taur/tree/3035e4581c161ec7f0bd6d9b42e9015cf1dd1d77,https://github.com/tauri-apps/taur/compare/5a94200f65feb4fddc79f0c68f8bc0a4067ad51a...3035e4581c161ec7f0bd6d9b42e9015cf1dd1d77
161,Tauri,2bade5ecaa9403fbf3c663441971d9c2b462cbed,878b8b9a1fc825b1ea34f955e053311409a1468d,3297,https://github.com/tauri-apps/tauri/issues/3297,https://github.com/tauri-apps/taur/tree/2bade5ecaa9403fbf3c663441971d9c2b462cbed,https://github.com/tauri-apps/taur/tree/878b8b9a1fc825b1ea34f955e053311409a1468d,https://github.com/tauri-apps/taur/compare/2bade5ecaa9403fbf3c663441971d9c2b462cbed...878b8b9a1fc825b1ea34f955e053311409a1468d
162,Tauri,5e7611aaa7a13513000b756f22b6352cd513fbc4,6330b66be746bf64cceccfaff7708c6f1684ee73,3341,https://github.com/tauri-apps/tauri/issues/3341,https://github.com/tauri-apps/taur/tree/5e7611aaa7a13513000b756f22b6352cd513fbc4,https://github.com/tauri-apps/taur/tree/6330b66be746bf64cceccfaff7708c6f1684ee73,https://github.com/tauri-apps/taur/compare/5e7611aaa7a13513000b756f22b6352cd513fbc4...6330b66be746bf64cceccfaff7708c6f1684ee73
163,Tauri,a03b85545a4b0b61a598a43eabe96e03565dcaf0,10e3190fdd38893a720a51b7bfd06744e0306626,2791,https://github.com/tauri-apps/tauri/issues/2791,https://github.com/tauri-apps/taur/tree/a03b85545a4b0b61a598a43eabe96e03565dcaf0,https://github.com/tauri-apps/taur/tree/10e3190fdd38893a720a51b7bfd06744e0306626,https://github.com/tauri-apps/taur/compare/a03b85545a4b0b61a598a43eabe96e03565dcaf0...10e3190fdd38893a720a51b7bfd06744e0306626
164,Tauri,def76840257a1447723ecda13c807cf0c881f083,8beab6363491e2a8757cc9fc0fa1eccc98ece916,3399,https://github.com/tauri-apps/tauri/issues/3399,https://github.com/tauri-apps/taur/tree/def76840257a1447723ecda13c807cf0c881f083,https://github.com/tauri-apps/taur/tree/8beab6363491e2a8757cc9fc0fa1eccc98ece916,https://github.com/tauri-apps/taur/compare/def76840257a1447723ecda13c807cf0c881f083...8beab6363491e2a8757cc9fc0fa1eccc98ece916
165,Tauri,8d39741aa1fcbc235d1f8aa5eaa995461a8c1243,839daec7ab79c3ff2f552dd7579069bc64e83625,3285,https://github.com/tauri-apps/tauri/issues/3285,https://github.com/tauri-apps/taur/tree/8d39741aa1fcbc235d1f8aa5eaa995461a8c1243,https://github.com/tauri-apps/taur/tree/839daec7ab79c3ff2f552dd7579069bc64e83625,https://github.com/tauri-apps/taur/compare/8d39741aa1fcbc235d1f8aa5eaa995461a8c1243...839daec7ab79c3ff2f552dd7579069bc64e83625
166,Tauri,c01036043dcec52ba360fc38268b8b4ae4c470a1,3a4c01606184be762adee055ddac803de0d28527,3416,https://github.com/tauri-apps/tauri/issues/3416,https://github.com/tauri-apps/taur/tree/c01036043dcec52ba360fc38268b8b4ae4c470a1,https://github.com/tauri-apps/taur/tree/3a4c01606184be762adee055ddac803de0d28527,https://github.com/tauri-apps/taur/compare/c01036043dcec52ba360fc38268b8b4ae4c470a1...3a4c01606184be762adee055ddac803de0d28527
167,Tauri,c01036043dcec52ba360fc38268b8b4ae4c470a1,3a4c01606184be762adee055ddac803de0d28527,3406,https://github.com/tauri-apps/tauri/issues/3406,https://github.com/tauri-apps/taur/tree/c01036043dcec52ba360fc38268b8b4ae4c470a1,https://github.com/tauri-apps/taur/tree/3a4c01606184be762adee055ddac803de0d28527,https://github.com/tauri-apps/taur/compare/c01036043dcec52ba360fc38268b8b4ae4c470a1...3a4c01606184be762adee055ddac803de0d28527
168,Tauri,bdd41e24133a1777f161b38f76b20db646d764ea,102a5e9bb83c5d8388dc9aedc7f03cc57bdae8cb,3427,https://github.com/tauri-apps/tauri/issues/3427,https://github.com/tauri-apps/taur/tree/bdd41e24133a1777f161b38f76b20db646d764ea,https://github.com/tauri-apps/taur/tree/102a5e9bb83c5d8388dc9aedc7f03cc57bdae8cb,https://github.com/tauri-apps/taur/compare/bdd41e24133a1777f161b38f76b20db646d764ea...102a5e9bb83c5d8388dc9aedc7f03cc57bdae8cb
169,Tauri,d218499574c74d828f1961d492e565e1ff77bddf,02ac3215ea773a4145945a270291c751f66dcbe3,2651,https://github.com/tauri-apps/tauri/issues/2651,https://github.com/tauri-apps/taur/tree/d218499574c74d828f1961d492e565e1ff77bddf,https://github.com/tauri-apps/taur/tree/02ac3215ea773a4145945a270291c751f66dcbe3,https://github.com/tauri-apps/taur/compare/d218499574c74d828f1961d492e565e1ff77bddf...02ac3215ea773a4145945a270291c751f66dcbe3
170,Tauri,84895a9cd270fc743e236d0f4d4cd6210b24a30f,a975551461f3698db3f3b6afa5101189aaeeada9,3483,https://github.com/tauri-apps/tauri/issues/3483,https://github.com/tauri-apps/taur/tree/84895a9cd270fc743e236d0f4d4cd6210b24a30f,https://github.com/tauri-apps/taur/tree/a975551461f3698db3f3b6afa5101189aaeeada9,https://github.com/tauri-apps/taur/compare/84895a9cd270fc743e236d0f4d4cd6210b24a30f...a975551461f3698db3f3b6afa5101189aaeeada9
171,Tauri,53e4dd8c2db048dd0f0ccf6e966b41bf19aa4689,17f17a80f818bcc20c387583a6ff00a8e07ec533,3449,https://github.com/tauri-apps/tauri/issues/3449,https://github.com/tauri-apps/taur/tree/53e4dd8c2db048dd0f0ccf6e966b41bf19aa4689,https://github.com/tauri-apps/taur/tree/17f17a80f818bcc20c387583a6ff00a8e07ec533,https://github.com/tauri-apps/taur/compare/53e4dd8c2db048dd0f0ccf6e966b41bf19aa4689...17f17a80f818bcc20c387583a6ff00a8e07ec533
172,Tauri,c046681b513e3ac610e45b22bb44b31a6cced61b,c01036043dcec52ba360fc38268b8b4ae4c470a1,3417,https://github.com/tauri-apps/tauri/issues/3417,https://github.com/tauri-apps/taur/tree/c046681b513e3ac610e45b22bb44b31a6cced61b,https://github.com/tauri-apps/taur/tree/c01036043dcec52ba360fc38268b8b4ae4c470a1,https://github.com/tauri-apps/taur/compare/c046681b513e3ac610e45b22bb44b31a6cced61b...c01036043dcec52ba360fc38268b8b4ae4c470a1
173,Tauri,5c0a8bfef76d5c4aa756676c0935294ded5ffeed,536c0cd7d40b838765016e1554901dea8720d9af,3393,https://github.com/tauri-apps/tauri/issues/3393,https://github.com/tauri-apps/taur/tree/5c0a8bfef76d5c4aa756676c0935294ded5ffeed,https://github.com/tauri-apps/taur/tree/536c0cd7d40b838765016e1554901dea8720d9af,https://github.com/tauri-apps/taur/compare/5c0a8bfef76d5c4aa756676c0935294ded5ffeed...536c0cd7d40b838765016e1554901dea8720d9af
174,Tauri,d29c5d551fbe35443a0b646aad54a4d795afef42,d8acbe11492bd990e6983c7e63e0f1a8f1ea5c7c,3409,https://github.com/tauri-apps/tauri/issues/3409,https://github.com/tauri-apps/taur/tree/d29c5d551fbe35443a0b646aad54a4d795afef42,https://github.com/tauri-apps/taur/tree/d8acbe11492bd990e6983c7e63e0f1a8f1ea5c7c,https://github.com/tauri-apps/taur/compare/d29c5d551fbe35443a0b646aad54a4d795afef42...d8acbe11492bd990e6983c7e63e0f1a8f1ea5c7c
175,Tauri,17f17a80f818bcc20c387583a6ff00a8e07ec533,4bacea5bf48ea5ca6c9bdd10e28e85e67a0c6ef9,2732,https://github.com/tauri-apps/tauri/issues/2732,https://github.com/tauri-apps/taur/tree/17f17a80f818bcc20c387583a6ff00a8e07ec533,https://github.com/tauri-apps/taur/tree/4bacea5bf48ea5ca6c9bdd10e28e85e67a0c6ef9,https://github.com/tauri-apps/taur/compare/17f17a80f818bcc20c387583a6ff00a8e07ec533...4bacea5bf48ea5ca6c9bdd10e28e85e67a0c6ef9
176,Tauri,5a4e9efa0ad66edffdc27e7c7b89e4c120f4ba98,2ecbed8d59d9e1788170aa87b90ed9556a473425,3446,https://github.com/tauri-apps/tauri/issues/3446,https://github.com/tauri-apps/taur/tree/5a4e9efa0ad66edffdc27e7c7b89e4c120f4ba98,https://github.com/tauri-apps/taur/tree/2ecbed8d59d9e1788170aa87b90ed9556a473425,https://github.com/tauri-apps/taur/compare/5a4e9efa0ad66edffdc27e7c7b89e4c120f4ba98...2ecbed8d59d9e1788170aa87b90ed9556a473425
177,Tauri,fb6744daa45165c7e00e5c01f7df0880d69ca509,d06efc7704092a549c886be701122ad420db5543,3143,https://github.com/tauri-apps/tauri/issues/3143,https://github.com/tauri-apps/taur/tree/fb6744daa45165c7e00e5c01f7df0880d69ca509,https://github.com/tauri-apps/taur/tree/d06efc7704092a549c886be701122ad420db5543,https://github.com/tauri-apps/taur/compare/fb6744daa45165c7e00e5c01f7df0880d69ca509...d06efc7704092a549c886be701122ad420db5543
178,Tauri,82b7f5195697596a84dbc2c05be29f2ee679e254,080755b5377a3c0a17adf1d03e63555350422f0a,3481,https://github.com/tauri-apps/tauri/issues/3481,https://github.com/tauri-apps/taur/tree/82b7f5195697596a84dbc2c05be29f2ee679e254,https://github.com/tauri-apps/taur/tree/080755b5377a3c0a17adf1d03e63555350422f0a,https://github.com/tauri-apps/taur/compare/82b7f5195697596a84dbc2c05be29f2ee679e254...080755b5377a3c0a17adf1d03e63555350422f0a
179,Tauri,944b124ce04a15a415fcbb0afdfa78b0e900c97a,0163489ed60ec0fe9486b5556ec0234499852a16,3505,https://github.com/tauri-apps/tauri/issues/3505,https://github.com/tauri-apps/taur/tree/944b124ce04a15a415fcbb0afdfa78b0e900c97a,https://github.com/tauri-apps/taur/tree/0163489ed60ec0fe9486b5556ec0234499852a16,https://github.com/tauri-apps/taur/compare/944b124ce04a15a415fcbb0afdfa78b0e900c97a...0163489ed60ec0fe9486b5556ec0234499852a16
180,Tauri,6a6f1e7bf922bc6fa56db2e8e40affbb0849731d,944b124ce04a15a415fcbb0afdfa78b0e900c97a,3507,https://github.com/tauri-apps/tauri/issues/3507,https://github.com/tauri-apps/taur/tree/6a6f1e7bf922bc6fa56db2e8e40affbb0849731d,https://github.com/tauri-apps/taur/tree/944b124ce04a15a415fcbb0afdfa78b0e900c97a,https://github.com/tauri-apps/taur/compare/6a6f1e7bf922bc6fa56db2e8e40affbb0849731d...944b124ce04a15a415fcbb0afdfa78b0e900c97a
181,Tauri,3e18264d9eca0e5c3b23e9d5172b02d9b7779c34,929a83dd4d2614a119ab05122663669648e8c701,3580,https://github.com/tauri-apps/tauri/issues/3580,https://github.com/tauri-apps/taur/tree/3e18264d9eca0e5c3b23e9d5172b02d9b7779c34,https://github.com/tauri-apps/taur/tree/929a83dd4d2614a119ab05122663669648e8c701,https://github.com/tauri-apps/taur/compare/3e18264d9eca0e5c3b23e9d5172b02d9b7779c34...929a83dd4d2614a119ab05122663669648e8c701
182,Tauri,2b554c38a5181b948d7674b6ef33e4049ca7d327,0a0de8ab6ed80b7722012e83636dff41a813b770,3508,https://github.com/tauri-apps/tauri/issues/3508,https://github.com/tauri-apps/taur/tree/2b554c38a5181b948d7674b6ef33e4049ca7d327,https://github.com/tauri-apps/taur/tree/0a0de8ab6ed80b7722012e83636dff41a813b770,https://github.com/tauri-apps/taur/compare/2b554c38a5181b948d7674b6ef33e4049ca7d327...0a0de8ab6ed80b7722012e83636dff41a813b770
183,Tauri,0f1558980a0fb1d6c042988e173047f0590b6574,9cb1059aa3f81521ccc6da655243acfe0327cd98,3554,https://github.com/tauri-apps/tauri/issues/3554,https://github.com/tauri-apps/taur/tree/0f1558980a0fb1d6c042988e173047f0590b6574,https://github.com/tauri-apps/taur/tree/9cb1059aa3f81521ccc6da655243acfe0327cd98,https://github.com/tauri-apps/taur/compare/0f1558980a0fb1d6c042988e173047f0590b6574...9cb1059aa3f81521ccc6da655243acfe0327cd98
184,Tauri,f7acb061e4d1ecdbfe182793587632d7ba6d8eff,da8824318affb50475f28b9c78c56da3fb048708,3608,https://github.com/tauri-apps/tauri/issues/3608,https://github.com/tauri-apps/taur/tree/f7acb061e4d1ecdbfe182793587632d7ba6d8eff,https://github.com/tauri-apps/taur/tree/da8824318affb50475f28b9c78c56da3fb048708,https://github.com/tauri-apps/taur/compare/f7acb061e4d1ecdbfe182793587632d7ba6d8eff...da8824318affb50475f28b9c78c56da3fb048708
185,Tauri,0163489ed60ec0fe9486b5556ec0234499852a16,2b554c38a5181b948d7674b6ef33e4049ca7d327,3549,https://github.com/tauri-apps/tauri/issues/3549,https://github.com/tauri-apps/taur/tree/0163489ed60ec0fe9486b5556ec0234499852a16,https://github.com/tauri-apps/taur/tree/2b554c38a5181b948d7674b6ef33e4049ca7d327,https://github.com/tauri-apps/taur/compare/0163489ed60ec0fe9486b5556ec0234499852a16...2b554c38a5181b948d7674b6ef33e4049ca7d327
186,Tauri,4d0e2eccd9e0e1db16e6cc20613ffdc3dbe0474e,64e0054299c95f10ef5a1a9d3f914bbaeff3d73f,3544,https://github.com/tauri-apps/tauri/issues/3544,https://github.com/tauri-apps/taur/tree/4d0e2eccd9e0e1db16e6cc20613ffdc3dbe0474e,https://github.com/tauri-apps/taur/tree/64e0054299c95f10ef5a1a9d3f914bbaeff3d73f,https://github.com/tauri-apps/taur/compare/4d0e2eccd9e0e1db16e6cc20613ffdc3dbe0474e...64e0054299c95f10ef5a1a9d3f914bbaeff3d73f
187,Tauri,e974f8fbae917b485741eafc2690cd4388c4a490,ea94a28a34b321ee120807b367eb7f064fb32af3,3646,https://github.com/tauri-apps/tauri/issues/3646,https://github.com/tauri-apps/taur/tree/e974f8fbae917b485741eafc2690cd4388c4a490,https://github.com/tauri-apps/taur/tree/ea94a28a34b321ee120807b367eb7f064fb32af3,https://github.com/tauri-apps/taur/compare/e974f8fbae917b485741eafc2690cd4388c4a490...ea94a28a34b321ee120807b367eb7f064fb32af3
188,Tauri,c4ca80f919551cbcae53d931f860115c2d591d14,7cd39c70c9ecd62cc9b60d0ab93f10ce0a6dd8b4,3645,https://github.com/tauri-apps/tauri/issues/3645,https://github.com/tauri-apps/taur/tree/c4ca80f919551cbcae53d931f860115c2d591d14,https://github.com/tauri-apps/taur/tree/7cd39c70c9ecd62cc9b60d0ab93f10ce0a6dd8b4,https://github.com/tauri-apps/taur/compare/c4ca80f919551cbcae53d931f860115c2d591d14...7cd39c70c9ecd62cc9b60d0ab93f10ce0a6dd8b4
189,Tauri,929a83dd4d2614a119ab05122663669648e8c701,4d0e2eccd9e0e1db16e6cc20613ffdc3dbe0474e,3592,https://github.com/tauri-apps/tauri/issues/3592,https://github.com/tauri-apps/taur/tree/929a83dd4d2614a119ab05122663669648e8c701,https://github.com/tauri-apps/taur/tree/4d0e2eccd9e0e1db16e6cc20613ffdc3dbe0474e,https://github.com/tauri-apps/taur/compare/929a83dd4d2614a119ab05122663669648e8c701...4d0e2eccd9e0e1db16e6cc20613ffdc3dbe0474e
190,Tauri,0a0de8ab6ed80b7722012e83636dff41a813b770,8d699283a4741c83b476fb079dc0333c7bf4f919,3547,https://github.com/tauri-apps/tauri/issues/3547,https://github.com/tauri-apps/taur/tree/0a0de8ab6ed80b7722012e83636dff41a813b770,https://github.com/tauri-apps/taur/tree/8d699283a4741c83b476fb079dc0333c7bf4f919,https://github.com/tauri-apps/taur/compare/0a0de8ab6ed80b7722012e83636dff41a813b770...8d699283a4741c83b476fb079dc0333c7bf4f919
191,Tauri,72f19f8d5e1ad10ecc771390a0c749013e64da3f,348a1ab59d2697478a594016016f1fccbf1ac054,3719,https://github.com/tauri-apps/tauri/issues/3719,https://github.com/tauri-apps/taur/tree/72f19f8d5e1ad10ecc771390a0c749013e64da3f,https://github.com/tauri-apps/taur/tree/348a1ab59d2697478a594016016f1fccbf1ac054,https://github.com/tauri-apps/taur/compare/72f19f8d5e1ad10ecc771390a0c749013e64da3f...348a1ab59d2697478a594016016f1fccbf1ac054
192,Tauri,4e807a53e2d6d3f3cd5293d90013d5cdded5454e,bf89a05fcfef976886a833b24346e010fd1bd06c,3312,https://github.com/tauri-apps/tauri/issues/3312,https://github.com/tauri-apps/taur/tree/4e807a53e2d6d3f3cd5293d90013d5cdded5454e,https://github.com/tauri-apps/taur/tree/bf89a05fcfef976886a833b24346e010fd1bd06c,https://github.com/tauri-apps/taur/compare/4e807a53e2d6d3f3cd5293d90013d5cdded5454e...bf89a05fcfef976886a833b24346e010fd1bd06c
193,Tauri,3c4ee7c997fa3ff696bcfd5b8c82fecaca16bf49,dbc2873e82dd56e13025f73281769fff323d32aa,3761,https://github.com/tauri-apps/tauri/issues/3761,https://github.com/tauri-apps/taur/tree/3c4ee7c997fa3ff696bcfd5b8c82fecaca16bf49,https://github.com/tauri-apps/taur/tree/dbc2873e82dd56e13025f73281769fff323d32aa,https://github.com/tauri-apps/taur/compare/3c4ee7c997fa3ff696bcfd5b8c82fecaca16bf49...dbc2873e82dd56e13025f73281769fff323d32aa
194,Tauri,dbc2873e82dd56e13025f73281769fff323d32aa,8661e3e24d96c399bfbcdee5d8e9d6beba2265a7,3571,https://github.com/tauri-apps/tauri/issues/3571,https://github.com/tauri-apps/taur/tree/dbc2873e82dd56e13025f73281769fff323d32aa,https://github.com/tauri-apps/taur/tree/8661e3e24d96c399bfbcdee5d8e9d6beba2265a7,https://github.com/tauri-apps/taur/compare/dbc2873e82dd56e13025f73281769fff323d32aa...8661e3e24d96c399bfbcdee5d8e9d6beba2265a7
195,Tauri,76c791bd2b836d2055410e37e71716172a3f81ef,bdd5f7c2f03af4af8b60a9527e55bb18525d989b,3563,https://github.com/tauri-apps/tauri/issues/3563,https://github.com/tauri-apps/taur/tree/76c791bd2b836d2055410e37e71716172a3f81ef,https://github.com/tauri-apps/taur/tree/bdd5f7c2f03af4af8b60a9527e55bb18525d989b,https://github.com/tauri-apps/taur/compare/76c791bd2b836d2055410e37e71716172a3f81ef...bdd5f7c2f03af4af8b60a9527e55bb18525d989b
196,Tauri,266156a0b08150b21140dd552c8bc252fe413cdd,1deeb03ef6c7cbea8cf585864424a3d66f184a02,3747,https://github.com/tauri-apps/tauri/issues/3747,https://github.com/tauri-apps/taur/tree/266156a0b08150b21140dd552c8bc252fe413cdd,https://github.com/tauri-apps/taur/tree/1deeb03ef6c7cbea8cf585864424a3d66f184a02,https://github.com/tauri-apps/taur/compare/266156a0b08150b21140dd552c8bc252fe413cdd...1deeb03ef6c7cbea8cf585864424a3d66f184a02
197,Tauri,5fb74332ab9210ac062d96b0e9afd1c942ee2911,9ddf8d84a22cd6ccdce04bcc98b2b0f5fc54381a,3688,https://github.com/tauri-apps/tauri/issues/3688,https://github.com/tauri-apps/taur/tree/5fb74332ab9210ac062d96b0e9afd1c942ee2911,https://github.com/tauri-apps/taur/tree/9ddf8d84a22cd6ccdce04bcc98b2b0f5fc54381a,https://github.com/tauri-apps/taur/compare/5fb74332ab9210ac062d96b0e9afd1c942ee2911...9ddf8d84a22cd6ccdce04bcc98b2b0f5fc54381a
198,Tauri,34a402f9b559af377b276d73b800e5e8b7dacbb1,94d78efbe542e7be3c00e3b2355c22803816715f,2794,https://github.com/tauri-apps/tauri/issues/2794,https://github.com/tauri-apps/taur/tree/34a402f9b559af377b276d73b800e5e8b7dacbb1,https://github.com/tauri-apps/taur/tree/94d78efbe542e7be3c00e3b2355c22803816715f,https://github.com/tauri-apps/taur/compare/34a402f9b559af377b276d73b800e5e8b7dacbb1...94d78efbe542e7be3c00e3b2355c22803816715f
199,Tauri,b1f83fd05f8adea5d849c1401596fe8ca59bf93b,42e8d9cf925089e9ad591198ee04b0cc0a0eed48,3841,https://github.com/tauri-apps/tauri/issues/3841,https://github.com/tauri-apps/taur/tree/b1f83fd05f8adea5d849c1401596fe8ca59bf93b,https://github.com/tauri-apps/taur/tree/42e8d9cf925089e9ad591198ee04b0cc0a0eed48,https://github.com/tauri-apps/taur/compare/b1f83fd05f8adea5d849c1401596fe8ca59bf93b...42e8d9cf925089e9ad591198ee04b0cc0a0eed48
200,Tauri,985d250898f07ebc975b579ea25555337947ab76,6a5ff08ce9052b656aa40accedfd4315825164a3,3786,https://github.com/tauri-apps/tauri/issues/3786,https://github.com/tauri-apps/taur/tree/985d250898f07ebc975b579ea25555337947ab76,https://github.com/tauri-apps/taur/tree/6a5ff08ce9052b656aa40accedfd4315825164a3,https://github.com/tauri-apps/taur/compare/985d250898f07ebc975b579ea25555337947ab76...6a5ff08ce9052b656aa40accedfd4315825164a3
201,Tauri,3bd3d923d32144b4e28f9f597edf74ee422a9b54,70ff55c1aa69ed59cd2a78d865e1cb398ef2a4ba,3902,https://github.com/tauri-apps/tauri/issues/3902,https://github.com/tauri-apps/taur/tree/3bd3d923d32144b4e28f9f597edf74ee422a9b54,https://github.com/tauri-apps/taur/tree/70ff55c1aa69ed59cd2a78d865e1cb398ef2a4ba,https://github.com/tauri-apps/taur/compare/3bd3d923d32144b4e28f9f597edf74ee422a9b54...70ff55c1aa69ed59cd2a78d865e1cb398ef2a4ba
202,Tauri,395a2590197e3505a2064245f8c36c3f0e2bf685,cc35608430b47101255b93ae2f58dfd15e1297d3,3910,https://github.com/tauri-apps/tauri/issues/3910,https://github.com/tauri-apps/taur/tree/395a2590197e3505a2064245f8c36c3f0e2bf685,https://github.com/tauri-apps/taur/tree/cc35608430b47101255b93ae2f58dfd15e1297d3,https://github.com/tauri-apps/taur/compare/395a2590197e3505a2064245f8c36c3f0e2bf685...cc35608430b47101255b93ae2f58dfd15e1297d3
203,Tauri,3f45c23a75053cba7fc633a04f8b6fc0809299fa,c08cc6d50041ec887d3070c41bb2c793dbac5155,3534,https://github.com/tauri-apps/tauri/issues/3534,https://github.com/tauri-apps/taur/tree/3f45c23a75053cba7fc633a04f8b6fc0809299fa,https://github.com/tauri-apps/taur/tree/c08cc6d50041ec887d3070c41bb2c793dbac5155,https://github.com/tauri-apps/taur/compare/3f45c23a75053cba7fc633a04f8b6fc0809299fa...c08cc6d50041ec887d3070c41bb2c793dbac5155
204,Tauri,7864d41de8650f20fa73cefbddd78381b9d8aa11,320329a9a7d8a249c0fc9dee6db5669057ca8b39,3883,https://github.com/tauri-apps/tauri/issues/3883,https://github.com/tauri-apps/taur/tree/7864d41de8650f20fa73cefbddd78381b9d8aa11,https://github.com/tauri-apps/taur/tree/320329a9a7d8a249c0fc9dee6db5669057ca8b39,https://github.com/tauri-apps/taur/compare/7864d41de8650f20fa73cefbddd78381b9d8aa11...320329a9a7d8a249c0fc9dee6db5669057ca8b39
205,Tauri,8e00f0904c9d7385a5fc79a32b3bb2397699c305,1397d9121aae8188bceceacae5565fbbeb67ddd9,2118,https://github.com/tauri-apps/tauri/issues/2118,https://github.com/tauri-apps/taur/tree/8e00f0904c9d7385a5fc79a32b3bb2397699c305,https://github.com/tauri-apps/taur/tree/1397d9121aae8188bceceacae5565fbbeb67ddd9,https://github.com/tauri-apps/taur/compare/8e00f0904c9d7385a5fc79a32b3bb2397699c305...1397d9121aae8188bceceacae5565fbbeb67ddd9
206,Tauri,0198c2ba4512f8dc995d62db26c08f318605416d,f66bc3c2b8360b8b685dcadeb373852abe43d9e5,3948,https://github.com/tauri-apps/tauri/issues/3948,https://github.com/tauri-apps/taur/tree/0198c2ba4512f8dc995d62db26c08f318605416d,https://github.com/tauri-apps/taur/tree/f66bc3c2b8360b8b685dcadeb373852abe43d9e5,https://github.com/tauri-apps/taur/compare/0198c2ba4512f8dc995d62db26c08f318605416d...f66bc3c2b8360b8b685dcadeb373852abe43d9e5
207,Tauri,094534d138a9286e4746b61adff2da616e3b6a61,4f0f3187c9e69262ef28350331b368c831ab930a,3985,https://github.com/tauri-apps/tauri/issues/3985,https://github.com/tauri-apps/taur/tree/094534d138a9286e4746b61adff2da616e3b6a61,https://github.com/tauri-apps/taur/tree/4f0f3187c9e69262ef28350331b368c831ab930a,https://github.com/tauri-apps/taur/compare/094534d138a9286e4746b61adff2da616e3b6a61...4f0f3187c9e69262ef28350331b368c831ab930a
208,Tauri,d96805a7ac9e8a0981573338caf7c08305e6b53b,320484866b83ecabb01eb58d158e0fedd9dd08be,3997,https://github.com/tauri-apps/tauri/issues/3997,https://github.com/tauri-apps/taur/tree/d96805a7ac9e8a0981573338caf7c08305e6b53b,https://github.com/tauri-apps/taur/tree/320484866b83ecabb01eb58d158e0fedd9dd08be,https://github.com/tauri-apps/taur/compare/d96805a7ac9e8a0981573338caf7c08305e6b53b...320484866b83ecabb01eb58d158e0fedd9dd08be
209,Tauri,485c97438ac956d86bcf3794ceaa626bef968a4e,80b714af6b31365b9026bc92f8631b1721950447,3914,https://github.com/tauri-apps/tauri/issues/3914,https://github.com/tauri-apps/taur/tree/485c97438ac956d86bcf3794ceaa626bef968a4e,https://github.com/tauri-apps/taur/tree/80b714af6b31365b9026bc92f8631b1721950447,https://github.com/tauri-apps/taur/compare/485c97438ac956d86bcf3794ceaa626bef968a4e...80b714af6b31365b9026bc92f8631b1721950447
210,Tauri,cf22f4ca5db7de3c940b0530e82c7faac32206ba,094534d138a9286e4746b61adff2da616e3b6a61,3995,https://github.com/tauri-apps/tauri/issues/3995,https://github.com/tauri-apps/taur/tree/cf22f4ca5db7de3c940b0530e82c7faac32206ba,https://github.com/tauri-apps/taur/tree/094534d138a9286e4746b61adff2da616e3b6a61,https://github.com/tauri-apps/taur/compare/cf22f4ca5db7de3c940b0530e82c7faac32206ba...094534d138a9286e4746b61adff2da616e3b6a61
211,Tauri,ad1786178ac662ae1ac346bbba8e5e7591ed79e8,f3c5ca89e79d429183c4e15a9e7cebada2b493a0,4004,https://github.com/tauri-apps/tauri/issues/4004,https://github.com/tauri-apps/taur/tree/ad1786178ac662ae1ac346bbba8e5e7591ed79e8,https://github.com/tauri-apps/taur/tree/f3c5ca89e79d429183c4e15a9e7cebada2b493a0,https://github.com/tauri-apps/taur/compare/ad1786178ac662ae1ac346bbba8e5e7591ed79e8...f3c5ca89e79d429183c4e15a9e7cebada2b493a0
212,Tauri,42a32ee9f349101826496681e74cd598916827eb,e251e1b0991d26ab10aea33cfb228f3e7f0f85b5,2794,https://github.com/tauri-apps/tauri/issues/2794,https://github.com/tauri-apps/taur/tree/42a32ee9f349101826496681e74cd598916827eb,https://github.com/tauri-apps/taur/tree/e251e1b0991d26ab10aea33cfb228f3e7f0f85b5,https://github.com/tauri-apps/taur/compare/42a32ee9f349101826496681e74cd598916827eb...e251e1b0991d26ab10aea33cfb228f3e7f0f85b5
213,Tauri,220e7460148df476171579878c3cfffcdb1423d8,ec79e075a9517d23b3540be35677809b8e2ed333,4036,https://github.com/tauri-apps/tauri/issues/4036,https://github.com/tauri-apps/taur/tree/220e7460148df476171579878c3cfffcdb1423d8,https://github.com/tauri-apps/taur/tree/ec79e075a9517d23b3540be35677809b8e2ed333,https://github.com/tauri-apps/taur/compare/220e7460148df476171579878c3cfffcdb1423d8...ec79e075a9517d23b3540be35677809b8e2ed333
214,Tauri,164078c0b719ccbc12e956fecf8a7d4a3c5044e1,891eb748cf590895dc3f1666f8dbd6082b21e04e,3875,https://github.com/tauri-apps/tauri/issues/3875,https://github.com/tauri-apps/taur/tree/164078c0b719ccbc12e956fecf8a7d4a3c5044e1,https://github.com/tauri-apps/taur/tree/891eb748cf590895dc3f1666f8dbd6082b21e04e,https://github.com/tauri-apps/taur/compare/164078c0b719ccbc12e956fecf8a7d4a3c5044e1...891eb748cf590895dc3f1666f8dbd6082b21e04e
215,Tauri,de444b15d222a65861b099a7536318bad000110e,8f259f4ef89be3da11b57222c8b66af9487ab736,3990,https://github.com/tauri-apps/tauri/issues/3990,https://github.com/tauri-apps/taur/tree/de444b15d222a65861b099a7536318bad000110e,https://github.com/tauri-apps/taur/tree/8f259f4ef89be3da11b57222c8b66af9487ab736,https://github.com/tauri-apps/taur/compare/de444b15d222a65861b099a7536318bad000110e...8f259f4ef89be3da11b57222c8b66af9487ab736
216,Tauri,d31167c520e4e5ea5c75518c180574f5fffc1a40,220e7460148df476171579878c3cfffcdb1423d8,4029,https://github.com/tauri-apps/tauri/issues/4029,https://github.com/tauri-apps/taur/tree/d31167c520e4e5ea5c75518c180574f5fffc1a40,https://github.com/tauri-apps/taur/tree/220e7460148df476171579878c3cfffcdb1423d8,https://github.com/tauri-apps/taur/compare/d31167c520e4e5ea5c75518c180574f5fffc1a40...220e7460148df476171579878c3cfffcdb1423d8
217,Tauri,a4fcaf1d04aafc3b4d42186f0fb386797d959a9d,d4b49d75a6d477933efee0a8fde2d831614c2d68,4064,https://github.com/tauri-apps/tauri/issues/4064,https://github.com/tauri-apps/taur/tree/a4fcaf1d04aafc3b4d42186f0fb386797d959a9d,https://github.com/tauri-apps/taur/tree/d4b49d75a6d477933efee0a8fde2d831614c2d68,https://github.com/tauri-apps/taur/compare/a4fcaf1d04aafc3b4d42186f0fb386797d959a9d...d4b49d75a6d477933efee0a8fde2d831614c2d68
218,Tauri,8f259f4ef89be3da11b57222c8b66af9487ab736,022eed46675976e8dfe5f352a875754b4bd78131,4015,https://github.com/tauri-apps/tauri/issues/4015,https://github.com/tauri-apps/taur/tree/8f259f4ef89be3da11b57222c8b66af9487ab736,https://github.com/tauri-apps/taur/tree/022eed46675976e8dfe5f352a875754b4bd78131,https://github.com/tauri-apps/taur/compare/8f259f4ef89be3da11b57222c8b66af9487ab736...022eed46675976e8dfe5f352a875754b4bd78131
219,Tauri,35f2147161e6697cbd2824681eeaf870b5a991c2,a1929c6dacccd00af4cdbcc4d29cfb98d8428f55,4067,https://github.com/tauri-apps/tauri/issues/4067,https://github.com/tauri-apps/taur/tree/35f2147161e6697cbd2824681eeaf870b5a991c2,https://github.com/tauri-apps/taur/tree/a1929c6dacccd00af4cdbcc4d29cfb98d8428f55,https://github.com/tauri-apps/taur/compare/35f2147161e6697cbd2824681eeaf870b5a991c2...a1929c6dacccd00af4cdbcc4d29cfb98d8428f55
220,Tauri,c82b4761e1660592472dc55308ad69d9efc5855b,a4fcaf1d04aafc3b4d42186f0fb386797d959a9d,4008,https://github.com/tauri-apps/tauri/issues/4008,https://github.com/tauri-apps/taur/tree/c82b4761e1660592472dc55308ad69d9efc5855b,https://github.com/tauri-apps/taur/tree/a4fcaf1d04aafc3b4d42186f0fb386797d959a9d,https://github.com/tauri-apps/taur/compare/c82b4761e1660592472dc55308ad69d9efc5855b...a4fcaf1d04aafc3b4d42186f0fb386797d959a9d
221,Tauri,95726ebb6180d371be44bff9f16ca1eee049006a,72e577dcc6a6733182059ab51b28a03c6077edc1,3868,https://github.com/tauri-apps/tauri/issues/3868,https://github.com/tauri-apps/taur/tree/95726ebb6180d371be44bff9f16ca1eee049006a,https://github.com/tauri-apps/taur/tree/72e577dcc6a6733182059ab51b28a03c6077edc1,https://github.com/tauri-apps/taur/compare/95726ebb6180d371be44bff9f16ca1eee049006a...72e577dcc6a6733182059ab51b28a03c6077edc1
222,Tauri,5aff1435e173355c8f57ad53e9514b6c07eb6718,45c45253866ce0de317a6a547af3ea0434d4bcac,4098,https://github.com/tauri-apps/tauri/issues/4098,https://github.com/tauri-apps/taur/tree/5aff1435e173355c8f57ad53e9514b6c07eb6718,https://github.com/tauri-apps/taur/tree/45c45253866ce0de317a6a547af3ea0434d4bcac,https://github.com/tauri-apps/taur/compare/5aff1435e173355c8f57ad53e9514b6c07eb6718...45c45253866ce0de317a6a547af3ea0434d4bcac
223,Tauri,b9d96096b28da3caa693e6e9e097703e4d3aeec3,61e37652b931520424d6a93a134e67893703d992,4121,https://github.com/tauri-apps/tauri/issues/4121,https://github.com/tauri-apps/taur/tree/b9d96096b28da3caa693e6e9e097703e4d3aeec3,https://github.com/tauri-apps/taur/tree/61e37652b931520424d6a93a134e67893703d992,https://github.com/tauri-apps/taur/compare/b9d96096b28da3caa693e6e9e097703e4d3aeec3...61e37652b931520424d6a93a134e67893703d992
224,Tauri,e43ef69992fa62502d91d9937c7ef6d97c44e130,3e702cf8b15762cdca43c8d7ff6f6e8ee9670244,4126,https://github.com/tauri-apps/tauri/issues/4126,https://github.com/tauri-apps/taur/tree/e43ef69992fa62502d91d9937c7ef6d97c44e130,https://github.com/tauri-apps/taur/tree/3e702cf8b15762cdca43c8d7ff6f6e8ee9670244,https://github.com/tauri-apps/taur/compare/e43ef69992fa62502d91d9937c7ef6d97c44e130...3e702cf8b15762cdca43c8d7ff6f6e8ee9670244
225,Tauri,3e702cf8b15762cdca43c8d7ff6f6e8ee9670244,25aa4347b3a85c66d445e09f864b7fe6c140a0f9,4131,https://github.com/tauri-apps/tauri/issues/4131,https://github.com/tauri-apps/taur/tree/3e702cf8b15762cdca43c8d7ff6f6e8ee9670244,https://github.com/tauri-apps/taur/tree/25aa4347b3a85c66d445e09f864b7fe6c140a0f9,https://github.com/tauri-apps/taur/compare/3e702cf8b15762cdca43c8d7ff6f6e8ee9670244...25aa4347b3a85c66d445e09f864b7fe6c140a0f9
226,Tauri,25aa4347b3a85c66d445e09f864b7fe6c140a0f9,8e1daad1537e93c6a969c03328b8502b92bf5b89,3945,https://github.com/tauri-apps/tauri/issues/3945,https://github.com/tauri-apps/taur/tree/25aa4347b3a85c66d445e09f864b7fe6c140a0f9,https://github.com/tauri-apps/taur/tree/8e1daad1537e93c6a969c03328b8502b92bf5b89,https://github.com/tauri-apps/taur/compare/25aa4347b3a85c66d445e09f864b7fe6c140a0f9...8e1daad1537e93c6a969c03328b8502b92bf5b89
227,Tauri,b7281317bad6236baf365f980306785a8adcb1fd,a737f25c1078083e0b0f7f338f5c958b86914323,4134,https://github.com/tauri-apps/tauri/issues/4134,https://github.com/tauri-apps/taur/tree/b7281317bad6236baf365f980306785a8adcb1fd,https://github.com/tauri-apps/taur/tree/a737f25c1078083e0b0f7f338f5c958b86914323,https://github.com/tauri-apps/taur/compare/b7281317bad6236baf365f980306785a8adcb1fd...a737f25c1078083e0b0f7f338f5c958b86914323
228,Tauri,4ac7bb12e54d990f565f415e277353d5ab364213,52d177543ab5d0b316628ef30c2a32f303bc451d,4170,https://github.com/tauri-apps/tauri/issues/4170,https://github.com/tauri-apps/taur/tree/4ac7bb12e54d990f565f415e277353d5ab364213,https://github.com/tauri-apps/taur/tree/52d177543ab5d0b316628ef30c2a32f303bc451d,https://github.com/tauri-apps/taur/compare/4ac7bb12e54d990f565f415e277353d5ab364213...52d177543ab5d0b316628ef30c2a32f303bc451d
229,Tauri,ae99f991674d77c322a2240d10ed4b78ed2f4d4b,d99c5d583bdb1429966283cc5cd4a977cf0770b2,4050,https://github.com/tauri-apps/tauri/issues/4050,https://github.com/tauri-apps/taur/tree/ae99f991674d77c322a2240d10ed4b78ed2f4d4b,https://github.com/tauri-apps/taur/tree/d99c5d583bdb1429966283cc5cd4a977cf0770b2,https://github.com/tauri-apps/taur/compare/ae99f991674d77c322a2240d10ed4b78ed2f4d4b...d99c5d583bdb1429966283cc5cd4a977cf0770b2
230,Tauri,f46175d5d46fa3eae66ad2415a0eb1efb7d31da2,8539e02f7fd56cc47b25ed45c8403d66abe262ac,4182,https://github.com/tauri-apps/tauri/issues/4182,https://github.com/tauri-apps/taur/tree/f46175d5d46fa3eae66ad2415a0eb1efb7d31da2,https://github.com/tauri-apps/taur/tree/8539e02f7fd56cc47b25ed45c8403d66abe262ac,https://github.com/tauri-apps/taur/compare/f46175d5d46fa3eae66ad2415a0eb1efb7d31da2...8539e02f7fd56cc47b25ed45c8403d66abe262ac
231,Tauri,715cbde3842a916c4ebeab2cab348e1774b5c192,a0ecd81a934e1aa8935151a74cad686786054204,4034,https://github.com/tauri-apps/tauri/issues/4034,https://github.com/tauri-apps/taur/tree/715cbde3842a916c4ebeab2cab348e1774b5c192,https://github.com/tauri-apps/taur/tree/a0ecd81a934e1aa8935151a74cad686786054204,https://github.com/tauri-apps/taur/compare/715cbde3842a916c4ebeab2cab348e1774b5c192...a0ecd81a934e1aa8935151a74cad686786054204
232,Tauri,2b6c24dff9a23da9de94882d98adade451cbe915,787ea09adc40644b89926e2b629261065141d16c,4087,https://github.com/tauri-apps/tauri/issues/4087,https://github.com/tauri-apps/taur/tree/2b6c24dff9a23da9de94882d98adade451cbe915,https://github.com/tauri-apps/taur/tree/787ea09adc40644b89926e2b629261065141d16c,https://github.com/tauri-apps/taur/compare/2b6c24dff9a23da9de94882d98adade451cbe915...787ea09adc40644b89926e2b629261065141d16c
233,Tauri,cdfa62551115586725bd3e4c04f12c5256f20790,43daeafd73680809d371657dbfde800c5fe1776b,4132,https://github.com/tauri-apps/tauri/issues/4132,https://github.com/tauri-apps/taur/tree/cdfa62551115586725bd3e4c04f12c5256f20790,https://github.com/tauri-apps/taur/tree/43daeafd73680809d371657dbfde800c5fe1776b,https://github.com/tauri-apps/taur/compare/cdfa62551115586725bd3e4c04f12c5256f20790...43daeafd73680809d371657dbfde800c5fe1776b
234,Tauri,55892c35f5c60836a8b7244e1660a83a01a4bc37,cdfa62551115586725bd3e4c04f12c5256f20790,4106,https://github.com/tauri-apps/tauri/issues/4106,https://github.com/tauri-apps/taur/tree/55892c35f5c60836a8b7244e1660a83a01a4bc37,https://github.com/tauri-apps/taur/tree/cdfa62551115586725bd3e4c04f12c5256f20790,https://github.com/tauri-apps/taur/compare/55892c35f5c60836a8b7244e1660a83a01a4bc37...cdfa62551115586725bd3e4c04f12c5256f20790
235,Tauri,9845a5c0c19800210b1e7164fa035c78a2578c1d,53ae13d99a06b786fb4fbeb1a10e934f7be3008c,4260,https://github.com/tauri-apps/tauri/issues/4260,https://github.com/tauri-apps/taur/tree/9845a5c0c19800210b1e7164fa035c78a2578c1d,https://github.com/tauri-apps/taur/tree/53ae13d99a06b786fb4fbeb1a10e934f7be3008c,https://github.com/tauri-apps/taur/compare/9845a5c0c19800210b1e7164fa035c78a2578c1d...53ae13d99a06b786fb4fbeb1a10e934f7be3008c
236,Tauri,2c1353f6096240a483900e3f350f9b7741bd8e93,a6f45d5248ec0f4d3876afd8f106998306ea931e,4280,https://github.com/tauri-apps/tauri/issues/4280,https://github.com/tauri-apps/taur/tree/2c1353f6096240a483900e3f350f9b7741bd8e93,https://github.com/tauri-apps/taur/tree/a6f45d5248ec0f4d3876afd8f106998306ea931e,https://github.com/tauri-apps/taur/compare/2c1353f6096240a483900e3f350f9b7741bd8e93...a6f45d5248ec0f4d3876afd8f106998306ea931e
237,Tauri,c2b7c7751764d0963362a4b271cd921d6424e5e9,8ce5b7626478db5c4767e894d005fafb79aa5a7f,4312,https://github.com/tauri-apps/tauri/issues/4312,https://github.com/tauri-apps/taur/tree/c2b7c7751764d0963362a4b271cd921d6424e5e9,https://github.com/tauri-apps/taur/tree/8ce5b7626478db5c4767e894d005fafb79aa5a7f,https://github.com/tauri-apps/taur/compare/c2b7c7751764d0963362a4b271cd921d6424e5e9...8ce5b7626478db5c4767e894d005fafb79aa5a7f
238,Tauri,569fbd8b401bb6c299b37c34cd6174acc9a9ef09,bd8f3e298a0cb71809f2e93cc3ebc8e6e5b6a626,3527,https://github.com/tauri-apps/tauri/issues/3527,https://github.com/tauri-apps/taur/tree/569fbd8b401bb6c299b37c34cd6174acc9a9ef09,https://github.com/tauri-apps/taur/tree/bd8f3e298a0cb71809f2e93cc3ebc8e6e5b6a626,https://github.com/tauri-apps/taur/compare/569fbd8b401bb6c299b37c34cd6174acc9a9ef09...bd8f3e298a0cb71809f2e93cc3ebc8e6e5b6a626
239,Tauri,f6205afc0d0e419ecb56b9b6b04bd0a0cc9f62ca,d335fae92cdcbb0ee18aad4e54558914afa3e778,4092,https://github.com/tauri-apps/tauri/issues/4092,https://github.com/tauri-apps/taur/tree/f6205afc0d0e419ecb56b9b6b04bd0a0cc9f62ca,https://github.com/tauri-apps/taur/tree/d335fae92cdcbb0ee18aad4e54558914afa3e778,https://github.com/tauri-apps/taur/compare/f6205afc0d0e419ecb56b9b6b04bd0a0cc9f62ca...d335fae92cdcbb0ee18aad4e54558914afa3e778
240,Tauri,76d1eaaebda5c8f6b0d41bf6587945e98cd441f3,58a6879b82e3a82027604cdd0913caacaaab5c76,4319,https://github.com/tauri-apps/tauri/issues/4319,https://github.com/tauri-apps/taur/tree/76d1eaaebda5c8f6b0d41bf6587945e98cd441f3,https://github.com/tauri-apps/taur/tree/58a6879b82e3a82027604cdd0913caacaaab5c76,https://github.com/tauri-apps/taur/compare/76d1eaaebda5c8f6b0d41bf6587945e98cd441f3...58a6879b82e3a82027604cdd0913caacaaab5c76
241,Tauri,8ce5b7626478db5c4767e894d005fafb79aa5a7f,f6205afc0d0e419ecb56b9b6b04bd0a0cc9f62ca,4312,https://github.com/tauri-apps/tauri/issues/4312,https://github.com/tauri-apps/taur/tree/8ce5b7626478db5c4767e894d005fafb79aa5a7f,https://github.com/tauri-apps/taur/tree/f6205afc0d0e419ecb56b9b6b04bd0a0cc9f62ca,https://github.com/tauri-apps/taur/compare/8ce5b7626478db5c4767e894d005fafb79aa5a7f...f6205afc0d0e419ecb56b9b6b04bd0a0cc9f62ca
242,Tauri,2c040eaaddca90adc008417dcfda24958d9ba221,f685df399a5a05480b6e4f5d92da71f3b87895ef,4231,https://github.com/tauri-apps/tauri/issues/4231,https://github.com/tauri-apps/taur/tree/2c040eaaddca90adc008417dcfda24958d9ba221,https://github.com/tauri-apps/taur/tree/f685df399a5a05480b6e4f5d92da71f3b87895ef,https://github.com/tauri-apps/taur/compare/2c040eaaddca90adc008417dcfda24958d9ba221...f685df399a5a05480b6e4f5d92da71f3b87895ef
243,Tauri,69ae6f14943f94285f4279c3a92f9003f74aacff,a0e20621f5369682700daa234ec1f4df0c3c4d28,4059,https://github.com/tauri-apps/tauri/issues/4059,https://github.com/tauri-apps/taur/tree/69ae6f14943f94285f4279c3a92f9003f74aacff,https://github.com/tauri-apps/taur/tree/a0e20621f5369682700daa234ec1f4df0c3c4d28,https://github.com/tauri-apps/taur/compare/69ae6f14943f94285f4279c3a92f9003f74aacff...a0e20621f5369682700daa234ec1f4df0c3c4d28
244,Tauri,356b3e1c467d5120f7600717dfff08d8dbedcc04,4ac7bb12e54d990f565f415e277353d5ab364213,4161,https://github.com/tauri-apps/tauri/issues/4161,https://github.com/tauri-apps/taur/tree/356b3e1c467d5120f7600717dfff08d8dbedcc04,https://github.com/tauri-apps/taur/tree/4ac7bb12e54d990f565f415e277353d5ab364213,https://github.com/tauri-apps/taur/compare/356b3e1c467d5120f7600717dfff08d8dbedcc04...4ac7bb12e54d990f565f415e277353d5ab364213
245,Tauri,010530459ef62c48eed68ca965f2688accabcf69,123f6e69f60ca6d4b2fd738ca3ff5cf016d8e814,4390,https://github.com/tauri-apps/tauri/issues/4390,https://github.com/tauri-apps/taur/tree/010530459ef62c48eed68ca965f2688accabcf69,https://github.com/tauri-apps/taur/tree/123f6e69f60ca6d4b2fd738ca3ff5cf016d8e814,https://github.com/tauri-apps/taur/compare/010530459ef62c48eed68ca965f2688accabcf69...123f6e69f60ca6d4b2fd738ca3ff5cf016d8e814
246,Tauri,8457cccab09818aafa7a631d2d1b5388a5c033de,0674a80129d7c31bc93257849afc0a5069129fed,4359,https://github.com/tauri-apps/tauri/issues/4359,https://github.com/tauri-apps/taur/tree/8457cccab09818aafa7a631d2d1b5388a5c033de,https://github.com/tauri-apps/taur/tree/0674a80129d7c31bc93257849afc0a5069129fed,https://github.com/tauri-apps/taur/compare/8457cccab09818aafa7a631d2d1b5388a5c033de...0674a80129d7c31bc93257849afc0a5069129fed
247,Tauri,d335fae92cdcbb0ee18aad4e54558914afa3e778,8a63489567b9fa86e404ad42b5b30c64361efe85,4308,https://github.com/tauri-apps/tauri/issues/4308,https://github.com/tauri-apps/taur/tree/d335fae92cdcbb0ee18aad4e54558914afa3e778,https://github.com/tauri-apps/taur/tree/8a63489567b9fa86e404ad42b5b30c64361efe85,https://github.com/tauri-apps/taur/compare/d335fae92cdcbb0ee18aad4e54558914afa3e778...8a63489567b9fa86e404ad42b5b30c64361efe85
248,Tauri,0c4564139858ce4ae1455555da28254061ff952a,2ced6902071996980407157b0812266cb272e6a6,4203,https://github.com/tauri-apps/tauri/issues/4203,https://github.com/tauri-apps/taur/tree/0c4564139858ce4ae1455555da28254061ff952a,https://github.com/tauri-apps/taur/tree/2ced6902071996980407157b0812266cb272e6a6,https://github.com/tauri-apps/taur/compare/0c4564139858ce4ae1455555da28254061ff952a...2ced6902071996980407157b0812266cb272e6a6
249,Tauri,35dd51db6826ec1eed7b90082b9eb6b2a699b627,12f65219ea75a51ebd38659ddce1563e015a036c,4232,https://github.com/tauri-apps/tauri/issues/4232,https://github.com/tauri-apps/taur/tree/35dd51db6826ec1eed7b90082b9eb6b2a699b627,https://github.com/tauri-apps/taur/tree/12f65219ea75a51ebd38659ddce1563e015a036c,https://github.com/tauri-apps/taur/compare/35dd51db6826ec1eed7b90082b9eb6b2a699b627...12f65219ea75a51ebd38659ddce1563e015a036c
250,Tauri,38f5db6e6a8b496b50d486db6fd8204266de3a69,e0e5f772430f6349ec99ba891e601331e376e3c7,4428,https://github.com/tauri-apps/tauri/issues/4428,https://github.com/tauri-apps/taur/tree/38f5db6e6a8b496b50d486db6fd8204266de3a69,https://github.com/tauri-apps/taur/tree/e0e5f772430f6349ec99ba891e601331e376e3c7,https://github.com/tauri-apps/taur/compare/38f5db6e6a8b496b50d486db6fd8204266de3a69...e0e5f772430f6349ec99ba891e601331e376e3c7
251,Tauri,be4bb391a9bcd76dd949c001b1ace11684a8c6dc,08a73acde877453ca5b45ea7548cdd3d407366a2,4437,https://github.com/tauri-apps/tauri/issues/4437,https://github.com/tauri-apps/taur/tree/be4bb391a9bcd76dd949c001b1ace11684a8c6dc,https://github.com/tauri-apps/taur/tree/08a73acde877453ca5b45ea7548cdd3d407366a2,https://github.com/tauri-apps/taur/compare/be4bb391a9bcd76dd949c001b1ace11684a8c6dc...08a73acde877453ca5b45ea7548cdd3d407366a2
252,Tauri,31c15cd2bd94dbe39fb94982a15cbe02ac5d8925,35dd51db6826ec1eed7b90082b9eb6b2a699b627,4262,https://github.com/tauri-apps/tauri/issues/4262,https://github.com/tauri-apps/taur/tree/31c15cd2bd94dbe39fb94982a15cbe02ac5d8925,https://github.com/tauri-apps/taur/tree/35dd51db6826ec1eed7b90082b9eb6b2a699b627,https://github.com/tauri-apps/taur/compare/31c15cd2bd94dbe39fb94982a15cbe02ac5d8925...35dd51db6826ec1eed7b90082b9eb6b2a699b627
253,Tauri,3efbc67f7469ce65a2d9ea4ff2b60b51d2a36aa5,2ca762d207030a892a6d128b519e150e2d733468,2882,https://github.com/tauri-apps/tauri/issues/2882,https://github.com/tauri-apps/taur/tree/3efbc67f7469ce65a2d9ea4ff2b60b51d2a36aa5,https://github.com/tauri-apps/taur/tree/2ca762d207030a892a6d128b519e150e2d733468,https://github.com/tauri-apps/taur/compare/3efbc67f7469ce65a2d9ea4ff2b60b51d2a36aa5...2ca762d207030a892a6d128b519e150e2d733468
254,Tauri,f1d998243a1c657ca4ac50a775ac5507b39bcec5,079b1cc06e1e5437686bac9049d5ac569c3f42df,4414,https://github.com/tauri-apps/tauri/issues/4414,https://github.com/tauri-apps/taur/tree/f1d998243a1c657ca4ac50a775ac5507b39bcec5,https://github.com/tauri-apps/taur/tree/079b1cc06e1e5437686bac9049d5ac569c3f42df,https://github.com/tauri-apps/taur/compare/f1d998243a1c657ca4ac50a775ac5507b39bcec5...079b1cc06e1e5437686bac9049d5ac569c3f42df
255,Tauri,384dc8c9cf28c105b8f6e6d33fb47b781be047a3,31c15cd2bd94dbe39fb94982a15cbe02ac5d8925,3251,https://github.com/tauri-apps/tauri/issues/3251,https://github.com/tauri-apps/taur/tree/384dc8c9cf28c105b8f6e6d33fb47b781be047a3,https://github.com/tauri-apps/taur/tree/31c15cd2bd94dbe39fb94982a15cbe02ac5d8925,https://github.com/tauri-apps/taur/compare/384dc8c9cf28c105b8f6e6d33fb47b781be047a3...31c15cd2bd94dbe39fb94982a15cbe02ac5d8925
256,Tauri,b857a00679e9267f1cd2b80a6fb7e5d292c53261,643ae846d86108b00cec748cd02a307b5badba18,4493,https://github.com/tauri-apps/tauri/issues/4493,https://github.com/tauri-apps/taur/tree/b857a00679e9267f1cd2b80a6fb7e5d292c53261,https://github.com/tauri-apps/taur/tree/643ae846d86108b00cec748cd02a307b5badba18,https://github.com/tauri-apps/taur/compare/b857a00679e9267f1cd2b80a6fb7e5d292c53261...643ae846d86108b00cec748cd02a307b5badba18
257,Tauri,f6edc6df29b1c45b483fa87c481a3b95730b131b,fd125f76d768099dc3d4b2d4114349ffc31ffac9,4500,https://github.com/tauri-apps/tauri/issues/4500,https://github.com/tauri-apps/taur/tree/f6edc6df29b1c45b483fa87c481a3b95730b131b,https://github.com/tauri-apps/taur/tree/fd125f76d768099dc3d4b2d4114349ffc31ffac9,https://github.com/tauri-apps/taur/compare/f6edc6df29b1c45b483fa87c481a3b95730b131b...fd125f76d768099dc3d4b2d4114349ffc31ffac9
258,Tauri,57039fb2166571de85271b014a8711a29f06be1a,f6edc6df29b1c45b483fa87c481a3b95730b131b,3220,https://github.com/tauri-apps/tauri/issues/3220,https://github.com/tauri-apps/taur/tree/57039fb2166571de85271b014a8711a29f06be1a,https://github.com/tauri-apps/taur/tree/f6edc6df29b1c45b483fa87c481a3b95730b131b,https://github.com/tauri-apps/taur/compare/57039fb2166571de85271b014a8711a29f06be1a...f6edc6df29b1c45b483fa87c481a3b95730b131b
259,Tauri,185b0e314ece9563cd7c83a16466b2b8b9167eb3,63841c10609c3d7337ba6cd68ae126b18987014d,4532,https://github.com/tauri-apps/tauri/issues/4532,https://github.com/tauri-apps/taur/tree/185b0e314ece9563cd7c83a16466b2b8b9167eb3,https://github.com/tauri-apps/taur/tree/63841c10609c3d7337ba6cd68ae126b18987014d,https://github.com/tauri-apps/taur/compare/185b0e314ece9563cd7c83a16466b2b8b9167eb3...63841c10609c3d7337ba6cd68ae126b18987014d
260,Tauri,35b53784ee392dfca1b4e1633397ba8064139028,d4cdf80781a7955ac620fe6d394e82d067178c4d,4550,https://github.com/tauri-apps/tauri/issues/4550,https://github.com/tauri-apps/taur/tree/35b53784ee392dfca1b4e1633397ba8064139028,https://github.com/tauri-apps/taur/tree/d4cdf80781a7955ac620fe6d394e82d067178c4d,https://github.com/tauri-apps/taur/compare/35b53784ee392dfca1b4e1633397ba8064139028...d4cdf80781a7955ac620fe6d394e82d067178c4d
261,Tauri,dbb8c87b96dec9942b1bf877b29bafb8246514d4,0fa745344e0667434ebf3011a8b9fd776dfc5f59,4220,https://github.com/tauri-apps/tauri/issues/4220,https://github.com/tauri-apps/taur/tree/dbb8c87b96dec9942b1bf877b29bafb8246514d4,https://github.com/tauri-apps/taur/tree/0fa745344e0667434ebf3011a8b9fd776dfc5f59,https://github.com/tauri-apps/taur/compare/dbb8c87b96dec9942b1bf877b29bafb8246514d4...0fa745344e0667434ebf3011a8b9fd776dfc5f59
262,Tauri,0fa745344e0667434ebf3011a8b9fd776dfc5f59,9105588373cc8401bd9ad79bdef26f509b2d76b7,4551,https://github.com/tauri-apps/tauri/issues/4551,https://github.com/tauri-apps/taur/tree/0fa745344e0667434ebf3011a8b9fd776dfc5f59,https://github.com/tauri-apps/taur/tree/9105588373cc8401bd9ad79bdef26f509b2d76b7,https://github.com/tauri-apps/taur/compare/0fa745344e0667434ebf3011a8b9fd776dfc5f59...9105588373cc8401bd9ad79bdef26f509b2d76b7
263,Tauri,8e808fece95f2e506acf2c446d37b9913fd67d50,185b0e314ece9563cd7c83a16466b2b8b9167eb3,4533,https://github.com/tauri-apps/tauri/issues/4533,https://github.com/tauri-apps/taur/tree/8e808fece95f2e506acf2c446d37b9913fd67d50,https://github.com/tauri-apps/taur/tree/185b0e314ece9563cd7c83a16466b2b8b9167eb3,https://github.com/tauri-apps/taur/compare/8e808fece95f2e506acf2c446d37b9913fd67d50...185b0e314ece9563cd7c83a16466b2b8b9167eb3
264,Tauri,23a48007c0df7346fa45c76dfaf9235a157f59ec,2e74d20e834c0cb8c19fed25f8e7968f758ca8b1,4449,https://github.com/tauri-apps/tauri/issues/4449,https://github.com/tauri-apps/taur/tree/23a48007c0df7346fa45c76dfaf9235a157f59ec,https://github.com/tauri-apps/taur/tree/2e74d20e834c0cb8c19fed25f8e7968f758ca8b1,https://github.com/tauri-apps/taur/compare/23a48007c0df7346fa45c76dfaf9235a157f59ec...2e74d20e834c0cb8c19fed25f8e7968f758ca8b1
265,Tauri,c02337be29d2daac725abaf89d819fddb49ab39f,a1d569bbc9cfdd58258916df594911e1c512a75e,4580,https://github.com/tauri-apps/tauri/issues/4580,https://github.com/tauri-apps/taur/tree/c02337be29d2daac725abaf89d819fddb49ab39f,https://github.com/tauri-apps/taur/tree/a1d569bbc9cfdd58258916df594911e1c512a75e,https://github.com/tauri-apps/taur/compare/c02337be29d2daac725abaf89d819fddb49ab39f...a1d569bbc9cfdd58258916df594911e1c512a75e
266,Tauri,a1d569bbc9cfdd58258916df594911e1c512a75e,b8cd2a7993cd2aa5b71b30c545b3307245d254bf,4583,https://github.com/tauri-apps/tauri/issues/4583,https://github.com/tauri-apps/taur/tree/a1d569bbc9cfdd58258916df594911e1c512a75e,https://github.com/tauri-apps/taur/tree/b8cd2a7993cd2aa5b71b30c545b3307245d254bf,https://github.com/tauri-apps/taur/compare/a1d569bbc9cfdd58258916df594911e1c512a75e...b8cd2a7993cd2aa5b71b30c545b3307245d254bf
267,Tauri,b8cd2a7993cd2aa5b71b30c545b3307245d254bf,f7c59ecfc85a90a0ff5c22da1a8b0e93d3663c86,4549,https://github.com/tauri-apps/tauri/issues/4549,https://github.com/tauri-apps/taur/tree/b8cd2a7993cd2aa5b71b30c545b3307245d254bf,https://github.com/tauri-apps/taur/tree/f7c59ecfc85a90a0ff5c22da1a8b0e93d3663c86,https://github.com/tauri-apps/taur/compare/b8cd2a7993cd2aa5b71b30c545b3307245d254bf...f7c59ecfc85a90a0ff5c22da1a8b0e93d3663c86
268,Tauri,34879f73446e218fd08d0d079c086fa556a08b4e,23d3d847d1b2d0c394d729a84fbeae2936111116,4549,https://github.com/tauri-apps/tauri/issues/4549,https://github.com/tauri-apps/taur/tree/34879f73446e218fd08d0d079c086fa556a08b4e,https://github.com/tauri-apps/taur/tree/23d3d847d1b2d0c394d729a84fbeae2936111116,https://github.com/tauri-apps/taur/compare/34879f73446e218fd08d0d079c086fa556a08b4e...23d3d847d1b2d0c394d729a84fbeae2936111116
269,Tauri,23d3d847d1b2d0c394d729a84fbeae2936111116,7e3ac8475cfa146f80e13cd4e3cdf82502018d9a,4548,https://github.com/tauri-apps/tauri/issues/4548,https://github.com/tauri-apps/taur/tree/23d3d847d1b2d0c394d729a84fbeae2936111116,https://github.com/tauri-apps/taur/tree/7e3ac8475cfa146f80e13cd4e3cdf82502018d9a,https://github.com/tauri-apps/taur/compare/23d3d847d1b2d0c394d729a84fbeae2936111116...7e3ac8475cfa146f80e13cd4e3cdf82502018d9a
270,Tauri,92aca55a6f1f899d5c0c3a6aae9ac9cb0a7e9a86,8e3e7fc64641afc7a6833bc93205e6f525562545,4589,https://github.com/tauri-apps/tauri/issues/4589,https://github.com/tauri-apps/taur/tree/92aca55a6f1f899d5c0c3a6aae9ac9cb0a7e9a86,https://github.com/tauri-apps/taur/tree/8e3e7fc64641afc7a6833bc93205e6f525562545,https://github.com/tauri-apps/taur/compare/92aca55a6f1f899d5c0c3a6aae9ac9cb0a7e9a86...8e3e7fc64641afc7a6833bc93205e6f525562545
271,Tauri,47666c4a0b4ec6f0a79a7fdb4735e3314a0a60fd,d3e19e3420a023cddc46173a2d1f1e6c5a390a1b,4639,https://github.com/tauri-apps/tauri/issues/4639,https://github.com/tauri-apps/taur/tree/47666c4a0b4ec6f0a79a7fdb4735e3314a0a60fd,https://github.com/tauri-apps/taur/tree/d3e19e3420a023cddc46173a2d1f1e6c5a390a1b,https://github.com/tauri-apps/taur/compare/47666c4a0b4ec6f0a79a7fdb4735e3314a0a60fd...d3e19e3420a023cddc46173a2d1f1e6c5a390a1b
272,Tauri,7bbf167c1c84493ea6e2353f720edafd7daa47e4,95abf48e21a4c6011918be72678239c67573c223,4612,https://github.com/tauri-apps/tauri/issues/4612,https://github.com/tauri-apps/taur/tree/7bbf167c1c84493ea6e2353f720edafd7daa47e4,https://github.com/tauri-apps/taur/tree/95abf48e21a4c6011918be72678239c67573c223,https://github.com/tauri-apps/taur/compare/7bbf167c1c84493ea6e2353f720edafd7daa47e4...95abf48e21a4c6011918be72678239c67573c223
273,Tauri,679abc6a9a662a10a1c8f358364fdcb9d288f020,accbc5e8806a32efc555d019634fc2fa14d17f0a,4723,https://github.com/tauri-apps/tauri/issues/4723,https://github.com/tauri-apps/taur/tree/679abc6a9a662a10a1c8f358364fdcb9d288f020,https://github.com/tauri-apps/taur/tree/accbc5e8806a32efc555d019634fc2fa14d17f0a,https://github.com/tauri-apps/taur/compare/679abc6a9a662a10a1c8f358364fdcb9d288f020...accbc5e8806a32efc555d019634fc2fa14d17f0a
274,Tauri,bc370e326810446e15b1f50fb962b980114ba16b,d5e6f7fa5cfdc37e38abc0ee7fb0e038f8cff0ec,4621,https://github.com/tauri-apps/tauri/issues/4621,https://github.com/tauri-apps/taur/tree/bc370e326810446e15b1f50fb962b980114ba16b,https://github.com/tauri-apps/taur/tree/d5e6f7fa5cfdc37e38abc0ee7fb0e038f8cff0ec,https://github.com/tauri-apps/taur/compare/bc370e326810446e15b1f50fb962b980114ba16b...d5e6f7fa5cfdc37e38abc0ee7fb0e038f8cff0ec
275,Tauri,c635a0dad437860d54109adffaf245b7c21bc684,ac72800fb630738e2502569935ecdc83e3e78055,4654,https://github.com/tauri-apps/tauri/issues/4654,https://github.com/tauri-apps/taur/tree/c635a0dad437860d54109adffaf245b7c21bc684,https://github.com/tauri-apps/taur/tree/ac72800fb630738e2502569935ecdc83e3e78055,https://github.com/tauri-apps/taur/compare/c635a0dad437860d54109adffaf245b7c21bc684...ac72800fb630738e2502569935ecdc83e3e78055
276,Tauri,433dafa01abb7edcb4b352c92d2949481108e455,d8cf9f9fcd617ac24fa418952fd4a32c08804f5c,4644,https://github.com/tauri-apps/tauri/issues/4644,https://github.com/tauri-apps/taur/tree/433dafa01abb7edcb4b352c92d2949481108e455,https://github.com/tauri-apps/taur/tree/d8cf9f9fcd617ac24fa418952fd4a32c08804f5c,https://github.com/tauri-apps/taur/compare/433dafa01abb7edcb4b352c92d2949481108e455...d8cf9f9fcd617ac24fa418952fd4a32c08804f5c
277,Tauri,d576e8ae72b025ca41f96ddf7a885b84f950a4b1,5cc1fd0f7b01b257a461d4e867ddc8cd5072ff15,4780,https://github.com/tauri-apps/tauri/issues/4780,https://github.com/tauri-apps/taur/tree/d576e8ae72b025ca41f96ddf7a885b84f950a4b1,https://github.com/tauri-apps/taur/tree/5cc1fd0f7b01b257a461d4e867ddc8cd5072ff15,https://github.com/tauri-apps/taur/compare/d576e8ae72b025ca41f96ddf7a885b84f950a4b1...5cc1fd0f7b01b257a461d4e867ddc8cd5072ff15
278,Tauri,6d4945c9f06cd1f7018e1c48686ba682aae817df,6218c31e175d43b59b87bd5b36ee773467566f67,4760,https://github.com/tauri-apps/tauri/issues/4760,https://github.com/tauri-apps/taur/tree/6d4945c9f06cd1f7018e1c48686ba682aae817df,https://github.com/tauri-apps/taur/tree/6218c31e175d43b59b87bd5b36ee773467566f67,https://github.com/tauri-apps/taur/compare/6d4945c9f06cd1f7018e1c48686ba682aae817df...6218c31e175d43b59b87bd5b36ee773467566f67
279,Tauri,e6012b88afb8706ce2bae9dfadc60435b418e45b,331f3460027614738ddbbbbcd04bfc59a349f3de,4470,https://github.com/tauri-apps/tauri/issues/4470,https://github.com/tauri-apps/taur/tree/e6012b88afb8706ce2bae9dfadc60435b418e45b,https://github.com/tauri-apps/taur/tree/331f3460027614738ddbbbbcd04bfc59a349f3de,https://github.com/tauri-apps/taur/compare/e6012b88afb8706ce2bae9dfadc60435b418e45b...331f3460027614738ddbbbbcd04bfc59a349f3de
280,Tauri,ba5560b2a1a61666d8e0bda31424333815714b2f,d576e8ae72b025ca41f96ddf7a885b84f950a4b1,4795,https://github.com/tauri-apps/tauri/issues/4795,https://github.com/tauri-apps/taur/tree/ba5560b2a1a61666d8e0bda31424333815714b2f,https://github.com/tauri-apps/taur/tree/d576e8ae72b025ca41f96ddf7a885b84f950a4b1,https://github.com/tauri-apps/taur/compare/ba5560b2a1a61666d8e0bda31424333815714b2f...d576e8ae72b025ca41f96ddf7a885b84f950a4b1
281,Tauri,d6f7d3cfe8a7ec8d68c8341016c4e0a3103da587,dcd506676c0a15ac4af7705b62574cc2eea3bb43,4688,https://github.com/tauri-apps/tauri/issues/4688,https://github.com/tauri-apps/taur/tree/d6f7d3cfe8a7ec8d68c8341016c4e0a3103da587,https://github.com/tauri-apps/taur/tree/dcd506676c0a15ac4af7705b62574cc2eea3bb43,https://github.com/tauri-apps/taur/compare/d6f7d3cfe8a7ec8d68c8341016c4e0a3103da587...dcd506676c0a15ac4af7705b62574cc2eea3bb43
282,Tauri,f7d2dfc7a6d086dd1a218d6c1492b3fef8a64f03,58fc1f2150b6ddd1b322deb03ca9083222fc3522,4613,https://github.com/tauri-apps/tauri/issues/4613,https://github.com/tauri-apps/taur/tree/f7d2dfc7a6d086dd1a218d6c1492b3fef8a64f03,https://github.com/tauri-apps/taur/tree/58fc1f2150b6ddd1b322deb03ca9083222fc3522,https://github.com/tauri-apps/taur/compare/f7d2dfc7a6d086dd1a218d6c1492b3fef8a64f03...58fc1f2150b6ddd1b322deb03ca9083222fc3522
283,Tauri,f4bb30cc73d6ba9b9ef19ef004dc5e8e6bb901d3,4e51dce6ca21c7664de779bc78a04be1051371f7,4091,https://github.com/tauri-apps/tauri/issues/4091,https://github.com/tauri-apps/taur/tree/f4bb30cc73d6ba9b9ef19ef004dc5e8e6bb901d3,https://github.com/tauri-apps/taur/tree/4e51dce6ca21c7664de779bc78a04be1051371f7,https://github.com/tauri-apps/taur/compare/f4bb30cc73d6ba9b9ef19ef004dc5e8e6bb901d3...4e51dce6ca21c7664de779bc78a04be1051371f7
284,Tauri,bf764e83e01e7443e6cc54572001e1c98c357465,23a48007c0df7346fa45c76dfaf9235a157f59ec,4527,https://github.com/tauri-apps/tauri/issues/4527,https://github.com/tauri-apps/taur/tree/bf764e83e01e7443e6cc54572001e1c98c357465,https://github.com/tauri-apps/taur/tree/23a48007c0df7346fa45c76dfaf9235a157f59ec,https://github.com/tauri-apps/taur/compare/bf764e83e01e7443e6cc54572001e1c98c357465...23a48007c0df7346fa45c76dfaf9235a157f59ec
285,Tauri,dcd506676c0a15ac4af7705b62574cc2eea3bb43,fa23310f23cb9e6a02ec2524f1ef394a5b42990e,4704,https://github.com/tauri-apps/tauri/issues/4704,https://github.com/tauri-apps/taur/tree/dcd506676c0a15ac4af7705b62574cc2eea3bb43,https://github.com/tauri-apps/taur/tree/fa23310f23cb9e6a02ec2524f1ef394a5b42990e,https://github.com/tauri-apps/taur/compare/dcd506676c0a15ac4af7705b62574cc2eea3bb43...fa23310f23cb9e6a02ec2524f1ef394a5b42990e
286,Tauri,96885b6e5afad37ac2f70fa268dc418e71cb2423,64546cb9cca2fe56cf81cfc4aaf85c4e1d58877c,4870,https://github.com/tauri-apps/tauri/issues/4870,https://github.com/tauri-apps/taur/tree/96885b6e5afad37ac2f70fa268dc418e71cb2423,https://github.com/tauri-apps/taur/tree/64546cb9cca2fe56cf81cfc4aaf85c4e1d58877c,https://github.com/tauri-apps/taur/compare/96885b6e5afad37ac2f70fa268dc418e71cb2423...64546cb9cca2fe56cf81cfc4aaf85c4e1d58877c
287,Tauri,e16b366174911a5914f187ced96cf8f35aa24eef,fea70effad219c0794d919f8834fa1a1ffd204c7,4632,https://github.com/tauri-apps/tauri/issues/4632,https://github.com/tauri-apps/taur/tree/e16b366174911a5914f187ced96cf8f35aa24eef,https://github.com/tauri-apps/taur/tree/fea70effad219c0794d919f8834fa1a1ffd204c7,https://github.com/tauri-apps/taur/compare/e16b366174911a5914f187ced96cf8f35aa24eef...fea70effad219c0794d919f8834fa1a1ffd204c7
288,Tauri,ef8ca7b36366c146ac8246aa02ea6f30bc05ca2b,b9fb53ed733c9c1321ccf11c94d4e9e6de60023b,5079,https://github.com/tauri-apps/tauri/issues/5079,https://github.com/tauri-apps/taur/tree/ef8ca7b36366c146ac8246aa02ea6f30bc05ca2b,https://github.com/tauri-apps/taur/tree/b9fb53ed733c9c1321ccf11c94d4e9e6de60023b,https://github.com/tauri-apps/taur/compare/ef8ca7b36366c146ac8246aa02ea6f30bc05ca2b...b9fb53ed733c9c1321ccf11c94d4e9e6de60023b
289,Tauri,2954f6d2526ba0d5d7970dbaf3a453d9221e8871,c764408da7fae123edd41115bda42fa75a4731d2,5207,https://github.com/tauri-apps/tauri/issues/5207,https://github.com/tauri-apps/taur/tree/2954f6d2526ba0d5d7970dbaf3a453d9221e8871,https://github.com/tauri-apps/taur/tree/c764408da7fae123edd41115bda42fa75a4731d2,https://github.com/tauri-apps/taur/compare/2954f6d2526ba0d5d7970dbaf3a453d9221e8871...c764408da7fae123edd41115bda42fa75a4731d2
290,Tauri,013fb354d948fd498156c8eff12b24dd0a36b63a,4c5a30370c3a9af9af91045a736016f3868f37f2,5276,https://github.com/tauri-apps/tauri/issues/5276,https://github.com/tauri-apps/taur/tree/013fb354d948fd498156c8eff12b24dd0a36b63a,https://github.com/tauri-apps/taur/tree/4c5a30370c3a9af9af91045a736016f3868f37f2,https://github.com/tauri-apps/taur/compare/013fb354d948fd498156c8eff12b24dd0a36b63a...4c5a30370c3a9af9af91045a736016f3868f37f2
291,Tauri,ae65951bc477126b71816d77424f8167814bbe8d,b9316a64eaa9348c79efafb8b94960d9b4d5b27a,5233,https://github.com/tauri-apps/tauri/issues/5233,https://github.com/tauri-apps/taur/tree/ae65951bc477126b71816d77424f8167814bbe8d,https://github.com/tauri-apps/taur/tree/b9316a64eaa9348c79efafb8b94960d9b4d5b27a,https://github.com/tauri-apps/taur/compare/ae65951bc477126b71816d77424f8167814bbe8d...b9316a64eaa9348c79efafb8b94960d9b4d5b27a
292,Tauri,6ba99689aa7ed0ffa9072a1c8ab5db12c9bf95af,20a7036ba5ce68163e59cf8bf9f2f7647b3e7e2e,4875,https://github.com/tauri-apps/tauri/issues/4875,https://github.com/tauri-apps/taur/tree/6ba99689aa7ed0ffa9072a1c8ab5db12c9bf95af,https://github.com/tauri-apps/taur/tree/20a7036ba5ce68163e59cf8bf9f2f7647b3e7e2e,https://github.com/tauri-apps/taur/compare/6ba99689aa7ed0ffa9072a1c8ab5db12c9bf95af...20a7036ba5ce68163e59cf8bf9f2f7647b3e7e2e
293,Tauri,1377f8e13bc8553917102a4b2e9ef4d135c1a011,6f41a2712445ac41a5ed84bbcd40af3b76c8b1d8,4672,https://github.com/tauri-apps/tauri/issues/4672,https://github.com/tauri-apps/taur/tree/1377f8e13bc8553917102a4b2e9ef4d135c1a011,https://github.com/tauri-apps/taur/tree/6f41a2712445ac41a5ed84bbcd40af3b76c8b1d8,https://github.com/tauri-apps/taur/compare/1377f8e13bc8553917102a4b2e9ef4d135c1a011...6f41a2712445ac41a5ed84bbcd40af3b76c8b1d8
294,Tauri,ca3cd8b3d11beb9b6102da40b7d27f6dbe6cd2d0,a06dc6993148f10ff7623c9dcc81f313dd960ad0,5196,https://github.com/tauri-apps/tauri/issues/5196,https://github.com/tauri-apps/taur/tree/ca3cd8b3d11beb9b6102da40b7d27f6dbe6cd2d0,https://github.com/tauri-apps/taur/tree/a06dc6993148f10ff7623c9dcc81f313dd960ad0,https://github.com/tauri-apps/taur/compare/ca3cd8b3d11beb9b6102da40b7d27f6dbe6cd2d0...a06dc6993148f10ff7623c9dcc81f313dd960ad0
295,Tauri,4c5a30370c3a9af9af91045a736016f3868f37f2,aec5537de0205f62b2ae5c89da04d21930a6fc2e,4410,https://github.com/tauri-apps/tauri/issues/4410,https://github.com/tauri-apps/taur/tree/4c5a30370c3a9af9af91045a736016f3868f37f2,https://github.com/tauri-apps/taur/tree/aec5537de0205f62b2ae5c89da04d21930a6fc2e,https://github.com/tauri-apps/taur/compare/4c5a30370c3a9af9af91045a736016f3868f37f2...aec5537de0205f62b2ae5c89da04d21930a6fc2e
296,Tauri,73d9cd51b2579f0e67d223c37163d8e55d899ac0,63011ca84e7a22c8c0d8bd1c1be6592140f93ff2,5220,https://github.com/tauri-apps/tauri/issues/5220,https://github.com/tauri-apps/taur/tree/73d9cd51b2579f0e67d223c37163d8e55d899ac0,https://github.com/tauri-apps/taur/tree/63011ca84e7a22c8c0d8bd1c1be6592140f93ff2,https://github.com/tauri-apps/taur/compare/73d9cd51b2579f0e67d223c37163d8e55d899ac0...63011ca84e7a22c8c0d8bd1c1be6592140f93ff2
297,Tauri,6f41a2712445ac41a5ed84bbcd40af3b76c8b1d8,39443b4350bd208c4d6eec5e1095f215199f8aa3,5203,https://github.com/tauri-apps/tauri/issues/5203,https://github.com/tauri-apps/taur/tree/6f41a2712445ac41a5ed84bbcd40af3b76c8b1d8,https://github.com/tauri-apps/taur/tree/39443b4350bd208c4d6eec5e1095f215199f8aa3,https://github.com/tauri-apps/taur/compare/6f41a2712445ac41a5ed84bbcd40af3b76c8b1d8...39443b4350bd208c4d6eec5e1095f215199f8aa3
298,Tauri,a6c94119d8545d509723b147c273ca5edfe3729f,7c0fa1f3f93943b87a0042b5ba3bd6bb4099304a,4791,https://github.com/tauri-apps/tauri/issues/4791,https://github.com/tauri-apps/taur/tree/a6c94119d8545d509723b147c273ca5edfe3729f,https://github.com/tauri-apps/taur/tree/7c0fa1f3f93943b87a0042b5ba3bd6bb4099304a,https://github.com/tauri-apps/taur/compare/a6c94119d8545d509723b147c273ca5edfe3729f...7c0fa1f3f93943b87a0042b5ba3bd6bb4099304a
299,Tauri,a5861d82945dd037415189f1d2d29b64114c2f6e,f756cd5e7ecc86f178f8d602eded1e1b6ecb51f3,5244,https://github.com/tauri-apps/tauri/issues/5244,https://github.com/tauri-apps/taur/tree/a5861d82945dd037415189f1d2d29b64114c2f6e,https://github.com/tauri-apps/taur/tree/f756cd5e7ecc86f178f8d602eded1e1b6ecb51f3,https://github.com/tauri-apps/taur/compare/a5861d82945dd037415189f1d2d29b64114c2f6e...f756cd5e7ecc86f178f8d602eded1e1b6ecb51f3
300,Tauri,095b18620bbe5a3c06155f39bb620481702e5094,d4cac202923fc34962721413f7051bca50002809,5342,https://github.com/tauri-apps/tauri/issues/5342,https://github.com/tauri-apps/taur/tree/095b18620bbe5a3c06155f39bb620481702e5094,https://github.com/tauri-apps/taur/tree/d4cac202923fc34962721413f7051bca50002809,https://github.com/tauri-apps/taur/compare/095b18620bbe5a3c06155f39bb620481702e5094...d4cac202923fc34962721413f7051bca50002809
301,Tauri,a4aec9f0a864ec6d7712db8bd50989d9c2e2fd2e,095b18620bbe5a3c06155f39bb620481702e5094,5343,https://github.com/tauri-apps/tauri/issues/5343,https://github.com/tauri-apps/taur/tree/a4aec9f0a864ec6d7712db8bd50989d9c2e2fd2e,https://github.com/tauri-apps/taur/tree/095b18620bbe5a3c06155f39bb620481702e5094,https://github.com/tauri-apps/taur/compare/a4aec9f0a864ec6d7712db8bd50989d9c2e2fd2e...095b18620bbe5a3c06155f39bb620481702e5094
302,Tauri,95f467add51448319983c54e2f382c7c09fb72d6,357480f4ae43aa8da99f7ba61ae2ee51b4552c60,4496,https://github.com/tauri-apps/tauri/issues/4496,https://github.com/tauri-apps/taur/tree/95f467add51448319983c54e2f382c7c09fb72d6,https://github.com/tauri-apps/taur/tree/357480f4ae43aa8da99f7ba61ae2ee51b4552c60,https://github.com/tauri-apps/taur/compare/95f467add51448319983c54e2f382c7c09fb72d6...357480f4ae43aa8da99f7ba61ae2ee51b4552c60
303,Tauri,ef41c5bfd42882e120d46ef2e5397717cdefe0df,9076d5d2e76d432aef475ba403e9ab5bd3b9d2b0,5417,https://github.com/tauri-apps/tauri/issues/5417,https://github.com/tauri-apps/taur/tree/ef41c5bfd42882e120d46ef2e5397717cdefe0df,https://github.com/tauri-apps/taur/tree/9076d5d2e76d432aef475ba403e9ab5bd3b9d2b0,https://github.com/tauri-apps/taur/compare/ef41c5bfd42882e120d46ef2e5397717cdefe0df...9076d5d2e76d432aef475ba403e9ab5bd3b9d2b0
304,Tauri,f756cd5e7ecc86f178f8d602eded1e1b6ecb51f3,4cbdf0fb1c0de5004eab51c36d5843a9816f18af,5234,https://github.com/tauri-apps/tauri/issues/5234,https://github.com/tauri-apps/taur/tree/f756cd5e7ecc86f178f8d602eded1e1b6ecb51f3,https://github.com/tauri-apps/taur/tree/4cbdf0fb1c0de5004eab51c36d5843a9816f18af,https://github.com/tauri-apps/taur/compare/f756cd5e7ecc86f178f8d602eded1e1b6ecb51f3...4cbdf0fb1c0de5004eab51c36d5843a9816f18af
305,Tauri,bddf59e5d0d969f7bd45afd1fbe3bdbf2b77f8af,4137ab44a81d739556cbc7583485887e78952bf1,2804,https://github.com/tauri-apps/tauri/issues/2804,https://github.com/tauri-apps/taur/tree/bddf59e5d0d969f7bd45afd1fbe3bdbf2b77f8af,https://github.com/tauri-apps/taur/tree/4137ab44a81d739556cbc7583485887e78952bf1,https://github.com/tauri-apps/taur/compare/bddf59e5d0d969f7bd45afd1fbe3bdbf2b77f8af...4137ab44a81d739556cbc7583485887e78952bf1
306,Tauri,8357ce5b2efdd6f92c7944822542e48ba0e303ce,4036e15f5af933bdc0d0913508b5103958afc143,5120,https://github.com/tauri-apps/tauri/issues/5120,https://github.com/tauri-apps/taur/tree/8357ce5b2efdd6f92c7944822542e48ba0e303ce,https://github.com/tauri-apps/taur/tree/4036e15f5af933bdc0d0913508b5103958afc143,https://github.com/tauri-apps/taur/compare/8357ce5b2efdd6f92c7944822542e48ba0e303ce...4036e15f5af933bdc0d0913508b5103958afc143
307,Tauri,7a231cd1c99101f63354b13bb36223568d2f0a11,9417ce401c4985e97245ce02d3b7cc31fb4bf59e,5355,https://github.com/tauri-apps/tauri/issues/5355,https://github.com/tauri-apps/taur/tree/7a231cd1c99101f63354b13bb36223568d2f0a11,https://github.com/tauri-apps/taur/tree/9417ce401c4985e97245ce02d3b7cc31fb4bf59e,https://github.com/tauri-apps/taur/compare/7a231cd1c99101f63354b13bb36223568d2f0a11...9417ce401c4985e97245ce02d3b7cc31fb4bf59e
308,Tauri,161d5be49a4b5daf8eb49d1d503fbbad3fc6c47e,e00b1e5f94b3f841bf107cc17ee74be9203ea080,5191,https://github.com/tauri-apps/tauri/issues/5191,https://github.com/tauri-apps/taur/tree/161d5be49a4b5daf8eb49d1d503fbbad3fc6c47e,https://github.com/tauri-apps/taur/tree/e00b1e5f94b3f841bf107cc17ee74be9203ea080,https://github.com/tauri-apps/taur/compare/161d5be49a4b5daf8eb49d1d503fbbad3fc6c47e...e00b1e5f94b3f841bf107cc17ee74be9203ea080
309,Tauri,23859f7502fa3645f07c9c7284be812083e06f3c,2d9c2b472416339829f9113f976f193bf8e0665f,5203,https://github.com/tauri-apps/tauri/issues/5203,https://github.com/tauri-apps/taur/tree/23859f7502fa3645f07c9c7284be812083e06f3c,https://github.com/tauri-apps/taur/tree/2d9c2b472416339829f9113f976f193bf8e0665f,https://github.com/tauri-apps/taur/compare/23859f7502fa3645f07c9c7284be812083e06f3c...2d9c2b472416339829f9113f976f193bf8e0665f
310,Tauri,e055c69c233f57caf2515fe249b17da0b939fc2d,c6321a610cdc3d3449822045d3d902761975c85b,5522,https://github.com/tauri-apps/tauri/issues/5522,https://github.com/tauri-apps/taur/tree/e055c69c233f57caf2515fe249b17da0b939fc2d,https://github.com/tauri-apps/taur/tree/c6321a610cdc3d3449822045d3d902761975c85b,https://github.com/tauri-apps/taur/compare/e055c69c233f57caf2515fe249b17da0b939fc2d...c6321a610cdc3d3449822045d3d902761975c85b
311,Tauri,d88b9de7aaeaaa2e42e4795dbc2b8642b5ae7a50,5109c27501e0a48e1207115d1258afc3b5356ec7,4875,https://github.com/tauri-apps/tauri/issues/4875,https://github.com/tauri-apps/taur/tree/d88b9de7aaeaaa2e42e4795dbc2b8642b5ae7a50,https://github.com/tauri-apps/taur/tree/5109c27501e0a48e1207115d1258afc3b5356ec7,https://github.com/tauri-apps/taur/compare/d88b9de7aaeaaa2e42e4795dbc2b8642b5ae7a50...5109c27501e0a48e1207115d1258afc3b5356ec7
312,Tauri,9b1a6a1c02b8d62dd47d9ce42aa05723d7c1b892,99fe1c562ffcea4089f785c73f4e6706d4ebc16b,5480,https://github.com/tauri-apps/tauri/issues/5480,https://github.com/tauri-apps/taur/tree/9b1a6a1c02b8d62dd47d9ce42aa05723d7c1b892,https://github.com/tauri-apps/taur/tree/99fe1c562ffcea4089f785c73f4e6706d4ebc16b,https://github.com/tauri-apps/taur/compare/9b1a6a1c02b8d62dd47d9ce42aa05723d7c1b892...99fe1c562ffcea4089f785c73f4e6706d4ebc16b
313,Tauri,c6321a610cdc3d3449822045d3d902761975c85b,9b1a6a1c02b8d62dd47d9ce42aa05723d7c1b892,5203,https://github.com/tauri-apps/tauri/issues/5203,https://github.com/tauri-apps/taur/tree/c6321a610cdc3d3449822045d3d902761975c85b,https://github.com/tauri-apps/taur/tree/9b1a6a1c02b8d62dd47d9ce42aa05723d7c1b892,https://github.com/tauri-apps/taur/compare/c6321a610cdc3d3449822045d3d902761975c85b...9b1a6a1c02b8d62dd47d9ce42aa05723d7c1b892
314,Tauri,cb6ee77e697d15082ab4fb5c5d30e4b4a7cd7db6,a3a70218f3cc438b4875a046a182ca44dab357ae,5415,https://github.com/tauri-apps/tauri/issues/5415,https://github.com/tauri-apps/taur/tree/cb6ee77e697d15082ab4fb5c5d30e4b4a7cd7db6,https://github.com/tauri-apps/taur/tree/a3a70218f3cc438b4875a046a182ca44dab357ae,https://github.com/tauri-apps/taur/compare/cb6ee77e697d15082ab4fb5c5d30e4b4a7cd7db6...a3a70218f3cc438b4875a046a182ca44dab357ae
315,Tauri,9417ce401c4985e97245ce02d3b7cc31fb4bf59e,79dd6e16a7306351e2acf21166506b2876b58a7e,5482,https://github.com/tauri-apps/tauri/issues/5482,https://github.com/tauri-apps/taur/tree/9417ce401c4985e97245ce02d3b7cc31fb4bf59e,https://github.com/tauri-apps/taur/tree/79dd6e16a7306351e2acf21166506b2876b58a7e,https://github.com/tauri-apps/taur/compare/9417ce401c4985e97245ce02d3b7cc31fb4bf59e...79dd6e16a7306351e2acf21166506b2876b58a7e
316,Tauri,677838ccfadfdf37039be53bfad666bbe1dab8c3,50fbd49273fca378e064c4b50a0ebeaec65a1a7c,5670,https://github.com/tauri-apps/tauri/issues/5670,https://github.com/tauri-apps/taur/tree/677838ccfadfdf37039be53bfad666bbe1dab8c3,https://github.com/tauri-apps/taur/tree/50fbd49273fca378e064c4b50a0ebeaec65a1a7c,https://github.com/tauri-apps/taur/compare/677838ccfadfdf37039be53bfad666bbe1dab8c3...50fbd49273fca378e064c4b50a0ebeaec65a1a7c
317,Tauri,ffe21e0225345c3de4e5edfce7bcb28807882bea,9093ef3314c27d2295b4266893fd2290c1bdfb6a,5631,https://github.com/tauri-apps/tauri/issues/5631,https://github.com/tauri-apps/taur/tree/ffe21e0225345c3de4e5edfce7bcb28807882bea,https://github.com/tauri-apps/taur/tree/9093ef3314c27d2295b4266893fd2290c1bdfb6a,https://github.com/tauri-apps/taur/compare/ffe21e0225345c3de4e5edfce7bcb28807882bea...9093ef3314c27d2295b4266893fd2290c1bdfb6a
318,Tauri,9db9e6c037e876f6fab40a05e2a4f3c6a56ee281,d0d873e39a3cd5e51e9cf0145a024ffdb0c2a941,5521,https://github.com/tauri-apps/tauri/issues/5521,https://github.com/tauri-apps/taur/tree/9db9e6c037e876f6fab40a05e2a4f3c6a56ee281,https://github.com/tauri-apps/taur/tree/d0d873e39a3cd5e51e9cf0145a024ffdb0c2a941,https://github.com/tauri-apps/taur/compare/9db9e6c037e876f6fab40a05e2a4f3c6a56ee281...d0d873e39a3cd5e51e9cf0145a024ffdb0c2a941
319,Tauri,28133c5155a77d0678ef79a86c67b7f6e2808e31,3dc38b150ea8c59c8ba67fd586f921016928f47c,5757,https://github.com/tauri-apps/tauri/issues/5757,https://github.com/tauri-apps/taur/tree/28133c5155a77d0678ef79a86c67b7f6e2808e31,https://github.com/tauri-apps/taur/tree/3dc38b150ea8c59c8ba67fd586f921016928f47c,https://github.com/tauri-apps/taur/compare/28133c5155a77d0678ef79a86c67b7f6e2808e31...3dc38b150ea8c59c8ba67fd586f921016928f47c
320,Tauri,89602cdce34f3ea5b4a9b8921dc04a197f2d7de8,72621892fe8195bad67b4237467ebd7e89f6af7f,5860,https://github.com/tauri-apps/tauri/issues/5860,https://github.com/tauri-apps/taur/tree/89602cdce34f3ea5b4a9b8921dc04a197f2d7de8,https://github.com/tauri-apps/taur/tree/72621892fe8195bad67b4237467ebd7e89f6af7f,https://github.com/tauri-apps/taur/compare/89602cdce34f3ea5b4a9b8921dc04a197f2d7de8...72621892fe8195bad67b4237467ebd7e89f6af7f
321,Tauri,ed43ff324330d1bd9c042a53a6636dfc7d97b410,bb2510876d0bdff736d36bf3a465cdbe4ad2b90c,5650,https://github.com/tauri-apps/tauri/issues/5650,https://github.com/tauri-apps/taur/tree/ed43ff324330d1bd9c042a53a6636dfc7d97b410,https://github.com/tauri-apps/taur/tree/bb2510876d0bdff736d36bf3a465cdbe4ad2b90c,https://github.com/tauri-apps/taur/compare/ed43ff324330d1bd9c042a53a6636dfc7d97b410...bb2510876d0bdff736d36bf3a465cdbe4ad2b90c
322,Tauri,79dd6e16a7306351e2acf21166506b2876b58a7e,cc186c7a0eab1c364f8b58101f86979ae4ed3d03,5173,https://github.com/tauri-apps/tauri/issues/5173,https://github.com/tauri-apps/taur/tree/79dd6e16a7306351e2acf21166506b2876b58a7e,https://github.com/tauri-apps/taur/tree/cc186c7a0eab1c364f8b58101f86979ae4ed3d03,https://github.com/tauri-apps/taur/compare/79dd6e16a7306351e2acf21166506b2876b58a7e...cc186c7a0eab1c364f8b58101f86979ae4ed3d03
323,Tauri,527bd9feea34738f1e5a4afb9a23fb35aaddc72c,b490308c8897b893292951754607c2253abbc6e1,5684,https://github.com/tauri-apps/tauri/issues/5684,https://github.com/tauri-apps/taur/tree/527bd9feea34738f1e5a4afb9a23fb35aaddc72c,https://github.com/tauri-apps/taur/tree/b490308c8897b893292951754607c2253abbc6e1,https://github.com/tauri-apps/taur/compare/527bd9feea34738f1e5a4afb9a23fb35aaddc72c...b490308c8897b893292951754607c2253abbc6e1
324,Tauri,a822a6ad7464d7d91343e0c44c8a3279e816738b,d4d6a98d98fd09ba4e9ee4857ef3604d9e454337,6078,https://github.com/tauri-apps/tauri/issues/6078,https://github.com/tauri-apps/taur/tree/a822a6ad7464d7d91343e0c44c8a3279e816738b,https://github.com/tauri-apps/taur/tree/d4d6a98d98fd09ba4e9ee4857ef3604d9e454337,https://github.com/tauri-apps/taur/compare/a822a6ad7464d7d91343e0c44c8a3279e816738b...d4d6a98d98fd09ba4e9ee4857ef3604d9e454337
325,Tauri,0d5835d133943583e2d46a6bb14fb151e2998530,7a8d570db72667367eb24b75ddc5dd07a968f7c0,5802,https://github.com/tauri-apps/tauri/issues/5802,https://github.com/tauri-apps/taur/tree/0d5835d133943583e2d46a6bb14fb151e2998530,https://github.com/tauri-apps/taur/tree/7a8d570db72667367eb24b75ddc5dd07a968f7c0,https://github.com/tauri-apps/taur/compare/0d5835d133943583e2d46a6bb14fb151e2998530...7a8d570db72667367eb24b75ddc5dd07a968f7c0
326,Tauri,8fb1df8aa65a52cdb4a7e1bb9dda9b912a7a2895,d4f89af18d69fd95a4d8a1ede8442547c6a6d0ee,6089,https://github.com/tauri-apps/tauri/issues/6089,https://github.com/tauri-apps/taur/tree/8fb1df8aa65a52cdb4a7e1bb9dda9b912a7a2895,https://github.com/tauri-apps/taur/tree/d4f89af18d69fd95a4d8a1ede8442547c6a6d0ee,https://github.com/tauri-apps/taur/compare/8fb1df8aa65a52cdb4a7e1bb9dda9b912a7a2895...d4f89af18d69fd95a4d8a1ede8442547c6a6d0ee
327,Tauri,9da996073ff07d4b59668a5315d40e9bc578e340,d20a728892eee1858ab525ab6216cd721f473ab5,6122,https://github.com/tauri-apps/tauri/issues/6122,https://github.com/tauri-apps/taur/tree/9da996073ff07d4b59668a5315d40e9bc578e340,https://github.com/tauri-apps/taur/tree/d20a728892eee1858ab525ab6216cd721f473ab5,https://github.com/tauri-apps/taur/compare/9da996073ff07d4b59668a5315d40e9bc578e340...d20a728892eee1858ab525ab6216cd721f473ab5
328,Tauri,ce76d95ab186f4556166a2a22360067eab000fc8,4892637f83b0f64822a5d304e8786a4c92a8957d,2549,https://github.com/tauri-apps/tauri/issues/2549,https://github.com/tauri-apps/taur/tree/ce76d95ab186f4556166a2a22360067eab000fc8,https://github.com/tauri-apps/taur/tree/4892637f83b0f64822a5d304e8786a4c92a8957d,https://github.com/tauri-apps/taur/compare/ce76d95ab186f4556166a2a22360067eab000fc8...4892637f83b0f64822a5d304e8786a4c92a8957d
329,Tauri,ff99a9bf74d366764ae63b4e25e5f6bbb0378e8d,146a794cb696816854648d33e2124e82154c7b2f,5571,https://github.com/tauri-apps/tauri/issues/5571,https://github.com/tauri-apps/taur/tree/ff99a9bf74d366764ae63b4e25e5f6bbb0378e8d,https://github.com/tauri-apps/taur/tree/146a794cb696816854648d33e2124e82154c7b2f,https://github.com/tauri-apps/taur/compare/ff99a9bf74d366764ae63b4e25e5f6bbb0378e8d...146a794cb696816854648d33e2124e82154c7b2f
330,Tauri,1798c5901db4eaf05b9b09dd3edb15f8e615d9b0,dddaa943e7e0bf13935d567ef2f3f73e1c913300,6415,https://github.com/tauri-apps/tauri/issues/6415,https://github.com/tauri-apps/taur/tree/1798c5901db4eaf05b9b09dd3edb15f8e615d9b0,https://github.com/tauri-apps/taur/tree/dddaa943e7e0bf13935d567ef2f3f73e1c913300,https://github.com/tauri-apps/taur/compare/1798c5901db4eaf05b9b09dd3edb15f8e615d9b0...dddaa943e7e0bf13935d567ef2f3f73e1c913300
331,Tauri,e513b69d98415d1df33ce78368cd3450979d4c8d,1c8229fbe273554c0c97cccee45d5967f5df1b9f,6427,https://github.com/tauri-apps/tauri/issues/6427,https://github.com/tauri-apps/taur/tree/e513b69d98415d1df33ce78368cd3450979d4c8d,https://github.com/tauri-apps/taur/tree/1c8229fbe273554c0c97cccee45d5967f5df1b9f,https://github.com/tauri-apps/taur/compare/e513b69d98415d1df33ce78368cd3450979d4c8d...1c8229fbe273554c0c97cccee45d5967f5df1b9f
332,Tauri,8a1b1281acb47578465eafd9a6bcf3afd4fdc11f,d5ac76b53c7f35253db84ddfbf4ecf975ff6307d,6502,https://github.com/tauri-apps/tauri/issues/6502,https://github.com/tauri-apps/taur/tree/8a1b1281acb47578465eafd9a6bcf3afd4fdc11f,https://github.com/tauri-apps/taur/tree/d5ac76b53c7f35253db84ddfbf4ecf975ff6307d,https://github.com/tauri-apps/taur/compare/8a1b1281acb47578465eafd9a6bcf3afd4fdc11f...d5ac76b53c7f35253db84ddfbf4ecf975ff6307d
333,Tauri,c46c09f31d9f5169ca8a7e62406a9ea170e3a5c5,2f70d8da2bc079400bb49e6793f755306049aab2,5781,https://github.com/tauri-apps/tauri/issues/5781,https://github.com/tauri-apps/taur/tree/c46c09f31d9f5169ca8a7e62406a9ea170e3a5c5,https://github.com/tauri-apps/taur/tree/2f70d8da2bc079400bb49e6793f755306049aab2,https://github.com/tauri-apps/taur/compare/c46c09f31d9f5169ca8a7e62406a9ea170e3a5c5...2f70d8da2bc079400bb49e6793f755306049aab2
334,Tauri,c787f749de01b79d891615aad8c37b23037fff4c,00241fa92d104870068a701519340633cc35b716,6502,https://github.com/tauri-apps/tauri/issues/6502,https://github.com/tauri-apps/taur/tree/c787f749de01b79d891615aad8c37b23037fff4c,https://github.com/tauri-apps/taur/tree/00241fa92d104870068a701519340633cc35b716,https://github.com/tauri-apps/taur/compare/c787f749de01b79d891615aad8c37b23037fff4c...00241fa92d104870068a701519340633cc35b716
335,Tauri,57c6bf07bb380847abdf27c3fff9891d99c1c98c,ff4ea1eabbf2874b113c6b4698002929bbac737a,6460,https://github.com/tauri-apps/tauri/issues/6460,https://github.com/tauri-apps/taur/tree/57c6bf07bb380847abdf27c3fff9891d99c1c98c,https://github.com/tauri-apps/taur/tree/ff4ea1eabbf2874b113c6b4698002929bbac737a,https://github.com/tauri-apps/taur/compare/57c6bf07bb380847abdf27c3fff9891d99c1c98c...ff4ea1eabbf2874b113c6b4698002929bbac737a
336,Tauri,ff4ea1eabbf2874b113c6b4698002929bbac737a,a7ee5ca7c348d33bdfdc1213b6850bcf5c39d6e6,6511,https://github.com/tauri-apps/tauri/issues/6511,https://github.com/tauri-apps/taur/tree/ff4ea1eabbf2874b113c6b4698002929bbac737a,https://github.com/tauri-apps/taur/tree/a7ee5ca7c348d33bdfdc1213b6850bcf5c39d6e6,https://github.com/tauri-apps/taur/compare/ff4ea1eabbf2874b113c6b4698002929bbac737a...a7ee5ca7c348d33bdfdc1213b6850bcf5c39d6e6
337,Tauri,5e0c4489df8f394e8b6af914221e68d3c6e665dd,eb1ec0416c52c75830dee77e4d714d882d1145b3,6192,https://github.com/tauri-apps/tauri/issues/6192,https://github.com/tauri-apps/taur/tree/5e0c4489df8f394e8b6af914221e68d3c6e665dd,https://github.com/tauri-apps/taur/tree/eb1ec0416c52c75830dee77e4d714d882d1145b3,https://github.com/tauri-apps/taur/compare/5e0c4489df8f394e8b6af914221e68d3c6e665dd...eb1ec0416c52c75830dee77e4d714d882d1145b3
338,Tauri,3536aa00d1fdc19e4c6f9526c0f037738725697b,b7a2ce2c633c8383851ec9ec3c2cafda39f19745,6186,https://github.com/tauri-apps/tauri/issues/6186,https://github.com/tauri-apps/taur/tree/3536aa00d1fdc19e4c6f9526c0f037738725697b,https://github.com/tauri-apps/taur/tree/b7a2ce2c633c8383851ec9ec3c2cafda39f19745,https://github.com/tauri-apps/taur/compare/3536aa00d1fdc19e4c6f9526c0f037738725697b...b7a2ce2c633c8383851ec9ec3c2cafda39f19745
339,Tauri,29ee62342a385dc6948d4dcf43139b2696794799,7fec0f083c932dc63ccb8716080d97e2ab985b25,6454,https://github.com/tauri-apps/tauri/issues/6454,https://github.com/tauri-apps/taur/tree/29ee62342a385dc6948d4dcf43139b2696794799,https://github.com/tauri-apps/taur/tree/7fec0f083c932dc63ccb8716080d97e2ab985b25,https://github.com/tauri-apps/taur/compare/29ee62342a385dc6948d4dcf43139b2696794799...7fec0f083c932dc63ccb8716080d97e2ab985b25
340,Tauri,d03e47d141c3917520975be9081775dbc4e9d4fd,63f088e5fc9701fd7fb329dad7ffb27a2d8fd5aa,6594,https://github.com/tauri-apps/tauri/issues/6594,https://github.com/tauri-apps/taur/tree/d03e47d141c3917520975be9081775dbc4e9d4fd,https://github.com/tauri-apps/taur/tree/63f088e5fc9701fd7fb329dad7ffb27a2d8fd5aa,https://github.com/tauri-apps/taur/compare/d03e47d141c3917520975be9081775dbc4e9d4fd...63f088e5fc9701fd7fb329dad7ffb27a2d8fd5aa
341,Tauri,dee9460f9c9bc92e9c638e7691e616849ac2085b,e873bae09f0f27517f720a753f51c1dcb903f883,5865,https://github.com/tauri-apps/tauri/issues/5865,https://github.com/tauri-apps/taur/tree/dee9460f9c9bc92e9c638e7691e616849ac2085b,https://github.com/tauri-apps/taur/tree/e873bae09f0f27517f720a753f51c1dcb903f883,https://github.com/tauri-apps/taur/compare/dee9460f9c9bc92e9c638e7691e616849ac2085b...e873bae09f0f27517f720a753f51c1dcb903f883
342,Tauri,d3e4fb20b56ba5eada0e082051abce4b686f6a15,0b46637ebaba54403afa32a1cb466f09df2db999,6507,https://github.com/tauri-apps/tauri/issues/6507,https://github.com/tauri-apps/taur/tree/d3e4fb20b56ba5eada0e082051abce4b686f6a15,https://github.com/tauri-apps/taur/tree/0b46637ebaba54403afa32a1cb466f09df2db999,https://github.com/tauri-apps/taur/compare/d3e4fb20b56ba5eada0e082051abce4b686f6a15...0b46637ebaba54403afa32a1cb466f09df2db999
343,Tauri,e0631d379c44d52912ddcd2c28a1fbcf06d48fdb,8fb1df8aa65a52cdb4a7e1bb9dda9b912a7a2895,6089,https://github.com/tauri-apps/tauri/issues/6089,https://github.com/tauri-apps/taur/tree/e0631d379c44d52912ddcd2c28a1fbcf06d48fdb,https://github.com/tauri-apps/taur/tree/8fb1df8aa65a52cdb4a7e1bb9dda9b912a7a2895,https://github.com/tauri-apps/taur/compare/e0631d379c44d52912ddcd2c28a1fbcf06d48fdb...8fb1df8aa65a52cdb4a7e1bb9dda9b912a7a2895
344,Tauri,6788bb49847c0fa8791a8d4e3e553b912c5b1868,6a6b1388ea5787aea4c0e0b0701a4772087bbc0f,6853,https://github.com/tauri-apps/tauri/issues/6853,https://github.com/tauri-apps/taur/tree/6788bb49847c0fa8791a8d4e3e553b912c5b1868,https://github.com/tauri-apps/taur/tree/6a6b1388ea5787aea4c0e0b0701a4772087bbc0f,https://github.com/tauri-apps/taur/compare/6788bb49847c0fa8791a8d4e3e553b912c5b1868...6a6b1388ea5787aea4c0e0b0701a4772087bbc0f
345,Tauri,96639ca239c9e4f75142fc07868ac46822111cff,41f49aeae646f2cb70b42002bb1371c79e592243,6659,https://github.com/tauri-apps/tauri/issues/6659,https://github.com/tauri-apps/taur/tree/96639ca239c9e4f75142fc07868ac46822111cff,https://github.com/tauri-apps/taur/tree/41f49aeae646f2cb70b42002bb1371c79e592243,https://github.com/tauri-apps/taur/compare/96639ca239c9e4f75142fc07868ac46822111cff...41f49aeae646f2cb70b42002bb1371c79e592243
346,Tauri,a926b49a01925ca757d391994bfac3beea29599b,7489f9669734a48be063907696b0f200a293ccb6,6614,https://github.com/tauri-apps/tauri/issues/6614,https://github.com/tauri-apps/taur/tree/a926b49a01925ca757d391994bfac3beea29599b,https://github.com/tauri-apps/taur/tree/7489f9669734a48be063907696b0f200a293ccb6,https://github.com/tauri-apps/taur/compare/a926b49a01925ca757d391994bfac3beea29599b...7489f9669734a48be063907696b0f200a293ccb6
347,Tauri,f436cf860963fcee0dd32aa06f22484741f5c530,055e9b3997725b88b1e3cc737880a52a732afa06,6658,https://github.com/tauri-apps/tauri/issues/6658,https://github.com/tauri-apps/taur/tree/f436cf860963fcee0dd32aa06f22484741f5c530,https://github.com/tauri-apps/taur/tree/055e9b3997725b88b1e3cc737880a52a732afa06,https://github.com/tauri-apps/taur/compare/f436cf860963fcee0dd32aa06f22484741f5c530...055e9b3997725b88b1e3cc737880a52a732afa06
348,Tauri,7c237209207cd2938df660b6fd87d3b7d728bd03,2c1fd570f890cb829fdd69fe0ab9475f42d7826f,6103,https://github.com/tauri-apps/tauri/issues/6103,https://github.com/tauri-apps/taur/tree/7c237209207cd2938df660b6fd87d3b7d728bd03,https://github.com/tauri-apps/taur/tree/2c1fd570f890cb829fdd69fe0ab9475f42d7826f,https://github.com/tauri-apps/taur/compare/7c237209207cd2938df660b6fd87d3b7d728bd03...2c1fd570f890cb829fdd69fe0ab9475f42d7826f
349,Tauri,21d5eb84ab2372466a3254e656e2ec9b346a2db7,3700793a2f1ea3686b1889c345d73007bb622a29,6934,https://github.com/tauri-apps/tauri/issues/6934,https://github.com/tauri-apps/taur/tree/21d5eb84ab2372466a3254e656e2ec9b346a2db7,https://github.com/tauri-apps/taur/tree/3700793a2f1ea3686b1889c345d73007bb622a29,https://github.com/tauri-apps/taur/compare/21d5eb84ab2372466a3254e656e2ec9b346a2db7...3700793a2f1ea3686b1889c345d73007bb622a29
350,Tauri,a08d1b248f184598f2d9743f294820ce3b21a4a6,fb485d25a0df417c7b3e64dfbe2fa40c656b74a7,6045,https://github.com/tauri-apps/tauri/issues/6045,https://github.com/tauri-apps/taur/tree/a08d1b248f184598f2d9743f294820ce3b21a4a6,https://github.com/tauri-apps/taur/tree/fb485d25a0df417c7b3e64dfbe2fa40c656b74a7,https://github.com/tauri-apps/taur/compare/a08d1b248f184598f2d9743f294820ce3b21a4a6...fb485d25a0df417c7b3e64dfbe2fa40c656b74a7
351,Tauri,2b26b2e611023ab48b2182a784f0ce812ab26958,aecf14690947d109745b4ad823a3e8f4338de47a,6889,https://github.com/tauri-apps/tauri/issues/6889,https://github.com/tauri-apps/taur/tree/2b26b2e611023ab48b2182a784f0ce812ab26958,https://github.com/tauri-apps/taur/tree/aecf14690947d109745b4ad823a3e8f4338de47a,https://github.com/tauri-apps/taur/compare/2b26b2e611023ab48b2182a784f0ce812ab26958...aecf14690947d109745b4ad823a3e8f4338de47a
352,Tauri,dfb5f52d3cbe44ce4607cd875b9632093b9123b1,51460340bfb044689471d8e22d06cf93851a5d9d,6743,https://github.com/tauri-apps/tauri/issues/6743,https://github.com/tauri-apps/taur/tree/dfb5f52d3cbe44ce4607cd875b9632093b9123b1,https://github.com/tauri-apps/taur/tree/51460340bfb044689471d8e22d06cf93851a5d9d,https://github.com/tauri-apps/taur/compare/dfb5f52d3cbe44ce4607cd875b9632093b9123b1...51460340bfb044689471d8e22d06cf93851a5d9d
353,Tauri,29ce9ce2ce7dfb260d556d5cffd075e8fe06660c,c4171152c1846f425a937e82f8af1759bcc8c9ac,6909,https://github.com/tauri-apps/tauri/issues/6909,https://github.com/tauri-apps/taur/tree/29ce9ce2ce7dfb260d556d5cffd075e8fe06660c,https://github.com/tauri-apps/taur/tree/c4171152c1846f425a937e82f8af1759bcc8c9ac,https://github.com/tauri-apps/taur/compare/29ce9ce2ce7dfb260d556d5cffd075e8fe06660c...c4171152c1846f425a937e82f8af1759bcc8c9ac
354,Tauri,e092f799469ff32c7d1595d0f07d06fd2dab5c29,dc682155de05a03a53fd5f6d6471f5387d42b4fc,6865,https://github.com/tauri-apps/tauri/issues/6865,https://github.com/tauri-apps/taur/tree/e092f799469ff32c7d1595d0f07d06fd2dab5c29,https://github.com/tauri-apps/taur/tree/dc682155de05a03a53fd5f6d6471f5387d42b4fc,https://github.com/tauri-apps/taur/compare/e092f799469ff32c7d1595d0f07d06fd2dab5c29...dc682155de05a03a53fd5f6d6471f5387d42b4fc
355,Tauri,c7056d1b202927d025aa479818c2fb20bf5d6113,0302138f2fa8c869888f07006eda333a8dd2ba7f,6992,https://github.com/tauri-apps/tauri/issues/6992,https://github.com/tauri-apps/taur/tree/c7056d1b202927d025aa479818c2fb20bf5d6113,https://github.com/tauri-apps/taur/tree/0302138f2fa8c869888f07006eda333a8dd2ba7f,https://github.com/tauri-apps/taur/compare/c7056d1b202927d025aa479818c2fb20bf5d6113...0302138f2fa8c869888f07006eda333a8dd2ba7f
356,Tauri,aecf14690947d109745b4ad823a3e8f4338de47a,82169e69fc904d2c7980534c4479bb6f38259fb4,5208,https://github.com/tauri-apps/tauri/issues/5208,https://github.com/tauri-apps/taur/tree/aecf14690947d109745b4ad823a3e8f4338de47a,https://github.com/tauri-apps/taur/tree/82169e69fc904d2c7980534c4479bb6f38259fb4,https://github.com/tauri-apps/taur/compare/aecf14690947d109745b4ad823a3e8f4338de47a...82169e69fc904d2c7980534c4479bb6f38259fb4
357,Tauri,cd3846c8ce61ab2879b3911e831525e6242aaab2,acc36fe1176cc8aa9063bde932abeb94796c5c72,6158,https://github.com/tauri-apps/tauri/issues/6158,https://github.com/tauri-apps/taur/tree/cd3846c8ce61ab2879b3911e831525e6242aaab2,https://github.com/tauri-apps/taur/tree/acc36fe1176cc8aa9063bde932abeb94796c5c72,https://github.com/tauri-apps/taur/compare/cd3846c8ce61ab2879b3911e831525e6242aaab2...acc36fe1176cc8aa9063bde932abeb94796c5c72
358,Tauri,fd3b5a16b13d62f62c850e68763401916dde26f2,cd3846c8ce61ab2879b3911e831525e6242aaab2,6955,https://github.com/tauri-apps/tauri/issues/6955,https://github.com/tauri-apps/taur/tree/fd3b5a16b13d62f62c850e68763401916dde26f2,https://github.com/tauri-apps/taur/tree/cd3846c8ce61ab2879b3911e831525e6242aaab2,https://github.com/tauri-apps/taur/compare/fd3b5a16b13d62f62c850e68763401916dde26f2...cd3846c8ce61ab2879b3911e831525e6242aaab2
359,Tauri,262776d8d8daa5c53707fae3c2ccf10a4713a047,af93729031565a69d1fde6cf16bea3b9b6e43a65,6676,https://github.com/tauri-apps/tauri/issues/6676,https://github.com/tauri-apps/taur/tree/262776d8d8daa5c53707fae3c2ccf10a4713a047,https://github.com/tauri-apps/taur/tree/af93729031565a69d1fde6cf16bea3b9b6e43a65,https://github.com/tauri-apps/taur/compare/262776d8d8daa5c53707fae3c2ccf10a4713a047...af93729031565a69d1fde6cf16bea3b9b6e43a65
360,Tauri,3256a37263f60eafdf5a8321458b868bff26c1b8,8e85576506f5dea066d7e9317dbcab3681baff73,6809,https://github.com/tauri-apps/tauri/issues/6809,https://github.com/tauri-apps/taur/tree/3256a37263f60eafdf5a8321458b868bff26c1b8,https://github.com/tauri-apps/taur/tree/8e85576506f5dea066d7e9317dbcab3681baff73,https://github.com/tauri-apps/taur/compare/3256a37263f60eafdf5a8321458b868bff26c1b8...8e85576506f5dea066d7e9317dbcab3681baff73
361,Tauri,82169e69fc904d2c7980534c4479bb6f38259fb4,fd3b5a16b13d62f62c850e68763401916dde26f2,6954,https://github.com/tauri-apps/tauri/issues/6954,https://github.com/tauri-apps/taur/tree/82169e69fc904d2c7980534c4479bb6f38259fb4,https://github.com/tauri-apps/taur/tree/fd3b5a16b13d62f62c850e68763401916dde26f2,https://github.com/tauri-apps/taur/compare/82169e69fc904d2c7980534c4479bb6f38259fb4...fd3b5a16b13d62f62c850e68763401916dde26f2
362,Tauri,b0f947752a315b7b89c5979de50157f997f1dd6e,3256a37263f60eafdf5a8321458b868bff26c1b8,7016,https://github.com/tauri-apps/tauri/issues/7016,https://github.com/tauri-apps/taur/tree/b0f947752a315b7b89c5979de50157f997f1dd6e,https://github.com/tauri-apps/taur/tree/3256a37263f60eafdf5a8321458b868bff26c1b8,https://github.com/tauri-apps/taur/compare/b0f947752a315b7b89c5979de50157f997f1dd6e...3256a37263f60eafdf5a8321458b868bff26c1b8
363,Tauri,8b9f6cf868169b8355d86b182d30c225a7c66f2e,17da87d3cd7922da18e8e2e41fcb8519f5c45f50,7036,https://github.com/tauri-apps/tauri/issues/7036,https://github.com/tauri-apps/taur/tree/8b9f6cf868169b8355d86b182d30c225a7c66f2e,https://github.com/tauri-apps/taur/tree/17da87d3cd7922da18e8e2e41fcb8519f5c45f50,https://github.com/tauri-apps/taur/compare/8b9f6cf868169b8355d86b182d30c225a7c66f2e...17da87d3cd7922da18e8e2e41fcb8519f5c45f50
364,Tauri,df89ccc1912db6b81d43d56c9e6d66980ece2e8d,ff5e4dbbb01bf3fc9c5143df732c75eef6fd98cb,6794,https://github.com/tauri-apps/tauri/issues/6794,https://github.com/tauri-apps/taur/tree/df89ccc1912db6b81d43d56c9e6d66980ece2e8d,https://github.com/tauri-apps/taur/tree/ff5e4dbbb01bf3fc9c5143df732c75eef6fd98cb,https://github.com/tauri-apps/taur/compare/df89ccc1912db6b81d43d56c9e6d66980ece2e8d...ff5e4dbbb01bf3fc9c5143df732c75eef6fd98cb
365,Tauri,35cd751adc6fef1f792696fa0cfb471b0bf99374,65fd674f50ba0395d5cea23daf9d2f49f95647fe,6652,https://github.com/tauri-apps/tauri/issues/6652,https://github.com/tauri-apps/taur/tree/35cd751adc6fef1f792696fa0cfb471b0bf99374,https://github.com/tauri-apps/taur/tree/65fd674f50ba0395d5cea23daf9d2f49f95647fe,https://github.com/tauri-apps/taur/compare/35cd751adc6fef1f792696fa0cfb471b0bf99374...65fd674f50ba0395d5cea23daf9d2f49f95647fe
366,Tauri,17da87d3cd7922da18e8e2e41fcb8519f5c45f50,45330e38193d0b2a01aa926aec433acc6b8f6597,6375,https://github.com/tauri-apps/tauri/issues/6375,https://github.com/tauri-apps/taur/tree/17da87d3cd7922da18e8e2e41fcb8519f5c45f50,https://github.com/tauri-apps/taur/tree/45330e38193d0b2a01aa926aec433acc6b8f6597,https://github.com/tauri-apps/taur/compare/17da87d3cd7922da18e8e2e41fcb8519f5c45f50...45330e38193d0b2a01aa926aec433acc6b8f6597
367,Tauri,735db1ce839a16ba998c9e6786c441e3bf6c90b3,1ed2600da67715908af857255305eaeb293d8791,6771,https://github.com/tauri-apps/tauri/issues/6771,https://github.com/tauri-apps/taur/tree/735db1ce839a16ba998c9e6786c441e3bf6c90b3,https://github.com/tauri-apps/taur/tree/1ed2600da67715908af857255305eaeb293d8791,https://github.com/tauri-apps/taur/compare/735db1ce839a16ba998c9e6786c441e3bf6c90b3...1ed2600da67715908af857255305eaeb293d8791
368,Tauri,60334f9e02f6fdf1510e234aacc8c23382a05554,df89ccc1912db6b81d43d56c9e6d66980ece2e8d,6955,https://github.com/tauri-apps/tauri/issues/6955,https://github.com/tauri-apps/taur/tree/60334f9e02f6fdf1510e234aacc8c23382a05554,https://github.com/tauri-apps/taur/tree/df89ccc1912db6b81d43d56c9e6d66980ece2e8d,https://github.com/tauri-apps/taur/compare/60334f9e02f6fdf1510e234aacc8c23382a05554...df89ccc1912db6b81d43d56c9e6d66980ece2e8d
369,Tauri,c596aaefcf1add09132c25f9d1720d89efa6f82a,3327dd641d929ff7457a37cd7e557b45314b9755,7081,https://github.com/tauri-apps/tauri/issues/7081,https://github.com/tauri-apps/taur/tree/c596aaefcf1add09132c25f9d1720d89efa6f82a,https://github.com/tauri-apps/taur/tree/3327dd641d929ff7457a37cd7e557b45314b9755,https://github.com/tauri-apps/taur/compare/c596aaefcf1add09132c25f9d1720d89efa6f82a...3327dd641d929ff7457a37cd7e557b45314b9755
370,Tauri,3327dd641d929ff7457a37cd7e557b45314b9755,85e77fb797ec17882f55d0944578d929fc6c9c1f,6762,https://github.com/tauri-apps/tauri/issues/6762,https://github.com/tauri-apps/taur/tree/3327dd641d929ff7457a37cd7e557b45314b9755,https://github.com/tauri-apps/taur/tree/85e77fb797ec17882f55d0944578d929fc6c9c1f,https://github.com/tauri-apps/taur/compare/3327dd641d929ff7457a37cd7e557b45314b9755...85e77fb797ec17882f55d0944578d929fc6c9c1f
371,Tauri,c4d6fb4b1ea8acf02707a9fe5dcab47c1c5bae7b,1b8001b8b8757b6914e9b61a71ad1e092a5fa754,7056,https://github.com/tauri-apps/tauri/issues/7056,https://github.com/tauri-apps/taur/tree/c4d6fb4b1ea8acf02707a9fe5dcab47c1c5bae7b,https://github.com/tauri-apps/taur/tree/1b8001b8b8757b6914e9b61a71ad1e092a5fa754,https://github.com/tauri-apps/taur/compare/c4d6fb4b1ea8acf02707a9fe5dcab47c1c5bae7b...1b8001b8b8757b6914e9b61a71ad1e092a5fa754
372,Tauri,baa581b8148ee1e14fa9942f21d77e388c63e4bb,3cb7a3e642bb10ee90dc1d24daa48b8c8c15c9ce,6997,https://github.com/tauri-apps/tauri/issues/6997,https://github.com/tauri-apps/taur/tree/baa581b8148ee1e14fa9942f21d77e388c63e4bb,https://github.com/tauri-apps/taur/tree/3cb7a3e642bb10ee90dc1d24daa48b8c8c15c9ce,https://github.com/tauri-apps/taur/compare/baa581b8148ee1e14fa9942f21d77e388c63e4bb...3cb7a3e642bb10ee90dc1d24daa48b8c8c15c9ce
373,Tauri,85e77fb797ec17882f55d0944578d929fc6c9c1f,0503eb69ce7df6b4ed8f5249fdb519b86cd57d8d,7078,https://github.com/tauri-apps/tauri/issues/7078,https://github.com/tauri-apps/taur/tree/85e77fb797ec17882f55d0944578d929fc6c9c1f,https://github.com/tauri-apps/taur/tree/0503eb69ce7df6b4ed8f5249fdb519b86cd57d8d,https://github.com/tauri-apps/taur/compare/85e77fb797ec17882f55d0944578d929fc6c9c1f...0503eb69ce7df6b4ed8f5249fdb519b86cd57d8d
374,Tauri,d68a25e32e012e57a9e5225b589b9ecbea70a887,17d5a4f51f244d3ff42014b5d1b075fad7c636a5,6706,https://github.com/tauri-apps/tauri/issues/6706,https://github.com/tauri-apps/taur/tree/d68a25e32e012e57a9e5225b589b9ecbea70a887,https://github.com/tauri-apps/taur/tree/17d5a4f51f244d3ff42014b5d1b075fad7c636a5,https://github.com/tauri-apps/taur/compare/d68a25e32e012e57a9e5225b589b9ecbea70a887...17d5a4f51f244d3ff42014b5d1b075fad7c636a5
375,Tauri,647800c5632ead1156b22df4fc9458825aea0b97,b41b57ebb27befd366db5befaafb6043c18fdfef,7105,https://github.com/tauri-apps/tauri/issues/7105,https://github.com/tauri-apps/taur/tree/647800c5632ead1156b22df4fc9458825aea0b97,https://github.com/tauri-apps/taur/tree/b41b57ebb27befd366db5befaafb6043c18fdfef,https://github.com/tauri-apps/taur/compare/647800c5632ead1156b22df4fc9458825aea0b97...b41b57ebb27befd366db5befaafb6043c18fdfef
376,Tauri,fc2e4083b0f1e7258590efba07ffb51496eebe09,076e1a81a50468e3dfb34ae9ca7e77c5e1758daa,7119,https://github.com/tauri-apps/tauri/issues/7119,https://github.com/tauri-apps/taur/tree/fc2e4083b0f1e7258590efba07ffb51496eebe09,https://github.com/tauri-apps/taur/tree/076e1a81a50468e3dfb34ae9ca7e77c5e1758daa,https://github.com/tauri-apps/taur/compare/fc2e4083b0f1e7258590efba07ffb51496eebe09...076e1a81a50468e3dfb34ae9ca7e77c5e1758daa
377,Tauri,696d77c3ce480f4a3b4c1c57dae64ff2bb7842ce,d75c1b829bd96d9e3a672bcc79120597d5ada4a0,7181,https://github.com/tauri-apps/tauri/issues/7181,https://github.com/tauri-apps/taur/tree/696d77c3ce480f4a3b4c1c57dae64ff2bb7842ce,https://github.com/tauri-apps/taur/tree/d75c1b829bd96d9e3a672bcc79120597d5ada4a0,https://github.com/tauri-apps/taur/compare/696d77c3ce480f4a3b4c1c57dae64ff2bb7842ce...d75c1b829bd96d9e3a672bcc79120597d5ada4a0
378,Tauri,0fa0fa4ccf3f7241397b0e01ae4df5989df80cc2,2d2fd6abe291ddf645fa2fdecc08111d2c0e258e,7191,https://github.com/tauri-apps/tauri/issues/7191,https://github.com/tauri-apps/taur/tree/0fa0fa4ccf3f7241397b0e01ae4df5989df80cc2,https://github.com/tauri-apps/taur/tree/2d2fd6abe291ddf645fa2fdecc08111d2c0e258e,https://github.com/tauri-apps/taur/compare/0fa0fa4ccf3f7241397b0e01ae4df5989df80cc2...2d2fd6abe291ddf645fa2fdecc08111d2c0e258e
379,Tauri,535f223eca8961fa9aa9f4a12aae2ab5904bf0e0,4847b87b1067dd8c6e73986059f51e6eee1f1121,7209,https://github.com/tauri-apps/tauri/issues/7209,https://github.com/tauri-apps/taur/tree/535f223eca8961fa9aa9f4a12aae2ab5904bf0e0,https://github.com/tauri-apps/taur/tree/4847b87b1067dd8c6e73986059f51e6eee1f1121,https://github.com/tauri-apps/taur/compare/535f223eca8961fa9aa9f4a12aae2ab5904bf0e0...4847b87b1067dd8c6e73986059f51e6eee1f1121
380,Tauri,8c0166f459cb61cb654423ed6adab1936d8732e4,1a3dcdb8302fad511f2c1cd418fbc4cff0bd62ac,7184,https://github.com/tauri-apps/tauri/issues/7184,https://github.com/tauri-apps/taur/tree/8c0166f459cb61cb654423ed6adab1936d8732e4,https://github.com/tauri-apps/taur/tree/1a3dcdb8302fad511f2c1cd418fbc4cff0bd62ac,https://github.com/tauri-apps/taur/compare/8c0166f459cb61cb654423ed6adab1936d8732e4...1a3dcdb8302fad511f2c1cd418fbc4cff0bd62ac
381,Tauri,5d85d0990cd13a1446953a58633edc24eda55afe,696d77c3ce480f4a3b4c1c57dae64ff2bb7842ce,4493,https://github.com/tauri-apps/tauri/issues/4493,https://github.com/tauri-apps/taur/tree/5d85d0990cd13a1446953a58633edc24eda55afe,https://github.com/tauri-apps/taur/tree/696d77c3ce480f4a3b4c1c57dae64ff2bb7842ce,https://github.com/tauri-apps/taur/compare/5d85d0990cd13a1446953a58633edc24eda55afe...696d77c3ce480f4a3b4c1c57dae64ff2bb7842ce
382,Tauri,076e1a81a50468e3dfb34ae9ca7e77c5e1758daa,5d85d0990cd13a1446953a58633edc24eda55afe,7128,https://github.com/tauri-apps/tauri/issues/7128,https://github.com/tauri-apps/taur/tree/076e1a81a50468e3dfb34ae9ca7e77c5e1758daa,https://github.com/tauri-apps/taur/tree/5d85d0990cd13a1446953a58633edc24eda55afe,https://github.com/tauri-apps/taur/compare/076e1a81a50468e3dfb34ae9ca7e77c5e1758daa...5d85d0990cd13a1446953a58633edc24eda55afe
383,Tauri,df6712cfb30c934ccb5eeaab8543e3b0e1193d13,dad4f54eec9773d2ea6233a7d9fd218741173823,7273,https://github.com/tauri-apps/tauri/issues/7273,https://github.com/tauri-apps/taur/tree/df6712cfb30c934ccb5eeaab8543e3b0e1193d13,https://github.com/tauri-apps/taur/tree/dad4f54eec9773d2ea6233a7d9fd218741173823,https://github.com/tauri-apps/taur/compare/df6712cfb30c934ccb5eeaab8543e3b0e1193d13...dad4f54eec9773d2ea6233a7d9fd218741173823
384,Tauri,b66e7d60f27d9a7973eae48d54cb72e30a710cca,0fa0fa4ccf3f7241397b0e01ae4df5989df80cc2,7176,https://github.com/tauri-apps/tauri/issues/7176,https://github.com/tauri-apps/taur/tree/b66e7d60f27d9a7973eae48d54cb72e30a710cca,https://github.com/tauri-apps/taur/tree/0fa0fa4ccf3f7241397b0e01ae4df5989df80cc2,https://github.com/tauri-apps/taur/compare/b66e7d60f27d9a7973eae48d54cb72e30a710cca...0fa0fa4ccf3f7241397b0e01ae4df5989df80cc2
385,Tauri,1ed2600da67715908af857255305eaeb293d8791,a50f24b2bd93864cacd9047b6fcd152f71a38c45,6045,https://github.com/tauri-apps/tauri/issues/6045,https://github.com/tauri-apps/taur/tree/1ed2600da67715908af857255305eaeb293d8791,https://github.com/tauri-apps/taur/tree/a50f24b2bd93864cacd9047b6fcd152f71a38c45,https://github.com/tauri-apps/taur/compare/1ed2600da67715908af857255305eaeb293d8791...a50f24b2bd93864cacd9047b6fcd152f71a38c45
386,Tauri,1ed2600da67715908af857255305eaeb293d8791,a50f24b2bd93864cacd9047b6fcd152f71a38c45,5208,https://github.com/tauri-apps/tauri/issues/5208,https://github.com/tauri-apps/taur/tree/1ed2600da67715908af857255305eaeb293d8791,https://github.com/tauri-apps/taur/tree/a50f24b2bd93864cacd9047b6fcd152f71a38c45,https://github.com/tauri-apps/taur/compare/1ed2600da67715908af857255305eaeb293d8791...a50f24b2bd93864cacd9047b6fcd152f71a38c45
387,Tauri,1ed2600da67715908af857255305eaeb293d8791,a50f24b2bd93864cacd9047b6fcd152f71a38c45,6992,https://github.com/tauri-apps/tauri/issues/6992,https://github.com/tauri-apps/taur/tree/1ed2600da67715908af857255305eaeb293d8791,https://github.com/tauri-apps/taur/tree/a50f24b2bd93864cacd9047b6fcd152f71a38c45,https://github.com/tauri-apps/taur/compare/1ed2600da67715908af857255305eaeb293d8791...a50f24b2bd93864cacd9047b6fcd152f71a38c45
388,Tauri,1ed2600da67715908af857255305eaeb293d8791,a50f24b2bd93864cacd9047b6fcd152f71a38c45,6794,https://github.com/tauri-apps/tauri/issues/6794,https://github.com/tauri-apps/taur/tree/1ed2600da67715908af857255305eaeb293d8791,https://github.com/tauri-apps/taur/tree/a50f24b2bd93864cacd9047b6fcd152f71a38c45,https://github.com/tauri-apps/taur/compare/1ed2600da67715908af857255305eaeb293d8791...a50f24b2bd93864cacd9047b6fcd152f71a38c45
389,Tauri,f4aedce96c684d5f8b7cac380408a429dfb57cc9,46df2c9b917096388695f72ca4c56791fe652ef6,7349,https://github.com/tauri-apps/tauri/issues/7349,https://github.com/tauri-apps/taur/tree/f4aedce96c684d5f8b7cac380408a429dfb57cc9,https://github.com/tauri-apps/taur/tree/46df2c9b917096388695f72ca4c56791fe652ef6,https://github.com/tauri-apps/taur/compare/f4aedce96c684d5f8b7cac380408a429dfb57cc9...46df2c9b917096388695f72ca4c56791fe652ef6
390,Tauri,46df2c9b917096388695f72ca4c56791fe652ef6,0ae53f413948c7b955e595aa9c6c9e777caa8666,7317,https://github.com/tauri-apps/tauri/issues/7317,https://github.com/tauri-apps/taur/tree/46df2c9b917096388695f72ca4c56791fe652ef6,https://github.com/tauri-apps/taur/tree/0ae53f413948c7b955e595aa9c6c9e777caa8666,https://github.com/tauri-apps/taur/compare/46df2c9b917096388695f72ca4c56791fe652ef6...0ae53f413948c7b955e595aa9c6c9e777caa8666
391,Tauri,eeff1784e1ffa568e4ba024e17dd611f8e086784,fa7f9b77ab8f0c890e9d7b120901610e0d3e4c46,7329,https://github.com/tauri-apps/tauri/issues/7329,https://github.com/tauri-apps/taur/tree/eeff1784e1ffa568e4ba024e17dd611f8e086784,https://github.com/tauri-apps/taur/tree/fa7f9b77ab8f0c890e9d7b120901610e0d3e4c46,https://github.com/tauri-apps/taur/compare/eeff1784e1ffa568e4ba024e17dd611f8e086784...fa7f9b77ab8f0c890e9d7b120901610e0d3e4c46
392,Tauri,32218a6f8c1d90c2503e7cbc4523e4ab464ba032,6e36ebbf84dee11a98d8df916c316c7d6f67b2a8,7315,https://github.com/tauri-apps/tauri/issues/7315,https://github.com/tauri-apps/taur/tree/32218a6f8c1d90c2503e7cbc4523e4ab464ba032,https://github.com/tauri-apps/taur/tree/6e36ebbf84dee11a98d8df916c316c7d6f67b2a8,https://github.com/tauri-apps/taur/compare/32218a6f8c1d90c2503e7cbc4523e4ab464ba032...6e36ebbf84dee11a98d8df916c316c7d6f67b2a8
393,Tauri,fdaee9a5ce988c448dd035c2050c339d275e8d15,2eab1505632ff71431d4c31c49b5afc78fa5b9dd,7390,https://github.com/tauri-apps/tauri/issues/7390,https://github.com/tauri-apps/taur/tree/fdaee9a5ce988c448dd035c2050c339d275e8d15,https://github.com/tauri-apps/taur/tree/2eab1505632ff71431d4c31c49b5afc78fa5b9dd,https://github.com/tauri-apps/taur/compare/fdaee9a5ce988c448dd035c2050c339d275e8d15...2eab1505632ff71431d4c31c49b5afc78fa5b9dd
394,Tauri,290e366ae98e9a52b1b43bfd3e285150427ebffa,ef962c43afcd86dfaf69dbcc349e4bbed60eda98,3933,https://github.com/tauri-apps/tauri/issues/3933,https://github.com/tauri-apps/taur/tree/290e366ae98e9a52b1b43bfd3e285150427ebffa,https://github.com/tauri-apps/taur/tree/ef962c43afcd86dfaf69dbcc349e4bbed60eda98,https://github.com/tauri-apps/taur/compare/290e366ae98e9a52b1b43bfd3e285150427ebffa...ef962c43afcd86dfaf69dbcc349e4bbed60eda98
395,Tauri,2d35f937de59272d26556310155c0b15d849953c,57f73f1b6a07e690d122d7534a0b3531c8c12c03,7409,https://github.com/tauri-apps/tauri/issues/7409,https://github.com/tauri-apps/taur/tree/2d35f937de59272d26556310155c0b15d849953c,https://github.com/tauri-apps/taur/tree/57f73f1b6a07e690d122d7534a0b3531c8c12c03,https://github.com/tauri-apps/taur/compare/2d35f937de59272d26556310155c0b15d849953c...57f73f1b6a07e690d122d7534a0b3531c8c12c03
396,Tauri,fa7f9b77ab8f0c890e9d7b120901610e0d3e4c46,757e959eb276ed535cfddb0dea8897c56441c644,7285,https://github.com/tauri-apps/tauri/issues/7285,https://github.com/tauri-apps/taur/tree/fa7f9b77ab8f0c890e9d7b120901610e0d3e4c46,https://github.com/tauri-apps/taur/tree/757e959eb276ed535cfddb0dea8897c56441c644,https://github.com/tauri-apps/taur/compare/fa7f9b77ab8f0c890e9d7b120901610e0d3e4c46...757e959eb276ed535cfddb0dea8897c56441c644
397,Tauri,9308dee0a1cf59790b1ef36b769540c429e76379,ca977f4b87c66808b4eac31a6d1925842b4c1570,7588,https://github.com/tauri-apps/tauri/issues/7588,https://github.com/tauri-apps/taur/tree/9308dee0a1cf59790b1ef36b769540c429e76379,https://github.com/tauri-apps/taur/tree/ca977f4b87c66808b4eac31a6d1925842b4c1570,https://github.com/tauri-apps/taur/compare/9308dee0a1cf59790b1ef36b769540c429e76379...ca977f4b87c66808b4eac31a6d1925842b4c1570
398,Tauri,41067cef00fd352b573677c153b8471ec3ad0c4a,e98393e499c03504851e97dd9f740b817c4534df,7673,https://github.com/tauri-apps/tauri/issues/7673,https://github.com/tauri-apps/taur/tree/41067cef00fd352b573677c153b8471ec3ad0c4a,https://github.com/tauri-apps/taur/tree/e98393e499c03504851e97dd9f740b817c4534df,https://github.com/tauri-apps/taur/compare/41067cef00fd352b573677c153b8471ec3ad0c4a...e98393e499c03504851e97dd9f740b817c4534df
399,Tauri,757e959eb276ed535cfddb0dea8897c56441c644,764968ab383ec639e061986bc2411dd44e71b612,7348,https://github.com/tauri-apps/tauri/issues/7348,https://github.com/tauri-apps/taur/tree/757e959eb276ed535cfddb0dea8897c56441c644,https://github.com/tauri-apps/taur/tree/764968ab383ec639e061986bc2411dd44e71b612,https://github.com/tauri-apps/taur/compare/757e959eb276ed535cfddb0dea8897c56441c644...764968ab383ec639e061986bc2411dd44e71b612
400,Tauri,53ab2042fd812b0d82f084b249633f4c4f05c516,0797a002caad29cd8bedccf01f64bf3b45a5e528,7694,https://github.com/tauri-apps/tauri/issues/7694,https://github.com/tauri-apps/taur/tree/53ab2042fd812b0d82f084b249633f4c4f05c516,https://github.com/tauri-apps/taur/tree/0797a002caad29cd8bedccf01f64bf3b45a5e528,https://github.com/tauri-apps/taur/compare/53ab2042fd812b0d82f084b249633f4c4f05c516...0797a002caad29cd8bedccf01f64bf3b45a5e528
401,Tauri,e98393e499c03504851e97dd9f740b817c4534df,29818de682146a75cd9a886f7b215154cad1d42d,7662,https://github.com/tauri-apps/tauri/issues/7662,https://github.com/tauri-apps/taur/tree/e98393e499c03504851e97dd9f740b817c4534df,https://github.com/tauri-apps/taur/tree/29818de682146a75cd9a886f7b215154cad1d42d,https://github.com/tauri-apps/taur/compare/e98393e499c03504851e97dd9f740b817c4534df...29818de682146a75cd9a886f7b215154cad1d42d
402,Tauri,822ba2b1215feab58aabf50959afb09f946e5617,d5074af562b2b5cb6c5711442097c4058af32db6,7801,https://github.com/tauri-apps/tauri/issues/7801,https://github.com/tauri-apps/taur/tree/822ba2b1215feab58aabf50959afb09f946e5617,https://github.com/tauri-apps/taur/tree/d5074af562b2b5cb6c5711442097c4058af32db6,https://github.com/tauri-apps/taur/compare/822ba2b1215feab58aabf50959afb09f946e5617...d5074af562b2b5cb6c5711442097c4058af32db6
403,Tauri,2eab1505632ff71431d4c31c49b5afc78fa5b9dd,c98273387c0ffbb8d0de78ce17006411a1f503ee,7379,https://github.com/tauri-apps/tauri/issues/7379,https://github.com/tauri-apps/taur/tree/2eab1505632ff71431d4c31c49b5afc78fa5b9dd,https://github.com/tauri-apps/taur/tree/c98273387c0ffbb8d0de78ce17006411a1f503ee,https://github.com/tauri-apps/taur/compare/2eab1505632ff71431d4c31c49b5afc78fa5b9dd...c98273387c0ffbb8d0de78ce17006411a1f503ee
404,Tauri,c98273387c0ffbb8d0de78ce17006411a1f503ee,290e366ae98e9a52b1b43bfd3e285150427ebffa,7373,https://github.com/tauri-apps/tauri/issues/7373,https://github.com/tauri-apps/taur/tree/c98273387c0ffbb8d0de78ce17006411a1f503ee,https://github.com/tauri-apps/taur/tree/290e366ae98e9a52b1b43bfd3e285150427ebffa,https://github.com/tauri-apps/taur/compare/c98273387c0ffbb8d0de78ce17006411a1f503ee...290e366ae98e9a52b1b43bfd3e285150427ebffa
405,Tauri,3c66a53a9e70e10ec0fa5a816900144820753d3d,100d9ede35995d9db21d2087dd5606adfafb89a5,7785,https://github.com/tauri-apps/tauri/issues/7785,https://github.com/tauri-apps/taur/tree/3c66a53a9e70e10ec0fa5a816900144820753d3d,https://github.com/tauri-apps/taur/tree/100d9ede35995d9db21d2087dd5606adfafb89a5,https://github.com/tauri-apps/taur/compare/3c66a53a9e70e10ec0fa5a816900144820753d3d...100d9ede35995d9db21d2087dd5606adfafb89a5
406,Tauri,0b0bc81710affc5d2c664589ecec53da313936d8,4bf1e85e6bf85a7ec92d50c8465bc0588a6399d8,7519,https://github.com/tauri-apps/tauri/issues/7519,https://github.com/tauri-apps/taur/tree/0b0bc81710affc5d2c664589ecec53da313936d8,https://github.com/tauri-apps/taur/tree/4bf1e85e6bf85a7ec92d50c8465bc0588a6399d8,https://github.com/tauri-apps/taur/compare/0b0bc81710affc5d2c664589ecec53da313936d8...4bf1e85e6bf85a7ec92d50c8465bc0588a6399d8
407,Tauri,9edebbba4ec472772b2f6307232e8d256f62c8ba,a6b52e44f22844009e273fb0250368d7a463f095,6388,https://github.com/tauri-apps/tauri/issues/6388,https://github.com/tauri-apps/taur/tree/9edebbba4ec472772b2f6307232e8d256f62c8ba,https://github.com/tauri-apps/taur/tree/a6b52e44f22844009e273fb0250368d7a463f095,https://github.com/tauri-apps/taur/compare/9edebbba4ec472772b2f6307232e8d256f62c8ba...a6b52e44f22844009e273fb0250368d7a463f095
408,Tauri,2f8881c010fa3493c092ddf3a343df08d7a79fc9,dcdbe3eb6cc7d8a43caef98dfce71a11a4597644,7690,https://github.com/tauri-apps/tauri/issues/7690,https://github.com/tauri-apps/taur/tree/2f8881c010fa3493c092ddf3a343df08d7a79fc9,https://github.com/tauri-apps/taur/tree/dcdbe3eb6cc7d8a43caef98dfce71a11a4597644,https://github.com/tauri-apps/taur/compare/2f8881c010fa3493c092ddf3a343df08d7a79fc9...dcdbe3eb6cc7d8a43caef98dfce71a11a4597644
409,Tauri,dcdbe3eb6cc7d8a43caef98dfce71a11a4597644,5ecb46b3410afd1b5c82494c1e0a91d5a358c41a,7710,https://github.com/tauri-apps/tauri/issues/7710,https://github.com/tauri-apps/taur/tree/dcdbe3eb6cc7d8a43caef98dfce71a11a4597644,https://github.com/tauri-apps/taur/tree/5ecb46b3410afd1b5c82494c1e0a91d5a358c41a,https://github.com/tauri-apps/taur/compare/dcdbe3eb6cc7d8a43caef98dfce71a11a4597644...5ecb46b3410afd1b5c82494c1e0a91d5a358c41a
410,Tauri,dcdbe3eb6cc7d8a43caef98dfce71a11a4597644,5ecb46b3410afd1b5c82494c1e0a91d5a358c41a,7690,https://github.com/tauri-apps/tauri/issues/7690,https://github.com/tauri-apps/taur/tree/dcdbe3eb6cc7d8a43caef98dfce71a11a4597644,https://github.com/tauri-apps/taur/tree/5ecb46b3410afd1b5c82494c1e0a91d5a358c41a,https://github.com/tauri-apps/taur/compare/dcdbe3eb6cc7d8a43caef98dfce71a11a4597644...5ecb46b3410afd1b5c82494c1e0a91d5a358c41a
411,Tauri,d1858de7a00b093eb02cb4f75362800ecea0c464,c68fbfcb2d7a5b81e04c90edbb8fc43d1a895ab1,7736,https://github.com/tauri-apps/tauri/issues/7736,https://github.com/tauri-apps/taur/tree/d1858de7a00b093eb02cb4f75362800ecea0c464,https://github.com/tauri-apps/taur/tree/c68fbfcb2d7a5b81e04c90edbb8fc43d1a895ab1,https://github.com/tauri-apps/taur/compare/d1858de7a00b093eb02cb4f75362800ecea0c464...c68fbfcb2d7a5b81e04c90edbb8fc43d1a895ab1
412,Tauri,3671edbcff37447c95382ab4c9fd1c36a460a037,d6eb46cf1116d147121f6b6db9d390b5e2fb238d,7917,https://github.com/tauri-apps/tauri/issues/7917,https://github.com/tauri-apps/taur/tree/3671edbcff37447c95382ab4c9fd1c36a460a037,https://github.com/tauri-apps/taur/tree/d6eb46cf1116d147121f6b6db9d390b5e2fb238d,https://github.com/tauri-apps/taur/compare/3671edbcff37447c95382ab4c9fd1c36a460a037...d6eb46cf1116d147121f6b6db9d390b5e2fb238d
413,Tauri,19249d78fb3c8c44a2c735848dcc2cf2e7d6f517,cdd5516f339ad4345623a1e785c6e2c3a77477f8,7931,https://github.com/tauri-apps/tauri/issues/7931,https://github.com/tauri-apps/taur/tree/19249d78fb3c8c44a2c735848dcc2cf2e7d6f517,https://github.com/tauri-apps/taur/tree/cdd5516f339ad4345623a1e785c6e2c3a77477f8,https://github.com/tauri-apps/taur/compare/19249d78fb3c8c44a2c735848dcc2cf2e7d6f517...cdd5516f339ad4345623a1e785c6e2c3a77477f8
414,Tauri,990295304f1a1042d329cb8fe248be5c05a6cbaa,d6fd1219743eca80793b9e54616b59391a3e1502,7842,https://github.com/tauri-apps/tauri/issues/7842,https://github.com/tauri-apps/taur/tree/990295304f1a1042d329cb8fe248be5c05a6cbaa,https://github.com/tauri-apps/taur/tree/d6fd1219743eca80793b9e54616b59391a3e1502,https://github.com/tauri-apps/taur/compare/990295304f1a1042d329cb8fe248be5c05a6cbaa...d6fd1219743eca80793b9e54616b59391a3e1502
415,Tauri,dfe0badf19dd3d3f227999a3cf2c4818dacd105b,2b0212af49c386e52bb2357381813d6d435ec4af,7935,https://github.com/tauri-apps/tauri/issues/7935,https://github.com/tauri-apps/taur/tree/dfe0badf19dd3d3f227999a3cf2c4818dacd105b,https://github.com/tauri-apps/taur/tree/2b0212af49c386e52bb2357381813d6d435ec4af,https://github.com/tauri-apps/taur/compare/dfe0badf19dd3d3f227999a3cf2c4818dacd105b...2b0212af49c386e52bb2357381813d6d435ec4af
416,Tauri,1241014a467633adea31f16cff3bdbe017dcd14b,21cdbb41a38f465148bbeb82feb3e7886c320182,7973,https://github.com/tauri-apps/tauri/issues/7973,https://github.com/tauri-apps/taur/tree/1241014a467633adea31f16cff3bdbe017dcd14b,https://github.com/tauri-apps/taur/tree/21cdbb41a38f465148bbeb82feb3e7886c320182,https://github.com/tauri-apps/taur/compare/1241014a467633adea31f16cff3bdbe017dcd14b...21cdbb41a38f465148bbeb82feb3e7886c320182
417,Tauri,100d9ede35995d9db21d2087dd5606adfafb89a5,a68ccaf59a6731dc030bdb4642a35e3bc64d5769,7815,https://github.com/tauri-apps/tauri/issues/7815,https://github.com/tauri-apps/taur/tree/100d9ede35995d9db21d2087dd5606adfafb89a5,https://github.com/tauri-apps/taur/tree/a68ccaf59a6731dc030bdb4642a35e3bc64d5769,https://github.com/tauri-apps/taur/compare/100d9ede35995d9db21d2087dd5606adfafb89a5...a68ccaf59a6731dc030bdb4642a35e3bc64d5769
418,Tauri,228e5a4c76ad5f97409c912d07699b49ba4bb162,1bce7397a496ca0cecf67fb5e3ec69d90fc871b0,7736,https://github.com/tauri-apps/tauri/issues/7736,https://github.com/tauri-apps/taur/tree/228e5a4c76ad5f97409c912d07699b49ba4bb162,https://github.com/tauri-apps/taur/tree/1bce7397a496ca0cecf67fb5e3ec69d90fc871b0,https://github.com/tauri-apps/taur/compare/228e5a4c76ad5f97409c912d07699b49ba4bb162...1bce7397a496ca0cecf67fb5e3ec69d90fc871b0
419,Tauri,01a7a983aba2946b455a608b8a6a4b08cb25fc11,a5479712095c224e2cb147d5c271acbc2fc97e79,8164,https://github.com/tauri-apps/tauri/issues/8164,https://github.com/tauri-apps/taur/tree/01a7a983aba2946b455a608b8a6a4b08cb25fc11,https://github.com/tauri-apps/taur/tree/a5479712095c224e2cb147d5c271acbc2fc97e79,https://github.com/tauri-apps/taur/compare/01a7a983aba2946b455a608b8a6a4b08cb25fc11...a5479712095c224e2cb147d5c271acbc2fc97e79
420,Tauri,bfbbefdb9e13ed1f42f6db7fa9ceaa84db1267e9,88dac86f3b301d1919df6473a9e20f46b560f29b,8017,https://github.com/tauri-apps/tauri/issues/8017,https://github.com/tauri-apps/taur/tree/bfbbefdb9e13ed1f42f6db7fa9ceaa84db1267e9,https://github.com/tauri-apps/taur/tree/88dac86f3b301d1919df6473a9e20f46b560f29b,https://github.com/tauri-apps/taur/compare/bfbbefdb9e13ed1f42f6db7fa9ceaa84db1267e9...88dac86f3b301d1919df6473a9e20f46b560f29b
421,Tauri,416370a6276efd4d67287dc1d6ee4f1c7a1500e4,1d5aa38ae418ea31f593590b6d32cf04d3bfd8c1,8110,https://github.com/tauri-apps/tauri/issues/8110,https://github.com/tauri-apps/taur/tree/416370a6276efd4d67287dc1d6ee4f1c7a1500e4,https://github.com/tauri-apps/taur/tree/1d5aa38ae418ea31f593590b6d32cf04d3bfd8c1,https://github.com/tauri-apps/taur/compare/416370a6276efd4d67287dc1d6ee4f1c7a1500e4...1d5aa38ae418ea31f593590b6d32cf04d3bfd8c1
422,Tauri,287066b279f503dd09bfd43d5da37d1f471451fb,efe7811804a32c45f55686a9541b44c022cc571e,8073,https://github.com/tauri-apps/tauri/issues/8073,https://github.com/tauri-apps/taur/tree/287066b279f503dd09bfd43d5da37d1f471451fb,https://github.com/tauri-apps/taur/tree/efe7811804a32c45f55686a9541b44c022cc571e,https://github.com/tauri-apps/taur/compare/287066b279f503dd09bfd43d5da37d1f471451fb...efe7811804a32c45f55686a9541b44c022cc571e
423,Tauri,1c582a942e345a066b65620e4db9f688ec142bb9,0d0501cb7b5e767c51a3697a148acfe84211a7ad,8177,https://github.com/tauri-apps/tauri/issues/8177,https://github.com/tauri-apps/taur/tree/1c582a942e345a066b65620e4db9f688ec142bb9,https://github.com/tauri-apps/taur/tree/0d0501cb7b5e767c51a3697a148acfe84211a7ad,https://github.com/tauri-apps/taur/compare/1c582a942e345a066b65620e4db9f688ec142bb9...0d0501cb7b5e767c51a3697a148acfe84211a7ad
424,Tauri,50e9caad648f793d69a673224a447bd2f272cbb4,9b230de7bc6690c2733f5324d50b999af1f7a6ef,8252,https://github.com/tauri-apps/tauri/issues/8252,https://github.com/tauri-apps/taur/tree/50e9caad648f793d69a673224a447bd2f272cbb4,https://github.com/tauri-apps/taur/tree/9b230de7bc6690c2733f5324d50b999af1f7a6ef,https://github.com/tauri-apps/taur/compare/50e9caad648f793d69a673224a447bd2f272cbb4...9b230de7bc6690c2733f5324d50b999af1f7a6ef
425,Tauri,5ecb46b3410afd1b5c82494c1e0a91d5a358c41a,e8ff6b153ef01a8de772c8703972c1d67a1a5b32,7886,https://github.com/tauri-apps/tauri/issues/7886,https://github.com/tauri-apps/taur/tree/5ecb46b3410afd1b5c82494c1e0a91d5a358c41a,https://github.com/tauri-apps/taur/tree/e8ff6b153ef01a8de772c8703972c1d67a1a5b32,https://github.com/tauri-apps/taur/compare/5ecb46b3410afd1b5c82494c1e0a91d5a358c41a...e8ff6b153ef01a8de772c8703972c1d67a1a5b32
426,Tauri,9b230de7bc6690c2733f5324d50b999af1f7a6ef,50a3d170f242178d41fe7e8a3adf964541f6fe9c,8074,https://github.com/tauri-apps/tauri/issues/8074,https://github.com/tauri-apps/taur/tree/9b230de7bc6690c2733f5324d50b999af1f7a6ef,https://github.com/tauri-apps/taur/tree/50a3d170f242178d41fe7e8a3adf964541f6fe9c,https://github.com/tauri-apps/taur/compare/9b230de7bc6690c2733f5324d50b999af1f7a6ef...50a3d170f242178d41fe7e8a3adf964541f6fe9c
427,Tauri,50a3d170f242178d41fe7e8a3adf964541f6fe9c,645e1dcc6e113564e2ddaacf9cb8338aed1a0bd0,8296,https://github.com/tauri-apps/tauri/issues/8296,https://github.com/tauri-apps/taur/tree/50a3d170f242178d41fe7e8a3adf964541f6fe9c,https://github.com/tauri-apps/taur/tree/645e1dcc6e113564e2ddaacf9cb8338aed1a0bd0,https://github.com/tauri-apps/taur/compare/50a3d170f242178d41fe7e8a3adf964541f6fe9c...645e1dcc6e113564e2ddaacf9cb8338aed1a0bd0
428,Tauri,645e1dcc6e113564e2ddaacf9cb8338aed1a0bd0,0a2175eabb736b2a4cd01ab682e08be0b5ebb2b9,8403,https://github.com/tauri-apps/tauri/issues/8403,https://github.com/tauri-apps/taur/tree/645e1dcc6e113564e2ddaacf9cb8338aed1a0bd0,https://github.com/tauri-apps/taur/tree/0a2175eabb736b2a4cd01ab682e08be0b5ebb2b9,https://github.com/tauri-apps/taur/compare/645e1dcc6e113564e2ddaacf9cb8338aed1a0bd0...0a2175eabb736b2a4cd01ab682e08be0b5ebb2b9
429,Tauri,04a682beb084b3f5a25cb2becbf910758f5de2a9,b5f40ae58dded34b9ddef8e301d0e6e777d135d6,8146,https://github.com/tauri-apps/tauri/issues/8146,https://github.com/tauri-apps/taur/tree/04a682beb084b3f5a25cb2becbf910758f5de2a9,https://github.com/tauri-apps/taur/tree/b5f40ae58dded34b9ddef8e301d0e6e777d135d6,https://github.com/tauri-apps/taur/compare/04a682beb084b3f5a25cb2becbf910758f5de2a9...b5f40ae58dded34b9ddef8e301d0e6e777d135d6
430,Tauri,89911296e475d5c36f3486b9b75232505846e767,67d7877f27f265c133a70d48a46c83ffff31d571,8509,https://github.com/tauri-apps/tauri/issues/8509,https://github.com/tauri-apps/taur/tree/89911296e475d5c36f3486b9b75232505846e767,https://github.com/tauri-apps/taur/tree/67d7877f27f265c133a70d48a46c83ffff31d571,https://github.com/tauri-apps/taur/compare/89911296e475d5c36f3486b9b75232505846e767...67d7877f27f265c133a70d48a46c83ffff31d571
431,Tauri,b546b42db7e75a59232367dd6212fe3b75bb4c6d,6bdba1f330bedb5cdeda49eca1e295f281eb82eb,7992,https://github.com/tauri-apps/tauri/issues/7992,https://github.com/tauri-apps/taur/tree/b546b42db7e75a59232367dd6212fe3b75bb4c6d,https://github.com/tauri-apps/taur/tree/6bdba1f330bedb5cdeda49eca1e295f281eb82eb,https://github.com/tauri-apps/taur/compare/b546b42db7e75a59232367dd6212fe3b75bb4c6d...6bdba1f330bedb5cdeda49eca1e295f281eb82eb
432,Tauri,446fc99bbea41c12004ef1c7397dc8fcce361e59,8f8729d91843acd2bd2a24731db865d690dd9ab1,8306,https://github.com/tauri-apps/tauri/issues/8306,https://github.com/tauri-apps/taur/tree/446fc99bbea41c12004ef1c7397dc8fcce361e59,https://github.com/tauri-apps/taur/tree/8f8729d91843acd2bd2a24731db865d690dd9ab1,https://github.com/tauri-apps/taur/compare/446fc99bbea41c12004ef1c7397dc8fcce361e59...8f8729d91843acd2bd2a24731db865d690dd9ab1
433,Tauri,1d5aa38ae418ea31f593590b6d32cf04d3bfd8c1,14544e4b87269c06c89fed3647d80f492e0a1d34,8179,https://github.com/tauri-apps/tauri/issues/8179,https://github.com/tauri-apps/taur/tree/1d5aa38ae418ea31f593590b6d32cf04d3bfd8c1,https://github.com/tauri-apps/taur/tree/14544e4b87269c06c89fed3647d80f492e0a1d34,https://github.com/tauri-apps/taur/compare/1d5aa38ae418ea31f593590b6d32cf04d3bfd8c1...14544e4b87269c06c89fed3647d80f492e0a1d34
434,Tauri,777ddf434a966966dc8918322c1ec9ee3f822ee2,30adc8d45de92842cb0e29d90a7a2fa051285234,8335,https://github.com/tauri-apps/tauri/issues/8335,https://github.com/tauri-apps/taur/tree/777ddf434a966966dc8918322c1ec9ee3f822ee2,https://github.com/tauri-apps/taur/tree/30adc8d45de92842cb0e29d90a7a2fa051285234,https://github.com/tauri-apps/taur/compare/777ddf434a966966dc8918322c1ec9ee3f822ee2...30adc8d45de92842cb0e29d90a7a2fa051285234
435,Tauri,af565c2a20aece2ee3dbd99bdeaf8d4441de3d51,cb640c8e949a3d78d78162e2e61b51bf8afae983,8206,https://github.com/tauri-apps/tauri/issues/8206,https://github.com/tauri-apps/taur/tree/af565c2a20aece2ee3dbd99bdeaf8d4441de3d51,https://github.com/tauri-apps/taur/tree/cb640c8e949a3d78d78162e2e61b51bf8afae983,https://github.com/tauri-apps/taur/compare/af565c2a20aece2ee3dbd99bdeaf8d4441de3d51...cb640c8e949a3d78d78162e2e61b51bf8afae983
436,Tauri,6bdba1f330bedb5cdeda49eca1e295f281eb82eb,1ca69bcf2f9748b4eb3aab58dce0abf18efbbbc2,8515,https://github.com/tauri-apps/tauri/issues/8515,https://github.com/tauri-apps/taur/tree/6bdba1f330bedb5cdeda49eca1e295f281eb82eb,https://github.com/tauri-apps/taur/tree/1ca69bcf2f9748b4eb3aab58dce0abf18efbbbc2,https://github.com/tauri-apps/taur/compare/6bdba1f330bedb5cdeda49eca1e295f281eb82eb...1ca69bcf2f9748b4eb3aab58dce0abf18efbbbc2
437,Tauri,e0b38d7434e50ee40468282f84ed5545d91c0e66,9f8037c2882abac19582025001675370f0d7b669,8632,https://github.com/tauri-apps/tauri/issues/8632,https://github.com/tauri-apps/taur/tree/e0b38d7434e50ee40468282f84ed5545d91c0e66,https://github.com/tauri-apps/taur/tree/9f8037c2882abac19582025001675370f0d7b669,https://github.com/tauri-apps/taur/compare/e0b38d7434e50ee40468282f84ed5545d91c0e66...9f8037c2882abac19582025001675370f0d7b669
438,Tauri,0bff8c325d004fdead2023f58e0f5fd73a9c22ba,8ce51cec3baf4ed88d80c59bf3bbe96fd369c7a0,7402,https://github.com/tauri-apps/tauri/issues/7402,https://github.com/tauri-apps/taur/tree/0bff8c325d004fdead2023f58e0f5fd73a9c22ba,https://github.com/tauri-apps/taur/tree/8ce51cec3baf4ed88d80c59bf3bbe96fd369c7a0,https://github.com/tauri-apps/taur/compare/0bff8c325d004fdead2023f58e0f5fd73a9c22ba...8ce51cec3baf4ed88d80c59bf3bbe96fd369c7a0
439,Tauri,00e1567584721644797b587205187f9cbe4e5cd1,58fe2e812a85b9f4eba105286a63f271ea637836,5478,https://github.com/tauri-apps/tauri/issues/5478,https://github.com/tauri-apps/taur/tree/00e1567584721644797b587205187f9cbe4e5cd1,https://github.com/tauri-apps/taur/tree/58fe2e812a85b9f4eba105286a63f271ea637836,https://github.com/tauri-apps/taur/compare/00e1567584721644797b587205187f9cbe4e5cd1...58fe2e812a85b9f4eba105286a63f271ea637836
440,Tauri,a9b2c0625c084e11b6207c4d20fb555356598346,0bff8c325d004fdead2023f58e0f5fd73a9c22ba,8148,https://github.com/tauri-apps/tauri/issues/8148,https://github.com/tauri-apps/taur/tree/a9b2c0625c084e11b6207c4d20fb555356598346,https://github.com/tauri-apps/taur/tree/0bff8c325d004fdead2023f58e0f5fd73a9c22ba,https://github.com/tauri-apps/taur/compare/a9b2c0625c084e11b6207c4d20fb555356598346...0bff8c325d004fdead2023f58e0f5fd73a9c22ba
441,Tauri,19fb5f0b20479885bf8bc4fdd8c431052420191d,2e6db908d7b3a2c928c46b0ad9ccf9ec55a29480,8754,https://github.com/tauri-apps/tauri/issues/8754,https://github.com/tauri-apps/taur/tree/19fb5f0b20479885bf8bc4fdd8c431052420191d,https://github.com/tauri-apps/taur/tree/2e6db908d7b3a2c928c46b0ad9ccf9ec55a29480,https://github.com/tauri-apps/taur/compare/19fb5f0b20479885bf8bc4fdd8c431052420191d...2e6db908d7b3a2c928c46b0ad9ccf9ec55a29480
442,Tauri,16e550ec1503765158cdc3bb2a20e70ec710e981,e52d5e573fbb611c86ae9aa218d2b5248ab7c353,4777,https://github.com/tauri-apps/tauri/issues/4777,https://github.com/tauri-apps/taur/tree/16e550ec1503765158cdc3bb2a20e70ec710e981,https://github.com/tauri-apps/taur/tree/e52d5e573fbb611c86ae9aa218d2b5248ab7c353,https://github.com/tauri-apps/taur/compare/16e550ec1503765158cdc3bb2a20e70ec710e981...e52d5e573fbb611c86ae9aa218d2b5248ab7c353
443,Tauri,18ff84fc8146f9a27d04749df1cb7dee8a26e6a2,3fb414b61ad7cfce67751230826fddfb39effec5,8912,https://github.com/tauri-apps/tauri/issues/8912,https://github.com/tauri-apps/taur/tree/18ff84fc8146f9a27d04749df1cb7dee8a26e6a2,https://github.com/tauri-apps/taur/tree/3fb414b61ad7cfce67751230826fddfb39effec5,https://github.com/tauri-apps/taur/compare/18ff84fc8146f9a27d04749df1cb7dee8a26e6a2...3fb414b61ad7cfce67751230826fddfb39effec5
444,Tauri,9f8037c2882abac19582025001675370f0d7b669,7f033f6dcd54c69a4193765a5c1584755ba92c61,8519,https://github.com/tauri-apps/tauri/issues/8519,https://github.com/tauri-apps/taur/tree/9f8037c2882abac19582025001675370f0d7b669,https://github.com/tauri-apps/taur/tree/7f033f6dcd54c69a4193765a5c1584755ba92c61,https://github.com/tauri-apps/taur/compare/9f8037c2882abac19582025001675370f0d7b669...7f033f6dcd54c69a4193765a5c1584755ba92c61
445,Tauri,a35b416e38353fc8a65f79ca44c0fa695191a102,95da1a27476e01e06f6ce0335df8535b662dd9c4,5122,https://github.com/tauri-apps/tauri/issues/5122,https://github.com/tauri-apps/taur/tree/a35b416e38353fc8a65f79ca44c0fa695191a102,https://github.com/tauri-apps/taur/tree/95da1a27476e01e06f6ce0335df8535b662dd9c4,https://github.com/tauri-apps/taur/compare/a35b416e38353fc8a65f79ca44c0fa695191a102...95da1a27476e01e06f6ce0335df8535b662dd9c4
446,Tauri,2e6db908d7b3a2c928c46b0ad9ccf9ec55a29480,8751c3299f2b7229c6108aa37dedf1dc5edb3e5c,8771,https://github.com/tauri-apps/tauri/issues/8771,https://github.com/tauri-apps/taur/tree/2e6db908d7b3a2c928c46b0ad9ccf9ec55a29480,https://github.com/tauri-apps/taur/tree/8751c3299f2b7229c6108aa37dedf1dc5edb3e5c,https://github.com/tauri-apps/taur/compare/2e6db908d7b3a2c928c46b0ad9ccf9ec55a29480...8751c3299f2b7229c6108aa37dedf1dc5edb3e5c
447,Tauri,6e3bd4b9f815ddde8b5eaf9f69991d4de80bb584,84c783f6bc46827032666b0cba100ed37560240c,8944,https://github.com/tauri-apps/tauri/issues/8944,https://github.com/tauri-apps/taur/tree/6e3bd4b9f815ddde8b5eaf9f69991d4de80bb584,https://github.com/tauri-apps/taur/tree/84c783f6bc46827032666b0cba100ed37560240c,https://github.com/tauri-apps/taur/compare/6e3bd4b9f815ddde8b5eaf9f69991d4de80bb584...84c783f6bc46827032666b0cba100ed37560240c
448,Tauri,d75713ac6c6115534e520303f5c38aa78704de69,b5eb64728aeb410d3f3068608a94762655c4690f,8896,https://github.com/tauri-apps/tauri/issues/8896,https://github.com/tauri-apps/taur/tree/d75713ac6c6115534e520303f5c38aa78704de69,https://github.com/tauri-apps/taur/tree/b5eb64728aeb410d3f3068608a94762655c4690f,https://github.com/tauri-apps/taur/compare/d75713ac6c6115534e520303f5c38aa78704de69...b5eb64728aeb410d3f3068608a94762655c4690f
449,Tauri,e1d5b7906369a40df19e8ee86c56f90a27d6357c,de38c31163572f1b2ede89b258356be4bf80fd13,8998,https://github.com/tauri-apps/tauri/issues/8998,https://github.com/tauri-apps/taur/tree/e1d5b7906369a40df19e8ee86c56f90a27d6357c,https://github.com/tauri-apps/taur/tree/de38c31163572f1b2ede89b258356be4bf80fd13,https://github.com/tauri-apps/taur/compare/e1d5b7906369a40df19e8ee86c56f90a27d6357c...de38c31163572f1b2ede89b258356be4bf80fd13
450,Tauri,a8a2cb6fb4de889d47174beaa2dd240aa7dcdf69,6cb601d42e2af75aa818371b8b8f7d5b2e77dc90,8872,https://github.com/tauri-apps/tauri/issues/8872,https://github.com/tauri-apps/taur/tree/a8a2cb6fb4de889d47174beaa2dd240aa7dcdf69,https://github.com/tauri-apps/taur/tree/6cb601d42e2af75aa818371b8b8f7d5b2e77dc90,https://github.com/tauri-apps/taur/compare/a8a2cb6fb4de889d47174beaa2dd240aa7dcdf69...6cb601d42e2af75aa818371b8b8f7d5b2e77dc90
451,Tauri,bc5b5e671a546512f823f1c157421b4c3311dfc0,9be314f07a4ca5d14433d41919492f3e91b5536a,8933,https://github.com/tauri-apps/tauri/issues/8933,https://github.com/tauri-apps/taur/tree/bc5b5e671a546512f823f1c157421b4c3311dfc0,https://github.com/tauri-apps/taur/tree/9be314f07a4ca5d14433d41919492f3e91b5536a,https://github.com/tauri-apps/taur/compare/bc5b5e671a546512f823f1c157421b4c3311dfc0...9be314f07a4ca5d14433d41919492f3e91b5536a
452,Tauri,84c783f6bc46827032666b0cba100ed37560240c,e538ba586c5b8b50955586c8ef2704adb5d7cc43,6203,https://github.com/tauri-apps/tauri/issues/6203,https://github.com/tauri-apps/taur/tree/84c783f6bc46827032666b0cba100ed37560240c,https://github.com/tauri-apps/taur/tree/e538ba586c5b8b50955586c8ef2704adb5d7cc43,https://github.com/tauri-apps/taur/compare/84c783f6bc46827032666b0cba100ed37560240c...e538ba586c5b8b50955586c8ef2704adb5d7cc43
453,Tauri,e7cd97312347c5df7007cec16d6fb1f668c295d5,c33f6e6cf35a0d34b5598875a2e5b642a01c8b38,9200,https://github.com/tauri-apps/tauri/issues/9200,https://github.com/tauri-apps/taur/tree/e7cd97312347c5df7007cec16d6fb1f668c295d5,https://github.com/tauri-apps/taur/tree/c33f6e6cf35a0d34b5598875a2e5b642a01c8b38,https://github.com/tauri-apps/taur/compare/e7cd97312347c5df7007cec16d6fb1f668c295d5...c33f6e6cf35a0d34b5598875a2e5b642a01c8b38
454,Tauri,e7cd97312347c5df7007cec16d6fb1f668c295d5,c33f6e6cf35a0d34b5598875a2e5b642a01c8b38,8144,https://github.com/tauri-apps/tauri/issues/8144,https://github.com/tauri-apps/taur/tree/e7cd97312347c5df7007cec16d6fb1f668c295d5,https://github.com/tauri-apps/taur/tree/c33f6e6cf35a0d34b5598875a2e5b642a01c8b38,https://github.com/tauri-apps/taur/compare/e7cd97312347c5df7007cec16d6fb1f668c295d5...c33f6e6cf35a0d34b5598875a2e5b642a01c8b38
455,Tauri,cb92cfd6a6a54903dc378db1020ab749cd900eef,f5f3ed5f6faa0b51e83244acc15e9006299a03ba,8531,https://github.com/tauri-apps/tauri/issues/8531,https://github.com/tauri-apps/taur/tree/cb92cfd6a6a54903dc378db1020ab749cd900eef,https://github.com/tauri-apps/taur/tree/f5f3ed5f6faa0b51e83244acc15e9006299a03ba,https://github.com/tauri-apps/taur/compare/cb92cfd6a6a54903dc378db1020ab749cd900eef...f5f3ed5f6faa0b51e83244acc15e9006299a03ba
456,Tauri,f5f3ed5f6faa0b51e83244acc15e9006299a03ba,e4463f08145c044bd37dc1c6f5f39e6a572ace3e,8916,https://github.com/tauri-apps/tauri/issues/8916,https://github.com/tauri-apps/taur/tree/f5f3ed5f6faa0b51e83244acc15e9006299a03ba,https://github.com/tauri-apps/taur/tree/e4463f08145c044bd37dc1c6f5f39e6a572ace3e,https://github.com/tauri-apps/taur/compare/f5f3ed5f6faa0b51e83244acc15e9006299a03ba...e4463f08145c044bd37dc1c6f5f39e6a572ace3e
457,Tauri,7898b601d14ed62053dd24011fabadf31ec1af45,e7cd97312347c5df7007cec16d6fb1f668c295d5,9236,https://github.com/tauri-apps/tauri/issues/9236,https://github.com/tauri-apps/taur/tree/7898b601d14ed62053dd24011fabadf31ec1af45,https://github.com/tauri-apps/taur/tree/e7cd97312347c5df7007cec16d6fb1f668c295d5,https://github.com/tauri-apps/taur/compare/7898b601d14ed62053dd24011fabadf31ec1af45...e7cd97312347c5df7007cec16d6fb1f668c295d5
458,Tauri,c68218b362c417b62e56c7a2b5b32c13fe035a83,a77be9747443ffc29c34160b55893483bb5f0d74,8476,https://github.com/tauri-apps/tauri/issues/8476,https://github.com/tauri-apps/taur/tree/c68218b362c417b62e56c7a2b5b32c13fe035a83,https://github.com/tauri-apps/taur/tree/a77be9747443ffc29c34160b55893483bb5f0d74,https://github.com/tauri-apps/taur/compare/c68218b362c417b62e56c7a2b5b32c13fe035a83...a77be9747443ffc29c34160b55893483bb5f0d74
459,Tauri,1d39876f97b74b00df2a505d856055e9ddc42cd8,48a7a78f8094d08e5e403e88050391642d29151b,9370,https://github.com/tauri-apps/tauri/issues/9370,https://github.com/tauri-apps/taur/tree/1d39876f97b74b00df2a505d856055e9ddc42cd8,https://github.com/tauri-apps/taur/tree/48a7a78f8094d08e5e403e88050391642d29151b,https://github.com/tauri-apps/taur/compare/1d39876f97b74b00df2a505d856055e9ddc42cd8...48a7a78f8094d08e5e403e88050391642d29151b
460,Tauri,f8fde4f845e66d46e29406c997181990311579e5,8276ab767b3d3d9f3252c8eb9255da7afa67ae31,9342,https://github.com/tauri-apps/tauri/issues/9342,https://github.com/tauri-apps/taur/tree/f8fde4f845e66d46e29406c997181990311579e5,https://github.com/tauri-apps/taur/tree/8276ab767b3d3d9f3252c8eb9255da7afa67ae31,https://github.com/tauri-apps/taur/compare/f8fde4f845e66d46e29406c997181990311579e5...8276ab767b3d3d9f3252c8eb9255da7afa67ae31
461,Tauri,48a7a78f8094d08e5e403e88050391642d29151b,c8a82ad2236ee1def621b5930bdb136f01dd07e4,9369,https://github.com/tauri-apps/tauri/issues/9369,https://github.com/tauri-apps/taur/tree/48a7a78f8094d08e5e403e88050391642d29151b,https://github.com/tauri-apps/taur/tree/c8a82ad2236ee1def621b5930bdb136f01dd07e4,https://github.com/tauri-apps/taur/compare/48a7a78f8094d08e5e403e88050391642d29151b...c8a82ad2236ee1def621b5930bdb136f01dd07e4
462,Tauri,daf018e4f5d5f6dcde51c5de42d73ab15287ec7e,88c0ad9cf5d2f9ed65285540c26b54fb18b10137,9062,https://github.com/tauri-apps/tauri/issues/9062,https://github.com/tauri-apps/taur/tree/daf018e4f5d5f6dcde51c5de42d73ab15287ec7e,https://github.com/tauri-apps/taur/tree/88c0ad9cf5d2f9ed65285540c26b54fb18b10137,https://github.com/tauri-apps/taur/compare/daf018e4f5d5f6dcde51c5de42d73ab15287ec7e...88c0ad9cf5d2f9ed65285540c26b54fb18b10137
463,Tauri,cf615e8e4d5008ee1ac3f77e530ba26fb91e8977,005fe8ce1ef71ea46a7d86f98bdf397ca81eb920,9409,https://github.com/tauri-apps/tauri/issues/9409,https://github.com/tauri-apps/taur/tree/cf615e8e4d5008ee1ac3f77e530ba26fb91e8977,https://github.com/tauri-apps/taur/tree/005fe8ce1ef71ea46a7d86f98bdf397ca81eb920,https://github.com/tauri-apps/taur/compare/cf615e8e4d5008ee1ac3f77e530ba26fb91e8977...005fe8ce1ef71ea46a7d86f98bdf397ca81eb920
464,Tauri,8a63ceb4f31c422311b0f7dff173a9c8c0e1a604,a07b5132019faa7695c573a6610d2def0ff9c40a,9485,https://github.com/tauri-apps/tauri/issues/9485,https://github.com/tauri-apps/taur/tree/8a63ceb4f31c422311b0f7dff173a9c8c0e1a604,https://github.com/tauri-apps/taur/tree/a07b5132019faa7695c573a6610d2def0ff9c40a,https://github.com/tauri-apps/taur/compare/8a63ceb4f31c422311b0f7dff173a9c8c0e1a604...a07b5132019faa7695c573a6610d2def0ff9c40a
465,Tauri,7f6d2698c923019e4ce53f794e68aa7e56fd7b86,97ec422f22d069b9570931834241c7e47bc68cc3,9636,https://github.com/tauri-apps/tauri/issues/9636,https://github.com/tauri-apps/taur/tree/7f6d2698c923019e4ce53f794e68aa7e56fd7b86,https://github.com/tauri-apps/taur/tree/97ec422f22d069b9570931834241c7e47bc68cc3,https://github.com/tauri-apps/taur/compare/7f6d2698c923019e4ce53f794e68aa7e56fd7b86...97ec422f22d069b9570931834241c7e47bc68cc3
466,Tauri,82e1c755947038b7498d24f120d77e855753daeb,a813caf2e4409df2670769eef59392e992dd7662,9704,https://github.com/tauri-apps/tauri/issues/9704,https://github.com/tauri-apps/taur/tree/82e1c755947038b7498d24f120d77e855753daeb,https://github.com/tauri-apps/taur/tree/a813caf2e4409df2670769eef59392e992dd7662,https://github.com/tauri-apps/taur/compare/82e1c755947038b7498d24f120d77e855753daeb...a813caf2e4409df2670769eef59392e992dd7662
467,Tauri,8a1ae2deaf3086e531ada25b1627f900e2e421fb,1df5cdeb06f5464e0eec4055e21b7b7bc8739eed,9851,https://github.com/tauri-apps/tauri/issues/9851,https://github.com/tauri-apps/taur/tree/8a1ae2deaf3086e531ada25b1627f900e2e421fb,https://github.com/tauri-apps/taur/tree/1df5cdeb06f5464e0eec4055e21b7b7bc8739eed,https://github.com/tauri-apps/taur/compare/8a1ae2deaf3086e531ada25b1627f900e2e421fb...1df5cdeb06f5464e0eec4055e21b7b7bc8739eed
468,Tauri,35b25f7e5c0fe03af4ed3582e22a626863f035f0,aaa332c6e78c956debd11efda021a0406621a01d,9533,https://github.com/tauri-apps/tauri/issues/9533,https://github.com/tauri-apps/taur/tree/35b25f7e5c0fe03af4ed3582e22a626863f035f0,https://github.com/tauri-apps/taur/tree/aaa332c6e78c956debd11efda021a0406621a01d,https://github.com/tauri-apps/taur/compare/35b25f7e5c0fe03af4ed3582e22a626863f035f0...aaa332c6e78c956debd11efda021a0406621a01d
469,Tauri,06833f4fa8e63ecc55fe3fc874a9e397e77a5709,93e0e1392ec341fcadf696c03e78f0ca1e73c941,9325,https://github.com/tauri-apps/tauri/issues/9325,https://github.com/tauri-apps/taur/tree/06833f4fa8e63ecc55fe3fc874a9e397e77a5709,https://github.com/tauri-apps/taur/tree/93e0e1392ec341fcadf696c03e78f0ca1e73c941,https://github.com/tauri-apps/taur/compare/06833f4fa8e63ecc55fe3fc874a9e397e77a5709...93e0e1392ec341fcadf696c03e78f0ca1e73c941
470,Tauri,ccc3ea729de205ef467f737f1feeb5bf02d9cd72,19b696b61c95ced0f07dd7471565ad329a0badcf,9666,https://github.com/tauri-apps/tauri/issues/9666,https://github.com/tauri-apps/taur/tree/ccc3ea729de205ef467f737f1feeb5bf02d9cd72,https://github.com/tauri-apps/taur/tree/19b696b61c95ced0f07dd7471565ad329a0badcf,https://github.com/tauri-apps/taur/compare/ccc3ea729de205ef467f737f1feeb5bf02d9cd72...19b696b61c95ced0f07dd7471565ad329a0badcf
471,Tauri,19b696b61c95ced0f07dd7471565ad329a0badcf,e8f6eb59a5eaad26ae0314ac9e4c0061e6bd25fe,9430,https://github.com/tauri-apps/tauri/issues/9430,https://github.com/tauri-apps/taur/tree/19b696b61c95ced0f07dd7471565ad329a0badcf,https://github.com/tauri-apps/taur/tree/e8f6eb59a5eaad26ae0314ac9e4c0061e6bd25fe,https://github.com/tauri-apps/taur/compare/19b696b61c95ced0f07dd7471565ad329a0badcf...e8f6eb59a5eaad26ae0314ac9e4c0061e6bd25fe
472,Tauri,4754786aa278a9e61f3973ce736f248b075e6bdc,71a5e2ba24017b0b9a0e84e053167265b7eddcce,9743,https://github.com/tauri-apps/tauri/issues/9743,https://github.com/tauri-apps/taur/tree/4754786aa278a9e61f3973ce736f248b075e6bdc,https://github.com/tauri-apps/taur/tree/71a5e2ba24017b0b9a0e84e053167265b7eddcce,https://github.com/tauri-apps/taur/compare/4754786aa278a9e61f3973ce736f248b075e6bdc...71a5e2ba24017b0b9a0e84e053167265b7eddcce
473,Tauri,a07b5132019faa7695c573a6610d2def0ff9c40a,e64b8f1dcedad3222f46755bf6f30392a7ec2f90,8964,https://github.com/tauri-apps/tauri/issues/8964,https://github.com/tauri-apps/taur/tree/a07b5132019faa7695c573a6610d2def0ff9c40a,https://github.com/tauri-apps/taur/tree/e64b8f1dcedad3222f46755bf6f30392a7ec2f90,https://github.com/tauri-apps/taur/compare/a07b5132019faa7695c573a6610d2def0ff9c40a...e64b8f1dcedad3222f46755bf6f30392a7ec2f90
474,Tauri,a07b5132019faa7695c573a6610d2def0ff9c40a,e64b8f1dcedad3222f46755bf6f30392a7ec2f90,9030,https://github.com/tauri-apps/tauri/issues/9030,https://github.com/tauri-apps/taur/tree/a07b5132019faa7695c573a6610d2def0ff9c40a,https://github.com/tauri-apps/taur/tree/e64b8f1dcedad3222f46755bf6f30392a7ec2f90,https://github.com/tauri-apps/taur/compare/a07b5132019faa7695c573a6610d2def0ff9c40a...e64b8f1dcedad3222f46755bf6f30392a7ec2f90
475,Tauri,f56cdc9e391c4d55e4d7e935203d0f891864f22d,79542f4d4542bd97451da7605de16e8464d6a06c,10022,https://github.com/tauri-apps/tauri/issues/10022,https://github.com/tauri-apps/taur/tree/f56cdc9e391c4d55e4d7e935203d0f891864f22d,https://github.com/tauri-apps/taur/tree/79542f4d4542bd97451da7605de16e8464d6a06c,https://github.com/tauri-apps/taur/compare/f56cdc9e391c4d55e4d7e935203d0f891864f22d...79542f4d4542bd97451da7605de16e8464d6a06c
476,Tauri,adac2185a3e2e65a89a3c392363c50ddde4acff2,8b032c3cf638e64e50df9d9cf8bc789c7e285987,9853,https://github.com/tauri-apps/tauri/issues/9853,https://github.com/tauri-apps/taur/tree/adac2185a3e2e65a89a3c392363c50ddde4acff2,https://github.com/tauri-apps/taur/tree/8b032c3cf638e64e50df9d9cf8bc789c7e285987,https://github.com/tauri-apps/taur/compare/adac2185a3e2e65a89a3c392363c50ddde4acff2...8b032c3cf638e64e50df9d9cf8bc789c7e285987
477,Tauri,16641723b001b1172d1962e9fa80f5fafbc570f0,3bbfac8f3ba9363fb267bf353687f01884d48924,10084,https://github.com/tauri-apps/tauri/issues/10084,https://github.com/tauri-apps/taur/tree/16641723b001b1172d1962e9fa80f5fafbc570f0,https://github.com/tauri-apps/taur/tree/3bbfac8f3ba9363fb267bf353687f01884d48924,https://github.com/tauri-apps/taur/compare/16641723b001b1172d1962e9fa80f5fafbc570f0...3bbfac8f3ba9363fb267bf353687f01884d48924
478,Tauri,1f6e478c842a16219798b9962718e9ddb969c041,eb76df4c4fce173dd998f8734423513e882fa82e,10082,https://github.com/tauri-apps/tauri/issues/10082,https://github.com/tauri-apps/taur/tree/1f6e478c842a16219798b9962718e9ddb969c041,https://github.com/tauri-apps/taur/tree/eb76df4c4fce173dd998f8734423513e882fa82e,https://github.com/tauri-apps/taur/compare/1f6e478c842a16219798b9962718e9ddb969c041...eb76df4c4fce173dd998f8734423513e882fa82e
479,Tauri,27838365a6841b0d3fa645ba2528221d23d4aeb2,e93ca1df3b3948647f501f9f958e894ade6a27fb,9948,https://github.com/tauri-apps/tauri/issues/9948,https://github.com/tauri-apps/taur/tree/27838365a6841b0d3fa645ba2528221d23d4aeb2,https://github.com/tauri-apps/taur/tree/e93ca1df3b3948647f501f9f958e894ade6a27fb,https://github.com/tauri-apps/taur/compare/27838365a6841b0d3fa645ba2528221d23d4aeb2...e93ca1df3b3948647f501f9f958e894ade6a27fb
480,Tauri,fafc238f7288548975ca7d3e5207b925c0295c91,f29b78811080bc8313459f34545152d939c62bf6,9510,https://github.com/tauri-apps/tauri/issues/9510,https://github.com/tauri-apps/taur/tree/fafc238f7288548975ca7d3e5207b925c0295c91,https://github.com/tauri-apps/taur/tree/f29b78811080bc8313459f34545152d939c62bf6,https://github.com/tauri-apps/taur/compare/fafc238f7288548975ca7d3e5207b925c0295c91...f29b78811080bc8313459f34545152d939c62bf6
481,Tauri,fafc238f7288548975ca7d3e5207b925c0295c91,f29b78811080bc8313459f34545152d939c62bf6,7388,https://github.com/tauri-apps/tauri/issues/7388,https://github.com/tauri-apps/taur/tree/fafc238f7288548975ca7d3e5207b925c0295c91,https://github.com/tauri-apps/taur/tree/f29b78811080bc8313459f34545152d939c62bf6,https://github.com/tauri-apps/taur/compare/fafc238f7288548975ca7d3e5207b925c0295c91...f29b78811080bc8313459f34545152d939c62bf6
482,Tauri,fafc238f7288548975ca7d3e5207b925c0295c91,f29b78811080bc8313459f34545152d939c62bf6,9464,https://github.com/tauri-apps/tauri/issues/9464,https://github.com/tauri-apps/taur/tree/fafc238f7288548975ca7d3e5207b925c0295c91,https://github.com/tauri-apps/taur/tree/f29b78811080bc8313459f34545152d939c62bf6,https://github.com/tauri-apps/taur/compare/fafc238f7288548975ca7d3e5207b925c0295c91...f29b78811080bc8313459f34545152d939c62bf6
483,Tauri,b2ff840e83aca9a150128ffed033ea9e6cc49eab,3fd84cb3c9aca7560ad6db8dbebda564308a3bfa,9031,https://github.com/tauri-apps/tauri/issues/9031,https://github.com/tauri-apps/taur/tree/b2ff840e83aca9a150128ffed033ea9e6cc49eab,https://github.com/tauri-apps/taur/tree/3fd84cb3c9aca7560ad6db8dbebda564308a3bfa,https://github.com/tauri-apps/taur/compare/b2ff840e83aca9a150128ffed033ea9e6cc49eab...3fd84cb3c9aca7560ad6db8dbebda564308a3bfa
484,Tauri,96f65fef3659e83bbee4426e94da4472c962e391,94136578bc89e4b973c471050ae9c2d83ffcb7c6,10185,https://github.com/tauri-apps/tauri/issues/10185,https://github.com/tauri-apps/taur/tree/96f65fef3659e83bbee4426e94da4472c962e391,https://github.com/tauri-apps/taur/tree/94136578bc89e4b973c471050ae9c2d83ffcb7c6,https://github.com/tauri-apps/taur/compare/96f65fef3659e83bbee4426e94da4472c962e391...94136578bc89e4b973c471050ae9c2d83ffcb7c6
485,Tauri,2c076d63d0e2d8991209e5359f236670d299f6f1,c01e87ad46e2a5b3fb8d018739e724ef932008d7,10192,https://github.com/tauri-apps/tauri/issues/10192,https://github.com/tauri-apps/taur/tree/2c076d63d0e2d8991209e5359f236670d299f6f1,https://github.com/tauri-apps/taur/tree/c01e87ad46e2a5b3fb8d018739e724ef932008d7,https://github.com/tauri-apps/taur/compare/2c076d63d0e2d8991209e5359f236670d299f6f1...c01e87ad46e2a5b3fb8d018739e724ef932008d7
486,Tauri,7acac58d23f85a729429e61964e277eddc8f3b00,9546548ec0c83ba620b1bc9d1d424a7009d0b423,10225,https://github.com/tauri-apps/tauri/issues/10225,https://github.com/tauri-apps/taur/tree/7acac58d23f85a729429e61964e277eddc8f3b00,https://github.com/tauri-apps/taur/tree/9546548ec0c83ba620b1bc9d1d424a7009d0b423,https://github.com/tauri-apps/taur/compare/7acac58d23f85a729429e61964e277eddc8f3b00...9546548ec0c83ba620b1bc9d1d424a7009d0b423
487,Tauri,e8f6eb59a5eaad26ae0314ac9e4c0061e6bd25fe,265c23886ee5efbcc6d7188ff5c84cb32fa82aea,8349,https://github.com/tauri-apps/tauri/issues/8349,https://github.com/tauri-apps/taur/tree/e8f6eb59a5eaad26ae0314ac9e4c0061e6bd25fe,https://github.com/tauri-apps/taur/tree/265c23886ee5efbcc6d7188ff5c84cb32fa82aea,https://github.com/tauri-apps/taur/compare/e8f6eb59a5eaad26ae0314ac9e4c0061e6bd25fe...265c23886ee5efbcc6d7188ff5c84cb32fa82aea
488,Tauri,a7354f9a81d4db83ff3d34b29617717117ad64d2,7bc6a2a1d6d2c5406d91cac94d33bce76443c28f,9763,https://github.com/tauri-apps/tauri/issues/9763,https://github.com/tauri-apps/taur/tree/a7354f9a81d4db83ff3d34b29617717117ad64d2,https://github.com/tauri-apps/taur/tree/7bc6a2a1d6d2c5406d91cac94d33bce76443c28f,https://github.com/tauri-apps/taur/compare/a7354f9a81d4db83ff3d34b29617717117ad64d2...7bc6a2a1d6d2c5406d91cac94d33bce76443c28f
489,Tauri,7d85f7cf82ac7e21c671ef12c55eed6d0f883962,1f6e478c842a16219798b9962718e9ddb969c041,7614,https://github.com/tauri-apps/tauri/issues/7614,https://github.com/tauri-apps/taur/tree/7d85f7cf82ac7e21c671ef12c55eed6d0f883962,https://github.com/tauri-apps/taur/tree/1f6e478c842a16219798b9962718e9ddb969c041,https://github.com/tauri-apps/taur/compare/7d85f7cf82ac7e21c671ef12c55eed6d0f883962...1f6e478c842a16219798b9962718e9ddb969c041
490,Tauri,71d00646a9b7c52311ba087820e52fd19861b3d8,f3837d5b98f0caebc3337f9a9e8127e7b96c3fc5,10508,https://github.com/tauri-apps/tauri/issues/10508,https://github.com/tauri-apps/taur/tree/71d00646a9b7c52311ba087820e52fd19861b3d8,https://github.com/tauri-apps/taur/tree/f3837d5b98f0caebc3337f9a9e8127e7b96c3fc5,https://github.com/tauri-apps/taur/compare/71d00646a9b7c52311ba087820e52fd19861b3d8...f3837d5b98f0caebc3337f9a9e8127e7b96c3fc5
491,Tauri,794cf8234f8b620c74cbd23cc4b81be9b2edc386,b1d9ffa1abc9eff65acf16792b4fb33d9c45ba8a,10327,https://github.com/tauri-apps/tauri/issues/10327,https://github.com/tauri-apps/taur/tree/794cf8234f8b620c74cbd23cc4b81be9b2edc386,https://github.com/tauri-apps/taur/tree/b1d9ffa1abc9eff65acf16792b4fb33d9c45ba8a,https://github.com/tauri-apps/taur/compare/794cf8234f8b620c74cbd23cc4b81be9b2edc386...b1d9ffa1abc9eff65acf16792b4fb33d9c45ba8a
492,Tauri,b4e16f3d8e51d05c1f338edf5a86b2fcde91198b,15e12599667b749c3d7cd2259e6cf7c7b5c6e2be,10190,https://github.com/tauri-apps/tauri/issues/10190,https://github.com/tauri-apps/taur/tree/b4e16f3d8e51d05c1f338edf5a86b2fcde91198b,https://github.com/tauri-apps/taur/tree/15e12599667b749c3d7cd2259e6cf7c7b5c6e2be,https://github.com/tauri-apps/taur/compare/b4e16f3d8e51d05c1f338edf5a86b2fcde91198b...15e12599667b749c3d7cd2259e6cf7c7b5c6e2be
493,Tauri,712f1049fae74bfda5f360adcee7210cea92fe63,f35bcda2895a1350df31853da76a051783b9fd3f,10596,https://github.com/tauri-apps/tauri/issues/10596,https://github.com/tauri-apps/taur/tree/712f1049fae74bfda5f360adcee7210cea92fe63,https://github.com/tauri-apps/taur/tree/f35bcda2895a1350df31853da76a051783b9fd3f,https://github.com/tauri-apps/taur/compare/712f1049fae74bfda5f360adcee7210cea92fe63...f35bcda2895a1350df31853da76a051783b9fd3f
494,Tauri,b6dca99fff73816a39380b288c299b47b493cfdb,9089d97637e49bebbe7dba8adc6351e04b53a44d,9970,https://github.com/tauri-apps/tauri/issues/9970,https://github.com/tauri-apps/taur/tree/b6dca99fff73816a39380b288c299b47b493cfdb,https://github.com/tauri-apps/taur/tree/9089d97637e49bebbe7dba8adc6351e04b53a44d,https://github.com/tauri-apps/taur/compare/b6dca99fff73816a39380b288c299b47b493cfdb...9089d97637e49bebbe7dba8adc6351e04b53a44d
495,Tauri,39bf0a163567408685bc37652315b28577f101bf,9f75d06228fcb7036cf7a4e215abc7bc8d1a0a56,9509,https://github.com/tauri-apps/tauri/issues/9509,https://github.com/tauri-apps/taur/tree/39bf0a163567408685bc37652315b28577f101bf,https://github.com/tauri-apps/taur/tree/9f75d06228fcb7036cf7a4e215abc7bc8d1a0a56,https://github.com/tauri-apps/taur/compare/39bf0a163567408685bc37652315b28577f101bf...9f75d06228fcb7036cf7a4e215abc7bc8d1a0a56
496,Tauri,f3837d5b98f0caebc3337f9a9e8127e7b96c3fc5,3beba92b5bdc62ed00c9f6a9b8f8c05cfa78f8dc,10500,https://github.com/tauri-apps/tauri/issues/10500,https://github.com/tauri-apps/taur/tree/f3837d5b98f0caebc3337f9a9e8127e7b96c3fc5,https://github.com/tauri-apps/taur/tree/3beba92b5bdc62ed00c9f6a9b8f8c05cfa78f8dc,https://github.com/tauri-apps/taur/compare/f3837d5b98f0caebc3337f9a9e8127e7b96c3fc5...3beba92b5bdc62ed00c9f6a9b8f8c05cfa78f8dc
497,Tauri,b1d9ffa1abc9eff65acf16792b4fb33d9c45ba8a,fedf93eb7e09c161997f6ba96a17fc29e727af69,10286,https://github.com/tauri-apps/tauri/issues/10286,https://github.com/tauri-apps/taur/tree/b1d9ffa1abc9eff65acf16792b4fb33d9c45ba8a,https://github.com/tauri-apps/taur/tree/fedf93eb7e09c161997f6ba96a17fc29e727af69,https://github.com/tauri-apps/taur/compare/b1d9ffa1abc9eff65acf16792b4fb33d9c45ba8a...fedf93eb7e09c161997f6ba96a17fc29e727af69
498,Tauri,9f75d06228fcb7036cf7a4e215abc7bc8d1a0a56,521d1d5cdb052df554c022659f527ca7914dc65f,6579,https://github.com/tauri-apps/tauri/issues/6579,https://github.com/tauri-apps/taur/tree/9f75d06228fcb7036cf7a4e215abc7bc8d1a0a56,https://github.com/tauri-apps/taur/tree/521d1d5cdb052df554c022659f527ca7914dc65f,https://github.com/tauri-apps/taur/compare/9f75d06228fcb7036cf7a4e215abc7bc8d1a0a56...521d1d5cdb052df554c022659f527ca7914dc65f
499,Tauri,da8c9a7d3069398c26826aeb082caa44b7c92809,793ee0531730597e6008c9c0dedabbab7a2bef53,9707,https://github.com/tauri-apps/tauri/issues/9707,https://github.com/tauri-apps/taur/tree/da8c9a7d3069398c26826aeb082caa44b7c92809,https://github.com/tauri-apps/taur/tree/793ee0531730597e6008c9c0dedabbab7a2bef53,https://github.com/tauri-apps/taur/compare/da8c9a7d3069398c26826aeb082caa44b7c92809...793ee0531730597e6008c9c0dedabbab7a2bef53
500,Tauri,91e9e784aa59634e3fe6359f8b78d071d76a9e42,88bc357325ba278527d8cba956e828f5744c8a34,9882,https://github.com/tauri-apps/tauri/issues/9882,https://github.com/tauri-apps/taur/tree/91e9e784aa59634e3fe6359f8b78d071d76a9e42,https://github.com/tauri-apps/taur/tree/88bc357325ba278527d8cba956e828f5744c8a34,https://github.com/tauri-apps/taur/compare/91e9e784aa59634e3fe6359f8b78d071d76a9e42...88bc357325ba278527d8cba956e828f5744c8a34
501,Tauri,8deb1966ace93d1350f271d525a878ba4b0879ce,9e891933d8ac7a67e37770a149d0a5dd385ee625,10187,https://github.com/tauri-apps/tauri/issues/10187,https://github.com/tauri-apps/taur/tree/8deb1966ace93d1350f271d525a878ba4b0879ce,https://github.com/tauri-apps/taur/tree/9e891933d8ac7a67e37770a149d0a5dd385ee625,https://github.com/tauri-apps/taur/compare/8deb1966ace93d1350f271d525a878ba4b0879ce...9e891933d8ac7a67e37770a149d0a5dd385ee625
502,Tauri,edb2ca31f70a39004b6a09ae53425f22e243318e,84070bae92d234bc3630e795cfaf79f869f3a751,10661,https://github.com/tauri-apps/tauri/issues/10661,https://github.com/tauri-apps/taur/tree/edb2ca31f70a39004b6a09ae53425f22e243318e,https://github.com/tauri-apps/taur/tree/84070bae92d234bc3630e795cfaf79f869f3a751,https://github.com/tauri-apps/taur/compare/edb2ca31f70a39004b6a09ae53425f22e243318e...84070bae92d234bc3630e795cfaf79f869f3a751
503,Tauri,7eb1171e3a2eb7bc5085ff28fc8610e5af82bdd5,9d468774a94b5f5210a3012db2e58dbfab4755f4,10968,https://github.com/tauri-apps/tauri/issues/10968,https://github.com/tauri-apps/taur/tree/7eb1171e3a2eb7bc5085ff28fc8610e5af82bdd5,https://github.com/tauri-apps/taur/tree/9d468774a94b5f5210a3012db2e58dbfab4755f4,https://github.com/tauri-apps/taur/compare/7eb1171e3a2eb7bc5085ff28fc8610e5af82bdd5...9d468774a94b5f5210a3012db2e58dbfab4755f4
504,Tauri,83ed090bfa58a1784495f474d93b16a568be513f,fbe76a955a63af9fb33f66d5f747caf858cf179b,10336,https://github.com/tauri-apps/tauri/issues/10336,https://github.com/tauri-apps/taur/tree/83ed090bfa58a1784495f474d93b16a568be513f,https://github.com/tauri-apps/taur/tree/fbe76a955a63af9fb33f66d5f747caf858cf179b,https://github.com/tauri-apps/taur/compare/83ed090bfa58a1784495f474d93b16a568be513f...fbe76a955a63af9fb33f66d5f747caf858cf179b
505,Tauri,d8ccf9d76a2afa7186d540ee67abee434e0509cb,65661822580c31eb10a44be45842e259c598374c,7338,https://github.com/tauri-apps/tauri/issues/7338,https://github.com/tauri-apps/taur/tree/d8ccf9d76a2afa7186d540ee67abee434e0509cb,https://github.com/tauri-apps/taur/tree/65661822580c31eb10a44be45842e259c598374c,https://github.com/tauri-apps/taur/compare/d8ccf9d76a2afa7186d540ee67abee434e0509cb...65661822580c31eb10a44be45842e259c598374c
506,Tauri,67b8a9a17a0315ccba681a646678dc1922f5ebf2,62b3a5cd1c804440c2130ab36cc3eadb3baf61cb,10981,https://github.com/tauri-apps/tauri/issues/10981,https://github.com/tauri-apps/taur/tree/67b8a9a17a0315ccba681a646678dc1922f5ebf2,https://github.com/tauri-apps/taur/tree/62b3a5cd1c804440c2130ab36cc3eadb3baf61cb,https://github.com/tauri-apps/taur/compare/67b8a9a17a0315ccba681a646678dc1922f5ebf2...62b3a5cd1c804440c2130ab36cc3eadb3baf61cb
507,Tauri,1e441811ee16c687343760f555c86d52ebfe8f87,9718dc9e8c9bc91d9a5d9e0e06a7afab62492152,10712,https://github.com/tauri-apps/tauri/issues/10712,https://github.com/tauri-apps/taur/tree/1e441811ee16c687343760f555c86d52ebfe8f87,https://github.com/tauri-apps/taur/tree/9718dc9e8c9bc91d9a5d9e0e06a7afab62492152,https://github.com/tauri-apps/taur/compare/1e441811ee16c687343760f555c86d52ebfe8f87...9718dc9e8c9bc91d9a5d9e0e06a7afab62492152
508,Tauri,d369e8db5f345f800c56e415bb73b7bfe9900473,56e087471a347f6bee7422221a956925c60b17e3,10742,https://github.com/tauri-apps/tauri/issues/10742,https://github.com/tauri-apps/taur/tree/d369e8db5f345f800c56e415bb73b7bfe9900473,https://github.com/tauri-apps/taur/tree/56e087471a347f6bee7422221a956925c60b17e3,https://github.com/tauri-apps/taur/compare/d369e8db5f345f800c56e415bb73b7bfe9900473...56e087471a347f6bee7422221a956925c60b17e3
509,Tauri,8f3f010e6d23d5749ebf93322cd220924fc33679,1efa5e7184009537b688a395596c696173ae0231,10963,https://github.com/tauri-apps/tauri/issues/10963,https://github.com/tauri-apps/taur/tree/8f3f010e6d23d5749ebf93322cd220924fc33679,https://github.com/tauri-apps/taur/tree/1efa5e7184009537b688a395596c696173ae0231,https://github.com/tauri-apps/taur/compare/8f3f010e6d23d5749ebf93322cd220924fc33679...1efa5e7184009537b688a395596c696173ae0231
510,Tauri,a247170e1f620a9b012274b11cfe51e90327d6e9,62b52f60a22ef84c4a2a2d9e662038b49f58e16c,10906,https://github.com/tauri-apps/tauri/issues/10906,https://github.com/tauri-apps/taur/tree/a247170e1f620a9b012274b11cfe51e90327d6e9,https://github.com/tauri-apps/taur/tree/62b52f60a22ef84c4a2a2d9e662038b49f58e16c,https://github.com/tauri-apps/taur/compare/a247170e1f620a9b012274b11cfe51e90327d6e9...62b52f60a22ef84c4a2a2d9e662038b49f58e16c
511,Tauri,551e0624a903ed6cf8390add7868c655c7778ce4,9bb8fc6189a93bcb811588b36e710d0f7818a1f9,11009,https://github.com/tauri-apps/tauri/issues/11009,https://github.com/tauri-apps/taur/tree/551e0624a903ed6cf8390add7868c655c7778ce4,https://github.com/tauri-apps/taur/tree/9bb8fc6189a93bcb811588b36e710d0f7818a1f9,https://github.com/tauri-apps/taur/compare/551e0624a903ed6cf8390add7868c655c7778ce4...9bb8fc6189a93bcb811588b36e710d0f7818a1f9
512,Tauri,06718b4569577a004daed9b8455e852a50b4b80f,a944b9b05bc5ae6125ff451e86c5b207c511f3d7,11117,https://github.com/tauri-apps/tauri/issues/11117,https://github.com/tauri-apps/taur/tree/06718b4569577a004daed9b8455e852a50b4b80f,https://github.com/tauri-apps/taur/tree/a944b9b05bc5ae6125ff451e86c5b207c511f3d7,https://github.com/tauri-apps/taur/compare/06718b4569577a004daed9b8455e852a50b4b80f...a944b9b05bc5ae6125ff451e86c5b207c511f3d7
513,Tauri,1d8b67b2970a09ec478093e127612fac823de805,a49fc999fc3eba3bfd47480b0a8c68c0b45e3127,11159,https://github.com/tauri-apps/tauri/issues/11159,https://github.com/tauri-apps/taur/tree/1d8b67b2970a09ec478093e127612fac823de805,https://github.com/tauri-apps/taur/tree/a49fc999fc3eba3bfd47480b0a8c68c0b45e3127,https://github.com/tauri-apps/taur/compare/1d8b67b2970a09ec478093e127612fac823de805...a49fc999fc3eba3bfd47480b0a8c68c0b45e3127
514,Tauri,255d64e3dcb2a10c28d37d226d1a8b2ee7858404,10fb027b7590cf2c020b5c220328b9051c05adca,10650,https://github.com/tauri-apps/tauri/issues/10650,https://github.com/tauri-apps/taur/tree/255d64e3dcb2a10c28d37d226d1a8b2ee7858404,https://github.com/tauri-apps/taur/tree/10fb027b7590cf2c020b5c220328b9051c05adca,https://github.com/tauri-apps/taur/compare/255d64e3dcb2a10c28d37d226d1a8b2ee7858404...10fb027b7590cf2c020b5c220328b9051c05adca
515,Tauri,0c87e05513a82609cc1f817b7fed8fc0145e99ca,e10fdb786cc3e23b957238835881c41fa6acf8d4,11178,https://github.com/tauri-apps/tauri/issues/11178,https://github.com/tauri-apps/taur/tree/0c87e05513a82609cc1f817b7fed8fc0145e99ca,https://github.com/tauri-apps/taur/tree/e10fdb786cc3e23b957238835881c41fa6acf8d4,https://github.com/tauri-apps/taur/compare/0c87e05513a82609cc1f817b7fed8fc0145e99ca...e10fdb786cc3e23b957238835881c41fa6acf8d4
516,Tauri,60a5aea53db02ae6af325812ab97555f2c013d70,f5d61822bf5988827776dd58bed75c19364e86bd,11089,https://github.com/tauri-apps/tauri/issues/11089,https://github.com/tauri-apps/taur/tree/60a5aea53db02ae6af325812ab97555f2c013d70,https://github.com/tauri-apps/taur/tree/f5d61822bf5988827776dd58bed75c19364e86bd,https://github.com/tauri-apps/taur/compare/60a5aea53db02ae6af325812ab97555f2c013d70...f5d61822bf5988827776dd58bed75c19364e86bd
517,Tauri,8d381a71e8ee5923324327504be13da6d7305928,4078923f6b501f34eb880da014793bef533d5999,11103,https://github.com/tauri-apps/tauri/issues/11103,https://github.com/tauri-apps/taur/tree/8d381a71e8ee5923324327504be13da6d7305928,https://github.com/tauri-apps/taur/tree/4078923f6b501f34eb880da014793bef533d5999,https://github.com/tauri-apps/taur/compare/8d381a71e8ee5923324327504be13da6d7305928...4078923f6b501f34eb880da014793bef533d5999
518,Tauri,1efa5e7184009537b688a395596c696173ae0231,dfba0ede683656f265681f68cd61c8511ea49847,10970,https://github.com/tauri-apps/tauri/issues/10970,https://github.com/tauri-apps/taur/tree/1efa5e7184009537b688a395596c696173ae0231,https://github.com/tauri-apps/taur/tree/dfba0ede683656f265681f68cd61c8511ea49847,https://github.com/tauri-apps/taur/compare/1efa5e7184009537b688a395596c696173ae0231...dfba0ede683656f265681f68cd61c8511ea49847
519,Tauri,4475fbb502c5ffb3cea4de6bef1c7869be39bed6,858b3516a008ae5e6f2af489805896e2c142be10,11216,https://github.com/tauri-apps/tauri/issues/11216,https://github.com/tauri-apps/taur/tree/4475fbb502c5ffb3cea4de6bef1c7869be39bed6,https://github.com/tauri-apps/taur/tree/858b3516a008ae5e6f2af489805896e2c142be10,https://github.com/tauri-apps/taur/compare/4475fbb502c5ffb3cea4de6bef1c7869be39bed6...858b3516a008ae5e6f2af489805896e2c142be10
520,Tauri,eda5713eab78d28182071ea25ceca5f1994f37ea,04fd3a7db556a5d83989c9de2a03095061996c9d,11263,https://github.com/tauri-apps/tauri/issues/11263,https://github.com/tauri-apps/taur/tree/eda5713eab78d28182071ea25ceca5f1994f37ea,https://github.com/tauri-apps/taur/tree/04fd3a7db556a5d83989c9de2a03095061996c9d,https://github.com/tauri-apps/taur/compare/eda5713eab78d28182071ea25ceca5f1994f37ea...04fd3a7db556a5d83989c9de2a03095061996c9d
521,Tauri,4731f0cf31fc99876f17a9b0e8170c1ef759443b,d609bef9fd7cd6eeb2bd701558100bd9cfb6e6f6,11310,https://github.com/tauri-apps/tauri/issues/11310,https://github.com/tauri-apps/taur/tree/4731f0cf31fc99876f17a9b0e8170c1ef759443b,https://github.com/tauri-apps/taur/tree/d609bef9fd7cd6eeb2bd701558100bd9cfb6e6f6,https://github.com/tauri-apps/taur/compare/4731f0cf31fc99876f17a9b0e8170c1ef759443b...d609bef9fd7cd6eeb2bd701558100bd9cfb6e6f6
522,Tauri,069c05e44fd6f30083fdc00dd6c0001278898592,2d087ee4b7d3e8849933f81284e4f5ed1aaa6455,11171,https://github.com/tauri-apps/tauri/issues/11171,https://github.com/tauri-apps/taur/tree/069c05e44fd6f30083fdc00dd6c0001278898592,https://github.com/tauri-apps/taur/tree/2d087ee4b7d3e8849933f81284e4f5ed1aaa6455,https://github.com/tauri-apps/taur/compare/069c05e44fd6f30083fdc00dd6c0001278898592...2d087ee4b7d3e8849933f81284e4f5ed1aaa6455
523,Tauri,6dea12a0677a905cb1f14969fe05c53e7cd717c6,8c6d1e8e6c852667bb223b5f4823948868c26d98,10340,https://github.com/tauri-apps/tauri/issues/10340,https://github.com/tauri-apps/taur/tree/6dea12a0677a905cb1f14969fe05c53e7cd717c6,https://github.com/tauri-apps/taur/tree/8c6d1e8e6c852667bb223b5f4823948868c26d98,https://github.com/tauri-apps/taur/compare/6dea12a0677a905cb1f14969fe05c53e7cd717c6...8c6d1e8e6c852667bb223b5f4823948868c26d98
524,Tauri,d9d2502b41e39efde679e30c8955006e2ba9ea64,1d8b67b2970a09ec478093e127612fac823de805,11158,https://github.com/tauri-apps/tauri/issues/11158,https://github.com/tauri-apps/taur/tree/d9d2502b41e39efde679e30c8955006e2ba9ea64,https://github.com/tauri-apps/taur/tree/1d8b67b2970a09ec478093e127612fac823de805,https://github.com/tauri-apps/taur/compare/d9d2502b41e39efde679e30c8955006e2ba9ea64...1d8b67b2970a09ec478093e127612fac823de805
525,Tauri,eb61d44f9fc1be591c3d10a6ac1451aa39e6a77b,fbb45c674ca92fbbe04f1a8360e5f2e477dd4297,8068,https://github.com/tauri-apps/tauri/issues/8068,https://github.com/tauri-apps/taur/tree/eb61d44f9fc1be591c3d10a6ac1451aa39e6a77b,https://github.com/tauri-apps/taur/tree/fbb45c674ca92fbbe04f1a8360e5f2e477dd4297,https://github.com/tauri-apps/taur/compare/eb61d44f9fc1be591c3d10a6ac1451aa39e6a77b...fbb45c674ca92fbbe04f1a8360e5f2e477dd4297
526,Tauri,6cfe7edf63636fdf66c429efdeb7bc9a0f404e9f,a08e6ffa6fe499553be3c4c620726d6031cd6dd3,11137,https://github.com/tauri-apps/tauri/issues/11137,https://github.com/tauri-apps/taur/tree/6cfe7edf63636fdf66c429efdeb7bc9a0f404e9f,https://github.com/tauri-apps/taur/tree/a08e6ffa6fe499553be3c4c620726d6031cd6dd3,https://github.com/tauri-apps/taur/compare/6cfe7edf63636fdf66c429efdeb7bc9a0f404e9f...a08e6ffa6fe499553be3c4c620726d6031cd6dd3
527,Tauri,058c0db72f43fbe1574d0db654560e693755cd7e,f37e97d410c4a219e99f97692da05ca9d8e0ba3a,11252,https://github.com/tauri-apps/tauri/issues/11252,https://github.com/tauri-apps/taur/tree/058c0db72f43fbe1574d0db654560e693755cd7e,https://github.com/tauri-apps/taur/tree/f37e97d410c4a219e99f97692da05ca9d8e0ba3a,https://github.com/tauri-apps/taur/compare/058c0db72f43fbe1574d0db654560e693755cd7e...f37e97d410c4a219e99f97692da05ca9d8e0ba3a
528,Tauri,b3563e3d6ae8dc90ee68f25f575cd5538ab1915b,069c05e44fd6f30083fdc00dd6c0001278898592,11220,https://github.com/tauri-apps/tauri/issues/11220,https://github.com/tauri-apps/taur/tree/b3563e3d6ae8dc90ee68f25f575cd5538ab1915b,https://github.com/tauri-apps/taur/tree/069c05e44fd6f30083fdc00dd6c0001278898592,https://github.com/tauri-apps/taur/compare/b3563e3d6ae8dc90ee68f25f575cd5538ab1915b...069c05e44fd6f30083fdc00dd6c0001278898592
529,Tauri,ce864cebfd07e2642bcf5ccd7e7c0212dc0b1315,54cbf59b5a572570a47237a3b5e6505f2a9e5d5d,11435,https://github.com/tauri-apps/tauri/issues/11435,https://github.com/tauri-apps/taur/tree/ce864cebfd07e2642bcf5ccd7e7c0212dc0b1315,https://github.com/tauri-apps/taur/tree/54cbf59b5a572570a47237a3b5e6505f2a9e5d5d,https://github.com/tauri-apps/taur/compare/ce864cebfd07e2642bcf5ccd7e7c0212dc0b1315...54cbf59b5a572570a47237a3b5e6505f2a9e5d5d
530,Tauri,4191a7a53d941b179780a550638f1b4a09d17fd1,100a4455aa48df508510bbc08273215bdf70c012,11495,https://github.com/tauri-apps/tauri/issues/11495,https://github.com/tauri-apps/taur/tree/4191a7a53d941b179780a550638f1b4a09d17fd1,https://github.com/tauri-apps/taur/tree/100a4455aa48df508510bbc08273215bdf70c012,https://github.com/tauri-apps/taur/compare/4191a7a53d941b179780a550638f1b4a09d17fd1...100a4455aa48df508510bbc08273215bdf70c012
531,Tauri,5e9435487544752b890a835b0b788802688bf62d,e8a50f6d760fad4529e7abb400302a1b487f11dd,11633,https://github.com/tauri-apps/tauri/issues/11633,https://github.com/tauri-apps/taur/tree/5e9435487544752b890a835b0b788802688bf62d,https://github.com/tauri-apps/taur/tree/e8a50f6d760fad4529e7abb400302a1b487f11dd,https://github.com/tauri-apps/taur/compare/5e9435487544752b890a835b0b788802688bf62d...e8a50f6d760fad4529e7abb400302a1b487f11dd
532,Tauri,15d6515eb12ffa9dd61d3078aea30dcb79c7828c,37814291475814b4a24cc77b6fa457ec9ba7a779,8679,https://github.com/tauri-apps/tauri/issues/8679,https://github.com/tauri-apps/taur/tree/15d6515eb12ffa9dd61d3078aea30dcb79c7828c,https://github.com/tauri-apps/taur/tree/37814291475814b4a24cc77b6fa457ec9ba7a779,https://github.com/tauri-apps/taur/compare/15d6515eb12ffa9dd61d3078aea30dcb79c7828c...37814291475814b4a24cc77b6fa457ec9ba7a779
533,Tauri,c33bbf45740274b6918ea6c647f366fb6008e459,f8994b214e89acc99ab5ce8dcca8485f43a62dbb,11561,https://github.com/tauri-apps/tauri/issues/11561,https://github.com/tauri-apps/taur/tree/c33bbf45740274b6918ea6c647f366fb6008e459,https://github.com/tauri-apps/taur/tree/f8994b214e89acc99ab5ce8dcca8485f43a62dbb,https://github.com/tauri-apps/taur/compare/c33bbf45740274b6918ea6c647f366fb6008e459...f8994b214e89acc99ab5ce8dcca8485f43a62dbb
534,Tauri,12ffc19ce08eeafdedc65207f312432aa2cf9c84,129414faa4e027c9035d56614682cacc0335a6a0,10746,https://github.com/tauri-apps/tauri/issues/10746,https://github.com/tauri-apps/taur/tree/12ffc19ce08eeafdedc65207f312432aa2cf9c84,https://github.com/tauri-apps/taur/tree/129414faa4e027c9035d56614682cacc0335a6a0,https://github.com/tauri-apps/taur/compare/12ffc19ce08eeafdedc65207f312432aa2cf9c84...129414faa4e027c9035d56614682cacc0335a6a0
535,Tauri,0e2f0b29cda7c094ae6691cec9b37e4aadc1f379,b50a1ac0ef4c7686c3537512f1ba607b9ba6589c,11848,https://github.com/tauri-apps/tauri/issues/11848,https://github.com/tauri-apps/taur/tree/0e2f0b29cda7c094ae6691cec9b37e4aadc1f379,https://github.com/tauri-apps/taur/tree/b50a1ac0ef4c7686c3537512f1ba607b9ba6589c,https://github.com/tauri-apps/taur/compare/0e2f0b29cda7c094ae6691cec9b37e4aadc1f379...b50a1ac0ef4c7686c3537512f1ba607b9ba6589c
536,Tauri,17bcec8abe827c8a9eaa9bebf01bf5da87e92ed2,ca7f025fd8666f8fce6894bb5e16cf2d4fc81e0c,11949,https://github.com/tauri-apps/tauri/issues/11949,https://github.com/tauri-apps/taur/tree/17bcec8abe827c8a9eaa9bebf01bf5da87e92ed2,https://github.com/tauri-apps/taur/tree/ca7f025fd8666f8fce6894bb5e16cf2d4fc81e0c,https://github.com/tauri-apps/taur/compare/17bcec8abe827c8a9eaa9bebf01bf5da87e92ed2...ca7f025fd8666f8fce6894bb5e16cf2d4fc81e0c
537,Tauri,b37c208d616a8ecef4a8e032113a3ba1d8536136,a09e48e396fafdb7eaa9afff76c1ac3b5166a05a,11614,https://github.com/tauri-apps/tauri/issues/11614,https://github.com/tauri-apps/taur/tree/b37c208d616a8ecef4a8e032113a3ba1d8536136,https://github.com/tauri-apps/taur/tree/a09e48e396fafdb7eaa9afff76c1ac3b5166a05a,https://github.com/tauri-apps/taur/compare/b37c208d616a8ecef4a8e032113a3ba1d8536136...a09e48e396fafdb7eaa9afff76c1ac3b5166a05a
538,Tauri,0b79af711430934362602fb950c3e4cb5b59cf9c,bc43c738baf686353690d3d9259b4976881718c8,12440,https://github.com/tauri-apps/tauri/issues/12440,https://github.com/tauri-apps/taur/tree/0b79af711430934362602fb950c3e4cb5b59cf9c,https://github.com/tauri-apps/taur/tree/bc43c738baf686353690d3d9259b4976881718c8,https://github.com/tauri-apps/taur/compare/0b79af711430934362602fb950c3e4cb5b59cf9c...bc43c738baf686353690d3d9259b4976881718c8
539,Tauri,ae75a353d0759d6001cff4f52ff87bccc9acbd87,848d0e060e6eb3c8e9e8175adc7896587b5a947d,10412,https://github.com/tauri-apps/tauri/issues/10412,https://github.com/tauri-apps/taur/tree/ae75a353d0759d6001cff4f52ff87bccc9acbd87,https://github.com/tauri-apps/taur/tree/848d0e060e6eb3c8e9e8175adc7896587b5a947d,https://github.com/tauri-apps/taur/compare/ae75a353d0759d6001cff4f52ff87bccc9acbd87...848d0e060e6eb3c8e9e8175adc7896587b5a947d
540,Tauri,82d634f4a9a3565ce1b48e779a385b1d8079fa7c,477e9c0496ff75ef8ef7aedc5430c77e213cd740,12513,https://github.com/tauri-apps/tauri/issues/12513,https://github.com/tauri-apps/taur/tree/82d634f4a9a3565ce1b48e779a385b1d8079fa7c,https://github.com/tauri-apps/taur/tree/477e9c0496ff75ef8ef7aedc5430c77e213cd740,https://github.com/tauri-apps/taur/compare/82d634f4a9a3565ce1b48e779a385b1d8079fa7c...477e9c0496ff75ef8ef7aedc5430c77e213cd740
541,Tauri,d9a07e66af5574b883a385e00e1d355bb6d43e37,d7b998fe71eca4d5471d73900f7694c043a17256,12721,https://github.com/tauri-apps/tauri/issues/12721,https://github.com/tauri-apps/taur/tree/d9a07e66af5574b883a385e00e1d355bb6d43e37,https://github.com/tauri-apps/taur/tree/d7b998fe71eca4d5471d73900f7694c043a17256,https://github.com/tauri-apps/taur/compare/d9a07e66af5574b883a385e00e1d355bb6d43e37...d7b998fe71eca4d5471d73900f7694c043a17256
542,Tauri,c5617868448aefa3c6e14d2ce9b494cfc65ecb00,229d7f8e220cc8d5ca06eff1ed85cb7d047c1d6c,11452,https://github.com/tauri-apps/tauri/issues/11452,https://github.com/tauri-apps/taur/tree/c5617868448aefa3c6e14d2ce9b494cfc65ecb00,https://github.com/tauri-apps/taur/tree/229d7f8e220cc8d5ca06eff1ed85cb7d047c1d6c,https://github.com/tauri-apps/taur/compare/c5617868448aefa3c6e14d2ce9b494cfc65ecb00...229d7f8e220cc8d5ca06eff1ed85cb7d047c1d6c
543,Tauri,66e6325f43efa49ec2165c45afec911a1a14ecfb,0802529031c4fd309edff374a8694e93ddec161d,13128,https://github.com/tauri-apps/tauri/issues/13128,https://github.com/tauri-apps/taur/tree/66e6325f43efa49ec2165c45afec911a1a14ecfb,https://github.com/tauri-apps/taur/tree/0802529031c4fd309edff374a8694e93ddec161d,https://github.com/tauri-apps/taur/compare/66e6325f43efa49ec2165c45afec911a1a14ecfb...0802529031c4fd309edff374a8694e93ddec161d
544,Tauri,8d994f60fe05ec0f45cbe926506bbe10b0d36e3c,07953fb9c3dc09e86657aa16020978e89b03ed56,9755,https://github.com/tauri-apps/tauri/issues/9755,https://github.com/tauri-apps/taur/tree/8d994f60fe05ec0f45cbe926506bbe10b0d36e3c,https://github.com/tauri-apps/taur/tree/07953fb9c3dc09e86657aa16020978e89b03ed56,https://github.com/tauri-apps/taur/compare/8d994f60fe05ec0f45cbe926506bbe10b0d36e3c...07953fb9c3dc09e86657aa16020978e89b03ed56
545,Tauri,82406c61e0fbb775ef00791ccab45349325bdd45,577c7ffc45ef005403cdf698e595614038c7d1e1,8610,https://github.com/tauri-apps/tauri/issues/8610,https://github.com/tauri-apps/taur/tree/82406c61e0fbb775ef00791ccab45349325bdd45,https://github.com/tauri-apps/taur/tree/577c7ffc45ef005403cdf698e595614038c7d1e1,https://github.com/tauri-apps/taur/compare/82406c61e0fbb775ef00791ccab45349325bdd45...577c7ffc45ef005403cdf698e595614038c7d1e1
546,Tauri,755533c518391824c7393a16577d10db3aa91d19,f268b3dbdf313484c85b4a1f69cd7cec63049f35,3527,https://github.com/tauri-apps/tauri/issues/3527,https://github.com/tauri-apps/taur/tree/755533c518391824c7393a16577d10db3aa91d19,https://github.com/tauri-apps/taur/tree/f268b3dbdf313484c85b4a1f69cd7cec63049f35,https://github.com/tauri-apps/taur/compare/755533c518391824c7393a16577d10db3aa91d19...f268b3dbdf313484c85b4a1f69cd7cec63049f35
547,Tauri,fdaf48fc4a706b968e92b2b44e3830c51a5be1fe,e349dfe5722c0b47620582bd03f8c184ffeb6979,11955,https://github.com/tauri-apps/tauri/issues/11955,https://github.com/tauri-apps/taur/tree/fdaf48fc4a706b968e92b2b44e3830c51a5be1fe,https://github.com/tauri-apps/taur/tree/e349dfe5722c0b47620582bd03f8c184ffeb6979,https://github.com/tauri-apps/taur/compare/fdaf48fc4a706b968e92b2b44e3830c51a5be1fe...e349dfe5722c0b47620582bd03f8c184ffeb6979
548,Tauri,5d3687e8c3b6c539e018b1346d4699214bc78ff4,2dccfab5321fef55d45f3a4c674b6151b1c4424a,13159,https://github.com/tauri-apps/tauri/issues/13159,https://github.com/tauri-apps/taur/tree/5d3687e8c3b6c539e018b1346d4699214bc78ff4,https://github.com/tauri-apps/taur/tree/2dccfab5321fef55d45f3a4c674b6151b1c4424a,https://github.com/tauri-apps/taur/compare/5d3687e8c3b6c539e018b1346d4699214bc78ff4...2dccfab5321fef55d45f3a4c674b6151b1c4424a
549,Tauri,8ee14a86480510c15823586cf28084e615cb7a9c,9fb0586909a554187a01ab14c5403b0248fc515c,12674,https://github.com/tauri-apps/tauri/issues/12674,https://github.com/tauri-apps/taur/tree/8ee14a86480510c15823586cf28084e615cb7a9c,https://github.com/tauri-apps/taur/tree/9fb0586909a554187a01ab14c5403b0248fc515c,https://github.com/tauri-apps/taur/compare/8ee14a86480510c15823586cf28084e615cb7a9c...9fb0586909a554187a01ab14c5403b0248fc515c
550,Tauri,168629646335f24cc7f1c4a61df22688b2198f98,638804e9c488afdcd51bff8f329a321903337263,13422,https://github.com/tauri-apps/tauri/issues/13422,https://github.com/tauri-apps/taur/tree/168629646335f24cc7f1c4a61df22688b2198f98,https://github.com/tauri-apps/taur/tree/638804e9c488afdcd51bff8f329a321903337263,https://github.com/tauri-apps/taur/compare/168629646335f24cc7f1c4a61df22688b2198f98...638804e9c488afdcd51bff8f329a321903337263
551,Tauri,12e3590613c7b4370aeddc16db7e29335e3a7684,916aeaa48646a483a78e51cfe1633800ee62c37c,13765,https://github.com/tauri-apps/tauri/issues/13765,https://github.com/tauri-apps/taur/tree/12e3590613c7b4370aeddc16db7e29335e3a7684,https://github.com/tauri-apps/taur/tree/916aeaa48646a483a78e51cfe1633800ee62c37c,https://github.com/tauri-apps/taur/compare/12e3590613c7b4370aeddc16db7e29335e3a7684...916aeaa48646a483a78e51cfe1633800ee62c37c
552,Tauri,f94af90359ec8b01138ae542391caa704ec18ca8,4ba871c5d2eb3fbb8db56c8d8f9916e65d3e34ac,13461,https://github.com/tauri-apps/tauri/issues/13461,https://github.com/tauri-apps/taur/tree/f94af90359ec8b01138ae542391caa704ec18ca8,https://github.com/tauri-apps/taur/tree/4ba871c5d2eb3fbb8db56c8d8f9916e65d3e34ac,https://github.com/tauri-apps/taur/compare/f94af90359ec8b01138ae542391caa704ec18ca8...4ba871c5d2eb3fbb8db56c8d8f9916e65d3e34ac
553,Tauri,f1891540bfdd4694023d82fa5c9fb986b30e7d37,bd8a7cf39df316bf27c73a303d5e650301af0104,5258,https://github.com/tauri-apps/tauri/issues/5258,https://github.com/tauri-apps/taur/tree/f1891540bfdd4694023d82fa5c9fb986b30e7d37,https://github.com/tauri-apps/taur/tree/bd8a7cf39df316bf27c73a303d5e650301af0104,https://github.com/tauri-apps/taur/compare/f1891540bfdd4694023d82fa5c9fb986b30e7d37...bd8a7cf39df316bf27c73a303d5e650301af0104
554,Tauri,0f0d6a4e021958fbcb9be63105c61e0e77b25f96,8ee14a86480510c15823586cf28084e615cb7a9c,12674,https://github.com/tauri-apps/tauri/issues/12674,https://github.com/tauri-apps/taur/tree/0f0d6a4e021958fbcb9be63105c61e0e77b25f96,https://github.com/tauri-apps/taur/tree/8ee14a86480510c15823586cf28084e615cb7a9c,https://github.com/tauri-apps/taur/compare/0f0d6a4e021958fbcb9be63105c61e0e77b25f96...8ee14a86480510c15823586cf28084e615cb7a9c
555,Tauri,02775963415f32ec3ac86b0a07b032b6e478860f,11b4a03881fcb6e6fa75a003c2714884e2432ab6,12139,https://github.com/tauri-apps/tauri/issues/12139,https://github.com/tauri-apps/taur/tree/02775963415f32ec3ac86b0a07b032b6e478860f,https://github.com/tauri-apps/taur/tree/11b4a03881fcb6e6fa75a003c2714884e2432ab6,https://github.com/tauri-apps/taur/compare/02775963415f32ec3ac86b0a07b032b6e478860f...11b4a03881fcb6e6fa75a003c2714884e2432ab6
556,Tauri,f70b28529d226a2dec2f41709d8934f8f5adab25,07e134f70e3a65424641f1b384a26bf059fd9c56,13816,https://github.com/tauri-apps/tauri/issues/13816,https://github.com/tauri-apps/taur/tree/f70b28529d226a2dec2f41709d8934f8f5adab25,https://github.com/tauri-apps/taur/tree/07e134f70e3a65424641f1b384a26bf059fd9c56,https://github.com/tauri-apps/taur/compare/f70b28529d226a2dec2f41709d8934f8f5adab25...07e134f70e3a65424641f1b384a26bf059fd9c56
557,Tauri,3cc4ad3c381ee081cfcf0df28ea51507ad5c9b95,b83921226cb3084992bb5357e7e39a09ea97843e,12965,https://github.com/tauri-apps/tauri/issues/12965,https://github.com/tauri-apps/taur/tree/3cc4ad3c381ee081cfcf0df28ea51507ad5c9b95,https://github.com/tauri-apps/taur/tree/b83921226cb3084992bb5357e7e39a09ea97843e,https://github.com/tauri-apps/taur/compare/3cc4ad3c381ee081cfcf0df28ea51507ad5c9b95...b83921226cb3084992bb5357e7e39a09ea97843e
558,Tauri,07e134f70e3a65424641f1b384a26bf059fd9c56,956b4fd6ffbb4312123b107ca96c87a001359b9d,13818,https://github.com/tauri-apps/tauri/issues/13818,https://github.com/tauri-apps/taur/tree/07e134f70e3a65424641f1b384a26bf059fd9c56,https://github.com/tauri-apps/taur/tree/956b4fd6ffbb4312123b107ca96c87a001359b9d,https://github.com/tauri-apps/taur/compare/07e134f70e3a65424641f1b384a26bf059fd9c56...956b4fd6ffbb4312123b107ca96c87a001359b9d
559,Tauri,61b9b681e88067a53b79d2318ae005dc25addcd6,bcf000c0a8607eedf488fb949b982f519abda43d,13547,https://github.com/tauri-apps/tauri/issues/13547,https://github.com/tauri-apps/taur/tree/61b9b681e88067a53b79d2318ae005dc25addcd6,https://github.com/tauri-apps/taur/tree/bcf000c0a8607eedf488fb949b982f519abda43d,https://github.com/tauri-apps/taur/compare/61b9b681e88067a53b79d2318ae005dc25addcd6...bcf000c0a8607eedf488fb949b982f519abda43d
560,Tauri,65bb24b9ae5973d1e4325996ce46ec03dd8df232,af95fb6014ea54a2636bfd299095608f6cd93221,13868,https://github.com/tauri-apps/tauri/issues/13868,https://github.com/tauri-apps/taur/tree/65bb24b9ae5973d1e4325996ce46ec03dd8df232,https://github.com/tauri-apps/taur/tree/af95fb6014ea54a2636bfd299095608f6cd93221,https://github.com/tauri-apps/taur/compare/65bb24b9ae5973d1e4325996ce46ec03dd8df232...af95fb6014ea54a2636bfd299095608f6cd93221
561,Tauri,f6622a3e342f5dd5fb3cf6e0f79fb309a10e9b3d,1a6627ee7d085a4e66784e2705254714d68c7244,14075,https://github.com/tauri-apps/tauri/issues/14075,https://github.com/tauri-apps/taur/tree/f6622a3e342f5dd5fb3cf6e0f79fb309a10e9b3d,https://github.com/tauri-apps/taur/tree/1a6627ee7d085a4e66784e2705254714d68c7244,https://github.com/tauri-apps/taur/compare/f6622a3e342f5dd5fb3cf6e0f79fb309a10e9b3d...1a6627ee7d085a4e66784e2705254714d68c7244
562,Tauri,ed7c9a4100e08c002212265549d12130d021ad1e,28a2f9bc55f658eb71ef1a970ff9f791346f7682,13542,https://github.com/tauri-apps/tauri/issues/13542,https://github.com/tauri-apps/taur/tree/ed7c9a4100e08c002212265549d12130d021ad1e,https://github.com/tauri-apps/taur/tree/28a2f9bc55f658eb71ef1a970ff9f791346f7682,https://github.com/tauri-apps/taur/compare/ed7c9a4100e08c002212265549d12130d021ad1e...28a2f9bc55f658eb71ef1a970ff9f791346f7682
563,Tauri,b06b3bd091b0fed26cdcfb23cacb0462a7a9cc2d,6bbb530fd5edfc07b180a4f3782b8566872ca3b1,14034,https://github.com/tauri-apps/tauri/issues/14034,https://github.com/tauri-apps/taur/tree/b06b3bd091b0fed26cdcfb23cacb0462a7a9cc2d,https://github.com/tauri-apps/taur/tree/6bbb530fd5edfc07b180a4f3782b8566872ca3b1,https://github.com/tauri-apps/taur/compare/b06b3bd091b0fed26cdcfb23cacb0462a7a9cc2d...6bbb530fd5edfc07b180a4f3782b8566872ca3b1
564,Tauri,bcf000c0a8607eedf488fb949b982f519abda43d,a9b342125d5ac1bc9a4b2e8b5f73e8ca3cbcb8b2,13456,https://github.com/tauri-apps/tauri/issues/13456,https://github.com/tauri-apps/taur/tree/bcf000c0a8607eedf488fb949b982f519abda43d,https://github.com/tauri-apps/taur/tree/a9b342125d5ac1bc9a4b2e8b5f73e8ca3cbcb8b2,https://github.com/tauri-apps/taur/compare/bcf000c0a8607eedf488fb949b982f519abda43d...a9b342125d5ac1bc9a4b2e8b5f73e8ca3cbcb8b2
565,Tauri,d2938486e9d974debd90c15d7160b8a17bf4d763,006d592837259cac87f15cf3ffc99e7fce97685e,14254,https://github.com/tauri-apps/tauri/issues/14254,https://github.com/tauri-apps/taur/tree/d2938486e9d974debd90c15d7160b8a17bf4d763,https://github.com/tauri-apps/taur/tree/006d592837259cac87f15cf3ffc99e7fce97685e,https://github.com/tauri-apps/taur/compare/d2938486e9d974debd90c15d7160b8a17bf4d763...006d592837259cac87f15cf3ffc99e7fce97685e
566,Tauri,55453e8453d927b8197f1ba9f26fd944482938f7,b5aa018702bf45dc98297698f9b7d238705865a6,14238,https://github.com/tauri-apps/tauri/issues/14238,https://github.com/tauri-apps/taur/tree/55453e8453d927b8197f1ba9f26fd944482938f7,https://github.com/tauri-apps/taur/tree/b5aa018702bf45dc98297698f9b7d238705865a6,https://github.com/tauri-apps/taur/compare/55453e8453d927b8197f1ba9f26fd944482938f7...b5aa018702bf45dc98297698f9b7d238705865a6
567,Tauri,a27948585662db6da90aaef998a7a43efdb6f647,25e920e169db900ca4f07c2bb9eb290e9f9f2c7d,14284,https://github.com/tauri-apps/tauri/issues/14284,https://github.com/tauri-apps/taur/tree/a27948585662db6da90aaef998a7a43efdb6f647,https://github.com/tauri-apps/taur/tree/25e920e169db900ca4f07c2bb9eb290e9f9f2c7d,https://github.com/tauri-apps/taur/compare/a27948585662db6da90aaef998a7a43efdb6f647...25e920e169db900ca4f07c2bb9eb290e9f9f2c7d
568,Tauri,06d4a4ed6c146d6c7782016cf90037b56b944445,b0012424c5f432debfa42ba145e2672966d5f6d5,13356,https://github.com/tauri-apps/tauri/issues/13356,https://github.com/tauri-apps/taur/tree/06d4a4ed6c146d6c7782016cf90037b56b944445,https://github.com/tauri-apps/taur/tree/b0012424c5f432debfa42ba145e2672966d5f6d5,https://github.com/tauri-apps/taur/compare/06d4a4ed6c146d6c7782016cf90037b56b944445...b0012424c5f432debfa42ba145e2672966d5f6d5
569,Tauri,18464d9481f4d522c305f21b38be4b906ab41bd5,fd8c30b4f1bca8dd7165c5c0ebe7fbfd17662153,14351,https://github.com/tauri-apps/tauri/issues/14351,https://github.com/tauri-apps/taur/tree/18464d9481f4d522c305f21b38be4b906ab41bd5,https://github.com/tauri-apps/taur/tree/fd8c30b4f1bca8dd7165c5c0ebe7fbfd17662153,https://github.com/tauri-apps/taur/compare/18464d9481f4d522c305f21b38be4b906ab41bd5...fd8c30b4f1bca8dd7165c5c0ebe7fbfd17662153
570,Tauri,1573c72402352949d1fd3ca5c6fdbee46fe69fbb,f022b2d1ae57612e39c75782926f2f341d9034a8,14581,https://github.com/tauri-apps/tauri/issues/14581,https://github.com/tauri-apps/taur/tree/1573c72402352949d1fd3ca5c6fdbee46fe69fbb,https://github.com/tauri-apps/taur/tree/f022b2d1ae57612e39c75782926f2f341d9034a8,https://github.com/tauri-apps/taur/compare/1573c72402352949d1fd3ca5c6fdbee46fe69fbb...f022b2d1ae57612e39c75782926f2f341d9034a8
571,Tauri,3d6868d09c323d68a152f3c3f8c7256311bd020a,19fb6f7cb0d702cb2f25f6f2d1e11014d9dada5d,13892,https://github.com/tauri-apps/tauri/issues/13892,https://github.com/tauri-apps/taur/tree/3d6868d09c323d68a152f3c3f8c7256311bd020a,https://github.com/tauri-apps/taur/tree/19fb6f7cb0d702cb2f25f6f2d1e11014d9dada5d,https://github.com/tauri-apps/taur/compare/3d6868d09c323d68a152f3c3f8c7256311bd020a...19fb6f7cb0d702cb2f25f6f2d1e11014d9dada5d
