bug.id,project_id,revision.id.buggy,revision.id.fixed,report.id,report.url,buggy_commit_url,fixed_commit_url,compare_url
1,ReactHookForm,4b11d8d69d13d14d40424fc169153c62e50b7a7b,4416ca91fc5e60df0d7a1a45444e502300179e49,88,https://github.com/react-hook-form/react-hook-form/issues/88,https://github.com/react-hook-form/react-hook-form/tree/4b11d8d69d13d14d40424fc169153c62e50b7a7b,https://github.com/react-hook-form/react-hook-form/tree/4416ca91fc5e60df0d7a1a45444e502300179e49,https://github.com/react-hook-form/react-hook-form/compare/4b11d8d69d13d14d40424fc169153c62e50b7a7b...4416ca91fc5e60df0d7a1a45444e502300179e49
2,ReactHookForm,1abb0e05374256eabba8cbe2ae2bf192f3c669f1,ca8618367949dba8122a0bf956c543a8b2e1b5e0,91,https://github.com/react-hook-form/react-hook-form/issues/91,https://github.com/react-hook-form/react-hook-form/tree/1abb0e05374256eabba8cbe2ae2bf192f3c669f1,https://github.com/react-hook-form/react-hook-form/tree/ca8618367949dba8122a0bf956c543a8b2e1b5e0,https://github.com/react-hook-form/react-hook-form/compare/1abb0e05374256eabba8cbe2ae2bf192f3c669f1...ca8618367949dba8122a0bf956c543a8b2e1b5e0
3,ReactHookForm,5803ffd211209c8cd990cca63bb166d36eba36f8,5560e3c776b49666109a98eac3dee54a26ccd7c7,99,https://github.com/react-hook-form/react-hook-form/issues/99,https://github.com/react-hook-form/react-hook-form/tree/5803ffd211209c8cd990cca63bb166d36eba36f8,https://github.com/react-hook-form/react-hook-form/tree/5560e3c776b49666109a98eac3dee54a26ccd7c7,https://github.com/react-hook-form/react-hook-form/compare/5803ffd211209c8cd990cca63bb166d36eba36f8...5560e3c776b49666109a98eac3dee54a26ccd7c7
4,ReactHookForm,c7072b4c7e5bcff8ad3fce6a480e0790d01fbf9b,93a2ad0c67b37d3b3df830eb0acf4c4aaba35fd4,107,https://github.com/react-hook-form/react-hook-form/issues/107,https://github.com/react-hook-form/react-hook-form/tree/c7072b4c7e5bcff8ad3fce6a480e0790d01fbf9b,https://github.com/react-hook-form/react-hook-form/tree/93a2ad0c67b37d3b3df830eb0acf4c4aaba35fd4,https://github.com/react-hook-form/react-hook-form/compare/c7072b4c7e5bcff8ad3fce6a480e0790d01fbf9b...93a2ad0c67b37d3b3df830eb0acf4c4aaba35fd4
5,ReactHookForm,b95db88dbe1fcae892cd5eb5b9568530993e23c8,816edf42b72362598a48259b8f1dbda558540491,117,https://github.com/react-hook-form/react-hook-form/issues/117,https://github.com/react-hook-form/react-hook-form/tree/b95db88dbe1fcae892cd5eb5b9568530993e23c8,https://github.com/react-hook-form/react-hook-form/tree/816edf42b72362598a48259b8f1dbda558540491,https://github.com/react-hook-form/react-hook-form/compare/b95db88dbe1fcae892cd5eb5b9568530993e23c8...816edf42b72362598a48259b8f1dbda558540491
6,ReactHookForm,693be7beff1881679ec2f1890859eda2eca3d287,d5e1149936e77aec8eca0157e82660b123beba3c,124,https://github.com/react-hook-form/react-hook-form/issues/124,https://github.com/react-hook-form/react-hook-form/tree/693be7beff1881679ec2f1890859eda2eca3d287,https://github.com/react-hook-form/react-hook-form/tree/d5e1149936e77aec8eca0157e82660b123beba3c,https://github.com/react-hook-form/react-hook-form/compare/693be7beff1881679ec2f1890859eda2eca3d287...d5e1149936e77aec8eca0157e82660b123beba3c
7,ReactHookForm,865990e7aa0de48a07aa0c9999c04975399dd2ad,7c8746975bfdd5342d465ee44237b8b9c2ba0f17,126,https://github.com/react-hook-form/react-hook-form/issues/126,https://github.com/react-hook-form/react-hook-form/tree/865990e7aa0de48a07aa0c9999c04975399dd2ad,https://github.com/react-hook-form/react-hook-form/tree/7c8746975bfdd5342d465ee44237b8b9c2ba0f17,https://github.com/react-hook-form/react-hook-form/compare/865990e7aa0de48a07aa0c9999c04975399dd2ad...7c8746975bfdd5342d465ee44237b8b9c2ba0f17
8,ReactHookForm,d5d1b716e8e723f54cb69f6b34a0249dfaa2f510,58390134fc628dcccc42fe389141888c7c0767c2,129,https://github.com/react-hook-form/react-hook-form/issues/129,https://github.com/react-hook-form/react-hook-form/tree/d5d1b716e8e723f54cb69f6b34a0249dfaa2f510,https://github.com/react-hook-form/react-hook-form/tree/58390134fc628dcccc42fe389141888c7c0767c2,https://github.com/react-hook-form/react-hook-form/compare/d5d1b716e8e723f54cb69f6b34a0249dfaa2f510...58390134fc628dcccc42fe389141888c7c0767c2
9,ReactHookForm,372b396118fef49272ead00d7600cfb3ef22aa4d,8b94d6e695e87f631d62d212e1a1fd6a5d88e23e,143,https://github.com/react-hook-form/react-hook-form/issues/143,https://github.com/react-hook-form/react-hook-form/tree/372b396118fef49272ead00d7600cfb3ef22aa4d,https://github.com/react-hook-form/react-hook-form/tree/8b94d6e695e87f631d62d212e1a1fd6a5d88e23e,https://github.com/react-hook-form/react-hook-form/compare/372b396118fef49272ead00d7600cfb3ef22aa4d...8b94d6e695e87f631d62d212e1a1fd6a5d88e23e
10,ReactHookForm,3b100951713a0bbc0c5cf4441031ae086604f435,ecaebda4931b37108a0121959351d9152ea6eeb2,145,https://github.com/react-hook-form/react-hook-form/issues/145,https://github.com/react-hook-form/react-hook-form/tree/3b100951713a0bbc0c5cf4441031ae086604f435,https://github.com/react-hook-form/react-hook-form/tree/ecaebda4931b37108a0121959351d9152ea6eeb2,https://github.com/react-hook-form/react-hook-form/compare/3b100951713a0bbc0c5cf4441031ae086604f435...ecaebda4931b37108a0121959351d9152ea6eeb2
11,ReactHookForm,78a1c9cf4a767221d7b325e8cf532757bcc73804,51f58f0bdb2971fcfdde41b58314ed51aafe8d51,160,https://github.com/react-hook-form/react-hook-form/issues/160,https://github.com/react-hook-form/react-hook-form/tree/78a1c9cf4a767221d7b325e8cf532757bcc73804,https://github.com/react-hook-form/react-hook-form/tree/51f58f0bdb2971fcfdde41b58314ed51aafe8d51,https://github.com/react-hook-form/react-hook-form/compare/78a1c9cf4a767221d7b325e8cf532757bcc73804...51f58f0bdb2971fcfdde41b58314ed51aafe8d51
12,ReactHookForm,540e74301ba7b41b189fde3486d02215371ea6da,c92c3082bd2f84690de0c651eb67e94bef5270a6,83,https://github.com/react-hook-form/react-hook-form/issues/83,https://github.com/react-hook-form/react-hook-form/tree/540e74301ba7b41b189fde3486d02215371ea6da,https://github.com/react-hook-form/react-hook-form/tree/c92c3082bd2f84690de0c651eb67e94bef5270a6,https://github.com/react-hook-form/react-hook-form/compare/540e74301ba7b41b189fde3486d02215371ea6da...c92c3082bd2f84690de0c651eb67e94bef5270a6
13,ReactHookForm,28269cbf9cc84621f8ed8ef65be8c250334d2128,d4388b2a40bdfe09c0aee8c5e7c140d2521fcc53,45,https://github.com/react-hook-form/react-hook-form/issues/45,https://github.com/react-hook-form/react-hook-form/tree/28269cbf9cc84621f8ed8ef65be8c250334d2128,https://github.com/react-hook-form/react-hook-form/tree/d4388b2a40bdfe09c0aee8c5e7c140d2521fcc53,https://github.com/react-hook-form/react-hook-form/compare/28269cbf9cc84621f8ed8ef65be8c250334d2128...d4388b2a40bdfe09c0aee8c5e7c140d2521fcc53
14,ReactHookForm,95dbcb6a9f5d883aaf8739724ed1b495c742fd42,1e12ef8968b38ed04a1101d3bcba56f58887f2b8,72,https://github.com/react-hook-form/react-hook-form/issues/72,https://github.com/react-hook-form/react-hook-form/tree/95dbcb6a9f5d883aaf8739724ed1b495c742fd42,https://github.com/react-hook-form/react-hook-form/tree/1e12ef8968b38ed04a1101d3bcba56f58887f2b8,https://github.com/react-hook-form/react-hook-form/compare/95dbcb6a9f5d883aaf8739724ed1b495c742fd42...1e12ef8968b38ed04a1101d3bcba56f58887f2b8
15,ReactHookForm,cc8677a3aa4ed6ace408239785f905e606796b55,f1ac20b37ae04fea56e66cbdfde13a749637fd90,172,https://github.com/react-hook-form/react-hook-form/issues/172,https://github.com/react-hook-form/react-hook-form/tree/cc8677a3aa4ed6ace408239785f905e606796b55,https://github.com/react-hook-form/react-hook-form/tree/f1ac20b37ae04fea56e66cbdfde13a749637fd90,https://github.com/react-hook-form/react-hook-form/compare/cc8677a3aa4ed6ace408239785f905e606796b55...f1ac20b37ae04fea56e66cbdfde13a749637fd90
16,ReactHookForm,642b8afdd52a9370cb4ce03c4eadf9c9165680f5,611d61f1ec2f6bfc0dd6b439191e1390944e5b52,195,https://github.com/react-hook-form/react-hook-form/issues/195,https://github.com/react-hook-form/react-hook-form/tree/642b8afdd52a9370cb4ce03c4eadf9c9165680f5,https://github.com/react-hook-form/react-hook-form/tree/611d61f1ec2f6bfc0dd6b439191e1390944e5b52,https://github.com/react-hook-form/react-hook-form/compare/642b8afdd52a9370cb4ce03c4eadf9c9165680f5...611d61f1ec2f6bfc0dd6b439191e1390944e5b52
17,ReactHookForm,88e29b696f265ffdafd329e038dc0842f75a9dd2,92a25d84cce182751e5c0e1763f6304cd05ac690,198,https://github.com/react-hook-form/react-hook-form/issues/198,https://github.com/react-hook-form/react-hook-form/tree/88e29b696f265ffdafd329e038dc0842f75a9dd2,https://github.com/react-hook-form/react-hook-form/tree/92a25d84cce182751e5c0e1763f6304cd05ac690,https://github.com/react-hook-form/react-hook-form/compare/88e29b696f265ffdafd329e038dc0842f75a9dd2...92a25d84cce182751e5c0e1763f6304cd05ac690
18,ReactHookForm,a00521acc4696f4308c8f7a20e40e71246d18125,1d2068d15abd9acd0bcc17e4668fde32486e87f5,207,https://github.com/react-hook-form/react-hook-form/issues/207,https://github.com/react-hook-form/react-hook-form/tree/a00521acc4696f4308c8f7a20e40e71246d18125,https://github.com/react-hook-form/react-hook-form/tree/1d2068d15abd9acd0bcc17e4668fde32486e87f5,https://github.com/react-hook-form/react-hook-form/compare/a00521acc4696f4308c8f7a20e40e71246d18125...1d2068d15abd9acd0bcc17e4668fde32486e87f5
19,ReactHookForm,5c89f80e54d007b4db35212b2dc314de3d686907,cb2be08cedce41a947026ff0b3852db79d9fe733,222,https://github.com/react-hook-form/react-hook-form/issues/222,https://github.com/react-hook-form/react-hook-form/tree/5c89f80e54d007b4db35212b2dc314de3d686907,https://github.com/react-hook-form/react-hook-form/tree/cb2be08cedce41a947026ff0b3852db79d9fe733,https://github.com/react-hook-form/react-hook-form/compare/5c89f80e54d007b4db35212b2dc314de3d686907...cb2be08cedce41a947026ff0b3852db79d9fe733
20,ReactHookForm,ec765186eab3997f468cf4131b688b1bddec02f7,9e33bdd6172fcbf4d73eaafc829a340dd8694073,208,https://github.com/react-hook-form/react-hook-form/issues/208,https://github.com/react-hook-form/react-hook-form/tree/ec765186eab3997f468cf4131b688b1bddec02f7,https://github.com/react-hook-form/react-hook-form/tree/9e33bdd6172fcbf4d73eaafc829a340dd8694073,https://github.com/react-hook-form/react-hook-form/compare/ec765186eab3997f468cf4131b688b1bddec02f7...9e33bdd6172fcbf4d73eaafc829a340dd8694073
21,ReactHookForm,27483cea2a50cc34f2def4135894668b62e68161,ba386d803f27ec6021769e465ca39a0913b1a68f,172,https://github.com/react-hook-form/react-hook-form/issues/172,https://github.com/react-hook-form/react-hook-form/tree/27483cea2a50cc34f2def4135894668b62e68161,https://github.com/react-hook-form/react-hook-form/tree/ba386d803f27ec6021769e465ca39a0913b1a68f,https://github.com/react-hook-form/react-hook-form/compare/27483cea2a50cc34f2def4135894668b62e68161...ba386d803f27ec6021769e465ca39a0913b1a68f
22,ReactHookForm,77837dae38b293eaba1431ba94d072fe39f7dd10,97f992b3adcc6a20618b0cbbfa35647998b20b56,248,https://github.com/react-hook-form/react-hook-form/issues/248,https://github.com/react-hook-form/react-hook-form/tree/77837dae38b293eaba1431ba94d072fe39f7dd10,https://github.com/react-hook-form/react-hook-form/tree/97f992b3adcc6a20618b0cbbfa35647998b20b56,https://github.com/react-hook-form/react-hook-form/compare/77837dae38b293eaba1431ba94d072fe39f7dd10...97f992b3adcc6a20618b0cbbfa35647998b20b56
23,ReactHookForm,373d95fe834f7becf1842bc94a7fd967f99f17d4,39e1ed09f7105b908774e0b2ae213a2c4c3b3513,259,https://github.com/react-hook-form/react-hook-form/issues/259,https://github.com/react-hook-form/react-hook-form/tree/373d95fe834f7becf1842bc94a7fd967f99f17d4,https://github.com/react-hook-form/react-hook-form/tree/39e1ed09f7105b908774e0b2ae213a2c4c3b3513,https://github.com/react-hook-form/react-hook-form/compare/373d95fe834f7becf1842bc94a7fd967f99f17d4...39e1ed09f7105b908774e0b2ae213a2c4c3b3513
24,ReactHookForm,7c868668dc4a47aaab3f8bf48b2ce697742abed0,c4f43b6ba2c13bf57ba8d369dc3b6f4fdba6f02c,344,https://github.com/react-hook-form/react-hook-form/issues/344,https://github.com/react-hook-form/react-hook-form/tree/7c868668dc4a47aaab3f8bf48b2ce697742abed0,https://github.com/react-hook-form/react-hook-form/tree/c4f43b6ba2c13bf57ba8d369dc3b6f4fdba6f02c,https://github.com/react-hook-form/react-hook-form/compare/7c868668dc4a47aaab3f8bf48b2ce697742abed0...c4f43b6ba2c13bf57ba8d369dc3b6f4fdba6f02c
25,ReactHookForm,6b0204f1addb32341e842bd84a09fc2f50af678f,b95db88dbe1fcae892cd5eb5b9568530993e23c8,117,https://github.com/react-hook-form/react-hook-form/issues/117,https://github.com/react-hook-form/react-hook-form/tree/6b0204f1addb32341e842bd84a09fc2f50af678f,https://github.com/react-hook-form/react-hook-form/tree/b95db88dbe1fcae892cd5eb5b9568530993e23c8,https://github.com/react-hook-form/react-hook-form/compare/6b0204f1addb32341e842bd84a09fc2f50af678f...b95db88dbe1fcae892cd5eb5b9568530993e23c8
26,ReactHookForm,83e4bc02d543874255203d3c5d8fa7f30a02cbb5,fe699d8b0786a89feec7dea6497a38acb7725185,251,https://github.com/react-hook-form/react-hook-form/issues/251,https://github.com/react-hook-form/react-hook-form/tree/83e4bc02d543874255203d3c5d8fa7f30a02cbb5,https://github.com/react-hook-form/react-hook-form/tree/fe699d8b0786a89feec7dea6497a38acb7725185,https://github.com/react-hook-form/react-hook-form/compare/83e4bc02d543874255203d3c5d8fa7f30a02cbb5...fe699d8b0786a89feec7dea6497a38acb7725185
27,ReactHookForm,bada051fecf48abbb885a7284e633125f96dc376,ade4aff1c9ad865910398f57982f3219b9da8a29,447,https://github.com/react-hook-form/react-hook-form/issues/447,https://github.com/react-hook-form/react-hook-form/tree/bada051fecf48abbb885a7284e633125f96dc376,https://github.com/react-hook-form/react-hook-form/tree/ade4aff1c9ad865910398f57982f3219b9da8a29,https://github.com/react-hook-form/react-hook-form/compare/bada051fecf48abbb885a7284e633125f96dc376...ade4aff1c9ad865910398f57982f3219b9da8a29
28,ReactHookForm,8d81a6f8d554ea7aba3933f0a7326b25ee7e9e77,4e9458f481f702eb301a9c3f949f88966bb42c33,510,https://github.com/react-hook-form/react-hook-form/issues/510,https://github.com/react-hook-form/react-hook-form/tree/8d81a6f8d554ea7aba3933f0a7326b25ee7e9e77,https://github.com/react-hook-form/react-hook-form/tree/4e9458f481f702eb301a9c3f949f88966bb42c33,https://github.com/react-hook-form/react-hook-form/compare/8d81a6f8d554ea7aba3933f0a7326b25ee7e9e77...4e9458f481f702eb301a9c3f949f88966bb42c33
29,ReactHookForm,ebf3c50f83f5c7ed53a4b909a33f5879dacea1da,fadceda04a7139a7fb7499a2a8cbc0093e38bbbc,433,https://github.com/react-hook-form/react-hook-form/issues/433,https://github.com/react-hook-form/react-hook-form/tree/ebf3c50f83f5c7ed53a4b909a33f5879dacea1da,https://github.com/react-hook-form/react-hook-form/tree/fadceda04a7139a7fb7499a2a8cbc0093e38bbbc,https://github.com/react-hook-form/react-hook-form/compare/ebf3c50f83f5c7ed53a4b909a33f5879dacea1da...fadceda04a7139a7fb7499a2a8cbc0093e38bbbc
30,ReactHookForm,5dc06381023f10cf1695d3ad197c5068e7da18f4,2926f381b0748b7bc41bce18c36568be481d4411,434,https://github.com/react-hook-form/react-hook-form/issues/434,https://github.com/react-hook-form/react-hook-form/tree/5dc06381023f10cf1695d3ad197c5068e7da18f4,https://github.com/react-hook-form/react-hook-form/tree/2926f381b0748b7bc41bce18c36568be481d4411,https://github.com/react-hook-form/react-hook-form/compare/5dc06381023f10cf1695d3ad197c5068e7da18f4...2926f381b0748b7bc41bce18c36568be481d4411
31,ReactHookForm,a5cf7abbb2f5d3f8e6cc492fd9c2e9c9eb73696b,9f3235e1bb98ce769c80bf747b1c25ae0a510efb,516,https://github.com/react-hook-form/react-hook-form/issues/516,https://github.com/react-hook-form/react-hook-form/tree/a5cf7abbb2f5d3f8e6cc492fd9c2e9c9eb73696b,https://github.com/react-hook-form/react-hook-form/tree/9f3235e1bb98ce769c80bf747b1c25ae0a510efb,https://github.com/react-hook-form/react-hook-form/compare/a5cf7abbb2f5d3f8e6cc492fd9c2e9c9eb73696b...9f3235e1bb98ce769c80bf747b1c25ae0a510efb
32,ReactHookForm,8a962c6692e0740f05e436ee51cc774131054562,c96901a3660b9de0b9333124a8258287d4a265c6,524,https://github.com/react-hook-form/react-hook-form/issues/524,https://github.com/react-hook-form/react-hook-form/tree/8a962c6692e0740f05e436ee51cc774131054562,https://github.com/react-hook-form/react-hook-form/tree/c96901a3660b9de0b9333124a8258287d4a265c6,https://github.com/react-hook-form/react-hook-form/compare/8a962c6692e0740f05e436ee51cc774131054562...c96901a3660b9de0b9333124a8258287d4a265c6
33,ReactHookForm,ba9ad9e34c8c598614de1c814c4ea34b3dafa798,d7d71b8a16864fdb5acaeca139cec3e28b64b02c,531,https://github.com/react-hook-form/react-hook-form/issues/531,https://github.com/react-hook-form/react-hook-form/tree/ba9ad9e34c8c598614de1c814c4ea34b3dafa798,https://github.com/react-hook-form/react-hook-form/tree/d7d71b8a16864fdb5acaeca139cec3e28b64b02c,https://github.com/react-hook-form/react-hook-form/compare/ba9ad9e34c8c598614de1c814c4ea34b3dafa798...d7d71b8a16864fdb5acaeca139cec3e28b64b02c
34,ReactHookForm,8ddab99e6c47b10cbab764ffd3e1c120633e36cc,a5b41793e2d019dd8de309b29f9704b884df3865,547,https://github.com/react-hook-form/react-hook-form/issues/547,https://github.com/react-hook-form/react-hook-form/tree/8ddab99e6c47b10cbab764ffd3e1c120633e36cc,https://github.com/react-hook-form/react-hook-form/tree/a5b41793e2d019dd8de309b29f9704b884df3865,https://github.com/react-hook-form/react-hook-form/compare/8ddab99e6c47b10cbab764ffd3e1c120633e36cc...a5b41793e2d019dd8de309b29f9704b884df3865
35,ReactHookForm,10ab10b24ed0bad36cb0c589e747dfe2d7f8ab80,6a3864ec37d563f40136f01148f5333a6f2ed7c8,581,https://github.com/react-hook-form/react-hook-form/issues/581,https://github.com/react-hook-form/react-hook-form/tree/10ab10b24ed0bad36cb0c589e747dfe2d7f8ab80,https://github.com/react-hook-form/react-hook-form/tree/6a3864ec37d563f40136f01148f5333a6f2ed7c8,https://github.com/react-hook-form/react-hook-form/compare/10ab10b24ed0bad36cb0c589e747dfe2d7f8ab80...6a3864ec37d563f40136f01148f5333a6f2ed7c8
36,ReactHookForm,886cb3664b3d7bd9ecf79b1de3940a1e9ac14db1,3923e41fae5af4a8118bc63080fdd09f1108cbe1,338,https://github.com/react-hook-form/react-hook-form/issues/338,https://github.com/react-hook-form/react-hook-form/tree/886cb3664b3d7bd9ecf79b1de3940a1e9ac14db1,https://github.com/react-hook-form/react-hook-form/tree/3923e41fae5af4a8118bc63080fdd09f1108cbe1,https://github.com/react-hook-form/react-hook-form/compare/886cb3664b3d7bd9ecf79b1de3940a1e9ac14db1...3923e41fae5af4a8118bc63080fdd09f1108cbe1
37,ReactHookForm,ba349802e53a7624b33c4a5a3c6a7feaa1c99d8d,92b19643d509380327cf45e3ed3fe02faa97b71f,306,https://github.com/react-hook-form/react-hook-form/issues/306,https://github.com/react-hook-form/react-hook-form/tree/ba349802e53a7624b33c4a5a3c6a7feaa1c99d8d,https://github.com/react-hook-form/react-hook-form/tree/92b19643d509380327cf45e3ed3fe02faa97b71f,https://github.com/react-hook-form/react-hook-form/compare/ba349802e53a7624b33c4a5a3c6a7feaa1c99d8d...92b19643d509380327cf45e3ed3fe02faa97b71f
38,ReactHookForm,4e9458f481f702eb301a9c3f949f88966bb42c33,166d2508b2f2aa6769924024155672a683c19b65,513,https://github.com/react-hook-form/react-hook-form/issues/513,https://github.com/react-hook-form/react-hook-form/tree/4e9458f481f702eb301a9c3f949f88966bb42c33,https://github.com/react-hook-form/react-hook-form/tree/166d2508b2f2aa6769924024155672a683c19b65,https://github.com/react-hook-form/react-hook-form/compare/4e9458f481f702eb301a9c3f949f88966bb42c33...166d2508b2f2aa6769924024155672a683c19b65
39,ReactHookForm,699b27b08f9754a453766bf38190597b29b67ae2,9eb3ad978ef15d0d9bf06bbec4f7703525a555a2,637,https://github.com/react-hook-form/react-hook-form/issues/637,https://github.com/react-hook-form/react-hook-form/tree/699b27b08f9754a453766bf38190597b29b67ae2,https://github.com/react-hook-form/react-hook-form/tree/9eb3ad978ef15d0d9bf06bbec4f7703525a555a2,https://github.com/react-hook-form/react-hook-form/compare/699b27b08f9754a453766bf38190597b29b67ae2...9eb3ad978ef15d0d9bf06bbec4f7703525a555a2
40,ReactHookForm,699b27b08f9754a453766bf38190597b29b67ae2,9eb3ad978ef15d0d9bf06bbec4f7703525a555a2,627,https://github.com/react-hook-form/react-hook-form/issues/627,https://github.com/react-hook-form/react-hook-form/tree/699b27b08f9754a453766bf38190597b29b67ae2,https://github.com/react-hook-form/react-hook-form/tree/9eb3ad978ef15d0d9bf06bbec4f7703525a555a2,https://github.com/react-hook-form/react-hook-form/compare/699b27b08f9754a453766bf38190597b29b67ae2...9eb3ad978ef15d0d9bf06bbec4f7703525a555a2
41,ReactHookForm,1e39e3df217bd26ab7a43ec5fbc37b568ddbf87d,8a962c6692e0740f05e436ee51cc774131054562,524,https://github.com/react-hook-form/react-hook-form/issues/524,https://github.com/react-hook-form/react-hook-form/tree/1e39e3df217bd26ab7a43ec5fbc37b568ddbf87d,https://github.com/react-hook-form/react-hook-form/tree/8a962c6692e0740f05e436ee51cc774131054562,https://github.com/react-hook-form/react-hook-form/compare/1e39e3df217bd26ab7a43ec5fbc37b568ddbf87d...8a962c6692e0740f05e436ee51cc774131054562
42,ReactHookForm,fd76f01eed1ec3b2873eb70d586165fa462b6b5b,0d0319b4fe06d46e7a629f7ac4ee6018bafcfdc6,627,https://github.com/react-hook-form/react-hook-form/issues/627,https://github.com/react-hook-form/react-hook-form/tree/fd76f01eed1ec3b2873eb70d586165fa462b6b5b,https://github.com/react-hook-form/react-hook-form/tree/0d0319b4fe06d46e7a629f7ac4ee6018bafcfdc6,https://github.com/react-hook-form/react-hook-form/compare/fd76f01eed1ec3b2873eb70d586165fa462b6b5b...0d0319b4fe06d46e7a629f7ac4ee6018bafcfdc6
43,ReactHookForm,6d65dc5dc5b9a2f76af264bc2c1cc9d96cc05f91,5a5b640f689552efb3114a36a3f6bf497d2b8477,646,https://github.com/react-hook-form/react-hook-form/issues/646,https://github.com/react-hook-form/react-hook-form/tree/6d65dc5dc5b9a2f76af264bc2c1cc9d96cc05f91,https://github.com/react-hook-form/react-hook-form/tree/5a5b640f689552efb3114a36a3f6bf497d2b8477,https://github.com/react-hook-form/react-hook-form/compare/6d65dc5dc5b9a2f76af264bc2c1cc9d96cc05f91...5a5b640f689552efb3114a36a3f6bf497d2b8477
44,ReactHookForm,6c719d029b47a45fcd875612ef21d923c094c9a4,e8907a5ded0efc77a86f875882dbf0fa9f964192,637,https://github.com/react-hook-form/react-hook-form/issues/637,https://github.com/react-hook-form/react-hook-form/tree/6c719d029b47a45fcd875612ef21d923c094c9a4,https://github.com/react-hook-form/react-hook-form/tree/e8907a5ded0efc77a86f875882dbf0fa9f964192,https://github.com/react-hook-form/react-hook-form/compare/6c719d029b47a45fcd875612ef21d923c094c9a4...e8907a5ded0efc77a86f875882dbf0fa9f964192
45,ReactHookForm,1bb6e543237c9b0f9a8e0e657bdd600912980061,09b5873be21ebb2e9dd4b5d03462372246b967df,670,https://github.com/react-hook-form/react-hook-form/issues/670,https://github.com/react-hook-form/react-hook-form/tree/1bb6e543237c9b0f9a8e0e657bdd600912980061,https://github.com/react-hook-form/react-hook-form/tree/09b5873be21ebb2e9dd4b5d03462372246b967df,https://github.com/react-hook-form/react-hook-form/compare/1bb6e543237c9b0f9a8e0e657bdd600912980061...09b5873be21ebb2e9dd4b5d03462372246b967df
46,ReactHookForm,1c7923b8d71bc8efed747593536df0d61b59dc5a,a68041e63de4f3e61e65ea5ccee560f1f64e0685,710,https://github.com/react-hook-form/react-hook-form/issues/710,https://github.com/react-hook-form/react-hook-form/tree/1c7923b8d71bc8efed747593536df0d61b59dc5a,https://github.com/react-hook-form/react-hook-form/tree/a68041e63de4f3e61e65ea5ccee560f1f64e0685,https://github.com/react-hook-form/react-hook-form/compare/1c7923b8d71bc8efed747593536df0d61b59dc5a...a68041e63de4f3e61e65ea5ccee560f1f64e0685
47,ReactHookForm,d1256a7242b8e2ddc9cdfb70639e482d49897015,1c10892d88055d71966bd105cae5d13b89df90f6,712,https://github.com/react-hook-form/react-hook-form/issues/712,https://github.com/react-hook-form/react-hook-form/tree/d1256a7242b8e2ddc9cdfb70639e482d49897015,https://github.com/react-hook-form/react-hook-form/tree/1c10892d88055d71966bd105cae5d13b89df90f6,https://github.com/react-hook-form/react-hook-form/compare/d1256a7242b8e2ddc9cdfb70639e482d49897015...1c10892d88055d71966bd105cae5d13b89df90f6
48,ReactHookForm,1c10892d88055d71966bd105cae5d13b89df90f6,1b339628cc69ef12814bd6e87ded00e9d2057205,716,https://github.com/react-hook-form/react-hook-form/issues/716,https://github.com/react-hook-form/react-hook-form/tree/1c10892d88055d71966bd105cae5d13b89df90f6,https://github.com/react-hook-form/react-hook-form/tree/1b339628cc69ef12814bd6e87ded00e9d2057205,https://github.com/react-hook-form/react-hook-form/compare/1c10892d88055d71966bd105cae5d13b89df90f6...1b339628cc69ef12814bd6e87ded00e9d2057205
49,ReactHookForm,65170445258a8bd3fe443e40b72b2ac293b09897,09671ae993ce45fd8f54ff450d32e1da4437296a,655,https://github.com/react-hook-form/react-hook-form/issues/655,https://github.com/react-hook-form/react-hook-form/tree/65170445258a8bd3fe443e40b72b2ac293b09897,https://github.com/react-hook-form/react-hook-form/tree/09671ae993ce45fd8f54ff450d32e1da4437296a,https://github.com/react-hook-form/react-hook-form/compare/65170445258a8bd3fe443e40b72b2ac293b09897...09671ae993ce45fd8f54ff450d32e1da4437296a
50,ReactHookForm,8dad569996fd306d45233dfeb1d3b3853956f2c3,da28406d019957846b68851b90d096d494cdd009,746,https://github.com/react-hook-form/react-hook-form/issues/746,https://github.com/react-hook-form/react-hook-form/tree/8dad569996fd306d45233dfeb1d3b3853956f2c3,https://github.com/react-hook-form/react-hook-form/tree/da28406d019957846b68851b90d096d494cdd009,https://github.com/react-hook-form/react-hook-form/compare/8dad569996fd306d45233dfeb1d3b3853956f2c3...da28406d019957846b68851b90d096d494cdd009
51,ReactHookForm,af27131d38355ac269aa3cbad651b3343fa2593a,d8307e5cd39aadba2209b3c096180ebc6bf1bf23,752,https://github.com/react-hook-form/react-hook-form/issues/752,https://github.com/react-hook-form/react-hook-form/tree/af27131d38355ac269aa3cbad651b3343fa2593a,https://github.com/react-hook-form/react-hook-form/tree/d8307e5cd39aadba2209b3c096180ebc6bf1bf23,https://github.com/react-hook-form/react-hook-form/compare/af27131d38355ac269aa3cbad651b3343fa2593a...d8307e5cd39aadba2209b3c096180ebc6bf1bf23
52,ReactHookForm,9a1f294c408be178fbd7f2d3cfc08966cb93e228,cf8869fe3664120375ddcffe161c749aa8f00da8,617,https://github.com/react-hook-form/react-hook-form/issues/617,https://github.com/react-hook-form/react-hook-form/tree/9a1f294c408be178fbd7f2d3cfc08966cb93e228,https://github.com/react-hook-form/react-hook-form/tree/cf8869fe3664120375ddcffe161c749aa8f00da8,https://github.com/react-hook-form/react-hook-form/compare/9a1f294c408be178fbd7f2d3cfc08966cb93e228...cf8869fe3664120375ddcffe161c749aa8f00da8
53,ReactHookForm,09e35af1354e76e209f56a0fa7a43e0d85622d0f,2115061859d37a534daddfcc6de2a67a6017f622,631,https://github.com/react-hook-form/react-hook-form/issues/631,https://github.com/react-hook-form/react-hook-form/tree/09e35af1354e76e209f56a0fa7a43e0d85622d0f,https://github.com/react-hook-form/react-hook-form/tree/2115061859d37a534daddfcc6de2a67a6017f622,https://github.com/react-hook-form/react-hook-form/compare/09e35af1354e76e209f56a0fa7a43e0d85622d0f...2115061859d37a534daddfcc6de2a67a6017f622
54,ReactHookForm,df74f354e492818d720584c6398ac2e2b3f77742,e04e1760aa678a5e6d49113c701fa04c527f83c7,650,https://github.com/react-hook-form/react-hook-form/issues/650,https://github.com/react-hook-form/react-hook-form/tree/df74f354e492818d720584c6398ac2e2b3f77742,https://github.com/react-hook-form/react-hook-form/tree/e04e1760aa678a5e6d49113c701fa04c527f83c7,https://github.com/react-hook-form/react-hook-form/compare/df74f354e492818d720584c6398ac2e2b3f77742...e04e1760aa678a5e6d49113c701fa04c527f83c7
55,ReactHookForm,15d18cd83f2b776d8b8f00645c673c2c002ed492,632d45e6cd81a0412cd8a16c648668d378a25696,791,https://github.com/react-hook-form/react-hook-form/issues/791,https://github.com/react-hook-form/react-hook-form/tree/15d18cd83f2b776d8b8f00645c673c2c002ed492,https://github.com/react-hook-form/react-hook-form/tree/632d45e6cd81a0412cd8a16c648668d378a25696,https://github.com/react-hook-form/react-hook-form/compare/15d18cd83f2b776d8b8f00645c673c2c002ed492...632d45e6cd81a0412cd8a16c648668d378a25696
56,ReactHookForm,61d019f308770888f250d54566217ce451df81d2,faf231832130ea731c883ee81338b98bd7e2ad00,821,https://github.com/react-hook-form/react-hook-form/issues/821,https://github.com/react-hook-form/react-hook-form/tree/61d019f308770888f250d54566217ce451df81d2,https://github.com/react-hook-form/react-hook-form/tree/faf231832130ea731c883ee81338b98bd7e2ad00,https://github.com/react-hook-form/react-hook-form/compare/61d019f308770888f250d54566217ce451df81d2...faf231832130ea731c883ee81338b98bd7e2ad00
57,ReactHookForm,15df7bb5320bef2fe23d126441ffe0857668855a,6a29a53c27f7e6cc25ac1d78ad0596b79fb2972a,824,https://github.com/react-hook-form/react-hook-form/issues/824,https://github.com/react-hook-form/react-hook-form/tree/15df7bb5320bef2fe23d126441ffe0857668855a,https://github.com/react-hook-form/react-hook-form/tree/6a29a53c27f7e6cc25ac1d78ad0596b79fb2972a,https://github.com/react-hook-form/react-hook-form/compare/15df7bb5320bef2fe23d126441ffe0857668855a...6a29a53c27f7e6cc25ac1d78ad0596b79fb2972a
58,ReactHookForm,6b0772832d8cc62aec5b3d6198d9ecbce7d7c081,dda4d76ee038453180d798e719bbfe9a977caed1,761,https://github.com/react-hook-form/react-hook-form/issues/761,https://github.com/react-hook-form/react-hook-form/tree/6b0772832d8cc62aec5b3d6198d9ecbce7d7c081,https://github.com/react-hook-form/react-hook-form/tree/dda4d76ee038453180d798e719bbfe9a977caed1,https://github.com/react-hook-form/react-hook-form/compare/6b0772832d8cc62aec5b3d6198d9ecbce7d7c081...dda4d76ee038453180d798e719bbfe9a977caed1
59,ReactHookForm,893bd37d6b46e15e97a737d88229ffceef316e65,94e950225d4af4df8eb0fcfde5a285acf0ca97f7,801,https://github.com/react-hook-form/react-hook-form/issues/801,https://github.com/react-hook-form/react-hook-form/tree/893bd37d6b46e15e97a737d88229ffceef316e65,https://github.com/react-hook-form/react-hook-form/tree/94e950225d4af4df8eb0fcfde5a285acf0ca97f7,https://github.com/react-hook-form/react-hook-form/compare/893bd37d6b46e15e97a737d88229ffceef316e65...94e950225d4af4df8eb0fcfde5a285acf0ca97f7
60,ReactHookForm,2cf90e409509cf7dd8530c7b42f4599b53cc6ef1,61fb75021946c3807105340d3d9e79b4adc41c19,864,https://github.com/react-hook-form/react-hook-form/issues/864,https://github.com/react-hook-form/react-hook-form/tree/2cf90e409509cf7dd8530c7b42f4599b53cc6ef1,https://github.com/react-hook-form/react-hook-form/tree/61fb75021946c3807105340d3d9e79b4adc41c19,https://github.com/react-hook-form/react-hook-form/compare/2cf90e409509cf7dd8530c7b42f4599b53cc6ef1...61fb75021946c3807105340d3d9e79b4adc41c19
61,ReactHookForm,eb56983a7dcd682ab18d4fcc0d7e41a3566a68b1,ff82a213604008cf54d59637ccc5365b18b2353c,722,https://github.com/react-hook-form/react-hook-form/issues/722,https://github.com/react-hook-form/react-hook-form/tree/eb56983a7dcd682ab18d4fcc0d7e41a3566a68b1,https://github.com/react-hook-form/react-hook-form/tree/ff82a213604008cf54d59637ccc5365b18b2353c,https://github.com/react-hook-form/react-hook-form/compare/eb56983a7dcd682ab18d4fcc0d7e41a3566a68b1...ff82a213604008cf54d59637ccc5365b18b2353c
62,ReactHookForm,fef9ae8e57f641d6c1eb67e83b6a931d7a80aa69,2cf90e409509cf7dd8530c7b42f4599b53cc6ef1,868,https://github.com/react-hook-form/react-hook-form/issues/868,https://github.com/react-hook-form/react-hook-form/tree/fef9ae8e57f641d6c1eb67e83b6a931d7a80aa69,https://github.com/react-hook-form/react-hook-form/tree/2cf90e409509cf7dd8530c7b42f4599b53cc6ef1,https://github.com/react-hook-form/react-hook-form/compare/fef9ae8e57f641d6c1eb67e83b6a931d7a80aa69...2cf90e409509cf7dd8530c7b42f4599b53cc6ef1
63,ReactHookForm,aee8d510a0541716dcc9978f7dfcc0b5bea4b355,f8699083a9ef478c67165d20405db349119abd6b,836,https://github.com/react-hook-form/react-hook-form/issues/836,https://github.com/react-hook-form/react-hook-form/tree/aee8d510a0541716dcc9978f7dfcc0b5bea4b355,https://github.com/react-hook-form/react-hook-form/tree/f8699083a9ef478c67165d20405db349119abd6b,https://github.com/react-hook-form/react-hook-form/compare/aee8d510a0541716dcc9978f7dfcc0b5bea4b355...f8699083a9ef478c67165d20405db349119abd6b
64,ReactHookForm,ff7c70b15ad2c1be00ba914953793cf01eb1bc6d,15727edb0cf8630bcfcb29a3f6915ce2d3484db8,893,https://github.com/react-hook-form/react-hook-form/issues/893,https://github.com/react-hook-form/react-hook-form/tree/ff7c70b15ad2c1be00ba914953793cf01eb1bc6d,https://github.com/react-hook-form/react-hook-form/tree/15727edb0cf8630bcfcb29a3f6915ce2d3484db8,https://github.com/react-hook-form/react-hook-form/compare/ff7c70b15ad2c1be00ba914953793cf01eb1bc6d...15727edb0cf8630bcfcb29a3f6915ce2d3484db8
65,ReactHookForm,15727edb0cf8630bcfcb29a3f6915ce2d3484db8,1295661d49ed6a48deb07c575878d1cad5c02f05,890,https://github.com/react-hook-form/react-hook-form/issues/890,https://github.com/react-hook-form/react-hook-form/tree/15727edb0cf8630bcfcb29a3f6915ce2d3484db8,https://github.com/react-hook-form/react-hook-form/tree/1295661d49ed6a48deb07c575878d1cad5c02f05,https://github.com/react-hook-form/react-hook-form/compare/15727edb0cf8630bcfcb29a3f6915ce2d3484db8...1295661d49ed6a48deb07c575878d1cad5c02f05
66,ReactHookForm,b8cb92695e79ed598f959d265ac0d50897cb1a3c,c6081f88ce4a48b914fb007f4b3c9499004ace5e,903,https://github.com/react-hook-form/react-hook-form/issues/903,https://github.com/react-hook-form/react-hook-form/tree/b8cb92695e79ed598f959d265ac0d50897cb1a3c,https://github.com/react-hook-form/react-hook-form/tree/c6081f88ce4a48b914fb007f4b3c9499004ace5e,https://github.com/react-hook-form/react-hook-form/compare/b8cb92695e79ed598f959d265ac0d50897cb1a3c...c6081f88ce4a48b914fb007f4b3c9499004ace5e
67,ReactHookForm,78ad3000f9dabaee99e9b3b488167de043c8f008,b51f920f5e17173442554261be6aa7aedacca315,927,https://github.com/react-hook-form/react-hook-form/issues/927,https://github.com/react-hook-form/react-hook-form/tree/78ad3000f9dabaee99e9b3b488167de043c8f008,https://github.com/react-hook-form/react-hook-form/tree/b51f920f5e17173442554261be6aa7aedacca315,https://github.com/react-hook-form/react-hook-form/compare/78ad3000f9dabaee99e9b3b488167de043c8f008...b51f920f5e17173442554261be6aa7aedacca315
68,ReactHookForm,31563a23b239addc0533d75c665e8fbd791f7ef1,69e9635bf84e9f38fbb05c5958072402efeb4856,956,https://github.com/react-hook-form/react-hook-form/issues/956,https://github.com/react-hook-form/react-hook-form/tree/31563a23b239addc0533d75c665e8fbd791f7ef1,https://github.com/react-hook-form/react-hook-form/tree/69e9635bf84e9f38fbb05c5958072402efeb4856,https://github.com/react-hook-form/react-hook-form/compare/31563a23b239addc0533d75c665e8fbd791f7ef1...69e9635bf84e9f38fbb05c5958072402efeb4856
69,ReactHookForm,61fb75021946c3807105340d3d9e79b4adc41c19,a789fcbf92c001648f4233243b5e0a6895283083,864,https://github.com/react-hook-form/react-hook-form/issues/864,https://github.com/react-hook-form/react-hook-form/tree/61fb75021946c3807105340d3d9e79b4adc41c19,https://github.com/react-hook-form/react-hook-form/tree/a789fcbf92c001648f4233243b5e0a6895283083,https://github.com/react-hook-form/react-hook-form/compare/61fb75021946c3807105340d3d9e79b4adc41c19...a789fcbf92c001648f4233243b5e0a6895283083
70,ReactHookForm,065ab57af99eab29eab8164a5686d77c32430978,ff7c70b15ad2c1be00ba914953793cf01eb1bc6d,881,https://github.com/react-hook-form/react-hook-form/issues/881,https://github.com/react-hook-form/react-hook-form/tree/065ab57af99eab29eab8164a5686d77c32430978,https://github.com/react-hook-form/react-hook-form/tree/ff7c70b15ad2c1be00ba914953793cf01eb1bc6d,https://github.com/react-hook-form/react-hook-form/compare/065ab57af99eab29eab8164a5686d77c32430978...ff7c70b15ad2c1be00ba914953793cf01eb1bc6d
71,ReactHookForm,5254b7c8f47e6333644279a1753e3119863f5d42,778c3500f874b8ae83714ae30748b2d750378602,954,https://github.com/react-hook-form/react-hook-form/issues/954,https://github.com/react-hook-form/react-hook-form/tree/5254b7c8f47e6333644279a1753e3119863f5d42,https://github.com/react-hook-form/react-hook-form/tree/778c3500f874b8ae83714ae30748b2d750378602,https://github.com/react-hook-form/react-hook-form/compare/5254b7c8f47e6333644279a1753e3119863f5d42...778c3500f874b8ae83714ae30748b2d750378602
72,ReactHookForm,269990653bbef456dbbb4d2795ca3e08fefd0ebc,06daafb6f341aa3799ab6b551f2271eb5fbf4a8f,969,https://github.com/react-hook-form/react-hook-form/issues/969,https://github.com/react-hook-form/react-hook-form/tree/269990653bbef456dbbb4d2795ca3e08fefd0ebc,https://github.com/react-hook-form/react-hook-form/tree/06daafb6f341aa3799ab6b551f2271eb5fbf4a8f,https://github.com/react-hook-form/react-hook-form/compare/269990653bbef456dbbb4d2795ca3e08fefd0ebc...06daafb6f341aa3799ab6b551f2271eb5fbf4a8f
73,ReactHookForm,778c3500f874b8ae83714ae30748b2d750378602,269990653bbef456dbbb4d2795ca3e08fefd0ebc,967,https://github.com/react-hook-form/react-hook-form/issues/967,https://github.com/react-hook-form/react-hook-form/tree/778c3500f874b8ae83714ae30748b2d750378602,https://github.com/react-hook-form/react-hook-form/tree/269990653bbef456dbbb4d2795ca3e08fefd0ebc,https://github.com/react-hook-form/react-hook-form/compare/778c3500f874b8ae83714ae30748b2d750378602...269990653bbef456dbbb4d2795ca3e08fefd0ebc
74,ReactHookForm,872805e8d5d42062f0cb32711a0f8e2ce4e5e1f3,36aabe9c3a4edc40d3426ec79b95d5d81d9afd4f,994,https://github.com/react-hook-form/react-hook-form/issues/994,https://github.com/react-hook-form/react-hook-form/tree/872805e8d5d42062f0cb32711a0f8e2ce4e5e1f3,https://github.com/react-hook-form/react-hook-form/tree/36aabe9c3a4edc40d3426ec79b95d5d81d9afd4f,https://github.com/react-hook-form/react-hook-form/compare/872805e8d5d42062f0cb32711a0f8e2ce4e5e1f3...36aabe9c3a4edc40d3426ec79b95d5d81d9afd4f
75,ReactHookForm,41444acf961590186d94f098aba8495e5b0103a6,872805e8d5d42062f0cb32711a0f8e2ce4e5e1f3,988,https://github.com/react-hook-form/react-hook-form/issues/988,https://github.com/react-hook-form/react-hook-form/tree/41444acf961590186d94f098aba8495e5b0103a6,https://github.com/react-hook-form/react-hook-form/tree/872805e8d5d42062f0cb32711a0f8e2ce4e5e1f3,https://github.com/react-hook-form/react-hook-form/compare/41444acf961590186d94f098aba8495e5b0103a6...872805e8d5d42062f0cb32711a0f8e2ce4e5e1f3
76,ReactHookForm,1a80ccacc329a10150e940313bc4ab90b4578bac,3016ee5c92ae15373dc77ee2bced7fdbd421fcef,1007,https://github.com/react-hook-form/react-hook-form/issues/1007,https://github.com/react-hook-form/react-hook-form/tree/1a80ccacc329a10150e940313bc4ab90b4578bac,https://github.com/react-hook-form/react-hook-form/tree/3016ee5c92ae15373dc77ee2bced7fdbd421fcef,https://github.com/react-hook-form/react-hook-form/compare/1a80ccacc329a10150e940313bc4ab90b4578bac...3016ee5c92ae15373dc77ee2bced7fdbd421fcef
77,ReactHookForm,c5703e5df85fed1fb009387855bc5b22eaee59fc,3bd81fc35e32a4b83d8e23bc59b6305323ec2aa7,1007,https://github.com/react-hook-form/react-hook-form/issues/1007,https://github.com/react-hook-form/react-hook-form/tree/c5703e5df85fed1fb009387855bc5b22eaee59fc,https://github.com/react-hook-form/react-hook-form/tree/3bd81fc35e32a4b83d8e23bc59b6305323ec2aa7,https://github.com/react-hook-form/react-hook-form/compare/c5703e5df85fed1fb009387855bc5b22eaee59fc...3bd81fc35e32a4b83d8e23bc59b6305323ec2aa7
78,ReactHookForm,2d439d94c8110e08d668355ae5cf4c9c155ddb6b,020a3729b320a46889f3dc9f1bbc7ecad7060002,670,https://github.com/react-hook-form/react-hook-form/issues/670,https://github.com/react-hook-form/react-hook-form/tree/2d439d94c8110e08d668355ae5cf4c9c155ddb6b,https://github.com/react-hook-form/react-hook-form/tree/020a3729b320a46889f3dc9f1bbc7ecad7060002,https://github.com/react-hook-form/react-hook-form/compare/2d439d94c8110e08d668355ae5cf4c9c155ddb6b...020a3729b320a46889f3dc9f1bbc7ecad7060002
79,ReactHookForm,4fb666c99f82eee1d1252858d0e55835858cd001,5a0648d0cdff942b6b0214ee698bb30c93a52e7b,1062,https://github.com/react-hook-form/react-hook-form/issues/1062,https://github.com/react-hook-form/react-hook-form/tree/4fb666c99f82eee1d1252858d0e55835858cd001,https://github.com/react-hook-form/react-hook-form/tree/5a0648d0cdff942b6b0214ee698bb30c93a52e7b,https://github.com/react-hook-form/react-hook-form/compare/4fb666c99f82eee1d1252858d0e55835858cd001...5a0648d0cdff942b6b0214ee698bb30c93a52e7b
80,ReactHookForm,25b7d7479afb32264bef866c1d96bf9941486685,b99801b4cdcccda32dc9e1b76f353774ae89a183,932,https://github.com/react-hook-form/react-hook-form/issues/932,https://github.com/react-hook-form/react-hook-form/tree/25b7d7479afb32264bef866c1d96bf9941486685,https://github.com/react-hook-form/react-hook-form/tree/b99801b4cdcccda32dc9e1b76f353774ae89a183,https://github.com/react-hook-form/react-hook-form/compare/25b7d7479afb32264bef866c1d96bf9941486685...b99801b4cdcccda32dc9e1b76f353774ae89a183
81,ReactHookForm,69e9635bf84e9f38fbb05c5958072402efeb4856,11da718f5a147ed6afc04fc56afa18f70253b817,955,https://github.com/react-hook-form/react-hook-form/issues/955,https://github.com/react-hook-form/react-hook-form/tree/69e9635bf84e9f38fbb05c5958072402efeb4856,https://github.com/react-hook-form/react-hook-form/tree/11da718f5a147ed6afc04fc56afa18f70253b817,https://github.com/react-hook-form/react-hook-form/compare/69e9635bf84e9f38fbb05c5958072402efeb4856...11da718f5a147ed6afc04fc56afa18f70253b817
82,ReactHookForm,24b35aa4de51ee5b84b671bae518f20424c9940a,a81d02d2752e6a2bd6f0bf2b7071e98537e75629,1086,https://github.com/react-hook-form/react-hook-form/issues/1086,https://github.com/react-hook-form/react-hook-form/tree/24b35aa4de51ee5b84b671bae518f20424c9940a,https://github.com/react-hook-form/react-hook-form/tree/a81d02d2752e6a2bd6f0bf2b7071e98537e75629,https://github.com/react-hook-form/react-hook-form/compare/24b35aa4de51ee5b84b671bae518f20424c9940a...a81d02d2752e6a2bd6f0bf2b7071e98537e75629
83,ReactHookForm,c5d7a6bcbc58390c1c223431eedbee77f16cf0e7,6372985c3974ffb08ee9e39a6176357d5d06085a,1097,https://github.com/react-hook-form/react-hook-form/issues/1097,https://github.com/react-hook-form/react-hook-form/tree/c5d7a6bcbc58390c1c223431eedbee77f16cf0e7,https://github.com/react-hook-form/react-hook-form/tree/6372985c3974ffb08ee9e39a6176357d5d06085a,https://github.com/react-hook-form/react-hook-form/compare/c5d7a6bcbc58390c1c223431eedbee77f16cf0e7...6372985c3974ffb08ee9e39a6176357d5d06085a
84,ReactHookForm,c55a3e3b339b06d9b08a12168f7dc28cabe0899a,1205cd372699db4cb2237b9082be5d5235bd2c21,1026,https://github.com/react-hook-form/react-hook-form/issues/1026,https://github.com/react-hook-form/react-hook-form/tree/c55a3e3b339b06d9b08a12168f7dc28cabe0899a,https://github.com/react-hook-form/react-hook-form/tree/1205cd372699db4cb2237b9082be5d5235bd2c21,https://github.com/react-hook-form/react-hook-form/compare/c55a3e3b339b06d9b08a12168f7dc28cabe0899a...1205cd372699db4cb2237b9082be5d5235bd2c21
85,ReactHookForm,6d8dc02ea1e66e32f1522cf23296eb4b882ca871,c9ebebc257eb0831a903b364d7305450e90ff0e5,1123,https://github.com/react-hook-form/react-hook-form/issues/1123,https://github.com/react-hook-form/react-hook-form/tree/6d8dc02ea1e66e32f1522cf23296eb4b882ca871,https://github.com/react-hook-form/react-hook-form/tree/c9ebebc257eb0831a903b364d7305450e90ff0e5,https://github.com/react-hook-form/react-hook-form/compare/6d8dc02ea1e66e32f1522cf23296eb4b882ca871...c9ebebc257eb0831a903b364d7305450e90ff0e5
86,ReactHookForm,c6dda266fef1b1690768890b26625114486615e0,5598daa56813398c2ceb92f0f5a7959984bc4b6b,1141,https://github.com/react-hook-form/react-hook-form/issues/1141,https://github.com/react-hook-form/react-hook-form/tree/c6dda266fef1b1690768890b26625114486615e0,https://github.com/react-hook-form/react-hook-form/tree/5598daa56813398c2ceb92f0f5a7959984bc4b6b,https://github.com/react-hook-form/react-hook-form/compare/c6dda266fef1b1690768890b26625114486615e0...5598daa56813398c2ceb92f0f5a7959984bc4b6b
87,ReactHookForm,62d2d9abcc524ded2b5146c996668a7b3d0253ef,2ce48a767f690372d103b7cd3da7cd8386ff6cfd,1154,https://github.com/react-hook-form/react-hook-form/issues/1154,https://github.com/react-hook-form/react-hook-form/tree/62d2d9abcc524ded2b5146c996668a7b3d0253ef,https://github.com/react-hook-form/react-hook-form/tree/2ce48a767f690372d103b7cd3da7cd8386ff6cfd,https://github.com/react-hook-form/react-hook-form/compare/62d2d9abcc524ded2b5146c996668a7b3d0253ef...2ce48a767f690372d103b7cd3da7cd8386ff6cfd
88,ReactHookForm,952f6592933efd1e6f41fd800cf6ae99f1cdae9e,c5703e5df85fed1fb009387855bc5b22eaee59fc,1020,https://github.com/react-hook-form/react-hook-form/issues/1020,https://github.com/react-hook-form/react-hook-form/tree/952f6592933efd1e6f41fd800cf6ae99f1cdae9e,https://github.com/react-hook-form/react-hook-form/tree/c5703e5df85fed1fb009387855bc5b22eaee59fc,https://github.com/react-hook-form/react-hook-form/compare/952f6592933efd1e6f41fd800cf6ae99f1cdae9e...c5703e5df85fed1fb009387855bc5b22eaee59fc
89,ReactHookForm,c3228a601ee86024d26c87d59a029e742dcf1642,c5d7a6bcbc58390c1c223431eedbee77f16cf0e7,1094,https://github.com/react-hook-form/react-hook-form/issues/1094,https://github.com/react-hook-form/react-hook-form/tree/c3228a601ee86024d26c87d59a029e742dcf1642,https://github.com/react-hook-form/react-hook-form/tree/c5d7a6bcbc58390c1c223431eedbee77f16cf0e7,https://github.com/react-hook-form/react-hook-form/compare/c3228a601ee86024d26c87d59a029e742dcf1642...c5d7a6bcbc58390c1c223431eedbee77f16cf0e7
90,ReactHookForm,014840b041e306a3d6249f4b514a5a4eed98d06f,fd98061a321b8d6c9722b816d28d2b5a49171c8a,1175,https://github.com/react-hook-form/react-hook-form/issues/1175,https://github.com/react-hook-form/react-hook-form/tree/014840b041e306a3d6249f4b514a5a4eed98d06f,https://github.com/react-hook-form/react-hook-form/tree/fd98061a321b8d6c9722b816d28d2b5a49171c8a,https://github.com/react-hook-form/react-hook-form/compare/014840b041e306a3d6249f4b514a5a4eed98d06f...fd98061a321b8d6c9722b816d28d2b5a49171c8a
91,ReactHookForm,03360e2cbb9b0b1fa9b58182df057904ae2fd0e0,e4bbf732f40c7c837fa6c41e823dfef2fc8d19fb,1097,https://github.com/react-hook-form/react-hook-form/issues/1097,https://github.com/react-hook-form/react-hook-form/tree/03360e2cbb9b0b1fa9b58182df057904ae2fd0e0,https://github.com/react-hook-form/react-hook-form/tree/e4bbf732f40c7c837fa6c41e823dfef2fc8d19fb,https://github.com/react-hook-form/react-hook-form/compare/03360e2cbb9b0b1fa9b58182df057904ae2fd0e0...e4bbf732f40c7c837fa6c41e823dfef2fc8d19fb
92,ReactHookForm,337ae95df7c652d94741369f287dad03b8daa783,62d2d9abcc524ded2b5146c996668a7b3d0253ef,1158,https://github.com/react-hook-form/react-hook-form/issues/1158,https://github.com/react-hook-form/react-hook-form/tree/337ae95df7c652d94741369f287dad03b8daa783,https://github.com/react-hook-form/react-hook-form/tree/62d2d9abcc524ded2b5146c996668a7b3d0253ef,https://github.com/react-hook-form/react-hook-form/compare/337ae95df7c652d94741369f287dad03b8daa783...62d2d9abcc524ded2b5146c996668a7b3d0253ef
93,ReactHookForm,5e9b84fd22e671a4899588342bc8ec73e61dd12a,d276d5869a4c330612abb2da0b2c5fa300cbf3c9,1188,https://github.com/react-hook-form/react-hook-form/issues/1188,https://github.com/react-hook-form/react-hook-form/tree/5e9b84fd22e671a4899588342bc8ec73e61dd12a,https://github.com/react-hook-form/react-hook-form/tree/d276d5869a4c330612abb2da0b2c5fa300cbf3c9,https://github.com/react-hook-form/react-hook-form/compare/5e9b84fd22e671a4899588342bc8ec73e61dd12a...d276d5869a4c330612abb2da0b2c5fa300cbf3c9
94,ReactHookForm,6b7970b9171339339c22684603dd990e5cc540f1,29d0dfcdff0e31b6684be099565bb2582e9bacd2,1167,https://github.com/react-hook-form/react-hook-form/issues/1167,https://github.com/react-hook-form/react-hook-form/tree/6b7970b9171339339c22684603dd990e5cc540f1,https://github.com/react-hook-form/react-hook-form/tree/29d0dfcdff0e31b6684be099565bb2582e9bacd2,https://github.com/react-hook-form/react-hook-form/compare/6b7970b9171339339c22684603dd990e5cc540f1...29d0dfcdff0e31b6684be099565bb2582e9bacd2
95,ReactHookForm,89dd86f1afd6aa472f2d3d0d6d95311bba307153,1bfb7c10d6f09fc188c978eb4e9629af00d7b084,1172,https://github.com/react-hook-form/react-hook-form/issues/1172,https://github.com/react-hook-form/react-hook-form/tree/89dd86f1afd6aa472f2d3d0d6d95311bba307153,https://github.com/react-hook-form/react-hook-form/tree/1bfb7c10d6f09fc188c978eb4e9629af00d7b084,https://github.com/react-hook-form/react-hook-form/compare/89dd86f1afd6aa472f2d3d0d6d95311bba307153...1bfb7c10d6f09fc188c978eb4e9629af00d7b084
96,ReactHookForm,d3bcfcb44cce770badf2780f83786d3a678b4ec1,c75b9ceaff7de4f66b2a69475b43a85571bd2edc,1224,https://github.com/react-hook-form/react-hook-form/issues/1224,https://github.com/react-hook-form/react-hook-form/tree/d3bcfcb44cce770badf2780f83786d3a678b4ec1,https://github.com/react-hook-form/react-hook-form/tree/c75b9ceaff7de4f66b2a69475b43a85571bd2edc,https://github.com/react-hook-form/react-hook-form/compare/d3bcfcb44cce770badf2780f83786d3a678b4ec1...c75b9ceaff7de4f66b2a69475b43a85571bd2edc
97,ReactHookForm,5813b1fbed82e78ef66991246ef24e0eaf5349bd,8d998abd356bf1306cad3e6395da699380e262c5,1229,https://github.com/react-hook-form/react-hook-form/issues/1229,https://github.com/react-hook-form/react-hook-form/tree/5813b1fbed82e78ef66991246ef24e0eaf5349bd,https://github.com/react-hook-form/react-hook-form/tree/8d998abd356bf1306cad3e6395da699380e262c5,https://github.com/react-hook-form/react-hook-form/compare/5813b1fbed82e78ef66991246ef24e0eaf5349bd...8d998abd356bf1306cad3e6395da699380e262c5
98,ReactHookForm,872eeddeccff0ca43b7ef8804434b5d9d606d67e,55792705ad93cd1c8865c624898f40dccebcf0f2,1278,https://github.com/react-hook-form/react-hook-form/issues/1278,https://github.com/react-hook-form/react-hook-form/tree/872eeddeccff0ca43b7ef8804434b5d9d606d67e,https://github.com/react-hook-form/react-hook-form/tree/55792705ad93cd1c8865c624898f40dccebcf0f2,https://github.com/react-hook-form/react-hook-form/compare/872eeddeccff0ca43b7ef8804434b5d9d606d67e...55792705ad93cd1c8865c624898f40dccebcf0f2
99,ReactHookForm,7c28498410256b6d19e5e6c46869dc31b78f09c5,16b8712a390be24522bec0508e3ec01b7f5576c7,1325,https://github.com/react-hook-form/react-hook-form/issues/1325,https://github.com/react-hook-form/react-hook-form/tree/7c28498410256b6d19e5e6c46869dc31b78f09c5,https://github.com/react-hook-form/react-hook-form/tree/16b8712a390be24522bec0508e3ec01b7f5576c7,https://github.com/react-hook-form/react-hook-form/compare/7c28498410256b6d19e5e6c46869dc31b78f09c5...16b8712a390be24522bec0508e3ec01b7f5576c7
100,ReactHookForm,81274aacbfe0c27a9d4dd0882282b22c23893e8a,4f67a5ebee8dae3e7351e33ff8d1f2ac53db7cef,1261,https://github.com/react-hook-form/react-hook-form/issues/1261,https://github.com/react-hook-form/react-hook-form/tree/81274aacbfe0c27a9d4dd0882282b22c23893e8a,https://github.com/react-hook-form/react-hook-form/tree/4f67a5ebee8dae3e7351e33ff8d1f2ac53db7cef,https://github.com/react-hook-form/react-hook-form/compare/81274aacbfe0c27a9d4dd0882282b22c23893e8a...4f67a5ebee8dae3e7351e33ff8d1f2ac53db7cef
101,ReactHookForm,8d998abd356bf1306cad3e6395da699380e262c5,24a1fe6142b49396c19adfb588d03510fc381233,1231,https://github.com/react-hook-form/react-hook-form/issues/1231,https://github.com/react-hook-form/react-hook-form/tree/8d998abd356bf1306cad3e6395da699380e262c5,https://github.com/react-hook-form/react-hook-form/tree/24a1fe6142b49396c19adfb588d03510fc381233,https://github.com/react-hook-form/react-hook-form/compare/8d998abd356bf1306cad3e6395da699380e262c5...24a1fe6142b49396c19adfb588d03510fc381233
102,ReactHookForm,8ce3ecb57bee2e75d3999f47278b036592019870,32f8fac72d1cfa2f1cc826159a80911389b9597d,1333,https://github.com/react-hook-form/react-hook-form/issues/1333,https://github.com/react-hook-form/react-hook-form/tree/8ce3ecb57bee2e75d3999f47278b036592019870,https://github.com/react-hook-form/react-hook-form/tree/32f8fac72d1cfa2f1cc826159a80911389b9597d,https://github.com/react-hook-form/react-hook-form/compare/8ce3ecb57bee2e75d3999f47278b036592019870...32f8fac72d1cfa2f1cc826159a80911389b9597d
103,ReactHookForm,c78e806b228d3cba6d79d8ab47691f7a43ed9ee5,96468de91c73dd8b562d6f81e0501d26d468e896,1341,https://github.com/react-hook-form/react-hook-form/issues/1341,https://github.com/react-hook-form/react-hook-form/tree/c78e806b228d3cba6d79d8ab47691f7a43ed9ee5,https://github.com/react-hook-form/react-hook-form/tree/96468de91c73dd8b562d6f81e0501d26d468e896,https://github.com/react-hook-form/react-hook-form/compare/c78e806b228d3cba6d79d8ab47691f7a43ed9ee5...96468de91c73dd8b562d6f81e0501d26d468e896
104,ReactHookForm,07c9294965926d353645f531a91b08b90193be04,5c17887c58b6c357816984d9ea0608fca288d92d,1359,https://github.com/react-hook-form/react-hook-form/issues/1359,https://github.com/react-hook-form/react-hook-form/tree/07c9294965926d353645f531a91b08b90193be04,https://github.com/react-hook-form/react-hook-form/tree/5c17887c58b6c357816984d9ea0608fca288d92d,https://github.com/react-hook-form/react-hook-form/compare/07c9294965926d353645f531a91b08b90193be04...5c17887c58b6c357816984d9ea0608fca288d92d
105,ReactHookForm,7c87729c8a61654b8212b5ab1c18a908177338da,7de061410e9981f8e98f0648936f425c56506e03,1375,https://github.com/react-hook-form/react-hook-form/issues/1375,https://github.com/react-hook-form/react-hook-form/tree/7c87729c8a61654b8212b5ab1c18a908177338da,https://github.com/react-hook-form/react-hook-form/tree/7de061410e9981f8e98f0648936f425c56506e03,https://github.com/react-hook-form/react-hook-form/compare/7c87729c8a61654b8212b5ab1c18a908177338da...7de061410e9981f8e98f0648936f425c56506e03
106,ReactHookForm,9d425a1a2bcc73e9abcc7d246e9cc4e0caa0260c,586ebcd1a4a85acb08d77b549401c6ecf5dee5bc,1262,https://github.com/react-hook-form/react-hook-form/issues/1262,https://github.com/react-hook-form/react-hook-form/tree/9d425a1a2bcc73e9abcc7d246e9cc4e0caa0260c,https://github.com/react-hook-form/react-hook-form/tree/586ebcd1a4a85acb08d77b549401c6ecf5dee5bc,https://github.com/react-hook-form/react-hook-form/compare/9d425a1a2bcc73e9abcc7d246e9cc4e0caa0260c...586ebcd1a4a85acb08d77b549401c6ecf5dee5bc
107,ReactHookForm,c24d5679b4c4a98a68ee76799165051195d927e8,938cf4e4d41079d6d7b7d9d77c5756621a4e9299,1394,https://github.com/react-hook-form/react-hook-form/issues/1394,https://github.com/react-hook-form/react-hook-form/tree/c24d5679b4c4a98a68ee76799165051195d927e8,https://github.com/react-hook-form/react-hook-form/tree/938cf4e4d41079d6d7b7d9d77c5756621a4e9299,https://github.com/react-hook-form/react-hook-form/compare/c24d5679b4c4a98a68ee76799165051195d927e8...938cf4e4d41079d6d7b7d9d77c5756621a4e9299
108,ReactHookForm,ca16ee9d89a4abd99ebeca8e8c8c38600d231e8c,4114f1006080a69eb2cc501e49b05ab2a182aa1d,1372,https://github.com/react-hook-form/react-hook-form/issues/1372,https://github.com/react-hook-form/react-hook-form/tree/ca16ee9d89a4abd99ebeca8e8c8c38600d231e8c,https://github.com/react-hook-form/react-hook-form/tree/4114f1006080a69eb2cc501e49b05ab2a182aa1d,https://github.com/react-hook-form/react-hook-form/compare/ca16ee9d89a4abd99ebeca8e8c8c38600d231e8c...4114f1006080a69eb2cc501e49b05ab2a182aa1d
109,ReactHookForm,cde096397e015c82bfb3532252a864ee3046f7b2,137ee4f2820e0763975b410561e6d88019eea863,1366,https://github.com/react-hook-form/react-hook-form/issues/1366,https://github.com/react-hook-form/react-hook-form/tree/cde096397e015c82bfb3532252a864ee3046f7b2,https://github.com/react-hook-form/react-hook-form/tree/137ee4f2820e0763975b410561e6d88019eea863,https://github.com/react-hook-form/react-hook-form/compare/cde096397e015c82bfb3532252a864ee3046f7b2...137ee4f2820e0763975b410561e6d88019eea863
110,ReactHookForm,0f7bde71702b9bdda937ba1709c556e7b3bd09c3,0dbeb6d826cda768b422363de7680f41134da09f,1398,https://github.com/react-hook-form/react-hook-form/issues/1398,https://github.com/react-hook-form/react-hook-form/tree/0f7bde71702b9bdda937ba1709c556e7b3bd09c3,https://github.com/react-hook-form/react-hook-form/tree/0dbeb6d826cda768b422363de7680f41134da09f,https://github.com/react-hook-form/react-hook-form/compare/0f7bde71702b9bdda937ba1709c556e7b3bd09c3...0dbeb6d826cda768b422363de7680f41134da09f
111,ReactHookForm,f697d5edc6f930397ef4b09a54df3d4ac9897731,a984df01b3dc3b7ca70a76175335164cf42201ba,1432,https://github.com/react-hook-form/react-hook-form/issues/1432,https://github.com/react-hook-form/react-hook-form/tree/f697d5edc6f930397ef4b09a54df3d4ac9897731,https://github.com/react-hook-form/react-hook-form/tree/a984df01b3dc3b7ca70a76175335164cf42201ba,https://github.com/react-hook-form/react-hook-form/compare/f697d5edc6f930397ef4b09a54df3d4ac9897731...a984df01b3dc3b7ca70a76175335164cf42201ba
112,ReactHookForm,11758f146ce51645c1411a7555f95471a59793e5,19fb0fed74ef79d31628581095f7a3326e3a63b0,1290,https://github.com/react-hook-form/react-hook-form/issues/1290,https://github.com/react-hook-form/react-hook-form/tree/11758f146ce51645c1411a7555f95471a59793e5,https://github.com/react-hook-form/react-hook-form/tree/19fb0fed74ef79d31628581095f7a3326e3a63b0,https://github.com/react-hook-form/react-hook-form/compare/11758f146ce51645c1411a7555f95471a59793e5...19fb0fed74ef79d31628581095f7a3326e3a63b0
113,ReactHookForm,8fbb6b133b96b343dffee1583e8253f6586b35eb,132ab846063b300defd80e61b12ab09fc247582c,1446,https://github.com/react-hook-form/react-hook-form/issues/1446,https://github.com/react-hook-form/react-hook-form/tree/8fbb6b133b96b343dffee1583e8253f6586b35eb,https://github.com/react-hook-form/react-hook-form/tree/132ab846063b300defd80e61b12ab09fc247582c,https://github.com/react-hook-form/react-hook-form/compare/8fbb6b133b96b343dffee1583e8253f6586b35eb...132ab846063b300defd80e61b12ab09fc247582c
114,ReactHookForm,d3700437fe1f574ca488653a3fc5b24022682453,09da82365ea261fb95a8b46231db807cbca70567,1459,https://github.com/react-hook-form/react-hook-form/issues/1459,https://github.com/react-hook-form/react-hook-form/tree/d3700437fe1f574ca488653a3fc5b24022682453,https://github.com/react-hook-form/react-hook-form/tree/09da82365ea261fb95a8b46231db807cbca70567,https://github.com/react-hook-form/react-hook-form/compare/d3700437fe1f574ca488653a3fc5b24022682453...09da82365ea261fb95a8b46231db807cbca70567
115,ReactHookForm,495c67c44cad00335076da3bde957af63c893498,9ee043bcc0ddf797300539e892292cb9f10275fe,1462,https://github.com/react-hook-form/react-hook-form/issues/1462,https://github.com/react-hook-form/react-hook-form/tree/495c67c44cad00335076da3bde957af63c893498,https://github.com/react-hook-form/react-hook-form/tree/9ee043bcc0ddf797300539e892292cb9f10275fe,https://github.com/react-hook-form/react-hook-form/compare/495c67c44cad00335076da3bde957af63c893498...9ee043bcc0ddf797300539e892292cb9f10275fe
116,ReactHookForm,4fcf717c4daad8ffac3850f980c323e159dc521d,29d9203485caf6dffa8e2b4f69bc494775e80497,1404,https://github.com/react-hook-form/react-hook-form/issues/1404,https://github.com/react-hook-form/react-hook-form/tree/4fcf717c4daad8ffac3850f980c323e159dc521d,https://github.com/react-hook-form/react-hook-form/tree/29d9203485caf6dffa8e2b4f69bc494775e80497,https://github.com/react-hook-form/react-hook-form/compare/4fcf717c4daad8ffac3850f980c323e159dc521d...29d9203485caf6dffa8e2b4f69bc494775e80497
117,ReactHookForm,3f0c4728883786bacf469edb7af93fe84cd13256,05a53b1b113b362cf7e98737eae08ef70843227c,1408,https://github.com/react-hook-form/react-hook-form/issues/1408,https://github.com/react-hook-form/react-hook-form/tree/3f0c4728883786bacf469edb7af93fe84cd13256,https://github.com/react-hook-form/react-hook-form/tree/05a53b1b113b362cf7e98737eae08ef70843227c,https://github.com/react-hook-form/react-hook-form/compare/3f0c4728883786bacf469edb7af93fe84cd13256...05a53b1b113b362cf7e98737eae08ef70843227c
118,ReactHookForm,e379d600f17740d60d7c4c16b2a94c795cce4f06,7c87729c8a61654b8212b5ab1c18a908177338da,1376,https://github.com/react-hook-form/react-hook-form/issues/1376,https://github.com/react-hook-form/react-hook-form/tree/e379d600f17740d60d7c4c16b2a94c795cce4f06,https://github.com/react-hook-form/react-hook-form/tree/7c87729c8a61654b8212b5ab1c18a908177338da,https://github.com/react-hook-form/react-hook-form/compare/e379d600f17740d60d7c4c16b2a94c795cce4f06...7c87729c8a61654b8212b5ab1c18a908177338da
119,ReactHookForm,0f9282543f742e8fa320ac328fedf4238941701f,568ee7af200adc7ad03fd86b90c00404c7c5578e,1464,https://github.com/react-hook-form/react-hook-form/issues/1464,https://github.com/react-hook-form/react-hook-form/tree/0f9282543f742e8fa320ac328fedf4238941701f,https://github.com/react-hook-form/react-hook-form/tree/568ee7af200adc7ad03fd86b90c00404c7c5578e,https://github.com/react-hook-form/react-hook-form/compare/0f9282543f742e8fa320ac328fedf4238941701f...568ee7af200adc7ad03fd86b90c00404c7c5578e
120,ReactHookForm,e73d4bfd9ea85e36fbe801472a6d6f159f9860e0,e5767e3730a328ac0665a9b725e2a3ad80cd8405,1585,https://github.com/react-hook-form/react-hook-form/issues/1585,https://github.com/react-hook-form/react-hook-form/tree/e73d4bfd9ea85e36fbe801472a6d6f159f9860e0,https://github.com/react-hook-form/react-hook-form/tree/e5767e3730a328ac0665a9b725e2a3ad80cd8405,https://github.com/react-hook-form/react-hook-form/compare/e73d4bfd9ea85e36fbe801472a6d6f159f9860e0...e5767e3730a328ac0665a9b725e2a3ad80cd8405
121,ReactHookForm,bfecd5ba76e6f746fbd7d699240533e83ebae9f5,35a9b7da201540091d770938eeac488a33675bc9,1525,https://github.com/react-hook-form/react-hook-form/issues/1525,https://github.com/react-hook-form/react-hook-form/tree/bfecd5ba76e6f746fbd7d699240533e83ebae9f5,https://github.com/react-hook-form/react-hook-form/tree/35a9b7da201540091d770938eeac488a33675bc9,https://github.com/react-hook-form/react-hook-form/compare/bfecd5ba76e6f746fbd7d699240533e83ebae9f5...35a9b7da201540091d770938eeac488a33675bc9
122,ReactHookForm,db368993010f1f822ed8d4fcfcc8fc4c717a61a4,05eda1a7e911549619704c42decf563a15f6ca60,1588,https://github.com/react-hook-form/react-hook-form/issues/1588,https://github.com/react-hook-form/react-hook-form/tree/db368993010f1f822ed8d4fcfcc8fc4c717a61a4,https://github.com/react-hook-form/react-hook-form/tree/05eda1a7e911549619704c42decf563a15f6ca60,https://github.com/react-hook-form/react-hook-form/compare/db368993010f1f822ed8d4fcfcc8fc4c717a61a4...05eda1a7e911549619704c42decf563a15f6ca60
123,ReactHookForm,35a9b7da201540091d770938eeac488a33675bc9,1c47b9f977c17ba0cd31eb4924b7c3bed388833b,1519,https://github.com/react-hook-form/react-hook-form/issues/1519,https://github.com/react-hook-form/react-hook-form/tree/35a9b7da201540091d770938eeac488a33675bc9,https://github.com/react-hook-form/react-hook-form/tree/1c47b9f977c17ba0cd31eb4924b7c3bed388833b,https://github.com/react-hook-form/react-hook-form/compare/35a9b7da201540091d770938eeac488a33675bc9...1c47b9f977c17ba0cd31eb4924b7c3bed388833b
124,ReactHookForm,35a9b7da201540091d770938eeac488a33675bc9,1c47b9f977c17ba0cd31eb4924b7c3bed388833b,1526,https://github.com/react-hook-form/react-hook-form/issues/1526,https://github.com/react-hook-form/react-hook-form/tree/35a9b7da201540091d770938eeac488a33675bc9,https://github.com/react-hook-form/react-hook-form/tree/1c47b9f977c17ba0cd31eb4924b7c3bed388833b,https://github.com/react-hook-form/react-hook-form/compare/35a9b7da201540091d770938eeac488a33675bc9...1c47b9f977c17ba0cd31eb4924b7c3bed388833b
125,ReactHookForm,408edc74ce2ba9cb94ef3473af55ac126926b7b4,8be5d3c87d929f832d9cf258ef102ea2be64fd7c,1676,https://github.com/react-hook-form/react-hook-form/issues/1676,https://github.com/react-hook-form/react-hook-form/tree/408edc74ce2ba9cb94ef3473af55ac126926b7b4,https://github.com/react-hook-form/react-hook-form/tree/8be5d3c87d929f832d9cf258ef102ea2be64fd7c,https://github.com/react-hook-form/react-hook-form/compare/408edc74ce2ba9cb94ef3473af55ac126926b7b4...8be5d3c87d929f832d9cf258ef102ea2be64fd7c
126,ReactHookForm,c40147581ef9288f16d72d8dbfcc0d0a835b8e8c,bd95749aaeb8a4c87cfc442d21b178c21751890a,1815,https://github.com/react-hook-form/react-hook-form/issues/1815,https://github.com/react-hook-form/react-hook-form/tree/c40147581ef9288f16d72d8dbfcc0d0a835b8e8c,https://github.com/react-hook-form/react-hook-form/tree/bd95749aaeb8a4c87cfc442d21b178c21751890a,https://github.com/react-hook-form/react-hook-form/compare/c40147581ef9288f16d72d8dbfcc0d0a835b8e8c...bd95749aaeb8a4c87cfc442d21b178c21751890a
127,ReactHookForm,50bf4d1b5b226003903c5e70713735368e1a0c92,1167f6c7fe2f1d93d755a5aabb5dc1b8fd9feec7,1851,https://github.com/react-hook-form/react-hook-form/issues/1851,https://github.com/react-hook-form/react-hook-form/tree/50bf4d1b5b226003903c5e70713735368e1a0c92,https://github.com/react-hook-form/react-hook-form/tree/1167f6c7fe2f1d93d755a5aabb5dc1b8fd9feec7,https://github.com/react-hook-form/react-hook-form/compare/50bf4d1b5b226003903c5e70713735368e1a0c92...1167f6c7fe2f1d93d755a5aabb5dc1b8fd9feec7
128,ReactHookForm,3b5bd4107c420281a4689e1f40e8ccbee394690b,c912a78b584748dac8f36d739891d75a55bf1800,1931,https://github.com/react-hook-form/react-hook-form/issues/1931,https://github.com/react-hook-form/react-hook-form/tree/3b5bd4107c420281a4689e1f40e8ccbee394690b,https://github.com/react-hook-form/react-hook-form/tree/c912a78b584748dac8f36d739891d75a55bf1800,https://github.com/react-hook-form/react-hook-form/compare/3b5bd4107c420281a4689e1f40e8ccbee394690b...c912a78b584748dac8f36d739891d75a55bf1800
129,ReactHookForm,96f862785b1ed6d354c2a1bb65b9d061d7518b17,4c820247fe20c67d80680d7e4c5c1145420532a9,1996,https://github.com/react-hook-form/react-hook-form/issues/1996,https://github.com/react-hook-form/react-hook-form/tree/96f862785b1ed6d354c2a1bb65b9d061d7518b17,https://github.com/react-hook-form/react-hook-form/tree/4c820247fe20c67d80680d7e4c5c1145420532a9,https://github.com/react-hook-form/react-hook-form/compare/96f862785b1ed6d354c2a1bb65b9d061d7518b17...4c820247fe20c67d80680d7e4c5c1145420532a9
130,ReactHookForm,e4b25b579930d316cfc8f24bb8e55e71d101c86e,f69915b0f8ebffeba8d3f65b1c91d1f4d92ad786,2017,https://github.com/react-hook-form/react-hook-form/issues/2017,https://github.com/react-hook-form/react-hook-form/tree/e4b25b579930d316cfc8f24bb8e55e71d101c86e,https://github.com/react-hook-form/react-hook-form/tree/f69915b0f8ebffeba8d3f65b1c91d1f4d92ad786,https://github.com/react-hook-form/react-hook-form/compare/e4b25b579930d316cfc8f24bb8e55e71d101c86e...f69915b0f8ebffeba8d3f65b1c91d1f4d92ad786
131,ReactHookForm,2b2b3d06589b847a94975fa9275b48e7997427f4,c469d378ccc468f15e39b8b86141bccb380d8d05,2081,https://github.com/react-hook-form/react-hook-form/issues/2081,https://github.com/react-hook-form/react-hook-form/tree/2b2b3d06589b847a94975fa9275b48e7997427f4,https://github.com/react-hook-form/react-hook-form/tree/c469d378ccc468f15e39b8b86141bccb380d8d05,https://github.com/react-hook-form/react-hook-form/compare/2b2b3d06589b847a94975fa9275b48e7997427f4...c469d378ccc468f15e39b8b86141bccb380d8d05
132,ReactHookForm,3a5b959c655d9fea4f5d25772b72cb631e8ae82a,bfecd5ba76e6f746fbd7d699240533e83ebae9f5,1500,https://github.com/react-hook-form/react-hook-form/issues/1500,https://github.com/react-hook-form/react-hook-form/tree/3a5b959c655d9fea4f5d25772b72cb631e8ae82a,https://github.com/react-hook-form/react-hook-form/tree/bfecd5ba76e6f746fbd7d699240533e83ebae9f5,https://github.com/react-hook-form/react-hook-form/compare/3a5b959c655d9fea4f5d25772b72cb631e8ae82a...bfecd5ba76e6f746fbd7d699240533e83ebae9f5
133,ReactHookForm,e504f8feb2ded3ec5f7941ee66a8b9a6c84e15cb,a0ba92b1dff9f0fb66736fe2020f691d9b1ec5b4,2050,https://github.com/react-hook-form/react-hook-form/issues/2050,https://github.com/react-hook-form/react-hook-form/tree/e504f8feb2ded3ec5f7941ee66a8b9a6c84e15cb,https://github.com/react-hook-form/react-hook-form/tree/a0ba92b1dff9f0fb66736fe2020f691d9b1ec5b4,https://github.com/react-hook-form/react-hook-form/compare/e504f8feb2ded3ec5f7941ee66a8b9a6c84e15cb...a0ba92b1dff9f0fb66736fe2020f691d9b1ec5b4
134,ReactHookForm,dbac1bb34a5453cb1c790fed77c7861f089b318d,1c9a0b210bb4fe41cb2492a622acf3077b073162,2112,https://github.com/react-hook-form/react-hook-form/issues/2112,https://github.com/react-hook-form/react-hook-form/tree/dbac1bb34a5453cb1c790fed77c7861f089b318d,https://github.com/react-hook-form/react-hook-form/tree/1c9a0b210bb4fe41cb2492a622acf3077b073162,https://github.com/react-hook-form/react-hook-form/compare/dbac1bb34a5453cb1c790fed77c7861f089b318d...1c9a0b210bb4fe41cb2492a622acf3077b073162
135,ReactHookForm,2cbcff7173a6ec4b9c23679f068b8b0e3c64fa0a,7281046ea6ef1c71bd9f6693361aa3b7a344e416,2131,https://github.com/react-hook-form/react-hook-form/issues/2131,https://github.com/react-hook-form/react-hook-form/tree/2cbcff7173a6ec4b9c23679f068b8b0e3c64fa0a,https://github.com/react-hook-form/react-hook-form/tree/7281046ea6ef1c71bd9f6693361aa3b7a344e416,https://github.com/react-hook-form/react-hook-form/compare/2cbcff7173a6ec4b9c23679f068b8b0e3c64fa0a...7281046ea6ef1c71bd9f6693361aa3b7a344e416
136,ReactHookForm,ebdc162fe1b999c9f7476dec170d7469de9ee05b,25bf9fcd656ddd6ad6ef7b0df7c50c9f57b4609e,2153,https://github.com/react-hook-form/react-hook-form/issues/2153,https://github.com/react-hook-form/react-hook-form/tree/ebdc162fe1b999c9f7476dec170d7469de9ee05b,https://github.com/react-hook-form/react-hook-form/tree/25bf9fcd656ddd6ad6ef7b0df7c50c9f57b4609e,https://github.com/react-hook-form/react-hook-form/compare/ebdc162fe1b999c9f7476dec170d7469de9ee05b...25bf9fcd656ddd6ad6ef7b0df7c50c9f57b4609e
137,ReactHookForm,cd7221063fe93e423ed6e027bb766f1317c25e3d,b94d7f05656323d9001f88b9b346855af36d351d,2191,https://github.com/react-hook-form/react-hook-form/issues/2191,https://github.com/react-hook-form/react-hook-form/tree/cd7221063fe93e423ed6e027bb766f1317c25e3d,https://github.com/react-hook-form/react-hook-form/tree/b94d7f05656323d9001f88b9b346855af36d351d,https://github.com/react-hook-form/react-hook-form/compare/cd7221063fe93e423ed6e027bb766f1317c25e3d...b94d7f05656323d9001f88b9b346855af36d351d
138,ReactHookForm,668c68040219d8d118344e889b83e7915932b552,1537f1869708268879a7733b7df182191f22eee3,2246,https://github.com/react-hook-form/react-hook-form/issues/2246,https://github.com/react-hook-form/react-hook-form/tree/668c68040219d8d118344e889b83e7915932b552,https://github.com/react-hook-form/react-hook-form/tree/1537f1869708268879a7733b7df182191f22eee3,https://github.com/react-hook-form/react-hook-form/compare/668c68040219d8d118344e889b83e7915932b552...1537f1869708268879a7733b7df182191f22eee3
139,ReactHookForm,b5cef100826876a55cc32e26723d148bac121830,69558553c563adffe64032825efa75a881268815,2160,https://github.com/react-hook-form/react-hook-form/issues/2160,https://github.com/react-hook-form/react-hook-form/tree/b5cef100826876a55cc32e26723d148bac121830,https://github.com/react-hook-form/react-hook-form/tree/69558553c563adffe64032825efa75a881268815,https://github.com/react-hook-form/react-hook-form/compare/b5cef100826876a55cc32e26723d148bac121830...69558553c563adffe64032825efa75a881268815
140,ReactHookForm,2a7084f8fd899d31f348313384539b449a818370,66e38e7fff843bb11bff3ab000aadb5e6924d5db,2240,https://github.com/react-hook-form/react-hook-form/issues/2240,https://github.com/react-hook-form/react-hook-form/tree/2a7084f8fd899d31f348313384539b449a818370,https://github.com/react-hook-form/react-hook-form/tree/66e38e7fff843bb11bff3ab000aadb5e6924d5db,https://github.com/react-hook-form/react-hook-form/compare/2a7084f8fd899d31f348313384539b449a818370...66e38e7fff843bb11bff3ab000aadb5e6924d5db
141,ReactHookForm,4d6da895d031243ac122ebd9622cbc7e39b0219c,17f169245cba381b340e055c39f4ef807b4b2638,2257,https://github.com/react-hook-form/react-hook-form/issues/2257,https://github.com/react-hook-form/react-hook-form/tree/4d6da895d031243ac122ebd9622cbc7e39b0219c,https://github.com/react-hook-form/react-hook-form/tree/17f169245cba381b340e055c39f4ef807b4b2638,https://github.com/react-hook-form/react-hook-form/compare/4d6da895d031243ac122ebd9622cbc7e39b0219c...17f169245cba381b340e055c39f4ef807b4b2638
142,ReactHookForm,b53d0b7262436ebc08ec8f8357eb585b73a60266,0c590e4adc88eabf853942ed941872029311c53f,1843,https://github.com/react-hook-form/react-hook-form/issues/1843,https://github.com/react-hook-form/react-hook-form/tree/b53d0b7262436ebc08ec8f8357eb585b73a60266,https://github.com/react-hook-form/react-hook-form/tree/0c590e4adc88eabf853942ed941872029311c53f,https://github.com/react-hook-form/react-hook-form/compare/b53d0b7262436ebc08ec8f8357eb585b73a60266...0c590e4adc88eabf853942ed941872029311c53f
143,ReactHookForm,27795bd9b61f643c78ad14ede9c3929148c63aaf,52a73ddceabcf69ce4b29d183830b87e574e45f0,1816,https://github.com/react-hook-form/react-hook-form/issues/1816,https://github.com/react-hook-form/react-hook-form/tree/27795bd9b61f643c78ad14ede9c3929148c63aaf,https://github.com/react-hook-form/react-hook-form/tree/52a73ddceabcf69ce4b29d183830b87e574e45f0,https://github.com/react-hook-form/react-hook-form/compare/27795bd9b61f643c78ad14ede9c3929148c63aaf...52a73ddceabcf69ce4b29d183830b87e574e45f0
144,ReactHookForm,1e882352d4d2554f698fee643d6c45fae97857db,dbac1bb34a5453cb1c790fed77c7861f089b318d,2052,https://github.com/react-hook-form/react-hook-form/issues/2052,https://github.com/react-hook-form/react-hook-form/tree/1e882352d4d2554f698fee643d6c45fae97857db,https://github.com/react-hook-form/react-hook-form/tree/dbac1bb34a5453cb1c790fed77c7861f089b318d,https://github.com/react-hook-form/react-hook-form/compare/1e882352d4d2554f698fee643d6c45fae97857db...dbac1bb34a5453cb1c790fed77c7861f089b318d
145,ReactHookForm,d8c2c406e170b883ce484fbf141b08b6c3ff9dd1,be29ea29d03fde0470644eda7950589f0322f590,2339,https://github.com/react-hook-form/react-hook-form/issues/2339,https://github.com/react-hook-form/react-hook-form/tree/d8c2c406e170b883ce484fbf141b08b6c3ff9dd1,https://github.com/react-hook-form/react-hook-form/tree/be29ea29d03fde0470644eda7950589f0322f590,https://github.com/react-hook-form/react-hook-form/compare/d8c2c406e170b883ce484fbf141b08b6c3ff9dd1...be29ea29d03fde0470644eda7950589f0322f590
146,ReactHookForm,ffdca1bed9c2e5d5407dacf78acea076b3bb0ebd,7722dd33fc1f60c0ff530ad41ff255d918c221d3,2336,https://github.com/react-hook-form/react-hook-form/issues/2336,https://github.com/react-hook-form/react-hook-form/tree/ffdca1bed9c2e5d5407dacf78acea076b3bb0ebd,https://github.com/react-hook-form/react-hook-form/tree/7722dd33fc1f60c0ff530ad41ff255d918c221d3,https://github.com/react-hook-form/react-hook-form/compare/ffdca1bed9c2e5d5407dacf78acea076b3bb0ebd...7722dd33fc1f60c0ff530ad41ff255d918c221d3
147,ReactHookForm,17f169245cba381b340e055c39f4ef807b4b2638,f337fc894721e23f1ecc65f4d77f57c932974e2d,2017,https://github.com/react-hook-form/react-hook-form/issues/2017,https://github.com/react-hook-form/react-hook-form/tree/17f169245cba381b340e055c39f4ef807b4b2638,https://github.com/react-hook-form/react-hook-form/tree/f337fc894721e23f1ecc65f4d77f57c932974e2d,https://github.com/react-hook-form/react-hook-form/compare/17f169245cba381b340e055c39f4ef807b4b2638...f337fc894721e23f1ecc65f4d77f57c932974e2d
148,ReactHookForm,fd231cd62842c983eadb657050b6603b2387d7f4,0861033b5f0d4f7beee987fbfbf7f7888bf014fc,2298,https://github.com/react-hook-form/react-hook-form/issues/2298,https://github.com/react-hook-form/react-hook-form/tree/fd231cd62842c983eadb657050b6603b2387d7f4,https://github.com/react-hook-form/react-hook-form/tree/0861033b5f0d4f7beee987fbfbf7f7888bf014fc,https://github.com/react-hook-form/react-hook-form/compare/fd231cd62842c983eadb657050b6603b2387d7f4...0861033b5f0d4f7beee987fbfbf7f7888bf014fc
149,ReactHookForm,f33523ce6190b858405cd1dd1f47b704df64f73f,c322da2ca43ebf56ae6964c6a965da395603ed1e,2443,https://github.com/react-hook-form/react-hook-form/issues/2443,https://github.com/react-hook-form/react-hook-form/tree/f33523ce6190b858405cd1dd1f47b704df64f73f,https://github.com/react-hook-form/react-hook-form/tree/c322da2ca43ebf56ae6964c6a965da395603ed1e,https://github.com/react-hook-form/react-hook-form/compare/f33523ce6190b858405cd1dd1f47b704df64f73f...c322da2ca43ebf56ae6964c6a965da395603ed1e
150,ReactHookForm,6e14ff3dd739f09372b133861061ebcd14d232bb,a708e369668792047f043c1eab55b42664606fc0,2437,https://github.com/react-hook-form/react-hook-form/issues/2437,https://github.com/react-hook-form/react-hook-form/tree/6e14ff3dd739f09372b133861061ebcd14d232bb,https://github.com/react-hook-form/react-hook-form/tree/a708e369668792047f043c1eab55b42664606fc0,https://github.com/react-hook-form/react-hook-form/compare/6e14ff3dd739f09372b133861061ebcd14d232bb...a708e369668792047f043c1eab55b42664606fc0
151,ReactHookForm,e2001bea3bfc4f4b289ac207d6abd96f4070ee4b,6c7836b524c0747f0dc939bef1b9cd1d783d6f0c,2403,https://github.com/react-hook-form/react-hook-form/issues/2403,https://github.com/react-hook-form/react-hook-form/tree/e2001bea3bfc4f4b289ac207d6abd96f4070ee4b,https://github.com/react-hook-form/react-hook-form/tree/6c7836b524c0747f0dc939bef1b9cd1d783d6f0c,https://github.com/react-hook-form/react-hook-form/compare/e2001bea3bfc4f4b289ac207d6abd96f4070ee4b...6c7836b524c0747f0dc939bef1b9cd1d783d6f0c
152,ReactHookForm,d768f676081c398a976e1c1c41de48373ac6ea9f,56349b3ed33bb2209f074228004f7639d9c98b64,2312,https://github.com/react-hook-form/react-hook-form/issues/2312,https://github.com/react-hook-form/react-hook-form/tree/d768f676081c398a976e1c1c41de48373ac6ea9f,https://github.com/react-hook-form/react-hook-form/tree/56349b3ed33bb2209f074228004f7639d9c98b64,https://github.com/react-hook-form/react-hook-form/compare/d768f676081c398a976e1c1c41de48373ac6ea9f...56349b3ed33bb2209f074228004f7639d9c98b64
153,ReactHookForm,7722dd33fc1f60c0ff530ad41ff255d918c221d3,27c1fcde829b29bcaa30d63aef1e96262ea8a9a1,2310,https://github.com/react-hook-form/react-hook-form/issues/2310,https://github.com/react-hook-form/react-hook-form/tree/7722dd33fc1f60c0ff530ad41ff255d918c221d3,https://github.com/react-hook-form/react-hook-form/tree/27c1fcde829b29bcaa30d63aef1e96262ea8a9a1,https://github.com/react-hook-form/react-hook-form/compare/7722dd33fc1f60c0ff530ad41ff255d918c221d3...27c1fcde829b29bcaa30d63aef1e96262ea8a9a1
154,ReactHookForm,62ade0a08eb92a5d4f960b8c93b443ed34d958df,31f077b869b2894d6554ec60d1f4f032d7523e3b,2538,https://github.com/react-hook-form/react-hook-form/issues/2538,https://github.com/react-hook-form/react-hook-form/tree/62ade0a08eb92a5d4f960b8c93b443ed34d958df,https://github.com/react-hook-form/react-hook-form/tree/31f077b869b2894d6554ec60d1f4f032d7523e3b,https://github.com/react-hook-form/react-hook-form/compare/62ade0a08eb92a5d4f960b8c93b443ed34d958df...31f077b869b2894d6554ec60d1f4f032d7523e3b
155,ReactHookForm,31f077b869b2894d6554ec60d1f4f032d7523e3b,53c1e5af2265fe897864b0c20098b71848149718,2548,https://github.com/react-hook-form/react-hook-form/issues/2548,https://github.com/react-hook-form/react-hook-form/tree/31f077b869b2894d6554ec60d1f4f032d7523e3b,https://github.com/react-hook-form/react-hook-form/tree/53c1e5af2265fe897864b0c20098b71848149718,https://github.com/react-hook-form/react-hook-form/compare/31f077b869b2894d6554ec60d1f4f032d7523e3b...53c1e5af2265fe897864b0c20098b71848149718
156,ReactHookForm,de3dc4404549dd893f3799c222050d8c4bce02b4,62ade0a08eb92a5d4f960b8c93b443ed34d958df,2538,https://github.com/react-hook-form/react-hook-form/issues/2538,https://github.com/react-hook-form/react-hook-form/tree/de3dc4404549dd893f3799c222050d8c4bce02b4,https://github.com/react-hook-form/react-hook-form/tree/62ade0a08eb92a5d4f960b8c93b443ed34d958df,https://github.com/react-hook-form/react-hook-form/compare/de3dc4404549dd893f3799c222050d8c4bce02b4...62ade0a08eb92a5d4f960b8c93b443ed34d958df
157,ReactHookForm,38d0f4a08e77acb7a782ae14dd335f9944961d17,bcd00c1cb84867112d07ba9123e19b5d8bc56bee,2512,https://github.com/react-hook-form/react-hook-form/issues/2512,https://github.com/react-hook-form/react-hook-form/tree/38d0f4a08e77acb7a782ae14dd335f9944961d17,https://github.com/react-hook-form/react-hook-form/tree/bcd00c1cb84867112d07ba9123e19b5d8bc56bee,https://github.com/react-hook-form/react-hook-form/compare/38d0f4a08e77acb7a782ae14dd335f9944961d17...bcd00c1cb84867112d07ba9123e19b5d8bc56bee
158,ReactHookForm,93e7ca0a3afd537dcf67de4b015f5703e48c92e8,dff641aac5620014a17fc6ae68bedd6a4d73e0d7,2541,https://github.com/react-hook-form/react-hook-form/issues/2541,https://github.com/react-hook-form/react-hook-form/tree/93e7ca0a3afd537dcf67de4b015f5703e48c92e8,https://github.com/react-hook-form/react-hook-form/tree/dff641aac5620014a17fc6ae68bedd6a4d73e0d7,https://github.com/react-hook-form/react-hook-form/compare/93e7ca0a3afd537dcf67de4b015f5703e48c92e8...dff641aac5620014a17fc6ae68bedd6a4d73e0d7
159,ReactHookForm,619058e449812e02e37117e5902035927b68e882,40a4eb8da8ae7b6571b33168f9160780997134c6,2609,https://github.com/react-hook-form/react-hook-form/issues/2609,https://github.com/react-hook-form/react-hook-form/tree/619058e449812e02e37117e5902035927b68e882,https://github.com/react-hook-form/react-hook-form/tree/40a4eb8da8ae7b6571b33168f9160780997134c6,https://github.com/react-hook-form/react-hook-form/compare/619058e449812e02e37117e5902035927b68e882...40a4eb8da8ae7b6571b33168f9160780997134c6
160,ReactHookForm,b4a51e0a50b9b2d440dc7c869a8dca54ba0bf687,5845bee7a0d20667bd87fbc5c2c4cdda336f7709,2729,https://github.com/react-hook-form/react-hook-form/issues/2729,https://github.com/react-hook-form/react-hook-form/tree/b4a51e0a50b9b2d440dc7c869a8dca54ba0bf687,https://github.com/react-hook-form/react-hook-form/tree/5845bee7a0d20667bd87fbc5c2c4cdda336f7709,https://github.com/react-hook-form/react-hook-form/compare/b4a51e0a50b9b2d440dc7c869a8dca54ba0bf687...5845bee7a0d20667bd87fbc5c2c4cdda336f7709
161,ReactHookForm,4ede09e5de3060579075b16aaa441da522a6a9d5,78a038defbac9029f731d754b6aa0872269b870c,2655,https://github.com/react-hook-form/react-hook-form/issues/2655,https://github.com/react-hook-form/react-hook-form/tree/4ede09e5de3060579075b16aaa441da522a6a9d5,https://github.com/react-hook-form/react-hook-form/tree/78a038defbac9029f731d754b6aa0872269b870c,https://github.com/react-hook-form/react-hook-form/compare/4ede09e5de3060579075b16aaa441da522a6a9d5...78a038defbac9029f731d754b6aa0872269b870c
162,ReactHookForm,4ede09e5de3060579075b16aaa441da522a6a9d5,78a038defbac9029f731d754b6aa0872269b870c,2631,https://github.com/react-hook-form/react-hook-form/issues/2631,https://github.com/react-hook-form/react-hook-form/tree/4ede09e5de3060579075b16aaa441da522a6a9d5,https://github.com/react-hook-form/react-hook-form/tree/78a038defbac9029f731d754b6aa0872269b870c,https://github.com/react-hook-form/react-hook-form/compare/4ede09e5de3060579075b16aaa441da522a6a9d5...78a038defbac9029f731d754b6aa0872269b870c
163,ReactHookForm,78a038defbac9029f731d754b6aa0872269b870c,381d14168c2326f4c776a816f8cf97b3ad3de5aa,2667,https://github.com/react-hook-form/react-hook-form/issues/2667,https://github.com/react-hook-form/react-hook-form/tree/78a038defbac9029f731d754b6aa0872269b870c,https://github.com/react-hook-form/react-hook-form/tree/381d14168c2326f4c776a816f8cf97b3ad3de5aa,https://github.com/react-hook-form/react-hook-form/compare/78a038defbac9029f731d754b6aa0872269b870c...381d14168c2326f4c776a816f8cf97b3ad3de5aa
164,ReactHookForm,5845bee7a0d20667bd87fbc5c2c4cdda336f7709,53fdb877a9ab86f5f7c0c04fa17e8de8cacfabd6,2725,https://github.com/react-hook-form/react-hook-form/issues/2725,https://github.com/react-hook-form/react-hook-form/tree/5845bee7a0d20667bd87fbc5c2c4cdda336f7709,https://github.com/react-hook-form/react-hook-form/tree/53fdb877a9ab86f5f7c0c04fa17e8de8cacfabd6,https://github.com/react-hook-form/react-hook-form/compare/5845bee7a0d20667bd87fbc5c2c4cdda336f7709...53fdb877a9ab86f5f7c0c04fa17e8de8cacfabd6
165,ReactHookForm,61e62a326ea15d7ca0818ac91b5c70d67ac2769c,45b874e85bbe2c7ba22d914923b91124d449ed9e,2754,https://github.com/react-hook-form/react-hook-form/issues/2754,https://github.com/react-hook-form/react-hook-form/tree/61e62a326ea15d7ca0818ac91b5c70d67ac2769c,https://github.com/react-hook-form/react-hook-form/tree/45b874e85bbe2c7ba22d914923b91124d449ed9e,https://github.com/react-hook-form/react-hook-form/compare/61e62a326ea15d7ca0818ac91b5c70d67ac2769c...45b874e85bbe2c7ba22d914923b91124d449ed9e
166,ReactHookForm,034e727de9a4c08127901dab6a0a4e86182b5315,9260f38d16ac9471690d46479f780f9ac40ceb90,2730,https://github.com/react-hook-form/react-hook-form/issues/2730,https://github.com/react-hook-form/react-hook-form/tree/034e727de9a4c08127901dab6a0a4e86182b5315,https://github.com/react-hook-form/react-hook-form/tree/9260f38d16ac9471690d46479f780f9ac40ceb90,https://github.com/react-hook-form/react-hook-form/compare/034e727de9a4c08127901dab6a0a4e86182b5315...9260f38d16ac9471690d46479f780f9ac40ceb90
167,ReactHookForm,b7b6653e2a6ac98019fd293ab5852aa0cf740da9,00b37525aff390e08cd582df791ec6d0b592174f,2792,https://github.com/react-hook-form/react-hook-form/issues/2792,https://github.com/react-hook-form/react-hook-form/tree/b7b6653e2a6ac98019fd293ab5852aa0cf740da9,https://github.com/react-hook-form/react-hook-form/tree/00b37525aff390e08cd582df791ec6d0b592174f,https://github.com/react-hook-form/react-hook-form/compare/b7b6653e2a6ac98019fd293ab5852aa0cf740da9...00b37525aff390e08cd582df791ec6d0b592174f
168,ReactHookForm,9c6b04730da6a014653d98ceb9d0a56d71290bab,fc5b1164a87210b13693f6b2e400cc3706910ec1,2845,https://github.com/react-hook-form/react-hook-form/issues/2845,https://github.com/react-hook-form/react-hook-form/tree/9c6b04730da6a014653d98ceb9d0a56d71290bab,https://github.com/react-hook-form/react-hook-form/tree/fc5b1164a87210b13693f6b2e400cc3706910ec1,https://github.com/react-hook-form/react-hook-form/compare/9c6b04730da6a014653d98ceb9d0a56d71290bab...fc5b1164a87210b13693f6b2e400cc3706910ec1
169,ReactHookForm,53fdb877a9ab86f5f7c0c04fa17e8de8cacfabd6,dbf0db323e6a0e813febdbc3bf4b498a73a926cf,2740,https://github.com/react-hook-form/react-hook-form/issues/2740,https://github.com/react-hook-form/react-hook-form/tree/53fdb877a9ab86f5f7c0c04fa17e8de8cacfabd6,https://github.com/react-hook-form/react-hook-form/tree/dbf0db323e6a0e813febdbc3bf4b498a73a926cf,https://github.com/react-hook-form/react-hook-form/compare/53fdb877a9ab86f5f7c0c04fa17e8de8cacfabd6...dbf0db323e6a0e813febdbc3bf4b498a73a926cf
170,ReactHookForm,c3bae37d4bde573658eb480c043d75e0698b3ae1,61e62a326ea15d7ca0818ac91b5c70d67ac2769c,2757,https://github.com/react-hook-form/react-hook-form/issues/2757,https://github.com/react-hook-form/react-hook-form/tree/c3bae37d4bde573658eb480c043d75e0698b3ae1,https://github.com/react-hook-form/react-hook-form/tree/61e62a326ea15d7ca0818ac91b5c70d67ac2769c,https://github.com/react-hook-form/react-hook-form/compare/c3bae37d4bde573658eb480c043d75e0698b3ae1...61e62a326ea15d7ca0818ac91b5c70d67ac2769c
171,ReactHookForm,d55ff2acec2047f96d2fe7a2480ad35f55e25a74,b7b6653e2a6ac98019fd293ab5852aa0cf740da9,2792,https://github.com/react-hook-form/react-hook-form/issues/2792,https://github.com/react-hook-form/react-hook-form/tree/d55ff2acec2047f96d2fe7a2480ad35f55e25a74,https://github.com/react-hook-form/react-hook-form/tree/b7b6653e2a6ac98019fd293ab5852aa0cf740da9,https://github.com/react-hook-form/react-hook-form/compare/d55ff2acec2047f96d2fe7a2480ad35f55e25a74...b7b6653e2a6ac98019fd293ab5852aa0cf740da9
172,ReactHookForm,e71f5d7a5bd659c410ee3e8d248fe4627f283b72,051ee49f135388fc004e71fbaf3988ff53dabc07,2859,https://github.com/react-hook-form/react-hook-form/issues/2859,https://github.com/react-hook-form/react-hook-form/tree/e71f5d7a5bd659c410ee3e8d248fe4627f283b72,https://github.com/react-hook-form/react-hook-form/tree/051ee49f135388fc004e71fbaf3988ff53dabc07,https://github.com/react-hook-form/react-hook-form/compare/e71f5d7a5bd659c410ee3e8d248fe4627f283b72...051ee49f135388fc004e71fbaf3988ff53dabc07
173,ReactHookForm,5bf19cd79aacb74cff56f34937fb743f15b12668,f8df9d552c0046133c06b485b96023a7d8c6ab5f,2917,https://github.com/react-hook-form/react-hook-form/issues/2917,https://github.com/react-hook-form/react-hook-form/tree/5bf19cd79aacb74cff56f34937fb743f15b12668,https://github.com/react-hook-form/react-hook-form/tree/f8df9d552c0046133c06b485b96023a7d8c6ab5f,https://github.com/react-hook-form/react-hook-form/compare/5bf19cd79aacb74cff56f34937fb743f15b12668...f8df9d552c0046133c06b485b96023a7d8c6ab5f
174,ReactHookForm,023516bbe265f4abb06442854f27c60d1df056a1,6959518242813712ac016bede66a0c33b61b8515,2785,https://github.com/react-hook-form/react-hook-form/issues/2785,https://github.com/react-hook-form/react-hook-form/tree/023516bbe265f4abb06442854f27c60d1df056a1,https://github.com/react-hook-form/react-hook-form/tree/6959518242813712ac016bede66a0c33b61b8515,https://github.com/react-hook-form/react-hook-form/compare/023516bbe265f4abb06442854f27c60d1df056a1...6959518242813712ac016bede66a0c33b61b8515
175,ReactHookForm,c348da1d5543c1b65cfe0de747e8dc40c9ecea96,50ced9ecebb76db3c355830aab127ac3c025db11,2958,https://github.com/react-hook-form/react-hook-form/issues/2958,https://github.com/react-hook-form/react-hook-form/tree/c348da1d5543c1b65cfe0de747e8dc40c9ecea96,https://github.com/react-hook-form/react-hook-form/tree/50ced9ecebb76db3c355830aab127ac3c025db11,https://github.com/react-hook-form/react-hook-form/compare/c348da1d5543c1b65cfe0de747e8dc40c9ecea96...50ced9ecebb76db3c355830aab127ac3c025db11
176,ReactHookForm,50ced9ecebb76db3c355830aab127ac3c025db11,414e4a749676dccc59b3d2eb908ed33549bc9adb,2961,https://github.com/react-hook-form/react-hook-form/issues/2961,https://github.com/react-hook-form/react-hook-form/tree/50ced9ecebb76db3c355830aab127ac3c025db11,https://github.com/react-hook-form/react-hook-form/tree/414e4a749676dccc59b3d2eb908ed33549bc9adb,https://github.com/react-hook-form/react-hook-form/compare/50ced9ecebb76db3c355830aab127ac3c025db11...414e4a749676dccc59b3d2eb908ed33549bc9adb
177,ReactHookForm,12abc4d67f7595294143dae1a987abda11fec2ba,71f86a44b14ef05dfebd0fb363639ac2640b2463,2968,https://github.com/react-hook-form/react-hook-form/issues/2968,https://github.com/react-hook-form/react-hook-form/tree/12abc4d67f7595294143dae1a987abda11fec2ba,https://github.com/react-hook-form/react-hook-form/tree/71f86a44b14ef05dfebd0fb363639ac2640b2463,https://github.com/react-hook-form/react-hook-form/compare/12abc4d67f7595294143dae1a987abda11fec2ba...71f86a44b14ef05dfebd0fb363639ac2640b2463
178,ReactHookForm,71f86a44b14ef05dfebd0fb363639ac2640b2463,302a2d114418904923331ba98445816e6f5bb77d,2972,https://github.com/react-hook-form/react-hook-form/issues/2972,https://github.com/react-hook-form/react-hook-form/tree/71f86a44b14ef05dfebd0fb363639ac2640b2463,https://github.com/react-hook-form/react-hook-form/tree/302a2d114418904923331ba98445816e6f5bb77d,https://github.com/react-hook-form/react-hook-form/compare/71f86a44b14ef05dfebd0fb363639ac2640b2463...302a2d114418904923331ba98445816e6f5bb77d
179,ReactHookForm,966b48dc5290a7219c966529c8f9fddb93f48df9,bdbb8352b5c88431119135b301d83842c6d8e02d,2918,https://github.com/react-hook-form/react-hook-form/issues/2918,https://github.com/react-hook-form/react-hook-form/tree/966b48dc5290a7219c966529c8f9fddb93f48df9,https://github.com/react-hook-form/react-hook-form/tree/bdbb8352b5c88431119135b301d83842c6d8e02d,https://github.com/react-hook-form/react-hook-form/compare/966b48dc5290a7219c966529c8f9fddb93f48df9...bdbb8352b5c88431119135b301d83842c6d8e02d
180,ReactHookForm,5ed53dfd48e0cb55516d0b835d025644205439aa,357916b0536772e39500fe631811d32335b21d3f,3002,https://github.com/react-hook-form/react-hook-form/issues/3002,https://github.com/react-hook-form/react-hook-form/tree/5ed53dfd48e0cb55516d0b835d025644205439aa,https://github.com/react-hook-form/react-hook-form/tree/357916b0536772e39500fe631811d32335b21d3f,https://github.com/react-hook-form/react-hook-form/compare/5ed53dfd48e0cb55516d0b835d025644205439aa...357916b0536772e39500fe631811d32335b21d3f
181,ReactHookForm,980916960b12594017018ebdf0aec6f5c6ffd32d,0c012bb2323d6aa37ad3dc8b77cc13cc5a4c3f7b,3007,https://github.com/react-hook-form/react-hook-form/issues/3007,https://github.com/react-hook-form/react-hook-form/tree/980916960b12594017018ebdf0aec6f5c6ffd32d,https://github.com/react-hook-form/react-hook-form/tree/0c012bb2323d6aa37ad3dc8b77cc13cc5a4c3f7b,https://github.com/react-hook-form/react-hook-form/compare/980916960b12594017018ebdf0aec6f5c6ffd32d...0c012bb2323d6aa37ad3dc8b77cc13cc5a4c3f7b
182,ReactHookForm,505aea767a63e10ee4e73de307828508b4ebeb13,9fd5c5632c885522fafbdc3a8bcfcbe91db684e4,3032,https://github.com/react-hook-form/react-hook-form/issues/3032,https://github.com/react-hook-form/react-hook-form/tree/505aea767a63e10ee4e73de307828508b4ebeb13,https://github.com/react-hook-form/react-hook-form/tree/9fd5c5632c885522fafbdc3a8bcfcbe91db684e4,https://github.com/react-hook-form/react-hook-form/compare/505aea767a63e10ee4e73de307828508b4ebeb13...9fd5c5632c885522fafbdc3a8bcfcbe91db684e4
183,ReactHookForm,35b38907116dd8470390b3d72e4ef9bb13ef3391,10cc93200ba3a88dfba7a3a15785d10c6c56001d,3058,https://github.com/react-hook-form/react-hook-form/issues/3058,https://github.com/react-hook-form/react-hook-form/tree/35b38907116dd8470390b3d72e4ef9bb13ef3391,https://github.com/react-hook-form/react-hook-form/tree/10cc93200ba3a88dfba7a3a15785d10c6c56001d,https://github.com/react-hook-form/react-hook-form/compare/35b38907116dd8470390b3d72e4ef9bb13ef3391...10cc93200ba3a88dfba7a3a15785d10c6c56001d
184,ReactHookForm,889584e1f08d07bdd231352aba371059c9358c98,49455a423d67df596f0a5b1a3e89b89dfb2142eb,2938,https://github.com/react-hook-form/react-hook-form/issues/2938,https://github.com/react-hook-form/react-hook-form/tree/889584e1f08d07bdd231352aba371059c9358c98,https://github.com/react-hook-form/react-hook-form/tree/49455a423d67df596f0a5b1a3e89b89dfb2142eb,https://github.com/react-hook-form/react-hook-form/compare/889584e1f08d07bdd231352aba371059c9358c98...49455a423d67df596f0a5b1a3e89b89dfb2142eb
185,ReactHookForm,284faa0cc0bde175d3b9a3e32b59b9204e4a9c15,1990a92434a7250535d34c5be44057978595b444,2877,https://github.com/react-hook-form/react-hook-form/issues/2877,https://github.com/react-hook-form/react-hook-form/tree/284faa0cc0bde175d3b9a3e32b59b9204e4a9c15,https://github.com/react-hook-form/react-hook-form/tree/1990a92434a7250535d34c5be44057978595b444,https://github.com/react-hook-form/react-hook-form/compare/284faa0cc0bde175d3b9a3e32b59b9204e4a9c15...1990a92434a7250535d34c5be44057978595b444
186,ReactHookForm,7d506a64c4be2883f61c9f6432f6df60f0acec00,83815b7a572b3602796958401da9dfd626d79364,3154,https://github.com/react-hook-form/react-hook-form/issues/3154,https://github.com/react-hook-form/react-hook-form/tree/7d506a64c4be2883f61c9f6432f6df60f0acec00,https://github.com/react-hook-form/react-hook-form/tree/83815b7a572b3602796958401da9dfd626d79364,https://github.com/react-hook-form/react-hook-form/compare/7d506a64c4be2883f61c9f6432f6df60f0acec00...83815b7a572b3602796958401da9dfd626d79364
187,ReactHookForm,d99e485d5afc1c7ecddc4015050e03949885ae31,6396a754d7b63442836f575464a7c74dd18a895a,3085,https://github.com/react-hook-form/react-hook-form/issues/3085,https://github.com/react-hook-form/react-hook-form/tree/d99e485d5afc1c7ecddc4015050e03949885ae31,https://github.com/react-hook-form/react-hook-form/tree/6396a754d7b63442836f575464a7c74dd18a895a,https://github.com/react-hook-form/react-hook-form/compare/d99e485d5afc1c7ecddc4015050e03949885ae31...6396a754d7b63442836f575464a7c74dd18a895a
188,ReactHookForm,d99e485d5afc1c7ecddc4015050e03949885ae31,6396a754d7b63442836f575464a7c74dd18a895a,3090,https://github.com/react-hook-form/react-hook-form/issues/3090,https://github.com/react-hook-form/react-hook-form/tree/d99e485d5afc1c7ecddc4015050e03949885ae31,https://github.com/react-hook-form/react-hook-form/tree/6396a754d7b63442836f575464a7c74dd18a895a,https://github.com/react-hook-form/react-hook-form/compare/d99e485d5afc1c7ecddc4015050e03949885ae31...6396a754d7b63442836f575464a7c74dd18a895a
189,ReactHookForm,7c20e2fbdabef3e1f50493c5549b9a2dc4f37f1e,a220bbbcf35e11c42b5eb371d21ea04c8091fe66,3166,https://github.com/react-hook-form/react-hook-form/issues/3166,https://github.com/react-hook-form/react-hook-form/tree/7c20e2fbdabef3e1f50493c5549b9a2dc4f37f1e,https://github.com/react-hook-form/react-hook-form/tree/a220bbbcf35e11c42b5eb371d21ea04c8091fe66,https://github.com/react-hook-form/react-hook-form/compare/7c20e2fbdabef3e1f50493c5549b9a2dc4f37f1e...a220bbbcf35e11c42b5eb371d21ea04c8091fe66
190,ReactHookForm,65e4aa271270a9ba110994558066a6d9d457764e,f5ca6f0c0c8f87f84d29ed57dd2a949852594629,3193,https://github.com/react-hook-form/react-hook-form/issues/3193,https://github.com/react-hook-form/react-hook-form/tree/65e4aa271270a9ba110994558066a6d9d457764e,https://github.com/react-hook-form/react-hook-form/tree/f5ca6f0c0c8f87f84d29ed57dd2a949852594629,https://github.com/react-hook-form/react-hook-form/compare/65e4aa271270a9ba110994558066a6d9d457764e...f5ca6f0c0c8f87f84d29ed57dd2a949852594629
191,ReactHookForm,849871e4593507745df806ea292c9f972d139c2e,d99e485d5afc1c7ecddc4015050e03949885ae31,3082,https://github.com/react-hook-form/react-hook-form/issues/3082,https://github.com/react-hook-form/react-hook-form/tree/849871e4593507745df806ea292c9f972d139c2e,https://github.com/react-hook-form/react-hook-form/tree/d99e485d5afc1c7ecddc4015050e03949885ae31,https://github.com/react-hook-form/react-hook-form/compare/849871e4593507745df806ea292c9f972d139c2e...d99e485d5afc1c7ecddc4015050e03949885ae31
192,ReactHookForm,d8efdaa0f76657ee3aa625e49a29bd8b758c9fd5,aae3035ac73554806da33844a245fb8410456c81,3286,https://github.com/react-hook-form/react-hook-form/issues/3286,https://github.com/react-hook-form/react-hook-form/tree/d8efdaa0f76657ee3aa625e49a29bd8b758c9fd5,https://github.com/react-hook-form/react-hook-form/tree/aae3035ac73554806da33844a245fb8410456c81,https://github.com/react-hook-form/react-hook-form/compare/d8efdaa0f76657ee3aa625e49a29bd8b758c9fd5...aae3035ac73554806da33844a245fb8410456c81
193,ReactHookForm,6efd21c63ad1bc03bf3ba11e14c79472040e2882,babb99821d214e3e87d9cba55a5a77e6b8970f46,3238,https://github.com/react-hook-form/react-hook-form/issues/3238,https://github.com/react-hook-form/react-hook-form/tree/6efd21c63ad1bc03bf3ba11e14c79472040e2882,https://github.com/react-hook-form/react-hook-form/tree/babb99821d214e3e87d9cba55a5a77e6b8970f46,https://github.com/react-hook-form/react-hook-form/compare/6efd21c63ad1bc03bf3ba11e14c79472040e2882...babb99821d214e3e87d9cba55a5a77e6b8970f46
194,ReactHookForm,903acf57ce5a66c6f85f9950f389e6680ceb4472,8dc416548c56ab3909fa76a68c2ea32a6686be43,3098,https://github.com/react-hook-form/react-hook-form/issues/3098,https://github.com/react-hook-form/react-hook-form/tree/903acf57ce5a66c6f85f9950f389e6680ceb4472,https://github.com/react-hook-form/react-hook-form/tree/8dc416548c56ab3909fa76a68c2ea32a6686be43,https://github.com/react-hook-form/react-hook-form/compare/903acf57ce5a66c6f85f9950f389e6680ceb4472...8dc416548c56ab3909fa76a68c2ea32a6686be43
195,ReactHookForm,a14676ed0cd58d95ed81cf05be4e84e6646704b4,85b7b81a8e72066fa8691c9123d80c5d02df1cc3,3261,https://github.com/react-hook-form/react-hook-form/issues/3261,https://github.com/react-hook-form/react-hook-form/tree/a14676ed0cd58d95ed81cf05be4e84e6646704b4,https://github.com/react-hook-form/react-hook-form/tree/85b7b81a8e72066fa8691c9123d80c5d02df1cc3,https://github.com/react-hook-form/react-hook-form/compare/a14676ed0cd58d95ed81cf05be4e84e6646704b4...85b7b81a8e72066fa8691c9123d80c5d02df1cc3
196,ReactHookForm,06638cba641b29b9e4888009f55f0f2058c4494d,f00cac70414f50f4af4bff7056b2905b09374a41,3321,https://github.com/react-hook-form/react-hook-form/issues/3321,https://github.com/react-hook-form/react-hook-form/tree/06638cba641b29b9e4888009f55f0f2058c4494d,https://github.com/react-hook-form/react-hook-form/tree/f00cac70414f50f4af4bff7056b2905b09374a41,https://github.com/react-hook-form/react-hook-form/compare/06638cba641b29b9e4888009f55f0f2058c4494d...f00cac70414f50f4af4bff7056b2905b09374a41
197,ReactHookForm,83815b7a572b3602796958401da9dfd626d79364,ab23ec2106a1999c772ba4d74f23f965c1120cbe,3158,https://github.com/react-hook-form/react-hook-form/issues/3158,https://github.com/react-hook-form/react-hook-form/tree/83815b7a572b3602796958401da9dfd626d79364,https://github.com/react-hook-form/react-hook-form/tree/ab23ec2106a1999c772ba4d74f23f965c1120cbe,https://github.com/react-hook-form/react-hook-form/compare/83815b7a572b3602796958401da9dfd626d79364...ab23ec2106a1999c772ba4d74f23f965c1120cbe
198,ReactHookForm,f161c0c62075d518bbd16d89e0b7a5764c144bf8,fc1b55b93edc41da5f44835055a01cb806656eff,3404,https://github.com/react-hook-form/react-hook-form/issues/3404,https://github.com/react-hook-form/react-hook-form/tree/f161c0c62075d518bbd16d89e0b7a5764c144bf8,https://github.com/react-hook-form/react-hook-form/tree/fc1b55b93edc41da5f44835055a01cb806656eff,https://github.com/react-hook-form/react-hook-form/compare/f161c0c62075d518bbd16d89e0b7a5764c144bf8...fc1b55b93edc41da5f44835055a01cb806656eff
199,ReactHookForm,3b17f4dd4549c2633fb8409045805483e8876d8d,933b977a2bd19bd8b01e26a79b698c3eff7f1550,3416,https://github.com/react-hook-form/react-hook-form/issues/3416,https://github.com/react-hook-form/react-hook-form/tree/3b17f4dd4549c2633fb8409045805483e8876d8d,https://github.com/react-hook-form/react-hook-form/tree/933b977a2bd19bd8b01e26a79b698c3eff7f1550,https://github.com/react-hook-form/react-hook-form/compare/3b17f4dd4549c2633fb8409045805483e8876d8d...933b977a2bd19bd8b01e26a79b698c3eff7f1550
200,ReactHookForm,501cb0c2ca731424793bf74a078f3b05f256e002,3929d3fca0ceb2329f6b51f1e1b11435d56e1539,3440,https://github.com/react-hook-form/react-hook-form/issues/3440,https://github.com/react-hook-form/react-hook-form/tree/501cb0c2ca731424793bf74a078f3b05f256e002,https://github.com/react-hook-form/react-hook-form/tree/3929d3fca0ceb2329f6b51f1e1b11435d56e1539,https://github.com/react-hook-form/react-hook-form/compare/501cb0c2ca731424793bf74a078f3b05f256e002...3929d3fca0ceb2329f6b51f1e1b11435d56e1539
201,ReactHookForm,d4185a3d7667051e170364c9aeec95908f990e2d,11a5e352acad17a5b881d7a31afadff410c90cc5,3294,https://github.com/react-hook-form/react-hook-form/issues/3294,https://github.com/react-hook-form/react-hook-form/tree/d4185a3d7667051e170364c9aeec95908f990e2d,https://github.com/react-hook-form/react-hook-form/tree/11a5e352acad17a5b881d7a31afadff410c90cc5,https://github.com/react-hook-form/react-hook-form/compare/d4185a3d7667051e170364c9aeec95908f990e2d...11a5e352acad17a5b881d7a31afadff410c90cc5
202,ReactHookForm,6dcff1f1db3501ca852e523f28f374965fcd9ece,83c0f730aa43e2527aa75aa5dbf9b1f961f7f7c3,3508,https://github.com/react-hook-form/react-hook-form/issues/3508,https://github.com/react-hook-form/react-hook-form/tree/6dcff1f1db3501ca852e523f28f374965fcd9ece,https://github.com/react-hook-form/react-hook-form/tree/83c0f730aa43e2527aa75aa5dbf9b1f961f7f7c3,https://github.com/react-hook-form/react-hook-form/compare/6dcff1f1db3501ca852e523f28f374965fcd9ece...83c0f730aa43e2527aa75aa5dbf9b1f961f7f7c3
203,ReactHookForm,0b70662f7b52ea683097bfc169a573c44ce4ade9,8e8a2314957dad4627ee245ec89f91624c46d0a8,3539,https://github.com/react-hook-form/react-hook-form/issues/3539,https://github.com/react-hook-form/react-hook-form/tree/0b70662f7b52ea683097bfc169a573c44ce4ade9,https://github.com/react-hook-form/react-hook-form/tree/8e8a2314957dad4627ee245ec89f91624c46d0a8,https://github.com/react-hook-form/react-hook-form/compare/0b70662f7b52ea683097bfc169a573c44ce4ade9...8e8a2314957dad4627ee245ec89f91624c46d0a8
204,ReactHookForm,972b98dd45a1033893e50a18d4361fd02d99ab12,a231024e607b72be3cba3f3349c22d7cc0280e6c,3613,https://github.com/react-hook-form/react-hook-form/issues/3613,https://github.com/react-hook-form/react-hook-form/tree/972b98dd45a1033893e50a18d4361fd02d99ab12,https://github.com/react-hook-form/react-hook-form/tree/a231024e607b72be3cba3f3349c22d7cc0280e6c,https://github.com/react-hook-form/react-hook-form/compare/972b98dd45a1033893e50a18d4361fd02d99ab12...a231024e607b72be3cba3f3349c22d7cc0280e6c
205,ReactHookForm,eb8d493776230da4a07dc2c0a969c19e0fb28278,d5ae523391aef866db15be7e6b210682606986cf,3353,https://github.com/react-hook-form/react-hook-form/issues/3353,https://github.com/react-hook-form/react-hook-form/tree/eb8d493776230da4a07dc2c0a969c19e0fb28278,https://github.com/react-hook-form/react-hook-form/tree/d5ae523391aef866db15be7e6b210682606986cf,https://github.com/react-hook-form/react-hook-form/compare/eb8d493776230da4a07dc2c0a969c19e0fb28278...d5ae523391aef866db15be7e6b210682606986cf
206,ReactHookForm,5b85b07d096351f92703d2aa3bbb0901213213d1,0372ee30227272843bfe38491410a74925defe21,3450,https://github.com/react-hook-form/react-hook-form/issues/3450,https://github.com/react-hook-form/react-hook-form/tree/5b85b07d096351f92703d2aa3bbb0901213213d1,https://github.com/react-hook-form/react-hook-form/tree/0372ee30227272843bfe38491410a74925defe21,https://github.com/react-hook-form/react-hook-form/compare/5b85b07d096351f92703d2aa3bbb0901213213d1...0372ee30227272843bfe38491410a74925defe21
207,ReactHookForm,ff0ee7ae538ac9f381019bd7464ac2e6efba5ac1,9fe58e803ab5cb4fdc1711d688d6e0903de8c9fe,3696,https://github.com/react-hook-form/react-hook-form/issues/3696,https://github.com/react-hook-form/react-hook-form/tree/ff0ee7ae538ac9f381019bd7464ac2e6efba5ac1,https://github.com/react-hook-form/react-hook-form/tree/9fe58e803ab5cb4fdc1711d688d6e0903de8c9fe,https://github.com/react-hook-form/react-hook-form/compare/ff0ee7ae538ac9f381019bd7464ac2e6efba5ac1...9fe58e803ab5cb4fdc1711d688d6e0903de8c9fe
208,ReactHookForm,a231024e607b72be3cba3f3349c22d7cc0280e6c,3b880620fe2f2833501f17f15ea006d2fc0869fd,3617,https://github.com/react-hook-form/react-hook-form/issues/3617,https://github.com/react-hook-form/react-hook-form/tree/a231024e607b72be3cba3f3349c22d7cc0280e6c,https://github.com/react-hook-form/react-hook-form/tree/3b880620fe2f2833501f17f15ea006d2fc0869fd,https://github.com/react-hook-form/react-hook-form/compare/a231024e607b72be3cba3f3349c22d7cc0280e6c...3b880620fe2f2833501f17f15ea006d2fc0869fd
209,ReactHookForm,9422033ad469901cd5d34ba2868d61de79b23e35,9ccec798e7a976871ef3d8b9a742e533ed97cc40,3476,https://github.com/react-hook-form/react-hook-form/issues/3476,https://github.com/react-hook-form/react-hook-form/tree/9422033ad469901cd5d34ba2868d61de79b23e35,https://github.com/react-hook-form/react-hook-form/tree/9ccec798e7a976871ef3d8b9a742e533ed97cc40,https://github.com/react-hook-form/react-hook-form/compare/9422033ad469901cd5d34ba2868d61de79b23e35...9ccec798e7a976871ef3d8b9a742e533ed97cc40
210,ReactHookForm,25af3ea02144107f93bf457e61b812ff77afb24f,c343a3eee09be1a5e5050de166c17a4dfec4fac7,3460,https://github.com/react-hook-form/react-hook-form/issues/3460,https://github.com/react-hook-form/react-hook-form/tree/25af3ea02144107f93bf457e61b812ff77afb24f,https://github.com/react-hook-form/react-hook-form/tree/c343a3eee09be1a5e5050de166c17a4dfec4fac7,https://github.com/react-hook-form/react-hook-form/compare/25af3ea02144107f93bf457e61b812ff77afb24f...c343a3eee09be1a5e5050de166c17a4dfec4fac7
211,ReactHookForm,fc02520f2d8ee0d0d2a2bf098978584f53715faa,548ba08f79e7b23a3022254224aa4841c6473a8d,3684,https://github.com/react-hook-form/react-hook-form/issues/3684,https://github.com/react-hook-form/react-hook-form/tree/fc02520f2d8ee0d0d2a2bf098978584f53715faa,https://github.com/react-hook-form/react-hook-form/tree/548ba08f79e7b23a3022254224aa4841c6473a8d,https://github.com/react-hook-form/react-hook-form/compare/fc02520f2d8ee0d0d2a2bf098978584f53715faa...548ba08f79e7b23a3022254224aa4841c6473a8d
212,ReactHookForm,f1f1c1589223e03a5cde7530dee8b0302e42eb5f,2972780abddfcc84fb4a90ff1f44790b0e91d10c,3963,https://github.com/react-hook-form/react-hook-form/issues/3963,https://github.com/react-hook-form/react-hook-form/tree/f1f1c1589223e03a5cde7530dee8b0302e42eb5f,https://github.com/react-hook-form/react-hook-form/tree/2972780abddfcc84fb4a90ff1f44790b0e91d10c,https://github.com/react-hook-form/react-hook-form/compare/f1f1c1589223e03a5cde7530dee8b0302e42eb5f...2972780abddfcc84fb4a90ff1f44790b0e91d10c
213,ReactHookForm,2972780abddfcc84fb4a90ff1f44790b0e91d10c,beba9f749863d72aedeabbc1b8c22e62d8051bd4,3985,https://github.com/react-hook-form/react-hook-form/issues/3985,https://github.com/react-hook-form/react-hook-form/tree/2972780abddfcc84fb4a90ff1f44790b0e91d10c,https://github.com/react-hook-form/react-hook-form/tree/beba9f749863d72aedeabbc1b8c22e62d8051bd4,https://github.com/react-hook-form/react-hook-form/compare/2972780abddfcc84fb4a90ff1f44790b0e91d10c...beba9f749863d72aedeabbc1b8c22e62d8051bd4
214,ReactHookForm,16d3e460a88b661225b7a5a03717c1d165156e85,2d8530153153c34c7801bf841a0bfd3c6383a66c,3819,https://github.com/react-hook-form/react-hook-form/issues/3819,https://github.com/react-hook-form/react-hook-form/tree/16d3e460a88b661225b7a5a03717c1d165156e85,https://github.com/react-hook-form/react-hook-form/tree/2d8530153153c34c7801bf841a0bfd3c6383a66c,https://github.com/react-hook-form/react-hook-form/compare/16d3e460a88b661225b7a5a03717c1d165156e85...2d8530153153c34c7801bf841a0bfd3c6383a66c
215,ReactHookForm,413a4324da57129d69ae981c802eb6707849264b,71071d656545e914d7f91906e04255b19f5c4645,3785,https://github.com/react-hook-form/react-hook-form/issues/3785,https://github.com/react-hook-form/react-hook-form/tree/413a4324da57129d69ae981c802eb6707849264b,https://github.com/react-hook-form/react-hook-form/tree/71071d656545e914d7f91906e04255b19f5c4645,https://github.com/react-hook-form/react-hook-form/compare/413a4324da57129d69ae981c802eb6707849264b...71071d656545e914d7f91906e04255b19f5c4645
216,ReactHookForm,0a0f2bf959aff7065dee18137d6fc9f26a082644,8badc5f37e19c2bb066d17a792606f6c31a46de2,3851,https://github.com/react-hook-form/react-hook-form/issues/3851,https://github.com/react-hook-form/react-hook-form/tree/0a0f2bf959aff7065dee18137d6fc9f26a082644,https://github.com/react-hook-form/react-hook-form/tree/8badc5f37e19c2bb066d17a792606f6c31a46de2,https://github.com/react-hook-form/react-hook-form/compare/0a0f2bf959aff7065dee18137d6fc9f26a082644...8badc5f37e19c2bb066d17a792606f6c31a46de2
217,ReactHookForm,70e1562813359c08af0f10ccb00bc49c87e3d6fb,57b7d0c15863745ee647d3ad440066658a85b426,4141,https://github.com/react-hook-form/react-hook-form/issues/4141,https://github.com/react-hook-form/react-hook-form/tree/70e1562813359c08af0f10ccb00bc49c87e3d6fb,https://github.com/react-hook-form/react-hook-form/tree/57b7d0c15863745ee647d3ad440066658a85b426,https://github.com/react-hook-form/react-hook-form/compare/70e1562813359c08af0f10ccb00bc49c87e3d6fb...57b7d0c15863745ee647d3ad440066658a85b426
218,ReactHookForm,ef0f6b26c8bd3ffb838c5ea3e257d05a5b1e8f3f,0562212b9d96650eb93bd39e6a2461e54ceba87b,4019,https://github.com/react-hook-form/react-hook-form/issues/4019,https://github.com/react-hook-form/react-hook-form/tree/ef0f6b26c8bd3ffb838c5ea3e257d05a5b1e8f3f,https://github.com/react-hook-form/react-hook-form/tree/0562212b9d96650eb93bd39e6a2461e54ceba87b,https://github.com/react-hook-form/react-hook-form/compare/ef0f6b26c8bd3ffb838c5ea3e257d05a5b1e8f3f...0562212b9d96650eb93bd39e6a2461e54ceba87b
219,ReactHookForm,2d8530153153c34c7801bf841a0bfd3c6383a66c,0a0f2bf959aff7065dee18137d6fc9f26a082644,3834,https://github.com/react-hook-form/react-hook-form/issues/3834,https://github.com/react-hook-form/react-hook-form/tree/2d8530153153c34c7801bf841a0bfd3c6383a66c,https://github.com/react-hook-form/react-hook-form/tree/0a0f2bf959aff7065dee18137d6fc9f26a082644,https://github.com/react-hook-form/react-hook-form/compare/2d8530153153c34c7801bf841a0bfd3c6383a66c...0a0f2bf959aff7065dee18137d6fc9f26a082644
220,ReactHookForm,411041e36af7e00a9d59ba2424fe232bf46cfda5,9aecdf719d4527555dbda6a7730542da5aebd9af,4084,https://github.com/react-hook-form/react-hook-form/issues/4084,https://github.com/react-hook-form/react-hook-form/tree/411041e36af7e00a9d59ba2424fe232bf46cfda5,https://github.com/react-hook-form/react-hook-form/tree/9aecdf719d4527555dbda6a7730542da5aebd9af,https://github.com/react-hook-form/react-hook-form/compare/411041e36af7e00a9d59ba2424fe232bf46cfda5...9aecdf719d4527555dbda6a7730542da5aebd9af
221,ReactHookForm,97d11057cc27a9962457a21cb6a4a854f086418f,ff5f1639c091e41ee09c48c49311c4bff9ceda78,4259,https://github.com/react-hook-form/react-hook-form/issues/4259,https://github.com/react-hook-form/react-hook-form/tree/97d11057cc27a9962457a21cb6a4a854f086418f,https://github.com/react-hook-form/react-hook-form/tree/ff5f1639c091e41ee09c48c49311c4bff9ceda78,https://github.com/react-hook-form/react-hook-form/compare/97d11057cc27a9962457a21cb6a4a854f086418f...ff5f1639c091e41ee09c48c49311c4bff9ceda78
222,ReactHookForm,06c1afd900a290b14d2fd89f8d5aa78d77676f11,408b82b7b08bbd5552e776d4b9a7702ca486cc96,4582,https://github.com/react-hook-form/react-hook-form/issues/4582,https://github.com/react-hook-form/react-hook-form/tree/06c1afd900a290b14d2fd89f8d5aa78d77676f11,https://github.com/react-hook-form/react-hook-form/tree/408b82b7b08bbd5552e776d4b9a7702ca486cc96,https://github.com/react-hook-form/react-hook-form/compare/06c1afd900a290b14d2fd89f8d5aa78d77676f11...408b82b7b08bbd5552e776d4b9a7702ca486cc96
223,ReactHookForm,45e869486b97e5ff5c23be901bea7746a02a0ef9,2e7a959525726527d6abc71acc419826eed0f7fd,4219,https://github.com/react-hook-form/react-hook-form/issues/4219,https://github.com/react-hook-form/react-hook-form/tree/45e869486b97e5ff5c23be901bea7746a02a0ef9,https://github.com/react-hook-form/react-hook-form/tree/2e7a959525726527d6abc71acc419826eed0f7fd,https://github.com/react-hook-form/react-hook-form/compare/45e869486b97e5ff5c23be901bea7746a02a0ef9...2e7a959525726527d6abc71acc419826eed0f7fd
224,ReactHookForm,2dd1e37383a62f8ca4cd13a69d81364d79d1a3fc,8641343a230765830166979da2bd174e5d76aa0e,4597,https://github.com/react-hook-form/react-hook-form/issues/4597,https://github.com/react-hook-form/react-hook-form/tree/2dd1e37383a62f8ca4cd13a69d81364d79d1a3fc,https://github.com/react-hook-form/react-hook-form/tree/8641343a230765830166979da2bd174e5d76aa0e,https://github.com/react-hook-form/react-hook-form/compare/2dd1e37383a62f8ca4cd13a69d81364d79d1a3fc...8641343a230765830166979da2bd174e5d76aa0e
225,ReactHookForm,5e71e97e0bb647ea312746fc55ad5e3e2652c9a2,5fc7c9945a8822f84a332d6079ae2cc118ec5bde,4628,https://github.com/react-hook-form/react-hook-form/issues/4628,https://github.com/react-hook-form/react-hook-form/tree/5e71e97e0bb647ea312746fc55ad5e3e2652c9a2,https://github.com/react-hook-form/react-hook-form/tree/5fc7c9945a8822f84a332d6079ae2cc118ec5bde,https://github.com/react-hook-form/react-hook-form/compare/5e71e97e0bb647ea312746fc55ad5e3e2652c9a2...5fc7c9945a8822f84a332d6079ae2cc118ec5bde
226,ReactHookForm,dd93943d48d0bcdfdd2ecccb97a0972c6dfa61f9,9a23b3ff1b2e0f3a8afaef9fa11c3dfd6805ae68,4637,https://github.com/react-hook-form/react-hook-form/issues/4637,https://github.com/react-hook-form/react-hook-form/tree/dd93943d48d0bcdfdd2ecccb97a0972c6dfa61f9,https://github.com/react-hook-form/react-hook-form/tree/9a23b3ff1b2e0f3a8afaef9fa11c3dfd6805ae68,https://github.com/react-hook-form/react-hook-form/compare/dd93943d48d0bcdfdd2ecccb97a0972c6dfa61f9...9a23b3ff1b2e0f3a8afaef9fa11c3dfd6805ae68
227,ReactHookForm,e2038a3b37fd28d80e11b8ec96acfd96062f99e0,17788756bbdabf3121edcb96ada1e8e465ba5076,4582,https://github.com/react-hook-form/react-hook-form/issues/4582,https://github.com/react-hook-form/react-hook-form/tree/e2038a3b37fd28d80e11b8ec96acfd96062f99e0,https://github.com/react-hook-form/react-hook-form/tree/17788756bbdabf3121edcb96ada1e8e465ba5076,https://github.com/react-hook-form/react-hook-form/compare/e2038a3b37fd28d80e11b8ec96acfd96062f99e0...17788756bbdabf3121edcb96ada1e8e465ba5076
228,ReactHookForm,4c2de885cd7dd20c22304238c22b23b6a8452a83,060d5f581f63080cee2701e1e5d21076a0ef0dda,4627,https://github.com/react-hook-form/react-hook-form/issues/4627,https://github.com/react-hook-form/react-hook-form/tree/4c2de885cd7dd20c22304238c22b23b6a8452a83,https://github.com/react-hook-form/react-hook-form/tree/060d5f581f63080cee2701e1e5d21076a0ef0dda,https://github.com/react-hook-form/react-hook-form/compare/4c2de885cd7dd20c22304238c22b23b6a8452a83...060d5f581f63080cee2701e1e5d21076a0ef0dda
229,ReactHookForm,c67d145fdd123f9e197a22140cf27fd8f4d4c247,97d11057cc27a9962457a21cb6a4a854f086418f,4260,https://github.com/react-hook-form/react-hook-form/issues/4260,https://github.com/react-hook-form/react-hook-form/tree/c67d145fdd123f9e197a22140cf27fd8f4d4c247,https://github.com/react-hook-form/react-hook-form/tree/97d11057cc27a9962457a21cb6a4a854f086418f,https://github.com/react-hook-form/react-hook-form/compare/c67d145fdd123f9e197a22140cf27fd8f4d4c247...97d11057cc27a9962457a21cb6a4a854f086418f
230,ReactHookForm,4dcf12ab4659f30d0a51fbeca798a1dd67937e8d,48db9ea9240519c0cdb43604a1af6b870fc10e21,4251,https://github.com/react-hook-form/react-hook-form/issues/4251,https://github.com/react-hook-form/react-hook-form/tree/4dcf12ab4659f30d0a51fbeca798a1dd67937e8d,https://github.com/react-hook-form/react-hook-form/tree/48db9ea9240519c0cdb43604a1af6b870fc10e21,https://github.com/react-hook-form/react-hook-form/compare/4dcf12ab4659f30d0a51fbeca798a1dd67937e8d...48db9ea9240519c0cdb43604a1af6b870fc10e21
231,ReactHookForm,68bcf0b753a9652a165fd727aaebbf028f4965e7,9cc71596f952e5ec5d3b8e1d3b546857b5062d8f,4679,https://github.com/react-hook-form/react-hook-form/issues/4679,https://github.com/react-hook-form/react-hook-form/tree/68bcf0b753a9652a165fd727aaebbf028f4965e7,https://github.com/react-hook-form/react-hook-form/tree/9cc71596f952e5ec5d3b8e1d3b546857b5062d8f,https://github.com/react-hook-form/react-hook-form/compare/68bcf0b753a9652a165fd727aaebbf028f4965e7...9cc71596f952e5ec5d3b8e1d3b546857b5062d8f
232,ReactHookForm,ade99c36c194f0a889b34a70fb2cf8a514be8d7c,a8dd2352c7055dc0d8b45eaff1b01f149dea2e79,4703,https://github.com/react-hook-form/react-hook-form/issues/4703,https://github.com/react-hook-form/react-hook-form/tree/ade99c36c194f0a889b34a70fb2cf8a514be8d7c,https://github.com/react-hook-form/react-hook-form/tree/a8dd2352c7055dc0d8b45eaff1b01f149dea2e79,https://github.com/react-hook-form/react-hook-form/compare/ade99c36c194f0a889b34a70fb2cf8a514be8d7c...a8dd2352c7055dc0d8b45eaff1b01f149dea2e79
233,ReactHookForm,56f8105ffc215bcdf02bcad92030fceede2748f9,9555d16fbf409f7bd84f369c81ccc6f5acef8479,4476,https://github.com/react-hook-form/react-hook-form/issues/4476,https://github.com/react-hook-form/react-hook-form/tree/56f8105ffc215bcdf02bcad92030fceede2748f9,https://github.com/react-hook-form/react-hook-form/tree/9555d16fbf409f7bd84f369c81ccc6f5acef8479,https://github.com/react-hook-form/react-hook-form/compare/56f8105ffc215bcdf02bcad92030fceede2748f9...9555d16fbf409f7bd84f369c81ccc6f5acef8479
234,ReactHookForm,56f8105ffc215bcdf02bcad92030fceede2748f9,9555d16fbf409f7bd84f369c81ccc6f5acef8479,4486,https://github.com/react-hook-form/react-hook-form/issues/4486,https://github.com/react-hook-form/react-hook-form/tree/56f8105ffc215bcdf02bcad92030fceede2748f9,https://github.com/react-hook-form/react-hook-form/tree/9555d16fbf409f7bd84f369c81ccc6f5acef8479,https://github.com/react-hook-form/react-hook-form/compare/56f8105ffc215bcdf02bcad92030fceede2748f9...9555d16fbf409f7bd84f369c81ccc6f5acef8479
235,ReactHookForm,56f8105ffc215bcdf02bcad92030fceede2748f9,9555d16fbf409f7bd84f369c81ccc6f5acef8479,4496,https://github.com/react-hook-form/react-hook-form/issues/4496,https://github.com/react-hook-form/react-hook-form/tree/56f8105ffc215bcdf02bcad92030fceede2748f9,https://github.com/react-hook-form/react-hook-form/tree/9555d16fbf409f7bd84f369c81ccc6f5acef8479,https://github.com/react-hook-form/react-hook-form/compare/56f8105ffc215bcdf02bcad92030fceede2748f9...9555d16fbf409f7bd84f369c81ccc6f5acef8479
236,ReactHookForm,9a23b3ff1b2e0f3a8afaef9fa11c3dfd6805ae68,4c2de885cd7dd20c22304238c22b23b6a8452a83,4617,https://github.com/react-hook-form/react-hook-form/issues/4617,https://github.com/react-hook-form/react-hook-form/tree/9a23b3ff1b2e0f3a8afaef9fa11c3dfd6805ae68,https://github.com/react-hook-form/react-hook-form/tree/4c2de885cd7dd20c22304238c22b23b6a8452a83,https://github.com/react-hook-form/react-hook-form/compare/9a23b3ff1b2e0f3a8afaef9fa11c3dfd6805ae68...4c2de885cd7dd20c22304238c22b23b6a8452a83
237,ReactHookForm,8ac435aee0d07a22c66b185afa628da4cd3b8dfa,8ea61621ddf2be692394fd09f0d20faa2bb13f35,4752,https://github.com/react-hook-form/react-hook-form/issues/4752,https://github.com/react-hook-form/react-hook-form/tree/8ac435aee0d07a22c66b185afa628da4cd3b8dfa,https://github.com/react-hook-form/react-hook-form/tree/8ea61621ddf2be692394fd09f0d20faa2bb13f35,https://github.com/react-hook-form/react-hook-form/compare/8ac435aee0d07a22c66b185afa628da4cd3b8dfa...8ea61621ddf2be692394fd09f0d20faa2bb13f35
238,ReactHookForm,8fd5b84e409689dcdf7a38e4441d6639620bf471,6e69f56f47d03fc3c5502fdea1abaf1c078a0062,4772,https://github.com/react-hook-form/react-hook-form/issues/4772,https://github.com/react-hook-form/react-hook-form/tree/8fd5b84e409689dcdf7a38e4441d6639620bf471,https://github.com/react-hook-form/react-hook-form/tree/6e69f56f47d03fc3c5502fdea1abaf1c078a0062,https://github.com/react-hook-form/react-hook-form/compare/8fd5b84e409689dcdf7a38e4441d6639620bf471...6e69f56f47d03fc3c5502fdea1abaf1c078a0062
239,ReactHookForm,14ab15d2dc2b09120c8efa0edfc0d3db79b24f16,8fd5b84e409689dcdf7a38e4441d6639620bf471,4762,https://github.com/react-hook-form/react-hook-form/issues/4762,https://github.com/react-hook-form/react-hook-form/tree/14ab15d2dc2b09120c8efa0edfc0d3db79b24f16,https://github.com/react-hook-form/react-hook-form/tree/8fd5b84e409689dcdf7a38e4441d6639620bf471,https://github.com/react-hook-form/react-hook-form/compare/14ab15d2dc2b09120c8efa0edfc0d3db79b24f16...8fd5b84e409689dcdf7a38e4441d6639620bf471
240,ReactHookForm,4084f89cb8c7ed21bf2fb54ea10428bad82f5ccc,c6efc894656cf813fe423a8e63bbb0350a9294a6,4830,https://github.com/react-hook-form/react-hook-form/issues/4830,https://github.com/react-hook-form/react-hook-form/tree/4084f89cb8c7ed21bf2fb54ea10428bad82f5ccc,https://github.com/react-hook-form/react-hook-form/tree/c6efc894656cf813fe423a8e63bbb0350a9294a6,https://github.com/react-hook-form/react-hook-form/compare/4084f89cb8c7ed21bf2fb54ea10428bad82f5ccc...c6efc894656cf813fe423a8e63bbb0350a9294a6
241,ReactHookForm,f3667fb8e52347057816ec29436916b245aedac9,8a5550e1ca1116d3f59616cab52ec68b058f7c2c,4653,https://github.com/react-hook-form/react-hook-form/issues/4653,https://github.com/react-hook-form/react-hook-form/tree/f3667fb8e52347057816ec29436916b245aedac9,https://github.com/react-hook-form/react-hook-form/tree/8a5550e1ca1116d3f59616cab52ec68b058f7c2c,https://github.com/react-hook-form/react-hook-form/compare/f3667fb8e52347057816ec29436916b245aedac9...8a5550e1ca1116d3f59616cab52ec68b058f7c2c
242,ReactHookForm,8a5550e1ca1116d3f59616cab52ec68b058f7c2c,538b1d244d4f028e41eb5168b5aaedc4500c0dfd,4653,https://github.com/react-hook-form/react-hook-form/issues/4653,https://github.com/react-hook-form/react-hook-form/tree/8a5550e1ca1116d3f59616cab52ec68b058f7c2c,https://github.com/react-hook-form/react-hook-form/tree/538b1d244d4f028e41eb5168b5aaedc4500c0dfd,https://github.com/react-hook-form/react-hook-form/compare/8a5550e1ca1116d3f59616cab52ec68b058f7c2c...538b1d244d4f028e41eb5168b5aaedc4500c0dfd
243,ReactHookForm,a8dd2352c7055dc0d8b45eaff1b01f149dea2e79,6121db0563e1246e0e8066be7a792d2e31e90594,4705,https://github.com/react-hook-form/react-hook-form/issues/4705,https://github.com/react-hook-form/react-hook-form/tree/a8dd2352c7055dc0d8b45eaff1b01f149dea2e79,https://github.com/react-hook-form/react-hook-form/tree/6121db0563e1246e0e8066be7a792d2e31e90594,https://github.com/react-hook-form/react-hook-form/compare/a8dd2352c7055dc0d8b45eaff1b01f149dea2e79...6121db0563e1246e0e8066be7a792d2e31e90594
244,ReactHookForm,a0d3018662ea76497cc19a624b50b1a051533462,a66f250d179b51c032f237da0c10fc829faf2538,4795,https://github.com/react-hook-form/react-hook-form/issues/4795,https://github.com/react-hook-form/react-hook-form/tree/a0d3018662ea76497cc19a624b50b1a051533462,https://github.com/react-hook-form/react-hook-form/tree/a66f250d179b51c032f237da0c10fc829faf2538,https://github.com/react-hook-form/react-hook-form/compare/a0d3018662ea76497cc19a624b50b1a051533462...a66f250d179b51c032f237da0c10fc829faf2538
245,ReactHookForm,f917e1e805bc3c0fe49857995529c3f8611cfa66,009306263cd499a83e7de32638bb8cdcf661b903,4929,https://github.com/react-hook-form/react-hook-form/issues/4929,https://github.com/react-hook-form/react-hook-form/tree/f917e1e805bc3c0fe49857995529c3f8611cfa66,https://github.com/react-hook-form/react-hook-form/tree/009306263cd499a83e7de32638bb8cdcf661b903,https://github.com/react-hook-form/react-hook-form/compare/f917e1e805bc3c0fe49857995529c3f8611cfa66...009306263cd499a83e7de32638bb8cdcf661b903
246,ReactHookForm,f27baaa75735f255084cded6b219516f5fd2dd8f,f917e1e805bc3c0fe49857995529c3f8611cfa66,4912,https://github.com/react-hook-form/react-hook-form/issues/4912,https://github.com/react-hook-form/react-hook-form/tree/f27baaa75735f255084cded6b219516f5fd2dd8f,https://github.com/react-hook-form/react-hook-form/tree/f917e1e805bc3c0fe49857995529c3f8611cfa66,https://github.com/react-hook-form/react-hook-form/compare/f27baaa75735f255084cded6b219516f5fd2dd8f...f917e1e805bc3c0fe49857995529c3f8611cfa66
247,ReactHookForm,ce3058e29f96b399d8c71ee14e6fc1b94d84dea8,65520033b2e838dc0f42921c28efa00f956dcf54,4966,https://github.com/react-hook-form/react-hook-form/issues/4966,https://github.com/react-hook-form/react-hook-form/tree/ce3058e29f96b399d8c71ee14e6fc1b94d84dea8,https://github.com/react-hook-form/react-hook-form/tree/65520033b2e838dc0f42921c28efa00f956dcf54,https://github.com/react-hook-form/react-hook-form/compare/ce3058e29f96b399d8c71ee14e6fc1b94d84dea8...65520033b2e838dc0f42921c28efa00f956dcf54
248,ReactHookForm,3c774534083e1b6f8d2f5ef7b65690ef380c6122,8a12b659c98c8a921422bf906288e2087a90344e,5027,https://github.com/react-hook-form/react-hook-form/issues/5027,https://github.com/react-hook-form/react-hook-form/tree/3c774534083e1b6f8d2f5ef7b65690ef380c6122,https://github.com/react-hook-form/react-hook-form/tree/8a12b659c98c8a921422bf906288e2087a90344e,https://github.com/react-hook-form/react-hook-form/compare/3c774534083e1b6f8d2f5ef7b65690ef380c6122...8a12b659c98c8a921422bf906288e2087a90344e
249,ReactHookForm,55a799bd2a79671ba82b76e3db283d3dc120d470,0c7b388cc7344173f9f34ea3fd91c89adbfcfa4c,5051,https://github.com/react-hook-form/react-hook-form/issues/5051,https://github.com/react-hook-form/react-hook-form/tree/55a799bd2a79671ba82b76e3db283d3dc120d470,https://github.com/react-hook-form/react-hook-form/tree/0c7b388cc7344173f9f34ea3fd91c89adbfcfa4c,https://github.com/react-hook-form/react-hook-form/compare/55a799bd2a79671ba82b76e3db283d3dc120d470...0c7b388cc7344173f9f34ea3fd91c89adbfcfa4c
250,ReactHookForm,e8e64192973ece2353bbf1050c454e09de5ec967,e609c5685f9d6ed79e42487106f3db6e5fd5ae35,5053,https://github.com/react-hook-form/react-hook-form/issues/5053,https://github.com/react-hook-form/react-hook-form/tree/e8e64192973ece2353bbf1050c454e09de5ec967,https://github.com/react-hook-form/react-hook-form/tree/e609c5685f9d6ed79e42487106f3db6e5fd5ae35,https://github.com/react-hook-form/react-hook-form/compare/e8e64192973ece2353bbf1050c454e09de5ec967...e609c5685f9d6ed79e42487106f3db6e5fd5ae35
251,ReactHookForm,5c993734a8dfc072f0dc564e54ba8e7787217363,84e5a3d29a9b465af8ab13fd349239757c4e62c7,4864,https://github.com/react-hook-form/react-hook-form/issues/4864,https://github.com/react-hook-form/react-hook-form/tree/5c993734a8dfc072f0dc564e54ba8e7787217363,https://github.com/react-hook-form/react-hook-form/tree/84e5a3d29a9b465af8ab13fd349239757c4e62c7,https://github.com/react-hook-form/react-hook-form/compare/5c993734a8dfc072f0dc564e54ba8e7787217363...84e5a3d29a9b465af8ab13fd349239757c4e62c7
252,ReactHookForm,9bda5110fe98883f9e34e83a85495db128dda2df,10f36259b7f2aeb81ce823dcc95f02d5aaaa6cc3,4947,https://github.com/react-hook-form/react-hook-form/issues/4947,https://github.com/react-hook-form/react-hook-form/tree/9bda5110fe98883f9e34e83a85495db128dda2df,https://github.com/react-hook-form/react-hook-form/tree/10f36259b7f2aeb81ce823dcc95f02d5aaaa6cc3,https://github.com/react-hook-form/react-hook-form/compare/9bda5110fe98883f9e34e83a85495db128dda2df...10f36259b7f2aeb81ce823dcc95f02d5aaaa6cc3
253,ReactHookForm,75fe5d7bba72f15c931d0a350c8bde6aa8c1aef2,866e1f1dd626fd9848e4bbef3f79a84424fe1aae,4859,https://github.com/react-hook-form/react-hook-form/issues/4859,https://github.com/react-hook-form/react-hook-form/tree/75fe5d7bba72f15c931d0a350c8bde6aa8c1aef2,https://github.com/react-hook-form/react-hook-form/tree/866e1f1dd626fd9848e4bbef3f79a84424fe1aae,https://github.com/react-hook-form/react-hook-form/compare/75fe5d7bba72f15c931d0a350c8bde6aa8c1aef2...866e1f1dd626fd9848e4bbef3f79a84424fe1aae
254,ReactHookForm,a85d415c473518012f1e1d73e29c047177165c87,0e20b48a80ba714bd10f0fe0519e9835dfe21443,5262,https://github.com/react-hook-form/react-hook-form/issues/5262,https://github.com/react-hook-form/react-hook-form/tree/a85d415c473518012f1e1d73e29c047177165c87,https://github.com/react-hook-form/react-hook-form/tree/0e20b48a80ba714bd10f0fe0519e9835dfe21443,https://github.com/react-hook-form/react-hook-form/compare/a85d415c473518012f1e1d73e29c047177165c87...0e20b48a80ba714bd10f0fe0519e9835dfe21443
255,ReactHookForm,16b1c40229f01c8480afd629be8ae691254daa3f,6ef134561d60c9f85ec31250ed3cba1d90202090,5262,https://github.com/react-hook-form/react-hook-form/issues/5262,https://github.com/react-hook-form/react-hook-form/tree/16b1c40229f01c8480afd629be8ae691254daa3f,https://github.com/react-hook-form/react-hook-form/tree/6ef134561d60c9f85ec31250ed3cba1d90202090,https://github.com/react-hook-form/react-hook-form/compare/16b1c40229f01c8480afd629be8ae691254daa3f...6ef134561d60c9f85ec31250ed3cba1d90202090
256,ReactHookForm,e6c8a613f1923b21df3c61f412b4deaab15f96e5,3c774534083e1b6f8d2f5ef7b65690ef380c6122,5027,https://github.com/react-hook-form/react-hook-form/issues/5027,https://github.com/react-hook-form/react-hook-form/tree/e6c8a613f1923b21df3c61f412b4deaab15f96e5,https://github.com/react-hook-form/react-hook-form/tree/3c774534083e1b6f8d2f5ef7b65690ef380c6122,https://github.com/react-hook-form/react-hook-form/compare/e6c8a613f1923b21df3c61f412b4deaab15f96e5...3c774534083e1b6f8d2f5ef7b65690ef380c6122
257,ReactHookForm,5ec15980264088af0bf3b4b2f12827fc3ab6043c,153cf98134243314d7d565ad6a2833ba9cbc512b,5300,https://github.com/react-hook-form/react-hook-form/issues/5300,https://github.com/react-hook-form/react-hook-form/tree/5ec15980264088af0bf3b4b2f12827fc3ab6043c,https://github.com/react-hook-form/react-hook-form/tree/153cf98134243314d7d565ad6a2833ba9cbc512b,https://github.com/react-hook-form/react-hook-form/compare/5ec15980264088af0bf3b4b2f12827fc3ab6043c...153cf98134243314d7d565ad6a2833ba9cbc512b
258,ReactHookForm,9ca5477f7b112fd9573466e50444e6d27d0163be,cfbf3e1b0798e08c41d71c427c5f70dd538b2eda,5300,https://github.com/react-hook-form/react-hook-form/issues/5300,https://github.com/react-hook-form/react-hook-form/tree/9ca5477f7b112fd9573466e50444e6d27d0163be,https://github.com/react-hook-form/react-hook-form/tree/cfbf3e1b0798e08c41d71c427c5f70dd538b2eda,https://github.com/react-hook-form/react-hook-form/compare/9ca5477f7b112fd9573466e50444e6d27d0163be...cfbf3e1b0798e08c41d71c427c5f70dd538b2eda
259,ReactHookForm,d50c330bf8e40c140c9ff43d2c37a221c4305d64,00df23891e72e4225a7d07793c0282127300dd61,5229,https://github.com/react-hook-form/react-hook-form/issues/5229,https://github.com/react-hook-form/react-hook-form/tree/d50c330bf8e40c140c9ff43d2c37a221c4305d64,https://github.com/react-hook-form/react-hook-form/tree/00df23891e72e4225a7d07793c0282127300dd61,https://github.com/react-hook-form/react-hook-form/compare/d50c330bf8e40c140c9ff43d2c37a221c4305d64...00df23891e72e4225a7d07793c0282127300dd61
260,ReactHookForm,6ef134561d60c9f85ec31250ed3cba1d90202090,dd821f6a5e067b04e8df8cd2537cfd6f1e612433,5276,https://github.com/react-hook-form/react-hook-form/issues/5276,https://github.com/react-hook-form/react-hook-form/tree/6ef134561d60c9f85ec31250ed3cba1d90202090,https://github.com/react-hook-form/react-hook-form/tree/dd821f6a5e067b04e8df8cd2537cfd6f1e612433,https://github.com/react-hook-form/react-hook-form/compare/6ef134561d60c9f85ec31250ed3cba1d90202090...dd821f6a5e067b04e8df8cd2537cfd6f1e612433
261,ReactHookForm,0e20b48a80ba714bd10f0fe0519e9835dfe21443,27f5c4caf26d6f252cfb1279b4efb5fca2b988be,5246,https://github.com/react-hook-form/react-hook-form/issues/5246,https://github.com/react-hook-form/react-hook-form/tree/0e20b48a80ba714bd10f0fe0519e9835dfe21443,https://github.com/react-hook-form/react-hook-form/tree/27f5c4caf26d6f252cfb1279b4efb5fca2b988be,https://github.com/react-hook-form/react-hook-form/compare/0e20b48a80ba714bd10f0fe0519e9835dfe21443...27f5c4caf26d6f252cfb1279b4efb5fca2b988be
262,ReactHookForm,600e2af592ef73681898755679a5c3d3dcd0f917,f0862f4a0b8e7e1cfbd20dfed38c3d6c4b0af84d,5382,https://github.com/react-hook-form/react-hook-form/issues/5382,https://github.com/react-hook-form/react-hook-form/tree/600e2af592ef73681898755679a5c3d3dcd0f917,https://github.com/react-hook-form/react-hook-form/tree/f0862f4a0b8e7e1cfbd20dfed38c3d6c4b0af84d,https://github.com/react-hook-form/react-hook-form/compare/600e2af592ef73681898755679a5c3d3dcd0f917...f0862f4a0b8e7e1cfbd20dfed38c3d6c4b0af84d
263,ReactHookForm,fc5778fa30f204117bdaeba64a46428e9b67130a,99175a0dbb11271e5da5505ffacf04b2445909b3,5499,https://github.com/react-hook-form/react-hook-form/issues/5499,https://github.com/react-hook-form/react-hook-form/tree/fc5778fa30f204117bdaeba64a46428e9b67130a,https://github.com/react-hook-form/react-hook-form/tree/99175a0dbb11271e5da5505ffacf04b2445909b3,https://github.com/react-hook-form/react-hook-form/compare/fc5778fa30f204117bdaeba64a46428e9b67130a...99175a0dbb11271e5da5505ffacf04b2445909b3
264,ReactHookForm,60390616d5b4c292ab248fecfc84f7a4a85c53b0,2a454a92d1c63a0d0102569542cf6490518722f8,5361,https://github.com/react-hook-form/react-hook-form/issues/5361,https://github.com/react-hook-form/react-hook-form/tree/60390616d5b4c292ab248fecfc84f7a4a85c53b0,https://github.com/react-hook-form/react-hook-form/tree/2a454a92d1c63a0d0102569542cf6490518722f8,https://github.com/react-hook-form/react-hook-form/compare/60390616d5b4c292ab248fecfc84f7a4a85c53b0...2a454a92d1c63a0d0102569542cf6490518722f8
265,ReactHookForm,b3059cb3d1c97744eec8bf29c7c8cab9308f7dd7,21fd751ade266c94416e4411987f63faf2c2632a,5366,https://github.com/react-hook-form/react-hook-form/issues/5366,https://github.com/react-hook-form/react-hook-form/tree/b3059cb3d1c97744eec8bf29c7c8cab9308f7dd7,https://github.com/react-hook-form/react-hook-form/tree/21fd751ade266c94416e4411987f63faf2c2632a,https://github.com/react-hook-form/react-hook-form/compare/b3059cb3d1c97744eec8bf29c7c8cab9308f7dd7...21fd751ade266c94416e4411987f63faf2c2632a
266,ReactHookForm,9d52e11bbfddb18e2c0f086ddd4f9bd48ff570ec,43152afc3c253ced9533a62eb0554073be63162e,5568,https://github.com/react-hook-form/react-hook-form/issues/5568,https://github.com/react-hook-form/react-hook-form/tree/9d52e11bbfddb18e2c0f086ddd4f9bd48ff570ec,https://github.com/react-hook-form/react-hook-form/tree/43152afc3c253ced9533a62eb0554073be63162e,https://github.com/react-hook-form/react-hook-form/compare/9d52e11bbfddb18e2c0f086ddd4f9bd48ff570ec...43152afc3c253ced9533a62eb0554073be63162e
267,ReactHookForm,3d27596cacb4b71e2c0aaf477a1a9a02ce01c00e,600e2af592ef73681898755679a5c3d3dcd0f917,5379,https://github.com/react-hook-form/react-hook-form/issues/5379,https://github.com/react-hook-form/react-hook-form/tree/3d27596cacb4b71e2c0aaf477a1a9a02ce01c00e,https://github.com/react-hook-form/react-hook-form/tree/600e2af592ef73681898755679a5c3d3dcd0f917,https://github.com/react-hook-form/react-hook-form/compare/3d27596cacb4b71e2c0aaf477a1a9a02ce01c00e...600e2af592ef73681898755679a5c3d3dcd0f917
268,ReactHookForm,3935f1b15ee1fd8ff46c2d4ed70817105942a8c8,8391fb11466512178461792061ea42b3a964835f,5555,https://github.com/react-hook-form/react-hook-form/issues/5555,https://github.com/react-hook-form/react-hook-form/tree/3935f1b15ee1fd8ff46c2d4ed70817105942a8c8,https://github.com/react-hook-form/react-hook-form/tree/8391fb11466512178461792061ea42b3a964835f,https://github.com/react-hook-form/react-hook-form/compare/3935f1b15ee1fd8ff46c2d4ed70817105942a8c8...8391fb11466512178461792061ea42b3a964835f
269,ReactHookForm,fd7664c459a62cf2e1d3d580187d049fc82685ce,6290d87df546bfbd38a6cc0204c457cca5c47856,5538,https://github.com/react-hook-form/react-hook-form/issues/5538,https://github.com/react-hook-form/react-hook-form/tree/fd7664c459a62cf2e1d3d580187d049fc82685ce,https://github.com/react-hook-form/react-hook-form/tree/6290d87df546bfbd38a6cc0204c457cca5c47856,https://github.com/react-hook-form/react-hook-form/compare/fd7664c459a62cf2e1d3d580187d049fc82685ce...6290d87df546bfbd38a6cc0204c457cca5c47856
270,ReactHookForm,42663a2cbca6f3b7a253f92e23c920f24ff3c650,c41511fa10ffad75b95f5e054b58492dc87113d5,5492,https://github.com/react-hook-form/react-hook-form/issues/5492,https://github.com/react-hook-form/react-hook-form/tree/42663a2cbca6f3b7a253f92e23c920f24ff3c650,https://github.com/react-hook-form/react-hook-form/tree/c41511fa10ffad75b95f5e054b58492dc87113d5,https://github.com/react-hook-form/react-hook-form/compare/42663a2cbca6f3b7a253f92e23c920f24ff3c650...c41511fa10ffad75b95f5e054b58492dc87113d5
271,ReactHookForm,85c60610006b606669d59d42212f18d361c84d3a,420a43c584088a5ec3a3f1339105a80cbdf4ece0,5507,https://github.com/react-hook-form/react-hook-form/issues/5507,https://github.com/react-hook-form/react-hook-form/tree/85c60610006b606669d59d42212f18d361c84d3a,https://github.com/react-hook-form/react-hook-form/tree/420a43c584088a5ec3a3f1339105a80cbdf4ece0,https://github.com/react-hook-form/react-hook-form/compare/85c60610006b606669d59d42212f18d361c84d3a...420a43c584088a5ec3a3f1339105a80cbdf4ece0
272,ReactHookForm,43152afc3c253ced9533a62eb0554073be63162e,3935f1b15ee1fd8ff46c2d4ed70817105942a8c8,5566,https://github.com/react-hook-form/react-hook-form/issues/5566,https://github.com/react-hook-form/react-hook-form/tree/43152afc3c253ced9533a62eb0554073be63162e,https://github.com/react-hook-form/react-hook-form/tree/3935f1b15ee1fd8ff46c2d4ed70817105942a8c8,https://github.com/react-hook-form/react-hook-form/compare/43152afc3c253ced9533a62eb0554073be63162e...3935f1b15ee1fd8ff46c2d4ed70817105942a8c8
273,ReactHookForm,cd19090a7ff40d82b52265ac9972efbf33a74c8a,5af34935e9fbb81e42d7af32a0aafbd5a5942789,5627,https://github.com/react-hook-form/react-hook-form/issues/5627,https://github.com/react-hook-form/react-hook-form/tree/cd19090a7ff40d82b52265ac9972efbf33a74c8a,https://github.com/react-hook-form/react-hook-form/tree/5af34935e9fbb81e42d7af32a0aafbd5a5942789,https://github.com/react-hook-form/react-hook-form/compare/cd19090a7ff40d82b52265ac9972efbf33a74c8a...5af34935e9fbb81e42d7af32a0aafbd5a5942789
274,ReactHookForm,cfd042ea91f8c6c89907d2e5415894891e8e1e8c,6a3787ab6d13dd7a9f2a8ae60f7e61e21770d8ea,5612,https://github.com/react-hook-form/react-hook-form/issues/5612,https://github.com/react-hook-form/react-hook-form/tree/cfd042ea91f8c6c89907d2e5415894891e8e1e8c,https://github.com/react-hook-form/react-hook-form/tree/6a3787ab6d13dd7a9f2a8ae60f7e61e21770d8ea,https://github.com/react-hook-form/react-hook-form/compare/cfd042ea91f8c6c89907d2e5415894891e8e1e8c...6a3787ab6d13dd7a9f2a8ae60f7e61e21770d8ea
275,ReactHookForm,773ba25cad30174193b16aae96869fdb9d0c52de,08f2d3aeb4d867e59b4a23f1f2c1921b12c6d180,5623,https://github.com/react-hook-form/react-hook-form/issues/5623,https://github.com/react-hook-form/react-hook-form/tree/773ba25cad30174193b16aae96869fdb9d0c52de,https://github.com/react-hook-form/react-hook-form/tree/08f2d3aeb4d867e59b4a23f1f2c1921b12c6d180,https://github.com/react-hook-form/react-hook-form/compare/773ba25cad30174193b16aae96869fdb9d0c52de...08f2d3aeb4d867e59b4a23f1f2c1921b12c6d180
276,ReactHookForm,d78f91a731c39c35c2306fba574487640ab9ef3d,a3e1a661408333593e7a038df5eaf52a9c4e3ec3,5699,https://github.com/react-hook-form/react-hook-form/issues/5699,https://github.com/react-hook-form/react-hook-form/tree/d78f91a731c39c35c2306fba574487640ab9ef3d,https://github.com/react-hook-form/react-hook-form/tree/a3e1a661408333593e7a038df5eaf52a9c4e3ec3,https://github.com/react-hook-form/react-hook-form/compare/d78f91a731c39c35c2306fba574487640ab9ef3d...a3e1a661408333593e7a038df5eaf52a9c4e3ec3
277,ReactHookForm,2d9728edb125855ec641c944d9a7807e4b4659a9,d6d1a8461155e9c7a44d1db50f082b7881e1f0f1,5911,https://github.com/react-hook-form/react-hook-form/issues/5911,https://github.com/react-hook-form/react-hook-form/tree/2d9728edb125855ec641c944d9a7807e4b4659a9,https://github.com/react-hook-form/react-hook-form/tree/d6d1a8461155e9c7a44d1db50f082b7881e1f0f1,https://github.com/react-hook-form/react-hook-form/compare/2d9728edb125855ec641c944d9a7807e4b4659a9...d6d1a8461155e9c7a44d1db50f082b7881e1f0f1
278,ReactHookForm,f56a3f84c31c5a5074c45e54fbf896accdb57cef,9381fd00a8c49ee8765aa1d90325eda9b530c9b5,5942,https://github.com/react-hook-form/react-hook-form/issues/5942,https://github.com/react-hook-form/react-hook-form/tree/f56a3f84c31c5a5074c45e54fbf896accdb57cef,https://github.com/react-hook-form/react-hook-form/tree/9381fd00a8c49ee8765aa1d90325eda9b530c9b5,https://github.com/react-hook-form/react-hook-form/compare/f56a3f84c31c5a5074c45e54fbf896accdb57cef...9381fd00a8c49ee8765aa1d90325eda9b530c9b5
279,ReactHookForm,bb1fbf238bcb9d4e3b63851851ac2d86628a1938,e32797b2c752a338eea4011085fb00055e7c6a0a,6052,https://github.com/react-hook-form/react-hook-form/issues/6052,https://github.com/react-hook-form/react-hook-form/tree/bb1fbf238bcb9d4e3b63851851ac2d86628a1938,https://github.com/react-hook-form/react-hook-form/tree/e32797b2c752a338eea4011085fb00055e7c6a0a,https://github.com/react-hook-form/react-hook-form/compare/bb1fbf238bcb9d4e3b63851851ac2d86628a1938...e32797b2c752a338eea4011085fb00055e7c6a0a
280,ReactHookForm,536c647ca0131e86bea4b554e27dc5d9b1717906,e1ddec71e1f5e5b50ac3028bc0aed713184bd58a,5661,https://github.com/react-hook-form/react-hook-form/issues/5661,https://github.com/react-hook-form/react-hook-form/tree/536c647ca0131e86bea4b554e27dc5d9b1717906,https://github.com/react-hook-form/react-hook-form/tree/e1ddec71e1f5e5b50ac3028bc0aed713184bd58a,https://github.com/react-hook-form/react-hook-form/compare/536c647ca0131e86bea4b554e27dc5d9b1717906...e1ddec71e1f5e5b50ac3028bc0aed713184bd58a
281,ReactHookForm,6a3787ab6d13dd7a9f2a8ae60f7e61e21770d8ea,4e98e02d7f07ac3ede05b1d7e178154b54ee40d5,5611,https://github.com/react-hook-form/react-hook-form/issues/5611,https://github.com/react-hook-form/react-hook-form/tree/6a3787ab6d13dd7a9f2a8ae60f7e61e21770d8ea,https://github.com/react-hook-form/react-hook-form/tree/4e98e02d7f07ac3ede05b1d7e178154b54ee40d5,https://github.com/react-hook-form/react-hook-form/compare/6a3787ab6d13dd7a9f2a8ae60f7e61e21770d8ea...4e98e02d7f07ac3ede05b1d7e178154b54ee40d5
282,ReactHookForm,f1ce957e1294cb2d6534999d4ece222496e70cb0,2e2f58263fa3213661184d832d11349debc906a2,6081,https://github.com/react-hook-form/react-hook-form/issues/6081,https://github.com/react-hook-form/react-hook-form/tree/f1ce957e1294cb2d6534999d4ece222496e70cb0,https://github.com/react-hook-form/react-hook-form/tree/2e2f58263fa3213661184d832d11349debc906a2,https://github.com/react-hook-form/react-hook-form/compare/f1ce957e1294cb2d6534999d4ece222496e70cb0...2e2f58263fa3213661184d832d11349debc906a2
283,ReactHookForm,a427749fb570c9b91ecf2774de78104cf7abfff2,a0a6cac23a12765e846c422f083002350ba3e18e,5857,https://github.com/react-hook-form/react-hook-form/issues/5857,https://github.com/react-hook-form/react-hook-form/tree/a427749fb570c9b91ecf2774de78104cf7abfff2,https://github.com/react-hook-form/react-hook-form/tree/a0a6cac23a12765e846c422f083002350ba3e18e,https://github.com/react-hook-form/react-hook-form/compare/a427749fb570c9b91ecf2774de78104cf7abfff2...a0a6cac23a12765e846c422f083002350ba3e18e
284,ReactHookForm,429f339717cf545067ca14978eb56e7ec481a16b,1ac324d6a5441f5c20e4bec0d368a8a169e04b13,6105,https://github.com/react-hook-form/react-hook-form/issues/6105,https://github.com/react-hook-form/react-hook-form/tree/429f339717cf545067ca14978eb56e7ec481a16b,https://github.com/react-hook-form/react-hook-form/tree/1ac324d6a5441f5c20e4bec0d368a8a169e04b13,https://github.com/react-hook-form/react-hook-form/compare/429f339717cf545067ca14978eb56e7ec481a16b...1ac324d6a5441f5c20e4bec0d368a8a169e04b13
285,ReactHookForm,2efefc069b888cd5c1b69b4f1c5e64f4ecd2a31a,991fdbcf3a98adb4c05d36b772e5d26ae773ab0b,5944,https://github.com/react-hook-form/react-hook-form/issues/5944,https://github.com/react-hook-form/react-hook-form/tree/2efefc069b888cd5c1b69b4f1c5e64f4ecd2a31a,https://github.com/react-hook-form/react-hook-form/tree/991fdbcf3a98adb4c05d36b772e5d26ae773ab0b,https://github.com/react-hook-form/react-hook-form/compare/2efefc069b888cd5c1b69b4f1c5e64f4ecd2a31a...991fdbcf3a98adb4c05d36b772e5d26ae773ab0b
286,ReactHookForm,bff550bf600d3c80c73da9cd07892d8b94ba1bed,8ef53cc8cb9ee7bc3c3568c39a09af2d6edd1c5b,6035,https://github.com/react-hook-form/react-hook-form/issues/6035,https://github.com/react-hook-form/react-hook-form/tree/bff550bf600d3c80c73da9cd07892d8b94ba1bed,https://github.com/react-hook-form/react-hook-form/tree/8ef53cc8cb9ee7bc3c3568c39a09af2d6edd1c5b,https://github.com/react-hook-form/react-hook-form/compare/bff550bf600d3c80c73da9cd07892d8b94ba1bed...8ef53cc8cb9ee7bc3c3568c39a09af2d6edd1c5b
287,ReactHookForm,4a613ff37f5c4b1ed55141841521c0b593da5d2d,3c41f1ff77d4c13a3b19a95ec4fbf669fc102ee4,6055,https://github.com/react-hook-form/react-hook-form/issues/6055,https://github.com/react-hook-form/react-hook-form/tree/4a613ff37f5c4b1ed55141841521c0b593da5d2d,https://github.com/react-hook-form/react-hook-form/tree/3c41f1ff77d4c13a3b19a95ec4fbf669fc102ee4,https://github.com/react-hook-form/react-hook-form/compare/4a613ff37f5c4b1ed55141841521c0b593da5d2d...3c41f1ff77d4c13a3b19a95ec4fbf669fc102ee4
288,ReactHookForm,94ff7a5abaad55808df33b00ad8b9a1b08ae51d8,8901915b70cb1a4fb9d5673909f53ce97d56d458,6090,https://github.com/react-hook-form/react-hook-form/issues/6090,https://github.com/react-hook-form/react-hook-form/tree/94ff7a5abaad55808df33b00ad8b9a1b08ae51d8,https://github.com/react-hook-form/react-hook-form/tree/8901915b70cb1a4fb9d5673909f53ce97d56d458,https://github.com/react-hook-form/react-hook-form/compare/94ff7a5abaad55808df33b00ad8b9a1b08ae51d8...8901915b70cb1a4fb9d5673909f53ce97d56d458
289,ReactHookForm,b6ffb6e33a253e13df8f0569ed09be899dcf0174,de1ad01b5fa9be147df518554cccb99b7413f37d,6320,https://github.com/react-hook-form/react-hook-form/issues/6320,https://github.com/react-hook-form/react-hook-form/tree/b6ffb6e33a253e13df8f0569ed09be899dcf0174,https://github.com/react-hook-form/react-hook-form/tree/de1ad01b5fa9be147df518554cccb99b7413f37d,https://github.com/react-hook-form/react-hook-form/compare/b6ffb6e33a253e13df8f0569ed09be899dcf0174...de1ad01b5fa9be147df518554cccb99b7413f37d
290,ReactHookForm,761ff76df3912f9f3b478c9e77f8c32d994b1ef6,fa8ed494f9122af2d5b265388a4a84ceec31b8f7,6272,https://github.com/react-hook-form/react-hook-form/issues/6272,https://github.com/react-hook-form/react-hook-form/tree/761ff76df3912f9f3b478c9e77f8c32d994b1ef6,https://github.com/react-hook-form/react-hook-form/tree/fa8ed494f9122af2d5b265388a4a84ceec31b8f7,https://github.com/react-hook-form/react-hook-form/compare/761ff76df3912f9f3b478c9e77f8c32d994b1ef6...fa8ed494f9122af2d5b265388a4a84ceec31b8f7
291,ReactHookForm,4c142ceb5054b01ddb5b05269e8a947a87cf58d1,4aaf2a0e2e6e92806a4f836f8d8016fad79c8b89,6379,https://github.com/react-hook-form/react-hook-form/issues/6379,https://github.com/react-hook-form/react-hook-form/tree/4c142ceb5054b01ddb5b05269e8a947a87cf58d1,https://github.com/react-hook-form/react-hook-form/tree/4aaf2a0e2e6e92806a4f836f8d8016fad79c8b89,https://github.com/react-hook-form/react-hook-form/compare/4c142ceb5054b01ddb5b05269e8a947a87cf58d1...4aaf2a0e2e6e92806a4f836f8d8016fad79c8b89
292,ReactHookForm,8fd05c5c83c3574e57efd0e555ce5ca59d402a0b,b6ffb6e33a253e13df8f0569ed09be899dcf0174,6335,https://github.com/react-hook-form/react-hook-form/issues/6335,https://github.com/react-hook-form/react-hook-form/tree/8fd05c5c83c3574e57efd0e555ce5ca59d402a0b,https://github.com/react-hook-form/react-hook-form/tree/b6ffb6e33a253e13df8f0569ed09be899dcf0174,https://github.com/react-hook-form/react-hook-form/compare/8fd05c5c83c3574e57efd0e555ce5ca59d402a0b...b6ffb6e33a253e13df8f0569ed09be899dcf0174
293,ReactHookForm,51166ad65322134891d2d5a8d8f007fcd05a7e1c,f0ecdfa6f64fdfcffded0f5e2d10e154be52662a,6403,https://github.com/react-hook-form/react-hook-form/issues/6403,https://github.com/react-hook-form/react-hook-form/tree/51166ad65322134891d2d5a8d8f007fcd05a7e1c,https://github.com/react-hook-form/react-hook-form/tree/f0ecdfa6f64fdfcffded0f5e2d10e154be52662a,https://github.com/react-hook-form/react-hook-form/compare/51166ad65322134891d2d5a8d8f007fcd05a7e1c...f0ecdfa6f64fdfcffded0f5e2d10e154be52662a
294,ReactHookForm,291a748d5c32f59612a3cecde82834863c899b59,a4b2c0ade92f7680f0bd9ee9692d835177ccf716,6052,https://github.com/react-hook-form/react-hook-form/issues/6052,https://github.com/react-hook-form/react-hook-form/tree/291a748d5c32f59612a3cecde82834863c899b59,https://github.com/react-hook-form/react-hook-form/tree/a4b2c0ade92f7680f0bd9ee9692d835177ccf716,https://github.com/react-hook-form/react-hook-form/compare/291a748d5c32f59612a3cecde82834863c899b59...a4b2c0ade92f7680f0bd9ee9692d835177ccf716
295,ReactHookForm,c1b62f55dba21abb3842d0f1cbf2dafb98d0dbb8,a3af9f68f018a7bfd7db81d1785d0344f4bbd198,6186,https://github.com/react-hook-form/react-hook-form/issues/6186,https://github.com/react-hook-form/react-hook-form/tree/c1b62f55dba21abb3842d0f1cbf2dafb98d0dbb8,https://github.com/react-hook-form/react-hook-form/tree/a3af9f68f018a7bfd7db81d1785d0344f4bbd198,https://github.com/react-hook-form/react-hook-form/compare/c1b62f55dba21abb3842d0f1cbf2dafb98d0dbb8...a3af9f68f018a7bfd7db81d1785d0344f4bbd198
296,ReactHookForm,d8426ef1adccb8c0adfa40b53605f8dab235ade1,f32c38cd27c45f0f82d3429dbe834d00033ce31e,6509,https://github.com/react-hook-form/react-hook-form/issues/6509,https://github.com/react-hook-form/react-hook-form/tree/d8426ef1adccb8c0adfa40b53605f8dab235ade1,https://github.com/react-hook-form/react-hook-form/tree/f32c38cd27c45f0f82d3429dbe834d00033ce31e,https://github.com/react-hook-form/react-hook-form/compare/d8426ef1adccb8c0adfa40b53605f8dab235ade1...f32c38cd27c45f0f82d3429dbe834d00033ce31e
297,ReactHookForm,1c29ecb5d9b4febe08f1b4c4bc4bb1f12ca80f85,0a9b2a03828d9db277a111a55a99aabbfa8815d5,2655,https://github.com/react-hook-form/react-hook-form/issues/2655,https://github.com/react-hook-form/react-hook-form/tree/1c29ecb5d9b4febe08f1b4c4bc4bb1f12ca80f85,https://github.com/react-hook-form/react-hook-form/tree/0a9b2a03828d9db277a111a55a99aabbfa8815d5,https://github.com/react-hook-form/react-hook-form/compare/1c29ecb5d9b4febe08f1b4c4bc4bb1f12ca80f85...0a9b2a03828d9db277a111a55a99aabbfa8815d5
298,ReactHookForm,6db65993f2e4ccbd4e26b8a4718c81f90d78b86d,1845c753cb25746587ad76819ced88ebb61e81b8,6469,https://github.com/react-hook-form/react-hook-form/issues/6469,https://github.com/react-hook-form/react-hook-form/tree/6db65993f2e4ccbd4e26b8a4718c81f90d78b86d,https://github.com/react-hook-form/react-hook-form/tree/1845c753cb25746587ad76819ced88ebb61e81b8,https://github.com/react-hook-form/react-hook-form/compare/6db65993f2e4ccbd4e26b8a4718c81f90d78b86d...1845c753cb25746587ad76819ced88ebb61e81b8
299,ReactHookForm,0ebbdb5f4aa69b8464041d10bad6004ddf4908d0,4f2fe6a34c5c52b8453c3e3e40e5d9d1a23eed22,6513,https://github.com/react-hook-form/react-hook-form/issues/6513,https://github.com/react-hook-form/react-hook-form/tree/0ebbdb5f4aa69b8464041d10bad6004ddf4908d0,https://github.com/react-hook-form/react-hook-form/tree/4f2fe6a34c5c52b8453c3e3e40e5d9d1a23eed22,https://github.com/react-hook-form/react-hook-form/compare/0ebbdb5f4aa69b8464041d10bad6004ddf4908d0...4f2fe6a34c5c52b8453c3e3e40e5d9d1a23eed22
300,ReactHookForm,184fe269fdd9ab730eb87854bc56c7aabc7ec968,5df4312f298d72229194f53b708de5e02a43f4ef,6379,https://github.com/react-hook-form/react-hook-form/issues/6379,https://github.com/react-hook-form/react-hook-form/tree/184fe269fdd9ab730eb87854bc56c7aabc7ec968,https://github.com/react-hook-form/react-hook-form/tree/5df4312f298d72229194f53b708de5e02a43f4ef,https://github.com/react-hook-form/react-hook-form/compare/184fe269fdd9ab730eb87854bc56c7aabc7ec968...5df4312f298d72229194f53b708de5e02a43f4ef
301,ReactHookForm,1845c753cb25746587ad76819ced88ebb61e81b8,53c969a899d1edd4fc0388f9b7054ff21ec63ab6,6473,https://github.com/react-hook-form/react-hook-form/issues/6473,https://github.com/react-hook-form/react-hook-form/tree/1845c753cb25746587ad76819ced88ebb61e81b8,https://github.com/react-hook-form/react-hook-form/tree/53c969a899d1edd4fc0388f9b7054ff21ec63ab6,https://github.com/react-hook-form/react-hook-form/compare/1845c753cb25746587ad76819ced88ebb61e81b8...53c969a899d1edd4fc0388f9b7054ff21ec63ab6
302,ReactHookForm,85097ae4bced7f8ffdd68256c583ca2a98c8561c,63e6aa227555631f33de5f9e1960a56bde1bdff0,6731,https://github.com/react-hook-form/react-hook-form/issues/6731,https://github.com/react-hook-form/react-hook-form/tree/85097ae4bced7f8ffdd68256c583ca2a98c8561c,https://github.com/react-hook-form/react-hook-form/tree/63e6aa227555631f33de5f9e1960a56bde1bdff0,https://github.com/react-hook-form/react-hook-form/compare/85097ae4bced7f8ffdd68256c583ca2a98c8561c...63e6aa227555631f33de5f9e1960a56bde1bdff0
303,ReactHookForm,7b62767981ac176805a85123854f22d16f44ebc0,d812ca231719017d5a09314e29753838ae9bada3,6651,https://github.com/react-hook-form/react-hook-form/issues/6651,https://github.com/react-hook-form/react-hook-form/tree/7b62767981ac176805a85123854f22d16f44ebc0,https://github.com/react-hook-form/react-hook-form/tree/d812ca231719017d5a09314e29753838ae9bada3,https://github.com/react-hook-form/react-hook-form/compare/7b62767981ac176805a85123854f22d16f44ebc0...d812ca231719017d5a09314e29753838ae9bada3
304,ReactHookForm,b3608fbe27085be1a96d26463e6cc4e90cf312bf,68b7ef001b8773eb5022dc74618901e1b76d27b1,6736,https://github.com/react-hook-form/react-hook-form/issues/6736,https://github.com/react-hook-form/react-hook-form/tree/b3608fbe27085be1a96d26463e6cc4e90cf312bf,https://github.com/react-hook-form/react-hook-form/tree/68b7ef001b8773eb5022dc74618901e1b76d27b1,https://github.com/react-hook-form/react-hook-form/compare/b3608fbe27085be1a96d26463e6cc4e90cf312bf...68b7ef001b8773eb5022dc74618901e1b76d27b1
305,ReactHookForm,4f2fe6a34c5c52b8453c3e3e40e5d9d1a23eed22,8a1f978cb39694230b6e11b6cb34a862fc45601b,6528,https://github.com/react-hook-form/react-hook-form/issues/6528,https://github.com/react-hook-form/react-hook-form/tree/4f2fe6a34c5c52b8453c3e3e40e5d9d1a23eed22,https://github.com/react-hook-form/react-hook-form/tree/8a1f978cb39694230b6e11b6cb34a862fc45601b,https://github.com/react-hook-form/react-hook-form/compare/4f2fe6a34c5c52b8453c3e3e40e5d9d1a23eed22...8a1f978cb39694230b6e11b6cb34a862fc45601b
306,ReactHookForm,de6db78192e82192a38b92f81aba030ec0810a39,4adffaeb17f06f9b244daa1093148342f5e68c14,6646,https://github.com/react-hook-form/react-hook-form/issues/6646,https://github.com/react-hook-form/react-hook-form/tree/de6db78192e82192a38b92f81aba030ec0810a39,https://github.com/react-hook-form/react-hook-form/tree/4adffaeb17f06f9b244daa1093148342f5e68c14,https://github.com/react-hook-form/react-hook-form/compare/de6db78192e82192a38b92f81aba030ec0810a39...4adffaeb17f06f9b244daa1093148342f5e68c14
307,ReactHookForm,12561a713941f34545131af3dc437aae19bea641,87a6ae1c508c1de95cc41cc1e39f189a87e74967,6573,https://github.com/react-hook-form/react-hook-form/issues/6573,https://github.com/react-hook-form/react-hook-form/tree/12561a713941f34545131af3dc437aae19bea641,https://github.com/react-hook-form/react-hook-form/tree/87a6ae1c508c1de95cc41cc1e39f189a87e74967,https://github.com/react-hook-form/react-hook-form/compare/12561a713941f34545131af3dc437aae19bea641...87a6ae1c508c1de95cc41cc1e39f189a87e74967
308,ReactHookForm,410ab23e62f4bc59f0c6084a051a84cbfd5688be,6081c6c3d5a68497bda8dd373e2020c1f4cf949b,6748,https://github.com/react-hook-form/react-hook-form/issues/6748,https://github.com/react-hook-form/react-hook-form/tree/410ab23e62f4bc59f0c6084a051a84cbfd5688be,https://github.com/react-hook-form/react-hook-form/tree/6081c6c3d5a68497bda8dd373e2020c1f4cf949b,https://github.com/react-hook-form/react-hook-form/compare/410ab23e62f4bc59f0c6084a051a84cbfd5688be...6081c6c3d5a68497bda8dd373e2020c1f4cf949b
309,ReactHookForm,771a563abe809888459b72d6bb3445dbdc998524,2cd4434c9764b6bb511beabdaa503ed98c811b4b,6754,https://github.com/react-hook-form/react-hook-form/issues/6754,https://github.com/react-hook-form/react-hook-form/tree/771a563abe809888459b72d6bb3445dbdc998524,https://github.com/react-hook-form/react-hook-form/tree/2cd4434c9764b6bb511beabdaa503ed98c811b4b,https://github.com/react-hook-form/react-hook-form/compare/771a563abe809888459b72d6bb3445dbdc998524...2cd4434c9764b6bb511beabdaa503ed98c811b4b
310,ReactHookForm,bad0f58ed5e5ca2b56430342ee0b7b2044194489,c5da7c51329c1ccceaf160a393b8c2009279b2b0,6792,https://github.com/react-hook-form/react-hook-form/issues/6792,https://github.com/react-hook-form/react-hook-form/tree/bad0f58ed5e5ca2b56430342ee0b7b2044194489,https://github.com/react-hook-form/react-hook-form/tree/c5da7c51329c1ccceaf160a393b8c2009279b2b0,https://github.com/react-hook-form/react-hook-form/compare/bad0f58ed5e5ca2b56430342ee0b7b2044194489...c5da7c51329c1ccceaf160a393b8c2009279b2b0
311,ReactHookForm,5dff5e107d9288e6fccd37b18ad5d31057772ea8,f40158213a83b4724631c3ade67277e9bd4e5850,6834,https://github.com/react-hook-form/react-hook-form/issues/6834,https://github.com/react-hook-form/react-hook-form/tree/5dff5e107d9288e6fccd37b18ad5d31057772ea8,https://github.com/react-hook-form/react-hook-form/tree/f40158213a83b4724631c3ade67277e9bd4e5850,https://github.com/react-hook-form/react-hook-form/compare/5dff5e107d9288e6fccd37b18ad5d31057772ea8...f40158213a83b4724631c3ade67277e9bd4e5850
312,ReactHookForm,2c74a550e306fdd312a303dcb7185a24dccc63ea,7d64501e4b87e3dbfe820330fd295011be44dd15,6792,https://github.com/react-hook-form/react-hook-form/issues/6792,https://github.com/react-hook-form/react-hook-form/tree/2c74a550e306fdd312a303dcb7185a24dccc63ea,https://github.com/react-hook-form/react-hook-form/tree/7d64501e4b87e3dbfe820330fd295011be44dd15,https://github.com/react-hook-form/react-hook-form/compare/2c74a550e306fdd312a303dcb7185a24dccc63ea...7d64501e4b87e3dbfe820330fd295011be44dd15
313,ReactHookForm,54f6cec723ecdd7bf567517ccb8821178eee284a,c124399551e15ebc2d19a5ba94f336db3f02564e,6765,https://github.com/react-hook-form/react-hook-form/issues/6765,https://github.com/react-hook-form/react-hook-form/tree/54f6cec723ecdd7bf567517ccb8821178eee284a,https://github.com/react-hook-form/react-hook-form/tree/c124399551e15ebc2d19a5ba94f336db3f02564e,https://github.com/react-hook-form/react-hook-form/compare/54f6cec723ecdd7bf567517ccb8821178eee284a...c124399551e15ebc2d19a5ba94f336db3f02564e
314,ReactHookForm,ab81e889767c977e0da144251a823489dcf08d6e,4f2be5aa172613d54ecce3d795d8945f2d0130a8,7009,https://github.com/react-hook-form/react-hook-form/issues/7009,https://github.com/react-hook-form/react-hook-form/tree/ab81e889767c977e0da144251a823489dcf08d6e,https://github.com/react-hook-form/react-hook-form/tree/4f2be5aa172613d54ecce3d795d8945f2d0130a8,https://github.com/react-hook-form/react-hook-form/compare/ab81e889767c977e0da144251a823489dcf08d6e...4f2be5aa172613d54ecce3d795d8945f2d0130a8
315,ReactHookForm,044279037bbb350f70ef59e200e40387b73d159d,ba713e3b16a9c103c29df81d608188062aaa886c,7031,https://github.com/react-hook-form/react-hook-form/issues/7031,https://github.com/react-hook-form/react-hook-form/tree/044279037bbb350f70ef59e200e40387b73d159d,https://github.com/react-hook-form/react-hook-form/tree/ba713e3b16a9c103c29df81d608188062aaa886c,https://github.com/react-hook-form/react-hook-form/compare/044279037bbb350f70ef59e200e40387b73d159d...ba713e3b16a9c103c29df81d608188062aaa886c
316,ReactHookForm,6398367655646b2937c7ed44e547ee19242e53dc,9d22c8b76e14ed1cba181f68ad4a75f729642ab8,7109,https://github.com/react-hook-form/react-hook-form/issues/7109,https://github.com/react-hook-form/react-hook-form/tree/6398367655646b2937c7ed44e547ee19242e53dc,https://github.com/react-hook-form/react-hook-form/tree/9d22c8b76e14ed1cba181f68ad4a75f729642ab8,https://github.com/react-hook-form/react-hook-form/compare/6398367655646b2937c7ed44e547ee19242e53dc...9d22c8b76e14ed1cba181f68ad4a75f729642ab8
317,ReactHookForm,c124399551e15ebc2d19a5ba94f336db3f02564e,b7ddb1ec37f49f231f1cd99b0eafea846e507200,6764,https://github.com/react-hook-form/react-hook-form/issues/6764,https://github.com/react-hook-form/react-hook-form/tree/c124399551e15ebc2d19a5ba94f336db3f02564e,https://github.com/react-hook-form/react-hook-form/tree/b7ddb1ec37f49f231f1cd99b0eafea846e507200,https://github.com/react-hook-form/react-hook-form/compare/c124399551e15ebc2d19a5ba94f336db3f02564e...b7ddb1ec37f49f231f1cd99b0eafea846e507200
318,ReactHookForm,d385898c8ccbcc34d4e64105952987ef10a0703e,16fbe00e6210b28e52634034e1f21bd684757738,6896,https://github.com/react-hook-form/react-hook-form/issues/6896,https://github.com/react-hook-form/react-hook-form/tree/d385898c8ccbcc34d4e64105952987ef10a0703e,https://github.com/react-hook-form/react-hook-form/tree/16fbe00e6210b28e52634034e1f21bd684757738,https://github.com/react-hook-form/react-hook-form/compare/d385898c8ccbcc34d4e64105952987ef10a0703e...16fbe00e6210b28e52634034e1f21bd684757738
319,ReactHookForm,9ece18f37c0aabd84b75285ca868dc2c9dc47aed,50629afe0c1f596c629cc5dc32184511cb97babb,6984,https://github.com/react-hook-form/react-hook-form/issues/6984,https://github.com/react-hook-form/react-hook-form/tree/9ece18f37c0aabd84b75285ca868dc2c9dc47aed,https://github.com/react-hook-form/react-hook-form/tree/50629afe0c1f596c629cc5dc32184511cb97babb,https://github.com/react-hook-form/react-hook-form/compare/9ece18f37c0aabd84b75285ca868dc2c9dc47aed...50629afe0c1f596c629cc5dc32184511cb97babb
320,ReactHookForm,15aa3af3995dd4a1b69271e3b597fefec7e6a23a,4839c0b2aafb2e850704dab95c6d4e8bfd2d300e,7090,https://github.com/react-hook-form/react-hook-form/issues/7090,https://github.com/react-hook-form/react-hook-form/tree/15aa3af3995dd4a1b69271e3b597fefec7e6a23a,https://github.com/react-hook-form/react-hook-form/tree/4839c0b2aafb2e850704dab95c6d4e8bfd2d300e,https://github.com/react-hook-form/react-hook-form/compare/15aa3af3995dd4a1b69271e3b597fefec7e6a23a...4839c0b2aafb2e850704dab95c6d4e8bfd2d300e
321,ReactHookForm,799e501e38a0867cd94a36a8c280758292fb2760,303968364327cdc9325e6906271f4e71ffc21a57,7174,https://github.com/react-hook-form/react-hook-form/issues/7174,https://github.com/react-hook-form/react-hook-form/tree/799e501e38a0867cd94a36a8c280758292fb2760,https://github.com/react-hook-form/react-hook-form/tree/303968364327cdc9325e6906271f4e71ffc21a57,https://github.com/react-hook-form/react-hook-form/compare/799e501e38a0867cd94a36a8c280758292fb2760...303968364327cdc9325e6906271f4e71ffc21a57
322,ReactHookForm,6bab9e58f818350dc36320e7c4b1eda8636f8cc9,e7c5122f678027a4653252b865cee31a51800671,7282,https://github.com/react-hook-form/react-hook-form/issues/7282,https://github.com/react-hook-form/react-hook-form/tree/6bab9e58f818350dc36320e7c4b1eda8636f8cc9,https://github.com/react-hook-form/react-hook-form/tree/e7c5122f678027a4653252b865cee31a51800671,https://github.com/react-hook-form/react-hook-form/compare/6bab9e58f818350dc36320e7c4b1eda8636f8cc9...e7c5122f678027a4653252b865cee31a51800671
323,ReactHookForm,b529a91ef29aa555ee272b902c8538cc6622e60f,4af932566748d21b2aa121cea24d1d8c91201749,7820,https://github.com/react-hook-form/react-hook-form/issues/7820,https://github.com/react-hook-form/react-hook-form/tree/b529a91ef29aa555ee272b902c8538cc6622e60f,https://github.com/react-hook-form/react-hook-form/tree/4af932566748d21b2aa121cea24d1d8c91201749,https://github.com/react-hook-form/react-hook-form/compare/b529a91ef29aa555ee272b902c8538cc6622e60f...4af932566748d21b2aa121cea24d1d8c91201749
324,ReactHookForm,396b2047321fe47454d7b7cf70a8d4983c664d86,656bd54f31854f879a3254c46917e8af1118b3d0,7293,https://github.com/react-hook-form/react-hook-form/issues/7293,https://github.com/react-hook-form/react-hook-form/tree/396b2047321fe47454d7b7cf70a8d4983c664d86,https://github.com/react-hook-form/react-hook-form/tree/656bd54f31854f879a3254c46917e8af1118b3d0,https://github.com/react-hook-form/react-hook-form/compare/396b2047321fe47454d7b7cf70a8d4983c664d86...656bd54f31854f879a3254c46917e8af1118b3d0
325,ReactHookForm,9ee9750eadf5e7f28f022325795f3f1b3a4296ac,f4d6969d8ad720f6779e93ab0a256c551f013e0c,7268,https://github.com/react-hook-form/react-hook-form/issues/7268,https://github.com/react-hook-form/react-hook-form/tree/9ee9750eadf5e7f28f022325795f3f1b3a4296ac,https://github.com/react-hook-form/react-hook-form/tree/f4d6969d8ad720f6779e93ab0a256c551f013e0c,https://github.com/react-hook-form/react-hook-form/compare/9ee9750eadf5e7f28f022325795f3f1b3a4296ac...f4d6969d8ad720f6779e93ab0a256c551f013e0c
326,ReactHookForm,127a84c508dfdea7d3b041dca8af45a4d21531b2,02bcbb7e1b24152bd1afe16b2145b6e8a83296a9,7849,https://github.com/react-hook-form/react-hook-form/issues/7849,https://github.com/react-hook-form/react-hook-form/tree/127a84c508dfdea7d3b041dca8af45a4d21531b2,https://github.com/react-hook-form/react-hook-form/tree/02bcbb7e1b24152bd1afe16b2145b6e8a83296a9,https://github.com/react-hook-form/react-hook-form/compare/127a84c508dfdea7d3b041dca8af45a4d21531b2...02bcbb7e1b24152bd1afe16b2145b6e8a83296a9
327,ReactHookForm,5beb42a9db733e0c1c267dc654d890e00bfa221a,ca02e47a29e2437012392f7dff8effec544ab930,7741,https://github.com/react-hook-form/react-hook-form/issues/7741,https://github.com/react-hook-form/react-hook-form/tree/5beb42a9db733e0c1c267dc654d890e00bfa221a,https://github.com/react-hook-form/react-hook-form/tree/ca02e47a29e2437012392f7dff8effec544ab930,https://github.com/react-hook-form/react-hook-form/compare/5beb42a9db733e0c1c267dc654d890e00bfa221a...ca02e47a29e2437012392f7dff8effec544ab930
328,ReactHookForm,db7e555a73d06b478745ebf5e8a0cc5c2d98605c,4b08205dacfaacc403885fdd08dac2fcf063e09d,8050,https://github.com/react-hook-form/react-hook-form/issues/8050,https://github.com/react-hook-form/react-hook-form/tree/db7e555a73d06b478745ebf5e8a0cc5c2d98605c,https://github.com/react-hook-form/react-hook-form/tree/4b08205dacfaacc403885fdd08dac2fcf063e09d,https://github.com/react-hook-form/react-hook-form/compare/db7e555a73d06b478745ebf5e8a0cc5c2d98605c...4b08205dacfaacc403885fdd08dac2fcf063e09d
329,ReactHookForm,ffde6f6b826ae116dd09448cd0c2289aea0deb0a,3aa0f1f1a48f025689d28e11c3921c0b0b5174f3,8493,https://github.com/react-hook-form/react-hook-form/issues/8493,https://github.com/react-hook-form/react-hook-form/tree/ffde6f6b826ae116dd09448cd0c2289aea0deb0a,https://github.com/react-hook-form/react-hook-form/tree/3aa0f1f1a48f025689d28e11c3921c0b0b5174f3,https://github.com/react-hook-form/react-hook-form/compare/ffde6f6b826ae116dd09448cd0c2289aea0deb0a...3aa0f1f1a48f025689d28e11c3921c0b0b5174f3
330,ReactHookForm,e69cc80743cbeabcc4b53fa2ba2552a279dbf06d,09d51cf70073efd296eac71981097efe47d83cf8,7758,https://github.com/react-hook-form/react-hook-form/issues/7758,https://github.com/react-hook-form/react-hook-form/tree/e69cc80743cbeabcc4b53fa2ba2552a279dbf06d,https://github.com/react-hook-form/react-hook-form/tree/09d51cf70073efd296eac71981097efe47d83cf8,https://github.com/react-hook-form/react-hook-form/compare/e69cc80743cbeabcc4b53fa2ba2552a279dbf06d...09d51cf70073efd296eac71981097efe47d83cf8
331,ReactHookForm,8caf0f79363602e09d97018c60b7389550471efd,5c30e06bf9ec85ea81ea049566421b00c6cac316,8506,https://github.com/react-hook-form/react-hook-form/issues/8506,https://github.com/react-hook-form/react-hook-form/tree/8caf0f79363602e09d97018c60b7389550471efd,https://github.com/react-hook-form/react-hook-form/tree/5c30e06bf9ec85ea81ea049566421b00c6cac316,https://github.com/react-hook-form/react-hook-form/compare/8caf0f79363602e09d97018c60b7389550471efd...5c30e06bf9ec85ea81ea049566421b00c6cac316
332,ReactHookForm,96e07fa6337926f5178d620a5a11902f9abf6b54,205c94064e1810558a1a69fa3fe96cc58228a0de,8558,https://github.com/react-hook-form/react-hook-form/issues/8558,https://github.com/react-hook-form/react-hook-form/tree/96e07fa6337926f5178d620a5a11902f9abf6b54,https://github.com/react-hook-form/react-hook-form/tree/205c94064e1810558a1a69fa3fe96cc58228a0de,https://github.com/react-hook-form/react-hook-form/compare/96e07fa6337926f5178d620a5a11902f9abf6b54...205c94064e1810558a1a69fa3fe96cc58228a0de
333,ReactHookForm,6ec36a81ad14937935caff2f6cae4c6db9bddc05,b4ff7bef28bff550ae9f0eec635b89a47261b505,8564,https://github.com/react-hook-form/react-hook-form/issues/8564,https://github.com/react-hook-form/react-hook-form/tree/6ec36a81ad14937935caff2f6cae4c6db9bddc05,https://github.com/react-hook-form/react-hook-form/tree/b4ff7bef28bff550ae9f0eec635b89a47261b505,https://github.com/react-hook-form/react-hook-form/compare/6ec36a81ad14937935caff2f6cae4c6db9bddc05...b4ff7bef28bff550ae9f0eec635b89a47261b505
334,ReactHookForm,8e89fc140157822a06b1833f589765f4b947f950,6ad4da33dcea2584976aeb9d1f0c1c2bc6803000,8584,https://github.com/react-hook-form/react-hook-form/issues/8584,https://github.com/react-hook-form/react-hook-form/tree/8e89fc140157822a06b1833f589765f4b947f950,https://github.com/react-hook-form/react-hook-form/tree/6ad4da33dcea2584976aeb9d1f0c1c2bc6803000,https://github.com/react-hook-form/react-hook-form/compare/8e89fc140157822a06b1833f589765f4b947f950...6ad4da33dcea2584976aeb9d1f0c1c2bc6803000
335,ReactHookForm,33820e6fcfb5c817eadf013f6d975ab15665e514,f52f2ddbdd13d968926765408ac734a2a42cad2a,8584,https://github.com/react-hook-form/react-hook-form/issues/8584,https://github.com/react-hook-form/react-hook-form/tree/33820e6fcfb5c817eadf013f6d975ab15665e514,https://github.com/react-hook-form/react-hook-form/tree/f52f2ddbdd13d968926765408ac734a2a42cad2a,https://github.com/react-hook-form/react-hook-form/compare/33820e6fcfb5c817eadf013f6d975ab15665e514...f52f2ddbdd13d968926765408ac734a2a42cad2a
336,ReactHookForm,a4bef503a5757441445ecc5b9ee7b785086f51bc,6f957116cf28cb197278ae2d763adbd9a11c2cbb,8970,https://github.com/react-hook-form/react-hook-form/issues/8970,https://github.com/react-hook-form/react-hook-form/tree/a4bef503a5757441445ecc5b9ee7b785086f51bc,https://github.com/react-hook-form/react-hook-form/tree/6f957116cf28cb197278ae2d763adbd9a11c2cbb,https://github.com/react-hook-form/react-hook-form/compare/a4bef503a5757441445ecc5b9ee7b785086f51bc...6f957116cf28cb197278ae2d763adbd9a11c2cbb
337,ReactHookForm,6f957116cf28cb197278ae2d763adbd9a11c2cbb,d33e0998c2023f766898ff2b5c7ee7d9f0815254,8970,https://github.com/react-hook-form/react-hook-form/issues/8970,https://github.com/react-hook-form/react-hook-form/tree/6f957116cf28cb197278ae2d763adbd9a11c2cbb,https://github.com/react-hook-form/react-hook-form/tree/d33e0998c2023f766898ff2b5c7ee7d9f0815254,https://github.com/react-hook-form/react-hook-form/compare/6f957116cf28cb197278ae2d763adbd9a11c2cbb...d33e0998c2023f766898ff2b5c7ee7d9f0815254
338,ReactHookForm,d961a32708aa68efa7c1573937947275d99f85f8,bd21a8626391581e044fbd1d959dfd01fb0adea3,9134,https://github.com/react-hook-form/react-hook-form/issues/9134,https://github.com/react-hook-form/react-hook-form/tree/d961a32708aa68efa7c1573937947275d99f85f8,https://github.com/react-hook-form/react-hook-form/tree/bd21a8626391581e044fbd1d959dfd01fb0adea3,https://github.com/react-hook-form/react-hook-form/compare/d961a32708aa68efa7c1573937947275d99f85f8...bd21a8626391581e044fbd1d959dfd01fb0adea3
339,ReactHookForm,9f70a03694026620d5660e12b91df2fba10de5cb,d865a21a5006a4474a082f9bd3575391431bf615,7960,https://github.com/react-hook-form/react-hook-form/issues/7960,https://github.com/react-hook-form/react-hook-form/tree/9f70a03694026620d5660e12b91df2fba10de5cb,https://github.com/react-hook-form/react-hook-form/tree/d865a21a5006a4474a082f9bd3575391431bf615,https://github.com/react-hook-form/react-hook-form/compare/9f70a03694026620d5660e12b91df2fba10de5cb...d865a21a5006a4474a082f9bd3575391431bf615
340,ReactHookForm,717c29683f68d5d586edcb701ec8b7929d17dd21,8ca89938022d506d39839485fbbf52ee36a2c6d1,8071,https://github.com/react-hook-form/react-hook-form/issues/8071,https://github.com/react-hook-form/react-hook-form/tree/717c29683f68d5d586edcb701ec8b7929d17dd21,https://github.com/react-hook-form/react-hook-form/tree/8ca89938022d506d39839485fbbf52ee36a2c6d1,https://github.com/react-hook-form/react-hook-form/compare/717c29683f68d5d586edcb701ec8b7929d17dd21...8ca89938022d506d39839485fbbf52ee36a2c6d1
341,ReactHookForm,5d5076f6bb3ab78bd92f3c05d442c5ec0149a37a,ac076c5000ac29ec84563e410e4ffcf354175efb,8071,https://github.com/react-hook-form/react-hook-form/issues/8071,https://github.com/react-hook-form/react-hook-form/tree/5d5076f6bb3ab78bd92f3c05d442c5ec0149a37a,https://github.com/react-hook-form/react-hook-form/tree/ac076c5000ac29ec84563e410e4ffcf354175efb,https://github.com/react-hook-form/react-hook-form/compare/5d5076f6bb3ab78bd92f3c05d442c5ec0149a37a...ac076c5000ac29ec84563e410e4ffcf354175efb
342,ReactHookForm,9fc978948e571c0c3ba682043da1764e47c2b179,817406835c65602690e3af2cadc65a2906a5fa5e,9455,https://github.com/react-hook-form/react-hook-form/issues/9455,https://github.com/react-hook-form/react-hook-form/tree/9fc978948e571c0c3ba682043da1764e47c2b179,https://github.com/react-hook-form/react-hook-form/tree/817406835c65602690e3af2cadc65a2906a5fa5e,https://github.com/react-hook-form/react-hook-form/compare/9fc978948e571c0c3ba682043da1764e47c2b179...817406835c65602690e3af2cadc65a2906a5fa5e
343,ReactHookForm,73f75e980e64ccf93bfa0bdb17ef42710466910f,8fead99d2ab1b811025657f5c28a2726cacf86f0,9473,https://github.com/react-hook-form/react-hook-form/issues/9473,https://github.com/react-hook-form/react-hook-form/tree/73f75e980e64ccf93bfa0bdb17ef42710466910f,https://github.com/react-hook-form/react-hook-form/tree/8fead99d2ab1b811025657f5c28a2726cacf86f0,https://github.com/react-hook-form/react-hook-form/compare/73f75e980e64ccf93bfa0bdb17ef42710466910f...8fead99d2ab1b811025657f5c28a2726cacf86f0
344,ReactHookForm,486df70a208b045088f3b7c609e99620a3ed8666,267332da303446426b6d11b3615a0fe112c16744,9251,https://github.com/react-hook-form/react-hook-form/issues/9251,https://github.com/react-hook-form/react-hook-form/tree/486df70a208b045088f3b7c609e99620a3ed8666,https://github.com/react-hook-form/react-hook-form/tree/267332da303446426b6d11b3615a0fe112c16744,https://github.com/react-hook-form/react-hook-form/compare/486df70a208b045088f3b7c609e99620a3ed8666...267332da303446426b6d11b3615a0fe112c16744
345,ReactHookForm,9f5c312756a9d60a5f2c68618790e5a07385747f,a726f90d804d9b775b6dcd341982f4590ba0ee26,9082,https://github.com/react-hook-form/react-hook-form/issues/9082,https://github.com/react-hook-form/react-hook-form/tree/9f5c312756a9d60a5f2c68618790e5a07385747f,https://github.com/react-hook-form/react-hook-form/tree/a726f90d804d9b775b6dcd341982f4590ba0ee26,https://github.com/react-hook-form/react-hook-form/compare/9f5c312756a9d60a5f2c68618790e5a07385747f...a726f90d804d9b775b6dcd341982f4590ba0ee26
346,ReactHookForm,f3f9e2db9be14d6d6f292a42230394743dd09b6c,d4e21349f9f5d76f1daeaab9cb8d84c18348efcf,9571,https://github.com/react-hook-form/react-hook-form/issues/9571,https://github.com/react-hook-form/react-hook-form/tree/f3f9e2db9be14d6d6f292a42230394743dd09b6c,https://github.com/react-hook-form/react-hook-form/tree/d4e21349f9f5d76f1daeaab9cb8d84c18348efcf,https://github.com/react-hook-form/react-hook-form/compare/f3f9e2db9be14d6d6f292a42230394743dd09b6c...d4e21349f9f5d76f1daeaab9cb8d84c18348efcf
347,ReactHookForm,0246e8d180104ebc94b75d51e2a404a2f7411cc0,48e1b3c57dc3bacc9b79b125323952cbedf4a4e6,9659,https://github.com/react-hook-form/react-hook-form/issues/9659,https://github.com/react-hook-form/react-hook-form/tree/0246e8d180104ebc94b75d51e2a404a2f7411cc0,https://github.com/react-hook-form/react-hook-form/tree/48e1b3c57dc3bacc9b79b125323952cbedf4a4e6,https://github.com/react-hook-form/react-hook-form/compare/0246e8d180104ebc94b75d51e2a404a2f7411cc0...48e1b3c57dc3bacc9b79b125323952cbedf4a4e6
348,ReactHookForm,c7210f1b53a836b3221d60cfe099c67137d556d8,d9152181bd98dd591e5aa7a0aa3ec64df8c12664,9521,https://github.com/react-hook-form/react-hook-form/issues/9521,https://github.com/react-hook-form/react-hook-form/tree/c7210f1b53a836b3221d60cfe099c67137d556d8,https://github.com/react-hook-form/react-hook-form/tree/d9152181bd98dd591e5aa7a0aa3ec64df8c12664,https://github.com/react-hook-form/react-hook-form/compare/c7210f1b53a836b3221d60cfe099c67137d556d8...d9152181bd98dd591e5aa7a0aa3ec64df8c12664
349,ReactHookForm,4b4f1d8a5436ba84b9316a82788852adbd240db2,3b2dee3594488ac2ac5858b9be2d964f20c3ae96,9765,https://github.com/react-hook-form/react-hook-form/issues/9765,https://github.com/react-hook-form/react-hook-form/tree/4b4f1d8a5436ba84b9316a82788852adbd240db2,https://github.com/react-hook-form/react-hook-form/tree/3b2dee3594488ac2ac5858b9be2d964f20c3ae96,https://github.com/react-hook-form/react-hook-form/compare/4b4f1d8a5436ba84b9316a82788852adbd240db2...3b2dee3594488ac2ac5858b9be2d964f20c3ae96
350,ReactHookForm,c69e9b9678877ab532660cc08c31d236591a3664,9f02f76d702a8778e4f4c0df1b63dd6b871babf2,9366,https://github.com/react-hook-form/react-hook-form/issues/9366,https://github.com/react-hook-form/react-hook-form/tree/c69e9b9678877ab532660cc08c31d236591a3664,https://github.com/react-hook-form/react-hook-form/tree/9f02f76d702a8778e4f4c0df1b63dd6b871babf2,https://github.com/react-hook-form/react-hook-form/compare/c69e9b9678877ab532660cc08c31d236591a3664...9f02f76d702a8778e4f4c0df1b63dd6b871babf2
351,ReactHookForm,5f032bdb140fa8216f7148272e6fafb39900e82e,8eeac44aeb37fa34ab36bccc3347651435d26938,9216,https://github.com/react-hook-form/react-hook-form/issues/9216,https://github.com/react-hook-form/react-hook-form/tree/5f032bdb140fa8216f7148272e6fafb39900e82e,https://github.com/react-hook-form/react-hook-form/tree/8eeac44aeb37fa34ab36bccc3347651435d26938,https://github.com/react-hook-form/react-hook-form/compare/5f032bdb140fa8216f7148272e6fafb39900e82e...8eeac44aeb37fa34ab36bccc3347651435d26938
352,ReactHookForm,6beb0eef12e6b194693b7519dc84fbaf5a7a001e,cb666b8e4cde1a7c6cbe0c62749e1b6b70f3576b,9509,https://github.com/react-hook-form/react-hook-form/issues/9509,https://github.com/react-hook-form/react-hook-form/tree/6beb0eef12e6b194693b7519dc84fbaf5a7a001e,https://github.com/react-hook-form/react-hook-form/tree/cb666b8e4cde1a7c6cbe0c62749e1b6b70f3576b,https://github.com/react-hook-form/react-hook-form/compare/6beb0eef12e6b194693b7519dc84fbaf5a7a001e...cb666b8e4cde1a7c6cbe0c62749e1b6b70f3576b
353,ReactHookForm,6721510cce55612ef916f90727d812037d678f7d,f4577b7d79810b6631d4f665ae7acbea5c90d00f,9997,https://github.com/react-hook-form/react-hook-form/issues/9997,https://github.com/react-hook-form/react-hook-form/tree/6721510cce55612ef916f90727d812037d678f7d,https://github.com/react-hook-form/react-hook-form/tree/f4577b7d79810b6631d4f665ae7acbea5c90d00f,https://github.com/react-hook-form/react-hook-form/compare/6721510cce55612ef916f90727d812037d678f7d...f4577b7d79810b6631d4f665ae7acbea5c90d00f
354,ReactHookForm,1647bb2295ef4f7633b0e30c2158dac9e0a2898a,17fd388e49e44735a6bad4720af25297e5582b6e,9709,https://github.com/react-hook-form/react-hook-form/issues/9709,https://github.com/react-hook-form/react-hook-form/tree/1647bb2295ef4f7633b0e30c2158dac9e0a2898a,https://github.com/react-hook-form/react-hook-form/tree/17fd388e49e44735a6bad4720af25297e5582b6e,https://github.com/react-hook-form/react-hook-form/compare/1647bb2295ef4f7633b0e30c2158dac9e0a2898a...17fd388e49e44735a6bad4720af25297e5582b6e
355,ReactHookForm,a178533ed7bea016a18a45cfea4577fc49179d36,33810a6ba6ce9f1b764f1ed993d556a79d4019fd,10021,https://github.com/react-hook-form/react-hook-form/issues/10021,https://github.com/react-hook-form/react-hook-form/tree/a178533ed7bea016a18a45cfea4577fc49179d36,https://github.com/react-hook-form/react-hook-form/tree/33810a6ba6ce9f1b764f1ed993d556a79d4019fd,https://github.com/react-hook-form/react-hook-form/compare/a178533ed7bea016a18a45cfea4577fc49179d36...33810a6ba6ce9f1b764f1ed993d556a79d4019fd
356,ReactHookForm,fc5e9532a037f64590efe2c3d19c1c3161a64a18,7ca5248d597350e12b24e300c502ef22885f99f5,10064,https://github.com/react-hook-form/react-hook-form/issues/10064,https://github.com/react-hook-form/react-hook-form/tree/fc5e9532a037f64590efe2c3d19c1c3161a64a18,https://github.com/react-hook-form/react-hook-form/tree/7ca5248d597350e12b24e300c502ef22885f99f5,https://github.com/react-hook-form/react-hook-form/compare/fc5e9532a037f64590efe2c3d19c1c3161a64a18...7ca5248d597350e12b24e300c502ef22885f99f5
357,ReactHookForm,3f2838e3d02398ca493410a2724781dd4994056e,7873189ff9414486d478b0e5bde03a43751b9ced,10277,https://github.com/react-hook-form/react-hook-form/issues/10277,https://github.com/react-hook-form/react-hook-form/tree/3f2838e3d02398ca493410a2724781dd4994056e,https://github.com/react-hook-form/react-hook-form/tree/7873189ff9414486d478b0e5bde03a43751b9ced,https://github.com/react-hook-form/react-hook-form/compare/3f2838e3d02398ca493410a2724781dd4994056e...7873189ff9414486d478b0e5bde03a43751b9ced
358,ReactHookForm,2dd683d2c10e0e70a244d2e37dc88513b8fa0fb7,d93679f4de8126882f3e871b0f10dc81d5623926,10277,https://github.com/react-hook-form/react-hook-form/issues/10277,https://github.com/react-hook-form/react-hook-form/tree/2dd683d2c10e0e70a244d2e37dc88513b8fa0fb7,https://github.com/react-hook-form/react-hook-form/tree/d93679f4de8126882f3e871b0f10dc81d5623926,https://github.com/react-hook-form/react-hook-form/compare/2dd683d2c10e0e70a244d2e37dc88513b8fa0fb7...d93679f4de8126882f3e871b0f10dc81d5623926
359,ReactHookForm,27ac86d4819a0a231a9669317c62649d8f65d27d,d3fff9f3f06e5a103d7432834abd67a1645c6f20,10602,https://github.com/react-hook-form/react-hook-form/issues/10602,https://github.com/react-hook-form/react-hook-form/tree/27ac86d4819a0a231a9669317c62649d8f65d27d,https://github.com/react-hook-form/react-hook-form/tree/d3fff9f3f06e5a103d7432834abd67a1645c6f20,https://github.com/react-hook-form/react-hook-form/compare/27ac86d4819a0a231a9669317c62649d8f65d27d...d3fff9f3f06e5a103d7432834abd67a1645c6f20
360,ReactHookForm,ac7bc39ce74e92ce9cd56836e8dcb5d9a4b9b579,011163fe4dafb9e854c4a555fd1a7a44d21395ed,10744,https://github.com/react-hook-form/react-hook-form/issues/10744,https://github.com/react-hook-form/react-hook-form/tree/ac7bc39ce74e92ce9cd56836e8dcb5d9a4b9b579,https://github.com/react-hook-form/react-hook-form/tree/011163fe4dafb9e854c4a555fd1a7a44d21395ed,https://github.com/react-hook-form/react-hook-form/compare/ac7bc39ce74e92ce9cd56836e8dcb5d9a4b9b579...011163fe4dafb9e854c4a555fd1a7a44d21395ed
361,ReactHookForm,cdaae5b5ed86bc016d44b95edd192cfbb9e8e438,6f5e69c397242964d85d5d6474e2313596ecfda9,10129,https://github.com/react-hook-form/react-hook-form/issues/10129,https://github.com/react-hook-form/react-hook-form/tree/cdaae5b5ed86bc016d44b95edd192cfbb9e8e438,https://github.com/react-hook-form/react-hook-form/tree/6f5e69c397242964d85d5d6474e2313596ecfda9,https://github.com/react-hook-form/react-hook-form/compare/cdaae5b5ed86bc016d44b95edd192cfbb9e8e438...6f5e69c397242964d85d5d6474e2313596ecfda9
362,ReactHookForm,f9e179cc1e49ea87ed121e19e22458d17c62a8b2,695f62314e45d676903afd461220204f76394073,9972,https://github.com/react-hook-form/react-hook-form/issues/9972,https://github.com/react-hook-form/react-hook-form/tree/f9e179cc1e49ea87ed121e19e22458d17c62a8b2,https://github.com/react-hook-form/react-hook-form/tree/695f62314e45d676903afd461220204f76394073,https://github.com/react-hook-form/react-hook-form/compare/f9e179cc1e49ea87ed121e19e22458d17c62a8b2...695f62314e45d676903afd461220204f76394073
363,ReactHookForm,3b2dee3594488ac2ac5858b9be2d964f20c3ae96,0f3e19e2121d5384a2cf171da0ba632c06fc5975,9773,https://github.com/react-hook-form/react-hook-form/issues/9773,https://github.com/react-hook-form/react-hook-form/tree/3b2dee3594488ac2ac5858b9be2d964f20c3ae96,https://github.com/react-hook-form/react-hook-form/tree/0f3e19e2121d5384a2cf171da0ba632c06fc5975,https://github.com/react-hook-form/react-hook-form/compare/3b2dee3594488ac2ac5858b9be2d964f20c3ae96...0f3e19e2121d5384a2cf171da0ba632c06fc5975
364,ReactHookForm,6d83aacb719671cd048832b332cb1d50933ab398,dd89833e9f8abc3c09e12be68b2e6356e473a4a5,11076,https://github.com/react-hook-form/react-hook-form/issues/11076,https://github.com/react-hook-form/react-hook-form/tree/6d83aacb719671cd048832b332cb1d50933ab398,https://github.com/react-hook-form/react-hook-form/tree/dd89833e9f8abc3c09e12be68b2e6356e473a4a5,https://github.com/react-hook-form/react-hook-form/compare/6d83aacb719671cd048832b332cb1d50933ab398...dd89833e9f8abc3c09e12be68b2e6356e473a4a5
365,ReactHookForm,4f4eae58797af983660513f2eac0497a8beca8bb,dab35e1739cecf1070926c105353af3d327e1a00,11308,https://github.com/react-hook-form/react-hook-form/issues/11308,https://github.com/react-hook-form/react-hook-form/tree/4f4eae58797af983660513f2eac0497a8beca8bb,https://github.com/react-hook-form/react-hook-form/tree/dab35e1739cecf1070926c105353af3d327e1a00,https://github.com/react-hook-form/react-hook-form/compare/4f4eae58797af983660513f2eac0497a8beca8bb...dab35e1739cecf1070926c105353af3d327e1a00
366,ReactHookForm,6d60040d43910c61a012b6a791fc96bf9469c760,d820110d57837da65929640b42d4ea106f3786e8,10523,https://github.com/react-hook-form/react-hook-form/issues/10523,https://github.com/react-hook-form/react-hook-form/tree/6d60040d43910c61a012b6a791fc96bf9469c760,https://github.com/react-hook-form/react-hook-form/tree/d820110d57837da65929640b42d4ea106f3786e8,https://github.com/react-hook-form/react-hook-form/compare/6d60040d43910c61a012b6a791fc96bf9469c760...d820110d57837da65929640b42d4ea106f3786e8
367,ReactHookForm,c7b7eacb00cd11fe8fd075c958589b5b00b2c49d,1eae062577f83846895cf78860e3ca6c5af71a8a,11218,https://github.com/react-hook-form/react-hook-form/issues/11218,https://github.com/react-hook-form/react-hook-form/tree/c7b7eacb00cd11fe8fd075c958589b5b00b2c49d,https://github.com/react-hook-form/react-hook-form/tree/1eae062577f83846895cf78860e3ca6c5af71a8a,https://github.com/react-hook-form/react-hook-form/compare/c7b7eacb00cd11fe8fd075c958589b5b00b2c49d...1eae062577f83846895cf78860e3ca6c5af71a8a
368,ReactHookForm,b300a65d135f2af8850e84e34d68c132fde0fa6c,4632f8af5fa920b9c14efaa51182d6bb4413045e,11621,https://github.com/react-hook-form/react-hook-form/issues/11621,https://github.com/react-hook-form/react-hook-form/tree/b300a65d135f2af8850e84e34d68c132fde0fa6c,https://github.com/react-hook-form/react-hook-form/tree/4632f8af5fa920b9c14efaa51182d6bb4413045e,https://github.com/react-hook-form/react-hook-form/compare/b300a65d135f2af8850e84e34d68c132fde0fa6c...4632f8af5fa920b9c14efaa51182d6bb4413045e
369,ReactHookForm,dab35e1739cecf1070926c105353af3d327e1a00,e6a5b1a42e61f7b69a8085d401096cb5ccf61904,11360,https://github.com/react-hook-form/react-hook-form/issues/11360,https://github.com/react-hook-form/react-hook-form/tree/dab35e1739cecf1070926c105353af3d327e1a00,https://github.com/react-hook-form/react-hook-form/tree/e6a5b1a42e61f7b69a8085d401096cb5ccf61904,https://github.com/react-hook-form/react-hook-form/compare/dab35e1739cecf1070926c105353af3d327e1a00...e6a5b1a42e61f7b69a8085d401096cb5ccf61904
370,ReactHookForm,012bb19016dd9074a20d200f93c906a41c43eb57,4f4eae58797af983660513f2eac0497a8beca8bb,11320,https://github.com/react-hook-form/react-hook-form/issues/11320,https://github.com/react-hook-form/react-hook-form/tree/012bb19016dd9074a20d200f93c906a41c43eb57,https://github.com/react-hook-form/react-hook-form/tree/4f4eae58797af983660513f2eac0497a8beca8bb,https://github.com/react-hook-form/react-hook-form/compare/012bb19016dd9074a20d200f93c906a41c43eb57...4f4eae58797af983660513f2eac0497a8beca8bb
371,ReactHookForm,91949a0a6211b402d31cff19b65b111475cb8608,26f06956ba2313afe44180f2e7f05c18c6fd73f8,11287,https://github.com/react-hook-form/react-hook-form/issues/11287,https://github.com/react-hook-form/react-hook-form/tree/91949a0a6211b402d31cff19b65b111475cb8608,https://github.com/react-hook-form/react-hook-form/tree/26f06956ba2313afe44180f2e7f05c18c6fd73f8,https://github.com/react-hook-form/react-hook-form/compare/91949a0a6211b402d31cff19b65b111475cb8608...26f06956ba2313afe44180f2e7f05c18c6fd73f8
372,ReactHookForm,e069d69ea5c27573910d990f29320ecbe4520b26,ba5038026f47a0922dce08c813d99b79cf366a7e,12127,https://github.com/react-hook-form/react-hook-form/issues/12127,https://github.com/react-hook-form/react-hook-form/tree/e069d69ea5c27573910d990f29320ecbe4520b26,https://github.com/react-hook-form/react-hook-form/tree/ba5038026f47a0922dce08c813d99b79cf366a7e,https://github.com/react-hook-form/react-hook-form/compare/e069d69ea5c27573910d990f29320ecbe4520b26...ba5038026f47a0922dce08c813d99b79cf366a7e
373,ReactHookForm,4549afd5afa8a824a1522e75f776083e4168aac6,52611a53a1ed277575347c9a2ad3acdf816a955f,11842,https://github.com/react-hook-form/react-hook-form/issues/11842,https://github.com/react-hook-form/react-hook-form/tree/4549afd5afa8a824a1522e75f776083e4168aac6,https://github.com/react-hook-form/react-hook-form/tree/52611a53a1ed277575347c9a2ad3acdf816a955f,https://github.com/react-hook-form/react-hook-form/compare/4549afd5afa8a824a1522e75f776083e4168aac6...52611a53a1ed277575347c9a2ad3acdf816a955f
374,ReactHookForm,281f91355e90f3a165cd64ae3bcc9d850617e3ad,30b05f242d2bb333e7387697dc175f6e68c4fabc,12398,https://github.com/react-hook-form/react-hook-form/issues/12398,https://github.com/react-hook-form/react-hook-form/tree/281f91355e90f3a165cd64ae3bcc9d850617e3ad,https://github.com/react-hook-form/react-hook-form/tree/30b05f242d2bb333e7387697dc175f6e68c4fabc,https://github.com/react-hook-form/react-hook-form/compare/281f91355e90f3a165cd64ae3bcc9d850617e3ad...30b05f242d2bb333e7387697dc175f6e68c4fabc
375,ReactHookForm,52611a53a1ed277575347c9a2ad3acdf816a955f,2364d432be581b5d4f79e31552bd89a0073c1c7d,11821,https://github.com/react-hook-form/react-hook-form/issues/11821,https://github.com/react-hook-form/react-hook-form/tree/52611a53a1ed277575347c9a2ad3acdf816a955f,https://github.com/react-hook-form/react-hook-form/tree/2364d432be581b5d4f79e31552bd89a0073c1c7d,https://github.com/react-hook-form/react-hook-form/compare/52611a53a1ed277575347c9a2ad3acdf816a955f...2364d432be581b5d4f79e31552bd89a0073c1c7d
376,ReactHookForm,aff0bb9fff265d16fb4bf567b76f0945b7e43738,e9f6ddb6ec345ece986757cd4d57fe30562eb8bd,11922,https://github.com/react-hook-form/react-hook-form/issues/11922,https://github.com/react-hook-form/react-hook-form/tree/aff0bb9fff265d16fb4bf567b76f0945b7e43738,https://github.com/react-hook-form/react-hook-form/tree/e9f6ddb6ec345ece986757cd4d57fe30562eb8bd,https://github.com/react-hook-form/react-hook-form/compare/aff0bb9fff265d16fb4bf567b76f0945b7e43738...e9f6ddb6ec345ece986757cd4d57fe30562eb8bd
377,ReactHookForm,b5863b46346416972c025f4b621cb624ffc4a955,087433d0045af612a2b45fe52b85bf66f4a369d6,12291,https://github.com/react-hook-form/react-hook-form/issues/12291,https://github.com/react-hook-form/react-hook-form/tree/b5863b46346416972c025f4b621cb624ffc4a955,https://github.com/react-hook-form/react-hook-form/tree/087433d0045af612a2b45fe52b85bf66f4a369d6,https://github.com/react-hook-form/react-hook-form/compare/b5863b46346416972c025f4b621cb624ffc4a955...087433d0045af612a2b45fe52b85bf66f4a369d6
378,ReactHookForm,6b2093df1a577c291be771b843dc8404a5d43417,fe8de6d14dcebb83cd08d6a007c1f5f933e68b61,12024,https://github.com/react-hook-form/react-hook-form/issues/12024,https://github.com/react-hook-form/react-hook-form/tree/6b2093df1a577c291be771b843dc8404a5d43417,https://github.com/react-hook-form/react-hook-form/tree/fe8de6d14dcebb83cd08d6a007c1f5f933e68b61,https://github.com/react-hook-form/react-hook-form/compare/6b2093df1a577c291be771b843dc8404a5d43417...fe8de6d14dcebb83cd08d6a007c1f5f933e68b61
379,ReactHookForm,ecc4768cf04c6a5e487df5067ab86de33345b7d6,f513037fd0684c195dbc517038140c422c6a14ce,12857,https://github.com/react-hook-form/react-hook-form/issues/12857,https://github.com/react-hook-form/react-hook-form/tree/ecc4768cf04c6a5e487df5067ab86de33345b7d6,https://github.com/react-hook-form/react-hook-form/tree/f513037fd0684c195dbc517038140c422c6a14ce,https://github.com/react-hook-form/react-hook-form/compare/ecc4768cf04c6a5e487df5067ab86de33345b7d6...f513037fd0684c195dbc517038140c422c6a14ce
380,ReactHookForm,3cf777fdda4aa94910734ded49be6d0d2c6bc573,b991822eafc04e7dbe575f7767f679c8a759104d,12761,https://github.com/react-hook-form/react-hook-form/issues/12761,https://github.com/react-hook-form/react-hook-form/tree/3cf777fdda4aa94910734ded49be6d0d2c6bc573,https://github.com/react-hook-form/react-hook-form/tree/b991822eafc04e7dbe575f7767f679c8a759104d,https://github.com/react-hook-form/react-hook-form/compare/3cf777fdda4aa94910734ded49be6d0d2c6bc573...b991822eafc04e7dbe575f7767f679c8a759104d
381,ReactHookForm,2b1c709815dea78768cae8207ee0a54c1d8f8973,00e39c8a2891060e81d54be8e9ab51ecd7027e61,12415,https://github.com/react-hook-form/react-hook-form/issues/12415,https://github.com/react-hook-form/react-hook-form/tree/2b1c709815dea78768cae8207ee0a54c1d8f8973,https://github.com/react-hook-form/react-hook-form/tree/00e39c8a2891060e81d54be8e9ab51ecd7027e61,https://github.com/react-hook-form/react-hook-form/compare/2b1c709815dea78768cae8207ee0a54c1d8f8973...00e39c8a2891060e81d54be8e9ab51ecd7027e61
382,ReactHookForm,ba73313585222880b3d2d113c5e522b0976b47c8,baea055c22d23ff1ed9f073f809ee9168e65e37a,12385,https://github.com/react-hook-form/react-hook-form/issues/12385,https://github.com/react-hook-form/react-hook-form/tree/ba73313585222880b3d2d113c5e522b0976b47c8,https://github.com/react-hook-form/react-hook-form/tree/baea055c22d23ff1ed9f073f809ee9168e65e37a,https://github.com/react-hook-form/react-hook-form/compare/ba73313585222880b3d2d113c5e522b0976b47c8...baea055c22d23ff1ed9f073f809ee9168e65e37a
383,ReactHookForm,164df2b0a855cd6ba1658d2f87d8d71257a3fdeb,234396caef53314bfd6c9684e8751629778ff3c7,12572,https://github.com/react-hook-form/react-hook-form/issues/12572,https://github.com/react-hook-form/react-hook-form/tree/164df2b0a855cd6ba1658d2f87d8d71257a3fdeb,https://github.com/react-hook-form/react-hook-form/tree/234396caef53314bfd6c9684e8751629778ff3c7,https://github.com/react-hook-form/react-hook-form/compare/164df2b0a855cd6ba1658d2f87d8d71257a3fdeb...234396caef53314bfd6c9684e8751629778ff3c7
384,ReactHookForm,3533c0b14f392370b3b6460ce88d0052174af154,572d5a75e22848159c1c2242b14bf97eba1e7dcb,12572,https://github.com/react-hook-form/react-hook-form/issues/12572,https://github.com/react-hook-form/react-hook-form/tree/3533c0b14f392370b3b6460ce88d0052174af154,https://github.com/react-hook-form/react-hook-form/tree/572d5a75e22848159c1c2242b14bf97eba1e7dcb,https://github.com/react-hook-form/react-hook-form/compare/3533c0b14f392370b3b6460ce88d0052174af154...572d5a75e22848159c1c2242b14bf97eba1e7dcb
