bug.id,project_id,revision.id.buggy,revision.id.fixed,report.id,report.url,buggy_commit_url,fixed_commit_url,compare_url
1,BookKeeper,30c326643938bb3df6b35515e714622d98772352,8ee32a8ab80dcd51f7846972d92b7c9e83d99862,BOOKKEEPER-19,https://issues.apache.org/jira/browse/BOOKKEEPER-19,https://github.com/apache/bookkeeper/tree/30c326643938bb3df6b35515e714622d98772352,https://github.com/apache/bookkeeper/tree/8ee32a8ab80dcd51f7846972d92b7c9e83d99862,https://github.com/apache/bookkeeper/compare/30c326643938bb3df6b35515e714622d98772352...8ee32a8ab80dcd51f7846972d92b7c9e83d99862
2,BookKeeper,8ee32a8ab80dcd51f7846972d92b7c9e83d99862,9ea30d361649e13f28efb05ea2155cf765267a2f,BOOKKEEPER-1,https://issues.apache.org/jira/browse/BOOKKEEPER-1,https://github.com/apache/bookkeeper/tree/8ee32a8ab80dcd51f7846972d92b7c9e83d99862,https://github.com/apache/bookkeeper/tree/9ea30d361649e13f28efb05ea2155cf765267a2f,https://github.com/apache/bookkeeper/compare/8ee32a8ab80dcd51f7846972d92b7c9e83d99862...9ea30d361649e13f28efb05ea2155cf765267a2f
3,BookKeeper,9ea30d361649e13f28efb05ea2155cf765267a2f,266b1c2744a35b9379ba5e7023322a2450b91090,BOOKKEEPER-1,https://issues.apache.org/jira/browse/BOOKKEEPER-1,https://github.com/apache/bookkeeper/tree/9ea30d361649e13f28efb05ea2155cf765267a2f,https://github.com/apache/bookkeeper/tree/266b1c2744a35b9379ba5e7023322a2450b91090,https://github.com/apache/bookkeeper/compare/9ea30d361649e13f28efb05ea2155cf765267a2f...266b1c2744a35b9379ba5e7023322a2450b91090
4,BookKeeper,266b1c2744a35b9379ba5e7023322a2450b91090,267ed95a2ae2ef1a8f6a3166b217d86a28166391,BOOKKEEPER-22,https://issues.apache.org/jira/browse/BOOKKEEPER-22,https://github.com/apache/bookkeeper/tree/266b1c2744a35b9379ba5e7023322a2450b91090,https://github.com/apache/bookkeeper/tree/267ed95a2ae2ef1a8f6a3166b217d86a28166391,https://github.com/apache/bookkeeper/compare/266b1c2744a35b9379ba5e7023322a2450b91090...267ed95a2ae2ef1a8f6a3166b217d86a28166391
5,BookKeeper,d20cb28943e80c1d39cca5916f459651e29dd573,00f25f5622e69f063202f7bd46f09ad1d708983d,BOOKKEEPER-5,https://issues.apache.org/jira/browse/BOOKKEEPER-5,https://github.com/apache/bookkeeper/tree/d20cb28943e80c1d39cca5916f459651e29dd573,https://github.com/apache/bookkeeper/tree/00f25f5622e69f063202f7bd46f09ad1d708983d,https://github.com/apache/bookkeeper/compare/d20cb28943e80c1d39cca5916f459651e29dd573...00f25f5622e69f063202f7bd46f09ad1d708983d
6,BookKeeper,74397e3e20b2cd3e3c920f00be7f044cf548e076,3e9d596480537e45a23e591a1daabddffd2b15bf,BOOKKEEPER-27,https://issues.apache.org/jira/browse/BOOKKEEPER-27,https://github.com/apache/bookkeeper/tree/74397e3e20b2cd3e3c920f00be7f044cf548e076,https://github.com/apache/bookkeeper/tree/3e9d596480537e45a23e591a1daabddffd2b15bf,https://github.com/apache/bookkeeper/compare/74397e3e20b2cd3e3c920f00be7f044cf548e076...3e9d596480537e45a23e591a1daabddffd2b15bf
7,BookKeeper,3e9d596480537e45a23e591a1daabddffd2b15bf,de1c3b26a1162fb545c91d9cef4eed435c662a66,BOOKKEEPER-29,https://issues.apache.org/jira/browse/BOOKKEEPER-29,https://github.com/apache/bookkeeper/tree/3e9d596480537e45a23e591a1daabddffd2b15bf,https://github.com/apache/bookkeeper/tree/de1c3b26a1162fb545c91d9cef4eed435c662a66,https://github.com/apache/bookkeeper/compare/3e9d596480537e45a23e591a1daabddffd2b15bf...de1c3b26a1162fb545c91d9cef4eed435c662a66
8,BookKeeper,0910d6cd7ffb1a7b78ab91a327715e936a3eb9e5,40b13a6b7db9d2da337dce0c7084d8c87c4d6b06,BOOKKEEPER-29,https://issues.apache.org/jira/browse/BOOKKEEPER-29,https://github.com/apache/bookkeeper/tree/0910d6cd7ffb1a7b78ab91a327715e936a3eb9e5,https://github.com/apache/bookkeeper/tree/40b13a6b7db9d2da337dce0c7084d8c87c4d6b06,https://github.com/apache/bookkeeper/compare/0910d6cd7ffb1a7b78ab91a327715e936a3eb9e5...40b13a6b7db9d2da337dce0c7084d8c87c4d6b06
9,BookKeeper,40b13a6b7db9d2da337dce0c7084d8c87c4d6b06,a772663c8e7051396bac5bae5b4ba7bc7ec75e78,BOOKKEEPER-43,https://issues.apache.org/jira/browse/BOOKKEEPER-43,https://github.com/apache/bookkeeper/tree/40b13a6b7db9d2da337dce0c7084d8c87c4d6b06,https://github.com/apache/bookkeeper/tree/a772663c8e7051396bac5bae5b4ba7bc7ec75e78,https://github.com/apache/bookkeeper/compare/40b13a6b7db9d2da337dce0c7084d8c87c4d6b06...a772663c8e7051396bac5bae5b4ba7bc7ec75e78
10,BookKeeper,a772663c8e7051396bac5bae5b4ba7bc7ec75e78,a01067bb2003e6836acc638b734581844eb08324,BOOKKEEPER-38,https://issues.apache.org/jira/browse/BOOKKEEPER-38,https://github.com/apache/bookkeeper/tree/a772663c8e7051396bac5bae5b4ba7bc7ec75e78,https://github.com/apache/bookkeeper/tree/a01067bb2003e6836acc638b734581844eb08324,https://github.com/apache/bookkeeper/compare/a772663c8e7051396bac5bae5b4ba7bc7ec75e78...a01067bb2003e6836acc638b734581844eb08324
11,BookKeeper,5095045d969a5fb4b7849cce89e3fa24ee830320,c30c309bf95a6ba145d33326af73253fb835b1b4,BOOKKEEPER-38,https://issues.apache.org/jira/browse/BOOKKEEPER-38,https://github.com/apache/bookkeeper/tree/5095045d969a5fb4b7849cce89e3fa24ee830320,https://github.com/apache/bookkeeper/tree/c30c309bf95a6ba145d33326af73253fb835b1b4,https://github.com/apache/bookkeeper/compare/5095045d969a5fb4b7849cce89e3fa24ee830320...c30c309bf95a6ba145d33326af73253fb835b1b4
12,BookKeeper,c30c309bf95a6ba145d33326af73253fb835b1b4,ad96c00dcd01ee310c63f78211c6b66c8c874e05,BOOKKEEPER-58,https://issues.apache.org/jira/browse/BOOKKEEPER-58,https://github.com/apache/bookkeeper/tree/c30c309bf95a6ba145d33326af73253fb835b1b4,https://github.com/apache/bookkeeper/tree/ad96c00dcd01ee310c63f78211c6b66c8c874e05,https://github.com/apache/bookkeeper/compare/c30c309bf95a6ba145d33326af73253fb835b1b4...ad96c00dcd01ee310c63f78211c6b66c8c874e05
13,BookKeeper,ad96c00dcd01ee310c63f78211c6b66c8c874e05,da1df6bcf4f3a1cc2ed4d3798764e855555ab8f8,BOOKKEEPER-18,https://issues.apache.org/jira/browse/BOOKKEEPER-18,https://github.com/apache/bookkeeper/tree/ad96c00dcd01ee310c63f78211c6b66c8c874e05,https://github.com/apache/bookkeeper/tree/da1df6bcf4f3a1cc2ed4d3798764e855555ab8f8,https://github.com/apache/bookkeeper/compare/ad96c00dcd01ee310c63f78211c6b66c8c874e05...da1df6bcf4f3a1cc2ed4d3798764e855555ab8f8
14,BookKeeper,da1df6bcf4f3a1cc2ed4d3798764e855555ab8f8,afdd3dd1e7e06f97e29ff5bcaa2001f81f6d9210,BOOKKEEPER-28,https://issues.apache.org/jira/browse/BOOKKEEPER-28,https://github.com/apache/bookkeeper/tree/da1df6bcf4f3a1cc2ed4d3798764e855555ab8f8,https://github.com/apache/bookkeeper/tree/afdd3dd1e7e06f97e29ff5bcaa2001f81f6d9210,https://github.com/apache/bookkeeper/compare/da1df6bcf4f3a1cc2ed4d3798764e855555ab8f8...afdd3dd1e7e06f97e29ff5bcaa2001f81f6d9210
15,BookKeeper,afdd3dd1e7e06f97e29ff5bcaa2001f81f6d9210,675efc92fdb7c88ff9b871ba2ccf56974f769544,BOOKKEEPER-51,https://issues.apache.org/jira/browse/BOOKKEEPER-51,https://github.com/apache/bookkeeper/tree/afdd3dd1e7e06f97e29ff5bcaa2001f81f6d9210,https://github.com/apache/bookkeeper/tree/675efc92fdb7c88ff9b871ba2ccf56974f769544,https://github.com/apache/bookkeeper/compare/afdd3dd1e7e06f97e29ff5bcaa2001f81f6d9210...675efc92fdb7c88ff9b871ba2ccf56974f769544
16,BookKeeper,675efc92fdb7c88ff9b871ba2ccf56974f769544,360174f12df9b853e4f3b65631c4063e150beb8f,BOOKKEEPER-52,https://issues.apache.org/jira/browse/BOOKKEEPER-52,https://github.com/apache/bookkeeper/tree/675efc92fdb7c88ff9b871ba2ccf56974f769544,https://github.com/apache/bookkeeper/tree/360174f12df9b853e4f3b65631c4063e150beb8f,https://github.com/apache/bookkeeper/compare/675efc92fdb7c88ff9b871ba2ccf56974f769544...360174f12df9b853e4f3b65631c4063e150beb8f
17,BookKeeper,360174f12df9b853e4f3b65631c4063e150beb8f,28377803242f8514fcdf17f7a808aa756fa158b9,BOOKKEEPER-57,https://issues.apache.org/jira/browse/BOOKKEEPER-57,https://github.com/apache/bookkeeper/tree/360174f12df9b853e4f3b65631c4063e150beb8f,https://github.com/apache/bookkeeper/tree/28377803242f8514fcdf17f7a808aa756fa158b9,https://github.com/apache/bookkeeper/compare/360174f12df9b853e4f3b65631c4063e150beb8f...28377803242f8514fcdf17f7a808aa756fa158b9
18,BookKeeper,28377803242f8514fcdf17f7a808aa756fa158b9,79ea05a3cbcc953bd86f024eb4143e4b85fcd8f1,BOOKKEEPER-63,https://issues.apache.org/jira/browse/BOOKKEEPER-63,https://github.com/apache/bookkeeper/tree/28377803242f8514fcdf17f7a808aa756fa158b9,https://github.com/apache/bookkeeper/tree/79ea05a3cbcc953bd86f024eb4143e4b85fcd8f1,https://github.com/apache/bookkeeper/compare/28377803242f8514fcdf17f7a808aa756fa158b9...79ea05a3cbcc953bd86f024eb4143e4b85fcd8f1
19,BookKeeper,ba9ebc213c14aa5d16a26f2e0601a39ac5888e10,6823a35ceafcaf3d8802a8e502883d3d07e891f7,BOOKKEEPER-59,https://issues.apache.org/jira/browse/BOOKKEEPER-59,https://github.com/apache/bookkeeper/tree/ba9ebc213c14aa5d16a26f2e0601a39ac5888e10,https://github.com/apache/bookkeeper/tree/6823a35ceafcaf3d8802a8e502883d3d07e891f7,https://github.com/apache/bookkeeper/compare/ba9ebc213c14aa5d16a26f2e0601a39ac5888e10...6823a35ceafcaf3d8802a8e502883d3d07e891f7
20,BookKeeper,06eea6791177f3d9dcb116ceccff2f6c3f619a39,9639b64a1296f937a7b2704de671a38deb31007b,BOOKKEEPER-61,https://issues.apache.org/jira/browse/BOOKKEEPER-61,https://github.com/apache/bookkeeper/tree/06eea6791177f3d9dcb116ceccff2f6c3f619a39,https://github.com/apache/bookkeeper/tree/9639b64a1296f937a7b2704de671a38deb31007b,https://github.com/apache/bookkeeper/compare/06eea6791177f3d9dcb116ceccff2f6c3f619a39...9639b64a1296f937a7b2704de671a38deb31007b
21,BookKeeper,9639b64a1296f937a7b2704de671a38deb31007b,c980c700d1313911903df3d4c3d48cf8da441827,BOOKKEEPER-65,https://issues.apache.org/jira/browse/BOOKKEEPER-65,https://github.com/apache/bookkeeper/tree/9639b64a1296f937a7b2704de671a38deb31007b,https://github.com/apache/bookkeeper/tree/c980c700d1313911903df3d4c3d48cf8da441827,https://github.com/apache/bookkeeper/compare/9639b64a1296f937a7b2704de671a38deb31007b...c980c700d1313911903df3d4c3d48cf8da441827
22,BookKeeper,c980c700d1313911903df3d4c3d48cf8da441827,2f2f6c66da80e1f2e8a0f7661e91bcd0898d6289,BOOKKEEPER-68,https://issues.apache.org/jira/browse/BOOKKEEPER-68,https://github.com/apache/bookkeeper/tree/c980c700d1313911903df3d4c3d48cf8da441827,https://github.com/apache/bookkeeper/tree/2f2f6c66da80e1f2e8a0f7661e91bcd0898d6289,https://github.com/apache/bookkeeper/compare/c980c700d1313911903df3d4c3d48cf8da441827...2f2f6c66da80e1f2e8a0f7661e91bcd0898d6289
23,BookKeeper,2f2f6c66da80e1f2e8a0f7661e91bcd0898d6289,2c91d144a7e283c09e90b3065aa6fb352e177083,BOOKKEEPER-86,https://issues.apache.org/jira/browse/BOOKKEEPER-86,https://github.com/apache/bookkeeper/tree/2f2f6c66da80e1f2e8a0f7661e91bcd0898d6289,https://github.com/apache/bookkeeper/tree/2c91d144a7e283c09e90b3065aa6fb352e177083,https://github.com/apache/bookkeeper/compare/2f2f6c66da80e1f2e8a0f7661e91bcd0898d6289...2c91d144a7e283c09e90b3065aa6fb352e177083
24,BookKeeper,2c91d144a7e283c09e90b3065aa6fb352e177083,d05e52ce5a6bf8b0076685ccec03f5ab91b2b32d,BOOKKEEPER-61,https://issues.apache.org/jira/browse/BOOKKEEPER-61,https://github.com/apache/bookkeeper/tree/2c91d144a7e283c09e90b3065aa6fb352e177083,https://github.com/apache/bookkeeper/tree/d05e52ce5a6bf8b0076685ccec03f5ab91b2b32d,https://github.com/apache/bookkeeper/compare/2c91d144a7e283c09e90b3065aa6fb352e177083...d05e52ce5a6bf8b0076685ccec03f5ab91b2b32d
25,BookKeeper,477eb1053f5c1bff1c0037fb0d6a02b468148682,4f09c6b4af38b51d259d8a6068806f7f22cc1847,BOOKKEEPER-88,https://issues.apache.org/jira/browse/BOOKKEEPER-88,https://github.com/apache/bookkeeper/tree/477eb1053f5c1bff1c0037fb0d6a02b468148682,https://github.com/apache/bookkeeper/tree/4f09c6b4af38b51d259d8a6068806f7f22cc1847,https://github.com/apache/bookkeeper/compare/477eb1053f5c1bff1c0037fb0d6a02b468148682...4f09c6b4af38b51d259d8a6068806f7f22cc1847
26,BookKeeper,4f09c6b4af38b51d259d8a6068806f7f22cc1847,45f2edbb1c3233309f6498e581e4cdcd87dcb70a,BOOKKEEPER-92,https://issues.apache.org/jira/browse/BOOKKEEPER-92,https://github.com/apache/bookkeeper/tree/4f09c6b4af38b51d259d8a6068806f7f22cc1847,https://github.com/apache/bookkeeper/tree/45f2edbb1c3233309f6498e581e4cdcd87dcb70a,https://github.com/apache/bookkeeper/compare/4f09c6b4af38b51d259d8a6068806f7f22cc1847...45f2edbb1c3233309f6498e581e4cdcd87dcb70a
27,BookKeeper,45f2edbb1c3233309f6498e581e4cdcd87dcb70a,d6465cad801b4ee89b77d1beec6acc371f8ddb6c,BOOKKEEPER-94,https://issues.apache.org/jira/browse/BOOKKEEPER-94,https://github.com/apache/bookkeeper/tree/45f2edbb1c3233309f6498e581e4cdcd87dcb70a,https://github.com/apache/bookkeeper/tree/d6465cad801b4ee89b77d1beec6acc371f8ddb6c,https://github.com/apache/bookkeeper/compare/45f2edbb1c3233309f6498e581e4cdcd87dcb70a...d6465cad801b4ee89b77d1beec6acc371f8ddb6c
28,BookKeeper,68bdab655445f80314a0d2531e60e3b2e4d8fa17,d1823db0509fe49b0ce8140c620e4c5100427407,BOOKKEEPER-93,https://issues.apache.org/jira/browse/BOOKKEEPER-93,https://github.com/apache/bookkeeper/tree/68bdab655445f80314a0d2531e60e3b2e4d8fa17,https://github.com/apache/bookkeeper/tree/d1823db0509fe49b0ce8140c620e4c5100427407,https://github.com/apache/bookkeeper/compare/68bdab655445f80314a0d2531e60e3b2e4d8fa17...d1823db0509fe49b0ce8140c620e4c5100427407
29,BookKeeper,d1823db0509fe49b0ce8140c620e4c5100427407,ea616470cfbd129bb03098698a562e1b8dd8ecc4,BOOKKEEPER-100,https://issues.apache.org/jira/browse/BOOKKEEPER-100,https://github.com/apache/bookkeeper/tree/d1823db0509fe49b0ce8140c620e4c5100427407,https://github.com/apache/bookkeeper/tree/ea616470cfbd129bb03098698a562e1b8dd8ecc4,https://github.com/apache/bookkeeper/compare/d1823db0509fe49b0ce8140c620e4c5100427407...ea616470cfbd129bb03098698a562e1b8dd8ecc4
30,BookKeeper,ea616470cfbd129bb03098698a562e1b8dd8ecc4,dc5f5d223502b8bc9ef6bc3706f3bbea975e757e,BOOKKEEPER-71,https://issues.apache.org/jira/browse/BOOKKEEPER-71,https://github.com/apache/bookkeeper/tree/ea616470cfbd129bb03098698a562e1b8dd8ecc4,https://github.com/apache/bookkeeper/tree/dc5f5d223502b8bc9ef6bc3706f3bbea975e757e,https://github.com/apache/bookkeeper/compare/ea616470cfbd129bb03098698a562e1b8dd8ecc4...dc5f5d223502b8bc9ef6bc3706f3bbea975e757e
31,BookKeeper,dc5f5d223502b8bc9ef6bc3706f3bbea975e757e,978c0e13dd5896494f306ec2afed026caa9993b0,BOOKKEEPER-103,https://issues.apache.org/jira/browse/BOOKKEEPER-103,https://github.com/apache/bookkeeper/tree/dc5f5d223502b8bc9ef6bc3706f3bbea975e757e,https://github.com/apache/bookkeeper/tree/978c0e13dd5896494f306ec2afed026caa9993b0,https://github.com/apache/bookkeeper/compare/dc5f5d223502b8bc9ef6bc3706f3bbea975e757e...978c0e13dd5896494f306ec2afed026caa9993b0
32,BookKeeper,e7184063b0fa20fbbb9802863143a11183858656,c17dfb9aa2aeb6d3d1c6fa934dc9ef15bf6b5bc2,BOOKKEEPER-50,https://issues.apache.org/jira/browse/BOOKKEEPER-50,https://github.com/apache/bookkeeper/tree/e7184063b0fa20fbbb9802863143a11183858656,https://github.com/apache/bookkeeper/tree/c17dfb9aa2aeb6d3d1c6fa934dc9ef15bf6b5bc2,https://github.com/apache/bookkeeper/compare/e7184063b0fa20fbbb9802863143a11183858656...c17dfb9aa2aeb6d3d1c6fa934dc9ef15bf6b5bc2
33,BookKeeper,c17dfb9aa2aeb6d3d1c6fa934dc9ef15bf6b5bc2,2ea2fd09f2bbbea18e183c8af8e82e81eee9fe79,BOOKKEEPER-107,https://issues.apache.org/jira/browse/BOOKKEEPER-107,https://github.com/apache/bookkeeper/tree/c17dfb9aa2aeb6d3d1c6fa934dc9ef15bf6b5bc2,https://github.com/apache/bookkeeper/tree/2ea2fd09f2bbbea18e183c8af8e82e81eee9fe79,https://github.com/apache/bookkeeper/compare/c17dfb9aa2aeb6d3d1c6fa934dc9ef15bf6b5bc2...2ea2fd09f2bbbea18e183c8af8e82e81eee9fe79
34,BookKeeper,2ea2fd09f2bbbea18e183c8af8e82e81eee9fe79,6e3b195d16ef4b24618d7bb13b3eede6b9126e74,BOOKKEEPER-80,https://issues.apache.org/jira/browse/BOOKKEEPER-80,https://github.com/apache/bookkeeper/tree/2ea2fd09f2bbbea18e183c8af8e82e81eee9fe79,https://github.com/apache/bookkeeper/tree/6e3b195d16ef4b24618d7bb13b3eede6b9126e74,https://github.com/apache/bookkeeper/compare/2ea2fd09f2bbbea18e183c8af8e82e81eee9fe79...6e3b195d16ef4b24618d7bb13b3eede6b9126e74
35,BookKeeper,cc467bd5880c2879e6c0355469d51759f89bbabc,75dbf699b90dd01b0dd44e4bdda60e7176b3ee12,BOOKKEEPER-106,https://issues.apache.org/jira/browse/BOOKKEEPER-106,https://github.com/apache/bookkeeper/tree/cc467bd5880c2879e6c0355469d51759f89bbabc,https://github.com/apache/bookkeeper/tree/75dbf699b90dd01b0dd44e4bdda60e7176b3ee12,https://github.com/apache/bookkeeper/compare/cc467bd5880c2879e6c0355469d51759f89bbabc...75dbf699b90dd01b0dd44e4bdda60e7176b3ee12
36,BookKeeper,75dbf699b90dd01b0dd44e4bdda60e7176b3ee12,64411b9af4eede947f0cf0fd46da4d3170ec18e4,BOOKKEEPER-106,https://issues.apache.org/jira/browse/BOOKKEEPER-106,https://github.com/apache/bookkeeper/tree/75dbf699b90dd01b0dd44e4bdda60e7176b3ee12,https://github.com/apache/bookkeeper/tree/64411b9af4eede947f0cf0fd46da4d3170ec18e4,https://github.com/apache/bookkeeper/compare/75dbf699b90dd01b0dd44e4bdda60e7176b3ee12...64411b9af4eede947f0cf0fd46da4d3170ec18e4
37,BookKeeper,b83d00086a263af5b51e3e061170934c53447976,304bf8fe61bd545072d09c7089d8b92fc3c2f1d3,BOOKKEEPER-81,https://issues.apache.org/jira/browse/BOOKKEEPER-81,https://github.com/apache/bookkeeper/tree/b83d00086a263af5b51e3e061170934c53447976,https://github.com/apache/bookkeeper/tree/304bf8fe61bd545072d09c7089d8b92fc3c2f1d3,https://github.com/apache/bookkeeper/compare/b83d00086a263af5b51e3e061170934c53447976...304bf8fe61bd545072d09c7089d8b92fc3c2f1d3
38,BookKeeper,3969ff71a1865b5b8c32b60ac529999c6de71ab8,03e03c2b4a0eb0266cad4eb5e34099100629425e,BOOKKEEPER-87,https://issues.apache.org/jira/browse/BOOKKEEPER-87,https://github.com/apache/bookkeeper/tree/3969ff71a1865b5b8c32b60ac529999c6de71ab8,https://github.com/apache/bookkeeper/tree/03e03c2b4a0eb0266cad4eb5e34099100629425e,https://github.com/apache/bookkeeper/compare/3969ff71a1865b5b8c32b60ac529999c6de71ab8...03e03c2b4a0eb0266cad4eb5e34099100629425e
39,BookKeeper,4049d4c2b115f81008ef7a3920fd9153ced2f53c,4afc000c193174857925f357a32950ab743490bc,BOOKKEEPER-69,https://issues.apache.org/jira/browse/BOOKKEEPER-69,https://github.com/apache/bookkeeper/tree/4049d4c2b115f81008ef7a3920fd9153ced2f53c,https://github.com/apache/bookkeeper/tree/4afc000c193174857925f357a32950ab743490bc,https://github.com/apache/bookkeeper/compare/4049d4c2b115f81008ef7a3920fd9153ced2f53c...4afc000c193174857925f357a32950ab743490bc
40,BookKeeper,4afc000c193174857925f357a32950ab743490bc,d33f843a67ad8bc73367259c78170c0bfab24cdc,BOOKKEEPER-115,https://issues.apache.org/jira/browse/BOOKKEEPER-115,https://github.com/apache/bookkeeper/tree/4afc000c193174857925f357a32950ab743490bc,https://github.com/apache/bookkeeper/tree/d33f843a67ad8bc73367259c78170c0bfab24cdc,https://github.com/apache/bookkeeper/compare/4afc000c193174857925f357a32950ab743490bc...d33f843a67ad8bc73367259c78170c0bfab24cdc
41,BookKeeper,aed845b574b88abc825634d3c860dcfd40351fb8,1bcbc47bcc6394b0c6fdeb73203aab59eab0fee5,BOOKKEEPER-79,https://issues.apache.org/jira/browse/BOOKKEEPER-79,https://github.com/apache/bookkeeper/tree/aed845b574b88abc825634d3c860dcfd40351fb8,https://github.com/apache/bookkeeper/tree/1bcbc47bcc6394b0c6fdeb73203aab59eab0fee5,https://github.com/apache/bookkeeper/compare/aed845b574b88abc825634d3c860dcfd40351fb8...1bcbc47bcc6394b0c6fdeb73203aab59eab0fee5
42,BookKeeper,1bcbc47bcc6394b0c6fdeb73203aab59eab0fee5,e110067476eb55289d6dd86a94a6a1b0ab1a2ad8,BOOKKEEPER-118,https://issues.apache.org/jira/browse/BOOKKEEPER-118,https://github.com/apache/bookkeeper/tree/1bcbc47bcc6394b0c6fdeb73203aab59eab0fee5,https://github.com/apache/bookkeeper/tree/e110067476eb55289d6dd86a94a6a1b0ab1a2ad8,https://github.com/apache/bookkeeper/compare/1bcbc47bcc6394b0c6fdeb73203aab59eab0fee5...e110067476eb55289d6dd86a94a6a1b0ab1a2ad8
43,BookKeeper,9daeb60bc274a425b9e90ed50d3454a6bfb3cf31,d5d73a8591369458c075034b8111f0dfabc2916d,BOOKKEEPER-119,https://issues.apache.org/jira/browse/BOOKKEEPER-119,https://github.com/apache/bookkeeper/tree/9daeb60bc274a425b9e90ed50d3454a6bfb3cf31,https://github.com/apache/bookkeeper/tree/d5d73a8591369458c075034b8111f0dfabc2916d,https://github.com/apache/bookkeeper/compare/9daeb60bc274a425b9e90ed50d3454a6bfb3cf31...d5d73a8591369458c075034b8111f0dfabc2916d
44,BookKeeper,d5d73a8591369458c075034b8111f0dfabc2916d,3af9f38fc3b53c40751904972384ecb9a4e9fb44,BOOKKEEPER-39,https://issues.apache.org/jira/browse/BOOKKEEPER-39,https://github.com/apache/bookkeeper/tree/d5d73a8591369458c075034b8111f0dfabc2916d,https://github.com/apache/bookkeeper/tree/3af9f38fc3b53c40751904972384ecb9a4e9fb44,https://github.com/apache/bookkeeper/compare/d5d73a8591369458c075034b8111f0dfabc2916d...3af9f38fc3b53c40751904972384ecb9a4e9fb44
45,BookKeeper,3af9f38fc3b53c40751904972384ecb9a4e9fb44,924fb834de0ae926ea075385c47dd29f8dd804a3,BOOKKEEPER-53,https://issues.apache.org/jira/browse/BOOKKEEPER-53,https://github.com/apache/bookkeeper/tree/3af9f38fc3b53c40751904972384ecb9a4e9fb44,https://github.com/apache/bookkeeper/tree/924fb834de0ae926ea075385c47dd29f8dd804a3,https://github.com/apache/bookkeeper/compare/3af9f38fc3b53c40751904972384ecb9a4e9fb44...924fb834de0ae926ea075385c47dd29f8dd804a3
46,BookKeeper,924fb834de0ae926ea075385c47dd29f8dd804a3,c323c003687319d20eb7539c0e85a9cf3a4a6d08,BOOKKEEPER-124,https://issues.apache.org/jira/browse/BOOKKEEPER-124,https://github.com/apache/bookkeeper/tree/924fb834de0ae926ea075385c47dd29f8dd804a3,https://github.com/apache/bookkeeper/tree/c323c003687319d20eb7539c0e85a9cf3a4a6d08,https://github.com/apache/bookkeeper/compare/924fb834de0ae926ea075385c47dd29f8dd804a3...c323c003687319d20eb7539c0e85a9cf3a4a6d08
47,BookKeeper,c323c003687319d20eb7539c0e85a9cf3a4a6d08,504867718d934b66dfa4df8edc55c9c888aa3d42,BOOKKEEPER-125,https://issues.apache.org/jira/browse/BOOKKEEPER-125,https://github.com/apache/bookkeeper/tree/c323c003687319d20eb7539c0e85a9cf3a4a6d08,https://github.com/apache/bookkeeper/tree/504867718d934b66dfa4df8edc55c9c888aa3d42,https://github.com/apache/bookkeeper/compare/c323c003687319d20eb7539c0e85a9cf3a4a6d08...504867718d934b66dfa4df8edc55c9c888aa3d42
48,BookKeeper,504867718d934b66dfa4df8edc55c9c888aa3d42,da088187d80bf0b935aad14c1a4aa73e4920378f,BOOKKEEPER-62,https://issues.apache.org/jira/browse/BOOKKEEPER-62,https://github.com/apache/bookkeeper/tree/504867718d934b66dfa4df8edc55c9c888aa3d42,https://github.com/apache/bookkeeper/tree/da088187d80bf0b935aad14c1a4aa73e4920378f,https://github.com/apache/bookkeeper/compare/504867718d934b66dfa4df8edc55c9c888aa3d42...da088187d80bf0b935aad14c1a4aa73e4920378f
49,BookKeeper,8b6f36788cb4614d506e0e526475592cd8fbeb6a,aa1d8296672a1a29fdc3de630f5995c0d1a21429,BOOKKEEPER-127,https://issues.apache.org/jira/browse/BOOKKEEPER-127,https://github.com/apache/bookkeeper/tree/8b6f36788cb4614d506e0e526475592cd8fbeb6a,https://github.com/apache/bookkeeper/tree/aa1d8296672a1a29fdc3de630f5995c0d1a21429,https://github.com/apache/bookkeeper/compare/8b6f36788cb4614d506e0e526475592cd8fbeb6a...aa1d8296672a1a29fdc3de630f5995c0d1a21429
50,BookKeeper,49aa4df144abcd6b117ac376b71ac70a5af946b7,fa78ba95d4e6ccff5ebb734e6036b11c802b3030,BOOKKEEPER-128,https://issues.apache.org/jira/browse/BOOKKEEPER-128,https://github.com/apache/bookkeeper/tree/49aa4df144abcd6b117ac376b71ac70a5af946b7,https://github.com/apache/bookkeeper/tree/fa78ba95d4e6ccff5ebb734e6036b11c802b3030,https://github.com/apache/bookkeeper/compare/49aa4df144abcd6b117ac376b71ac70a5af946b7...fa78ba95d4e6ccff5ebb734e6036b11c802b3030
51,BookKeeper,fa78ba95d4e6ccff5ebb734e6036b11c802b3030,92e69b331797ea6a4eb4d46b668360e6c7bb9bd4,BOOKKEEPER-129,https://issues.apache.org/jira/browse/BOOKKEEPER-129,https://github.com/apache/bookkeeper/tree/fa78ba95d4e6ccff5ebb734e6036b11c802b3030,https://github.com/apache/bookkeeper/tree/92e69b331797ea6a4eb4d46b668360e6c7bb9bd4,https://github.com/apache/bookkeeper/compare/fa78ba95d4e6ccff5ebb734e6036b11c802b3030...92e69b331797ea6a4eb4d46b668360e6c7bb9bd4
52,BookKeeper,92e69b331797ea6a4eb4d46b668360e6c7bb9bd4,12840c3e9e85ac400597d26663b19277c41987a7,BOOKKEEPER-130,https://issues.apache.org/jira/browse/BOOKKEEPER-130,https://github.com/apache/bookkeeper/tree/92e69b331797ea6a4eb4d46b668360e6c7bb9bd4,https://github.com/apache/bookkeeper/tree/12840c3e9e85ac400597d26663b19277c41987a7,https://github.com/apache/bookkeeper/compare/92e69b331797ea6a4eb4d46b668360e6c7bb9bd4...12840c3e9e85ac400597d26663b19277c41987a7
53,BookKeeper,9794cc0c6d8531c1a6540db660e55add2469d019,3bc2bdb0d0f38b004fa95a58e8b02104005c663b,BOOKKEEPER-66,https://issues.apache.org/jira/browse/BOOKKEEPER-66,https://github.com/apache/bookkeeper/tree/9794cc0c6d8531c1a6540db660e55add2469d019,https://github.com/apache/bookkeeper/tree/3bc2bdb0d0f38b004fa95a58e8b02104005c663b,https://github.com/apache/bookkeeper/compare/9794cc0c6d8531c1a6540db660e55add2469d019...3bc2bdb0d0f38b004fa95a58e8b02104005c663b
54,BookKeeper,63b032331f28fe434ea37d7cb2e515609298b7ed,86844d7303f62a8e2361ca56d83ba2d47e5c77b8,BOOKKEEPER-131,https://issues.apache.org/jira/browse/BOOKKEEPER-131,https://github.com/apache/bookkeeper/tree/63b032331f28fe434ea37d7cb2e515609298b7ed,https://github.com/apache/bookkeeper/tree/86844d7303f62a8e2361ca56d83ba2d47e5c77b8,https://github.com/apache/bookkeeper/compare/63b032331f28fe434ea37d7cb2e515609298b7ed...86844d7303f62a8e2361ca56d83ba2d47e5c77b8
55,BookKeeper,86844d7303f62a8e2361ca56d83ba2d47e5c77b8,dcfe4bcc5123eb70a5366bbf3b4931d8d23f9e48,BOOKKEEPER-134,https://issues.apache.org/jira/browse/BOOKKEEPER-134,https://github.com/apache/bookkeeper/tree/86844d7303f62a8e2361ca56d83ba2d47e5c77b8,https://github.com/apache/bookkeeper/tree/dcfe4bcc5123eb70a5366bbf3b4931d8d23f9e48,https://github.com/apache/bookkeeper/compare/86844d7303f62a8e2361ca56d83ba2d47e5c77b8...dcfe4bcc5123eb70a5366bbf3b4931d8d23f9e48
56,BookKeeper,dcfe4bcc5123eb70a5366bbf3b4931d8d23f9e48,213db5d6a6d55b5b093776a4c54fa5c8ffed5f0d,BOOKKEEPER-130,https://issues.apache.org/jira/browse/BOOKKEEPER-130,https://github.com/apache/bookkeeper/tree/dcfe4bcc5123eb70a5366bbf3b4931d8d23f9e48,https://github.com/apache/bookkeeper/tree/213db5d6a6d55b5b093776a4c54fa5c8ffed5f0d,https://github.com/apache/bookkeeper/compare/dcfe4bcc5123eb70a5366bbf3b4931d8d23f9e48...213db5d6a6d55b5b093776a4c54fa5c8ffed5f0d
57,BookKeeper,213db5d6a6d55b5b093776a4c54fa5c8ffed5f0d,d006007ccf86f924d0773e267675a52e98314710,BOOKKEEPER-138,https://issues.apache.org/jira/browse/BOOKKEEPER-138,https://github.com/apache/bookkeeper/tree/213db5d6a6d55b5b093776a4c54fa5c8ffed5f0d,https://github.com/apache/bookkeeper/tree/d006007ccf86f924d0773e267675a52e98314710,https://github.com/apache/bookkeeper/compare/213db5d6a6d55b5b093776a4c54fa5c8ffed5f0d...d006007ccf86f924d0773e267675a52e98314710
58,BookKeeper,d006007ccf86f924d0773e267675a52e98314710,1c90beb59a6aa94f18ca6b5ca1f94a0db5e0cc14,BOOKKEEPER-139,https://issues.apache.org/jira/browse/BOOKKEEPER-139,https://github.com/apache/bookkeeper/tree/d006007ccf86f924d0773e267675a52e98314710,https://github.com/apache/bookkeeper/tree/1c90beb59a6aa94f18ca6b5ca1f94a0db5e0cc14,https://github.com/apache/bookkeeper/compare/d006007ccf86f924d0773e267675a52e98314710...1c90beb59a6aa94f18ca6b5ca1f94a0db5e0cc14
59,BookKeeper,1c90beb59a6aa94f18ca6b5ca1f94a0db5e0cc14,9eb549d4c308963af0be3288a59b0c4c39cbb5e6,BOOKKEEPER-142,https://issues.apache.org/jira/browse/BOOKKEEPER-142,https://github.com/apache/bookkeeper/tree/1c90beb59a6aa94f18ca6b5ca1f94a0db5e0cc14,https://github.com/apache/bookkeeper/tree/9eb549d4c308963af0be3288a59b0c4c39cbb5e6,https://github.com/apache/bookkeeper/compare/1c90beb59a6aa94f18ca6b5ca1f94a0db5e0cc14...9eb549d4c308963af0be3288a59b0c4c39cbb5e6
60,BookKeeper,015097021c1a2d2860643fda7fcb3e8a0d191442,8f755ed13f193ad6491fdca1794d834f3d3d4dcc,BOOKKEEPER-140,https://issues.apache.org/jira/browse/BOOKKEEPER-140,https://github.com/apache/bookkeeper/tree/015097021c1a2d2860643fda7fcb3e8a0d191442,https://github.com/apache/bookkeeper/tree/8f755ed13f193ad6491fdca1794d834f3d3d4dcc,https://github.com/apache/bookkeeper/compare/015097021c1a2d2860643fda7fcb3e8a0d191442...8f755ed13f193ad6491fdca1794d834f3d3d4dcc
61,BookKeeper,8f755ed13f193ad6491fdca1794d834f3d3d4dcc,0975f069d90748eb43fcec7622d3961b0446ea28,BOOKKEEPER-133,https://issues.apache.org/jira/browse/BOOKKEEPER-133,https://github.com/apache/bookkeeper/tree/8f755ed13f193ad6491fdca1794d834f3d3d4dcc,https://github.com/apache/bookkeeper/tree/0975f069d90748eb43fcec7622d3961b0446ea28,https://github.com/apache/bookkeeper/compare/8f755ed13f193ad6491fdca1794d834f3d3d4dcc...0975f069d90748eb43fcec7622d3961b0446ea28
62,BookKeeper,0975f069d90748eb43fcec7622d3961b0446ea28,e32715ad96558a9941910dd6ae91fc1c646baeb6,BOOKKEEPER-148,https://issues.apache.org/jira/browse/BOOKKEEPER-148,https://github.com/apache/bookkeeper/tree/0975f069d90748eb43fcec7622d3961b0446ea28,https://github.com/apache/bookkeeper/tree/e32715ad96558a9941910dd6ae91fc1c646baeb6,https://github.com/apache/bookkeeper/compare/0975f069d90748eb43fcec7622d3961b0446ea28...e32715ad96558a9941910dd6ae91fc1c646baeb6
63,BookKeeper,e32715ad96558a9941910dd6ae91fc1c646baeb6,0d43f404ea145a35d46371967975f9590649a033,BOOKKEEPER-40,https://issues.apache.org/jira/browse/BOOKKEEPER-40,https://github.com/apache/bookkeeper/tree/e32715ad96558a9941910dd6ae91fc1c646baeb6,https://github.com/apache/bookkeeper/tree/0d43f404ea145a35d46371967975f9590649a033,https://github.com/apache/bookkeeper/compare/e32715ad96558a9941910dd6ae91fc1c646baeb6...0d43f404ea145a35d46371967975f9590649a033
64,BookKeeper,0d43f404ea145a35d46371967975f9590649a033,c7c8af741a2f532b554dcdabf85237c23ea14aaa,BOOKKEEPER-150,https://issues.apache.org/jira/browse/BOOKKEEPER-150,https://github.com/apache/bookkeeper/tree/0d43f404ea145a35d46371967975f9590649a033,https://github.com/apache/bookkeeper/tree/c7c8af741a2f532b554dcdabf85237c23ea14aaa,https://github.com/apache/bookkeeper/compare/0d43f404ea145a35d46371967975f9590649a033...c7c8af741a2f532b554dcdabf85237c23ea14aaa
65,BookKeeper,cdcfbb52cbf8f0e6f17d56d7185cf0d04c9c856b,f56e596d70c66dac170008ffbe19489eee05be08,BOOKKEEPER-153,https://issues.apache.org/jira/browse/BOOKKEEPER-153,https://github.com/apache/bookkeeper/tree/cdcfbb52cbf8f0e6f17d56d7185cf0d04c9c856b,https://github.com/apache/bookkeeper/tree/f56e596d70c66dac170008ffbe19489eee05be08,https://github.com/apache/bookkeeper/compare/cdcfbb52cbf8f0e6f17d56d7185cf0d04c9c856b...f56e596d70c66dac170008ffbe19489eee05be08
66,BookKeeper,835d963cb26d0a5d5b1cc79a0faf185b49673d16,cfe3e650b69b2b599dd5b2f27f2164af38c7a2be,BOOKKEEPER-161,https://issues.apache.org/jira/browse/BOOKKEEPER-161,https://github.com/apache/bookkeeper/tree/835d963cb26d0a5d5b1cc79a0faf185b49673d16,https://github.com/apache/bookkeeper/tree/cfe3e650b69b2b599dd5b2f27f2164af38c7a2be,https://github.com/apache/bookkeeper/compare/835d963cb26d0a5d5b1cc79a0faf185b49673d16...cfe3e650b69b2b599dd5b2f27f2164af38c7a2be
67,BookKeeper,cfe3e650b69b2b599dd5b2f27f2164af38c7a2be,3272204448bf210d03377ba822d01419ad197a17,BOOKKEEPER-167,https://issues.apache.org/jira/browse/BOOKKEEPER-167,https://github.com/apache/bookkeeper/tree/cfe3e650b69b2b599dd5b2f27f2164af38c7a2be,https://github.com/apache/bookkeeper/tree/3272204448bf210d03377ba822d01419ad197a17,https://github.com/apache/bookkeeper/compare/cfe3e650b69b2b599dd5b2f27f2164af38c7a2be...3272204448bf210d03377ba822d01419ad197a17
68,BookKeeper,3272204448bf210d03377ba822d01419ad197a17,bd2efa12f1f63afa90723ce405caebafb4afd6be,BOOKKEEPER-156,https://issues.apache.org/jira/browse/BOOKKEEPER-156,https://github.com/apache/bookkeeper/tree/3272204448bf210d03377ba822d01419ad197a17,https://github.com/apache/bookkeeper/tree/bd2efa12f1f63afa90723ce405caebafb4afd6be,https://github.com/apache/bookkeeper/compare/3272204448bf210d03377ba822d01419ad197a17...bd2efa12f1f63afa90723ce405caebafb4afd6be
69,BookKeeper,beca5951f73cb9c39be10a4166a90dee9fff3c1c,c65d6ada34215ee3a5466c495d565d745857c435,BOOKKEEPER-137,https://issues.apache.org/jira/browse/BOOKKEEPER-137,https://github.com/apache/bookkeeper/tree/beca5951f73cb9c39be10a4166a90dee9fff3c1c,https://github.com/apache/bookkeeper/tree/c65d6ada34215ee3a5466c495d565d745857c435,https://github.com/apache/bookkeeper/compare/beca5951f73cb9c39be10a4166a90dee9fff3c1c...c65d6ada34215ee3a5466c495d565d745857c435
70,BookKeeper,c65d6ada34215ee3a5466c495d565d745857c435,29a472598083e522645f918ec602dd91d800f0d5,BOOKKEEPER-162,https://issues.apache.org/jira/browse/BOOKKEEPER-162,https://github.com/apache/bookkeeper/tree/c65d6ada34215ee3a5466c495d565d745857c435,https://github.com/apache/bookkeeper/tree/29a472598083e522645f918ec602dd91d800f0d5,https://github.com/apache/bookkeeper/compare/c65d6ada34215ee3a5466c495d565d745857c435...29a472598083e522645f918ec602dd91d800f0d5
71,BookKeeper,29a472598083e522645f918ec602dd91d800f0d5,5a3b29d05abd71c6e5d1b3045abafd434db15f24,BOOKKEEPER-152,https://issues.apache.org/jira/browse/BOOKKEEPER-152,https://github.com/apache/bookkeeper/tree/29a472598083e522645f918ec602dd91d800f0d5,https://github.com/apache/bookkeeper/tree/5a3b29d05abd71c6e5d1b3045abafd434db15f24,https://github.com/apache/bookkeeper/compare/29a472598083e522645f918ec602dd91d800f0d5...5a3b29d05abd71c6e5d1b3045abafd434db15f24
72,BookKeeper,5a3b29d05abd71c6e5d1b3045abafd434db15f24,3defe9e5110472da995789b5ae14c286f58f1293,BOOKKEEPER-171,https://issues.apache.org/jira/browse/BOOKKEEPER-171,https://github.com/apache/bookkeeper/tree/5a3b29d05abd71c6e5d1b3045abafd434db15f24,https://github.com/apache/bookkeeper/tree/3defe9e5110472da995789b5ae14c286f58f1293,https://github.com/apache/bookkeeper/compare/5a3b29d05abd71c6e5d1b3045abafd434db15f24...3defe9e5110472da995789b5ae14c286f58f1293
73,BookKeeper,3defe9e5110472da995789b5ae14c286f58f1293,633a23b3a20b27a551328be2efe5f057be3c99e2,BOOKKEEPER-170,https://issues.apache.org/jira/browse/BOOKKEEPER-170,https://github.com/apache/bookkeeper/tree/3defe9e5110472da995789b5ae14c286f58f1293,https://github.com/apache/bookkeeper/tree/633a23b3a20b27a551328be2efe5f057be3c99e2,https://github.com/apache/bookkeeper/compare/3defe9e5110472da995789b5ae14c286f58f1293...633a23b3a20b27a551328be2efe5f057be3c99e2
74,BookKeeper,633a23b3a20b27a551328be2efe5f057be3c99e2,bad375aa35a2c17c466d2be7481e7d16220d59b0,BOOKKEEPER-169,https://issues.apache.org/jira/browse/BOOKKEEPER-169,https://github.com/apache/bookkeeper/tree/633a23b3a20b27a551328be2efe5f057be3c99e2,https://github.com/apache/bookkeeper/tree/bad375aa35a2c17c466d2be7481e7d16220d59b0,https://github.com/apache/bookkeeper/compare/633a23b3a20b27a551328be2efe5f057be3c99e2...bad375aa35a2c17c466d2be7481e7d16220d59b0
75,BookKeeper,bad375aa35a2c17c466d2be7481e7d16220d59b0,014bcd501c14141facd0e3eb4bb488ccba3a2b7d,BOOKKEEPER-174,https://issues.apache.org/jira/browse/BOOKKEEPER-174,https://github.com/apache/bookkeeper/tree/bad375aa35a2c17c466d2be7481e7d16220d59b0,https://github.com/apache/bookkeeper/tree/014bcd501c14141facd0e3eb4bb488ccba3a2b7d,https://github.com/apache/bookkeeper/compare/bad375aa35a2c17c466d2be7481e7d16220d59b0...014bcd501c14141facd0e3eb4bb488ccba3a2b7d
76,BookKeeper,110d36673bcc393853aaab4bb423d785daa947c7,9523193456992a2edd36106120a8a9f246af6995,BOOKKEEPER-177,https://issues.apache.org/jira/browse/BOOKKEEPER-177,https://github.com/apache/bookkeeper/tree/110d36673bcc393853aaab4bb423d785daa947c7,https://github.com/apache/bookkeeper/tree/9523193456992a2edd36106120a8a9f246af6995,https://github.com/apache/bookkeeper/compare/110d36673bcc393853aaab4bb423d785daa947c7...9523193456992a2edd36106120a8a9f246af6995
77,BookKeeper,2ec70d4dbf2266b17bdb99975f974f30afa65593,9366322bfe3461a44a8b0444e66cd774ea1ac7d8,BOOKKEEPER-113,https://issues.apache.org/jira/browse/BOOKKEEPER-113,https://github.com/apache/bookkeeper/tree/2ec70d4dbf2266b17bdb99975f974f30afa65593,https://github.com/apache/bookkeeper/tree/9366322bfe3461a44a8b0444e66cd774ea1ac7d8,https://github.com/apache/bookkeeper/compare/2ec70d4dbf2266b17bdb99975f974f30afa65593...9366322bfe3461a44a8b0444e66cd774ea1ac7d8
78,BookKeeper,9366322bfe3461a44a8b0444e66cd774ea1ac7d8,76818a6aadd4aa40a45aca6f5b0acba79cd42515,BOOKKEEPER-74,https://issues.apache.org/jira/browse/BOOKKEEPER-74,https://github.com/apache/bookkeeper/tree/9366322bfe3461a44a8b0444e66cd774ea1ac7d8,https://github.com/apache/bookkeeper/tree/76818a6aadd4aa40a45aca6f5b0acba79cd42515,https://github.com/apache/bookkeeper/compare/9366322bfe3461a44a8b0444e66cd774ea1ac7d8...76818a6aadd4aa40a45aca6f5b0acba79cd42515
79,BookKeeper,76818a6aadd4aa40a45aca6f5b0acba79cd42515,431554da9e2598c73edfbaf671e87cfd9ae94716,BOOKKEEPER-176,https://issues.apache.org/jira/browse/BOOKKEEPER-176,https://github.com/apache/bookkeeper/tree/76818a6aadd4aa40a45aca6f5b0acba79cd42515,https://github.com/apache/bookkeeper/tree/431554da9e2598c73edfbaf671e87cfd9ae94716,https://github.com/apache/bookkeeper/compare/76818a6aadd4aa40a45aca6f5b0acba79cd42515...431554da9e2598c73edfbaf671e87cfd9ae94716
80,BookKeeper,e911559291b6ae9aa310a695fb4174796921ac81,cb8296636b961253f9586f535db285bfafa54a8a,BOOKKEEPER-180,https://issues.apache.org/jira/browse/BOOKKEEPER-180,https://github.com/apache/bookkeeper/tree/e911559291b6ae9aa310a695fb4174796921ac81,https://github.com/apache/bookkeeper/tree/cb8296636b961253f9586f535db285bfafa54a8a,https://github.com/apache/bookkeeper/compare/e911559291b6ae9aa310a695fb4174796921ac81...cb8296636b961253f9586f535db285bfafa54a8a
81,BookKeeper,8207445ea25bef37e3369e749913acc0d597d9b2,c6cc7cca3a85603c8e935ba6d06fbf3d8d7a7eb5,BOOKKEEPER-163,https://issues.apache.org/jira/browse/BOOKKEEPER-163,https://github.com/apache/bookkeeper/tree/8207445ea25bef37e3369e749913acc0d597d9b2,https://github.com/apache/bookkeeper/tree/c6cc7cca3a85603c8e935ba6d06fbf3d8d7a7eb5,https://github.com/apache/bookkeeper/compare/8207445ea25bef37e3369e749913acc0d597d9b2...c6cc7cca3a85603c8e935ba6d06fbf3d8d7a7eb5
82,BookKeeper,e8a1dec3fbea9b2f8c59c32e2f189d60c1864688,a4bded985ca1346a17ee0dcf08fe9dcd570dcfb7,BOOKKEEPER-184,https://issues.apache.org/jira/browse/BOOKKEEPER-184,https://github.com/apache/bookkeeper/tree/e8a1dec3fbea9b2f8c59c32e2f189d60c1864688,https://github.com/apache/bookkeeper/tree/a4bded985ca1346a17ee0dcf08fe9dcd570dcfb7,https://github.com/apache/bookkeeper/compare/e8a1dec3fbea9b2f8c59c32e2f189d60c1864688...a4bded985ca1346a17ee0dcf08fe9dcd570dcfb7
83,BookKeeper,a4bded985ca1346a17ee0dcf08fe9dcd570dcfb7,33bef6356dfcf14928314e14c20ae73de80bdf99,BOOKKEEPER-182,https://issues.apache.org/jira/browse/BOOKKEEPER-182,https://github.com/apache/bookkeeper/tree/a4bded985ca1346a17ee0dcf08fe9dcd570dcfb7,https://github.com/apache/bookkeeper/tree/33bef6356dfcf14928314e14c20ae73de80bdf99,https://github.com/apache/bookkeeper/compare/a4bded985ca1346a17ee0dcf08fe9dcd570dcfb7...33bef6356dfcf14928314e14c20ae73de80bdf99
84,BookKeeper,0663029788d504f38e98fd79e625a466bb4780c9,3abac4eb86d64286d057d73024a177ef300283b0,BOOKKEEPER-186,https://issues.apache.org/jira/browse/BOOKKEEPER-186,https://github.com/apache/bookkeeper/tree/0663029788d504f38e98fd79e625a466bb4780c9,https://github.com/apache/bookkeeper/tree/3abac4eb86d64286d057d73024a177ef300283b0,https://github.com/apache/bookkeeper/compare/0663029788d504f38e98fd79e625a466bb4780c9...3abac4eb86d64286d057d73024a177ef300283b0
85,BookKeeper,7199719beebe79325a93ef57a1140c2ed50c26e9,f3a404e4e6b0d0c2a0b2a83d38cdedaff0683e68,BOOKKEEPER-188,https://issues.apache.org/jira/browse/BOOKKEEPER-188,https://github.com/apache/bookkeeper/tree/7199719beebe79325a93ef57a1140c2ed50c26e9,https://github.com/apache/bookkeeper/tree/f3a404e4e6b0d0c2a0b2a83d38cdedaff0683e68,https://github.com/apache/bookkeeper/compare/7199719beebe79325a93ef57a1140c2ed50c26e9...f3a404e4e6b0d0c2a0b2a83d38cdedaff0683e68
86,BookKeeper,f3a404e4e6b0d0c2a0b2a83d38cdedaff0683e68,3d32544c0b2b1cd5b184531846a451f518486c7d,BOOKKEEPER-189,https://issues.apache.org/jira/browse/BOOKKEEPER-189,https://github.com/apache/bookkeeper/tree/f3a404e4e6b0d0c2a0b2a83d38cdedaff0683e68,https://github.com/apache/bookkeeper/tree/3d32544c0b2b1cd5b184531846a451f518486c7d,https://github.com/apache/bookkeeper/compare/f3a404e4e6b0d0c2a0b2a83d38cdedaff0683e68...3d32544c0b2b1cd5b184531846a451f518486c7d
87,BookKeeper,3d32544c0b2b1cd5b184531846a451f518486c7d,6d56d60831a63fe9520ce156686d0cb1142e44f5,BOOKKEEPER-195,https://issues.apache.org/jira/browse/BOOKKEEPER-195,https://github.com/apache/bookkeeper/tree/3d32544c0b2b1cd5b184531846a451f518486c7d,https://github.com/apache/bookkeeper/tree/6d56d60831a63fe9520ce156686d0cb1142e44f5,https://github.com/apache/bookkeeper/compare/3d32544c0b2b1cd5b184531846a451f518486c7d...6d56d60831a63fe9520ce156686d0cb1142e44f5
88,BookKeeper,c805430253c6e6bb4341ad51b406ceabeafcd4e8,48304c7c07513a15d26cb61f311c9f4b998fd8fc,BOOKKEEPER-190,https://issues.apache.org/jira/browse/BOOKKEEPER-190,https://github.com/apache/bookkeeper/tree/c805430253c6e6bb4341ad51b406ceabeafcd4e8,https://github.com/apache/bookkeeper/tree/48304c7c07513a15d26cb61f311c9f4b998fd8fc,https://github.com/apache/bookkeeper/compare/c805430253c6e6bb4341ad51b406ceabeafcd4e8...48304c7c07513a15d26cb61f311c9f4b998fd8fc
89,BookKeeper,48304c7c07513a15d26cb61f311c9f4b998fd8fc,83e8672a10fab050a5bbcc1beeb9a210c1b2b90b,BOOKKEEPER-194,https://issues.apache.org/jira/browse/BOOKKEEPER-194,https://github.com/apache/bookkeeper/tree/48304c7c07513a15d26cb61f311c9f4b998fd8fc,https://github.com/apache/bookkeeper/tree/83e8672a10fab050a5bbcc1beeb9a210c1b2b90b,https://github.com/apache/bookkeeper/compare/48304c7c07513a15d26cb61f311c9f4b998fd8fc...83e8672a10fab050a5bbcc1beeb9a210c1b2b90b
90,BookKeeper,83e8672a10fab050a5bbcc1beeb9a210c1b2b90b,4b32e049dca4a1a8eea4bfb2325aee2de629b132,BOOKKEEPER-166,https://issues.apache.org/jira/browse/BOOKKEEPER-166,https://github.com/apache/bookkeeper/tree/83e8672a10fab050a5bbcc1beeb9a210c1b2b90b,https://github.com/apache/bookkeeper/tree/4b32e049dca4a1a8eea4bfb2325aee2de629b132,https://github.com/apache/bookkeeper/compare/83e8672a10fab050a5bbcc1beeb9a210c1b2b90b...4b32e049dca4a1a8eea4bfb2325aee2de629b132
91,BookKeeper,4b32e049dca4a1a8eea4bfb2325aee2de629b132,30c68b0bebff1e0a012dd81e8f05ebbf83b4ff5f,BOOKKEEPER-193,https://issues.apache.org/jira/browse/BOOKKEEPER-193,https://github.com/apache/bookkeeper/tree/4b32e049dca4a1a8eea4bfb2325aee2de629b132,https://github.com/apache/bookkeeper/tree/30c68b0bebff1e0a012dd81e8f05ebbf83b4ff5f,https://github.com/apache/bookkeeper/compare/4b32e049dca4a1a8eea4bfb2325aee2de629b132...30c68b0bebff1e0a012dd81e8f05ebbf83b4ff5f
92,BookKeeper,30c68b0bebff1e0a012dd81e8f05ebbf83b4ff5f,235bc1fec4d60567d113202b44f6fb4c1616d1ce,BOOKKEEPER-198,https://issues.apache.org/jira/browse/BOOKKEEPER-198,https://github.com/apache/bookkeeper/tree/30c68b0bebff1e0a012dd81e8f05ebbf83b4ff5f,https://github.com/apache/bookkeeper/tree/235bc1fec4d60567d113202b44f6fb4c1616d1ce,https://github.com/apache/bookkeeper/compare/30c68b0bebff1e0a012dd81e8f05ebbf83b4ff5f...235bc1fec4d60567d113202b44f6fb4c1616d1ce
93,BookKeeper,235bc1fec4d60567d113202b44f6fb4c1616d1ce,682a23fb23c8de7756d5ef226fd6e97dd8d4e561,BOOKKEEPER-112,https://issues.apache.org/jira/browse/BOOKKEEPER-112,https://github.com/apache/bookkeeper/tree/235bc1fec4d60567d113202b44f6fb4c1616d1ce,https://github.com/apache/bookkeeper/tree/682a23fb23c8de7756d5ef226fd6e97dd8d4e561,https://github.com/apache/bookkeeper/compare/235bc1fec4d60567d113202b44f6fb4c1616d1ce...682a23fb23c8de7756d5ef226fd6e97dd8d4e561
94,BookKeeper,682a23fb23c8de7756d5ef226fd6e97dd8d4e561,47244dd77fb291ec95d5da4c96751ea92bc2d516,BOOKKEEPER-135,https://issues.apache.org/jira/browse/BOOKKEEPER-135,https://github.com/apache/bookkeeper/tree/682a23fb23c8de7756d5ef226fd6e97dd8d4e561,https://github.com/apache/bookkeeper/tree/47244dd77fb291ec95d5da4c96751ea92bc2d516,https://github.com/apache/bookkeeper/compare/682a23fb23c8de7756d5ef226fd6e97dd8d4e561...47244dd77fb291ec95d5da4c96751ea92bc2d516
95,BookKeeper,47244dd77fb291ec95d5da4c96751ea92bc2d516,f694716e289c448ab89cab5fa81ea0946f9d9193,BOOKKEEPER-207,https://issues.apache.org/jira/browse/BOOKKEEPER-207,https://github.com/apache/bookkeeper/tree/47244dd77fb291ec95d5da4c96751ea92bc2d516,https://github.com/apache/bookkeeper/tree/f694716e289c448ab89cab5fa81ea0946f9d9193,https://github.com/apache/bookkeeper/compare/47244dd77fb291ec95d5da4c96751ea92bc2d516...f694716e289c448ab89cab5fa81ea0946f9d9193
96,BookKeeper,f694716e289c448ab89cab5fa81ea0946f9d9193,8f02fb64ec9612af8422f23ed7908d7f6ccf5332,BOOKKEEPER-212,https://issues.apache.org/jira/browse/BOOKKEEPER-212,https://github.com/apache/bookkeeper/tree/f694716e289c448ab89cab5fa81ea0946f9d9193,https://github.com/apache/bookkeeper/tree/8f02fb64ec9612af8422f23ed7908d7f6ccf5332,https://github.com/apache/bookkeeper/compare/f694716e289c448ab89cab5fa81ea0946f9d9193...8f02fb64ec9612af8422f23ed7908d7f6ccf5332
97,BookKeeper,8f02fb64ec9612af8422f23ed7908d7f6ccf5332,df5789843b6624ebda9c6e839458cdfbc3ed7d84,BOOKKEEPER-211,https://issues.apache.org/jira/browse/BOOKKEEPER-211,https://github.com/apache/bookkeeper/tree/8f02fb64ec9612af8422f23ed7908d7f6ccf5332,https://github.com/apache/bookkeeper/tree/df5789843b6624ebda9c6e839458cdfbc3ed7d84,https://github.com/apache/bookkeeper/compare/8f02fb64ec9612af8422f23ed7908d7f6ccf5332...df5789843b6624ebda9c6e839458cdfbc3ed7d84
98,BookKeeper,22bb0534ceebb3e9044b727177146fc220683b81,8a1ad4c3208ad0e5b546ab8e5738132698fa56f5,BOOKKEEPER-197,https://issues.apache.org/jira/browse/BOOKKEEPER-197,https://github.com/apache/bookkeeper/tree/22bb0534ceebb3e9044b727177146fc220683b81,https://github.com/apache/bookkeeper/tree/8a1ad4c3208ad0e5b546ab8e5738132698fa56f5,https://github.com/apache/bookkeeper/compare/22bb0534ceebb3e9044b727177146fc220683b81...8a1ad4c3208ad0e5b546ab8e5738132698fa56f5
99,BookKeeper,8a1ad4c3208ad0e5b546ab8e5738132698fa56f5,3d834bd3798f22a43dc434d4b809a5c22731da38,BOOKKEEPER-216,https://issues.apache.org/jira/browse/BOOKKEEPER-216,https://github.com/apache/bookkeeper/tree/8a1ad4c3208ad0e5b546ab8e5738132698fa56f5,https://github.com/apache/bookkeeper/tree/3d834bd3798f22a43dc434d4b809a5c22731da38,https://github.com/apache/bookkeeper/compare/8a1ad4c3208ad0e5b546ab8e5738132698fa56f5...3d834bd3798f22a43dc434d4b809a5c22731da38
100,BookKeeper,cf846eb5f57af19f68ccad42edda7551c852041d,b5c0791d38a093936016a7989c35363063cdb202,BOOKKEEPER-213,https://issues.apache.org/jira/browse/BOOKKEEPER-213,https://github.com/apache/bookkeeper/tree/cf846eb5f57af19f68ccad42edda7551c852041d,https://github.com/apache/bookkeeper/tree/b5c0791d38a093936016a7989c35363063cdb202,https://github.com/apache/bookkeeper/compare/cf846eb5f57af19f68ccad42edda7551c852041d...b5c0791d38a093936016a7989c35363063cdb202
101,BookKeeper,57a62a1c3ce151e1354a2a4ed212e9e8965928bf,2f25ef611dd2c8ea2c94b48af09f183d74b6167e,BOOKKEEPER-173,https://issues.apache.org/jira/browse/BOOKKEEPER-173,https://github.com/apache/bookkeeper/tree/57a62a1c3ce151e1354a2a4ed212e9e8965928bf,https://github.com/apache/bookkeeper/tree/2f25ef611dd2c8ea2c94b48af09f183d74b6167e,https://github.com/apache/bookkeeper/compare/57a62a1c3ce151e1354a2a4ed212e9e8965928bf...2f25ef611dd2c8ea2c94b48af09f183d74b6167e
102,BookKeeper,2f25ef611dd2c8ea2c94b48af09f183d74b6167e,4e9ee8d75582a66f3e11d78dea280afbb864db7e,BOOKKEEPER-56,https://issues.apache.org/jira/browse/BOOKKEEPER-56,https://github.com/apache/bookkeeper/tree/2f25ef611dd2c8ea2c94b48af09f183d74b6167e,https://github.com/apache/bookkeeper/tree/4e9ee8d75582a66f3e11d78dea280afbb864db7e,https://github.com/apache/bookkeeper/compare/2f25ef611dd2c8ea2c94b48af09f183d74b6167e...4e9ee8d75582a66f3e11d78dea280afbb864db7e
103,BookKeeper,4e9ee8d75582a66f3e11d78dea280afbb864db7e,7f9005baadbbf312db857be6c3d3c095fe800c54,BOOKKEEPER-217,https://issues.apache.org/jira/browse/BOOKKEEPER-217,https://github.com/apache/bookkeeper/tree/4e9ee8d75582a66f3e11d78dea280afbb864db7e,https://github.com/apache/bookkeeper/tree/7f9005baadbbf312db857be6c3d3c095fe800c54,https://github.com/apache/bookkeeper/compare/4e9ee8d75582a66f3e11d78dea280afbb864db7e...7f9005baadbbf312db857be6c3d3c095fe800c54
104,BookKeeper,7f9005baadbbf312db857be6c3d3c095fe800c54,f7c1ad57ead301df4d3326b5d8c8950964387fa9,BOOKKEEPER-56,https://issues.apache.org/jira/browse/BOOKKEEPER-56,https://github.com/apache/bookkeeper/tree/7f9005baadbbf312db857be6c3d3c095fe800c54,https://github.com/apache/bookkeeper/tree/f7c1ad57ead301df4d3326b5d8c8950964387fa9,https://github.com/apache/bookkeeper/compare/7f9005baadbbf312db857be6c3d3c095fe800c54...f7c1ad57ead301df4d3326b5d8c8950964387fa9
105,BookKeeper,f7c1ad57ead301df4d3326b5d8c8950964387fa9,6d50e72732aa741d3a620c4b3ec04593c68f1b62,BOOKKEEPER-231,https://issues.apache.org/jira/browse/BOOKKEEPER-231,https://github.com/apache/bookkeeper/tree/f7c1ad57ead301df4d3326b5d8c8950964387fa9,https://github.com/apache/bookkeeper/tree/6d50e72732aa741d3a620c4b3ec04593c68f1b62,https://github.com/apache/bookkeeper/compare/f7c1ad57ead301df4d3326b5d8c8950964387fa9...6d50e72732aa741d3a620c4b3ec04593c68f1b62
106,BookKeeper,268bdb8c6b5f642967329a99ec1dce5ba0af46d7,6fc326ebd647afbbcc0beab6764b5d3748e50088,BOOKKEEPER-232,https://issues.apache.org/jira/browse/BOOKKEEPER-232,https://github.com/apache/bookkeeper/tree/268bdb8c6b5f642967329a99ec1dce5ba0af46d7,https://github.com/apache/bookkeeper/tree/6fc326ebd647afbbcc0beab6764b5d3748e50088,https://github.com/apache/bookkeeper/compare/268bdb8c6b5f642967329a99ec1dce5ba0af46d7...6fc326ebd647afbbcc0beab6764b5d3748e50088
107,BookKeeper,6fc326ebd647afbbcc0beab6764b5d3748e50088,a7d658179db3226dc33d53f4d25afd64ea90c061,BOOKKEEPER-229,https://issues.apache.org/jira/browse/BOOKKEEPER-229,https://github.com/apache/bookkeeper/tree/6fc326ebd647afbbcc0beab6764b5d3748e50088,https://github.com/apache/bookkeeper/tree/a7d658179db3226dc33d53f4d25afd64ea90c061,https://github.com/apache/bookkeeper/compare/6fc326ebd647afbbcc0beab6764b5d3748e50088...a7d658179db3226dc33d53f4d25afd64ea90c061
108,BookKeeper,36a4a4190c342d7b3a1d5859c545ca1fc1b713cf,3e224c4b6d4a0d9317060f7fe0d3519fccc68f5a,BOOKKEEPER-215,https://issues.apache.org/jira/browse/BOOKKEEPER-215,https://github.com/apache/bookkeeper/tree/36a4a4190c342d7b3a1d5859c545ca1fc1b713cf,https://github.com/apache/bookkeeper/tree/3e224c4b6d4a0d9317060f7fe0d3519fccc68f5a,https://github.com/apache/bookkeeper/compare/36a4a4190c342d7b3a1d5859c545ca1fc1b713cf...3e224c4b6d4a0d9317060f7fe0d3519fccc68f5a
109,BookKeeper,3e224c4b6d4a0d9317060f7fe0d3519fccc68f5a,9efe73998fe1ee72ffae95f3e1b1e65884019710,BOOKKEEPER-242,https://issues.apache.org/jira/browse/BOOKKEEPER-242,https://github.com/apache/bookkeeper/tree/3e224c4b6d4a0d9317060f7fe0d3519fccc68f5a,https://github.com/apache/bookkeeper/tree/9efe73998fe1ee72ffae95f3e1b1e65884019710,https://github.com/apache/bookkeeper/compare/3e224c4b6d4a0d9317060f7fe0d3519fccc68f5a...9efe73998fe1ee72ffae95f3e1b1e65884019710
110,BookKeeper,9efe73998fe1ee72ffae95f3e1b1e65884019710,47ee081e6796ec84c774167dca67c3fd3ceda170,BOOKKEEPER-234,https://issues.apache.org/jira/browse/BOOKKEEPER-234,https://github.com/apache/bookkeeper/tree/9efe73998fe1ee72ffae95f3e1b1e65884019710,https://github.com/apache/bookkeeper/tree/47ee081e6796ec84c774167dca67c3fd3ceda170,https://github.com/apache/bookkeeper/compare/9efe73998fe1ee72ffae95f3e1b1e65884019710...47ee081e6796ec84c774167dca67c3fd3ceda170
111,BookKeeper,47ee081e6796ec84c774167dca67c3fd3ceda170,d368d86e287ef982fa70e069001e30124ee22b48,BOOKKEEPER-235,https://issues.apache.org/jira/browse/BOOKKEEPER-235,https://github.com/apache/bookkeeper/tree/47ee081e6796ec84c774167dca67c3fd3ceda170,https://github.com/apache/bookkeeper/tree/d368d86e287ef982fa70e069001e30124ee22b48,https://github.com/apache/bookkeeper/compare/47ee081e6796ec84c774167dca67c3fd3ceda170...d368d86e287ef982fa70e069001e30124ee22b48
112,BookKeeper,5f25edeba1cbf5de489e1f5a3070188f0163b51b,c32edf860040ebba19c6c57d226b12cd487a00d2,BOOKKEEPER-245,https://issues.apache.org/jira/browse/BOOKKEEPER-245,https://github.com/apache/bookkeeper/tree/5f25edeba1cbf5de489e1f5a3070188f0163b51b,https://github.com/apache/bookkeeper/tree/c32edf860040ebba19c6c57d226b12cd487a00d2,https://github.com/apache/bookkeeper/compare/5f25edeba1cbf5de489e1f5a3070188f0163b51b...c32edf860040ebba19c6c57d226b12cd487a00d2
113,BookKeeper,eaf6cf985ae7ca4a4f62da2de3ecb569ccc5d3f7,ba0ab04216f94411bae27a52670c9c8b4da03476,BOOKKEEPER-209,https://issues.apache.org/jira/browse/BOOKKEEPER-209,https://github.com/apache/bookkeeper/tree/eaf6cf985ae7ca4a4f62da2de3ecb569ccc5d3f7,https://github.com/apache/bookkeeper/tree/ba0ab04216f94411bae27a52670c9c8b4da03476,https://github.com/apache/bookkeeper/compare/eaf6cf985ae7ca4a4f62da2de3ecb569ccc5d3f7...ba0ab04216f94411bae27a52670c9c8b4da03476
114,BookKeeper,f05021f1e9e8461182f082b9ab7819b71703655c,73dc3481846fdc0c97944c6a7c6ce0cef17ee938,BOOKKEEPER-72,https://issues.apache.org/jira/browse/BOOKKEEPER-72,https://github.com/apache/bookkeeper/tree/f05021f1e9e8461182f082b9ab7819b71703655c,https://github.com/apache/bookkeeper/tree/73dc3481846fdc0c97944c6a7c6ce0cef17ee938,https://github.com/apache/bookkeeper/compare/f05021f1e9e8461182f082b9ab7819b71703655c...73dc3481846fdc0c97944c6a7c6ce0cef17ee938
115,BookKeeper,24e7fb03f6c9e3666aa83cc174b5088926eae3d1,67cbcdd7a2d1668c9bba0d45d6ea3235e4bd11e3,BOOKKEEPER-263,https://issues.apache.org/jira/browse/BOOKKEEPER-263,https://github.com/apache/bookkeeper/tree/24e7fb03f6c9e3666aa83cc174b5088926eae3d1,https://github.com/apache/bookkeeper/tree/67cbcdd7a2d1668c9bba0d45d6ea3235e4bd11e3,https://github.com/apache/bookkeeper/compare/24e7fb03f6c9e3666aa83cc174b5088926eae3d1...67cbcdd7a2d1668c9bba0d45d6ea3235e4bd11e3
116,BookKeeper,67cbcdd7a2d1668c9bba0d45d6ea3235e4bd11e3,c59b7b8a285e5d4da72aea1232a29f31610c2306,BOOKKEEPER-146,https://issues.apache.org/jira/browse/BOOKKEEPER-146,https://github.com/apache/bookkeeper/tree/67cbcdd7a2d1668c9bba0d45d6ea3235e4bd11e3,https://github.com/apache/bookkeeper/tree/c59b7b8a285e5d4da72aea1232a29f31610c2306,https://github.com/apache/bookkeeper/compare/67cbcdd7a2d1668c9bba0d45d6ea3235e4bd11e3...c59b7b8a285e5d4da72aea1232a29f31610c2306
117,BookKeeper,cc28541520136968edd3258861e88c5433c5e154,a1eac18799ddc640bd42e6c038a31e1e26769056,BOOKKEEPER-260,https://issues.apache.org/jira/browse/BOOKKEEPER-260,https://github.com/apache/bookkeeper/tree/cc28541520136968edd3258861e88c5433c5e154,https://github.com/apache/bookkeeper/tree/a1eac18799ddc640bd42e6c038a31e1e26769056,https://github.com/apache/bookkeeper/compare/cc28541520136968edd3258861e88c5433c5e154...a1eac18799ddc640bd42e6c038a31e1e26769056
118,BookKeeper,a1eac18799ddc640bd42e6c038a31e1e26769056,1dde3e5191e51a6f648c0d16b14ecc1e02fcff0a,BOOKKEEPER-258,https://issues.apache.org/jira/browse/BOOKKEEPER-258,https://github.com/apache/bookkeeper/tree/a1eac18799ddc640bd42e6c038a31e1e26769056,https://github.com/apache/bookkeeper/tree/1dde3e5191e51a6f648c0d16b14ecc1e02fcff0a,https://github.com/apache/bookkeeper/compare/a1eac18799ddc640bd42e6c038a31e1e26769056...1dde3e5191e51a6f648c0d16b14ecc1e02fcff0a
119,BookKeeper,887546e7937db1c45e42b7ca49b3c82d790adca9,d68727ddd09dc0646af2748c3531e8844fdcaaf4,BOOKKEEPER-273,https://issues.apache.org/jira/browse/BOOKKEEPER-273,https://github.com/apache/bookkeeper/tree/887546e7937db1c45e42b7ca49b3c82d790adca9,https://github.com/apache/bookkeeper/tree/d68727ddd09dc0646af2748c3531e8844fdcaaf4,https://github.com/apache/bookkeeper/compare/887546e7937db1c45e42b7ca49b3c82d790adca9...d68727ddd09dc0646af2748c3531e8844fdcaaf4
120,BookKeeper,586873a6163021a3c1b218b20f4f9c4ebc921af3,10b9c5b40bcb66690f6a25330500610c8b296779,BOOKKEEPER-281,https://issues.apache.org/jira/browse/BOOKKEEPER-281,https://github.com/apache/bookkeeper/tree/586873a6163021a3c1b218b20f4f9c4ebc921af3,https://github.com/apache/bookkeeper/tree/10b9c5b40bcb66690f6a25330500610c8b296779,https://github.com/apache/bookkeeper/compare/586873a6163021a3c1b218b20f4f9c4ebc921af3...10b9c5b40bcb66690f6a25330500610c8b296779
121,BookKeeper,10b9c5b40bcb66690f6a25330500610c8b296779,a788614f5c73b0ab2c18f73d9eff7a858229a94e,BOOKKEEPER-279,https://issues.apache.org/jira/browse/BOOKKEEPER-279,https://github.com/apache/bookkeeper/tree/10b9c5b40bcb66690f6a25330500610c8b296779,https://github.com/apache/bookkeeper/tree/a788614f5c73b0ab2c18f73d9eff7a858229a94e,https://github.com/apache/bookkeeper/compare/10b9c5b40bcb66690f6a25330500610c8b296779...a788614f5c73b0ab2c18f73d9eff7a858229a94e
122,BookKeeper,a788614f5c73b0ab2c18f73d9eff7a858229a94e,27b6dd6a40f3e4721a29ea2030d96994869a8260,BOOKKEEPER-285,https://issues.apache.org/jira/browse/BOOKKEEPER-285,https://github.com/apache/bookkeeper/tree/a788614f5c73b0ab2c18f73d9eff7a858229a94e,https://github.com/apache/bookkeeper/tree/27b6dd6a40f3e4721a29ea2030d96994869a8260,https://github.com/apache/bookkeeper/compare/a788614f5c73b0ab2c18f73d9eff7a858229a94e...27b6dd6a40f3e4721a29ea2030d96994869a8260
123,BookKeeper,27b6dd6a40f3e4721a29ea2030d96994869a8260,25552d910c5d32307bda64cc3ae022e607850b7c,BOOKKEEPER-286,https://issues.apache.org/jira/browse/BOOKKEEPER-286,https://github.com/apache/bookkeeper/tree/27b6dd6a40f3e4721a29ea2030d96994869a8260,https://github.com/apache/bookkeeper/tree/25552d910c5d32307bda64cc3ae022e607850b7c,https://github.com/apache/bookkeeper/compare/27b6dd6a40f3e4721a29ea2030d96994869a8260...25552d910c5d32307bda64cc3ae022e607850b7c
124,BookKeeper,25552d910c5d32307bda64cc3ae022e607850b7c,d5caab3aae143352f2d8c3faea71dce11fdb6b45,BOOKKEEPER-287,https://issues.apache.org/jira/browse/BOOKKEEPER-287,https://github.com/apache/bookkeeper/tree/25552d910c5d32307bda64cc3ae022e607850b7c,https://github.com/apache/bookkeeper/tree/d5caab3aae143352f2d8c3faea71dce11fdb6b45,https://github.com/apache/bookkeeper/compare/25552d910c5d32307bda64cc3ae022e607850b7c...d5caab3aae143352f2d8c3faea71dce11fdb6b45
125,BookKeeper,d5caab3aae143352f2d8c3faea71dce11fdb6b45,0a3ea6222061e4ba504cdf8ab8937ab26f71b5a9,BOOKKEEPER-288,https://issues.apache.org/jira/browse/BOOKKEEPER-288,https://github.com/apache/bookkeeper/tree/d5caab3aae143352f2d8c3faea71dce11fdb6b45,https://github.com/apache/bookkeeper/tree/0a3ea6222061e4ba504cdf8ab8937ab26f71b5a9,https://github.com/apache/bookkeeper/compare/d5caab3aae143352f2d8c3faea71dce11fdb6b45...0a3ea6222061e4ba504cdf8ab8937ab26f71b5a9
126,BookKeeper,863f32a8ed33a5be3c9c622fb1c701bf3b48a2e0,aa7f37c6095f61e89a290fc608fd14a50bc7b0e0,BOOKKEEPER-274,https://issues.apache.org/jira/browse/BOOKKEEPER-274,https://github.com/apache/bookkeeper/tree/863f32a8ed33a5be3c9c622fb1c701bf3b48a2e0,https://github.com/apache/bookkeeper/tree/aa7f37c6095f61e89a290fc608fd14a50bc7b0e0,https://github.com/apache/bookkeeper/compare/863f32a8ed33a5be3c9c622fb1c701bf3b48a2e0...aa7f37c6095f61e89a290fc608fd14a50bc7b0e0
127,BookKeeper,a2cd9899405ef7313a50e87a370aecef543ae4eb,9472fae8739be41301847b1c8e31954f376997e6,BOOKKEEPER-298,https://issues.apache.org/jira/browse/BOOKKEEPER-298,https://github.com/apache/bookkeeper/tree/a2cd9899405ef7313a50e87a370aecef543ae4eb,https://github.com/apache/bookkeeper/tree/9472fae8739be41301847b1c8e31954f376997e6,https://github.com/apache/bookkeeper/compare/a2cd9899405ef7313a50e87a370aecef543ae4eb...9472fae8739be41301847b1c8e31954f376997e6
128,BookKeeper,297eb745440443eea1a8217c89299abf8d18fc3f,18728877881a23d2639eb650d47b7c41bbccd9ca,BOOKKEEPER-292,https://issues.apache.org/jira/browse/BOOKKEEPER-292,https://github.com/apache/bookkeeper/tree/297eb745440443eea1a8217c89299abf8d18fc3f,https://github.com/apache/bookkeeper/tree/18728877881a23d2639eb650d47b7c41bbccd9ca,https://github.com/apache/bookkeeper/compare/297eb745440443eea1a8217c89299abf8d18fc3f...18728877881a23d2639eb650d47b7c41bbccd9ca
129,BookKeeper,18728877881a23d2639eb650d47b7c41bbccd9ca,d193780cc404c2e3694c82385d7f422accc416f3,BOOKKEEPER-307,https://issues.apache.org/jira/browse/BOOKKEEPER-307,https://github.com/apache/bookkeeper/tree/18728877881a23d2639eb650d47b7c41bbccd9ca,https://github.com/apache/bookkeeper/tree/d193780cc404c2e3694c82385d7f422accc416f3,https://github.com/apache/bookkeeper/compare/18728877881a23d2639eb650d47b7c41bbccd9ca...d193780cc404c2e3694c82385d7f422accc416f3
130,BookKeeper,d193780cc404c2e3694c82385d7f422accc416f3,744edf07394472d3146e57831592a69d5a86616c,BOOKKEEPER-303,https://issues.apache.org/jira/browse/BOOKKEEPER-303,https://github.com/apache/bookkeeper/tree/d193780cc404c2e3694c82385d7f422accc416f3,https://github.com/apache/bookkeeper/tree/744edf07394472d3146e57831592a69d5a86616c,https://github.com/apache/bookkeeper/compare/d193780cc404c2e3694c82385d7f422accc416f3...744edf07394472d3146e57831592a69d5a86616c
131,BookKeeper,744edf07394472d3146e57831592a69d5a86616c,4d15e5675c0394cb910e54c9b0d9743e98fb64c7,BOOKKEEPER-302,https://issues.apache.org/jira/browse/BOOKKEEPER-302,https://github.com/apache/bookkeeper/tree/744edf07394472d3146e57831592a69d5a86616c,https://github.com/apache/bookkeeper/tree/4d15e5675c0394cb910e54c9b0d9743e98fb64c7,https://github.com/apache/bookkeeper/compare/744edf07394472d3146e57831592a69d5a86616c...4d15e5675c0394cb910e54c9b0d9743e98fb64c7
132,BookKeeper,4d15e5675c0394cb910e54c9b0d9743e98fb64c7,441bf650859bc96a49b667961a19afd936b67e4c,BOOKKEEPER-322,https://issues.apache.org/jira/browse/BOOKKEEPER-322,https://github.com/apache/bookkeeper/tree/4d15e5675c0394cb910e54c9b0d9743e98fb64c7,https://github.com/apache/bookkeeper/tree/441bf650859bc96a49b667961a19afd936b67e4c,https://github.com/apache/bookkeeper/compare/4d15e5675c0394cb910e54c9b0d9743e98fb64c7...441bf650859bc96a49b667961a19afd936b67e4c
133,BookKeeper,441bf650859bc96a49b667961a19afd936b67e4c,de432058b7e7c026fcf0b69b1e20bcf9ae1b1de2,BOOKKEEPER-280,https://issues.apache.org/jira/browse/BOOKKEEPER-280,https://github.com/apache/bookkeeper/tree/441bf650859bc96a49b667961a19afd936b67e4c,https://github.com/apache/bookkeeper/tree/de432058b7e7c026fcf0b69b1e20bcf9ae1b1de2,https://github.com/apache/bookkeeper/compare/441bf650859bc96a49b667961a19afd936b67e4c...de432058b7e7c026fcf0b69b1e20bcf9ae1b1de2
134,BookKeeper,18f5927a2bd0f423197a2da49ddd5733cdccb651,763479b6f94fd4827ee28e9f698cfa9a31095061,BOOKKEEPER-324,https://issues.apache.org/jira/browse/BOOKKEEPER-324,https://github.com/apache/bookkeeper/tree/18f5927a2bd0f423197a2da49ddd5733cdccb651,https://github.com/apache/bookkeeper/tree/763479b6f94fd4827ee28e9f698cfa9a31095061,https://github.com/apache/bookkeeper/compare/18f5927a2bd0f423197a2da49ddd5733cdccb651...763479b6f94fd4827ee28e9f698cfa9a31095061
135,BookKeeper,6b249579f1cdf4e9fb940b0bf54b8d55a1ab38b2,db71147d9df0ad9efa697275e934330d21c99a88,BOOKKEEPER-296,https://issues.apache.org/jira/browse/BOOKKEEPER-296,https://github.com/apache/bookkeeper/tree/6b249579f1cdf4e9fb940b0bf54b8d55a1ab38b2,https://github.com/apache/bookkeeper/tree/db71147d9df0ad9efa697275e934330d21c99a88,https://github.com/apache/bookkeeper/compare/6b249579f1cdf4e9fb940b0bf54b8d55a1ab38b2...db71147d9df0ad9efa697275e934330d21c99a88
136,BookKeeper,db71147d9df0ad9efa697275e934330d21c99a88,09e5d180231f5307a58a89d0c89169bca890bddf,BOOKKEEPER-294,https://issues.apache.org/jira/browse/BOOKKEEPER-294,https://github.com/apache/bookkeeper/tree/db71147d9df0ad9efa697275e934330d21c99a88,https://github.com/apache/bookkeeper/tree/09e5d180231f5307a58a89d0c89169bca890bddf,https://github.com/apache/bookkeeper/compare/db71147d9df0ad9efa697275e934330d21c99a88...09e5d180231f5307a58a89d0c89169bca890bddf
137,BookKeeper,c2efd0a48c5d1ea4edd7bf33c69a7e5270942eb4,0e06ddeb7e47bd8794fd378629602e41ea4a1fd9,BOOKKEEPER-329,https://issues.apache.org/jira/browse/BOOKKEEPER-329,https://github.com/apache/bookkeeper/tree/c2efd0a48c5d1ea4edd7bf33c69a7e5270942eb4,https://github.com/apache/bookkeeper/tree/0e06ddeb7e47bd8794fd378629602e41ea4a1fd9,https://github.com/apache/bookkeeper/compare/c2efd0a48c5d1ea4edd7bf33c69a7e5270942eb4...0e06ddeb7e47bd8794fd378629602e41ea4a1fd9
138,BookKeeper,51ca99b871ebf85738c82cb1f86eb7de223a44b2,e60f542937a51dd3bb05b770a989478625c734af,BOOKKEEPER-306,https://issues.apache.org/jira/browse/BOOKKEEPER-306,https://github.com/apache/bookkeeper/tree/51ca99b871ebf85738c82cb1f86eb7de223a44b2,https://github.com/apache/bookkeeper/tree/e60f542937a51dd3bb05b770a989478625c734af,https://github.com/apache/bookkeeper/compare/51ca99b871ebf85738c82cb1f86eb7de223a44b2...e60f542937a51dd3bb05b770a989478625c734af
139,BookKeeper,f13b9f4e26fe9b213837d1e68596b55f74163070,df619306ca4c6dd9eba94cbc5ce159e43a5b9ee5,BOOKKEEPER-327,https://issues.apache.org/jira/browse/BOOKKEEPER-327,https://github.com/apache/bookkeeper/tree/f13b9f4e26fe9b213837d1e68596b55f74163070,https://github.com/apache/bookkeeper/tree/df619306ca4c6dd9eba94cbc5ce159e43a5b9ee5,https://github.com/apache/bookkeeper/compare/f13b9f4e26fe9b213837d1e68596b55f74163070...df619306ca4c6dd9eba94cbc5ce159e43a5b9ee5
140,BookKeeper,df619306ca4c6dd9eba94cbc5ce159e43a5b9ee5,051320f212b2a6263d2d95db780db62911b9c0f6,BOOKKEEPER-349,https://issues.apache.org/jira/browse/BOOKKEEPER-349,https://github.com/apache/bookkeeper/tree/df619306ca4c6dd9eba94cbc5ce159e43a5b9ee5,https://github.com/apache/bookkeeper/tree/051320f212b2a6263d2d95db780db62911b9c0f6,https://github.com/apache/bookkeeper/compare/df619306ca4c6dd9eba94cbc5ce159e43a5b9ee5...051320f212b2a6263d2d95db780db62911b9c0f6
141,BookKeeper,6e33b2519f98f08faa248056e9e017dd8ba8de90,3de1c6668a60999230f446011ca27fa7629b4465,BOOKKEEPER-330,https://issues.apache.org/jira/browse/BOOKKEEPER-330,https://github.com/apache/bookkeeper/tree/6e33b2519f98f08faa248056e9e017dd8ba8de90,https://github.com/apache/bookkeeper/tree/3de1c6668a60999230f446011ca27fa7629b4465,https://github.com/apache/bookkeeper/compare/6e33b2519f98f08faa248056e9e017dd8ba8de90...3de1c6668a60999230f446011ca27fa7629b4465
142,BookKeeper,3de1c6668a60999230f446011ca27fa7629b4465,46a2663a842c6d256c73fba1bd12eb70559c115e,BOOKKEEPER-352,https://issues.apache.org/jira/browse/BOOKKEEPER-352,https://github.com/apache/bookkeeper/tree/3de1c6668a60999230f446011ca27fa7629b4465,https://github.com/apache/bookkeeper/tree/46a2663a842c6d256c73fba1bd12eb70559c115e,https://github.com/apache/bookkeeper/compare/3de1c6668a60999230f446011ca27fa7629b4465...46a2663a842c6d256c73fba1bd12eb70559c115e
143,BookKeeper,0092518bb3e345de2113f29450c9e1557cfc8020,4088f7ac7b700588a935485b0a9723a36cc995f3,BOOKKEEPER-343,https://issues.apache.org/jira/browse/BOOKKEEPER-343,https://github.com/apache/bookkeeper/tree/0092518bb3e345de2113f29450c9e1557cfc8020,https://github.com/apache/bookkeeper/tree/4088f7ac7b700588a935485b0a9723a36cc995f3,https://github.com/apache/bookkeeper/compare/0092518bb3e345de2113f29450c9e1557cfc8020...4088f7ac7b700588a935485b0a9723a36cc995f3
144,BookKeeper,ec17d0be6a1a655a40ae4e56abff3e121f7d6f20,391f9246890b416398e48886fe5ed3c4d2e866ab,BOOKKEEPER-326,https://issues.apache.org/jira/browse/BOOKKEEPER-326,https://github.com/apache/bookkeeper/tree/ec17d0be6a1a655a40ae4e56abff3e121f7d6f20,https://github.com/apache/bookkeeper/tree/391f9246890b416398e48886fe5ed3c4d2e866ab,https://github.com/apache/bookkeeper/compare/ec17d0be6a1a655a40ae4e56abff3e121f7d6f20...391f9246890b416398e48886fe5ed3c4d2e866ab
145,BookKeeper,74e097e0b171871f4f0c067600949376ff98cb5d,f4daacff80da6802528320f5a920e1989cf20fac,BOOKKEEPER-338,https://issues.apache.org/jira/browse/BOOKKEEPER-338,https://github.com/apache/bookkeeper/tree/74e097e0b171871f4f0c067600949376ff98cb5d,https://github.com/apache/bookkeeper/tree/f4daacff80da6802528320f5a920e1989cf20fac,https://github.com/apache/bookkeeper/compare/74e097e0b171871f4f0c067600949376ff98cb5d...f4daacff80da6802528320f5a920e1989cf20fac
146,BookKeeper,45034f5f4a51225b9f963840741818da7869a85c,be94b88ea61b75246586b6495f8d3710d4c4217a,BOOKKEEPER-372,https://issues.apache.org/jira/browse/BOOKKEEPER-372,https://github.com/apache/bookkeeper/tree/45034f5f4a51225b9f963840741818da7869a85c,https://github.com/apache/bookkeeper/tree/be94b88ea61b75246586b6495f8d3710d4c4217a,https://github.com/apache/bookkeeper/compare/45034f5f4a51225b9f963840741818da7869a85c...be94b88ea61b75246586b6495f8d3710d4c4217a
147,BookKeeper,89e1c0913e70ce4c345c1c82b92ae91fac80b1d2,c0746ba1c9569427d5839e3f350f4d8394f01320,BOOKKEEPER-354,https://issues.apache.org/jira/browse/BOOKKEEPER-354,https://github.com/apache/bookkeeper/tree/89e1c0913e70ce4c345c1c82b92ae91fac80b1d2,https://github.com/apache/bookkeeper/tree/c0746ba1c9569427d5839e3f350f4d8394f01320,https://github.com/apache/bookkeeper/compare/89e1c0913e70ce4c345c1c82b92ae91fac80b1d2...c0746ba1c9569427d5839e3f350f4d8394f01320
148,BookKeeper,621ace8d93eb322f01416e9a98aac23ac87799e3,8e9a19f762fa27d297bf1b401c55fdbabdbcdc82,BOOKKEEPER-381,https://issues.apache.org/jira/browse/BOOKKEEPER-381,https://github.com/apache/bookkeeper/tree/621ace8d93eb322f01416e9a98aac23ac87799e3,https://github.com/apache/bookkeeper/tree/8e9a19f762fa27d297bf1b401c55fdbabdbcdc82,https://github.com/apache/bookkeeper/compare/621ace8d93eb322f01416e9a98aac23ac87799e3...8e9a19f762fa27d297bf1b401c55fdbabdbcdc82
149,BookKeeper,8e9a19f762fa27d297bf1b401c55fdbabdbcdc82,c59b3d2e495e4ab7483b161ab9c2ce59f0c1e013,BOOKKEEPER-382,https://issues.apache.org/jira/browse/BOOKKEEPER-382,https://github.com/apache/bookkeeper/tree/8e9a19f762fa27d297bf1b401c55fdbabdbcdc82,https://github.com/apache/bookkeeper/tree/c59b3d2e495e4ab7483b161ab9c2ce59f0c1e013,https://github.com/apache/bookkeeper/compare/8e9a19f762fa27d297bf1b401c55fdbabdbcdc82...c59b3d2e495e4ab7483b161ab9c2ce59f0c1e013
150,BookKeeper,6379ae858d11bac62a95ccb06675e2bd511f822a,cb8415d5defb27efeb8fa7ab1c92a60d4f5c31af,BOOKKEEPER-337,https://issues.apache.org/jira/browse/BOOKKEEPER-337,https://github.com/apache/bookkeeper/tree/6379ae858d11bac62a95ccb06675e2bd511f822a,https://github.com/apache/bookkeeper/tree/cb8415d5defb27efeb8fa7ab1c92a60d4f5c31af,https://github.com/apache/bookkeeper/compare/6379ae858d11bac62a95ccb06675e2bd511f822a...cb8415d5defb27efeb8fa7ab1c92a60d4f5c31af
151,BookKeeper,06f8f930786ad5c771b8f06ec5d6fe4af5ad3c89,fbfd10fa94d909144c369e1514db31669a16872b,BOOKKEEPER-371,https://issues.apache.org/jira/browse/BOOKKEEPER-371,https://github.com/apache/bookkeeper/tree/06f8f930786ad5c771b8f06ec5d6fe4af5ad3c89,https://github.com/apache/bookkeeper/tree/fbfd10fa94d909144c369e1514db31669a16872b,https://github.com/apache/bookkeeper/compare/06f8f930786ad5c771b8f06ec5d6fe4af5ad3c89...fbfd10fa94d909144c369e1514db31669a16872b
152,BookKeeper,0eee9e5cd4b5b3affd930a736a3cc2d68a8da976,3d036b0bf3939b042f4ba01a80b8b81ca6774d1b,BOOKKEEPER-395,https://issues.apache.org/jira/browse/BOOKKEEPER-395,https://github.com/apache/bookkeeper/tree/0eee9e5cd4b5b3affd930a736a3cc2d68a8da976,https://github.com/apache/bookkeeper/tree/3d036b0bf3939b042f4ba01a80b8b81ca6774d1b,https://github.com/apache/bookkeeper/compare/0eee9e5cd4b5b3affd930a736a3cc2d68a8da976...3d036b0bf3939b042f4ba01a80b8b81ca6774d1b
153,BookKeeper,3d036b0bf3939b042f4ba01a80b8b81ca6774d1b,06b50969499330d4a5421b48a042fdee63857d23,BOOKKEEPER-387,https://issues.apache.org/jira/browse/BOOKKEEPER-387,https://github.com/apache/bookkeeper/tree/3d036b0bf3939b042f4ba01a80b8b81ca6774d1b,https://github.com/apache/bookkeeper/tree/06b50969499330d4a5421b48a042fdee63857d23,https://github.com/apache/bookkeeper/compare/3d036b0bf3939b042f4ba01a80b8b81ca6774d1b...06b50969499330d4a5421b48a042fdee63857d23
154,BookKeeper,06b50969499330d4a5421b48a042fdee63857d23,6f364a214d2b65f5823af2e5699bbc59dc08a4c9,BOOKKEEPER-383,https://issues.apache.org/jira/browse/BOOKKEEPER-383,https://github.com/apache/bookkeeper/tree/06b50969499330d4a5421b48a042fdee63857d23,https://github.com/apache/bookkeeper/tree/6f364a214d2b65f5823af2e5699bbc59dc08a4c9,https://github.com/apache/bookkeeper/compare/06b50969499330d4a5421b48a042fdee63857d23...6f364a214d2b65f5823af2e5699bbc59dc08a4c9
155,BookKeeper,6f364a214d2b65f5823af2e5699bbc59dc08a4c9,26671da549558c4b16da42f2eabfad65fa223831,BOOKKEEPER-396,https://issues.apache.org/jira/browse/BOOKKEEPER-396,https://github.com/apache/bookkeeper/tree/6f364a214d2b65f5823af2e5699bbc59dc08a4c9,https://github.com/apache/bookkeeper/tree/26671da549558c4b16da42f2eabfad65fa223831,https://github.com/apache/bookkeeper/compare/6f364a214d2b65f5823af2e5699bbc59dc08a4c9...26671da549558c4b16da42f2eabfad65fa223831
156,BookKeeper,420a6e5e6cab583929622d190d2cd3b360cbd102,6bffc3245ae3c2f9a671a0549f394c192460217f,BOOKKEEPER-392,https://issues.apache.org/jira/browse/BOOKKEEPER-392,https://github.com/apache/bookkeeper/tree/420a6e5e6cab583929622d190d2cd3b360cbd102,https://github.com/apache/bookkeeper/tree/6bffc3245ae3c2f9a671a0549f394c192460217f,https://github.com/apache/bookkeeper/compare/420a6e5e6cab583929622d190d2cd3b360cbd102...6bffc3245ae3c2f9a671a0549f394c192460217f
157,BookKeeper,6bffc3245ae3c2f9a671a0549f394c192460217f,4f2b11213baf8551ef778599b14a6fc17d95f21d,BOOKKEEPER-403,https://issues.apache.org/jira/browse/BOOKKEEPER-403,https://github.com/apache/bookkeeper/tree/6bffc3245ae3c2f9a671a0549f394c192460217f,https://github.com/apache/bookkeeper/tree/4f2b11213baf8551ef778599b14a6fc17d95f21d,https://github.com/apache/bookkeeper/compare/6bffc3245ae3c2f9a671a0549f394c192460217f...4f2b11213baf8551ef778599b14a6fc17d95f21d
158,BookKeeper,cf414cc06ad85d9222de710152cb81bd60943aa5,881cda5c85d17f952bdc2c7e101eef669bce35d2,BOOKKEEPER-397,https://issues.apache.org/jira/browse/BOOKKEEPER-397,https://github.com/apache/bookkeeper/tree/cf414cc06ad85d9222de710152cb81bd60943aa5,https://github.com/apache/bookkeeper/tree/881cda5c85d17f952bdc2c7e101eef669bce35d2,https://github.com/apache/bookkeeper/compare/cf414cc06ad85d9222de710152cb81bd60943aa5...881cda5c85d17f952bdc2c7e101eef669bce35d2
159,BookKeeper,e2487b794ef8d93a1d1380a62ffa212381930393,c4519d96d592967aaad1d056db3d31cbe56de865,BOOKKEEPER-415,https://issues.apache.org/jira/browse/BOOKKEEPER-415,https://github.com/apache/bookkeeper/tree/e2487b794ef8d93a1d1380a62ffa212381930393,https://github.com/apache/bookkeeper/tree/c4519d96d592967aaad1d056db3d31cbe56de865,https://github.com/apache/bookkeeper/compare/e2487b794ef8d93a1d1380a62ffa212381930393...c4519d96d592967aaad1d056db3d31cbe56de865
160,BookKeeper,c4519d96d592967aaad1d056db3d31cbe56de865,ce0e7b2077d495ca9f4192da1154f565cb9def5b,BOOKKEEPER-413,https://issues.apache.org/jira/browse/BOOKKEEPER-413,https://github.com/apache/bookkeeper/tree/c4519d96d592967aaad1d056db3d31cbe56de865,https://github.com/apache/bookkeeper/tree/ce0e7b2077d495ca9f4192da1154f565cb9def5b,https://github.com/apache/bookkeeper/compare/c4519d96d592967aaad1d056db3d31cbe56de865...ce0e7b2077d495ca9f4192da1154f565cb9def5b
161,BookKeeper,bf3d55f0cbd3461626148ad436a78923047dd797,2385d7a7054dd7e4c3241374b1f5f57360a5a468,BOOKKEEPER-436,https://issues.apache.org/jira/browse/BOOKKEEPER-436,https://github.com/apache/bookkeeper/tree/bf3d55f0cbd3461626148ad436a78923047dd797,https://github.com/apache/bookkeeper/tree/2385d7a7054dd7e4c3241374b1f5f57360a5a468,https://github.com/apache/bookkeeper/compare/bf3d55f0cbd3461626148ad436a78923047dd797...2385d7a7054dd7e4c3241374b1f5f57360a5a468
162,BookKeeper,d0807e31f6d531cee5898bea3c2af3e312dbe61b,db1484669db7076d71b0ad890f8867e86a18229f,BOOKKEEPER-427,https://issues.apache.org/jira/browse/BOOKKEEPER-427,https://github.com/apache/bookkeeper/tree/d0807e31f6d531cee5898bea3c2af3e312dbe61b,https://github.com/apache/bookkeeper/tree/db1484669db7076d71b0ad890f8867e86a18229f,https://github.com/apache/bookkeeper/compare/d0807e31f6d531cee5898bea3c2af3e312dbe61b...db1484669db7076d71b0ad890f8867e86a18229f
163,BookKeeper,db1484669db7076d71b0ad890f8867e86a18229f,eb01b7c1a9d22a55f0107d8b3ba60807d4fd05f4,BOOKKEEPER-424,https://issues.apache.org/jira/browse/BOOKKEEPER-424,https://github.com/apache/bookkeeper/tree/db1484669db7076d71b0ad890f8867e86a18229f,https://github.com/apache/bookkeeper/tree/eb01b7c1a9d22a55f0107d8b3ba60807d4fd05f4,https://github.com/apache/bookkeeper/compare/db1484669db7076d71b0ad890f8867e86a18229f...eb01b7c1a9d22a55f0107d8b3ba60807d4fd05f4
164,BookKeeper,eb01b7c1a9d22a55f0107d8b3ba60807d4fd05f4,2c7236cf339a2de3cf3fbc0aaa8cd88cc4398ca0,BOOKKEEPER-424,https://issues.apache.org/jira/browse/BOOKKEEPER-424,https://github.com/apache/bookkeeper/tree/eb01b7c1a9d22a55f0107d8b3ba60807d4fd05f4,https://github.com/apache/bookkeeper/tree/2c7236cf339a2de3cf3fbc0aaa8cd88cc4398ca0,https://github.com/apache/bookkeeper/compare/eb01b7c1a9d22a55f0107d8b3ba60807d4fd05f4...2c7236cf339a2de3cf3fbc0aaa8cd88cc4398ca0
165,BookKeeper,7dced572419c90b27b587eccc09d48032e7a6a9c,ffd46bcd1c7e2c78f6d41355a2215f73661764c1,BOOKKEEPER-441,https://issues.apache.org/jira/browse/BOOKKEEPER-441,https://github.com/apache/bookkeeper/tree/7dced572419c90b27b587eccc09d48032e7a6a9c,https://github.com/apache/bookkeeper/tree/ffd46bcd1c7e2c78f6d41355a2215f73661764c1,https://github.com/apache/bookkeeper/compare/7dced572419c90b27b587eccc09d48032e7a6a9c...ffd46bcd1c7e2c78f6d41355a2215f73661764c1
166,BookKeeper,3a9a88708d3a1e9e2337a8cc99c3bb727f93ffc4,223a3fb3fbc78fe4dc1922967fe3daa3edfc3fb2,BOOKKEEPER-439,https://issues.apache.org/jira/browse/BOOKKEEPER-439,https://github.com/apache/bookkeeper/tree/3a9a88708d3a1e9e2337a8cc99c3bb727f93ffc4,https://github.com/apache/bookkeeper/tree/223a3fb3fbc78fe4dc1922967fe3daa3edfc3fb2,https://github.com/apache/bookkeeper/compare/3a9a88708d3a1e9e2337a8cc99c3bb727f93ffc4...223a3fb3fbc78fe4dc1922967fe3daa3edfc3fb2
167,BookKeeper,223a3fb3fbc78fe4dc1922967fe3daa3edfc3fb2,536d86ec4b93909e870d6bc65fba7037360ea036,BOOKKEEPER-425,https://issues.apache.org/jira/browse/BOOKKEEPER-425,https://github.com/apache/bookkeeper/tree/223a3fb3fbc78fe4dc1922967fe3daa3edfc3fb2,https://github.com/apache/bookkeeper/tree/536d86ec4b93909e870d6bc65fba7037360ea036,https://github.com/apache/bookkeeper/compare/223a3fb3fbc78fe4dc1922967fe3daa3edfc3fb2...536d86ec4b93909e870d6bc65fba7037360ea036
168,BookKeeper,fb28dd140d1c0f6b3737f840b9d62da36713d820,0658723fdbcfeceddc983b770d78b01602a64f06,BOOKKEEPER-434,https://issues.apache.org/jira/browse/BOOKKEEPER-434,https://github.com/apache/bookkeeper/tree/fb28dd140d1c0f6b3737f840b9d62da36713d820,https://github.com/apache/bookkeeper/tree/0658723fdbcfeceddc983b770d78b01602a64f06,https://github.com/apache/bookkeeper/compare/fb28dd140d1c0f6b3737f840b9d62da36713d820...0658723fdbcfeceddc983b770d78b01602a64f06
169,BookKeeper,9b7b78890c2f0631a2b62bbbaa8de35ede102c0e,0a164a8f7166b853cbf874b91f9a82e51f13f668,BOOKKEEPER-468,https://issues.apache.org/jira/browse/BOOKKEEPER-468,https://github.com/apache/bookkeeper/tree/9b7b78890c2f0631a2b62bbbaa8de35ede102c0e,https://github.com/apache/bookkeeper/tree/0a164a8f7166b853cbf874b91f9a82e51f13f668,https://github.com/apache/bookkeeper/compare/9b7b78890c2f0631a2b62bbbaa8de35ede102c0e...0a164a8f7166b853cbf874b91f9a82e51f13f668
170,BookKeeper,0a164a8f7166b853cbf874b91f9a82e51f13f668,10091096ec339c1524877195172325343b20e02f,BOOKKEEPER-466,https://issues.apache.org/jira/browse/BOOKKEEPER-466,https://github.com/apache/bookkeeper/tree/0a164a8f7166b853cbf874b91f9a82e51f13f668,https://github.com/apache/bookkeeper/tree/10091096ec339c1524877195172325343b20e02f,https://github.com/apache/bookkeeper/compare/0a164a8f7166b853cbf874b91f9a82e51f13f668...10091096ec339c1524877195172325343b20e02f
171,BookKeeper,10091096ec339c1524877195172325343b20e02f,afa7a082a6f8ab6936729fb68d84bcebf09e1f19,BOOKKEEPER-454,https://issues.apache.org/jira/browse/BOOKKEEPER-454,https://github.com/apache/bookkeeper/tree/10091096ec339c1524877195172325343b20e02f,https://github.com/apache/bookkeeper/tree/afa7a082a6f8ab6936729fb68d84bcebf09e1f19,https://github.com/apache/bookkeeper/compare/10091096ec339c1524877195172325343b20e02f...afa7a082a6f8ab6936729fb68d84bcebf09e1f19
172,BookKeeper,afa7a082a6f8ab6936729fb68d84bcebf09e1f19,b3a05cd74652affe4a69f40609de0b92769e05a4,BOOKKEEPER-467,https://issues.apache.org/jira/browse/BOOKKEEPER-467,https://github.com/apache/bookkeeper/tree/afa7a082a6f8ab6936729fb68d84bcebf09e1f19,https://github.com/apache/bookkeeper/tree/b3a05cd74652affe4a69f40609de0b92769e05a4,https://github.com/apache/bookkeeper/compare/afa7a082a6f8ab6936729fb68d84bcebf09e1f19...b3a05cd74652affe4a69f40609de0b92769e05a4
173,BookKeeper,e2d624f8b09beca1f3a5c9224aad1aa254642f28,8a3b4ac9a70eca5e55f7c5163c9c62d677c06aa7,BOOKKEEPER-471,https://issues.apache.org/jira/browse/BOOKKEEPER-471,https://github.com/apache/bookkeeper/tree/e2d624f8b09beca1f3a5c9224aad1aa254642f28,https://github.com/apache/bookkeeper/tree/8a3b4ac9a70eca5e55f7c5163c9c62d677c06aa7,https://github.com/apache/bookkeeper/compare/e2d624f8b09beca1f3a5c9224aad1aa254642f28...8a3b4ac9a70eca5e55f7c5163c9c62d677c06aa7
174,BookKeeper,8a3b4ac9a70eca5e55f7c5163c9c62d677c06aa7,d3ee645781a1ed422d53a027e3d397451dd4c0d2,BOOKKEEPER-479,https://issues.apache.org/jira/browse/BOOKKEEPER-479,https://github.com/apache/bookkeeper/tree/8a3b4ac9a70eca5e55f7c5163c9c62d677c06aa7,https://github.com/apache/bookkeeper/tree/d3ee645781a1ed422d53a027e3d397451dd4c0d2,https://github.com/apache/bookkeeper/compare/8a3b4ac9a70eca5e55f7c5163c9c62d677c06aa7...d3ee645781a1ed422d53a027e3d397451dd4c0d2
175,BookKeeper,d3ee645781a1ed422d53a027e3d397451dd4c0d2,38336805e367664fbda2a9c6993d5d343c956752,BOOKKEEPER-477,https://issues.apache.org/jira/browse/BOOKKEEPER-477,https://github.com/apache/bookkeeper/tree/d3ee645781a1ed422d53a027e3d397451dd4c0d2,https://github.com/apache/bookkeeper/tree/38336805e367664fbda2a9c6993d5d343c956752,https://github.com/apache/bookkeeper/compare/d3ee645781a1ed422d53a027e3d397451dd4c0d2...38336805e367664fbda2a9c6993d5d343c956752
176,BookKeeper,9512c57d2c370604e732037c8a3cf262cb60b8a9,0d198abad7b41d8326913384967aeb1239ab0528,BOOKKEEPER-457,https://issues.apache.org/jira/browse/BOOKKEEPER-457,https://github.com/apache/bookkeeper/tree/9512c57d2c370604e732037c8a3cf262cb60b8a9,https://github.com/apache/bookkeeper/tree/0d198abad7b41d8326913384967aeb1239ab0528,https://github.com/apache/bookkeeper/compare/9512c57d2c370604e732037c8a3cf262cb60b8a9...0d198abad7b41d8326913384967aeb1239ab0528
177,BookKeeper,ea84d6cc0f7ba8549466104175777369b6de5fac,aa1fecd255bcc3c23d4037c675df88c9c0ba78ab,BOOKKEEPER-481,https://issues.apache.org/jira/browse/BOOKKEEPER-481,https://github.com/apache/bookkeeper/tree/ea84d6cc0f7ba8549466104175777369b6de5fac,https://github.com/apache/bookkeeper/tree/aa1fecd255bcc3c23d4037c675df88c9c0ba78ab,https://github.com/apache/bookkeeper/compare/ea84d6cc0f7ba8549466104175777369b6de5fac...aa1fecd255bcc3c23d4037c675df88c9c0ba78ab
178,BookKeeper,aa1fecd255bcc3c23d4037c675df88c9c0ba78ab,2522f9863b30359b617b6fd2ab6190c1f1cc8570,BOOKKEEPER-480,https://issues.apache.org/jira/browse/BOOKKEEPER-480,https://github.com/apache/bookkeeper/tree/aa1fecd255bcc3c23d4037c675df88c9c0ba78ab,https://github.com/apache/bookkeeper/tree/2522f9863b30359b617b6fd2ab6190c1f1cc8570,https://github.com/apache/bookkeeper/compare/aa1fecd255bcc3c23d4037c675df88c9c0ba78ab...2522f9863b30359b617b6fd2ab6190c1f1cc8570
179,BookKeeper,3ce797955e66d709fd9d96419bc484cab4ddeec3,e14983cbea5238a75a45bff4f23a8e431a5892f0,BOOKKEEPER-482,https://issues.apache.org/jira/browse/BOOKKEEPER-482,https://github.com/apache/bookkeeper/tree/3ce797955e66d709fd9d96419bc484cab4ddeec3,https://github.com/apache/bookkeeper/tree/e14983cbea5238a75a45bff4f23a8e431a5892f0,https://github.com/apache/bookkeeper/compare/3ce797955e66d709fd9d96419bc484cab4ddeec3...e14983cbea5238a75a45bff4f23a8e431a5892f0
180,BookKeeper,e14983cbea5238a75a45bff4f23a8e431a5892f0,100785f6f1feb2e6dd1c7de769adab5c88e87427,BOOKKEEPER-485,https://issues.apache.org/jira/browse/BOOKKEEPER-485,https://github.com/apache/bookkeeper/tree/e14983cbea5238a75a45bff4f23a8e431a5892f0,https://github.com/apache/bookkeeper/tree/100785f6f1feb2e6dd1c7de769adab5c88e87427,https://github.com/apache/bookkeeper/compare/e14983cbea5238a75a45bff4f23a8e431a5892f0...100785f6f1feb2e6dd1c7de769adab5c88e87427
181,BookKeeper,100785f6f1feb2e6dd1c7de769adab5c88e87427,c958b32da81936cee535c411f2214d900f54442c,BOOKKEEPER-351,https://issues.apache.org/jira/browse/BOOKKEEPER-351,https://github.com/apache/bookkeeper/tree/100785f6f1feb2e6dd1c7de769adab5c88e87427,https://github.com/apache/bookkeeper/tree/c958b32da81936cee535c411f2214d900f54442c,https://github.com/apache/bookkeeper/compare/100785f6f1feb2e6dd1c7de769adab5c88e87427...c958b32da81936cee535c411f2214d900f54442c
182,BookKeeper,c958b32da81936cee535c411f2214d900f54442c,f12b7896e1640bed64cedb0d96bdd82b6cf26a86,BOOKKEEPER-336,https://issues.apache.org/jira/browse/BOOKKEEPER-336,https://github.com/apache/bookkeeper/tree/c958b32da81936cee535c411f2214d900f54442c,https://github.com/apache/bookkeeper/tree/f12b7896e1640bed64cedb0d96bdd82b6cf26a86,https://github.com/apache/bookkeeper/compare/c958b32da81936cee535c411f2214d900f54442c...f12b7896e1640bed64cedb0d96bdd82b6cf26a86
183,BookKeeper,f12b7896e1640bed64cedb0d96bdd82b6cf26a86,6a6d25e7e9a2c3cc4370799ec2529915929e5acc,BOOKKEEPER-291,https://issues.apache.org/jira/browse/BOOKKEEPER-291,https://github.com/apache/bookkeeper/tree/f12b7896e1640bed64cedb0d96bdd82b6cf26a86,https://github.com/apache/bookkeeper/tree/6a6d25e7e9a2c3cc4370799ec2529915929e5acc,https://github.com/apache/bookkeeper/compare/f12b7896e1640bed64cedb0d96bdd82b6cf26a86...6a6d25e7e9a2c3cc4370799ec2529915929e5acc
184,BookKeeper,6a6d25e7e9a2c3cc4370799ec2529915929e5acc,bdf3bfd631493d82688404dde35eed491ec946ad,BOOKKEEPER-336,https://issues.apache.org/jira/browse/BOOKKEEPER-336,https://github.com/apache/bookkeeper/tree/6a6d25e7e9a2c3cc4370799ec2529915929e5acc,https://github.com/apache/bookkeeper/tree/bdf3bfd631493d82688404dde35eed491ec946ad,https://github.com/apache/bookkeeper/compare/6a6d25e7e9a2c3cc4370799ec2529915929e5acc...bdf3bfd631493d82688404dde35eed491ec946ad
185,BookKeeper,4380e52969beac534fd1da6a68bd28d48b9ba7e9,0ea460606e4a45a07a79c356ad1d58a6119e0d31,BOOKKEEPER-442,https://issues.apache.org/jira/browse/BOOKKEEPER-442,https://github.com/apache/bookkeeper/tree/4380e52969beac534fd1da6a68bd28d48b9ba7e9,https://github.com/apache/bookkeeper/tree/0ea460606e4a45a07a79c356ad1d58a6119e0d31,https://github.com/apache/bookkeeper/compare/4380e52969beac534fd1da6a68bd28d48b9ba7e9...0ea460606e4a45a07a79c356ad1d58a6119e0d31
186,BookKeeper,7f6adbe34f828f6c86fe30bfa398180fdb512425,c86eb1c481fd837269d370cbcc248274708b0887,BOOKKEEPER-484,https://issues.apache.org/jira/browse/BOOKKEEPER-484,https://github.com/apache/bookkeeper/tree/7f6adbe34f828f6c86fe30bfa398180fdb512425,https://github.com/apache/bookkeeper/tree/c86eb1c481fd837269d370cbcc248274708b0887,https://github.com/apache/bookkeeper/compare/7f6adbe34f828f6c86fe30bfa398180fdb512425...c86eb1c481fd837269d370cbcc248274708b0887
187,BookKeeper,55f6300ef7eea86c7573d07d65341e2f9ad982a4,6030beaba9e770db9b856b8de1b06dab843b2ccc,BOOKKEEPER-470,https://issues.apache.org/jira/browse/BOOKKEEPER-470,https://github.com/apache/bookkeeper/tree/55f6300ef7eea86c7573d07d65341e2f9ad982a4,https://github.com/apache/bookkeeper/tree/6030beaba9e770db9b856b8de1b06dab843b2ccc,https://github.com/apache/bookkeeper/compare/55f6300ef7eea86c7573d07d65341e2f9ad982a4...6030beaba9e770db9b856b8de1b06dab843b2ccc
188,BookKeeper,6030beaba9e770db9b856b8de1b06dab843b2ccc,7f67e765c73890a2f838ec8f5d43b814ce42c84b,BOOKKEEPER-461,https://issues.apache.org/jira/browse/BOOKKEEPER-461,https://github.com/apache/bookkeeper/tree/6030beaba9e770db9b856b8de1b06dab843b2ccc,https://github.com/apache/bookkeeper/tree/7f67e765c73890a2f838ec8f5d43b814ce42c84b,https://github.com/apache/bookkeeper/compare/6030beaba9e770db9b856b8de1b06dab843b2ccc...7f67e765c73890a2f838ec8f5d43b814ce42c84b
189,BookKeeper,7f67e765c73890a2f838ec8f5d43b814ce42c84b,366d393f2e58acdd5494da4ae60513c3ae5730c4,BOOKKEEPER-475,https://issues.apache.org/jira/browse/BOOKKEEPER-475,https://github.com/apache/bookkeeper/tree/7f67e765c73890a2f838ec8f5d43b814ce42c84b,https://github.com/apache/bookkeeper/tree/366d393f2e58acdd5494da4ae60513c3ae5730c4,https://github.com/apache/bookkeeper/compare/7f67e765c73890a2f838ec8f5d43b814ce42c84b...366d393f2e58acdd5494da4ae60513c3ae5730c4
190,BookKeeper,d0217c170a0906bdf3188cc89a290f6da0950146,40ac04bfee52f2e0fd45397cf5d02fa31236c753,BOOKKEEPER-474,https://issues.apache.org/jira/browse/BOOKKEEPER-474,https://github.com/apache/bookkeeper/tree/d0217c170a0906bdf3188cc89a290f6da0950146,https://github.com/apache/bookkeeper/tree/40ac04bfee52f2e0fd45397cf5d02fa31236c753,https://github.com/apache/bookkeeper/compare/d0217c170a0906bdf3188cc89a290f6da0950146...40ac04bfee52f2e0fd45397cf5d02fa31236c753
191,BookKeeper,40ac04bfee52f2e0fd45397cf5d02fa31236c753,a063f9b19d035d8c2d9e76e3741368cf41e7d292,BOOKKEEPER-469,https://issues.apache.org/jira/browse/BOOKKEEPER-469,https://github.com/apache/bookkeeper/tree/40ac04bfee52f2e0fd45397cf5d02fa31236c753,https://github.com/apache/bookkeeper/tree/a063f9b19d035d8c2d9e76e3741368cf41e7d292,https://github.com/apache/bookkeeper/compare/40ac04bfee52f2e0fd45397cf5d02fa31236c753...a063f9b19d035d8c2d9e76e3741368cf41e7d292
192,BookKeeper,a063f9b19d035d8c2d9e76e3741368cf41e7d292,7d3dde696ae859297ece4e2c9a047afde4fa5865,BOOKKEEPER-465,https://issues.apache.org/jira/browse/BOOKKEEPER-465,https://github.com/apache/bookkeeper/tree/a063f9b19d035d8c2d9e76e3741368cf41e7d292,https://github.com/apache/bookkeeper/tree/7d3dde696ae859297ece4e2c9a047afde4fa5865,https://github.com/apache/bookkeeper/compare/a063f9b19d035d8c2d9e76e3741368cf41e7d292...7d3dde696ae859297ece4e2c9a047afde4fa5865
193,BookKeeper,7d3dde696ae859297ece4e2c9a047afde4fa5865,77efd1c00100b533d67e716579b439e94d4050e3,BOOKKEEPER-498,https://issues.apache.org/jira/browse/BOOKKEEPER-498,https://github.com/apache/bookkeeper/tree/7d3dde696ae859297ece4e2c9a047afde4fa5865,https://github.com/apache/bookkeeper/tree/77efd1c00100b533d67e716579b439e94d4050e3,https://github.com/apache/bookkeeper/compare/7d3dde696ae859297ece4e2c9a047afde4fa5865...77efd1c00100b533d67e716579b439e94d4050e3
194,BookKeeper,7275006bf7d13194aff768b22da55814e11b1cc2,7fa41ff318a31f973d1de12afe8db0f9893ac653,BOOKKEEPER-497,https://issues.apache.org/jira/browse/BOOKKEEPER-497,https://github.com/apache/bookkeeper/tree/7275006bf7d13194aff768b22da55814e11b1cc2,https://github.com/apache/bookkeeper/tree/7fa41ff318a31f973d1de12afe8db0f9893ac653,https://github.com/apache/bookkeeper/compare/7275006bf7d13194aff768b22da55814e11b1cc2...7fa41ff318a31f973d1de12afe8db0f9893ac653
195,BookKeeper,5414cec92a99135c8ba0bc0f6768bd348c65e2fb,55610c26eb3b8b4cd5dd1955a434c2642334c605,BOOKKEEPER-493,https://issues.apache.org/jira/browse/BOOKKEEPER-493,https://github.com/apache/bookkeeper/tree/5414cec92a99135c8ba0bc0f6768bd348c65e2fb,https://github.com/apache/bookkeeper/tree/55610c26eb3b8b4cd5dd1955a434c2642334c605,https://github.com/apache/bookkeeper/compare/5414cec92a99135c8ba0bc0f6768bd348c65e2fb...55610c26eb3b8b4cd5dd1955a434c2642334c605
196,BookKeeper,55610c26eb3b8b4cd5dd1955a434c2642334c605,1e35d5d5e6de6a33cd4ca200f3d5d92dcf7cb58d,BOOKKEEPER-404,https://issues.apache.org/jira/browse/BOOKKEEPER-404,https://github.com/apache/bookkeeper/tree/55610c26eb3b8b4cd5dd1955a434c2642334c605,https://github.com/apache/bookkeeper/tree/1e35d5d5e6de6a33cd4ca200f3d5d92dcf7cb58d,https://github.com/apache/bookkeeper/compare/55610c26eb3b8b4cd5dd1955a434c2642334c605...1e35d5d5e6de6a33cd4ca200f3d5d92dcf7cb58d
197,BookKeeper,1e35d5d5e6de6a33cd4ca200f3d5d92dcf7cb58d,b6c1a8bbd7c2d44c2edb59d9938fa073f6f478de,BOOKKEEPER-365,https://issues.apache.org/jira/browse/BOOKKEEPER-365,https://github.com/apache/bookkeeper/tree/1e35d5d5e6de6a33cd4ca200f3d5d92dcf7cb58d,https://github.com/apache/bookkeeper/tree/b6c1a8bbd7c2d44c2edb59d9938fa073f6f478de,https://github.com/apache/bookkeeper/compare/1e35d5d5e6de6a33cd4ca200f3d5d92dcf7cb58d...b6c1a8bbd7c2d44c2edb59d9938fa073f6f478de
198,BookKeeper,b6c1a8bbd7c2d44c2edb59d9938fa073f6f478de,d58a71dbd1f07a3edf65c4af80ae18a4d9a95755,BOOKKEEPER-458,https://issues.apache.org/jira/browse/BOOKKEEPER-458,https://github.com/apache/bookkeeper/tree/b6c1a8bbd7c2d44c2edb59d9938fa073f6f478de,https://github.com/apache/bookkeeper/tree/d58a71dbd1f07a3edf65c4af80ae18a4d9a95755,https://github.com/apache/bookkeeper/compare/b6c1a8bbd7c2d44c2edb59d9938fa073f6f478de...d58a71dbd1f07a3edf65c4af80ae18a4d9a95755
199,BookKeeper,d58a71dbd1f07a3edf65c4af80ae18a4d9a95755,496f442a7a68dd549355e845540c6c72c2fbb44c,BOOKKEEPER-336,https://issues.apache.org/jira/browse/BOOKKEEPER-336,https://github.com/apache/bookkeeper/tree/d58a71dbd1f07a3edf65c4af80ae18a4d9a95755,https://github.com/apache/bookkeeper/tree/496f442a7a68dd549355e845540c6c72c2fbb44c,https://github.com/apache/bookkeeper/compare/d58a71dbd1f07a3edf65c4af80ae18a4d9a95755...496f442a7a68dd549355e845540c6c72c2fbb44c
200,BookKeeper,496f442a7a68dd549355e845540c6c72c2fbb44c,d932c9b2181cc9f9b6bb3b43abd5af04cda206b8,BOOKKEEPER-483,https://issues.apache.org/jira/browse/BOOKKEEPER-483,https://github.com/apache/bookkeeper/tree/496f442a7a68dd549355e845540c6c72c2fbb44c,https://github.com/apache/bookkeeper/tree/d932c9b2181cc9f9b6bb3b43abd5af04cda206b8,https://github.com/apache/bookkeeper/compare/496f442a7a68dd549355e845540c6c72c2fbb44c...d932c9b2181cc9f9b6bb3b43abd5af04cda206b8
201,BookKeeper,4320f6f8a2621c852c19fa81ba7edd8a9e6c87a7,e0011de4475969c19023694f5074b50e5d12a08f,BOOKKEEPER-408,https://issues.apache.org/jira/browse/BOOKKEEPER-408,https://github.com/apache/bookkeeper/tree/4320f6f8a2621c852c19fa81ba7edd8a9e6c87a7,https://github.com/apache/bookkeeper/tree/e0011de4475969c19023694f5074b50e5d12a08f,https://github.com/apache/bookkeeper/compare/4320f6f8a2621c852c19fa81ba7edd8a9e6c87a7...e0011de4475969c19023694f5074b50e5d12a08f
202,BookKeeper,8125700069b14f80ebd135ddd1a2b67de256cb1e,dffe13f5b16200e192c36547021c34c186d00de8,BOOKKEEPER-504,https://issues.apache.org/jira/browse/BOOKKEEPER-504,https://github.com/apache/bookkeeper/tree/8125700069b14f80ebd135ddd1a2b67de256cb1e,https://github.com/apache/bookkeeper/tree/dffe13f5b16200e192c36547021c34c186d00de8,https://github.com/apache/bookkeeper/compare/8125700069b14f80ebd135ddd1a2b67de256cb1e...dffe13f5b16200e192c36547021c34c186d00de8
203,BookKeeper,5428454ca34823a225eafb114128931d313d9e2f,8c1e71f2b9cb8425046517f69a5024c31d47783c,BOOKKEEPER-511,https://issues.apache.org/jira/browse/BOOKKEEPER-511,https://github.com/apache/bookkeeper/tree/5428454ca34823a225eafb114128931d313d9e2f,https://github.com/apache/bookkeeper/tree/8c1e71f2b9cb8425046517f69a5024c31d47783c,https://github.com/apache/bookkeeper/compare/5428454ca34823a225eafb114128931d313d9e2f...8c1e71f2b9cb8425046517f69a5024c31d47783c
204,BookKeeper,8c1e71f2b9cb8425046517f69a5024c31d47783c,d1a3c6d11eb4433c7e25eeba6ac21fe2db3a2696,BOOKKEEPER-512,https://issues.apache.org/jira/browse/BOOKKEEPER-512,https://github.com/apache/bookkeeper/tree/8c1e71f2b9cb8425046517f69a5024c31d47783c,https://github.com/apache/bookkeeper/tree/d1a3c6d11eb4433c7e25eeba6ac21fe2db3a2696,https://github.com/apache/bookkeeper/compare/8c1e71f2b9cb8425046517f69a5024c31d47783c...d1a3c6d11eb4433c7e25eeba6ac21fe2db3a2696
205,BookKeeper,c784b602325361a7606f2f53b677996e2c23f730,a4d8a34fb0779551208ad003b950e0b9a9d86d42,BOOKKEEPER-509,https://issues.apache.org/jira/browse/BOOKKEEPER-509,https://github.com/apache/bookkeeper/tree/c784b602325361a7606f2f53b677996e2c23f730,https://github.com/apache/bookkeeper/tree/a4d8a34fb0779551208ad003b950e0b9a9d86d42,https://github.com/apache/bookkeeper/compare/c784b602325361a7606f2f53b677996e2c23f730...a4d8a34fb0779551208ad003b950e0b9a9d86d42
206,BookKeeper,e5b0dd0d9e47394202f5a20cedf409f487d90beb,d69986c4df6b51ed6ed27c5f45a7b6850e69dacd,BOOKKEEPER-500,https://issues.apache.org/jira/browse/BOOKKEEPER-500,https://github.com/apache/bookkeeper/tree/e5b0dd0d9e47394202f5a20cedf409f487d90beb,https://github.com/apache/bookkeeper/tree/d69986c4df6b51ed6ed27c5f45a7b6850e69dacd,https://github.com/apache/bookkeeper/compare/e5b0dd0d9e47394202f5a20cedf409f487d90beb...d69986c4df6b51ed6ed27c5f45a7b6850e69dacd
207,BookKeeper,d69986c4df6b51ed6ed27c5f45a7b6850e69dacd,a3da8c74c4226b7d92e9d0eba9591334351afa45,BOOKKEEPER-520,https://issues.apache.org/jira/browse/BOOKKEEPER-520,https://github.com/apache/bookkeeper/tree/d69986c4df6b51ed6ed27c5f45a7b6850e69dacd,https://github.com/apache/bookkeeper/tree/a3da8c74c4226b7d92e9d0eba9591334351afa45,https://github.com/apache/bookkeeper/compare/d69986c4df6b51ed6ed27c5f45a7b6850e69dacd...a3da8c74c4226b7d92e9d0eba9591334351afa45
208,BookKeeper,fa13426970bd4b6d7ffc086e776559f87349ef71,a0ae97c232caafa1fda9955f9aaa9f99564b74fe,BOOKKEEPER-522,https://issues.apache.org/jira/browse/BOOKKEEPER-522,https://github.com/apache/bookkeeper/tree/fa13426970bd4b6d7ffc086e776559f87349ef71,https://github.com/apache/bookkeeper/tree/a0ae97c232caafa1fda9955f9aaa9f99564b74fe,https://github.com/apache/bookkeeper/compare/fa13426970bd4b6d7ffc086e776559f87349ef71...a0ae97c232caafa1fda9955f9aaa9f99564b74fe
209,BookKeeper,a0ae97c232caafa1fda9955f9aaa9f99564b74fe,7de3ecbd5d5052138a9c4aded9256c5030ab2f6d,BOOKKEEPER-447,https://issues.apache.org/jira/browse/BOOKKEEPER-447,https://github.com/apache/bookkeeper/tree/a0ae97c232caafa1fda9955f9aaa9f99564b74fe,https://github.com/apache/bookkeeper/tree/7de3ecbd5d5052138a9c4aded9256c5030ab2f6d,https://github.com/apache/bookkeeper/compare/a0ae97c232caafa1fda9955f9aaa9f99564b74fe...7de3ecbd5d5052138a9c4aded9256c5030ab2f6d
210,BookKeeper,7de3ecbd5d5052138a9c4aded9256c5030ab2f6d,8a396e1f74ff9f9cf25d3b4bfc43c8a112992555,BOOKKEEPER-520,https://issues.apache.org/jira/browse/BOOKKEEPER-520,https://github.com/apache/bookkeeper/tree/7de3ecbd5d5052138a9c4aded9256c5030ab2f6d,https://github.com/apache/bookkeeper/tree/8a396e1f74ff9f9cf25d3b4bfc43c8a112992555,https://github.com/apache/bookkeeper/compare/7de3ecbd5d5052138a9c4aded9256c5030ab2f6d...8a396e1f74ff9f9cf25d3b4bfc43c8a112992555
211,BookKeeper,8a396e1f74ff9f9cf25d3b4bfc43c8a112992555,ea36e59a1c314bf698d572e5f714e0b68e554a6e,BOOKKEEPER-514,https://issues.apache.org/jira/browse/BOOKKEEPER-514,https://github.com/apache/bookkeeper/tree/8a396e1f74ff9f9cf25d3b4bfc43c8a112992555,https://github.com/apache/bookkeeper/tree/ea36e59a1c314bf698d572e5f714e0b68e554a6e,https://github.com/apache/bookkeeper/compare/8a396e1f74ff9f9cf25d3b4bfc43c8a112992555...ea36e59a1c314bf698d572e5f714e0b68e554a6e
212,BookKeeper,7b2b91579000bc99d6fdded3aefb349975058c6f,a27b64e340a6ad12f1e9588d1d55fa51f0b2d1f0,BOOKKEEPER-55,https://issues.apache.org/jira/browse/BOOKKEEPER-55,https://github.com/apache/bookkeeper/tree/7b2b91579000bc99d6fdded3aefb349975058c6f,https://github.com/apache/bookkeeper/tree/a27b64e340a6ad12f1e9588d1d55fa51f0b2d1f0,https://github.com/apache/bookkeeper/compare/7b2b91579000bc99d6fdded3aefb349975058c6f...a27b64e340a6ad12f1e9588d1d55fa51f0b2d1f0
213,BookKeeper,b4e985b32cbb5aa7c6b109898f9d8bf51b2fd330,ee29f75f3f6a0168008da2e424e4174f2aee8cbb,BOOKKEEPER-507,https://issues.apache.org/jira/browse/BOOKKEEPER-507,https://github.com/apache/bookkeeper/tree/b4e985b32cbb5aa7c6b109898f9d8bf51b2fd330,https://github.com/apache/bookkeeper/tree/ee29f75f3f6a0168008da2e424e4174f2aee8cbb,https://github.com/apache/bookkeeper/compare/b4e985b32cbb5aa7c6b109898f9d8bf51b2fd330...ee29f75f3f6a0168008da2e424e4174f2aee8cbb
214,BookKeeper,005b62cc60093dd5b32d4abecd06c2e441bc62ae,f80dcedaeea5f701822f02484c098cf4df2f04da,BOOKKEEPER-524,https://issues.apache.org/jira/browse/BOOKKEEPER-524,https://github.com/apache/bookkeeper/tree/005b62cc60093dd5b32d4abecd06c2e441bc62ae,https://github.com/apache/bookkeeper/tree/f80dcedaeea5f701822f02484c098cf4df2f04da,https://github.com/apache/bookkeeper/compare/005b62cc60093dd5b32d4abecd06c2e441bc62ae...f80dcedaeea5f701822f02484c098cf4df2f04da
215,BookKeeper,f80dcedaeea5f701822f02484c098cf4df2f04da,b625fdc27a429341143e204338cf5deab3188e9e,BOOKKEEPER-355,https://issues.apache.org/jira/browse/BOOKKEEPER-355,https://github.com/apache/bookkeeper/tree/f80dcedaeea5f701822f02484c098cf4df2f04da,https://github.com/apache/bookkeeper/tree/b625fdc27a429341143e204338cf5deab3188e9e,https://github.com/apache/bookkeeper/compare/f80dcedaeea5f701822f02484c098cf4df2f04da...b625fdc27a429341143e204338cf5deab3188e9e
216,BookKeeper,b625fdc27a429341143e204338cf5deab3188e9e,f7ce39d522827a0359a0183eae02694ebb35bafd,BOOKKEEPER-534,https://issues.apache.org/jira/browse/BOOKKEEPER-534,https://github.com/apache/bookkeeper/tree/b625fdc27a429341143e204338cf5deab3188e9e,https://github.com/apache/bookkeeper/tree/f7ce39d522827a0359a0183eae02694ebb35bafd,https://github.com/apache/bookkeeper/compare/b625fdc27a429341143e204338cf5deab3188e9e...f7ce39d522827a0359a0183eae02694ebb35bafd
217,BookKeeper,f7ce39d522827a0359a0183eae02694ebb35bafd,ed9b6037be51845f7cab2446593df695ffcede59,BOOKKEEPER-532,https://issues.apache.org/jira/browse/BOOKKEEPER-532,https://github.com/apache/bookkeeper/tree/f7ce39d522827a0359a0183eae02694ebb35bafd,https://github.com/apache/bookkeeper/tree/ed9b6037be51845f7cab2446593df695ffcede59,https://github.com/apache/bookkeeper/compare/f7ce39d522827a0359a0183eae02694ebb35bafd...ed9b6037be51845f7cab2446593df695ffcede59
218,BookKeeper,ed9b6037be51845f7cab2446593df695ffcede59,faf407d5d40e9d476bab2a926f41b993bf87098f,BOOKKEEPER-531,https://issues.apache.org/jira/browse/BOOKKEEPER-531,https://github.com/apache/bookkeeper/tree/ed9b6037be51845f7cab2446593df695ffcede59,https://github.com/apache/bookkeeper/tree/faf407d5d40e9d476bab2a926f41b993bf87098f,https://github.com/apache/bookkeeper/compare/ed9b6037be51845f7cab2446593df695ffcede59...faf407d5d40e9d476bab2a926f41b993bf87098f
219,BookKeeper,55a6e1b983420b40813b327f67bbbff8196a8e41,f0db18abedd30af1d6191d068652b93db0c68fc6,BOOKKEEPER-533,https://issues.apache.org/jira/browse/BOOKKEEPER-533,https://github.com/apache/bookkeeper/tree/55a6e1b983420b40813b327f67bbbff8196a8e41,https://github.com/apache/bookkeeper/tree/f0db18abedd30af1d6191d068652b93db0c68fc6,https://github.com/apache/bookkeeper/compare/55a6e1b983420b40813b327f67bbbff8196a8e41...f0db18abedd30af1d6191d068652b93db0c68fc6
220,BookKeeper,5c19add8bc394d3caae4fddf566e149281370a52,a9b851b3afe2d8031ad426fdd2e579ba003fe02c,BOOKKEEPER-543,https://issues.apache.org/jira/browse/BOOKKEEPER-543,https://github.com/apache/bookkeeper/tree/5c19add8bc394d3caae4fddf566e149281370a52,https://github.com/apache/bookkeeper/tree/a9b851b3afe2d8031ad426fdd2e579ba003fe02c,https://github.com/apache/bookkeeper/compare/5c19add8bc394d3caae4fddf566e149281370a52...a9b851b3afe2d8031ad426fdd2e579ba003fe02c
221,BookKeeper,40de140171a26b0943909900d6af4a73b31a641e,7c1793d2979b01062682b70687839a978bf65c4c,BOOKKEEPER-530,https://issues.apache.org/jira/browse/BOOKKEEPER-530,https://github.com/apache/bookkeeper/tree/40de140171a26b0943909900d6af4a73b31a641e,https://github.com/apache/bookkeeper/tree/7c1793d2979b01062682b70687839a978bf65c4c,https://github.com/apache/bookkeeper/compare/40de140171a26b0943909900d6af4a73b31a641e...7c1793d2979b01062682b70687839a978bf65c4c
222,BookKeeper,7c1793d2979b01062682b70687839a978bf65c4c,4250c1f93962af30e6e40759e006035a7089613e,BOOKKEEPER-538,https://issues.apache.org/jira/browse/BOOKKEEPER-538,https://github.com/apache/bookkeeper/tree/7c1793d2979b01062682b70687839a978bf65c4c,https://github.com/apache/bookkeeper/tree/4250c1f93962af30e6e40759e006035a7089613e,https://github.com/apache/bookkeeper/compare/7c1793d2979b01062682b70687839a978bf65c4c...4250c1f93962af30e6e40759e006035a7089613e
223,BookKeeper,4250c1f93962af30e6e40759e006035a7089613e,1374b7ad2738f6c52a2aed1d0ee4e412aa382086,BOOKKEEPER-539,https://issues.apache.org/jira/browse/BOOKKEEPER-539,https://github.com/apache/bookkeeper/tree/4250c1f93962af30e6e40759e006035a7089613e,https://github.com/apache/bookkeeper/tree/1374b7ad2738f6c52a2aed1d0ee4e412aa382086,https://github.com/apache/bookkeeper/compare/4250c1f93962af30e6e40759e006035a7089613e...1374b7ad2738f6c52a2aed1d0ee4e412aa382086
224,BookKeeper,1374b7ad2738f6c52a2aed1d0ee4e412aa382086,96b5aa8e6463c36a0421e47f9892479aa63f885b,BOOKKEEPER-503,https://issues.apache.org/jira/browse/BOOKKEEPER-503,https://github.com/apache/bookkeeper/tree/1374b7ad2738f6c52a2aed1d0ee4e412aa382086,https://github.com/apache/bookkeeper/tree/96b5aa8e6463c36a0421e47f9892479aa63f885b,https://github.com/apache/bookkeeper/compare/1374b7ad2738f6c52a2aed1d0ee4e412aa382086...96b5aa8e6463c36a0421e47f9892479aa63f885b
225,BookKeeper,96b5aa8e6463c36a0421e47f9892479aa63f885b,7d8079c446110872d8f6d50eff86268a3cb4e989,BOOKKEEPER-513,https://issues.apache.org/jira/browse/BOOKKEEPER-513,https://github.com/apache/bookkeeper/tree/96b5aa8e6463c36a0421e47f9892479aa63f885b,https://github.com/apache/bookkeeper/tree/7d8079c446110872d8f6d50eff86268a3cb4e989,https://github.com/apache/bookkeeper/compare/96b5aa8e6463c36a0421e47f9892479aa63f885b...7d8079c446110872d8f6d50eff86268a3cb4e989
226,BookKeeper,ec430abc550d8d1d66e9dd8dc3c096f44e666eeb,7bed2a74a98f49b31c1653a513944f60a359776c,BOOKKEEPER-544,https://issues.apache.org/jira/browse/BOOKKEEPER-544,https://github.com/apache/bookkeeper/tree/ec430abc550d8d1d66e9dd8dc3c096f44e666eeb,https://github.com/apache/bookkeeper/tree/7bed2a74a98f49b31c1653a513944f60a359776c,https://github.com/apache/bookkeeper/compare/ec430abc550d8d1d66e9dd8dc3c096f44e666eeb...7bed2a74a98f49b31c1653a513944f60a359776c
227,BookKeeper,b4bac04a8141fa116223de8028471facbe343555,f060c0d2745b47314562bc94ecb5f525e2addb07,BOOKKEEPER-561,https://issues.apache.org/jira/browse/BOOKKEEPER-561,https://github.com/apache/bookkeeper/tree/b4bac04a8141fa116223de8028471facbe343555,https://github.com/apache/bookkeeper/tree/f060c0d2745b47314562bc94ecb5f525e2addb07,https://github.com/apache/bookkeeper/compare/b4bac04a8141fa116223de8028471facbe343555...f060c0d2745b47314562bc94ecb5f525e2addb07
228,BookKeeper,f060c0d2745b47314562bc94ecb5f525e2addb07,3902ae5a6056ba6348f71c873d23f74ac32cebef,BOOKKEEPER-556,https://issues.apache.org/jira/browse/BOOKKEEPER-556,https://github.com/apache/bookkeeper/tree/f060c0d2745b47314562bc94ecb5f525e2addb07,https://github.com/apache/bookkeeper/tree/3902ae5a6056ba6348f71c873d23f74ac32cebef,https://github.com/apache/bookkeeper/compare/f060c0d2745b47314562bc94ecb5f525e2addb07...3902ae5a6056ba6348f71c873d23f74ac32cebef
229,BookKeeper,3902ae5a6056ba6348f71c873d23f74ac32cebef,3bcabc5adb48e75dd041384ebcbb0017d56c3299,BOOKKEEPER-554,https://issues.apache.org/jira/browse/BOOKKEEPER-554,https://github.com/apache/bookkeeper/tree/3902ae5a6056ba6348f71c873d23f74ac32cebef,https://github.com/apache/bookkeeper/tree/3bcabc5adb48e75dd041384ebcbb0017d56c3299,https://github.com/apache/bookkeeper/compare/3902ae5a6056ba6348f71c873d23f74ac32cebef...3bcabc5adb48e75dd041384ebcbb0017d56c3299
230,BookKeeper,26731c770bf8e3cb54ec0466c027b6e313983bba,5b7b6835c74a11162164e90e66bb05a84411a8c2,BOOKKEEPER-568,https://issues.apache.org/jira/browse/BOOKKEEPER-568,https://github.com/apache/bookkeeper/tree/26731c770bf8e3cb54ec0466c027b6e313983bba,https://github.com/apache/bookkeeper/tree/5b7b6835c74a11162164e90e66bb05a84411a8c2,https://github.com/apache/bookkeeper/compare/26731c770bf8e3cb54ec0466c027b6e313983bba...5b7b6835c74a11162164e90e66bb05a84411a8c2
231,BookKeeper,5b7b6835c74a11162164e90e66bb05a84411a8c2,cda181255f0bb2ebc1a69f75b2b6f84b50c4fba0,BOOKKEEPER-569,https://issues.apache.org/jira/browse/BOOKKEEPER-569,https://github.com/apache/bookkeeper/tree/5b7b6835c74a11162164e90e66bb05a84411a8c2,https://github.com/apache/bookkeeper/tree/cda181255f0bb2ebc1a69f75b2b6f84b50c4fba0,https://github.com/apache/bookkeeper/compare/5b7b6835c74a11162164e90e66bb05a84411a8c2...cda181255f0bb2ebc1a69f75b2b6f84b50c4fba0
232,BookKeeper,cda181255f0bb2ebc1a69f75b2b6f84b50c4fba0,040a442bef5b93143a9e07c0b601fddea88c5712,BOOKKEEPER-548,https://issues.apache.org/jira/browse/BOOKKEEPER-548,https://github.com/apache/bookkeeper/tree/cda181255f0bb2ebc1a69f75b2b6f84b50c4fba0,https://github.com/apache/bookkeeper/tree/040a442bef5b93143a9e07c0b601fddea88c5712,https://github.com/apache/bookkeeper/compare/cda181255f0bb2ebc1a69f75b2b6f84b50c4fba0...040a442bef5b93143a9e07c0b601fddea88c5712
233,BookKeeper,040a442bef5b93143a9e07c0b601fddea88c5712,f4d189431ee77d1133b617dba9e939756cb9d721,BOOKKEEPER-549,https://issues.apache.org/jira/browse/BOOKKEEPER-549,https://github.com/apache/bookkeeper/tree/040a442bef5b93143a9e07c0b601fddea88c5712,https://github.com/apache/bookkeeper/tree/f4d189431ee77d1133b617dba9e939756cb9d721,https://github.com/apache/bookkeeper/compare/040a442bef5b93143a9e07c0b601fddea88c5712...f4d189431ee77d1133b617dba9e939756cb9d721
234,BookKeeper,f4d189431ee77d1133b617dba9e939756cb9d721,d40d380363f7ab608231e91b84dd94e3478f3773,BOOKKEEPER-567,https://issues.apache.org/jira/browse/BOOKKEEPER-567,https://github.com/apache/bookkeeper/tree/f4d189431ee77d1133b617dba9e939756cb9d721,https://github.com/apache/bookkeeper/tree/d40d380363f7ab608231e91b84dd94e3478f3773,https://github.com/apache/bookkeeper/compare/f4d189431ee77d1133b617dba9e939756cb9d721...d40d380363f7ab608231e91b84dd94e3478f3773
235,BookKeeper,f31a366fa581b5561bc51d6dd06ce2ebfe3c9f03,ea5a13d748918f495ad1cb1e37c0f995e3d53072,BOOKKEEPER-559,https://issues.apache.org/jira/browse/BOOKKEEPER-559,https://github.com/apache/bookkeeper/tree/f31a366fa581b5561bc51d6dd06ce2ebfe3c9f03,https://github.com/apache/bookkeeper/tree/ea5a13d748918f495ad1cb1e37c0f995e3d53072,https://github.com/apache/bookkeeper/compare/f31a366fa581b5561bc51d6dd06ce2ebfe3c9f03...ea5a13d748918f495ad1cb1e37c0f995e3d53072
236,BookKeeper,ea5a13d748918f495ad1cb1e37c0f995e3d53072,94ea9a8629ce404566d875895208dabe82c99fbe,BOOKKEEPER-579,https://issues.apache.org/jira/browse/BOOKKEEPER-579,https://github.com/apache/bookkeeper/tree/ea5a13d748918f495ad1cb1e37c0f995e3d53072,https://github.com/apache/bookkeeper/tree/94ea9a8629ce404566d875895208dabe82c99fbe,https://github.com/apache/bookkeeper/compare/ea5a13d748918f495ad1cb1e37c0f995e3d53072...94ea9a8629ce404566d875895208dabe82c99fbe
237,BookKeeper,1b7cb6fa9704d10a3a6134edfd0b12d85bf0012c,9f0d2a3e2f4279921f8fa1df8aad708773124cd5,BOOKKEEPER-585,https://issues.apache.org/jira/browse/BOOKKEEPER-585,https://github.com/apache/bookkeeper/tree/1b7cb6fa9704d10a3a6134edfd0b12d85bf0012c,https://github.com/apache/bookkeeper/tree/9f0d2a3e2f4279921f8fa1df8aad708773124cd5,https://github.com/apache/bookkeeper/compare/1b7cb6fa9704d10a3a6134edfd0b12d85bf0012c...9f0d2a3e2f4279921f8fa1df8aad708773124cd5
238,BookKeeper,9868081b708b27f272e2a92cf04163996caf9544,f2bb5603ff33b8ac54bcdf2daddb61cf3e65de80,BOOKKEEPER-557,https://issues.apache.org/jira/browse/BOOKKEEPER-557,https://github.com/apache/bookkeeper/tree/9868081b708b27f272e2a92cf04163996caf9544,https://github.com/apache/bookkeeper/tree/f2bb5603ff33b8ac54bcdf2daddb61cf3e65de80,https://github.com/apache/bookkeeper/compare/9868081b708b27f272e2a92cf04163996caf9544...f2bb5603ff33b8ac54bcdf2daddb61cf3e65de80
239,BookKeeper,f2bb5603ff33b8ac54bcdf2daddb61cf3e65de80,d1bb8ec0e7c65e241f55c8b700395570e0ee5daf,BOOKKEEPER-583,https://issues.apache.org/jira/browse/BOOKKEEPER-583,https://github.com/apache/bookkeeper/tree/f2bb5603ff33b8ac54bcdf2daddb61cf3e65de80,https://github.com/apache/bookkeeper/tree/d1bb8ec0e7c65e241f55c8b700395570e0ee5daf,https://github.com/apache/bookkeeper/compare/f2bb5603ff33b8ac54bcdf2daddb61cf3e65de80...d1bb8ec0e7c65e241f55c8b700395570e0ee5daf
240,BookKeeper,d1bb8ec0e7c65e241f55c8b700395570e0ee5daf,6268be59c7d8cf411860a6807a2cb45bc1c891f4,BOOKKEEPER-586,https://issues.apache.org/jira/browse/BOOKKEEPER-586,https://github.com/apache/bookkeeper/tree/d1bb8ec0e7c65e241f55c8b700395570e0ee5daf,https://github.com/apache/bookkeeper/tree/6268be59c7d8cf411860a6807a2cb45bc1c891f4,https://github.com/apache/bookkeeper/compare/d1bb8ec0e7c65e241f55c8b700395570e0ee5daf...6268be59c7d8cf411860a6807a2cb45bc1c891f4
241,BookKeeper,e14cbe41b5db846a5d819fcae6e82bc489ebeb73,455aabfd3b6ffd4247f6df63cb29d0694b359cdd,BOOKKEEPER-581,https://issues.apache.org/jira/browse/BOOKKEEPER-581,https://github.com/apache/bookkeeper/tree/e14cbe41b5db846a5d819fcae6e82bc489ebeb73,https://github.com/apache/bookkeeper/tree/455aabfd3b6ffd4247f6df63cb29d0694b359cdd,https://github.com/apache/bookkeeper/compare/e14cbe41b5db846a5d819fcae6e82bc489ebeb73...455aabfd3b6ffd4247f6df63cb29d0694b359cdd
242,BookKeeper,455aabfd3b6ffd4247f6df63cb29d0694b359cdd,feb077afa2e5064f24f011067fd626c81ede8491,BOOKKEEPER-597,https://issues.apache.org/jira/browse/BOOKKEEPER-597,https://github.com/apache/bookkeeper/tree/455aabfd3b6ffd4247f6df63cb29d0694b359cdd,https://github.com/apache/bookkeeper/tree/feb077afa2e5064f24f011067fd626c81ede8491,https://github.com/apache/bookkeeper/compare/455aabfd3b6ffd4247f6df63cb29d0694b359cdd...feb077afa2e5064f24f011067fd626c81ede8491
243,BookKeeper,c8f9135e7d3147a2a474df31b430b8c403e2792a,b118823702e946ccdeb14843e2691fdd760a59e4,BOOKKEEPER-596,https://issues.apache.org/jira/browse/BOOKKEEPER-596,https://github.com/apache/bookkeeper/tree/c8f9135e7d3147a2a474df31b430b8c403e2792a,https://github.com/apache/bookkeeper/tree/b118823702e946ccdeb14843e2691fdd760a59e4,https://github.com/apache/bookkeeper/compare/c8f9135e7d3147a2a474df31b430b8c403e2792a...b118823702e946ccdeb14843e2691fdd760a59e4
244,BookKeeper,b118823702e946ccdeb14843e2691fdd760a59e4,cdf138e24b76f934721eb1e82a226d0be296b838,BOOKKEEPER-599,https://issues.apache.org/jira/browse/BOOKKEEPER-599,https://github.com/apache/bookkeeper/tree/b118823702e946ccdeb14843e2691fdd760a59e4,https://github.com/apache/bookkeeper/tree/cdf138e24b76f934721eb1e82a226d0be296b838,https://github.com/apache/bookkeeper/compare/b118823702e946ccdeb14843e2691fdd760a59e4...cdf138e24b76f934721eb1e82a226d0be296b838
245,BookKeeper,cdf138e24b76f934721eb1e82a226d0be296b838,09ec928ee0218caeef5661ba60978fd18b2e553b,BOOKKEEPER-598,https://issues.apache.org/jira/browse/BOOKKEEPER-598,https://github.com/apache/bookkeeper/tree/cdf138e24b76f934721eb1e82a226d0be296b838,https://github.com/apache/bookkeeper/tree/09ec928ee0218caeef5661ba60978fd18b2e553b,https://github.com/apache/bookkeeper/compare/cdf138e24b76f934721eb1e82a226d0be296b838...09ec928ee0218caeef5661ba60978fd18b2e553b
246,BookKeeper,09ec928ee0218caeef5661ba60978fd18b2e553b,685ca079690f8be2cbcfacb615fc0eb5a798b8da,BOOKKEEPER-584,https://issues.apache.org/jira/browse/BOOKKEEPER-584,https://github.com/apache/bookkeeper/tree/09ec928ee0218caeef5661ba60978fd18b2e553b,https://github.com/apache/bookkeeper/tree/685ca079690f8be2cbcfacb615fc0eb5a798b8da,https://github.com/apache/bookkeeper/compare/09ec928ee0218caeef5661ba60978fd18b2e553b...685ca079690f8be2cbcfacb615fc0eb5a798b8da
247,BookKeeper,3a4f8920ba5017ef37d7641d3d5f0eeb0bbc590b,f86e4929ef9c0ddfa7d26d230caefa369a2a0dde,BOOKkEEPER-577,https://issues.apache.org/jira/browse/BOOKKEEPER-577,https://github.com/apache/bookkeeper/tree/3a4f8920ba5017ef37d7641d3d5f0eeb0bbc590b,https://github.com/apache/bookkeeper/tree/f86e4929ef9c0ddfa7d26d230caefa369a2a0dde,https://github.com/apache/bookkeeper/compare/3a4f8920ba5017ef37d7641d3d5f0eeb0bbc590b...f86e4929ef9c0ddfa7d26d230caefa369a2a0dde
248,BookKeeper,ccc9545c4565c337ef6ea06004149de75b4dd3af,cf2a858bb7bc669e12058e2dda1a996a67d3d37a,BOOKKEEPER-603,https://issues.apache.org/jira/browse/BOOKKEEPER-603,https://github.com/apache/bookkeeper/tree/ccc9545c4565c337ef6ea06004149de75b4dd3af,https://github.com/apache/bookkeeper/tree/cf2a858bb7bc669e12058e2dda1a996a67d3d37a,https://github.com/apache/bookkeeper/compare/ccc9545c4565c337ef6ea06004149de75b4dd3af...cf2a858bb7bc669e12058e2dda1a996a67d3d37a
249,BookKeeper,cf2a858bb7bc669e12058e2dda1a996a67d3d37a,faf2ed87762fabe4f6cb5f629cf5a7132869ca60,BOOKKEEPER-617,https://issues.apache.org/jira/browse/BOOKKEEPER-617,https://github.com/apache/bookkeeper/tree/cf2a858bb7bc669e12058e2dda1a996a67d3d37a,https://github.com/apache/bookkeeper/tree/faf2ed87762fabe4f6cb5f629cf5a7132869ca60,https://github.com/apache/bookkeeper/compare/cf2a858bb7bc669e12058e2dda1a996a67d3d37a...faf2ed87762fabe4f6cb5f629cf5a7132869ca60
250,BookKeeper,1c04906c0077d228076c3d157d815e5c7219bb0c,0a208e10117f8c5201e0414ce3d644d2367b5abc,BOOKKEEPER-626,https://issues.apache.org/jira/browse/BOOKKEEPER-626,https://github.com/apache/bookkeeper/tree/1c04906c0077d228076c3d157d815e5c7219bb0c,https://github.com/apache/bookkeeper/tree/0a208e10117f8c5201e0414ce3d644d2367b5abc,https://github.com/apache/bookkeeper/compare/1c04906c0077d228076c3d157d815e5c7219bb0c...0a208e10117f8c5201e0414ce3d644d2367b5abc
251,BookKeeper,fce6d459242361e2363b9b92f8c764b04c7ddfd7,a3de791cb79873c4f9b99e7ac1b9ade75ea225ac,BOOKKEEPER-619,https://issues.apache.org/jira/browse/BOOKKEEPER-619,https://github.com/apache/bookkeeper/tree/fce6d459242361e2363b9b92f8c764b04c7ddfd7,https://github.com/apache/bookkeeper/tree/a3de791cb79873c4f9b99e7ac1b9ade75ea225ac,https://github.com/apache/bookkeeper/compare/fce6d459242361e2363b9b92f8c764b04c7ddfd7...a3de791cb79873c4f9b99e7ac1b9ade75ea225ac
252,BookKeeper,a3de791cb79873c4f9b99e7ac1b9ade75ea225ac,01cccee0298f3e0f9d32acc550ed94a7c9fafdfd,BOOKKEEPER-313,https://issues.apache.org/jira/browse/BOOKKEEPER-313,https://github.com/apache/bookkeeper/tree/a3de791cb79873c4f9b99e7ac1b9ade75ea225ac,https://github.com/apache/bookkeeper/tree/01cccee0298f3e0f9d32acc550ed94a7c9fafdfd,https://github.com/apache/bookkeeper/compare/a3de791cb79873c4f9b99e7ac1b9ade75ea225ac...01cccee0298f3e0f9d32acc550ed94a7c9fafdfd
253,BookKeeper,01cccee0298f3e0f9d32acc550ed94a7c9fafdfd,119e2034303b45478123a0fa62c1c48925b201c1,BOOKKEEPER-623,https://issues.apache.org/jira/browse/BOOKKEEPER-623,https://github.com/apache/bookkeeper/tree/01cccee0298f3e0f9d32acc550ed94a7c9fafdfd,https://github.com/apache/bookkeeper/tree/119e2034303b45478123a0fa62c1c48925b201c1,https://github.com/apache/bookkeeper/compare/01cccee0298f3e0f9d32acc550ed94a7c9fafdfd...119e2034303b45478123a0fa62c1c48925b201c1
254,BookKeeper,119e2034303b45478123a0fa62c1c48925b201c1,0cd4be8fde5206d956addd29cbad0391ceca1716,BOOKKEEPER-633,https://issues.apache.org/jira/browse/BOOKKEEPER-633,https://github.com/apache/bookkeeper/tree/119e2034303b45478123a0fa62c1c48925b201c1,https://github.com/apache/bookkeeper/tree/0cd4be8fde5206d956addd29cbad0391ceca1716,https://github.com/apache/bookkeeper/compare/119e2034303b45478123a0fa62c1c48925b201c1...0cd4be8fde5206d956addd29cbad0391ceca1716
255,BookKeeper,0cd4be8fde5206d956addd29cbad0391ceca1716,bf3224adf56b74e7d8c2792eec9dcdab9c49e3d3,BOOKKEEPER-620,https://issues.apache.org/jira/browse/BOOKKEEPER-620,https://github.com/apache/bookkeeper/tree/0cd4be8fde5206d956addd29cbad0391ceca1716,https://github.com/apache/bookkeeper/tree/bf3224adf56b74e7d8c2792eec9dcdab9c49e3d3,https://github.com/apache/bookkeeper/compare/0cd4be8fde5206d956addd29cbad0391ceca1716...bf3224adf56b74e7d8c2792eec9dcdab9c49e3d3
256,BookKeeper,ad11d4144dbf024fcdfd22a2a043c7790f940dc3,0d9708c65998f48ba9b692ff5532251a0e1b8bc9,BOOKKEEPER-641,https://issues.apache.org/jira/browse/BOOKKEEPER-641,https://github.com/apache/bookkeeper/tree/ad11d4144dbf024fcdfd22a2a043c7790f940dc3,https://github.com/apache/bookkeeper/tree/0d9708c65998f48ba9b692ff5532251a0e1b8bc9,https://github.com/apache/bookkeeper/compare/ad11d4144dbf024fcdfd22a2a043c7790f940dc3...0d9708c65998f48ba9b692ff5532251a0e1b8bc9
257,BookKeeper,0d9708c65998f48ba9b692ff5532251a0e1b8bc9,ed3bb58f5cc5cd4176573cb696bb7277c628b26a,BOOKKEEPER-636,https://issues.apache.org/jira/browse/BOOKKEEPER-636,https://github.com/apache/bookkeeper/tree/0d9708c65998f48ba9b692ff5532251a0e1b8bc9,https://github.com/apache/bookkeeper/tree/ed3bb58f5cc5cd4176573cb696bb7277c628b26a,https://github.com/apache/bookkeeper/compare/0d9708c65998f48ba9b692ff5532251a0e1b8bc9...ed3bb58f5cc5cd4176573cb696bb7277c628b26a
258,BookKeeper,ed3bb58f5cc5cd4176573cb696bb7277c628b26a,0ce12e55edb179fc55bc9c5749a589a52bb36b3a,BOOKKEEPER-601,https://issues.apache.org/jira/browse/BOOKKEEPER-601,https://github.com/apache/bookkeeper/tree/ed3bb58f5cc5cd4176573cb696bb7277c628b26a,https://github.com/apache/bookkeeper/tree/0ce12e55edb179fc55bc9c5749a589a52bb36b3a,https://github.com/apache/bookkeeper/compare/ed3bb58f5cc5cd4176573cb696bb7277c628b26a...0ce12e55edb179fc55bc9c5749a589a52bb36b3a
259,BookKeeper,0ce12e55edb179fc55bc9c5749a589a52bb36b3a,53c208b09483c90207aecf0e27e669ee810619c2,BOOKKEEPER-600,https://issues.apache.org/jira/browse/BOOKKEEPER-600,https://github.com/apache/bookkeeper/tree/0ce12e55edb179fc55bc9c5749a589a52bb36b3a,https://github.com/apache/bookkeeper/tree/53c208b09483c90207aecf0e27e669ee810619c2,https://github.com/apache/bookkeeper/compare/0ce12e55edb179fc55bc9c5749a589a52bb36b3a...53c208b09483c90207aecf0e27e669ee810619c2
260,BookKeeper,4d66c36cf8825ab3f9f4a389bddfb924a0df9107,f3731732ce984f41b8530939254706f9e597583d,BOOKKEEPER-610,https://issues.apache.org/jira/browse/BOOKKEEPER-610,https://github.com/apache/bookkeeper/tree/4d66c36cf8825ab3f9f4a389bddfb924a0df9107,https://github.com/apache/bookkeeper/tree/f3731732ce984f41b8530939254706f9e597583d,https://github.com/apache/bookkeeper/compare/4d66c36cf8825ab3f9f4a389bddfb924a0df9107...f3731732ce984f41b8530939254706f9e597583d
261,BookKeeper,f3731732ce984f41b8530939254706f9e597583d,d9682edfc57911ccb9d70ae41c6627112a96a355,BOOKKEEPER-635,https://issues.apache.org/jira/browse/BOOKKEEPER-635,https://github.com/apache/bookkeeper/tree/f3731732ce984f41b8530939254706f9e597583d,https://github.com/apache/bookkeeper/tree/d9682edfc57911ccb9d70ae41c6627112a96a355,https://github.com/apache/bookkeeper/compare/f3731732ce984f41b8530939254706f9e597583d...d9682edfc57911ccb9d70ae41c6627112a96a355
262,BookKeeper,d9682edfc57911ccb9d70ae41c6627112a96a355,4a2c740129d506f620dcfbdb5e1e852258a726d2,BOOKKEEPER-646,https://issues.apache.org/jira/browse/BOOKKEEPER-646,https://github.com/apache/bookkeeper/tree/d9682edfc57911ccb9d70ae41c6627112a96a355,https://github.com/apache/bookkeeper/tree/4a2c740129d506f620dcfbdb5e1e852258a726d2,https://github.com/apache/bookkeeper/compare/d9682edfc57911ccb9d70ae41c6627112a96a355...4a2c740129d506f620dcfbdb5e1e852258a726d2
263,BookKeeper,4a2c740129d506f620dcfbdb5e1e852258a726d2,61e619c2b2215fca05df3498256e3f0966a668ff,BOOKKEEPER-652,https://issues.apache.org/jira/browse/BOOKKEEPER-652,https://github.com/apache/bookkeeper/tree/4a2c740129d506f620dcfbdb5e1e852258a726d2,https://github.com/apache/bookkeeper/tree/61e619c2b2215fca05df3498256e3f0966a668ff,https://github.com/apache/bookkeeper/compare/4a2c740129d506f620dcfbdb5e1e852258a726d2...61e619c2b2215fca05df3498256e3f0966a668ff
264,BookKeeper,61e619c2b2215fca05df3498256e3f0966a668ff,a889f63d1041a84d6b894874b31681ed35312781,BOOKKEEPER-607,https://issues.apache.org/jira/browse/BOOKKEEPER-607,https://github.com/apache/bookkeeper/tree/61e619c2b2215fca05df3498256e3f0966a668ff,https://github.com/apache/bookkeeper/tree/a889f63d1041a84d6b894874b31681ed35312781,https://github.com/apache/bookkeeper/compare/61e619c2b2215fca05df3498256e3f0966a668ff...a889f63d1041a84d6b894874b31681ed35312781
265,BookKeeper,67ffec189fc77e53a8dcbe666b1695a3b790e8da,d3328c5a78137de5416f3d8bc1f269f2ac648e6b,BOOKKEEPER-642,https://issues.apache.org/jira/browse/BOOKKEEPER-642,https://github.com/apache/bookkeeper/tree/67ffec189fc77e53a8dcbe666b1695a3b790e8da,https://github.com/apache/bookkeeper/tree/d3328c5a78137de5416f3d8bc1f269f2ac648e6b,https://github.com/apache/bookkeeper/compare/67ffec189fc77e53a8dcbe666b1695a3b790e8da...d3328c5a78137de5416f3d8bc1f269f2ac648e6b
266,BookKeeper,d3328c5a78137de5416f3d8bc1f269f2ac648e6b,22509a7a2c8acbd5cce182529169fc0057e55b0d,BOOKKEEPER-663,https://issues.apache.org/jira/browse/BOOKKEEPER-663,https://github.com/apache/bookkeeper/tree/d3328c5a78137de5416f3d8bc1f269f2ac648e6b,https://github.com/apache/bookkeeper/tree/22509a7a2c8acbd5cce182529169fc0057e55b0d,https://github.com/apache/bookkeeper/compare/d3328c5a78137de5416f3d8bc1f269f2ac648e6b...22509a7a2c8acbd5cce182529169fc0057e55b0d
267,BookKeeper,22509a7a2c8acbd5cce182529169fc0057e55b0d,d1ad860f8e83530e0d8f1498a35da2e9fbb85962,BOOKKEEPER-604,https://issues.apache.org/jira/browse/BOOKKEEPER-604,https://github.com/apache/bookkeeper/tree/22509a7a2c8acbd5cce182529169fc0057e55b0d,https://github.com/apache/bookkeeper/tree/d1ad860f8e83530e0d8f1498a35da2e9fbb85962,https://github.com/apache/bookkeeper/compare/22509a7a2c8acbd5cce182529169fc0057e55b0d...d1ad860f8e83530e0d8f1498a35da2e9fbb85962
268,BookKeeper,d1ad860f8e83530e0d8f1498a35da2e9fbb85962,94d65d8d2e3239ad0694d3c2252fca0e3dbea8b3,BOOKKEEPER-667,https://issues.apache.org/jira/browse/BOOKKEEPER-667,https://github.com/apache/bookkeeper/tree/d1ad860f8e83530e0d8f1498a35da2e9fbb85962,https://github.com/apache/bookkeeper/tree/94d65d8d2e3239ad0694d3c2252fca0e3dbea8b3,https://github.com/apache/bookkeeper/compare/d1ad860f8e83530e0d8f1498a35da2e9fbb85962...94d65d8d2e3239ad0694d3c2252fca0e3dbea8b3
269,BookKeeper,94d65d8d2e3239ad0694d3c2252fca0e3dbea8b3,2179f1bf6d656d7c5f7e89f2eeaaa0732f0b9608,BOOKKEEPER-668,https://issues.apache.org/jira/browse/BOOKKEEPER-668,https://github.com/apache/bookkeeper/tree/94d65d8d2e3239ad0694d3c2252fca0e3dbea8b3,https://github.com/apache/bookkeeper/tree/2179f1bf6d656d7c5f7e89f2eeaaa0732f0b9608,https://github.com/apache/bookkeeper/compare/94d65d8d2e3239ad0694d3c2252fca0e3dbea8b3...2179f1bf6d656d7c5f7e89f2eeaaa0732f0b9608
270,BookKeeper,2179f1bf6d656d7c5f7e89f2eeaaa0732f0b9608,f41bb6f8b521e26a0a746530e648a9ca2120af51,BOOKKEEPER-624,https://issues.apache.org/jira/browse/BOOKKEEPER-624,https://github.com/apache/bookkeeper/tree/2179f1bf6d656d7c5f7e89f2eeaaa0732f0b9608,https://github.com/apache/bookkeeper/tree/f41bb6f8b521e26a0a746530e648a9ca2120af51,https://github.com/apache/bookkeeper/compare/2179f1bf6d656d7c5f7e89f2eeaaa0732f0b9608...f41bb6f8b521e26a0a746530e648a9ca2120af51
271,BookKeeper,f41bb6f8b521e26a0a746530e648a9ca2120af51,c4fd34f0f13a044c0261732ff2dd454acc4b73de,BOOKKEEPER-632,https://issues.apache.org/jira/browse/BOOKKEEPER-632,https://github.com/apache/bookkeeper/tree/f41bb6f8b521e26a0a746530e648a9ca2120af51,https://github.com/apache/bookkeeper/tree/c4fd34f0f13a044c0261732ff2dd454acc4b73de,https://github.com/apache/bookkeeper/compare/f41bb6f8b521e26a0a746530e648a9ca2120af51...c4fd34f0f13a044c0261732ff2dd454acc4b73de
272,BookKeeper,c4fd34f0f13a044c0261732ff2dd454acc4b73de,d8e6972385e6662ddcf398fc2de47622a9bef22d,BOOKKEEPER-649,https://issues.apache.org/jira/browse/BOOKKEEPER-649,https://github.com/apache/bookkeeper/tree/c4fd34f0f13a044c0261732ff2dd454acc4b73de,https://github.com/apache/bookkeeper/tree/d8e6972385e6662ddcf398fc2de47622a9bef22d,https://github.com/apache/bookkeeper/compare/c4fd34f0f13a044c0261732ff2dd454acc4b73de...d8e6972385e6662ddcf398fc2de47622a9bef22d
273,BookKeeper,d8e6972385e6662ddcf398fc2de47622a9bef22d,98d6dcec7403c523cfd07cf48ed878e1ab13eae0,BOOKKEEPER-580,https://issues.apache.org/jira/browse/BOOKKEEPER-580,https://github.com/apache/bookkeeper/tree/d8e6972385e6662ddcf398fc2de47622a9bef22d,https://github.com/apache/bookkeeper/tree/98d6dcec7403c523cfd07cf48ed878e1ab13eae0,https://github.com/apache/bookkeeper/compare/d8e6972385e6662ddcf398fc2de47622a9bef22d...98d6dcec7403c523cfd07cf48ed878e1ab13eae0
274,BookKeeper,98d6dcec7403c523cfd07cf48ed878e1ab13eae0,aadaae443e1bc70505150a3218a54ff66ebfb921,BOOKKEEPER-446,https://issues.apache.org/jira/browse/BOOKKEEPER-446,https://github.com/apache/bookkeeper/tree/98d6dcec7403c523cfd07cf48ed878e1ab13eae0,https://github.com/apache/bookkeeper/tree/aadaae443e1bc70505150a3218a54ff66ebfb921,https://github.com/apache/bookkeeper/compare/98d6dcec7403c523cfd07cf48ed878e1ab13eae0...aadaae443e1bc70505150a3218a54ff66ebfb921
275,BookKeeper,bc0eb8b14278999a5c6550fbca6531b862beb12b,441891b2d76b3b0244d00480e0ab70f2d2121d57,BOOKKEEPER-683,https://issues.apache.org/jira/browse/BOOKKEEPER-683,https://github.com/apache/bookkeeper/tree/bc0eb8b14278999a5c6550fbca6531b862beb12b,https://github.com/apache/bookkeeper/tree/441891b2d76b3b0244d00480e0ab70f2d2121d57,https://github.com/apache/bookkeeper/compare/bc0eb8b14278999a5c6550fbca6531b862beb12b...441891b2d76b3b0244d00480e0ab70f2d2121d57
276,BookKeeper,3d9bb20a7f7e510bce7c16be392c0ac82c3a3496,8dafa943a1d5a1cf562d94cc6d2f656e0c0be17e,BOOKKEEPER-686,https://issues.apache.org/jira/browse/BOOKKEEPER-686,https://github.com/apache/bookkeeper/tree/3d9bb20a7f7e510bce7c16be392c0ac82c3a3496,https://github.com/apache/bookkeeper/tree/8dafa943a1d5a1cf562d94cc6d2f656e0c0be17e,https://github.com/apache/bookkeeper/compare/3d9bb20a7f7e510bce7c16be392c0ac82c3a3496...8dafa943a1d5a1cf562d94cc6d2f656e0c0be17e
277,BookKeeper,0f853a49d7e6899151f63ae9b1912ed936e5a5fb,d9f4e60c850291d17e12ed44776b88cf02335701,BOOKKEEPER-638,https://issues.apache.org/jira/browse/BOOKKEEPER-638,https://github.com/apache/bookkeeper/tree/0f853a49d7e6899151f63ae9b1912ed936e5a5fb,https://github.com/apache/bookkeeper/tree/d9f4e60c850291d17e12ed44776b88cf02335701,https://github.com/apache/bookkeeper/compare/0f853a49d7e6899151f63ae9b1912ed936e5a5fb...d9f4e60c850291d17e12ed44776b88cf02335701
278,BookKeeper,16978d671b8d6d9e563edb3a6119a4be574245af,a3575c3ebcb323a53d7a193488453aa44557c97a,BOOKKEEPER-676,https://issues.apache.org/jira/browse/BOOKKEEPER-676,https://github.com/apache/bookkeeper/tree/16978d671b8d6d9e563edb3a6119a4be574245af,https://github.com/apache/bookkeeper/tree/a3575c3ebcb323a53d7a193488453aa44557c97a,https://github.com/apache/bookkeeper/compare/16978d671b8d6d9e563edb3a6119a4be574245af...a3575c3ebcb323a53d7a193488453aa44557c97a
279,BookKeeper,a3575c3ebcb323a53d7a193488453aa44557c97a,33ea58027b0a3ba160f7ac19d20568709f453f4d,BOOKKEEPER-673,https://issues.apache.org/jira/browse/BOOKKEEPER-673,https://github.com/apache/bookkeeper/tree/a3575c3ebcb323a53d7a193488453aa44557c97a,https://github.com/apache/bookkeeper/tree/33ea58027b0a3ba160f7ac19d20568709f453f4d,https://github.com/apache/bookkeeper/compare/a3575c3ebcb323a53d7a193488453aa44557c97a...33ea58027b0a3ba160f7ac19d20568709f453f4d
280,BookKeeper,33ea58027b0a3ba160f7ac19d20568709f453f4d,24dc8ac30c97620cf4dbef48deff2bb957932eb8,BOOKKEEPER-688,https://issues.apache.org/jira/browse/BOOKKEEPER-688,https://github.com/apache/bookkeeper/tree/33ea58027b0a3ba160f7ac19d20568709f453f4d,https://github.com/apache/bookkeeper/tree/24dc8ac30c97620cf4dbef48deff2bb957932eb8,https://github.com/apache/bookkeeper/compare/33ea58027b0a3ba160f7ac19d20568709f453f4d...24dc8ac30c97620cf4dbef48deff2bb957932eb8
281,BookKeeper,24dc8ac30c97620cf4dbef48deff2bb957932eb8,9602c32f16184e10873d53c269e270e3cd0ebeed,BOOKKEEPER-664,https://issues.apache.org/jira/browse/BOOKKEEPER-664,https://github.com/apache/bookkeeper/tree/24dc8ac30c97620cf4dbef48deff2bb957932eb8,https://github.com/apache/bookkeeper/tree/9602c32f16184e10873d53c269e270e3cd0ebeed,https://github.com/apache/bookkeeper/compare/24dc8ac30c97620cf4dbef48deff2bb957932eb8...9602c32f16184e10873d53c269e270e3cd0ebeed
282,BookKeeper,bf5c1838b4b0d764aa9f24842643fd9339610b9c,2d0cd0d1b9d41f3b600f6dac308c6d34317ae676,BOOKKEEPER-602,https://issues.apache.org/jira/browse/BOOKKEEPER-602,https://github.com/apache/bookkeeper/tree/bf5c1838b4b0d764aa9f24842643fd9339610b9c,https://github.com/apache/bookkeeper/tree/2d0cd0d1b9d41f3b600f6dac308c6d34317ae676,https://github.com/apache/bookkeeper/compare/bf5c1838b4b0d764aa9f24842643fd9339610b9c...2d0cd0d1b9d41f3b600f6dac308c6d34317ae676
283,BookKeeper,6c6ec2b2f9cb1aff37001f3d9f002cc820096404,f345cb9472250eca2b724fa14b8d2c08425b6a2f,BOOKKEEPER-698,https://issues.apache.org/jira/browse/BOOKKEEPER-698,https://github.com/apache/bookkeeper/tree/6c6ec2b2f9cb1aff37001f3d9f002cc820096404,https://github.com/apache/bookkeeper/tree/f345cb9472250eca2b724fa14b8d2c08425b6a2f,https://github.com/apache/bookkeeper/compare/6c6ec2b2f9cb1aff37001f3d9f002cc820096404...f345cb9472250eca2b724fa14b8d2c08425b6a2f
284,BookKeeper,f345cb9472250eca2b724fa14b8d2c08425b6a2f,ea4a13a45d8d2102f5f0098e404d3de66777a39b,BOOKKEEPER-700,https://issues.apache.org/jira/browse/BOOKKEEPER-700,https://github.com/apache/bookkeeper/tree/f345cb9472250eca2b724fa14b8d2c08425b6a2f,https://github.com/apache/bookkeeper/tree/ea4a13a45d8d2102f5f0098e404d3de66777a39b,https://github.com/apache/bookkeeper/compare/f345cb9472250eca2b724fa14b8d2c08425b6a2f...ea4a13a45d8d2102f5f0098e404d3de66777a39b
285,BookKeeper,eb7066a02a50e2b15e66dfd4e99706ecf79454e6,67dccebdbee27476657898a370c4f1808231fc4b,BOOKKEEPER-678,https://issues.apache.org/jira/browse/BOOKKEEPER-678,https://github.com/apache/bookkeeper/tree/eb7066a02a50e2b15e66dfd4e99706ecf79454e6,https://github.com/apache/bookkeeper/tree/67dccebdbee27476657898a370c4f1808231fc4b,https://github.com/apache/bookkeeper/compare/eb7066a02a50e2b15e66dfd4e99706ecf79454e6...67dccebdbee27476657898a370c4f1808231fc4b
286,BookKeeper,7c7e009691bc24642018e4f5c81123a0667d4e8b,810f10e9c628604a7697172df79478d9186be637,BOOKKEEPER-711,https://issues.apache.org/jira/browse/BOOKKEEPER-711,https://github.com/apache/bookkeeper/tree/7c7e009691bc24642018e4f5c81123a0667d4e8b,https://github.com/apache/bookkeeper/tree/810f10e9c628604a7697172df79478d9186be637,https://github.com/apache/bookkeeper/compare/7c7e009691bc24642018e4f5c81123a0667d4e8b...810f10e9c628604a7697172df79478d9186be637
287,BookKeeper,810f10e9c628604a7697172df79478d9186be637,42185c2e3d9e6d85b095842ac051f3a3c4a4d22f,BOOKKEEPER-712,https://issues.apache.org/jira/browse/BOOKKEEPER-712,https://github.com/apache/bookkeeper/tree/810f10e9c628604a7697172df79478d9186be637,https://github.com/apache/bookkeeper/tree/42185c2e3d9e6d85b095842ac051f3a3c4a4d22f,https://github.com/apache/bookkeeper/compare/810f10e9c628604a7697172df79478d9186be637...42185c2e3d9e6d85b095842ac051f3a3c4a4d22f
288,BookKeeper,34c260bfc7db379351fa8807897603b9a9b9012b,5c3a30f8e423da51b1ee03173a336400335de3b8,BOOKKEEPER-709,https://issues.apache.org/jira/browse/BOOKKEEPER-709,https://github.com/apache/bookkeeper/tree/34c260bfc7db379351fa8807897603b9a9b9012b,https://github.com/apache/bookkeeper/tree/5c3a30f8e423da51b1ee03173a336400335de3b8,https://github.com/apache/bookkeeper/compare/34c260bfc7db379351fa8807897603b9a9b9012b...5c3a30f8e423da51b1ee03173a336400335de3b8
289,BookKeeper,5c3a30f8e423da51b1ee03173a336400335de3b8,79a73f0f71be5701b44ab47c14f92945989b1417,BOOKKEEPER-714,https://issues.apache.org/jira/browse/BOOKKEEPER-714,https://github.com/apache/bookkeeper/tree/5c3a30f8e423da51b1ee03173a336400335de3b8,https://github.com/apache/bookkeeper/tree/79a73f0f71be5701b44ab47c14f92945989b1417,https://github.com/apache/bookkeeper/compare/5c3a30f8e423da51b1ee03173a336400335de3b8...79a73f0f71be5701b44ab47c14f92945989b1417
290,BookKeeper,da8864ad7cd53d302eb27ab31f942bdbae160a98,78c0d2515f2e381b2c690bdbf2bf9bad03d1250c,BOOKKEEPER-710,https://issues.apache.org/jira/browse/BOOKKEEPER-710,https://github.com/apache/bookkeeper/tree/da8864ad7cd53d302eb27ab31f942bdbae160a98,https://github.com/apache/bookkeeper/tree/78c0d2515f2e381b2c690bdbf2bf9bad03d1250c,https://github.com/apache/bookkeeper/compare/da8864ad7cd53d302eb27ab31f942bdbae160a98...78c0d2515f2e381b2c690bdbf2bf9bad03d1250c
291,BookKeeper,75f103d9d6694ae0116fe741a2dfbf60e3c63ce1,23f3760dd5d79e6894616834aa41d59089c9548a,BOOKKEEPER-719,https://issues.apache.org/jira/browse/BOOKKEEPER-719,https://github.com/apache/bookkeeper/tree/75f103d9d6694ae0116fe741a2dfbf60e3c63ce1,https://github.com/apache/bookkeeper/tree/23f3760dd5d79e6894616834aa41d59089c9548a,https://github.com/apache/bookkeeper/compare/75f103d9d6694ae0116fe741a2dfbf60e3c63ce1...23f3760dd5d79e6894616834aa41d59089c9548a
292,BookKeeper,9b1e561cb5e4f081f40bf8b751bcc2c16226092e,7b44d9552d8b854160278582db3f5ca07882358a,BOOKKEEPER-720,https://issues.apache.org/jira/browse/BOOKKEEPER-720,https://github.com/apache/bookkeeper/tree/9b1e561cb5e4f081f40bf8b751bcc2c16226092e,https://github.com/apache/bookkeeper/tree/7b44d9552d8b854160278582db3f5ca07882358a,https://github.com/apache/bookkeeper/compare/9b1e561cb5e4f081f40bf8b751bcc2c16226092e...7b44d9552d8b854160278582db3f5ca07882358a
293,BookKeeper,8bb0cde556cf1dc07d62cd74ca6739b392242cf0,0345c8095ee47aefd7d40a07e2a621079c94f4fd,BOOKKEEPER-708,https://issues.apache.org/jira/browse/BOOKKEEPER-708,https://github.com/apache/bookkeeper/tree/8bb0cde556cf1dc07d62cd74ca6739b392242cf0,https://github.com/apache/bookkeeper/tree/0345c8095ee47aefd7d40a07e2a621079c94f4fd,https://github.com/apache/bookkeeper/compare/8bb0cde556cf1dc07d62cd74ca6739b392242cf0...0345c8095ee47aefd7d40a07e2a621079c94f4fd
294,BookKeeper,92a62781682721e7c6bb47a95c72029fb91d2e2f,94ebe62b8c6ddcd2b52e8bc4eac4e102ff4cf720,BOOKKEEPER-727,https://issues.apache.org/jira/browse/BOOKKEEPER-727,https://github.com/apache/bookkeeper/tree/92a62781682721e7c6bb47a95c72029fb91d2e2f,https://github.com/apache/bookkeeper/tree/94ebe62b8c6ddcd2b52e8bc4eac4e102ff4cf720,https://github.com/apache/bookkeeper/compare/92a62781682721e7c6bb47a95c72029fb91d2e2f...94ebe62b8c6ddcd2b52e8bc4eac4e102ff4cf720
295,BookKeeper,94ebe62b8c6ddcd2b52e8bc4eac4e102ff4cf720,63232dec02952e3404beeafd0c73fc61c2c7cd17,BOOKKEEPER-728,https://issues.apache.org/jira/browse/BOOKKEEPER-728,https://github.com/apache/bookkeeper/tree/94ebe62b8c6ddcd2b52e8bc4eac4e102ff4cf720,https://github.com/apache/bookkeeper/tree/63232dec02952e3404beeafd0c73fc61c2c7cd17,https://github.com/apache/bookkeeper/compare/94ebe62b8c6ddcd2b52e8bc4eac4e102ff4cf720...63232dec02952e3404beeafd0c73fc61c2c7cd17
296,BookKeeper,63232dec02952e3404beeafd0c73fc61c2c7cd17,b62a67b1b11a10fe378a0bef25b846887cd104b1,BOOKKEEPER-729,https://issues.apache.org/jira/browse/BOOKKEEPER-729,https://github.com/apache/bookkeeper/tree/63232dec02952e3404beeafd0c73fc61c2c7cd17,https://github.com/apache/bookkeeper/tree/b62a67b1b11a10fe378a0bef25b846887cd104b1,https://github.com/apache/bookkeeper/compare/63232dec02952e3404beeafd0c73fc61c2c7cd17...b62a67b1b11a10fe378a0bef25b846887cd104b1
297,BookKeeper,b62a67b1b11a10fe378a0bef25b846887cd104b1,3870ff300c64dc41828fdc8c9627e76450cff077,BOOKKEEPER-725,https://issues.apache.org/jira/browse/BOOKKEEPER-725,https://github.com/apache/bookkeeper/tree/b62a67b1b11a10fe378a0bef25b846887cd104b1,https://github.com/apache/bookkeeper/tree/3870ff300c64dc41828fdc8c9627e76450cff077,https://github.com/apache/bookkeeper/compare/b62a67b1b11a10fe378a0bef25b846887cd104b1...3870ff300c64dc41828fdc8c9627e76450cff077
298,BookKeeper,3870ff300c64dc41828fdc8c9627e76450cff077,7e0b69cac5d406c777765bc1fa879520ea9176ec,BOOKKEEPER-726,https://issues.apache.org/jira/browse/BOOKKEEPER-726,https://github.com/apache/bookkeeper/tree/3870ff300c64dc41828fdc8c9627e76450cff077,https://github.com/apache/bookkeeper/tree/7e0b69cac5d406c777765bc1fa879520ea9176ec,https://github.com/apache/bookkeeper/compare/3870ff300c64dc41828fdc8c9627e76450cff077...7e0b69cac5d406c777765bc1fa879520ea9176ec
299,BookKeeper,7e0b69cac5d406c777765bc1fa879520ea9176ec,8aafd10f6634f039e33b0576d4b61121b494e93a,BOOKKEEPER-724,https://issues.apache.org/jira/browse/BOOKKEEPER-724,https://github.com/apache/bookkeeper/tree/7e0b69cac5d406c777765bc1fa879520ea9176ec,https://github.com/apache/bookkeeper/tree/8aafd10f6634f039e33b0576d4b61121b494e93a,https://github.com/apache/bookkeeper/compare/7e0b69cac5d406c777765bc1fa879520ea9176ec...8aafd10f6634f039e33b0576d4b61121b494e93a
300,BookKeeper,68ffb83d69e6e9be3da94e78d5f76bd6c57b2316,f19744d30ed879022a66de885cb1236d54582d2b,BOOKKEEPER-731,https://issues.apache.org/jira/browse/BOOKKEEPER-731,https://github.com/apache/bookkeeper/tree/68ffb83d69e6e9be3da94e78d5f76bd6c57b2316,https://github.com/apache/bookkeeper/tree/f19744d30ed879022a66de885cb1236d54582d2b,https://github.com/apache/bookkeeper/compare/68ffb83d69e6e9be3da94e78d5f76bd6c57b2316...f19744d30ed879022a66de885cb1236d54582d2b
301,BookKeeper,f19744d30ed879022a66de885cb1236d54582d2b,653dd6d733e9022a6189a2c8546bb8e3afa22715,BOOKKEEPER-654,https://issues.apache.org/jira/browse/BOOKKEEPER-654,https://github.com/apache/bookkeeper/tree/f19744d30ed879022a66de885cb1236d54582d2b,https://github.com/apache/bookkeeper/tree/653dd6d733e9022a6189a2c8546bb8e3afa22715,https://github.com/apache/bookkeeper/compare/f19744d30ed879022a66de885cb1236d54582d2b...653dd6d733e9022a6189a2c8546bb8e3afa22715
302,BookKeeper,12daded8c22edc11363ec4eddfbba670e66ee9ad,9d4ce1671cd6731b9b9652399c24a91c34e0bc65,BOOKKEEPER-730,https://issues.apache.org/jira/browse/BOOKKEEPER-730,https://github.com/apache/bookkeeper/tree/12daded8c22edc11363ec4eddfbba670e66ee9ad,https://github.com/apache/bookkeeper/tree/9d4ce1671cd6731b9b9652399c24a91c34e0bc65,https://github.com/apache/bookkeeper/compare/12daded8c22edc11363ec4eddfbba670e66ee9ad...9d4ce1671cd6731b9b9652399c24a91c34e0bc65
303,BookKeeper,9d4ce1671cd6731b9b9652399c24a91c34e0bc65,2d427e8d4b2c1d889ab5586e28e198c140a10489,BOOKKEEPER-363,https://issues.apache.org/jira/browse/BOOKKEEPER-363,https://github.com/apache/bookkeeper/tree/9d4ce1671cd6731b9b9652399c24a91c34e0bc65,https://github.com/apache/bookkeeper/tree/2d427e8d4b2c1d889ab5586e28e198c140a10489,https://github.com/apache/bookkeeper/compare/9d4ce1671cd6731b9b9652399c24a91c34e0bc65...2d427e8d4b2c1d889ab5586e28e198c140a10489
304,BookKeeper,2d427e8d4b2c1d889ab5586e28e198c140a10489,1ac25ebe98dd3038f68fe80e79570b9beceb0be8,BOOKKEEPER-740,https://issues.apache.org/jira/browse/BOOKKEEPER-740,https://github.com/apache/bookkeeper/tree/2d427e8d4b2c1d889ab5586e28e198c140a10489,https://github.com/apache/bookkeeper/tree/1ac25ebe98dd3038f68fe80e79570b9beceb0be8,https://github.com/apache/bookkeeper/compare/2d427e8d4b2c1d889ab5586e28e198c140a10489...1ac25ebe98dd3038f68fe80e79570b9beceb0be8
305,BookKeeper,88533163987f328be1d36c9f6fc208667f2144a0,e1838f47800120252a3b5db77b7d1169e1daf801,BOOKKEEPER-742,https://issues.apache.org/jira/browse/BOOKKEEPER-742,https://github.com/apache/bookkeeper/tree/88533163987f328be1d36c9f6fc208667f2144a0,https://github.com/apache/bookkeeper/tree/e1838f47800120252a3b5db77b7d1169e1daf801,https://github.com/apache/bookkeeper/compare/88533163987f328be1d36c9f6fc208667f2144a0...e1838f47800120252a3b5db77b7d1169e1daf801
306,BookKeeper,e1838f47800120252a3b5db77b7d1169e1daf801,54c54f71a5fad10838c66c6a6b28ef13d9388931,BOOKKEEPER-743,https://issues.apache.org/jira/browse/BOOKKEEPER-743,https://github.com/apache/bookkeeper/tree/e1838f47800120252a3b5db77b7d1169e1daf801,https://github.com/apache/bookkeeper/tree/54c54f71a5fad10838c66c6a6b28ef13d9388931,https://github.com/apache/bookkeeper/compare/e1838f47800120252a3b5db77b7d1169e1daf801...54c54f71a5fad10838c66c6a6b28ef13d9388931
307,BookKeeper,5c18886657c88f48672554c0f814cf6418ad1e18,4c27506835dd0a58ee0a37c4422c44237a344b30,BOOKKEEPER-744,https://issues.apache.org/jira/browse/BOOKKEEPER-744,https://github.com/apache/bookkeeper/tree/5c18886657c88f48672554c0f814cf6418ad1e18,https://github.com/apache/bookkeeper/tree/4c27506835dd0a58ee0a37c4422c44237a344b30,https://github.com/apache/bookkeeper/compare/5c18886657c88f48672554c0f814cf6418ad1e18...4c27506835dd0a58ee0a37c4422c44237a344b30
308,BookKeeper,4c27506835dd0a58ee0a37c4422c44237a344b30,e824ac2691f4e86ac5ced675cd3ffb66f00e059a,BOOKKEEPER-744,https://issues.apache.org/jira/browse/BOOKKEEPER-744,https://github.com/apache/bookkeeper/tree/4c27506835dd0a58ee0a37c4422c44237a344b30,https://github.com/apache/bookkeeper/tree/e824ac2691f4e86ac5ced675cd3ffb66f00e059a,https://github.com/apache/bookkeeper/compare/4c27506835dd0a58ee0a37c4422c44237a344b30...e824ac2691f4e86ac5ced675cd3ffb66f00e059a
309,BookKeeper,3ed06c0e9246a3ac21e1340d01f1ee7be612194f,e3594b50f93b881f8ded9fe26c9ae2f875e054ea,BOOKKEEPER-755,https://issues.apache.org/jira/browse/BOOKKEEPER-755,https://github.com/apache/bookkeeper/tree/3ed06c0e9246a3ac21e1340d01f1ee7be612194f,https://github.com/apache/bookkeeper/tree/e3594b50f93b881f8ded9fe26c9ae2f875e054ea,https://github.com/apache/bookkeeper/compare/3ed06c0e9246a3ac21e1340d01f1ee7be612194f...e3594b50f93b881f8ded9fe26c9ae2f875e054ea
310,BookKeeper,e3594b50f93b881f8ded9fe26c9ae2f875e054ea,151c50dbe992efcaf0fa831dbf829b792b8bb925,BOOKKEEPER-750,https://issues.apache.org/jira/browse/BOOKKEEPER-750,https://github.com/apache/bookkeeper/tree/e3594b50f93b881f8ded9fe26c9ae2f875e054ea,https://github.com/apache/bookkeeper/tree/151c50dbe992efcaf0fa831dbf829b792b8bb925,https://github.com/apache/bookkeeper/compare/e3594b50f93b881f8ded9fe26c9ae2f875e054ea...151c50dbe992efcaf0fa831dbf829b792b8bb925
311,BookKeeper,151c50dbe992efcaf0fa831dbf829b792b8bb925,d67f3a752d291b1f55e5b9597eca6b135d3626ee,BOOKKEEPER-750,https://issues.apache.org/jira/browse/BOOKKEEPER-750,https://github.com/apache/bookkeeper/tree/151c50dbe992efcaf0fa831dbf829b792b8bb925,https://github.com/apache/bookkeeper/tree/d67f3a752d291b1f55e5b9597eca6b135d3626ee,https://github.com/apache/bookkeeper/compare/151c50dbe992efcaf0fa831dbf829b792b8bb925...d67f3a752d291b1f55e5b9597eca6b135d3626ee
312,BookKeeper,ce3abc6e03216563613db23bd8dd11cf58645982,209dbf4982eb997c9691c4331dcaea3b7e4af6d6,BOOKKEEPER-763,https://issues.apache.org/jira/browse/BOOKKEEPER-763,https://github.com/apache/bookkeeper/tree/ce3abc6e03216563613db23bd8dd11cf58645982,https://github.com/apache/bookkeeper/tree/209dbf4982eb997c9691c4331dcaea3b7e4af6d6,https://github.com/apache/bookkeeper/compare/ce3abc6e03216563613db23bd8dd11cf58645982...209dbf4982eb997c9691c4331dcaea3b7e4af6d6
313,BookKeeper,64d0170510849e29de9762957a7107d1a7f07284,d11665de31b5ee6969128062569f2081b5d9cf79,BOOKKEEPER-751,https://issues.apache.org/jira/browse/BOOKKEEPER-751,https://github.com/apache/bookkeeper/tree/64d0170510849e29de9762957a7107d1a7f07284,https://github.com/apache/bookkeeper/tree/d11665de31b5ee6969128062569f2081b5d9cf79,https://github.com/apache/bookkeeper/compare/64d0170510849e29de9762957a7107d1a7f07284...d11665de31b5ee6969128062569f2081b5d9cf79
314,BookKeeper,d11665de31b5ee6969128062569f2081b5d9cf79,d86917af98c2a7442619f1b71aa6d4d1da5945f4,BOOKKEEPER-745,https://issues.apache.org/jira/browse/BOOKKEEPER-745,https://github.com/apache/bookkeeper/tree/d11665de31b5ee6969128062569f2081b5d9cf79,https://github.com/apache/bookkeeper/tree/d86917af98c2a7442619f1b71aa6d4d1da5945f4,https://github.com/apache/bookkeeper/compare/d11665de31b5ee6969128062569f2081b5d9cf79...d86917af98c2a7442619f1b71aa6d4d1da5945f4
315,BookKeeper,d86917af98c2a7442619f1b71aa6d4d1da5945f4,404b83abafb94b62c0ced2ba7cf6878762643746,BOOKKEEPER-746,https://issues.apache.org/jira/browse/BOOKKEEPER-746,https://github.com/apache/bookkeeper/tree/d86917af98c2a7442619f1b71aa6d4d1da5945f4,https://github.com/apache/bookkeeper/tree/404b83abafb94b62c0ced2ba7cf6878762643746,https://github.com/apache/bookkeeper/compare/d86917af98c2a7442619f1b71aa6d4d1da5945f4...404b83abafb94b62c0ced2ba7cf6878762643746
316,BookKeeper,404b83abafb94b62c0ced2ba7cf6878762643746,68deb96d2d1de45eea0c358c0eab39847d51e1f8,BOOKKEEPER-766,https://issues.apache.org/jira/browse/BOOKKEEPER-766,https://github.com/apache/bookkeeper/tree/404b83abafb94b62c0ced2ba7cf6878762643746,https://github.com/apache/bookkeeper/tree/68deb96d2d1de45eea0c358c0eab39847d51e1f8,https://github.com/apache/bookkeeper/compare/404b83abafb94b62c0ced2ba7cf6878762643746...68deb96d2d1de45eea0c358c0eab39847d51e1f8
317,BookKeeper,68deb96d2d1de45eea0c358c0eab39847d51e1f8,80c6e5526c63409e4f359905d0fd319ac7d2b129,BOOKKEEPER-767,https://issues.apache.org/jira/browse/BOOKKEEPER-767,https://github.com/apache/bookkeeper/tree/68deb96d2d1de45eea0c358c0eab39847d51e1f8,https://github.com/apache/bookkeeper/tree/80c6e5526c63409e4f359905d0fd319ac7d2b129,https://github.com/apache/bookkeeper/compare/68deb96d2d1de45eea0c358c0eab39847d51e1f8...80c6e5526c63409e4f359905d0fd319ac7d2b129
318,BookKeeper,80c6e5526c63409e4f359905d0fd319ac7d2b129,c9db762707538a99a92852e60b88bed577b01377,BOOKKEEPER-765,https://issues.apache.org/jira/browse/BOOKKEEPER-765,https://github.com/apache/bookkeeper/tree/80c6e5526c63409e4f359905d0fd319ac7d2b129,https://github.com/apache/bookkeeper/tree/c9db762707538a99a92852e60b88bed577b01377,https://github.com/apache/bookkeeper/compare/80c6e5526c63409e4f359905d0fd319ac7d2b129...c9db762707538a99a92852e60b88bed577b01377
319,BookKeeper,c9db762707538a99a92852e60b88bed577b01377,37fda574a530eedc6bd3ba5030e2f3e0805c10f8,BOOKKEEPER-768,https://issues.apache.org/jira/browse/BOOKKEEPER-768,https://github.com/apache/bookkeeper/tree/c9db762707538a99a92852e60b88bed577b01377,https://github.com/apache/bookkeeper/tree/37fda574a530eedc6bd3ba5030e2f3e0805c10f8,https://github.com/apache/bookkeeper/compare/c9db762707538a99a92852e60b88bed577b01377...37fda574a530eedc6bd3ba5030e2f3e0805c10f8
320,BookKeeper,37fda574a530eedc6bd3ba5030e2f3e0805c10f8,8f09334e24deaa8e80674a702c498d802986f3c8,BOOKKEEPER-739,https://issues.apache.org/jira/browse/BOOKKEEPER-739,https://github.com/apache/bookkeeper/tree/37fda574a530eedc6bd3ba5030e2f3e0805c10f8,https://github.com/apache/bookkeeper/tree/8f09334e24deaa8e80674a702c498d802986f3c8,https://github.com/apache/bookkeeper/compare/37fda574a530eedc6bd3ba5030e2f3e0805c10f8...8f09334e24deaa8e80674a702c498d802986f3c8
321,BookKeeper,e30e116fc65088aad428b4151e1ab39c73c99676,b6f33e49d0671a5b982bcb3613c5c9844f6aec8b,BOOKKEEPER-774,https://issues.apache.org/jira/browse/BOOKKEEPER-774,https://github.com/apache/bookkeeper/tree/e30e116fc65088aad428b4151e1ab39c73c99676,https://github.com/apache/bookkeeper/tree/b6f33e49d0671a5b982bcb3613c5c9844f6aec8b,https://github.com/apache/bookkeeper/compare/e30e116fc65088aad428b4151e1ab39c73c99676...b6f33e49d0671a5b982bcb3613c5c9844f6aec8b
322,BookKeeper,e61a1968c488a7517912be69e5d2cc98eb421040,0c96765dffe3850ae6fc80397f9bc221421f1fa3,BOOKKEEPER-780,https://issues.apache.org/jira/browse/BOOKKEEPER-780,https://github.com/apache/bookkeeper/tree/e61a1968c488a7517912be69e5d2cc98eb421040,https://github.com/apache/bookkeeper/tree/0c96765dffe3850ae6fc80397f9bc221421f1fa3,https://github.com/apache/bookkeeper/compare/e61a1968c488a7517912be69e5d2cc98eb421040...0c96765dffe3850ae6fc80397f9bc221421f1fa3
323,BookKeeper,0c96765dffe3850ae6fc80397f9bc221421f1fa3,8f81eba34d2af8444be9f713447e12f4387e5932,BOOKKEEPER-777,https://issues.apache.org/jira/browse/BOOKKEEPER-777,https://github.com/apache/bookkeeper/tree/0c96765dffe3850ae6fc80397f9bc221421f1fa3,https://github.com/apache/bookkeeper/tree/8f81eba34d2af8444be9f713447e12f4387e5932,https://github.com/apache/bookkeeper/compare/0c96765dffe3850ae6fc80397f9bc221421f1fa3...8f81eba34d2af8444be9f713447e12f4387e5932
324,BookKeeper,8f81eba34d2af8444be9f713447e12f4387e5932,fd6835e4f06d3cbb6a33062f582e4756d0a3139b,BOOKKEEPER-779,https://issues.apache.org/jira/browse/BOOKKEEPER-779,https://github.com/apache/bookkeeper/tree/8f81eba34d2af8444be9f713447e12f4387e5932,https://github.com/apache/bookkeeper/tree/fd6835e4f06d3cbb6a33062f582e4756d0a3139b,https://github.com/apache/bookkeeper/compare/8f81eba34d2af8444be9f713447e12f4387e5932...fd6835e4f06d3cbb6a33062f582e4756d0a3139b
325,BookKeeper,fd6835e4f06d3cbb6a33062f582e4756d0a3139b,8abec018fca57d9cee9efd13a7085d8808a3b57e,BOOKKEEPER-718,https://issues.apache.org/jira/browse/BOOKKEEPER-718,https://github.com/apache/bookkeeper/tree/fd6835e4f06d3cbb6a33062f582e4756d0a3139b,https://github.com/apache/bookkeeper/tree/8abec018fca57d9cee9efd13a7085d8808a3b57e,https://github.com/apache/bookkeeper/compare/fd6835e4f06d3cbb6a33062f582e4756d0a3139b...8abec018fca57d9cee9efd13a7085d8808a3b57e
326,BookKeeper,6fe9f6349443aaa193749e7d436a7aaca30d3ccd,caf9ef945c93833f8cbc3bb0e6e451e1e58855cb,BOOKKEEPER-778,https://issues.apache.org/jira/browse/BOOKKEEPER-778,https://github.com/apache/bookkeeper/tree/6fe9f6349443aaa193749e7d436a7aaca30d3ccd,https://github.com/apache/bookkeeper/tree/caf9ef945c93833f8cbc3bb0e6e451e1e58855cb,https://github.com/apache/bookkeeper/compare/6fe9f6349443aaa193749e7d436a7aaca30d3ccd...caf9ef945c93833f8cbc3bb0e6e451e1e58855cb
327,BookKeeper,77e68b5b033f306f8575b66278e8765784394413,c918051659f9f9231989531304a0a0a15f0f939e,BOOKKEEPER-783,https://issues.apache.org/jira/browse/BOOKKEEPER-783,https://github.com/apache/bookkeeper/tree/77e68b5b033f306f8575b66278e8765784394413,https://github.com/apache/bookkeeper/tree/c918051659f9f9231989531304a0a0a15f0f939e,https://github.com/apache/bookkeeper/compare/77e68b5b033f306f8575b66278e8765784394413...c918051659f9f9231989531304a0a0a15f0f939e
328,BookKeeper,c918051659f9f9231989531304a0a0a15f0f939e,4f0e52d027ed277576344ecbde1938ed3eeb7aae,BOOKKEEPER-785,https://issues.apache.org/jira/browse/BOOKKEEPER-785,https://github.com/apache/bookkeeper/tree/c918051659f9f9231989531304a0a0a15f0f939e,https://github.com/apache/bookkeeper/tree/4f0e52d027ed277576344ecbde1938ed3eeb7aae,https://github.com/apache/bookkeeper/compare/c918051659f9f9231989531304a0a0a15f0f939e...4f0e52d027ed277576344ecbde1938ed3eeb7aae
329,BookKeeper,4f0e52d027ed277576344ecbde1938ed3eeb7aae,4a2174a91fbd6b85fed640ef58f1c98fd28ee2d4,BOOKKEEPER-784,https://issues.apache.org/jira/browse/BOOKKEEPER-784,https://github.com/apache/bookkeeper/tree/4f0e52d027ed277576344ecbde1938ed3eeb7aae,https://github.com/apache/bookkeeper/tree/4a2174a91fbd6b85fed640ef58f1c98fd28ee2d4,https://github.com/apache/bookkeeper/compare/4f0e52d027ed277576344ecbde1938ed3eeb7aae...4a2174a91fbd6b85fed640ef58f1c98fd28ee2d4
330,BookKeeper,86480a21d366210eec96a7f47f2d43f1313705cc,36478d1e639ba099cc4256ca2b2fbcc98f7649dd,BOOKKEEPER-786,https://issues.apache.org/jira/browse/BOOKKEEPER-786,https://github.com/apache/bookkeeper/tree/86480a21d366210eec96a7f47f2d43f1313705cc,https://github.com/apache/bookkeeper/tree/36478d1e639ba099cc4256ca2b2fbcc98f7649dd,https://github.com/apache/bookkeeper/compare/86480a21d366210eec96a7f47f2d43f1313705cc...36478d1e639ba099cc4256ca2b2fbcc98f7649dd
331,BookKeeper,ea03266f5c5af20281de7bd147faeb9bc715065f,3020fcb555d978c986e4e014e79c14d9817b606a,BOOKKEEPER-793,https://issues.apache.org/jira/browse/BOOKKEEPER-793,https://github.com/apache/bookkeeper/tree/ea03266f5c5af20281de7bd147faeb9bc715065f,https://github.com/apache/bookkeeper/tree/3020fcb555d978c986e4e014e79c14d9817b606a,https://github.com/apache/bookkeeper/compare/ea03266f5c5af20281de7bd147faeb9bc715065f...3020fcb555d978c986e4e014e79c14d9817b606a
332,BookKeeper,3020fcb555d978c986e4e014e79c14d9817b606a,b17a30a46a820a9914bcee713f156698d93ff734,BOOKKEEPER-797,https://issues.apache.org/jira/browse/BOOKKEEPER-797,https://github.com/apache/bookkeeper/tree/3020fcb555d978c986e4e014e79c14d9817b606a,https://github.com/apache/bookkeeper/tree/b17a30a46a820a9914bcee713f156698d93ff734,https://github.com/apache/bookkeeper/compare/3020fcb555d978c986e4e014e79c14d9817b606a...b17a30a46a820a9914bcee713f156698d93ff734
333,BookKeeper,b17a30a46a820a9914bcee713f156698d93ff734,6a94e45c6b813978d6b4fa98eeb87175d0241d96,BOOKKEEPER-815,https://issues.apache.org/jira/browse/BOOKKEEPER-815,https://github.com/apache/bookkeeper/tree/b17a30a46a820a9914bcee713f156698d93ff734,https://github.com/apache/bookkeeper/tree/6a94e45c6b813978d6b4fa98eeb87175d0241d96,https://github.com/apache/bookkeeper/compare/b17a30a46a820a9914bcee713f156698d93ff734...6a94e45c6b813978d6b4fa98eeb87175d0241d96
334,BookKeeper,6a94e45c6b813978d6b4fa98eeb87175d0241d96,78d6e49d4d6bf83ee53655e6198848b896c4239c,BOOKKEEPER-800,https://issues.apache.org/jira/browse/BOOKKEEPER-800,https://github.com/apache/bookkeeper/tree/6a94e45c6b813978d6b4fa98eeb87175d0241d96,https://github.com/apache/bookkeeper/tree/78d6e49d4d6bf83ee53655e6198848b896c4239c,https://github.com/apache/bookkeeper/compare/6a94e45c6b813978d6b4fa98eeb87175d0241d96...78d6e49d4d6bf83ee53655e6198848b896c4239c
335,BookKeeper,78d6e49d4d6bf83ee53655e6198848b896c4239c,5de01f700ede31f186f5d8d97afac382f1e45327,BOOKKEEPER-799,https://issues.apache.org/jira/browse/BOOKKEEPER-799,https://github.com/apache/bookkeeper/tree/78d6e49d4d6bf83ee53655e6198848b896c4239c,https://github.com/apache/bookkeeper/tree/5de01f700ede31f186f5d8d97afac382f1e45327,https://github.com/apache/bookkeeper/compare/78d6e49d4d6bf83ee53655e6198848b896c4239c...5de01f700ede31f186f5d8d97afac382f1e45327
336,BookKeeper,5de01f700ede31f186f5d8d97afac382f1e45327,130ebfa8f3763c1b98b29124a2bb648b2a810281,BOOKKEEPER-805,https://issues.apache.org/jira/browse/BOOKKEEPER-805,https://github.com/apache/bookkeeper/tree/5de01f700ede31f186f5d8d97afac382f1e45327,https://github.com/apache/bookkeeper/tree/130ebfa8f3763c1b98b29124a2bb648b2a810281,https://github.com/apache/bookkeeper/compare/5de01f700ede31f186f5d8d97afac382f1e45327...130ebfa8f3763c1b98b29124a2bb648b2a810281
337,BookKeeper,130ebfa8f3763c1b98b29124a2bb648b2a810281,0dfb4fb94d0ccc98e1050f662712d85bcf2003b1,BOOKKEEPER-809,https://issues.apache.org/jira/browse/BOOKKEEPER-809,https://github.com/apache/bookkeeper/tree/130ebfa8f3763c1b98b29124a2bb648b2a810281,https://github.com/apache/bookkeeper/tree/0dfb4fb94d0ccc98e1050f662712d85bcf2003b1,https://github.com/apache/bookkeeper/compare/130ebfa8f3763c1b98b29124a2bb648b2a810281...0dfb4fb94d0ccc98e1050f662712d85bcf2003b1
338,BookKeeper,0dfb4fb94d0ccc98e1050f662712d85bcf2003b1,8a5ac72762480f5f972aafcf1fc8207e12ef76e3,BOOKKEEPER-805,https://issues.apache.org/jira/browse/BOOKKEEPER-805,https://github.com/apache/bookkeeper/tree/0dfb4fb94d0ccc98e1050f662712d85bcf2003b1,https://github.com/apache/bookkeeper/tree/8a5ac72762480f5f972aafcf1fc8207e12ef76e3,https://github.com/apache/bookkeeper/compare/0dfb4fb94d0ccc98e1050f662712d85bcf2003b1...8a5ac72762480f5f972aafcf1fc8207e12ef76e3
339,BookKeeper,8a5ac72762480f5f972aafcf1fc8207e12ef76e3,ff5d2c5125d7d7fbe48d7935524820c55a887124,BOOKKEEPER-809,https://issues.apache.org/jira/browse/BOOKKEEPER-809,https://github.com/apache/bookkeeper/tree/8a5ac72762480f5f972aafcf1fc8207e12ef76e3,https://github.com/apache/bookkeeper/tree/ff5d2c5125d7d7fbe48d7935524820c55a887124,https://github.com/apache/bookkeeper/compare/8a5ac72762480f5f972aafcf1fc8207e12ef76e3...ff5d2c5125d7d7fbe48d7935524820c55a887124
340,BookKeeper,492997b1e6fe73426dda799a6eaf228329a9342f,2b88b11fa7597254ccbf828f16efc665e852788d,BOOKKEEPER-804,https://issues.apache.org/jira/browse/BOOKKEEPER-804,https://github.com/apache/bookkeeper/tree/492997b1e6fe73426dda799a6eaf228329a9342f,https://github.com/apache/bookkeeper/tree/2b88b11fa7597254ccbf828f16efc665e852788d,https://github.com/apache/bookkeeper/compare/492997b1e6fe73426dda799a6eaf228329a9342f...2b88b11fa7597254ccbf828f16efc665e852788d
341,BookKeeper,2b88b11fa7597254ccbf828f16efc665e852788d,e790cab6d89de3cff3ee32842347d0176b6e24c5,BOOKKEEPER-813,https://issues.apache.org/jira/browse/BOOKKEEPER-813,https://github.com/apache/bookkeeper/tree/2b88b11fa7597254ccbf828f16efc665e852788d,https://github.com/apache/bookkeeper/tree/e790cab6d89de3cff3ee32842347d0176b6e24c5,https://github.com/apache/bookkeeper/compare/2b88b11fa7597254ccbf828f16efc665e852788d...e790cab6d89de3cff3ee32842347d0176b6e24c5
342,BookKeeper,24591f1514624e09a07ef2f34ba35116ea847266,e79f8736a7dfc2c7191455e4e88b85a85f0472bf,BOOKKEEPER-795,https://issues.apache.org/jira/browse/BOOKKEEPER-795,https://github.com/apache/bookkeeper/tree/24591f1514624e09a07ef2f34ba35116ea847266,https://github.com/apache/bookkeeper/tree/e79f8736a7dfc2c7191455e4e88b85a85f0472bf,https://github.com/apache/bookkeeper/compare/24591f1514624e09a07ef2f34ba35116ea847266...e79f8736a7dfc2c7191455e4e88b85a85f0472bf
343,BookKeeper,e79f8736a7dfc2c7191455e4e88b85a85f0472bf,0e3d95c9411289b89961e434ce760e3726290761,BOOKKEEPER-814,https://issues.apache.org/jira/browse/BOOKKEEPER-814,https://github.com/apache/bookkeeper/tree/e79f8736a7dfc2c7191455e4e88b85a85f0472bf,https://github.com/apache/bookkeeper/tree/0e3d95c9411289b89961e434ce760e3726290761,https://github.com/apache/bookkeeper/compare/e79f8736a7dfc2c7191455e4e88b85a85f0472bf...0e3d95c9411289b89961e434ce760e3726290761
344,BookKeeper,0e3d95c9411289b89961e434ce760e3726290761,91b80f6c8d538fd9c16b30907c95d93ee90af04a,BOOKKEEPER-801,https://issues.apache.org/jira/browse/BOOKKEEPER-801,https://github.com/apache/bookkeeper/tree/0e3d95c9411289b89961e434ce760e3726290761,https://github.com/apache/bookkeeper/tree/91b80f6c8d538fd9c16b30907c95d93ee90af04a,https://github.com/apache/bookkeeper/compare/0e3d95c9411289b89961e434ce760e3726290761...91b80f6c8d538fd9c16b30907c95d93ee90af04a
345,BookKeeper,91b80f6c8d538fd9c16b30907c95d93ee90af04a,264995cf2fc97ae527a8c24b369790a424d88d87,BOOKKEEPER-803,https://issues.apache.org/jira/browse/BOOKKEEPER-803,https://github.com/apache/bookkeeper/tree/91b80f6c8d538fd9c16b30907c95d93ee90af04a,https://github.com/apache/bookkeeper/tree/264995cf2fc97ae527a8c24b369790a424d88d87,https://github.com/apache/bookkeeper/compare/91b80f6c8d538fd9c16b30907c95d93ee90af04a...264995cf2fc97ae527a8c24b369790a424d88d87
346,BookKeeper,afbab15ad6778f1010b726b7f765a47417fbbed0,8b23bd30c5e7388e91f650615671d754a9ee2727,BOOKKEEPER-838,https://issues.apache.org/jira/browse/BOOKKEEPER-838,https://github.com/apache/bookkeeper/tree/afbab15ad6778f1010b726b7f765a47417fbbed0,https://github.com/apache/bookkeeper/tree/8b23bd30c5e7388e91f650615671d754a9ee2727,https://github.com/apache/bookkeeper/compare/afbab15ad6778f1010b726b7f765a47417fbbed0...8b23bd30c5e7388e91f650615671d754a9ee2727
347,BookKeeper,8b23bd30c5e7388e91f650615671d754a9ee2727,e89ee080f1894143ed3415f27017b89eefe3ceb1,BOOKKEEPER-839,https://issues.apache.org/jira/browse/BOOKKEEPER-839,https://github.com/apache/bookkeeper/tree/8b23bd30c5e7388e91f650615671d754a9ee2727,https://github.com/apache/bookkeeper/tree/e89ee080f1894143ed3415f27017b89eefe3ceb1,https://github.com/apache/bookkeeper/compare/8b23bd30c5e7388e91f650615671d754a9ee2727...e89ee080f1894143ed3415f27017b89eefe3ceb1
348,BookKeeper,0c7dfc077b413d4019b68133cb7461832eae3541,f2928dca4860b3c1461b99b834992e16901c8a87,BOOKKEEPER-831,https://issues.apache.org/jira/browse/BOOKKEEPER-831,https://github.com/apache/bookkeeper/tree/0c7dfc077b413d4019b68133cb7461832eae3541,https://github.com/apache/bookkeeper/tree/f2928dca4860b3c1461b99b834992e16901c8a87,https://github.com/apache/bookkeeper/compare/0c7dfc077b413d4019b68133cb7461832eae3541...f2928dca4860b3c1461b99b834992e16901c8a87
349,BookKeeper,f2928dca4860b3c1461b99b834992e16901c8a87,68c5b5a40c33b813482e8a2371eedcb2e0d224e8,BOOKKEEPER-840,https://issues.apache.org/jira/browse/BOOKKEEPER-840,https://github.com/apache/bookkeeper/tree/f2928dca4860b3c1461b99b834992e16901c8a87,https://github.com/apache/bookkeeper/tree/68c5b5a40c33b813482e8a2371eedcb2e0d224e8,https://github.com/apache/bookkeeper/compare/f2928dca4860b3c1461b99b834992e16901c8a87...68c5b5a40c33b813482e8a2371eedcb2e0d224e8
350,BookKeeper,68c5b5a40c33b813482e8a2371eedcb2e0d224e8,4a4802ab5ef1a98eb40cd2bfb4b2f76409745220,BOOKKEEPER-828,https://issues.apache.org/jira/browse/BOOKKEEPER-828,https://github.com/apache/bookkeeper/tree/68c5b5a40c33b813482e8a2371eedcb2e0d224e8,https://github.com/apache/bookkeeper/tree/4a4802ab5ef1a98eb40cd2bfb4b2f76409745220,https://github.com/apache/bookkeeper/compare/68c5b5a40c33b813482e8a2371eedcb2e0d224e8...4a4802ab5ef1a98eb40cd2bfb4b2f76409745220
351,BookKeeper,4a4802ab5ef1a98eb40cd2bfb4b2f76409745220,7177f2a03c52ca0457ea7d1a9c946f194ffb1c5f,BOOKKEEPER-834,https://issues.apache.org/jira/browse/BOOKKEEPER-834,https://github.com/apache/bookkeeper/tree/4a4802ab5ef1a98eb40cd2bfb4b2f76409745220,https://github.com/apache/bookkeeper/tree/7177f2a03c52ca0457ea7d1a9c946f194ffb1c5f,https://github.com/apache/bookkeeper/compare/4a4802ab5ef1a98eb40cd2bfb4b2f76409745220...7177f2a03c52ca0457ea7d1a9c946f194ffb1c5f
352,BookKeeper,fe6259c7eade644c8d2a5e96aba61c1792d64843,b24cd7fd85bb3235036e660ff3a295dc939705e6,BOOKKEEPER-847,https://issues.apache.org/jira/browse/BOOKKEEPER-847,https://github.com/apache/bookkeeper/tree/fe6259c7eade644c8d2a5e96aba61c1792d64843,https://github.com/apache/bookkeeper/tree/b24cd7fd85bb3235036e660ff3a295dc939705e6,https://github.com/apache/bookkeeper/compare/fe6259c7eade644c8d2a5e96aba61c1792d64843...b24cd7fd85bb3235036e660ff3a295dc939705e6
353,BookKeeper,b24cd7fd85bb3235036e660ff3a295dc939705e6,70da24d504e3f4cba0d87a0914a0add7ea19394d,BOOKKEEPER-848,https://issues.apache.org/jira/browse/BOOKKEEPER-848,https://github.com/apache/bookkeeper/tree/b24cd7fd85bb3235036e660ff3a295dc939705e6,https://github.com/apache/bookkeeper/tree/70da24d504e3f4cba0d87a0914a0add7ea19394d,https://github.com/apache/bookkeeper/compare/b24cd7fd85bb3235036e660ff3a295dc939705e6...70da24d504e3f4cba0d87a0914a0add7ea19394d
354,BookKeeper,70da24d504e3f4cba0d87a0914a0add7ea19394d,b6dd505342051f267ca6af5fba1b70637c1e3fe0,BOOKKEEPER-695,https://issues.apache.org/jira/browse/BOOKKEEPER-695,https://github.com/apache/bookkeeper/tree/70da24d504e3f4cba0d87a0914a0add7ea19394d,https://github.com/apache/bookkeeper/tree/b6dd505342051f267ca6af5fba1b70637c1e3fe0,https://github.com/apache/bookkeeper/compare/70da24d504e3f4cba0d87a0914a0add7ea19394d...b6dd505342051f267ca6af5fba1b70637c1e3fe0
355,BookKeeper,e0d331781ec7a0e415bc6f16c38686aab34cb0c5,da1a2fa6b19ddcdba68834147bf6afbe5bf90cbf,BOOKKEEPER-833,https://issues.apache.org/jira/browse/BOOKKEEPER-833,https://github.com/apache/bookkeeper/tree/e0d331781ec7a0e415bc6f16c38686aab34cb0c5,https://github.com/apache/bookkeeper/tree/da1a2fa6b19ddcdba68834147bf6afbe5bf90cbf,https://github.com/apache/bookkeeper/compare/e0d331781ec7a0e415bc6f16c38686aab34cb0c5...da1a2fa6b19ddcdba68834147bf6afbe5bf90cbf
356,BookKeeper,26b17cba50aded931afb2e66d549fbeb8f4f1d39,6688d96b52072496202f607f8c55976472f4c9a6,BOOKKEEPER-835,https://issues.apache.org/jira/browse/BOOKKEEPER-835,https://github.com/apache/bookkeeper/tree/26b17cba50aded931afb2e66d549fbeb8f4f1d39,https://github.com/apache/bookkeeper/tree/6688d96b52072496202f607f8c55976472f4c9a6,https://github.com/apache/bookkeeper/compare/26b17cba50aded931afb2e66d549fbeb8f4f1d39...6688d96b52072496202f607f8c55976472f4c9a6
357,BookKeeper,6688d96b52072496202f607f8c55976472f4c9a6,5bd2edbf82bd0c8bd9ea9e507b07d23cb856f934,BOOKKEEPER-835,https://issues.apache.org/jira/browse/BOOKKEEPER-835,https://github.com/apache/bookkeeper/tree/6688d96b52072496202f607f8c55976472f4c9a6,https://github.com/apache/bookkeeper/tree/5bd2edbf82bd0c8bd9ea9e507b07d23cb856f934,https://github.com/apache/bookkeeper/compare/6688d96b52072496202f607f8c55976472f4c9a6...5bd2edbf82bd0c8bd9ea9e507b07d23cb856f934
358,BookKeeper,5bd2edbf82bd0c8bd9ea9e507b07d23cb856f934,1387b2be44686abfe78bf4efee4ad52d2d699e12,BOOKKEEPER-854,https://issues.apache.org/jira/browse/BOOKKEEPER-854,https://github.com/apache/bookkeeper/tree/5bd2edbf82bd0c8bd9ea9e507b07d23cb856f934,https://github.com/apache/bookkeeper/tree/1387b2be44686abfe78bf4efee4ad52d2d699e12,https://github.com/apache/bookkeeper/compare/5bd2edbf82bd0c8bd9ea9e507b07d23cb856f934...1387b2be44686abfe78bf4efee4ad52d2d699e12
359,BookKeeper,1387b2be44686abfe78bf4efee4ad52d2d699e12,6286c39eaa8f7422323fc3405c72f9c6333f444f,BOOKKEEPER-821,https://issues.apache.org/jira/browse/BOOKKEEPER-821,https://github.com/apache/bookkeeper/tree/1387b2be44686abfe78bf4efee4ad52d2d699e12,https://github.com/apache/bookkeeper/tree/6286c39eaa8f7422323fc3405c72f9c6333f444f,https://github.com/apache/bookkeeper/compare/1387b2be44686abfe78bf4efee4ad52d2d699e12...6286c39eaa8f7422323fc3405c72f9c6333f444f
360,BookKeeper,6286c39eaa8f7422323fc3405c72f9c6333f444f,35fbcc357970f126b6b9f9a7bf2a453bd3786044,BOOKKEEPER-858,https://issues.apache.org/jira/browse/BOOKKEEPER-858,https://github.com/apache/bookkeeper/tree/6286c39eaa8f7422323fc3405c72f9c6333f444f,https://github.com/apache/bookkeeper/tree/35fbcc357970f126b6b9f9a7bf2a453bd3786044,https://github.com/apache/bookkeeper/compare/6286c39eaa8f7422323fc3405c72f9c6333f444f...35fbcc357970f126b6b9f9a7bf2a453bd3786044
361,BookKeeper,35fbcc357970f126b6b9f9a7bf2a453bd3786044,8df7e0fb18547e9805238f4bb15d3d0d67978422,BOOKKEEPER-823,https://issues.apache.org/jira/browse/BOOKKEEPER-823,https://github.com/apache/bookkeeper/tree/35fbcc357970f126b6b9f9a7bf2a453bd3786044,https://github.com/apache/bookkeeper/tree/8df7e0fb18547e9805238f4bb15d3d0d67978422,https://github.com/apache/bookkeeper/compare/35fbcc357970f126b6b9f9a7bf2a453bd3786044...8df7e0fb18547e9805238f4bb15d3d0d67978422
362,BookKeeper,8bf97fb5ba115b1d053bbc9a779335455e6926c5,c29a4f2601f72f8543cc4b1db419c84b01de75ce,BOOKKEEPER-863,https://issues.apache.org/jira/browse/BOOKKEEPER-863,https://github.com/apache/bookkeeper/tree/8bf97fb5ba115b1d053bbc9a779335455e6926c5,https://github.com/apache/bookkeeper/tree/c29a4f2601f72f8543cc4b1db419c84b01de75ce,https://github.com/apache/bookkeeper/compare/8bf97fb5ba115b1d053bbc9a779335455e6926c5...c29a4f2601f72f8543cc4b1db419c84b01de75ce
363,BookKeeper,c29a4f2601f72f8543cc4b1db419c84b01de75ce,a59bd5687e2f5c4a4ac3f2a957543b5a1a3148d8,BOOKKEEPER-802,https://issues.apache.org/jira/browse/BOOKKEEPER-802,https://github.com/apache/bookkeeper/tree/c29a4f2601f72f8543cc4b1db419c84b01de75ce,https://github.com/apache/bookkeeper/tree/a59bd5687e2f5c4a4ac3f2a957543b5a1a3148d8,https://github.com/apache/bookkeeper/compare/c29a4f2601f72f8543cc4b1db419c84b01de75ce...a59bd5687e2f5c4a4ac3f2a957543b5a1a3148d8
364,BookKeeper,885cebf113ea104dc579f93d6e112825a3bf1959,9803ee8e6293dcd0346b1ca3cb0f2666b5e12382,BOOKKEEPER-872,https://issues.apache.org/jira/browse/BOOKKEEPER-872,https://github.com/apache/bookkeeper/tree/885cebf113ea104dc579f93d6e112825a3bf1959,https://github.com/apache/bookkeeper/tree/9803ee8e6293dcd0346b1ca3cb0f2666b5e12382,https://github.com/apache/bookkeeper/compare/885cebf113ea104dc579f93d6e112825a3bf1959...9803ee8e6293dcd0346b1ca3cb0f2666b5e12382
365,BookKeeper,92722ee9c34b069e23d1a87d7fc78256b8540268,8729d12be50295086e7440dfa5d0256abb7688d5,BOOKKEEPER-883,https://issues.apache.org/jira/browse/BOOKKEEPER-883,https://github.com/apache/bookkeeper/tree/92722ee9c34b069e23d1a87d7fc78256b8540268,https://github.com/apache/bookkeeper/tree/8729d12be50295086e7440dfa5d0256abb7688d5,https://github.com/apache/bookkeeper/compare/92722ee9c34b069e23d1a87d7fc78256b8540268...8729d12be50295086e7440dfa5d0256abb7688d5
366,BookKeeper,8729d12be50295086e7440dfa5d0256abb7688d5,626b7e8bb0b84271df97cfbf0a1b157c6cfe5a18,BOOKKEEPER-890,https://issues.apache.org/jira/browse/BOOKKEEPER-890,https://github.com/apache/bookkeeper/tree/8729d12be50295086e7440dfa5d0256abb7688d5,https://github.com/apache/bookkeeper/tree/626b7e8bb0b84271df97cfbf0a1b157c6cfe5a18,https://github.com/apache/bookkeeper/compare/8729d12be50295086e7440dfa5d0256abb7688d5...626b7e8bb0b84271df97cfbf0a1b157c6cfe5a18
367,BookKeeper,d96a2db912278e3d88ed59d8d3e15b62bc37ffd4,63395a3e3d9bb253ea2745042631e44a3d195ea0,BOOKKEEPER-893,https://issues.apache.org/jira/browse/BOOKKEEPER-893,https://github.com/apache/bookkeeper/tree/d96a2db912278e3d88ed59d8d3e15b62bc37ffd4,https://github.com/apache/bookkeeper/tree/63395a3e3d9bb253ea2745042631e44a3d195ea0,https://github.com/apache/bookkeeper/compare/d96a2db912278e3d88ed59d8d3e15b62bc37ffd4...63395a3e3d9bb253ea2745042631e44a3d195ea0
368,BookKeeper,63395a3e3d9bb253ea2745042631e44a3d195ea0,9c937f5d814d4079b6134db361a0e2de1e37cd05,BOOKKEEPER-891,https://issues.apache.org/jira/browse/BOOKKEEPER-891,https://github.com/apache/bookkeeper/tree/63395a3e3d9bb253ea2745042631e44a3d195ea0,https://github.com/apache/bookkeeper/tree/9c937f5d814d4079b6134db361a0e2de1e37cd05,https://github.com/apache/bookkeeper/compare/63395a3e3d9bb253ea2745042631e44a3d195ea0...9c937f5d814d4079b6134db361a0e2de1e37cd05
369,BookKeeper,bac3ed3603f9dc9864beb610bea215c186ef4fab,9bd9e061bc225f36d8c9d516d4265aa209e4e90e,BOOKKEEPER-897,https://issues.apache.org/jira/browse/BOOKKEEPER-897,https://github.com/apache/bookkeeper/tree/bac3ed3603f9dc9864beb610bea215c186ef4fab,https://github.com/apache/bookkeeper/tree/9bd9e061bc225f36d8c9d516d4265aa209e4e90e,https://github.com/apache/bookkeeper/compare/bac3ed3603f9dc9864beb610bea215c186ef4fab...9bd9e061bc225f36d8c9d516d4265aa209e4e90e
370,BookKeeper,c8255f8c5f73a2353293ec1d9612dbb98f291ccc,bfa74f736ba270cc1a0bd0f7a1a6c643a00e385d,BOOKKEEPER-899,https://issues.apache.org/jira/browse/BOOKKEEPER-899,https://github.com/apache/bookkeeper/tree/c8255f8c5f73a2353293ec1d9612dbb98f291ccc,https://github.com/apache/bookkeeper/tree/bfa74f736ba270cc1a0bd0f7a1a6c643a00e385d,https://github.com/apache/bookkeeper/compare/c8255f8c5f73a2353293ec1d9612dbb98f291ccc...bfa74f736ba270cc1a0bd0f7a1a6c643a00e385d
371,BookKeeper,bfa74f736ba270cc1a0bd0f7a1a6c643a00e385d,fe52b500cfec1c93725fa967ad2d5e0e7350580c,BOOKKEEPER-900,https://issues.apache.org/jira/browse/BOOKKEEPER-900,https://github.com/apache/bookkeeper/tree/bfa74f736ba270cc1a0bd0f7a1a6c643a00e385d,https://github.com/apache/bookkeeper/tree/fe52b500cfec1c93725fa967ad2d5e0e7350580c,https://github.com/apache/bookkeeper/compare/bfa74f736ba270cc1a0bd0f7a1a6c643a00e385d...fe52b500cfec1c93725fa967ad2d5e0e7350580c
372,BookKeeper,fe52b500cfec1c93725fa967ad2d5e0e7350580c,a77042db1b024b5cb2bdd2a5f49ea18a43bc036b,BOOKKEEPER-898,https://issues.apache.org/jira/browse/BOOKKEEPER-898,https://github.com/apache/bookkeeper/tree/fe52b500cfec1c93725fa967ad2d5e0e7350580c,https://github.com/apache/bookkeeper/tree/a77042db1b024b5cb2bdd2a5f49ea18a43bc036b,https://github.com/apache/bookkeeper/compare/fe52b500cfec1c93725fa967ad2d5e0e7350580c...a77042db1b024b5cb2bdd2a5f49ea18a43bc036b
373,BookKeeper,a77042db1b024b5cb2bdd2a5f49ea18a43bc036b,410ff7263a477d4b75a43d006adde3549225a4b9,BOOKKEEPER-902,https://issues.apache.org/jira/browse/BOOKKEEPER-902,https://github.com/apache/bookkeeper/tree/a77042db1b024b5cb2bdd2a5f49ea18a43bc036b,https://github.com/apache/bookkeeper/tree/410ff7263a477d4b75a43d006adde3549225a4b9,https://github.com/apache/bookkeeper/compare/a77042db1b024b5cb2bdd2a5f49ea18a43bc036b...410ff7263a477d4b75a43d006adde3549225a4b9
374,BookKeeper,410ff7263a477d4b75a43d006adde3549225a4b9,9a8d62b1d1231f2fe6feca7e0c407a426a1278d5,BOOKKEEPER-769,https://issues.apache.org/jira/browse/BOOKKEEPER-769,https://github.com/apache/bookkeeper/tree/410ff7263a477d4b75a43d006adde3549225a4b9,https://github.com/apache/bookkeeper/tree/9a8d62b1d1231f2fe6feca7e0c407a426a1278d5,https://github.com/apache/bookkeeper/compare/410ff7263a477d4b75a43d006adde3549225a4b9...9a8d62b1d1231f2fe6feca7e0c407a426a1278d5
375,BookKeeper,9a8d62b1d1231f2fe6feca7e0c407a426a1278d5,1a98088e38ca0a43c26d9a4847619b0a27bb90e8,BOOKKEEPER-594,https://issues.apache.org/jira/browse/BOOKKEEPER-594,https://github.com/apache/bookkeeper/tree/9a8d62b1d1231f2fe6feca7e0c407a426a1278d5,https://github.com/apache/bookkeeper/tree/1a98088e38ca0a43c26d9a4847619b0a27bb90e8,https://github.com/apache/bookkeeper/compare/9a8d62b1d1231f2fe6feca7e0c407a426a1278d5...1a98088e38ca0a43c26d9a4847619b0a27bb90e8
376,BookKeeper,a13d75d7eae29f1ce42dbfe5c6b4878a822fdf91,e32c38890ffbd0291e24e2b3f2625374b27f1f67,BOOKKEEPER-909,https://issues.apache.org/jira/browse/BOOKKEEPER-909,https://github.com/apache/bookkeeper/tree/a13d75d7eae29f1ce42dbfe5c6b4878a822fdf91,https://github.com/apache/bookkeeper/tree/e32c38890ffbd0291e24e2b3f2625374b27f1f67,https://github.com/apache/bookkeeper/compare/a13d75d7eae29f1ce42dbfe5c6b4878a822fdf91...e32c38890ffbd0291e24e2b3f2625374b27f1f67
377,BookKeeper,b1c12c0f41b7c27b2452fef311f12077d771f431,d607b366ba493617408888a768a99ee3f3ffb976,BOOKKEEPER-578,https://issues.apache.org/jira/browse/BOOKKEEPER-578,https://github.com/apache/bookkeeper/tree/b1c12c0f41b7c27b2452fef311f12077d771f431,https://github.com/apache/bookkeeper/tree/d607b366ba493617408888a768a99ee3f3ffb976,https://github.com/apache/bookkeeper/compare/b1c12c0f41b7c27b2452fef311f12077d771f431...d607b366ba493617408888a768a99ee3f3ffb976
378,BookKeeper,e5939ed587d81212fb032a37b2b83401359fa7fc,19a5efe21ca0b33156a405f1084ddaa9ba4b28f5,BOOKKEEPER-910,https://issues.apache.org/jira/browse/BOOKKEEPER-910,https://github.com/apache/bookkeeper/tree/e5939ed587d81212fb032a37b2b83401359fa7fc,https://github.com/apache/bookkeeper/tree/19a5efe21ca0b33156a405f1084ddaa9ba4b28f5,https://github.com/apache/bookkeeper/compare/e5939ed587d81212fb032a37b2b83401359fa7fc...19a5efe21ca0b33156a405f1084ddaa9ba4b28f5
379,BookKeeper,19a5efe21ca0b33156a405f1084ddaa9ba4b28f5,3fe7e7dad1a1a5a1ac958ef245f244d36523c0ea,BOOKKEEPER-904,https://issues.apache.org/jira/browse/BOOKKEEPER-904,https://github.com/apache/bookkeeper/tree/19a5efe21ca0b33156a405f1084ddaa9ba4b28f5,https://github.com/apache/bookkeeper/tree/3fe7e7dad1a1a5a1ac958ef245f244d36523c0ea,https://github.com/apache/bookkeeper/compare/19a5efe21ca0b33156a405f1084ddaa9ba4b28f5...3fe7e7dad1a1a5a1ac958ef245f244d36523c0ea
380,BookKeeper,3fe7e7dad1a1a5a1ac958ef245f244d36523c0ea,3efde26e0510be38237c73a7bfeeb105f25d8dbe,BOOKKEEPER-914,https://issues.apache.org/jira/browse/BOOKKEEPER-914,https://github.com/apache/bookkeeper/tree/3fe7e7dad1a1a5a1ac958ef245f244d36523c0ea,https://github.com/apache/bookkeeper/tree/3efde26e0510be38237c73a7bfeeb105f25d8dbe,https://github.com/apache/bookkeeper/compare/3fe7e7dad1a1a5a1ac958ef245f244d36523c0ea...3efde26e0510be38237c73a7bfeeb105f25d8dbe
381,BookKeeper,89b032a1b59bebaf1bd48a95c0eb0f3e0caa2519,f2bc62b85e9bb855416fa4ea424cfd19ae9944e5,BOOKKEEPER-913,https://issues.apache.org/jira/browse/BOOKKEEPER-913,https://github.com/apache/bookkeeper/tree/89b032a1b59bebaf1bd48a95c0eb0f3e0caa2519,https://github.com/apache/bookkeeper/tree/f2bc62b85e9bb855416fa4ea424cfd19ae9944e5,https://github.com/apache/bookkeeper/compare/89b032a1b59bebaf1bd48a95c0eb0f3e0caa2519...f2bc62b85e9bb855416fa4ea424cfd19ae9944e5
382,BookKeeper,f2bc62b85e9bb855416fa4ea424cfd19ae9944e5,b42d8db2b03079ce65d603d808442297ad759433,BOOKKEEPER-917,https://issues.apache.org/jira/browse/BOOKKEEPER-917,https://github.com/apache/bookkeeper/tree/f2bc62b85e9bb855416fa4ea424cfd19ae9944e5,https://github.com/apache/bookkeeper/tree/b42d8db2b03079ce65d603d808442297ad759433,https://github.com/apache/bookkeeper/compare/f2bc62b85e9bb855416fa4ea424cfd19ae9944e5...b42d8db2b03079ce65d603d808442297ad759433
383,BookKeeper,10cab08d0a8b4ca4b182554dee95834dc42175d2,91595fc04ac6168b5a652e803e55caadae757f74,BOOKKEEPER-911,https://issues.apache.org/jira/browse/BOOKKEEPER-911,https://github.com/apache/bookkeeper/tree/10cab08d0a8b4ca4b182554dee95834dc42175d2,https://github.com/apache/bookkeeper/tree/91595fc04ac6168b5a652e803e55caadae757f74,https://github.com/apache/bookkeeper/compare/10cab08d0a8b4ca4b182554dee95834dc42175d2...91595fc04ac6168b5a652e803e55caadae757f74
384,BookKeeper,dd575a16decbeaab1f230db271bc400d7e434216,696a1515bcd4ef41ef27944dad64ac3e1c9d4991,BOOKKEEPER-921,https://issues.apache.org/jira/browse/BOOKKEEPER-921,https://github.com/apache/bookkeeper/tree/dd575a16decbeaab1f230db271bc400d7e434216,https://github.com/apache/bookkeeper/tree/696a1515bcd4ef41ef27944dad64ac3e1c9d4991,https://github.com/apache/bookkeeper/compare/dd575a16decbeaab1f230db271bc400d7e434216...696a1515bcd4ef41ef27944dad64ac3e1c9d4991
385,BookKeeper,696a1515bcd4ef41ef27944dad64ac3e1c9d4991,101de10a817d2a0704ce746eaed90cc0d73ca078,BOOKKEEPER-925,https://issues.apache.org/jira/browse/BOOKKEEPER-925,https://github.com/apache/bookkeeper/tree/696a1515bcd4ef41ef27944dad64ac3e1c9d4991,https://github.com/apache/bookkeeper/tree/101de10a817d2a0704ce746eaed90cc0d73ca078,https://github.com/apache/bookkeeper/compare/696a1515bcd4ef41ef27944dad64ac3e1c9d4991...101de10a817d2a0704ce746eaed90cc0d73ca078
386,BookKeeper,101de10a817d2a0704ce746eaed90cc0d73ca078,f8e0331f14a933ad2ed3d933c5eea927020b4967,BOOKKEEPER-925,https://issues.apache.org/jira/browse/BOOKKEEPER-925,https://github.com/apache/bookkeeper/tree/101de10a817d2a0704ce746eaed90cc0d73ca078,https://github.com/apache/bookkeeper/tree/f8e0331f14a933ad2ed3d933c5eea927020b4967,https://github.com/apache/bookkeeper/compare/101de10a817d2a0704ce746eaed90cc0d73ca078...f8e0331f14a933ad2ed3d933c5eea927020b4967
387,BookKeeper,f8e0331f14a933ad2ed3d933c5eea927020b4967,d32010f5fcc6a040a56dc8b983cc14d107cff2df,BOOKKEEPER-926,https://issues.apache.org/jira/browse/BOOKKEEPER-926,https://github.com/apache/bookkeeper/tree/f8e0331f14a933ad2ed3d933c5eea927020b4967,https://github.com/apache/bookkeeper/tree/d32010f5fcc6a040a56dc8b983cc14d107cff2df,https://github.com/apache/bookkeeper/compare/f8e0331f14a933ad2ed3d933c5eea927020b4967...d32010f5fcc6a040a56dc8b983cc14d107cff2df
388,BookKeeper,3196448632fd93b53964d58aaf070709d2bb050c,e5f3afa5ef84dbc466562664f1f8b0cd60779c02,BOOKKEEPER-908,https://issues.apache.org/jira/browse/BOOKKEEPER-908,https://github.com/apache/bookkeeper/tree/3196448632fd93b53964d58aaf070709d2bb050c,https://github.com/apache/bookkeeper/tree/e5f3afa5ef84dbc466562664f1f8b0cd60779c02,https://github.com/apache/bookkeeper/compare/3196448632fd93b53964d58aaf070709d2bb050c...e5f3afa5ef84dbc466562664f1f8b0cd60779c02
389,BookKeeper,d5cea821c2201db77bd75a9bc48ff4bf9f483ce2,2506c98f8cc474d538df84ca30d229fbe0470e29,BOOKKEEPER-939,https://issues.apache.org/jira/browse/BOOKKEEPER-939,https://github.com/apache/bookkeeper/tree/d5cea821c2201db77bd75a9bc48ff4bf9f483ce2,https://github.com/apache/bookkeeper/tree/2506c98f8cc474d538df84ca30d229fbe0470e29,https://github.com/apache/bookkeeper/compare/d5cea821c2201db77bd75a9bc48ff4bf9f483ce2...2506c98f8cc474d538df84ca30d229fbe0470e29
390,BookKeeper,2506c98f8cc474d538df84ca30d229fbe0470e29,2f71beb5e4b06691d4fd6c2601b78632236b3533,BOOKKEEPER-940,https://issues.apache.org/jira/browse/BOOKKEEPER-940,https://github.com/apache/bookkeeper/tree/2506c98f8cc474d538df84ca30d229fbe0470e29,https://github.com/apache/bookkeeper/tree/2f71beb5e4b06691d4fd6c2601b78632236b3533,https://github.com/apache/bookkeeper/compare/2506c98f8cc474d538df84ca30d229fbe0470e29...2f71beb5e4b06691d4fd6c2601b78632236b3533
391,BookKeeper,2f71beb5e4b06691d4fd6c2601b78632236b3533,1f7e47005588eedd879d0b9d163b4f125c6a0d59,BOOKKEEPER-927,https://issues.apache.org/jira/browse/BOOKKEEPER-927,https://github.com/apache/bookkeeper/tree/2f71beb5e4b06691d4fd6c2601b78632236b3533,https://github.com/apache/bookkeeper/tree/1f7e47005588eedd879d0b9d163b4f125c6a0d59,https://github.com/apache/bookkeeper/compare/2f71beb5e4b06691d4fd6c2601b78632236b3533...1f7e47005588eedd879d0b9d163b4f125c6a0d59
392,BookKeeper,1f7e47005588eedd879d0b9d163b4f125c6a0d59,8324632b2983beba1528ab53a999340756c7f563,BOOKKEEPER-933,https://issues.apache.org/jira/browse/BOOKKEEPER-933,https://github.com/apache/bookkeeper/tree/1f7e47005588eedd879d0b9d163b4f125c6a0d59,https://github.com/apache/bookkeeper/tree/8324632b2983beba1528ab53a999340756c7f563,https://github.com/apache/bookkeeper/compare/1f7e47005588eedd879d0b9d163b4f125c6a0d59...8324632b2983beba1528ab53a999340756c7f563
393,BookKeeper,c43858b5095318b50f4c7f86fc33b0a9e454bee5,64f596f4563436b3e4cfe0f57714fc3012778b4c,BOOKKEEPER-938,https://issues.apache.org/jira/browse/BOOKKEEPER-938,https://github.com/apache/bookkeeper/tree/c43858b5095318b50f4c7f86fc33b0a9e454bee5,https://github.com/apache/bookkeeper/tree/64f596f4563436b3e4cfe0f57714fc3012778b4c,https://github.com/apache/bookkeeper/compare/c43858b5095318b50f4c7f86fc33b0a9e454bee5...64f596f4563436b3e4cfe0f57714fc3012778b4c
394,BookKeeper,bbd1eb8d8560b03834175fbd996b85237df09f5c,bf4a4d6a07f9d615752054c6743035cebd86716e,BOOKKEEPER-924,https://issues.apache.org/jira/browse/BOOKKEEPER-924,https://github.com/apache/bookkeeper/tree/bbd1eb8d8560b03834175fbd996b85237df09f5c,https://github.com/apache/bookkeeper/tree/bf4a4d6a07f9d615752054c6743035cebd86716e,https://github.com/apache/bookkeeper/compare/bbd1eb8d8560b03834175fbd996b85237df09f5c...bf4a4d6a07f9d615752054c6743035cebd86716e
395,BookKeeper,bf4a4d6a07f9d615752054c6743035cebd86716e,4383b0b171d5fdfcdfa55c196998bbc6b7fdc260,BOOKKEEPER-952,https://issues.apache.org/jira/browse/BOOKKEEPER-952,https://github.com/apache/bookkeeper/tree/bf4a4d6a07f9d615752054c6743035cebd86716e,https://github.com/apache/bookkeeper/tree/4383b0b171d5fdfcdfa55c196998bbc6b7fdc260,https://github.com/apache/bookkeeper/compare/bf4a4d6a07f9d615752054c6743035cebd86716e...4383b0b171d5fdfcdfa55c196998bbc6b7fdc260
396,BookKeeper,0abf37c64ced0fe49a6470bc0e2be632e47902d6,309cbba65c8532ef84c70efe181b3162e3078333,BOOKKEEPER-903,https://issues.apache.org/jira/browse/BOOKKEEPER-903,https://github.com/apache/bookkeeper/tree/0abf37c64ced0fe49a6470bc0e2be632e47902d6,https://github.com/apache/bookkeeper/tree/309cbba65c8532ef84c70efe181b3162e3078333,https://github.com/apache/bookkeeper/compare/0abf37c64ced0fe49a6470bc0e2be632e47902d6...309cbba65c8532ef84c70efe181b3162e3078333
397,BookKeeper,309cbba65c8532ef84c70efe181b3162e3078333,cc3d2701687ce1a4ff14502e2214a381b43aed5f,BOOKKEEPER-956,https://issues.apache.org/jira/browse/BOOKKEEPER-956,https://github.com/apache/bookkeeper/tree/309cbba65c8532ef84c70efe181b3162e3078333,https://github.com/apache/bookkeeper/tree/cc3d2701687ce1a4ff14502e2214a381b43aed5f,https://github.com/apache/bookkeeper/compare/309cbba65c8532ef84c70efe181b3162e3078333...cc3d2701687ce1a4ff14502e2214a381b43aed5f
398,BookKeeper,cc3d2701687ce1a4ff14502e2214a381b43aed5f,8f0bed9f8401001abd683c420757610996cf96d8,BOOKKEEPER-957,https://issues.apache.org/jira/browse/BOOKKEEPER-957,https://github.com/apache/bookkeeper/tree/cc3d2701687ce1a4ff14502e2214a381b43aed5f,https://github.com/apache/bookkeeper/tree/8f0bed9f8401001abd683c420757610996cf96d8,https://github.com/apache/bookkeeper/compare/cc3d2701687ce1a4ff14502e2214a381b43aed5f...8f0bed9f8401001abd683c420757610996cf96d8
399,BookKeeper,8f0bed9f8401001abd683c420757610996cf96d8,026ef10e1e9706ead4f1bc6763ded2e28c91480d,BOOKKEEPER-958,https://issues.apache.org/jira/browse/BOOKKEEPER-958,https://github.com/apache/bookkeeper/tree/8f0bed9f8401001abd683c420757610996cf96d8,https://github.com/apache/bookkeeper/tree/026ef10e1e9706ead4f1bc6763ded2e28c91480d,https://github.com/apache/bookkeeper/compare/8f0bed9f8401001abd683c420757610996cf96d8...026ef10e1e9706ead4f1bc6763ded2e28c91480d
400,BookKeeper,66515e74d3fb03d21cad4eccb446a90ab7e94597,4cf097871d28b70a53f8c6bffaf1c2022e9953b2,BOOKKEEPER-955,https://issues.apache.org/jira/browse/BOOKKEEPER-955,https://github.com/apache/bookkeeper/tree/66515e74d3fb03d21cad4eccb446a90ab7e94597,https://github.com/apache/bookkeeper/tree/4cf097871d28b70a53f8c6bffaf1c2022e9953b2,https://github.com/apache/bookkeeper/compare/66515e74d3fb03d21cad4eccb446a90ab7e94597...4cf097871d28b70a53f8c6bffaf1c2022e9953b2
401,BookKeeper,ecbb053e6e873859507e247cae727f4bc8b9f7fa,f710e5a44569aa080b80eff855fff2c3810957fd,BOOKKEEPER-976,https://issues.apache.org/jira/browse/BOOKKEEPER-976,https://github.com/apache/bookkeeper/tree/ecbb053e6e873859507e247cae727f4bc8b9f7fa,https://github.com/apache/bookkeeper/tree/f710e5a44569aa080b80eff855fff2c3810957fd,https://github.com/apache/bookkeeper/compare/ecbb053e6e873859507e247cae727f4bc8b9f7fa...f710e5a44569aa080b80eff855fff2c3810957fd
402,BookKeeper,f710e5a44569aa080b80eff855fff2c3810957fd,6d2737ca22533aed461ed71e94d2472a6664df3c,BOOKKEEPER-984,https://issues.apache.org/jira/browse/BOOKKEEPER-984,https://github.com/apache/bookkeeper/tree/f710e5a44569aa080b80eff855fff2c3810957fd,https://github.com/apache/bookkeeper/tree/6d2737ca22533aed461ed71e94d2472a6664df3c,https://github.com/apache/bookkeeper/compare/f710e5a44569aa080b80eff855fff2c3810957fd...6d2737ca22533aed461ed71e94d2472a6664df3c
403,BookKeeper,6d2737ca22533aed461ed71e94d2472a6664df3c,d2e82d4942be079cbfdb179e9a3fe3e574beff8d,BOOKKEEPER-987,https://issues.apache.org/jira/browse/BOOKKEEPER-987,https://github.com/apache/bookkeeper/tree/6d2737ca22533aed461ed71e94d2472a6664df3c,https://github.com/apache/bookkeeper/tree/d2e82d4942be079cbfdb179e9a3fe3e574beff8d,https://github.com/apache/bookkeeper/compare/6d2737ca22533aed461ed71e94d2472a6664df3c...d2e82d4942be079cbfdb179e9a3fe3e574beff8d
404,BookKeeper,73edd4a99191d3c710b24a85eed3e2dbcd0a93bc,54863473365572f955a8e7a3e022614f5f5e4604,BOOKKEEPER-988,https://issues.apache.org/jira/browse/BOOKKEEPER-988,https://github.com/apache/bookkeeper/tree/73edd4a99191d3c710b24a85eed3e2dbcd0a93bc,https://github.com/apache/bookkeeper/tree/54863473365572f955a8e7a3e022614f5f5e4604,https://github.com/apache/bookkeeper/compare/73edd4a99191d3c710b24a85eed3e2dbcd0a93bc...54863473365572f955a8e7a3e022614f5f5e4604
405,BookKeeper,9a506c261d3702ddd3f39556f4331b91da952a6e,6e738d0c02ebe6710a24aad505e2fd9386bb8821,BOOKKEEPER-986,https://issues.apache.org/jira/browse/BOOKKEEPER-986,https://github.com/apache/bookkeeper/tree/9a506c261d3702ddd3f39556f4331b91da952a6e,https://github.com/apache/bookkeeper/tree/6e738d0c02ebe6710a24aad505e2fd9386bb8821,https://github.com/apache/bookkeeper/compare/9a506c261d3702ddd3f39556f4331b91da952a6e...6e738d0c02ebe6710a24aad505e2fd9386bb8821
406,BookKeeper,43971c3b9e4a9ac37ee07b398ed5506e040f9310,ca7e5fd80662745e7f64ee8f70c66dc9734f6e3a,BOOKKEEPER-907,https://issues.apache.org/jira/browse/BOOKKEEPER-907,https://github.com/apache/bookkeeper/tree/43971c3b9e4a9ac37ee07b398ed5506e040f9310,https://github.com/apache/bookkeeper/tree/ca7e5fd80662745e7f64ee8f70c66dc9734f6e3a,https://github.com/apache/bookkeeper/compare/43971c3b9e4a9ac37ee07b398ed5506e040f9310...ca7e5fd80662745e7f64ee8f70c66dc9734f6e3a
407,BookKeeper,26b09abb4202362ca37d6944ce75eb2a3309dc3c,13d668f2208bf472e4938cfdfd2de912eaa11275,BOOKKEEPER-959,https://issues.apache.org/jira/browse/BOOKKEEPER-959,https://github.com/apache/bookkeeper/tree/26b09abb4202362ca37d6944ce75eb2a3309dc3c,https://github.com/apache/bookkeeper/tree/13d668f2208bf472e4938cfdfd2de912eaa11275,https://github.com/apache/bookkeeper/compare/26b09abb4202362ca37d6944ce75eb2a3309dc3c...13d668f2208bf472e4938cfdfd2de912eaa11275
408,BookKeeper,91db1254c1118c4efa1c520f61850a3382f41fff,123eccd435a4a96a9147ed4a24efbe9025fe79ba,BOOKKEEPER-1009,https://issues.apache.org/jira/browse/BOOKKEEPER-1009,https://github.com/apache/bookkeeper/tree/91db1254c1118c4efa1c520f61850a3382f41fff,https://github.com/apache/bookkeeper/tree/123eccd435a4a96a9147ed4a24efbe9025fe79ba,https://github.com/apache/bookkeeper/compare/91db1254c1118c4efa1c520f61850a3382f41fff...123eccd435a4a96a9147ed4a24efbe9025fe79ba
409,BookKeeper,28c264c8655f74e09ceee5ad499942cfb0dc65dc,32ebf0ad68f85daffdec571e28206339a4d09443,BOOKKEEPER-999,https://issues.apache.org/jira/browse/BOOKKEEPER-999,https://github.com/apache/bookkeeper/tree/28c264c8655f74e09ceee5ad499942cfb0dc65dc,https://github.com/apache/bookkeeper/tree/32ebf0ad68f85daffdec571e28206339a4d09443,https://github.com/apache/bookkeeper/compare/28c264c8655f74e09ceee5ad499942cfb0dc65dc...32ebf0ad68f85daffdec571e28206339a4d09443
410,BookKeeper,f20568eaa25e0efe6926ede9030a210382e3005b,3d3340be7d754af1738a117ee07e3bed04ec5547,BOOKKEEPER-1013,https://issues.apache.org/jira/browse/BOOKKEEPER-1013,https://github.com/apache/bookkeeper/tree/f20568eaa25e0efe6926ede9030a210382e3005b,https://github.com/apache/bookkeeper/tree/3d3340be7d754af1738a117ee07e3bed04ec5547,https://github.com/apache/bookkeeper/compare/f20568eaa25e0efe6926ede9030a210382e3005b...3d3340be7d754af1738a117ee07e3bed04ec5547
411,BookKeeper,0583175de72446d00088611000310b000e8e61df,bf8ef14bc1bfdde6c6c8edcd7f380b4beca023f6,BOOKKEEPER-852,https://issues.apache.org/jira/browse/BOOKKEEPER-852,https://github.com/apache/bookkeeper/tree/0583175de72446d00088611000310b000e8e61df,https://github.com/apache/bookkeeper/tree/bf8ef14bc1bfdde6c6c8edcd7f380b4beca023f6,https://github.com/apache/bookkeeper/compare/0583175de72446d00088611000310b000e8e61df...bf8ef14bc1bfdde6c6c8edcd7f380b4beca023f6
412,BookKeeper,b30b527ba995978694ebf735c02b508374001021,9836c87dc2c082c46692d60c60cf9e23c7b0b06c,BOOKKEEPER-1020,https://issues.apache.org/jira/browse/BOOKKEEPER-1020,https://github.com/apache/bookkeeper/tree/b30b527ba995978694ebf735c02b508374001021,https://github.com/apache/bookkeeper/tree/9836c87dc2c082c46692d60c60cf9e23c7b0b06c,https://github.com/apache/bookkeeper/compare/b30b527ba995978694ebf735c02b508374001021...9836c87dc2c082c46692d60c60cf9e23c7b0b06c
413,BookKeeper,9836c87dc2c082c46692d60c60cf9e23c7b0b06c,9001e300ce0d5d2655d437e3eaa52f91487caed6,BOOKKEEPER-1018,https://issues.apache.org/jira/browse/BOOKKEEPER-1018,https://github.com/apache/bookkeeper/tree/9836c87dc2c082c46692d60c60cf9e23c7b0b06c,https://github.com/apache/bookkeeper/tree/9001e300ce0d5d2655d437e3eaa52f91487caed6,https://github.com/apache/bookkeeper/compare/9836c87dc2c082c46692d60c60cf9e23c7b0b06c...9001e300ce0d5d2655d437e3eaa52f91487caed6
414,BookKeeper,9001e300ce0d5d2655d437e3eaa52f91487caed6,f30f60889e0810a47797daf4107c0d9bc2ee998c,BOOKKEEPER-1018,https://issues.apache.org/jira/browse/BOOKKEEPER-1018,https://github.com/apache/bookkeeper/tree/9001e300ce0d5d2655d437e3eaa52f91487caed6,https://github.com/apache/bookkeeper/tree/f30f60889e0810a47797daf4107c0d9bc2ee998c,https://github.com/apache/bookkeeper/compare/9001e300ce0d5d2655d437e3eaa52f91487caed6...f30f60889e0810a47797daf4107c0d9bc2ee998c
415,BookKeeper,f30f60889e0810a47797daf4107c0d9bc2ee998c,ab707d2c6b3251b2a9a30a6d14074704460b3da5,BOOKKEEPER-1021,https://issues.apache.org/jira/browse/BOOKKEEPER-1021,https://github.com/apache/bookkeeper/tree/f30f60889e0810a47797daf4107c0d9bc2ee998c,https://github.com/apache/bookkeeper/tree/ab707d2c6b3251b2a9a30a6d14074704460b3da5,https://github.com/apache/bookkeeper/compare/f30f60889e0810a47797daf4107c0d9bc2ee998c...ab707d2c6b3251b2a9a30a6d14074704460b3da5
416,BookKeeper,ab707d2c6b3251b2a9a30a6d14074704460b3da5,48aa69dd0ba41f5ba7bb2b04f31172c919be4391,BOOKKEEPER-1031,https://issues.apache.org/jira/browse/BOOKKEEPER-1031,https://github.com/apache/bookkeeper/tree/ab707d2c6b3251b2a9a30a6d14074704460b3da5,https://github.com/apache/bookkeeper/tree/48aa69dd0ba41f5ba7bb2b04f31172c919be4391,https://github.com/apache/bookkeeper/compare/ab707d2c6b3251b2a9a30a6d14074704460b3da5...48aa69dd0ba41f5ba7bb2b04f31172c919be4391
417,BookKeeper,24fae0322327d8fd75c30524546924f27e278448,f74d07d6b96ba3e6f1270d053fa36676cf680304,BOOKKEEPER-1018,https://issues.apache.org/jira/browse/BOOKKEEPER-1018,https://github.com/apache/bookkeeper/tree/24fae0322327d8fd75c30524546924f27e278448,https://github.com/apache/bookkeeper/tree/f74d07d6b96ba3e6f1270d053fa36676cf680304,https://github.com/apache/bookkeeper/compare/24fae0322327d8fd75c30524546924f27e278448...f74d07d6b96ba3e6f1270d053fa36676cf680304
418,BookKeeper,25c113f62a40bff6ff91cf82f699fd1d35b102fb,d5af77c05256d5942c19aff2654c5d8f5ac1eb79,BOOKKEEPER-1047,https://issues.apache.org/jira/browse/BOOKKEEPER-1047,https://github.com/apache/bookkeeper/tree/25c113f62a40bff6ff91cf82f699fd1d35b102fb,https://github.com/apache/bookkeeper/tree/d5af77c05256d5942c19aff2654c5d8f5ac1eb79,https://github.com/apache/bookkeeper/compare/25c113f62a40bff6ff91cf82f699fd1d35b102fb...d5af77c05256d5942c19aff2654c5d8f5ac1eb79
419,BookKeeper,5130d3596f7fb862e38910bf0a0a1dae3ed892e8,811ece53a1c975c4e768422f3d622ac9de6b3e41,BOOKKEEPER-1058,https://issues.apache.org/jira/browse/BOOKKEEPER-1058,https://github.com/apache/bookkeeper/tree/5130d3596f7fb862e38910bf0a0a1dae3ed892e8,https://github.com/apache/bookkeeper/tree/811ece53a1c975c4e768422f3d622ac9de6b3e41,https://github.com/apache/bookkeeper/compare/5130d3596f7fb862e38910bf0a0a1dae3ed892e8...811ece53a1c975c4e768422f3d622ac9de6b3e41
420,BookKeeper,d863513719b696638e3369f4bbfde9abf5fd3d5f,5d43260e84c6121df72c0ee4c844651bfb726638,BOOKKEEPER-1061,https://issues.apache.org/jira/browse/BOOKKEEPER-1061,https://github.com/apache/bookkeeper/tree/d863513719b696638e3369f4bbfde9abf5fd3d5f,https://github.com/apache/bookkeeper/tree/5d43260e84c6121df72c0ee4c844651bfb726638,https://github.com/apache/bookkeeper/compare/d863513719b696638e3369f4bbfde9abf5fd3d5f...5d43260e84c6121df72c0ee4c844651bfb726638
421,BookKeeper,667390d1a6305c31608130929ba0d68a0b5a4763,8ba8ab9403dbc464c68caf6e7cd3fc490670731e,BOOKKEEPER-1072,https://issues.apache.org/jira/browse/BOOKKEEPER-1072,https://github.com/apache/bookkeeper/tree/667390d1a6305c31608130929ba0d68a0b5a4763,https://github.com/apache/bookkeeper/tree/8ba8ab9403dbc464c68caf6e7cd3fc490670731e,https://github.com/apache/bookkeeper/compare/667390d1a6305c31608130929ba0d68a0b5a4763...8ba8ab9403dbc464c68caf6e7cd3fc490670731e
422,BookKeeper,7b1eec47092d0de6776c5a89575dbfc678165ee7,64bedc2f92d5bb17783c6ea2a2db7ea29170f264,BOOKKEEPER-1075,https://issues.apache.org/jira/browse/BOOKKEEPER-1075,https://github.com/apache/bookkeeper/tree/7b1eec47092d0de6776c5a89575dbfc678165ee7,https://github.com/apache/bookkeeper/tree/64bedc2f92d5bb17783c6ea2a2db7ea29170f264,https://github.com/apache/bookkeeper/compare/7b1eec47092d0de6776c5a89575dbfc678165ee7...64bedc2f92d5bb17783c6ea2a2db7ea29170f264
423,BookKeeper,64bedc2f92d5bb17783c6ea2a2db7ea29170f264,6698912e4d35119a2e85a6ea3877c6771073489c,BOOKKEEPER-1077,https://issues.apache.org/jira/browse/BOOKKEEPER-1077,https://github.com/apache/bookkeeper/tree/64bedc2f92d5bb17783c6ea2a2db7ea29170f264,https://github.com/apache/bookkeeper/tree/6698912e4d35119a2e85a6ea3877c6771073489c,https://github.com/apache/bookkeeper/compare/64bedc2f92d5bb17783c6ea2a2db7ea29170f264...6698912e4d35119a2e85a6ea3877c6771073489c
424,BookKeeper,fd3331a2769a29c379ed63e21ed2dc3c0f85ba25,9bade929dd87829a8903e402f6c3e3be366a854a,BOOKKEEPER-1079,https://issues.apache.org/jira/browse/BOOKKEEPER-1079,https://github.com/apache/bookkeeper/tree/fd3331a2769a29c379ed63e21ed2dc3c0f85ba25,https://github.com/apache/bookkeeper/tree/9bade929dd87829a8903e402f6c3e3be366a854a,https://github.com/apache/bookkeeper/compare/fd3331a2769a29c379ed63e21ed2dc3c0f85ba25...9bade929dd87829a8903e402f6c3e3be366a854a
425,BookKeeper,9bade929dd87829a8903e402f6c3e3be366a854a,fc51f73cbc9cdaae9876bc08cafa3e7a80826207,BOOKKEEPER-1073,https://issues.apache.org/jira/browse/BOOKKEEPER-1073,https://github.com/apache/bookkeeper/tree/9bade929dd87829a8903e402f6c3e3be366a854a,https://github.com/apache/bookkeeper/tree/fc51f73cbc9cdaae9876bc08cafa3e7a80826207,https://github.com/apache/bookkeeper/compare/9bade929dd87829a8903e402f6c3e3be366a854a...fc51f73cbc9cdaae9876bc08cafa3e7a80826207
426,BookKeeper,fc51f73cbc9cdaae9876bc08cafa3e7a80826207,da70648719679fd1db001c74ad873bf134f16198,BOOKKEEPER-1071,https://issues.apache.org/jira/browse/BOOKKEEPER-1071,https://github.com/apache/bookkeeper/tree/fc51f73cbc9cdaae9876bc08cafa3e7a80826207,https://github.com/apache/bookkeeper/tree/da70648719679fd1db001c74ad873bf134f16198,https://github.com/apache/bookkeeper/compare/fc51f73cbc9cdaae9876bc08cafa3e7a80826207...da70648719679fd1db001c74ad873bf134f16198
427,BookKeeper,d1f37dafbb475d4d6aab4769335550428c680269,dd08ce1a644de00967dd5fe34ce15caa9789d775,BOOKKEEPER-1074,https://issues.apache.org/jira/browse/BOOKKEEPER-1074,https://github.com/apache/bookkeeper/tree/d1f37dafbb475d4d6aab4769335550428c680269,https://github.com/apache/bookkeeper/tree/dd08ce1a644de00967dd5fe34ce15caa9789d775,https://github.com/apache/bookkeeper/compare/d1f37dafbb475d4d6aab4769335550428c680269...dd08ce1a644de00967dd5fe34ce15caa9789d775
428,BookKeeper,5c81acaccfb0cb1260acdfd7d0bb95ae84f85654,55d1dc45c4761f150c59a34b94d21e39e69f872c,BOOKKEEPER-989,https://issues.apache.org/jira/browse/BOOKKEEPER-989,https://github.com/apache/bookkeeper/tree/5c81acaccfb0cb1260acdfd7d0bb95ae84f85654,https://github.com/apache/bookkeeper/tree/55d1dc45c4761f150c59a34b94d21e39e69f872c,https://github.com/apache/bookkeeper/compare/5c81acaccfb0cb1260acdfd7d0bb95ae84f85654...55d1dc45c4761f150c59a34b94d21e39e69f872c
429,BookKeeper,d61cfaba69cb0f87bc388889a58f2095f4034f30,f47dd4272f54bb95fd38abdd6c492dbe199dd7a4,BOOKKEEPER-980,https://issues.apache.org/jira/browse/BOOKKEEPER-980,https://github.com/apache/bookkeeper/tree/d61cfaba69cb0f87bc388889a58f2095f4034f30,https://github.com/apache/bookkeeper/tree/f47dd4272f54bb95fd38abdd6c492dbe199dd7a4,https://github.com/apache/bookkeeper/compare/d61cfaba69cb0f87bc388889a58f2095f4034f30...f47dd4272f54bb95fd38abdd6c492dbe199dd7a4
430,BookKeeper,96d82102bef3152934f564db16373b12b1689ead,24ac8ead6240aaaaa845afccb4e606fbe0da1602,BOOKKEEPER-1044,https://issues.apache.org/jira/browse/BOOKKEEPER-1044,https://github.com/apache/bookkeeper/tree/96d82102bef3152934f564db16373b12b1689ead,https://github.com/apache/bookkeeper/tree/24ac8ead6240aaaaa845afccb4e606fbe0da1602,https://github.com/apache/bookkeeper/compare/96d82102bef3152934f564db16373b12b1689ead...24ac8ead6240aaaaa845afccb4e606fbe0da1602
431,BookKeeper,7a480d3f8e5ec5c8c3592c332cbcab19b4043dad,0ccbc0e9c3e6a82d5e44b8347cc6567e043f253f,BOOKKEEPER-1104,https://issues.apache.org/jira/browse/BOOKKEEPER-1104,https://github.com/apache/bookkeeper/tree/7a480d3f8e5ec5c8c3592c332cbcab19b4043dad,https://github.com/apache/bookkeeper/tree/0ccbc0e9c3e6a82d5e44b8347cc6567e043f253f,https://github.com/apache/bookkeeper/compare/7a480d3f8e5ec5c8c3592c332cbcab19b4043dad...0ccbc0e9c3e6a82d5e44b8347cc6567e043f253f
432,BookKeeper,fdbea38d9767e6eb28fbf8ec7c61491be3e06e66,3908d9ce6a5530ae2ae8526b9988b983423c026c,BOOKKEEPER-1103,https://issues.apache.org/jira/browse/BOOKKEEPER-1103,https://github.com/apache/bookkeeper/tree/fdbea38d9767e6eb28fbf8ec7c61491be3e06e66,https://github.com/apache/bookkeeper/tree/3908d9ce6a5530ae2ae8526b9988b983423c026c,https://github.com/apache/bookkeeper/compare/fdbea38d9767e6eb28fbf8ec7c61491be3e06e66...3908d9ce6a5530ae2ae8526b9988b983423c026c
433,BookKeeper,f581e030c79abbde81bf165603fccdb5e6a1d38a,a5f8580f53464065243a9af038935f5893434166,BOOKKEEPER-1102,https://issues.apache.org/jira/browse/BOOKKEEPER-1102,https://github.com/apache/bookkeeper/tree/f581e030c79abbde81bf165603fccdb5e6a1d38a,https://github.com/apache/bookkeeper/tree/a5f8580f53464065243a9af038935f5893434166,https://github.com/apache/bookkeeper/compare/f581e030c79abbde81bf165603fccdb5e6a1d38a...a5f8580f53464065243a9af038935f5893434166
434,BookKeeper,de9eecc180cc78fb65b509d7ae0e5ea82fd5dc8c,f5d2ba66d6253fb54811d3ceb40d4ef4591dfb20,BOOKKEEPER-1105,https://issues.apache.org/jira/browse/BOOKKEEPER-1105,https://github.com/apache/bookkeeper/tree/de9eecc180cc78fb65b509d7ae0e5ea82fd5dc8c,https://github.com/apache/bookkeeper/tree/f5d2ba66d6253fb54811d3ceb40d4ef4591dfb20,https://github.com/apache/bookkeeper/compare/de9eecc180cc78fb65b509d7ae0e5ea82fd5dc8c...f5d2ba66d6253fb54811d3ceb40d4ef4591dfb20
435,BookKeeper,80b7676045c34f4678f754f7f78d77c156ba518d,2bbecd7da52824c991e1a28573ccf8c8515ea5dd,BOOKKEEPER-1106,https://issues.apache.org/jira/browse/BOOKKEEPER-1106,https://github.com/apache/bookkeeper/tree/80b7676045c34f4678f754f7f78d77c156ba518d,https://github.com/apache/bookkeeper/tree/2bbecd7da52824c991e1a28573ccf8c8515ea5dd,https://github.com/apache/bookkeeper/compare/80b7676045c34f4678f754f7f78d77c156ba518d...2bbecd7da52824c991e1a28573ccf8c8515ea5dd
436,BookKeeper,0ae8abc354c4c7706232aabf474ea37afea90fc2,3392beee5c70abe36d36604723e14d97b7764be9,BOOKKEEPER-1040,https://issues.apache.org/jira/browse/BOOKKEEPER-1040,https://github.com/apache/bookkeeper/tree/0ae8abc354c4c7706232aabf474ea37afea90fc2,https://github.com/apache/bookkeeper/tree/3392beee5c70abe36d36604723e14d97b7764be9,https://github.com/apache/bookkeeper/compare/0ae8abc354c4c7706232aabf474ea37afea90fc2...3392beee5c70abe36d36604723e14d97b7764be9
437,BookKeeper,9d09a9c2a64b745271ef1c6dad9e5ab3ab3f2a5c,e6a2a13876fe676b8fcafa56c3568ea450ad5f67,BOOKKEEPER-365,https://issues.apache.org/jira/browse/BOOKKEEPER-365,https://github.com/apache/bookkeeper/tree/9d09a9c2a64b745271ef1c6dad9e5ab3ab3f2a5c,https://github.com/apache/bookkeeper/tree/e6a2a13876fe676b8fcafa56c3568ea450ad5f67,https://github.com/apache/bookkeeper/compare/9d09a9c2a64b745271ef1c6dad9e5ab3ab3f2a5c...e6a2a13876fe676b8fcafa56c3568ea450ad5f67
438,BookKeeper,e20bb40ddff4c5bd033625dc82788b545f8d66ee,4578e6d65a304c870fcba013099badd6018c95de,BOOKKEEPER-1009,https://issues.apache.org/jira/browse/BOOKKEEPER-1009,https://github.com/apache/bookkeeper/tree/e20bb40ddff4c5bd033625dc82788b545f8d66ee,https://github.com/apache/bookkeeper/tree/4578e6d65a304c870fcba013099badd6018c95de,https://github.com/apache/bookkeeper/compare/e20bb40ddff4c5bd033625dc82788b545f8d66ee...4578e6d65a304c870fcba013099badd6018c95de
439,BookKeeper,c9541086de1a6e402a1aa437a2d57173edaf8132,1ae510dcda369b7a744945ab9d61e242c7b0e941,bookkeeper-4,https://issues.apache.org/jira/browse/BOOKKEEPER-4,https://github.com/apache/bookkeeper/tree/c9541086de1a6e402a1aa437a2d57173edaf8132,https://github.com/apache/bookkeeper/tree/1ae510dcda369b7a744945ab9d61e242c7b0e941,https://github.com/apache/bookkeeper/compare/c9541086de1a6e402a1aa437a2d57173edaf8132...1ae510dcda369b7a744945ab9d61e242c7b0e941
440,BookKeeper,575a81c79e90e256e919287ef9762bc14d15789a,e93a7f1f9b2cfaa171e46a21b8e347c9fd3b0921,bookkeeper-4,https://issues.apache.org/jira/browse/BOOKKEEPER-4,https://github.com/apache/bookkeeper/tree/575a81c79e90e256e919287ef9762bc14d15789a,https://github.com/apache/bookkeeper/tree/e93a7f1f9b2cfaa171e46a21b8e347c9fd3b0921,https://github.com/apache/bookkeeper/compare/575a81c79e90e256e919287ef9762bc14d15789a...e93a7f1f9b2cfaa171e46a21b8e347c9fd3b0921
