bug.id,project_id,revision.id.buggy,revision.id.fixed,report.id,report.url,buggy_commit_url,fixed_commit_url,compare_url
1,Mahout,ceb992ee1784703338c2c51273fc3e25a07939fa,73ce7a109aaa05a1ccb3816f1953301d22334bd2,MAHOUT-22,https://issues.apache.org/jira/browse/MAHOUT-22,https://github.com/apache/mahou/tree/ceb992ee1784703338c2c51273fc3e25a07939fa,https://github.com/apache/mahou/tree/73ce7a109aaa05a1ccb3816f1953301d22334bd2,https://github.com/apache/mahou/compare/ceb992ee1784703338c2c51273fc3e25a07939fa...73ce7a109aaa05a1ccb3816f1953301d22334bd2
2,Mahout,9c76557b8c373fad8bb5c8bc91411c27abe4f0f0,d085b9410dd196cb65976fd984d3ca5c40063434,MAHOUT-26,https://issues.apache.org/jira/browse/MAHOUT-26,https://github.com/apache/mahou/tree/9c76557b8c373fad8bb5c8bc91411c27abe4f0f0,https://github.com/apache/mahou/tree/d085b9410dd196cb65976fd984d3ca5c40063434,https://github.com/apache/mahou/compare/9c76557b8c373fad8bb5c8bc91411c27abe4f0f0...d085b9410dd196cb65976fd984d3ca5c40063434
3,Mahout,5b40e01dd203d3e84bb27c6ab649e82ead952120,dcf942cdd1c868009629cd587bb6e87ba907311d,MAHOUT-26,https://issues.apache.org/jira/browse/MAHOUT-26,https://github.com/apache/mahou/tree/5b40e01dd203d3e84bb27c6ab649e82ead952120,https://github.com/apache/mahou/tree/dcf942cdd1c868009629cd587bb6e87ba907311d,https://github.com/apache/mahou/compare/5b40e01dd203d3e84bb27c6ab649e82ead952120...dcf942cdd1c868009629cd587bb6e87ba907311d
4,Mahout,e63dd05d6d37e241bd55346aaef5ddf6e2d9bb1f,0a7717fc02e4064b6b10275d9eafeccdcbf2e33d,MAHOUT-23,https://issues.apache.org/jira/browse/MAHOUT-23,https://github.com/apache/mahou/tree/e63dd05d6d37e241bd55346aaef5ddf6e2d9bb1f,https://github.com/apache/mahou/tree/0a7717fc02e4064b6b10275d9eafeccdcbf2e33d,https://github.com/apache/mahou/compare/e63dd05d6d37e241bd55346aaef5ddf6e2d9bb1f...0a7717fc02e4064b6b10275d9eafeccdcbf2e33d
5,Mahout,a8a33322bbbbeb10209faefb4aeb4161528b689d,c1095f4ccc9422669a97403090c20a70ae36b18a,MAHOUT-25,https://issues.apache.org/jira/browse/MAHOUT-25,https://github.com/apache/mahou/tree/a8a33322bbbbeb10209faefb4aeb4161528b689d,https://github.com/apache/mahou/tree/c1095f4ccc9422669a97403090c20a70ae36b18a,https://github.com/apache/mahou/compare/a8a33322bbbbeb10209faefb4aeb4161528b689d...c1095f4ccc9422669a97403090c20a70ae36b18a
6,Mahout,bca581ef8a39e41b7ddba8322dc05f9d40d6e3cf,76f705e887659466f275f912fd3babd78d75e53c,MAHOUT-48,https://issues.apache.org/jira/browse/MAHOUT-48,https://github.com/apache/mahou/tree/bca581ef8a39e41b7ddba8322dc05f9d40d6e3cf,https://github.com/apache/mahou/tree/76f705e887659466f275f912fd3babd78d75e53c,https://github.com/apache/mahou/compare/bca581ef8a39e41b7ddba8322dc05f9d40d6e3cf...76f705e887659466f275f912fd3babd78d75e53c
7,Mahout,141e4c3d68a0045fe854d9c1ed73e184de2da87b,4a8639d8bb0218796d7fa0b433a323c5827f4579,MAHOUT-75,https://issues.apache.org/jira/browse/MAHOUT-75,https://github.com/apache/mahou/tree/141e4c3d68a0045fe854d9c1ed73e184de2da87b,https://github.com/apache/mahou/tree/4a8639d8bb0218796d7fa0b433a323c5827f4579,https://github.com/apache/mahou/compare/141e4c3d68a0045fe854d9c1ed73e184de2da87b...4a8639d8bb0218796d7fa0b433a323c5827f4579
8,Mahout,8a84dcd0fb569d1259b88485c5a05a2655bb2e51,42d0bd0dc2dd67ba3bb415b8d9a1562905ea67ae,MAHOUT-82,https://issues.apache.org/jira/browse/MAHOUT-82,https://github.com/apache/mahou/tree/8a84dcd0fb569d1259b88485c5a05a2655bb2e51,https://github.com/apache/mahou/tree/42d0bd0dc2dd67ba3bb415b8d9a1562905ea67ae,https://github.com/apache/mahou/compare/8a84dcd0fb569d1259b88485c5a05a2655bb2e51...42d0bd0dc2dd67ba3bb415b8d9a1562905ea67ae
9,Mahout,d925b9eb30c06b112c70881987c1ceaff0214599,6c76f3c12a26774bee72723bc60a5188e8127e38,MAHOUT-91,https://issues.apache.org/jira/browse/MAHOUT-91,https://github.com/apache/mahou/tree/d925b9eb30c06b112c70881987c1ceaff0214599,https://github.com/apache/mahou/tree/6c76f3c12a26774bee72723bc60a5188e8127e38,https://github.com/apache/mahou/compare/d925b9eb30c06b112c70881987c1ceaff0214599...6c76f3c12a26774bee72723bc60a5188e8127e38
10,Mahout,7b8b1743155f24068eb2028e87ae9e447f6070cb,307994c2d364e009c1432e7c34ba971131fc6ece,MAHOUT-92,https://issues.apache.org/jira/browse/MAHOUT-92,https://github.com/apache/mahou/tree/7b8b1743155f24068eb2028e87ae9e447f6070cb,https://github.com/apache/mahou/tree/307994c2d364e009c1432e7c34ba971131fc6ece,https://github.com/apache/mahou/compare/7b8b1743155f24068eb2028e87ae9e447f6070cb...307994c2d364e009c1432e7c34ba971131fc6ece
11,Mahout,e851a248537271fdbb3c11f6957656cf564dad7e,558c33f6796e7159ac09ef559228fb2821709a7b,MAHOUT-92,https://issues.apache.org/jira/browse/MAHOUT-92,https://github.com/apache/mahou/tree/e851a248537271fdbb3c11f6957656cf564dad7e,https://github.com/apache/mahou/tree/558c33f6796e7159ac09ef559228fb2821709a7b,https://github.com/apache/mahou/compare/e851a248537271fdbb3c11f6957656cf564dad7e...558c33f6796e7159ac09ef559228fb2821709a7b
12,Mahout,d690c83fbcaf894e5ffbeb1a0b65cc212d25e8a5,b88e34a1607db5bedf8a3b189bbca791243a4a18,MAHOUT-96,https://issues.apache.org/jira/browse/MAHOUT-96,https://github.com/apache/mahou/tree/d690c83fbcaf894e5ffbeb1a0b65cc212d25e8a5,https://github.com/apache/mahou/tree/b88e34a1607db5bedf8a3b189bbca791243a4a18,https://github.com/apache/mahou/compare/d690c83fbcaf894e5ffbeb1a0b65cc212d25e8a5...b88e34a1607db5bedf8a3b189bbca791243a4a18
13,Mahout,1e67bf5c6abea58341d4ee3a899c6bb7cacf48ae,f09228b2be7fc67484220fbc260996846b38942e,MAHOUT-101,https://issues.apache.org/jira/browse/MAHOUT-101,https://github.com/apache/mahou/tree/1e67bf5c6abea58341d4ee3a899c6bb7cacf48ae,https://github.com/apache/mahou/tree/f09228b2be7fc67484220fbc260996846b38942e,https://github.com/apache/mahou/compare/1e67bf5c6abea58341d4ee3a899c6bb7cacf48ae...f09228b2be7fc67484220fbc260996846b38942e
14,Mahout,f09228b2be7fc67484220fbc260996846b38942e,ed38552e1bf451dd65e14117f276ae02bda35811,MAHOUT-101,https://issues.apache.org/jira/browse/MAHOUT-101,https://github.com/apache/mahou/tree/f09228b2be7fc67484220fbc260996846b38942e,https://github.com/apache/mahou/tree/ed38552e1bf451dd65e14117f276ae02bda35811,https://github.com/apache/mahou/compare/f09228b2be7fc67484220fbc260996846b38942e...ed38552e1bf451dd65e14117f276ae02bda35811
15,Mahout,4f0f8e077f67bbc1c33c82d873a6b262ad6785f8,3ecf83f6af209815c876494c4b60049e0e96a550,MAHOUT-112,https://issues.apache.org/jira/browse/MAHOUT-112,https://github.com/apache/mahou/tree/4f0f8e077f67bbc1c33c82d873a6b262ad6785f8,https://github.com/apache/mahou/tree/3ecf83f6af209815c876494c4b60049e0e96a550,https://github.com/apache/mahou/compare/4f0f8e077f67bbc1c33c82d873a6b262ad6785f8...3ecf83f6af209815c876494c4b60049e0e96a550
16,Mahout,c4115cefe758a88503f8a9b4243b621cb288fb6b,96bd5a3b13d939a82ba1aaaf2607378129bef3b4,MAHOUT-118,https://issues.apache.org/jira/browse/MAHOUT-118,https://github.com/apache/mahou/tree/c4115cefe758a88503f8a9b4243b621cb288fb6b,https://github.com/apache/mahou/tree/96bd5a3b13d939a82ba1aaaf2607378129bef3b4,https://github.com/apache/mahou/compare/c4115cefe758a88503f8a9b4243b621cb288fb6b...96bd5a3b13d939a82ba1aaaf2607378129bef3b4
17,Mahout,7f6829635ebadb2041835e8f96db71da6b954121,cbe629418a70ca2ad9736e40a4ff92c1a7eb3d32,MAHOUT-128,https://issues.apache.org/jira/browse/MAHOUT-128,https://github.com/apache/mahou/tree/7f6829635ebadb2041835e8f96db71da6b954121,https://github.com/apache/mahou/tree/cbe629418a70ca2ad9736e40a4ff92c1a7eb3d32,https://github.com/apache/mahou/compare/7f6829635ebadb2041835e8f96db71da6b954121...cbe629418a70ca2ad9736e40a4ff92c1a7eb3d32
18,Mahout,4fb3040df537e536f87b84402e105bfe027c23f8,c7d3f6da3c4fcedd001a6587c8194cac356aff46,MAHOUT-141,https://issues.apache.org/jira/browse/MAHOUT-141,https://github.com/apache/mahou/tree/4fb3040df537e536f87b84402e105bfe027c23f8,https://github.com/apache/mahou/tree/c7d3f6da3c4fcedd001a6587c8194cac356aff46,https://github.com/apache/mahou/compare/4fb3040df537e536f87b84402e105bfe027c23f8...c7d3f6da3c4fcedd001a6587c8194cac356aff46
19,Mahout,dfdd58a01a4ceb935eefaa8a9c75ee34feeebb4e,7cb1bd97d34439b21408c36586ca577ba6b0a7cc,MAHOUT-144,https://issues.apache.org/jira/browse/MAHOUT-144,https://github.com/apache/mahou/tree/dfdd58a01a4ceb935eefaa8a9c75ee34feeebb4e,https://github.com/apache/mahou/tree/7cb1bd97d34439b21408c36586ca577ba6b0a7cc,https://github.com/apache/mahou/compare/dfdd58a01a4ceb935eefaa8a9c75ee34feeebb4e...7cb1bd97d34439b21408c36586ca577ba6b0a7cc
20,Mahout,0a949d84fff3d1592b27676e04ca6bb889c0920a,4d1b7231f462d8d4a7a61566c081e6b3bae53217,MAHOUT-152,https://issues.apache.org/jira/browse/MAHOUT-152,https://github.com/apache/mahou/tree/0a949d84fff3d1592b27676e04ca6bb889c0920a,https://github.com/apache/mahou/tree/4d1b7231f462d8d4a7a61566c081e6b3bae53217,https://github.com/apache/mahou/compare/0a949d84fff3d1592b27676e04ca6bb889c0920a...4d1b7231f462d8d4a7a61566c081e6b3bae53217
21,Mahout,67fafe27cc285fe0cf17a147224a059d6271a886,2835555933a8bbaa78b85589471b8040bdcd981a,MAHOUT-159,https://issues.apache.org/jira/browse/MAHOUT-159,https://github.com/apache/mahou/tree/67fafe27cc285fe0cf17a147224a059d6271a886,https://github.com/apache/mahou/tree/2835555933a8bbaa78b85589471b8040bdcd981a,https://github.com/apache/mahou/compare/67fafe27cc285fe0cf17a147224a059d6271a886...2835555933a8bbaa78b85589471b8040bdcd981a
22,Mahout,5ca50f3b8975b84425a4b4fb90d5fe272dedfb93,217b964e9b54c0ed18c24d423ee4472e38ee034d,MAHOUT-172,https://issues.apache.org/jira/browse/MAHOUT-172,https://github.com/apache/mahou/tree/5ca50f3b8975b84425a4b4fb90d5fe272dedfb93,https://github.com/apache/mahou/tree/217b964e9b54c0ed18c24d423ee4472e38ee034d,https://github.com/apache/mahou/compare/5ca50f3b8975b84425a4b4fb90d5fe272dedfb93...217b964e9b54c0ed18c24d423ee4472e38ee034d
23,Mahout,e89736f921bd11ff0128f1d58c516b3ca312ab9e,c4072b06d611145eb6a60b674e9df0db59bc3c7f,MAHOUT-183,https://issues.apache.org/jira/browse/MAHOUT-183,https://github.com/apache/mahou/tree/e89736f921bd11ff0128f1d58c516b3ca312ab9e,https://github.com/apache/mahou/tree/c4072b06d611145eb6a60b674e9df0db59bc3c7f,https://github.com/apache/mahou/compare/e89736f921bd11ff0128f1d58c516b3ca312ab9e...c4072b06d611145eb6a60b674e9df0db59bc3c7f
24,Mahout,acafdc0f0fe155b3063e65fca4f935304822b437,abe21371c50c697196798d1b3cb0c2f71375aa9e,MAHOUT-177,https://issues.apache.org/jira/browse/MAHOUT-177,https://github.com/apache/mahou/tree/acafdc0f0fe155b3063e65fca4f935304822b437,https://github.com/apache/mahou/tree/abe21371c50c697196798d1b3cb0c2f71375aa9e,https://github.com/apache/mahou/compare/acafdc0f0fe155b3063e65fca4f935304822b437...abe21371c50c697196798d1b3cb0c2f71375aa9e
25,Mahout,c145861f0e9e7585366bf6ba062251b7cfd603bc,3af7201cb7478913993507db6cf85e41bc94f05c,MAHOUT-181,https://issues.apache.org/jira/browse/MAHOUT-181,https://github.com/apache/mahou/tree/c145861f0e9e7585366bf6ba062251b7cfd603bc,https://github.com/apache/mahou/tree/3af7201cb7478913993507db6cf85e41bc94f05c,https://github.com/apache/mahou/compare/c145861f0e9e7585366bf6ba062251b7cfd603bc...3af7201cb7478913993507db6cf85e41bc94f05c
26,Mahout,e18ba10ebe5af534d8a65f3532faed958e3b3203,1429d48ecf37c5e8427cd8872a2ef20dd82a157f,MAHOUT-114,https://issues.apache.org/jira/browse/MAHOUT-114,https://github.com/apache/mahou/tree/e18ba10ebe5af534d8a65f3532faed958e3b3203,https://github.com/apache/mahou/tree/1429d48ecf37c5e8427cd8872a2ef20dd82a157f,https://github.com/apache/mahou/compare/e18ba10ebe5af534d8a65f3532faed958e3b3203...1429d48ecf37c5e8427cd8872a2ef20dd82a157f
27,Mahout,de680d0396ec6900ed8bf9d9a6cb75007016dbaa,90ba2a1ce84581b03b04678bcc0019a87b6f4bf0,MAHOUT-177,https://issues.apache.org/jira/browse/MAHOUT-177,https://github.com/apache/mahou/tree/de680d0396ec6900ed8bf9d9a6cb75007016dbaa,https://github.com/apache/mahou/tree/90ba2a1ce84581b03b04678bcc0019a87b6f4bf0,https://github.com/apache/mahou/compare/de680d0396ec6900ed8bf9d9a6cb75007016dbaa...90ba2a1ce84581b03b04678bcc0019a87b6f4bf0
28,Mahout,7cd7e7e53537de8947446722943101816f9c12fd,cad7b5ad6baf9fbbc51e7ee32cec3c4b87dfd269,MAHOUT-186,https://issues.apache.org/jira/browse/MAHOUT-186,https://github.com/apache/mahou/tree/7cd7e7e53537de8947446722943101816f9c12fd,https://github.com/apache/mahou/tree/cad7b5ad6baf9fbbc51e7ee32cec3c4b87dfd269,https://github.com/apache/mahou/compare/7cd7e7e53537de8947446722943101816f9c12fd...cad7b5ad6baf9fbbc51e7ee32cec3c4b87dfd269
29,Mahout,94ef0871ae6f70d8304f82f1fd17d00a818363f4,7bcfb13f086d6764f980e95c4cdb7a60de607c10,MAHOUT-192,https://issues.apache.org/jira/browse/MAHOUT-192,https://github.com/apache/mahou/tree/94ef0871ae6f70d8304f82f1fd17d00a818363f4,https://github.com/apache/mahou/tree/7bcfb13f086d6764f980e95c4cdb7a60de607c10,https://github.com/apache/mahou/compare/94ef0871ae6f70d8304f82f1fd17d00a818363f4...7bcfb13f086d6764f980e95c4cdb7a60de607c10
30,Mahout,b80c48bf44f08e3cb2b841c930a29cd9fa46e4e2,4a888f0ffca6e97571f36ab423099f074a3bd86f,MAHOUT-197,https://issues.apache.org/jira/browse/MAHOUT-197,https://github.com/apache/mahou/tree/b80c48bf44f08e3cb2b841c930a29cd9fa46e4e2,https://github.com/apache/mahou/tree/4a888f0ffca6e97571f36ab423099f074a3bd86f,https://github.com/apache/mahou/compare/b80c48bf44f08e3cb2b841c930a29cd9fa46e4e2...4a888f0ffca6e97571f36ab423099f074a3bd86f
31,Mahout,4a888f0ffca6e97571f36ab423099f074a3bd86f,cb030aa49c7bd866727ff471615f7a697fa1065f,MAHOUT-191,https://issues.apache.org/jira/browse/MAHOUT-191,https://github.com/apache/mahou/tree/4a888f0ffca6e97571f36ab423099f074a3bd86f,https://github.com/apache/mahou/tree/cb030aa49c7bd866727ff471615f7a697fa1065f,https://github.com/apache/mahou/compare/4a888f0ffca6e97571f36ab423099f074a3bd86f...cb030aa49c7bd866727ff471615f7a697fa1065f
32,Mahout,a240c224a1f54f8319bd1449d2b257929930fed4,26bca69231fa8be2b3e4dc4d1bd1e085196ad7a3,MAHOUT-191,https://issues.apache.org/jira/browse/MAHOUT-191,https://github.com/apache/mahou/tree/a240c224a1f54f8319bd1449d2b257929930fed4,https://github.com/apache/mahou/tree/26bca69231fa8be2b3e4dc4d1bd1e085196ad7a3,https://github.com/apache/mahou/compare/a240c224a1f54f8319bd1449d2b257929930fed4...26bca69231fa8be2b3e4dc4d1bd1e085196ad7a3
33,Mahout,26bca69231fa8be2b3e4dc4d1bd1e085196ad7a3,a73bdd42ab31a989e041f0ffe057b8bd3cfacacf,MAHOUT-11,https://issues.apache.org/jira/browse/MAHOUT-11,https://github.com/apache/mahou/tree/26bca69231fa8be2b3e4dc4d1bd1e085196ad7a3,https://github.com/apache/mahou/tree/a73bdd42ab31a989e041f0ffe057b8bd3cfacacf,https://github.com/apache/mahou/compare/26bca69231fa8be2b3e4dc4d1bd1e085196ad7a3...a73bdd42ab31a989e041f0ffe057b8bd3cfacacf
34,Mahout,a73bdd42ab31a989e041f0ffe057b8bd3cfacacf,d1801d2a4585ed7e8c4a41d172b3543d5bf081a8,MAHOUT-11,https://issues.apache.org/jira/browse/MAHOUT-11,https://github.com/apache/mahou/tree/a73bdd42ab31a989e041f0ffe057b8bd3cfacacf,https://github.com/apache/mahou/tree/d1801d2a4585ed7e8c4a41d172b3543d5bf081a8,https://github.com/apache/mahou/compare/a73bdd42ab31a989e041f0ffe057b8bd3cfacacf...d1801d2a4585ed7e8c4a41d172b3543d5bf081a8
35,Mahout,d1801d2a4585ed7e8c4a41d172b3543d5bf081a8,5a58194a49120e6c39bd7a8a762102eeeda68a86,MAHOUT-212,https://issues.apache.org/jira/browse/MAHOUT-212,https://github.com/apache/mahou/tree/d1801d2a4585ed7e8c4a41d172b3543d5bf081a8,https://github.com/apache/mahou/tree/5a58194a49120e6c39bd7a8a762102eeeda68a86,https://github.com/apache/mahou/compare/d1801d2a4585ed7e8c4a41d172b3543d5bf081a8...5a58194a49120e6c39bd7a8a762102eeeda68a86
36,Mahout,5a58194a49120e6c39bd7a8a762102eeeda68a86,3db2d4cda8c6047539fa1aceea145b15d69d6446,MAHOUT-208,https://issues.apache.org/jira/browse/MAHOUT-208,https://github.com/apache/mahou/tree/5a58194a49120e6c39bd7a8a762102eeeda68a86,https://github.com/apache/mahou/tree/3db2d4cda8c6047539fa1aceea145b15d69d6446,https://github.com/apache/mahou/compare/5a58194a49120e6c39bd7a8a762102eeeda68a86...3db2d4cda8c6047539fa1aceea145b15d69d6446
37,Mahout,9a7e7927fda2bcf0a9176a2a9333e5baa4c93d40,baa0d69142727c3d778f4f800901b17095ab9b5d,MAHOUT-193,https://issues.apache.org/jira/browse/MAHOUT-193,https://github.com/apache/mahou/tree/9a7e7927fda2bcf0a9176a2a9333e5baa4c93d40,https://github.com/apache/mahou/tree/baa0d69142727c3d778f4f800901b17095ab9b5d,https://github.com/apache/mahou/compare/9a7e7927fda2bcf0a9176a2a9333e5baa4c93d40...baa0d69142727c3d778f4f800901b17095ab9b5d
38,Mahout,8f767d8514a57b50eee8966b4c610ca8afdea711,07515446dd3ef8fe5f98e4fe3e5a430c4c5bfb23,MAHOUT-223,https://issues.apache.org/jira/browse/MAHOUT-223,https://github.com/apache/mahou/tree/8f767d8514a57b50eee8966b4c610ca8afdea711,https://github.com/apache/mahou/tree/07515446dd3ef8fe5f98e4fe3e5a430c4c5bfb23,https://github.com/apache/mahou/compare/8f767d8514a57b50eee8966b4c610ca8afdea711...07515446dd3ef8fe5f98e4fe3e5a430c4c5bfb23
39,Mahout,a51dd9e2e16a6286aa894a9f5be23f5c046b60e3,b5b5d40367d6236e415058bcc6f4dc53003541b0,MAHOUT-230,https://issues.apache.org/jira/browse/MAHOUT-230,https://github.com/apache/mahou/tree/a51dd9e2e16a6286aa894a9f5be23f5c046b60e3,https://github.com/apache/mahou/tree/b5b5d40367d6236e415058bcc6f4dc53003541b0,https://github.com/apache/mahou/compare/a51dd9e2e16a6286aa894a9f5be23f5c046b60e3...b5b5d40367d6236e415058bcc6f4dc53003541b0
40,Mahout,4931ade7dc8ce32f02d33a876a8737175dcd1b92,bc440feeeef9ffe7e85ef432981db1f2e8e1fedf,MAHOUT-203,https://issues.apache.org/jira/browse/MAHOUT-203,https://github.com/apache/mahou/tree/4931ade7dc8ce32f02d33a876a8737175dcd1b92,https://github.com/apache/mahou/tree/bc440feeeef9ffe7e85ef432981db1f2e8e1fedf,https://github.com/apache/mahou/compare/4931ade7dc8ce32f02d33a876a8737175dcd1b92...bc440feeeef9ffe7e85ef432981db1f2e8e1fedf
41,Mahout,c21e773c0c8c3b6aa46415fb8a7bcbef6c4885f3,cebf8bfe53fddd78e80ae24b38e468a16f576c2a,MAHOUT-235,https://issues.apache.org/jira/browse/MAHOUT-235,https://github.com/apache/mahou/tree/c21e773c0c8c3b6aa46415fb8a7bcbef6c4885f3,https://github.com/apache/mahou/tree/cebf8bfe53fddd78e80ae24b38e468a16f576c2a,https://github.com/apache/mahou/compare/c21e773c0c8c3b6aa46415fb8a7bcbef6c4885f3...cebf8bfe53fddd78e80ae24b38e468a16f576c2a
42,Mahout,b3f68574c107dffea09362cabc84e4432778f60d,7fd0c4110ee2f415041367bfde1bcf0fb5388412,MAHOUT-247,https://issues.apache.org/jira/browse/MAHOUT-247,https://github.com/apache/mahou/tree/b3f68574c107dffea09362cabc84e4432778f60d,https://github.com/apache/mahou/tree/7fd0c4110ee2f415041367bfde1bcf0fb5388412,https://github.com/apache/mahou/compare/b3f68574c107dffea09362cabc84e4432778f60d...7fd0c4110ee2f415041367bfde1bcf0fb5388412
43,Mahout,7fd0c4110ee2f415041367bfde1bcf0fb5388412,b19e36aaac7648c3e1a932f4ad7330317301e5ae,MAHOUT-247,https://issues.apache.org/jira/browse/MAHOUT-247,https://github.com/apache/mahou/tree/7fd0c4110ee2f415041367bfde1bcf0fb5388412,https://github.com/apache/mahou/tree/b19e36aaac7648c3e1a932f4ad7330317301e5ae,https://github.com/apache/mahou/compare/7fd0c4110ee2f415041367bfde1bcf0fb5388412...b19e36aaac7648c3e1a932f4ad7330317301e5ae
44,Mahout,e98c2ec601e4ec241847c9ad6a7c73c648d53348,504c1677cb19a97c6a9f15526cd509bb75ab7366,MAHOUT-211,https://issues.apache.org/jira/browse/MAHOUT-211,https://github.com/apache/mahou/tree/e98c2ec601e4ec241847c9ad6a7c73c648d53348,https://github.com/apache/mahou/tree/504c1677cb19a97c6a9f15526cd509bb75ab7366,https://github.com/apache/mahou/compare/e98c2ec601e4ec241847c9ad6a7c73c648d53348...504c1677cb19a97c6a9f15526cd509bb75ab7366
45,Mahout,885e4d7bbc76963566b6d9580e6864524f3822dc,089dbf2633a6427852354881f75acecd8aa7cb54,MAHOUT-265,https://issues.apache.org/jira/browse/MAHOUT-265,https://github.com/apache/mahou/tree/885e4d7bbc76963566b6d9580e6864524f3822dc,https://github.com/apache/mahou/tree/089dbf2633a6427852354881f75acecd8aa7cb54,https://github.com/apache/mahou/compare/885e4d7bbc76963566b6d9580e6864524f3822dc...089dbf2633a6427852354881f75acecd8aa7cb54
46,Mahout,18bf66395622980fc4796a0506aa12af484ed7f4,a576dc786efa69f44e396bd61b59fd412e5806d3,MAHOUT-266,https://issues.apache.org/jira/browse/MAHOUT-266,https://github.com/apache/mahou/tree/18bf66395622980fc4796a0506aa12af484ed7f4,https://github.com/apache/mahou/tree/a576dc786efa69f44e396bd61b59fd412e5806d3,https://github.com/apache/mahou/compare/18bf66395622980fc4796a0506aa12af484ed7f4...a576dc786efa69f44e396bd61b59fd412e5806d3
47,Mahout,e4e6d107ae7bebc26f333ddafc11edcf20cb39f2,4f91f4458bef5854c6af5a051c0ef788c0e0f774,MAHOUT-269,https://issues.apache.org/jira/browse/MAHOUT-269,https://github.com/apache/mahou/tree/e4e6d107ae7bebc26f333ddafc11edcf20cb39f2,https://github.com/apache/mahou/tree/4f91f4458bef5854c6af5a051c0ef788c0e0f774,https://github.com/apache/mahou/compare/e4e6d107ae7bebc26f333ddafc11edcf20cb39f2...4f91f4458bef5854c6af5a051c0ef788c0e0f774
48,Mahout,31007bced7d8f424dd69e406938f1eea617cd9f0,f89fd9a53ba114de0582c9a2e1b3667137273633,MAHOUT-273,https://issues.apache.org/jira/browse/MAHOUT-273,https://github.com/apache/mahou/tree/31007bced7d8f424dd69e406938f1eea617cd9f0,https://github.com/apache/mahou/tree/f89fd9a53ba114de0582c9a2e1b3667137273633,https://github.com/apache/mahou/compare/31007bced7d8f424dd69e406938f1eea617cd9f0...f89fd9a53ba114de0582c9a2e1b3667137273633
49,Mahout,1be812e19977fe5410bd39ea2a1561006c4e260f,2e38f55bff6e5b5080d57ab37ad79255cdb47346,MAHOUT-272,https://issues.apache.org/jira/browse/MAHOUT-272,https://github.com/apache/mahou/tree/1be812e19977fe5410bd39ea2a1561006c4e260f,https://github.com/apache/mahou/tree/2e38f55bff6e5b5080d57ab37ad79255cdb47346,https://github.com/apache/mahou/compare/1be812e19977fe5410bd39ea2a1561006c4e260f...2e38f55bff6e5b5080d57ab37ad79255cdb47346
50,Mahout,00777adafbab69e23488a867ecf61c65d1fadb34,520918395bcc10bdcdbe05e25708b353ffe21716,MAHOUT-276,https://issues.apache.org/jira/browse/MAHOUT-276,https://github.com/apache/mahou/tree/00777adafbab69e23488a867ecf61c65d1fadb34,https://github.com/apache/mahou/tree/520918395bcc10bdcdbe05e25708b353ffe21716,https://github.com/apache/mahou/compare/00777adafbab69e23488a867ecf61c65d1fadb34...520918395bcc10bdcdbe05e25708b353ffe21716
51,Mahout,49c9b9903a554830bbe8c2aacf9597d3248a37b0,ed8a04fb29dd9aeadc15a5e6d89a0ae505a7c6fd,MAHOUT-281,https://issues.apache.org/jira/browse/MAHOUT-281,https://github.com/apache/mahou/tree/49c9b9903a554830bbe8c2aacf9597d3248a37b0,https://github.com/apache/mahou/tree/ed8a04fb29dd9aeadc15a5e6d89a0ae505a7c6fd,https://github.com/apache/mahou/compare/49c9b9903a554830bbe8c2aacf9597d3248a37b0...ed8a04fb29dd9aeadc15a5e6d89a0ae505a7c6fd
52,Mahout,95cc48a65eac18a3c4a91d3be9461dbe55b3880d,933e150126a6935bccb45da403e21c990fa0cd46,MAHOUT-289,https://issues.apache.org/jira/browse/MAHOUT-289,https://github.com/apache/mahou/tree/95cc48a65eac18a3c4a91d3be9461dbe55b3880d,https://github.com/apache/mahou/tree/933e150126a6935bccb45da403e21c990fa0cd46,https://github.com/apache/mahou/compare/95cc48a65eac18a3c4a91d3be9461dbe55b3880d...933e150126a6935bccb45da403e21c990fa0cd46
53,Mahout,9ebf9127b3a16ce6c6e58b4e2b0e62e2a931f3f3,905bee382ef7039f278df955fdb89db4af23f625,MAHOUT-290,https://issues.apache.org/jira/browse/MAHOUT-290,https://github.com/apache/mahou/tree/9ebf9127b3a16ce6c6e58b4e2b0e62e2a931f3f3,https://github.com/apache/mahou/tree/905bee382ef7039f278df955fdb89db4af23f625,https://github.com/apache/mahou/compare/9ebf9127b3a16ce6c6e58b4e2b0e62e2a931f3f3...905bee382ef7039f278df955fdb89db4af23f625
54,Mahout,905bee382ef7039f278df955fdb89db4af23f625,2939520a476e10369e035f61f0bc251aefac18a1,MAHOUT-290,https://issues.apache.org/jira/browse/MAHOUT-290,https://github.com/apache/mahou/tree/905bee382ef7039f278df955fdb89db4af23f625,https://github.com/apache/mahou/tree/2939520a476e10369e035f61f0bc251aefac18a1,https://github.com/apache/mahou/compare/905bee382ef7039f278df955fdb89db4af23f625...2939520a476e10369e035f61f0bc251aefac18a1
55,Mahout,233d93d401d813ae7e5de852fe7a2b7cce14e305,833d96f4b96739118941c0a890d07c65807d35bc,MAHOUT-290,https://issues.apache.org/jira/browse/MAHOUT-290,https://github.com/apache/mahou/tree/233d93d401d813ae7e5de852fe7a2b7cce14e305,https://github.com/apache/mahou/tree/833d96f4b96739118941c0a890d07c65807d35bc,https://github.com/apache/mahou/compare/233d93d401d813ae7e5de852fe7a2b7cce14e305...833d96f4b96739118941c0a890d07c65807d35bc
56,Mahout,6a0a2bdaaa7a1e300a1bacdc7775c758df4858d2,6958a7fe17994d1435246ea1bf232fcf33dd241a,MAHOUT-296,https://issues.apache.org/jira/browse/MAHOUT-296,https://github.com/apache/mahou/tree/6a0a2bdaaa7a1e300a1bacdc7775c758df4858d2,https://github.com/apache/mahou/tree/6958a7fe17994d1435246ea1bf232fcf33dd241a,https://github.com/apache/mahou/compare/6a0a2bdaaa7a1e300a1bacdc7775c758df4858d2...6958a7fe17994d1435246ea1bf232fcf33dd241a
57,Mahout,6958a7fe17994d1435246ea1bf232fcf33dd241a,9bcb6affd525cb9a971091e5d33c5bc549629d73,MAHOUT-296,https://issues.apache.org/jira/browse/MAHOUT-296,https://github.com/apache/mahou/tree/6958a7fe17994d1435246ea1bf232fcf33dd241a,https://github.com/apache/mahou/tree/9bcb6affd525cb9a971091e5d33c5bc549629d73,https://github.com/apache/mahou/compare/6958a7fe17994d1435246ea1bf232fcf33dd241a...9bcb6affd525cb9a971091e5d33c5bc549629d73
58,Mahout,3edb1a7ef4c6a2a9e7b7bb8cca1d5cf132a6c5a9,235b944133bc4c44ff168bd8659d62ba652a47f1,MAHOUT-312,https://issues.apache.org/jira/browse/MAHOUT-312,https://github.com/apache/mahou/tree/3edb1a7ef4c6a2a9e7b7bb8cca1d5cf132a6c5a9,https://github.com/apache/mahou/tree/235b944133bc4c44ff168bd8659d62ba652a47f1,https://github.com/apache/mahou/compare/3edb1a7ef4c6a2a9e7b7bb8cca1d5cf132a6c5a9...235b944133bc4c44ff168bd8659d62ba652a47f1
59,Mahout,2798555d67cac9fc3628e38a20b24b7740a07f99,cd19bd1d31acdd27b7a8de9c81d484c00999b93d,MAHOUT-324,https://issues.apache.org/jira/browse/MAHOUT-324,https://github.com/apache/mahou/tree/2798555d67cac9fc3628e38a20b24b7740a07f99,https://github.com/apache/mahou/tree/cd19bd1d31acdd27b7a8de9c81d484c00999b93d,https://github.com/apache/mahou/compare/2798555d67cac9fc3628e38a20b24b7740a07f99...cd19bd1d31acdd27b7a8de9c81d484c00999b93d
60,Mahout,bd7d5540bf900f6d5e23e78ded0dea4a1171ad26,95b26428b0deb9e58991cc5efbf26b5275799706,MAHOUT-347,https://issues.apache.org/jira/browse/MAHOUT-347,https://github.com/apache/mahou/tree/bd7d5540bf900f6d5e23e78ded0dea4a1171ad26,https://github.com/apache/mahou/tree/95b26428b0deb9e58991cc5efbf26b5275799706,https://github.com/apache/mahou/compare/bd7d5540bf900f6d5e23e78ded0dea4a1171ad26...95b26428b0deb9e58991cc5efbf26b5275799706
61,Mahout,2ebfee75b9e21e8819fe8782fe978dc3ad3b0539,bad696f525d524170087a01dadcdee0ff829d411,MAHOUT-353,https://issues.apache.org/jira/browse/MAHOUT-353,https://github.com/apache/mahou/tree/2ebfee75b9e21e8819fe8782fe978dc3ad3b0539,https://github.com/apache/mahou/tree/bad696f525d524170087a01dadcdee0ff829d411,https://github.com/apache/mahou/compare/2ebfee75b9e21e8819fe8782fe978dc3ad3b0539...bad696f525d524170087a01dadcdee0ff829d411
62,Mahout,f618163c42a65c18c30faf6f9cbb4801ce0da3d0,56a7423020a6f258afefbca5fb5cdbcbd2768ae1,MAHOUT-355,https://issues.apache.org/jira/browse/MAHOUT-355,https://github.com/apache/mahou/tree/f618163c42a65c18c30faf6f9cbb4801ce0da3d0,https://github.com/apache/mahou/tree/56a7423020a6f258afefbca5fb5cdbcbd2768ae1,https://github.com/apache/mahou/compare/f618163c42a65c18c30faf6f9cbb4801ce0da3d0...56a7423020a6f258afefbca5fb5cdbcbd2768ae1
63,Mahout,56a7423020a6f258afefbca5fb5cdbcbd2768ae1,34c48fe4f5c540153feb70c18aaf8e745e85cf00,MAHOUT-353,https://issues.apache.org/jira/browse/MAHOUT-353,https://github.com/apache/mahou/tree/56a7423020a6f258afefbca5fb5cdbcbd2768ae1,https://github.com/apache/mahou/tree/34c48fe4f5c540153feb70c18aaf8e745e85cf00,https://github.com/apache/mahou/compare/56a7423020a6f258afefbca5fb5cdbcbd2768ae1...34c48fe4f5c540153feb70c18aaf8e745e85cf00
64,Mahout,3c36df26cc04affc269bb081740f81c1acd83950,03b916413c94c7e97e4176a278341b7b634ea554,MAHOUT-360,https://issues.apache.org/jira/browse/MAHOUT-360,https://github.com/apache/mahou/tree/3c36df26cc04affc269bb081740f81c1acd83950,https://github.com/apache/mahou/tree/03b916413c94c7e97e4176a278341b7b634ea554,https://github.com/apache/mahou/compare/3c36df26cc04affc269bb081740f81c1acd83950...03b916413c94c7e97e4176a278341b7b634ea554
65,Mahout,03b916413c94c7e97e4176a278341b7b634ea554,ba43564e2f1b7bdddbd49bbba9a838b206c56860,MAHOUT-359,https://issues.apache.org/jira/browse/MAHOUT-359,https://github.com/apache/mahou/tree/03b916413c94c7e97e4176a278341b7b634ea554,https://github.com/apache/mahou/tree/ba43564e2f1b7bdddbd49bbba9a838b206c56860,https://github.com/apache/mahou/compare/03b916413c94c7e97e4176a278341b7b634ea554...ba43564e2f1b7bdddbd49bbba9a838b206c56860
66,Mahout,ba43564e2f1b7bdddbd49bbba9a838b206c56860,100fc63108740d576f3fd68687955f1a422f45c2,MAHOUT-359,https://issues.apache.org/jira/browse/MAHOUT-359,https://github.com/apache/mahou/tree/ba43564e2f1b7bdddbd49bbba9a838b206c56860,https://github.com/apache/mahou/tree/100fc63108740d576f3fd68687955f1a422f45c2,https://github.com/apache/mahou/compare/ba43564e2f1b7bdddbd49bbba9a838b206c56860...100fc63108740d576f3fd68687955f1a422f45c2
67,Mahout,3e150062d1511229a6fff47b1705498f036244d4,c9c9b5be0b3e24f31ba0ff950bd2746e4b65050b,MAHOUT-339,https://issues.apache.org/jira/browse/MAHOUT-339,https://github.com/apache/mahou/tree/3e150062d1511229a6fff47b1705498f036244d4,https://github.com/apache/mahou/tree/c9c9b5be0b3e24f31ba0ff950bd2746e4b65050b,https://github.com/apache/mahou/compare/3e150062d1511229a6fff47b1705498f036244d4...c9c9b5be0b3e24f31ba0ff950bd2746e4b65050b
68,Mahout,c9c9b5be0b3e24f31ba0ff950bd2746e4b65050b,9de8cc75b731823945df61201cf80b6387badfb6,MAHOUT-361,https://issues.apache.org/jira/browse/MAHOUT-361,https://github.com/apache/mahou/tree/c9c9b5be0b3e24f31ba0ff950bd2746e4b65050b,https://github.com/apache/mahou/tree/9de8cc75b731823945df61201cf80b6387badfb6,https://github.com/apache/mahou/compare/c9c9b5be0b3e24f31ba0ff950bd2746e4b65050b...9de8cc75b731823945df61201cf80b6387badfb6
69,Mahout,5cef385e23a72350880c0d72d8f4cb2b9de5c20d,306b4d04e304bb63b6a50cc17af229a3865a5ec6,MAHOUT-361,https://issues.apache.org/jira/browse/MAHOUT-361,https://github.com/apache/mahou/tree/5cef385e23a72350880c0d72d8f4cb2b9de5c20d,https://github.com/apache/mahou/tree/306b4d04e304bb63b6a50cc17af229a3865a5ec6,https://github.com/apache/mahou/compare/5cef385e23a72350880c0d72d8f4cb2b9de5c20d...306b4d04e304bb63b6a50cc17af229a3865a5ec6
70,Mahout,8b8b85aa0ae824b1a04e80076ae612ef27a5f1bf,22e5cce8c07082a3b1ef039bdd445edf5c508632,MAHOUT-367,https://issues.apache.org/jira/browse/MAHOUT-367,https://github.com/apache/mahou/tree/8b8b85aa0ae824b1a04e80076ae612ef27a5f1bf,https://github.com/apache/mahou/tree/22e5cce8c07082a3b1ef039bdd445edf5c508632,https://github.com/apache/mahou/compare/8b8b85aa0ae824b1a04e80076ae612ef27a5f1bf...22e5cce8c07082a3b1ef039bdd445edf5c508632
71,Mahout,22e5cce8c07082a3b1ef039bdd445edf5c508632,ca33bc32551eb20d6480cfb544092f5acd5b33cd,MAHOUT-370,https://issues.apache.org/jira/browse/MAHOUT-370,https://github.com/apache/mahou/tree/22e5cce8c07082a3b1ef039bdd445edf5c508632,https://github.com/apache/mahou/tree/ca33bc32551eb20d6480cfb544092f5acd5b33cd,https://github.com/apache/mahou/compare/22e5cce8c07082a3b1ef039bdd445edf5c508632...ca33bc32551eb20d6480cfb544092f5acd5b33cd
72,Mahout,ca33bc32551eb20d6480cfb544092f5acd5b33cd,892fb11ea0ae7ef0bea23dd782410aacd59ba8f8,MAHOUT-370,https://issues.apache.org/jira/browse/MAHOUT-370,https://github.com/apache/mahou/tree/ca33bc32551eb20d6480cfb544092f5acd5b33cd,https://github.com/apache/mahou/tree/892fb11ea0ae7ef0bea23dd782410aacd59ba8f8,https://github.com/apache/mahou/compare/ca33bc32551eb20d6480cfb544092f5acd5b33cd...892fb11ea0ae7ef0bea23dd782410aacd59ba8f8
73,Mahout,0db81653d8bb6c4775464c951ba6ce85ddbe9100,68a241f6dab3971c7c00b114307b2ffe5d3f97e3,MAHOUT-377,https://issues.apache.org/jira/browse/MAHOUT-377,https://github.com/apache/mahou/tree/0db81653d8bb6c4775464c951ba6ce85ddbe9100,https://github.com/apache/mahou/tree/68a241f6dab3971c7c00b114307b2ffe5d3f97e3,https://github.com/apache/mahou/compare/0db81653d8bb6c4775464c951ba6ce85ddbe9100...68a241f6dab3971c7c00b114307b2ffe5d3f97e3
74,Mahout,68a241f6dab3971c7c00b114307b2ffe5d3f97e3,2f55c85f23c6ef8829db225740f9d5f935cf500a,MAHOUT-380,https://issues.apache.org/jira/browse/MAHOUT-380,https://github.com/apache/mahou/tree/68a241f6dab3971c7c00b114307b2ffe5d3f97e3,https://github.com/apache/mahou/tree/2f55c85f23c6ef8829db225740f9d5f935cf500a,https://github.com/apache/mahou/compare/68a241f6dab3971c7c00b114307b2ffe5d3f97e3...2f55c85f23c6ef8829db225740f9d5f935cf500a
75,Mahout,5244107f93fd1339c3d8d3861e3028165f44eb55,b4d9cc8be1c7440bbfba8473ec1dd7feaf207daa,MAHOUT-379,https://issues.apache.org/jira/browse/MAHOUT-379,https://github.com/apache/mahou/tree/5244107f93fd1339c3d8d3861e3028165f44eb55,https://github.com/apache/mahou/tree/b4d9cc8be1c7440bbfba8473ec1dd7feaf207daa,https://github.com/apache/mahou/compare/5244107f93fd1339c3d8d3861e3028165f44eb55...b4d9cc8be1c7440bbfba8473ec1dd7feaf207daa
76,Mahout,b58c9e3473a4368e5a6dc5ac58dace0ca71feef0,6dd87dbab4623a4fa35f52c13ec979c791044e38,MAHOUT-386,https://issues.apache.org/jira/browse/MAHOUT-386,https://github.com/apache/mahou/tree/b58c9e3473a4368e5a6dc5ac58dace0ca71feef0,https://github.com/apache/mahou/tree/6dd87dbab4623a4fa35f52c13ec979c791044e38,https://github.com/apache/mahou/compare/b58c9e3473a4368e5a6dc5ac58dace0ca71feef0...6dd87dbab4623a4fa35f52c13ec979c791044e38
77,Mahout,06bc65709052fa88eebb07032cf3db0b2765f1d5,ac6f7580a59d9a44ac8f919ffd75d1c98621aef3,MAHOUT-395,https://issues.apache.org/jira/browse/MAHOUT-395,https://github.com/apache/mahou/tree/06bc65709052fa88eebb07032cf3db0b2765f1d5,https://github.com/apache/mahou/tree/ac6f7580a59d9a44ac8f919ffd75d1c98621aef3,https://github.com/apache/mahou/compare/06bc65709052fa88eebb07032cf3db0b2765f1d5...ac6f7580a59d9a44ac8f919ffd75d1c98621aef3
78,Mahout,95ab66ffc698968dfc7e8910e37d138f5ea2f243,c92666f3a7c0ea647fb94606f45ce9b108440a44,MAHOUT-392,https://issues.apache.org/jira/browse/MAHOUT-392,https://github.com/apache/mahou/tree/95ab66ffc698968dfc7e8910e37d138f5ea2f243,https://github.com/apache/mahou/tree/c92666f3a7c0ea647fb94606f45ce9b108440a44,https://github.com/apache/mahou/compare/95ab66ffc698968dfc7e8910e37d138f5ea2f243...c92666f3a7c0ea647fb94606f45ce9b108440a44
79,Mahout,4ef4dc725dea6f8a9f1b3f72f3e82cd8254354ce,0e1fcf6cf220576c1ed87dca7663087815a76a21,MAHOUT-361,https://issues.apache.org/jira/browse/MAHOUT-361,https://github.com/apache/mahou/tree/4ef4dc725dea6f8a9f1b3f72f3e82cd8254354ce,https://github.com/apache/mahou/tree/0e1fcf6cf220576c1ed87dca7663087815a76a21,https://github.com/apache/mahou/compare/4ef4dc725dea6f8a9f1b3f72f3e82cd8254354ce...0e1fcf6cf220576c1ed87dca7663087815a76a21
80,Mahout,aa861a5018495d48ddd16f95b4e715747db06fe4,3a1cc8a7de554d108f0fa5c61fcb9eeb43308d8d,MAHOUT-406,https://issues.apache.org/jira/browse/MAHOUT-406,https://github.com/apache/mahou/tree/aa861a5018495d48ddd16f95b4e715747db06fe4,https://github.com/apache/mahou/tree/3a1cc8a7de554d108f0fa5c61fcb9eeb43308d8d,https://github.com/apache/mahou/compare/aa861a5018495d48ddd16f95b4e715747db06fe4...3a1cc8a7de554d108f0fa5c61fcb9eeb43308d8d
81,Mahout,3a1cc8a7de554d108f0fa5c61fcb9eeb43308d8d,7d55afa1222190ce01b893c3355e355e51b6840d,MAHOUT-406,https://issues.apache.org/jira/browse/MAHOUT-406,https://github.com/apache/mahou/tree/3a1cc8a7de554d108f0fa5c61fcb9eeb43308d8d,https://github.com/apache/mahou/tree/7d55afa1222190ce01b893c3355e355e51b6840d,https://github.com/apache/mahou/compare/3a1cc8a7de554d108f0fa5c61fcb9eeb43308d8d...7d55afa1222190ce01b893c3355e355e51b6840d
82,Mahout,641a6993653e3f920724761ae504bd4428c9a06d,625ea72a7aea8e20f8f82665567a7b4d12672e4b,MAHOUT-405,https://issues.apache.org/jira/browse/MAHOUT-405,https://github.com/apache/mahou/tree/641a6993653e3f920724761ae504bd4428c9a06d,https://github.com/apache/mahou/tree/625ea72a7aea8e20f8f82665567a7b4d12672e4b,https://github.com/apache/mahou/compare/641a6993653e3f920724761ae504bd4428c9a06d...625ea72a7aea8e20f8f82665567a7b4d12672e4b
83,Mahout,ad2817beb235f8f24b7e73feac2ad717346bcd6f,db1208973c21061f2af548ec3407ff11656d9e37,MAHOUT-408,https://issues.apache.org/jira/browse/MAHOUT-408,https://github.com/apache/mahou/tree/ad2817beb235f8f24b7e73feac2ad717346bcd6f,https://github.com/apache/mahou/tree/db1208973c21061f2af548ec3407ff11656d9e37,https://github.com/apache/mahou/compare/ad2817beb235f8f24b7e73feac2ad717346bcd6f...db1208973c21061f2af548ec3407ff11656d9e37
84,Mahout,2eb0fdea836e077efb5350d41edef797903b2ed2,69e9aa7bede6877cd792793c72c6a9b6b240eb20,MAHOUT-409,https://issues.apache.org/jira/browse/MAHOUT-409,https://github.com/apache/mahou/tree/2eb0fdea836e077efb5350d41edef797903b2ed2,https://github.com/apache/mahou/tree/69e9aa7bede6877cd792793c72c6a9b6b240eb20,https://github.com/apache/mahou/compare/2eb0fdea836e077efb5350d41edef797903b2ed2...69e9aa7bede6877cd792793c72c6a9b6b240eb20
85,Mahout,69e9aa7bede6877cd792793c72c6a9b6b240eb20,9d5bf2d5e6bcfb4cea7eb259fbe73ca740584e31,MAHOUT-410,https://issues.apache.org/jira/browse/MAHOUT-410,https://github.com/apache/mahou/tree/69e9aa7bede6877cd792793c72c6a9b6b240eb20,https://github.com/apache/mahou/tree/9d5bf2d5e6bcfb4cea7eb259fbe73ca740584e31,https://github.com/apache/mahou/compare/69e9aa7bede6877cd792793c72c6a9b6b240eb20...9d5bf2d5e6bcfb4cea7eb259fbe73ca740584e31
86,Mahout,88652b9b2188d9df14c434663128d5b077617bba,2462a10ee707940b10a7fc602ffa2dfa958d0d7c,MAHOUT-421,https://issues.apache.org/jira/browse/MAHOUT-421,https://github.com/apache/mahou/tree/88652b9b2188d9df14c434663128d5b077617bba,https://github.com/apache/mahou/tree/2462a10ee707940b10a7fc602ffa2dfa958d0d7c,https://github.com/apache/mahou/compare/88652b9b2188d9df14c434663128d5b077617bba...2462a10ee707940b10a7fc602ffa2dfa958d0d7c
87,Mahout,5d0f8fbc99042d55bd39bb5222769d51d2609565,f63257710f2caeb697f47522abe70b67296d4b2d,MAHOUT-430,https://issues.apache.org/jira/browse/MAHOUT-430,https://github.com/apache/mahou/tree/5d0f8fbc99042d55bd39bb5222769d51d2609565,https://github.com/apache/mahou/tree/f63257710f2caeb697f47522abe70b67296d4b2d,https://github.com/apache/mahou/compare/5d0f8fbc99042d55bd39bb5222769d51d2609565...f63257710f2caeb697f47522abe70b67296d4b2d
88,Mahout,f63257710f2caeb697f47522abe70b67296d4b2d,74735db0c1b9f01eb7fc39376e9de26278b3d5b6,MAHOUT-431,https://issues.apache.org/jira/browse/MAHOUT-431,https://github.com/apache/mahou/tree/f63257710f2caeb697f47522abe70b67296d4b2d,https://github.com/apache/mahou/tree/74735db0c1b9f01eb7fc39376e9de26278b3d5b6,https://github.com/apache/mahou/compare/f63257710f2caeb697f47522abe70b67296d4b2d...74735db0c1b9f01eb7fc39376e9de26278b3d5b6
89,Mahout,45cebc427d31070ef01e9d660da10dea81f40604,7097e25f0f864e6e708243191e2d5b78203ecbab,MAHOUT-401,https://issues.apache.org/jira/browse/MAHOUT-401,https://github.com/apache/mahou/tree/45cebc427d31070ef01e9d660da10dea81f40604,https://github.com/apache/mahou/tree/7097e25f0f864e6e708243191e2d5b78203ecbab,https://github.com/apache/mahou/compare/45cebc427d31070ef01e9d660da10dea81f40604...7097e25f0f864e6e708243191e2d5b78203ecbab
90,Mahout,59ce155dfe66a8611de87fdd0b035bbad40a130c,ecc4cc76e84a3ea80b28cbeba58e05f6e637bdab,MAHOUT-434,https://issues.apache.org/jira/browse/MAHOUT-434,https://github.com/apache/mahou/tree/59ce155dfe66a8611de87fdd0b035bbad40a130c,https://github.com/apache/mahou/tree/ecc4cc76e84a3ea80b28cbeba58e05f6e637bdab,https://github.com/apache/mahou/compare/59ce155dfe66a8611de87fdd0b035bbad40a130c...ecc4cc76e84a3ea80b28cbeba58e05f6e637bdab
91,Mahout,508f7815fb67a6520bf4e4d7781d98a4b05dbc66,0acff21d032d4e12545b84cf2d0aa92b16500fb9,MAHOUT-428,https://issues.apache.org/jira/browse/MAHOUT-428,https://github.com/apache/mahou/tree/508f7815fb67a6520bf4e4d7781d98a4b05dbc66,https://github.com/apache/mahou/tree/0acff21d032d4e12545b84cf2d0aa92b16500fb9,https://github.com/apache/mahou/compare/508f7815fb67a6520bf4e4d7781d98a4b05dbc66...0acff21d032d4e12545b84cf2d0aa92b16500fb9
92,Mahout,4f0ddbda9efb1b3e9dfbea9f2103cebd828e685d,1a03fe87d166440650ab32cd60a2a407c42d5b8f,MAHOUT-426,https://issues.apache.org/jira/browse/MAHOUT-426,https://github.com/apache/mahou/tree/4f0ddbda9efb1b3e9dfbea9f2103cebd828e685d,https://github.com/apache/mahou/tree/1a03fe87d166440650ab32cd60a2a407c42d5b8f,https://github.com/apache/mahou/compare/4f0ddbda9efb1b3e9dfbea9f2103cebd828e685d...1a03fe87d166440650ab32cd60a2a407c42d5b8f
93,Mahout,c81292ec7522e829c85fed1df5ae17e4849d18f1,6fa7225686f34c8f77e843e115e2bda08f70996b,MAHOUT-437,https://issues.apache.org/jira/browse/MAHOUT-437,https://github.com/apache/mahou/tree/c81292ec7522e829c85fed1df5ae17e4849d18f1,https://github.com/apache/mahou/tree/6fa7225686f34c8f77e843e115e2bda08f70996b,https://github.com/apache/mahou/compare/c81292ec7522e829c85fed1df5ae17e4849d18f1...6fa7225686f34c8f77e843e115e2bda08f70996b
94,Mahout,6fa7225686f34c8f77e843e115e2bda08f70996b,f798e278b2589dea5f79c43d653beb65dfe88913,MAHOUT-436,https://issues.apache.org/jira/browse/MAHOUT-436,https://github.com/apache/mahou/tree/6fa7225686f34c8f77e843e115e2bda08f70996b,https://github.com/apache/mahou/tree/f798e278b2589dea5f79c43d653beb65dfe88913,https://github.com/apache/mahou/compare/6fa7225686f34c8f77e843e115e2bda08f70996b...f798e278b2589dea5f79c43d653beb65dfe88913
95,Mahout,f798e278b2589dea5f79c43d653beb65dfe88913,1084b172cadd9f83860c8e9682af5a3703939cac,MAHOUT-438,https://issues.apache.org/jira/browse/MAHOUT-438,https://github.com/apache/mahou/tree/f798e278b2589dea5f79c43d653beb65dfe88913,https://github.com/apache/mahou/tree/1084b172cadd9f83860c8e9682af5a3703939cac,https://github.com/apache/mahou/compare/f798e278b2589dea5f79c43d653beb65dfe88913...1084b172cadd9f83860c8e9682af5a3703939cac
96,Mahout,a69d7b38727078309a3d630def4ee2f87337a19e,cfdebc84619d3df3cf52bca79dab98269d4e8899,MAHOUT-443,https://issues.apache.org/jira/browse/MAHOUT-443,https://github.com/apache/mahou/tree/a69d7b38727078309a3d630def4ee2f87337a19e,https://github.com/apache/mahou/tree/cfdebc84619d3df3cf52bca79dab98269d4e8899,https://github.com/apache/mahou/compare/a69d7b38727078309a3d630def4ee2f87337a19e...cfdebc84619d3df3cf52bca79dab98269d4e8899
97,Mahout,cfdebc84619d3df3cf52bca79dab98269d4e8899,5a5a0c48342577696ba72d84ae41bb3d640d187f,MAHOUT-444,https://issues.apache.org/jira/browse/MAHOUT-444,https://github.com/apache/mahou/tree/cfdebc84619d3df3cf52bca79dab98269d4e8899,https://github.com/apache/mahou/tree/5a5a0c48342577696ba72d84ae41bb3d640d187f,https://github.com/apache/mahou/compare/cfdebc84619d3df3cf52bca79dab98269d4e8899...5a5a0c48342577696ba72d84ae41bb3d640d187f
98,Mahout,f7dd64cedc905f6941bdb3bd794140d070d6d893,f41456bf87a9852ad18a3a97d1494fe3336f31c5,MAHOUT-444,https://issues.apache.org/jira/browse/MAHOUT-444,https://github.com/apache/mahou/tree/f7dd64cedc905f6941bdb3bd794140d070d6d893,https://github.com/apache/mahou/tree/f41456bf87a9852ad18a3a97d1494fe3336f31c5,https://github.com/apache/mahou/compare/f7dd64cedc905f6941bdb3bd794140d070d6d893...f41456bf87a9852ad18a3a97d1494fe3336f31c5
99,Mahout,f7a66839cbf2b2531699d326a855a4d84564a233,b64eb1cc7459f94a0140304e658e6faf97191b7f,MAHOUT-427,https://issues.apache.org/jira/browse/MAHOUT-427,https://github.com/apache/mahou/tree/f7a66839cbf2b2531699d326a855a4d84564a233,https://github.com/apache/mahou/tree/b64eb1cc7459f94a0140304e658e6faf97191b7f,https://github.com/apache/mahou/compare/f7a66839cbf2b2531699d326a855a4d84564a233...b64eb1cc7459f94a0140304e658e6faf97191b7f
100,Mahout,b3ba49c381d8fb155b887d4eb89c828b8c0bd722,5a986a3cf882927eb65f59066161989c97ab5f36,MAHOUT-448,https://issues.apache.org/jira/browse/MAHOUT-448,https://github.com/apache/mahou/tree/b3ba49c381d8fb155b887d4eb89c828b8c0bd722,https://github.com/apache/mahou/tree/5a986a3cf882927eb65f59066161989c97ab5f36,https://github.com/apache/mahou/compare/b3ba49c381d8fb155b887d4eb89c828b8c0bd722...5a986a3cf882927eb65f59066161989c97ab5f36
101,Mahout,f4c8f73fce2f184612db3a837a180c9c2689b889,1d47b6f7b71812bba4ef8dd2ba09410dade0d063,MAHOUT-449,https://issues.apache.org/jira/browse/MAHOUT-449,https://github.com/apache/mahou/tree/f4c8f73fce2f184612db3a837a180c9c2689b889,https://github.com/apache/mahou/tree/1d47b6f7b71812bba4ef8dd2ba09410dade0d063,https://github.com/apache/mahou/compare/f4c8f73fce2f184612db3a837a180c9c2689b889...1d47b6f7b71812bba4ef8dd2ba09410dade0d063
102,Mahout,622a9045889e73beaaad1d23d7e7dc63fefe7780,5eb9b167bdaf83b2199e42e0b30576c6160629ec,MAHOUT-454,https://issues.apache.org/jira/browse/MAHOUT-454,https://github.com/apache/mahou/tree/622a9045889e73beaaad1d23d7e7dc63fefe7780,https://github.com/apache/mahou/tree/5eb9b167bdaf83b2199e42e0b30576c6160629ec,https://github.com/apache/mahou/compare/622a9045889e73beaaad1d23d7e7dc63fefe7780...5eb9b167bdaf83b2199e42e0b30576c6160629ec
103,Mahout,5eb9b167bdaf83b2199e42e0b30576c6160629ec,c09306664f27c222f21c1528bb65848cc676dcd3,MAHOUT-452,https://issues.apache.org/jira/browse/MAHOUT-452,https://github.com/apache/mahou/tree/5eb9b167bdaf83b2199e42e0b30576c6160629ec,https://github.com/apache/mahou/tree/c09306664f27c222f21c1528bb65848cc676dcd3,https://github.com/apache/mahou/compare/5eb9b167bdaf83b2199e42e0b30576c6160629ec...c09306664f27c222f21c1528bb65848cc676dcd3
104,Mahout,c09306664f27c222f21c1528bb65848cc676dcd3,a6f25769c57d27be81ff030704fdff22071790f3,MAHOUT-452,https://issues.apache.org/jira/browse/MAHOUT-452,https://github.com/apache/mahou/tree/c09306664f27c222f21c1528bb65848cc676dcd3,https://github.com/apache/mahou/tree/a6f25769c57d27be81ff030704fdff22071790f3,https://github.com/apache/mahou/compare/c09306664f27c222f21c1528bb65848cc676dcd3...a6f25769c57d27be81ff030704fdff22071790f3
105,Mahout,f30de5ca80829958171b3102f678ed831eaa46fe,3fb713293baa218477bda020daa9f867f70dd4fb,MAHOUT-457,https://issues.apache.org/jira/browse/MAHOUT-457,https://github.com/apache/mahou/tree/f30de5ca80829958171b3102f678ed831eaa46fe,https://github.com/apache/mahou/tree/3fb713293baa218477bda020daa9f867f70dd4fb,https://github.com/apache/mahou/compare/f30de5ca80829958171b3102f678ed831eaa46fe...3fb713293baa218477bda020daa9f867f70dd4fb
106,Mahout,2dbcb6df9e0ee6db81ba82e35fa2e2de6763e405,0a8908e73d282173a713fd2d1f81e80fe0edfc05,MAHOUT-455,https://issues.apache.org/jira/browse/MAHOUT-455,https://github.com/apache/mahou/tree/2dbcb6df9e0ee6db81ba82e35fa2e2de6763e405,https://github.com/apache/mahou/tree/0a8908e73d282173a713fd2d1f81e80fe0edfc05,https://github.com/apache/mahou/compare/2dbcb6df9e0ee6db81ba82e35fa2e2de6763e405...0a8908e73d282173a713fd2d1f81e80fe0edfc05
107,Mahout,aa84f9b8135fce4dc0131c01e6e04f86a496114c,2b14be2eb134d16be0cf20704af38122a3f68232,MAHOUT-469,https://issues.apache.org/jira/browse/MAHOUT-469,https://github.com/apache/mahou/tree/aa84f9b8135fce4dc0131c01e6e04f86a496114c,https://github.com/apache/mahou/tree/2b14be2eb134d16be0cf20704af38122a3f68232,https://github.com/apache/mahou/compare/aa84f9b8135fce4dc0131c01e6e04f86a496114c...2b14be2eb134d16be0cf20704af38122a3f68232
108,Mahout,2b14be2eb134d16be0cf20704af38122a3f68232,29af4d71dcaa2d95a492d5676fb6dc7a75e4fac5,MAHOUT-470,https://issues.apache.org/jira/browse/MAHOUT-470,https://github.com/apache/mahou/tree/2b14be2eb134d16be0cf20704af38122a3f68232,https://github.com/apache/mahou/tree/29af4d71dcaa2d95a492d5676fb6dc7a75e4fac5,https://github.com/apache/mahou/compare/2b14be2eb134d16be0cf20704af38122a3f68232...29af4d71dcaa2d95a492d5676fb6dc7a75e4fac5
109,Mahout,dda346445586dc52ea4a7f2888d2c09da7f05e5b,b0d9fb594cc3619a4644709e91baf95d569c229d,MAHOUT-477,https://issues.apache.org/jira/browse/MAHOUT-477,https://github.com/apache/mahou/tree/dda346445586dc52ea4a7f2888d2c09da7f05e5b,https://github.com/apache/mahou/tree/b0d9fb594cc3619a4644709e91baf95d569c229d,https://github.com/apache/mahou/compare/dda346445586dc52ea4a7f2888d2c09da7f05e5b...b0d9fb594cc3619a4644709e91baf95d569c229d
110,Mahout,b0d9fb594cc3619a4644709e91baf95d569c229d,a492d4a7c60712e003f25752d84e7ed4a8eb4cc4,MAHOUT-472,https://issues.apache.org/jira/browse/MAHOUT-472,https://github.com/apache/mahou/tree/b0d9fb594cc3619a4644709e91baf95d569c229d,https://github.com/apache/mahou/tree/a492d4a7c60712e003f25752d84e7ed4a8eb4cc4,https://github.com/apache/mahou/compare/b0d9fb594cc3619a4644709e91baf95d569c229d...a492d4a7c60712e003f25752d84e7ed4a8eb4cc4
111,Mahout,4c96b79ae7196ba48c36c8ae59018f061b91e9ee,0c98400219fa906e1daf9e49fc35fc8d080df1e3,MAHOUT-481,https://issues.apache.org/jira/browse/MAHOUT-481,https://github.com/apache/mahou/tree/4c96b79ae7196ba48c36c8ae59018f061b91e9ee,https://github.com/apache/mahou/tree/0c98400219fa906e1daf9e49fc35fc8d080df1e3,https://github.com/apache/mahou/compare/4c96b79ae7196ba48c36c8ae59018f061b91e9ee...0c98400219fa906e1daf9e49fc35fc8d080df1e3
112,Mahout,70fa8025a59acb5fb90fb6c0195a8b94e11cf8a1,13c4f5083258b848dbd74ff38b44f8f67ccd24a1,MAHOUT-482,https://issues.apache.org/jira/browse/MAHOUT-482,https://github.com/apache/mahou/tree/70fa8025a59acb5fb90fb6c0195a8b94e11cf8a1,https://github.com/apache/mahou/tree/13c4f5083258b848dbd74ff38b44f8f67ccd24a1,https://github.com/apache/mahou/compare/70fa8025a59acb5fb90fb6c0195a8b94e11cf8a1...13c4f5083258b848dbd74ff38b44f8f67ccd24a1
113,Mahout,e2fa1e0b2f8736072c879c6bde722125d759d91a,f13833ee202321d2121f2f26cd27e7f3289046f1,MAHOUT-486,https://issues.apache.org/jira/browse/MAHOUT-486,https://github.com/apache/mahou/tree/e2fa1e0b2f8736072c879c6bde722125d759d91a,https://github.com/apache/mahou/tree/f13833ee202321d2121f2f26cd27e7f3289046f1,https://github.com/apache/mahou/compare/e2fa1e0b2f8736072c879c6bde722125d759d91a...f13833ee202321d2121f2f26cd27e7f3289046f1
114,Mahout,f13833ee202321d2121f2f26cd27e7f3289046f1,20fbf4d2216b0c0dc8abd4ae7df4e4cacb3e2c25,MAHOUT-488,https://issues.apache.org/jira/browse/MAHOUT-488,https://github.com/apache/mahou/tree/f13833ee202321d2121f2f26cd27e7f3289046f1,https://github.com/apache/mahou/tree/20fbf4d2216b0c0dc8abd4ae7df4e4cacb3e2c25,https://github.com/apache/mahou/compare/f13833ee202321d2121f2f26cd27e7f3289046f1...20fbf4d2216b0c0dc8abd4ae7df4e4cacb3e2c25
115,Mahout,7aa6232663fa2ad6d4b2ec536bed27097b3e1c6b,d84e4c0afad28a72a4d5505b8d3dc12e0454bab0,MAHOUT-491,https://issues.apache.org/jira/browse/MAHOUT-491,https://github.com/apache/mahou/tree/7aa6232663fa2ad6d4b2ec536bed27097b3e1c6b,https://github.com/apache/mahou/tree/d84e4c0afad28a72a4d5505b8d3dc12e0454bab0,https://github.com/apache/mahou/compare/7aa6232663fa2ad6d4b2ec536bed27097b3e1c6b...d84e4c0afad28a72a4d5505b8d3dc12e0454bab0
116,Mahout,d84e4c0afad28a72a4d5505b8d3dc12e0454bab0,52bbdd2d32ee2440f7884b95a10a85ee5c9172ac,MAHOUT-461,https://issues.apache.org/jira/browse/MAHOUT-461,https://github.com/apache/mahou/tree/d84e4c0afad28a72a4d5505b8d3dc12e0454bab0,https://github.com/apache/mahou/tree/52bbdd2d32ee2440f7884b95a10a85ee5c9172ac,https://github.com/apache/mahou/compare/d84e4c0afad28a72a4d5505b8d3dc12e0454bab0...52bbdd2d32ee2440f7884b95a10a85ee5c9172ac
117,Mahout,c1a418840ba418ac6691d398ab7f3f65752f6f3f,5528154cb7636e474428d77639b8286ccf29ca33,MAHOUT-492,https://issues.apache.org/jira/browse/MAHOUT-492,https://github.com/apache/mahou/tree/c1a418840ba418ac6691d398ab7f3f65752f6f3f,https://github.com/apache/mahou/tree/5528154cb7636e474428d77639b8286ccf29ca33,https://github.com/apache/mahou/compare/c1a418840ba418ac6691d398ab7f3f65752f6f3f...5528154cb7636e474428d77639b8286ccf29ca33
118,Mahout,5528154cb7636e474428d77639b8286ccf29ca33,d457f73f1b2fd165c574213523b0e323ee54795a,MAHOUT-492,https://issues.apache.org/jira/browse/MAHOUT-492,https://github.com/apache/mahou/tree/5528154cb7636e474428d77639b8286ccf29ca33,https://github.com/apache/mahou/tree/d457f73f1b2fd165c574213523b0e323ee54795a,https://github.com/apache/mahou/compare/5528154cb7636e474428d77639b8286ccf29ca33...d457f73f1b2fd165c574213523b0e323ee54795a
119,Mahout,d457f73f1b2fd165c574213523b0e323ee54795a,669b7ed603312b6bfafa3c7372f7c8c378f06f15,MAHOUT-492,https://issues.apache.org/jira/browse/MAHOUT-492,https://github.com/apache/mahou/tree/d457f73f1b2fd165c574213523b0e323ee54795a,https://github.com/apache/mahou/tree/669b7ed603312b6bfafa3c7372f7c8c378f06f15,https://github.com/apache/mahou/compare/d457f73f1b2fd165c574213523b0e323ee54795a...669b7ed603312b6bfafa3c7372f7c8c378f06f15
120,Mahout,669b7ed603312b6bfafa3c7372f7c8c378f06f15,c96fa1426e231d48b8e45cc84a862920f9173784,MAHOUT-492,https://issues.apache.org/jira/browse/MAHOUT-492,https://github.com/apache/mahou/tree/669b7ed603312b6bfafa3c7372f7c8c378f06f15,https://github.com/apache/mahou/tree/c96fa1426e231d48b8e45cc84a862920f9173784,https://github.com/apache/mahou/compare/669b7ed603312b6bfafa3c7372f7c8c378f06f15...c96fa1426e231d48b8e45cc84a862920f9173784
121,Mahout,c96fa1426e231d48b8e45cc84a862920f9173784,7c6f529b41ad78f6a37107372a7331644cf2aedf,MAHOUT-492,https://issues.apache.org/jira/browse/MAHOUT-492,https://github.com/apache/mahou/tree/c96fa1426e231d48b8e45cc84a862920f9173784,https://github.com/apache/mahou/tree/7c6f529b41ad78f6a37107372a7331644cf2aedf,https://github.com/apache/mahou/compare/c96fa1426e231d48b8e45cc84a862920f9173784...7c6f529b41ad78f6a37107372a7331644cf2aedf
122,Mahout,7c6f529b41ad78f6a37107372a7331644cf2aedf,f02c4bc7ed3b8dbff4864949b3370abf54f34428,MAHOUT-492,https://issues.apache.org/jira/browse/MAHOUT-492,https://github.com/apache/mahou/tree/7c6f529b41ad78f6a37107372a7331644cf2aedf,https://github.com/apache/mahou/tree/f02c4bc7ed3b8dbff4864949b3370abf54f34428,https://github.com/apache/mahou/compare/7c6f529b41ad78f6a37107372a7331644cf2aedf...f02c4bc7ed3b8dbff4864949b3370abf54f34428
123,Mahout,f02c4bc7ed3b8dbff4864949b3370abf54f34428,cce95dafcb40da1d0163a1ca1e01f8630cf3343d,MAHOUT-492,https://issues.apache.org/jira/browse/MAHOUT-492,https://github.com/apache/mahou/tree/f02c4bc7ed3b8dbff4864949b3370abf54f34428,https://github.com/apache/mahou/tree/cce95dafcb40da1d0163a1ca1e01f8630cf3343d,https://github.com/apache/mahou/compare/f02c4bc7ed3b8dbff4864949b3370abf54f34428...cce95dafcb40da1d0163a1ca1e01f8630cf3343d
124,Mahout,cce95dafcb40da1d0163a1ca1e01f8630cf3343d,a8b77cbd6b9676ed3ec21957e4c901654e54bd02,MAHOUT-492,https://issues.apache.org/jira/browse/MAHOUT-492,https://github.com/apache/mahou/tree/cce95dafcb40da1d0163a1ca1e01f8630cf3343d,https://github.com/apache/mahou/tree/a8b77cbd6b9676ed3ec21957e4c901654e54bd02,https://github.com/apache/mahou/compare/cce95dafcb40da1d0163a1ca1e01f8630cf3343d...a8b77cbd6b9676ed3ec21957e4c901654e54bd02
125,Mahout,a704e1731bd11c63cc4de416073a97b54ccb9fa2,1bc1c14590ba8cac8eb7d2f92a46f5f400e04f73,MAHOUT-495,https://issues.apache.org/jira/browse/MAHOUT-495,https://github.com/apache/mahou/tree/a704e1731bd11c63cc4de416073a97b54ccb9fa2,https://github.com/apache/mahou/tree/1bc1c14590ba8cac8eb7d2f92a46f5f400e04f73,https://github.com/apache/mahou/compare/a704e1731bd11c63cc4de416073a97b54ccb9fa2...1bc1c14590ba8cac8eb7d2f92a46f5f400e04f73
126,Mahout,1bc1c14590ba8cac8eb7d2f92a46f5f400e04f73,0bff67012bf4fcb83a5c47d1cc07a953d512a9f3,MAHOUT-495,https://issues.apache.org/jira/browse/MAHOUT-495,https://github.com/apache/mahou/tree/1bc1c14590ba8cac8eb7d2f92a46f5f400e04f73,https://github.com/apache/mahou/tree/0bff67012bf4fcb83a5c47d1cc07a953d512a9f3,https://github.com/apache/mahou/compare/1bc1c14590ba8cac8eb7d2f92a46f5f400e04f73...0bff67012bf4fcb83a5c47d1cc07a953d512a9f3
127,Mahout,0bff67012bf4fcb83a5c47d1cc07a953d512a9f3,f747b5132626acbb320b5a384485693d522e3d2b,MAHOUT-495,https://issues.apache.org/jira/browse/MAHOUT-495,https://github.com/apache/mahou/tree/0bff67012bf4fcb83a5c47d1cc07a953d512a9f3,https://github.com/apache/mahou/tree/f747b5132626acbb320b5a384485693d522e3d2b,https://github.com/apache/mahou/compare/0bff67012bf4fcb83a5c47d1cc07a953d512a9f3...f747b5132626acbb320b5a384485693d522e3d2b
128,Mahout,f747b5132626acbb320b5a384485693d522e3d2b,22726e80d48f13e5f46ba3a0f9576e407bb7c466,MAHOUT-495,https://issues.apache.org/jira/browse/MAHOUT-495,https://github.com/apache/mahou/tree/f747b5132626acbb320b5a384485693d522e3d2b,https://github.com/apache/mahou/tree/22726e80d48f13e5f46ba3a0f9576e407bb7c466,https://github.com/apache/mahou/compare/f747b5132626acbb320b5a384485693d522e3d2b...22726e80d48f13e5f46ba3a0f9576e407bb7c466
129,Mahout,22726e80d48f13e5f46ba3a0f9576e407bb7c466,018a14c838427581ad2126e601c470ead811b984,MAHOUT-495,https://issues.apache.org/jira/browse/MAHOUT-495,https://github.com/apache/mahou/tree/22726e80d48f13e5f46ba3a0f9576e407bb7c466,https://github.com/apache/mahou/tree/018a14c838427581ad2126e601c470ead811b984,https://github.com/apache/mahou/compare/22726e80d48f13e5f46ba3a0f9576e407bb7c466...018a14c838427581ad2126e601c470ead811b984
130,Mahout,018a14c838427581ad2126e601c470ead811b984,d32f30aa0ca389f31b48067381061636e27cb5ea,MAHOUT-495,https://issues.apache.org/jira/browse/MAHOUT-495,https://github.com/apache/mahou/tree/018a14c838427581ad2126e601c470ead811b984,https://github.com/apache/mahou/tree/d32f30aa0ca389f31b48067381061636e27cb5ea,https://github.com/apache/mahou/compare/018a14c838427581ad2126e601c470ead811b984...d32f30aa0ca389f31b48067381061636e27cb5ea
131,Mahout,d32f30aa0ca389f31b48067381061636e27cb5ea,1ead75a2ca54aae059619e9b0c033533fdda4ef2,MAHOUT-495,https://issues.apache.org/jira/browse/MAHOUT-495,https://github.com/apache/mahou/tree/d32f30aa0ca389f31b48067381061636e27cb5ea,https://github.com/apache/mahou/tree/1ead75a2ca54aae059619e9b0c033533fdda4ef2,https://github.com/apache/mahou/compare/d32f30aa0ca389f31b48067381061636e27cb5ea...1ead75a2ca54aae059619e9b0c033533fdda4ef2
132,Mahout,2b8d5e455e14cf7722846acbe89221a6cbdb166d,b840d2f12b7cc46c891ecbb85a7e9ca8b69f5774,MAHOUT-495,https://issues.apache.org/jira/browse/MAHOUT-495,https://github.com/apache/mahou/tree/2b8d5e455e14cf7722846acbe89221a6cbdb166d,https://github.com/apache/mahou/tree/b840d2f12b7cc46c891ecbb85a7e9ca8b69f5774,https://github.com/apache/mahou/compare/2b8d5e455e14cf7722846acbe89221a6cbdb166d...b840d2f12b7cc46c891ecbb85a7e9ca8b69f5774
133,Mahout,758dc915161008d81183cf7b42a0e50985f517ba,d61aa504fbc7dafef58048b007d30cb081592b7d,MAHOUT-497,https://issues.apache.org/jira/browse/MAHOUT-497,https://github.com/apache/mahou/tree/758dc915161008d81183cf7b42a0e50985f517ba,https://github.com/apache/mahou/tree/d61aa504fbc7dafef58048b007d30cb081592b7d,https://github.com/apache/mahou/compare/758dc915161008d81183cf7b42a0e50985f517ba...d61aa504fbc7dafef58048b007d30cb081592b7d
134,Mahout,d61aa504fbc7dafef58048b007d30cb081592b7d,6c34155d2c5f2eb4188a772215bd8f080d75e870,MAHOUT-498,https://issues.apache.org/jira/browse/MAHOUT-498,https://github.com/apache/mahou/tree/d61aa504fbc7dafef58048b007d30cb081592b7d,https://github.com/apache/mahou/tree/6c34155d2c5f2eb4188a772215bd8f080d75e870,https://github.com/apache/mahou/compare/d61aa504fbc7dafef58048b007d30cb081592b7d...6c34155d2c5f2eb4188a772215bd8f080d75e870
135,Mahout,6c34155d2c5f2eb4188a772215bd8f080d75e870,b60177d7e2ef6a15a23ab301d4c2ff6516baf963,MAHOUT-498,https://issues.apache.org/jira/browse/MAHOUT-498,https://github.com/apache/mahou/tree/6c34155d2c5f2eb4188a772215bd8f080d75e870,https://github.com/apache/mahou/tree/b60177d7e2ef6a15a23ab301d4c2ff6516baf963,https://github.com/apache/mahou/compare/6c34155d2c5f2eb4188a772215bd8f080d75e870...b60177d7e2ef6a15a23ab301d4c2ff6516baf963
136,Mahout,ee62ea239c82953f563b8163b0271d6ad0233278,7be2356a7b44ff6a67ffa158525b41addd02a626,MAHOUT-497,https://issues.apache.org/jira/browse/MAHOUT-497,https://github.com/apache/mahou/tree/ee62ea239c82953f563b8163b0271d6ad0233278,https://github.com/apache/mahou/tree/7be2356a7b44ff6a67ffa158525b41addd02a626,https://github.com/apache/mahou/compare/ee62ea239c82953f563b8163b0271d6ad0233278...7be2356a7b44ff6a67ffa158525b41addd02a626
137,Mahout,24a75dbf158c935ba74245adb15add4caf6c923c,3181b4bb3f2eab7e5bb3e5a7db2bfa61642f4d15,MAHOUT-501,https://issues.apache.org/jira/browse/MAHOUT-501,https://github.com/apache/mahou/tree/24a75dbf158c935ba74245adb15add4caf6c923c,https://github.com/apache/mahou/tree/3181b4bb3f2eab7e5bb3e5a7db2bfa61642f4d15,https://github.com/apache/mahou/compare/24a75dbf158c935ba74245adb15add4caf6c923c...3181b4bb3f2eab7e5bb3e5a7db2bfa61642f4d15
138,Mahout,8267c5b6f67a263028672e5a7ac2849b0479d9eb,d4b792442e4be3da8acd009f90c55b761437906e,MAHOUT-511,https://issues.apache.org/jira/browse/MAHOUT-511,https://github.com/apache/mahou/tree/8267c5b6f67a263028672e5a7ac2849b0479d9eb,https://github.com/apache/mahou/tree/d4b792442e4be3da8acd009f90c55b761437906e,https://github.com/apache/mahou/compare/8267c5b6f67a263028672e5a7ac2849b0479d9eb...d4b792442e4be3da8acd009f90c55b761437906e
139,Mahout,b50007094b3b817e9a5119af83c93d73093321b1,48840c1fe40e8f66ecc0b23a2ed51e4f162b1915,MAHOUT-414,https://issues.apache.org/jira/browse/MAHOUT-414,https://github.com/apache/mahou/tree/b50007094b3b817e9a5119af83c93d73093321b1,https://github.com/apache/mahou/tree/48840c1fe40e8f66ecc0b23a2ed51e4f162b1915,https://github.com/apache/mahou/compare/b50007094b3b817e9a5119af83c93d73093321b1...48840c1fe40e8f66ecc0b23a2ed51e4f162b1915
140,Mahout,27d33a2f42fcb583e78699a1659644e83ca93188,20276b4ade92758323e1b798bbf2bbd134c0ee2d,MAHOUT-508,https://issues.apache.org/jira/browse/MAHOUT-508,https://github.com/apache/mahou/tree/27d33a2f42fcb583e78699a1659644e83ca93188,https://github.com/apache/mahou/tree/20276b4ade92758323e1b798bbf2bbd134c0ee2d,https://github.com/apache/mahou/compare/27d33a2f42fcb583e78699a1659644e83ca93188...20276b4ade92758323e1b798bbf2bbd134c0ee2d
141,Mahout,ad53dbea31ecfb9b0c3bb02b3e3470a4c5d5c586,31d93a8ac65fb0878391d88aa2166762a28ebbf4,MAHOUT-378,https://issues.apache.org/jira/browse/MAHOUT-378,https://github.com/apache/mahou/tree/ad53dbea31ecfb9b0c3bb02b3e3470a4c5d5c586,https://github.com/apache/mahou/tree/31d93a8ac65fb0878391d88aa2166762a28ebbf4,https://github.com/apache/mahou/compare/ad53dbea31ecfb9b0c3bb02b3e3470a4c5d5c586...31d93a8ac65fb0878391d88aa2166762a28ebbf4
142,Mahout,31d93a8ac65fb0878391d88aa2166762a28ebbf4,1259c968fc6f0f222b5d385c44fd8104608b10d4,MAHOUT-489,https://issues.apache.org/jira/browse/MAHOUT-489,https://github.com/apache/mahou/tree/31d93a8ac65fb0878391d88aa2166762a28ebbf4,https://github.com/apache/mahou/tree/1259c968fc6f0f222b5d385c44fd8104608b10d4,https://github.com/apache/mahou/compare/31d93a8ac65fb0878391d88aa2166762a28ebbf4...1259c968fc6f0f222b5d385c44fd8104608b10d4
143,Mahout,c8270dc4e72930ae4f1e993fbcfe44ddaf61e3b8,f900e2a6e1a5a60a76757c5a61a9024a6545bcd6,MAHOUT-504,https://issues.apache.org/jira/browse/MAHOUT-504,https://github.com/apache/mahou/tree/c8270dc4e72930ae4f1e993fbcfe44ddaf61e3b8,https://github.com/apache/mahou/tree/f900e2a6e1a5a60a76757c5a61a9024a6545bcd6,https://github.com/apache/mahou/compare/c8270dc4e72930ae4f1e993fbcfe44ddaf61e3b8...f900e2a6e1a5a60a76757c5a61a9024a6545bcd6
144,Mahout,f900e2a6e1a5a60a76757c5a61a9024a6545bcd6,c4a0cb9426b7792d4365f0e419917cf85d6e5b63,MAHOUT-414,https://issues.apache.org/jira/browse/MAHOUT-414,https://github.com/apache/mahou/tree/f900e2a6e1a5a60a76757c5a61a9024a6545bcd6,https://github.com/apache/mahou/tree/c4a0cb9426b7792d4365f0e419917cf85d6e5b63,https://github.com/apache/mahou/compare/f900e2a6e1a5a60a76757c5a61a9024a6545bcd6...c4a0cb9426b7792d4365f0e419917cf85d6e5b63
145,Mahout,69ad72b64c90836a20eb600fc8acf1a00743f427,22d7d31c58adfc711986028ed0e03a07f740483f,MAHOUT-401,https://issues.apache.org/jira/browse/MAHOUT-401,https://github.com/apache/mahou/tree/69ad72b64c90836a20eb600fc8acf1a00743f427,https://github.com/apache/mahou/tree/22d7d31c58adfc711986028ed0e03a07f740483f,https://github.com/apache/mahou/compare/69ad72b64c90836a20eb600fc8acf1a00743f427...22d7d31c58adfc711986028ed0e03a07f740483f
146,Mahout,07d3d5fe6f4c9b250c6c03a826b1cfe7d2b5f8ac,2ede1c0d067dca290150c3a9be28b62743dc9130,MAHOUT-509,https://issues.apache.org/jira/browse/MAHOUT-509,https://github.com/apache/mahou/tree/07d3d5fe6f4c9b250c6c03a826b1cfe7d2b5f8ac,https://github.com/apache/mahou/tree/2ede1c0d067dca290150c3a9be28b62743dc9130,https://github.com/apache/mahou/compare/07d3d5fe6f4c9b250c6c03a826b1cfe7d2b5f8ac...2ede1c0d067dca290150c3a9be28b62743dc9130
147,Mahout,61ae2e77f725bbc71c2ed9899f8b91fd6f422242,981b4431e6ad7f4194687ae8b758d2b1a164c101,MAHOUT-504,https://issues.apache.org/jira/browse/MAHOUT-504,https://github.com/apache/mahou/tree/61ae2e77f725bbc71c2ed9899f8b91fd6f422242,https://github.com/apache/mahou/tree/981b4431e6ad7f4194687ae8b758d2b1a164c101,https://github.com/apache/mahou/compare/61ae2e77f725bbc71c2ed9899f8b91fd6f422242...981b4431e6ad7f4194687ae8b758d2b1a164c101
148,Mahout,57f0c7d567fedc0828bb72cda774a1c8ace1e2a7,1ce47b660e9d4605f36e8ac41681c0991a65d78f,MAHOUT-513,https://issues.apache.org/jira/browse/MAHOUT-513,https://github.com/apache/mahou/tree/57f0c7d567fedc0828bb72cda774a1c8ace1e2a7,https://github.com/apache/mahou/tree/1ce47b660e9d4605f36e8ac41681c0991a65d78f,https://github.com/apache/mahou/compare/57f0c7d567fedc0828bb72cda774a1c8ace1e2a7...1ce47b660e9d4605f36e8ac41681c0991a65d78f
149,Mahout,1ce47b660e9d4605f36e8ac41681c0991a65d78f,1bb9546ee479ee23138ccb29d5a452ade4199a07,MAHOUT-513,https://issues.apache.org/jira/browse/MAHOUT-513,https://github.com/apache/mahou/tree/1ce47b660e9d4605f36e8ac41681c0991a65d78f,https://github.com/apache/mahou/tree/1bb9546ee479ee23138ccb29d5a452ade4199a07,https://github.com/apache/mahou/compare/1ce47b660e9d4605f36e8ac41681c0991a65d78f...1bb9546ee479ee23138ccb29d5a452ade4199a07
150,Mahout,1bb9546ee479ee23138ccb29d5a452ade4199a07,3c9538a43c1c02567f6018cf3bafbeadb49b7b65,MAHOUT-513,https://issues.apache.org/jira/browse/MAHOUT-513,https://github.com/apache/mahou/tree/1bb9546ee479ee23138ccb29d5a452ade4199a07,https://github.com/apache/mahou/tree/3c9538a43c1c02567f6018cf3bafbeadb49b7b65,https://github.com/apache/mahou/compare/1bb9546ee479ee23138ccb29d5a452ade4199a07...3c9538a43c1c02567f6018cf3bafbeadb49b7b65
151,Mahout,d0dc3886420effe3c0913aa865cae4499bc15465,ebc739324e931b150a73dc53f60e43105378c2ed,MAHOUT-513,https://issues.apache.org/jira/browse/MAHOUT-513,https://github.com/apache/mahou/tree/d0dc3886420effe3c0913aa865cae4499bc15465,https://github.com/apache/mahou/tree/ebc739324e931b150a73dc53f60e43105378c2ed,https://github.com/apache/mahou/compare/d0dc3886420effe3c0913aa865cae4499bc15465...ebc739324e931b150a73dc53f60e43105378c2ed
152,Mahout,ebc739324e931b150a73dc53f60e43105378c2ed,76059d43401ddeb8df1fb8e6e5677adcd3378b4f,MAHOUT-513,https://issues.apache.org/jira/browse/MAHOUT-513,https://github.com/apache/mahou/tree/ebc739324e931b150a73dc53f60e43105378c2ed,https://github.com/apache/mahou/tree/76059d43401ddeb8df1fb8e6e5677adcd3378b4f,https://github.com/apache/mahou/compare/ebc739324e931b150a73dc53f60e43105378c2ed...76059d43401ddeb8df1fb8e6e5677adcd3378b4f
153,Mahout,76059d43401ddeb8df1fb8e6e5677adcd3378b4f,237bcbdcd40b27c1bae2d191d8b7c60bd20da72e,MAHOUT-513,https://issues.apache.org/jira/browse/MAHOUT-513,https://github.com/apache/mahou/tree/76059d43401ddeb8df1fb8e6e5677adcd3378b4f,https://github.com/apache/mahou/tree/237bcbdcd40b27c1bae2d191d8b7c60bd20da72e,https://github.com/apache/mahou/compare/76059d43401ddeb8df1fb8e6e5677adcd3378b4f...237bcbdcd40b27c1bae2d191d8b7c60bd20da72e
154,Mahout,237bcbdcd40b27c1bae2d191d8b7c60bd20da72e,28a69a00105a7f1001d4ff3f803eedbbcb8a6c2c,MAHOUT-513,https://issues.apache.org/jira/browse/MAHOUT-513,https://github.com/apache/mahou/tree/237bcbdcd40b27c1bae2d191d8b7c60bd20da72e,https://github.com/apache/mahou/tree/28a69a00105a7f1001d4ff3f803eedbbcb8a6c2c,https://github.com/apache/mahou/compare/237bcbdcd40b27c1bae2d191d8b7c60bd20da72e...28a69a00105a7f1001d4ff3f803eedbbcb8a6c2c
155,Mahout,71ecd11a54369ad8d98ec7a297899983b24ed7d8,9608f224f5f86cf786584c9c9524b30adf14dc07,MAHOUT-344,https://issues.apache.org/jira/browse/MAHOUT-344,https://github.com/apache/mahou/tree/71ecd11a54369ad8d98ec7a297899983b24ed7d8,https://github.com/apache/mahou/tree/9608f224f5f86cf786584c9c9524b30adf14dc07,https://github.com/apache/mahou/compare/71ecd11a54369ad8d98ec7a297899983b24ed7d8...9608f224f5f86cf786584c9c9524b30adf14dc07
156,Mahout,4c864912764782e54f33c0c511d4955c62e3453d,d2c0b5ee8d401bdab705f859e07697c3e26e3901,MAHOUT-504,https://issues.apache.org/jira/browse/MAHOUT-504,https://github.com/apache/mahou/tree/4c864912764782e54f33c0c511d4955c62e3453d,https://github.com/apache/mahou/tree/d2c0b5ee8d401bdab705f859e07697c3e26e3901,https://github.com/apache/mahou/compare/4c864912764782e54f33c0c511d4955c62e3453d...d2c0b5ee8d401bdab705f859e07697c3e26e3901
157,Mahout,1ab159a766ee7c0219c0bd9a5b3ee914c280fdff,4a31f91b01b79b741611a300262e2eeb2fd12378,MAHOUT-523,https://issues.apache.org/jira/browse/MAHOUT-523,https://github.com/apache/mahou/tree/1ab159a766ee7c0219c0bd9a5b3ee914c280fdff,https://github.com/apache/mahou/tree/4a31f91b01b79b741611a300262e2eeb2fd12378,https://github.com/apache/mahou/compare/1ab159a766ee7c0219c0bd9a5b3ee914c280fdff...4a31f91b01b79b741611a300262e2eeb2fd12378
158,Mahout,4a31f91b01b79b741611a300262e2eeb2fd12378,f50b9a69bb2f072d0dced7c747cbf8f9a408f25c,MAHOUT-504,https://issues.apache.org/jira/browse/MAHOUT-504,https://github.com/apache/mahou/tree/4a31f91b01b79b741611a300262e2eeb2fd12378,https://github.com/apache/mahou/tree/f50b9a69bb2f072d0dced7c747cbf8f9a408f25c,https://github.com/apache/mahou/compare/4a31f91b01b79b741611a300262e2eeb2fd12378...f50b9a69bb2f072d0dced7c747cbf8f9a408f25c
159,Mahout,48a678cc7ee0ce43532e916e51a4c30d121e2162,16d172e920ea94ca73aa5aeaae47067cdec52be1,MAHOUT-524,https://issues.apache.org/jira/browse/MAHOUT-524,https://github.com/apache/mahou/tree/48a678cc7ee0ce43532e916e51a4c30d121e2162,https://github.com/apache/mahou/tree/16d172e920ea94ca73aa5aeaae47067cdec52be1,https://github.com/apache/mahou/compare/48a678cc7ee0ce43532e916e51a4c30d121e2162...16d172e920ea94ca73aa5aeaae47067cdec52be1
160,Mahout,319fd82531c3bc5b8b0751fdf83b8d1d68dc4114,38c0cb46cc4f0cf551325fec5def4de1e187bd33,MAHOUT-509,https://issues.apache.org/jira/browse/MAHOUT-509,https://github.com/apache/mahou/tree/319fd82531c3bc5b8b0751fdf83b8d1d68dc4114,https://github.com/apache/mahou/tree/38c0cb46cc4f0cf551325fec5def4de1e187bd33,https://github.com/apache/mahou/compare/319fd82531c3bc5b8b0751fdf83b8d1d68dc4114...38c0cb46cc4f0cf551325fec5def4de1e187bd33
161,Mahout,88193f062d488f8d9a2bf046961affc8cea0104b,42f7417ab4bc5ec9914b044dae2c35cbc29f4330,MAHOUT-528,https://issues.apache.org/jira/browse/MAHOUT-528,https://github.com/apache/mahou/tree/88193f062d488f8d9a2bf046961affc8cea0104b,https://github.com/apache/mahou/tree/42f7417ab4bc5ec9914b044dae2c35cbc29f4330,https://github.com/apache/mahou/compare/88193f062d488f8d9a2bf046961affc8cea0104b...42f7417ab4bc5ec9914b044dae2c35cbc29f4330
162,Mahout,42f7417ab4bc5ec9914b044dae2c35cbc29f4330,38a69607daa70d532dfa915c01f7d70fd84be00b,MAHOUT-528,https://issues.apache.org/jira/browse/MAHOUT-528,https://github.com/apache/mahou/tree/42f7417ab4bc5ec9914b044dae2c35cbc29f4330,https://github.com/apache/mahou/tree/38a69607daa70d532dfa915c01f7d70fd84be00b,https://github.com/apache/mahou/compare/42f7417ab4bc5ec9914b044dae2c35cbc29f4330...38a69607daa70d532dfa915c01f7d70fd84be00b
163,Mahout,38a69607daa70d532dfa915c01f7d70fd84be00b,9b7802a753deb776492d1370a821fc50829ae6f6,MAHOUT-528,https://issues.apache.org/jira/browse/MAHOUT-528,https://github.com/apache/mahou/tree/38a69607daa70d532dfa915c01f7d70fd84be00b,https://github.com/apache/mahou/tree/9b7802a753deb776492d1370a821fc50829ae6f6,https://github.com/apache/mahou/compare/38a69607daa70d532dfa915c01f7d70fd84be00b...9b7802a753deb776492d1370a821fc50829ae6f6
164,Mahout,b5e646be274b11c4a8cd0f4092995907236fdded,e1136b9f97ad5dabf3c0251a06487d0e84eebb74,MAHOUT-532,https://issues.apache.org/jira/browse/MAHOUT-532,https://github.com/apache/mahou/tree/b5e646be274b11c4a8cd0f4092995907236fdded,https://github.com/apache/mahou/tree/e1136b9f97ad5dabf3c0251a06487d0e84eebb74,https://github.com/apache/mahou/compare/b5e646be274b11c4a8cd0f4092995907236fdded...e1136b9f97ad5dabf3c0251a06487d0e84eebb74
165,Mahout,6e53a4d652acc3e7ffc8a1978bac8090217af68d,1626b4cbe0991c15147fd8796ac0b41111642ae1,MAHOUT-534,https://issues.apache.org/jira/browse/MAHOUT-534,https://github.com/apache/mahou/tree/6e53a4d652acc3e7ffc8a1978bac8090217af68d,https://github.com/apache/mahou/tree/1626b4cbe0991c15147fd8796ac0b41111642ae1,https://github.com/apache/mahou/compare/6e53a4d652acc3e7ffc8a1978bac8090217af68d...1626b4cbe0991c15147fd8796ac0b41111642ae1
166,Mahout,ad1416331ecd86960610cc6774caa5e1bcf109bb,6cc884c4c6fbf0921424d4f895556d5d8957a337,MAHOUT-526,https://issues.apache.org/jira/browse/MAHOUT-526,https://github.com/apache/mahou/tree/ad1416331ecd86960610cc6774caa5e1bcf109bb,https://github.com/apache/mahou/tree/6cc884c4c6fbf0921424d4f895556d5d8957a337,https://github.com/apache/mahou/compare/ad1416331ecd86960610cc6774caa5e1bcf109bb...6cc884c4c6fbf0921424d4f895556d5d8957a337
167,Mahout,a12e609eb50890998d0ecc48e57916d7fdb92ed6,e92c694e8d2cca1dcaaddb36f0200f27d21e28df,MAHOUT-508,https://issues.apache.org/jira/browse/MAHOUT-508,https://github.com/apache/mahou/tree/a12e609eb50890998d0ecc48e57916d7fdb92ed6,https://github.com/apache/mahou/tree/e92c694e8d2cca1dcaaddb36f0200f27d21e28df,https://github.com/apache/mahou/compare/a12e609eb50890998d0ecc48e57916d7fdb92ed6...e92c694e8d2cca1dcaaddb36f0200f27d21e28df
168,Mahout,cf12948b2c48dab276264c3a3667bc2088bfc677,c31a625a813efe311f4c345f364db91db365daae,MAHOUT-557,https://issues.apache.org/jira/browse/MAHOUT-557,https://github.com/apache/mahou/tree/cf12948b2c48dab276264c3a3667bc2088bfc677,https://github.com/apache/mahou/tree/c31a625a813efe311f4c345f364db91db365daae,https://github.com/apache/mahou/compare/cf12948b2c48dab276264c3a3667bc2088bfc677...c31a625a813efe311f4c345f364db91db365daae
169,Mahout,614fc76a6c650a617662f06450b52c2de30d35f0,f77c2559b8fefc40c06a7090d20af00afd1e41a0,MAHOUT-565,https://issues.apache.org/jira/browse/MAHOUT-565,https://github.com/apache/mahou/tree/614fc76a6c650a617662f06450b52c2de30d35f0,https://github.com/apache/mahou/tree/f77c2559b8fefc40c06a7090d20af00afd1e41a0,https://github.com/apache/mahou/compare/614fc76a6c650a617662f06450b52c2de30d35f0...f77c2559b8fefc40c06a7090d20af00afd1e41a0
170,Mahout,d7a490a9fd59b47679e6d3d0248f4e79d639e1ff,02f8694d044b85938a56f48444743f367987ad37,MAHOUT-545,https://issues.apache.org/jira/browse/MAHOUT-545,https://github.com/apache/mahou/tree/d7a490a9fd59b47679e6d3d0248f4e79d639e1ff,https://github.com/apache/mahou/tree/02f8694d044b85938a56f48444743f367987ad37,https://github.com/apache/mahou/compare/d7a490a9fd59b47679e6d3d0248f4e79d639e1ff...02f8694d044b85938a56f48444743f367987ad37
171,Mahout,5bde30b43928038e36386f77e39acb63b9005b2b,5a5765179fb8e97990f6a5b04bc018b7a9cee389,MAHOUT-564,https://issues.apache.org/jira/browse/MAHOUT-564,https://github.com/apache/mahou/tree/5bde30b43928038e36386f77e39acb63b9005b2b,https://github.com/apache/mahou/tree/5a5765179fb8e97990f6a5b04bc018b7a9cee389,https://github.com/apache/mahou/compare/5bde30b43928038e36386f77e39acb63b9005b2b...5a5765179fb8e97990f6a5b04bc018b7a9cee389
172,Mahout,5a5765179fb8e97990f6a5b04bc018b7a9cee389,0c4bba06474f7d7b4d5e93ced45ea665b296fa75,MAHOUT-581,https://issues.apache.org/jira/browse/MAHOUT-581,https://github.com/apache/mahou/tree/5a5765179fb8e97990f6a5b04bc018b7a9cee389,https://github.com/apache/mahou/tree/0c4bba06474f7d7b4d5e93ced45ea665b296fa75,https://github.com/apache/mahou/compare/5a5765179fb8e97990f6a5b04bc018b7a9cee389...0c4bba06474f7d7b4d5e93ced45ea665b296fa75
173,Mahout,1bed5fbdb46dc89a86e9b9d05dabde47517c3461,c0f3d944047ad6c32a129b02a28822e34cc781a4,MAHOUT-580,https://issues.apache.org/jira/browse/MAHOUT-580,https://github.com/apache/mahou/tree/1bed5fbdb46dc89a86e9b9d05dabde47517c3461,https://github.com/apache/mahou/tree/c0f3d944047ad6c32a129b02a28822e34cc781a4,https://github.com/apache/mahou/compare/1bed5fbdb46dc89a86e9b9d05dabde47517c3461...c0f3d944047ad6c32a129b02a28822e34cc781a4
174,Mahout,6bc7b7f3452fd717ced096e87e75fa7adaf16d36,234b35200c18e8a143a8f4005fc3ccfe66a48e30,MAHOUT-576,https://issues.apache.org/jira/browse/MAHOUT-576,https://github.com/apache/mahou/tree/6bc7b7f3452fd717ced096e87e75fa7adaf16d36,https://github.com/apache/mahou/tree/234b35200c18e8a143a8f4005fc3ccfe66a48e30,https://github.com/apache/mahou/compare/6bc7b7f3452fd717ced096e87e75fa7adaf16d36...234b35200c18e8a143a8f4005fc3ccfe66a48e30
175,Mahout,af8ebde30992f66d7978a8f5278f9e895d39451a,cfec62fa98be0545c3a01c8fd34b2744385e1786,MAHOUT-561,https://issues.apache.org/jira/browse/MAHOUT-561,https://github.com/apache/mahou/tree/af8ebde30992f66d7978a8f5278f9e895d39451a,https://github.com/apache/mahou/tree/cfec62fa98be0545c3a01c8fd34b2744385e1786,https://github.com/apache/mahou/compare/af8ebde30992f66d7978a8f5278f9e895d39451a...cfec62fa98be0545c3a01c8fd34b2744385e1786
176,Mahout,cfec62fa98be0545c3a01c8fd34b2744385e1786,da457338777808ee9c5b09d893f6bc76c79b6906,MAHOUT-556,https://issues.apache.org/jira/browse/MAHOUT-556,https://github.com/apache/mahou/tree/cfec62fa98be0545c3a01c8fd34b2744385e1786,https://github.com/apache/mahou/tree/da457338777808ee9c5b09d893f6bc76c79b6906,https://github.com/apache/mahou/compare/cfec62fa98be0545c3a01c8fd34b2744385e1786...da457338777808ee9c5b09d893f6bc76c79b6906
177,Mahout,da457338777808ee9c5b09d893f6bc76c79b6906,1eb917262f980798586c3cb9c54152dbb59485f9,MAHOUT-556,https://issues.apache.org/jira/browse/MAHOUT-556,https://github.com/apache/mahou/tree/da457338777808ee9c5b09d893f6bc76c79b6906,https://github.com/apache/mahou/tree/1eb917262f980798586c3cb9c54152dbb59485f9,https://github.com/apache/mahou/compare/da457338777808ee9c5b09d893f6bc76c79b6906...1eb917262f980798586c3cb9c54152dbb59485f9
178,Mahout,1eb917262f980798586c3cb9c54152dbb59485f9,711ab6074b5e4ccf8092e9204abe640901ea0411,MAHOUT-585,https://issues.apache.org/jira/browse/MAHOUT-585,https://github.com/apache/mahou/tree/1eb917262f980798586c3cb9c54152dbb59485f9,https://github.com/apache/mahou/tree/711ab6074b5e4ccf8092e9204abe640901ea0411,https://github.com/apache/mahou/compare/1eb917262f980798586c3cb9c54152dbb59485f9...711ab6074b5e4ccf8092e9204abe640901ea0411
179,Mahout,5baba6ec444157370bc9c999d3b8f374d9d7aea1,76da194b25659aab6bc5ac1ae0787376132c950e,MAHOUT-569,https://issues.apache.org/jira/browse/MAHOUT-569,https://github.com/apache/mahou/tree/5baba6ec444157370bc9c999d3b8f374d9d7aea1,https://github.com/apache/mahou/tree/76da194b25659aab6bc5ac1ae0787376132c950e,https://github.com/apache/mahou/compare/5baba6ec444157370bc9c999d3b8f374d9d7aea1...76da194b25659aab6bc5ac1ae0787376132c950e
180,Mahout,76da194b25659aab6bc5ac1ae0787376132c950e,41b0a8bc33964f7a1e5e186fd125cc53f1de2b52,MAHOUT-584,https://issues.apache.org/jira/browse/MAHOUT-584,https://github.com/apache/mahou/tree/76da194b25659aab6bc5ac1ae0787376132c950e,https://github.com/apache/mahou/tree/41b0a8bc33964f7a1e5e186fd125cc53f1de2b52,https://github.com/apache/mahou/compare/76da194b25659aab6bc5ac1ae0787376132c950e...41b0a8bc33964f7a1e5e186fd125cc53f1de2b52
181,Mahout,41b0a8bc33964f7a1e5e186fd125cc53f1de2b52,347aaedee6f7ec1e7f7f115d08d060f1d436d1e1,MAHOUT-524,https://issues.apache.org/jira/browse/MAHOUT-524,https://github.com/apache/mahou/tree/41b0a8bc33964f7a1e5e186fd125cc53f1de2b52,https://github.com/apache/mahou/tree/347aaedee6f7ec1e7f7f115d08d060f1d436d1e1,https://github.com/apache/mahou/compare/41b0a8bc33964f7a1e5e186fd125cc53f1de2b52...347aaedee6f7ec1e7f7f115d08d060f1d436d1e1
182,Mahout,347aaedee6f7ec1e7f7f115d08d060f1d436d1e1,0d4cb371d24fe83f3d52f5ea60269938c4d0ab70,MAHOUT-584,https://issues.apache.org/jira/browse/MAHOUT-584,https://github.com/apache/mahou/tree/347aaedee6f7ec1e7f7f115d08d060f1d436d1e1,https://github.com/apache/mahou/tree/0d4cb371d24fe83f3d52f5ea60269938c4d0ab70,https://github.com/apache/mahou/compare/347aaedee6f7ec1e7f7f115d08d060f1d436d1e1...0d4cb371d24fe83f3d52f5ea60269938c4d0ab70
183,Mahout,b588af39baa033efac8eba809cc899d71b5a9280,de48f9f96207215bf0f7962d04d2a88da2717a14,MAHOUT-516,https://issues.apache.org/jira/browse/MAHOUT-516,https://github.com/apache/mahou/tree/b588af39baa033efac8eba809cc899d71b5a9280,https://github.com/apache/mahou/tree/de48f9f96207215bf0f7962d04d2a88da2717a14,https://github.com/apache/mahou/compare/b588af39baa033efac8eba809cc899d71b5a9280...de48f9f96207215bf0f7962d04d2a88da2717a14
184,Mahout,de48f9f96207215bf0f7962d04d2a88da2717a14,f9406683539f5a3ecefa132ae7cb7c83e700d94f,MAHOUT-402,https://issues.apache.org/jira/browse/MAHOUT-402,https://github.com/apache/mahou/tree/de48f9f96207215bf0f7962d04d2a88da2717a14,https://github.com/apache/mahou/tree/f9406683539f5a3ecefa132ae7cb7c83e700d94f,https://github.com/apache/mahou/compare/de48f9f96207215bf0f7962d04d2a88da2717a14...f9406683539f5a3ecefa132ae7cb7c83e700d94f
185,Mahout,e8b1acf8dc45ba764d6cd91c8b5e5d0a714faa1c,a9234ce16d6ba605747fc641302ce68aba303495,MAHOUT-566,https://issues.apache.org/jira/browse/MAHOUT-566,https://github.com/apache/mahou/tree/e8b1acf8dc45ba764d6cd91c8b5e5d0a714faa1c,https://github.com/apache/mahou/tree/a9234ce16d6ba605747fc641302ce68aba303495,https://github.com/apache/mahou/compare/e8b1acf8dc45ba764d6cd91c8b5e5d0a714faa1c...a9234ce16d6ba605747fc641302ce68aba303495
186,Mahout,ba6e77f733659cec32d39c1f63cdeb69f3ee6ff6,495f736df90968b6f03ae2b050cd05ea8602fd5f,MAHOUT-591,https://issues.apache.org/jira/browse/MAHOUT-591,https://github.com/apache/mahou/tree/ba6e77f733659cec32d39c1f63cdeb69f3ee6ff6,https://github.com/apache/mahou/tree/495f736df90968b6f03ae2b050cd05ea8602fd5f,https://github.com/apache/mahou/compare/ba6e77f733659cec32d39c1f63cdeb69f3ee6ff6...495f736df90968b6f03ae2b050cd05ea8602fd5f
187,Mahout,495f736df90968b6f03ae2b050cd05ea8602fd5f,d2915a0b38562de5b27f06e7a6ec5f6c35c9c06f,MAHOUT-587,https://issues.apache.org/jira/browse/MAHOUT-587,https://github.com/apache/mahou/tree/495f736df90968b6f03ae2b050cd05ea8602fd5f,https://github.com/apache/mahou/tree/d2915a0b38562de5b27f06e7a6ec5f6c35c9c06f,https://github.com/apache/mahou/compare/495f736df90968b6f03ae2b050cd05ea8602fd5f...d2915a0b38562de5b27f06e7a6ec5f6c35c9c06f
188,Mahout,d2915a0b38562de5b27f06e7a6ec5f6c35c9c06f,f3723040d134b5a8d2739f1d7c9ffb6245679e79,MAHOUT-589,https://issues.apache.org/jira/browse/MAHOUT-589,https://github.com/apache/mahou/tree/d2915a0b38562de5b27f06e7a6ec5f6c35c9c06f,https://github.com/apache/mahou/tree/f3723040d134b5a8d2739f1d7c9ffb6245679e79,https://github.com/apache/mahou/compare/d2915a0b38562de5b27f06e7a6ec5f6c35c9c06f...f3723040d134b5a8d2739f1d7c9ffb6245679e79
189,Mahout,d9ccec463c7f9ffc3c99f1e2e4eeaeee4bbb11bf,ad8b61d809b5fd15dea9ef031d14ec8055ab9a03,MAHOUT-594,https://issues.apache.org/jira/browse/MAHOUT-594,https://github.com/apache/mahou/tree/d9ccec463c7f9ffc3c99f1e2e4eeaeee4bbb11bf,https://github.com/apache/mahou/tree/ad8b61d809b5fd15dea9ef031d14ec8055ab9a03,https://github.com/apache/mahou/compare/d9ccec463c7f9ffc3c99f1e2e4eeaeee4bbb11bf...ad8b61d809b5fd15dea9ef031d14ec8055ab9a03
190,Mahout,8bf7ac422adcbc74d6d8ebd87edc39caf4eac879,0b78318b2fbc0a8c6503cb4bca6cda581c8876a9,MAHOUT-601,https://issues.apache.org/jira/browse/MAHOUT-601,https://github.com/apache/mahou/tree/8bf7ac422adcbc74d6d8ebd87edc39caf4eac879,https://github.com/apache/mahou/tree/0b78318b2fbc0a8c6503cb4bca6cda581c8876a9,https://github.com/apache/mahou/compare/8bf7ac422adcbc74d6d8ebd87edc39caf4eac879...0b78318b2fbc0a8c6503cb4bca6cda581c8876a9
191,Mahout,0b78318b2fbc0a8c6503cb4bca6cda581c8876a9,e04d6f329b74538370cf2656d532aee41fb9527c,MAHOUT-600,https://issues.apache.org/jira/browse/MAHOUT-600,https://github.com/apache/mahou/tree/0b78318b2fbc0a8c6503cb4bca6cda581c8876a9,https://github.com/apache/mahou/tree/e04d6f329b74538370cf2656d532aee41fb9527c,https://github.com/apache/mahou/compare/0b78318b2fbc0a8c6503cb4bca6cda581c8876a9...e04d6f329b74538370cf2656d532aee41fb9527c
192,Mahout,9703584d0d86d8576bb02738fa31736d8bf3d8a6,672b6f9cf5e46175c78b277d8c07ac88de7308d8,MAHOUT-602,https://issues.apache.org/jira/browse/MAHOUT-602,https://github.com/apache/mahou/tree/9703584d0d86d8576bb02738fa31736d8bf3d8a6,https://github.com/apache/mahou/tree/672b6f9cf5e46175c78b277d8c07ac88de7308d8,https://github.com/apache/mahou/compare/9703584d0d86d8576bb02738fa31736d8bf3d8a6...672b6f9cf5e46175c78b277d8c07ac88de7308d8
193,Mahout,672b6f9cf5e46175c78b277d8c07ac88de7308d8,306b285816c6d200e29ddc94bd13ade411978249,MAHOUT-602,https://issues.apache.org/jira/browse/MAHOUT-602,https://github.com/apache/mahou/tree/672b6f9cf5e46175c78b277d8c07ac88de7308d8,https://github.com/apache/mahou/tree/306b285816c6d200e29ddc94bd13ade411978249,https://github.com/apache/mahou/compare/672b6f9cf5e46175c78b277d8c07ac88de7308d8...306b285816c6d200e29ddc94bd13ade411978249
194,Mahout,8efcdac10686a5776a920a9d3cc3e184f847f147,a06f96c8a011bd2c9c0e572e3d965dc6f9325bd4,MAHOUT-508,https://issues.apache.org/jira/browse/MAHOUT-508,https://github.com/apache/mahou/tree/8efcdac10686a5776a920a9d3cc3e184f847f147,https://github.com/apache/mahou/tree/a06f96c8a011bd2c9c0e572e3d965dc6f9325bd4,https://github.com/apache/mahou/compare/8efcdac10686a5776a920a9d3cc3e184f847f147...a06f96c8a011bd2c9c0e572e3d965dc6f9325bd4
195,Mahout,75d18373ebd5ebf291ffcd58f2d51fc1ca2fe358,0b04779565a30f0e1e6debb6c2ce846fb1df1447,MAHOUT-604,https://issues.apache.org/jira/browse/MAHOUT-604,https://github.com/apache/mahou/tree/75d18373ebd5ebf291ffcd58f2d51fc1ca2fe358,https://github.com/apache/mahou/tree/0b04779565a30f0e1e6debb6c2ce846fb1df1447,https://github.com/apache/mahou/compare/75d18373ebd5ebf291ffcd58f2d51fc1ca2fe358...0b04779565a30f0e1e6debb6c2ce846fb1df1447
196,Mahout,0b04779565a30f0e1e6debb6c2ce846fb1df1447,4ee6a1fbc4ffcf701582d75e5509f407ea371a8f,MAHOUT-610,https://issues.apache.org/jira/browse/MAHOUT-610,https://github.com/apache/mahou/tree/0b04779565a30f0e1e6debb6c2ce846fb1df1447,https://github.com/apache/mahou/tree/4ee6a1fbc4ffcf701582d75e5509f407ea371a8f,https://github.com/apache/mahou/compare/0b04779565a30f0e1e6debb6c2ce846fb1df1447...4ee6a1fbc4ffcf701582d75e5509f407ea371a8f
197,Mahout,d61a0ee216389fcac1d3e56f531aa4cc8f597c59,aadc0984ea019fcc79867386406d0c3bf1037ac7,MAHOUT-614,https://issues.apache.org/jira/browse/MAHOUT-614,https://github.com/apache/mahou/tree/d61a0ee216389fcac1d3e56f531aa4cc8f597c59,https://github.com/apache/mahou/tree/aadc0984ea019fcc79867386406d0c3bf1037ac7,https://github.com/apache/mahou/compare/d61a0ee216389fcac1d3e56f531aa4cc8f597c59...aadc0984ea019fcc79867386406d0c3bf1037ac7
198,Mahout,75ea223e804ad6936976ef9ffd7947f45a690c75,f696d3635f390a514bd708ffa762486850f55ed1,MAHOUT-618,https://issues.apache.org/jira/browse/MAHOUT-618,https://github.com/apache/mahou/tree/75ea223e804ad6936976ef9ffd7947f45a690c75,https://github.com/apache/mahou/tree/f696d3635f390a514bd708ffa762486850f55ed1,https://github.com/apache/mahou/compare/75ea223e804ad6936976ef9ffd7947f45a690c75...f696d3635f390a514bd708ffa762486850f55ed1
199,Mahout,3bfdd3a08ea71973c5f475ceec147079b8430890,07bfa59e5a3a359136e0c565564dfe769f3f84db,MAHOUT-617,https://issues.apache.org/jira/browse/MAHOUT-617,https://github.com/apache/mahou/tree/3bfdd3a08ea71973c5f475ceec147079b8430890,https://github.com/apache/mahou/tree/07bfa59e5a3a359136e0c565564dfe769f3f84db,https://github.com/apache/mahou/compare/3bfdd3a08ea71973c5f475ceec147079b8430890...07bfa59e5a3a359136e0c565564dfe769f3f84db
200,Mahout,17988ce5e65cf9668c68e2704620c82d5bd84817,f5bb6b7eadaf63e07a79e5c13a1cbbe59576538d,MAHOUT-616,https://issues.apache.org/jira/browse/MAHOUT-616,https://github.com/apache/mahou/tree/17988ce5e65cf9668c68e2704620c82d5bd84817,https://github.com/apache/mahou/tree/f5bb6b7eadaf63e07a79e5c13a1cbbe59576538d,https://github.com/apache/mahou/compare/17988ce5e65cf9668c68e2704620c82d5bd84817...f5bb6b7eadaf63e07a79e5c13a1cbbe59576538d
201,Mahout,a25bab20fbd704726013b64d93a965763ffb04ad,c4597cb82df23157764baed7f8944f713316e75f,MAHOUT-630,https://issues.apache.org/jira/browse/MAHOUT-630,https://github.com/apache/mahou/tree/a25bab20fbd704726013b64d93a965763ffb04ad,https://github.com/apache/mahou/tree/c4597cb82df23157764baed7f8944f713316e75f,https://github.com/apache/mahou/compare/a25bab20fbd704726013b64d93a965763ffb04ad...c4597cb82df23157764baed7f8944f713316e75f
202,Mahout,c4597cb82df23157764baed7f8944f713316e75f,baa399cd2361dd4c6b5ca5a0357f9b18376d35af,MAHOUT-625,https://issues.apache.org/jira/browse/MAHOUT-625,https://github.com/apache/mahou/tree/c4597cb82df23157764baed7f8944f713316e75f,https://github.com/apache/mahou/tree/baa399cd2361dd4c6b5ca5a0357f9b18376d35af,https://github.com/apache/mahou/compare/c4597cb82df23157764baed7f8944f713316e75f...baa399cd2361dd4c6b5ca5a0357f9b18376d35af
203,Mahout,dec61dee27807815b9308b75213f067a53c81f32,b0ac9f5178fe52ed4b7e82feb610ffcb1417da48,MAHOUT-638,https://issues.apache.org/jira/browse/MAHOUT-638,https://github.com/apache/mahou/tree/dec61dee27807815b9308b75213f067a53c81f32,https://github.com/apache/mahou/tree/b0ac9f5178fe52ed4b7e82feb610ffcb1417da48,https://github.com/apache/mahou/compare/dec61dee27807815b9308b75213f067a53c81f32...b0ac9f5178fe52ed4b7e82feb610ffcb1417da48
204,Mahout,a116dc7085f78ae025a7d13c0ff078a1c71f3f4e,be09d7347223baab6bc217502661e4caa69de3a4,MAHOUT-641,https://issues.apache.org/jira/browse/MAHOUT-641,https://github.com/apache/mahou/tree/a116dc7085f78ae025a7d13c0ff078a1c71f3f4e,https://github.com/apache/mahou/tree/be09d7347223baab6bc217502661e4caa69de3a4,https://github.com/apache/mahou/compare/a116dc7085f78ae025a7d13c0ff078a1c71f3f4e...be09d7347223baab6bc217502661e4caa69de3a4
205,Mahout,2feae277d324ec985d93624a4f34f66813e53007,62b237759d5f37a0b1400655248ff4c7428e3d3e,MAHOUT-647,https://issues.apache.org/jira/browse/MAHOUT-647,https://github.com/apache/mahou/tree/2feae277d324ec985d93624a4f34f66813e53007,https://github.com/apache/mahou/tree/62b237759d5f37a0b1400655248ff4c7428e3d3e,https://github.com/apache/mahou/compare/2feae277d324ec985d93624a4f34f66813e53007...62b237759d5f37a0b1400655248ff4c7428e3d3e
206,Mahout,e23728debd770f4710d9455c5bb6117b3d864ff9,2d2e58631ae92e4e989f3114c3e37a033c003983,MAHOUT-646,https://issues.apache.org/jira/browse/MAHOUT-646,https://github.com/apache/mahou/tree/e23728debd770f4710d9455c5bb6117b3d864ff9,https://github.com/apache/mahou/tree/2d2e58631ae92e4e989f3114c3e37a033c003983,https://github.com/apache/mahou/compare/e23728debd770f4710d9455c5bb6117b3d864ff9...2d2e58631ae92e4e989f3114c3e37a033c003983
207,Mahout,2d2e58631ae92e4e989f3114c3e37a033c003983,281156e2c3a5a768f5fe70db3dd1e6bcd9edf152,MAHOUT-649,https://issues.apache.org/jira/browse/MAHOUT-649,https://github.com/apache/mahou/tree/2d2e58631ae92e4e989f3114c3e37a033c003983,https://github.com/apache/mahou/tree/281156e2c3a5a768f5fe70db3dd1e6bcd9edf152,https://github.com/apache/mahou/compare/2d2e58631ae92e4e989f3114c3e37a033c003983...281156e2c3a5a768f5fe70db3dd1e6bcd9edf152
208,Mahout,281156e2c3a5a768f5fe70db3dd1e6bcd9edf152,3d4e6f287302a1d1e6371688829a2c007f971592,MAHOUT-369,https://issues.apache.org/jira/browse/MAHOUT-369,https://github.com/apache/mahou/tree/281156e2c3a5a768f5fe70db3dd1e6bcd9edf152,https://github.com/apache/mahou/tree/3d4e6f287302a1d1e6371688829a2c007f971592,https://github.com/apache/mahou/compare/281156e2c3a5a768f5fe70db3dd1e6bcd9edf152...3d4e6f287302a1d1e6371688829a2c007f971592
209,Mahout,c439f53c74d6c8589ced4c89c1a312bbf70d8d62,105be3e11b0bc426879dd3ea1f9bcb30adbfdd4f,MAHOUT-660,https://issues.apache.org/jira/browse/MAHOUT-660,https://github.com/apache/mahou/tree/c439f53c74d6c8589ced4c89c1a312bbf70d8d62,https://github.com/apache/mahou/tree/105be3e11b0bc426879dd3ea1f9bcb30adbfdd4f,https://github.com/apache/mahou/compare/c439f53c74d6c8589ced4c89c1a312bbf70d8d62...105be3e11b0bc426879dd3ea1f9bcb30adbfdd4f
210,Mahout,105be3e11b0bc426879dd3ea1f9bcb30adbfdd4f,6063d3f5927847c6200793beb798a7d30df5b811,MAHOUT-659,https://issues.apache.org/jira/browse/MAHOUT-659,https://github.com/apache/mahou/tree/105be3e11b0bc426879dd3ea1f9bcb30adbfdd4f,https://github.com/apache/mahou/tree/6063d3f5927847c6200793beb798a7d30df5b811,https://github.com/apache/mahou/compare/105be3e11b0bc426879dd3ea1f9bcb30adbfdd4f...6063d3f5927847c6200793beb798a7d30df5b811
211,Mahout,554f434158d7adffdb8d41b88166a5d15ddee724,328a543e60954f3e7c83a58af55d15d76804991d,MAHOUT-552,https://issues.apache.org/jira/browse/MAHOUT-552,https://github.com/apache/mahou/tree/554f434158d7adffdb8d41b88166a5d15ddee724,https://github.com/apache/mahou/tree/328a543e60954f3e7c83a58af55d15d76804991d,https://github.com/apache/mahou/compare/554f434158d7adffdb8d41b88166a5d15ddee724...328a543e60954f3e7c83a58af55d15d76804991d
212,Mahout,9af07ed974ec639518d6980448ab892c6c120908,ce284d8f2cd8e9ad9901c8ee9f8e277e2dc17858,MAHOUT-666,https://issues.apache.org/jira/browse/MAHOUT-666,https://github.com/apache/mahou/tree/9af07ed974ec639518d6980448ab892c6c120908,https://github.com/apache/mahou/tree/ce284d8f2cd8e9ad9901c8ee9f8e277e2dc17858,https://github.com/apache/mahou/compare/9af07ed974ec639518d6980448ab892c6c120908...ce284d8f2cd8e9ad9901c8ee9f8e277e2dc17858
213,Mahout,471cb81754b3f377abd077efd57f9ae9e1978f68,f147e17328f402f6a6580878a3a772ed298f2dae,MAHOUT-669,https://issues.apache.org/jira/browse/MAHOUT-669,https://github.com/apache/mahou/tree/471cb81754b3f377abd077efd57f9ae9e1978f68,https://github.com/apache/mahou/tree/f147e17328f402f6a6580878a3a772ed298f2dae,https://github.com/apache/mahou/compare/471cb81754b3f377abd077efd57f9ae9e1978f68...f147e17328f402f6a6580878a3a772ed298f2dae
214,Mahout,82f941298bad7760b61485d029590efd6994b43d,d8ac693133622ba28da15d54bf0d5400697242dc,MAHOUT-666,https://issues.apache.org/jira/browse/MAHOUT-666,https://github.com/apache/mahou/tree/82f941298bad7760b61485d029590efd6994b43d,https://github.com/apache/mahou/tree/d8ac693133622ba28da15d54bf0d5400697242dc,https://github.com/apache/mahou/compare/82f941298bad7760b61485d029590efd6994b43d...d8ac693133622ba28da15d54bf0d5400697242dc
215,Mahout,a581a13a5f3dc5688e231392dad652af1bcd6376,b479bd27035f0222df7176816afde0b14cfe4418,MAHOUT-638,https://issues.apache.org/jira/browse/MAHOUT-638,https://github.com/apache/mahou/tree/a581a13a5f3dc5688e231392dad652af1bcd6376,https://github.com/apache/mahou/tree/b479bd27035f0222df7176816afde0b14cfe4418,https://github.com/apache/mahou/compare/a581a13a5f3dc5688e231392dad652af1bcd6376...b479bd27035f0222df7176816afde0b14cfe4418
216,Mahout,b479bd27035f0222df7176816afde0b14cfe4418,3e276bb4a8855734fa440845e75c9376b7a5cdcb,MAHOUT-638,https://issues.apache.org/jira/browse/MAHOUT-638,https://github.com/apache/mahou/tree/b479bd27035f0222df7176816afde0b14cfe4418,https://github.com/apache/mahou/tree/3e276bb4a8855734fa440845e75c9376b7a5cdcb,https://github.com/apache/mahou/compare/b479bd27035f0222df7176816afde0b14cfe4418...3e276bb4a8855734fa440845e75c9376b7a5cdcb
217,Mahout,3e276bb4a8855734fa440845e75c9376b7a5cdcb,afc8abbd70f2a3c5df25ef06d4b7e52572eee280,MAHOUT-677,https://issues.apache.org/jira/browse/MAHOUT-677,https://github.com/apache/mahou/tree/3e276bb4a8855734fa440845e75c9376b7a5cdcb,https://github.com/apache/mahou/tree/afc8abbd70f2a3c5df25ef06d4b7e52572eee280,https://github.com/apache/mahou/compare/3e276bb4a8855734fa440845e75c9376b7a5cdcb...afc8abbd70f2a3c5df25ef06d4b7e52572eee280
218,Mahout,9c5a1f8e7a296438291a55ca58441045d1e75b0d,a4fc290a53eb512487388ff87d52569aa8adacc7,MAHOUT-679,https://issues.apache.org/jira/browse/MAHOUT-679,https://github.com/apache/mahou/tree/9c5a1f8e7a296438291a55ca58441045d1e75b0d,https://github.com/apache/mahou/tree/a4fc290a53eb512487388ff87d52569aa8adacc7,https://github.com/apache/mahou/compare/9c5a1f8e7a296438291a55ca58441045d1e75b0d...a4fc290a53eb512487388ff87d52569aa8adacc7
219,Mahout,a4fc290a53eb512487388ff87d52569aa8adacc7,691bf8e65a6fe348019acc637a648b1976ceef99,MAHOUT-679,https://issues.apache.org/jira/browse/MAHOUT-679,https://github.com/apache/mahou/tree/a4fc290a53eb512487388ff87d52569aa8adacc7,https://github.com/apache/mahou/tree/691bf8e65a6fe348019acc637a648b1976ceef99,https://github.com/apache/mahou/compare/a4fc290a53eb512487388ff87d52569aa8adacc7...691bf8e65a6fe348019acc637a648b1976ceef99
220,Mahout,f879fca57d41cb16830f8ad5a5202e38536238ad,1d21076b4a67367f912de6762b4b4723b76cc4c4,MAHOUT-685,https://issues.apache.org/jira/browse/MAHOUT-685,https://github.com/apache/mahou/tree/f879fca57d41cb16830f8ad5a5202e38536238ad,https://github.com/apache/mahou/tree/1d21076b4a67367f912de6762b4b4723b76cc4c4,https://github.com/apache/mahou/compare/f879fca57d41cb16830f8ad5a5202e38536238ad...1d21076b4a67367f912de6762b4b4723b76cc4c4
221,Mahout,a6bdcbba056612ad4057e68c405527992e8a958b,ec7c14065938798598bbb514fc5228156d8ae533,MAHOUT-691,https://issues.apache.org/jira/browse/MAHOUT-691,https://github.com/apache/mahou/tree/a6bdcbba056612ad4057e68c405527992e8a958b,https://github.com/apache/mahou/tree/ec7c14065938798598bbb514fc5228156d8ae533,https://github.com/apache/mahou/compare/a6bdcbba056612ad4057e68c405527992e8a958b...ec7c14065938798598bbb514fc5228156d8ae533
222,Mahout,1deba16f7d1309e0981b3400ad96f46d77e08dbe,737249b0db7fafd150ac56ddc2bc1b465b12abb7,MAHOUT-694,https://issues.apache.org/jira/browse/MAHOUT-694,https://github.com/apache/mahou/tree/1deba16f7d1309e0981b3400ad96f46d77e08dbe,https://github.com/apache/mahou/tree/737249b0db7fafd150ac56ddc2bc1b465b12abb7,https://github.com/apache/mahou/compare/1deba16f7d1309e0981b3400ad96f46d77e08dbe...737249b0db7fafd150ac56ddc2bc1b465b12abb7
223,Mahout,cef6f88628be1d93ac1cc307464d8329204710c9,fb171d41f9e36856285a0e8bde7c683a2c899a4f,MAHOUT-694,https://issues.apache.org/jira/browse/MAHOUT-694,https://github.com/apache/mahou/tree/cef6f88628be1d93ac1cc307464d8329204710c9,https://github.com/apache/mahou/tree/fb171d41f9e36856285a0e8bde7c683a2c899a4f,https://github.com/apache/mahou/compare/cef6f88628be1d93ac1cc307464d8329204710c9...fb171d41f9e36856285a0e8bde7c683a2c899a4f
224,Mahout,fb171d41f9e36856285a0e8bde7c683a2c899a4f,fc0ecc2dfc137f0aa6c000064144ff98f447db25,MAHOUT-694,https://issues.apache.org/jira/browse/MAHOUT-694,https://github.com/apache/mahou/tree/fb171d41f9e36856285a0e8bde7c683a2c899a4f,https://github.com/apache/mahou/tree/fc0ecc2dfc137f0aa6c000064144ff98f447db25,https://github.com/apache/mahou/compare/fb171d41f9e36856285a0e8bde7c683a2c899a4f...fc0ecc2dfc137f0aa6c000064144ff98f447db25
225,Mahout,5d64fbce6cd194a90e26ca35f90f61c88e75135b,ac28cf4841459c785e4beee061cc350ce97c9838,MAHOUT-546,https://issues.apache.org/jira/browse/MAHOUT-546,https://github.com/apache/mahou/tree/5d64fbce6cd194a90e26ca35f90f61c88e75135b,https://github.com/apache/mahou/tree/ac28cf4841459c785e4beee061cc350ce97c9838,https://github.com/apache/mahou/compare/5d64fbce6cd194a90e26ca35f90f61c88e75135b...ac28cf4841459c785e4beee061cc350ce97c9838
226,Mahout,c3fe242df3a9bd14a12014671cac30aad7c39dfe,5c9f8fb6e5c8330540c0c424d7fe122daa608c79,MAHOUT-714,https://issues.apache.org/jira/browse/MAHOUT-714,https://github.com/apache/mahou/tree/c3fe242df3a9bd14a12014671cac30aad7c39dfe,https://github.com/apache/mahou/tree/5c9f8fb6e5c8330540c0c424d7fe122daa608c79,https://github.com/apache/mahou/compare/c3fe242df3a9bd14a12014671cac30aad7c39dfe...5c9f8fb6e5c8330540c0c424d7fe122daa608c79
227,Mahout,e7b1934536bb9dc014a744406a7122e088f2a435,f5e773225fffa34ee6f1040c283fd81ef54b557e,MAHOUT-700,https://issues.apache.org/jira/browse/MAHOUT-700,https://github.com/apache/mahou/tree/e7b1934536bb9dc014a744406a7122e088f2a435,https://github.com/apache/mahou/tree/f5e773225fffa34ee6f1040c283fd81ef54b557e,https://github.com/apache/mahou/compare/e7b1934536bb9dc014a744406a7122e088f2a435...f5e773225fffa34ee6f1040c283fd81ef54b557e
228,Mahout,e4e7947ccb3b5260732ce044b7d0334b7547bef3,793a170399de40ec7da6bffa15e8aeb9368fbead,MAHOUT-723,https://issues.apache.org/jira/browse/MAHOUT-723,https://github.com/apache/mahou/tree/e4e7947ccb3b5260732ce044b7d0334b7547bef3,https://github.com/apache/mahou/tree/793a170399de40ec7da6bffa15e8aeb9368fbead,https://github.com/apache/mahou/compare/e4e7947ccb3b5260732ce044b7d0334b7547bef3...793a170399de40ec7da6bffa15e8aeb9368fbead
229,Mahout,b4f8b6b0a85ce825ba29a83539dbfc1f5b761d43,f9af45c30cbdac92f95e62b06d53334beef1b4e2,MAHOUT-738,https://issues.apache.org/jira/browse/MAHOUT-738,https://github.com/apache/mahou/tree/b4f8b6b0a85ce825ba29a83539dbfc1f5b761d43,https://github.com/apache/mahou/tree/f9af45c30cbdac92f95e62b06d53334beef1b4e2,https://github.com/apache/mahou/compare/b4f8b6b0a85ce825ba29a83539dbfc1f5b761d43...f9af45c30cbdac92f95e62b06d53334beef1b4e2
230,Mahout,f9af45c30cbdac92f95e62b06d53334beef1b4e2,ce3ca5ec278fc55b79491e3e3805957707e16b5d,MAHOUT-632,https://issues.apache.org/jira/browse/MAHOUT-632,https://github.com/apache/mahou/tree/f9af45c30cbdac92f95e62b06d53334beef1b4e2,https://github.com/apache/mahou/tree/ce3ca5ec278fc55b79491e3e3805957707e16b5d,https://github.com/apache/mahou/compare/f9af45c30cbdac92f95e62b06d53334beef1b4e2...ce3ca5ec278fc55b79491e3e3805957707e16b5d
231,Mahout,5626e10584e3c29614aea84985f2d07daf9ce899,c3dfffa3f5b9d7cc060289aeaf4e980d5e1d6e42,MAHOUT-745,https://issues.apache.org/jira/browse/MAHOUT-745,https://github.com/apache/mahou/tree/5626e10584e3c29614aea84985f2d07daf9ce899,https://github.com/apache/mahou/tree/c3dfffa3f5b9d7cc060289aeaf4e980d5e1d6e42,https://github.com/apache/mahou/compare/5626e10584e3c29614aea84985f2d07daf9ce899...c3dfffa3f5b9d7cc060289aeaf4e980d5e1d6e42
232,Mahout,a5ec598b63138a5243e4a5895b53614d12de3400,91ff58708329ef6112e218458a7a36746fa91cdf,MAHOUT-754,https://issues.apache.org/jira/browse/MAHOUT-754,https://github.com/apache/mahou/tree/a5ec598b63138a5243e4a5895b53614d12de3400,https://github.com/apache/mahou/tree/91ff58708329ef6112e218458a7a36746fa91cdf,https://github.com/apache/mahou/compare/a5ec598b63138a5243e4a5895b53614d12de3400...91ff58708329ef6112e218458a7a36746fa91cdf
233,Mahout,b722041e31c83db3935256bec94ed4c8120e7f1a,183fa8faea7b4011ab93025a2696aa1a380f1bf5,MAHOUT-755,https://issues.apache.org/jira/browse/MAHOUT-755,https://github.com/apache/mahou/tree/b722041e31c83db3935256bec94ed4c8120e7f1a,https://github.com/apache/mahou/tree/183fa8faea7b4011ab93025a2696aa1a380f1bf5,https://github.com/apache/mahou/compare/b722041e31c83db3935256bec94ed4c8120e7f1a...183fa8faea7b4011ab93025a2696aa1a380f1bf5
234,Mahout,69e3a649a0580f0c02536fdb9a6a79a82821475f,856f9dfc4804fde5aaccd125e82cd3bb596a3380,MAHOUT-756,https://issues.apache.org/jira/browse/MAHOUT-756,https://github.com/apache/mahou/tree/69e3a649a0580f0c02536fdb9a6a79a82821475f,https://github.com/apache/mahou/tree/856f9dfc4804fde5aaccd125e82cd3bb596a3380,https://github.com/apache/mahou/compare/69e3a649a0580f0c02536fdb9a6a79a82821475f...856f9dfc4804fde5aaccd125e82cd3bb596a3380
235,Mahout,856f9dfc4804fde5aaccd125e82cd3bb596a3380,ccafd1a85c81a7fda05582f7149fda5d67c653ba,MAHOUT-762,https://issues.apache.org/jira/browse/MAHOUT-762,https://github.com/apache/mahou/tree/856f9dfc4804fde5aaccd125e82cd3bb596a3380,https://github.com/apache/mahou/tree/ccafd1a85c81a7fda05582f7149fda5d67c653ba,https://github.com/apache/mahou/compare/856f9dfc4804fde5aaccd125e82cd3bb596a3380...ccafd1a85c81a7fda05582f7149fda5d67c653ba
236,Mahout,7da117daf6873ce275cf9b6bba58e45ecc33733b,3e720bc9cbafc163018f92695c374ca004cc13f7,MAHOUT-727,https://issues.apache.org/jira/browse/MAHOUT-727,https://github.com/apache/mahou/tree/7da117daf6873ce275cf9b6bba58e45ecc33733b,https://github.com/apache/mahou/tree/3e720bc9cbafc163018f92695c374ca004cc13f7,https://github.com/apache/mahou/compare/7da117daf6873ce275cf9b6bba58e45ecc33733b...3e720bc9cbafc163018f92695c374ca004cc13f7
237,Mahout,ce3ac7947f5425437f449ee57205c124391cbded,3894b57af0239b00c82284d9d268acefa81c0461,MAHOUT-774,https://issues.apache.org/jira/browse/MAHOUT-774,https://github.com/apache/mahou/tree/ce3ac7947f5425437f449ee57205c124391cbded,https://github.com/apache/mahou/tree/3894b57af0239b00c82284d9d268acefa81c0461,https://github.com/apache/mahou/compare/ce3ac7947f5425437f449ee57205c124391cbded...3894b57af0239b00c82284d9d268acefa81c0461
238,Mahout,62fdbb9e6323c4688fdbcc240a26beaa7c7d9736,a36831c085d42aedc28553106fa52082fe0adf32,MAHOUT-727,https://issues.apache.org/jira/browse/MAHOUT-727,https://github.com/apache/mahou/tree/62fdbb9e6323c4688fdbcc240a26beaa7c7d9736,https://github.com/apache/mahou/tree/a36831c085d42aedc28553106fa52082fe0adf32,https://github.com/apache/mahou/compare/62fdbb9e6323c4688fdbcc240a26beaa7c7d9736...a36831c085d42aedc28553106fa52082fe0adf32
239,Mahout,a36831c085d42aedc28553106fa52082fe0adf32,7cd73f5662f19c4b2f007d6c6ebe51d51d97158b,MAHOUT-780,https://issues.apache.org/jira/browse/MAHOUT-780,https://github.com/apache/mahou/tree/a36831c085d42aedc28553106fa52082fe0adf32,https://github.com/apache/mahou/tree/7cd73f5662f19c4b2f007d6c6ebe51d51d97158b,https://github.com/apache/mahou/compare/a36831c085d42aedc28553106fa52082fe0adf32...7cd73f5662f19c4b2f007d6c6ebe51d51d97158b
240,Mahout,df391cadef65a655268873822bb32fdb8be93951,e10506d9cba0e4676a901836f0931ee0c7846c8e,MAHOUT-786,https://issues.apache.org/jira/browse/MAHOUT-786,https://github.com/apache/mahou/tree/df391cadef65a655268873822bb32fdb8be93951,https://github.com/apache/mahou/tree/e10506d9cba0e4676a901836f0931ee0c7846c8e,https://github.com/apache/mahou/compare/df391cadef65a655268873822bb32fdb8be93951...e10506d9cba0e4676a901836f0931ee0c7846c8e
241,Mahout,e10506d9cba0e4676a901836f0931ee0c7846c8e,ec1110272a81664a92cdd3d7916551a2565e3b43,MAHOUT-788,https://issues.apache.org/jira/browse/MAHOUT-788,https://github.com/apache/mahou/tree/e10506d9cba0e4676a901836f0931ee0c7846c8e,https://github.com/apache/mahou/tree/ec1110272a81664a92cdd3d7916551a2565e3b43,https://github.com/apache/mahou/compare/e10506d9cba0e4676a901836f0931ee0c7846c8e...ec1110272a81664a92cdd3d7916551a2565e3b43
242,Mahout,5f76b2ae7567970adac579e34168cb18561aa847,48612cb8a4081a4c70e78fb84a255a59041f021e,MAHOUT-679,https://issues.apache.org/jira/browse/MAHOUT-679,https://github.com/apache/mahou/tree/5f76b2ae7567970adac579e34168cb18561aa847,https://github.com/apache/mahou/tree/48612cb8a4081a4c70e78fb84a255a59041f021e,https://github.com/apache/mahou/compare/5f76b2ae7567970adac579e34168cb18561aa847...48612cb8a4081a4c70e78fb84a255a59041f021e
243,Mahout,48612cb8a4081a4c70e78fb84a255a59041f021e,cc8070905f4a9556fdd54cb7e9cf9ecc2c898d95,MAHOUT-678,https://issues.apache.org/jira/browse/MAHOUT-678,https://github.com/apache/mahou/tree/48612cb8a4081a4c70e78fb84a255a59041f021e,https://github.com/apache/mahou/tree/cc8070905f4a9556fdd54cb7e9cf9ecc2c898d95,https://github.com/apache/mahou/compare/48612cb8a4081a4c70e78fb84a255a59041f021e...cc8070905f4a9556fdd54cb7e9cf9ecc2c898d95
244,Mahout,cc8070905f4a9556fdd54cb7e9cf9ecc2c898d95,3a16b20f8ea42778d4203e789329c178f51432a6,MAHOUT-793,https://issues.apache.org/jira/browse/MAHOUT-793,https://github.com/apache/mahou/tree/cc8070905f4a9556fdd54cb7e9cf9ecc2c898d95,https://github.com/apache/mahou/tree/3a16b20f8ea42778d4203e789329c178f51432a6,https://github.com/apache/mahou/compare/cc8070905f4a9556fdd54cb7e9cf9ecc2c898d95...3a16b20f8ea42778d4203e789329c178f51432a6
245,Mahout,318a0e8861b658726e4a4dba114a84e7a26a41c6,c864d1f3ddce6ed42bc0b6871398462b77e9d58b,MAHOUT-795,https://issues.apache.org/jira/browse/MAHOUT-795,https://github.com/apache/mahou/tree/318a0e8861b658726e4a4dba114a84e7a26a41c6,https://github.com/apache/mahou/tree/c864d1f3ddce6ed42bc0b6871398462b77e9d58b,https://github.com/apache/mahou/compare/318a0e8861b658726e4a4dba114a84e7a26a41c6...c864d1f3ddce6ed42bc0b6871398462b77e9d58b
246,Mahout,ffc7fabb57ecb08220e53ceaafc6ac8b4d665860,80cfd1c4a99eaa250d52655daed9dd856f139e1e,MAHOUT-802,https://issues.apache.org/jira/browse/MAHOUT-802,https://github.com/apache/mahou/tree/ffc7fabb57ecb08220e53ceaafc6ac8b4d665860,https://github.com/apache/mahou/tree/80cfd1c4a99eaa250d52655daed9dd856f139e1e,https://github.com/apache/mahou/compare/ffc7fabb57ecb08220e53ceaafc6ac8b4d665860...80cfd1c4a99eaa250d52655daed9dd856f139e1e
247,Mahout,b70621d756f234598f69deb9bef1c029ad770938,3a38fb9d8c58bb5be7e2a9899788085812441b8e,MAHOUT-802,https://issues.apache.org/jira/browse/MAHOUT-802,https://github.com/apache/mahou/tree/b70621d756f234598f69deb9bef1c029ad770938,https://github.com/apache/mahou/tree/3a38fb9d8c58bb5be7e2a9899788085812441b8e,https://github.com/apache/mahou/compare/b70621d756f234598f69deb9bef1c029ad770938...3a38fb9d8c58bb5be7e2a9899788085812441b8e
248,Mahout,798b6a5cc23fa33ac166b8993361e674b3620124,89720ce9c41fa68367826b482832cec7570579bc,MAHOUT-801,https://issues.apache.org/jira/browse/MAHOUT-801,https://github.com/apache/mahou/tree/798b6a5cc23fa33ac166b8993361e674b3620124,https://github.com/apache/mahou/tree/89720ce9c41fa68367826b482832cec7570579bc,https://github.com/apache/mahou/compare/798b6a5cc23fa33ac166b8993361e674b3620124...89720ce9c41fa68367826b482832cec7570579bc
249,Mahout,89720ce9c41fa68367826b482832cec7570579bc,7fa228fcaa75178c75c819436abd6e4c1dd55a1a,MAHOUT-806,https://issues.apache.org/jira/browse/MAHOUT-806,https://github.com/apache/mahou/tree/89720ce9c41fa68367826b482832cec7570579bc,https://github.com/apache/mahou/tree/7fa228fcaa75178c75c819436abd6e4c1dd55a1a,https://github.com/apache/mahou/compare/89720ce9c41fa68367826b482832cec7570579bc...7fa228fcaa75178c75c819436abd6e4c1dd55a1a
250,Mahout,7fa228fcaa75178c75c819436abd6e4c1dd55a1a,b58213b267ed7efaf9c148df68cf953d423a973a,MAHOUT-805,https://issues.apache.org/jira/browse/MAHOUT-805,https://github.com/apache/mahou/tree/7fa228fcaa75178c75c819436abd6e4c1dd55a1a,https://github.com/apache/mahou/tree/b58213b267ed7efaf9c148df68cf953d423a973a,https://github.com/apache/mahou/compare/7fa228fcaa75178c75c819436abd6e4c1dd55a1a...b58213b267ed7efaf9c148df68cf953d423a973a
251,Mahout,c3496d1b4a5a3012d546e73079a07a137788a5c6,adab9e7a3f8267410330c1e9f43d6606fdcb8c07,MAHOUT-808,https://issues.apache.org/jira/browse/MAHOUT-808,https://github.com/apache/mahou/tree/c3496d1b4a5a3012d546e73079a07a137788a5c6,https://github.com/apache/mahou/tree/adab9e7a3f8267410330c1e9f43d6606fdcb8c07,https://github.com/apache/mahou/compare/c3496d1b4a5a3012d546e73079a07a137788a5c6...adab9e7a3f8267410330c1e9f43d6606fdcb8c07
252,Mahout,adab9e7a3f8267410330c1e9f43d6606fdcb8c07,4a8d35ee89f9ead3854fd2c79af7b299b57cf2d4,MAHOUT-807,https://issues.apache.org/jira/browse/MAHOUT-807,https://github.com/apache/mahou/tree/adab9e7a3f8267410330c1e9f43d6606fdcb8c07,https://github.com/apache/mahou/tree/4a8d35ee89f9ead3854fd2c79af7b299b57cf2d4,https://github.com/apache/mahou/compare/adab9e7a3f8267410330c1e9f43d6606fdcb8c07...4a8d35ee89f9ead3854fd2c79af7b299b57cf2d4
253,Mahout,4a8d35ee89f9ead3854fd2c79af7b299b57cf2d4,434b9936259ff00ac6772cbd0970e7dd1e24e24f,MAHOUT-809,https://issues.apache.org/jira/browse/MAHOUT-809,https://github.com/apache/mahou/tree/4a8d35ee89f9ead3854fd2c79af7b299b57cf2d4,https://github.com/apache/mahou/tree/434b9936259ff00ac6772cbd0970e7dd1e24e24f,https://github.com/apache/mahou/compare/4a8d35ee89f9ead3854fd2c79af7b299b57cf2d4...434b9936259ff00ac6772cbd0970e7dd1e24e24f
254,Mahout,434b9936259ff00ac6772cbd0970e7dd1e24e24f,e498621f5a46872ffd60bf757b96a616e73ffffc,MAHOUT-811,https://issues.apache.org/jira/browse/MAHOUT-811,https://github.com/apache/mahou/tree/434b9936259ff00ac6772cbd0970e7dd1e24e24f,https://github.com/apache/mahou/tree/e498621f5a46872ffd60bf757b96a616e73ffffc,https://github.com/apache/mahou/compare/434b9936259ff00ac6772cbd0970e7dd1e24e24f...e498621f5a46872ffd60bf757b96a616e73ffffc
255,Mahout,149941141dcc05cd92c154139ad04c2d4529bc2a,0d4e2bc1901f7ee67254dc562695ff8a6e2e3b87,MAHOUT-811,https://issues.apache.org/jira/browse/MAHOUT-811,https://github.com/apache/mahou/tree/149941141dcc05cd92c154139ad04c2d4529bc2a,https://github.com/apache/mahou/tree/0d4e2bc1901f7ee67254dc562695ff8a6e2e3b87,https://github.com/apache/mahou/compare/149941141dcc05cd92c154139ad04c2d4529bc2a...0d4e2bc1901f7ee67254dc562695ff8a6e2e3b87
256,Mahout,0d4e2bc1901f7ee67254dc562695ff8a6e2e3b87,7773abc1f63d878327ffcfb306081eb051e1f647,MAHOUT-811,https://issues.apache.org/jira/browse/MAHOUT-811,https://github.com/apache/mahou/tree/0d4e2bc1901f7ee67254dc562695ff8a6e2e3b87,https://github.com/apache/mahou/tree/7773abc1f63d878327ffcfb306081eb051e1f647,https://github.com/apache/mahou/compare/0d4e2bc1901f7ee67254dc562695ff8a6e2e3b87...7773abc1f63d878327ffcfb306081eb051e1f647
257,Mahout,1dd5ff1cc735f41369df6208dd55fe38670f4b1f,765834c377d7283cc4243dc91d682dc2aab98040,MAHOUT-524,https://issues.apache.org/jira/browse/MAHOUT-524,https://github.com/apache/mahou/tree/1dd5ff1cc735f41369df6208dd55fe38670f4b1f,https://github.com/apache/mahou/tree/765834c377d7283cc4243dc91d682dc2aab98040,https://github.com/apache/mahou/compare/1dd5ff1cc735f41369df6208dd55fe38670f4b1f...765834c377d7283cc4243dc91d682dc2aab98040
258,Mahout,765834c377d7283cc4243dc91d682dc2aab98040,7be37c082b016c9477955e14462ac4c335f50d2b,MAHOUT-816,https://issues.apache.org/jira/browse/MAHOUT-816,https://github.com/apache/mahou/tree/765834c377d7283cc4243dc91d682dc2aab98040,https://github.com/apache/mahou/tree/7be37c082b016c9477955e14462ac4c335f50d2b,https://github.com/apache/mahou/compare/765834c377d7283cc4243dc91d682dc2aab98040...7be37c082b016c9477955e14462ac4c335f50d2b
259,Mahout,7be37c082b016c9477955e14462ac4c335f50d2b,a8be9be983ec747145ca34aa094dd4594c8ab6b7,MAHOUT-814,https://issues.apache.org/jira/browse/MAHOUT-814,https://github.com/apache/mahou/tree/7be37c082b016c9477955e14462ac4c335f50d2b,https://github.com/apache/mahou/tree/a8be9be983ec747145ca34aa094dd4594c8ab6b7,https://github.com/apache/mahou/compare/7be37c082b016c9477955e14462ac4c335f50d2b...a8be9be983ec747145ca34aa094dd4594c8ab6b7
260,Mahout,a8be9be983ec747145ca34aa094dd4594c8ab6b7,db304a20982e8665a365226b7e007867444cab6d,MAHOUT-800,https://issues.apache.org/jira/browse/MAHOUT-800,https://github.com/apache/mahou/tree/a8be9be983ec747145ca34aa094dd4594c8ab6b7,https://github.com/apache/mahou/tree/db304a20982e8665a365226b7e007867444cab6d,https://github.com/apache/mahou/compare/a8be9be983ec747145ca34aa094dd4594c8ab6b7...db304a20982e8665a365226b7e007867444cab6d
261,Mahout,b8a553b5a1e7e58dc27a47d4860b7f8106a566d7,c06c89ae80b6279ffe78156ddc650e329bcb6441,MAHOUT-819,https://issues.apache.org/jira/browse/MAHOUT-819,https://github.com/apache/mahou/tree/b8a553b5a1e7e58dc27a47d4860b7f8106a566d7,https://github.com/apache/mahou/tree/c06c89ae80b6279ffe78156ddc650e329bcb6441,https://github.com/apache/mahou/compare/b8a553b5a1e7e58dc27a47d4860b7f8106a566d7...c06c89ae80b6279ffe78156ddc650e329bcb6441
262,Mahout,c06c89ae80b6279ffe78156ddc650e329bcb6441,f4009bfed0f76c9674bccfa06bdff8cd65a41c36,MAHOUT-820,https://issues.apache.org/jira/browse/MAHOUT-820,https://github.com/apache/mahou/tree/c06c89ae80b6279ffe78156ddc650e329bcb6441,https://github.com/apache/mahou/tree/f4009bfed0f76c9674bccfa06bdff8cd65a41c36,https://github.com/apache/mahou/compare/c06c89ae80b6279ffe78156ddc650e329bcb6441...f4009bfed0f76c9674bccfa06bdff8cd65a41c36
263,Mahout,bd654ca4fa9311d3a4b9db83642cbb11318c7c1e,7c0da9029832e3e1f2e5313cdd7e42cbff541e04,MAHOUT-799,https://issues.apache.org/jira/browse/MAHOUT-799,https://github.com/apache/mahou/tree/bd654ca4fa9311d3a4b9db83642cbb11318c7c1e,https://github.com/apache/mahou/tree/7c0da9029832e3e1f2e5313cdd7e42cbff541e04,https://github.com/apache/mahou/compare/bd654ca4fa9311d3a4b9db83642cbb11318c7c1e...7c0da9029832e3e1f2e5313cdd7e42cbff541e04
264,Mahout,94f64e6128ae3ba6bf3a76987b43e48e738141f7,aa4cabef42a30a3e8965e7519dde93fc977256a6,MAHOUT-829,https://issues.apache.org/jira/browse/MAHOUT-829,https://github.com/apache/mahou/tree/94f64e6128ae3ba6bf3a76987b43e48e738141f7,https://github.com/apache/mahou/tree/aa4cabef42a30a3e8965e7519dde93fc977256a6,https://github.com/apache/mahou/compare/94f64e6128ae3ba6bf3a76987b43e48e738141f7...aa4cabef42a30a3e8965e7519dde93fc977256a6
265,Mahout,e3f0b7ddf09cdd53d5dc4fdc5785cf852dc52cb5,f76674786c4b7a31bfa5e8743a15056220c919c5,MAHOUT-828,https://issues.apache.org/jira/browse/MAHOUT-828,https://github.com/apache/mahou/tree/e3f0b7ddf09cdd53d5dc4fdc5785cf852dc52cb5,https://github.com/apache/mahou/tree/f76674786c4b7a31bfa5e8743a15056220c919c5,https://github.com/apache/mahou/compare/e3f0b7ddf09cdd53d5dc4fdc5785cf852dc52cb5...f76674786c4b7a31bfa5e8743a15056220c919c5
266,Mahout,3b9f63579a691838d8e8eec7af33f6f255f4dbdf,5e191d93a23eb403d7bdee731d51be352957a6d9,MAHOUT-701,https://issues.apache.org/jira/browse/MAHOUT-701,https://github.com/apache/mahou/tree/3b9f63579a691838d8e8eec7af33f6f255f4dbdf,https://github.com/apache/mahou/tree/5e191d93a23eb403d7bdee731d51be352957a6d9,https://github.com/apache/mahou/compare/3b9f63579a691838d8e8eec7af33f6f255f4dbdf...5e191d93a23eb403d7bdee731d51be352957a6d9
267,Mahout,4194a28a7fd44438f0277c55deff67509bb9fcc4,763c94cac94ada5120cee0cd76fae21ebbff0a14,MAHOUT-842,https://issues.apache.org/jira/browse/MAHOUT-842,https://github.com/apache/mahou/tree/4194a28a7fd44438f0277c55deff67509bb9fcc4,https://github.com/apache/mahou/tree/763c94cac94ada5120cee0cd76fae21ebbff0a14,https://github.com/apache/mahou/compare/4194a28a7fd44438f0277c55deff67509bb9fcc4...763c94cac94ada5120cee0cd76fae21ebbff0a14
268,Mahout,763c94cac94ada5120cee0cd76fae21ebbff0a14,f56404ad6131bd06e10b57064a1795bedce39ee0,MAHOUT-844,https://issues.apache.org/jira/browse/MAHOUT-844,https://github.com/apache/mahou/tree/763c94cac94ada5120cee0cd76fae21ebbff0a14,https://github.com/apache/mahou/tree/f56404ad6131bd06e10b57064a1795bedce39ee0,https://github.com/apache/mahou/compare/763c94cac94ada5120cee0cd76fae21ebbff0a14...f56404ad6131bd06e10b57064a1795bedce39ee0
269,Mahout,189ac5985d1e01e6c24fdab1bd4dd607003ccbd1,8b71fc0e7b98e5f885ef1d9b7b403b3caa586210,MAHOUT-766,https://issues.apache.org/jira/browse/MAHOUT-766,https://github.com/apache/mahou/tree/189ac5985d1e01e6c24fdab1bd4dd607003ccbd1,https://github.com/apache/mahou/tree/8b71fc0e7b98e5f885ef1d9b7b403b3caa586210,https://github.com/apache/mahou/compare/189ac5985d1e01e6c24fdab1bd4dd607003ccbd1...8b71fc0e7b98e5f885ef1d9b7b403b3caa586210
270,Mahout,08734219ddb27516e4cefcf79f213d66e86dd046,31f5a5f46c56ff29796302014b71ae2f11c4ad71,MAHOUT-828,https://issues.apache.org/jira/browse/MAHOUT-828,https://github.com/apache/mahou/tree/08734219ddb27516e4cefcf79f213d66e86dd046,https://github.com/apache/mahou/tree/31f5a5f46c56ff29796302014b71ae2f11c4ad71,https://github.com/apache/mahou/compare/08734219ddb27516e4cefcf79f213d66e86dd046...31f5a5f46c56ff29796302014b71ae2f11c4ad71
271,Mahout,31f5a5f46c56ff29796302014b71ae2f11c4ad71,f5ac4584c8600b8c02bf6d632ea9471436137816,MAHOUT-829,https://issues.apache.org/jira/browse/MAHOUT-829,https://github.com/apache/mahou/tree/31f5a5f46c56ff29796302014b71ae2f11c4ad71,https://github.com/apache/mahou/tree/f5ac4584c8600b8c02bf6d632ea9471436137816,https://github.com/apache/mahou/compare/31f5a5f46c56ff29796302014b71ae2f11c4ad71...f5ac4584c8600b8c02bf6d632ea9471436137816
272,Mahout,dbf9bd37c7917dbfe4c594d6ea46179386d13141,93c7800834e57506bcfb5372a50764ff846cbb1c,MAHOUT-849,https://issues.apache.org/jira/browse/MAHOUT-849,https://github.com/apache/mahou/tree/dbf9bd37c7917dbfe4c594d6ea46179386d13141,https://github.com/apache/mahou/tree/93c7800834e57506bcfb5372a50764ff846cbb1c,https://github.com/apache/mahou/compare/dbf9bd37c7917dbfe4c594d6ea46179386d13141...93c7800834e57506bcfb5372a50764ff846cbb1c
273,Mahout,e107bfa88bca9b7a39e440b59382ab0396b4f368,760aec883d24d08f633ba4d2c5525372290c6fc6,MAHOUT-839,https://issues.apache.org/jira/browse/MAHOUT-839,https://github.com/apache/mahou/tree/e107bfa88bca9b7a39e440b59382ab0396b4f368,https://github.com/apache/mahou/tree/760aec883d24d08f633ba4d2c5525372290c6fc6,https://github.com/apache/mahou/compare/e107bfa88bca9b7a39e440b59382ab0396b4f368...760aec883d24d08f633ba4d2c5525372290c6fc6
274,Mahout,5a5c3247ea619f3b83204ff3120f2532b1023e29,ac89aa3c0417e92e0e970141fee14e3d2113ee18,MAHOUT-855,https://issues.apache.org/jira/browse/MAHOUT-855,https://github.com/apache/mahou/tree/5a5c3247ea619f3b83204ff3120f2532b1023e29,https://github.com/apache/mahou/tree/ac89aa3c0417e92e0e970141fee14e3d2113ee18,https://github.com/apache/mahou/compare/5a5c3247ea619f3b83204ff3120f2532b1023e29...ac89aa3c0417e92e0e970141fee14e3d2113ee18
275,Mahout,ac89aa3c0417e92e0e970141fee14e3d2113ee18,202d376d2845c7bc05f78f5f4683b2123b9545d8,MAHOUT-856,https://issues.apache.org/jira/browse/MAHOUT-856,https://github.com/apache/mahou/tree/ac89aa3c0417e92e0e970141fee14e3d2113ee18,https://github.com/apache/mahou/tree/202d376d2845c7bc05f78f5f4683b2123b9545d8,https://github.com/apache/mahou/compare/ac89aa3c0417e92e0e970141fee14e3d2113ee18...202d376d2845c7bc05f78f5f4683b2123b9545d8
276,Mahout,6fc9667f092addd03c9e5a98b5eabb6561e1c395,215570df00da2a682f2109d85c5eab12b78b485e,MAHOUT-861,https://issues.apache.org/jira/browse/MAHOUT-861,https://github.com/apache/mahou/tree/6fc9667f092addd03c9e5a98b5eabb6561e1c395,https://github.com/apache/mahou/tree/215570df00da2a682f2109d85c5eab12b78b485e,https://github.com/apache/mahou/compare/6fc9667f092addd03c9e5a98b5eabb6561e1c395...215570df00da2a682f2109d85c5eab12b78b485e
277,Mahout,3a50c882374e89a285707600d1f9a17dfec5b327,de69de1d385b4c64d1d710c869f79315944e45f5,MAHOUT-864,https://issues.apache.org/jira/browse/MAHOUT-864,https://github.com/apache/mahou/tree/3a50c882374e89a285707600d1f9a17dfec5b327,https://github.com/apache/mahou/tree/de69de1d385b4c64d1d710c869f79315944e45f5,https://github.com/apache/mahou/compare/3a50c882374e89a285707600d1f9a17dfec5b327...de69de1d385b4c64d1d710c869f79315944e45f5
278,Mahout,8ad8d96cb41120e5278ade09437d91f5120291e0,8bee08594605e6ddb4bb8d3a658463f534533950,MAHOUT-344,https://issues.apache.org/jira/browse/MAHOUT-344,https://github.com/apache/mahou/tree/8ad8d96cb41120e5278ade09437d91f5120291e0,https://github.com/apache/mahou/tree/8bee08594605e6ddb4bb8d3a658463f534533950,https://github.com/apache/mahou/compare/8ad8d96cb41120e5278ade09437d91f5120291e0...8bee08594605e6ddb4bb8d3a658463f534533950
279,Mahout,8a2c0f3e24424e533b253b7110615c2ce75b043e,4b2c5d37e9c6fb4636d3c931da168b6e143c88d8,MAHOUT-882,https://issues.apache.org/jira/browse/MAHOUT-882,https://github.com/apache/mahou/tree/8a2c0f3e24424e533b253b7110615c2ce75b043e,https://github.com/apache/mahou/tree/4b2c5d37e9c6fb4636d3c931da168b6e143c88d8,https://github.com/apache/mahou/compare/8a2c0f3e24424e533b253b7110615c2ce75b043e...4b2c5d37e9c6fb4636d3c931da168b6e143c88d8
280,Mahout,d8629d6c29daf985e5b0c4c8aa179355a90be9b2,2f7f0dc0cfd8c31e4cfa54f397866b66c6dc2d21,MAHOUT-885,https://issues.apache.org/jira/browse/MAHOUT-885,https://github.com/apache/mahou/tree/d8629d6c29daf985e5b0c4c8aa179355a90be9b2,https://github.com/apache/mahou/tree/2f7f0dc0cfd8c31e4cfa54f397866b66c6dc2d21,https://github.com/apache/mahou/compare/d8629d6c29daf985e5b0c4c8aa179355a90be9b2...2f7f0dc0cfd8c31e4cfa54f397866b66c6dc2d21
281,Mahout,2f7f0dc0cfd8c31e4cfa54f397866b66c6dc2d21,bea695ddeee7f54b7128bc916442385bb02f0a5e,MAHOUT-886,https://issues.apache.org/jira/browse/MAHOUT-886,https://github.com/apache/mahou/tree/2f7f0dc0cfd8c31e4cfa54f397866b66c6dc2d21,https://github.com/apache/mahou/tree/bea695ddeee7f54b7128bc916442385bb02f0a5e,https://github.com/apache/mahou/compare/2f7f0dc0cfd8c31e4cfa54f397866b66c6dc2d21...bea695ddeee7f54b7128bc916442385bb02f0a5e
282,Mahout,1eb8e4f612e251b02c6921d59f6e23a7a5ab5189,6b4c192d420cb9bb8596eeefcb2c280d3eed0b15,MAHOUT-893,https://issues.apache.org/jira/browse/MAHOUT-893,https://github.com/apache/mahou/tree/1eb8e4f612e251b02c6921d59f6e23a7a5ab5189,https://github.com/apache/mahou/tree/6b4c192d420cb9bb8596eeefcb2c280d3eed0b15,https://github.com/apache/mahou/compare/1eb8e4f612e251b02c6921d59f6e23a7a5ab5189...6b4c192d420cb9bb8596eeefcb2c280d3eed0b15
283,Mahout,4bb34a8b88cf399b58b0ff279613b7c1473c8fbd,e75074d1349574cc6c19579aadf826d831866995,MAHOUT-895,https://issues.apache.org/jira/browse/MAHOUT-895,https://github.com/apache/mahou/tree/4bb34a8b88cf399b58b0ff279613b7c1473c8fbd,https://github.com/apache/mahou/tree/e75074d1349574cc6c19579aadf826d831866995,https://github.com/apache/mahou/compare/4bb34a8b88cf399b58b0ff279613b7c1473c8fbd...e75074d1349574cc6c19579aadf826d831866995
284,Mahout,e75074d1349574cc6c19579aadf826d831866995,220e11992cc33c088c360be948c0ee5aa365e4f3,MAHOUT-894,https://issues.apache.org/jira/browse/MAHOUT-894,https://github.com/apache/mahou/tree/e75074d1349574cc6c19579aadf826d831866995,https://github.com/apache/mahou/tree/220e11992cc33c088c360be948c0ee5aa365e4f3,https://github.com/apache/mahou/compare/e75074d1349574cc6c19579aadf826d831866995...220e11992cc33c088c360be948c0ee5aa365e4f3
285,Mahout,220e11992cc33c088c360be948c0ee5aa365e4f3,1c9c61798fc66195dbd015df2244f90c92a1094a,MAHOUT-871,https://issues.apache.org/jira/browse/MAHOUT-871,https://github.com/apache/mahou/tree/220e11992cc33c088c360be948c0ee5aa365e4f3,https://github.com/apache/mahou/tree/1c9c61798fc66195dbd015df2244f90c92a1094a,https://github.com/apache/mahou/compare/220e11992cc33c088c360be948c0ee5aa365e4f3...1c9c61798fc66195dbd015df2244f90c92a1094a
286,Mahout,1c9c61798fc66195dbd015df2244f90c92a1094a,4c2d7deb2fe77db40b5f01ac3de09bf1283ac77c,MAHOUT-900,https://issues.apache.org/jira/browse/MAHOUT-900,https://github.com/apache/mahou/tree/1c9c61798fc66195dbd015df2244f90c92a1094a,https://github.com/apache/mahou/tree/4c2d7deb2fe77db40b5f01ac3de09bf1283ac77c,https://github.com/apache/mahou/compare/1c9c61798fc66195dbd015df2244f90c92a1094a...4c2d7deb2fe77db40b5f01ac3de09bf1283ac77c
287,Mahout,c9d49ee0b1b63f4503cbb3457a6c96c67e3df799,c1d2cd13539c1e4c58cb013da6c63ed362720386,MAHOUT-903,https://issues.apache.org/jira/browse/MAHOUT-903,https://github.com/apache/mahou/tree/c9d49ee0b1b63f4503cbb3457a6c96c67e3df799,https://github.com/apache/mahou/tree/c1d2cd13539c1e4c58cb013da6c63ed362720386,https://github.com/apache/mahou/compare/c9d49ee0b1b63f4503cbb3457a6c96c67e3df799...c1d2cd13539c1e4c58cb013da6c63ed362720386
288,Mahout,c1d2cd13539c1e4c58cb013da6c63ed362720386,3292d07fa38bd482a27eb757f3cfad5fd4e2ba1d,MAHOUT-907,https://issues.apache.org/jira/browse/MAHOUT-907,https://github.com/apache/mahou/tree/c1d2cd13539c1e4c58cb013da6c63ed362720386,https://github.com/apache/mahou/tree/3292d07fa38bd482a27eb757f3cfad5fd4e2ba1d,https://github.com/apache/mahou/compare/c1d2cd13539c1e4c58cb013da6c63ed362720386...3292d07fa38bd482a27eb757f3cfad5fd4e2ba1d
289,Mahout,3292d07fa38bd482a27eb757f3cfad5fd4e2ba1d,cf4cfaa245fecd522d678e207f1861ae99774f80,MAHOUT-907,https://issues.apache.org/jira/browse/MAHOUT-907,https://github.com/apache/mahou/tree/3292d07fa38bd482a27eb757f3cfad5fd4e2ba1d,https://github.com/apache/mahou/tree/cf4cfaa245fecd522d678e207f1861ae99774f80,https://github.com/apache/mahou/compare/3292d07fa38bd482a27eb757f3cfad5fd4e2ba1d...cf4cfaa245fecd522d678e207f1861ae99774f80
290,Mahout,e5ad03222a60e7fc11f43fc04d600b26b6cc5678,07f8c0afbcdda2839164919857406066e2cdfe12,MAHOUT-912,https://issues.apache.org/jira/browse/MAHOUT-912,https://github.com/apache/mahou/tree/e5ad03222a60e7fc11f43fc04d600b26b6cc5678,https://github.com/apache/mahou/tree/07f8c0afbcdda2839164919857406066e2cdfe12,https://github.com/apache/mahou/compare/e5ad03222a60e7fc11f43fc04d600b26b6cc5678...07f8c0afbcdda2839164919857406066e2cdfe12
291,Mahout,96ea50161aa164271e335061f7730844865b8c62,05f9475a731cbbd00ef871263436410e7998b1de,MAHOUT-919,https://issues.apache.org/jira/browse/MAHOUT-919,https://github.com/apache/mahou/tree/96ea50161aa164271e335061f7730844865b8c62,https://github.com/apache/mahou/tree/05f9475a731cbbd00ef871263436410e7998b1de,https://github.com/apache/mahou/compare/96ea50161aa164271e335061f7730844865b8c62...05f9475a731cbbd00ef871263436410e7998b1de
292,Mahout,6290deb496f0974fc9a776463b810a3bb5fd947a,4eac2cb442d62f12e532621cbcd666a0237635f4,MAHOUT-936,https://issues.apache.org/jira/browse/MAHOUT-936,https://github.com/apache/mahou/tree/6290deb496f0974fc9a776463b810a3bb5fd947a,https://github.com/apache/mahou/tree/4eac2cb442d62f12e532621cbcd666a0237635f4,https://github.com/apache/mahou/compare/6290deb496f0974fc9a776463b810a3bb5fd947a...4eac2cb442d62f12e532621cbcd666a0237635f4
293,Mahout,15925a5bb0bed57dde21c071997d79c411068162,eae542027e78732bff9a553e238683dcca08f94c,MAHOUT-937,https://issues.apache.org/jira/browse/MAHOUT-937,https://github.com/apache/mahou/tree/15925a5bb0bed57dde21c071997d79c411068162,https://github.com/apache/mahou/tree/eae542027e78732bff9a553e238683dcca08f94c,https://github.com/apache/mahou/compare/15925a5bb0bed57dde21c071997d79c411068162...eae542027e78732bff9a553e238683dcca08f94c
294,Mahout,eae542027e78732bff9a553e238683dcca08f94c,78545ff1d97693d51a718eb2992c104b025ab79c,MAHOUT-524,https://issues.apache.org/jira/browse/MAHOUT-524,https://github.com/apache/mahou/tree/eae542027e78732bff9a553e238683dcca08f94c,https://github.com/apache/mahou/tree/78545ff1d97693d51a718eb2992c104b025ab79c,https://github.com/apache/mahou/compare/eae542027e78732bff9a553e238683dcca08f94c...78545ff1d97693d51a718eb2992c104b025ab79c
295,Mahout,822a5e17c3c1e07c711821b3c19c7641b19c55a5,69f324d9ed6a70e4eb7f6190b2e1751ce9dfca10,MAHOUT-939,https://issues.apache.org/jira/browse/MAHOUT-939,https://github.com/apache/mahou/tree/822a5e17c3c1e07c711821b3c19c7641b19c55a5,https://github.com/apache/mahou/tree/69f324d9ed6a70e4eb7f6190b2e1751ce9dfca10,https://github.com/apache/mahou/compare/822a5e17c3c1e07c711821b3c19c7641b19c55a5...69f324d9ed6a70e4eb7f6190b2e1751ce9dfca10
296,Mahout,f57e759a33a9edbcb7bfb4424a04f4889250706f,33592c1a38c48efd2b9cbb042a31f94236e0b89b,MAHOUT-890,https://issues.apache.org/jira/browse/MAHOUT-890,https://github.com/apache/mahou/tree/f57e759a33a9edbcb7bfb4424a04f4889250706f,https://github.com/apache/mahou/tree/33592c1a38c48efd2b9cbb042a31f94236e0b89b,https://github.com/apache/mahou/compare/f57e759a33a9edbcb7bfb4424a04f4889250706f...33592c1a38c48efd2b9cbb042a31f94236e0b89b
297,Mahout,5995c32d6ea481dd5dbf494c8f92af8463386816,f9a9f39b05ba380e56901b78234a801b86c6e719,MAHOUT-956,https://issues.apache.org/jira/browse/MAHOUT-956,https://github.com/apache/mahou/tree/5995c32d6ea481dd5dbf494c8f92af8463386816,https://github.com/apache/mahou/tree/f9a9f39b05ba380e56901b78234a801b86c6e719,https://github.com/apache/mahou/compare/5995c32d6ea481dd5dbf494c8f92af8463386816...f9a9f39b05ba380e56901b78234a801b86c6e719
298,Mahout,f9a9f39b05ba380e56901b78234a801b86c6e719,356bfd15aeee5e14010f0af8436f261e12f1f907,MAHOUT-957,https://issues.apache.org/jira/browse/MAHOUT-957,https://github.com/apache/mahou/tree/f9a9f39b05ba380e56901b78234a801b86c6e719,https://github.com/apache/mahou/tree/356bfd15aeee5e14010f0af8436f261e12f1f907,https://github.com/apache/mahou/compare/f9a9f39b05ba380e56901b78234a801b86c6e719...356bfd15aeee5e14010f0af8436f261e12f1f907
299,Mahout,d2b08cdb1d6864bf5bb5228b6fd0a592d9dc19f2,e881d555d40fbbe03ab25051c283715fce537fb5,MAHOUT-967,https://issues.apache.org/jira/browse/MAHOUT-967,https://github.com/apache/mahou/tree/d2b08cdb1d6864bf5bb5228b6fd0a592d9dc19f2,https://github.com/apache/mahou/tree/e881d555d40fbbe03ab25051c283715fce537fb5,https://github.com/apache/mahou/compare/d2b08cdb1d6864bf5bb5228b6fd0a592d9dc19f2...e881d555d40fbbe03ab25051c283715fce537fb5
300,Mahout,da7c5b68f0777b70ed305df3f8adb0ad107dfe76,1de8cec0ace0a8026f8c7b4e9fd8961d7496b2ca,MAHOUT-971,https://issues.apache.org/jira/browse/MAHOUT-971,https://github.com/apache/mahou/tree/da7c5b68f0777b70ed305df3f8adb0ad107dfe76,https://github.com/apache/mahou/tree/1de8cec0ace0a8026f8c7b4e9fd8961d7496b2ca,https://github.com/apache/mahou/compare/da7c5b68f0777b70ed305df3f8adb0ad107dfe76...1de8cec0ace0a8026f8c7b4e9fd8961d7496b2ca
301,Mahout,1de8cec0ace0a8026f8c7b4e9fd8961d7496b2ca,3f2d65a4708c3d457cbdd9c4974afb90c2f2abbf,MAHOUT-951,https://issues.apache.org/jira/browse/MAHOUT-951,https://github.com/apache/mahou/tree/1de8cec0ace0a8026f8c7b4e9fd8961d7496b2ca,https://github.com/apache/mahou/tree/3f2d65a4708c3d457cbdd9c4974afb90c2f2abbf,https://github.com/apache/mahou/compare/1de8cec0ace0a8026f8c7b4e9fd8961d7496b2ca...3f2d65a4708c3d457cbdd9c4974afb90c2f2abbf
302,Mahout,3f2d65a4708c3d457cbdd9c4974afb90c2f2abbf,7c2b66444177812e26572e6d66a70e29a2855fa9,MAHOUT-946,https://issues.apache.org/jira/browse/MAHOUT-946,https://github.com/apache/mahou/tree/3f2d65a4708c3d457cbdd9c4974afb90c2f2abbf,https://github.com/apache/mahou/tree/7c2b66444177812e26572e6d66a70e29a2855fa9,https://github.com/apache/mahou/compare/3f2d65a4708c3d457cbdd9c4974afb90c2f2abbf...7c2b66444177812e26572e6d66a70e29a2855fa9
303,Mahout,7c2b66444177812e26572e6d66a70e29a2855fa9,c94a7d005e938476736f96e652be2b536fa61e5f,MAHOUT-946,https://issues.apache.org/jira/browse/MAHOUT-946,https://github.com/apache/mahou/tree/7c2b66444177812e26572e6d66a70e29a2855fa9,https://github.com/apache/mahou/tree/c94a7d005e938476736f96e652be2b536fa61e5f,https://github.com/apache/mahou/compare/7c2b66444177812e26572e6d66a70e29a2855fa9...c94a7d005e938476736f96e652be2b536fa61e5f
304,Mahout,c94a7d005e938476736f96e652be2b536fa61e5f,22dc9fe1e12db6e672e00fc885fae24309938423,MAHOUT-784,https://issues.apache.org/jira/browse/MAHOUT-784,https://github.com/apache/mahou/tree/c94a7d005e938476736f96e652be2b536fa61e5f,https://github.com/apache/mahou/tree/22dc9fe1e12db6e672e00fc885fae24309938423,https://github.com/apache/mahou/compare/c94a7d005e938476736f96e652be2b536fa61e5f...22dc9fe1e12db6e672e00fc885fae24309938423
305,Mahout,22dc9fe1e12db6e672e00fc885fae24309938423,522dfbb7699cecc24babcad3394935cfb21f3a15,MAHOUT-915,https://issues.apache.org/jira/browse/MAHOUT-915,https://github.com/apache/mahou/tree/22dc9fe1e12db6e672e00fc885fae24309938423,https://github.com/apache/mahou/tree/522dfbb7699cecc24babcad3394935cfb21f3a15,https://github.com/apache/mahou/compare/22dc9fe1e12db6e672e00fc885fae24309938423...522dfbb7699cecc24babcad3394935cfb21f3a15
306,Mahout,1b7d47acd8392ca5ac632a8ff6d331ac27301160,d6b1b5f518b55c045258e36bfbeeaeaf079eb456,MAHOUT-973,https://issues.apache.org/jira/browse/MAHOUT-973,https://github.com/apache/mahou/tree/1b7d47acd8392ca5ac632a8ff6d331ac27301160,https://github.com/apache/mahou/tree/d6b1b5f518b55c045258e36bfbeeaeaf079eb456,https://github.com/apache/mahou/compare/1b7d47acd8392ca5ac632a8ff6d331ac27301160...d6b1b5f518b55c045258e36bfbeeaeaf079eb456
307,Mahout,d6b1b5f518b55c045258e36bfbeeaeaf079eb456,eccd384b0ed93fe51ba4d52b70f6a701c4bad50a,MAHOUT-973,https://issues.apache.org/jira/browse/MAHOUT-973,https://github.com/apache/mahou/tree/d6b1b5f518b55c045258e36bfbeeaeaf079eb456,https://github.com/apache/mahou/tree/eccd384b0ed93fe51ba4d52b70f6a701c4bad50a,https://github.com/apache/mahou/compare/d6b1b5f518b55c045258e36bfbeeaeaf079eb456...eccd384b0ed93fe51ba4d52b70f6a701c4bad50a
308,Mahout,4df72fbac47d88ce3d66bf9a67f7e88276500a1a,9ebd317942cdfd90395785a3cad7b2f571f9bf63,MAHOUT-999,https://issues.apache.org/jira/browse/MAHOUT-999,https://github.com/apache/mahou/tree/4df72fbac47d88ce3d66bf9a67f7e88276500a1a,https://github.com/apache/mahou/tree/9ebd317942cdfd90395785a3cad7b2f571f9bf63,https://github.com/apache/mahou/compare/4df72fbac47d88ce3d66bf9a67f7e88276500a1a...9ebd317942cdfd90395785a3cad7b2f571f9bf63
309,Mahout,21cdb526fae3897af5fb74f5d1af2b2af5ca3be2,137423f4e5f0d822cd44615125a87f836429923c,MAHOUT-994,https://issues.apache.org/jira/browse/MAHOUT-994,https://github.com/apache/mahou/tree/21cdb526fae3897af5fb74f5d1af2b2af5ca3be2,https://github.com/apache/mahou/tree/137423f4e5f0d822cd44615125a87f836429923c,https://github.com/apache/mahou/compare/21cdb526fae3897af5fb74f5d1af2b2af5ca3be2...137423f4e5f0d822cd44615125a87f836429923c
310,Mahout,137423f4e5f0d822cd44615125a87f836429923c,9c7a9e7488555d27bd7f6a0bebb4021671b1842f,MAHOUT-1005,https://issues.apache.org/jira/browse/MAHOUT-1005,https://github.com/apache/mahou/tree/137423f4e5f0d822cd44615125a87f836429923c,https://github.com/apache/mahou/tree/9c7a9e7488555d27bd7f6a0bebb4021671b1842f,https://github.com/apache/mahou/compare/137423f4e5f0d822cd44615125a87f836429923c...9c7a9e7488555d27bd7f6a0bebb4021671b1842f
311,Mahout,9c7a9e7488555d27bd7f6a0bebb4021671b1842f,2fd2aed8702c9bd4490978f9c0eee2f27ba66958,MAHOUT-1005,https://issues.apache.org/jira/browse/MAHOUT-1005,https://github.com/apache/mahou/tree/9c7a9e7488555d27bd7f6a0bebb4021671b1842f,https://github.com/apache/mahou/tree/2fd2aed8702c9bd4490978f9c0eee2f27ba66958,https://github.com/apache/mahou/compare/9c7a9e7488555d27bd7f6a0bebb4021671b1842f...2fd2aed8702c9bd4490978f9c0eee2f27ba66958
312,Mahout,2fd2aed8702c9bd4490978f9c0eee2f27ba66958,f514c8294e6a61d8b1a345738d3870919f888e78,MAHOUT-1005,https://issues.apache.org/jira/browse/MAHOUT-1005,https://github.com/apache/mahou/tree/2fd2aed8702c9bd4490978f9c0eee2f27ba66958,https://github.com/apache/mahou/tree/f514c8294e6a61d8b1a345738d3870919f888e78,https://github.com/apache/mahou/compare/2fd2aed8702c9bd4490978f9c0eee2f27ba66958...f514c8294e6a61d8b1a345738d3870919f888e78
313,Mahout,f514c8294e6a61d8b1a345738d3870919f888e78,298eef9ddff628a9ce6b4d2c77644f7166cec9cd,MAHOUT-834,https://issues.apache.org/jira/browse/MAHOUT-834,https://github.com/apache/mahou/tree/f514c8294e6a61d8b1a345738d3870919f888e78,https://github.com/apache/mahou/tree/298eef9ddff628a9ce6b4d2c77644f7166cec9cd,https://github.com/apache/mahou/compare/f514c8294e6a61d8b1a345738d3870919f888e78...298eef9ddff628a9ce6b4d2c77644f7166cec9cd
314,Mahout,590ffede5cf8cac72c6c278b09a270bf99c13c25,4aa9091ce6f5e06b4a9c21af682ab82579d203b2,MAHOUT-1011,https://issues.apache.org/jira/browse/MAHOUT-1011,https://github.com/apache/mahou/tree/590ffede5cf8cac72c6c278b09a270bf99c13c25,https://github.com/apache/mahou/tree/4aa9091ce6f5e06b4a9c21af682ab82579d203b2,https://github.com/apache/mahou/compare/590ffede5cf8cac72c6c278b09a270bf99c13c25...4aa9091ce6f5e06b4a9c21af682ab82579d203b2
315,Mahout,d8d721acc0b4616b688bbe56b5fe5ae96dda407d,0d7555556bcc4a9a5aef16340e09df54bd1e8658,MAHOUT-1015,https://issues.apache.org/jira/browse/MAHOUT-1015,https://github.com/apache/mahou/tree/d8d721acc0b4616b688bbe56b5fe5ae96dda407d,https://github.com/apache/mahou/tree/0d7555556bcc4a9a5aef16340e09df54bd1e8658,https://github.com/apache/mahou/compare/d8d721acc0b4616b688bbe56b5fe5ae96dda407d...0d7555556bcc4a9a5aef16340e09df54bd1e8658
316,Mahout,bd7f364c9ad10bdec910aff5c8bb7865e45c3676,50b4637a387f54729144bb38699df672aa76e8f1,MAHOUT-1020,https://issues.apache.org/jira/browse/MAHOUT-1020,https://github.com/apache/mahou/tree/bd7f364c9ad10bdec910aff5c8bb7865e45c3676,https://github.com/apache/mahou/tree/50b4637a387f54729144bb38699df672aa76e8f1,https://github.com/apache/mahou/compare/bd7f364c9ad10bdec910aff5c8bb7865e45c3676...50b4637a387f54729144bb38699df672aa76e8f1
317,Mahout,50b4637a387f54729144bb38699df672aa76e8f1,73c5336bc755373b6edc51d41abd2b6453b3da11,MAHOUT-1020,https://issues.apache.org/jira/browse/MAHOUT-1020,https://github.com/apache/mahou/tree/50b4637a387f54729144bb38699df672aa76e8f1,https://github.com/apache/mahou/tree/73c5336bc755373b6edc51d41abd2b6453b3da11,https://github.com/apache/mahou/compare/50b4637a387f54729144bb38699df672aa76e8f1...73c5336bc755373b6edc51d41abd2b6453b3da11
318,Mahout,2e681c461c685c23e13ad7ada0eba5a9136c29a2,e69bcbd022f59e1ec0fb6cec5fea0a742c761cf3,MAHOUT-1020,https://issues.apache.org/jira/browse/MAHOUT-1020,https://github.com/apache/mahou/tree/2e681c461c685c23e13ad7ada0eba5a9136c29a2,https://github.com/apache/mahou/tree/e69bcbd022f59e1ec0fb6cec5fea0a742c761cf3,https://github.com/apache/mahou/compare/2e681c461c685c23e13ad7ada0eba5a9136c29a2...e69bcbd022f59e1ec0fb6cec5fea0a742c761cf3
319,Mahout,e69bcbd022f59e1ec0fb6cec5fea0a742c761cf3,03fca8714727e38b8efa2ea8e5320c170e11bfcf,MAHOUT-1023,https://issues.apache.org/jira/browse/MAHOUT-1023,https://github.com/apache/mahou/tree/e69bcbd022f59e1ec0fb6cec5fea0a742c761cf3,https://github.com/apache/mahou/tree/03fca8714727e38b8efa2ea8e5320c170e11bfcf,https://github.com/apache/mahou/compare/e69bcbd022f59e1ec0fb6cec5fea0a742c761cf3...03fca8714727e38b8efa2ea8e5320c170e11bfcf
320,Mahout,03fca8714727e38b8efa2ea8e5320c170e11bfcf,a344c6be5962fae2f762b6a487065fbd06673e25,MAHOUT-1006,https://issues.apache.org/jira/browse/MAHOUT-1006,https://github.com/apache/mahou/tree/03fca8714727e38b8efa2ea8e5320c170e11bfcf,https://github.com/apache/mahou/tree/a344c6be5962fae2f762b6a487065fbd06673e25,https://github.com/apache/mahou/compare/03fca8714727e38b8efa2ea8e5320c170e11bfcf...a344c6be5962fae2f762b6a487065fbd06673e25
321,Mahout,bb10835b8e092fbf709ccd8c55edbd078cbd5491,cd02e8bd4ed8d7425eedfe37f42fa23a605f6dbd,MAHOUT-1006,https://issues.apache.org/jira/browse/MAHOUT-1006,https://github.com/apache/mahou/tree/bb10835b8e092fbf709ccd8c55edbd078cbd5491,https://github.com/apache/mahou/tree/cd02e8bd4ed8d7425eedfe37f42fa23a605f6dbd,https://github.com/apache/mahou/compare/bb10835b8e092fbf709ccd8c55edbd078cbd5491...cd02e8bd4ed8d7425eedfe37f42fa23a605f6dbd
322,Mahout,cd02e8bd4ed8d7425eedfe37f42fa23a605f6dbd,1bdf3ab8af012cb3248384073f99c1dc69f7e97f,MAHOUT-1006,https://issues.apache.org/jira/browse/MAHOUT-1006,https://github.com/apache/mahou/tree/cd02e8bd4ed8d7425eedfe37f42fa23a605f6dbd,https://github.com/apache/mahou/tree/1bdf3ab8af012cb3248384073f99c1dc69f7e97f,https://github.com/apache/mahou/compare/cd02e8bd4ed8d7425eedfe37f42fa23a605f6dbd...1bdf3ab8af012cb3248384073f99c1dc69f7e97f
323,Mahout,9a0617dd700bc428746d9ac447f6dacfea0074dd,2ab5e922cf165b77a8304d9c86feb16a32baa9ac,MAHOUT-1006,https://issues.apache.org/jira/browse/MAHOUT-1006,https://github.com/apache/mahou/tree/9a0617dd700bc428746d9ac447f6dacfea0074dd,https://github.com/apache/mahou/tree/2ab5e922cf165b77a8304d9c86feb16a32baa9ac,https://github.com/apache/mahou/compare/9a0617dd700bc428746d9ac447f6dacfea0074dd...2ab5e922cf165b77a8304d9c86feb16a32baa9ac
324,Mahout,2ab5e922cf165b77a8304d9c86feb16a32baa9ac,d94eb39fa85641da388646a5d9e8d340910f7b8d,MAHOUT-1006,https://issues.apache.org/jira/browse/MAHOUT-1006,https://github.com/apache/mahou/tree/2ab5e922cf165b77a8304d9c86feb16a32baa9ac,https://github.com/apache/mahou/tree/d94eb39fa85641da388646a5d9e8d340910f7b8d,https://github.com/apache/mahou/compare/2ab5e922cf165b77a8304d9c86feb16a32baa9ac...d94eb39fa85641da388646a5d9e8d340910f7b8d
325,Mahout,cfd85f859c73b3c7899a9337bd4aeab5e1281eb7,69ea83dade036e74d5d0c40e3f060ba3ac4ad9bd,MAHOUT-1006,https://issues.apache.org/jira/browse/MAHOUT-1006,https://github.com/apache/mahou/tree/cfd85f859c73b3c7899a9337bd4aeab5e1281eb7,https://github.com/apache/mahou/tree/69ea83dade036e74d5d0c40e3f060ba3ac4ad9bd,https://github.com/apache/mahou/compare/cfd85f859c73b3c7899a9337bd4aeab5e1281eb7...69ea83dade036e74d5d0c40e3f060ba3ac4ad9bd
326,Mahout,69ea83dade036e74d5d0c40e3f060ba3ac4ad9bd,b758f8d8f3c9d7db89add438eff1a5f599cf826d,MAHOUT-1006,https://issues.apache.org/jira/browse/MAHOUT-1006,https://github.com/apache/mahou/tree/69ea83dade036e74d5d0c40e3f060ba3ac4ad9bd,https://github.com/apache/mahou/tree/b758f8d8f3c9d7db89add438eff1a5f599cf826d,https://github.com/apache/mahou/compare/69ea83dade036e74d5d0c40e3f060ba3ac4ad9bd...b758f8d8f3c9d7db89add438eff1a5f599cf826d
327,Mahout,b758f8d8f3c9d7db89add438eff1a5f599cf826d,79b654d49d19ef3463152864e0485b9f500e8ed4,MAHOUT-1024,https://issues.apache.org/jira/browse/MAHOUT-1024,https://github.com/apache/mahou/tree/b758f8d8f3c9d7db89add438eff1a5f599cf826d,https://github.com/apache/mahou/tree/79b654d49d19ef3463152864e0485b9f500e8ed4,https://github.com/apache/mahou/compare/b758f8d8f3c9d7db89add438eff1a5f599cf826d...79b654d49d19ef3463152864e0485b9f500e8ed4
328,Mahout,3beecc0e8e48909ab17f70022adf7ee878bbe696,f4d9a5b22e7fac290b74717a1f78c908f211d0c4,MAHOUT-939,https://issues.apache.org/jira/browse/MAHOUT-939,https://github.com/apache/mahou/tree/3beecc0e8e48909ab17f70022adf7ee878bbe696,https://github.com/apache/mahou/tree/f4d9a5b22e7fac290b74717a1f78c908f211d0c4,https://github.com/apache/mahou/compare/3beecc0e8e48909ab17f70022adf7ee878bbe696...f4d9a5b22e7fac290b74717a1f78c908f211d0c4
329,Mahout,7c8c27eeb83e065740a49b4551c01d7100b90344,d521b72eec4964d547922e357ad77f2b4fc1f06e,MAHOUT-1028,https://issues.apache.org/jira/browse/MAHOUT-1028,https://github.com/apache/mahou/tree/7c8c27eeb83e065740a49b4551c01d7100b90344,https://github.com/apache/mahou/tree/d521b72eec4964d547922e357ad77f2b4fc1f06e,https://github.com/apache/mahou/compare/7c8c27eeb83e065740a49b4551c01d7100b90344...d521b72eec4964d547922e357ad77f2b4fc1f06e
330,Mahout,d0b12880eb7e7dc965e5cb174f8311a2de4a54f1,f467a7b4e23c950e1f60a10eb122bce170c44aec,MAHOUT-1028,https://issues.apache.org/jira/browse/MAHOUT-1028,https://github.com/apache/mahou/tree/d0b12880eb7e7dc965e5cb174f8311a2de4a54f1,https://github.com/apache/mahou/tree/f467a7b4e23c950e1f60a10eb122bce170c44aec,https://github.com/apache/mahou/compare/d0b12880eb7e7dc965e5cb174f8311a2de4a54f1...f467a7b4e23c950e1f60a10eb122bce170c44aec
331,Mahout,0596971048899c0243370e20104d12d24675a39f,9d083f17b6a4fa099dac6783c5de500539ccaa85,MAHOUT-1030,https://issues.apache.org/jira/browse/MAHOUT-1030,https://github.com/apache/mahou/tree/0596971048899c0243370e20104d12d24675a39f,https://github.com/apache/mahou/tree/9d083f17b6a4fa099dac6783c5de500539ccaa85,https://github.com/apache/mahou/compare/0596971048899c0243370e20104d12d24675a39f...9d083f17b6a4fa099dac6783c5de500539ccaa85
332,Mahout,9d083f17b6a4fa099dac6783c5de500539ccaa85,44bf39a9f02ac39589f4cdf542117336da43b03d,MAHOUT-1030,https://issues.apache.org/jira/browse/MAHOUT-1030,https://github.com/apache/mahou/tree/9d083f17b6a4fa099dac6783c5de500539ccaa85,https://github.com/apache/mahou/tree/44bf39a9f02ac39589f4cdf542117336da43b03d,https://github.com/apache/mahou/compare/9d083f17b6a4fa099dac6783c5de500539ccaa85...44bf39a9f02ac39589f4cdf542117336da43b03d
333,Mahout,44bf39a9f02ac39589f4cdf542117336da43b03d,214b3292a9975c7a1bf635e99e84c00290c47c47,MAHOUT-1030,https://issues.apache.org/jira/browse/MAHOUT-1030,https://github.com/apache/mahou/tree/44bf39a9f02ac39589f4cdf542117336da43b03d,https://github.com/apache/mahou/tree/214b3292a9975c7a1bf635e99e84c00290c47c47,https://github.com/apache/mahou/compare/44bf39a9f02ac39589f4cdf542117336da43b03d...214b3292a9975c7a1bf635e99e84c00290c47c47
334,Mahout,e5cbfb226d808dc51ebe419524c494171c42e34a,a99ce3c8370e029bd5df4b6d2a7bbe9e2f01a607,MAHOUT-1017,https://issues.apache.org/jira/browse/MAHOUT-1017,https://github.com/apache/mahou/tree/e5cbfb226d808dc51ebe419524c494171c42e34a,https://github.com/apache/mahou/tree/a99ce3c8370e029bd5df4b6d2a7bbe9e2f01a607,https://github.com/apache/mahou/compare/e5cbfb226d808dc51ebe419524c494171c42e34a...a99ce3c8370e029bd5df4b6d2a7bbe9e2f01a607
335,Mahout,0f5531490c8c05de53788acf1a527d461b0484f7,c6df97ba6352e56bb1d5a431c1eafb64366ed634,MAHOUT-1003,https://issues.apache.org/jira/browse/MAHOUT-1003,https://github.com/apache/mahou/tree/0f5531490c8c05de53788acf1a527d461b0484f7,https://github.com/apache/mahou/tree/c6df97ba6352e56bb1d5a431c1eafb64366ed634,https://github.com/apache/mahou/compare/0f5531490c8c05de53788acf1a527d461b0484f7...c6df97ba6352e56bb1d5a431c1eafb64366ed634
336,Mahout,c6df97ba6352e56bb1d5a431c1eafb64366ed634,b285e2d2b39b64b7f5e4c43a919ffad398af0b29,MAHOUT-889,https://issues.apache.org/jira/browse/MAHOUT-889,https://github.com/apache/mahou/tree/c6df97ba6352e56bb1d5a431c1eafb64366ed634,https://github.com/apache/mahou/tree/b285e2d2b39b64b7f5e4c43a919ffad398af0b29,https://github.com/apache/mahou/compare/c6df97ba6352e56bb1d5a431c1eafb64366ed634...b285e2d2b39b64b7f5e4c43a919ffad398af0b29
337,Mahout,b285e2d2b39b64b7f5e4c43a919ffad398af0b29,1608f61a2092a021a28b37b1d06fbaedf8049a5a,MAHOUT-954,https://issues.apache.org/jira/browse/MAHOUT-954,https://github.com/apache/mahou/tree/b285e2d2b39b64b7f5e4c43a919ffad398af0b29,https://github.com/apache/mahou/tree/1608f61a2092a021a28b37b1d06fbaedf8049a5a,https://github.com/apache/mahou/compare/b285e2d2b39b64b7f5e4c43a919ffad398af0b29...1608f61a2092a021a28b37b1d06fbaedf8049a5a
338,Mahout,1608f61a2092a021a28b37b1d06fbaedf8049a5a,2cd3ea39e3dc70f1ffcffae92cb0901894bed63b,MAHOUT-1033,https://issues.apache.org/jira/browse/MAHOUT-1033,https://github.com/apache/mahou/tree/1608f61a2092a021a28b37b1d06fbaedf8049a5a,https://github.com/apache/mahou/tree/2cd3ea39e3dc70f1ffcffae92cb0901894bed63b,https://github.com/apache/mahou/compare/1608f61a2092a021a28b37b1d06fbaedf8049a5a...2cd3ea39e3dc70f1ffcffae92cb0901894bed63b
339,Mahout,2cd3ea39e3dc70f1ffcffae92cb0901894bed63b,c9a79471aa9b1c9ff8ce5f8695357e6dab91cd5b,MAHOUT-985,https://issues.apache.org/jira/browse/MAHOUT-985,https://github.com/apache/mahou/tree/2cd3ea39e3dc70f1ffcffae92cb0901894bed63b,https://github.com/apache/mahou/tree/c9a79471aa9b1c9ff8ce5f8695357e6dab91cd5b,https://github.com/apache/mahou/compare/2cd3ea39e3dc70f1ffcffae92cb0901894bed63b...c9a79471aa9b1c9ff8ce5f8695357e6dab91cd5b
340,Mahout,7d90a581ef2c1a6059ff06403c98069211b89cee,a793d3a64edc544ffe5edcf3f7c164814c4f9a22,MAHOUT-1038,https://issues.apache.org/jira/browse/MAHOUT-1038,https://github.com/apache/mahou/tree/7d90a581ef2c1a6059ff06403c98069211b89cee,https://github.com/apache/mahou/tree/a793d3a64edc544ffe5edcf3f7c164814c4f9a22,https://github.com/apache/mahou/compare/7d90a581ef2c1a6059ff06403c98069211b89cee...a793d3a64edc544ffe5edcf3f7c164814c4f9a22
341,Mahout,a793d3a64edc544ffe5edcf3f7c164814c4f9a22,09ab62452c81d0423e957bc9e8ac9acb10651ac7,MAHOUT-1039,https://issues.apache.org/jira/browse/MAHOUT-1039,https://github.com/apache/mahou/tree/a793d3a64edc544ffe5edcf3f7c164814c4f9a22,https://github.com/apache/mahou/tree/09ab62452c81d0423e957bc9e8ac9acb10651ac7,https://github.com/apache/mahou/compare/a793d3a64edc544ffe5edcf3f7c164814c4f9a22...09ab62452c81d0423e957bc9e8ac9acb10651ac7
342,Mahout,c395a3b7e68748f88068e8c86ed81d71f77a650a,49a8268ded2d0b9da8866b7aa3676d7acbeae061,MAHOUT-1044,https://issues.apache.org/jira/browse/MAHOUT-1044,https://github.com/apache/mahou/tree/c395a3b7e68748f88068e8c86ed81d71f77a650a,https://github.com/apache/mahou/tree/49a8268ded2d0b9da8866b7aa3676d7acbeae061,https://github.com/apache/mahou/compare/c395a3b7e68748f88068e8c86ed81d71f77a650a...49a8268ded2d0b9da8866b7aa3676d7acbeae061
343,Mahout,f543a10d285c7cf97b5d845a938ec24e6feae88b,1029bc039fa6b13e000efe9dbdff7800e04be2fc,MAHOUT-1046,https://issues.apache.org/jira/browse/MAHOUT-1046,https://github.com/apache/mahou/tree/f543a10d285c7cf97b5d845a938ec24e6feae88b,https://github.com/apache/mahou/tree/1029bc039fa6b13e000efe9dbdff7800e04be2fc,https://github.com/apache/mahou/compare/f543a10d285c7cf97b5d845a938ec24e6feae88b...1029bc039fa6b13e000efe9dbdff7800e04be2fc
344,Mahout,39a3539b81ad86b488f408eb5441e3328981a07f,22b0c3d3ca7fb07f5abf34aab6ad3449d5b69c7b,MAHOUT-1045,https://issues.apache.org/jira/browse/MAHOUT-1045,https://github.com/apache/mahou/tree/39a3539b81ad86b488f408eb5441e3328981a07f,https://github.com/apache/mahou/tree/22b0c3d3ca7fb07f5abf34aab6ad3449d5b69c7b,https://github.com/apache/mahou/compare/39a3539b81ad86b488f408eb5441e3328981a07f...22b0c3d3ca7fb07f5abf34aab6ad3449d5b69c7b
345,Mahout,62eeeae391554793dac788c062588deb89ba7ed4,ba4bd06db2d753d75b00613ade842f5c90f543e1,MAHOUT-1045,https://issues.apache.org/jira/browse/MAHOUT-1045,https://github.com/apache/mahou/tree/62eeeae391554793dac788c062588deb89ba7ed4,https://github.com/apache/mahou/tree/ba4bd06db2d753d75b00613ade842f5c90f543e1,https://github.com/apache/mahou/compare/62eeeae391554793dac788c062588deb89ba7ed4...ba4bd06db2d753d75b00613ade842f5c90f543e1
346,Mahout,0e291d4e8ad48763447c2cf3826b331392864a41,7dc7e095943c1e916da88b3f5d58e8b99d3d187a,MAHOUT-1063,https://issues.apache.org/jira/browse/MAHOUT-1063,https://github.com/apache/mahou/tree/0e291d4e8ad48763447c2cf3826b331392864a41,https://github.com/apache/mahou/tree/7dc7e095943c1e916da88b3f5d58e8b99d3d187a,https://github.com/apache/mahou/compare/0e291d4e8ad48763447c2cf3826b331392864a41...7dc7e095943c1e916da88b3f5d58e8b99d3d187a
347,Mahout,7dc7e095943c1e916da88b3f5d58e8b99d3d187a,0fe5282a038e5e5c960912fb32569cd77c77bd75,MAHOUT-1063,https://issues.apache.org/jira/browse/MAHOUT-1063,https://github.com/apache/mahou/tree/7dc7e095943c1e916da88b3f5d58e8b99d3d187a,https://github.com/apache/mahou/tree/0fe5282a038e5e5c960912fb32569cd77c77bd75,https://github.com/apache/mahou/compare/7dc7e095943c1e916da88b3f5d58e8b99d3d187a...0fe5282a038e5e5c960912fb32569cd77c77bd75
348,Mahout,e9787eff04cfcfd6192b2412b7053efdc7f120bd,478cad97b77c6bee4c9a53685a8d7a41b5d99f3c,MAHOUT-1067,https://issues.apache.org/jira/browse/MAHOUT-1067,https://github.com/apache/mahou/tree/e9787eff04cfcfd6192b2412b7053efdc7f120bd,https://github.com/apache/mahou/tree/478cad97b77c6bee4c9a53685a8d7a41b5d99f3c,https://github.com/apache/mahou/compare/e9787eff04cfcfd6192b2412b7053efdc7f120bd...478cad97b77c6bee4c9a53685a8d7a41b5d99f3c
349,Mahout,478cad97b77c6bee4c9a53685a8d7a41b5d99f3c,2424717bdb4309d9d6f84c264feecee09b8c52ef,MAHOUT-1083,https://issues.apache.org/jira/browse/MAHOUT-1083,https://github.com/apache/mahou/tree/478cad97b77c6bee4c9a53685a8d7a41b5d99f3c,https://github.com/apache/mahou/tree/2424717bdb4309d9d6f84c264feecee09b8c52ef,https://github.com/apache/mahou/compare/478cad97b77c6bee4c9a53685a8d7a41b5d99f3c...2424717bdb4309d9d6f84c264feecee09b8c52ef
350,Mahout,8b6a26a153cd87720b6f323da1317ea6177a998f,0bce4cd90a7b8fca3da894e4abff30edd78b1804,MAHOUT-1072,https://issues.apache.org/jira/browse/MAHOUT-1072,https://github.com/apache/mahou/tree/8b6a26a153cd87720b6f323da1317ea6177a998f,https://github.com/apache/mahou/tree/0bce4cd90a7b8fca3da894e4abff30edd78b1804,https://github.com/apache/mahou/compare/8b6a26a153cd87720b6f323da1317ea6177a998f...0bce4cd90a7b8fca3da894e4abff30edd78b1804
351,Mahout,0bce4cd90a7b8fca3da894e4abff30edd78b1804,0ab9b15356197e7387714484da9c1cd39a555c84,MAHOUT-1073,https://issues.apache.org/jira/browse/MAHOUT-1073,https://github.com/apache/mahou/tree/0bce4cd90a7b8fca3da894e4abff30edd78b1804,https://github.com/apache/mahou/tree/0ab9b15356197e7387714484da9c1cd39a555c84,https://github.com/apache/mahou/compare/0bce4cd90a7b8fca3da894e4abff30edd78b1804...0ab9b15356197e7387714484da9c1cd39a555c84
352,Mahout,0ab9b15356197e7387714484da9c1cd39a555c84,1e3f7aedc67c6c7c7e55afc282447387c7952f91,MAHOUT-1086,https://issues.apache.org/jira/browse/MAHOUT-1086,https://github.com/apache/mahou/tree/0ab9b15356197e7387714484da9c1cd39a555c84,https://github.com/apache/mahou/tree/1e3f7aedc67c6c7c7e55afc282447387c7952f91,https://github.com/apache/mahou/compare/0ab9b15356197e7387714484da9c1cd39a555c84...1e3f7aedc67c6c7c7e55afc282447387c7952f91
353,Mahout,f181ccef73aa77493f846fc27ca34bb58590ddcf,1b50c196538a1cc9223f67ac4e41927790b98638,MAHOUT-1091,https://issues.apache.org/jira/browse/MAHOUT-1091,https://github.com/apache/mahou/tree/f181ccef73aa77493f846fc27ca34bb58590ddcf,https://github.com/apache/mahou/tree/1b50c196538a1cc9223f67ac4e41927790b98638,https://github.com/apache/mahou/compare/f181ccef73aa77493f846fc27ca34bb58590ddcf...1b50c196538a1cc9223f67ac4e41927790b98638
354,Mahout,308d034c4fb0ca62239c1dd63335ebc981f8e981,c4714d8fe38a5d44d8cdd2385942bdb773e83754,MAHOUT-1097,https://issues.apache.org/jira/browse/MAHOUT-1097,https://github.com/apache/mahou/tree/308d034c4fb0ca62239c1dd63335ebc981f8e981,https://github.com/apache/mahou/tree/c4714d8fe38a5d44d8cdd2385942bdb773e83754,https://github.com/apache/mahou/compare/308d034c4fb0ca62239c1dd63335ebc981f8e981...c4714d8fe38a5d44d8cdd2385942bdb773e83754
355,Mahout,ca9b6d0c814bffc8551debcf2317a60c0ab58df3,03e68753602be563af8d19c9e62659ecc9cca67f,MAHOUT-1098,https://issues.apache.org/jira/browse/MAHOUT-1098,https://github.com/apache/mahou/tree/ca9b6d0c814bffc8551debcf2317a60c0ab58df3,https://github.com/apache/mahou/tree/03e68753602be563af8d19c9e62659ecc9cca67f,https://github.com/apache/mahou/compare/ca9b6d0c814bffc8551debcf2317a60c0ab58df3...03e68753602be563af8d19c9e62659ecc9cca67f
356,Mahout,03e68753602be563af8d19c9e62659ecc9cca67f,b20785fc9d11868bc1c9551ce1db71ef795f9b8e,MAHOUT-1100,https://issues.apache.org/jira/browse/MAHOUT-1100,https://github.com/apache/mahou/tree/03e68753602be563af8d19c9e62659ecc9cca67f,https://github.com/apache/mahou/tree/b20785fc9d11868bc1c9551ce1db71ef795f9b8e,https://github.com/apache/mahou/compare/03e68753602be563af8d19c9e62659ecc9cca67f...b20785fc9d11868bc1c9551ce1db71ef795f9b8e
357,Mahout,b20785fc9d11868bc1c9551ce1db71ef795f9b8e,5a76df996586396ac28c54474668b207c9274900,MAHOUT-1101,https://issues.apache.org/jira/browse/MAHOUT-1101,https://github.com/apache/mahou/tree/b20785fc9d11868bc1c9551ce1db71ef795f9b8e,https://github.com/apache/mahou/tree/5a76df996586396ac28c54474668b207c9274900,https://github.com/apache/mahou/compare/b20785fc9d11868bc1c9551ce1db71ef795f9b8e...5a76df996586396ac28c54474668b207c9274900
358,Mahout,d51e8b7358ae605e0770f6cf8ba8323503964585,6413ec447742fbb8a86030a7ce9cccdcc9e32ef2,MAHOUT-1109,https://issues.apache.org/jira/browse/MAHOUT-1109,https://github.com/apache/mahou/tree/d51e8b7358ae605e0770f6cf8ba8323503964585,https://github.com/apache/mahou/tree/6413ec447742fbb8a86030a7ce9cccdcc9e32ef2,https://github.com/apache/mahou/compare/d51e8b7358ae605e0770f6cf8ba8323503964585...6413ec447742fbb8a86030a7ce9cccdcc9e32ef2
359,Mahout,0600c3786af720f261f51f916ae6624dd2193c7b,5c13640d05309e1a4b7fb99142546cd9bb89ee4e,MAHOUT-1116,https://issues.apache.org/jira/browse/MAHOUT-1116,https://github.com/apache/mahou/tree/0600c3786af720f261f51f916ae6624dd2193c7b,https://github.com/apache/mahou/tree/5c13640d05309e1a4b7fb99142546cd9bb89ee4e,https://github.com/apache/mahou/compare/0600c3786af720f261f51f916ae6624dd2193c7b...5c13640d05309e1a4b7fb99142546cd9bb89ee4e
360,Mahout,6529d6340eae2123297d0857d9fbb81f3e8c8176,606139dff68790be49816f8857fb22f5edb17020,MAHOUT-1118,https://issues.apache.org/jira/browse/MAHOUT-1118,https://github.com/apache/mahou/tree/6529d6340eae2123297d0857d9fbb81f3e8c8176,https://github.com/apache/mahou/tree/606139dff68790be49816f8857fb22f5edb17020,https://github.com/apache/mahou/compare/6529d6340eae2123297d0857d9fbb81f3e8c8176...606139dff68790be49816f8857fb22f5edb17020
361,Mahout,f96f852a9c77b72c2a521fa89801b202df41624a,e527616c988f96e3cf60fac7c1229769a8f12935,MAHOUT-1127,https://issues.apache.org/jira/browse/MAHOUT-1127,https://github.com/apache/mahou/tree/f96f852a9c77b72c2a521fa89801b202df41624a,https://github.com/apache/mahou/tree/e527616c988f96e3cf60fac7c1229769a8f12935,https://github.com/apache/mahou/compare/f96f852a9c77b72c2a521fa89801b202df41624a...e527616c988f96e3cf60fac7c1229769a8f12935
362,Mahout,e527616c988f96e3cf60fac7c1229769a8f12935,dde8b34fdbfb0634a51824ed45ae419eff313212,MAHOUT-1127,https://issues.apache.org/jira/browse/MAHOUT-1127,https://github.com/apache/mahou/tree/e527616c988f96e3cf60fac7c1229769a8f12935,https://github.com/apache/mahou/tree/dde8b34fdbfb0634a51824ed45ae419eff313212,https://github.com/apache/mahou/compare/e527616c988f96e3cf60fac7c1229769a8f12935...dde8b34fdbfb0634a51824ed45ae419eff313212
363,Mahout,2deba3678e74cf3a59dcc670e9116e50795d590e,7dac77913f714143ea76e1c130a2af55ac2374c1,MAHOUT-1136,https://issues.apache.org/jira/browse/MAHOUT-1136,https://github.com/apache/mahou/tree/2deba3678e74cf3a59dcc670e9116e50795d590e,https://github.com/apache/mahou/tree/7dac77913f714143ea76e1c130a2af55ac2374c1,https://github.com/apache/mahou/compare/2deba3678e74cf3a59dcc670e9116e50795d590e...7dac77913f714143ea76e1c130a2af55ac2374c1
364,Mahout,7dac77913f714143ea76e1c130a2af55ac2374c1,63546f99df425b9601511925e785fec619bce110,MAHOUT-1138,https://issues.apache.org/jira/browse/MAHOUT-1138,https://github.com/apache/mahou/tree/7dac77913f714143ea76e1c130a2af55ac2374c1,https://github.com/apache/mahou/tree/63546f99df425b9601511925e785fec619bce110,https://github.com/apache/mahou/compare/7dac77913f714143ea76e1c130a2af55ac2374c1...63546f99df425b9601511925e785fec619bce110
365,Mahout,63546f99df425b9601511925e785fec619bce110,ac0abc69d9bcbab4e7e3c2b8afddfeb2fbb2fbe6,MAHOUT-1139,https://issues.apache.org/jira/browse/MAHOUT-1139,https://github.com/apache/mahou/tree/63546f99df425b9601511925e785fec619bce110,https://github.com/apache/mahou/tree/ac0abc69d9bcbab4e7e3c2b8afddfeb2fbb2fbe6,https://github.com/apache/mahou/compare/63546f99df425b9601511925e785fec619bce110...ac0abc69d9bcbab4e7e3c2b8afddfeb2fbb2fbe6
366,Mahout,ac0abc69d9bcbab4e7e3c2b8afddfeb2fbb2fbe6,441c8b32dddb80bbdb7844016c9bfda2eabe577d,MAHOUT-1139,https://issues.apache.org/jira/browse/MAHOUT-1139,https://github.com/apache/mahou/tree/ac0abc69d9bcbab4e7e3c2b8afddfeb2fbb2fbe6,https://github.com/apache/mahou/tree/441c8b32dddb80bbdb7844016c9bfda2eabe577d,https://github.com/apache/mahou/compare/ac0abc69d9bcbab4e7e3c2b8afddfeb2fbb2fbe6...441c8b32dddb80bbdb7844016c9bfda2eabe577d
367,Mahout,441c8b32dddb80bbdb7844016c9bfda2eabe577d,69653557a82d62ce18ac2b2f3292ee422ed939f8,MAHOUT-1125,https://issues.apache.org/jira/browse/MAHOUT-1125,https://github.com/apache/mahou/tree/441c8b32dddb80bbdb7844016c9bfda2eabe577d,https://github.com/apache/mahou/tree/69653557a82d62ce18ac2b2f3292ee422ed939f8,https://github.com/apache/mahou/compare/441c8b32dddb80bbdb7844016c9bfda2eabe577d...69653557a82d62ce18ac2b2f3292ee422ed939f8
368,Mahout,69653557a82d62ce18ac2b2f3292ee422ed939f8,034f21a11b57b65945d017d1c6d74c3589a1f469,MAHOUT-1105,https://issues.apache.org/jira/browse/MAHOUT-1105,https://github.com/apache/mahou/tree/69653557a82d62ce18ac2b2f3292ee422ed939f8,https://github.com/apache/mahou/tree/034f21a11b57b65945d017d1c6d74c3589a1f469,https://github.com/apache/mahou/compare/69653557a82d62ce18ac2b2f3292ee422ed939f8...034f21a11b57b65945d017d1c6d74c3589a1f469
369,Mahout,034f21a11b57b65945d017d1c6d74c3589a1f469,b90e8466bc9a4042a648f7f73173e58e012ee8d5,MAHOUT-1077,https://issues.apache.org/jira/browse/MAHOUT-1077,https://github.com/apache/mahou/tree/034f21a11b57b65945d017d1c6d74c3589a1f469,https://github.com/apache/mahou/tree/b90e8466bc9a4042a648f7f73173e58e012ee8d5,https://github.com/apache/mahou/compare/034f21a11b57b65945d017d1c6d74c3589a1f469...b90e8466bc9a4042a648f7f73173e58e012ee8d5
370,Mahout,b90e8466bc9a4042a648f7f73173e58e012ee8d5,2b8b2a7d5b9cc726e436e28ad6ff8a5555a36a50,MAHOUT-1062,https://issues.apache.org/jira/browse/MAHOUT-1062,https://github.com/apache/mahou/tree/b90e8466bc9a4042a648f7f73173e58e012ee8d5,https://github.com/apache/mahou/tree/2b8b2a7d5b9cc726e436e28ad6ff8a5555a36a50,https://github.com/apache/mahou/compare/b90e8466bc9a4042a648f7f73173e58e012ee8d5...2b8b2a7d5b9cc726e436e28ad6ff8a5555a36a50
371,Mahout,44f8d0adc2c4b3d7b4b5ce6b2eefedada51e6b9a,f4d8201a5f6090d5cb76bd3fddc1ee4f325a911c,MAHOUT-1142,https://issues.apache.org/jira/browse/MAHOUT-1142,https://github.com/apache/mahou/tree/44f8d0adc2c4b3d7b4b5ce6b2eefedada51e6b9a,https://github.com/apache/mahou/tree/f4d8201a5f6090d5cb76bd3fddc1ee4f325a911c,https://github.com/apache/mahou/compare/44f8d0adc2c4b3d7b4b5ce6b2eefedada51e6b9a...f4d8201a5f6090d5cb76bd3fddc1ee4f325a911c
372,Mahout,6a4942cd0fb2dfce2766ce070341242ea8cb9086,f862e2b821ffc202008cb5359350194368d5ac35,MAHOUT-1064,https://issues.apache.org/jira/browse/MAHOUT-1064,https://github.com/apache/mahou/tree/6a4942cd0fb2dfce2766ce070341242ea8cb9086,https://github.com/apache/mahou/tree/f862e2b821ffc202008cb5359350194368d5ac35,https://github.com/apache/mahou/compare/6a4942cd0fb2dfce2766ce070341242ea8cb9086...f862e2b821ffc202008cb5359350194368d5ac35
373,Mahout,0c99a40783c5f7e66f5759fd1d04be245c4783f2,fc6c6f3777bb05cd5e2bbebf2565bcaadcd2bd74,MAHOUT-1145,https://issues.apache.org/jira/browse/MAHOUT-1145,https://github.com/apache/mahou/tree/0c99a40783c5f7e66f5759fd1d04be245c4783f2,https://github.com/apache/mahou/tree/fc6c6f3777bb05cd5e2bbebf2565bcaadcd2bd74,https://github.com/apache/mahou/compare/0c99a40783c5f7e66f5759fd1d04be245c4783f2...fc6c6f3777bb05cd5e2bbebf2565bcaadcd2bd74
374,Mahout,fc6c6f3777bb05cd5e2bbebf2565bcaadcd2bd74,ace4c35cbe87ed4e485e68173dc97b9a50700a69,MAHOUT-1148,https://issues.apache.org/jira/browse/MAHOUT-1148,https://github.com/apache/mahou/tree/fc6c6f3777bb05cd5e2bbebf2565bcaadcd2bd74,https://github.com/apache/mahou/tree/ace4c35cbe87ed4e485e68173dc97b9a50700a69,https://github.com/apache/mahou/compare/fc6c6f3777bb05cd5e2bbebf2565bcaadcd2bd74...ace4c35cbe87ed4e485e68173dc97b9a50700a69
375,Mahout,ace4c35cbe87ed4e485e68173dc97b9a50700a69,86d269b3104c940ed8ff0d065332e0af347ac523,MAHOUT-1148,https://issues.apache.org/jira/browse/MAHOUT-1148,https://github.com/apache/mahou/tree/ace4c35cbe87ed4e485e68173dc97b9a50700a69,https://github.com/apache/mahou/tree/86d269b3104c940ed8ff0d065332e0af347ac523,https://github.com/apache/mahou/compare/ace4c35cbe87ed4e485e68173dc97b9a50700a69...86d269b3104c940ed8ff0d065332e0af347ac523
376,Mahout,86d269b3104c940ed8ff0d065332e0af347ac523,0afb32c6d15435f37711655b3099569ee4673774,MAHOUT-1148,https://issues.apache.org/jira/browse/MAHOUT-1148,https://github.com/apache/mahou/tree/86d269b3104c940ed8ff0d065332e0af347ac523,https://github.com/apache/mahou/tree/0afb32c6d15435f37711655b3099569ee4673774,https://github.com/apache/mahou/compare/86d269b3104c940ed8ff0d065332e0af347ac523...0afb32c6d15435f37711655b3099569ee4673774
377,Mahout,8a8e10dec709e9869ab8fe411c7fc07c7a7b265c,1d3131815cb929a7f1e580bce825c29a6848b41c,MAHOUT-1157,https://issues.apache.org/jira/browse/MAHOUT-1157,https://github.com/apache/mahou/tree/8a8e10dec709e9869ab8fe411c7fc07c7a7b265c,https://github.com/apache/mahou/tree/1d3131815cb929a7f1e580bce825c29a6848b41c,https://github.com/apache/mahou/compare/8a8e10dec709e9869ab8fe411c7fc07c7a7b265c...1d3131815cb929a7f1e580bce825c29a6848b41c
378,Mahout,9dba3cc0501f096ef2e569829d9f18e275334907,bfd82145bfc1d94b7dfabae2bc04737929c41747,MAHOUT-1146,https://issues.apache.org/jira/browse/MAHOUT-1146,https://github.com/apache/mahou/tree/9dba3cc0501f096ef2e569829d9f18e275334907,https://github.com/apache/mahou/tree/bfd82145bfc1d94b7dfabae2bc04737929c41747,https://github.com/apache/mahou/compare/9dba3cc0501f096ef2e569829d9f18e275334907...bfd82145bfc1d94b7dfabae2bc04737929c41747
379,Mahout,a1e5c7bfc0e48f289e7de4f062a901d625f3e00c,1250c232a8ae93c76b28b0fa8b5267362e692d1b,MAHOUT-1061,https://issues.apache.org/jira/browse/MAHOUT-1061,https://github.com/apache/mahou/tree/a1e5c7bfc0e48f289e7de4f062a901d625f3e00c,https://github.com/apache/mahou/tree/1250c232a8ae93c76b28b0fa8b5267362e692d1b,https://github.com/apache/mahou/compare/a1e5c7bfc0e48f289e7de4f062a901d625f3e00c...1250c232a8ae93c76b28b0fa8b5267362e692d1b
380,Mahout,1250c232a8ae93c76b28b0fa8b5267362e692d1b,dbaadb1c8c720a41296fb8a3e215c38aa53ed5ca,MAHOUT-1111,https://issues.apache.org/jira/browse/MAHOUT-1111,https://github.com/apache/mahou/tree/1250c232a8ae93c76b28b0fa8b5267362e692d1b,https://github.com/apache/mahou/tree/dbaadb1c8c720a41296fb8a3e215c38aa53ed5ca,https://github.com/apache/mahou/compare/1250c232a8ae93c76b28b0fa8b5267362e692d1b...dbaadb1c8c720a41296fb8a3e215c38aa53ed5ca
381,Mahout,dbaadb1c8c720a41296fb8a3e215c38aa53ed5ca,750a1a0243456b25f259dd55cd71c4a827875ab4,MAHOUT-1031,https://issues.apache.org/jira/browse/MAHOUT-1031,https://github.com/apache/mahou/tree/dbaadb1c8c720a41296fb8a3e215c38aa53ed5ca,https://github.com/apache/mahou/tree/750a1a0243456b25f259dd55cd71c4a827875ab4,https://github.com/apache/mahou/compare/dbaadb1c8c720a41296fb8a3e215c38aa53ed5ca...750a1a0243456b25f259dd55cd71c4a827875ab4
382,Mahout,750a1a0243456b25f259dd55cd71c4a827875ab4,6a8de49a78333bbafddc9877685065d911604942,MAHOUT-1119,https://issues.apache.org/jira/browse/MAHOUT-1119,https://github.com/apache/mahou/tree/750a1a0243456b25f259dd55cd71c4a827875ab4,https://github.com/apache/mahou/tree/6a8de49a78333bbafddc9877685065d911604942,https://github.com/apache/mahou/compare/750a1a0243456b25f259dd55cd71c4a827875ab4...6a8de49a78333bbafddc9877685065d911604942
383,Mahout,6a8de49a78333bbafddc9877685065d911604942,f2eccdccf8066a8d140949afbaf7162e898140a3,MAHOUT-1144,https://issues.apache.org/jira/browse/MAHOUT-1144,https://github.com/apache/mahou/tree/6a8de49a78333bbafddc9877685065d911604942,https://github.com/apache/mahou/tree/f2eccdccf8066a8d140949afbaf7162e898140a3,https://github.com/apache/mahou/compare/6a8de49a78333bbafddc9877685065d911604942...f2eccdccf8066a8d140949afbaf7162e898140a3
384,Mahout,f2eccdccf8066a8d140949afbaf7162e898140a3,e7a90d186e1940ce817413eff04a6946db0238d1,MAHOUT-1093,https://issues.apache.org/jira/browse/MAHOUT-1093,https://github.com/apache/mahou/tree/f2eccdccf8066a8d140949afbaf7162e898140a3,https://github.com/apache/mahou/tree/e7a90d186e1940ce817413eff04a6946db0238d1,https://github.com/apache/mahou/compare/f2eccdccf8066a8d140949afbaf7162e898140a3...e7a90d186e1940ce817413eff04a6946db0238d1
385,Mahout,e7a90d186e1940ce817413eff04a6946db0238d1,7b10d65ade075c00a5930437542aa87692c42c15,MAHOUT-1150,https://issues.apache.org/jira/browse/MAHOUT-1150,https://github.com/apache/mahou/tree/e7a90d186e1940ce817413eff04a6946db0238d1,https://github.com/apache/mahou/tree/7b10d65ade075c00a5930437542aa87692c42c15,https://github.com/apache/mahou/compare/e7a90d186e1940ce817413eff04a6946db0238d1...7b10d65ade075c00a5930437542aa87692c42c15
386,Mahout,733f4b64b700e80d2f5649306b1daf5ab13d6351,8511167483774c09fd6620b749991b5493b2213d,MAHOUT-1130,https://issues.apache.org/jira/browse/MAHOUT-1130,https://github.com/apache/mahou/tree/733f4b64b700e80d2f5649306b1daf5ab13d6351,https://github.com/apache/mahou/tree/8511167483774c09fd6620b749991b5493b2213d,https://github.com/apache/mahou/compare/733f4b64b700e80d2f5649306b1daf5ab13d6351...8511167483774c09fd6620b749991b5493b2213d
387,Mahout,418f643b2ace74ce0cadc0e5e2d7808cd65674e3,a3baa242603d82f1cc34aec3d08562f76b9ecb03,MAHOUT-1131,https://issues.apache.org/jira/browse/MAHOUT-1131,https://github.com/apache/mahou/tree/418f643b2ace74ce0cadc0e5e2d7808cd65674e3,https://github.com/apache/mahou/tree/a3baa242603d82f1cc34aec3d08562f76b9ecb03,https://github.com/apache/mahou/compare/418f643b2ace74ce0cadc0e5e2d7808cd65674e3...a3baa242603d82f1cc34aec3d08562f76b9ecb03
388,Mahout,95cf05f1aacee2195e802b515deb2af0a6b8606f,7071580d31460d854b5f1d7148c37c0c8c42c3f7,MAHOUT-1075,https://issues.apache.org/jira/browse/MAHOUT-1075,https://github.com/apache/mahou/tree/95cf05f1aacee2195e802b515deb2af0a6b8606f,https://github.com/apache/mahou/tree/7071580d31460d854b5f1d7148c37c0c8c42c3f7,https://github.com/apache/mahou/compare/95cf05f1aacee2195e802b515deb2af0a6b8606f...7071580d31460d854b5f1d7148c37c0c8c42c3f7
389,Mahout,7071580d31460d854b5f1d7148c37c0c8c42c3f7,553252f9dd3b744006a1fe755f9ab1785ab47e62,MAHOUT-1141,https://issues.apache.org/jira/browse/MAHOUT-1141,https://github.com/apache/mahou/tree/7071580d31460d854b5f1d7148c37c0c8c42c3f7,https://github.com/apache/mahou/tree/553252f9dd3b744006a1fe755f9ab1785ab47e62,https://github.com/apache/mahou/compare/7071580d31460d854b5f1d7148c37c0c8c42c3f7...553252f9dd3b744006a1fe755f9ab1785ab47e62
390,Mahout,e5cc83df010f7857b3b18284ab5fa963eb3e78c5,c5edfe9ac7f34203ed2f26ab266e5331bc3efa8e,MAHOUT-1165,https://issues.apache.org/jira/browse/MAHOUT-1165,https://github.com/apache/mahou/tree/e5cc83df010f7857b3b18284ab5fa963eb3e78c5,https://github.com/apache/mahou/tree/c5edfe9ac7f34203ed2f26ab266e5331bc3efa8e,https://github.com/apache/mahou/compare/e5cc83df010f7857b3b18284ab5fa963eb3e78c5...c5edfe9ac7f34203ed2f26ab266e5331bc3efa8e
391,Mahout,210b26585d87b7096286b162b733b18f18d9c785,402e296c5efe03d91a8ca8e962705bc79b2b6f23,MAHOUT-1171,https://issues.apache.org/jira/browse/MAHOUT-1171,https://github.com/apache/mahou/tree/210b26585d87b7096286b162b733b18f18d9c785,https://github.com/apache/mahou/tree/402e296c5efe03d91a8ca8e962705bc79b2b6f23,https://github.com/apache/mahou/compare/210b26585d87b7096286b162b733b18f18d9c785...402e296c5efe03d91a8ca8e962705bc79b2b6f23
392,Mahout,de76182341022df3819c1cf29ca0593ecbf34917,67e09b3ee3ada13ae709c18d010f56bfa4555d74,MAHOUT-1174,https://issues.apache.org/jira/browse/MAHOUT-1174,https://github.com/apache/mahou/tree/de76182341022df3819c1cf29ca0593ecbf34917,https://github.com/apache/mahou/tree/67e09b3ee3ada13ae709c18d010f56bfa4555d74,https://github.com/apache/mahou/compare/de76182341022df3819c1cf29ca0593ecbf34917...67e09b3ee3ada13ae709c18d010f56bfa4555d74
393,Mahout,67e09b3ee3ada13ae709c18d010f56bfa4555d74,1036a80ac81a092574a84b129e936dea37af5907,MAHOUT-1174,https://issues.apache.org/jira/browse/MAHOUT-1174,https://github.com/apache/mahou/tree/67e09b3ee3ada13ae709c18d010f56bfa4555d74,https://github.com/apache/mahou/tree/1036a80ac81a092574a84b129e936dea37af5907,https://github.com/apache/mahou/compare/67e09b3ee3ada13ae709c18d010f56bfa4555d74...1036a80ac81a092574a84b129e936dea37af5907
394,Mahout,bdb1c48561578dc496d05c263b28b68d0c97e2d2,4d1f06290348faa37ce17d2739b94e47923375d0,MAHOUT-1185,https://issues.apache.org/jira/browse/MAHOUT-1185,https://github.com/apache/mahou/tree/bdb1c48561578dc496d05c263b28b68d0c97e2d2,https://github.com/apache/mahou/tree/4d1f06290348faa37ce17d2739b94e47923375d0,https://github.com/apache/mahou/compare/bdb1c48561578dc496d05c263b28b68d0c97e2d2...4d1f06290348faa37ce17d2739b94e47923375d0
395,Mahout,4d1f06290348faa37ce17d2739b94e47923375d0,17270d846a337f4b8e5cfa2b19175aa8f07c58c7,MAHOUT-1186,https://issues.apache.org/jira/browse/MAHOUT-1186,https://github.com/apache/mahou/tree/4d1f06290348faa37ce17d2739b94e47923375d0,https://github.com/apache/mahou/tree/17270d846a337f4b8e5cfa2b19175aa8f07c58c7,https://github.com/apache/mahou/compare/4d1f06290348faa37ce17d2739b94e47923375d0...17270d846a337f4b8e5cfa2b19175aa8f07c58c7
396,Mahout,2eaae3646498b74c37ce53604b6129f1697092f3,c36dc719028351db110d0acaf1fe65b846c5c258,Mahout-1188,https://issues.apache.org/jira/browse/MAHOUT-1188,https://github.com/apache/mahou/tree/2eaae3646498b74c37ce53604b6129f1697092f3,https://github.com/apache/mahou/tree/c36dc719028351db110d0acaf1fe65b846c5c258,https://github.com/apache/mahou/compare/2eaae3646498b74c37ce53604b6129f1697092f3...c36dc719028351db110d0acaf1fe65b846c5c258
397,Mahout,c36dc719028351db110d0acaf1fe65b846c5c258,be945338d4cb09ecd3e165f6b322cf132fc027c0,MAHOUT-1190,https://issues.apache.org/jira/browse/MAHOUT-1190,https://github.com/apache/mahou/tree/c36dc719028351db110d0acaf1fe65b846c5c258,https://github.com/apache/mahou/tree/be945338d4cb09ecd3e165f6b322cf132fc027c0,https://github.com/apache/mahou/compare/c36dc719028351db110d0acaf1fe65b846c5c258...be945338d4cb09ecd3e165f6b322cf132fc027c0
398,Mahout,be945338d4cb09ecd3e165f6b322cf132fc027c0,be8e8a05152595c3b31e81cb2b3fcf54d951f4d3,MAHOUT-1190,https://issues.apache.org/jira/browse/MAHOUT-1190,https://github.com/apache/mahou/tree/be945338d4cb09ecd3e165f6b322cf132fc027c0,https://github.com/apache/mahou/tree/be8e8a05152595c3b31e81cb2b3fcf54d951f4d3,https://github.com/apache/mahou/compare/be945338d4cb09ecd3e165f6b322cf132fc027c0...be8e8a05152595c3b31e81cb2b3fcf54d951f4d3
399,Mahout,abd58a8fcd8edf1a6925229864efe0e13cd0bbfb,812d0ba2ae098ad86fa66c92f30eb264be78debb,MAHOUT-1191,https://issues.apache.org/jira/browse/MAHOUT-1191,https://github.com/apache/mahou/tree/abd58a8fcd8edf1a6925229864efe0e13cd0bbfb,https://github.com/apache/mahou/tree/812d0ba2ae098ad86fa66c92f30eb264be78debb,https://github.com/apache/mahou/compare/abd58a8fcd8edf1a6925229864efe0e13cd0bbfb...812d0ba2ae098ad86fa66c92f30eb264be78debb
400,Mahout,a95412337722e1cfecf23f8fa29ead6438f55daa,fc209b78248d6ee12189763df5e8a22118f06e3b,MAHOUT-1197,https://issues.apache.org/jira/browse/MAHOUT-1197,https://github.com/apache/mahou/tree/a95412337722e1cfecf23f8fa29ead6438f55daa,https://github.com/apache/mahou/tree/fc209b78248d6ee12189763df5e8a22118f06e3b,https://github.com/apache/mahou/compare/a95412337722e1cfecf23f8fa29ead6438f55daa...fc209b78248d6ee12189763df5e8a22118f06e3b
401,Mahout,87faa135f14d66f052ed89a5e987d0ccb54c2a1a,802464db19ab8ea041ba35f26335ba376d61c51d,MAHOUT-1180,https://issues.apache.org/jira/browse/MAHOUT-1180,https://github.com/apache/mahou/tree/87faa135f14d66f052ed89a5e987d0ccb54c2a1a,https://github.com/apache/mahou/tree/802464db19ab8ea041ba35f26335ba376d61c51d,https://github.com/apache/mahou/compare/87faa135f14d66f052ed89a5e987d0ccb54c2a1a...802464db19ab8ea041ba35f26335ba376d61c51d
402,Mahout,802464db19ab8ea041ba35f26335ba376d61c51d,e5ee197bb70a5d0458f45dc93a1f4c8366690109,MAHOUT-1189,https://issues.apache.org/jira/browse/MAHOUT-1189,https://github.com/apache/mahou/tree/802464db19ab8ea041ba35f26335ba376d61c51d,https://github.com/apache/mahou/tree/e5ee197bb70a5d0458f45dc93a1f4c8366690109,https://github.com/apache/mahou/compare/802464db19ab8ea041ba35f26335ba376d61c51d...e5ee197bb70a5d0458f45dc93a1f4c8366690109
403,Mahout,d54c59b406def0d478e2c005e49fcfaa803f6b2d,672364de57c8ba570fd6944e1ee29d319339f792,Mahout-1207,https://issues.apache.org/jira/browse/MAHOUT-1207,https://github.com/apache/mahou/tree/d54c59b406def0d478e2c005e49fcfaa803f6b2d,https://github.com/apache/mahou/tree/672364de57c8ba570fd6944e1ee29d319339f792,https://github.com/apache/mahou/compare/d54c59b406def0d478e2c005e49fcfaa803f6b2d...672364de57c8ba570fd6944e1ee29d319339f792
404,Mahout,672364de57c8ba570fd6944e1ee29d319339f792,69ce85fa6e2f6e1ba3a430057c6f790db60b596e,Mahout-1207,https://issues.apache.org/jira/browse/MAHOUT-1207,https://github.com/apache/mahou/tree/672364de57c8ba570fd6944e1ee29d319339f792,https://github.com/apache/mahou/tree/69ce85fa6e2f6e1ba3a430057c6f790db60b596e,https://github.com/apache/mahou/compare/672364de57c8ba570fd6944e1ee29d319339f792...69ce85fa6e2f6e1ba3a430057c6f790db60b596e
405,Mahout,69ce85fa6e2f6e1ba3a430057c6f790db60b596e,b7ebff7fd747e8986dc41839a1b194c742eb1c78,Mahout-1212,https://issues.apache.org/jira/browse/MAHOUT-1212,https://github.com/apache/mahou/tree/69ce85fa6e2f6e1ba3a430057c6f790db60b596e,https://github.com/apache/mahou/tree/b7ebff7fd747e8986dc41839a1b194c742eb1c78,https://github.com/apache/mahou/compare/69ce85fa6e2f6e1ba3a430057c6f790db60b596e...b7ebff7fd747e8986dc41839a1b194c742eb1c78
406,Mahout,ec9035c60d8133286de3a7a123d299e25d2a1991,4edc814197dcae1c4c085b326aba5c4ba5c73600,MAHOUT-1217,https://issues.apache.org/jira/browse/MAHOUT-1217,https://github.com/apache/mahou/tree/ec9035c60d8133286de3a7a123d299e25d2a1991,https://github.com/apache/mahou/tree/4edc814197dcae1c4c085b326aba5c4ba5c73600,https://github.com/apache/mahou/compare/ec9035c60d8133286de3a7a123d299e25d2a1991...4edc814197dcae1c4c085b326aba5c4ba5c73600
407,Mahout,5b29d0367ff99d215d30a45355f9257df36f24d8,a400cb8acb5ad65c28ac646a1b1208451e0b0c50,MAHOUT-1221,https://issues.apache.org/jira/browse/MAHOUT-1221,https://github.com/apache/mahou/tree/5b29d0367ff99d215d30a45355f9257df36f24d8,https://github.com/apache/mahou/tree/a400cb8acb5ad65c28ac646a1b1208451e0b0c50,https://github.com/apache/mahou/compare/5b29d0367ff99d215d30a45355f9257df36f24d8...a400cb8acb5ad65c28ac646a1b1208451e0b0c50
408,Mahout,cb80ec66ec9e2b4acbc94182a3c64c9c429ae043,9899396f574ec686b4cd12e9d786ef98a7414775,MAHOUT-1222,https://issues.apache.org/jira/browse/MAHOUT-1222,https://github.com/apache/mahou/tree/cb80ec66ec9e2b4acbc94182a3c64c9c429ae043,https://github.com/apache/mahou/tree/9899396f574ec686b4cd12e9d786ef98a7414775,https://github.com/apache/mahou/compare/cb80ec66ec9e2b4acbc94182a3c64c9c429ae043...9899396f574ec686b4cd12e9d786ef98a7414775
409,Mahout,9899396f574ec686b4cd12e9d786ef98a7414775,bc5ca9400f45de703aa82ff051c238f75fdcc3a2,MAHOUT-1223,https://issues.apache.org/jira/browse/MAHOUT-1223,https://github.com/apache/mahou/tree/9899396f574ec686b4cd12e9d786ef98a7414775,https://github.com/apache/mahou/tree/bc5ca9400f45de703aa82ff051c238f75fdcc3a2,https://github.com/apache/mahou/compare/9899396f574ec686b4cd12e9d786ef98a7414775...bc5ca9400f45de703aa82ff051c238f75fdcc3a2
410,Mahout,dc62944247cc3dbc212aad50fd9d7243ce3fd446,a6f16219a25291db451a3ff20d0a604089c5991b,MAHOUT-1213,https://issues.apache.org/jira/browse/MAHOUT-1213,https://github.com/apache/mahou/tree/dc62944247cc3dbc212aad50fd9d7243ce3fd446,https://github.com/apache/mahou/tree/a6f16219a25291db451a3ff20d0a604089c5991b,https://github.com/apache/mahou/compare/dc62944247cc3dbc212aad50fd9d7243ce3fd446...a6f16219a25291db451a3ff20d0a604089c5991b
411,Mahout,a6f16219a25291db451a3ff20d0a604089c5991b,754fd18bd52d198518ce0ac3882581427593ece1,MAHOUT-1229,https://issues.apache.org/jira/browse/MAHOUT-1229,https://github.com/apache/mahou/tree/a6f16219a25291db451a3ff20d0a604089c5991b,https://github.com/apache/mahou/tree/754fd18bd52d198518ce0ac3882581427593ece1,https://github.com/apache/mahou/compare/a6f16219a25291db451a3ff20d0a604089c5991b...754fd18bd52d198518ce0ac3882581427593ece1
412,Mahout,754fd18bd52d198518ce0ac3882581427593ece1,cfc31552094358301ab5d31d932620d599d29723,MAHOUT-1232,https://issues.apache.org/jira/browse/MAHOUT-1232,https://github.com/apache/mahou/tree/754fd18bd52d198518ce0ac3882581427593ece1,https://github.com/apache/mahou/tree/cfc31552094358301ab5d31d932620d599d29723,https://github.com/apache/mahou/compare/754fd18bd52d198518ce0ac3882581427593ece1...cfc31552094358301ab5d31d932620d599d29723
413,Mahout,cfc31552094358301ab5d31d932620d599d29723,b04eba0733e756fb367109613e61cd18a3a62d81,MAHOUT-1230,https://issues.apache.org/jira/browse/MAHOUT-1230,https://github.com/apache/mahou/tree/cfc31552094358301ab5d31d932620d599d29723,https://github.com/apache/mahou/tree/b04eba0733e756fb367109613e61cd18a3a62d81,https://github.com/apache/mahou/compare/cfc31552094358301ab5d31d932620d599d29723...b04eba0733e756fb367109613e61cd18a3a62d81
414,Mahout,b04eba0733e756fb367109613e61cd18a3a62d81,096d686486fb30a2dbce9c4e33ecc9875a2c0fa8,MAHOUT-1230,https://issues.apache.org/jira/browse/MAHOUT-1230,https://github.com/apache/mahou/tree/b04eba0733e756fb367109613e61cd18a3a62d81,https://github.com/apache/mahou/tree/096d686486fb30a2dbce9c4e33ecc9875a2c0fa8,https://github.com/apache/mahou/compare/b04eba0733e756fb367109613e61cd18a3a62d81...096d686486fb30a2dbce9c4e33ecc9875a2c0fa8
415,Mahout,096d686486fb30a2dbce9c4e33ecc9875a2c0fa8,aeb8c72aec0ad5be73d94eb21ad4b90517e7b00b,MAHOUT-1232,https://issues.apache.org/jira/browse/MAHOUT-1232,https://github.com/apache/mahou/tree/096d686486fb30a2dbce9c4e33ecc9875a2c0fa8,https://github.com/apache/mahou/tree/aeb8c72aec0ad5be73d94eb21ad4b90517e7b00b,https://github.com/apache/mahou/compare/096d686486fb30a2dbce9c4e33ecc9875a2c0fa8...aeb8c72aec0ad5be73d94eb21ad4b90517e7b00b
416,Mahout,aeb8c72aec0ad5be73d94eb21ad4b90517e7b00b,8c539d2b051ce7f9ac6a9b13256708935b6ad44a,MAHOUT-1232,https://issues.apache.org/jira/browse/MAHOUT-1232,https://github.com/apache/mahou/tree/aeb8c72aec0ad5be73d94eb21ad4b90517e7b00b,https://github.com/apache/mahou/tree/8c539d2b051ce7f9ac6a9b13256708935b6ad44a,https://github.com/apache/mahou/compare/aeb8c72aec0ad5be73d94eb21ad4b90517e7b00b...8c539d2b051ce7f9ac6a9b13256708935b6ad44a
417,Mahout,d40bf86a1084c778b6125db83f125cfd596036ab,dca3aab6fc8bb26513e226eb77600322d5b0e9e8,MAHOUT-1070,https://issues.apache.org/jira/browse/MAHOUT-1070,https://github.com/apache/mahou/tree/d40bf86a1084c778b6125db83f125cfd596036ab,https://github.com/apache/mahou/tree/dca3aab6fc8bb26513e226eb77600322d5b0e9e8,https://github.com/apache/mahou/compare/d40bf86a1084c778b6125db83f125cfd596036ab...dca3aab6fc8bb26513e226eb77600322d5b0e9e8
418,Mahout,dca3aab6fc8bb26513e226eb77600322d5b0e9e8,67d149037c651cbe2a341e2548bde70fb5fdb4dc,MAHOUT-1047,https://issues.apache.org/jira/browse/MAHOUT-1047,https://github.com/apache/mahou/tree/dca3aab6fc8bb26513e226eb77600322d5b0e9e8,https://github.com/apache/mahou/tree/67d149037c651cbe2a341e2548bde70fb5fdb4dc,https://github.com/apache/mahou/compare/dca3aab6fc8bb26513e226eb77600322d5b0e9e8...67d149037c651cbe2a341e2548bde70fb5fdb4dc
419,Mahout,67d149037c651cbe2a341e2548bde70fb5fdb4dc,ed9e993d7eb23de48c2d7133d760b1fb085d5f08,MAHOUT-775,https://issues.apache.org/jira/browse/MAHOUT-775,https://github.com/apache/mahou/tree/67d149037c651cbe2a341e2548bde70fb5fdb4dc,https://github.com/apache/mahou/tree/ed9e993d7eb23de48c2d7133d760b1fb085d5f08,https://github.com/apache/mahou/compare/67d149037c651cbe2a341e2548bde70fb5fdb4dc...ed9e993d7eb23de48c2d7133d760b1fb085d5f08
420,Mahout,740a9c958330d665987808a6f04813c217322c55,f5b2ef2651945b120c301bbcaea773f75ef3c3fe,MAHOUT-1225,https://issues.apache.org/jira/browse/MAHOUT-1225,https://github.com/apache/mahou/tree/740a9c958330d665987808a6f04813c217322c55,https://github.com/apache/mahou/tree/f5b2ef2651945b120c301bbcaea773f75ef3c3fe,https://github.com/apache/mahou/compare/740a9c958330d665987808a6f04813c217322c55...f5b2ef2651945b120c301bbcaea773f75ef3c3fe
421,Mahout,f5b2ef2651945b120c301bbcaea773f75ef3c3fe,dda8a7814ef8ccbaf5056e76663d81dc946cd48f,MAHOUT-1132,https://issues.apache.org/jira/browse/MAHOUT-1132,https://github.com/apache/mahou/tree/f5b2ef2651945b120c301bbcaea773f75ef3c3fe,https://github.com/apache/mahou/tree/dda8a7814ef8ccbaf5056e76663d81dc946cd48f,https://github.com/apache/mahou/compare/f5b2ef2651945b120c301bbcaea773f75ef3c3fe...dda8a7814ef8ccbaf5056e76663d81dc946cd48f
422,Mahout,dda8a7814ef8ccbaf5056e76663d81dc946cd48f,4ce12cc008e64d4c301123c13c8ce1fe007497a0,MAHOUT-1201,https://issues.apache.org/jira/browse/MAHOUT-1201,https://github.com/apache/mahou/tree/dda8a7814ef8ccbaf5056e76663d81dc946cd48f,https://github.com/apache/mahou/tree/4ce12cc008e64d4c301123c13c8ce1fe007497a0,https://github.com/apache/mahou/compare/dda8a7814ef8ccbaf5056e76663d81dc946cd48f...4ce12cc008e64d4c301123c13c8ce1fe007497a0
423,Mahout,4ce12cc008e64d4c301123c13c8ce1fe007497a0,e3ec9d80c23269e3160494575dfa283459da5e02,MAHOUT-1200,https://issues.apache.org/jira/browse/MAHOUT-1200,https://github.com/apache/mahou/tree/4ce12cc008e64d4c301123c13c8ce1fe007497a0,https://github.com/apache/mahou/tree/e3ec9d80c23269e3160494575dfa283459da5e02,https://github.com/apache/mahou/compare/4ce12cc008e64d4c301123c13c8ce1fe007497a0...e3ec9d80c23269e3160494575dfa283459da5e02
424,Mahout,0c43ada4a6d5690538a326148ff643647ddde44d,092f374530822d6cbd2d4bcea5d5902b8a673f1a,MAHOUT-993,https://issues.apache.org/jira/browse/MAHOUT-993,https://github.com/apache/mahou/tree/0c43ada4a6d5690538a326148ff643647ddde44d,https://github.com/apache/mahou/tree/092f374530822d6cbd2d4bcea5d5902b8a673f1a,https://github.com/apache/mahou/compare/0c43ada4a6d5690538a326148ff643647ddde44d...092f374530822d6cbd2d4bcea5d5902b8a673f1a
425,Mahout,092f374530822d6cbd2d4bcea5d5902b8a673f1a,d1e5295b786f159731c348671d63520ffaf7167c,MAHOUT-962,https://issues.apache.org/jira/browse/MAHOUT-962,https://github.com/apache/mahou/tree/092f374530822d6cbd2d4bcea5d5902b8a673f1a,https://github.com/apache/mahou/tree/d1e5295b786f159731c348671d63520ffaf7167c,https://github.com/apache/mahou/compare/092f374530822d6cbd2d4bcea5d5902b8a673f1a...d1e5295b786f159731c348671d63520ffaf7167c
426,Mahout,d1e5295b786f159731c348671d63520ffaf7167c,6657591cb459b058643f2d31c7ee96df1d01fc95,MAHOUT-1108,https://issues.apache.org/jira/browse/MAHOUT-1108,https://github.com/apache/mahou/tree/d1e5295b786f159731c348671d63520ffaf7167c,https://github.com/apache/mahou/tree/6657591cb459b058643f2d31c7ee96df1d01fc95,https://github.com/apache/mahou/compare/d1e5295b786f159731c348671d63520ffaf7167c...6657591cb459b058643f2d31c7ee96df1d01fc95
427,Mahout,6657591cb459b058643f2d31c7ee96df1d01fc95,8dc2719a33efaa35492e3147b987583e7ffa5a3f,MAHOUT-966,https://issues.apache.org/jira/browse/MAHOUT-966,https://github.com/apache/mahou/tree/6657591cb459b058643f2d31c7ee96df1d01fc95,https://github.com/apache/mahou/tree/8dc2719a33efaa35492e3147b987583e7ffa5a3f,https://github.com/apache/mahou/compare/6657591cb459b058643f2d31c7ee96df1d01fc95...8dc2719a33efaa35492e3147b987583e7ffa5a3f
428,Mahout,8dc2719a33efaa35492e3147b987583e7ffa5a3f,f2ad4e16e7778d6652d3383d402e7819d7629dd6,MAHOUT-966,https://issues.apache.org/jira/browse/MAHOUT-966,https://github.com/apache/mahou/tree/8dc2719a33efaa35492e3147b987583e7ffa5a3f,https://github.com/apache/mahou/tree/f2ad4e16e7778d6652d3383d402e7819d7629dd6,https://github.com/apache/mahou/compare/8dc2719a33efaa35492e3147b987583e7ffa5a3f...f2ad4e16e7778d6652d3383d402e7819d7629dd6
429,Mahout,a3306645e446d00237e41d722e0ee74f89dcec84,ee8e393ee7a4f245861b1648966ca05adef5096f,MAHOUT-1196,https://issues.apache.org/jira/browse/MAHOUT-1196,https://github.com/apache/mahou/tree/a3306645e446d00237e41d722e0ee74f89dcec84,https://github.com/apache/mahou/tree/ee8e393ee7a4f245861b1648966ca05adef5096f,https://github.com/apache/mahou/compare/a3306645e446d00237e41d722e0ee74f89dcec84...ee8e393ee7a4f245861b1648966ca05adef5096f
430,Mahout,ee8e393ee7a4f245861b1648966ca05adef5096f,f09ea540f2e8fc0d87d110018194745c030fb482,MAHOUT-1237,https://issues.apache.org/jira/browse/MAHOUT-1237,https://github.com/apache/mahou/tree/ee8e393ee7a4f245861b1648966ca05adef5096f,https://github.com/apache/mahou/tree/f09ea540f2e8fc0d87d110018194745c030fb482,https://github.com/apache/mahou/compare/ee8e393ee7a4f245861b1648966ca05adef5096f...f09ea540f2e8fc0d87d110018194745c030fb482
431,Mahout,f09ea540f2e8fc0d87d110018194745c030fb482,6d87badaaf89bdf2e76ea87aed0b1c549576ace8,MAHOUT-1238,https://issues.apache.org/jira/browse/MAHOUT-1238,https://github.com/apache/mahou/tree/f09ea540f2e8fc0d87d110018194745c030fb482,https://github.com/apache/mahou/tree/6d87badaaf89bdf2e76ea87aed0b1c549576ace8,https://github.com/apache/mahou/compare/f09ea540f2e8fc0d87d110018194745c030fb482...6d87badaaf89bdf2e76ea87aed0b1c549576ace8
432,Mahout,89a2ba02042fa9aa4eced6801bbd566a25e3c392,26e532fd792ed08203c94ef02c480708a9e92d33,MAHOUT-1240,https://issues.apache.org/jira/browse/MAHOUT-1240,https://github.com/apache/mahou/tree/89a2ba02042fa9aa4eced6801bbd566a25e3c392,https://github.com/apache/mahou/tree/26e532fd792ed08203c94ef02c480708a9e92d33,https://github.com/apache/mahou/compare/89a2ba02042fa9aa4eced6801bbd566a25e3c392...26e532fd792ed08203c94ef02c480708a9e92d33
433,Mahout,26e532fd792ed08203c94ef02c480708a9e92d33,fa5336eba62537b237df358338bc723c1398a7ea,MAHOUT-1240,https://issues.apache.org/jira/browse/MAHOUT-1240,https://github.com/apache/mahou/tree/26e532fd792ed08203c94ef02c480708a9e92d33,https://github.com/apache/mahou/tree/fa5336eba62537b237df358338bc723c1398a7ea,https://github.com/apache/mahou/compare/26e532fd792ed08203c94ef02c480708a9e92d33...fa5336eba62537b237df358338bc723c1398a7ea
434,Mahout,fa5336eba62537b237df358338bc723c1398a7ea,9ced02fb64732b1b664c01bacdd54fc28760d631,MAHOUT-1240,https://issues.apache.org/jira/browse/MAHOUT-1240,https://github.com/apache/mahou/tree/fa5336eba62537b237df358338bc723c1398a7ea,https://github.com/apache/mahou/tree/9ced02fb64732b1b664c01bacdd54fc28760d631,https://github.com/apache/mahou/compare/fa5336eba62537b237df358338bc723c1398a7ea...9ced02fb64732b1b664c01bacdd54fc28760d631
435,Mahout,4ca6b866a4b2cdacec85be5f1828594a1ef76754,2282122dcd1e27747f44da7ba08e5c63a6627b0c,MAHOUT-961,https://issues.apache.org/jira/browse/MAHOUT-961,https://github.com/apache/mahou/tree/4ca6b866a4b2cdacec85be5f1828594a1ef76754,https://github.com/apache/mahou/tree/2282122dcd1e27747f44da7ba08e5c63a6627b0c,https://github.com/apache/mahou/compare/4ca6b866a4b2cdacec85be5f1828594a1ef76754...2282122dcd1e27747f44da7ba08e5c63a6627b0c
436,Mahout,5c200426dd8f29d0b073caea4b85b1f49223117f,10093c97f3dc09660f839da83aabfc97e20fef93,MAHOUT-1240,https://issues.apache.org/jira/browse/MAHOUT-1240,https://github.com/apache/mahou/tree/5c200426dd8f29d0b073caea4b85b1f49223117f,https://github.com/apache/mahou/tree/10093c97f3dc09660f839da83aabfc97e20fef93,https://github.com/apache/mahou/compare/5c200426dd8f29d0b073caea4b85b1f49223117f...10093c97f3dc09660f839da83aabfc97e20fef93
437,Mahout,54a66572dfce70f67851b672da0662d7b1916442,72c68828a0018a736caa596dd7fa1f92e19d7335,MAHOUT-958,https://issues.apache.org/jira/browse/MAHOUT-958,https://github.com/apache/mahou/tree/54a66572dfce70f67851b672da0662d7b1916442,https://github.com/apache/mahou/tree/72c68828a0018a736caa596dd7fa1f92e19d7335,https://github.com/apache/mahou/compare/54a66572dfce70f67851b672da0662d7b1916442...72c68828a0018a736caa596dd7fa1f92e19d7335
438,Mahout,bbd2b7ea35a36804a2f813cebfdd66061adaabcc,dd56a290f592281f80f0146139a2c954b98aa352,MAHOUT-1243,https://issues.apache.org/jira/browse/MAHOUT-1243,https://github.com/apache/mahou/tree/bbd2b7ea35a36804a2f813cebfdd66061adaabcc,https://github.com/apache/mahou/tree/dd56a290f592281f80f0146139a2c954b98aa352,https://github.com/apache/mahou/compare/bbd2b7ea35a36804a2f813cebfdd66061adaabcc...dd56a290f592281f80f0146139a2c954b98aa352
439,Mahout,dd56a290f592281f80f0146139a2c954b98aa352,01b6488536a3102b20e5e4d109afff3d02c77684,MAHOUT-1084,https://issues.apache.org/jira/browse/MAHOUT-1084,https://github.com/apache/mahou/tree/dd56a290f592281f80f0146139a2c954b98aa352,https://github.com/apache/mahou/tree/01b6488536a3102b20e5e4d109afff3d02c77684,https://github.com/apache/mahou/compare/dd56a290f592281f80f0146139a2c954b98aa352...01b6488536a3102b20e5e4d109afff3d02c77684
440,Mahout,81419837bb4a88540e126f20009419c644236f09,e6370c079379b5640dadb7e8f3a62068bfeac432,MAHOUT-1243,https://issues.apache.org/jira/browse/MAHOUT-1243,https://github.com/apache/mahou/tree/81419837bb4a88540e126f20009419c644236f09,https://github.com/apache/mahou/tree/e6370c079379b5640dadb7e8f3a62068bfeac432,https://github.com/apache/mahou/compare/81419837bb4a88540e126f20009419c644236f09...e6370c079379b5640dadb7e8f3a62068bfeac432
441,Mahout,e6370c079379b5640dadb7e8f3a62068bfeac432,6b7f601ad34d484b7c63a7711d7964c0beaf132c,MAHOUT-1163,https://issues.apache.org/jira/browse/MAHOUT-1163,https://github.com/apache/mahou/tree/e6370c079379b5640dadb7e8f3a62068bfeac432,https://github.com/apache/mahou/tree/6b7f601ad34d484b7c63a7711d7964c0beaf132c,https://github.com/apache/mahou/compare/e6370c079379b5640dadb7e8f3a62068bfeac432...6b7f601ad34d484b7c63a7711d7964c0beaf132c
442,Mahout,6b7f601ad34d484b7c63a7711d7964c0beaf132c,d0bed6dbb08a76ff018e0b248e2be60bccf2431c,MAHOUT-1164,https://issues.apache.org/jira/browse/MAHOUT-1164,https://github.com/apache/mahou/tree/6b7f601ad34d484b7c63a7711d7964c0beaf132c,https://github.com/apache/mahou/tree/d0bed6dbb08a76ff018e0b248e2be60bccf2431c,https://github.com/apache/mahou/compare/6b7f601ad34d484b7c63a7711d7964c0beaf132c...d0bed6dbb08a76ff018e0b248e2be60bccf2431c
443,Mahout,d0bed6dbb08a76ff018e0b248e2be60bccf2431c,06ce99241a610b15a556104e8f5ccf75ffd6cfb0,MAHOUT-1126,https://issues.apache.org/jira/browse/MAHOUT-1126,https://github.com/apache/mahou/tree/d0bed6dbb08a76ff018e0b248e2be60bccf2431c,https://github.com/apache/mahou/tree/06ce99241a610b15a556104e8f5ccf75ffd6cfb0,https://github.com/apache/mahou/compare/d0bed6dbb08a76ff018e0b248e2be60bccf2431c...06ce99241a610b15a556104e8f5ccf75ffd6cfb0
444,Mahout,06ce99241a610b15a556104e8f5ccf75ffd6cfb0,bbf536942a6044048b6f909dfe346268f5370df9,MAHOUT-1103,https://issues.apache.org/jira/browse/MAHOUT-1103,https://github.com/apache/mahou/tree/06ce99241a610b15a556104e8f5ccf75ffd6cfb0,https://github.com/apache/mahou/tree/bbf536942a6044048b6f909dfe346268f5370df9,https://github.com/apache/mahou/compare/06ce99241a610b15a556104e8f5ccf75ffd6cfb0...bbf536942a6044048b6f909dfe346268f5370df9
445,Mahout,31cb292293bd539e29458896e78bad5d72b2b895,035cd73153fa6ca2c5e521a7c16193986ba1639f,MAHOUT-1247,https://issues.apache.org/jira/browse/MAHOUT-1247,https://github.com/apache/mahou/tree/31cb292293bd539e29458896e78bad5d72b2b895,https://github.com/apache/mahou/tree/035cd73153fa6ca2c5e521a7c16193986ba1639f,https://github.com/apache/mahou/compare/31cb292293bd539e29458896e78bad5d72b2b895...035cd73153fa6ca2c5e521a7c16193986ba1639f
446,Mahout,3aa430961e0bd0cd3de24c7f600eb210749ab11e,4da4468986b9dd2b4837ac1fa6796681a4c37392,MAHOUT-1103,https://issues.apache.org/jira/browse/MAHOUT-1103,https://github.com/apache/mahou/tree/3aa430961e0bd0cd3de24c7f600eb210749ab11e,https://github.com/apache/mahou/tree/4da4468986b9dd2b4837ac1fa6796681a4c37392,https://github.com/apache/mahou/compare/3aa430961e0bd0cd3de24c7f600eb210749ab11e...4da4468986b9dd2b4837ac1fa6796681a4c37392
447,Mahout,4da4468986b9dd2b4837ac1fa6796681a4c37392,1c16298cd7c72738519f8e5018ba16210a0f2f5b,MAHOUT-1147,https://issues.apache.org/jira/browse/MAHOUT-1147,https://github.com/apache/mahou/tree/4da4468986b9dd2b4837ac1fa6796681a4c37392,https://github.com/apache/mahou/tree/1c16298cd7c72738519f8e5018ba16210a0f2f5b,https://github.com/apache/mahou/compare/4da4468986b9dd2b4837ac1fa6796681a4c37392...1c16298cd7c72738519f8e5018ba16210a0f2f5b
448,Mahout,2c2b52d9173be7b1b3284554a590fa04fa6a3d14,33af892642740f01291ea88ed30bebe2626270d6,MAHOUT-1259,https://issues.apache.org/jira/browse/MAHOUT-1259,https://github.com/apache/mahou/tree/2c2b52d9173be7b1b3284554a590fa04fa6a3d14,https://github.com/apache/mahou/tree/33af892642740f01291ea88ed30bebe2626270d6,https://github.com/apache/mahou/compare/2c2b52d9173be7b1b3284554a590fa04fa6a3d14...33af892642740f01291ea88ed30bebe2626270d6
449,Mahout,11321f7cccac0e32c90d0fecb132351aca69a1bc,4cd0064939fb84bf343e3cff9401f37d8870df9f,MAHOUT-1263,https://issues.apache.org/jira/browse/MAHOUT-1263,https://github.com/apache/mahou/tree/11321f7cccac0e32c90d0fecb132351aca69a1bc,https://github.com/apache/mahou/tree/4cd0064939fb84bf343e3cff9401f37d8870df9f,https://github.com/apache/mahou/compare/11321f7cccac0e32c90d0fecb132351aca69a1bc...4cd0064939fb84bf343e3cff9401f37d8870df9f
450,Mahout,4cd0064939fb84bf343e3cff9401f37d8870df9f,8460c0cbcf029beaa64f082e73d2a45f0b05f342,MAHOUT-1263,https://issues.apache.org/jira/browse/MAHOUT-1263,https://github.com/apache/mahou/tree/4cd0064939fb84bf343e3cff9401f37d8870df9f,https://github.com/apache/mahou/tree/8460c0cbcf029beaa64f082e73d2a45f0b05f342,https://github.com/apache/mahou/compare/4cd0064939fb84bf343e3cff9401f37d8870df9f...8460c0cbcf029beaa64f082e73d2a45f0b05f342
451,Mahout,d49d4c8a2d8f19c84f5f7b5543d2aa427390f0c6,7ee9154fa43f2550ce64bb81f3e2bcbaec04feda,MAHOUT-1268,https://issues.apache.org/jira/browse/MAHOUT-1268,https://github.com/apache/mahou/tree/d49d4c8a2d8f19c84f5f7b5543d2aa427390f0c6,https://github.com/apache/mahou/tree/7ee9154fa43f2550ce64bb81f3e2bcbaec04feda,https://github.com/apache/mahou/compare/d49d4c8a2d8f19c84f5f7b5543d2aa427390f0c6...7ee9154fa43f2550ce64bb81f3e2bcbaec04feda
452,Mahout,13aa5273ea661af61f19096067ec1fefa97a790e,3ea5a17fb5218699ae361c52a67318480d1d12be,MAHOUT-1269,https://issues.apache.org/jira/browse/MAHOUT-1269,https://github.com/apache/mahou/tree/13aa5273ea661af61f19096067ec1fefa97a790e,https://github.com/apache/mahou/tree/3ea5a17fb5218699ae361c52a67318480d1d12be,https://github.com/apache/mahou/compare/13aa5273ea661af61f19096067ec1fefa97a790e...3ea5a17fb5218699ae361c52a67318480d1d12be
453,Mahout,3ea5a17fb5218699ae361c52a67318480d1d12be,c533e9376d40736c1cd95f4ed58b4c28ed3da697,MAHOUT-1269,https://issues.apache.org/jira/browse/MAHOUT-1269,https://github.com/apache/mahou/tree/3ea5a17fb5218699ae361c52a67318480d1d12be,https://github.com/apache/mahou/tree/c533e9376d40736c1cd95f4ed58b4c28ed3da697,https://github.com/apache/mahou/compare/3ea5a17fb5218699ae361c52a67318480d1d12be...c533e9376d40736c1cd95f4ed58b4c28ed3da697
454,Mahout,cb9a9eab9ff7dacd3efc7df149f2d1db6ba6dbeb,9d7d6151ccc387fde6bbe092d2cedffafcc7c77e,MAHOUT-1271,https://issues.apache.org/jira/browse/MAHOUT-1271,https://github.com/apache/mahou/tree/cb9a9eab9ff7dacd3efc7df149f2d1db6ba6dbeb,https://github.com/apache/mahou/tree/9d7d6151ccc387fde6bbe092d2cedffafcc7c77e,https://github.com/apache/mahou/compare/cb9a9eab9ff7dacd3efc7df149f2d1db6ba6dbeb...9d7d6151ccc387fde6bbe092d2cedffafcc7c77e
455,Mahout,9d7d6151ccc387fde6bbe092d2cedffafcc7c77e,eae8c6c84b8a6481d1c16feb9c6627ef6dc03ee0,MAHOUT-1271,https://issues.apache.org/jira/browse/MAHOUT-1271,https://github.com/apache/mahou/tree/9d7d6151ccc387fde6bbe092d2cedffafcc7c77e,https://github.com/apache/mahou/tree/eae8c6c84b8a6481d1c16feb9c6627ef6dc03ee0,https://github.com/apache/mahou/compare/9d7d6151ccc387fde6bbe092d2cedffafcc7c77e...eae8c6c84b8a6481d1c16feb9c6627ef6dc03ee0
456,Mahout,5b56a529b9ed4e17b68283aeb1f139fa5869a4a6,9676d7a5a55b1efc6ad64ce6e93c94e2e3cc38de,MAHOUT-1293,https://issues.apache.org/jira/browse/MAHOUT-1293,https://github.com/apache/mahou/tree/5b56a529b9ed4e17b68283aeb1f139fa5869a4a6,https://github.com/apache/mahou/tree/9676d7a5a55b1efc6ad64ce6e93c94e2e3cc38de,https://github.com/apache/mahou/compare/5b56a529b9ed4e17b68283aeb1f139fa5869a4a6...9676d7a5a55b1efc6ad64ce6e93c94e2e3cc38de
457,Mahout,9e9ffd32f64e02ddb1a114e7df21108fba2f873e,824b430f40bfb770c0782471f7c1cc86322808e7,MAHOUT-1290,https://issues.apache.org/jira/browse/MAHOUT-1290,https://github.com/apache/mahou/tree/9e9ffd32f64e02ddb1a114e7df21108fba2f873e,https://github.com/apache/mahou/tree/824b430f40bfb770c0782471f7c1cc86322808e7,https://github.com/apache/mahou/compare/9e9ffd32f64e02ddb1a114e7df21108fba2f873e...824b430f40bfb770c0782471f7c1cc86322808e7
458,Mahout,824b430f40bfb770c0782471f7c1cc86322808e7,e21ebcb20115462c7d8d6b513769f11b22f631b6,MAHOUT-1290,https://issues.apache.org/jira/browse/MAHOUT-1290,https://github.com/apache/mahou/tree/824b430f40bfb770c0782471f7c1cc86322808e7,https://github.com/apache/mahou/tree/e21ebcb20115462c7d8d6b513769f11b22f631b6,https://github.com/apache/mahou/compare/824b430f40bfb770c0782471f7c1cc86322808e7...e21ebcb20115462c7d8d6b513769f11b22f631b6
459,Mahout,9dbb1a04e29b222f4dd9bbad8ab21a42e36e7e75,c3e0b8c5bee2314e3c4799f7fac411f6f38a3f70,MAHOUT-1287,https://issues.apache.org/jira/browse/MAHOUT-1287,https://github.com/apache/mahou/tree/9dbb1a04e29b222f4dd9bbad8ab21a42e36e7e75,https://github.com/apache/mahou/tree/c3e0b8c5bee2314e3c4799f7fac411f6f38a3f70,https://github.com/apache/mahou/compare/9dbb1a04e29b222f4dd9bbad8ab21a42e36e7e75...c3e0b8c5bee2314e3c4799f7fac411f6f38a3f70
460,Mahout,c3e0b8c5bee2314e3c4799f7fac411f6f38a3f70,125d2e386b7fc07e1b34c3d79670767f6c129fb1,MAHOUT-1284,https://issues.apache.org/jira/browse/MAHOUT-1284,https://github.com/apache/mahou/tree/c3e0b8c5bee2314e3c4799f7fac411f6f38a3f70,https://github.com/apache/mahou/tree/125d2e386b7fc07e1b34c3d79670767f6c129fb1,https://github.com/apache/mahou/compare/c3e0b8c5bee2314e3c4799f7fac411f6f38a3f70...125d2e386b7fc07e1b34c3d79670767f6c129fb1
461,Mahout,125d2e386b7fc07e1b34c3d79670767f6c129fb1,1e8951f6a806b4d2fb1b317b84db9be95d3050f6,MAHOUT-1284,https://issues.apache.org/jira/browse/MAHOUT-1284,https://github.com/apache/mahou/tree/125d2e386b7fc07e1b34c3d79670767f6c129fb1,https://github.com/apache/mahou/tree/1e8951f6a806b4d2fb1b317b84db9be95d3050f6,https://github.com/apache/mahou/compare/125d2e386b7fc07e1b34c3d79670767f6c129fb1...1e8951f6a806b4d2fb1b317b84db9be95d3050f6
462,Mahout,3241531314b2e388f84ccce2f1b3c6b0311a2323,0833411f3286b20ce1d6c936d16ab43cfa711aee,MAHOUT-1301,https://issues.apache.org/jira/browse/MAHOUT-1301,https://github.com/apache/mahou/tree/3241531314b2e388f84ccce2f1b3c6b0311a2323,https://github.com/apache/mahou/tree/0833411f3286b20ce1d6c936d16ab43cfa711aee,https://github.com/apache/mahou/compare/3241531314b2e388f84ccce2f1b3c6b0311a2323...0833411f3286b20ce1d6c936d16ab43cfa711aee
463,Mahout,0833411f3286b20ce1d6c936d16ab43cfa711aee,faefa0c2a634afbe59e65a3e3e504efa6a9b02d1,MAHOUT-1301,https://issues.apache.org/jira/browse/MAHOUT-1301,https://github.com/apache/mahou/tree/0833411f3286b20ce1d6c936d16ab43cfa711aee,https://github.com/apache/mahou/tree/faefa0c2a634afbe59e65a3e3e504efa6a9b02d1,https://github.com/apache/mahou/compare/0833411f3286b20ce1d6c936d16ab43cfa711aee...faefa0c2a634afbe59e65a3e3e504efa6a9b02d1
464,Mahout,a1e815eced1a1455c3462dd9ae860570d0262c68,b717cfc0d9720607517e0380eb6cb8e8ee13bde4,MAHOUT-1306,https://issues.apache.org/jira/browse/MAHOUT-1306,https://github.com/apache/mahou/tree/a1e815eced1a1455c3462dd9ae860570d0262c68,https://github.com/apache/mahou/tree/b717cfc0d9720607517e0380eb6cb8e8ee13bde4,https://github.com/apache/mahou/compare/a1e815eced1a1455c3462dd9ae860570d0262c68...b717cfc0d9720607517e0380eb6cb8e8ee13bde4
465,Mahout,b717cfc0d9720607517e0380eb6cb8e8ee13bde4,841b783a043a5b122d5eb72d9b8c3195e6331001,MAHOUT-1313,https://issues.apache.org/jira/browse/MAHOUT-1313,https://github.com/apache/mahou/tree/b717cfc0d9720607517e0380eb6cb8e8ee13bde4,https://github.com/apache/mahou/tree/841b783a043a5b122d5eb72d9b8c3195e6331001,https://github.com/apache/mahou/compare/b717cfc0d9720607517e0380eb6cb8e8ee13bde4...841b783a043a5b122d5eb72d9b8c3195e6331001
466,Mahout,b89d1c35301bd6032a388b429c7e699d615dd6ac,e70534f7a4ec2b54ec768ac7ab901471c449283f,MAHOUT-1315,https://issues.apache.org/jira/browse/MAHOUT-1315,https://github.com/apache/mahou/tree/b89d1c35301bd6032a388b429c7e699d615dd6ac,https://github.com/apache/mahou/tree/e70534f7a4ec2b54ec768ac7ab901471c449283f,https://github.com/apache/mahou/compare/b89d1c35301bd6032a388b429c7e699d615dd6ac...e70534f7a4ec2b54ec768ac7ab901471c449283f
467,Mahout,5741b1e318b22e438ca1eeb91925bc4baee70b64,fcc3260b5a1e83ef05302f2eb6b7d4fd40fad1ef,MAHOUT-1302,https://issues.apache.org/jira/browse/MAHOUT-1302,https://github.com/apache/mahou/tree/5741b1e318b22e438ca1eeb91925bc4baee70b64,https://github.com/apache/mahou/tree/fcc3260b5a1e83ef05302f2eb6b7d4fd40fad1ef,https://github.com/apache/mahou/compare/5741b1e318b22e438ca1eeb91925bc4baee70b64...fcc3260b5a1e83ef05302f2eb6b7d4fd40fad1ef
468,Mahout,fcc3260b5a1e83ef05302f2eb6b7d4fd40fad1ef,31f58654d63d42bbda1d7e912b6f95efb6120627,MAHOUT-1302,https://issues.apache.org/jira/browse/MAHOUT-1302,https://github.com/apache/mahou/tree/fcc3260b5a1e83ef05302f2eb6b7d4fd40fad1ef,https://github.com/apache/mahou/tree/31f58654d63d42bbda1d7e912b6f95efb6120627,https://github.com/apache/mahou/compare/fcc3260b5a1e83ef05302f2eb6b7d4fd40fad1ef...31f58654d63d42bbda1d7e912b6f95efb6120627
469,Mahout,31f58654d63d42bbda1d7e912b6f95efb6120627,09127f56c636ee637eb1f07d0eba3440b6712f10,MAHOUT-1302,https://issues.apache.org/jira/browse/MAHOUT-1302,https://github.com/apache/mahou/tree/31f58654d63d42bbda1d7e912b6f95efb6120627,https://github.com/apache/mahou/tree/09127f56c636ee637eb1f07d0eba3440b6712f10,https://github.com/apache/mahou/compare/31f58654d63d42bbda1d7e912b6f95efb6120627...09127f56c636ee637eb1f07d0eba3440b6712f10
470,Mahout,411a86eb6e47ca9ac5c33af87d59e2380475a4db,131c84c923edbb949e2066761c88e8ea79763e99,MAHOUT-1332,https://issues.apache.org/jira/browse/MAHOUT-1332,https://github.com/apache/mahou/tree/411a86eb6e47ca9ac5c33af87d59e2380475a4db,https://github.com/apache/mahou/tree/131c84c923edbb949e2066761c88e8ea79763e99,https://github.com/apache/mahou/compare/411a86eb6e47ca9ac5c33af87d59e2380475a4db...131c84c923edbb949e2066761c88e8ea79763e99
471,Mahout,ca3300f23f47bc44b20a0ae55815ad003756463e,82bbf156a58baa2b45a3f76ff6c886ee3fdf395b,MAHOUT-1335,https://issues.apache.org/jira/browse/MAHOUT-1335,https://github.com/apache/mahou/tree/ca3300f23f47bc44b20a0ae55815ad003756463e,https://github.com/apache/mahou/tree/82bbf156a58baa2b45a3f76ff6c886ee3fdf395b,https://github.com/apache/mahou/compare/ca3300f23f47bc44b20a0ae55815ad003756463e...82bbf156a58baa2b45a3f76ff6c886ee3fdf395b
472,Mahout,82bbf156a58baa2b45a3f76ff6c886ee3fdf395b,bf1d130e3e221512b764f7a321ba608dd7efbcb2,MAHOUT-1336,https://issues.apache.org/jira/browse/MAHOUT-1336,https://github.com/apache/mahou/tree/82bbf156a58baa2b45a3f76ff6c886ee3fdf395b,https://github.com/apache/mahou/tree/bf1d130e3e221512b764f7a321ba608dd7efbcb2,https://github.com/apache/mahou/compare/82bbf156a58baa2b45a3f76ff6c886ee3fdf395b...bf1d130e3e221512b764f7a321ba608dd7efbcb2
473,Mahout,bf1d130e3e221512b764f7a321ba608dd7efbcb2,00566b139ec2bf0355864b333a8331b6fac1add9,MAHOUT-1333,https://issues.apache.org/jira/browse/MAHOUT-1333,https://github.com/apache/mahou/tree/bf1d130e3e221512b764f7a321ba608dd7efbcb2,https://github.com/apache/mahou/tree/00566b139ec2bf0355864b333a8331b6fac1add9,https://github.com/apache/mahou/compare/bf1d130e3e221512b764f7a321ba608dd7efbcb2...00566b139ec2bf0355864b333a8331b6fac1add9
474,Mahout,00566b139ec2bf0355864b333a8331b6fac1add9,9abf7557ca81150d98dec2ac44543ef39af4f31c,MAHOUT-1320,https://issues.apache.org/jira/browse/MAHOUT-1320,https://github.com/apache/mahou/tree/00566b139ec2bf0355864b333a8331b6fac1add9,https://github.com/apache/mahou/tree/9abf7557ca81150d98dec2ac44543ef39af4f31c,https://github.com/apache/mahou/compare/00566b139ec2bf0355864b333a8331b6fac1add9...9abf7557ca81150d98dec2ac44543ef39af4f31c
475,Mahout,9abf7557ca81150d98dec2ac44543ef39af4f31c,b3d25547b6232ece8e77ee034b1248aaff52f108,MAHOUT-1337,https://issues.apache.org/jira/browse/MAHOUT-1337,https://github.com/apache/mahou/tree/9abf7557ca81150d98dec2ac44543ef39af4f31c,https://github.com/apache/mahou/tree/b3d25547b6232ece8e77ee034b1248aaff52f108,https://github.com/apache/mahou/compare/9abf7557ca81150d98dec2ac44543ef39af4f31c...b3d25547b6232ece8e77ee034b1248aaff52f108
476,Mahout,cbae1e8b5de643277439ebe67a6d15288514057e,5592426ee15d7b81dcc3d8213704be47fe113227,MAHOUT-1340,https://issues.apache.org/jira/browse/MAHOUT-1340,https://github.com/apache/mahou/tree/cbae1e8b5de643277439ebe67a6d15288514057e,https://github.com/apache/mahou/tree/5592426ee15d7b81dcc3d8213704be47fe113227,https://github.com/apache/mahou/compare/cbae1e8b5de643277439ebe67a6d15288514057e...5592426ee15d7b81dcc3d8213704be47fe113227
477,Mahout,1a38c2339ab6749dfcc6810d94e1793beb82f6ef,921e2015ef96bc9655c9d821e051d6c0d2e99045,MAHOUT-1325,https://issues.apache.org/jira/browse/MAHOUT-1325,https://github.com/apache/mahou/tree/1a38c2339ab6749dfcc6810d94e1793beb82f6ef,https://github.com/apache/mahou/tree/921e2015ef96bc9655c9d821e051d6c0d2e99045,https://github.com/apache/mahou/compare/1a38c2339ab6749dfcc6810d94e1793beb82f6ef...921e2015ef96bc9655c9d821e051d6c0d2e99045
478,Mahout,abbf629a5d31dc5151bb3c394284f4773c816560,e8cd2306709625bd0f2ed3e4e768f510a4343b96,MAHOUT-1325,https://issues.apache.org/jira/browse/MAHOUT-1325,https://github.com/apache/mahou/tree/abbf629a5d31dc5151bb3c394284f4773c816560,https://github.com/apache/mahou/tree/e8cd2306709625bd0f2ed3e4e768f510a4343b96,https://github.com/apache/mahou/compare/abbf629a5d31dc5151bb3c394284f4773c816560...e8cd2306709625bd0f2ed3e4e768f510a4343b96
479,Mahout,02ecad17bac6be42eb946fcc029d10dda283b57c,91095865ff06c3b77efcb3d9514df10f70f95912,MAHOUT-1357,https://issues.apache.org/jira/browse/MAHOUT-1357,https://github.com/apache/mahou/tree/02ecad17bac6be42eb946fcc029d10dda283b57c,https://github.com/apache/mahou/tree/91095865ff06c3b77efcb3d9514df10f70f95912,https://github.com/apache/mahou/compare/02ecad17bac6be42eb946fcc029d10dda283b57c...91095865ff06c3b77efcb3d9514df10f70f95912
480,Mahout,91095865ff06c3b77efcb3d9514df10f70f95912,3cc95f4fc8e167417e12def3948b13bd7e1f57f6,MAHOUT-1292,https://issues.apache.org/jira/browse/MAHOUT-1292,https://github.com/apache/mahou/tree/91095865ff06c3b77efcb3d9514df10f70f95912,https://github.com/apache/mahou/tree/3cc95f4fc8e167417e12def3948b13bd7e1f57f6,https://github.com/apache/mahou/compare/91095865ff06c3b77efcb3d9514df10f70f95912...3cc95f4fc8e167417e12def3948b13bd7e1f57f6
481,Mahout,3cc95f4fc8e167417e12def3948b13bd7e1f57f6,f739dca9e8d666e52d7388ad53dae1293d934ae5,MAHOUT-1292,https://issues.apache.org/jira/browse/MAHOUT-1292,https://github.com/apache/mahou/tree/3cc95f4fc8e167417e12def3948b13bd7e1f57f6,https://github.com/apache/mahou/tree/f739dca9e8d666e52d7388ad53dae1293d934ae5,https://github.com/apache/mahou/compare/3cc95f4fc8e167417e12def3948b13bd7e1f57f6...f739dca9e8d666e52d7388ad53dae1293d934ae5
482,Mahout,e1bb0027ba261e3822d379914ab3ab4bcf7b8aeb,0c1b4a1e07fa6be269615c08a3813af04a71d46e,MAHOUt-1314,https://issues.apache.org/jira/browse/MAHOUT-1314,https://github.com/apache/mahou/tree/e1bb0027ba261e3822d379914ab3ab4bcf7b8aeb,https://github.com/apache/mahou/tree/0c1b4a1e07fa6be269615c08a3813af04a71d46e,https://github.com/apache/mahou/compare/e1bb0027ba261e3822d379914ab3ab4bcf7b8aeb...0c1b4a1e07fa6be269615c08a3813af04a71d46e
483,Mahout,0c1b4a1e07fa6be269615c08a3813af04a71d46e,40907b1f5cbf02a6eb64cce11e1fcaa27f6c4f18,MAHOUT-1358,https://issues.apache.org/jira/browse/MAHOUT-1358,https://github.com/apache/mahou/tree/0c1b4a1e07fa6be269615c08a3813af04a71d46e,https://github.com/apache/mahou/tree/40907b1f5cbf02a6eb64cce11e1fcaa27f6c4f18,https://github.com/apache/mahou/compare/0c1b4a1e07fa6be269615c08a3813af04a71d46e...40907b1f5cbf02a6eb64cce11e1fcaa27f6c4f18
484,Mahout,17ab609eac44fd5f539f10604c664a2cbfee98fe,f75ea67e61cfbd25c2bf1dc094ae6c739831bb43,MAHOUT-1276,https://issues.apache.org/jira/browse/MAHOUT-1276,https://github.com/apache/mahou/tree/17ab609eac44fd5f539f10604c664a2cbfee98fe,https://github.com/apache/mahou/tree/f75ea67e61cfbd25c2bf1dc094ae6c739831bb43,https://github.com/apache/mahou/compare/17ab609eac44fd5f539f10604c664a2cbfee98fe...f75ea67e61cfbd25c2bf1dc094ae6c739831bb43
485,Mahout,f75ea67e61cfbd25c2bf1dc094ae6c739831bb43,f1c99aa6a03880f80f483d24ac46a0d097a130b5,MAHOUT-1292,https://issues.apache.org/jira/browse/MAHOUT-1292,https://github.com/apache/mahou/tree/f75ea67e61cfbd25c2bf1dc094ae6c739831bb43,https://github.com/apache/mahou/tree/f1c99aa6a03880f80f483d24ac46a0d097a130b5,https://github.com/apache/mahou/compare/f75ea67e61cfbd25c2bf1dc094ae6c739831bb43...f1c99aa6a03880f80f483d24ac46a0d097a130b5
486,Mahout,f1c99aa6a03880f80f483d24ac46a0d097a130b5,209714387177f289273d64d48ed6141b9d5aa1e2,MAHOUT-1292,https://issues.apache.org/jira/browse/MAHOUT-1292,https://github.com/apache/mahou/tree/f1c99aa6a03880f80f483d24ac46a0d097a130b5,https://github.com/apache/mahou/tree/209714387177f289273d64d48ed6141b9d5aa1e2,https://github.com/apache/mahou/compare/f1c99aa6a03880f80f483d24ac46a0d097a130b5...209714387177f289273d64d48ed6141b9d5aa1e2
487,Mahout,209714387177f289273d64d48ed6141b9d5aa1e2,682feb495ad2a18716afc11eff5d9138984e5b8d,MAHOUT-1308,https://issues.apache.org/jira/browse/MAHOUT-1308,https://github.com/apache/mahou/tree/209714387177f289273d64d48ed6141b9d5aa1e2,https://github.com/apache/mahou/tree/682feb495ad2a18716afc11eff5d9138984e5b8d,https://github.com/apache/mahou/compare/209714387177f289273d64d48ed6141b9d5aa1e2...682feb495ad2a18716afc11eff5d9138984e5b8d
488,Mahout,682feb495ad2a18716afc11eff5d9138984e5b8d,2e7c3198e4d9e5e3fce876da83c3ef0d2ce6423a,MAHOUT-1308,https://issues.apache.org/jira/browse/MAHOUT-1308,https://github.com/apache/mahou/tree/682feb495ad2a18716afc11eff5d9138984e5b8d,https://github.com/apache/mahou/tree/2e7c3198e4d9e5e3fce876da83c3ef0d2ce6423a,https://github.com/apache/mahou/compare/682feb495ad2a18716afc11eff5d9138984e5b8d...2e7c3198e4d9e5e3fce876da83c3ef0d2ce6423a
489,Mahout,2e7c3198e4d9e5e3fce876da83c3ef0d2ce6423a,d72ba280d8ed202f60872e3b2cc9d167c7b6699d,MAHOUT-1308,https://issues.apache.org/jira/browse/MAHOUT-1308,https://github.com/apache/mahou/tree/2e7c3198e4d9e5e3fce876da83c3ef0d2ce6423a,https://github.com/apache/mahou/tree/d72ba280d8ed202f60872e3b2cc9d167c7b6699d,https://github.com/apache/mahou/compare/2e7c3198e4d9e5e3fce876da83c3ef0d2ce6423a...d72ba280d8ed202f60872e3b2cc9d167c7b6699d
490,Mahout,018ec691f0f734aca79ba7353d6e8a2b731054e3,b96e7ba8fab03745257d5feb6ab97247d6abcee8,MAHOUT-1292,https://issues.apache.org/jira/browse/MAHOUT-1292,https://github.com/apache/mahou/tree/018ec691f0f734aca79ba7353d6e8a2b731054e3,https://github.com/apache/mahou/tree/b96e7ba8fab03745257d5feb6ab97247d6abcee8,https://github.com/apache/mahou/compare/018ec691f0f734aca79ba7353d6e8a2b731054e3...b96e7ba8fab03745257d5feb6ab97247d6abcee8
491,Mahout,b96e7ba8fab03745257d5feb6ab97247d6abcee8,cf8fec97f253a2e60db4d853231311320f612422,MAHOUT-1292,https://issues.apache.org/jira/browse/MAHOUT-1292,https://github.com/apache/mahou/tree/b96e7ba8fab03745257d5feb6ab97247d6abcee8,https://github.com/apache/mahou/tree/cf8fec97f253a2e60db4d853231311320f612422,https://github.com/apache/mahou/compare/b96e7ba8fab03745257d5feb6ab97247d6abcee8...cf8fec97f253a2e60db4d853231311320f612422
492,Mahout,211edf2178cd44d027ab1ec9def58d0895725c88,6d8fbe246b46a1a935767bb4d2c8be7e27ec15a3,MAHOUT-1261,https://issues.apache.org/jira/browse/MAHOUT-1261,https://github.com/apache/mahou/tree/211edf2178cd44d027ab1ec9def58d0895725c88,https://github.com/apache/mahou/tree/6d8fbe246b46a1a935767bb4d2c8be7e27ec15a3,https://github.com/apache/mahou/compare/211edf2178cd44d027ab1ec9def58d0895725c88...6d8fbe246b46a1a935767bb4d2c8be7e27ec15a3
493,Mahout,6d8fbe246b46a1a935767bb4d2c8be7e27ec15a3,f2eb7e1b759bada8130cfc00b1d72d8f3b83febb,MAHOUT-1285,https://issues.apache.org/jira/browse/MAHOUT-1285,https://github.com/apache/mahou/tree/6d8fbe246b46a1a935767bb4d2c8be7e27ec15a3,https://github.com/apache/mahou/tree/f2eb7e1b759bada8130cfc00b1d72d8f3b83febb,https://github.com/apache/mahou/compare/6d8fbe246b46a1a935767bb4d2c8be7e27ec15a3...f2eb7e1b759bada8130cfc00b1d72d8f3b83febb
494,Mahout,f2eb7e1b759bada8130cfc00b1d72d8f3b83febb,7016ff63856c8deffcf11b8f932b845e04160147,MAHOUT-1285,https://issues.apache.org/jira/browse/MAHOUT-1285,https://github.com/apache/mahou/tree/f2eb7e1b759bada8130cfc00b1d72d8f3b83febb,https://github.com/apache/mahou/tree/7016ff63856c8deffcf11b8f932b845e04160147,https://github.com/apache/mahou/compare/f2eb7e1b759bada8130cfc00b1d72d8f3b83febb...7016ff63856c8deffcf11b8f932b845e04160147
495,Mahout,7016ff63856c8deffcf11b8f932b845e04160147,84326249883a55eb502c114a3149c52cf4297425,MAHOUT-1285,https://issues.apache.org/jira/browse/MAHOUT-1285,https://github.com/apache/mahou/tree/7016ff63856c8deffcf11b8f932b845e04160147,https://github.com/apache/mahou/tree/84326249883a55eb502c114a3149c52cf4297425,https://github.com/apache/mahou/compare/7016ff63856c8deffcf11b8f932b845e04160147...84326249883a55eb502c114a3149c52cf4297425
496,Mahout,84326249883a55eb502c114a3149c52cf4297425,25efc4357261656d5edcbe0e2ae3852d5ebe6100,MAHOUT-1312,https://issues.apache.org/jira/browse/MAHOUT-1312,https://github.com/apache/mahou/tree/84326249883a55eb502c114a3149c52cf4297425,https://github.com/apache/mahou/tree/25efc4357261656d5edcbe0e2ae3852d5ebe6100,https://github.com/apache/mahou/compare/84326249883a55eb502c114a3149c52cf4297425...25efc4357261656d5edcbe0e2ae3852d5ebe6100
497,Mahout,25efc4357261656d5edcbe0e2ae3852d5ebe6100,62766057cc02d6550f854f13d77dc0a6629a7ac7,MAHOUT-1312,https://issues.apache.org/jira/browse/MAHOUT-1312,https://github.com/apache/mahou/tree/25efc4357261656d5edcbe0e2ae3852d5ebe6100,https://github.com/apache/mahou/tree/62766057cc02d6550f854f13d77dc0a6629a7ac7,https://github.com/apache/mahou/compare/25efc4357261656d5edcbe0e2ae3852d5ebe6100...62766057cc02d6550f854f13d77dc0a6629a7ac7
498,Mahout,62766057cc02d6550f854f13d77dc0a6629a7ac7,09b4ef12001f21f55089baf36a8a4281641cdd27,MAHOUT-1367,https://issues.apache.org/jira/browse/MAHOUT-1367,https://github.com/apache/mahou/tree/62766057cc02d6550f854f13d77dc0a6629a7ac7,https://github.com/apache/mahou/tree/09b4ef12001f21f55089baf36a8a4281641cdd27,https://github.com/apache/mahou/compare/62766057cc02d6550f854f13d77dc0a6629a7ac7...09b4ef12001f21f55089baf36a8a4281641cdd27
499,Mahout,09b4ef12001f21f55089baf36a8a4281641cdd27,37201275a452d3f906eac6e10e5e6cd740b5ec0a,MAHOUT-1367,https://issues.apache.org/jira/browse/MAHOUT-1367,https://github.com/apache/mahou/tree/09b4ef12001f21f55089baf36a8a4281641cdd27,https://github.com/apache/mahou/tree/37201275a452d3f906eac6e10e5e6cd740b5ec0a,https://github.com/apache/mahou/compare/09b4ef12001f21f55089baf36a8a4281641cdd27...37201275a452d3f906eac6e10e5e6cd740b5ec0a
500,Mahout,7a5ffcb875367369a4270e3ed638daed60fc0b4d,44200432b98a9e889858c818ffa4e8beaeb2c52a,MAHOUT-1370,https://issues.apache.org/jira/browse/MAHOUT-1370,https://github.com/apache/mahou/tree/7a5ffcb875367369a4270e3ed638daed60fc0b4d,https://github.com/apache/mahou/tree/44200432b98a9e889858c818ffa4e8beaeb2c52a,https://github.com/apache/mahou/compare/7a5ffcb875367369a4270e3ed638daed60fc0b4d...44200432b98a9e889858c818ffa4e8beaeb2c52a
501,Mahout,a851ddc46955ae1fb35c621edbaed4daae7bdbd8,3186b37fb0e8a711bf07029db45fe9fc940f0079,MAHOUT-1368,https://issues.apache.org/jira/browse/MAHOUT-1368,https://github.com/apache/mahou/tree/a851ddc46955ae1fb35c621edbaed4daae7bdbd8,https://github.com/apache/mahou/tree/3186b37fb0e8a711bf07029db45fe9fc940f0079,https://github.com/apache/mahou/compare/a851ddc46955ae1fb35c621edbaed4daae7bdbd8...3186b37fb0e8a711bf07029db45fe9fc940f0079
502,Mahout,3186b37fb0e8a711bf07029db45fe9fc940f0079,82534918c3cdebf610c8c49c4c4ad3112703eb64,MAHOUT-1030,https://issues.apache.org/jira/browse/MAHOUT-1030,https://github.com/apache/mahou/tree/3186b37fb0e8a711bf07029db45fe9fc940f0079,https://github.com/apache/mahou/tree/82534918c3cdebf610c8c49c4c4ad3112703eb64,https://github.com/apache/mahou/compare/3186b37fb0e8a711bf07029db45fe9fc940f0079...82534918c3cdebf610c8c49c4c4ad3112703eb64
503,Mahout,82534918c3cdebf610c8c49c4c4ad3112703eb64,c20d04cde96a1c09fa9819c870d22acb8918d906,MAHOUT-1030,https://issues.apache.org/jira/browse/MAHOUT-1030,https://github.com/apache/mahou/tree/82534918c3cdebf610c8c49c4c4ad3112703eb64,https://github.com/apache/mahou/tree/c20d04cde96a1c09fa9819c870d22acb8918d906,https://github.com/apache/mahou/compare/82534918c3cdebf610c8c49c4c4ad3112703eb64...c20d04cde96a1c09fa9819c870d22acb8918d906
504,Mahout,c20d04cde96a1c09fa9819c870d22acb8918d906,95c68de3eb275c9333bd067b1ed1cf00e7fcb40a,MAHOUT-1349,https://issues.apache.org/jira/browse/MAHOUT-1349,https://github.com/apache/mahou/tree/c20d04cde96a1c09fa9819c870d22acb8918d906,https://github.com/apache/mahou/tree/95c68de3eb275c9333bd067b1ed1cf00e7fcb40a,https://github.com/apache/mahou/compare/c20d04cde96a1c09fa9819c870d22acb8918d906...95c68de3eb275c9333bd067b1ed1cf00e7fcb40a
505,Mahout,055fbeda80e0f9227aa67d5c3ef87785a1cf1a88,24c4921f1a3c305656229bea2ee8f21521f2a9b8,MAHOUT-1379,https://issues.apache.org/jira/browse/MAHOUT-1379,https://github.com/apache/mahou/tree/055fbeda80e0f9227aa67d5c3ef87785a1cf1a88,https://github.com/apache/mahou/tree/24c4921f1a3c305656229bea2ee8f21521f2a9b8,https://github.com/apache/mahou/compare/055fbeda80e0f9227aa67d5c3ef87785a1cf1a88...24c4921f1a3c305656229bea2ee8f21521f2a9b8
506,Mahout,24c4921f1a3c305656229bea2ee8f21521f2a9b8,06205a6cd43d9d2fac4b59184e03d52725fde536,MAHOUT-1380,https://issues.apache.org/jira/browse/MAHOUT-1380,https://github.com/apache/mahou/tree/24c4921f1a3c305656229bea2ee8f21521f2a9b8,https://github.com/apache/mahou/tree/06205a6cd43d9d2fac4b59184e03d52725fde536,https://github.com/apache/mahou/compare/24c4921f1a3c305656229bea2ee8f21521f2a9b8...06205a6cd43d9d2fac4b59184e03d52725fde536
507,Mahout,06205a6cd43d9d2fac4b59184e03d52725fde536,44cc7b3e9102a05aa5c963a8d0a2aba241553b6d,MAHOUT-1378,https://issues.apache.org/jira/browse/MAHOUT-1378,https://github.com/apache/mahou/tree/06205a6cd43d9d2fac4b59184e03d52725fde536,https://github.com/apache/mahou/tree/44cc7b3e9102a05aa5c963a8d0a2aba241553b6d,https://github.com/apache/mahou/compare/06205a6cd43d9d2fac4b59184e03d52725fde536...44cc7b3e9102a05aa5c963a8d0a2aba241553b6d
508,Mahout,59cd40a4b32eec1d5eb4539781b4e59e6486787c,304fb0f05af390ae3e34778f42aeedf84de270f8,MAHOUT-1371,https://issues.apache.org/jira/browse/MAHOUT-1371,https://github.com/apache/mahou/tree/59cd40a4b32eec1d5eb4539781b4e59e6486787c,https://github.com/apache/mahou/tree/304fb0f05af390ae3e34778f42aeedf84de270f8,https://github.com/apache/mahou/compare/59cd40a4b32eec1d5eb4539781b4e59e6486787c...304fb0f05af390ae3e34778f42aeedf84de270f8
509,Mahout,304fb0f05af390ae3e34778f42aeedf84de270f8,05e5398c029ef8a470ba1b3fe53e3e74fe636f26,MAHOUT-1371,https://issues.apache.org/jira/browse/MAHOUT-1371,https://github.com/apache/mahou/tree/304fb0f05af390ae3e34778f42aeedf84de270f8,https://github.com/apache/mahou/tree/05e5398c029ef8a470ba1b3fe53e3e74fe636f26,https://github.com/apache/mahou/compare/304fb0f05af390ae3e34778f42aeedf84de270f8...05e5398c029ef8a470ba1b3fe53e3e74fe636f26
510,Mahout,6413575104c174922ccbaa4a63f3e815c8bb90f5,e62e64a1032b74e18e4dd4c1f9ee54826ca8e5ca,MAHOUT-1384,https://issues.apache.org/jira/browse/MAHOUT-1384,https://github.com/apache/mahou/tree/6413575104c174922ccbaa4a63f3e815c8bb90f5,https://github.com/apache/mahou/tree/e62e64a1032b74e18e4dd4c1f9ee54826ca8e5ca,https://github.com/apache/mahou/compare/6413575104c174922ccbaa4a63f3e815c8bb90f5...e62e64a1032b74e18e4dd4c1f9ee54826ca8e5ca
511,Mahout,e62e64a1032b74e18e4dd4c1f9ee54826ca8e5ca,c87196e4e24a758d652b5ba36e26701c35726654,MAHOUT-1319,https://issues.apache.org/jira/browse/MAHOUT-1319,https://github.com/apache/mahou/tree/e62e64a1032b74e18e4dd4c1f9ee54826ca8e5ca,https://github.com/apache/mahou/tree/c87196e4e24a758d652b5ba36e26701c35726654,https://github.com/apache/mahou/compare/e62e64a1032b74e18e4dd4c1f9ee54826ca8e5ca...c87196e4e24a758d652b5ba36e26701c35726654
512,Mahout,16e952d6cbaecda90cd16de87cb51da384a6ca22,6a8cfcde4d862689b0b2db3a48328de4884f2776,MAHOUT-1358,https://issues.apache.org/jira/browse/MAHOUT-1358,https://github.com/apache/mahou/tree/16e952d6cbaecda90cd16de87cb51da384a6ca22,https://github.com/apache/mahou/tree/6a8cfcde4d862689b0b2db3a48328de4884f2776,https://github.com/apache/mahou/compare/16e952d6cbaecda90cd16de87cb51da384a6ca22...6a8cfcde4d862689b0b2db3a48328de4884f2776
513,Mahout,6a8cfcde4d862689b0b2db3a48328de4884f2776,ede812b2b7c6519cd2a4eebfca0538a65b7d7a8d,MAHOUT-1389,https://issues.apache.org/jira/browse/MAHOUT-1389,https://github.com/apache/mahou/tree/6a8cfcde4d862689b0b2db3a48328de4884f2776,https://github.com/apache/mahou/tree/ede812b2b7c6519cd2a4eebfca0538a65b7d7a8d,https://github.com/apache/mahou/compare/6a8cfcde4d862689b0b2db3a48328de4884f2776...ede812b2b7c6519cd2a4eebfca0538a65b7d7a8d
514,Mahout,ede812b2b7c6519cd2a4eebfca0538a65b7d7a8d,d15537b19c6b6d221c20567dcaefddeb39eed7f5,MAHOUT-1390,https://issues.apache.org/jira/browse/MAHOUT-1390,https://github.com/apache/mahou/tree/ede812b2b7c6519cd2a4eebfca0538a65b7d7a8d,https://github.com/apache/mahou/tree/d15537b19c6b6d221c20567dcaefddeb39eed7f5,https://github.com/apache/mahou/compare/ede812b2b7c6519cd2a4eebfca0538a65b7d7a8d...d15537b19c6b6d221c20567dcaefddeb39eed7f5
515,Mahout,d15537b19c6b6d221c20567dcaefddeb39eed7f5,f6c9f3d475b23da31c6af20b597dc6b313dfecc4,MAHOUT-1390,https://issues.apache.org/jira/browse/MAHOUT-1390,https://github.com/apache/mahou/tree/d15537b19c6b6d221c20567dcaefddeb39eed7f5,https://github.com/apache/mahou/tree/f6c9f3d475b23da31c6af20b597dc6b313dfecc4,https://github.com/apache/mahou/compare/d15537b19c6b6d221c20567dcaefddeb39eed7f5...f6c9f3d475b23da31c6af20b597dc6b313dfecc4
516,Mahout,0b0f254897e5e98fdb683083d6bc52b847f80178,b0dc01b24aae9e583dd873541ab9f3eafe0b7d9a,MAHOUT-1392,https://issues.apache.org/jira/browse/MAHOUT-1392,https://github.com/apache/mahou/tree/0b0f254897e5e98fdb683083d6bc52b847f80178,https://github.com/apache/mahou/tree/b0dc01b24aae9e583dd873541ab9f3eafe0b7d9a,https://github.com/apache/mahou/compare/0b0f254897e5e98fdb683083d6bc52b847f80178...b0dc01b24aae9e583dd873541ab9f3eafe0b7d9a
517,Mahout,dfa1ded57519a1f790f268e6b5c7a4e157a5f4b6,0fbb722b80251907a7842ee84e7e2e368dbeb4eb,MAHOUT-1396,https://issues.apache.org/jira/browse/MAHOUT-1396,https://github.com/apache/mahou/tree/dfa1ded57519a1f790f268e6b5c7a4e157a5f4b6,https://github.com/apache/mahou/tree/0fbb722b80251907a7842ee84e7e2e368dbeb4eb,https://github.com/apache/mahou/compare/dfa1ded57519a1f790f268e6b5c7a4e157a5f4b6...0fbb722b80251907a7842ee84e7e2e368dbeb4eb
518,Mahout,a096f35cae260d68f63ced51634c920ca4cbfc92,5a41f8fb35fdec453f5874a143f854101bc9785e,MAHOUT-1400,https://issues.apache.org/jira/browse/MAHOUT-1400,https://github.com/apache/mahou/tree/a096f35cae260d68f63ced51634c920ca4cbfc92,https://github.com/apache/mahou/tree/5a41f8fb35fdec453f5874a143f854101bc9785e,https://github.com/apache/mahou/compare/a096f35cae260d68f63ced51634c920ca4cbfc92...5a41f8fb35fdec453f5874a143f854101bc9785e
519,Mahout,5a41f8fb35fdec453f5874a143f854101bc9785e,4f368b8efd9e040a3b982321fe2eb207b49b48b1,MAHOUT-1400,https://issues.apache.org/jira/browse/MAHOUT-1400,https://github.com/apache/mahou/tree/5a41f8fb35fdec453f5874a143f854101bc9785e,https://github.com/apache/mahou/tree/4f368b8efd9e040a3b982321fe2eb207b49b48b1,https://github.com/apache/mahou/compare/5a41f8fb35fdec453f5874a143f854101bc9785e...4f368b8efd9e040a3b982321fe2eb207b49b48b1
520,Mahout,78996cb6b215662402dcdaa29fc1454ce84c52f6,700224140ffb5cda4517f2d32261612b3d29bace,MAHOUT-1401,https://issues.apache.org/jira/browse/MAHOUT-1401,https://github.com/apache/mahou/tree/78996cb6b215662402dcdaa29fc1454ce84c52f6,https://github.com/apache/mahou/tree/700224140ffb5cda4517f2d32261612b3d29bace,https://github.com/apache/mahou/compare/78996cb6b215662402dcdaa29fc1454ce84c52f6...700224140ffb5cda4517f2d32261612b3d29bace
521,Mahout,700224140ffb5cda4517f2d32261612b3d29bace,7b9c6c5cab87bc86267e398b067a9c9e506833b6,MAHOUT-1402,https://issues.apache.org/jira/browse/MAHOUT-1402,https://github.com/apache/mahou/tree/700224140ffb5cda4517f2d32261612b3d29bace,https://github.com/apache/mahou/tree/7b9c6c5cab87bc86267e398b067a9c9e506833b6,https://github.com/apache/mahou/compare/700224140ffb5cda4517f2d32261612b3d29bace...7b9c6c5cab87bc86267e398b067a9c9e506833b6
522,Mahout,a46d104d37a1b8125fc35b80d2890e4b8c646f10,2396246c13ac844d6a9b7d9d02c7fcd779d11804,MAHOUT-1390,https://issues.apache.org/jira/browse/MAHOUT-1390,https://github.com/apache/mahou/tree/a46d104d37a1b8125fc35b80d2890e4b8c646f10,https://github.com/apache/mahou/tree/2396246c13ac844d6a9b7d9d02c7fcd779d11804,https://github.com/apache/mahou/compare/a46d104d37a1b8125fc35b80d2890e4b8c646f10...2396246c13ac844d6a9b7d9d02c7fcd779d11804
523,Mahout,2396246c13ac844d6a9b7d9d02c7fcd779d11804,bef1e8e81b69c968afaebd747efe07a956e2211d,MAHOUT-1409,https://issues.apache.org/jira/browse/MAHOUT-1409,https://github.com/apache/mahou/tree/2396246c13ac844d6a9b7d9d02c7fcd779d11804,https://github.com/apache/mahou/tree/bef1e8e81b69c968afaebd747efe07a956e2211d,https://github.com/apache/mahou/compare/2396246c13ac844d6a9b7d9d02c7fcd779d11804...bef1e8e81b69c968afaebd747efe07a956e2211d
524,Mahout,b29f6631d993c0f5fd8f067bc85c34f3a8d7740d,18b2c440c8a7e4c389f6d548f696e81cedf21056,MAHOUT-1409,https://issues.apache.org/jira/browse/MAHOUT-1409,https://github.com/apache/mahou/tree/b29f6631d993c0f5fd8f067bc85c34f3a8d7740d,https://github.com/apache/mahou/tree/18b2c440c8a7e4c389f6d548f696e81cedf21056,https://github.com/apache/mahou/compare/b29f6631d993c0f5fd8f067bc85c34f3a8d7740d...18b2c440c8a7e4c389f6d548f696e81cedf21056
525,Mahout,18b2c440c8a7e4c389f6d548f696e81cedf21056,e93f05d642aa759cbc0a69c9e275d39167e34f8f,MAHOUT-1410,https://issues.apache.org/jira/browse/MAHOUT-1410,https://github.com/apache/mahou/tree/18b2c440c8a7e4c389f6d548f696e81cedf21056,https://github.com/apache/mahou/tree/e93f05d642aa759cbc0a69c9e275d39167e34f8f,https://github.com/apache/mahou/compare/18b2c440c8a7e4c389f6d548f696e81cedf21056...e93f05d642aa759cbc0a69c9e275d39167e34f8f
526,Mahout,e93f05d642aa759cbc0a69c9e275d39167e34f8f,6b1be46477855d652fef9a18b7eec86e50b9cf6f,MAHOUT-1390,https://issues.apache.org/jira/browse/MAHOUT-1390,https://github.com/apache/mahou/tree/e93f05d642aa759cbc0a69c9e275d39167e34f8f,https://github.com/apache/mahou/tree/6b1be46477855d652fef9a18b7eec86e50b9cf6f,https://github.com/apache/mahou/compare/e93f05d642aa759cbc0a69c9e275d39167e34f8f...6b1be46477855d652fef9a18b7eec86e50b9cf6f
527,Mahout,29c3f055950ed8fc038c9cbf8cee67a07f6dc2ef,08da3686124f67a529bfc8b00a829b7dc72a9a4e,MAHOUT-1410,https://issues.apache.org/jira/browse/MAHOUT-1410,https://github.com/apache/mahou/tree/29c3f055950ed8fc038c9cbf8cee67a07f6dc2ef,https://github.com/apache/mahou/tree/08da3686124f67a529bfc8b00a829b7dc72a9a4e,https://github.com/apache/mahou/compare/29c3f055950ed8fc038c9cbf8cee67a07f6dc2ef...08da3686124f67a529bfc8b00a829b7dc72a9a4e
528,Mahout,0080be59ee880a3007a612f43fe6fdca86556aa6,ab6216f1e57a95454e39233f406ffbd7c7fe7cfb,MAHOUT-1410,https://issues.apache.org/jira/browse/MAHOUT-1410,https://github.com/apache/mahou/tree/0080be59ee880a3007a612f43fe6fdca86556aa6,https://github.com/apache/mahou/tree/ab6216f1e57a95454e39233f406ffbd7c7fe7cfb,https://github.com/apache/mahou/compare/0080be59ee880a3007a612f43fe6fdca86556aa6...ab6216f1e57a95454e39233f406ffbd7c7fe7cfb
529,Mahout,84059288d0fc2b645c449e04fb030872137091eb,a2339d02b15c2e56b74ededc143e74f2606b880d,MAHOUT-1411,https://issues.apache.org/jira/browse/MAHOUT-1411,https://github.com/apache/mahou/tree/84059288d0fc2b645c449e04fb030872137091eb,https://github.com/apache/mahou/tree/a2339d02b15c2e56b74ededc143e74f2606b880d,https://github.com/apache/mahou/compare/84059288d0fc2b645c449e04fb030872137091eb...a2339d02b15c2e56b74ededc143e74f2606b880d
530,Mahout,a0ce86226101a06dacb82d08bc2156736862c6c2,3e9cd90fa55c6300d60b36d1d02bc9f632625412,MAHOUT-1415,https://issues.apache.org/jira/browse/MAHOUT-1415,https://github.com/apache/mahou/tree/a0ce86226101a06dacb82d08bc2156736862c6c2,https://github.com/apache/mahou/tree/3e9cd90fa55c6300d60b36d1d02bc9f632625412,https://github.com/apache/mahou/compare/a0ce86226101a06dacb82d08bc2156736862c6c2...3e9cd90fa55c6300d60b36d1d02bc9f632625412
531,Mahout,678525a86e75741ee6426efdd8b163b6004efee7,4e1b7a6ebf54a444e01ffa613fe44a1f11f06e31,MAHOUT-1417,https://issues.apache.org/jira/browse/MAHOUT-1417,https://github.com/apache/mahou/tree/678525a86e75741ee6426efdd8b163b6004efee7,https://github.com/apache/mahou/tree/4e1b7a6ebf54a444e01ffa613fe44a1f11f06e31,https://github.com/apache/mahou/compare/678525a86e75741ee6426efdd8b163b6004efee7...4e1b7a6ebf54a444e01ffa613fe44a1f11f06e31
532,Mahout,4e1b7a6ebf54a444e01ffa613fe44a1f11f06e31,f322cbc13a5f2914d8429850673612cddc23b08a,MAHOUT-1417,https://issues.apache.org/jira/browse/MAHOUT-1417,https://github.com/apache/mahou/tree/4e1b7a6ebf54a444e01ffa613fe44a1f11f06e31,https://github.com/apache/mahou/tree/f322cbc13a5f2914d8429850673612cddc23b08a,https://github.com/apache/mahou/compare/4e1b7a6ebf54a444e01ffa613fe44a1f11f06e31...f322cbc13a5f2914d8429850673612cddc23b08a
533,Mahout,8128b9bae0814e7d82c42b25f76154036efbe383,d4e58278d0f406049d156c730cda6683c3529f93,MAHOUT-1419,https://issues.apache.org/jira/browse/MAHOUT-1419,https://github.com/apache/mahou/tree/8128b9bae0814e7d82c42b25f76154036efbe383,https://github.com/apache/mahou/tree/d4e58278d0f406049d156c730cda6683c3529f93,https://github.com/apache/mahou/compare/8128b9bae0814e7d82c42b25f76154036efbe383...d4e58278d0f406049d156c730cda6683c3529f93
534,Mahout,d4e58278d0f406049d156c730cda6683c3529f93,dde5e3f7cf414b0d6eb88f5f3e337d1bcc55b4ae,MAHOUT-1419,https://issues.apache.org/jira/browse/MAHOUT-1419,https://github.com/apache/mahou/tree/d4e58278d0f406049d156c730cda6683c3529f93,https://github.com/apache/mahou/tree/dde5e3f7cf414b0d6eb88f5f3e337d1bcc55b4ae,https://github.com/apache/mahou/compare/d4e58278d0f406049d156c730cda6683c3529f93...dde5e3f7cf414b0d6eb88f5f3e337d1bcc55b4ae
535,Mahout,f53cfe112513cd4ff37d2d5dbefa6c95973bafde,f85becc6809858818e074b881f49c5f7f91ac62e,MAHOUT-1466,https://issues.apache.org/jira/browse/MAHOUT-1466,https://github.com/apache/mahou/tree/f53cfe112513cd4ff37d2d5dbefa6c95973bafde,https://github.com/apache/mahou/tree/f85becc6809858818e074b881f49c5f7f91ac62e,https://github.com/apache/mahou/compare/f53cfe112513cd4ff37d2d5dbefa6c95973bafde...f85becc6809858818e074b881f49c5f7f91ac62e
536,Mahout,d3db3eea1e667b144eaf40e8d506ce088a306534,52d824f3ea1f1de9e371b3d7db89ae1c7f688ae2,MAHOUT-1467,https://issues.apache.org/jira/browse/MAHOUT-1467,https://github.com/apache/mahou/tree/d3db3eea1e667b144eaf40e8d506ce088a306534,https://github.com/apache/mahou/tree/52d824f3ea1f1de9e371b3d7db89ae1c7f688ae2,https://github.com/apache/mahou/compare/d3db3eea1e667b144eaf40e8d506ce088a306534...52d824f3ea1f1de9e371b3d7db89ae1c7f688ae2
537,Mahout,ebffa7a88cf46103a144baefdd7027b31f4df432,e58f704e276f6dd736a16a2db74a8fe6a80db1c4,MAHOUT-1488,https://issues.apache.org/jira/browse/MAHOUT-1488,https://github.com/apache/mahou/tree/ebffa7a88cf46103a144baefdd7027b31f4df432,https://github.com/apache/mahou/tree/e58f704e276f6dd736a16a2db74a8fe6a80db1c4,https://github.com/apache/mahou/compare/ebffa7a88cf46103a144baefdd7027b31f4df432...e58f704e276f6dd736a16a2db74a8fe6a80db1c4
538,Mahout,e58f704e276f6dd736a16a2db74a8fe6a80db1c4,ebec1e32185bdcc10f48972f791487fe376d4c7b,MAHOUT-1491,https://issues.apache.org/jira/browse/MAHOUT-1491,https://github.com/apache/mahou/tree/e58f704e276f6dd736a16a2db74a8fe6a80db1c4,https://github.com/apache/mahou/tree/ebec1e32185bdcc10f48972f791487fe376d4c7b,https://github.com/apache/mahou/compare/e58f704e276f6dd736a16a2db74a8fe6a80db1c4...ebec1e32185bdcc10f48972f791487fe376d4c7b
539,Mahout,ebec1e32185bdcc10f48972f791487fe376d4c7b,056dc18c4dfc6e52026dc88a09a6aeb451f003d0,MAHOUT-1492,https://issues.apache.org/jira/browse/MAHOUT-1492,https://github.com/apache/mahou/tree/ebec1e32185bdcc10f48972f791487fe376d4c7b,https://github.com/apache/mahou/tree/056dc18c4dfc6e52026dc88a09a6aeb451f003d0,https://github.com/apache/mahou/compare/ebec1e32185bdcc10f48972f791487fe376d4c7b...056dc18c4dfc6e52026dc88a09a6aeb451f003d0
540,Mahout,056dc18c4dfc6e52026dc88a09a6aeb451f003d0,d8ceebe302ccaafa877d092e5d125e4bdb59b966,MAHOUT-1492,https://issues.apache.org/jira/browse/MAHOUT-1492,https://github.com/apache/mahou/tree/056dc18c4dfc6e52026dc88a09a6aeb451f003d0,https://github.com/apache/mahou/tree/d8ceebe302ccaafa877d092e5d125e4bdb59b966,https://github.com/apache/mahou/compare/056dc18c4dfc6e52026dc88a09a6aeb451f003d0...d8ceebe302ccaafa877d092e5d125e4bdb59b966
541,Mahout,4080fe4ce74a7adef18330d4dc49667e5219c2b8,c1086aa319a1b0fdbe8412cf88c8d67c55cee492,MAHOUT-1501,https://issues.apache.org/jira/browse/MAHOUT-1501,https://github.com/apache/mahou/tree/4080fe4ce74a7adef18330d4dc49667e5219c2b8,https://github.com/apache/mahou/tree/c1086aa319a1b0fdbe8412cf88c8d67c55cee492,https://github.com/apache/mahou/compare/4080fe4ce74a7adef18330d4dc49667e5219c2b8...c1086aa319a1b0fdbe8412cf88c8d67c55cee492
542,Mahout,5477173c071f3e70493cf36bd85de741998eb17b,0fe6a49d76c237bd831a27f8526c62cf1c7f5cc8,MAHOUT-1508,https://issues.apache.org/jira/browse/MAHOUT-1508,https://github.com/apache/mahou/tree/5477173c071f3e70493cf36bd85de741998eb17b,https://github.com/apache/mahou/tree/0fe6a49d76c237bd831a27f8526c62cf1c7f5cc8,https://github.com/apache/mahou/compare/5477173c071f3e70493cf36bd85de741998eb17b...0fe6a49d76c237bd831a27f8526c62cf1c7f5cc8
543,Mahout,deafc5cc6db3a6c10d21d13a2fa99b6db4e11b83,678957e64fb937be688c471622877103edb8592a,MAHOUT-1503,https://issues.apache.org/jira/browse/MAHOUT-1503,https://github.com/apache/mahou/tree/deafc5cc6db3a6c10d21d13a2fa99b6db4e11b83,https://github.com/apache/mahou/tree/678957e64fb937be688c471622877103edb8592a,https://github.com/apache/mahou/compare/deafc5cc6db3a6c10d21d13a2fa99b6db4e11b83...678957e64fb937be688c471622877103edb8592a
544,Mahout,497ac820ac0652031ae62b1ddef3e85f30972072,37f28bd6472cd1700ffc16015096a53749e0a09b,MAHOUT-1497,https://issues.apache.org/jira/browse/MAHOUT-1497,https://github.com/apache/mahou/tree/497ac820ac0652031ae62b1ddef3e85f30972072,https://github.com/apache/mahou/tree/37f28bd6472cd1700ffc16015096a53749e0a09b,https://github.com/apache/mahou/compare/497ac820ac0652031ae62b1ddef3e85f30972072...37f28bd6472cd1700ffc16015096a53749e0a09b
545,Mahout,37f28bd6472cd1700ffc16015096a53749e0a09b,7afd9f4cf51c6ebde450d57ad756d7fd7e13b326,MAHOUT-1427,https://issues.apache.org/jira/browse/MAHOUT-1427,https://github.com/apache/mahou/tree/37f28bd6472cd1700ffc16015096a53749e0a09b,https://github.com/apache/mahou/tree/7afd9f4cf51c6ebde450d57ad756d7fd7e13b326,https://github.com/apache/mahou/compare/37f28bd6472cd1700ffc16015096a53749e0a09b...7afd9f4cf51c6ebde450d57ad756d7fd7e13b326
546,Mahout,7afd9f4cf51c6ebde450d57ad756d7fd7e13b326,9f036af1028a8456ef50102222765efabad69f01,MAHOUT-1427,https://issues.apache.org/jira/browse/MAHOUT-1427,https://github.com/apache/mahou/tree/7afd9f4cf51c6ebde450d57ad756d7fd7e13b326,https://github.com/apache/mahou/tree/9f036af1028a8456ef50102222765efabad69f01,https://github.com/apache/mahou/compare/7afd9f4cf51c6ebde450d57ad756d7fd7e13b326...9f036af1028a8456ef50102222765efabad69f01
547,Mahout,9f036af1028a8456ef50102222765efabad69f01,657803cdb7e8361bf02208ee435d8fbf900b2903,MAHOUT-1427,https://issues.apache.org/jira/browse/MAHOUT-1427,https://github.com/apache/mahou/tree/9f036af1028a8456ef50102222765efabad69f01,https://github.com/apache/mahou/tree/657803cdb7e8361bf02208ee435d8fbf900b2903,https://github.com/apache/mahou/compare/9f036af1028a8456ef50102222765efabad69f01...657803cdb7e8361bf02208ee435d8fbf900b2903
548,Mahout,fb6408bd207a2a3053aadf1a189dff2310204b27,69eb75e334907b230edf6d2c7ef12b79c5216de2,MAHOUT-1407,https://issues.apache.org/jira/browse/MAHOUT-1407,https://github.com/apache/mahou/tree/fb6408bd207a2a3053aadf1a189dff2310204b27,https://github.com/apache/mahou/tree/69eb75e334907b230edf6d2c7ef12b79c5216de2,https://github.com/apache/mahou/compare/fb6408bd207a2a3053aadf1a189dff2310204b27...69eb75e334907b230edf6d2c7ef12b79c5216de2
549,Mahout,69eb75e334907b230edf6d2c7ef12b79c5216de2,1a9d87432110ab40723e3e21691a2f8d66a776bf,MAHOUT-1427,https://issues.apache.org/jira/browse/MAHOUT-1427,https://github.com/apache/mahou/tree/69eb75e334907b230edf6d2c7ef12b79c5216de2,https://github.com/apache/mahou/tree/1a9d87432110ab40723e3e21691a2f8d66a776bf,https://github.com/apache/mahou/compare/69eb75e334907b230edf6d2c7ef12b79c5216de2...1a9d87432110ab40723e3e21691a2f8d66a776bf
550,Mahout,f789bd0de54514e614334b7766f07d4ab5d21129,5f070b4312060a04e857386fbaea9a189a5a3727,MAHOUT-1517,https://issues.apache.org/jira/browse/MAHOUT-1517,https://github.com/apache/mahou/tree/f789bd0de54514e614334b7766f07d4ab5d21129,https://github.com/apache/mahou/tree/5f070b4312060a04e857386fbaea9a189a5a3727,https://github.com/apache/mahou/compare/f789bd0de54514e614334b7766f07d4ab5d21129...5f070b4312060a04e857386fbaea9a189a5a3727
551,Mahout,5f070b4312060a04e857386fbaea9a189a5a3727,9a46c29d010c36c090a14aca84d488079eb19247,MAHOUT-1502,https://issues.apache.org/jira/browse/MAHOUT-1502,https://github.com/apache/mahou/tree/5f070b4312060a04e857386fbaea9a189a5a3727,https://github.com/apache/mahou/tree/9a46c29d010c36c090a14aca84d488079eb19247,https://github.com/apache/mahou/compare/5f070b4312060a04e857386fbaea9a189a5a3727...9a46c29d010c36c090a14aca84d488079eb19247
552,Mahout,9a46c29d010c36c090a14aca84d488079eb19247,b0036a958479599ed15b9f29752d47c33e31b613,MAHOUT-1496,https://issues.apache.org/jira/browse/MAHOUT-1496,https://github.com/apache/mahou/tree/9a46c29d010c36c090a14aca84d488079eb19247,https://github.com/apache/mahou/tree/b0036a958479599ed15b9f29752d47c33e31b613,https://github.com/apache/mahou/compare/9a46c29d010c36c090a14aca84d488079eb19247...b0036a958479599ed15b9f29752d47c33e31b613
553,Mahout,b962375718a597b3177217c74f2305f480f3230c,92fbb7149134b685891965fb5cc5982505d1457e,MAHOUT-1523,https://issues.apache.org/jira/browse/MAHOUT-1523,https://github.com/apache/mahou/tree/b962375718a597b3177217c74f2305f480f3230c,https://github.com/apache/mahou/tree/92fbb7149134b685891965fb5cc5982505d1457e,https://github.com/apache/mahou/compare/b962375718a597b3177217c74f2305f480f3230c...92fbb7149134b685891965fb5cc5982505d1457e
554,Mahout,19383c24e23ba6a0721e832702255f99610e4ae9,c383f0b6308d5d11e297eb64be1eb0fc875bea23,MAHOUT-1427,https://issues.apache.org/jira/browse/MAHOUT-1427,https://github.com/apache/mahou/tree/19383c24e23ba6a0721e832702255f99610e4ae9,https://github.com/apache/mahou/tree/c383f0b6308d5d11e297eb64be1eb0fc875bea23,https://github.com/apache/mahou/compare/19383c24e23ba6a0721e832702255f99610e4ae9...c383f0b6308d5d11e297eb64be1eb0fc875bea23
555,Mahout,3a284f5eb89cf09b61b73cf6ff2711741bbacc7a,1fb3f6aeed780f0362d63bed0b52a44efcb320bb,MAHOUT-1521,https://issues.apache.org/jira/browse/MAHOUT-1521,https://github.com/apache/mahou/tree/3a284f5eb89cf09b61b73cf6ff2711741bbacc7a,https://github.com/apache/mahou/tree/1fb3f6aeed780f0362d63bed0b52a44efcb320bb,https://github.com/apache/mahou/compare/3a284f5eb89cf09b61b73cf6ff2711741bbacc7a...1fb3f6aeed780f0362d63bed0b52a44efcb320bb
556,Mahout,524fc62e706bc71230860ff52688b2a15f01949b,c43287f816aeea6d3aef21046d420a7c0c37e57b,MAHOUT-1537,https://issues.apache.org/jira/browse/MAHOUT-1537,https://github.com/apache/mahou/tree/524fc62e706bc71230860ff52688b2a15f01949b,https://github.com/apache/mahou/tree/c43287f816aeea6d3aef21046d420a7c0c37e57b,https://github.com/apache/mahou/compare/524fc62e706bc71230860ff52688b2a15f01949b...c43287f816aeea6d3aef21046d420a7c0c37e57b
557,Mahout,c43287f816aeea6d3aef21046d420a7c0c37e57b,d141c8e887904122a2b3cb4bf94851e7401d807d,MAHOUT-1428,https://issues.apache.org/jira/browse/MAHOUT-1428,https://github.com/apache/mahou/tree/c43287f816aeea6d3aef21046d420a7c0c37e57b,https://github.com/apache/mahou/tree/d141c8e887904122a2b3cb4bf94851e7401d807d,https://github.com/apache/mahou/compare/c43287f816aeea6d3aef21046d420a7c0c37e57b...d141c8e887904122a2b3cb4bf94851e7401d807d
558,Mahout,d141c8e887904122a2b3cb4bf94851e7401d807d,58e6581424438243c5bf670b26d505a9d8175f98,MAHOUT-1548,https://issues.apache.org/jira/browse/MAHOUT-1548,https://github.com/apache/mahou/tree/d141c8e887904122a2b3cb4bf94851e7401d807d,https://github.com/apache/mahou/tree/58e6581424438243c5bf670b26d505a9d8175f98,https://github.com/apache/mahou/compare/d141c8e887904122a2b3cb4bf94851e7401d807d...58e6581424438243c5bf670b26d505a9d8175f98
559,Mahout,58e6581424438243c5bf670b26d505a9d8175f98,575f8c2bd491122e777523bde284eeb6def74796,MAHOUT-1532,https://issues.apache.org/jira/browse/MAHOUT-1532,https://github.com/apache/mahou/tree/58e6581424438243c5bf670b26d505a9d8175f98,https://github.com/apache/mahou/tree/575f8c2bd491122e777523bde284eeb6def74796,https://github.com/apache/mahou/compare/58e6581424438243c5bf670b26d505a9d8175f98...575f8c2bd491122e777523bde284eeb6def74796
560,Mahout,d3c09ba44bdaba2fe63a3bf8badd2ea4b9f567b8,4f668dba945e2d61d62d37276a1d4a03f3b14276,MAHOUT-1385,https://issues.apache.org/jira/browse/MAHOUT-1385,https://github.com/apache/mahou/tree/d3c09ba44bdaba2fe63a3bf8badd2ea4b9f567b8,https://github.com/apache/mahou/tree/4f668dba945e2d61d62d37276a1d4a03f3b14276,https://github.com/apache/mahou/compare/d3c09ba44bdaba2fe63a3bf8badd2ea4b9f567b8...4f668dba945e2d61d62d37276a1d4a03f3b14276
561,Mahout,4f668dba945e2d61d62d37276a1d4a03f3b14276,5b0b559cb9985a10f3a206f4dc557d817bd0d085,MAHOUT-1498,https://issues.apache.org/jira/browse/MAHOUT-1498,https://github.com/apache/mahou/tree/4f668dba945e2d61d62d37276a1d4a03f3b14276,https://github.com/apache/mahou/tree/5b0b559cb9985a10f3a206f4dc557d817bd0d085,https://github.com/apache/mahou/compare/4f668dba945e2d61d62d37276a1d4a03f3b14276...5b0b559cb9985a10f3a206f4dc557d817bd0d085
562,Mahout,299fe6cc217f3d62057a55140a44ada0ce6ea145,84a4bce9e4a4964d396a4ada3da35df4d842a9fe,MAHOUT-1560,https://issues.apache.org/jira/browse/MAHOUT-1560,https://github.com/apache/mahou/tree/299fe6cc217f3d62057a55140a44ada0ce6ea145,https://github.com/apache/mahou/tree/84a4bce9e4a4964d396a4ada3da35df4d842a9fe,https://github.com/apache/mahou/compare/299fe6cc217f3d62057a55140a44ada0ce6ea145...84a4bce9e4a4964d396a4ada3da35df4d842a9fe
563,Mahout,b59276e9271d4b865331cd192d7a19871847fbb8,aa0f0f461f6b9ca0186a7e054ec61eee76f396f7,MAHOUT-1561,https://issues.apache.org/jira/browse/MAHOUT-1561,https://github.com/apache/mahou/tree/b59276e9271d4b865331cd192d7a19871847fbb8,https://github.com/apache/mahou/tree/aa0f0f461f6b9ca0186a7e054ec61eee76f396f7,https://github.com/apache/mahou/compare/b59276e9271d4b865331cd192d7a19871847fbb8...aa0f0f461f6b9ca0186a7e054ec61eee76f396f7
564,Mahout,e8d2617d36d54371701707531756135147aed1b7,0be2ea46aa3a700e9e863d0c5f75f256ff56641b,MAHOUT-1555,https://issues.apache.org/jira/browse/MAHOUT-1555,https://github.com/apache/mahou/tree/e8d2617d36d54371701707531756135147aed1b7,https://github.com/apache/mahou/tree/0be2ea46aa3a700e9e863d0c5f75f256ff56641b,https://github.com/apache/mahou/compare/e8d2617d36d54371701707531756135147aed1b7...0be2ea46aa3a700e9e863d0c5f75f256ff56641b
565,Mahout,0be2ea46aa3a700e9e863d0c5f75f256ff56641b,5a1c2ccba645ee38bbc3a7c251a470a42194f41e,MAHOUT-1555,https://issues.apache.org/jira/browse/MAHOUT-1555,https://github.com/apache/mahou/tree/0be2ea46aa3a700e9e863d0c5f75f256ff56641b,https://github.com/apache/mahou/tree/5a1c2ccba645ee38bbc3a7c251a470a42194f41e,https://github.com/apache/mahou/compare/0be2ea46aa3a700e9e863d0c5f75f256ff56641b...5a1c2ccba645ee38bbc3a7c251a470a42194f41e
566,Mahout,d5c94bdde1ca02bf84fe6a2c5fb28bce5c07309e,e0751eaaca4bb06adcf80108d85ad0dc6cc67074,MAHOUT-1505,https://issues.apache.org/jira/browse/MAHOUT-1505,https://github.com/apache/mahou/tree/d5c94bdde1ca02bf84fe6a2c5fb28bce5c07309e,https://github.com/apache/mahou/tree/e0751eaaca4bb06adcf80108d85ad0dc6cc67074,https://github.com/apache/mahou/compare/d5c94bdde1ca02bf84fe6a2c5fb28bce5c07309e...e0751eaaca4bb06adcf80108d85ad0dc6cc67074
567,Mahout,9d6be1cd3b0a1f6a846e985ece0365b0ba218cdf,1d1134ee941c6a06804fdb5fef536e3ed95ed36e,MAHOUT-1505,https://issues.apache.org/jira/browse/MAHOUT-1505,https://github.com/apache/mahou/tree/9d6be1cd3b0a1f6a846e985ece0365b0ba218cdf,https://github.com/apache/mahou/tree/1d1134ee941c6a06804fdb5fef536e3ed95ed36e,https://github.com/apache/mahou/compare/9d6be1cd3b0a1f6a846e985ece0365b0ba218cdf...1d1134ee941c6a06804fdb5fef536e3ed95ed36e
568,Mahout,9cf90546dfa8bf11c99089a12d70b0272e7da211,dd78ed9479559cd222f24fa0be57655cf2e3075b,MAHOUT-1574,https://issues.apache.org/jira/browse/MAHOUT-1574,https://github.com/apache/mahou/tree/9cf90546dfa8bf11c99089a12d70b0272e7da211,https://github.com/apache/mahou/tree/dd78ed9479559cd222f24fa0be57655cf2e3075b,https://github.com/apache/mahou/compare/9cf90546dfa8bf11c99089a12d70b0272e7da211...dd78ed9479559cd222f24fa0be57655cf2e3075b
569,Mahout,dd78ed9479559cd222f24fa0be57655cf2e3075b,0f4f5dec7f3a7de7161d1fabf3e02418099f4446,MAHOUT-1574,https://issues.apache.org/jira/browse/MAHOUT-1574,https://github.com/apache/mahou/tree/dd78ed9479559cd222f24fa0be57655cf2e3075b,https://github.com/apache/mahou/tree/0f4f5dec7f3a7de7161d1fabf3e02418099f4446,https://github.com/apache/mahou/compare/dd78ed9479559cd222f24fa0be57655cf2e3075b...0f4f5dec7f3a7de7161d1fabf3e02418099f4446
570,Mahout,0f4f5dec7f3a7de7161d1fabf3e02418099f4446,5083f58359dd103ac6d8e72a50c53bb20a5df14e,MAHOUT-1574,https://issues.apache.org/jira/browse/MAHOUT-1574,https://github.com/apache/mahou/tree/0f4f5dec7f3a7de7161d1fabf3e02418099f4446,https://github.com/apache/mahou/tree/5083f58359dd103ac6d8e72a50c53bb20a5df14e,https://github.com/apache/mahou/compare/0f4f5dec7f3a7de7161d1fabf3e02418099f4446...5083f58359dd103ac6d8e72a50c53bb20a5df14e
571,Mahout,5083f58359dd103ac6d8e72a50c53bb20a5df14e,63b765abb305cca6d726f54549a92018754a6348,MAHOUT-1574,https://issues.apache.org/jira/browse/MAHOUT-1574,https://github.com/apache/mahou/tree/5083f58359dd103ac6d8e72a50c53bb20a5df14e,https://github.com/apache/mahou/tree/63b765abb305cca6d726f54549a92018754a6348,https://github.com/apache/mahou/compare/5083f58359dd103ac6d8e72a50c53bb20a5df14e...63b765abb305cca6d726f54549a92018754a6348
572,Mahout,63b765abb305cca6d726f54549a92018754a6348,99fd9ba4f9673b2b2d30c2b403aaa294503cc2a2,MAHOUT-1575,https://issues.apache.org/jira/browse/MAHOUT-1575,https://github.com/apache/mahou/tree/63b765abb305cca6d726f54549a92018754a6348,https://github.com/apache/mahou/tree/99fd9ba4f9673b2b2d30c2b403aaa294503cc2a2,https://github.com/apache/mahou/compare/63b765abb305cca6d726f54549a92018754a6348...99fd9ba4f9673b2b2d30c2b403aaa294503cc2a2
573,Mahout,99fd9ba4f9673b2b2d30c2b403aaa294503cc2a2,0844e69d6cbdc7bbfd54ba01dc9c829764eaeb6d,MAHOUT-1576,https://issues.apache.org/jira/browse/MAHOUT-1576,https://github.com/apache/mahou/tree/99fd9ba4f9673b2b2d30c2b403aaa294503cc2a2,https://github.com/apache/mahou/tree/0844e69d6cbdc7bbfd54ba01dc9c829764eaeb6d,https://github.com/apache/mahou/compare/99fd9ba4f9673b2b2d30c2b403aaa294503cc2a2...0844e69d6cbdc7bbfd54ba01dc9c829764eaeb6d
574,Mahout,0844e69d6cbdc7bbfd54ba01dc9c829764eaeb6d,8bcaa77340ac377a20237af4efbe891dc5a4790d,MAHOUT-1577,https://issues.apache.org/jira/browse/MAHOUT-1577,https://github.com/apache/mahou/tree/0844e69d6cbdc7bbfd54ba01dc9c829764eaeb6d,https://github.com/apache/mahou/tree/8bcaa77340ac377a20237af4efbe891dc5a4790d,https://github.com/apache/mahou/compare/0844e69d6cbdc7bbfd54ba01dc9c829764eaeb6d...8bcaa77340ac377a20237af4efbe891dc5a4790d
575,Mahout,8bcaa77340ac377a20237af4efbe891dc5a4790d,fcb436d2a7ed399dd8006b3254e655634000f4a1,MAHOUT-1577,https://issues.apache.org/jira/browse/MAHOUT-1577,https://github.com/apache/mahou/tree/8bcaa77340ac377a20237af4efbe891dc5a4790d,https://github.com/apache/mahou/tree/fcb436d2a7ed399dd8006b3254e655634000f4a1,https://github.com/apache/mahou/compare/8bcaa77340ac377a20237af4efbe891dc5a4790d...fcb436d2a7ed399dd8006b3254e655634000f4a1
576,Mahout,11046fb5273b559298111b201470d80cd6af43d9,907781bb856b47cb7b180484c6d4b9f55a6df038,MAHOUT-1571,https://issues.apache.org/jira/browse/MAHOUT-1571,https://github.com/apache/mahou/tree/11046fb5273b559298111b201470d80cd6af43d9,https://github.com/apache/mahou/tree/907781bb856b47cb7b180484c6d4b9f55a6df038,https://github.com/apache/mahou/compare/11046fb5273b559298111b201470d80cd6af43d9...907781bb856b47cb7b180484c6d4b9f55a6df038
577,Mahout,907781bb856b47cb7b180484c6d4b9f55a6df038,8c529ccff23d419c4cb5191b0435de40d6a9831c,MAHOUT-1572,https://issues.apache.org/jira/browse/MAHOUT-1572,https://github.com/apache/mahou/tree/907781bb856b47cb7b180484c6d4b9f55a6df038,https://github.com/apache/mahou/tree/8c529ccff23d419c4cb5191b0435de40d6a9831c,https://github.com/apache/mahou/compare/907781bb856b47cb7b180484c6d4b9f55a6df038...8c529ccff23d419c4cb5191b0435de40d6a9831c
578,Mahout,c20eee89c6cc669494cf7edbb80255a83e194a15,6fbf3663b55def1f75fa3bed4690bf9562146921,MAHOUT-1581,https://issues.apache.org/jira/browse/MAHOUT-1581,https://github.com/apache/mahou/tree/c20eee89c6cc669494cf7edbb80255a83e194a15,https://github.com/apache/mahou/tree/6fbf3663b55def1f75fa3bed4690bf9562146921,https://github.com/apache/mahou/compare/c20eee89c6cc669494cf7edbb80255a83e194a15...6fbf3663b55def1f75fa3bed4690bf9562146921
579,Mahout,37b85253981770b455bd9936cef23de460662483,2b65475c3ab682ebd47cffdc6b502698799cd2c8,MAHOUT-1561,https://issues.apache.org/jira/browse/MAHOUT-1561,https://github.com/apache/mahou/tree/37b85253981770b455bd9936cef23de460662483,https://github.com/apache/mahou/tree/2b65475c3ab682ebd47cffdc6b502698799cd2c8,https://github.com/apache/mahou/compare/37b85253981770b455bd9936cef23de460662483...2b65475c3ab682ebd47cffdc6b502698799cd2c8
580,Mahout,dec441fb895c96d1e756619d15d75bba00b10fa3,c9d978a460203736732af546f8b88120795c5d33,MAHOUT-1595,https://issues.apache.org/jira/browse/MAHOUT-1595,https://github.com/apache/mahou/tree/dec441fb895c96d1e756619d15d75bba00b10fa3,https://github.com/apache/mahou/tree/c9d978a460203736732af546f8b88120795c5d33,https://github.com/apache/mahou/compare/dec441fb895c96d1e756619d15d75bba00b10fa3...c9d978a460203736732af546f8b88120795c5d33
581,Mahout,c9d978a460203736732af546f8b88120795c5d33,377dcace16fe4fd77baaab91ad575e9da5c49ac0,MAHOUT-1597,https://issues.apache.org/jira/browse/MAHOUT-1597,https://github.com/apache/mahou/tree/c9d978a460203736732af546f8b88120795c5d33,https://github.com/apache/mahou/tree/377dcace16fe4fd77baaab91ad575e9da5c49ac0,https://github.com/apache/mahou/compare/c9d978a460203736732af546f8b88120795c5d33...377dcace16fe4fd77baaab91ad575e9da5c49ac0
582,Mahout,2715ed201b7e6d583ee40e6d262a29a400fd16fb,846307d5b03ef7df6d3c890f2a291b4c11581e80,MAHOUT-1596,https://issues.apache.org/jira/browse/MAHOUT-1596,https://github.com/apache/mahou/tree/2715ed201b7e6d583ee40e6d262a29a400fd16fb,https://github.com/apache/mahou/tree/846307d5b03ef7df6d3c890f2a291b4c11581e80,https://github.com/apache/mahou/compare/2715ed201b7e6d583ee40e6d262a29a400fd16fb...846307d5b03ef7df6d3c890f2a291b4c11581e80
583,Mahout,e5bc885fdb4492a6d54232cea6c7e8e0abd4080d,7a50a291b4598e9809f9acf609b92175ce7f953b,MAHOUT-1597,https://issues.apache.org/jira/browse/MAHOUT-1597,https://github.com/apache/mahou/tree/e5bc885fdb4492a6d54232cea6c7e8e0abd4080d,https://github.com/apache/mahou/tree/7a50a291b4598e9809f9acf609b92175ce7f953b,https://github.com/apache/mahou/compare/e5bc885fdb4492a6d54232cea6c7e8e0abd4080d...7a50a291b4598e9809f9acf609b92175ce7f953b
584,Mahout,c96498680df551f2cbd2a4735d9408044a0c7bc3,91f15ecfe5d26de36d8e9bcd6cf109b307882a32,MAHOUT-1610,https://issues.apache.org/jira/browse/MAHOUT-1610,https://github.com/apache/mahou/tree/c96498680df551f2cbd2a4735d9408044a0c7bc3,https://github.com/apache/mahou/tree/91f15ecfe5d26de36d8e9bcd6cf109b307882a32,https://github.com/apache/mahou/compare/c96498680df551f2cbd2a4735d9408044a0c7bc3...91f15ecfe5d26de36d8e9bcd6cf109b307882a32
585,Mahout,6dd0c92ddb9dad2627e9ca5e28118865d6fba159,d9e26c64d620d723c94386e1a5ef9e70588c31a3,MAHOUT-1610,https://issues.apache.org/jira/browse/MAHOUT-1610,https://github.com/apache/mahou/tree/6dd0c92ddb9dad2627e9ca5e28118865d6fba159,https://github.com/apache/mahou/tree/d9e26c64d620d723c94386e1a5ef9e70588c31a3,https://github.com/apache/mahou/compare/6dd0c92ddb9dad2627e9ca5e28118865d6fba159...d9e26c64d620d723c94386e1a5ef9e70588c31a3
586,Mahout,2d1b0bf632724ceb091035582274201269cfe3e3,034afd61126660b6f44b232fdf3e1dd9d1a79708,MAHOUT-1615,https://issues.apache.org/jira/browse/MAHOUT-1615,https://github.com/apache/mahou/tree/2d1b0bf632724ceb091035582274201269cfe3e3,https://github.com/apache/mahou/tree/034afd61126660b6f44b232fdf3e1dd9d1a79708,https://github.com/apache/mahou/compare/2d1b0bf632724ceb091035582274201269cfe3e3...034afd61126660b6f44b232fdf3e1dd9d1a79708
587,Mahout,034afd61126660b6f44b232fdf3e1dd9d1a79708,3c88f50432dc8dd70ab7eb03e1bbf419f3f7ab81,MAHOUT-1615,https://issues.apache.org/jira/browse/MAHOUT-1615,https://github.com/apache/mahou/tree/034afd61126660b6f44b232fdf3e1dd9d1a79708,https://github.com/apache/mahou/tree/3c88f50432dc8dd70ab7eb03e1bbf419f3f7ab81,https://github.com/apache/mahou/compare/034afd61126660b6f44b232fdf3e1dd9d1a79708...3c88f50432dc8dd70ab7eb03e1bbf419f3f7ab81
588,Mahout,3c88f50432dc8dd70ab7eb03e1bbf419f3f7ab81,c34e8a84c39b7bd2175cdbcb8583d487548a34b4,MAHOUT-1615,https://issues.apache.org/jira/browse/MAHOUT-1615,https://github.com/apache/mahou/tree/3c88f50432dc8dd70ab7eb03e1bbf419f3f7ab81,https://github.com/apache/mahou/tree/c34e8a84c39b7bd2175cdbcb8583d487548a34b4,https://github.com/apache/mahou/compare/3c88f50432dc8dd70ab7eb03e1bbf419f3f7ab81...c34e8a84c39b7bd2175cdbcb8583d487548a34b4
589,Mahout,c34e8a84c39b7bd2175cdbcb8583d487548a34b4,61c9e1a92975de5891f082068fb708dc30cfafa1,MAHOUT-1615,https://issues.apache.org/jira/browse/MAHOUT-1615,https://github.com/apache/mahou/tree/c34e8a84c39b7bd2175cdbcb8583d487548a34b4,https://github.com/apache/mahou/tree/61c9e1a92975de5891f082068fb708dc30cfafa1,https://github.com/apache/mahou/compare/c34e8a84c39b7bd2175cdbcb8583d487548a34b4...61c9e1a92975de5891f082068fb708dc30cfafa1
590,Mahout,61c9e1a92975de5891f082068fb708dc30cfafa1,4e6577d140c203eae0b634764971bf2444438f41,MAHOUT-1615,https://issues.apache.org/jira/browse/MAHOUT-1615,https://github.com/apache/mahou/tree/61c9e1a92975de5891f082068fb708dc30cfafa1,https://github.com/apache/mahou/tree/4e6577d140c203eae0b634764971bf2444438f41,https://github.com/apache/mahou/compare/61c9e1a92975de5891f082068fb708dc30cfafa1...4e6577d140c203eae0b634764971bf2444438f41
591,Mahout,f1095d8c30d33e0e86e691f797d13c6f7bc11c4c,379863d8f9dff8c0a42c341c68044c9c52b597e0,MAHOUT-1611,https://issues.apache.org/jira/browse/MAHOUT-1611,https://github.com/apache/mahou/tree/f1095d8c30d33e0e86e691f797d13c6f7bc11c4c,https://github.com/apache/mahou/tree/379863d8f9dff8c0a42c341c68044c9c52b597e0,https://github.com/apache/mahou/compare/f1095d8c30d33e0e86e691f797d13c6f7bc11c4c...379863d8f9dff8c0a42c341c68044c9c52b597e0
592,Mahout,379863d8f9dff8c0a42c341c68044c9c52b597e0,6530e8144f9638932092d65bbdc72faf0fc840cd,MAHOUT-1611,https://issues.apache.org/jira/browse/MAHOUT-1611,https://github.com/apache/mahou/tree/379863d8f9dff8c0a42c341c68044c9c52b597e0,https://github.com/apache/mahou/tree/6530e8144f9638932092d65bbdc72faf0fc840cd,https://github.com/apache/mahou/compare/379863d8f9dff8c0a42c341c68044c9c52b597e0...6530e8144f9638932092d65bbdc72faf0fc840cd
593,Mahout,ae1808be0e76c15544e75ec54aae3fc720f65364,310534319ae8df4cd95c3ff044afb6afdaee2605,MAHOUT-1493,https://issues.apache.org/jira/browse/MAHOUT-1493,https://github.com/apache/mahou/tree/ae1808be0e76c15544e75ec54aae3fc720f65364,https://github.com/apache/mahou/tree/310534319ae8df4cd95c3ff044afb6afdaee2605,https://github.com/apache/mahou/compare/ae1808be0e76c15544e75ec54aae3fc720f65364...310534319ae8df4cd95c3ff044afb6afdaee2605
594,Mahout,310534319ae8df4cd95c3ff044afb6afdaee2605,0f037cb03e77c09627c36962600e4fb00c4013c8,MAHOUT-1493,https://issues.apache.org/jira/browse/MAHOUT-1493,https://github.com/apache/mahou/tree/310534319ae8df4cd95c3ff044afb6afdaee2605,https://github.com/apache/mahou/tree/0f037cb03e77c09627c36962600e4fb00c4013c8,https://github.com/apache/mahou/compare/310534319ae8df4cd95c3ff044afb6afdaee2605...0f037cb03e77c09627c36962600e4fb00c4013c8
595,Mahout,9b169e7e710f1a4883a15b652ad8ece86a88960f,ec8a5a006385c0ecf25f1d982ace83bb3c41e052,MAHOUT-1639,https://issues.apache.org/jira/browse/MAHOUT-1639,https://github.com/apache/mahou/tree/9b169e7e710f1a4883a15b652ad8ece86a88960f,https://github.com/apache/mahou/tree/ec8a5a006385c0ecf25f1d982ace83bb3c41e052,https://github.com/apache/mahou/compare/9b169e7e710f1a4883a15b652ad8ece86a88960f...ec8a5a006385c0ecf25f1d982ace83bb3c41e052
596,Mahout,4d3a3863552e23c4aaafd82545222b0e6a3cd1fd,47790146ab93f742eb987f751e40645dfd530b37,MAHOUT-1590,https://issues.apache.org/jira/browse/MAHOUT-1590,https://github.com/apache/mahou/tree/4d3a3863552e23c4aaafd82545222b0e6a3cd1fd,https://github.com/apache/mahou/tree/47790146ab93f742eb987f751e40645dfd530b37,https://github.com/apache/mahou/compare/4d3a3863552e23c4aaafd82545222b0e6a3cd1fd...47790146ab93f742eb987f751e40645dfd530b37
597,Mahout,47790146ab93f742eb987f751e40645dfd530b37,c7241d5875a933a0b58cab0ceecb8962625040b7,MAHOUT-1590,https://issues.apache.org/jira/browse/MAHOUT-1590,https://github.com/apache/mahou/tree/47790146ab93f742eb987f751e40645dfd530b37,https://github.com/apache/mahou/tree/c7241d5875a933a0b58cab0ceecb8962625040b7,https://github.com/apache/mahou/compare/47790146ab93f742eb987f751e40645dfd530b37...c7241d5875a933a0b58cab0ceecb8962625040b7
598,Mahout,c7241d5875a933a0b58cab0ceecb8962625040b7,b58df10f4c822ae989bb436734880940e9063fde,MAHOUT-1590,https://issues.apache.org/jira/browse/MAHOUT-1590,https://github.com/apache/mahou/tree/c7241d5875a933a0b58cab0ceecb8962625040b7,https://github.com/apache/mahou/tree/b58df10f4c822ae989bb436734880940e9063fde,https://github.com/apache/mahou/compare/c7241d5875a933a0b58cab0ceecb8962625040b7...b58df10f4c822ae989bb436734880940e9063fde
599,Mahout,b58df10f4c822ae989bb436734880940e9063fde,9f4abbd96bc03ec5b76ed6a67a661904051cea50,MAHOUT-1590,https://issues.apache.org/jira/browse/MAHOUT-1590,https://github.com/apache/mahou/tree/b58df10f4c822ae989bb436734880940e9063fde,https://github.com/apache/mahou/tree/9f4abbd96bc03ec5b76ed6a67a661904051cea50,https://github.com/apache/mahou/compare/b58df10f4c822ae989bb436734880940e9063fde...9f4abbd96bc03ec5b76ed6a67a661904051cea50
600,Mahout,9f4abbd96bc03ec5b76ed6a67a661904051cea50,f5f54a1560c708913c30d460bec361eb71ab0bd7,MAHOUT-1590,https://issues.apache.org/jira/browse/MAHOUT-1590,https://github.com/apache/mahou/tree/9f4abbd96bc03ec5b76ed6a67a661904051cea50,https://github.com/apache/mahou/tree/f5f54a1560c708913c30d460bec361eb71ab0bd7,https://github.com/apache/mahou/compare/9f4abbd96bc03ec5b76ed6a67a661904051cea50...f5f54a1560c708913c30d460bec361eb71ab0bd7
601,Mahout,f5f54a1560c708913c30d460bec361eb71ab0bd7,eeca175c3a838a8aaa821cbbcd8d0376bd17939d,Mahout-1612,https://issues.apache.org/jira/browse/MAHOUT-1612,https://github.com/apache/mahou/tree/f5f54a1560c708913c30d460bec361eb71ab0bd7,https://github.com/apache/mahou/tree/eeca175c3a838a8aaa821cbbcd8d0376bd17939d,https://github.com/apache/mahou/compare/f5f54a1560c708913c30d460bec361eb71ab0bd7...eeca175c3a838a8aaa821cbbcd8d0376bd17939d
602,Mahout,eeca175c3a838a8aaa821cbbcd8d0376bd17939d,4de8c58624556983a6745a8841c50fb2a380e0b5,Mahout-1612,https://issues.apache.org/jira/browse/MAHOUT-1612,https://github.com/apache/mahou/tree/eeca175c3a838a8aaa821cbbcd8d0376bd17939d,https://github.com/apache/mahou/tree/4de8c58624556983a6745a8841c50fb2a380e0b5,https://github.com/apache/mahou/compare/eeca175c3a838a8aaa821cbbcd8d0376bd17939d...4de8c58624556983a6745a8841c50fb2a380e0b5
603,Mahout,cc361cb7b6588601b63ce23b5e6a984d997e8453,6cf991c60ac73dbd32b26d8ea0b773ac07d16193,MAHOUT-1563,https://issues.apache.org/jira/browse/MAHOUT-1563,https://github.com/apache/mahou/tree/cc361cb7b6588601b63ce23b5e6a984d997e8453,https://github.com/apache/mahou/tree/6cf991c60ac73dbd32b26d8ea0b773ac07d16193,https://github.com/apache/mahou/compare/cc361cb7b6588601b63ce23b5e6a984d997e8453...6cf991c60ac73dbd32b26d8ea0b773ac07d16193
604,Mahout,6cf991c60ac73dbd32b26d8ea0b773ac07d16193,205896fde04baa774f77703c5867f09b20895e6b,MAHOUT-1590,https://issues.apache.org/jira/browse/MAHOUT-1590,https://github.com/apache/mahou/tree/6cf991c60ac73dbd32b26d8ea0b773ac07d16193,https://github.com/apache/mahou/tree/205896fde04baa774f77703c5867f09b20895e6b,https://github.com/apache/mahou/compare/6cf991c60ac73dbd32b26d8ea0b773ac07d16193...205896fde04baa774f77703c5867f09b20895e6b
605,Mahout,205896fde04baa774f77703c5867f09b20895e6b,089275713f5f49499d939569fd9929f2f50ce1f3,MAHOUT-1563,https://issues.apache.org/jira/browse/MAHOUT-1563,https://github.com/apache/mahou/tree/205896fde04baa774f77703c5867f09b20895e6b,https://github.com/apache/mahou/tree/089275713f5f49499d939569fd9929f2f50ce1f3,https://github.com/apache/mahou/compare/205896fde04baa774f77703c5867f09b20895e6b...089275713f5f49499d939569fd9929f2f50ce1f3
606,Mahout,d5d8de1857d60b7b53b9baf0af6e7aea26bbde19,edec611f07d4e7a352a3332af271207652caab02,MAHOUT-1516,https://issues.apache.org/jira/browse/MAHOUT-1516,https://github.com/apache/mahou/tree/d5d8de1857d60b7b53b9baf0af6e7aea26bbde19,https://github.com/apache/mahou/tree/edec611f07d4e7a352a3332af271207652caab02,https://github.com/apache/mahou/compare/d5d8de1857d60b7b53b9baf0af6e7aea26bbde19...edec611f07d4e7a352a3332af271207652caab02
607,Mahout,edec611f07d4e7a352a3332af271207652caab02,5624a96c6da94ad1c95077dbbdab71409d85770c,MAHOUT-1619,https://issues.apache.org/jira/browse/MAHOUT-1619,https://github.com/apache/mahou/tree/edec611f07d4e7a352a3332af271207652caab02,https://github.com/apache/mahou/tree/5624a96c6da94ad1c95077dbbdab71409d85770c,https://github.com/apache/mahou/compare/edec611f07d4e7a352a3332af271207652caab02...5624a96c6da94ad1c95077dbbdab71409d85770c
608,Mahout,5624a96c6da94ad1c95077dbbdab71409d85770c,57429b176a94514acce5f6985a1299fccb8d115f,MAHOUT-1602,https://issues.apache.org/jira/browse/MAHOUT-1602,https://github.com/apache/mahou/tree/5624a96c6da94ad1c95077dbbdab71409d85770c,https://github.com/apache/mahou/tree/57429b176a94514acce5f6985a1299fccb8d115f,https://github.com/apache/mahou/compare/5624a96c6da94ad1c95077dbbdab71409d85770c...57429b176a94514acce5f6985a1299fccb8d115f
609,Mahout,edec611f07d4e7a352a3332af271207652caab02,c0f44b79ff735d8e9e95af46bbd6afcdb97cfe65,MAHOUT-1522,https://issues.apache.org/jira/browse/MAHOUT-1522,https://github.com/apache/mahou/tree/edec611f07d4e7a352a3332af271207652caab02,https://github.com/apache/mahou/tree/c0f44b79ff735d8e9e95af46bbd6afcdb97cfe65,https://github.com/apache/mahou/compare/edec611f07d4e7a352a3332af271207652caab02...c0f44b79ff735d8e9e95af46bbd6afcdb97cfe65
610,Mahout,312c714329135573bf83db00db58d8c8b84133e1,0853c069f87e7e93a74edd79487c51b945187c73,MAHOUT-1522,https://issues.apache.org/jira/browse/MAHOUT-1522,https://github.com/apache/mahou/tree/312c714329135573bf83db00db58d8c8b84133e1,https://github.com/apache/mahou/tree/0853c069f87e7e93a74edd79487c51b945187c73,https://github.com/apache/mahou/compare/312c714329135573bf83db00db58d8c8b84133e1...0853c069f87e7e93a74edd79487c51b945187c73
611,Mahout,b988c493b562ceeaa5f82027f108c67d06c1fc19,34800682e119975183b3f24c20366acf692d128d,MAHOUT-1589,https://issues.apache.org/jira/browse/MAHOUT-1589,https://github.com/apache/mahou/tree/b988c493b562ceeaa5f82027f108c67d06c1fc19,https://github.com/apache/mahou/tree/34800682e119975183b3f24c20366acf692d128d,https://github.com/apache/mahou/compare/b988c493b562ceeaa5f82027f108c67d06c1fc19...34800682e119975183b3f24c20366acf692d128d
612,Mahout,6604f1d9f636bf331ac70077be557e75d3b035d9,a4f24dda8f30745e1989da7f0e1cb6baaf82cc80,MAHOUT-1667,https://issues.apache.org/jira/browse/MAHOUT-1667,https://github.com/apache/mahou/tree/6604f1d9f636bf331ac70077be557e75d3b035d9,https://github.com/apache/mahou/tree/a4f24dda8f30745e1989da7f0e1cb6baaf82cc80,https://github.com/apache/mahou/compare/6604f1d9f636bf331ac70077be557e75d3b035d9...a4f24dda8f30745e1989da7f0e1cb6baaf82cc80
613,Mahout,a4f24dda8f30745e1989da7f0e1cb6baaf82cc80,5e07c8646f46ce55400094c3ab817a87fbf3d5b5,MAHOUT-1667,https://issues.apache.org/jira/browse/MAHOUT-1667,https://github.com/apache/mahou/tree/a4f24dda8f30745e1989da7f0e1cb6baaf82cc80,https://github.com/apache/mahou/tree/5e07c8646f46ce55400094c3ab817a87fbf3d5b5,https://github.com/apache/mahou/compare/a4f24dda8f30745e1989da7f0e1cb6baaf82cc80...5e07c8646f46ce55400094c3ab817a87fbf3d5b5
614,Mahout,260753fdb9cc2b17a3e4dbf373e79c3de4887654,5197ac9e8393763dd4ed58f5f1e9f167e75d3078,MAHOUT-1638,https://issues.apache.org/jira/browse/MAHOUT-1638,https://github.com/apache/mahou/tree/260753fdb9cc2b17a3e4dbf373e79c3de4887654,https://github.com/apache/mahou/tree/5197ac9e8393763dd4ed58f5f1e9f167e75d3078,https://github.com/apache/mahou/compare/260753fdb9cc2b17a3e4dbf373e79c3de4887654...5197ac9e8393763dd4ed58f5f1e9f167e75d3078
615,Mahout,16aeaba993556767c95a4cd59540f1d3b6992772,3aefb18d73e2df241f38a06d69b001f1669c1d8e,MAHOUT-1593,https://issues.apache.org/jira/browse/MAHOUT-1593,https://github.com/apache/mahou/tree/16aeaba993556767c95a4cd59540f1d3b6992772,https://github.com/apache/mahou/tree/3aefb18d73e2df241f38a06d69b001f1669c1d8e,https://github.com/apache/mahou/compare/16aeaba993556767c95a4cd59540f1d3b6992772...3aefb18d73e2df241f38a06d69b001f1669c1d8e
616,Mahout,94f5464b3f42be3164061030d352ffcfc78be711,2ff34a0ed3a1d35d5fdeef6cdc1f576931104b8a,MAHOUT-1662,https://issues.apache.org/jira/browse/MAHOUT-1662,https://github.com/apache/mahou/tree/94f5464b3f42be3164061030d352ffcfc78be711,https://github.com/apache/mahou/tree/2ff34a0ed3a1d35d5fdeef6cdc1f576931104b8a,https://github.com/apache/mahou/compare/94f5464b3f42be3164061030d352ffcfc78be711...2ff34a0ed3a1d35d5fdeef6cdc1f576931104b8a
617,Mahout,d19ee0d47a2ba44a7ff0f60998e0e0c42c4224a6,eb77ce6e6dd546d9389fd105e47c4883bd943879,MAHOUT-1662,https://issues.apache.org/jira/browse/MAHOUT-1662,https://github.com/apache/mahou/tree/d19ee0d47a2ba44a7ff0f60998e0e0c42c4224a6,https://github.com/apache/mahou/tree/eb77ce6e6dd546d9389fd105e47c4883bd943879,https://github.com/apache/mahou/compare/d19ee0d47a2ba44a7ff0f60998e0e0c42c4224a6...eb77ce6e6dd546d9389fd105e47c4883bd943879
618,Mahout,eb77ce6e6dd546d9389fd105e47c4883bd943879,1bcda32146713144eac4889c3065c448417c36f6,MAHOUT-1493,https://issues.apache.org/jira/browse/MAHOUT-1493,https://github.com/apache/mahou/tree/eb77ce6e6dd546d9389fd105e47c4883bd943879,https://github.com/apache/mahou/tree/1bcda32146713144eac4889c3065c448417c36f6,https://github.com/apache/mahou/compare/eb77ce6e6dd546d9389fd105e47c4883bd943879...1bcda32146713144eac4889c3065c448417c36f6
619,Mahout,1bcda32146713144eac4889c3065c448417c36f6,88520fb1b54953967f4d7e299cfd772f4357c768,MAHOUT-1635,https://issues.apache.org/jira/browse/MAHOUT-1635,https://github.com/apache/mahou/tree/1bcda32146713144eac4889c3065c448417c36f6,https://github.com/apache/mahou/tree/88520fb1b54953967f4d7e299cfd772f4357c768,https://github.com/apache/mahou/compare/1bcda32146713144eac4889c3065c448417c36f6...88520fb1b54953967f4d7e299cfd772f4357c768
620,Mahout,d8e0568e7ff45e5fcbccf4a5aaa2df6059c4aade,cd366d17e1d9b4c001b0ffa08864e1ad5d21034d,MAHOUT-1622,https://issues.apache.org/jira/browse/MAHOUT-1622,https://github.com/apache/mahou/tree/d8e0568e7ff45e5fcbccf4a5aaa2df6059c4aade,https://github.com/apache/mahou/tree/cd366d17e1d9b4c001b0ffa08864e1ad5d21034d,https://github.com/apache/mahou/compare/d8e0568e7ff45e5fcbccf4a5aaa2df6059c4aade...cd366d17e1d9b4c001b0ffa08864e1ad5d21034d
621,Mahout,cd366d17e1d9b4c001b0ffa08864e1ad5d21034d,9b6b2361ec0a4eacfb3700d123e02ccb6291f796,MAHOUT-1622,https://issues.apache.org/jira/browse/MAHOUT-1622,https://github.com/apache/mahou/tree/cd366d17e1d9b4c001b0ffa08864e1ad5d21034d,https://github.com/apache/mahou/tree/9b6b2361ec0a4eacfb3700d123e02ccb6291f796,https://github.com/apache/mahou/compare/cd366d17e1d9b4c001b0ffa08864e1ad5d21034d...9b6b2361ec0a4eacfb3700d123e02ccb6291f796
622,Mahout,9b6b2361ec0a4eacfb3700d123e02ccb6291f796,1be5a00c809fe0c7d26fcad24536428b5f0b564e,MAHOUT-1493,https://issues.apache.org/jira/browse/MAHOUT-1493,https://github.com/apache/mahou/tree/9b6b2361ec0a4eacfb3700d123e02ccb6291f796,https://github.com/apache/mahou/tree/1be5a00c809fe0c7d26fcad24536428b5f0b564e,https://github.com/apache/mahou/compare/9b6b2361ec0a4eacfb3700d123e02ccb6291f796...1be5a00c809fe0c7d26fcad24536428b5f0b564e
623,Mahout,8a1978a753192a82f602f3d791ed9946cc7bcf08,30fe6cc83f83578c922d8c01742ae7a6939280e8,MAHOUT-1493,https://issues.apache.org/jira/browse/MAHOUT-1493,https://github.com/apache/mahou/tree/8a1978a753192a82f602f3d791ed9946cc7bcf08,https://github.com/apache/mahou/tree/30fe6cc83f83578c922d8c01742ae7a6939280e8,https://github.com/apache/mahou/compare/8a1978a753192a82f602f3d791ed9946cc7bcf08...30fe6cc83f83578c922d8c01742ae7a6939280e8
624,Mahout,30fe6cc83f83578c922d8c01742ae7a6939280e8,ebb39fe4ae917188b7a1ac235fd8d04e30c92cba,MAHOUT-1493,https://issues.apache.org/jira/browse/MAHOUT-1493,https://github.com/apache/mahou/tree/30fe6cc83f83578c922d8c01742ae7a6939280e8,https://github.com/apache/mahou/tree/ebb39fe4ae917188b7a1ac235fd8d04e30c92cba,https://github.com/apache/mahou/compare/30fe6cc83f83578c922d8c01742ae7a6939280e8...ebb39fe4ae917188b7a1ac235fd8d04e30c92cba
625,Mahout,27ff9df077fd498edcb5e92946be0d5041f755dd,daad3a4ce618cbd05be468c4ce6e451618f3a028,MAHOUT-1665,https://issues.apache.org/jira/browse/MAHOUT-1665,https://github.com/apache/mahou/tree/27ff9df077fd498edcb5e92946be0d5041f755dd,https://github.com/apache/mahou/tree/daad3a4ce618cbd05be468c4ce6e451618f3a028,https://github.com/apache/mahou/compare/27ff9df077fd498edcb5e92946be0d5041f755dd...daad3a4ce618cbd05be468c4ce6e451618f3a028
626,Mahout,37b82124faf98dda5ef9f350f64477570a3bc804,be5a05d126e5bf275c4bd1766962493f1c8ac342,MAHOUT-1630,https://issues.apache.org/jira/browse/MAHOUT-1630,https://github.com/apache/mahou/tree/37b82124faf98dda5ef9f350f64477570a3bc804,https://github.com/apache/mahou/tree/be5a05d126e5bf275c4bd1766962493f1c8ac342,https://github.com/apache/mahou/compare/37b82124faf98dda5ef9f350f64477570a3bc804...be5a05d126e5bf275c4bd1766962493f1c8ac342
627,Mahout,be5a05d126e5bf275c4bd1766962493f1c8ac342,628b1302f273accf53b2d91e6f7ac90e20c4102f,MAHOUT-1630,https://issues.apache.org/jira/browse/MAHOUT-1630,https://github.com/apache/mahou/tree/be5a05d126e5bf275c4bd1766962493f1c8ac342,https://github.com/apache/mahou/tree/628b1302f273accf53b2d91e6f7ac90e20c4102f,https://github.com/apache/mahou/compare/be5a05d126e5bf275c4bd1766962493f1c8ac342...628b1302f273accf53b2d91e6f7ac90e20c4102f
628,Mahout,f7921f4fb50030f2a84913b080e335a2d7eb30a5,ac021efa45e4706ceb309f6cb578c1d6910daea2,MAHOUT-1667,https://issues.apache.org/jira/browse/MAHOUT-1667,https://github.com/apache/mahou/tree/f7921f4fb50030f2a84913b080e335a2d7eb30a5,https://github.com/apache/mahou/tree/ac021efa45e4706ceb309f6cb578c1d6910daea2,https://github.com/apache/mahou/compare/f7921f4fb50030f2a84913b080e335a2d7eb30a5...ac021efa45e4706ceb309f6cb578c1d6910daea2
629,Mahout,435dd49eb2ff7f02461987e4e69dcbddecf9da9a,8be44ab3bb5e92c664203d0974bbfc2379496281,MAHOUT-1693,https://issues.apache.org/jira/browse/MAHOUT-1693,https://github.com/apache/mahou/tree/435dd49eb2ff7f02461987e4e69dcbddecf9da9a,https://github.com/apache/mahou/tree/8be44ab3bb5e92c664203d0974bbfc2379496281,https://github.com/apache/mahou/compare/435dd49eb2ff7f02461987e4e69dcbddecf9da9a...8be44ab3bb5e92c664203d0974bbfc2379496281
630,Mahout,8be44ab3bb5e92c664203d0974bbfc2379496281,6a3f93e6f695d12f63ef48c5e33f0d24658bd596,MAHOUT-1693,https://issues.apache.org/jira/browse/MAHOUT-1693,https://github.com/apache/mahou/tree/8be44ab3bb5e92c664203d0974bbfc2379496281,https://github.com/apache/mahou/tree/6a3f93e6f695d12f63ef48c5e33f0d24658bd596,https://github.com/apache/mahou/compare/8be44ab3bb5e92c664203d0974bbfc2379496281...6a3f93e6f695d12f63ef48c5e33f0d24658bd596
631,Mahout,6a3f93e6f695d12f63ef48c5e33f0d24658bd596,a3f78bde9bf87d3d37931f878015b490761e75ce,MAHOUT-1690,https://issues.apache.org/jira/browse/MAHOUT-1690,https://github.com/apache/mahou/tree/6a3f93e6f695d12f63ef48c5e33f0d24658bd596,https://github.com/apache/mahou/tree/a3f78bde9bf87d3d37931f878015b490761e75ce,https://github.com/apache/mahou/compare/6a3f93e6f695d12f63ef48c5e33f0d24658bd596...a3f78bde9bf87d3d37931f878015b490761e75ce
632,Mahout,ec43b57605a6c2b8a7d1c7912246915f192e5582,1f9188d0789640a6514e1120bf4b44061a886165,MAHOUT-1696,https://issues.apache.org/jira/browse/MAHOUT-1696,https://github.com/apache/mahou/tree/ec43b57605a6c2b8a7d1c7912246915f192e5582,https://github.com/apache/mahou/tree/1f9188d0789640a6514e1120bf4b44061a886165,https://github.com/apache/mahou/compare/ec43b57605a6c2b8a7d1c7912246915f192e5582...1f9188d0789640a6514e1120bf4b44061a886165
633,Mahout,1f9188d0789640a6514e1120bf4b44061a886165,9abb526120810661fdc6495438107408cc4dd16d,MAHOUT-1697,https://issues.apache.org/jira/browse/MAHOUT-1697,https://github.com/apache/mahou/tree/1f9188d0789640a6514e1120bf4b44061a886165,https://github.com/apache/mahou/tree/9abb526120810661fdc6495438107408cc4dd16d,https://github.com/apache/mahou/compare/1f9188d0789640a6514e1120bf4b44061a886165...9abb526120810661fdc6495438107408cc4dd16d
634,Mahout,fb54de3ff2c270d2387b3764445de1a1a02dda58,0b564c71e1a7d555efb5c9696275ecc69a0df026,MAHOUT-1660,https://issues.apache.org/jira/browse/MAHOUT-1660,https://github.com/apache/mahou/tree/fb54de3ff2c270d2387b3764445de1a1a02dda58,https://github.com/apache/mahou/tree/0b564c71e1a7d555efb5c9696275ecc69a0df026,https://github.com/apache/mahou/compare/fb54de3ff2c270d2387b3764445de1a1a02dda58...0b564c71e1a7d555efb5c9696275ecc69a0df026
635,Mahout,002943be77e9da8e7d6c0d41e55fffe8bf4ea817,785668906b5e69db6c9352ffba961b49bda450d2,MAHOUT-1642,https://issues.apache.org/jira/browse/MAHOUT-1642,https://github.com/apache/mahou/tree/002943be77e9da8e7d6c0d41e55fffe8bf4ea817,https://github.com/apache/mahou/tree/785668906b5e69db6c9352ffba961b49bda450d2,https://github.com/apache/mahou/compare/002943be77e9da8e7d6c0d41e55fffe8bf4ea817...785668906b5e69db6c9352ffba961b49bda450d2
636,Mahout,785668906b5e69db6c9352ffba961b49bda450d2,d177b0a4852df8c2172c7f218131a9d250c5a1dd,MAHOUT-1613,https://issues.apache.org/jira/browse/MAHOUT-1613,https://github.com/apache/mahou/tree/785668906b5e69db6c9352ffba961b49bda450d2,https://github.com/apache/mahou/tree/d177b0a4852df8c2172c7f218131a9d250c5a1dd,https://github.com/apache/mahou/compare/785668906b5e69db6c9352ffba961b49bda450d2...d177b0a4852df8c2172c7f218131a9d250c5a1dd
637,Mahout,d177b0a4852df8c2172c7f218131a9d250c5a1dd,77be783e845dec2f7bf0f90cc693a86bb9ab001a,MAHOUT-1771,https://issues.apache.org/jira/browse/MAHOUT-1771,https://github.com/apache/mahou/tree/d177b0a4852df8c2172c7f218131a9d250c5a1dd,https://github.com/apache/mahou/tree/77be783e845dec2f7bf0f90cc693a86bb9ab001a,https://github.com/apache/mahou/compare/d177b0a4852df8c2172c7f218131a9d250c5a1dd...77be783e845dec2f7bf0f90cc693a86bb9ab001a
638,Mahout,77be783e845dec2f7bf0f90cc693a86bb9ab001a,9d14053c80a1244bdf7157ab02748a492ae9868a,MAHOUT-1771,https://issues.apache.org/jira/browse/MAHOUT-1771,https://github.com/apache/mahou/tree/77be783e845dec2f7bf0f90cc693a86bb9ab001a,https://github.com/apache/mahou/tree/9d14053c80a1244bdf7157ab02748a492ae9868a,https://github.com/apache/mahou/compare/77be783e845dec2f7bf0f90cc693a86bb9ab001a...9d14053c80a1244bdf7157ab02748a492ae9868a
639,Mahout,edc0c69ac5456c13d74ab1d5c656d6a3ee17f246,7552c55e2c0705ebc5fd43cbb2026b4dbf46f1ec,MAHOUT-1775,https://issues.apache.org/jira/browse/MAHOUT-1775,https://github.com/apache/mahou/tree/edc0c69ac5456c13d74ab1d5c656d6a3ee17f246,https://github.com/apache/mahou/tree/7552c55e2c0705ebc5fd43cbb2026b4dbf46f1ec,https://github.com/apache/mahou/compare/edc0c69ac5456c13d74ab1d5c656d6a3ee17f246...7552c55e2c0705ebc5fd43cbb2026b4dbf46f1ec
640,Mahout,7552c55e2c0705ebc5fd43cbb2026b4dbf46f1ec,37dccb87ea86ca54e56409df62474be8fe56761c,MAHOUT-1775,https://issues.apache.org/jira/browse/MAHOUT-1775,https://github.com/apache/mahou/tree/7552c55e2c0705ebc5fd43cbb2026b4dbf46f1ec,https://github.com/apache/mahou/tree/37dccb87ea86ca54e56409df62474be8fe56761c,https://github.com/apache/mahou/compare/7552c55e2c0705ebc5fd43cbb2026b4dbf46f1ec...37dccb87ea86ca54e56409df62474be8fe56761c
641,Mahout,e943b0a0df28b20cf93aba8778a02eb68fead6c4,d53f0a5d78000045bb12e90e3a6808cc2c369450,MAHOUT-1775,https://issues.apache.org/jira/browse/MAHOUT-1775,https://github.com/apache/mahou/tree/e943b0a0df28b20cf93aba8778a02eb68fead6c4,https://github.com/apache/mahou/tree/d53f0a5d78000045bb12e90e3a6808cc2c369450,https://github.com/apache/mahou/compare/e943b0a0df28b20cf93aba8778a02eb68fead6c4...d53f0a5d78000045bb12e90e3a6808cc2c369450
642,Mahout,d53f0a5d78000045bb12e90e3a6808cc2c369450,0c6351fa5459920ccfd752f54f8fd41176b0afe8,MAHOUT-1775,https://issues.apache.org/jira/browse/MAHOUT-1775,https://github.com/apache/mahou/tree/d53f0a5d78000045bb12e90e3a6808cc2c369450,https://github.com/apache/mahou/tree/0c6351fa5459920ccfd752f54f8fd41176b0afe8,https://github.com/apache/mahou/compare/d53f0a5d78000045bb12e90e3a6808cc2c369450...0c6351fa5459920ccfd752f54f8fd41176b0afe8
643,Mahout,e0b8b90e91c2ea72e2562d504ad16051cf759787,c113a8c9314a7f21ffb282d043565006a9d5c9c7,MAHOUT-1772,https://issues.apache.org/jira/browse/MAHOUT-1772,https://github.com/apache/mahou/tree/e0b8b90e91c2ea72e2562d504ad16051cf759787,https://github.com/apache/mahou/tree/c113a8c9314a7f21ffb282d043565006a9d5c9c7,https://github.com/apache/mahou/compare/e0b8b90e91c2ea72e2562d504ad16051cf759787...c113a8c9314a7f21ffb282d043565006a9d5c9c7
644,Mahout,242c1e23b457d2fa99e1a8e8eabcc2b39c86d723,afeff1e39a74de08d6a25cbdb80d2b08e5b345b5,MAHOUT-1787,https://issues.apache.org/jira/browse/MAHOUT-1787,https://github.com/apache/mahou/tree/242c1e23b457d2fa99e1a8e8eabcc2b39c86d723,https://github.com/apache/mahou/tree/afeff1e39a74de08d6a25cbdb80d2b08e5b345b5,https://github.com/apache/mahou/compare/242c1e23b457d2fa99e1a8e8eabcc2b39c86d723...afeff1e39a74de08d6a25cbdb80d2b08e5b345b5
645,Mahout,67c78209b68955a9bef219e3b1ed69c92e8e68a4,99d8ce24b3ae3e4ea413bee2e09da72ff3faf723,MAHOUT-1793,https://issues.apache.org/jira/browse/MAHOUT-1793,https://github.com/apache/mahou/tree/67c78209b68955a9bef219e3b1ed69c92e8e68a4,https://github.com/apache/mahou/tree/99d8ce24b3ae3e4ea413bee2e09da72ff3faf723,https://github.com/apache/mahou/compare/67c78209b68955a9bef219e3b1ed69c92e8e68a4...99d8ce24b3ae3e4ea413bee2e09da72ff3faf723
646,Mahout,99d8ce24b3ae3e4ea413bee2e09da72ff3faf723,57317a51a8da516d6e25000eae7db8b4102cbda3,MAHOUT-1797,https://issues.apache.org/jira/browse/MAHOUT-1797,https://github.com/apache/mahou/tree/99d8ce24b3ae3e4ea413bee2e09da72ff3faf723,https://github.com/apache/mahou/tree/57317a51a8da516d6e25000eae7db8b4102cbda3,https://github.com/apache/mahou/compare/99d8ce24b3ae3e4ea413bee2e09da72ff3faf723...57317a51a8da516d6e25000eae7db8b4102cbda3
647,Mahout,af015ece73400d7a215bc109835800ec1b480f0e,e3935bbad97eeb55cbe9f2cd60b8a7ec969a6c62,MAHOUT-1793,https://issues.apache.org/jira/browse/MAHOUT-1793,https://github.com/apache/mahou/tree/af015ece73400d7a215bc109835800ec1b480f0e,https://github.com/apache/mahou/tree/e3935bbad97eeb55cbe9f2cd60b8a7ec969a6c62,https://github.com/apache/mahou/compare/af015ece73400d7a215bc109835800ec1b480f0e...e3935bbad97eeb55cbe9f2cd60b8a7ec969a6c62
648,Mahout,e3935bbad97eeb55cbe9f2cd60b8a7ec969a6c62,f66e022c631c134e8b7e138e25d8fd94011d1b4c,MAHOUT-1797,https://issues.apache.org/jira/browse/MAHOUT-1797,https://github.com/apache/mahou/tree/e3935bbad97eeb55cbe9f2cd60b8a7ec969a6c62,https://github.com/apache/mahou/tree/f66e022c631c134e8b7e138e25d8fd94011d1b4c,https://github.com/apache/mahou/compare/e3935bbad97eeb55cbe9f2cd60b8a7ec969a6c62...f66e022c631c134e8b7e138e25d8fd94011d1b4c
649,Mahout,5d56be7f31592c73a3363ec6f582fece5ff27be4,401c8e8b4a40accc0d41fe8f3c4ee55dfba0040d,MAHOUT-1807,https://issues.apache.org/jira/browse/MAHOUT-1807,https://github.com/apache/mahou/tree/5d56be7f31592c73a3363ec6f582fece5ff27be4,https://github.com/apache/mahou/tree/401c8e8b4a40accc0d41fe8f3c4ee55dfba0040d,https://github.com/apache/mahou/compare/5d56be7f31592c73a3363ec6f582fece5ff27be4...401c8e8b4a40accc0d41fe8f3c4ee55dfba0040d
650,Mahout,401c8e8b4a40accc0d41fe8f3c4ee55dfba0040d,7d71ad00a5a3f3e8f2b176194259e9f2044484ac,MAHOUT-1808,https://issues.apache.org/jira/browse/MAHOUT-1808,https://github.com/apache/mahou/tree/401c8e8b4a40accc0d41fe8f3c4ee55dfba0040d,https://github.com/apache/mahou/tree/7d71ad00a5a3f3e8f2b176194259e9f2044484ac,https://github.com/apache/mahou/compare/401c8e8b4a40accc0d41fe8f3c4ee55dfba0040d...7d71ad00a5a3f3e8f2b176194259e9f2044484ac
651,Mahout,cd4e3cec34aac50a6110839be47f9a1be5550e23,e75c5f6064b162e1f0469ea3e86997d1e37f9057,MAHOUT-1811,https://issues.apache.org/jira/browse/MAHOUT-1811,https://github.com/apache/mahou/tree/cd4e3cec34aac50a6110839be47f9a1be5550e23,https://github.com/apache/mahou/tree/e75c5f6064b162e1f0469ea3e86997d1e37f9057,https://github.com/apache/mahou/compare/cd4e3cec34aac50a6110839be47f9a1be5550e23...e75c5f6064b162e1f0469ea3e86997d1e37f9057
652,Mahout,e75c5f6064b162e1f0469ea3e86997d1e37f9057,93ebed620ae7d7da1a6ac2dbe944a8fd517de1c0,MAHOUT-1812,https://issues.apache.org/jira/browse/MAHOUT-1812,https://github.com/apache/mahou/tree/e75c5f6064b162e1f0469ea3e86997d1e37f9057,https://github.com/apache/mahou/tree/93ebed620ae7d7da1a6ac2dbe944a8fd517de1c0,https://github.com/apache/mahou/compare/e75c5f6064b162e1f0469ea3e86997d1e37f9057...93ebed620ae7d7da1a6ac2dbe944a8fd517de1c0
653,Mahout,fd0112dcf3ac8219b169aa03bed1de3e3333c1a8,f2aef44cd592904a1baba5e798b3b0d84c089930,MAHOUT-1808,https://issues.apache.org/jira/browse/MAHOUT-1808,https://github.com/apache/mahou/tree/fd0112dcf3ac8219b169aa03bed1de3e3333c1a8,https://github.com/apache/mahou/tree/f2aef44cd592904a1baba5e798b3b0d84c089930,https://github.com/apache/mahou/compare/fd0112dcf3ac8219b169aa03bed1de3e3333c1a8...f2aef44cd592904a1baba5e798b3b0d84c089930
654,Mahout,f2aef44cd592904a1baba5e798b3b0d84c089930,1e6c547e0814393413ed5c67ba149294e1229d49,MAHOUT-1807,https://issues.apache.org/jira/browse/MAHOUT-1807,https://github.com/apache/mahou/tree/f2aef44cd592904a1baba5e798b3b0d84c089930,https://github.com/apache/mahou/tree/1e6c547e0814393413ed5c67ba149294e1229d49,https://github.com/apache/mahou/compare/f2aef44cd592904a1baba5e798b3b0d84c089930...1e6c547e0814393413ed5c67ba149294e1229d49
655,Mahout,7b862781cfcd854335600f2ad85ad577817ba43e,2e8790d5c6e0f337abe55906e052d7236f046207,MAHOUT-1815,https://issues.apache.org/jira/browse/MAHOUT-1815,https://github.com/apache/mahou/tree/7b862781cfcd854335600f2ad85ad577817ba43e,https://github.com/apache/mahou/tree/2e8790d5c6e0f337abe55906e052d7236f046207,https://github.com/apache/mahou/compare/7b862781cfcd854335600f2ad85ad577817ba43e...2e8790d5c6e0f337abe55906e052d7236f046207
656,Mahout,ff51ab448b07c5b218d1a08ed5c1194ad5b24179,23267a0bef064f3351fd879274724bcb02333c4a,MAHOUT-1773,https://issues.apache.org/jira/browse/MAHOUT-1773,https://github.com/apache/mahou/tree/ff51ab448b07c5b218d1a08ed5c1194ad5b24179,https://github.com/apache/mahou/tree/23267a0bef064f3351fd879274724bcb02333c4a,https://github.com/apache/mahou/compare/ff51ab448b07c5b218d1a08ed5c1194ad5b24179...23267a0bef064f3351fd879274724bcb02333c4a
657,Mahout,2e8790d5c6e0f337abe55906e052d7236f046207,da65cbe2b745da98a39ef51723154ef4a450e832,MAHOUT-1773,https://issues.apache.org/jira/browse/MAHOUT-1773,https://github.com/apache/mahou/tree/2e8790d5c6e0f337abe55906e052d7236f046207,https://github.com/apache/mahou/tree/da65cbe2b745da98a39ef51723154ef4a450e832,https://github.com/apache/mahou/compare/2e8790d5c6e0f337abe55906e052d7236f046207...da65cbe2b745da98a39ef51723154ef4a450e832
658,Mahout,d1d6fc0a4bcab5fe51aa1775074571174b671b3a,f4f42ae4c4c7555659edcc43669fec82f9537219,MAHOUT-1810,https://issues.apache.org/jira/browse/MAHOUT-1810,https://github.com/apache/mahou/tree/d1d6fc0a4bcab5fe51aa1775074571174b671b3a,https://github.com/apache/mahou/tree/f4f42ae4c4c7555659edcc43669fec82f9537219,https://github.com/apache/mahou/compare/d1d6fc0a4bcab5fe51aa1775074571174b671b3a...f4f42ae4c4c7555659edcc43669fec82f9537219
659,Mahout,9bf5292fd7ae8bacf027378d4b692f4e70aa46e2,e06fb119dc3a719651fd48f0d2aa3ee8adee9a1b,MAHOUT-1809,https://issues.apache.org/jira/browse/MAHOUT-1809,https://github.com/apache/mahou/tree/9bf5292fd7ae8bacf027378d4b692f4e70aa46e2,https://github.com/apache/mahou/tree/e06fb119dc3a719651fd48f0d2aa3ee8adee9a1b,https://github.com/apache/mahou/compare/9bf5292fd7ae8bacf027378d4b692f4e70aa46e2...e06fb119dc3a719651fd48f0d2aa3ee8adee9a1b
660,Mahout,e06fb119dc3a719651fd48f0d2aa3ee8adee9a1b,202b94f840286d4d0970f0427122697ba27fc1fb,MAHOUT-1810,https://issues.apache.org/jira/browse/MAHOUT-1810,https://github.com/apache/mahou/tree/e06fb119dc3a719651fd48f0d2aa3ee8adee9a1b,https://github.com/apache/mahou/tree/202b94f840286d4d0970f0427122697ba27fc1fb,https://github.com/apache/mahou/compare/e06fb119dc3a719651fd48f0d2aa3ee8adee9a1b...202b94f840286d4d0970f0427122697ba27fc1fb
661,Mahout,2861732da34a87c48f7da77576ca2a75837a54e4,4fc65d4e26957cfef68eb30e0bf712758e21a5a1,MAHOUT-1824,https://issues.apache.org/jira/browse/MAHOUT-1824,https://github.com/apache/mahou/tree/2861732da34a87c48f7da77576ca2a75837a54e4,https://github.com/apache/mahou/tree/4fc65d4e26957cfef68eb30e0bf712758e21a5a1,https://github.com/apache/mahou/compare/2861732da34a87c48f7da77576ca2a75837a54e4...4fc65d4e26957cfef68eb30e0bf712758e21a5a1
662,Mahout,a2101110e9a932ac547c025c7267ffa88ecbe271,c9c89627b29156525d1cae714629c59bd011ba53,MAHOUT-1826,https://issues.apache.org/jira/browse/MAHOUT-1826,https://github.com/apache/mahou/tree/a2101110e9a932ac547c025c7267ffa88ecbe271,https://github.com/apache/mahou/tree/c9c89627b29156525d1cae714629c59bd011ba53,https://github.com/apache/mahou/compare/a2101110e9a932ac547c025c7267ffa88ecbe271...c9c89627b29156525d1cae714629c59bd011ba53
663,Mahout,681d30e54f1f90a75733990056f864ab6c7c9cc6,4856d5fdf8010127e2e7951a0045b8cc2cae9ce3,MAHOUT-1828,https://issues.apache.org/jira/browse/MAHOUT-1828,https://github.com/apache/mahou/tree/681d30e54f1f90a75733990056f864ab6c7c9cc6,https://github.com/apache/mahou/tree/4856d5fdf8010127e2e7951a0045b8cc2cae9ce3,https://github.com/apache/mahou/compare/681d30e54f1f90a75733990056f864ab6c7c9cc6...4856d5fdf8010127e2e7951a0045b8cc2cae9ce3
664,Mahout,681d30e54f1f90a75733990056f864ab6c7c9cc6,472438bc83a51bcc08518e44daff4ec5f3bf81e9,MAHOUT-1818,https://issues.apache.org/jira/browse/MAHOUT-1818,https://github.com/apache/mahou/tree/681d30e54f1f90a75733990056f864ab6c7c9cc6,https://github.com/apache/mahou/tree/472438bc83a51bcc08518e44daff4ec5f3bf81e9,https://github.com/apache/mahou/compare/681d30e54f1f90a75733990056f864ab6c7c9cc6...472438bc83a51bcc08518e44daff4ec5f3bf81e9
665,Mahout,d7a87936ef386476db88db323d19345b1064eae2,9df093c98c985dce06841e31b40de4f7b9233069,MAHOUT-1836,https://issues.apache.org/jira/browse/MAHOUT-1836,https://github.com/apache/mahou/tree/d7a87936ef386476db88db323d19345b1064eae2,https://github.com/apache/mahou/tree/9df093c98c985dce06841e31b40de4f7b9233069,https://github.com/apache/mahou/compare/d7a87936ef386476db88db323d19345b1064eae2...9df093c98c985dce06841e31b40de4f7b9233069
666,Mahout,4105063d87178c93fd216c8eaeac85b83f506e73,1127661fd96cac6d7584ba50b717bc67bda4aa43,MAHOUT-1841,https://issues.apache.org/jira/browse/MAHOUT-1841,https://github.com/apache/mahou/tree/4105063d87178c93fd216c8eaeac85b83f506e73,https://github.com/apache/mahou/tree/1127661fd96cac6d7584ba50b717bc67bda4aa43,https://github.com/apache/mahou/compare/4105063d87178c93fd216c8eaeac85b83f506e73...1127661fd96cac6d7584ba50b717bc67bda4aa43
667,Mahout,1127661fd96cac6d7584ba50b717bc67bda4aa43,0d6c4e02409a6f8da776d00dc661fd178a7630b2,MAHOUT-1841,https://issues.apache.org/jira/browse/MAHOUT-1841,https://github.com/apache/mahou/tree/1127661fd96cac6d7584ba50b717bc67bda4aa43,https://github.com/apache/mahou/tree/0d6c4e02409a6f8da776d00dc661fd178a7630b2,https://github.com/apache/mahou/compare/1127661fd96cac6d7584ba50b717bc67bda4aa43...0d6c4e02409a6f8da776d00dc661fd178a7630b2
668,Mahout,616b87c07e3889609f10f08423c0e8992f8d6a43,4c85d6a48bcdd5c161f50f85ec1e7d278d1dbae0,MAHOUT-1847,https://issues.apache.org/jira/browse/MAHOUT-1847,https://github.com/apache/mahou/tree/616b87c07e3889609f10f08423c0e8992f8d6a43,https://github.com/apache/mahou/tree/4c85d6a48bcdd5c161f50f85ec1e7d278d1dbae0,https://github.com/apache/mahou/compare/616b87c07e3889609f10f08423c0e8992f8d6a43...4c85d6a48bcdd5c161f50f85ec1e7d278d1dbae0
669,Mahout,6ac833bdc78713effd3f94b97117a5f6cd6ffb7e,6ab5a8d6456dfc52d7a951ae71618a6417516a07,MAHOUT-1848,https://issues.apache.org/jira/browse/MAHOUT-1848,https://github.com/apache/mahou/tree/6ac833bdc78713effd3f94b97117a5f6cd6ffb7e,https://github.com/apache/mahou/tree/6ab5a8d6456dfc52d7a951ae71618a6417516a07,https://github.com/apache/mahou/compare/6ac833bdc78713effd3f94b97117a5f6cd6ffb7e...6ab5a8d6456dfc52d7a951ae71618a6417516a07
670,Mahout,79a70dff924d30e634672e58ecc6cfac3265f82e,8554714235ace8f44c6ac81f6edfe1343bacee4c,MAHOUT-1859,https://issues.apache.org/jira/browse/MAHOUT-1859,https://github.com/apache/mahou/tree/79a70dff924d30e634672e58ecc6cfac3265f82e,https://github.com/apache/mahou/tree/8554714235ace8f44c6ac81f6edfe1343bacee4c,https://github.com/apache/mahou/compare/79a70dff924d30e634672e58ecc6cfac3265f82e...8554714235ace8f44c6ac81f6edfe1343bacee4c
671,Mahout,bd1f7bdabceeaaaffd3e7d9c372d40b3b714afc8,1f3566d358d94a6e6a868cd74a83a553facea355,MAHOUT-1863,https://issues.apache.org/jira/browse/MAHOUT-1863,https://github.com/apache/mahou/tree/bd1f7bdabceeaaaffd3e7d9c372d40b3b714afc8,https://github.com/apache/mahou/tree/1f3566d358d94a6e6a868cd74a83a553facea355,https://github.com/apache/mahou/compare/bd1f7bdabceeaaaffd3e7d9c372d40b3b714afc8...1f3566d358d94a6e6a868cd74a83a553facea355
672,Mahout,33c1eab1133d8f286fb3fd18a105789e7ebee44a,4d0cd66a6269eb02fceaabdb11d70fd38d433474,MAHOUT-1876,https://issues.apache.org/jira/browse/MAHOUT-1876,https://github.com/apache/mahou/tree/33c1eab1133d8f286fb3fd18a105789e7ebee44a,https://github.com/apache/mahou/tree/4d0cd66a6269eb02fceaabdb11d70fd38d433474,https://github.com/apache/mahou/compare/33c1eab1133d8f286fb3fd18a105789e7ebee44a...4d0cd66a6269eb02fceaabdb11d70fd38d433474
673,Mahout,e73fdb8694e80e1e95a1213097434749726fd8af,2f6399f3fd36f5074c2f4892407ed9d4f889fa07,MAHOUT-1881,https://issues.apache.org/jira/browse/MAHOUT-1881,https://github.com/apache/mahou/tree/e73fdb8694e80e1e95a1213097434749726fd8af,https://github.com/apache/mahou/tree/2f6399f3fd36f5074c2f4892407ed9d4f889fa07,https://github.com/apache/mahou/compare/e73fdb8694e80e1e95a1213097434749726fd8af...2f6399f3fd36f5074c2f4892407ed9d4f889fa07
674,Mahout,1f5e36f249aabc68495ec15f64f5ed6754d9f1e2,292b718a633efae5ff1b47772b9dd7bf9f1ca6da,MAHOUT-1888,https://issues.apache.org/jira/browse/MAHOUT-1888,https://github.com/apache/mahou/tree/1f5e36f249aabc68495ec15f64f5ed6754d9f1e2,https://github.com/apache/mahou/tree/292b718a633efae5ff1b47772b9dd7bf9f1ca6da,https://github.com/apache/mahou/compare/1f5e36f249aabc68495ec15f64f5ed6754d9f1e2...292b718a633efae5ff1b47772b9dd7bf9f1ca6da
675,Mahout,1e081287671b186915148bedc05aae4384230c8f,b3b72cb658ed6ad59a092eb554b06898163a1375,MAHOUT-1896,https://issues.apache.org/jira/browse/MAHOUT-1896,https://github.com/apache/mahou/tree/1e081287671b186915148bedc05aae4384230c8f,https://github.com/apache/mahou/tree/b3b72cb658ed6ad59a092eb554b06898163a1375,https://github.com/apache/mahou/compare/1e081287671b186915148bedc05aae4384230c8f...b3b72cb658ed6ad59a092eb554b06898163a1375
676,Mahout,19182a81dcb76a3b7df55aad1d8d1086e2df7c0f,84e90ed23327355f92abeb4aede8f3a9ee5b5867,MAHOUT-1895,https://issues.apache.org/jira/browse/MAHOUT-1895,https://github.com/apache/mahou/tree/19182a81dcb76a3b7df55aad1d8d1086e2df7c0f,https://github.com/apache/mahou/tree/84e90ed23327355f92abeb4aede8f3a9ee5b5867,https://github.com/apache/mahou/compare/19182a81dcb76a3b7df55aad1d8d1086e2df7c0f...84e90ed23327355f92abeb4aede8f3a9ee5b5867
677,Mahout,9a31923eae3727d9d91bd2c2ed8df12a616a577e,b67034e22b04124c3ec449ef5e6f3cb0b7224e0b,MAHOUT-1920,https://issues.apache.org/jira/browse/MAHOUT-1920,https://github.com/apache/mahou/tree/9a31923eae3727d9d91bd2c2ed8df12a616a577e,https://github.com/apache/mahou/tree/b67034e22b04124c3ec449ef5e6f3cb0b7224e0b,https://github.com/apache/mahou/compare/9a31923eae3727d9d91bd2c2ed8df12a616a577e...b67034e22b04124c3ec449ef5e6f3cb0b7224e0b
678,Mahout,f4631528b6d017d974ed46d191651e1f7edbe6a7,60bb751926524b62be52f9b4c9d1c70d735a0afc,MAHOUT-1936,https://issues.apache.org/jira/browse/MAHOUT-1936,https://github.com/apache/mahou/tree/f4631528b6d017d974ed46d191651e1f7edbe6a7,https://github.com/apache/mahou/tree/60bb751926524b62be52f9b4c9d1c70d735a0afc,https://github.com/apache/mahou/compare/f4631528b6d017d974ed46d191651e1f7edbe6a7...60bb751926524b62be52f9b4c9d1c70d735a0afc
679,Mahout,a2cbd15709e8f5789711d171afc5206fa6ec63ed,67f3a65cf6b68a2c6ac34130ab16d1a118006f45,MAHOUT-1912,https://issues.apache.org/jira/browse/MAHOUT-1912,https://github.com/apache/mahou/tree/a2cbd15709e8f5789711d171afc5206fa6ec63ed,https://github.com/apache/mahou/tree/67f3a65cf6b68a2c6ac34130ab16d1a118006f45,https://github.com/apache/mahou/compare/a2cbd15709e8f5789711d171afc5206fa6ec63ed...67f3a65cf6b68a2c6ac34130ab16d1a118006f45
680,Mahout,1eacd7f9d6e34b681e8f789ce83b06a45dc92d55,0f4b3d97cfc651a4bc052515b260648cd0093ac2,MAHOUT-1903,https://issues.apache.org/jira/browse/MAHOUT-1903,https://github.com/apache/mahou/tree/1eacd7f9d6e34b681e8f789ce83b06a45dc92d55,https://github.com/apache/mahou/tree/0f4b3d97cfc651a4bc052515b260648cd0093ac2,https://github.com/apache/mahou/compare/1eacd7f9d6e34b681e8f789ce83b06a45dc92d55...0f4b3d97cfc651a4bc052515b260648cd0093ac2
681,Mahout,0f4b3d97cfc651a4bc052515b260648cd0093ac2,b8f9d26db736268ec1b268cebaec1bed2e860523,MAHOUT-1903,https://issues.apache.org/jira/browse/MAHOUT-1903,https://github.com/apache/mahou/tree/0f4b3d97cfc651a4bc052515b260648cd0093ac2,https://github.com/apache/mahou/tree/b8f9d26db736268ec1b268cebaec1bed2e860523,https://github.com/apache/mahou/compare/0f4b3d97cfc651a4bc052515b260648cd0093ac2...b8f9d26db736268ec1b268cebaec1bed2e860523
682,Mahout,b8f9d26db736268ec1b268cebaec1bed2e860523,51b1ab99a86311078aa205f32ad178acdb824fc9,MAHOUT-1938,https://issues.apache.org/jira/browse/MAHOUT-1938,https://github.com/apache/mahou/tree/b8f9d26db736268ec1b268cebaec1bed2e860523,https://github.com/apache/mahou/tree/51b1ab99a86311078aa205f32ad178acdb824fc9,https://github.com/apache/mahou/compare/b8f9d26db736268ec1b268cebaec1bed2e860523...51b1ab99a86311078aa205f32ad178acdb824fc9
683,Mahout,51b1ab99a86311078aa205f32ad178acdb824fc9,4d1464ef4d7a1d278c828d29a906e8f431a2fcb5,MAHOUT-1939,https://issues.apache.org/jira/browse/MAHOUT-1939,https://github.com/apache/mahou/tree/51b1ab99a86311078aa205f32ad178acdb824fc9,https://github.com/apache/mahou/tree/4d1464ef4d7a1d278c828d29a906e8f431a2fcb5,https://github.com/apache/mahou/compare/51b1ab99a86311078aa205f32ad178acdb824fc9...4d1464ef4d7a1d278c828d29a906e8f431a2fcb5
684,Mahout,4d1464ef4d7a1d278c828d29a906e8f431a2fcb5,eb278dc3d3789e3e945af77d48551aecc15ab33b,MAHOUT-1919,https://issues.apache.org/jira/browse/MAHOUT-1919,https://github.com/apache/mahou/tree/4d1464ef4d7a1d278c828d29a906e8f431a2fcb5,https://github.com/apache/mahou/tree/eb278dc3d3789e3e945af77d48551aecc15ab33b,https://github.com/apache/mahou/compare/4d1464ef4d7a1d278c828d29a906e8f431a2fcb5...eb278dc3d3789e3e945af77d48551aecc15ab33b
685,Mahout,d848625df7144ef14dd90300adcf253f08aa28e4,4e0106ae5edafbef7b1411d66bc5f9e9bf44045a,MAHOUT-1926,https://issues.apache.org/jira/browse/MAHOUT-1926,https://github.com/apache/mahou/tree/d848625df7144ef14dd90300adcf253f08aa28e4,https://github.com/apache/mahou/tree/4e0106ae5edafbef7b1411d66bc5f9e9bf44045a,https://github.com/apache/mahou/compare/d848625df7144ef14dd90300adcf253f08aa28e4...4e0106ae5edafbef7b1411d66bc5f9e9bf44045a
686,Mahout,5bccac1193a071d9406283969ff395990a8495c5,7883ebc26ea40e62d8c73797e15a4ba801ae6348,MAHOUT-1947,https://issues.apache.org/jira/browse/MAHOUT-1947,https://github.com/apache/mahou/tree/5bccac1193a071d9406283969ff395990a8495c5,https://github.com/apache/mahou/tree/7883ebc26ea40e62d8c73797e15a4ba801ae6348,https://github.com/apache/mahou/compare/5bccac1193a071d9406283969ff395990a8495c5...7883ebc26ea40e62d8c73797e15a4ba801ae6348
687,Mahout,7883ebc26ea40e62d8c73797e15a4ba801ae6348,9ed9b4af4153fd3fed42d928c505d05335b29b92,MAHOUT-1913,https://issues.apache.org/jira/browse/MAHOUT-1913,https://github.com/apache/mahou/tree/7883ebc26ea40e62d8c73797e15a4ba801ae6348,https://github.com/apache/mahou/tree/9ed9b4af4153fd3fed42d928c505d05335b29b92,https://github.com/apache/mahou/compare/7883ebc26ea40e62d8c73797e15a4ba801ae6348...9ed9b4af4153fd3fed42d928c505d05335b29b92
688,Mahout,08248ada165e8c3ebc96e4917129486490eb05f2,ca24f0c44931aaf6ea57ef97384e12e39ccc561d,MAHOUT-1950,https://issues.apache.org/jira/browse/MAHOUT-1950,https://github.com/apache/mahou/tree/08248ada165e8c3ebc96e4917129486490eb05f2,https://github.com/apache/mahou/tree/ca24f0c44931aaf6ea57ef97384e12e39ccc561d,https://github.com/apache/mahou/compare/08248ada165e8c3ebc96e4917129486490eb05f2...ca24f0c44931aaf6ea57ef97384e12e39ccc561d
689,Mahout,d9bc8c5241252fc7a9b8415d38e4896eb8db8bc7,b32b6d9731481f00ea3b96e3129b9bc96e34eff5,MAHOUT-1939,https://issues.apache.org/jira/browse/MAHOUT-1939,https://github.com/apache/mahou/tree/d9bc8c5241252fc7a9b8415d38e4896eb8db8bc7,https://github.com/apache/mahou/tree/b32b6d9731481f00ea3b96e3129b9bc96e34eff5,https://github.com/apache/mahou/compare/d9bc8c5241252fc7a9b8415d38e4896eb8db8bc7...b32b6d9731481f00ea3b96e3129b9bc96e34eff5
690,Mahout,b32b6d9731481f00ea3b96e3129b9bc96e34eff5,f8f8f127231781bca0b981c26e2387bfad3958c2,MAHOUT-1950,https://issues.apache.org/jira/browse/MAHOUT-1950,https://github.com/apache/mahou/tree/b32b6d9731481f00ea3b96e3129b9bc96e34eff5,https://github.com/apache/mahou/tree/f8f8f127231781bca0b981c26e2387bfad3958c2,https://github.com/apache/mahou/compare/b32b6d9731481f00ea3b96e3129b9bc96e34eff5...f8f8f127231781bca0b981c26e2387bfad3958c2
691,Mahout,1f3156309f797fe7021383e534ffe5c2a94079f8,049619464145feb44805877cea337a4d84179083,MAHOUT-1955,https://issues.apache.org/jira/browse/MAHOUT-1955,https://github.com/apache/mahou/tree/1f3156309f797fe7021383e534ffe5c2a94079f8,https://github.com/apache/mahou/tree/049619464145feb44805877cea337a4d84179083,https://github.com/apache/mahou/compare/1f3156309f797fe7021383e534ffe5c2a94079f8...049619464145feb44805877cea337a4d84179083
692,Mahout,049619464145feb44805877cea337a4d84179083,9eb68e5319ad6f7692779e566206a159f98be8b9,MAHOUT-1956,https://issues.apache.org/jira/browse/MAHOUT-1956,https://github.com/apache/mahou/tree/049619464145feb44805877cea337a4d84179083,https://github.com/apache/mahou/tree/9eb68e5319ad6f7692779e566206a159f98be8b9,https://github.com/apache/mahou/compare/049619464145feb44805877cea337a4d84179083...9eb68e5319ad6f7692779e566206a159f98be8b9
693,Mahout,717b1939a8e9d5d66a8746d03a178f4987e8399b,28c1d20e21dcb97235a0c4dd5a0e22bf1783f6cc,MAHOUT-1960,https://issues.apache.org/jira/browse/MAHOUT-1960,https://github.com/apache/mahou/tree/717b1939a8e9d5d66a8746d03a178f4987e8399b,https://github.com/apache/mahou/tree/28c1d20e21dcb97235a0c4dd5a0e22bf1783f6cc,https://github.com/apache/mahou/compare/717b1939a8e9d5d66a8746d03a178f4987e8399b...28c1d20e21dcb97235a0c4dd5a0e22bf1783f6cc
694,Mahout,c397ef7f7b104a56980d928466022ad2b59ac297,08e02602e947ff945b9bd73ab5f0b45863df3e53,MAHOUT-1971,https://issues.apache.org/jira/browse/MAHOUT-1971,https://github.com/apache/mahou/tree/c397ef7f7b104a56980d928466022ad2b59ac297,https://github.com/apache/mahou/tree/08e02602e947ff945b9bd73ab5f0b45863df3e53,https://github.com/apache/mahou/compare/c397ef7f7b104a56980d928466022ad2b59ac297...08e02602e947ff945b9bd73ab5f0b45863df3e53
695,Mahout,08e02602e947ff945b9bd73ab5f0b45863df3e53,ae8e3bbe62acb5473ea59e78e15982ad465b9334,MAHOUT-1953,https://issues.apache.org/jira/browse/MAHOUT-1953,https://github.com/apache/mahou/tree/08e02602e947ff945b9bd73ab5f0b45863df3e53,https://github.com/apache/mahou/tree/ae8e3bbe62acb5473ea59e78e15982ad465b9334,https://github.com/apache/mahou/compare/08e02602e947ff945b9bd73ab5f0b45863df3e53...ae8e3bbe62acb5473ea59e78e15982ad465b9334
696,Mahout,31833fa6827729155934be77bdde7c546ebd47f3,e74c478d223c9f2ec90478dd2236c1b886bc5050,MAHOUT-1989,https://issues.apache.org/jira/browse/MAHOUT-1989,https://github.com/apache/mahou/tree/31833fa6827729155934be77bdde7c546ebd47f3,https://github.com/apache/mahou/tree/e74c478d223c9f2ec90478dd2236c1b886bc5050,https://github.com/apache/mahou/compare/31833fa6827729155934be77bdde7c546ebd47f3...e74c478d223c9f2ec90478dd2236c1b886bc5050
697,Mahout,e74c478d223c9f2ec90478dd2236c1b886bc5050,c17bee3c2705495b638d81ae2ad374bf7494c3f3,MAHOUT-1988,https://issues.apache.org/jira/browse/MAHOUT-1988,https://github.com/apache/mahou/tree/e74c478d223c9f2ec90478dd2236c1b886bc5050,https://github.com/apache/mahou/tree/c17bee3c2705495b638d81ae2ad374bf7494c3f3,https://github.com/apache/mahou/compare/e74c478d223c9f2ec90478dd2236c1b886bc5050...c17bee3c2705495b638d81ae2ad374bf7494c3f3
698,Mahout,c17bee3c2705495b638d81ae2ad374bf7494c3f3,48d6ca51738f9560aced6e15e1201025243a0d90,MAHOUT-1973,https://issues.apache.org/jira/browse/MAHOUT-1973,https://github.com/apache/mahou/tree/c17bee3c2705495b638d81ae2ad374bf7494c3f3,https://github.com/apache/mahou/tree/48d6ca51738f9560aced6e15e1201025243a0d90,https://github.com/apache/mahou/compare/c17bee3c2705495b638d81ae2ad374bf7494c3f3...48d6ca51738f9560aced6e15e1201025243a0d90
699,Mahout,a799ead59aa77cab0596f72bbe40872b59367e35,36c15d8a633f6836b35578e9915c96f4ca71ac55,MAHOUT-1994,https://issues.apache.org/jira/browse/MAHOUT-1994,https://github.com/apache/mahou/tree/a799ead59aa77cab0596f72bbe40872b59367e35,https://github.com/apache/mahou/tree/36c15d8a633f6836b35578e9915c96f4ca71ac55,https://github.com/apache/mahou/compare/a799ead59aa77cab0596f72bbe40872b59367e35...36c15d8a633f6836b35578e9915c96f4ca71ac55
700,Mahout,2be27b3784412beb907374026cd5e5c787a55eec,74766e309cb371059ce73fe2f7a585d6757662a4,MAHOUT-1998,https://issues.apache.org/jira/browse/MAHOUT-1998,https://github.com/apache/mahou/tree/2be27b3784412beb907374026cd5e5c787a55eec,https://github.com/apache/mahou/tree/74766e309cb371059ce73fe2f7a585d6757662a4,https://github.com/apache/mahou/compare/2be27b3784412beb907374026cd5e5c787a55eec...74766e309cb371059ce73fe2f7a585d6757662a4
701,Mahout,e56378cf7191fefa56eab6c17266a956d01f709e,b99e71c32c9fece5acf4485e7f3073d50240336a,MAHOUT-2012,https://issues.apache.org/jira/browse/MAHOUT-2012,https://github.com/apache/mahou/tree/e56378cf7191fefa56eab6c17266a956d01f709e,https://github.com/apache/mahou/tree/b99e71c32c9fece5acf4485e7f3073d50240336a,https://github.com/apache/mahou/compare/e56378cf7191fefa56eab6c17266a956d01f709e...b99e71c32c9fece5acf4485e7f3073d50240336a
702,Mahout,be254cdf3d7d24826e52a0f3db66902e485fad43,fe4cb1a0919eebd8262ad8f0ff142a53de9eba42,MAHOUT-2018,https://issues.apache.org/jira/browse/MAHOUT-2018,https://github.com/apache/mahou/tree/be254cdf3d7d24826e52a0f3db66902e485fad43,https://github.com/apache/mahou/tree/fe4cb1a0919eebd8262ad8f0ff142a53de9eba42,https://github.com/apache/mahou/compare/be254cdf3d7d24826e52a0f3db66902e485fad43...fe4cb1a0919eebd8262ad8f0ff142a53de9eba42
703,Mahout,d9b32f308804859b382e855d5a323a62ba7153e1,800a9ed6d7e015aa82b9eb7624bb441b71a8f397,MAHOUT-2019,https://issues.apache.org/jira/browse/MAHOUT-2019,https://github.com/apache/mahou/tree/d9b32f308804859b382e855d5a323a62ba7153e1,https://github.com/apache/mahou/tree/800a9ed6d7e015aa82b9eb7624bb441b71a8f397,https://github.com/apache/mahou/compare/d9b32f308804859b382e855d5a323a62ba7153e1...800a9ed6d7e015aa82b9eb7624bb441b71a8f397
704,Mahout,800a9ed6d7e015aa82b9eb7624bb441b71a8f397,6188fa578acdfb275119a4f85ba128fc0506b4f8,MAHOUT-2007,https://issues.apache.org/jira/browse/MAHOUT-2007,https://github.com/apache/mahou/tree/800a9ed6d7e015aa82b9eb7624bb441b71a8f397,https://github.com/apache/mahou/tree/6188fa578acdfb275119a4f85ba128fc0506b4f8,https://github.com/apache/mahou/compare/800a9ed6d7e015aa82b9eb7624bb441b71a8f397...6188fa578acdfb275119a4f85ba128fc0506b4f8
705,Mahout,020a187523266dad14da2dc36ca87d7cc186de82,3ee84f9c1dec2c559050e371362aeaf8f02ebbba,MAHOUT-2037,https://issues.apache.org/jira/browse/MAHOUT-2037,https://github.com/apache/mahou/tree/020a187523266dad14da2dc36ca87d7cc186de82,https://github.com/apache/mahou/tree/3ee84f9c1dec2c559050e371362aeaf8f02ebbba,https://github.com/apache/mahou/compare/020a187523266dad14da2dc36ca87d7cc186de82...3ee84f9c1dec2c559050e371362aeaf8f02ebbba
706,Mahout,505f08553970471edfeb251f2f54396e4793704e,2d53a5c6b08c1fb16bef048443f718c1bad39c10,MAHOUT-2037,https://issues.apache.org/jira/browse/MAHOUT-2037,https://github.com/apache/mahou/tree/505f08553970471edfeb251f2f54396e4793704e,https://github.com/apache/mahou/tree/2d53a5c6b08c1fb16bef048443f718c1bad39c10,https://github.com/apache/mahou/compare/505f08553970471edfeb251f2f54396e4793704e...2d53a5c6b08c1fb16bef048443f718c1bad39c10
707,Mahout,c23a9f696f33994b8f733aa09ce4540f9e0bc4a4,7b9eea4673e8325f49d184ed5275afacfd851026,MAHOUT-2037,https://issues.apache.org/jira/browse/MAHOUT-2037,https://github.com/apache/mahou/tree/c23a9f696f33994b8f733aa09ce4540f9e0bc4a4,https://github.com/apache/mahou/tree/7b9eea4673e8325f49d184ed5275afacfd851026,https://github.com/apache/mahou/compare/c23a9f696f33994b8f733aa09ce4540f9e0bc4a4...7b9eea4673e8325f49d184ed5275afacfd851026
708,Mahout,7b9eea4673e8325f49d184ed5275afacfd851026,9f9b518b79f6950879f8141500ebc12149caa442,MAHOUT-2037,https://issues.apache.org/jira/browse/MAHOUT-2037,https://github.com/apache/mahou/tree/7b9eea4673e8325f49d184ed5275afacfd851026,https://github.com/apache/mahou/tree/9f9b518b79f6950879f8141500ebc12149caa442,https://github.com/apache/mahou/compare/7b9eea4673e8325f49d184ed5275afacfd851026...9f9b518b79f6950879f8141500ebc12149caa442
709,Mahout,6867631269e1de85b3965473219c01b3d9f1aee9,f7719650ddccb313c68483eb7dd1cd855b425014,MAHOUT-2037,https://issues.apache.org/jira/browse/MAHOUT-2037,https://github.com/apache/mahou/tree/6867631269e1de85b3965473219c01b3d9f1aee9,https://github.com/apache/mahou/tree/f7719650ddccb313c68483eb7dd1cd855b425014,https://github.com/apache/mahou/compare/6867631269e1de85b3965473219c01b3d9f1aee9...f7719650ddccb313c68483eb7dd1cd855b425014
710,Mahout,01aec6b39e8a5cc72675be5b2641ddca4f38adab,8d407a161f15f194a4af2452a3cbe12947971f67,MAHOUT-2037,https://issues.apache.org/jira/browse/MAHOUT-2037,https://github.com/apache/mahou/tree/01aec6b39e8a5cc72675be5b2641ddca4f38adab,https://github.com/apache/mahou/tree/8d407a161f15f194a4af2452a3cbe12947971f67,https://github.com/apache/mahou/compare/01aec6b39e8a5cc72675be5b2641ddca4f38adab...8d407a161f15f194a4af2452a3cbe12947971f67
711,Mahout,d076ab6bee986a26b336459c449afe2af0547dae,5acdd99d30eb79b6d7996e82099a2ecd7e50fa34,MAHOUT-2037,https://issues.apache.org/jira/browse/MAHOUT-2037,https://github.com/apache/mahou/tree/d076ab6bee986a26b336459c449afe2af0547dae,https://github.com/apache/mahou/tree/5acdd99d30eb79b6d7996e82099a2ecd7e50fa34,https://github.com/apache/mahou/compare/d076ab6bee986a26b336459c449afe2af0547dae...5acdd99d30eb79b6d7996e82099a2ecd7e50fa34
712,Mahout,5acdd99d30eb79b6d7996e82099a2ecd7e50fa34,98d345cbca531ab8906a447b3c949d9871462cf1,MAHOUT-2037,https://issues.apache.org/jira/browse/MAHOUT-2037,https://github.com/apache/mahou/tree/5acdd99d30eb79b6d7996e82099a2ecd7e50fa34,https://github.com/apache/mahou/tree/98d345cbca531ab8906a447b3c949d9871462cf1,https://github.com/apache/mahou/compare/5acdd99d30eb79b6d7996e82099a2ecd7e50fa34...98d345cbca531ab8906a447b3c949d9871462cf1
713,Mahout,0fca1c0f6f2e9f45905171ac80550e33e72c477e,abcc6456756b45f2ed14ff6c8ffecf893d679cc7,MAHOUT-2041,https://issues.apache.org/jira/browse/MAHOUT-2041,https://github.com/apache/mahou/tree/0fca1c0f6f2e9f45905171ac80550e33e72c477e,https://github.com/apache/mahou/tree/abcc6456756b45f2ed14ff6c8ffecf893d679cc7,https://github.com/apache/mahou/compare/0fca1c0f6f2e9f45905171ac80550e33e72c477e...abcc6456756b45f2ed14ff6c8ffecf893d679cc7
714,Mahout,abcc6456756b45f2ed14ff6c8ffecf893d679cc7,eff8b1fd6a5c871331345d40bc1c9061b7ea2a40,MAHOUT-2039,https://issues.apache.org/jira/browse/MAHOUT-2039,https://github.com/apache/mahou/tree/abcc6456756b45f2ed14ff6c8ffecf893d679cc7,https://github.com/apache/mahou/tree/eff8b1fd6a5c871331345d40bc1c9061b7ea2a40,https://github.com/apache/mahou/compare/abcc6456756b45f2ed14ff6c8ffecf893d679cc7...eff8b1fd6a5c871331345d40bc1c9061b7ea2a40
715,Mahout,eff8b1fd6a5c871331345d40bc1c9061b7ea2a40,aa57e2f171ee8836f2645c1cdd087faf2ee1f934,MAHOUT-2038,https://issues.apache.org/jira/browse/MAHOUT-2038,https://github.com/apache/mahou/tree/eff8b1fd6a5c871331345d40bc1c9061b7ea2a40,https://github.com/apache/mahou/tree/aa57e2f171ee8836f2645c1cdd087faf2ee1f934,https://github.com/apache/mahou/compare/eff8b1fd6a5c871331345d40bc1c9061b7ea2a40...aa57e2f171ee8836f2645c1cdd087faf2ee1f934
716,Mahout,02f75f997bbc01083a345287072e821bfe4f1558,0908c521a5c35a2cd107404334db7a89accbb523,MAHOUT-2043,https://issues.apache.org/jira/browse/MAHOUT-2043,https://github.com/apache/mahou/tree/02f75f997bbc01083a345287072e821bfe4f1558,https://github.com/apache/mahou/tree/0908c521a5c35a2cd107404334db7a89accbb523,https://github.com/apache/mahou/compare/02f75f997bbc01083a345287072e821bfe4f1558...0908c521a5c35a2cd107404334db7a89accbb523
717,Mahout,0908c521a5c35a2cd107404334db7a89accbb523,e0573de33887e9d0909f1a5c34313680916b5aee,MAHOUT-2042,https://issues.apache.org/jira/browse/MAHOUT-2042,https://github.com/apache/mahou/tree/0908c521a5c35a2cd107404334db7a89accbb523,https://github.com/apache/mahou/tree/e0573de33887e9d0909f1a5c34313680916b5aee,https://github.com/apache/mahou/compare/0908c521a5c35a2cd107404334db7a89accbb523...e0573de33887e9d0909f1a5c34313680916b5aee
718,Mahout,410ed16af1fc587999868dd4990cebfa7d14633e,49ad8cb457079301a87b02e71ba1273c62585bed,MAHOUT-2033,https://issues.apache.org/jira/browse/MAHOUT-2033,https://github.com/apache/mahou/tree/410ed16af1fc587999868dd4990cebfa7d14633e,https://github.com/apache/mahou/tree/49ad8cb457079301a87b02e71ba1273c62585bed,https://github.com/apache/mahou/compare/410ed16af1fc587999868dd4990cebfa7d14633e...49ad8cb457079301a87b02e71ba1273c62585bed
719,Mahout,b3e6bf842532c5223a254c42e308348c258b064e,4c4a3fa2d0b07ee8c8f67f32c8bd7a289e6b4b9c,MAHOUT-2068,https://issues.apache.org/jira/browse/MAHOUT-2068,https://github.com/apache/mahou/tree/b3e6bf842532c5223a254c42e308348c258b064e,https://github.com/apache/mahou/tree/4c4a3fa2d0b07ee8c8f67f32c8bd7a289e6b4b9c,https://github.com/apache/mahou/compare/b3e6bf842532c5223a254c42e308348c258b064e...4c4a3fa2d0b07ee8c8f67f32c8bd7a289e6b4b9c
720,Mahout,e4126caf7bcd369c826e2f59de63b5aef6868a93,d28a505c61a5c8284a1b5bcc936a3188e01f530b,MAHOUT-2083,https://issues.apache.org/jira/browse/MAHOUT-2083,https://github.com/apache/mahou/tree/e4126caf7bcd369c826e2f59de63b5aef6868a93,https://github.com/apache/mahou/tree/d28a505c61a5c8284a1b5bcc936a3188e01f530b,https://github.com/apache/mahou/compare/e4126caf7bcd369c826e2f59de63b5aef6868a93...d28a505c61a5c8284a1b5bcc936a3188e01f530b
721,Mahout,d28a505c61a5c8284a1b5bcc936a3188e01f530b,8df99c7249b99ef137fb0f2935ac0c3050215fe4,MAHOUT-2084,https://issues.apache.org/jira/browse/MAHOUT-2084,https://github.com/apache/mahou/tree/d28a505c61a5c8284a1b5bcc936a3188e01f530b,https://github.com/apache/mahou/tree/8df99c7249b99ef137fb0f2935ac0c3050215fe4,https://github.com/apache/mahou/compare/d28a505c61a5c8284a1b5bcc936a3188e01f530b...8df99c7249b99ef137fb0f2935ac0c3050215fe4
722,Mahout,8df99c7249b99ef137fb0f2935ac0c3050215fe4,07446b7f130dd975bb287a2bd547bab4c8b4158d,MAHOUT-2085,https://issues.apache.org/jira/browse/MAHOUT-2085,https://github.com/apache/mahou/tree/8df99c7249b99ef137fb0f2935ac0c3050215fe4,https://github.com/apache/mahou/tree/07446b7f130dd975bb287a2bd547bab4c8b4158d,https://github.com/apache/mahou/compare/8df99c7249b99ef137fb0f2935ac0c3050215fe4...07446b7f130dd975bb287a2bd547bab4c8b4158d
723,Mahout,07446b7f130dd975bb287a2bd547bab4c8b4158d,d7e998ac121b4bb63383591991f6b62adca31d5e,MAHOUT-2086,https://issues.apache.org/jira/browse/MAHOUT-2086,https://github.com/apache/mahou/tree/07446b7f130dd975bb287a2bd547bab4c8b4158d,https://github.com/apache/mahou/tree/d7e998ac121b4bb63383591991f6b62adca31d5e,https://github.com/apache/mahou/compare/07446b7f130dd975bb287a2bd547bab4c8b4158d...d7e998ac121b4bb63383591991f6b62adca31d5e
724,Mahout,576005dc8bde1a86b3a9aefbacad629be6f670b3,85ce5504dc17dfbcaaee35a76bf46360228961d6,MAHOUT-2090,https://issues.apache.org/jira/browse/MAHOUT-2090,https://github.com/apache/mahou/tree/576005dc8bde1a86b3a9aefbacad629be6f670b3,https://github.com/apache/mahou/tree/85ce5504dc17dfbcaaee35a76bf46360228961d6,https://github.com/apache/mahou/compare/576005dc8bde1a86b3a9aefbacad629be6f670b3...85ce5504dc17dfbcaaee35a76bf46360228961d6
725,Mahout,438dc55573dc0ec414a1eec38a52946184ee5a66,754068bc3ac62bcf4b9b656cd4a6f413b29b18df,MAHOUT-2088,https://issues.apache.org/jira/browse/MAHOUT-2088,https://github.com/apache/mahou/tree/438dc55573dc0ec414a1eec38a52946184ee5a66,https://github.com/apache/mahou/tree/754068bc3ac62bcf4b9b656cd4a6f413b29b18df,https://github.com/apache/mahou/compare/438dc55573dc0ec414a1eec38a52946184ee5a66...754068bc3ac62bcf4b9b656cd4a6f413b29b18df
726,Mahout,7acc8640788d71ffdc1bd132f560152cfa27abe5,89487c9c07e564a3d4e959782544a6c93b99dd0a,MAHOUT-2127,https://issues.apache.org/jira/browse/MAHOUT-2127,https://github.com/apache/mahou/tree/7acc8640788d71ffdc1bd132f560152cfa27abe5,https://github.com/apache/mahou/tree/89487c9c07e564a3d4e959782544a6c93b99dd0a,https://github.com/apache/mahou/compare/7acc8640788d71ffdc1bd132f560152cfa27abe5...89487c9c07e564a3d4e959782544a6c93b99dd0a
727,Mahout,16af666813bc362198d219d3d9969c8cfa098911,870c9a0a89a2f6684991483ac37cfc8086bf64e5,MAHOUT-2207,https://issues.apache.org/jira/browse/MAHOUT-2207,https://github.com/apache/mahou/tree/16af666813bc362198d219d3d9969c8cfa098911,https://github.com/apache/mahou/tree/870c9a0a89a2f6684991483ac37cfc8086bf64e5,https://github.com/apache/mahou/compare/16af666813bc362198d219d3d9969c8cfa098911...870c9a0a89a2f6684991483ac37cfc8086bf64e5
728,Mahout,8fb53d089285f134dba4c5d8304c8e0525152c4c,d5c1e8188ab0d42c6a66430f2461769ee3a12166,MAHOUT-601,https://issues.apache.org/jira/browse/MAHOUT-601,https://github.com/apache/mahou/tree/8fb53d089285f134dba4c5d8304c8e0525152c4c,https://github.com/apache/mahou/tree/d5c1e8188ab0d42c6a66430f2461769ee3a12166,https://github.com/apache/mahou/compare/8fb53d089285f134dba4c5d8304c8e0525152c4c...d5c1e8188ab0d42c6a66430f2461769ee3a12166
729,Mahout,8a84224a4c16c3bac0186ef9883e525f416378be,2c7f6e6ac54e353ebde7b03cbec20fb2eda10f45,MAHOUT-604,https://issues.apache.org/jira/browse/MAHOUT-604,https://github.com/apache/mahou/tree/8a84224a4c16c3bac0186ef9883e525f416378be,https://github.com/apache/mahou/tree/2c7f6e6ac54e353ebde7b03cbec20fb2eda10f45,https://github.com/apache/mahou/compare/8a84224a4c16c3bac0186ef9883e525f416378be...2c7f6e6ac54e353ebde7b03cbec20fb2eda10f45
730,Mahout,2c7f6e6ac54e353ebde7b03cbec20fb2eda10f45,e15d13a7d395992b6c45aa9c77a0273f47a46fdf,MAHOUT-604,https://issues.apache.org/jira/browse/MAHOUT-604,https://github.com/apache/mahou/tree/2c7f6e6ac54e353ebde7b03cbec20fb2eda10f45,https://github.com/apache/mahou/tree/e15d13a7d395992b6c45aa9c77a0273f47a46fdf,https://github.com/apache/mahou/compare/2c7f6e6ac54e353ebde7b03cbec20fb2eda10f45...e15d13a7d395992b6c45aa9c77a0273f47a46fdf
731,Mahout,e15d13a7d395992b6c45aa9c77a0273f47a46fdf,8cb06c4bc4ca2b26fc885e77d6a44ef336ab4901,MAHOUT-604,https://issues.apache.org/jira/browse/MAHOUT-604,https://github.com/apache/mahou/tree/e15d13a7d395992b6c45aa9c77a0273f47a46fdf,https://github.com/apache/mahou/tree/8cb06c4bc4ca2b26fc885e77d6a44ef336ab4901,https://github.com/apache/mahou/compare/e15d13a7d395992b6c45aa9c77a0273f47a46fdf...8cb06c4bc4ca2b26fc885e77d6a44ef336ab4901
732,Mahout,d4a1d7e93adeabb149dd0b2286e64f06a14653cb,6b8f3cfdc9ffcf903e59462a7c4a2f54f02065d8,MAHOUT-618,https://issues.apache.org/jira/browse/MAHOUT-618,https://github.com/apache/mahou/tree/d4a1d7e93adeabb149dd0b2286e64f06a14653cb,https://github.com/apache/mahou/tree/6b8f3cfdc9ffcf903e59462a7c4a2f54f02065d8,https://github.com/apache/mahou/compare/d4a1d7e93adeabb149dd0b2286e64f06a14653cb...6b8f3cfdc9ffcf903e59462a7c4a2f54f02065d8
733,Mahout,6b8f3cfdc9ffcf903e59462a7c4a2f54f02065d8,7032fa9e079ee9f7b026e8155153c3b59aac93c1,MAHOUT-616,https://issues.apache.org/jira/browse/MAHOUT-616,https://github.com/apache/mahou/tree/6b8f3cfdc9ffcf903e59462a7c4a2f54f02065d8,https://github.com/apache/mahou/tree/7032fa9e079ee9f7b026e8155153c3b59aac93c1,https://github.com/apache/mahou/compare/6b8f3cfdc9ffcf903e59462a7c4a2f54f02065d8...7032fa9e079ee9f7b026e8155153c3b59aac93c1
734,Mahout,7032fa9e079ee9f7b026e8155153c3b59aac93c1,5babd983968caeaa180d392cd8e440b95c304c65,MAHOUT-624,https://issues.apache.org/jira/browse/MAHOUT-624,https://github.com/apache/mahou/tree/7032fa9e079ee9f7b026e8155153c3b59aac93c1,https://github.com/apache/mahou/tree/5babd983968caeaa180d392cd8e440b95c304c65,https://github.com/apache/mahou/compare/7032fa9e079ee9f7b026e8155153c3b59aac93c1...5babd983968caeaa180d392cd8e440b95c304c65
735,Mahout,858af4a3b524893794be76e823442fd8bd693372,85f0af32974ff285cd9c2a4c4065fe15f1f0e37d,MAHOUT-625,https://issues.apache.org/jira/browse/MAHOUT-625,https://github.com/apache/mahou/tree/858af4a3b524893794be76e823442fd8bd693372,https://github.com/apache/mahou/tree/85f0af32974ff285cd9c2a4c4065fe15f1f0e37d,https://github.com/apache/mahou/compare/858af4a3b524893794be76e823442fd8bd693372...85f0af32974ff285cd9c2a4c4065fe15f1f0e37d
736,Mahout,85f0af32974ff285cd9c2a4c4065fe15f1f0e37d,a9e1d825e7d1f5b89725e7978d2807893a6dc490,MAHOUT-604,https://issues.apache.org/jira/browse/MAHOUT-604,https://github.com/apache/mahou/tree/85f0af32974ff285cd9c2a4c4065fe15f1f0e37d,https://github.com/apache/mahou/tree/a9e1d825e7d1f5b89725e7978d2807893a6dc490,https://github.com/apache/mahou/compare/85f0af32974ff285cd9c2a4c4065fe15f1f0e37d...a9e1d825e7d1f5b89725e7978d2807893a6dc490
737,Mahout,db87696da547c7a83df2a35d3d34e50b7a013ce4,f210fa43f572e6104ee07b2506acacb9b387e606,MAHOUT-604,https://issues.apache.org/jira/browse/MAHOUT-604,https://github.com/apache/mahou/tree/db87696da547c7a83df2a35d3d34e50b7a013ce4,https://github.com/apache/mahou/tree/f210fa43f572e6104ee07b2506acacb9b387e606,https://github.com/apache/mahou/compare/db87696da547c7a83df2a35d3d34e50b7a013ce4...f210fa43f572e6104ee07b2506acacb9b387e606
738,Mahout,1d6a804955ebac5755a7ff8df2e88db162d863f9,635a62ca57d453a5b6bafa28971cd61ed19d982c,MAHOUT-679,https://issues.apache.org/jira/browse/MAHOUT-679,https://github.com/apache/mahou/tree/1d6a804955ebac5755a7ff8df2e88db162d863f9,https://github.com/apache/mahou/tree/635a62ca57d453a5b6bafa28971cd61ed19d982c,https://github.com/apache/mahou/compare/1d6a804955ebac5755a7ff8df2e88db162d863f9...635a62ca57d453a5b6bafa28971cd61ed19d982c
739,Mahout,7fe53eac4029f58c3af6eaca2796d699d5a075e4,674e42701a0a71f3d3d415cea8761eba0a1bb7e3,MAHOUT-801,https://issues.apache.org/jira/browse/MAHOUT-801,https://github.com/apache/mahou/tree/7fe53eac4029f58c3af6eaca2796d699d5a075e4,https://github.com/apache/mahou/tree/674e42701a0a71f3d3d415cea8761eba0a1bb7e3,https://github.com/apache/mahou/compare/7fe53eac4029f58c3af6eaca2796d699d5a075e4...674e42701a0a71f3d3d415cea8761eba0a1bb7e3
740,Mahout,7fda3beed350d85d6c51369e808d5dc6f0cb86ad,af3ff8bc2529b5f18bfdec90f1505e5509773202,MAHOUT-826,https://issues.apache.org/jira/browse/MAHOUT-826,https://github.com/apache/mahou/tree/7fda3beed350d85d6c51369e808d5dc6f0cb86ad,https://github.com/apache/mahou/tree/af3ff8bc2529b5f18bfdec90f1505e5509773202,https://github.com/apache/mahou/compare/7fda3beed350d85d6c51369e808d5dc6f0cb86ad...af3ff8bc2529b5f18bfdec90f1505e5509773202
741,Mahout,b29f38128d9f6a768b850a1346edf39476bf7822,929edd7c1e458d3f6ba5dc032f9d9d2dbd271ccb,MAHOUT-828,https://issues.apache.org/jira/browse/MAHOUT-828,https://github.com/apache/mahou/tree/b29f38128d9f6a768b850a1346edf39476bf7822,https://github.com/apache/mahou/tree/929edd7c1e458d3f6ba5dc032f9d9d2dbd271ccb,https://github.com/apache/mahou/compare/b29f38128d9f6a768b850a1346edf39476bf7822...929edd7c1e458d3f6ba5dc032f9d9d2dbd271ccb
742,Mahout,88f924b1281eb2456a7c0a8ecf6173d1c72f906a,e9458075d7f5203f86ae788ce813d8f93419108f,MAHOUT-856,https://issues.apache.org/jira/browse/MAHOUT-856,https://github.com/apache/mahou/tree/88f924b1281eb2456a7c0a8ecf6173d1c72f906a,https://github.com/apache/mahou/tree/e9458075d7f5203f86ae788ce813d8f93419108f,https://github.com/apache/mahou/compare/88f924b1281eb2456a7c0a8ecf6173d1c72f906a...e9458075d7f5203f86ae788ce813d8f93419108f
743,Mahout,bac6b362e58acdce60693eb65158a3faeb9b0420,2d2283383c8e23e60361715df2d60dd7bc81321c,MAHOUT-861,https://issues.apache.org/jira/browse/MAHOUT-861,https://github.com/apache/mahou/tree/bac6b362e58acdce60693eb65158a3faeb9b0420,https://github.com/apache/mahou/tree/2d2283383c8e23e60361715df2d60dd7bc81321c,https://github.com/apache/mahou/compare/bac6b362e58acdce60693eb65158a3faeb9b0420...2d2283383c8e23e60361715df2d60dd7bc81321c
744,Mahout,34feb7601b263f5e252f3ad56428e8713f6c8384,c79cc49ee1ff54d04b8ae841f1832b2a7e0a26a4,MAHOUT-855,https://issues.apache.org/jira/browse/MAHOUT-855,https://github.com/apache/mahou/tree/34feb7601b263f5e252f3ad56428e8713f6c8384,https://github.com/apache/mahou/tree/c79cc49ee1ff54d04b8ae841f1832b2a7e0a26a4,https://github.com/apache/mahou/compare/34feb7601b263f5e252f3ad56428e8713f6c8384...c79cc49ee1ff54d04b8ae841f1832b2a7e0a26a4
745,Mahout,573e6b796c61fe9926fb98863edbdd224e92d514,026e6c7628624b5c65972ba1d6d95e1475cdcb6e,MAHOUT-799,https://issues.apache.org/jira/browse/MAHOUT-799,https://github.com/apache/mahou/tree/573e6b796c61fe9926fb98863edbdd224e92d514,https://github.com/apache/mahou/tree/026e6c7628624b5c65972ba1d6d95e1475cdcb6e,https://github.com/apache/mahou/compare/573e6b796c61fe9926fb98863edbdd224e92d514...026e6c7628624b5c65972ba1d6d95e1475cdcb6e
746,Mahout,b736eb90dc403d592fef06e1be0fe92ed5365717,76a7d1226ea1182c5644da276002c187168d1bec,MAHOUT-801,https://issues.apache.org/jira/browse/MAHOUT-801,https://github.com/apache/mahou/tree/b736eb90dc403d592fef06e1be0fe92ed5365717,https://github.com/apache/mahou/tree/76a7d1226ea1182c5644da276002c187168d1bec,https://github.com/apache/mahou/compare/b736eb90dc403d592fef06e1be0fe92ed5365717...76a7d1226ea1182c5644da276002c187168d1bec
747,Mahout,ef00f92eb236414d2ae15c01f4a32944f8d4eb2a,8d5b789352337ba1050b3c0e51a48c992fcf6613,MAHOUT-802,https://issues.apache.org/jira/browse/MAHOUT-802,https://github.com/apache/mahou/tree/ef00f92eb236414d2ae15c01f4a32944f8d4eb2a,https://github.com/apache/mahou/tree/8d5b789352337ba1050b3c0e51a48c992fcf6613,https://github.com/apache/mahou/compare/ef00f92eb236414d2ae15c01f4a32944f8d4eb2a...8d5b789352337ba1050b3c0e51a48c992fcf6613
748,Mahout,8cf771addf3e522fa540b55aaa472df90b212584,74514322363c8b3a0ab77b4f61328470f65ffea6,MAHOUT-900,https://issues.apache.org/jira/browse/MAHOUT-900,https://github.com/apache/mahou/tree/8cf771addf3e522fa540b55aaa472df90b212584,https://github.com/apache/mahou/tree/74514322363c8b3a0ab77b4f61328470f65ffea6,https://github.com/apache/mahou/compare/8cf771addf3e522fa540b55aaa472df90b212584...74514322363c8b3a0ab77b4f61328470f65ffea6
749,Mahout,52b5a46c2f33df7fb1351942e3bb21f46ee29319,215c426f5b8019fccf29cfaa07ad3666ee83e1f4,MAHOUT-800,https://issues.apache.org/jira/browse/MAHOUT-800,https://github.com/apache/mahou/tree/52b5a46c2f33df7fb1351942e3bb21f46ee29319,https://github.com/apache/mahou/tree/215c426f5b8019fccf29cfaa07ad3666ee83e1f4,https://github.com/apache/mahou/compare/52b5a46c2f33df7fb1351942e3bb21f46ee29319...215c426f5b8019fccf29cfaa07ad3666ee83e1f4
