bug.id,project_id,revision.id.buggy,revision.id.fixed,report.id,report.url,buggy_commit_url,fixed_commit_url,compare_url
1,Zeppelin,470824fdac1cf2a1e7bd76a9de9d830a21fa0a5e,3b63bdbc93ee64ad33e586a8f4e9c8ab19643ac7,ZEPPELIN-1,https://issues.apache.org/jira/browse/ZEPPELIN-1,https://github.com/apache/zeppelin/tree/470824fdac1cf2a1e7bd76a9de9d830a21fa0a5e,https://github.com/apache/zeppelin/tree/3b63bdbc93ee64ad33e586a8f4e9c8ab19643ac7,https://github.com/apache/zeppelin/compare/470824fdac1cf2a1e7bd76a9de9d830a21fa0a5e...3b63bdbc93ee64ad33e586a8f4e9c8ab19643ac7
2,Zeppelin,ce992ee77ec8b0d2903c56851126bb1ff5bfb7b6,7cfc5288f4ddc7734658859f57ae5ca5d36f0067,ZEPPELIN-8,https://issues.apache.org/jira/browse/ZEPPELIN-8,https://github.com/apache/zeppelin/tree/ce992ee77ec8b0d2903c56851126bb1ff5bfb7b6,https://github.com/apache/zeppelin/tree/7cfc5288f4ddc7734658859f57ae5ca5d36f0067,https://github.com/apache/zeppelin/compare/ce992ee77ec8b0d2903c56851126bb1ff5bfb7b6...7cfc5288f4ddc7734658859f57ae5ca5d36f0067
3,Zeppelin,4543ef6a31a1abe5b1abacb76f6978bb69da9f01,1b7a6a8418757c1ca61911a679406d911ee14c8c,ZEPPELIN-19,https://issues.apache.org/jira/browse/ZEPPELIN-19,https://github.com/apache/zeppelin/tree/4543ef6a31a1abe5b1abacb76f6978bb69da9f01,https://github.com/apache/zeppelin/tree/1b7a6a8418757c1ca61911a679406d911ee14c8c,https://github.com/apache/zeppelin/compare/4543ef6a31a1abe5b1abacb76f6978bb69da9f01...1b7a6a8418757c1ca61911a679406d911ee14c8c
4,Zeppelin,17f3899695708fead4de3d04d7b1c8f5b1809d25,c288a74dd6f8e72114a6efea81574dc0876482a0,ZEPPELIN-20,https://issues.apache.org/jira/browse/ZEPPELIN-20,https://github.com/apache/zeppelin/tree/17f3899695708fead4de3d04d7b1c8f5b1809d25,https://github.com/apache/zeppelin/tree/c288a74dd6f8e72114a6efea81574dc0876482a0,https://github.com/apache/zeppelin/compare/17f3899695708fead4de3d04d7b1c8f5b1809d25...c288a74dd6f8e72114a6efea81574dc0876482a0
5,Zeppelin,a5fcd1bc7a7a388632a2398b8449afef1674e299,18e351bf035021c54d1e0992bf0c6e21ed41fb2a,ZEPPELIN-33,https://issues.apache.org/jira/browse/ZEPPELIN-33,https://github.com/apache/zeppelin/tree/a5fcd1bc7a7a388632a2398b8449afef1674e299,https://github.com/apache/zeppelin/tree/18e351bf035021c54d1e0992bf0c6e21ed41fb2a,https://github.com/apache/zeppelin/compare/a5fcd1bc7a7a388632a2398b8449afef1674e299...18e351bf035021c54d1e0992bf0c6e21ed41fb2a
6,Zeppelin,a13fc9e368e4f85d8d79d4d7ed7a931a4300e187,fc4c4bc3c8f2c8afad8744c7841506e11cf7008e,ZEPPELIN-34,https://issues.apache.org/jira/browse/ZEPPELIN-34,https://github.com/apache/zeppelin/tree/a13fc9e368e4f85d8d79d4d7ed7a931a4300e187,https://github.com/apache/zeppelin/tree/fc4c4bc3c8f2c8afad8744c7841506e11cf7008e,https://github.com/apache/zeppelin/compare/a13fc9e368e4f85d8d79d4d7ed7a931a4300e187...fc4c4bc3c8f2c8afad8744c7841506e11cf7008e
7,Zeppelin,761655040cb838893a330b23d561714cdefbc106,85e6995bcad23cd7d8bda5a515ada411c72a6aa7,ZEPPELIN-30,https://issues.apache.org/jira/browse/ZEPPELIN-30,https://github.com/apache/zeppelin/tree/761655040cb838893a330b23d561714cdefbc106,https://github.com/apache/zeppelin/tree/85e6995bcad23cd7d8bda5a515ada411c72a6aa7,https://github.com/apache/zeppelin/compare/761655040cb838893a330b23d561714cdefbc106...85e6995bcad23cd7d8bda5a515ada411c72a6aa7
8,Zeppelin,4599c3c2cd13cc6a753b52e73ab93a3efb03f72c,d72aa37755a98e7a2f0653699da7907bc5566846,ZEPPELIN-39,https://issues.apache.org/jira/browse/ZEPPELIN-39,https://github.com/apache/zeppelin/tree/4599c3c2cd13cc6a753b52e73ab93a3efb03f72c,https://github.com/apache/zeppelin/tree/d72aa37755a98e7a2f0653699da7907bc5566846,https://github.com/apache/zeppelin/compare/4599c3c2cd13cc6a753b52e73ab93a3efb03f72c...d72aa37755a98e7a2f0653699da7907bc5566846
9,Zeppelin,d72aa37755a98e7a2f0653699da7907bc5566846,474f2c83fe7505b9e498ad634fb60cbbaf843c3a,ZEPPELIN-39,https://issues.apache.org/jira/browse/ZEPPELIN-39,https://github.com/apache/zeppelin/tree/d72aa37755a98e7a2f0653699da7907bc5566846,https://github.com/apache/zeppelin/tree/474f2c83fe7505b9e498ad634fb60cbbaf843c3a,https://github.com/apache/zeppelin/compare/d72aa37755a98e7a2f0653699da7907bc5566846...474f2c83fe7505b9e498ad634fb60cbbaf843c3a
10,Zeppelin,579f29601c41c203f6ddafec2006f0895256a91b,abc3478f7eebddd5898a4e1986a7e380c3d5d9c2,ZEPPELIN-40,https://issues.apache.org/jira/browse/ZEPPELIN-40,https://github.com/apache/zeppelin/tree/579f29601c41c203f6ddafec2006f0895256a91b,https://github.com/apache/zeppelin/tree/abc3478f7eebddd5898a4e1986a7e380c3d5d9c2,https://github.com/apache/zeppelin/compare/579f29601c41c203f6ddafec2006f0895256a91b...abc3478f7eebddd5898a4e1986a7e380c3d5d9c2
11,Zeppelin,df5d95be71f935bcdebd54ee0d652a3968c9334a,e95f9c10a6f1be4ed81aa0d43e4ff54b0f6e4f88,ZEPPELIN-41,https://issues.apache.org/jira/browse/ZEPPELIN-41,https://github.com/apache/zeppelin/tree/df5d95be71f935bcdebd54ee0d652a3968c9334a,https://github.com/apache/zeppelin/tree/e95f9c10a6f1be4ed81aa0d43e4ff54b0f6e4f88,https://github.com/apache/zeppelin/compare/df5d95be71f935bcdebd54ee0d652a3968c9334a...e95f9c10a6f1be4ed81aa0d43e4ff54b0f6e4f88
12,Zeppelin,5403b3bf32a4c307b03216fcf6a1149cf3e59d6d,51391e5cc389e127aa0d7a78a03491296ede394f,ZEPPELIN-41,https://issues.apache.org/jira/browse/ZEPPELIN-41,https://github.com/apache/zeppelin/tree/5403b3bf32a4c307b03216fcf6a1149cf3e59d6d,https://github.com/apache/zeppelin/tree/51391e5cc389e127aa0d7a78a03491296ede394f,https://github.com/apache/zeppelin/compare/5403b3bf32a4c307b03216fcf6a1149cf3e59d6d...51391e5cc389e127aa0d7a78a03491296ede394f
13,Zeppelin,51391e5cc389e127aa0d7a78a03491296ede394f,76f24941df8ed849f9934ec2fb82fbd5aad431d1,ZEPPELIN-41,https://issues.apache.org/jira/browse/ZEPPELIN-41,https://github.com/apache/zeppelin/tree/51391e5cc389e127aa0d7a78a03491296ede394f,https://github.com/apache/zeppelin/tree/76f24941df8ed849f9934ec2fb82fbd5aad431d1,https://github.com/apache/zeppelin/compare/51391e5cc389e127aa0d7a78a03491296ede394f...76f24941df8ed849f9934ec2fb82fbd5aad431d1
14,Zeppelin,76f24941df8ed849f9934ec2fb82fbd5aad431d1,2f97ea8bddc765734702799ff6660c8b84a35133,ZEPPELIN-41,https://issues.apache.org/jira/browse/ZEPPELIN-41,https://github.com/apache/zeppelin/tree/76f24941df8ed849f9934ec2fb82fbd5aad431d1,https://github.com/apache/zeppelin/tree/2f97ea8bddc765734702799ff6660c8b84a35133,https://github.com/apache/zeppelin/compare/76f24941df8ed849f9934ec2fb82fbd5aad431d1...2f97ea8bddc765734702799ff6660c8b84a35133
15,Zeppelin,2f97ea8bddc765734702799ff6660c8b84a35133,55fd2ece98920afca9a5851684b8ef7bda16d414,ZEPPELIN-41,https://issues.apache.org/jira/browse/ZEPPELIN-41,https://github.com/apache/zeppelin/tree/2f97ea8bddc765734702799ff6660c8b84a35133,https://github.com/apache/zeppelin/tree/55fd2ece98920afca9a5851684b8ef7bda16d414,https://github.com/apache/zeppelin/compare/2f97ea8bddc765734702799ff6660c8b84a35133...55fd2ece98920afca9a5851684b8ef7bda16d414
16,Zeppelin,12b4f817797fbfa4a5386be91128a442ed6c8636,8fdb1f7f5ad3947d00d300af7c5b1b59907ad902,ZEPPELIN-53,https://issues.apache.org/jira/browse/ZEPPELIN-53,https://github.com/apache/zeppelin/tree/12b4f817797fbfa4a5386be91128a442ed6c8636,https://github.com/apache/zeppelin/tree/8fdb1f7f5ad3947d00d300af7c5b1b59907ad902,https://github.com/apache/zeppelin/compare/12b4f817797fbfa4a5386be91128a442ed6c8636...8fdb1f7f5ad3947d00d300af7c5b1b59907ad902
17,Zeppelin,8fdb1f7f5ad3947d00d300af7c5b1b59907ad902,842038e139edf1decd702ca126477f821dc6ac4e,ZEPPELIN-53,https://issues.apache.org/jira/browse/ZEPPELIN-53,https://github.com/apache/zeppelin/tree/8fdb1f7f5ad3947d00d300af7c5b1b59907ad902,https://github.com/apache/zeppelin/tree/842038e139edf1decd702ca126477f821dc6ac4e,https://github.com/apache/zeppelin/compare/8fdb1f7f5ad3947d00d300af7c5b1b59907ad902...842038e139edf1decd702ca126477f821dc6ac4e
18,Zeppelin,017896fc7d2e7ad466ceba071bfbca22b4b9af20,c4c4590265a767fa4d131c94d8f6a7b2d7f557df,ZEPPELIN-69,https://issues.apache.org/jira/browse/ZEPPELIN-69,https://github.com/apache/zeppelin/tree/017896fc7d2e7ad466ceba071bfbca22b4b9af20,https://github.com/apache/zeppelin/tree/c4c4590265a767fa4d131c94d8f6a7b2d7f557df,https://github.com/apache/zeppelin/compare/017896fc7d2e7ad466ceba071bfbca22b4b9af20...c4c4590265a767fa4d131c94d8f6a7b2d7f557df
19,Zeppelin,c4c4590265a767fa4d131c94d8f6a7b2d7f557df,832d53a344162d6b5da54bfcbbb4acb7a257c37d,ZEPPELIN-69,https://issues.apache.org/jira/browse/ZEPPELIN-69,https://github.com/apache/zeppelin/tree/c4c4590265a767fa4d131c94d8f6a7b2d7f557df,https://github.com/apache/zeppelin/tree/832d53a344162d6b5da54bfcbbb4acb7a257c37d,https://github.com/apache/zeppelin/compare/c4c4590265a767fa4d131c94d8f6a7b2d7f557df...832d53a344162d6b5da54bfcbbb4acb7a257c37d
20,Zeppelin,b7d8ef78dceeb4fb73bf91888ab1f81b9d784690,eac8a073dda8da388e1f29d64ce43a9ae6f423b7,ZEPPELIN-72,https://issues.apache.org/jira/browse/ZEPPELIN-72,https://github.com/apache/zeppelin/tree/b7d8ef78dceeb4fb73bf91888ab1f81b9d784690,https://github.com/apache/zeppelin/tree/eac8a073dda8da388e1f29d64ce43a9ae6f423b7,https://github.com/apache/zeppelin/compare/b7d8ef78dceeb4fb73bf91888ab1f81b9d784690...eac8a073dda8da388e1f29d64ce43a9ae6f423b7
21,Zeppelin,b7d8ef78dceeb4fb73bf91888ab1f81b9d784690,18331952be764661e34cec87ed1d46798a508086,ZEPPELIN-50,https://issues.apache.org/jira/browse/ZEPPELIN-50,https://github.com/apache/zeppelin/tree/b7d8ef78dceeb4fb73bf91888ab1f81b9d784690,https://github.com/apache/zeppelin/tree/18331952be764661e34cec87ed1d46798a508086,https://github.com/apache/zeppelin/compare/b7d8ef78dceeb4fb73bf91888ab1f81b9d784690...18331952be764661e34cec87ed1d46798a508086
22,Zeppelin,ab5cdcd648153f8052b5f43832ac4df12c23e7ba,ac165a5494995e501dce33753f2926c99d67edfc,ZEPPELIN-83,https://issues.apache.org/jira/browse/ZEPPELIN-83,https://github.com/apache/zeppelin/tree/ab5cdcd648153f8052b5f43832ac4df12c23e7ba,https://github.com/apache/zeppelin/tree/ac165a5494995e501dce33753f2926c99d67edfc,https://github.com/apache/zeppelin/compare/ab5cdcd648153f8052b5f43832ac4df12c23e7ba...ac165a5494995e501dce33753f2926c99d67edfc
23,Zeppelin,ab5cdcd648153f8052b5f43832ac4df12c23e7ba,602de2b56379e6dd1506a9b560d07d1afb8e82c9,ZEPPELIN-46,https://issues.apache.org/jira/browse/ZEPPELIN-46,https://github.com/apache/zeppelin/tree/ab5cdcd648153f8052b5f43832ac4df12c23e7ba,https://github.com/apache/zeppelin/tree/602de2b56379e6dd1506a9b560d07d1afb8e82c9,https://github.com/apache/zeppelin/compare/ab5cdcd648153f8052b5f43832ac4df12c23e7ba...602de2b56379e6dd1506a9b560d07d1afb8e82c9
24,Zeppelin,6808b1c36c365621330b80a76350cd5de7bb9036,ce5fbea4134068f76e77f3670f32040a2bafdf80,ZEPPELIN-90,https://issues.apache.org/jira/browse/ZEPPELIN-90,https://github.com/apache/zeppelin/tree/6808b1c36c365621330b80a76350cd5de7bb9036,https://github.com/apache/zeppelin/tree/ce5fbea4134068f76e77f3670f32040a2bafdf80,https://github.com/apache/zeppelin/compare/6808b1c36c365621330b80a76350cd5de7bb9036...ce5fbea4134068f76e77f3670f32040a2bafdf80
25,Zeppelin,616fbfafe00c4b7d9cb448790d59b9e0e0084805,1eab4a4572e9df3a0fd5ae7db050177d09e0d550,ZEPPELIN-93,https://issues.apache.org/jira/browse/ZEPPELIN-93,https://github.com/apache/zeppelin/tree/616fbfafe00c4b7d9cb448790d59b9e0e0084805,https://github.com/apache/zeppelin/tree/1eab4a4572e9df3a0fd5ae7db050177d09e0d550,https://github.com/apache/zeppelin/compare/616fbfafe00c4b7d9cb448790d59b9e0e0084805...1eab4a4572e9df3a0fd5ae7db050177d09e0d550
26,Zeppelin,616fbfafe00c4b7d9cb448790d59b9e0e0084805,58660479b68b44bf83d6bcb901fb38f761c6f9b8,ZEPPELIN-94,https://issues.apache.org/jira/browse/ZEPPELIN-94,https://github.com/apache/zeppelin/tree/616fbfafe00c4b7d9cb448790d59b9e0e0084805,https://github.com/apache/zeppelin/tree/58660479b68b44bf83d6bcb901fb38f761c6f9b8,https://github.com/apache/zeppelin/compare/616fbfafe00c4b7d9cb448790d59b9e0e0084805...58660479b68b44bf83d6bcb901fb38f761c6f9b8
27,Zeppelin,a5148e5e75553a9068187e9cf7038b5297e38dfc,d3f9ba5574d38f94b62bcf612810b79ec4da9217,ZEPPELIN-94,https://issues.apache.org/jira/browse/ZEPPELIN-94,https://github.com/apache/zeppelin/tree/a5148e5e75553a9068187e9cf7038b5297e38dfc,https://github.com/apache/zeppelin/tree/d3f9ba5574d38f94b62bcf612810b79ec4da9217,https://github.com/apache/zeppelin/compare/a5148e5e75553a9068187e9cf7038b5297e38dfc...d3f9ba5574d38f94b62bcf612810b79ec4da9217
28,Zeppelin,a5148e5e75553a9068187e9cf7038b5297e38dfc,e636600ba350fed6f180e56a491590b422aaa22a,ZEPPELIN-99,https://issues.apache.org/jira/browse/ZEPPELIN-99,https://github.com/apache/zeppelin/tree/a5148e5e75553a9068187e9cf7038b5297e38dfc,https://github.com/apache/zeppelin/tree/e636600ba350fed6f180e56a491590b422aaa22a,https://github.com/apache/zeppelin/compare/a5148e5e75553a9068187e9cf7038b5297e38dfc...e636600ba350fed6f180e56a491590b422aaa22a
29,Zeppelin,a5148e5e75553a9068187e9cf7038b5297e38dfc,8d90f34b2027cd4a38e774208b14c36f362c644d,ZEPPELIN-98,https://issues.apache.org/jira/browse/ZEPPELIN-98,https://github.com/apache/zeppelin/tree/a5148e5e75553a9068187e9cf7038b5297e38dfc,https://github.com/apache/zeppelin/tree/8d90f34b2027cd4a38e774208b14c36f362c644d,https://github.com/apache/zeppelin/compare/a5148e5e75553a9068187e9cf7038b5297e38dfc...8d90f34b2027cd4a38e774208b14c36f362c644d
30,Zeppelin,20f888b896044531b763db8b2ee43ce61eaa7681,eae08cfbaaf41a562db98c954f136742fdb639c1,ZEPPELIN-101,https://issues.apache.org/jira/browse/ZEPPELIN-101,https://github.com/apache/zeppelin/tree/20f888b896044531b763db8b2ee43ce61eaa7681,https://github.com/apache/zeppelin/tree/eae08cfbaaf41a562db98c954f136742fdb639c1,https://github.com/apache/zeppelin/compare/20f888b896044531b763db8b2ee43ce61eaa7681...eae08cfbaaf41a562db98c954f136742fdb639c1
31,Zeppelin,106df1e4620ae2a5da4ce5a366385867bedd3f5f,4804d7a711efd92c311a959d8467a26839afb67e,ZEPPELIN-102,https://issues.apache.org/jira/browse/ZEPPELIN-102,https://github.com/apache/zeppelin/tree/106df1e4620ae2a5da4ce5a366385867bedd3f5f,https://github.com/apache/zeppelin/tree/4804d7a711efd92c311a959d8467a26839afb67e,https://github.com/apache/zeppelin/compare/106df1e4620ae2a5da4ce5a366385867bedd3f5f...4804d7a711efd92c311a959d8467a26839afb67e
32,Zeppelin,4804d7a711efd92c311a959d8467a26839afb67e,52b57f47a64c2d4b7339c6e343c532a7893a18c4,ZEPPELIN-102,https://issues.apache.org/jira/browse/ZEPPELIN-102,https://github.com/apache/zeppelin/tree/4804d7a711efd92c311a959d8467a26839afb67e,https://github.com/apache/zeppelin/tree/52b57f47a64c2d4b7339c6e343c532a7893a18c4,https://github.com/apache/zeppelin/compare/4804d7a711efd92c311a959d8467a26839afb67e...52b57f47a64c2d4b7339c6e343c532a7893a18c4
33,Zeppelin,ee08583fe92e8b2e3652212e3fff902ba6ad7d8e,9c44ca32904f7d3cbf94afdc32183e1d04478b63,ZEPPELIN-103,https://issues.apache.org/jira/browse/ZEPPELIN-103,https://github.com/apache/zeppelin/tree/ee08583fe92e8b2e3652212e3fff902ba6ad7d8e,https://github.com/apache/zeppelin/tree/9c44ca32904f7d3cbf94afdc32183e1d04478b63,https://github.com/apache/zeppelin/compare/ee08583fe92e8b2e3652212e3fff902ba6ad7d8e...9c44ca32904f7d3cbf94afdc32183e1d04478b63
34,Zeppelin,47c3c987bd847348dc69be6c58f703c43370d122,2ef9f55f1e9a8784ecd47b6b22fc15e6c8eaec1f,ZEPPELIN-108,https://issues.apache.org/jira/browse/ZEPPELIN-108,https://github.com/apache/zeppelin/tree/47c3c987bd847348dc69be6c58f703c43370d122,https://github.com/apache/zeppelin/tree/2ef9f55f1e9a8784ecd47b6b22fc15e6c8eaec1f,https://github.com/apache/zeppelin/compare/47c3c987bd847348dc69be6c58f703c43370d122...2ef9f55f1e9a8784ecd47b6b22fc15e6c8eaec1f
35,Zeppelin,2ef9f55f1e9a8784ecd47b6b22fc15e6c8eaec1f,8013e7544b145d92da954cb3f30d4200d6144354,ZEPPELIN-108,https://issues.apache.org/jira/browse/ZEPPELIN-108,https://github.com/apache/zeppelin/tree/2ef9f55f1e9a8784ecd47b6b22fc15e6c8eaec1f,https://github.com/apache/zeppelin/tree/8013e7544b145d92da954cb3f30d4200d6144354,https://github.com/apache/zeppelin/compare/2ef9f55f1e9a8784ecd47b6b22fc15e6c8eaec1f...8013e7544b145d92da954cb3f30d4200d6144354
36,Zeppelin,8013e7544b145d92da954cb3f30d4200d6144354,6907119b267c4d352eec28a098f2b43cc72a3c49,ZEPPELIN-108,https://issues.apache.org/jira/browse/ZEPPELIN-108,https://github.com/apache/zeppelin/tree/8013e7544b145d92da954cb3f30d4200d6144354,https://github.com/apache/zeppelin/tree/6907119b267c4d352eec28a098f2b43cc72a3c49,https://github.com/apache/zeppelin/compare/8013e7544b145d92da954cb3f30d4200d6144354...6907119b267c4d352eec28a098f2b43cc72a3c49
37,Zeppelin,442de49831a6bfa6c77ad44353396197a1991bc2,ae8a4ce904f614e98dee2b794520e99df5d5e505,ZEPPELIN-117,https://issues.apache.org/jira/browse/ZEPPELIN-117,https://github.com/apache/zeppelin/tree/442de49831a6bfa6c77ad44353396197a1991bc2,https://github.com/apache/zeppelin/tree/ae8a4ce904f614e98dee2b794520e99df5d5e505,https://github.com/apache/zeppelin/compare/442de49831a6bfa6c77ad44353396197a1991bc2...ae8a4ce904f614e98dee2b794520e99df5d5e505
38,Zeppelin,ae8a4ce904f614e98dee2b794520e99df5d5e505,1cfc959fd8955ae0cc8e55ff2214ad2cb092ba10,ZEPPELIN-117,https://issues.apache.org/jira/browse/ZEPPELIN-117,https://github.com/apache/zeppelin/tree/ae8a4ce904f614e98dee2b794520e99df5d5e505,https://github.com/apache/zeppelin/tree/1cfc959fd8955ae0cc8e55ff2214ad2cb092ba10,https://github.com/apache/zeppelin/compare/ae8a4ce904f614e98dee2b794520e99df5d5e505...1cfc959fd8955ae0cc8e55ff2214ad2cb092ba10
39,Zeppelin,1cfc959fd8955ae0cc8e55ff2214ad2cb092ba10,c5ef27eee03b5b696cd616db793094a64cd384b4,ZEPPELIN-117,https://issues.apache.org/jira/browse/ZEPPELIN-117,https://github.com/apache/zeppelin/tree/1cfc959fd8955ae0cc8e55ff2214ad2cb092ba10,https://github.com/apache/zeppelin/tree/c5ef27eee03b5b696cd616db793094a64cd384b4,https://github.com/apache/zeppelin/compare/1cfc959fd8955ae0cc8e55ff2214ad2cb092ba10...c5ef27eee03b5b696cd616db793094a64cd384b4
40,Zeppelin,c5ef27eee03b5b696cd616db793094a64cd384b4,a6889150c0fa7f0fddea4008e628c454721d94e2,ZEPPELIN-117,https://issues.apache.org/jira/browse/ZEPPELIN-117,https://github.com/apache/zeppelin/tree/c5ef27eee03b5b696cd616db793094a64cd384b4,https://github.com/apache/zeppelin/tree/a6889150c0fa7f0fddea4008e628c454721d94e2,https://github.com/apache/zeppelin/compare/c5ef27eee03b5b696cd616db793094a64cd384b4...a6889150c0fa7f0fddea4008e628c454721d94e2
41,Zeppelin,a6889150c0fa7f0fddea4008e628c454721d94e2,e5296e1799b88c883dd47412f6ecfc76bd972991,ZEPPELIN-117,https://issues.apache.org/jira/browse/ZEPPELIN-117,https://github.com/apache/zeppelin/tree/a6889150c0fa7f0fddea4008e628c454721d94e2,https://github.com/apache/zeppelin/tree/e5296e1799b88c883dd47412f6ecfc76bd972991,https://github.com/apache/zeppelin/compare/a6889150c0fa7f0fddea4008e628c454721d94e2...e5296e1799b88c883dd47412f6ecfc76bd972991
42,Zeppelin,e5296e1799b88c883dd47412f6ecfc76bd972991,b7ca5434a4208d3ac24ff9783b898e0e2f7a12bb,ZEPPELIN-117,https://issues.apache.org/jira/browse/ZEPPELIN-117,https://github.com/apache/zeppelin/tree/e5296e1799b88c883dd47412f6ecfc76bd972991,https://github.com/apache/zeppelin/tree/b7ca5434a4208d3ac24ff9783b898e0e2f7a12bb,https://github.com/apache/zeppelin/compare/e5296e1799b88c883dd47412f6ecfc76bd972991...b7ca5434a4208d3ac24ff9783b898e0e2f7a12bb
43,Zeppelin,b7ca5434a4208d3ac24ff9783b898e0e2f7a12bb,8a3ef4a19d472a15150f4947f614fc859d750106,ZEPPELIN-117,https://issues.apache.org/jira/browse/ZEPPELIN-117,https://github.com/apache/zeppelin/tree/b7ca5434a4208d3ac24ff9783b898e0e2f7a12bb,https://github.com/apache/zeppelin/tree/8a3ef4a19d472a15150f4947f614fc859d750106,https://github.com/apache/zeppelin/compare/b7ca5434a4208d3ac24ff9783b898e0e2f7a12bb...8a3ef4a19d472a15150f4947f614fc859d750106
44,Zeppelin,8a3ef4a19d472a15150f4947f614fc859d750106,ed36ed238b064057ae55d816fb567ab16c1b3a43,ZEPPELIN-117,https://issues.apache.org/jira/browse/ZEPPELIN-117,https://github.com/apache/zeppelin/tree/8a3ef4a19d472a15150f4947f614fc859d750106,https://github.com/apache/zeppelin/tree/ed36ed238b064057ae55d816fb567ab16c1b3a43,https://github.com/apache/zeppelin/compare/8a3ef4a19d472a15150f4947f614fc859d750106...ed36ed238b064057ae55d816fb567ab16c1b3a43
45,Zeppelin,ed36ed238b064057ae55d816fb567ab16c1b3a43,4132f8d804ba2c00a64c4c69bfec981dade6c4d4,ZEPPELIN-117,https://issues.apache.org/jira/browse/ZEPPELIN-117,https://github.com/apache/zeppelin/tree/ed36ed238b064057ae55d816fb567ab16c1b3a43,https://github.com/apache/zeppelin/tree/4132f8d804ba2c00a64c4c69bfec981dade6c4d4,https://github.com/apache/zeppelin/compare/ed36ed238b064057ae55d816fb567ab16c1b3a43...4132f8d804ba2c00a64c4c69bfec981dade6c4d4
46,Zeppelin,4132f8d804ba2c00a64c4c69bfec981dade6c4d4,4bc60774f3533ad8029775bf3ee1567968866426,ZEPPELIN-117,https://issues.apache.org/jira/browse/ZEPPELIN-117,https://github.com/apache/zeppelin/tree/4132f8d804ba2c00a64c4c69bfec981dade6c4d4,https://github.com/apache/zeppelin/tree/4bc60774f3533ad8029775bf3ee1567968866426,https://github.com/apache/zeppelin/compare/4132f8d804ba2c00a64c4c69bfec981dade6c4d4...4bc60774f3533ad8029775bf3ee1567968866426
47,Zeppelin,10be172061bdee8a51dc00ca255d96bab5d5256d,8c5caa0e2c6e895dd01db4b47f560e9abc64fc73,ZEPPELIN-121,https://issues.apache.org/jira/browse/ZEPPELIN-121,https://github.com/apache/zeppelin/tree/10be172061bdee8a51dc00ca255d96bab5d5256d,https://github.com/apache/zeppelin/tree/8c5caa0e2c6e895dd01db4b47f560e9abc64fc73,https://github.com/apache/zeppelin/compare/10be172061bdee8a51dc00ca255d96bab5d5256d...8c5caa0e2c6e895dd01db4b47f560e9abc64fc73
48,Zeppelin,f1c23229f5b070575095fc58a49a4ca6654f3c49,8b2b07a67288b05c05110bd76b2592f276ebeb64,ZEPPELIN-140,https://issues.apache.org/jira/browse/ZEPPELIN-140,https://github.com/apache/zeppelin/tree/f1c23229f5b070575095fc58a49a4ca6654f3c49,https://github.com/apache/zeppelin/tree/8b2b07a67288b05c05110bd76b2592f276ebeb64,https://github.com/apache/zeppelin/compare/f1c23229f5b070575095fc58a49a4ca6654f3c49...8b2b07a67288b05c05110bd76b2592f276ebeb64
49,Zeppelin,84db52340f6a7f3a3f9c70107b2b4a08b3481660,e70e118cce7630239774dbdfb5b802422cff01ed,ZEPPELIN-141,https://issues.apache.org/jira/browse/ZEPPELIN-141,https://github.com/apache/zeppelin/tree/84db52340f6a7f3a3f9c70107b2b4a08b3481660,https://github.com/apache/zeppelin/tree/e70e118cce7630239774dbdfb5b802422cff01ed,https://github.com/apache/zeppelin/compare/84db52340f6a7f3a3f9c70107b2b4a08b3481660...e70e118cce7630239774dbdfb5b802422cff01ed
50,Zeppelin,6dc66192d2144b885a913a9495eef00360a19c52,3c67e5f578f60f5f15a13c1697dee332d657f00e,ZEPPELIN-147,https://issues.apache.org/jira/browse/ZEPPELIN-147,https://github.com/apache/zeppelin/tree/6dc66192d2144b885a913a9495eef00360a19c52,https://github.com/apache/zeppelin/tree/3c67e5f578f60f5f15a13c1697dee332d657f00e,https://github.com/apache/zeppelin/compare/6dc66192d2144b885a913a9495eef00360a19c52...3c67e5f578f60f5f15a13c1697dee332d657f00e
51,Zeppelin,d796b34beb3132f623b971ed1f89e7f707ae12bb,fe4df36e1d65db4957a5d84aa2f013bdde588470,ZEPPELIN-164,https://issues.apache.org/jira/browse/ZEPPELIN-164,https://github.com/apache/zeppelin/tree/d796b34beb3132f623b971ed1f89e7f707ae12bb,https://github.com/apache/zeppelin/tree/fe4df36e1d65db4957a5d84aa2f013bdde588470,https://github.com/apache/zeppelin/compare/d796b34beb3132f623b971ed1f89e7f707ae12bb...fe4df36e1d65db4957a5d84aa2f013bdde588470
52,Zeppelin,531d4aef0eb3d49c207676cdccb1791b96f6a0d5,71949f7ab9b77bcc1325bc6a41052e45e374e836,ZEPPELIN-162,https://issues.apache.org/jira/browse/ZEPPELIN-162,https://github.com/apache/zeppelin/tree/531d4aef0eb3d49c207676cdccb1791b96f6a0d5,https://github.com/apache/zeppelin/tree/71949f7ab9b77bcc1325bc6a41052e45e374e836,https://github.com/apache/zeppelin/compare/531d4aef0eb3d49c207676cdccb1791b96f6a0d5...71949f7ab9b77bcc1325bc6a41052e45e374e836
53,Zeppelin,4b6c289b48be168c6dbf678371115f8c3f17778b,6157c283059f7c1c1e23ba607c068080ad93e017,ZEPPELIN-3,https://issues.apache.org/jira/browse/ZEPPELIN-3,https://github.com/apache/zeppelin/tree/4b6c289b48be168c6dbf678371115f8c3f17778b,https://github.com/apache/zeppelin/tree/6157c283059f7c1c1e23ba607c068080ad93e017,https://github.com/apache/zeppelin/compare/4b6c289b48be168c6dbf678371115f8c3f17778b...6157c283059f7c1c1e23ba607c068080ad93e017
54,Zeppelin,58fd82b86207cc773ced5624a387705ba02aa576,2498e5df12ae8cc1b24375e253df94394710aaf8,ZEPPELIN-2,https://issues.apache.org/jira/browse/ZEPPELIN-2,https://github.com/apache/zeppelin/tree/58fd82b86207cc773ced5624a387705ba02aa576,https://github.com/apache/zeppelin/tree/2498e5df12ae8cc1b24375e253df94394710aaf8,https://github.com/apache/zeppelin/compare/58fd82b86207cc773ced5624a387705ba02aa576...2498e5df12ae8cc1b24375e253df94394710aaf8
55,Zeppelin,c7645abeefb4f1388c608e166399ec01f5462e3d,c9db780a1744aa3900c6d08f2727187731839cd3,ZEPPELIN-17,https://issues.apache.org/jira/browse/ZEPPELIN-17,https://github.com/apache/zeppelin/tree/c7645abeefb4f1388c608e166399ec01f5462e3d,https://github.com/apache/zeppelin/tree/c9db780a1744aa3900c6d08f2727187731839cd3,https://github.com/apache/zeppelin/compare/c7645abeefb4f1388c608e166399ec01f5462e3d...c9db780a1744aa3900c6d08f2727187731839cd3
56,Zeppelin,c7c28ccfd58b77b2fa6f7bc01b65c0fb874002b5,b6768c6de75bef5e922b82107e5eb4b1897b01de,ZEPPELIN-20,https://issues.apache.org/jira/browse/ZEPPELIN-20,https://github.com/apache/zeppelin/tree/c7c28ccfd58b77b2fa6f7bc01b65c0fb874002b5,https://github.com/apache/zeppelin/tree/b6768c6de75bef5e922b82107e5eb4b1897b01de,https://github.com/apache/zeppelin/compare/c7c28ccfd58b77b2fa6f7bc01b65c0fb874002b5...b6768c6de75bef5e922b82107e5eb4b1897b01de
57,Zeppelin,eeeff235b26c8679bb266d4a8ace008ab7f20fdf,c335c6e886b3b210ec36e68add672608af99b8f4,ZEPPELIN-13,https://issues.apache.org/jira/browse/ZEPPELIN-13,https://github.com/apache/zeppelin/tree/eeeff235b26c8679bb266d4a8ace008ab7f20fdf,https://github.com/apache/zeppelin/tree/c335c6e886b3b210ec36e68add672608af99b8f4,https://github.com/apache/zeppelin/compare/eeeff235b26c8679bb266d4a8ace008ab7f20fdf...c335c6e886b3b210ec36e68add672608af99b8f4
58,Zeppelin,2e4d33565fd3077c03a0d9f32ad190424b39c64d,80868bcd5f9ad981d04c1adfd707232c8becc3e4,ZEPPELIN-19,https://issues.apache.org/jira/browse/ZEPPELIN-19,https://github.com/apache/zeppelin/tree/2e4d33565fd3077c03a0d9f32ad190424b39c64d,https://github.com/apache/zeppelin/tree/80868bcd5f9ad981d04c1adfd707232c8becc3e4,https://github.com/apache/zeppelin/compare/2e4d33565fd3077c03a0d9f32ad190424b39c64d...80868bcd5f9ad981d04c1adfd707232c8becc3e4
59,Zeppelin,e0ac5be0b914ea3d6ef2066ce0b1948f793da0dd,f11cdf699e1cd72763d2599668884b88910dc66b,ZEPPELIN-13,https://issues.apache.org/jira/browse/ZEPPELIN-13,https://github.com/apache/zeppelin/tree/e0ac5be0b914ea3d6ef2066ce0b1948f793da0dd,https://github.com/apache/zeppelin/tree/f11cdf699e1cd72763d2599668884b88910dc66b,https://github.com/apache/zeppelin/compare/e0ac5be0b914ea3d6ef2066ce0b1948f793da0dd...f11cdf699e1cd72763d2599668884b88910dc66b
60,Zeppelin,f11cdf699e1cd72763d2599668884b88910dc66b,031ae9eb0cffca752ab5d1483a94e25234697857,ZEPPELIN-22,https://issues.apache.org/jira/browse/ZEPPELIN-22,https://github.com/apache/zeppelin/tree/f11cdf699e1cd72763d2599668884b88910dc66b,https://github.com/apache/zeppelin/tree/031ae9eb0cffca752ab5d1483a94e25234697857,https://github.com/apache/zeppelin/compare/f11cdf699e1cd72763d2599668884b88910dc66b...031ae9eb0cffca752ab5d1483a94e25234697857
61,Zeppelin,58b70e3bc0b9fb814a5919037318a79ae67f678f,1df116fe4a44fc5d3712817ea725a872d9d6402e,ZEPPELIN-39,https://issues.apache.org/jira/browse/ZEPPELIN-39,https://github.com/apache/zeppelin/tree/58b70e3bc0b9fb814a5919037318a79ae67f678f,https://github.com/apache/zeppelin/tree/1df116fe4a44fc5d3712817ea725a872d9d6402e,https://github.com/apache/zeppelin/compare/58b70e3bc0b9fb814a5919037318a79ae67f678f...1df116fe4a44fc5d3712817ea725a872d9d6402e
62,Zeppelin,1df116fe4a44fc5d3712817ea725a872d9d6402e,a45a5c38e8962f795c234df357910423673034d7,ZEPPELIN-33,https://issues.apache.org/jira/browse/ZEPPELIN-33,https://github.com/apache/zeppelin/tree/1df116fe4a44fc5d3712817ea725a872d9d6402e,https://github.com/apache/zeppelin/tree/a45a5c38e8962f795c234df357910423673034d7,https://github.com/apache/zeppelin/compare/1df116fe4a44fc5d3712817ea725a872d9d6402e...a45a5c38e8962f795c234df357910423673034d7
63,Zeppelin,a45a5c38e8962f795c234df357910423673034d7,f86a4e92ec59dc0ce74a995422d4bd08ac3ee061,ZEPPELIN-49,https://issues.apache.org/jira/browse/ZEPPELIN-49,https://github.com/apache/zeppelin/tree/a45a5c38e8962f795c234df357910423673034d7,https://github.com/apache/zeppelin/tree/f86a4e92ec59dc0ce74a995422d4bd08ac3ee061,https://github.com/apache/zeppelin/compare/a45a5c38e8962f795c234df357910423673034d7...f86a4e92ec59dc0ce74a995422d4bd08ac3ee061
64,Zeppelin,f86a4e92ec59dc0ce74a995422d4bd08ac3ee061,cdd343b1fcb64f90d96e4c9aedb35132514a8340,ZEPPELIN-46,https://issues.apache.org/jira/browse/ZEPPELIN-46,https://github.com/apache/zeppelin/tree/f86a4e92ec59dc0ce74a995422d4bd08ac3ee061,https://github.com/apache/zeppelin/tree/cdd343b1fcb64f90d96e4c9aedb35132514a8340,https://github.com/apache/zeppelin/compare/f86a4e92ec59dc0ce74a995422d4bd08ac3ee061...cdd343b1fcb64f90d96e4c9aedb35132514a8340
65,Zeppelin,70a0f5c66e2021fbf7f8d7aef281e3b956a2bad5,0c4614028e6cdea521e87d963c582a94ca2a677a,ZEPPELIN-54,https://issues.apache.org/jira/browse/ZEPPELIN-54,https://github.com/apache/zeppelin/tree/70a0f5c66e2021fbf7f8d7aef281e3b956a2bad5,https://github.com/apache/zeppelin/tree/0c4614028e6cdea521e87d963c582a94ca2a677a,https://github.com/apache/zeppelin/compare/70a0f5c66e2021fbf7f8d7aef281e3b956a2bad5...0c4614028e6cdea521e87d963c582a94ca2a677a
66,Zeppelin,0c4614028e6cdea521e87d963c582a94ca2a677a,b3b9c93d92baff2cedfd6462a52ab1b5138035d2,ZEPPELIN-41,https://issues.apache.org/jira/browse/ZEPPELIN-41,https://github.com/apache/zeppelin/tree/0c4614028e6cdea521e87d963c582a94ca2a677a,https://github.com/apache/zeppelin/tree/b3b9c93d92baff2cedfd6462a52ab1b5138035d2,https://github.com/apache/zeppelin/compare/0c4614028e6cdea521e87d963c582a94ca2a677a...b3b9c93d92baff2cedfd6462a52ab1b5138035d2
67,Zeppelin,ce48f4a904f2c81efea39740847f903d846f3507,87f28ab4b94668bd095433dd5c309f55c42965a7,ZEPPELIN-58,https://issues.apache.org/jira/browse/ZEPPELIN-58,https://github.com/apache/zeppelin/tree/ce48f4a904f2c81efea39740847f903d846f3507,https://github.com/apache/zeppelin/tree/87f28ab4b94668bd095433dd5c309f55c42965a7,https://github.com/apache/zeppelin/compare/ce48f4a904f2c81efea39740847f903d846f3507...87f28ab4b94668bd095433dd5c309f55c42965a7
68,Zeppelin,f4bc662d39e1e43968147f7e87e39a451f7ad039,a0428f06d5f947b78995ab606d43c002406c1d64,ZEPPELIN-59,https://issues.apache.org/jira/browse/ZEPPELIN-59,https://github.com/apache/zeppelin/tree/f4bc662d39e1e43968147f7e87e39a451f7ad039,https://github.com/apache/zeppelin/tree/a0428f06d5f947b78995ab606d43c002406c1d64,https://github.com/apache/zeppelin/compare/f4bc662d39e1e43968147f7e87e39a451f7ad039...a0428f06d5f947b78995ab606d43c002406c1d64
69,Zeppelin,a911092a6bef61b2c6c417bb09e886378ddff027,5caace75e531126d7e93a737e638f068d3be312d,ZEPPELIN-65,https://issues.apache.org/jira/browse/ZEPPELIN-65,https://github.com/apache/zeppelin/tree/a911092a6bef61b2c6c417bb09e886378ddff027,https://github.com/apache/zeppelin/tree/5caace75e531126d7e93a737e638f068d3be312d,https://github.com/apache/zeppelin/compare/a911092a6bef61b2c6c417bb09e886378ddff027...5caace75e531126d7e93a737e638f068d3be312d
70,Zeppelin,5caace75e531126d7e93a737e638f068d3be312d,956e3f74a1b2f28fd8caa25055e77f687ca8d211,ZEPPELIN-34,https://issues.apache.org/jira/browse/ZEPPELIN-34,https://github.com/apache/zeppelin/tree/5caace75e531126d7e93a737e638f068d3be312d,https://github.com/apache/zeppelin/tree/956e3f74a1b2f28fd8caa25055e77f687ca8d211,https://github.com/apache/zeppelin/compare/5caace75e531126d7e93a737e638f068d3be312d...956e3f74a1b2f28fd8caa25055e77f687ca8d211
71,Zeppelin,a49184cd3aba768f32b4c3e1cb44b21cd4e93cc6,aaee7197754fb4da8ec7b1241a4b9aa7ba362312,ZEPPELIN-75,https://issues.apache.org/jira/browse/ZEPPELIN-75,https://github.com/apache/zeppelin/tree/a49184cd3aba768f32b4c3e1cb44b21cd4e93cc6,https://github.com/apache/zeppelin/tree/aaee7197754fb4da8ec7b1241a4b9aa7ba362312,https://github.com/apache/zeppelin/compare/a49184cd3aba768f32b4c3e1cb44b21cd4e93cc6...aaee7197754fb4da8ec7b1241a4b9aa7ba362312
72,Zeppelin,aaee7197754fb4da8ec7b1241a4b9aa7ba362312,dcb03a9fe66d753348154c41f5b40927125723aa,ZEPPELIN-68,https://issues.apache.org/jira/browse/ZEPPELIN-68,https://github.com/apache/zeppelin/tree/aaee7197754fb4da8ec7b1241a4b9aa7ba362312,https://github.com/apache/zeppelin/tree/dcb03a9fe66d753348154c41f5b40927125723aa,https://github.com/apache/zeppelin/compare/aaee7197754fb4da8ec7b1241a4b9aa7ba362312...dcb03a9fe66d753348154c41f5b40927125723aa
73,Zeppelin,dcb03a9fe66d753348154c41f5b40927125723aa,b4b5d7c755cbc3aeb06cce3377d02ac672e8ace1,ZEPPELIN-69,https://issues.apache.org/jira/browse/ZEPPELIN-69,https://github.com/apache/zeppelin/tree/dcb03a9fe66d753348154c41f5b40927125723aa,https://github.com/apache/zeppelin/tree/b4b5d7c755cbc3aeb06cce3377d02ac672e8ace1,https://github.com/apache/zeppelin/compare/dcb03a9fe66d753348154c41f5b40927125723aa...b4b5d7c755cbc3aeb06cce3377d02ac672e8ace1
74,Zeppelin,3e1e884bb9cdc2b42e2f9194c6b7dade75793e21,a911b0ec43ce4866cc50bf9e4bcd66242af583c7,ZEPPELIN-5,https://issues.apache.org/jira/browse/ZEPPELIN-5,https://github.com/apache/zeppelin/tree/3e1e884bb9cdc2b42e2f9194c6b7dade75793e21,https://github.com/apache/zeppelin/tree/a911b0ec43ce4866cc50bf9e4bcd66242af583c7,https://github.com/apache/zeppelin/compare/3e1e884bb9cdc2b42e2f9194c6b7dade75793e21...a911b0ec43ce4866cc50bf9e4bcd66242af583c7
75,Zeppelin,928d09987b0b59676d82bbfe336d1688ef01d9bc,4ca8466ab3d2c3bacee957ecf62b4e54f86820d7,ZEPPELIN-85,https://issues.apache.org/jira/browse/ZEPPELIN-85,https://github.com/apache/zeppelin/tree/928d09987b0b59676d82bbfe336d1688ef01d9bc,https://github.com/apache/zeppelin/tree/4ca8466ab3d2c3bacee957ecf62b4e54f86820d7,https://github.com/apache/zeppelin/compare/928d09987b0b59676d82bbfe336d1688ef01d9bc...4ca8466ab3d2c3bacee957ecf62b4e54f86820d7
76,Zeppelin,ad3c28bb65004c4b692edbbed2f6d739107af9f1,b74bdb66f0b56b5718f185782e19ca6152f2576c,ZEPPELIN-91,https://issues.apache.org/jira/browse/ZEPPELIN-91,https://github.com/apache/zeppelin/tree/ad3c28bb65004c4b692edbbed2f6d739107af9f1,https://github.com/apache/zeppelin/tree/b74bdb66f0b56b5718f185782e19ca6152f2576c,https://github.com/apache/zeppelin/compare/ad3c28bb65004c4b692edbbed2f6d739107af9f1...b74bdb66f0b56b5718f185782e19ca6152f2576c
77,Zeppelin,b74bdb66f0b56b5718f185782e19ca6152f2576c,fa61a054fe6ab32d506bc034540ff3191c59034e,ZEPPELIN-88,https://issues.apache.org/jira/browse/ZEPPELIN-88,https://github.com/apache/zeppelin/tree/b74bdb66f0b56b5718f185782e19ca6152f2576c,https://github.com/apache/zeppelin/tree/fa61a054fe6ab32d506bc034540ff3191c59034e,https://github.com/apache/zeppelin/compare/b74bdb66f0b56b5718f185782e19ca6152f2576c...fa61a054fe6ab32d506bc034540ff3191c59034e
78,Zeppelin,109b0807fce6453b7543c68069f30b7cece0f20e,e383c6a9b0756822dec631c086fdabc3ec4e4264,ZEPPELIN-94,https://issues.apache.org/jira/browse/ZEPPELIN-94,https://github.com/apache/zeppelin/tree/109b0807fce6453b7543c68069f30b7cece0f20e,https://github.com/apache/zeppelin/tree/e383c6a9b0756822dec631c086fdabc3ec4e4264,https://github.com/apache/zeppelin/compare/109b0807fce6453b7543c68069f30b7cece0f20e...e383c6a9b0756822dec631c086fdabc3ec4e4264
79,Zeppelin,95dbdc7aa7768bd0f681ebda1d004b5b6aee7a6a,5753d357e6c0f83fa8ea9159374a37d2bb80c570,ZEPPELIN-94,https://issues.apache.org/jira/browse/ZEPPELIN-94,https://github.com/apache/zeppelin/tree/95dbdc7aa7768bd0f681ebda1d004b5b6aee7a6a,https://github.com/apache/zeppelin/tree/5753d357e6c0f83fa8ea9159374a37d2bb80c570,https://github.com/apache/zeppelin/compare/95dbdc7aa7768bd0f681ebda1d004b5b6aee7a6a...5753d357e6c0f83fa8ea9159374a37d2bb80c570
80,Zeppelin,68956f6ffc00019038c52afba08b2688ef56b693,9f4c66511d591b7aa99383e26ecdd36c161739a9,ZEPPELIN-98,https://issues.apache.org/jira/browse/ZEPPELIN-98,https://github.com/apache/zeppelin/tree/68956f6ffc00019038c52afba08b2688ef56b693,https://github.com/apache/zeppelin/tree/9f4c66511d591b7aa99383e26ecdd36c161739a9,https://github.com/apache/zeppelin/compare/68956f6ffc00019038c52afba08b2688ef56b693...9f4c66511d591b7aa99383e26ecdd36c161739a9
81,Zeppelin,9f4c66511d591b7aa99383e26ecdd36c161739a9,f04ce390f5ed8f857f8d94ce5d33beb7283209c9,ZEPPELIN-31,https://issues.apache.org/jira/browse/ZEPPELIN-31,https://github.com/apache/zeppelin/tree/9f4c66511d591b7aa99383e26ecdd36c161739a9,https://github.com/apache/zeppelin/tree/f04ce390f5ed8f857f8d94ce5d33beb7283209c9,https://github.com/apache/zeppelin/compare/9f4c66511d591b7aa99383e26ecdd36c161739a9...f04ce390f5ed8f857f8d94ce5d33beb7283209c9
82,Zeppelin,f04ce390f5ed8f857f8d94ce5d33beb7283209c9,d690e6695c435f535770db00afb90570096c3fba,ZEPPELIN-111,https://issues.apache.org/jira/browse/ZEPPELIN-111,https://github.com/apache/zeppelin/tree/f04ce390f5ed8f857f8d94ce5d33beb7283209c9,https://github.com/apache/zeppelin/tree/d690e6695c435f535770db00afb90570096c3fba,https://github.com/apache/zeppelin/compare/f04ce390f5ed8f857f8d94ce5d33beb7283209c9...d690e6695c435f535770db00afb90570096c3fba
83,Zeppelin,b5c705790196001037e7d080b332d9664ab9b182,d6446d7078012d1e7ff8c0c9c619e339a3c49fcf,ZEPPELIN-30,https://issues.apache.org/jira/browse/ZEPPELIN-30,https://github.com/apache/zeppelin/tree/b5c705790196001037e7d080b332d9664ab9b182,https://github.com/apache/zeppelin/tree/d6446d7078012d1e7ff8c0c9c619e339a3c49fcf,https://github.com/apache/zeppelin/compare/b5c705790196001037e7d080b332d9664ab9b182...d6446d7078012d1e7ff8c0c9c619e339a3c49fcf
84,Zeppelin,bcbc8537bd9697c5b0537944bbc6b08574c0fd5b,c04440d22a36703558e9ced8fa2854ffa437782e,ZEPPELIN-119,https://issues.apache.org/jira/browse/ZEPPELIN-119,https://github.com/apache/zeppelin/tree/bcbc8537bd9697c5b0537944bbc6b08574c0fd5b,https://github.com/apache/zeppelin/tree/c04440d22a36703558e9ced8fa2854ffa437782e,https://github.com/apache/zeppelin/compare/bcbc8537bd9697c5b0537944bbc6b08574c0fd5b...c04440d22a36703558e9ced8fa2854ffa437782e
85,Zeppelin,21d43c25a0aa26ee910cc3c95fe6246e8f864e48,7599efb54e2941f097473db0b0b3c79b9af98099,ZEPPELIN-127,https://issues.apache.org/jira/browse/ZEPPELIN-127,https://github.com/apache/zeppelin/tree/21d43c25a0aa26ee910cc3c95fe6246e8f864e48,https://github.com/apache/zeppelin/tree/7599efb54e2941f097473db0b0b3c79b9af98099,https://github.com/apache/zeppelin/compare/21d43c25a0aa26ee910cc3c95fe6246e8f864e48...7599efb54e2941f097473db0b0b3c79b9af98099
86,Zeppelin,1bc5e8df922aff6332c9b5365f71944ca063fd01,052524956357a1d6c616bf0c7bfa2bf805d30daf,ZEPPELIN-135,https://issues.apache.org/jira/browse/ZEPPELIN-135,https://github.com/apache/zeppelin/tree/1bc5e8df922aff6332c9b5365f71944ca063fd01,https://github.com/apache/zeppelin/tree/052524956357a1d6c616bf0c7bfa2bf805d30daf,https://github.com/apache/zeppelin/compare/1bc5e8df922aff6332c9b5365f71944ca063fd01...052524956357a1d6c616bf0c7bfa2bf805d30daf
87,Zeppelin,b15b20136b8032ea9a1e8ddb40b38b13b91c9e6a,6a894b09fbc599286df4db49993056b77b6bb6f6,ZEPPELIN-97,https://issues.apache.org/jira/browse/ZEPPELIN-97,https://github.com/apache/zeppelin/tree/b15b20136b8032ea9a1e8ddb40b38b13b91c9e6a,https://github.com/apache/zeppelin/tree/6a894b09fbc599286df4db49993056b77b6bb6f6,https://github.com/apache/zeppelin/compare/b15b20136b8032ea9a1e8ddb40b38b13b91c9e6a...6a894b09fbc599286df4db49993056b77b6bb6f6
88,Zeppelin,28de33ce59583d7f9e0e2a6bda660bffd6911e17,b6f9d997fe620751d1d805ed75812abc4bea5e3d,ZEPPELIN-140,https://issues.apache.org/jira/browse/ZEPPELIN-140,https://github.com/apache/zeppelin/tree/28de33ce59583d7f9e0e2a6bda660bffd6911e17,https://github.com/apache/zeppelin/tree/b6f9d997fe620751d1d805ed75812abc4bea5e3d,https://github.com/apache/zeppelin/compare/28de33ce59583d7f9e0e2a6bda660bffd6911e17...b6f9d997fe620751d1d805ed75812abc4bea5e3d
89,Zeppelin,b6f9d997fe620751d1d805ed75812abc4bea5e3d,ae092e9dc3aca188eac6e6f234e8ee36dd763fac,ZEPPELIN-146,https://issues.apache.org/jira/browse/ZEPPELIN-146,https://github.com/apache/zeppelin/tree/b6f9d997fe620751d1d805ed75812abc4bea5e3d,https://github.com/apache/zeppelin/tree/ae092e9dc3aca188eac6e6f234e8ee36dd763fac,https://github.com/apache/zeppelin/compare/b6f9d997fe620751d1d805ed75812abc4bea5e3d...ae092e9dc3aca188eac6e6f234e8ee36dd763fac
90,Zeppelin,ae092e9dc3aca188eac6e6f234e8ee36dd763fac,8c7424a191d1a5891a48bcb5abd926f27ba30b09,ZEPPELIN-102,https://issues.apache.org/jira/browse/ZEPPELIN-102,https://github.com/apache/zeppelin/tree/ae092e9dc3aca188eac6e6f234e8ee36dd763fac,https://github.com/apache/zeppelin/tree/8c7424a191d1a5891a48bcb5abd926f27ba30b09,https://github.com/apache/zeppelin/compare/ae092e9dc3aca188eac6e6f234e8ee36dd763fac...8c7424a191d1a5891a48bcb5abd926f27ba30b09
91,Zeppelin,d1da5684a888a181b5f45b788ef53f16b11e9818,12e5abf2803e4c5015998672b10642fc72aac0da,ZEPPELIN-79,https://issues.apache.org/jira/browse/ZEPPELIN-79,https://github.com/apache/zeppelin/tree/d1da5684a888a181b5f45b788ef53f16b11e9818,https://github.com/apache/zeppelin/tree/12e5abf2803e4c5015998672b10642fc72aac0da,https://github.com/apache/zeppelin/compare/d1da5684a888a181b5f45b788ef53f16b11e9818...12e5abf2803e4c5015998672b10642fc72aac0da
92,Zeppelin,12e5abf2803e4c5015998672b10642fc72aac0da,4fa7019286a7f809a94c89c0cc71e767364ac1f3,ZEPPELIN-55,https://issues.apache.org/jira/browse/ZEPPELIN-55,https://github.com/apache/zeppelin/tree/12e5abf2803e4c5015998672b10642fc72aac0da,https://github.com/apache/zeppelin/tree/4fa7019286a7f809a94c89c0cc71e767364ac1f3,https://github.com/apache/zeppelin/compare/12e5abf2803e4c5015998672b10642fc72aac0da...4fa7019286a7f809a94c89c0cc71e767364ac1f3
93,Zeppelin,201ce8dee7bfcdb4503ec1761cf666670138f14f,3341bf0dcf19584aeac58df872a2013490311778,ZEPPELIN-151,https://issues.apache.org/jira/browse/ZEPPELIN-151,https://github.com/apache/zeppelin/tree/201ce8dee7bfcdb4503ec1761cf666670138f14f,https://github.com/apache/zeppelin/tree/3341bf0dcf19584aeac58df872a2013490311778,https://github.com/apache/zeppelin/compare/201ce8dee7bfcdb4503ec1761cf666670138f14f...3341bf0dcf19584aeac58df872a2013490311778
94,Zeppelin,b71f04eb97d4c924f754b0ba7cc666dc09cefc55,29a7f8e742c5935d22f54be6df1181e3c847a4ab,ZEPPELIN-165,https://issues.apache.org/jira/browse/ZEPPELIN-165,https://github.com/apache/zeppelin/tree/b71f04eb97d4c924f754b0ba7cc666dc09cefc55,https://github.com/apache/zeppelin/tree/29a7f8e742c5935d22f54be6df1181e3c847a4ab,https://github.com/apache/zeppelin/compare/b71f04eb97d4c924f754b0ba7cc666dc09cefc55...29a7f8e742c5935d22f54be6df1181e3c847a4ab
95,Zeppelin,9465bc725bc2bd6ea32455d7acafbe2df902c4df,13db408520d5ae43bf18ad1e2cbab72646ab70e7,ZEPPELIN-176,https://issues.apache.org/jira/browse/ZEPPELIN-176,https://github.com/apache/zeppelin/tree/9465bc725bc2bd6ea32455d7acafbe2df902c4df,https://github.com/apache/zeppelin/tree/13db408520d5ae43bf18ad1e2cbab72646ab70e7,https://github.com/apache/zeppelin/compare/9465bc725bc2bd6ea32455d7acafbe2df902c4df...13db408520d5ae43bf18ad1e2cbab72646ab70e7
96,Zeppelin,3a42a28b01f9a3faf88b5a82b2901af8fc4a16a5,9186b2186de157e2ac4d9ff13ebfc23c979b9c51,ZEPPELIN-196,https://issues.apache.org/jira/browse/ZEPPELIN-196,https://github.com/apache/zeppelin/tree/3a42a28b01f9a3faf88b5a82b2901af8fc4a16a5,https://github.com/apache/zeppelin/tree/9186b2186de157e2ac4d9ff13ebfc23c979b9c51,https://github.com/apache/zeppelin/compare/3a42a28b01f9a3faf88b5a82b2901af8fc4a16a5...9186b2186de157e2ac4d9ff13ebfc23c979b9c51
97,Zeppelin,f04425bc99866c7386533103c403adcfafb08ea9,2d0fc518e773225c3c210baf4a92ea84e78df019,ZEPPELIN-185,https://issues.apache.org/jira/browse/ZEPPELIN-185,https://github.com/apache/zeppelin/tree/f04425bc99866c7386533103c403adcfafb08ea9,https://github.com/apache/zeppelin/tree/2d0fc518e773225c3c210baf4a92ea84e78df019,https://github.com/apache/zeppelin/compare/f04425bc99866c7386533103c403adcfafb08ea9...2d0fc518e773225c3c210baf4a92ea84e78df019
98,Zeppelin,7eb97c081569088e4025c170d4be399a14dcf854,cf9541f8d62a4fdcc79d9092ed7c2359ba03da00,ZEPPELIN-141,https://issues.apache.org/jira/browse/ZEPPELIN-141,https://github.com/apache/zeppelin/tree/7eb97c081569088e4025c170d4be399a14dcf854,https://github.com/apache/zeppelin/tree/cf9541f8d62a4fdcc79d9092ed7c2359ba03da00,https://github.com/apache/zeppelin/compare/7eb97c081569088e4025c170d4be399a14dcf854...cf9541f8d62a4fdcc79d9092ed7c2359ba03da00
99,Zeppelin,6d42af17153c14ef89f3471eda7f0af6e0aae022,ee8f64b2728d9de746172f30e924aa952c3fdafa,ZEPPELIN-101,https://issues.apache.org/jira/browse/ZEPPELIN-101,https://github.com/apache/zeppelin/tree/6d42af17153c14ef89f3471eda7f0af6e0aae022,https://github.com/apache/zeppelin/tree/ee8f64b2728d9de746172f30e924aa952c3fdafa,https://github.com/apache/zeppelin/compare/6d42af17153c14ef89f3471eda7f0af6e0aae022...ee8f64b2728d9de746172f30e924aa952c3fdafa
100,Zeppelin,c2f9a01740bcfe5d613bd72b26ad7d78e4321dc3,d5ab911bf4419fa7c6f38945c6c8ad4946f8abf6,ZEPPELIN-173,https://issues.apache.org/jira/browse/ZEPPELIN-173,https://github.com/apache/zeppelin/tree/c2f9a01740bcfe5d613bd72b26ad7d78e4321dc3,https://github.com/apache/zeppelin/tree/d5ab911bf4419fa7c6f38945c6c8ad4946f8abf6,https://github.com/apache/zeppelin/compare/c2f9a01740bcfe5d613bd72b26ad7d78e4321dc3...d5ab911bf4419fa7c6f38945c6c8ad4946f8abf6
101,Zeppelin,dd3f08e4a71c354f9cd3a1cd1524d5d51ae6571f,acda3de9d8f36cd63e23d94f61484282e9ad0ef7,ZEPPELIN-223,https://issues.apache.org/jira/browse/ZEPPELIN-223,https://github.com/apache/zeppelin/tree/dd3f08e4a71c354f9cd3a1cd1524d5d51ae6571f,https://github.com/apache/zeppelin/tree/acda3de9d8f36cd63e23d94f61484282e9ad0ef7,https://github.com/apache/zeppelin/compare/dd3f08e4a71c354f9cd3a1cd1524d5d51ae6571f...acda3de9d8f36cd63e23d94f61484282e9ad0ef7
102,Zeppelin,acda3de9d8f36cd63e23d94f61484282e9ad0ef7,703b47f79bc5b889199fb6dbaac559aed74df0e1,ZEPPELIN-173,https://issues.apache.org/jira/browse/ZEPPELIN-173,https://github.com/apache/zeppelin/tree/acda3de9d8f36cd63e23d94f61484282e9ad0ef7,https://github.com/apache/zeppelin/tree/703b47f79bc5b889199fb6dbaac559aed74df0e1,https://github.com/apache/zeppelin/compare/acda3de9d8f36cd63e23d94f61484282e9ad0ef7...703b47f79bc5b889199fb6dbaac559aed74df0e1
103,Zeppelin,703b47f79bc5b889199fb6dbaac559aed74df0e1,cbef1be485329357f9540e1efb64e5bd5bdcf792,ZEPPELIN-247,https://issues.apache.org/jira/browse/ZEPPELIN-247,https://github.com/apache/zeppelin/tree/703b47f79bc5b889199fb6dbaac559aed74df0e1,https://github.com/apache/zeppelin/tree/cbef1be485329357f9540e1efb64e5bd5bdcf792,https://github.com/apache/zeppelin/compare/703b47f79bc5b889199fb6dbaac559aed74df0e1...cbef1be485329357f9540e1efb64e5bd5bdcf792
104,Zeppelin,db418bbe215d2569075b093640f25e8cb63086d4,6a096c90d9ef46c337b02995ae7caab8659768a9,ZEPPELIN-263,https://issues.apache.org/jira/browse/ZEPPELIN-263,https://github.com/apache/zeppelin/tree/db418bbe215d2569075b093640f25e8cb63086d4,https://github.com/apache/zeppelin/tree/6a096c90d9ef46c337b02995ae7caab8659768a9,https://github.com/apache/zeppelin/compare/db418bbe215d2569075b093640f25e8cb63086d4...6a096c90d9ef46c337b02995ae7caab8659768a9
105,Zeppelin,5de01c6800466ee6ab5de7d714461c287df13513,15b6d22d4d10bf9a1576212a21b15c3b5c8b93c6,ZEPPELIN-276,https://issues.apache.org/jira/browse/ZEPPELIN-276,https://github.com/apache/zeppelin/tree/5de01c6800466ee6ab5de7d714461c287df13513,https://github.com/apache/zeppelin/tree/15b6d22d4d10bf9a1576212a21b15c3b5c8b93c6,https://github.com/apache/zeppelin/compare/5de01c6800466ee6ab5de7d714461c287df13513...15b6d22d4d10bf9a1576212a21b15c3b5c8b93c6
106,Zeppelin,15b6d22d4d10bf9a1576212a21b15c3b5c8b93c6,0557201bd03191a74c61e80fa86b70c885f79fbe,ZEPPELIN-258,https://issues.apache.org/jira/browse/ZEPPELIN-258,https://github.com/apache/zeppelin/tree/15b6d22d4d10bf9a1576212a21b15c3b5c8b93c6,https://github.com/apache/zeppelin/tree/0557201bd03191a74c61e80fa86b70c885f79fbe,https://github.com/apache/zeppelin/compare/15b6d22d4d10bf9a1576212a21b15c3b5c8b93c6...0557201bd03191a74c61e80fa86b70c885f79fbe
107,Zeppelin,706755a35dd8cb5614842bfeeede3e72b4a8e9a4,26c89a33646c3de2c4d85efe084d524347abf23b,ZEPPELIN-271,https://issues.apache.org/jira/browse/ZEPPELIN-271,https://github.com/apache/zeppelin/tree/706755a35dd8cb5614842bfeeede3e72b4a8e9a4,https://github.com/apache/zeppelin/tree/26c89a33646c3de2c4d85efe084d524347abf23b,https://github.com/apache/zeppelin/compare/706755a35dd8cb5614842bfeeede3e72b4a8e9a4...26c89a33646c3de2c4d85efe084d524347abf23b
108,Zeppelin,754c55ec4aa5475014b7ae24dc866fe072728182,4f3c8404947c7df889c6e20dde2fbb893baaaaaf,ZEPPELIN-76,https://issues.apache.org/jira/browse/ZEPPELIN-76,https://github.com/apache/zeppelin/tree/754c55ec4aa5475014b7ae24dc866fe072728182,https://github.com/apache/zeppelin/tree/4f3c8404947c7df889c6e20dde2fbb893baaaaaf,https://github.com/apache/zeppelin/compare/754c55ec4aa5475014b7ae24dc866fe072728182...4f3c8404947c7df889c6e20dde2fbb893baaaaaf
109,Zeppelin,a849b4b3b7f19f6fd1a798953d9e4fdd514c8d04,d1d32b11722ec5ebb0707140213c3b6115afca50,ZEPPELIN-279,https://issues.apache.org/jira/browse/ZEPPELIN-279,https://github.com/apache/zeppelin/tree/a849b4b3b7f19f6fd1a798953d9e4fdd514c8d04,https://github.com/apache/zeppelin/tree/d1d32b11722ec5ebb0707140213c3b6115afca50,https://github.com/apache/zeppelin/compare/a849b4b3b7f19f6fd1a798953d9e4fdd514c8d04...d1d32b11722ec5ebb0707140213c3b6115afca50
110,Zeppelin,0b47cde4410bd52b0a9ec070fda15a22da96980d,cd486ef3cacd42c0e25496cc93dc10a51bb1ac28,ZEPPELIN-283,https://issues.apache.org/jira/browse/ZEPPELIN-283,https://github.com/apache/zeppelin/tree/0b47cde4410bd52b0a9ec070fda15a22da96980d,https://github.com/apache/zeppelin/tree/cd486ef3cacd42c0e25496cc93dc10a51bb1ac28,https://github.com/apache/zeppelin/compare/0b47cde4410bd52b0a9ec070fda15a22da96980d...cd486ef3cacd42c0e25496cc93dc10a51bb1ac28
111,Zeppelin,cd486ef3cacd42c0e25496cc93dc10a51bb1ac28,690e2f3433ace83c983b2eb9621c62bc84424e82,ZEPPELIN-276,https://issues.apache.org/jira/browse/ZEPPELIN-276,https://github.com/apache/zeppelin/tree/cd486ef3cacd42c0e25496cc93dc10a51bb1ac28,https://github.com/apache/zeppelin/tree/690e2f3433ace83c983b2eb9621c62bc84424e82,https://github.com/apache/zeppelin/compare/cd486ef3cacd42c0e25496cc93dc10a51bb1ac28...690e2f3433ace83c983b2eb9621c62bc84424e82
112,Zeppelin,d9aaf35700b161c30e09499b5b1a87522da69f9d,223f8720bb07471cb6560e20212fb4134235ce92,ZEPPELIN-287,https://issues.apache.org/jira/browse/ZEPPELIN-287,https://github.com/apache/zeppelin/tree/d9aaf35700b161c30e09499b5b1a87522da69f9d,https://github.com/apache/zeppelin/tree/223f8720bb07471cb6560e20212fb4134235ce92,https://github.com/apache/zeppelin/compare/d9aaf35700b161c30e09499b5b1a87522da69f9d...223f8720bb07471cb6560e20212fb4134235ce92
113,Zeppelin,eb29c6daad2399293ddd17a6b78675134d338acc,ae1c06bb10a49784aff0f807d803b874df504a79,ZEPPELIN-298,https://issues.apache.org/jira/browse/ZEPPELIN-298,https://github.com/apache/zeppelin/tree/eb29c6daad2399293ddd17a6b78675134d338acc,https://github.com/apache/zeppelin/tree/ae1c06bb10a49784aff0f807d803b874df504a79,https://github.com/apache/zeppelin/compare/eb29c6daad2399293ddd17a6b78675134d338acc...ae1c06bb10a49784aff0f807d803b874df504a79
114,Zeppelin,d169284fd08dcd8259d6173c2004e9630deefebb,ca67374c2b0fe26f6bc6992910bb11d5658258e0,ZEPPELIN-297,https://issues.apache.org/jira/browse/ZEPPELIN-297,https://github.com/apache/zeppelin/tree/d169284fd08dcd8259d6173c2004e9630deefebb,https://github.com/apache/zeppelin/tree/ca67374c2b0fe26f6bc6992910bb11d5658258e0,https://github.com/apache/zeppelin/compare/d169284fd08dcd8259d6173c2004e9630deefebb...ca67374c2b0fe26f6bc6992910bb11d5658258e0
115,Zeppelin,4c66919b52e3ae898d9f05d3e50f43982d41991a,c1bb5cb55751ff27e3cb89145aed076c8df06556,ZEPPELIN-304,https://issues.apache.org/jira/browse/ZEPPELIN-304,https://github.com/apache/zeppelin/tree/4c66919b52e3ae898d9f05d3e50f43982d41991a,https://github.com/apache/zeppelin/tree/c1bb5cb55751ff27e3cb89145aed076c8df06556,https://github.com/apache/zeppelin/compare/4c66919b52e3ae898d9f05d3e50f43982d41991a...c1bb5cb55751ff27e3cb89145aed076c8df06556
116,Zeppelin,82c3dc039e68048bfe0517a0c831fe2e2043daf5,a345f768471e9b8c89f4eb4d3aba6b684bff75b3,ZEPPELIN-306,https://issues.apache.org/jira/browse/ZEPPELIN-306,https://github.com/apache/zeppelin/tree/82c3dc039e68048bfe0517a0c831fe2e2043daf5,https://github.com/apache/zeppelin/tree/a345f768471e9b8c89f4eb4d3aba6b684bff75b3,https://github.com/apache/zeppelin/compare/82c3dc039e68048bfe0517a0c831fe2e2043daf5...a345f768471e9b8c89f4eb4d3aba6b684bff75b3
117,Zeppelin,6bc13e2de485fcdb07b96a748bb861581d8e135b,f58c13a650ffa0d8946910bd585f734344ff1f6e,ZEPPELIN-303,https://issues.apache.org/jira/browse/ZEPPELIN-303,https://github.com/apache/zeppelin/tree/6bc13e2de485fcdb07b96a748bb861581d8e135b,https://github.com/apache/zeppelin/tree/f58c13a650ffa0d8946910bd585f734344ff1f6e,https://github.com/apache/zeppelin/compare/6bc13e2de485fcdb07b96a748bb861581d8e135b...f58c13a650ffa0d8946910bd585f734344ff1f6e
118,Zeppelin,f58c13a650ffa0d8946910bd585f734344ff1f6e,9b198889da5fae8cc6521437d9730594e362efd9,ZEPPELIN-324,https://issues.apache.org/jira/browse/ZEPPELIN-324,https://github.com/apache/zeppelin/tree/f58c13a650ffa0d8946910bd585f734344ff1f6e,https://github.com/apache/zeppelin/tree/9b198889da5fae8cc6521437d9730594e362efd9,https://github.com/apache/zeppelin/compare/f58c13a650ffa0d8946910bd585f734344ff1f6e...9b198889da5fae8cc6521437d9730594e362efd9
119,Zeppelin,e39dcd3e46dddc05a9b9bec754473e7b4a4956b3,24aeec402a3680d22b6768f5eaa0ce2b5ef43a46,ZEPPELIN-319,https://issues.apache.org/jira/browse/ZEPPELIN-319,https://github.com/apache/zeppelin/tree/e39dcd3e46dddc05a9b9bec754473e7b4a4956b3,https://github.com/apache/zeppelin/tree/24aeec402a3680d22b6768f5eaa0ce2b5ef43a46,https://github.com/apache/zeppelin/compare/e39dcd3e46dddc05a9b9bec754473e7b4a4956b3...24aeec402a3680d22b6768f5eaa0ce2b5ef43a46
120,Zeppelin,7fb04784bb668674c9c5609c50a0c343864ccdcf,4b8512bcf9179831624ed45fc5b7dd1a661f64d4,ZEPPELIN-329,https://issues.apache.org/jira/browse/ZEPPELIN-329,https://github.com/apache/zeppelin/tree/7fb04784bb668674c9c5609c50a0c343864ccdcf,https://github.com/apache/zeppelin/tree/4b8512bcf9179831624ed45fc5b7dd1a661f64d4,https://github.com/apache/zeppelin/compare/7fb04784bb668674c9c5609c50a0c343864ccdcf...4b8512bcf9179831624ed45fc5b7dd1a661f64d4
121,Zeppelin,47df1cd1de5555ed373d8699d62ab3069a0ab890,77f7faec2a88d627e33ee7810c607123a717d145,ZEPPELIN-328,https://issues.apache.org/jira/browse/ZEPPELIN-328,https://github.com/apache/zeppelin/tree/47df1cd1de5555ed373d8699d62ab3069a0ab890,https://github.com/apache/zeppelin/tree/77f7faec2a88d627e33ee7810c607123a717d145,https://github.com/apache/zeppelin/compare/47df1cd1de5555ed373d8699d62ab3069a0ab890...77f7faec2a88d627e33ee7810c607123a717d145
122,Zeppelin,fa3a46f728b5b6c13937cbb983def30ed1edab9a,7998ffd54fd4e39ce8c0660dea1a3c7e7a797499,ZEPPELIN-344,https://issues.apache.org/jira/browse/ZEPPELIN-344,https://github.com/apache/zeppelin/tree/fa3a46f728b5b6c13937cbb983def30ed1edab9a,https://github.com/apache/zeppelin/tree/7998ffd54fd4e39ce8c0660dea1a3c7e7a797499,https://github.com/apache/zeppelin/compare/fa3a46f728b5b6c13937cbb983def30ed1edab9a...7998ffd54fd4e39ce8c0660dea1a3c7e7a797499
123,Zeppelin,ecc497011a9c355d26f15b919509057c04c070ae,baab124cf310545cbc6cf0b4e29b4f20b54d4f48,ZEPPELIN-349,https://issues.apache.org/jira/browse/ZEPPELIN-349,https://github.com/apache/zeppelin/tree/ecc497011a9c355d26f15b919509057c04c070ae,https://github.com/apache/zeppelin/tree/baab124cf310545cbc6cf0b4e29b4f20b54d4f48,https://github.com/apache/zeppelin/compare/ecc497011a9c355d26f15b919509057c04c070ae...baab124cf310545cbc6cf0b4e29b4f20b54d4f48
124,Zeppelin,e362042ff628954e00b4080c97fa3b5c0909d82f,0748b4d8a98f42f3f85a73a22a51c264462f66c2,ZEPPELIN-351,https://issues.apache.org/jira/browse/ZEPPELIN-351,https://github.com/apache/zeppelin/tree/e362042ff628954e00b4080c97fa3b5c0909d82f,https://github.com/apache/zeppelin/tree/0748b4d8a98f42f3f85a73a22a51c264462f66c2,https://github.com/apache/zeppelin/compare/e362042ff628954e00b4080c97fa3b5c0909d82f...0748b4d8a98f42f3f85a73a22a51c264462f66c2
125,Zeppelin,669897d466bf1c8c022e190e05df416867ee8a96,7465a2641e1b5658b4ce6ccd4dea50d4cf89bbe3,ZEPPELIN-351,https://issues.apache.org/jira/browse/ZEPPELIN-351,https://github.com/apache/zeppelin/tree/669897d466bf1c8c022e190e05df416867ee8a96,https://github.com/apache/zeppelin/tree/7465a2641e1b5658b4ce6ccd4dea50d4cf89bbe3,https://github.com/apache/zeppelin/compare/669897d466bf1c8c022e190e05df416867ee8a96...7465a2641e1b5658b4ce6ccd4dea50d4cf89bbe3
126,Zeppelin,86a1a199453b3c347e2b4e731463fea1bc5940bd,ac5ff10b677f757afd0aa0272246ed1cf1de8e2c,ZEPPELIN-375,https://issues.apache.org/jira/browse/ZEPPELIN-375,https://github.com/apache/zeppelin/tree/86a1a199453b3c347e2b4e731463fea1bc5940bd,https://github.com/apache/zeppelin/tree/ac5ff10b677f757afd0aa0272246ed1cf1de8e2c,https://github.com/apache/zeppelin/compare/86a1a199453b3c347e2b4e731463fea1bc5940bd...ac5ff10b677f757afd0aa0272246ed1cf1de8e2c
127,Zeppelin,ac5ff10b677f757afd0aa0272246ed1cf1de8e2c,0a82a93ce495cf537b28104a024a8c0361fd80ac,ZEPPELIN-377,https://issues.apache.org/jira/browse/ZEPPELIN-377,https://github.com/apache/zeppelin/tree/ac5ff10b677f757afd0aa0272246ed1cf1de8e2c,https://github.com/apache/zeppelin/tree/0a82a93ce495cf537b28104a024a8c0361fd80ac,https://github.com/apache/zeppelin/compare/ac5ff10b677f757afd0aa0272246ed1cf1de8e2c...0a82a93ce495cf537b28104a024a8c0361fd80ac
128,Zeppelin,600f728d26b91632701740bdb98bbc53377bc971,fb5d21719297e27fc8f033534259c016b4217210,ZEPPELIN-389,https://issues.apache.org/jira/browse/ZEPPELIN-389,https://github.com/apache/zeppelin/tree/600f728d26b91632701740bdb98bbc53377bc971,https://github.com/apache/zeppelin/tree/fb5d21719297e27fc8f033534259c016b4217210,https://github.com/apache/zeppelin/compare/600f728d26b91632701740bdb98bbc53377bc971...fb5d21719297e27fc8f033534259c016b4217210
129,Zeppelin,fb5d21719297e27fc8f033534259c016b4217210,2d893abafad4ab6309e532b1134435c1991b0659,ZEPPELIN-386,https://issues.apache.org/jira/browse/ZEPPELIN-386,https://github.com/apache/zeppelin/tree/fb5d21719297e27fc8f033534259c016b4217210,https://github.com/apache/zeppelin/tree/2d893abafad4ab6309e532b1134435c1991b0659,https://github.com/apache/zeppelin/compare/fb5d21719297e27fc8f033534259c016b4217210...2d893abafad4ab6309e532b1134435c1991b0659
130,Zeppelin,8b7556df11c732029d694bbd492b0d30865d3b0c,785ee3c8b46225da75698458acc5b730e8ead542,ZEPPELIN-404,https://issues.apache.org/jira/browse/ZEPPELIN-404,https://github.com/apache/zeppelin/tree/8b7556df11c732029d694bbd492b0d30865d3b0c,https://github.com/apache/zeppelin/tree/785ee3c8b46225da75698458acc5b730e8ead542,https://github.com/apache/zeppelin/compare/8b7556df11c732029d694bbd492b0d30865d3b0c...785ee3c8b46225da75698458acc5b730e8ead542
131,Zeppelin,f3de6cd7e16f190b3a75c4dd61ee9fc1c8c2dcb8,6ba4cf96aecad6a316d6c74f9a336a20585044c6,ZEPPELIN-401,https://issues.apache.org/jira/browse/ZEPPELIN-401,https://github.com/apache/zeppelin/tree/f3de6cd7e16f190b3a75c4dd61ee9fc1c8c2dcb8,https://github.com/apache/zeppelin/tree/6ba4cf96aecad6a316d6c74f9a336a20585044c6,https://github.com/apache/zeppelin/compare/f3de6cd7e16f190b3a75c4dd61ee9fc1c8c2dcb8...6ba4cf96aecad6a316d6c74f9a336a20585044c6
132,Zeppelin,d549165cafdfc2ec1779f9a0b679abcf11c74adb,fa40d567f0915c6372bd1792c776d485a129fd26,ZEPPELIN-299,https://issues.apache.org/jira/browse/ZEPPELIN-299,https://github.com/apache/zeppelin/tree/d549165cafdfc2ec1779f9a0b679abcf11c74adb,https://github.com/apache/zeppelin/tree/fa40d567f0915c6372bd1792c776d485a129fd26,https://github.com/apache/zeppelin/compare/d549165cafdfc2ec1779f9a0b679abcf11c74adb...fa40d567f0915c6372bd1792c776d485a129fd26
133,Zeppelin,fa40d567f0915c6372bd1792c776d485a129fd26,6aaafe1b46296e85d1210bf14fc239eb4cdb1d2f,ZEPPELIN-309,https://issues.apache.org/jira/browse/ZEPPELIN-309,https://github.com/apache/zeppelin/tree/fa40d567f0915c6372bd1792c776d485a129fd26,https://github.com/apache/zeppelin/tree/6aaafe1b46296e85d1210bf14fc239eb4cdb1d2f,https://github.com/apache/zeppelin/compare/fa40d567f0915c6372bd1792c776d485a129fd26...6aaafe1b46296e85d1210bf14fc239eb4cdb1d2f
134,Zeppelin,6aaafe1b46296e85d1210bf14fc239eb4cdb1d2f,025ba74f33386df99579645a666df15685c0e879,ZEPPELIN-315,https://issues.apache.org/jira/browse/ZEPPELIN-315,https://github.com/apache/zeppelin/tree/6aaafe1b46296e85d1210bf14fc239eb4cdb1d2f,https://github.com/apache/zeppelin/tree/025ba74f33386df99579645a666df15685c0e879,https://github.com/apache/zeppelin/compare/6aaafe1b46296e85d1210bf14fc239eb4cdb1d2f...025ba74f33386df99579645a666df15685c0e879
135,Zeppelin,748533b2a592280d0b276112d537bef679ab7f0e,b52c86c0dc0d7edda48060f4a738a6229b4c8ac7,ZEPPELIN-410,https://issues.apache.org/jira/browse/ZEPPELIN-410,https://github.com/apache/zeppelin/tree/748533b2a592280d0b276112d537bef679ab7f0e,https://github.com/apache/zeppelin/tree/b52c86c0dc0d7edda48060f4a738a6229b4c8ac7,https://github.com/apache/zeppelin/compare/748533b2a592280d0b276112d537bef679ab7f0e...b52c86c0dc0d7edda48060f4a738a6229b4c8ac7
136,Zeppelin,7d133b6193304de5252035ed71de7a14e66aa6b7,0fde27fda6fdc4c76165925cd3060a59eace1c8a,ZEPPELIN-331,https://issues.apache.org/jira/browse/ZEPPELIN-331,https://github.com/apache/zeppelin/tree/7d133b6193304de5252035ed71de7a14e66aa6b7,https://github.com/apache/zeppelin/tree/0fde27fda6fdc4c76165925cd3060a59eace1c8a,https://github.com/apache/zeppelin/compare/7d133b6193304de5252035ed71de7a14e66aa6b7...0fde27fda6fdc4c76165925cd3060a59eace1c8a
137,Zeppelin,0fde27fda6fdc4c76165925cd3060a59eace1c8a,c3892d56e2b00c6b8a8131ab2c55f975380f1b68,ZEPPELIN-286,https://issues.apache.org/jira/browse/ZEPPELIN-286,https://github.com/apache/zeppelin/tree/0fde27fda6fdc4c76165925cd3060a59eace1c8a,https://github.com/apache/zeppelin/tree/c3892d56e2b00c6b8a8131ab2c55f975380f1b68,https://github.com/apache/zeppelin/compare/0fde27fda6fdc4c76165925cd3060a59eace1c8a...c3892d56e2b00c6b8a8131ab2c55f975380f1b68
138,Zeppelin,c3892d56e2b00c6b8a8131ab2c55f975380f1b68,66e5433d27fa07c064ea6813648e175a15fc8c43,ZEPPELIN-328,https://issues.apache.org/jira/browse/ZEPPELIN-328,https://github.com/apache/zeppelin/tree/c3892d56e2b00c6b8a8131ab2c55f975380f1b68,https://github.com/apache/zeppelin/tree/66e5433d27fa07c064ea6813648e175a15fc8c43,https://github.com/apache/zeppelin/compare/c3892d56e2b00c6b8a8131ab2c55f975380f1b68...66e5433d27fa07c064ea6813648e175a15fc8c43
139,Zeppelin,66e5433d27fa07c064ea6813648e175a15fc8c43,070e0815854d314d0d12eff8db77242d11fa8a0c,ZEPPELIN-285,https://issues.apache.org/jira/browse/ZEPPELIN-285,https://github.com/apache/zeppelin/tree/66e5433d27fa07c064ea6813648e175a15fc8c43,https://github.com/apache/zeppelin/tree/070e0815854d314d0d12eff8db77242d11fa8a0c,https://github.com/apache/zeppelin/compare/66e5433d27fa07c064ea6813648e175a15fc8c43...070e0815854d314d0d12eff8db77242d11fa8a0c
140,Zeppelin,498fdd6b2ebb5f62864918649f30c72e75c8a75c,ee1d70494b8bad7033b7534712e82f1f1486c874,ZEPPELIN-422,https://issues.apache.org/jira/browse/ZEPPELIN-422,https://github.com/apache/zeppelin/tree/498fdd6b2ebb5f62864918649f30c72e75c8a75c,https://github.com/apache/zeppelin/tree/ee1d70494b8bad7033b7534712e82f1f1486c874,https://github.com/apache/zeppelin/compare/498fdd6b2ebb5f62864918649f30c72e75c8a75c...ee1d70494b8bad7033b7534712e82f1f1486c874
141,Zeppelin,bd5cd85673793ee7e67b33f90c4f3cc1eaf21dc7,42d875dfa4626e07e47450de6a4ac861d5986ccd,ZEPPELIN-414,https://issues.apache.org/jira/browse/ZEPPELIN-414,https://github.com/apache/zeppelin/tree/bd5cd85673793ee7e67b33f90c4f3cc1eaf21dc7,https://github.com/apache/zeppelin/tree/42d875dfa4626e07e47450de6a4ac861d5986ccd,https://github.com/apache/zeppelin/compare/bd5cd85673793ee7e67b33f90c4f3cc1eaf21dc7...42d875dfa4626e07e47450de6a4ac861d5986ccd
142,Zeppelin,42d875dfa4626e07e47450de6a4ac861d5986ccd,79a92c789ff43ce5320655da24e456a7719df7a2,ZEPPELIN-421,https://issues.apache.org/jira/browse/ZEPPELIN-421,https://github.com/apache/zeppelin/tree/42d875dfa4626e07e47450de6a4ac861d5986ccd,https://github.com/apache/zeppelin/tree/79a92c789ff43ce5320655da24e456a7719df7a2,https://github.com/apache/zeppelin/compare/42d875dfa4626e07e47450de6a4ac861d5986ccd...79a92c789ff43ce5320655da24e456a7719df7a2
143,Zeppelin,d9ac131e1301cf8fbf8946cd5be5b6fd84d6b184,28d30b4d47d9e3267ae991ba0bece461a3a83e92,ZEPPELIN-420,https://issues.apache.org/jira/browse/ZEPPELIN-420,https://github.com/apache/zeppelin/tree/d9ac131e1301cf8fbf8946cd5be5b6fd84d6b184,https://github.com/apache/zeppelin/tree/28d30b4d47d9e3267ae991ba0bece461a3a83e92,https://github.com/apache/zeppelin/compare/d9ac131e1301cf8fbf8946cd5be5b6fd84d6b184...28d30b4d47d9e3267ae991ba0bece461a3a83e92
144,Zeppelin,36f3549bee4be408a832b0857c32abd75920985e,d457277f0ef7229b725b6605dfeb5292b0e78723,ZEPPELIN-431,https://issues.apache.org/jira/browse/ZEPPELIN-431,https://github.com/apache/zeppelin/tree/36f3549bee4be408a832b0857c32abd75920985e,https://github.com/apache/zeppelin/tree/d457277f0ef7229b725b6605dfeb5292b0e78723,https://github.com/apache/zeppelin/compare/36f3549bee4be408a832b0857c32abd75920985e...d457277f0ef7229b725b6605dfeb5292b0e78723
145,Zeppelin,d457277f0ef7229b725b6605dfeb5292b0e78723,18e59916250ad92b9086a234578271d392c10939,ZEPPELIN-436,https://issues.apache.org/jira/browse/ZEPPELIN-436,https://github.com/apache/zeppelin/tree/d457277f0ef7229b725b6605dfeb5292b0e78723,https://github.com/apache/zeppelin/tree/18e59916250ad92b9086a234578271d392c10939,https://github.com/apache/zeppelin/compare/d457277f0ef7229b725b6605dfeb5292b0e78723...18e59916250ad92b9086a234578271d392c10939
146,Zeppelin,80edf58adcff163356c435f192b0389f165591b1,c7cf115dd1945ea03fc0359c0f69b40d81dd4870,ZEPPELIN-293,https://issues.apache.org/jira/browse/ZEPPELIN-293,https://github.com/apache/zeppelin/tree/80edf58adcff163356c435f192b0389f165591b1,https://github.com/apache/zeppelin/tree/c7cf115dd1945ea03fc0359c0f69b40d81dd4870,https://github.com/apache/zeppelin/compare/80edf58adcff163356c435f192b0389f165591b1...c7cf115dd1945ea03fc0359c0f69b40d81dd4870
147,Zeppelin,c7cf115dd1945ea03fc0359c0f69b40d81dd4870,0c50712e3ea4bac0bd9daaa10a53351c35b3a4a0,ZEPPELIN-426,https://issues.apache.org/jira/browse/ZEPPELIN-426,https://github.com/apache/zeppelin/tree/c7cf115dd1945ea03fc0359c0f69b40d81dd4870,https://github.com/apache/zeppelin/tree/0c50712e3ea4bac0bd9daaa10a53351c35b3a4a0,https://github.com/apache/zeppelin/compare/c7cf115dd1945ea03fc0359c0f69b40d81dd4870...0c50712e3ea4bac0bd9daaa10a53351c35b3a4a0
148,Zeppelin,0c50712e3ea4bac0bd9daaa10a53351c35b3a4a0,c7633afdb09ed43984f7c9842b736bb4744708db,ZEPPELIN-428,https://issues.apache.org/jira/browse/ZEPPELIN-428,https://github.com/apache/zeppelin/tree/0c50712e3ea4bac0bd9daaa10a53351c35b3a4a0,https://github.com/apache/zeppelin/tree/c7633afdb09ed43984f7c9842b736bb4744708db,https://github.com/apache/zeppelin/compare/0c50712e3ea4bac0bd9daaa10a53351c35b3a4a0...c7633afdb09ed43984f7c9842b736bb4744708db
149,Zeppelin,c7633afdb09ed43984f7c9842b736bb4744708db,ea995b116bc3b4dacbe1ccb9dd09641d9611dacb,ZEPPELIN-437,https://issues.apache.org/jira/browse/ZEPPELIN-437,https://github.com/apache/zeppelin/tree/c7633afdb09ed43984f7c9842b736bb4744708db,https://github.com/apache/zeppelin/tree/ea995b116bc3b4dacbe1ccb9dd09641d9611dacb,https://github.com/apache/zeppelin/compare/c7633afdb09ed43984f7c9842b736bb4744708db...ea995b116bc3b4dacbe1ccb9dd09641d9611dacb
150,Zeppelin,ea995b116bc3b4dacbe1ccb9dd09641d9611dacb,98758d1cc56f25747cfd7a1e0c3266e00e956339,ZEPPELIN-423,https://issues.apache.org/jira/browse/ZEPPELIN-423,https://github.com/apache/zeppelin/tree/ea995b116bc3b4dacbe1ccb9dd09641d9611dacb,https://github.com/apache/zeppelin/tree/98758d1cc56f25747cfd7a1e0c3266e00e956339,https://github.com/apache/zeppelin/compare/ea995b116bc3b4dacbe1ccb9dd09641d9611dacb...98758d1cc56f25747cfd7a1e0c3266e00e956339
151,Zeppelin,b554f9a3151e820f41660b5ea0c6d55aa647bf2a,01f4884a3a971ece49d668a9783d6b705cf6dbb5,ZEPPELIN-441,https://issues.apache.org/jira/browse/ZEPPELIN-441,https://github.com/apache/zeppelin/tree/b554f9a3151e820f41660b5ea0c6d55aa647bf2a,https://github.com/apache/zeppelin/tree/01f4884a3a971ece49d668a9783d6b705cf6dbb5,https://github.com/apache/zeppelin/compare/b554f9a3151e820f41660b5ea0c6d55aa647bf2a...01f4884a3a971ece49d668a9783d6b705cf6dbb5
152,Zeppelin,0e3698222704d9e42f7588e6ba0f6d14807a4e11,461b3ea9897a0b769f7807dfd24c9c0e5753ed50,Zeppelin-136,https://issues.apache.org/jira/browse/ZEPPELIN-136,https://github.com/apache/zeppelin/tree/0e3698222704d9e42f7588e6ba0f6d14807a4e11,https://github.com/apache/zeppelin/tree/461b3ea9897a0b769f7807dfd24c9c0e5753ed50,https://github.com/apache/zeppelin/compare/0e3698222704d9e42f7588e6ba0f6d14807a4e11...461b3ea9897a0b769f7807dfd24c9c0e5753ed50
153,Zeppelin,4b109c19c0f72376f52e67f44be8eb91ee017a65,f162615fba5243612c8db45013c6930116978a46,ZEPPELIN-413,https://issues.apache.org/jira/browse/ZEPPELIN-413,https://github.com/apache/zeppelin/tree/4b109c19c0f72376f52e67f44be8eb91ee017a65,https://github.com/apache/zeppelin/tree/f162615fba5243612c8db45013c6930116978a46,https://github.com/apache/zeppelin/compare/4b109c19c0f72376f52e67f44be8eb91ee017a65...f162615fba5243612c8db45013c6930116978a46
154,Zeppelin,fa5057cfd084ed36093fe032faad7f59ff22c28e,0665cef059b6444381eefc6a5870ca510607ce11,ZEPPELIN-424,https://issues.apache.org/jira/browse/ZEPPELIN-424,https://github.com/apache/zeppelin/tree/fa5057cfd084ed36093fe032faad7f59ff22c28e,https://github.com/apache/zeppelin/tree/0665cef059b6444381eefc6a5870ca510607ce11,https://github.com/apache/zeppelin/compare/fa5057cfd084ed36093fe032faad7f59ff22c28e...0665cef059b6444381eefc6a5870ca510607ce11
155,Zeppelin,74b1f0c977628bd2b24483a7a0fa3c25ebf42776,1285f4fbd8fa21b256ffa7e927ac0792829cd2ee,ZEPPELIN-458,https://issues.apache.org/jira/browse/ZEPPELIN-458,https://github.com/apache/zeppelin/tree/74b1f0c977628bd2b24483a7a0fa3c25ebf42776,https://github.com/apache/zeppelin/tree/1285f4fbd8fa21b256ffa7e927ac0792829cd2ee,https://github.com/apache/zeppelin/compare/74b1f0c977628bd2b24483a7a0fa3c25ebf42776...1285f4fbd8fa21b256ffa7e927ac0792829cd2ee
156,Zeppelin,a30aeb06b0f432eb5c4596aeaa803fd0ab12e259,4b55a9c0235ee7a2ecc2b3088226cf4cc9ae87ad,ZEPPELIN-466,https://issues.apache.org/jira/browse/ZEPPELIN-466,https://github.com/apache/zeppelin/tree/a30aeb06b0f432eb5c4596aeaa803fd0ab12e259,https://github.com/apache/zeppelin/tree/4b55a9c0235ee7a2ecc2b3088226cf4cc9ae87ad,https://github.com/apache/zeppelin/compare/a30aeb06b0f432eb5c4596aeaa803fd0ab12e259...4b55a9c0235ee7a2ecc2b3088226cf4cc9ae87ad
157,Zeppelin,e5089bb4134fcbd50ae1fc09660d1c4dd6b6ffc9,bd8c9ea402699e5a607611c3bfcaeec982536219,ZEPPELIN-461,https://issues.apache.org/jira/browse/ZEPPELIN-461,https://github.com/apache/zeppelin/tree/e5089bb4134fcbd50ae1fc09660d1c4dd6b6ffc9,https://github.com/apache/zeppelin/tree/bd8c9ea402699e5a607611c3bfcaeec982536219,https://github.com/apache/zeppelin/compare/e5089bb4134fcbd50ae1fc09660d1c4dd6b6ffc9...bd8c9ea402699e5a607611c3bfcaeec982536219
158,Zeppelin,a6187df255f12eac41cb8828d07730fdc614c7da,5951e6102b37e79140430ac6c1eabd6c0c29491c,ZEPPELIN-467,https://issues.apache.org/jira/browse/ZEPPELIN-467,https://github.com/apache/zeppelin/tree/a6187df255f12eac41cb8828d07730fdc614c7da,https://github.com/apache/zeppelin/tree/5951e6102b37e79140430ac6c1eabd6c0c29491c,https://github.com/apache/zeppelin/compare/a6187df255f12eac41cb8828d07730fdc614c7da...5951e6102b37e79140430ac6c1eabd6c0c29491c
159,Zeppelin,5951e6102b37e79140430ac6c1eabd6c0c29491c,ddde27a7abdc4e1357672b9489960a4a974ded44,ZEPPELIN-469,https://issues.apache.org/jira/browse/ZEPPELIN-469,https://github.com/apache/zeppelin/tree/5951e6102b37e79140430ac6c1eabd6c0c29491c,https://github.com/apache/zeppelin/tree/ddde27a7abdc4e1357672b9489960a4a974ded44,https://github.com/apache/zeppelin/compare/5951e6102b37e79140430ac6c1eabd6c0c29491c...ddde27a7abdc4e1357672b9489960a4a974ded44
160,Zeppelin,d6ed41306ed79cb5aefc0232ef9f4da80be9844f,6702e8ee9f7cdb10a030020e6fe108560a7e362d,ZEPPELIN-428,https://issues.apache.org/jira/browse/ZEPPELIN-428,https://github.com/apache/zeppelin/tree/d6ed41306ed79cb5aefc0232ef9f4da80be9844f,https://github.com/apache/zeppelin/tree/6702e8ee9f7cdb10a030020e6fe108560a7e362d,https://github.com/apache/zeppelin/compare/d6ed41306ed79cb5aefc0232ef9f4da80be9844f...6702e8ee9f7cdb10a030020e6fe108560a7e362d
161,Zeppelin,f7deadbaf3ed7b2e148bc8666c1e5d0331ae554b,757605de1f8ff3daaffb264d726264dd36aa6ea0,ZEPPELIN-400,https://issues.apache.org/jira/browse/ZEPPELIN-400,https://github.com/apache/zeppelin/tree/f7deadbaf3ed7b2e148bc8666c1e5d0331ae554b,https://github.com/apache/zeppelin/tree/757605de1f8ff3daaffb264d726264dd36aa6ea0,https://github.com/apache/zeppelin/compare/f7deadbaf3ed7b2e148bc8666c1e5d0331ae554b...757605de1f8ff3daaffb264d726264dd36aa6ea0
162,Zeppelin,d08a1214d536deb82c7a07fea5f397fc9971f0d0,c39bdb836a16f52bd80f729f150a20acc6384f03,ZEPPELIN-463,https://issues.apache.org/jira/browse/ZEPPELIN-463,https://github.com/apache/zeppelin/tree/d08a1214d536deb82c7a07fea5f397fc9971f0d0,https://github.com/apache/zeppelin/tree/c39bdb836a16f52bd80f729f150a20acc6384f03,https://github.com/apache/zeppelin/compare/d08a1214d536deb82c7a07fea5f397fc9971f0d0...c39bdb836a16f52bd80f729f150a20acc6384f03
163,Zeppelin,c39bdb836a16f52bd80f729f150a20acc6384f03,a54a3ac181fa34a0ff1c3c423cac07f9e1013a33,ZEPPELIN-475,https://issues.apache.org/jira/browse/ZEPPELIN-475,https://github.com/apache/zeppelin/tree/c39bdb836a16f52bd80f729f150a20acc6384f03,https://github.com/apache/zeppelin/tree/a54a3ac181fa34a0ff1c3c423cac07f9e1013a33,https://github.com/apache/zeppelin/compare/c39bdb836a16f52bd80f729f150a20acc6384f03...a54a3ac181fa34a0ff1c3c423cac07f9e1013a33
164,Zeppelin,bce6b89e1320f288e0b6e29328a25cfac5175332,ee6c6315c534e73fe5cc03388755c8b47683bcf1,ZEPPELIN-314,https://issues.apache.org/jira/browse/ZEPPELIN-314,https://github.com/apache/zeppelin/tree/bce6b89e1320f288e0b6e29328a25cfac5175332,https://github.com/apache/zeppelin/tree/ee6c6315c534e73fe5cc03388755c8b47683bcf1,https://github.com/apache/zeppelin/compare/bce6b89e1320f288e0b6e29328a25cfac5175332...ee6c6315c534e73fe5cc03388755c8b47683bcf1
165,Zeppelin,9a8779bdd742f608b6131ec80010173acd232d4f,4538524e9d850c1ad36e7488ee339732192ad9a9,ZEPPELIN-473,https://issues.apache.org/jira/browse/ZEPPELIN-473,https://github.com/apache/zeppelin/tree/9a8779bdd742f608b6131ec80010173acd232d4f,https://github.com/apache/zeppelin/tree/4538524e9d850c1ad36e7488ee339732192ad9a9,https://github.com/apache/zeppelin/compare/9a8779bdd742f608b6131ec80010173acd232d4f...4538524e9d850c1ad36e7488ee339732192ad9a9
166,Zeppelin,4538524e9d850c1ad36e7488ee339732192ad9a9,b5506f76f590e8e01be67dc16639cc8e9f35d7f9,ZEPPELIN-358,https://issues.apache.org/jira/browse/ZEPPELIN-358,https://github.com/apache/zeppelin/tree/4538524e9d850c1ad36e7488ee339732192ad9a9,https://github.com/apache/zeppelin/tree/b5506f76f590e8e01be67dc16639cc8e9f35d7f9,https://github.com/apache/zeppelin/compare/4538524e9d850c1ad36e7488ee339732192ad9a9...b5506f76f590e8e01be67dc16639cc8e9f35d7f9
167,Zeppelin,bb77050223800379387fea7e308915fab171da73,52b41438bea41b1b7ca605a7cdad80f6bd84c2a6,Zeppelin-472,https://issues.apache.org/jira/browse/ZEPPELIN-472,https://github.com/apache/zeppelin/tree/bb77050223800379387fea7e308915fab171da73,https://github.com/apache/zeppelin/tree/52b41438bea41b1b7ca605a7cdad80f6bd84c2a6,https://github.com/apache/zeppelin/compare/bb77050223800379387fea7e308915fab171da73...52b41438bea41b1b7ca605a7cdad80f6bd84c2a6
168,Zeppelin,b5e2e62f239d6b1b625add16405e3a302e8ff060,71c1af84a1c4f285842dfd5c85fc99ffc4bfca26,ZEPPELIN-243,https://issues.apache.org/jira/browse/ZEPPELIN-243,https://github.com/apache/zeppelin/tree/b5e2e62f239d6b1b625add16405e3a302e8ff060,https://github.com/apache/zeppelin/tree/71c1af84a1c4f285842dfd5c85fc99ffc4bfca26,https://github.com/apache/zeppelin/compare/b5e2e62f239d6b1b625add16405e3a302e8ff060...71c1af84a1c4f285842dfd5c85fc99ffc4bfca26
169,Zeppelin,71c1af84a1c4f285842dfd5c85fc99ffc4bfca26,e8fe3c18bf48f11de5f73da940f626087564612c,ZEPPELIN-478,https://issues.apache.org/jira/browse/ZEPPELIN-478,https://github.com/apache/zeppelin/tree/71c1af84a1c4f285842dfd5c85fc99ffc4bfca26,https://github.com/apache/zeppelin/tree/e8fe3c18bf48f11de5f73da940f626087564612c,https://github.com/apache/zeppelin/compare/71c1af84a1c4f285842dfd5c85fc99ffc4bfca26...e8fe3c18bf48f11de5f73da940f626087564612c
170,Zeppelin,36c69f4831809db91db2052050e4cbbeee0abed8,f7670c8f60424c8889879fa1007a4d16cd5509bb,ZEPPELIN-492,https://issues.apache.org/jira/browse/ZEPPELIN-492,https://github.com/apache/zeppelin/tree/36c69f4831809db91db2052050e4cbbeee0abed8,https://github.com/apache/zeppelin/tree/f7670c8f60424c8889879fa1007a4d16cd5509bb,https://github.com/apache/zeppelin/compare/36c69f4831809db91db2052050e4cbbeee0abed8...f7670c8f60424c8889879fa1007a4d16cd5509bb
171,Zeppelin,f7670c8f60424c8889879fa1007a4d16cd5509bb,c760351b8e84906dd2271d79d2fbe9305dce33fc,ZEPPELIN-480,https://issues.apache.org/jira/browse/ZEPPELIN-480,https://github.com/apache/zeppelin/tree/f7670c8f60424c8889879fa1007a4d16cd5509bb,https://github.com/apache/zeppelin/tree/c760351b8e84906dd2271d79d2fbe9305dce33fc,https://github.com/apache/zeppelin/compare/f7670c8f60424c8889879fa1007a4d16cd5509bb...c760351b8e84906dd2271d79d2fbe9305dce33fc
172,Zeppelin,c760351b8e84906dd2271d79d2fbe9305dce33fc,6c23c909ef729414dbcd20f7f406a658b391cb4c,ZEPPELIN-486,https://issues.apache.org/jira/browse/ZEPPELIN-486,https://github.com/apache/zeppelin/tree/c760351b8e84906dd2271d79d2fbe9305dce33fc,https://github.com/apache/zeppelin/tree/6c23c909ef729414dbcd20f7f406a658b391cb4c,https://github.com/apache/zeppelin/compare/c760351b8e84906dd2271d79d2fbe9305dce33fc...6c23c909ef729414dbcd20f7f406a658b391cb4c
173,Zeppelin,6c23c909ef729414dbcd20f7f406a658b391cb4c,3fbca26666c178c5a4235e5fa8b5202779f1ff16,ZEPPELIN-485,https://issues.apache.org/jira/browse/ZEPPELIN-485,https://github.com/apache/zeppelin/tree/6c23c909ef729414dbcd20f7f406a658b391cb4c,https://github.com/apache/zeppelin/tree/3fbca26666c178c5a4235e5fa8b5202779f1ff16,https://github.com/apache/zeppelin/compare/6c23c909ef729414dbcd20f7f406a658b391cb4c...3fbca26666c178c5a4235e5fa8b5202779f1ff16
174,Zeppelin,b358ad26518681a52a859efadf9de4817cb3a63c,c5c92ed1fdeabc99e7e279d1dbb532b8ffb3bb83,ZEPPELIN-493,https://issues.apache.org/jira/browse/ZEPPELIN-493,https://github.com/apache/zeppelin/tree/b358ad26518681a52a859efadf9de4817cb3a63c,https://github.com/apache/zeppelin/tree/c5c92ed1fdeabc99e7e279d1dbb532b8ffb3bb83,https://github.com/apache/zeppelin/compare/b358ad26518681a52a859efadf9de4817cb3a63c...c5c92ed1fdeabc99e7e279d1dbb532b8ffb3bb83
175,Zeppelin,664a13a2f69498fdd4ce4c1a29d970d9fb40f882,b22fe2fa8e0b1203de82e74f63ac32f0523170a2,ZEPPELIN-495,https://issues.apache.org/jira/browse/ZEPPELIN-495,https://github.com/apache/zeppelin/tree/664a13a2f69498fdd4ce4c1a29d970d9fb40f882,https://github.com/apache/zeppelin/tree/b22fe2fa8e0b1203de82e74f63ac32f0523170a2,https://github.com/apache/zeppelin/compare/664a13a2f69498fdd4ce4c1a29d970d9fb40f882...b22fe2fa8e0b1203de82e74f63ac32f0523170a2
176,Zeppelin,6b69ed4d1f6fd8efd255ba85e88d07dc4a29fbc5,b3cca395b7ef5743ea16e28d4d6f56e13c58ae64,ZEPPELIN-305,https://issues.apache.org/jira/browse/ZEPPELIN-305,https://github.com/apache/zeppelin/tree/6b69ed4d1f6fd8efd255ba85e88d07dc4a29fbc5,https://github.com/apache/zeppelin/tree/b3cca395b7ef5743ea16e28d4d6f56e13c58ae64,https://github.com/apache/zeppelin/compare/6b69ed4d1f6fd8efd255ba85e88d07dc4a29fbc5...b3cca395b7ef5743ea16e28d4d6f56e13c58ae64
177,Zeppelin,82af1e79b52a3e11f01e079a691ea1575bca16ce,f7e167c34764a0de98c7c2e140f23dc795f5e90e,ZEPPELIN-496,https://issues.apache.org/jira/browse/ZEPPELIN-496,https://github.com/apache/zeppelin/tree/82af1e79b52a3e11f01e079a691ea1575bca16ce,https://github.com/apache/zeppelin/tree/f7e167c34764a0de98c7c2e140f23dc795f5e90e,https://github.com/apache/zeppelin/compare/82af1e79b52a3e11f01e079a691ea1575bca16ce...f7e167c34764a0de98c7c2e140f23dc795f5e90e
178,Zeppelin,9e51f9cb4206fbe327c9226447e477038971e65f,3dd77d15a5e5ee7bd7ea3f56c5b50f209c2e3b52,ZEPPELIN-500,https://issues.apache.org/jira/browse/ZEPPELIN-500,https://github.com/apache/zeppelin/tree/9e51f9cb4206fbe327c9226447e477038971e65f,https://github.com/apache/zeppelin/tree/3dd77d15a5e5ee7bd7ea3f56c5b50f209c2e3b52,https://github.com/apache/zeppelin/compare/9e51f9cb4206fbe327c9226447e477038971e65f...3dd77d15a5e5ee7bd7ea3f56c5b50f209c2e3b52
179,Zeppelin,d69a30eec7d6a22ecb4bc8c4d18b24afeba61e7f,6ac6a56089d60f9160150c5722280a8106df2425,ZEPPELIN-510,https://issues.apache.org/jira/browse/ZEPPELIN-510,https://github.com/apache/zeppelin/tree/d69a30eec7d6a22ecb4bc8c4d18b24afeba61e7f,https://github.com/apache/zeppelin/tree/6ac6a56089d60f9160150c5722280a8106df2425,https://github.com/apache/zeppelin/compare/d69a30eec7d6a22ecb4bc8c4d18b24afeba61e7f...6ac6a56089d60f9160150c5722280a8106df2425
180,Zeppelin,3debddff5a9a5af10ccb13d2a6474b7a1e903b5e,f91b6962b1850acbf27bff8b7f1e13fb00a7b3e7,ZEPPELIN-510,https://issues.apache.org/jira/browse/ZEPPELIN-510,https://github.com/apache/zeppelin/tree/3debddff5a9a5af10ccb13d2a6474b7a1e903b5e,https://github.com/apache/zeppelin/tree/f91b6962b1850acbf27bff8b7f1e13fb00a7b3e7,https://github.com/apache/zeppelin/compare/3debddff5a9a5af10ccb13d2a6474b7a1e903b5e...f91b6962b1850acbf27bff8b7f1e13fb00a7b3e7
181,Zeppelin,f91b6962b1850acbf27bff8b7f1e13fb00a7b3e7,0292f30a870b0547df8ba2737a0112b3e2ae3d90,Zeppelin-516,https://issues.apache.org/jira/browse/ZEPPELIN-516,https://github.com/apache/zeppelin/tree/f91b6962b1850acbf27bff8b7f1e13fb00a7b3e7,https://github.com/apache/zeppelin/tree/0292f30a870b0547df8ba2737a0112b3e2ae3d90,https://github.com/apache/zeppelin/compare/f91b6962b1850acbf27bff8b7f1e13fb00a7b3e7...0292f30a870b0547df8ba2737a0112b3e2ae3d90
182,Zeppelin,81b1e2271233721b6361796730cf5634ad0427a3,f54b49b40a3c00f926df8896724edec20de4a5a8,ZEPPELIN-515,https://issues.apache.org/jira/browse/ZEPPELIN-515,https://github.com/apache/zeppelin/tree/81b1e2271233721b6361796730cf5634ad0427a3,https://github.com/apache/zeppelin/tree/f54b49b40a3c00f926df8896724edec20de4a5a8,https://github.com/apache/zeppelin/compare/81b1e2271233721b6361796730cf5634ad0427a3...f54b49b40a3c00f926df8896724edec20de4a5a8
183,Zeppelin,f54b49b40a3c00f926df8896724edec20de4a5a8,be8a7472908ba1b26ca0bbaafa89a55c1599a258,ZEPPELIN-521,https://issues.apache.org/jira/browse/ZEPPELIN-521,https://github.com/apache/zeppelin/tree/f54b49b40a3c00f926df8896724edec20de4a5a8,https://github.com/apache/zeppelin/tree/be8a7472908ba1b26ca0bbaafa89a55c1599a258,https://github.com/apache/zeppelin/compare/f54b49b40a3c00f926df8896724edec20de4a5a8...be8a7472908ba1b26ca0bbaafa89a55c1599a258
184,Zeppelin,be8a7472908ba1b26ca0bbaafa89a55c1599a258,0194d389a5ffaf1094a350afb87a9bd341f0fa6e,ZEPPELIN-508,https://issues.apache.org/jira/browse/ZEPPELIN-508,https://github.com/apache/zeppelin/tree/be8a7472908ba1b26ca0bbaafa89a55c1599a258,https://github.com/apache/zeppelin/tree/0194d389a5ffaf1094a350afb87a9bd341f0fa6e,https://github.com/apache/zeppelin/compare/be8a7472908ba1b26ca0bbaafa89a55c1599a258...0194d389a5ffaf1094a350afb87a9bd341f0fa6e
185,Zeppelin,16e921b6ad3348fbb41c462abc946a068bd76c97,4c269e6d860320e2612eb6b77785c6d1ff3ef106,ZEPPELIN-312,https://issues.apache.org/jira/browse/ZEPPELIN-312,https://github.com/apache/zeppelin/tree/16e921b6ad3348fbb41c462abc946a068bd76c97,https://github.com/apache/zeppelin/tree/4c269e6d860320e2612eb6b77785c6d1ff3ef106,https://github.com/apache/zeppelin/compare/16e921b6ad3348fbb41c462abc946a068bd76c97...4c269e6d860320e2612eb6b77785c6d1ff3ef106
186,Zeppelin,ad7a6c0821840d32c8ddc87c9835c8b0cf1d33e1,927f482256d6da052edaf99d41ddbddf80334f7c,ZEPPELIN-527,https://issues.apache.org/jira/browse/ZEPPELIN-527,https://github.com/apache/zeppelin/tree/ad7a6c0821840d32c8ddc87c9835c8b0cf1d33e1,https://github.com/apache/zeppelin/tree/927f482256d6da052edaf99d41ddbddf80334f7c,https://github.com/apache/zeppelin/compare/ad7a6c0821840d32c8ddc87c9835c8b0cf1d33e1...927f482256d6da052edaf99d41ddbddf80334f7c
187,Zeppelin,0a68c0b11f9bb17a63abd1b75796f09d15b5f082,f8aeee11e3bb447ee392cfb004b0acbe2e6bc435,ZEPPELIN-535,https://issues.apache.org/jira/browse/ZEPPELIN-535,https://github.com/apache/zeppelin/tree/0a68c0b11f9bb17a63abd1b75796f09d15b5f082,https://github.com/apache/zeppelin/tree/f8aeee11e3bb447ee392cfb004b0acbe2e6bc435,https://github.com/apache/zeppelin/compare/0a68c0b11f9bb17a63abd1b75796f09d15b5f082...f8aeee11e3bb447ee392cfb004b0acbe2e6bc435
188,Zeppelin,8fdaaba94584ec5c9b8b5d8acb96016700720af1,1cd08ab7571fb55dfe83c464779b659ec9c200a3,ZEPPELIN-547,https://issues.apache.org/jira/browse/ZEPPELIN-547,https://github.com/apache/zeppelin/tree/8fdaaba94584ec5c9b8b5d8acb96016700720af1,https://github.com/apache/zeppelin/tree/1cd08ab7571fb55dfe83c464779b659ec9c200a3,https://github.com/apache/zeppelin/compare/8fdaaba94584ec5c9b8b5d8acb96016700720af1...1cd08ab7571fb55dfe83c464779b659ec9c200a3
189,Zeppelin,f0383c69958efc23f2cf1d8b8a964722024ad45e,fb75cb3d4f3a49601a4fbd56e76e8fd1e0e4d2f5,ZEPPELIN-536,https://issues.apache.org/jira/browse/ZEPPELIN-536,https://github.com/apache/zeppelin/tree/f0383c69958efc23f2cf1d8b8a964722024ad45e,https://github.com/apache/zeppelin/tree/fb75cb3d4f3a49601a4fbd56e76e8fd1e0e4d2f5,https://github.com/apache/zeppelin/compare/f0383c69958efc23f2cf1d8b8a964722024ad45e...fb75cb3d4f3a49601a4fbd56e76e8fd1e0e4d2f5
190,Zeppelin,fb75cb3d4f3a49601a4fbd56e76e8fd1e0e4d2f5,47a7decd5aefc19610c1b314bfc8868afd90ac45,Zeppelin-523,https://issues.apache.org/jira/browse/ZEPPELIN-523,https://github.com/apache/zeppelin/tree/fb75cb3d4f3a49601a4fbd56e76e8fd1e0e4d2f5,https://github.com/apache/zeppelin/tree/47a7decd5aefc19610c1b314bfc8868afd90ac45,https://github.com/apache/zeppelin/compare/fb75cb3d4f3a49601a4fbd56e76e8fd1e0e4d2f5...47a7decd5aefc19610c1b314bfc8868afd90ac45
191,Zeppelin,47a7decd5aefc19610c1b314bfc8868afd90ac45,6744c0d1d5d7c575d648fabbbbb9ad63c1aee76e,ZEPPELIN-544,https://issues.apache.org/jira/browse/ZEPPELIN-544,https://github.com/apache/zeppelin/tree/47a7decd5aefc19610c1b314bfc8868afd90ac45,https://github.com/apache/zeppelin/tree/6744c0d1d5d7c575d648fabbbbb9ad63c1aee76e,https://github.com/apache/zeppelin/compare/47a7decd5aefc19610c1b314bfc8868afd90ac45...6744c0d1d5d7c575d648fabbbbb9ad63c1aee76e
192,Zeppelin,3123d3de85bc3e28223f0a60ff598ea478e1f593,fc870893f0d2bae2116fb64270d455869268f317,ZEPPELIN-534,https://issues.apache.org/jira/browse/ZEPPELIN-534,https://github.com/apache/zeppelin/tree/3123d3de85bc3e28223f0a60ff598ea478e1f593,https://github.com/apache/zeppelin/tree/fc870893f0d2bae2116fb64270d455869268f317,https://github.com/apache/zeppelin/compare/3123d3de85bc3e28223f0a60ff598ea478e1f593...fc870893f0d2bae2116fb64270d455869268f317
193,Zeppelin,78bf3776d8351572ac1add4289e860b599233b47,52901deeefbcefeaae787d7c7706ca4b47d0f4e8,ZEPPELIN-542,https://issues.apache.org/jira/browse/ZEPPELIN-542,https://github.com/apache/zeppelin/tree/78bf3776d8351572ac1add4289e860b599233b47,https://github.com/apache/zeppelin/tree/52901deeefbcefeaae787d7c7706ca4b47d0f4e8,https://github.com/apache/zeppelin/compare/78bf3776d8351572ac1add4289e860b599233b47...52901deeefbcefeaae787d7c7706ca4b47d0f4e8
194,Zeppelin,52901deeefbcefeaae787d7c7706ca4b47d0f4e8,5d7299907311ec857256c7b7e82e42b4c193dc9b,ZEPPELIN-563,https://issues.apache.org/jira/browse/ZEPPELIN-563,https://github.com/apache/zeppelin/tree/52901deeefbcefeaae787d7c7706ca4b47d0f4e8,https://github.com/apache/zeppelin/tree/5d7299907311ec857256c7b7e82e42b4c193dc9b,https://github.com/apache/zeppelin/compare/52901deeefbcefeaae787d7c7706ca4b47d0f4e8...5d7299907311ec857256c7b7e82e42b4c193dc9b
195,Zeppelin,b12edcd3a7493673159fa27d44b71f3200d0fc57,69537f141236e2db499eadcccaec7b5b5f679c85,ZEPPELIN-395,https://issues.apache.org/jira/browse/ZEPPELIN-395,https://github.com/apache/zeppelin/tree/b12edcd3a7493673159fa27d44b71f3200d0fc57,https://github.com/apache/zeppelin/tree/69537f141236e2db499eadcccaec7b5b5f679c85,https://github.com/apache/zeppelin/compare/b12edcd3a7493673159fa27d44b71f3200d0fc57...69537f141236e2db499eadcccaec7b5b5f679c85
196,Zeppelin,8febe795bfda08905906233175ba3c704da987f1,c54b8821fca075ca828457d5aa85a8834cb6893d,ZEPPELIN-314,https://issues.apache.org/jira/browse/ZEPPELIN-314,https://github.com/apache/zeppelin/tree/8febe795bfda08905906233175ba3c704da987f1,https://github.com/apache/zeppelin/tree/c54b8821fca075ca828457d5aa85a8834cb6893d,https://github.com/apache/zeppelin/compare/8febe795bfda08905906233175ba3c704da987f1...c54b8821fca075ca828457d5aa85a8834cb6893d
197,Zeppelin,51812cb80c4a86083303ff382401c0ad096ac54a,ff99ecba1bdf51ef66e92970d926821bf550aa2b,ZEPPELIN-541,https://issues.apache.org/jira/browse/ZEPPELIN-541,https://github.com/apache/zeppelin/tree/51812cb80c4a86083303ff382401c0ad096ac54a,https://github.com/apache/zeppelin/tree/ff99ecba1bdf51ef66e92970d926821bf550aa2b,https://github.com/apache/zeppelin/compare/51812cb80c4a86083303ff382401c0ad096ac54a...ff99ecba1bdf51ef66e92970d926821bf550aa2b
198,Zeppelin,89c592489fab38e087604159fa0ed33ccef16991,2ee234ac8e9248d671cba25349e3065c1bc326f3,ZEPPELIN-572,https://issues.apache.org/jira/browse/ZEPPELIN-572,https://github.com/apache/zeppelin/tree/89c592489fab38e087604159fa0ed33ccef16991,https://github.com/apache/zeppelin/tree/2ee234ac8e9248d671cba25349e3065c1bc326f3,https://github.com/apache/zeppelin/compare/89c592489fab38e087604159fa0ed33ccef16991...2ee234ac8e9248d671cba25349e3065c1bc326f3
199,Zeppelin,2ee234ac8e9248d671cba25349e3065c1bc326f3,78d2d5adc20f58f75d84586d73b41027ff1cd4f4,ZEPPELIN-591,https://issues.apache.org/jira/browse/ZEPPELIN-591,https://github.com/apache/zeppelin/tree/2ee234ac8e9248d671cba25349e3065c1bc326f3,https://github.com/apache/zeppelin/tree/78d2d5adc20f58f75d84586d73b41027ff1cd4f4,https://github.com/apache/zeppelin/compare/2ee234ac8e9248d671cba25349e3065c1bc326f3...78d2d5adc20f58f75d84586d73b41027ff1cd4f4
200,Zeppelin,a70aadfd10466440f4b3278a5d35ca12ea5fb518,11d25be8c3d13f55763609a4ccb93394771a6971,ZEPPELIN-581,https://issues.apache.org/jira/browse/ZEPPELIN-581,https://github.com/apache/zeppelin/tree/a70aadfd10466440f4b3278a5d35ca12ea5fb518,https://github.com/apache/zeppelin/tree/11d25be8c3d13f55763609a4ccb93394771a6971,https://github.com/apache/zeppelin/compare/a70aadfd10466440f4b3278a5d35ca12ea5fb518...11d25be8c3d13f55763609a4ccb93394771a6971
201,Zeppelin,92e0454b0870a9c77affd8b9be337ea19d85c7a1,08e22f3645d042f0399361dbc4da3e0d2800e8c6,ZEPPELIN-489,https://issues.apache.org/jira/browse/ZEPPELIN-489,https://github.com/apache/zeppelin/tree/92e0454b0870a9c77affd8b9be337ea19d85c7a1,https://github.com/apache/zeppelin/tree/08e22f3645d042f0399361dbc4da3e0d2800e8c6,https://github.com/apache/zeppelin/compare/92e0454b0870a9c77affd8b9be337ea19d85c7a1...08e22f3645d042f0399361dbc4da3e0d2800e8c6
202,Zeppelin,e246aa9f90d2788cc477b8e7d1ae89a163c72829,dbdaf84e4bcf305e7a10b85d087d89f4c7e20423,ZEPPELIN-602,https://issues.apache.org/jira/browse/ZEPPELIN-602,https://github.com/apache/zeppelin/tree/e246aa9f90d2788cc477b8e7d1ae89a163c72829,https://github.com/apache/zeppelin/tree/dbdaf84e4bcf305e7a10b85d087d89f4c7e20423,https://github.com/apache/zeppelin/compare/e246aa9f90d2788cc477b8e7d1ae89a163c72829...dbdaf84e4bcf305e7a10b85d087d89f4c7e20423
203,Zeppelin,11a45e2e225b404e5ca5f2f2137217202895d2d8,4a23139fd9739f9a8e475b1bfd2be46299d5428e,ZEPPELIN-634,https://issues.apache.org/jira/browse/ZEPPELIN-634,https://github.com/apache/zeppelin/tree/11a45e2e225b404e5ca5f2f2137217202895d2d8,https://github.com/apache/zeppelin/tree/4a23139fd9739f9a8e475b1bfd2be46299d5428e,https://github.com/apache/zeppelin/compare/11a45e2e225b404e5ca5f2f2137217202895d2d8...4a23139fd9739f9a8e475b1bfd2be46299d5428e
204,Zeppelin,1940388e3422b86a322fc82a0e7868ff25126804,a4e81ade615f7957d5ce0669fb2a3860f1492e3d,ZEPPELIN-403,https://issues.apache.org/jira/browse/ZEPPELIN-403,https://github.com/apache/zeppelin/tree/1940388e3422b86a322fc82a0e7868ff25126804,https://github.com/apache/zeppelin/tree/a4e81ade615f7957d5ce0669fb2a3860f1492e3d,https://github.com/apache/zeppelin/compare/1940388e3422b86a322fc82a0e7868ff25126804...a4e81ade615f7957d5ce0669fb2a3860f1492e3d
205,Zeppelin,a959cbc533d3954e3537ca3809dabaed422e494c,025acd3641cab7c3f848a98f91f8b3f1d31cfcf7,ZEPPELIN-638,https://issues.apache.org/jira/browse/ZEPPELIN-638,https://github.com/apache/zeppelin/tree/a959cbc533d3954e3537ca3809dabaed422e494c,https://github.com/apache/zeppelin/tree/025acd3641cab7c3f848a98f91f8b3f1d31cfcf7,https://github.com/apache/zeppelin/compare/a959cbc533d3954e3537ca3809dabaed422e494c...025acd3641cab7c3f848a98f91f8b3f1d31cfcf7
206,Zeppelin,6e351208518aa75247190d7e09e2cf8d835b4911,c484bf74efad9f0dee4f2be496bdeebb2c94c8f3,ZEPPELIN-632,https://issues.apache.org/jira/browse/ZEPPELIN-632,https://github.com/apache/zeppelin/tree/6e351208518aa75247190d7e09e2cf8d835b4911,https://github.com/apache/zeppelin/tree/c484bf74efad9f0dee4f2be496bdeebb2c94c8f3,https://github.com/apache/zeppelin/compare/6e351208518aa75247190d7e09e2cf8d835b4911...c484bf74efad9f0dee4f2be496bdeebb2c94c8f3
207,Zeppelin,383ec63811ccba6a1091e173cd5b6ec388ab6a85,77bde64156bb9d4e62a2789510850d1e3177b863,ZEPPELIN-620,https://issues.apache.org/jira/browse/ZEPPELIN-620,https://github.com/apache/zeppelin/tree/383ec63811ccba6a1091e173cd5b6ec388ab6a85,https://github.com/apache/zeppelin/tree/77bde64156bb9d4e62a2789510850d1e3177b863,https://github.com/apache/zeppelin/compare/383ec63811ccba6a1091e173cd5b6ec388ab6a85...77bde64156bb9d4e62a2789510850d1e3177b863
208,Zeppelin,51da6584cf795cefe781b825b4058e5828f956c0,24e87a62f8f3a67e3334d1a1a8d65a5e85784f58,ZEPPELIN-595,https://issues.apache.org/jira/browse/ZEPPELIN-595,https://github.com/apache/zeppelin/tree/51da6584cf795cefe781b825b4058e5828f956c0,https://github.com/apache/zeppelin/tree/24e87a62f8f3a67e3334d1a1a8d65a5e85784f58,https://github.com/apache/zeppelin/compare/51da6584cf795cefe781b825b4058e5828f956c0...24e87a62f8f3a67e3334d1a1a8d65a5e85784f58
209,Zeppelin,0d4c3acc1ad46ffeb65eae587c226ab00dff069c,65b47e50549e8c64b5aff9a6ceec16668d1ca52e,ZEPPELIN-665,https://issues.apache.org/jira/browse/ZEPPELIN-665,https://github.com/apache/zeppelin/tree/0d4c3acc1ad46ffeb65eae587c226ab00dff069c,https://github.com/apache/zeppelin/tree/65b47e50549e8c64b5aff9a6ceec16668d1ca52e,https://github.com/apache/zeppelin/compare/0d4c3acc1ad46ffeb65eae587c226ab00dff069c...65b47e50549e8c64b5aff9a6ceec16668d1ca52e
210,Zeppelin,72b8fde066690676886824aeb6986d7605882438,4daf7aa30ca3cb698fefd23f766b701eb5c0ea2b,ZEPPELIN-491,https://issues.apache.org/jira/browse/ZEPPELIN-491,https://github.com/apache/zeppelin/tree/72b8fde066690676886824aeb6986d7605882438,https://github.com/apache/zeppelin/tree/4daf7aa30ca3cb698fefd23f766b701eb5c0ea2b,https://github.com/apache/zeppelin/compare/72b8fde066690676886824aeb6986d7605882438...4daf7aa30ca3cb698fefd23f766b701eb5c0ea2b
211,Zeppelin,4daf7aa30ca3cb698fefd23f766b701eb5c0ea2b,9f9be96980782228dae09d09d0761c924ab3956e,ZEPPELIN-662,https://issues.apache.org/jira/browse/ZEPPELIN-662,https://github.com/apache/zeppelin/tree/4daf7aa30ca3cb698fefd23f766b701eb5c0ea2b,https://github.com/apache/zeppelin/tree/9f9be96980782228dae09d09d0761c924ab3956e,https://github.com/apache/zeppelin/compare/4daf7aa30ca3cb698fefd23f766b701eb5c0ea2b...9f9be96980782228dae09d09d0761c924ab3956e
212,Zeppelin,4ac7ff5ca41a6798638666a842fd88cf1126af34,a283dfa87f1b69d85e26c758c9998678f127d47a,Zeppelin-628,https://issues.apache.org/jira/browse/ZEPPELIN-628,https://github.com/apache/zeppelin/tree/4ac7ff5ca41a6798638666a842fd88cf1126af34,https://github.com/apache/zeppelin/tree/a283dfa87f1b69d85e26c758c9998678f127d47a,https://github.com/apache/zeppelin/compare/4ac7ff5ca41a6798638666a842fd88cf1126af34...a283dfa87f1b69d85e26c758c9998678f127d47a
213,Zeppelin,d74f98ab35ac9475eb578ce7bed04dc4fb471236,c59229afc6f8ad2bd59d17f4326f53be2991b66a,Zeppelin-628,https://issues.apache.org/jira/browse/ZEPPELIN-628,https://github.com/apache/zeppelin/tree/d74f98ab35ac9475eb578ce7bed04dc4fb471236,https://github.com/apache/zeppelin/tree/c59229afc6f8ad2bd59d17f4326f53be2991b66a,https://github.com/apache/zeppelin/compare/d74f98ab35ac9475eb578ce7bed04dc4fb471236...c59229afc6f8ad2bd59d17f4326f53be2991b66a
214,Zeppelin,44991ba04af723f459a9add9c128d312a47f4795,831f426dba8a89dbdfc32144a65df99662af2c47,ZEPPELIN-408,https://issues.apache.org/jira/browse/ZEPPELIN-408,https://github.com/apache/zeppelin/tree/44991ba04af723f459a9add9c128d312a47f4795,https://github.com/apache/zeppelin/tree/831f426dba8a89dbdfc32144a65df99662af2c47,https://github.com/apache/zeppelin/compare/44991ba04af723f459a9add9c128d312a47f4795...831f426dba8a89dbdfc32144a65df99662af2c47
215,Zeppelin,7a1f921ce3f73f9047d4d0368a2f82aaa70141fd,e0fa3869302a872464670a1451f036526736bc28,ZEPPELIN-680,https://issues.apache.org/jira/browse/ZEPPELIN-680,https://github.com/apache/zeppelin/tree/7a1f921ce3f73f9047d4d0368a2f82aaa70141fd,https://github.com/apache/zeppelin/tree/e0fa3869302a872464670a1451f036526736bc28,https://github.com/apache/zeppelin/compare/7a1f921ce3f73f9047d4d0368a2f82aaa70141fd...e0fa3869302a872464670a1451f036526736bc28
216,Zeppelin,b88f52e3cf798c46d7e3b0ed3ea9f8bbd2b6d9d8,40bb5e6314b53308013502acfc746c47cb4a4620,ZEPPELIN-698,https://issues.apache.org/jira/browse/ZEPPELIN-698,https://github.com/apache/zeppelin/tree/b88f52e3cf798c46d7e3b0ed3ea9f8bbd2b6d9d8,https://github.com/apache/zeppelin/tree/40bb5e6314b53308013502acfc746c47cb4a4620,https://github.com/apache/zeppelin/compare/b88f52e3cf798c46d7e3b0ed3ea9f8bbd2b6d9d8...40bb5e6314b53308013502acfc746c47cb4a4620
217,Zeppelin,1846ae8ef3270669bd1f0c04f6b8b1d985838e44,5bed7796f1319077a75beccc1fe5d4018fba755a,ZEPPELIN-716,https://issues.apache.org/jira/browse/ZEPPELIN-716,https://github.com/apache/zeppelin/tree/1846ae8ef3270669bd1f0c04f6b8b1d985838e44,https://github.com/apache/zeppelin/tree/5bed7796f1319077a75beccc1fe5d4018fba755a,https://github.com/apache/zeppelin/compare/1846ae8ef3270669bd1f0c04f6b8b1d985838e44...5bed7796f1319077a75beccc1fe5d4018fba755a
218,Zeppelin,5bed7796f1319077a75beccc1fe5d4018fba755a,72f6c91c74e1e99938aacd0eb83e7aefb47cb57d,ZEPPELIN-706,https://issues.apache.org/jira/browse/ZEPPELIN-706,https://github.com/apache/zeppelin/tree/5bed7796f1319077a75beccc1fe5d4018fba755a,https://github.com/apache/zeppelin/tree/72f6c91c74e1e99938aacd0eb83e7aefb47cb57d,https://github.com/apache/zeppelin/compare/5bed7796f1319077a75beccc1fe5d4018fba755a...72f6c91c74e1e99938aacd0eb83e7aefb47cb57d
219,Zeppelin,72f6c91c74e1e99938aacd0eb83e7aefb47cb57d,59aa3f02568aedd937bc3930cc0ea59059a9cd07,ZEPPELIN-717,https://issues.apache.org/jira/browse/ZEPPELIN-717,https://github.com/apache/zeppelin/tree/72f6c91c74e1e99938aacd0eb83e7aefb47cb57d,https://github.com/apache/zeppelin/tree/59aa3f02568aedd937bc3930cc0ea59059a9cd07,https://github.com/apache/zeppelin/compare/72f6c91c74e1e99938aacd0eb83e7aefb47cb57d...59aa3f02568aedd937bc3930cc0ea59059a9cd07
220,Zeppelin,59aa3f02568aedd937bc3930cc0ea59059a9cd07,ee5590ac3eb8eb0d5d28de677a1fc2a07ef434da,ZEPPELIN-725,https://issues.apache.org/jira/browse/ZEPPELIN-725,https://github.com/apache/zeppelin/tree/59aa3f02568aedd937bc3930cc0ea59059a9cd07,https://github.com/apache/zeppelin/tree/ee5590ac3eb8eb0d5d28de677a1fc2a07ef434da,https://github.com/apache/zeppelin/compare/59aa3f02568aedd937bc3930cc0ea59059a9cd07...ee5590ac3eb8eb0d5d28de677a1fc2a07ef434da
221,Zeppelin,1b29275e016ae1791c0c7676e3e09019f44dfc17,cc24227bf0a210421a690b988343f10060a37d52,ZEPPELIN-686,https://issues.apache.org/jira/browse/ZEPPELIN-686,https://github.com/apache/zeppelin/tree/1b29275e016ae1791c0c7676e3e09019f44dfc17,https://github.com/apache/zeppelin/tree/cc24227bf0a210421a690b988343f10060a37d52,https://github.com/apache/zeppelin/compare/1b29275e016ae1791c0c7676e3e09019f44dfc17...cc24227bf0a210421a690b988343f10060a37d52
222,Zeppelin,1a4e9ca229cf91ea1f890ce88490daeddaacafbc,7e932e944fed101ad9fa0710f621a027a80927f0,ZEPPELIN-666,https://issues.apache.org/jira/browse/ZEPPELIN-666,https://github.com/apache/zeppelin/tree/1a4e9ca229cf91ea1f890ce88490daeddaacafbc,https://github.com/apache/zeppelin/tree/7e932e944fed101ad9fa0710f621a027a80927f0,https://github.com/apache/zeppelin/compare/1a4e9ca229cf91ea1f890ce88490daeddaacafbc...7e932e944fed101ad9fa0710f621a027a80927f0
223,Zeppelin,7e932e944fed101ad9fa0710f621a027a80927f0,848f4fba662df8cf81a0b3b4667b49190c864c79,ZEPPELIN-729,https://issues.apache.org/jira/browse/ZEPPELIN-729,https://github.com/apache/zeppelin/tree/7e932e944fed101ad9fa0710f621a027a80927f0,https://github.com/apache/zeppelin/tree/848f4fba662df8cf81a0b3b4667b49190c864c79,https://github.com/apache/zeppelin/compare/7e932e944fed101ad9fa0710f621a027a80927f0...848f4fba662df8cf81a0b3b4667b49190c864c79
224,Zeppelin,96b11e144a051270682f2fed509e83a44f81ece9,2fcc42b631b9769862df8b0c47f7aa9dce4cd2b5,ZEPPELIN-749,https://issues.apache.org/jira/browse/ZEPPELIN-749,https://github.com/apache/zeppelin/tree/96b11e144a051270682f2fed509e83a44f81ece9,https://github.com/apache/zeppelin/tree/2fcc42b631b9769862df8b0c47f7aa9dce4cd2b5,https://github.com/apache/zeppelin/compare/96b11e144a051270682f2fed509e83a44f81ece9...2fcc42b631b9769862df8b0c47f7aa9dce4cd2b5
225,Zeppelin,79b2aa43af1ac8fb754fd5afaab7cf8f55122376,cd645c241fd23835848d40259349d0d667cc113d,ZEPPELIN-734,https://issues.apache.org/jira/browse/ZEPPELIN-734,https://github.com/apache/zeppelin/tree/79b2aa43af1ac8fb754fd5afaab7cf8f55122376,https://github.com/apache/zeppelin/tree/cd645c241fd23835848d40259349d0d667cc113d,https://github.com/apache/zeppelin/compare/79b2aa43af1ac8fb754fd5afaab7cf8f55122376...cd645c241fd23835848d40259349d0d667cc113d
226,Zeppelin,d19575715e9d0262d17819f495e8aeeed386a7a6,af99a76f8b3b5c93e49beb0629b612b1176118d8,ZEPPELIN-757,https://issues.apache.org/jira/browse/ZEPPELIN-757,https://github.com/apache/zeppelin/tree/d19575715e9d0262d17819f495e8aeeed386a7a6,https://github.com/apache/zeppelin/tree/af99a76f8b3b5c93e49beb0629b612b1176118d8,https://github.com/apache/zeppelin/compare/d19575715e9d0262d17819f495e8aeeed386a7a6...af99a76f8b3b5c93e49beb0629b612b1176118d8
227,Zeppelin,af99a76f8b3b5c93e49beb0629b612b1176118d8,3de8da3c04a7448e8d0344dd56bec9e055dfc51d,ZEPPELIN-755,https://issues.apache.org/jira/browse/ZEPPELIN-755,https://github.com/apache/zeppelin/tree/af99a76f8b3b5c93e49beb0629b612b1176118d8,https://github.com/apache/zeppelin/tree/3de8da3c04a7448e8d0344dd56bec9e055dfc51d,https://github.com/apache/zeppelin/compare/af99a76f8b3b5c93e49beb0629b612b1176118d8...3de8da3c04a7448e8d0344dd56bec9e055dfc51d
228,Zeppelin,3de8da3c04a7448e8d0344dd56bec9e055dfc51d,ecc2fc6230a0d5958e3824d99aedad9d3deb8085,ZEPPELIN-751,https://issues.apache.org/jira/browse/ZEPPELIN-751,https://github.com/apache/zeppelin/tree/3de8da3c04a7448e8d0344dd56bec9e055dfc51d,https://github.com/apache/zeppelin/tree/ecc2fc6230a0d5958e3824d99aedad9d3deb8085,https://github.com/apache/zeppelin/compare/3de8da3c04a7448e8d0344dd56bec9e055dfc51d...ecc2fc6230a0d5958e3824d99aedad9d3deb8085
229,Zeppelin,4ece1e095b9e60b2f68a4763bcef615378fdd3c7,ed1b080c3a577097c72e7b9b821518b61f239bd4,ZEPPELIN-754,https://issues.apache.org/jira/browse/ZEPPELIN-754,https://github.com/apache/zeppelin/tree/4ece1e095b9e60b2f68a4763bcef615378fdd3c7,https://github.com/apache/zeppelin/tree/ed1b080c3a577097c72e7b9b821518b61f239bd4,https://github.com/apache/zeppelin/compare/4ece1e095b9e60b2f68a4763bcef615378fdd3c7...ed1b080c3a577097c72e7b9b821518b61f239bd4
230,Zeppelin,140adb8d3939aef850b646bbecbc7b63e0b99f94,c4917ade11c07b005af7859fc1d70dc3d2058ec2,ZEPPELIN-748,https://issues.apache.org/jira/browse/ZEPPELIN-748,https://github.com/apache/zeppelin/tree/140adb8d3939aef850b646bbecbc7b63e0b99f94,https://github.com/apache/zeppelin/tree/c4917ade11c07b005af7859fc1d70dc3d2058ec2,https://github.com/apache/zeppelin/compare/140adb8d3939aef850b646bbecbc7b63e0b99f94...c4917ade11c07b005af7859fc1d70dc3d2058ec2
231,Zeppelin,c4917ade11c07b005af7859fc1d70dc3d2058ec2,d47418bb4fecc8587da8cebd70d99cf34f6eb288,ZEPPELIN-765,https://issues.apache.org/jira/browse/ZEPPELIN-765,https://github.com/apache/zeppelin/tree/c4917ade11c07b005af7859fc1d70dc3d2058ec2,https://github.com/apache/zeppelin/tree/d47418bb4fecc8587da8cebd70d99cf34f6eb288,https://github.com/apache/zeppelin/compare/c4917ade11c07b005af7859fc1d70dc3d2058ec2...d47418bb4fecc8587da8cebd70d99cf34f6eb288
232,Zeppelin,d47418bb4fecc8587da8cebd70d99cf34f6eb288,729d49a0fb6ed1fd568aedb2ef9d08956f820335,ZEPPELIN-775,https://issues.apache.org/jira/browse/ZEPPELIN-775,https://github.com/apache/zeppelin/tree/d47418bb4fecc8587da8cebd70d99cf34f6eb288,https://github.com/apache/zeppelin/tree/729d49a0fb6ed1fd568aedb2ef9d08956f820335,https://github.com/apache/zeppelin/compare/d47418bb4fecc8587da8cebd70d99cf34f6eb288...729d49a0fb6ed1fd568aedb2ef9d08956f820335
233,Zeppelin,729d49a0fb6ed1fd568aedb2ef9d08956f820335,1852ab6f7f6029535a4fcb8305352f9d39f43a7e,ZEPPELIN-769,https://issues.apache.org/jira/browse/ZEPPELIN-769,https://github.com/apache/zeppelin/tree/729d49a0fb6ed1fd568aedb2ef9d08956f820335,https://github.com/apache/zeppelin/tree/1852ab6f7f6029535a4fcb8305352f9d39f43a7e,https://github.com/apache/zeppelin/compare/729d49a0fb6ed1fd568aedb2ef9d08956f820335...1852ab6f7f6029535a4fcb8305352f9d39f43a7e
234,Zeppelin,0ee791ce29b2c72b6c662d5e1e154fb8dde8c60e,ca58b8009913336f776235b37225c74760ff38eb,ZEPPELIN-770,https://issues.apache.org/jira/browse/ZEPPELIN-770,https://github.com/apache/zeppelin/tree/0ee791ce29b2c72b6c662d5e1e154fb8dde8c60e,https://github.com/apache/zeppelin/tree/ca58b8009913336f776235b37225c74760ff38eb,https://github.com/apache/zeppelin/compare/0ee791ce29b2c72b6c662d5e1e154fb8dde8c60e...ca58b8009913336f776235b37225c74760ff38eb
235,Zeppelin,ca58b8009913336f776235b37225c74760ff38eb,15e226ee224c76ae120b02119c128931e7beac93,ZEPPELIN-776,https://issues.apache.org/jira/browse/ZEPPELIN-776,https://github.com/apache/zeppelin/tree/ca58b8009913336f776235b37225c74760ff38eb,https://github.com/apache/zeppelin/tree/15e226ee224c76ae120b02119c128931e7beac93,https://github.com/apache/zeppelin/compare/ca58b8009913336f776235b37225c74760ff38eb...15e226ee224c76ae120b02119c128931e7beac93
236,Zeppelin,15e226ee224c76ae120b02119c128931e7beac93,c79d4379c78fa57eca0d6c84503b5e7291d3b011,ZEPPELIN-768,https://issues.apache.org/jira/browse/ZEPPELIN-768,https://github.com/apache/zeppelin/tree/15e226ee224c76ae120b02119c128931e7beac93,https://github.com/apache/zeppelin/tree/c79d4379c78fa57eca0d6c84503b5e7291d3b011,https://github.com/apache/zeppelin/compare/15e226ee224c76ae120b02119c128931e7beac93...c79d4379c78fa57eca0d6c84503b5e7291d3b011
237,Zeppelin,c79d4379c78fa57eca0d6c84503b5e7291d3b011,26a2d641c70b1a96b9276ea5e48504e0911f62cf,ZEPPELIN-767,https://issues.apache.org/jira/browse/ZEPPELIN-767,https://github.com/apache/zeppelin/tree/c79d4379c78fa57eca0d6c84503b5e7291d3b011,https://github.com/apache/zeppelin/tree/26a2d641c70b1a96b9276ea5e48504e0911f62cf,https://github.com/apache/zeppelin/compare/c79d4379c78fa57eca0d6c84503b5e7291d3b011...26a2d641c70b1a96b9276ea5e48504e0911f62cf
238,Zeppelin,26a2d641c70b1a96b9276ea5e48504e0911f62cf,42cccd15707c1fed992b3c44cf161320e900aec0,ZEPPELIN-649,https://issues.apache.org/jira/browse/ZEPPELIN-649,https://github.com/apache/zeppelin/tree/26a2d641c70b1a96b9276ea5e48504e0911f62cf,https://github.com/apache/zeppelin/tree/42cccd15707c1fed992b3c44cf161320e900aec0,https://github.com/apache/zeppelin/compare/26a2d641c70b1a96b9276ea5e48504e0911f62cf...42cccd15707c1fed992b3c44cf161320e900aec0
239,Zeppelin,a7a7bdb68fc81b366088d93f4852c782c141525b,67e0fd554f33c547d80cfff9e80940977b4b2b29,ZEPPELIN-783,https://issues.apache.org/jira/browse/ZEPPELIN-783,https://github.com/apache/zeppelin/tree/a7a7bdb68fc81b366088d93f4852c782c141525b,https://github.com/apache/zeppelin/tree/67e0fd554f33c547d80cfff9e80940977b4b2b29,https://github.com/apache/zeppelin/compare/a7a7bdb68fc81b366088d93f4852c782c141525b...67e0fd554f33c547d80cfff9e80940977b4b2b29
240,Zeppelin,67e0fd554f33c547d80cfff9e80940977b4b2b29,dc6162e0d1f53d2d9945409303ec2300c5516063,ZEPPELIN-781,https://issues.apache.org/jira/browse/ZEPPELIN-781,https://github.com/apache/zeppelin/tree/67e0fd554f33c547d80cfff9e80940977b4b2b29,https://github.com/apache/zeppelin/tree/dc6162e0d1f53d2d9945409303ec2300c5516063,https://github.com/apache/zeppelin/compare/67e0fd554f33c547d80cfff9e80940977b4b2b29...dc6162e0d1f53d2d9945409303ec2300c5516063
241,Zeppelin,5ad02a28f01202f01e7d05d331ca9ba9a6dc7e89,7155268247965b9c22946d4d521838f552c6fcee,ZEPPELIN-783,https://issues.apache.org/jira/browse/ZEPPELIN-783,https://github.com/apache/zeppelin/tree/5ad02a28f01202f01e7d05d331ca9ba9a6dc7e89,https://github.com/apache/zeppelin/tree/7155268247965b9c22946d4d521838f552c6fcee,https://github.com/apache/zeppelin/compare/5ad02a28f01202f01e7d05d331ca9ba9a6dc7e89...7155268247965b9c22946d4d521838f552c6fcee
242,Zeppelin,7155268247965b9c22946d4d521838f552c6fcee,02a042b1fdbd9d89f611d4440f022483c7cd2bd5,ZEPPELIN-797,https://issues.apache.org/jira/browse/ZEPPELIN-797,https://github.com/apache/zeppelin/tree/7155268247965b9c22946d4d521838f552c6fcee,https://github.com/apache/zeppelin/tree/02a042b1fdbd9d89f611d4440f022483c7cd2bd5,https://github.com/apache/zeppelin/compare/7155268247965b9c22946d4d521838f552c6fcee...02a042b1fdbd9d89f611d4440f022483c7cd2bd5
243,Zeppelin,77dd2f35a9f82c02aeff09ab664287d8a93a2995,a6c8b5fcbeb42ca428a08b0be192acba6683d0a0,ZEPPELIN-788,https://issues.apache.org/jira/browse/ZEPPELIN-788,https://github.com/apache/zeppelin/tree/77dd2f35a9f82c02aeff09ab664287d8a93a2995,https://github.com/apache/zeppelin/tree/a6c8b5fcbeb42ca428a08b0be192acba6683d0a0,https://github.com/apache/zeppelin/compare/77dd2f35a9f82c02aeff09ab664287d8a93a2995...a6c8b5fcbeb42ca428a08b0be192acba6683d0a0
244,Zeppelin,54f4420f9ffd30cf164d733816fa9127d0508d15,105538caa93cc932844a717bbe6974d37f49f619,ZEPPELIN-817,https://issues.apache.org/jira/browse/ZEPPELIN-817,https://github.com/apache/zeppelin/tree/54f4420f9ffd30cf164d733816fa9127d0508d15,https://github.com/apache/zeppelin/tree/105538caa93cc932844a717bbe6974d37f49f619,https://github.com/apache/zeppelin/compare/54f4420f9ffd30cf164d733816fa9127d0508d15...105538caa93cc932844a717bbe6974d37f49f619
245,Zeppelin,ca8563fbf7f77264487a1582fa65614611ecd41c,3c0a3b3fcf736e18fa73ba56c22a0b8f74042eb4,ZEPPELIN-818,https://issues.apache.org/jira/browse/ZEPPELIN-818,https://github.com/apache/zeppelin/tree/ca8563fbf7f77264487a1582fa65614611ecd41c,https://github.com/apache/zeppelin/tree/3c0a3b3fcf736e18fa73ba56c22a0b8f74042eb4,https://github.com/apache/zeppelin/compare/ca8563fbf7f77264487a1582fa65614611ecd41c...3c0a3b3fcf736e18fa73ba56c22a0b8f74042eb4
246,Zeppelin,c8c26b53bd58434b715c00e8c67f726d970af0ea,ec661d7c1a64c3c157cc11753f463da9d035cbd0,ZEPPELIN-824,https://issues.apache.org/jira/browse/ZEPPELIN-824,https://github.com/apache/zeppelin/tree/c8c26b53bd58434b715c00e8c67f726d970af0ea,https://github.com/apache/zeppelin/tree/ec661d7c1a64c3c157cc11753f463da9d035cbd0,https://github.com/apache/zeppelin/compare/c8c26b53bd58434b715c00e8c67f726d970af0ea...ec661d7c1a64c3c157cc11753f463da9d035cbd0
247,Zeppelin,ec661d7c1a64c3c157cc11753f463da9d035cbd0,bd4eaf8a35370f5f702444e576058b8c1c920acd,ZEPPELIN-798,https://issues.apache.org/jira/browse/ZEPPELIN-798,https://github.com/apache/zeppelin/tree/ec661d7c1a64c3c157cc11753f463da9d035cbd0,https://github.com/apache/zeppelin/tree/bd4eaf8a35370f5f702444e576058b8c1c920acd,https://github.com/apache/zeppelin/compare/ec661d7c1a64c3c157cc11753f463da9d035cbd0...bd4eaf8a35370f5f702444e576058b8c1c920acd
248,Zeppelin,bd4eaf8a35370f5f702444e576058b8c1c920acd,391ceab074c068d9deaeea80e357e739fd193fac,ZEPPELIN-183,https://issues.apache.org/jira/browse/ZEPPELIN-183,https://github.com/apache/zeppelin/tree/bd4eaf8a35370f5f702444e576058b8c1c920acd,https://github.com/apache/zeppelin/tree/391ceab074c068d9deaeea80e357e739fd193fac,https://github.com/apache/zeppelin/compare/bd4eaf8a35370f5f702444e576058b8c1c920acd...391ceab074c068d9deaeea80e357e739fd193fac
249,Zeppelin,d1287d302d4bc1dcbcee7ec02270d9294a516611,18fa33a9b1127efd7b05980427fc61871b41f593,ZEPPELIN-825,https://issues.apache.org/jira/browse/ZEPPELIN-825,https://github.com/apache/zeppelin/tree/d1287d302d4bc1dcbcee7ec02270d9294a516611,https://github.com/apache/zeppelin/tree/18fa33a9b1127efd7b05980427fc61871b41f593,https://github.com/apache/zeppelin/compare/d1287d302d4bc1dcbcee7ec02270d9294a516611...18fa33a9b1127efd7b05980427fc61871b41f593
250,Zeppelin,f0a7caa681230a34784c8793f6441cccb8afc688,2d85f3a9571c6fe59ffd1795c023adbe232ad511,ZEPPELIN-705,https://issues.apache.org/jira/browse/ZEPPELIN-705,https://github.com/apache/zeppelin/tree/f0a7caa681230a34784c8793f6441cccb8afc688,https://github.com/apache/zeppelin/tree/2d85f3a9571c6fe59ffd1795c023adbe232ad511,https://github.com/apache/zeppelin/compare/f0a7caa681230a34784c8793f6441cccb8afc688...2d85f3a9571c6fe59ffd1795c023adbe232ad511
251,Zeppelin,979d8a37fde134ca711357d67aac882aae75c857,8ee3667c65a124d7f87f028e02a78c903fcb8757,ZEPPELIN-779,https://issues.apache.org/jira/browse/ZEPPELIN-779,https://github.com/apache/zeppelin/tree/979d8a37fde134ca711357d67aac882aae75c857,https://github.com/apache/zeppelin/tree/8ee3667c65a124d7f87f028e02a78c903fcb8757,https://github.com/apache/zeppelin/compare/979d8a37fde134ca711357d67aac882aae75c857...8ee3667c65a124d7f87f028e02a78c903fcb8757
252,Zeppelin,daab1f7f7a71438e6ff122ee75f33f0c2a733cdd,0300a5c635fb72bc6928a6348af11b322acb1f76,ZEPPELIN-836,https://issues.apache.org/jira/browse/ZEPPELIN-836,https://github.com/apache/zeppelin/tree/daab1f7f7a71438e6ff122ee75f33f0c2a733cdd,https://github.com/apache/zeppelin/tree/0300a5c635fb72bc6928a6348af11b322acb1f76,https://github.com/apache/zeppelin/compare/daab1f7f7a71438e6ff122ee75f33f0c2a733cdd...0300a5c635fb72bc6928a6348af11b322acb1f76
253,Zeppelin,1ba0f55b9e09d6af048fcda7602dce703ae5793d,57555f5ba16dd8109942513181d1330e9958744e,ZEPPELIN-837,https://issues.apache.org/jira/browse/ZEPPELIN-837,https://github.com/apache/zeppelin/tree/1ba0f55b9e09d6af048fcda7602dce703ae5793d,https://github.com/apache/zeppelin/tree/57555f5ba16dd8109942513181d1330e9958744e,https://github.com/apache/zeppelin/compare/1ba0f55b9e09d6af048fcda7602dce703ae5793d...57555f5ba16dd8109942513181d1330e9958744e
254,Zeppelin,57555f5ba16dd8109942513181d1330e9958744e,b15964544cc86c19007119bab2086c7f1e65cdc9,ZEPPELIN-834,https://issues.apache.org/jira/browse/ZEPPELIN-834,https://github.com/apache/zeppelin/tree/57555f5ba16dd8109942513181d1330e9958744e,https://github.com/apache/zeppelin/tree/b15964544cc86c19007119bab2086c7f1e65cdc9,https://github.com/apache/zeppelin/compare/57555f5ba16dd8109942513181d1330e9958744e...b15964544cc86c19007119bab2086c7f1e65cdc9
255,Zeppelin,b15964544cc86c19007119bab2086c7f1e65cdc9,81b47c039ea99cd85f663e02f7aef9c1248fea55,ZEPPELIN-723,https://issues.apache.org/jira/browse/ZEPPELIN-723,https://github.com/apache/zeppelin/tree/b15964544cc86c19007119bab2086c7f1e65cdc9,https://github.com/apache/zeppelin/tree/81b47c039ea99cd85f663e02f7aef9c1248fea55,https://github.com/apache/zeppelin/compare/b15964544cc86c19007119bab2086c7f1e65cdc9...81b47c039ea99cd85f663e02f7aef9c1248fea55
256,Zeppelin,81b47c039ea99cd85f663e02f7aef9c1248fea55,a87d45ec0460c64d709f8bc67e847bf17dc8f9d3,ZEPPELIN-599,https://issues.apache.org/jira/browse/ZEPPELIN-599,https://github.com/apache/zeppelin/tree/81b47c039ea99cd85f663e02f7aef9c1248fea55,https://github.com/apache/zeppelin/tree/a87d45ec0460c64d709f8bc67e847bf17dc8f9d3,https://github.com/apache/zeppelin/compare/81b47c039ea99cd85f663e02f7aef9c1248fea55...a87d45ec0460c64d709f8bc67e847bf17dc8f9d3
257,Zeppelin,a87d45ec0460c64d709f8bc67e847bf17dc8f9d3,cf341f7cc233ad6324546d0f60144f58276e784f,ZEPPELIN-843,https://issues.apache.org/jira/browse/ZEPPELIN-843,https://github.com/apache/zeppelin/tree/a87d45ec0460c64d709f8bc67e847bf17dc8f9d3,https://github.com/apache/zeppelin/tree/cf341f7cc233ad6324546d0f60144f58276e784f,https://github.com/apache/zeppelin/compare/a87d45ec0460c64d709f8bc67e847bf17dc8f9d3...cf341f7cc233ad6324546d0f60144f58276e784f
258,Zeppelin,30491d4aca601f39754f46057d4bb828d824cb88,dfea4617c259237a02b978657cc2614dd2587078,ZEPPELIN-849,https://issues.apache.org/jira/browse/ZEPPELIN-849,https://github.com/apache/zeppelin/tree/30491d4aca601f39754f46057d4bb828d824cb88,https://github.com/apache/zeppelin/tree/dfea4617c259237a02b978657cc2614dd2587078,https://github.com/apache/zeppelin/compare/30491d4aca601f39754f46057d4bb828d824cb88...dfea4617c259237a02b978657cc2614dd2587078
259,Zeppelin,dfea4617c259237a02b978657cc2614dd2587078,742d70cb203b079751153941af240452a1490561,ZEPPELIN-844,https://issues.apache.org/jira/browse/ZEPPELIN-844,https://github.com/apache/zeppelin/tree/dfea4617c259237a02b978657cc2614dd2587078,https://github.com/apache/zeppelin/tree/742d70cb203b079751153941af240452a1490561,https://github.com/apache/zeppelin/compare/dfea4617c259237a02b978657cc2614dd2587078...742d70cb203b079751153941af240452a1490561
260,Zeppelin,742d70cb203b079751153941af240452a1490561,08f70bd1f156c6feb8e85ff0ff05f945c5de856b,ZEPPELIN-853,https://issues.apache.org/jira/browse/ZEPPELIN-853,https://github.com/apache/zeppelin/tree/742d70cb203b079751153941af240452a1490561,https://github.com/apache/zeppelin/tree/08f70bd1f156c6feb8e85ff0ff05f945c5de856b,https://github.com/apache/zeppelin/compare/742d70cb203b079751153941af240452a1490561...08f70bd1f156c6feb8e85ff0ff05f945c5de856b
261,Zeppelin,08f70bd1f156c6feb8e85ff0ff05f945c5de856b,8350e7802bf7320c800340837eb0af7c46eefdb2,ZEPPELIN-845,https://issues.apache.org/jira/browse/ZEPPELIN-845,https://github.com/apache/zeppelin/tree/08f70bd1f156c6feb8e85ff0ff05f945c5de856b,https://github.com/apache/zeppelin/tree/8350e7802bf7320c800340837eb0af7c46eefdb2,https://github.com/apache/zeppelin/compare/08f70bd1f156c6feb8e85ff0ff05f945c5de856b...8350e7802bf7320c800340837eb0af7c46eefdb2
262,Zeppelin,4eccfcd5259a6e4f1df3a66927950c6ec30a37af,332d74f347b4e592b537fff1c6fcfc1c4cbb9c62,ZEPPELIN-852,https://issues.apache.org/jira/browse/ZEPPELIN-852,https://github.com/apache/zeppelin/tree/4eccfcd5259a6e4f1df3a66927950c6ec30a37af,https://github.com/apache/zeppelin/tree/332d74f347b4e592b537fff1c6fcfc1c4cbb9c62,https://github.com/apache/zeppelin/compare/4eccfcd5259a6e4f1df3a66927950c6ec30a37af...332d74f347b4e592b537fff1c6fcfc1c4cbb9c62
263,Zeppelin,9a4d7ed928480e727c350c55f8f9d70474b54bbe,74a13956532a4ff51e684ab54aa5575005c7490a,ZEPPELIN-850,https://issues.apache.org/jira/browse/ZEPPELIN-850,https://github.com/apache/zeppelin/tree/9a4d7ed928480e727c350c55f8f9d70474b54bbe,https://github.com/apache/zeppelin/tree/74a13956532a4ff51e684ab54aa5575005c7490a,https://github.com/apache/zeppelin/compare/9a4d7ed928480e727c350c55f8f9d70474b54bbe...74a13956532a4ff51e684ab54aa5575005c7490a
264,Zeppelin,fb4a76a20eb1677192bec337c42e22420b3474c1,1e34c8ab8024f92bde8e853bc12731ed87016ef7,ZEPPELIN-859,https://issues.apache.org/jira/browse/ZEPPELIN-859,https://github.com/apache/zeppelin/tree/fb4a76a20eb1677192bec337c42e22420b3474c1,https://github.com/apache/zeppelin/tree/1e34c8ab8024f92bde8e853bc12731ed87016ef7,https://github.com/apache/zeppelin/compare/fb4a76a20eb1677192bec337c42e22420b3474c1...1e34c8ab8024f92bde8e853bc12731ed87016ef7
265,Zeppelin,6acd0aee94b9e8552c907d9d8f4e9b84bcb81be0,89166f0fd0e8cc077f574afa36ce3a5b30a7d5e2,ZEPPELIN-863,https://issues.apache.org/jira/browse/ZEPPELIN-863,https://github.com/apache/zeppelin/tree/6acd0aee94b9e8552c907d9d8f4e9b84bcb81be0,https://github.com/apache/zeppelin/tree/89166f0fd0e8cc077f574afa36ce3a5b30a7d5e2,https://github.com/apache/zeppelin/compare/6acd0aee94b9e8552c907d9d8f4e9b84bcb81be0...89166f0fd0e8cc077f574afa36ce3a5b30a7d5e2
266,Zeppelin,89166f0fd0e8cc077f574afa36ce3a5b30a7d5e2,61f0a5c24009234673a8e6f6995c4bb08d883705,ZEPPELIN-577,https://issues.apache.org/jira/browse/ZEPPELIN-577,https://github.com/apache/zeppelin/tree/89166f0fd0e8cc077f574afa36ce3a5b30a7d5e2,https://github.com/apache/zeppelin/tree/61f0a5c24009234673a8e6f6995c4bb08d883705,https://github.com/apache/zeppelin/compare/89166f0fd0e8cc077f574afa36ce3a5b30a7d5e2...61f0a5c24009234673a8e6f6995c4bb08d883705
267,Zeppelin,78c7b5567e7fb4985cecf147c39033c554dfc208,3b40c3a484393e23894b3699ca29bee08c3e475c,ZEPPELIN-866,https://issues.apache.org/jira/browse/ZEPPELIN-866,https://github.com/apache/zeppelin/tree/78c7b5567e7fb4985cecf147c39033c554dfc208,https://github.com/apache/zeppelin/tree/3b40c3a484393e23894b3699ca29bee08c3e475c,https://github.com/apache/zeppelin/compare/78c7b5567e7fb4985cecf147c39033c554dfc208...3b40c3a484393e23894b3699ca29bee08c3e475c
268,Zeppelin,3b40c3a484393e23894b3699ca29bee08c3e475c,2ed0f644d89f36ed5080b778929f68df3b9f223d,ZEPPELIN-704,https://issues.apache.org/jira/browse/ZEPPELIN-704,https://github.com/apache/zeppelin/tree/3b40c3a484393e23894b3699ca29bee08c3e475c,https://github.com/apache/zeppelin/tree/2ed0f644d89f36ed5080b778929f68df3b9f223d,https://github.com/apache/zeppelin/compare/3b40c3a484393e23894b3699ca29bee08c3e475c...2ed0f644d89f36ed5080b778929f68df3b9f223d
269,Zeppelin,db69e921b0cb289f733ddfff5fe0563e16ec60e2,e07738b083049c455c41c8ce10cf3e8cd156308a,ZEPPELIN-873,https://issues.apache.org/jira/browse/ZEPPELIN-873,https://github.com/apache/zeppelin/tree/db69e921b0cb289f733ddfff5fe0563e16ec60e2,https://github.com/apache/zeppelin/tree/e07738b083049c455c41c8ce10cf3e8cd156308a,https://github.com/apache/zeppelin/compare/db69e921b0cb289f733ddfff5fe0563e16ec60e2...e07738b083049c455c41c8ce10cf3e8cd156308a
270,Zeppelin,b304f53d48e567cd2946180d0ca070ad992a2c64,6546defcddb68360eac1395a030dc9105b12a03c,ZEPPELIN-826,https://issues.apache.org/jira/browse/ZEPPELIN-826,https://github.com/apache/zeppelin/tree/b304f53d48e567cd2946180d0ca070ad992a2c64,https://github.com/apache/zeppelin/tree/6546defcddb68360eac1395a030dc9105b12a03c,https://github.com/apache/zeppelin/compare/b304f53d48e567cd2946180d0ca070ad992a2c64...6546defcddb68360eac1395a030dc9105b12a03c
271,Zeppelin,8cde5c9bd47e3e9682d016274a808e096ab34d0b,ef557d79a50f16903b2fd122e2eda6c75e8f5b73,ZEPPELIN-896,https://issues.apache.org/jira/browse/ZEPPELIN-896,https://github.com/apache/zeppelin/tree/8cde5c9bd47e3e9682d016274a808e096ab34d0b,https://github.com/apache/zeppelin/tree/ef557d79a50f16903b2fd122e2eda6c75e8f5b73,https://github.com/apache/zeppelin/compare/8cde5c9bd47e3e9682d016274a808e096ab34d0b...ef557d79a50f16903b2fd122e2eda6c75e8f5b73
272,Zeppelin,ef557d79a50f16903b2fd122e2eda6c75e8f5b73,77056ad6cea08d4c84caf2825e094adb1307a3cc,ZEPPELIN-897,https://issues.apache.org/jira/browse/ZEPPELIN-897,https://github.com/apache/zeppelin/tree/ef557d79a50f16903b2fd122e2eda6c75e8f5b73,https://github.com/apache/zeppelin/tree/77056ad6cea08d4c84caf2825e094adb1307a3cc,https://github.com/apache/zeppelin/compare/ef557d79a50f16903b2fd122e2eda6c75e8f5b73...77056ad6cea08d4c84caf2825e094adb1307a3cc
273,Zeppelin,77056ad6cea08d4c84caf2825e094adb1307a3cc,803ebc253928d68f6a72531b744c1c6741c2c535,ZEPPELIN-898,https://issues.apache.org/jira/browse/ZEPPELIN-898,https://github.com/apache/zeppelin/tree/77056ad6cea08d4c84caf2825e094adb1307a3cc,https://github.com/apache/zeppelin/tree/803ebc253928d68f6a72531b744c1c6741c2c535,https://github.com/apache/zeppelin/compare/77056ad6cea08d4c84caf2825e094adb1307a3cc...803ebc253928d68f6a72531b744c1c6741c2c535
274,Zeppelin,999abe54bc83596363d4c9b3905b69a22ee2b6db,7c50cacc840bcf330475caa390d6a9d6ab3c324e,ZEPPELIN-931,https://issues.apache.org/jira/browse/ZEPPELIN-931,https://github.com/apache/zeppelin/tree/999abe54bc83596363d4c9b3905b69a22ee2b6db,https://github.com/apache/zeppelin/tree/7c50cacc840bcf330475caa390d6a9d6ab3c324e,https://github.com/apache/zeppelin/compare/999abe54bc83596363d4c9b3905b69a22ee2b6db...7c50cacc840bcf330475caa390d6a9d6ab3c324e
275,Zeppelin,5ef600c74969af2217eeb1e6b7843538f3a86335,bdc78da0e6e4fc73a8992379286ac7319b028b57,ZEPPELIN-828,https://issues.apache.org/jira/browse/ZEPPELIN-828,https://github.com/apache/zeppelin/tree/5ef600c74969af2217eeb1e6b7843538f3a86335,https://github.com/apache/zeppelin/tree/bdc78da0e6e4fc73a8992379286ac7319b028b57,https://github.com/apache/zeppelin/compare/5ef600c74969af2217eeb1e6b7843538f3a86335...bdc78da0e6e4fc73a8992379286ac7319b028b57
276,Zeppelin,bdc78da0e6e4fc73a8992379286ac7319b028b57,afb1214c2eefa931dde7270d1215a5ab327f1f61,ZEPPELIN-926,https://issues.apache.org/jira/browse/ZEPPELIN-926,https://github.com/apache/zeppelin/tree/bdc78da0e6e4fc73a8992379286ac7319b028b57,https://github.com/apache/zeppelin/tree/afb1214c2eefa931dde7270d1215a5ab327f1f61,https://github.com/apache/zeppelin/compare/bdc78da0e6e4fc73a8992379286ac7319b028b57...afb1214c2eefa931dde7270d1215a5ab327f1f61
277,Zeppelin,afb1214c2eefa931dde7270d1215a5ab327f1f61,c4170b5431dd49caa7ce17494e202aba9ee30ec6,ZEPPELIN-930,https://issues.apache.org/jira/browse/ZEPPELIN-930,https://github.com/apache/zeppelin/tree/afb1214c2eefa931dde7270d1215a5ab327f1f61,https://github.com/apache/zeppelin/tree/c4170b5431dd49caa7ce17494e202aba9ee30ec6,https://github.com/apache/zeppelin/compare/afb1214c2eefa931dde7270d1215a5ab327f1f61...c4170b5431dd49caa7ce17494e202aba9ee30ec6
278,Zeppelin,d39b8dba34c14d1cffc01f7f9d139a77250278d8,9c33b7e21eef41d604a58a16d8c364e35b25a1c3,ZEPPELIN-941,https://issues.apache.org/jira/browse/ZEPPELIN-941,https://github.com/apache/zeppelin/tree/d39b8dba34c14d1cffc01f7f9d139a77250278d8,https://github.com/apache/zeppelin/tree/9c33b7e21eef41d604a58a16d8c364e35b25a1c3,https://github.com/apache/zeppelin/compare/d39b8dba34c14d1cffc01f7f9d139a77250278d8...9c33b7e21eef41d604a58a16d8c364e35b25a1c3
279,Zeppelin,9c33b7e21eef41d604a58a16d8c364e35b25a1c3,09bc8a36a437a2a37736449e330a7594c89f495d,ZEPPELIN-950,https://issues.apache.org/jira/browse/ZEPPELIN-950,https://github.com/apache/zeppelin/tree/9c33b7e21eef41d604a58a16d8c364e35b25a1c3,https://github.com/apache/zeppelin/tree/09bc8a36a437a2a37736449e330a7594c89f495d,https://github.com/apache/zeppelin/compare/9c33b7e21eef41d604a58a16d8c364e35b25a1c3...09bc8a36a437a2a37736449e330a7594c89f495d
280,Zeppelin,411b61210d9f2999a0ed56bad8c3c03617f35a5e,0ee329ff4387533781b77beffcf56c571c3ffe6f,ZEPPELIN-951,https://issues.apache.org/jira/browse/ZEPPELIN-951,https://github.com/apache/zeppelin/tree/411b61210d9f2999a0ed56bad8c3c03617f35a5e,https://github.com/apache/zeppelin/tree/0ee329ff4387533781b77beffcf56c571c3ffe6f,https://github.com/apache/zeppelin/compare/411b61210d9f2999a0ed56bad8c3c03617f35a5e...0ee329ff4387533781b77beffcf56c571c3ffe6f
281,Zeppelin,0ee329ff4387533781b77beffcf56c571c3ffe6f,781a700dd49b8734aacb97b5292515a72c1afdcf,ZEPPELIN-953,https://issues.apache.org/jira/browse/ZEPPELIN-953,https://github.com/apache/zeppelin/tree/0ee329ff4387533781b77beffcf56c571c3ffe6f,https://github.com/apache/zeppelin/tree/781a700dd49b8734aacb97b5292515a72c1afdcf,https://github.com/apache/zeppelin/compare/0ee329ff4387533781b77beffcf56c571c3ffe6f...781a700dd49b8734aacb97b5292515a72c1afdcf
282,Zeppelin,781a700dd49b8734aacb97b5292515a72c1afdcf,58cb48a24a72c62ef22da9bc730dcc05fc75fb60,ZEPPELIN-959,https://issues.apache.org/jira/browse/ZEPPELIN-959,https://github.com/apache/zeppelin/tree/781a700dd49b8734aacb97b5292515a72c1afdcf,https://github.com/apache/zeppelin/tree/58cb48a24a72c62ef22da9bc730dcc05fc75fb60,https://github.com/apache/zeppelin/compare/781a700dd49b8734aacb97b5292515a72c1afdcf...58cb48a24a72c62ef22da9bc730dcc05fc75fb60
283,Zeppelin,58cb48a24a72c62ef22da9bc730dcc05fc75fb60,215dd6f36353a1da04c7f5ea339fb653fb12290b,ZEPPELIN-956,https://issues.apache.org/jira/browse/ZEPPELIN-956,https://github.com/apache/zeppelin/tree/58cb48a24a72c62ef22da9bc730dcc05fc75fb60,https://github.com/apache/zeppelin/tree/215dd6f36353a1da04c7f5ea339fb653fb12290b,https://github.com/apache/zeppelin/compare/58cb48a24a72c62ef22da9bc730dcc05fc75fb60...215dd6f36353a1da04c7f5ea339fb653fb12290b
284,Zeppelin,64085f59c90eb27fa2f3e628f6ab60123adb5744,36b3b8d1560669d1d156a93319ebde63922a1f26,ZEPPELIN-943,https://issues.apache.org/jira/browse/ZEPPELIN-943,https://github.com/apache/zeppelin/tree/64085f59c90eb27fa2f3e628f6ab60123adb5744,https://github.com/apache/zeppelin/tree/36b3b8d1560669d1d156a93319ebde63922a1f26,https://github.com/apache/zeppelin/compare/64085f59c90eb27fa2f3e628f6ab60123adb5744...36b3b8d1560669d1d156a93319ebde63922a1f26
285,Zeppelin,70ab1a376d8b7ac136e12ac72e995af54d7d25d8,c4f4b31f089198a5a458c2631affb447a8b08d3d,ZEPPELIN-937,https://issues.apache.org/jira/browse/ZEPPELIN-937,https://github.com/apache/zeppelin/tree/70ab1a376d8b7ac136e12ac72e995af54d7d25d8,https://github.com/apache/zeppelin/tree/c4f4b31f089198a5a458c2631affb447a8b08d3d,https://github.com/apache/zeppelin/compare/70ab1a376d8b7ac136e12ac72e995af54d7d25d8...c4f4b31f089198a5a458c2631affb447a8b08d3d
286,Zeppelin,c4f4b31f089198a5a458c2631affb447a8b08d3d,e6a44d8cca7042defc995fc78f981e47e3dd018d,ZEPPELIN-973,https://issues.apache.org/jira/browse/ZEPPELIN-973,https://github.com/apache/zeppelin/tree/c4f4b31f089198a5a458c2631affb447a8b08d3d,https://github.com/apache/zeppelin/tree/e6a44d8cca7042defc995fc78f981e47e3dd018d,https://github.com/apache/zeppelin/compare/c4f4b31f089198a5a458c2631affb447a8b08d3d...e6a44d8cca7042defc995fc78f981e47e3dd018d
287,Zeppelin,43baa0af4958341d74014da25b6d10f176233879,96dbc6656be6df5a19fd01af6b147327702e4392,ZEPPELIN-840,https://issues.apache.org/jira/browse/ZEPPELIN-840,https://github.com/apache/zeppelin/tree/43baa0af4958341d74014da25b6d10f176233879,https://github.com/apache/zeppelin/tree/96dbc6656be6df5a19fd01af6b147327702e4392,https://github.com/apache/zeppelin/compare/43baa0af4958341d74014da25b6d10f176233879...96dbc6656be6df5a19fd01af6b147327702e4392
288,Zeppelin,81adf09f21c13c97ff21891375249493d4b062d7,19e8ed98984c2d2dc91532636ecbfa3115db2796,ZEPPELIN-958,https://issues.apache.org/jira/browse/ZEPPELIN-958,https://github.com/apache/zeppelin/tree/81adf09f21c13c97ff21891375249493d4b062d7,https://github.com/apache/zeppelin/tree/19e8ed98984c2d2dc91532636ecbfa3115db2796,https://github.com/apache/zeppelin/compare/81adf09f21c13c97ff21891375249493d4b062d7...19e8ed98984c2d2dc91532636ecbfa3115db2796
289,Zeppelin,68b9b00fcd81b254ba56affeac5e0f2e2e2e509c,7015a7cc945cf83cdd5b679e9f6374bd7c7f1736,ZEPPELIN-890,https://issues.apache.org/jira/browse/ZEPPELIN-890,https://github.com/apache/zeppelin/tree/68b9b00fcd81b254ba56affeac5e0f2e2e2e509c,https://github.com/apache/zeppelin/tree/7015a7cc945cf83cdd5b679e9f6374bd7c7f1736,https://github.com/apache/zeppelin/compare/68b9b00fcd81b254ba56affeac5e0f2e2e2e509c...7015a7cc945cf83cdd5b679e9f6374bd7c7f1736
290,Zeppelin,5252ea7a74330ebd0fa2e3775d1f7c4ab5b3467e,dd70a5729b40069972c06e49f98f39ea0fdbaf5b,ZEPPELIN-985,https://issues.apache.org/jira/browse/ZEPPELIN-985,https://github.com/apache/zeppelin/tree/5252ea7a74330ebd0fa2e3775d1f7c4ab5b3467e,https://github.com/apache/zeppelin/tree/dd70a5729b40069972c06e49f98f39ea0fdbaf5b,https://github.com/apache/zeppelin/compare/5252ea7a74330ebd0fa2e3775d1f7c4ab5b3467e...dd70a5729b40069972c06e49f98f39ea0fdbaf5b
291,Zeppelin,ccd8a49acc90cf9134cca23ade8cc73e20e459e3,873fa8650072ae05ceb58d39b11e30aabc1248c5,ZEPPELIN-792,https://issues.apache.org/jira/browse/ZEPPELIN-792,https://github.com/apache/zeppelin/tree/ccd8a49acc90cf9134cca23ade8cc73e20e459e3,https://github.com/apache/zeppelin/tree/873fa8650072ae05ceb58d39b11e30aabc1248c5,https://github.com/apache/zeppelin/compare/ccd8a49acc90cf9134cca23ade8cc73e20e459e3...873fa8650072ae05ceb58d39b11e30aabc1248c5
292,Zeppelin,794d4b385fea27a67aca34f6b2622bf36add0f1f,bda1cc561ca52de90287922b92f3a443187a0fec,ZEPPELIN-957,https://issues.apache.org/jira/browse/ZEPPELIN-957,https://github.com/apache/zeppelin/tree/794d4b385fea27a67aca34f6b2622bf36add0f1f,https://github.com/apache/zeppelin/tree/bda1cc561ca52de90287922b92f3a443187a0fec,https://github.com/apache/zeppelin/compare/794d4b385fea27a67aca34f6b2622bf36add0f1f...bda1cc561ca52de90287922b92f3a443187a0fec
293,Zeppelin,bda1cc561ca52de90287922b92f3a443187a0fec,aeb34fb342d025b5d9746a8e7b06d3f50f5f0245,ZEPPELIN-886,https://issues.apache.org/jira/browse/ZEPPELIN-886,https://github.com/apache/zeppelin/tree/bda1cc561ca52de90287922b92f3a443187a0fec,https://github.com/apache/zeppelin/tree/aeb34fb342d025b5d9746a8e7b06d3f50f5f0245,https://github.com/apache/zeppelin/compare/bda1cc561ca52de90287922b92f3a443187a0fec...aeb34fb342d025b5d9746a8e7b06d3f50f5f0245
294,Zeppelin,1587b8686b66f07aa3234625712af1d1e40e92d5,70ebd328eebd17e0cdec9774bc86f481f457da58,ZEPPELIN-869,https://issues.apache.org/jira/browse/ZEPPELIN-869,https://github.com/apache/zeppelin/tree/1587b8686b66f07aa3234625712af1d1e40e92d5,https://github.com/apache/zeppelin/tree/70ebd328eebd17e0cdec9774bc86f481f457da58,https://github.com/apache/zeppelin/compare/1587b8686b66f07aa3234625712af1d1e40e92d5...70ebd328eebd17e0cdec9774bc86f481f457da58
295,Zeppelin,a4f19148aae1398f0d2c18ee4eb0004d8f2a4ac4,1bc3e9c811473db01e279cf5f3ff9331706168a5,ZEPPELIN-976,https://issues.apache.org/jira/browse/ZEPPELIN-976,https://github.com/apache/zeppelin/tree/a4f19148aae1398f0d2c18ee4eb0004d8f2a4ac4,https://github.com/apache/zeppelin/tree/1bc3e9c811473db01e279cf5f3ff9331706168a5,https://github.com/apache/zeppelin/compare/a4f19148aae1398f0d2c18ee4eb0004d8f2a4ac4...1bc3e9c811473db01e279cf5f3ff9331706168a5
296,Zeppelin,1bc3e9c811473db01e279cf5f3ff9331706168a5,020e0e7f815bcbb49a8539e9d7ca4d104916b343,ZEPPELIN-992,https://issues.apache.org/jira/browse/ZEPPELIN-992,https://github.com/apache/zeppelin/tree/1bc3e9c811473db01e279cf5f3ff9331706168a5,https://github.com/apache/zeppelin/tree/020e0e7f815bcbb49a8539e9d7ca4d104916b343,https://github.com/apache/zeppelin/compare/1bc3e9c811473db01e279cf5f3ff9331706168a5...020e0e7f815bcbb49a8539e9d7ca4d104916b343
297,Zeppelin,ff197d06227001e671e7fa06deca7a8a64813fef,f786d1387a7ccae0387e470abb44912d5f322d6b,ZEPPELIN-698,https://issues.apache.org/jira/browse/ZEPPELIN-698,https://github.com/apache/zeppelin/tree/ff197d06227001e671e7fa06deca7a8a64813fef,https://github.com/apache/zeppelin/tree/f786d1387a7ccae0387e470abb44912d5f322d6b,https://github.com/apache/zeppelin/compare/ff197d06227001e671e7fa06deca7a8a64813fef...f786d1387a7ccae0387e470abb44912d5f322d6b
298,Zeppelin,1c3373937aad403a6146451001d262c7778edbf0,24922e1036c5e410b676fd9b513d008cb046424e,ZEPPELIN-946,https://issues.apache.org/jira/browse/ZEPPELIN-946,https://github.com/apache/zeppelin/tree/1c3373937aad403a6146451001d262c7778edbf0,https://github.com/apache/zeppelin/tree/24922e1036c5e410b676fd9b513d008cb046424e,https://github.com/apache/zeppelin/compare/1c3373937aad403a6146451001d262c7778edbf0...24922e1036c5e410b676fd9b513d008cb046424e
299,Zeppelin,a4a86862ed207a5d3476d26ca464d30773669482,c934b3a47c8147e58f90c0dc2bb7b24b6abc5974,ZEPPELIN-1015,https://issues.apache.org/jira/browse/ZEPPELIN-1015,https://github.com/apache/zeppelin/tree/a4a86862ed207a5d3476d26ca464d30773669482,https://github.com/apache/zeppelin/tree/c934b3a47c8147e58f90c0dc2bb7b24b6abc5974,https://github.com/apache/zeppelin/compare/a4a86862ed207a5d3476d26ca464d30773669482...c934b3a47c8147e58f90c0dc2bb7b24b6abc5974
300,Zeppelin,5a4aacef25b0b54d151cfc7a3ea81cc312f6f655,7fd9a66000dc549c4f08a0078aa70b6403cf4e34,ZEPPELIN-1020,https://issues.apache.org/jira/browse/ZEPPELIN-1020,https://github.com/apache/zeppelin/tree/5a4aacef25b0b54d151cfc7a3ea81cc312f6f655,https://github.com/apache/zeppelin/tree/7fd9a66000dc549c4f08a0078aa70b6403cf4e34,https://github.com/apache/zeppelin/compare/5a4aacef25b0b54d151cfc7a3ea81cc312f6f655...7fd9a66000dc549c4f08a0078aa70b6403cf4e34
301,Zeppelin,2054f9f0fe40ef28785a1c533d2973688539e202,286a8886b0d1cf4667ce46f1bf7975185460dee3,ZEPPELIN-1033,https://issues.apache.org/jira/browse/ZEPPELIN-1033,https://github.com/apache/zeppelin/tree/2054f9f0fe40ef28785a1c533d2973688539e202,https://github.com/apache/zeppelin/tree/286a8886b0d1cf4667ce46f1bf7975185460dee3,https://github.com/apache/zeppelin/compare/2054f9f0fe40ef28785a1c533d2973688539e202...286a8886b0d1cf4667ce46f1bf7975185460dee3
302,Zeppelin,286a8886b0d1cf4667ce46f1bf7975185460dee3,9b0fb6ec5b58131c1481f149f1ac1beb45f4b74b,ZEPPELIN-1039,https://issues.apache.org/jira/browse/ZEPPELIN-1039,https://github.com/apache/zeppelin/tree/286a8886b0d1cf4667ce46f1bf7975185460dee3,https://github.com/apache/zeppelin/tree/9b0fb6ec5b58131c1481f149f1ac1beb45f4b74b,https://github.com/apache/zeppelin/compare/286a8886b0d1cf4667ce46f1bf7975185460dee3...9b0fb6ec5b58131c1481f149f1ac1beb45f4b74b
303,Zeppelin,85d70579f54a56d759956542b22a8d84f6a4b9e3,50db17598686fa92925416df1458b3cb3838cd8f,ZEPPELIN-905,https://issues.apache.org/jira/browse/ZEPPELIN-905,https://github.com/apache/zeppelin/tree/85d70579f54a56d759956542b22a8d84f6a4b9e3,https://github.com/apache/zeppelin/tree/50db17598686fa92925416df1458b3cb3838cd8f,https://github.com/apache/zeppelin/compare/85d70579f54a56d759956542b22a8d84f6a4b9e3...50db17598686fa92925416df1458b3cb3838cd8f
304,Zeppelin,33fb93f810c1accb000ba25a56544fe5719c7211,6497008cc309f88bd8816c3c3e374887db524aae,ZEPPELIN-936,https://issues.apache.org/jira/browse/ZEPPELIN-936,https://github.com/apache/zeppelin/tree/33fb93f810c1accb000ba25a56544fe5719c7211,https://github.com/apache/zeppelin/tree/6497008cc309f88bd8816c3c3e374887db524aae,https://github.com/apache/zeppelin/compare/33fb93f810c1accb000ba25a56544fe5719c7211...6497008cc309f88bd8816c3c3e374887db524aae
305,Zeppelin,6497008cc309f88bd8816c3c3e374887db524aae,8154c87219262248532fe15ea97cc84817f7b862,ZEPPELIN-1052,https://issues.apache.org/jira/browse/ZEPPELIN-1052,https://github.com/apache/zeppelin/tree/6497008cc309f88bd8816c3c3e374887db524aae,https://github.com/apache/zeppelin/tree/8154c87219262248532fe15ea97cc84817f7b862,https://github.com/apache/zeppelin/compare/6497008cc309f88bd8816c3c3e374887db524aae...8154c87219262248532fe15ea97cc84817f7b862
306,Zeppelin,878a8c76cfc754974f35fbb5e74ebe3821152d7f,57e0dc88310b9dbdece780beab5c9e3e496be1b9,ZEPPELIN-1028,https://issues.apache.org/jira/browse/ZEPPELIN-1028,https://github.com/apache/zeppelin/tree/878a8c76cfc754974f35fbb5e74ebe3821152d7f,https://github.com/apache/zeppelin/tree/57e0dc88310b9dbdece780beab5c9e3e496be1b9,https://github.com/apache/zeppelin/compare/878a8c76cfc754974f35fbb5e74ebe3821152d7f...57e0dc88310b9dbdece780beab5c9e3e496be1b9
307,Zeppelin,510cecd3896f1d9b0551f7f2d5ecd5f3db655427,056eee8342699f93e01944c66ba0b053be4c5382,ZEPPELIN-961,https://issues.apache.org/jira/browse/ZEPPELIN-961,https://github.com/apache/zeppelin/tree/510cecd3896f1d9b0551f7f2d5ecd5f3db655427,https://github.com/apache/zeppelin/tree/056eee8342699f93e01944c66ba0b053be4c5382,https://github.com/apache/zeppelin/compare/510cecd3896f1d9b0551f7f2d5ecd5f3db655427...056eee8342699f93e01944c66ba0b053be4c5382
308,Zeppelin,056eee8342699f93e01944c66ba0b053be4c5382,330d1da3133aa062532d73f06b609e64cd0dccdd,ZEPPELIN-1047,https://issues.apache.org/jira/browse/ZEPPELIN-1047,https://github.com/apache/zeppelin/tree/056eee8342699f93e01944c66ba0b053be4c5382,https://github.com/apache/zeppelin/tree/330d1da3133aa062532d73f06b609e64cd0dccdd,https://github.com/apache/zeppelin/compare/056eee8342699f93e01944c66ba0b053be4c5382...330d1da3133aa062532d73f06b609e64cd0dccdd
309,Zeppelin,330d1da3133aa062532d73f06b609e64cd0dccdd,e1b38472235dcb9ab82006757e8d9bb102b6609f,ZEPPELIN-954,https://issues.apache.org/jira/browse/ZEPPELIN-954,https://github.com/apache/zeppelin/tree/330d1da3133aa062532d73f06b609e64cd0dccdd,https://github.com/apache/zeppelin/tree/e1b38472235dcb9ab82006757e8d9bb102b6609f,https://github.com/apache/zeppelin/compare/330d1da3133aa062532d73f06b609e64cd0dccdd...e1b38472235dcb9ab82006757e8d9bb102b6609f
310,Zeppelin,0209bc3cbe40d6196654d4103c46b02707dd1ea7,eca39e2f3f3082bf997183879e5999b4f61faf8b,ZEPPELIN-846,https://issues.apache.org/jira/browse/ZEPPELIN-846,https://github.com/apache/zeppelin/tree/0209bc3cbe40d6196654d4103c46b02707dd1ea7,https://github.com/apache/zeppelin/tree/eca39e2f3f3082bf997183879e5999b4f61faf8b,https://github.com/apache/zeppelin/compare/0209bc3cbe40d6196654d4103c46b02707dd1ea7...eca39e2f3f3082bf997183879e5999b4f61faf8b
311,Zeppelin,eca39e2f3f3082bf997183879e5999b4f61faf8b,118ad7de5fdade4f77265ceaf7d3c4d15feb7013,ZEPPELIN-1043,https://issues.apache.org/jira/browse/ZEPPELIN-1043,https://github.com/apache/zeppelin/tree/eca39e2f3f3082bf997183879e5999b4f61faf8b,https://github.com/apache/zeppelin/tree/118ad7de5fdade4f77265ceaf7d3c4d15feb7013,https://github.com/apache/zeppelin/compare/eca39e2f3f3082bf997183879e5999b4f61faf8b...118ad7de5fdade4f77265ceaf7d3c4d15feb7013
312,Zeppelin,ec97cd074f3f29ae9c8fa6e3688040ca05cd2bad,a192f27108a739116e405d0c4c410009b7afd09b,ZEPPELIN-1032,https://issues.apache.org/jira/browse/ZEPPELIN-1032,https://github.com/apache/zeppelin/tree/ec97cd074f3f29ae9c8fa6e3688040ca05cd2bad,https://github.com/apache/zeppelin/tree/a192f27108a739116e405d0c4c410009b7afd09b,https://github.com/apache/zeppelin/compare/ec97cd074f3f29ae9c8fa6e3688040ca05cd2bad...a192f27108a739116e405d0c4c410009b7afd09b
313,Zeppelin,a192f27108a739116e405d0c4c410009b7afd09b,c590649a675eb7e107945c4ff0264599fdf10700,ZEPPELIN-1031,https://issues.apache.org/jira/browse/ZEPPELIN-1031,https://github.com/apache/zeppelin/tree/a192f27108a739116e405d0c4c410009b7afd09b,https://github.com/apache/zeppelin/tree/c590649a675eb7e107945c4ff0264599fdf10700,https://github.com/apache/zeppelin/compare/a192f27108a739116e405d0c4c410009b7afd09b...c590649a675eb7e107945c4ff0264599fdf10700
314,Zeppelin,7951e6c698aa2e009c461488c3231e23272e08bc,c0cee7cafd56c0981590c2ce867e92484370334a,ZEPPELIN-1060,https://issues.apache.org/jira/browse/ZEPPELIN-1060,https://github.com/apache/zeppelin/tree/7951e6c698aa2e009c461488c3231e23272e08bc,https://github.com/apache/zeppelin/tree/c0cee7cafd56c0981590c2ce867e92484370334a,https://github.com/apache/zeppelin/compare/7951e6c698aa2e009c461488c3231e23272e08bc...c0cee7cafd56c0981590c2ce867e92484370334a
315,Zeppelin,c0cee7cafd56c0981590c2ce867e92484370334a,6f434c5614e03d7c2ca9a6921c58c5d843b3dab0,ZEPPELIN-1042,https://issues.apache.org/jira/browse/ZEPPELIN-1042,https://github.com/apache/zeppelin/tree/c0cee7cafd56c0981590c2ce867e92484370334a,https://github.com/apache/zeppelin/tree/6f434c5614e03d7c2ca9a6921c58c5d843b3dab0,https://github.com/apache/zeppelin/compare/c0cee7cafd56c0981590c2ce867e92484370334a...6f434c5614e03d7c2ca9a6921c58c5d843b3dab0
316,Zeppelin,f6b48d3b656d3ffc51da8d6325731dddf86ab3fd,f80a2bd665cb9e44de5a2e77558394813e8ea4b0,ZEPPELIN-1076,https://issues.apache.org/jira/browse/ZEPPELIN-1076,https://github.com/apache/zeppelin/tree/f6b48d3b656d3ffc51da8d6325731dddf86ab3fd,https://github.com/apache/zeppelin/tree/f80a2bd665cb9e44de5a2e77558394813e8ea4b0,https://github.com/apache/zeppelin/compare/f6b48d3b656d3ffc51da8d6325731dddf86ab3fd...f80a2bd665cb9e44de5a2e77558394813e8ea4b0
317,Zeppelin,f80a2bd665cb9e44de5a2e77558394813e8ea4b0,63dfa0f4caa6963781b78b9804988789ccf496fc,ZEPPELIN-1071,https://issues.apache.org/jira/browse/ZEPPELIN-1071,https://github.com/apache/zeppelin/tree/f80a2bd665cb9e44de5a2e77558394813e8ea4b0,https://github.com/apache/zeppelin/tree/63dfa0f4caa6963781b78b9804988789ccf496fc,https://github.com/apache/zeppelin/compare/f80a2bd665cb9e44de5a2e77558394813e8ea4b0...63dfa0f4caa6963781b78b9804988789ccf496fc
318,Zeppelin,c348161df00d5db72943f96527ac52d0e5419751,4c66689c29e131a4f1d4735e8a099063d7102d16,ZEPPELIN-1081,https://issues.apache.org/jira/browse/ZEPPELIN-1081,https://github.com/apache/zeppelin/tree/c348161df00d5db72943f96527ac52d0e5419751,https://github.com/apache/zeppelin/tree/4c66689c29e131a4f1d4735e8a099063d7102d16,https://github.com/apache/zeppelin/compare/c348161df00d5db72943f96527ac52d0e5419751...4c66689c29e131a4f1d4735e8a099063d7102d16
319,Zeppelin,4c66689c29e131a4f1d4735e8a099063d7102d16,d3082e359f4524537702e1b98839be33d98f0a2b,ZEPPELIN-1072,https://issues.apache.org/jira/browse/ZEPPELIN-1072,https://github.com/apache/zeppelin/tree/4c66689c29e131a4f1d4735e8a099063d7102d16,https://github.com/apache/zeppelin/tree/d3082e359f4524537702e1b98839be33d98f0a2b,https://github.com/apache/zeppelin/compare/4c66689c29e131a4f1d4735e8a099063d7102d16...d3082e359f4524537702e1b98839be33d98f0a2b
320,Zeppelin,d3082e359f4524537702e1b98839be33d98f0a2b,3ae7d24613742de8181012f351301bffad2c690f,ZEPPELIN-1082,https://issues.apache.org/jira/browse/ZEPPELIN-1082,https://github.com/apache/zeppelin/tree/d3082e359f4524537702e1b98839be33d98f0a2b,https://github.com/apache/zeppelin/tree/3ae7d24613742de8181012f351301bffad2c690f,https://github.com/apache/zeppelin/compare/d3082e359f4524537702e1b98839be33d98f0a2b...3ae7d24613742de8181012f351301bffad2c690f
321,Zeppelin,e575e812f00874ffb7dd86ceaa77106312f09928,d20dbce30b3f016be0dc08b8c40eda8990ba1526,Zeppelin-1090,https://issues.apache.org/jira/browse/ZEPPELIN-1090,https://github.com/apache/zeppelin/tree/e575e812f00874ffb7dd86ceaa77106312f09928,https://github.com/apache/zeppelin/tree/d20dbce30b3f016be0dc08b8c40eda8990ba1526,https://github.com/apache/zeppelin/compare/e575e812f00874ffb7dd86ceaa77106312f09928...d20dbce30b3f016be0dc08b8c40eda8990ba1526
322,Zeppelin,2a2a2e82b9de92d70897ce8e81ae1498949598fd,a7a653999055e9931fa5d0aad067669a7e395914,ZEPPELIN-1094,https://issues.apache.org/jira/browse/ZEPPELIN-1094,https://github.com/apache/zeppelin/tree/2a2a2e82b9de92d70897ce8e81ae1498949598fd,https://github.com/apache/zeppelin/tree/a7a653999055e9931fa5d0aad067669a7e395914,https://github.com/apache/zeppelin/compare/2a2a2e82b9de92d70897ce8e81ae1498949598fd...a7a653999055e9931fa5d0aad067669a7e395914
323,Zeppelin,9463fb854764a99a5161226cb95c439bafff5f54,a29fe14735e54d812a377b457922bd9039953da5,ZEPPELIN-1078,https://issues.apache.org/jira/browse/ZEPPELIN-1078,https://github.com/apache/zeppelin/tree/9463fb854764a99a5161226cb95c439bafff5f54,https://github.com/apache/zeppelin/tree/a29fe14735e54d812a377b457922bd9039953da5,https://github.com/apache/zeppelin/compare/9463fb854764a99a5161226cb95c439bafff5f54...a29fe14735e54d812a377b457922bd9039953da5
324,Zeppelin,967d71d4ae6c1ab82213b3121031fd9fd71edfb4,c66943e444995bf9ce218ba934ca3b18f66147fe,ZEPPELIN-1062,https://issues.apache.org/jira/browse/ZEPPELIN-1062,https://github.com/apache/zeppelin/tree/967d71d4ae6c1ab82213b3121031fd9fd71edfb4,https://github.com/apache/zeppelin/tree/c66943e444995bf9ce218ba934ca3b18f66147fe,https://github.com/apache/zeppelin/compare/967d71d4ae6c1ab82213b3121031fd9fd71edfb4...c66943e444995bf9ce218ba934ca3b18f66147fe
325,Zeppelin,c66943e444995bf9ce218ba934ca3b18f66147fe,97e6293a55fbd74cfcdbfcc4b9b30447f20a0b32,ZEPPELIN-1077,https://issues.apache.org/jira/browse/ZEPPELIN-1077,https://github.com/apache/zeppelin/tree/c66943e444995bf9ce218ba934ca3b18f66147fe,https://github.com/apache/zeppelin/tree/97e6293a55fbd74cfcdbfcc4b9b30447f20a0b32,https://github.com/apache/zeppelin/compare/c66943e444995bf9ce218ba934ca3b18f66147fe...97e6293a55fbd74cfcdbfcc4b9b30447f20a0b32
326,Zeppelin,9fe99bc78b563e6394801260cc78919d946f0360,c884a5113ebdd79a360084eeb0e800321ed5b471,ZEPPELIN-1108,https://issues.apache.org/jira/browse/ZEPPELIN-1108,https://github.com/apache/zeppelin/tree/9fe99bc78b563e6394801260cc78919d946f0360,https://github.com/apache/zeppelin/tree/c884a5113ebdd79a360084eeb0e800321ed5b471,https://github.com/apache/zeppelin/compare/9fe99bc78b563e6394801260cc78919d946f0360...c884a5113ebdd79a360084eeb0e800321ed5b471
327,Zeppelin,c884a5113ebdd79a360084eeb0e800321ed5b471,90a7e518c2f615f27964f1ce2f8089bc6da1f8ae,ZEPPELIN-1104,https://issues.apache.org/jira/browse/ZEPPELIN-1104,https://github.com/apache/zeppelin/tree/c884a5113ebdd79a360084eeb0e800321ed5b471,https://github.com/apache/zeppelin/tree/90a7e518c2f615f27964f1ce2f8089bc6da1f8ae,https://github.com/apache/zeppelin/compare/c884a5113ebdd79a360084eeb0e800321ed5b471...90a7e518c2f615f27964f1ce2f8089bc6da1f8ae
328,Zeppelin,90a7e518c2f615f27964f1ce2f8089bc6da1f8ae,c6fcb3b2f61b93fc6db71ce29355b8fa1726bdc8,ZEPPELIN-1100,https://issues.apache.org/jira/browse/ZEPPELIN-1100,https://github.com/apache/zeppelin/tree/90a7e518c2f615f27964f1ce2f8089bc6da1f8ae,https://github.com/apache/zeppelin/tree/c6fcb3b2f61b93fc6db71ce29355b8fa1726bdc8,https://github.com/apache/zeppelin/compare/90a7e518c2f615f27964f1ce2f8089bc6da1f8ae...c6fcb3b2f61b93fc6db71ce29355b8fa1726bdc8
329,Zeppelin,c6fcb3b2f61b93fc6db71ce29355b8fa1726bdc8,ca78995fd15a34cf749626293ec966951d4d5f3a,ZEPPELIN-1121,https://issues.apache.org/jira/browse/ZEPPELIN-1121,https://github.com/apache/zeppelin/tree/c6fcb3b2f61b93fc6db71ce29355b8fa1726bdc8,https://github.com/apache/zeppelin/tree/ca78995fd15a34cf749626293ec966951d4d5f3a,https://github.com/apache/zeppelin/compare/c6fcb3b2f61b93fc6db71ce29355b8fa1726bdc8...ca78995fd15a34cf749626293ec966951d4d5f3a
330,Zeppelin,ca78995fd15a34cf749626293ec966951d4d5f3a,eeabbe23e9fd6d79b0fce16d04b857b3f9f569ff,ZEPPELIN-1107,https://issues.apache.org/jira/browse/ZEPPELIN-1107,https://github.com/apache/zeppelin/tree/ca78995fd15a34cf749626293ec966951d4d5f3a,https://github.com/apache/zeppelin/tree/eeabbe23e9fd6d79b0fce16d04b857b3f9f569ff,https://github.com/apache/zeppelin/compare/ca78995fd15a34cf749626293ec966951d4d5f3a...eeabbe23e9fd6d79b0fce16d04b857b3f9f569ff
331,Zeppelin,8da3e23a97ae89ab4e5a2fc2b6a78d8ab040763b,a9d064c90f8830779b4339dcf60edff94cc228a8,ZEPPELIN-1129,https://issues.apache.org/jira/browse/ZEPPELIN-1129,https://github.com/apache/zeppelin/tree/8da3e23a97ae89ab4e5a2fc2b6a78d8ab040763b,https://github.com/apache/zeppelin/tree/a9d064c90f8830779b4339dcf60edff94cc228a8,https://github.com/apache/zeppelin/compare/8da3e23a97ae89ab4e5a2fc2b6a78d8ab040763b...a9d064c90f8830779b4339dcf60edff94cc228a8
332,Zeppelin,6a82e7aabcabcf1de1ec197ebe5a76c36d2934c4,60186d8bb9c3b4ccfc63f1326400618fd59a5d02,ZEPPELIN-1122,https://issues.apache.org/jira/browse/ZEPPELIN-1122,https://github.com/apache/zeppelin/tree/6a82e7aabcabcf1de1ec197ebe5a76c36d2934c4,https://github.com/apache/zeppelin/tree/60186d8bb9c3b4ccfc63f1326400618fd59a5d02,https://github.com/apache/zeppelin/compare/6a82e7aabcabcf1de1ec197ebe5a76c36d2934c4...60186d8bb9c3b4ccfc63f1326400618fd59a5d02
333,Zeppelin,60186d8bb9c3b4ccfc63f1326400618fd59a5d02,df8c36defdc85a2c618c5b654e72edd8e4b6ee3b,ZEPPELIN-1102,https://issues.apache.org/jira/browse/ZEPPELIN-1102,https://github.com/apache/zeppelin/tree/60186d8bb9c3b4ccfc63f1326400618fd59a5d02,https://github.com/apache/zeppelin/tree/df8c36defdc85a2c618c5b654e72edd8e4b6ee3b,https://github.com/apache/zeppelin/compare/60186d8bb9c3b4ccfc63f1326400618fd59a5d02...df8c36defdc85a2c618c5b654e72edd8e4b6ee3b
334,Zeppelin,df8c36defdc85a2c618c5b654e72edd8e4b6ee3b,d343348bd14830238ff6964d090aec20a965c95d,ZEPPELIN-1136,https://issues.apache.org/jira/browse/ZEPPELIN-1136,https://github.com/apache/zeppelin/tree/df8c36defdc85a2c618c5b654e72edd8e4b6ee3b,https://github.com/apache/zeppelin/tree/d343348bd14830238ff6964d090aec20a965c95d,https://github.com/apache/zeppelin/compare/df8c36defdc85a2c618c5b654e72edd8e4b6ee3b...d343348bd14830238ff6964d090aec20a965c95d
335,Zeppelin,d87f2e5dfb3ec99c75eace7bdaa3d0211fd14c4a,512f0526062ff4204448b76c9b17fbf247138591,ZEPPELIN-1145,https://issues.apache.org/jira/browse/ZEPPELIN-1145,https://github.com/apache/zeppelin/tree/d87f2e5dfb3ec99c75eace7bdaa3d0211fd14c4a,https://github.com/apache/zeppelin/tree/512f0526062ff4204448b76c9b17fbf247138591,https://github.com/apache/zeppelin/compare/d87f2e5dfb3ec99c75eace7bdaa3d0211fd14c4a...512f0526062ff4204448b76c9b17fbf247138591
336,Zeppelin,513b8ab025ee8c6325c7e2c1948d49cb14d95391,0590ef3d9bf77c68126c5e6db3953ab2d9f5dcad,ZEPPELIN-1138,https://issues.apache.org/jira/browse/ZEPPELIN-1138,https://github.com/apache/zeppelin/tree/513b8ab025ee8c6325c7e2c1948d49cb14d95391,https://github.com/apache/zeppelin/tree/0590ef3d9bf77c68126c5e6db3953ab2d9f5dcad,https://github.com/apache/zeppelin/compare/513b8ab025ee8c6325c7e2c1948d49cb14d95391...0590ef3d9bf77c68126c5e6db3953ab2d9f5dcad
337,Zeppelin,0590ef3d9bf77c68126c5e6db3953ab2d9f5dcad,a2f99817498be8419aa5bc215d407436d55e2c9a,ZEPPELIN-1131,https://issues.apache.org/jira/browse/ZEPPELIN-1131,https://github.com/apache/zeppelin/tree/0590ef3d9bf77c68126c5e6db3953ab2d9f5dcad,https://github.com/apache/zeppelin/tree/a2f99817498be8419aa5bc215d407436d55e2c9a,https://github.com/apache/zeppelin/compare/0590ef3d9bf77c68126c5e6db3953ab2d9f5dcad...a2f99817498be8419aa5bc215d407436d55e2c9a
338,Zeppelin,a2f99817498be8419aa5bc215d407436d55e2c9a,ffa7fa6e83a65e3465ea28f610a5e027b475f714,ZEPPELIN-1130,https://issues.apache.org/jira/browse/ZEPPELIN-1130,https://github.com/apache/zeppelin/tree/a2f99817498be8419aa5bc215d407436d55e2c9a,https://github.com/apache/zeppelin/tree/ffa7fa6e83a65e3465ea28f610a5e027b475f714,https://github.com/apache/zeppelin/compare/a2f99817498be8419aa5bc215d407436d55e2c9a...ffa7fa6e83a65e3465ea28f610a5e027b475f714
339,Zeppelin,6bd4ede7e5e51ed43d4355a63ffe707639376009,9ce24e24b1d5033a97e2c9201d2584e3385cd938,ZEPPELIN-1123,https://issues.apache.org/jira/browse/ZEPPELIN-1123,https://github.com/apache/zeppelin/tree/6bd4ede7e5e51ed43d4355a63ffe707639376009,https://github.com/apache/zeppelin/tree/9ce24e24b1d5033a97e2c9201d2584e3385cd938,https://github.com/apache/zeppelin/compare/6bd4ede7e5e51ed43d4355a63ffe707639376009...9ce24e24b1d5033a97e2c9201d2584e3385cd938
340,Zeppelin,9ce24e24b1d5033a97e2c9201d2584e3385cd938,b1e6e2c20d708f3a2bbecda7a571795d543b8905,ZEPPELIN-1150,https://issues.apache.org/jira/browse/ZEPPELIN-1150,https://github.com/apache/zeppelin/tree/9ce24e24b1d5033a97e2c9201d2584e3385cd938,https://github.com/apache/zeppelin/tree/b1e6e2c20d708f3a2bbecda7a571795d543b8905,https://github.com/apache/zeppelin/compare/9ce24e24b1d5033a97e2c9201d2584e3385cd938...b1e6e2c20d708f3a2bbecda7a571795d543b8905
341,Zeppelin,b1e6e2c20d708f3a2bbecda7a571795d543b8905,94fa6a50d71dddc3365a142c5b532abfeb100731,ZEPPELIN-1091,https://issues.apache.org/jira/browse/ZEPPELIN-1091,https://github.com/apache/zeppelin/tree/b1e6e2c20d708f3a2bbecda7a571795d543b8905,https://github.com/apache/zeppelin/tree/94fa6a50d71dddc3365a142c5b532abfeb100731,https://github.com/apache/zeppelin/compare/b1e6e2c20d708f3a2bbecda7a571795d543b8905...94fa6a50d71dddc3365a142c5b532abfeb100731
342,Zeppelin,1a2cceddf381066e34910eb39862daff8dd1bd5e,05bc60c07d3a5d69621682183ecdc9e25ce49f75,ZEPPELIN-1146,https://issues.apache.org/jira/browse/ZEPPELIN-1146,https://github.com/apache/zeppelin/tree/1a2cceddf381066e34910eb39862daff8dd1bd5e,https://github.com/apache/zeppelin/tree/05bc60c07d3a5d69621682183ecdc9e25ce49f75,https://github.com/apache/zeppelin/compare/1a2cceddf381066e34910eb39862daff8dd1bd5e...05bc60c07d3a5d69621682183ecdc9e25ce49f75
343,Zeppelin,05bc60c07d3a5d69621682183ecdc9e25ce49f75,4c4d06be21145f62d90ee30417d7037c8bc8b7b8,ZEPPELIN-1166,https://issues.apache.org/jira/browse/ZEPPELIN-1166,https://github.com/apache/zeppelin/tree/05bc60c07d3a5d69621682183ecdc9e25ce49f75,https://github.com/apache/zeppelin/tree/4c4d06be21145f62d90ee30417d7037c8bc8b7b8,https://github.com/apache/zeppelin/compare/05bc60c07d3a5d69621682183ecdc9e25ce49f75...4c4d06be21145f62d90ee30417d7037c8bc8b7b8
344,Zeppelin,77b75f4a11def45924813366b9aebc35ab3d2138,0431fdb88221054a151351dfa0b33871e217a7c1,ZEPPELIN-1059,https://issues.apache.org/jira/browse/ZEPPELIN-1059,https://github.com/apache/zeppelin/tree/77b75f4a11def45924813366b9aebc35ab3d2138,https://github.com/apache/zeppelin/tree/0431fdb88221054a151351dfa0b33871e217a7c1,https://github.com/apache/zeppelin/compare/77b75f4a11def45924813366b9aebc35ab3d2138...0431fdb88221054a151351dfa0b33871e217a7c1
345,Zeppelin,2147375745a59f3429d09e4ff3e424966f73e5c6,eb84aa22dcb8de57dfacacfe35d8478e07dc7012,ZEPPELIN-1186,https://issues.apache.org/jira/browse/ZEPPELIN-1186,https://github.com/apache/zeppelin/tree/2147375745a59f3429d09e4ff3e424966f73e5c6,https://github.com/apache/zeppelin/tree/eb84aa22dcb8de57dfacacfe35d8478e07dc7012,https://github.com/apache/zeppelin/compare/2147375745a59f3429d09e4ff3e424966f73e5c6...eb84aa22dcb8de57dfacacfe35d8478e07dc7012
346,Zeppelin,eb84aa22dcb8de57dfacacfe35d8478e07dc7012,89b71ca03c4ec903c0c7d1e2c03443af3de3b2f7,ZEPPELIN-1125,https://issues.apache.org/jira/browse/ZEPPELIN-1125,https://github.com/apache/zeppelin/tree/eb84aa22dcb8de57dfacacfe35d8478e07dc7012,https://github.com/apache/zeppelin/tree/89b71ca03c4ec903c0c7d1e2c03443af3de3b2f7,https://github.com/apache/zeppelin/compare/eb84aa22dcb8de57dfacacfe35d8478e07dc7012...89b71ca03c4ec903c0c7d1e2c03443af3de3b2f7
347,Zeppelin,f7ce7fad160efe0b97dc08afcd0a7c5d90cc9c3d,74347c22fa2ffcd618f2c57f1e8cd3cdb08f2190,ZEPPELIN-1176,https://issues.apache.org/jira/browse/ZEPPELIN-1176,https://github.com/apache/zeppelin/tree/f7ce7fad160efe0b97dc08afcd0a7c5d90cc9c3d,https://github.com/apache/zeppelin/tree/74347c22fa2ffcd618f2c57f1e8cd3cdb08f2190,https://github.com/apache/zeppelin/compare/f7ce7fad160efe0b97dc08afcd0a7c5d90cc9c3d...74347c22fa2ffcd618f2c57f1e8cd3cdb08f2190
348,Zeppelin,74347c22fa2ffcd618f2c57f1e8cd3cdb08f2190,8ffd9af93eeb5ceaee7f70828e2327bc6d776600,ZEPPELIN-1170,https://issues.apache.org/jira/browse/ZEPPELIN-1170,https://github.com/apache/zeppelin/tree/74347c22fa2ffcd618f2c57f1e8cd3cdb08f2190,https://github.com/apache/zeppelin/tree/8ffd9af93eeb5ceaee7f70828e2327bc6d776600,https://github.com/apache/zeppelin/compare/74347c22fa2ffcd618f2c57f1e8cd3cdb08f2190...8ffd9af93eeb5ceaee7f70828e2327bc6d776600
349,Zeppelin,4e6c7990ccb6bf25696ca9094f2fe0e688f40c0a,fea00460bd8a286dfb18ebd1fe2b6639d5cc8b84,ZEPPELIN-1109,https://issues.apache.org/jira/browse/ZEPPELIN-1109,https://github.com/apache/zeppelin/tree/4e6c7990ccb6bf25696ca9094f2fe0e688f40c0a,https://github.com/apache/zeppelin/tree/fea00460bd8a286dfb18ebd1fe2b6639d5cc8b84,https://github.com/apache/zeppelin/compare/4e6c7990ccb6bf25696ca9094f2fe0e688f40c0a...fea00460bd8a286dfb18ebd1fe2b6639d5cc8b84
350,Zeppelin,fea00460bd8a286dfb18ebd1fe2b6639d5cc8b84,473dc723f927e7a985dd8e5154ca200db22f9aaf,ZEPPELIN-1159,https://issues.apache.org/jira/browse/ZEPPELIN-1159,https://github.com/apache/zeppelin/tree/fea00460bd8a286dfb18ebd1fe2b6639d5cc8b84,https://github.com/apache/zeppelin/tree/473dc723f927e7a985dd8e5154ca200db22f9aaf,https://github.com/apache/zeppelin/compare/fea00460bd8a286dfb18ebd1fe2b6639d5cc8b84...473dc723f927e7a985dd8e5154ca200db22f9aaf
351,Zeppelin,473dc723f927e7a985dd8e5154ca200db22f9aaf,46bdddc004d451b7c069ca688d52bb1fdb7811ad,ZEPPELIN-1128,https://issues.apache.org/jira/browse/ZEPPELIN-1128,https://github.com/apache/zeppelin/tree/473dc723f927e7a985dd8e5154ca200db22f9aaf,https://github.com/apache/zeppelin/tree/46bdddc004d451b7c069ca688d52bb1fdb7811ad,https://github.com/apache/zeppelin/compare/473dc723f927e7a985dd8e5154ca200db22f9aaf...46bdddc004d451b7c069ca688d52bb1fdb7811ad
352,Zeppelin,67cb8289586c622b62255ec13956981e6d2cf3c1,9d4550a53d2fed45d46ba1d3708d1fae1680ffe1,ZEPPELIN-1169,https://issues.apache.org/jira/browse/ZEPPELIN-1169,https://github.com/apache/zeppelin/tree/67cb8289586c622b62255ec13956981e6d2cf3c1,https://github.com/apache/zeppelin/tree/9d4550a53d2fed45d46ba1d3708d1fae1680ffe1,https://github.com/apache/zeppelin/compare/67cb8289586c622b62255ec13956981e6d2cf3c1...9d4550a53d2fed45d46ba1d3708d1fae1680ffe1
353,Zeppelin,911b4175e451fcbc429df91cd22c2a09f18a5952,daceee568874a1c98c54ae487700858d2300854b,ZEPPELIN-1208,https://issues.apache.org/jira/browse/ZEPPELIN-1208,https://github.com/apache/zeppelin/tree/911b4175e451fcbc429df91cd22c2a09f18a5952,https://github.com/apache/zeppelin/tree/daceee568874a1c98c54ae487700858d2300854b,https://github.com/apache/zeppelin/compare/911b4175e451fcbc429df91cd22c2a09f18a5952...daceee568874a1c98c54ae487700858d2300854b
354,Zeppelin,5cdc02d3651fc8f5b7f9aa81f1d617007932b666,88476c38ac4fa13b51f15d0d7fa59e0e8335eb9b,ZEPPELIN-1222,https://issues.apache.org/jira/browse/ZEPPELIN-1222,https://github.com/apache/zeppelin/tree/5cdc02d3651fc8f5b7f9aa81f1d617007932b666,https://github.com/apache/zeppelin/tree/88476c38ac4fa13b51f15d0d7fa59e0e8335eb9b,https://github.com/apache/zeppelin/compare/5cdc02d3651fc8f5b7f9aa81f1d617007932b666...88476c38ac4fa13b51f15d0d7fa59e0e8335eb9b
355,Zeppelin,a691e94c5cb1539145d8dfe6f005501d044a87a9,80997e8e6d77ca9f4811d8a801f5805c505fc7f4,ZEPPELIN-1212,https://issues.apache.org/jira/browse/ZEPPELIN-1212,https://github.com/apache/zeppelin/tree/a691e94c5cb1539145d8dfe6f005501d044a87a9,https://github.com/apache/zeppelin/tree/80997e8e6d77ca9f4811d8a801f5805c505fc7f4,https://github.com/apache/zeppelin/compare/a691e94c5cb1539145d8dfe6f005501d044a87a9...80997e8e6d77ca9f4811d8a801f5805c505fc7f4
356,Zeppelin,21a084b170b29dee0f2d57aae22b00c785ef0c8e,b86148c614fe55daa7b775e7800f28ad5efaac7e,ZEPPELIN-1149,https://issues.apache.org/jira/browse/ZEPPELIN-1149,https://github.com/apache/zeppelin/tree/21a084b170b29dee0f2d57aae22b00c785ef0c8e,https://github.com/apache/zeppelin/tree/b86148c614fe55daa7b775e7800f28ad5efaac7e,https://github.com/apache/zeppelin/compare/21a084b170b29dee0f2d57aae22b00c785ef0c8e...b86148c614fe55daa7b775e7800f28ad5efaac7e
357,Zeppelin,93ac1d523bb994e94ce5ef7e73574c454814f6da,73d99b880634809d615a063911573cb68b5d4864,ZEPPELIN-1224,https://issues.apache.org/jira/browse/ZEPPELIN-1224,https://github.com/apache/zeppelin/tree/93ac1d523bb994e94ce5ef7e73574c454814f6da,https://github.com/apache/zeppelin/tree/73d99b880634809d615a063911573cb68b5d4864,https://github.com/apache/zeppelin/compare/93ac1d523bb994e94ce5ef7e73574c454814f6da...73d99b880634809d615a063911573cb68b5d4864
358,Zeppelin,73d99b880634809d615a063911573cb68b5d4864,80d910049b8678b740bc4beff4757a5de5410053,ZEPPELIN-1206,https://issues.apache.org/jira/browse/ZEPPELIN-1206,https://github.com/apache/zeppelin/tree/73d99b880634809d615a063911573cb68b5d4864,https://github.com/apache/zeppelin/tree/80d910049b8678b740bc4beff4757a5de5410053,https://github.com/apache/zeppelin/compare/73d99b880634809d615a063911573cb68b5d4864...80d910049b8678b740bc4beff4757a5de5410053
359,Zeppelin,80d910049b8678b740bc4beff4757a5de5410053,73f1e485936918817386e344adebc9a721eaa5fa,ZEPPELIN-1228,https://issues.apache.org/jira/browse/ZEPPELIN-1228,https://github.com/apache/zeppelin/tree/80d910049b8678b740bc4beff4757a5de5410053,https://github.com/apache/zeppelin/tree/73f1e485936918817386e344adebc9a721eaa5fa,https://github.com/apache/zeppelin/compare/80d910049b8678b740bc4beff4757a5de5410053...73f1e485936918817386e344adebc9a721eaa5fa
360,Zeppelin,211e55d0146696a88ae1915fce2687e2d4da9771,40cfc5a408de49214ab77d31273afde7188a4cea,ZEPPELIN-1225,https://issues.apache.org/jira/browse/ZEPPELIN-1225,https://github.com/apache/zeppelin/tree/211e55d0146696a88ae1915fce2687e2d4da9771,https://github.com/apache/zeppelin/tree/40cfc5a408de49214ab77d31273afde7188a4cea,https://github.com/apache/zeppelin/compare/211e55d0146696a88ae1915fce2687e2d4da9771...40cfc5a408de49214ab77d31273afde7188a4cea
361,Zeppelin,848dbd0302a4e6d4917a70c1cbc2220a7a814488,83e7da7aa6d19bd8489e2af470d9856ebc270524,ZEPPELIN-1242,https://issues.apache.org/jira/browse/ZEPPELIN-1242,https://github.com/apache/zeppelin/tree/848dbd0302a4e6d4917a70c1cbc2220a7a814488,https://github.com/apache/zeppelin/tree/83e7da7aa6d19bd8489e2af470d9856ebc270524,https://github.com/apache/zeppelin/compare/848dbd0302a4e6d4917a70c1cbc2220a7a814488...83e7da7aa6d19bd8489e2af470d9856ebc270524
362,Zeppelin,a2a229d160c51991177d2a606d8116267a1a7f8a,1e478b2293ba29f77b03eed81bfb2f88028d8fa9,ZEPPELIN-1175,https://issues.apache.org/jira/browse/ZEPPELIN-1175,https://github.com/apache/zeppelin/tree/a2a229d160c51991177d2a606d8116267a1a7f8a,https://github.com/apache/zeppelin/tree/1e478b2293ba29f77b03eed81bfb2f88028d8fa9,https://github.com/apache/zeppelin/compare/a2a229d160c51991177d2a606d8116267a1a7f8a...1e478b2293ba29f77b03eed81bfb2f88028d8fa9
363,Zeppelin,14d52cff120830368add399ccc1150f86981088a,6f867ceb0c2b93ecca3be8a16c155547182eb0dc,ZEPPELIN-1255,https://issues.apache.org/jira/browse/ZEPPELIN-1255,https://github.com/apache/zeppelin/tree/14d52cff120830368add399ccc1150f86981088a,https://github.com/apache/zeppelin/tree/6f867ceb0c2b93ecca3be8a16c155547182eb0dc,https://github.com/apache/zeppelin/compare/14d52cff120830368add399ccc1150f86981088a...6f867ceb0c2b93ecca3be8a16c155547182eb0dc
364,Zeppelin,6f867ceb0c2b93ecca3be8a16c155547182eb0dc,c1935e1e8d2346900998ab2994361aa7c03425ca,ZEPPELIN-1264,https://issues.apache.org/jira/browse/ZEPPELIN-1264,https://github.com/apache/zeppelin/tree/6f867ceb0c2b93ecca3be8a16c155547182eb0dc,https://github.com/apache/zeppelin/tree/c1935e1e8d2346900998ab2994361aa7c03425ca,https://github.com/apache/zeppelin/compare/6f867ceb0c2b93ecca3be8a16c155547182eb0dc...c1935e1e8d2346900998ab2994361aa7c03425ca
365,Zeppelin,c1935e1e8d2346900998ab2994361aa7c03425ca,52b3cbff76e9e1d684443e442673d4468f327108,ZEPPELIN-1260,https://issues.apache.org/jira/browse/ZEPPELIN-1260,https://github.com/apache/zeppelin/tree/c1935e1e8d2346900998ab2994361aa7c03425ca,https://github.com/apache/zeppelin/tree/52b3cbff76e9e1d684443e442673d4468f327108,https://github.com/apache/zeppelin/compare/c1935e1e8d2346900998ab2994361aa7c03425ca...52b3cbff76e9e1d684443e442673d4468f327108
366,Zeppelin,6b6f1cb76cb2c9701a3accb3a4ee365d6566eb7a,9eac20d08a2905af178173ccb3aa5cc105f11bc5,ZEPPELIN-1261,https://issues.apache.org/jira/browse/ZEPPELIN-1261,https://github.com/apache/zeppelin/tree/6b6f1cb76cb2c9701a3accb3a4ee365d6566eb7a,https://github.com/apache/zeppelin/tree/9eac20d08a2905af178173ccb3aa5cc105f11bc5,https://github.com/apache/zeppelin/compare/6b6f1cb76cb2c9701a3accb3a4ee365d6566eb7a...9eac20d08a2905af178173ccb3aa5cc105f11bc5
367,Zeppelin,9eac20d08a2905af178173ccb3aa5cc105f11bc5,16b320ff92875f9d0cf623d0516c766b8ecc4670,ZEPPELIN-1209,https://issues.apache.org/jira/browse/ZEPPELIN-1209,https://github.com/apache/zeppelin/tree/9eac20d08a2905af178173ccb3aa5cc105f11bc5,https://github.com/apache/zeppelin/tree/16b320ff92875f9d0cf623d0516c766b8ecc4670,https://github.com/apache/zeppelin/compare/9eac20d08a2905af178173ccb3aa5cc105f11bc5...16b320ff92875f9d0cf623d0516c766b8ecc4670
368,Zeppelin,e6f51e7183bf44778c9eb7948a12dcb196c4d31b,9efbcd1b6380ff3e3ab8c2033d1a2d2821a58d01,ZEPPELIN-1240,https://issues.apache.org/jira/browse/ZEPPELIN-1240,https://github.com/apache/zeppelin/tree/e6f51e7183bf44778c9eb7948a12dcb196c4d31b,https://github.com/apache/zeppelin/tree/9efbcd1b6380ff3e3ab8c2033d1a2d2821a58d01,https://github.com/apache/zeppelin/compare/e6f51e7183bf44778c9eb7948a12dcb196c4d31b...9efbcd1b6380ff3e3ab8c2033d1a2d2821a58d01
369,Zeppelin,1d0028bfec0594efc97a0652acffbde76eb75fa8,161dd0efd21e233687d7472d97ccebe86a992582,ZEPPELIN-1267,https://issues.apache.org/jira/browse/ZEPPELIN-1267,https://github.com/apache/zeppelin/tree/1d0028bfec0594efc97a0652acffbde76eb75fa8,https://github.com/apache/zeppelin/tree/161dd0efd21e233687d7472d97ccebe86a992582,https://github.com/apache/zeppelin/compare/1d0028bfec0594efc97a0652acffbde76eb75fa8...161dd0efd21e233687d7472d97ccebe86a992582
370,Zeppelin,a922fd28c1163abfea8cc86225bd94360731f0ca,adf33558779662bd49b27b38afe8287e9f61cb4e,ZEPPELIN-1266,https://issues.apache.org/jira/browse/ZEPPELIN-1266,https://github.com/apache/zeppelin/tree/a922fd28c1163abfea8cc86225bd94360731f0ca,https://github.com/apache/zeppelin/tree/adf33558779662bd49b27b38afe8287e9f61cb4e,https://github.com/apache/zeppelin/compare/a922fd28c1163abfea8cc86225bd94360731f0ca...adf33558779662bd49b27b38afe8287e9f61cb4e
371,Zeppelin,adf33558779662bd49b27b38afe8287e9f61cb4e,6773d049610ac4ecfd86a256e621544cb96e560c,Zeppelin-1276,https://issues.apache.org/jira/browse/ZEPPELIN-1276,https://github.com/apache/zeppelin/tree/adf33558779662bd49b27b38afe8287e9f61cb4e,https://github.com/apache/zeppelin/tree/6773d049610ac4ecfd86a256e621544cb96e560c,https://github.com/apache/zeppelin/compare/adf33558779662bd49b27b38afe8287e9f61cb4e...6773d049610ac4ecfd86a256e621544cb96e560c
372,Zeppelin,045b2d24d85c3c2114e43c9d31698ad259692607,61f4ce8942458560bc91549f6984e8b009fe3ef8,ZEPPELIN-1273,https://issues.apache.org/jira/browse/ZEPPELIN-1273,https://github.com/apache/zeppelin/tree/045b2d24d85c3c2114e43c9d31698ad259692607,https://github.com/apache/zeppelin/tree/61f4ce8942458560bc91549f6984e8b009fe3ef8,https://github.com/apache/zeppelin/compare/045b2d24d85c3c2114e43c9d31698ad259692607...61f4ce8942458560bc91549f6984e8b009fe3ef8
373,Zeppelin,f71d09ca1f24cf4c767c08b5fc357c4f556d7f1d,80735bc0d58ea69095dedec21e23b6fca3b60d98,ZEPPELIN-1305,https://issues.apache.org/jira/browse/ZEPPELIN-1305,https://github.com/apache/zeppelin/tree/f71d09ca1f24cf4c767c08b5fc357c4f556d7f1d,https://github.com/apache/zeppelin/tree/80735bc0d58ea69095dedec21e23b6fca3b60d98,https://github.com/apache/zeppelin/compare/f71d09ca1f24cf4c767c08b5fc357c4f556d7f1d...80735bc0d58ea69095dedec21e23b6fca3b60d98
374,Zeppelin,80735bc0d58ea69095dedec21e23b6fca3b60d98,36a7e38ffd6af614ad770a6e23ec1fd98a90c809,Zeppelin-1298,https://issues.apache.org/jira/browse/ZEPPELIN-1298,https://github.com/apache/zeppelin/tree/80735bc0d58ea69095dedec21e23b6fca3b60d98,https://github.com/apache/zeppelin/tree/36a7e38ffd6af614ad770a6e23ec1fd98a90c809,https://github.com/apache/zeppelin/compare/80735bc0d58ea69095dedec21e23b6fca3b60d98...36a7e38ffd6af614ad770a6e23ec1fd98a90c809
375,Zeppelin,68c43e240bb16ab61716057ab775cdb4e76a10ad,3bd94ddc77ef9f9853ae978bf024d206378f16ba,ZEPPELIN-1312,https://issues.apache.org/jira/browse/ZEPPELIN-1312,https://github.com/apache/zeppelin/tree/68c43e240bb16ab61716057ab775cdb4e76a10ad,https://github.com/apache/zeppelin/tree/3bd94ddc77ef9f9853ae978bf024d206378f16ba,https://github.com/apache/zeppelin/compare/68c43e240bb16ab61716057ab775cdb4e76a10ad...3bd94ddc77ef9f9853ae978bf024d206378f16ba
376,Zeppelin,293993c6059e6e1ea73a032cf1062db40527a012,4178089a0af2fba0ff032a89540becefd5ec4f41,ZEPPELIN-1311,https://issues.apache.org/jira/browse/ZEPPELIN-1311,https://github.com/apache/zeppelin/tree/293993c6059e6e1ea73a032cf1062db40527a012,https://github.com/apache/zeppelin/tree/4178089a0af2fba0ff032a89540becefd5ec4f41,https://github.com/apache/zeppelin/compare/293993c6059e6e1ea73a032cf1062db40527a012...4178089a0af2fba0ff032a89540becefd5ec4f41
377,Zeppelin,4178089a0af2fba0ff032a89540becefd5ec4f41,7e491f8daca55c8b958ee1ac8284e7a97a99c086,ZEPPELIN-1304,https://issues.apache.org/jira/browse/ZEPPELIN-1304,https://github.com/apache/zeppelin/tree/4178089a0af2fba0ff032a89540becefd5ec4f41,https://github.com/apache/zeppelin/tree/7e491f8daca55c8b958ee1ac8284e7a97a99c086,https://github.com/apache/zeppelin/compare/4178089a0af2fba0ff032a89540becefd5ec4f41...7e491f8daca55c8b958ee1ac8284e7a97a99c086
378,Zeppelin,8734890364ec102e66639b3bd0de1c9037b791a1,3dec4d7006b8a57136f34ae330ba937d8990f2d2,ZEPPELIN-1287,https://issues.apache.org/jira/browse/ZEPPELIN-1287,https://github.com/apache/zeppelin/tree/8734890364ec102e66639b3bd0de1c9037b791a1,https://github.com/apache/zeppelin/tree/3dec4d7006b8a57136f34ae330ba937d8990f2d2,https://github.com/apache/zeppelin/compare/8734890364ec102e66639b3bd0de1c9037b791a1...3dec4d7006b8a57136f34ae330ba937d8990f2d2
379,Zeppelin,46ae6fe3901108374affa36b3a225df15cc43d7b,bccd5f93c3228b15afdc5f0843dd727222032002,ZEPPELIN-1299,https://issues.apache.org/jira/browse/ZEPPELIN-1299,https://github.com/apache/zeppelin/tree/46ae6fe3901108374affa36b3a225df15cc43d7b,https://github.com/apache/zeppelin/tree/bccd5f93c3228b15afdc5f0843dd727222032002,https://github.com/apache/zeppelin/compare/46ae6fe3901108374affa36b3a225df15cc43d7b...bccd5f93c3228b15afdc5f0843dd727222032002
380,Zeppelin,43dc32bd396df49d682bb768e972ef6c11f950da,d794f6fdb29e77fb7a9635c587cca4347b77ddec,ZEPPELIN-1316,https://issues.apache.org/jira/browse/ZEPPELIN-1316,https://github.com/apache/zeppelin/tree/43dc32bd396df49d682bb768e972ef6c11f950da,https://github.com/apache/zeppelin/tree/d794f6fdb29e77fb7a9635c587cca4347b77ddec,https://github.com/apache/zeppelin/compare/43dc32bd396df49d682bb768e972ef6c11f950da...d794f6fdb29e77fb7a9635c587cca4347b77ddec
381,Zeppelin,37696ea8bd6a5c3b910f7d24141530f91f80391c,c9d2a2c6ceb332118ab116a98616333ce121c265,ZEPPELIN-1302,https://issues.apache.org/jira/browse/ZEPPELIN-1302,https://github.com/apache/zeppelin/tree/37696ea8bd6a5c3b910f7d24141530f91f80391c,https://github.com/apache/zeppelin/tree/c9d2a2c6ceb332118ab116a98616333ce121c265,https://github.com/apache/zeppelin/compare/37696ea8bd6a5c3b910f7d24141530f91f80391c...c9d2a2c6ceb332118ab116a98616333ce121c265
382,Zeppelin,47b193151bb762998cc2ae5e4953505f07cb76a2,051929db397dda7a7382ff541e57262a348448bd,ZEPPELIN-1192,https://issues.apache.org/jira/browse/ZEPPELIN-1192,https://github.com/apache/zeppelin/tree/47b193151bb762998cc2ae5e4953505f07cb76a2,https://github.com/apache/zeppelin/tree/051929db397dda7a7382ff541e57262a348448bd,https://github.com/apache/zeppelin/compare/47b193151bb762998cc2ae5e4953505f07cb76a2...051929db397dda7a7382ff541e57262a348448bd
383,Zeppelin,ff2465b9dac8f1fd532f68c0993894a5b0af6595,371fa76cd558cf401322bc7fdd3fe266c3fd3741,ZEPPELIN-1333,https://issues.apache.org/jira/browse/ZEPPELIN-1333,https://github.com/apache/zeppelin/tree/ff2465b9dac8f1fd532f68c0993894a5b0af6595,https://github.com/apache/zeppelin/tree/371fa76cd558cf401322bc7fdd3fe266c3fd3741,https://github.com/apache/zeppelin/compare/ff2465b9dac8f1fd532f68c0993894a5b0af6595...371fa76cd558cf401322bc7fdd3fe266c3fd3741
384,Zeppelin,371fa76cd558cf401322bc7fdd3fe266c3fd3741,8a29eb2835a8d2ee77233991fb54fcffdcc7a412,ZEPPELIN-1335,https://issues.apache.org/jira/browse/ZEPPELIN-1335,https://github.com/apache/zeppelin/tree/371fa76cd558cf401322bc7fdd3fe266c3fd3741,https://github.com/apache/zeppelin/tree/8a29eb2835a8d2ee77233991fb54fcffdcc7a412,https://github.com/apache/zeppelin/compare/371fa76cd558cf401322bc7fdd3fe266c3fd3741...8a29eb2835a8d2ee77233991fb54fcffdcc7a412
385,Zeppelin,54d435303c58739de6ca57144f63532637cd291e,d5528f00cc11339928b9dce76fb911dffbcddece,ZEPPELIN-1162,https://issues.apache.org/jira/browse/ZEPPELIN-1162,https://github.com/apache/zeppelin/tree/54d435303c58739de6ca57144f63532637cd291e,https://github.com/apache/zeppelin/tree/d5528f00cc11339928b9dce76fb911dffbcddece,https://github.com/apache/zeppelin/compare/54d435303c58739de6ca57144f63532637cd291e...d5528f00cc11339928b9dce76fb911dffbcddece
386,Zeppelin,d5528f00cc11339928b9dce76fb911dffbcddece,582981677c43e194b3693b0e495ea4315ae64ef8,ZEPPELIN-1328,https://issues.apache.org/jira/browse/ZEPPELIN-1328,https://github.com/apache/zeppelin/tree/d5528f00cc11339928b9dce76fb911dffbcddece,https://github.com/apache/zeppelin/tree/582981677c43e194b3693b0e495ea4315ae64ef8,https://github.com/apache/zeppelin/compare/d5528f00cc11339928b9dce76fb911dffbcddece...582981677c43e194b3693b0e495ea4315ae64ef8
387,Zeppelin,7f733ffb2ef5bfe30418028f696d267046dba833,88c257a0971a4440b3a90a98d42a51f28d8c9233,ZEPPELIN-1359,https://issues.apache.org/jira/browse/ZEPPELIN-1359,https://github.com/apache/zeppelin/tree/7f733ffb2ef5bfe30418028f696d267046dba833,https://github.com/apache/zeppelin/tree/88c257a0971a4440b3a90a98d42a51f28d8c9233,https://github.com/apache/zeppelin/compare/7f733ffb2ef5bfe30418028f696d267046dba833...88c257a0971a4440b3a90a98d42a51f28d8c9233
388,Zeppelin,88c257a0971a4440b3a90a98d42a51f28d8c9233,47ac1d41e7ec18a16c6144460fbbc35877d71a11,ZEPPELIN-728,https://issues.apache.org/jira/browse/ZEPPELIN-728,https://github.com/apache/zeppelin/tree/88c257a0971a4440b3a90a98d42a51f28d8c9233,https://github.com/apache/zeppelin/tree/47ac1d41e7ec18a16c6144460fbbc35877d71a11,https://github.com/apache/zeppelin/compare/88c257a0971a4440b3a90a98d42a51f28d8c9233...47ac1d41e7ec18a16c6144460fbbc35877d71a11
389,Zeppelin,5ac3faeba4877feefd79d72b15aa49d56afc0aa0,e2d0ca3448d29b94e99089cfd90ac93119eb7063,ZEPPELIN-1301,https://issues.apache.org/jira/browse/ZEPPELIN-1301,https://github.com/apache/zeppelin/tree/5ac3faeba4877feefd79d72b15aa49d56afc0aa0,https://github.com/apache/zeppelin/tree/e2d0ca3448d29b94e99089cfd90ac93119eb7063,https://github.com/apache/zeppelin/compare/5ac3faeba4877feefd79d72b15aa49d56afc0aa0...e2d0ca3448d29b94e99089cfd90ac93119eb7063
390,Zeppelin,e2d0ca3448d29b94e99089cfd90ac93119eb7063,42e3a141dea606427e60410537db29f92913463c,ZEPPELIN-960,https://issues.apache.org/jira/browse/ZEPPELIN-960,https://github.com/apache/zeppelin/tree/e2d0ca3448d29b94e99089cfd90ac93119eb7063,https://github.com/apache/zeppelin/tree/42e3a141dea606427e60410537db29f92913463c,https://github.com/apache/zeppelin/compare/e2d0ca3448d29b94e99089cfd90ac93119eb7063...42e3a141dea606427e60410537db29f92913463c
391,Zeppelin,42e3a141dea606427e60410537db29f92913463c,8064c54917f86ad08a15ba8c86341dce6dfac391,ZEPPELIN-1327,https://issues.apache.org/jira/browse/ZEPPELIN-1327,https://github.com/apache/zeppelin/tree/42e3a141dea606427e60410537db29f92913463c,https://github.com/apache/zeppelin/tree/8064c54917f86ad08a15ba8c86341dce6dfac391,https://github.com/apache/zeppelin/compare/42e3a141dea606427e60410537db29f92913463c...8064c54917f86ad08a15ba8c86341dce6dfac391
392,Zeppelin,32f35e2a775ae9eacd5707cf8f62740c64e22794,b7f918a7b81602f192c7cdd4b558f9167013b691,ZEPPELIN-1178,https://issues.apache.org/jira/browse/ZEPPELIN-1178,https://github.com/apache/zeppelin/tree/32f35e2a775ae9eacd5707cf8f62740c64e22794,https://github.com/apache/zeppelin/tree/b7f918a7b81602f192c7cdd4b558f9167013b691,https://github.com/apache/zeppelin/compare/32f35e2a775ae9eacd5707cf8f62740c64e22794...b7f918a7b81602f192c7cdd4b558f9167013b691
393,Zeppelin,b7f918a7b81602f192c7cdd4b558f9167013b691,c1999ea806fdb2a0739dc566420253af5cab8c46,ZEPPELIN-1342,https://issues.apache.org/jira/browse/ZEPPELIN-1342,https://github.com/apache/zeppelin/tree/b7f918a7b81602f192c7cdd4b558f9167013b691,https://github.com/apache/zeppelin/tree/c1999ea806fdb2a0739dc566420253af5cab8c46,https://github.com/apache/zeppelin/compare/b7f918a7b81602f192c7cdd4b558f9167013b691...c1999ea806fdb2a0739dc566420253af5cab8c46
394,Zeppelin,c1999ea806fdb2a0739dc566420253af5cab8c46,5f1208bdbace9a56ae2744193880a2be9ce118df,ZEPPELIN-1284,https://issues.apache.org/jira/browse/ZEPPELIN-1284,https://github.com/apache/zeppelin/tree/c1999ea806fdb2a0739dc566420253af5cab8c46,https://github.com/apache/zeppelin/tree/5f1208bdbace9a56ae2744193880a2be9ce118df,https://github.com/apache/zeppelin/compare/c1999ea806fdb2a0739dc566420253af5cab8c46...5f1208bdbace9a56ae2744193880a2be9ce118df
395,Zeppelin,5f1208bdbace9a56ae2744193880a2be9ce118df,11bdd71104d8d30e928c3621d13e3328a089243d,ZEPPELIN-1356,https://issues.apache.org/jira/browse/ZEPPELIN-1356,https://github.com/apache/zeppelin/tree/5f1208bdbace9a56ae2744193880a2be9ce118df,https://github.com/apache/zeppelin/tree/11bdd71104d8d30e928c3621d13e3328a089243d,https://github.com/apache/zeppelin/compare/5f1208bdbace9a56ae2744193880a2be9ce118df...11bdd71104d8d30e928c3621d13e3328a089243d
396,Zeppelin,11bdd71104d8d30e928c3621d13e3328a089243d,c4319b7751c7b6071bb71dab016970b44496fa99,ZEPPELIN-1326,https://issues.apache.org/jira/browse/ZEPPELIN-1326,https://github.com/apache/zeppelin/tree/11bdd71104d8d30e928c3621d13e3328a089243d,https://github.com/apache/zeppelin/tree/c4319b7751c7b6071bb71dab016970b44496fa99,https://github.com/apache/zeppelin/compare/11bdd71104d8d30e928c3621d13e3328a089243d...c4319b7751c7b6071bb71dab016970b44496fa99
397,Zeppelin,eccfe0076b42f65f9b4da2065f734f746b00f2c0,d11221fb8af5568416ef5041fc2da8b6fa08598b,ZEPPELIN-1326,https://issues.apache.org/jira/browse/ZEPPELIN-1326,https://github.com/apache/zeppelin/tree/eccfe0076b42f65f9b4da2065f734f746b00f2c0,https://github.com/apache/zeppelin/tree/d11221fb8af5568416ef5041fc2da8b6fa08598b,https://github.com/apache/zeppelin/compare/eccfe0076b42f65f9b4da2065f734f746b00f2c0...d11221fb8af5568416ef5041fc2da8b6fa08598b
398,Zeppelin,f1a2471302ed3a6d89f70e3b85c9c20eeddf2056,83469be5bac23dbde81f511afb5bb014fce50489,ZEPPELIN-1313,https://issues.apache.org/jira/browse/ZEPPELIN-1313,https://github.com/apache/zeppelin/tree/f1a2471302ed3a6d89f70e3b85c9c20eeddf2056,https://github.com/apache/zeppelin/tree/83469be5bac23dbde81f511afb5bb014fce50489,https://github.com/apache/zeppelin/compare/f1a2471302ed3a6d89f70e3b85c9c20eeddf2056...83469be5bac23dbde81f511afb5bb014fce50489
399,Zeppelin,7e2a1b5d4f134489428a24c7c5502f189224b506,df2e77de9631cbed14f91993f7fa4a840e871c92,ZEPPELIN-1379,https://issues.apache.org/jira/browse/ZEPPELIN-1379,https://github.com/apache/zeppelin/tree/7e2a1b5d4f134489428a24c7c5502f189224b506,https://github.com/apache/zeppelin/tree/df2e77de9631cbed14f91993f7fa4a840e871c92,https://github.com/apache/zeppelin/compare/7e2a1b5d4f134489428a24c7c5502f189224b506...df2e77de9631cbed14f91993f7fa4a840e871c92
400,Zeppelin,df2e77de9631cbed14f91993f7fa4a840e871c92,d93fb7361d73d1cdbf6a551b3892d4dd8c69656d,ZEPPELIN-1384,https://issues.apache.org/jira/browse/ZEPPELIN-1384,https://github.com/apache/zeppelin/tree/df2e77de9631cbed14f91993f7fa4a840e871c92,https://github.com/apache/zeppelin/tree/d93fb7361d73d1cdbf6a551b3892d4dd8c69656d,https://github.com/apache/zeppelin/compare/df2e77de9631cbed14f91993f7fa4a840e871c92...d93fb7361d73d1cdbf6a551b3892d4dd8c69656d
401,Zeppelin,d93fb7361d73d1cdbf6a551b3892d4dd8c69656d,c580a82ad54a5f165dffa2c590c1991375fffb75,ZEPPELIN-1365,https://issues.apache.org/jira/browse/ZEPPELIN-1365,https://github.com/apache/zeppelin/tree/d93fb7361d73d1cdbf6a551b3892d4dd8c69656d,https://github.com/apache/zeppelin/tree/c580a82ad54a5f165dffa2c590c1991375fffb75,https://github.com/apache/zeppelin/compare/d93fb7361d73d1cdbf6a551b3892d4dd8c69656d...c580a82ad54a5f165dffa2c590c1991375fffb75
402,Zeppelin,c580a82ad54a5f165dffa2c590c1991375fffb75,323aa18830ce20ddd8bae25b630661548c89a97c,ZEPPELIN-1391,https://issues.apache.org/jira/browse/ZEPPELIN-1391,https://github.com/apache/zeppelin/tree/c580a82ad54a5f165dffa2c590c1991375fffb75,https://github.com/apache/zeppelin/tree/323aa18830ce20ddd8bae25b630661548c89a97c,https://github.com/apache/zeppelin/compare/c580a82ad54a5f165dffa2c590c1991375fffb75...323aa18830ce20ddd8bae25b630661548c89a97c
403,Zeppelin,51b87927bc876250f8e1ecd47f76ed0245bb7e9f,fe3dbdb1cb4c86877697736a05d685e1c27a5856,ZEPPELIN-1366,https://issues.apache.org/jira/browse/ZEPPELIN-1366,https://github.com/apache/zeppelin/tree/51b87927bc876250f8e1ecd47f76ed0245bb7e9f,https://github.com/apache/zeppelin/tree/fe3dbdb1cb4c86877697736a05d685e1c27a5856,https://github.com/apache/zeppelin/compare/51b87927bc876250f8e1ecd47f76ed0245bb7e9f...fe3dbdb1cb4c86877697736a05d685e1c27a5856
404,Zeppelin,d49734866a33f677aea8f6be4a01573be1b2b150,6c6097a55c0fedc7393af799868a9af1d699f46a,ZEPPELIN-1372,https://issues.apache.org/jira/browse/ZEPPELIN-1372,https://github.com/apache/zeppelin/tree/d49734866a33f677aea8f6be4a01573be1b2b150,https://github.com/apache/zeppelin/tree/6c6097a55c0fedc7393af799868a9af1d699f46a,https://github.com/apache/zeppelin/compare/d49734866a33f677aea8f6be4a01573be1b2b150...6c6097a55c0fedc7393af799868a9af1d699f46a
405,Zeppelin,9eeaf49f07b50a34e5e35b5cac232c26ee86fa7e,f9bc7a9fccffa81f32eb43cbcbe04ce928793b24,ZEPPELIN-1409,https://issues.apache.org/jira/browse/ZEPPELIN-1409,https://github.com/apache/zeppelin/tree/9eeaf49f07b50a34e5e35b5cac232c26ee86fa7e,https://github.com/apache/zeppelin/tree/f9bc7a9fccffa81f32eb43cbcbe04ce928793b24,https://github.com/apache/zeppelin/compare/9eeaf49f07b50a34e5e35b5cac232c26ee86fa7e...f9bc7a9fccffa81f32eb43cbcbe04ce928793b24
406,Zeppelin,f9bc7a9fccffa81f32eb43cbcbe04ce928793b24,20f0e5bacb9cfce98162dcf4e37602db24ae3331,ZEPPELIN-1398,https://issues.apache.org/jira/browse/ZEPPELIN-1398,https://github.com/apache/zeppelin/tree/f9bc7a9fccffa81f32eb43cbcbe04ce928793b24,https://github.com/apache/zeppelin/tree/20f0e5bacb9cfce98162dcf4e37602db24ae3331,https://github.com/apache/zeppelin/compare/f9bc7a9fccffa81f32eb43cbcbe04ce928793b24...20f0e5bacb9cfce98162dcf4e37602db24ae3331
407,Zeppelin,b8051970adcb651449d15e407febf9ebebd1a4a6,66d581136573761cc1afa94b414e65859ab3d3a3,ZEPPELIN-1412,https://issues.apache.org/jira/browse/ZEPPELIN-1412,https://github.com/apache/zeppelin/tree/b8051970adcb651449d15e407febf9ebebd1a4a6,https://github.com/apache/zeppelin/tree/66d581136573761cc1afa94b414e65859ab3d3a3,https://github.com/apache/zeppelin/compare/b8051970adcb651449d15e407febf9ebebd1a4a6...66d581136573761cc1afa94b414e65859ab3d3a3
408,Zeppelin,3db819abf07db3a3daff3b62ab89f3e0623ba70e,c88010fd0a744d026b75d02bc62bc6dc690f0f9a,ZEPPELIN-1326,https://issues.apache.org/jira/browse/ZEPPELIN-1326,https://github.com/apache/zeppelin/tree/3db819abf07db3a3daff3b62ab89f3e0623ba70e,https://github.com/apache/zeppelin/tree/c88010fd0a744d026b75d02bc62bc6dc690f0f9a,https://github.com/apache/zeppelin/compare/3db819abf07db3a3daff3b62ab89f3e0623ba70e...c88010fd0a744d026b75d02bc62bc6dc690f0f9a
409,Zeppelin,c88010fd0a744d026b75d02bc62bc6dc690f0f9a,724ef6ff065404705fdd44ae64bf51bb077b8417,ZEPPELIN-1407,https://issues.apache.org/jira/browse/ZEPPELIN-1407,https://github.com/apache/zeppelin/tree/c88010fd0a744d026b75d02bc62bc6dc690f0f9a,https://github.com/apache/zeppelin/tree/724ef6ff065404705fdd44ae64bf51bb077b8417,https://github.com/apache/zeppelin/compare/c88010fd0a744d026b75d02bc62bc6dc690f0f9a...724ef6ff065404705fdd44ae64bf51bb077b8417
410,Zeppelin,724ef6ff065404705fdd44ae64bf51bb077b8417,9bce03ce04cbe9e7dcc4d23d1b8c7d6b8899d367,ZEPPELIN-1404,https://issues.apache.org/jira/browse/ZEPPELIN-1404,https://github.com/apache/zeppelin/tree/724ef6ff065404705fdd44ae64bf51bb077b8417,https://github.com/apache/zeppelin/tree/9bce03ce04cbe9e7dcc4d23d1b8c7d6b8899d367,https://github.com/apache/zeppelin/compare/724ef6ff065404705fdd44ae64bf51bb077b8417...9bce03ce04cbe9e7dcc4d23d1b8c7d6b8899d367
411,Zeppelin,d005c7967a57a572cc6d6620185ac6aedbfc56e3,3a1568efc9a31394292bc359bb9bf42e1eb0f9f9,ZEPPELIN-1461,https://issues.apache.org/jira/browse/ZEPPELIN-1461,https://github.com/apache/zeppelin/tree/d005c7967a57a572cc6d6620185ac6aedbfc56e3,https://github.com/apache/zeppelin/tree/3a1568efc9a31394292bc359bb9bf42e1eb0f9f9,https://github.com/apache/zeppelin/compare/d005c7967a57a572cc6d6620185ac6aedbfc56e3...3a1568efc9a31394292bc359bb9bf42e1eb0f9f9
412,Zeppelin,3a1568efc9a31394292bc359bb9bf42e1eb0f9f9,2a7fb95c2f1f319b0ee847e18dbff1b4bc1c23b5,ZEPPELIN-1422,https://issues.apache.org/jira/browse/ZEPPELIN-1422,https://github.com/apache/zeppelin/tree/3a1568efc9a31394292bc359bb9bf42e1eb0f9f9,https://github.com/apache/zeppelin/tree/2a7fb95c2f1f319b0ee847e18dbff1b4bc1c23b5,https://github.com/apache/zeppelin/compare/3a1568efc9a31394292bc359bb9bf42e1eb0f9f9...2a7fb95c2f1f319b0ee847e18dbff1b4bc1c23b5
413,Zeppelin,2a7fb95c2f1f319b0ee847e18dbff1b4bc1c23b5,db99ccb7056282033978244fe1ffb3f204c0aedd,ZEPPELIN-1334,https://issues.apache.org/jira/browse/ZEPPELIN-1334,https://github.com/apache/zeppelin/tree/2a7fb95c2f1f319b0ee847e18dbff1b4bc1c23b5,https://github.com/apache/zeppelin/tree/db99ccb7056282033978244fe1ffb3f204c0aedd,https://github.com/apache/zeppelin/compare/2a7fb95c2f1f319b0ee847e18dbff1b4bc1c23b5...db99ccb7056282033978244fe1ffb3f204c0aedd
414,Zeppelin,db99ccb7056282033978244fe1ffb3f204c0aedd,70bec2b2e56b6540f4a101a31d94aee414de98e5,ZEPPELIN-1400,https://issues.apache.org/jira/browse/ZEPPELIN-1400,https://github.com/apache/zeppelin/tree/db99ccb7056282033978244fe1ffb3f204c0aedd,https://github.com/apache/zeppelin/tree/70bec2b2e56b6540f4a101a31d94aee414de98e5,https://github.com/apache/zeppelin/compare/db99ccb7056282033978244fe1ffb3f204c0aedd...70bec2b2e56b6540f4a101a31d94aee414de98e5
415,Zeppelin,3e863a67cc90a12dd0a38438cdcb3153076e92aa,802bf5041434d2b47b8e76b104790f1551be8eb1,ZEPPELIN-1407,https://issues.apache.org/jira/browse/ZEPPELIN-1407,https://github.com/apache/zeppelin/tree/3e863a67cc90a12dd0a38438cdcb3153076e92aa,https://github.com/apache/zeppelin/tree/802bf5041434d2b47b8e76b104790f1551be8eb1,https://github.com/apache/zeppelin/compare/3e863a67cc90a12dd0a38438cdcb3153076e92aa...802bf5041434d2b47b8e76b104790f1551be8eb1
416,Zeppelin,307049a9ecffade6af5ab7c28bb9c4ad8e2c8612,439b76c2c9ce363ab5993e49da22d04437f6dc76,ZEPPELIN-1425,https://issues.apache.org/jira/browse/ZEPPELIN-1425,https://github.com/apache/zeppelin/tree/307049a9ecffade6af5ab7c28bb9c4ad8e2c8612,https://github.com/apache/zeppelin/tree/439b76c2c9ce363ab5993e49da22d04437f6dc76,https://github.com/apache/zeppelin/compare/307049a9ecffade6af5ab7c28bb9c4ad8e2c8612...439b76c2c9ce363ab5993e49da22d04437f6dc76
417,Zeppelin,439b76c2c9ce363ab5993e49da22d04437f6dc76,383402dc69a9ecc8a34cd0f9ebaf4732c51d36d7,ZEPPELIN-1417,https://issues.apache.org/jira/browse/ZEPPELIN-1417,https://github.com/apache/zeppelin/tree/439b76c2c9ce363ab5993e49da22d04437f6dc76,https://github.com/apache/zeppelin/tree/383402dc69a9ecc8a34cd0f9ebaf4732c51d36d7,https://github.com/apache/zeppelin/compare/439b76c2c9ce363ab5993e49da22d04437f6dc76...383402dc69a9ecc8a34cd0f9ebaf4732c51d36d7
418,Zeppelin,64190707f7ba1458e77fcf83a1b1e8004efa48ad,29021896bfcf442f2923546a8a12ed667bf19b88,ZEPPELIN-1144,https://issues.apache.org/jira/browse/ZEPPELIN-1144,https://github.com/apache/zeppelin/tree/64190707f7ba1458e77fcf83a1b1e8004efa48ad,https://github.com/apache/zeppelin/tree/29021896bfcf442f2923546a8a12ed667bf19b88,https://github.com/apache/zeppelin/compare/64190707f7ba1458e77fcf83a1b1e8004efa48ad...29021896bfcf442f2923546a8a12ed667bf19b88
419,Zeppelin,29021896bfcf442f2923546a8a12ed667bf19b88,c69d21f09b261a57021ea1b344aa84fc7d773722,ZEPPELIN-1144,https://issues.apache.org/jira/browse/ZEPPELIN-1144,https://github.com/apache/zeppelin/tree/29021896bfcf442f2923546a8a12ed667bf19b88,https://github.com/apache/zeppelin/tree/c69d21f09b261a57021ea1b344aa84fc7d773722,https://github.com/apache/zeppelin/compare/29021896bfcf442f2923546a8a12ed667bf19b88...c69d21f09b261a57021ea1b344aa84fc7d773722
420,Zeppelin,c69d21f09b261a57021ea1b344aa84fc7d773722,8f344db93e6cbc8a6f24b7e19c7ed26533577138,ZEPPELIN-1421,https://issues.apache.org/jira/browse/ZEPPELIN-1421,https://github.com/apache/zeppelin/tree/c69d21f09b261a57021ea1b344aa84fc7d773722,https://github.com/apache/zeppelin/tree/8f344db93e6cbc8a6f24b7e19c7ed26533577138,https://github.com/apache/zeppelin/compare/c69d21f09b261a57021ea1b344aa84fc7d773722...8f344db93e6cbc8a6f24b7e19c7ed26533577138
421,Zeppelin,8f344db93e6cbc8a6f24b7e19c7ed26533577138,b8755ebb25ad793daa6873acc2e00b8d69588188,ZEPPELIN-1420,https://issues.apache.org/jira/browse/ZEPPELIN-1420,https://github.com/apache/zeppelin/tree/8f344db93e6cbc8a6f24b7e19c7ed26533577138,https://github.com/apache/zeppelin/tree/b8755ebb25ad793daa6873acc2e00b8d69588188,https://github.com/apache/zeppelin/compare/8f344db93e6cbc8a6f24b7e19c7ed26533577138...b8755ebb25ad793daa6873acc2e00b8d69588188
422,Zeppelin,ba12ea3ed9930d46cdd4a4b7606e8d0cb383a879,9b8421806038ff026ebab5d97f0b5d7d6b1b103c,ZEPPELIN-1368,https://issues.apache.org/jira/browse/ZEPPELIN-1368,https://github.com/apache/zeppelin/tree/ba12ea3ed9930d46cdd4a4b7606e8d0cb383a879,https://github.com/apache/zeppelin/tree/9b8421806038ff026ebab5d97f0b5d7d6b1b103c,https://github.com/apache/zeppelin/compare/ba12ea3ed9930d46cdd4a4b7606e8d0cb383a879...9b8421806038ff026ebab5d97f0b5d7d6b1b103c
423,Zeppelin,eb01bddd98fa5665acb23286c5fda8b3de01783b,46cd56ad26d59e93d3875c78f29fc6ebd27dfc07,ZEPPELIN-1387,https://issues.apache.org/jira/browse/ZEPPELIN-1387,https://github.com/apache/zeppelin/tree/eb01bddd98fa5665acb23286c5fda8b3de01783b,https://github.com/apache/zeppelin/tree/46cd56ad26d59e93d3875c78f29fc6ebd27dfc07,https://github.com/apache/zeppelin/compare/eb01bddd98fa5665acb23286c5fda8b3de01783b...46cd56ad26d59e93d3875c78f29fc6ebd27dfc07
424,Zeppelin,f2a5c594dc8e0810b22cb66b6db06ccb4f8927f4,6a90cacc150fba36803f7cb802d7c4e9355f77e3,ZEPPELIN-1454,https://issues.apache.org/jira/browse/ZEPPELIN-1454,https://github.com/apache/zeppelin/tree/f2a5c594dc8e0810b22cb66b6db06ccb4f8927f4,https://github.com/apache/zeppelin/tree/6a90cacc150fba36803f7cb802d7c4e9355f77e3,https://github.com/apache/zeppelin/compare/f2a5c594dc8e0810b22cb66b6db06ccb4f8927f4...6a90cacc150fba36803f7cb802d7c4e9355f77e3
425,Zeppelin,6a90cacc150fba36803f7cb802d7c4e9355f77e3,6f9012b40a63a019723753b9eb171a3fd44a6f6e,ZEPPELIN-1459,https://issues.apache.org/jira/browse/ZEPPELIN-1459,https://github.com/apache/zeppelin/tree/6a90cacc150fba36803f7cb802d7c4e9355f77e3,https://github.com/apache/zeppelin/tree/6f9012b40a63a019723753b9eb171a3fd44a6f6e,https://github.com/apache/zeppelin/compare/6a90cacc150fba36803f7cb802d7c4e9355f77e3...6f9012b40a63a019723753b9eb171a3fd44a6f6e
426,Zeppelin,a3ca80031121a495f2946bd6209710dc7b6e330d,2cb39f92e5e1b3872e0b2e880b3bceff57769d42,ZEPPELIN-1446,https://issues.apache.org/jira/browse/ZEPPELIN-1446,https://github.com/apache/zeppelin/tree/a3ca80031121a495f2946bd6209710dc7b6e330d,https://github.com/apache/zeppelin/tree/2cb39f92e5e1b3872e0b2e880b3bceff57769d42,https://github.com/apache/zeppelin/compare/a3ca80031121a495f2946bd6209710dc7b6e330d...2cb39f92e5e1b3872e0b2e880b3bceff57769d42
427,Zeppelin,2cb39f92e5e1b3872e0b2e880b3bceff57769d42,e08ddf78367b94b1fe5636d6640482486dc2326e,ZEPPELIN-1473,https://issues.apache.org/jira/browse/ZEPPELIN-1473,https://github.com/apache/zeppelin/tree/2cb39f92e5e1b3872e0b2e880b3bceff57769d42,https://github.com/apache/zeppelin/tree/e08ddf78367b94b1fe5636d6640482486dc2326e,https://github.com/apache/zeppelin/compare/2cb39f92e5e1b3872e0b2e880b3bceff57769d42...e08ddf78367b94b1fe5636d6640482486dc2326e
428,Zeppelin,2dc26f27be8557b70b22941c30a529db6b011bb4,c717daf6556c708a771ac89efd36b26ef2988c71,ZEPPELIN-1427,https://issues.apache.org/jira/browse/ZEPPELIN-1427,https://github.com/apache/zeppelin/tree/2dc26f27be8557b70b22941c30a529db6b011bb4,https://github.com/apache/zeppelin/tree/c717daf6556c708a771ac89efd36b26ef2988c71,https://github.com/apache/zeppelin/compare/2dc26f27be8557b70b22941c30a529db6b011bb4...c717daf6556c708a771ac89efd36b26ef2988c71
429,Zeppelin,89cf8262e6a740c267acad0c040d5d52675d6c00,c484619d19f53fb522a9cb5a05c83192f49961e4,ZEPPELIN-1482,https://issues.apache.org/jira/browse/ZEPPELIN-1482,https://github.com/apache/zeppelin/tree/89cf8262e6a740c267acad0c040d5d52675d6c00,https://github.com/apache/zeppelin/tree/c484619d19f53fb522a9cb5a05c83192f49961e4,https://github.com/apache/zeppelin/compare/89cf8262e6a740c267acad0c040d5d52675d6c00...c484619d19f53fb522a9cb5a05c83192f49961e4
430,Zeppelin,74ef094f6bb9cdf50afff91422dd4bad178a762d,aff653bcad899cdf6cc382bb6d25ebe91ce5e429,ZEPPELIN-1452,https://issues.apache.org/jira/browse/ZEPPELIN-1452,https://github.com/apache/zeppelin/tree/74ef094f6bb9cdf50afff91422dd4bad178a762d,https://github.com/apache/zeppelin/tree/aff653bcad899cdf6cc382bb6d25ebe91ce5e429,https://github.com/apache/zeppelin/compare/74ef094f6bb9cdf50afff91422dd4bad178a762d...aff653bcad899cdf6cc382bb6d25ebe91ce5e429
431,Zeppelin,5e02186df86d719286ae8e2c97df936c02166d34,f0818ce266f82bd48570f6427fde7f6566d4695d,ZEPPELIN-868,https://issues.apache.org/jira/browse/ZEPPELIN-868,https://github.com/apache/zeppelin/tree/5e02186df86d719286ae8e2c97df936c02166d34,https://github.com/apache/zeppelin/tree/f0818ce266f82bd48570f6427fde7f6566d4695d,https://github.com/apache/zeppelin/compare/5e02186df86d719286ae8e2c97df936c02166d34...f0818ce266f82bd48570f6427fde7f6566d4695d
432,Zeppelin,f0818ce266f82bd48570f6427fde7f6566d4695d,3017730b8f5c75f20883263af6b6c37b7831a6ac,Zeppelin-1001,https://issues.apache.org/jira/browse/ZEPPELIN-1001,https://github.com/apache/zeppelin/tree/f0818ce266f82bd48570f6427fde7f6566d4695d,https://github.com/apache/zeppelin/tree/3017730b8f5c75f20883263af6b6c37b7831a6ac,https://github.com/apache/zeppelin/compare/f0818ce266f82bd48570f6427fde7f6566d4695d...3017730b8f5c75f20883263af6b6c37b7831a6ac
433,Zeppelin,7ef2e58c748a59dc033980dc59183f465b9c24d6,c3e05de8af0208fbaf1c79d79cfdcdf1a97f047b,ZEPPELIN-1514,https://issues.apache.org/jira/browse/ZEPPELIN-1514,https://github.com/apache/zeppelin/tree/7ef2e58c748a59dc033980dc59183f465b9c24d6,https://github.com/apache/zeppelin/tree/c3e05de8af0208fbaf1c79d79cfdcdf1a97f047b,https://github.com/apache/zeppelin/compare/7ef2e58c748a59dc033980dc59183f465b9c24d6...c3e05de8af0208fbaf1c79d79cfdcdf1a97f047b
434,Zeppelin,c3e05de8af0208fbaf1c79d79cfdcdf1a97f047b,23a7e1b45c8845946746252c354f2da66febbbcc,ZEPPELIN-1502,https://issues.apache.org/jira/browse/ZEPPELIN-1502,https://github.com/apache/zeppelin/tree/c3e05de8af0208fbaf1c79d79cfdcdf1a97f047b,https://github.com/apache/zeppelin/tree/23a7e1b45c8845946746252c354f2da66febbbcc,https://github.com/apache/zeppelin/compare/c3e05de8af0208fbaf1c79d79cfdcdf1a97f047b...23a7e1b45c8845946746252c354f2da66febbbcc
435,Zeppelin,a9e7bc381a2f4d0dcabf153709291a3687a75087,578fdf3e0637e9bdf0c1954cee700d06dad6044f,ZEPPELIN-1410,https://issues.apache.org/jira/browse/ZEPPELIN-1410,https://github.com/apache/zeppelin/tree/a9e7bc381a2f4d0dcabf153709291a3687a75087,https://github.com/apache/zeppelin/tree/578fdf3e0637e9bdf0c1954cee700d06dad6044f,https://github.com/apache/zeppelin/compare/a9e7bc381a2f4d0dcabf153709291a3687a75087...578fdf3e0637e9bdf0c1954cee700d06dad6044f
436,Zeppelin,578fdf3e0637e9bdf0c1954cee700d06dad6044f,3f5a500ccf0f540fe2d9d488193a94f1eb737a3f,ZEPPELIN-1466,https://issues.apache.org/jira/browse/ZEPPELIN-1466,https://github.com/apache/zeppelin/tree/578fdf3e0637e9bdf0c1954cee700d06dad6044f,https://github.com/apache/zeppelin/tree/3f5a500ccf0f540fe2d9d488193a94f1eb737a3f,https://github.com/apache/zeppelin/compare/578fdf3e0637e9bdf0c1954cee700d06dad6044f...3f5a500ccf0f540fe2d9d488193a94f1eb737a3f
437,Zeppelin,de2d6e4956d5a6535628742c373e65c54891ee02,2771ba0b3360f77aab6736eeabee352946d998a6,ZEPPELIN-1519,https://issues.apache.org/jira/browse/ZEPPELIN-1519,https://github.com/apache/zeppelin/tree/de2d6e4956d5a6535628742c373e65c54891ee02,https://github.com/apache/zeppelin/tree/2771ba0b3360f77aab6736eeabee352946d998a6,https://github.com/apache/zeppelin/compare/de2d6e4956d5a6535628742c373e65c54891ee02...2771ba0b3360f77aab6736eeabee352946d998a6
438,Zeppelin,2771ba0b3360f77aab6736eeabee352946d998a6,1da262829a2ccb383e11713468f36e9214801ca0,ZEPPELIN-1509,https://issues.apache.org/jira/browse/ZEPPELIN-1509,https://github.com/apache/zeppelin/tree/2771ba0b3360f77aab6736eeabee352946d998a6,https://github.com/apache/zeppelin/tree/1da262829a2ccb383e11713468f36e9214801ca0,https://github.com/apache/zeppelin/compare/2771ba0b3360f77aab6736eeabee352946d998a6...1da262829a2ccb383e11713468f36e9214801ca0
439,Zeppelin,1da262829a2ccb383e11713468f36e9214801ca0,544aa3b66751e84646e7293f9c0d23a3aa372ae1,ZEPPELIN-1518,https://issues.apache.org/jira/browse/ZEPPELIN-1518,https://github.com/apache/zeppelin/tree/1da262829a2ccb383e11713468f36e9214801ca0,https://github.com/apache/zeppelin/tree/544aa3b66751e84646e7293f9c0d23a3aa372ae1,https://github.com/apache/zeppelin/compare/1da262829a2ccb383e11713468f36e9214801ca0...544aa3b66751e84646e7293f9c0d23a3aa372ae1
440,Zeppelin,544aa3b66751e84646e7293f9c0d23a3aa372ae1,1f6ff6875e7f03b67c016e0ca7280924bf691897,ZEPPELIN-1480,https://issues.apache.org/jira/browse/ZEPPELIN-1480,https://github.com/apache/zeppelin/tree/544aa3b66751e84646e7293f9c0d23a3aa372ae1,https://github.com/apache/zeppelin/tree/1f6ff6875e7f03b67c016e0ca7280924bf691897,https://github.com/apache/zeppelin/compare/544aa3b66751e84646e7293f9c0d23a3aa372ae1...1f6ff6875e7f03b67c016e0ca7280924bf691897
441,Zeppelin,79fd3a0242df9f7324410cfc5d987850ee3de405,33677c0c58b7d63797118750682852522bb07ed5,ZEPPELIN-1489,https://issues.apache.org/jira/browse/ZEPPELIN-1489,https://github.com/apache/zeppelin/tree/79fd3a0242df9f7324410cfc5d987850ee3de405,https://github.com/apache/zeppelin/tree/33677c0c58b7d63797118750682852522bb07ed5,https://github.com/apache/zeppelin/compare/79fd3a0242df9f7324410cfc5d987850ee3de405...33677c0c58b7d63797118750682852522bb07ed5
442,Zeppelin,d2f63f6f96f1921ebc901915abc606f431461cb8,d2f476d20509ba677e7f086dedd975feab415721,ZEPPELIN-1509,https://issues.apache.org/jira/browse/ZEPPELIN-1509,https://github.com/apache/zeppelin/tree/d2f63f6f96f1921ebc901915abc606f431461cb8,https://github.com/apache/zeppelin/tree/d2f476d20509ba677e7f086dedd975feab415721,https://github.com/apache/zeppelin/compare/d2f63f6f96f1921ebc901915abc606f431461cb8...d2f476d20509ba677e7f086dedd975feab415721
443,Zeppelin,5d5d758ce6ad1320c536ec7caddc9acc36876990,465c51a419347f89a7d73c8014b3b46f27f1d5b8,ZEPPELIN-335,https://issues.apache.org/jira/browse/ZEPPELIN-335,https://github.com/apache/zeppelin/tree/5d5d758ce6ad1320c536ec7caddc9acc36876990,https://github.com/apache/zeppelin/tree/465c51a419347f89a7d73c8014b3b46f27f1d5b8,https://github.com/apache/zeppelin/compare/5d5d758ce6ad1320c536ec7caddc9acc36876990...465c51a419347f89a7d73c8014b3b46f27f1d5b8
444,Zeppelin,3afd4449ceefe98bd69c3886310b03c3dccc6412,e5f211b7ba9c6282a3c50228ac913a174a830dbf,ZEPPELIN-1550,https://issues.apache.org/jira/browse/ZEPPELIN-1550,https://github.com/apache/zeppelin/tree/3afd4449ceefe98bd69c3886310b03c3dccc6412,https://github.com/apache/zeppelin/tree/e5f211b7ba9c6282a3c50228ac913a174a830dbf,https://github.com/apache/zeppelin/compare/3afd4449ceefe98bd69c3886310b03c3dccc6412...e5f211b7ba9c6282a3c50228ac913a174a830dbf
445,Zeppelin,8ea16ab65241cdbef8c41b8a4af01721f90b4dd6,b6e3c8ee8640c1d6f2bf67c6b490facadbdd3250,Zeppelin-1557,https://issues.apache.org/jira/browse/ZEPPELIN-1557,https://github.com/apache/zeppelin/tree/8ea16ab65241cdbef8c41b8a4af01721f90b4dd6,https://github.com/apache/zeppelin/tree/b6e3c8ee8640c1d6f2bf67c6b490facadbdd3250,https://github.com/apache/zeppelin/compare/8ea16ab65241cdbef8c41b8a4af01721f90b4dd6...b6e3c8ee8640c1d6f2bf67c6b490facadbdd3250
446,Zeppelin,b6e3c8ee8640c1d6f2bf67c6b490facadbdd3250,b77f9ea8d7bb2b4e8a5a7a15fa828fcd33abf0d5,ZEPPELIN-1437,https://issues.apache.org/jira/browse/ZEPPELIN-1437,https://github.com/apache/zeppelin/tree/b6e3c8ee8640c1d6f2bf67c6b490facadbdd3250,https://github.com/apache/zeppelin/tree/b77f9ea8d7bb2b4e8a5a7a15fa828fcd33abf0d5,https://github.com/apache/zeppelin/compare/b6e3c8ee8640c1d6f2bf67c6b490facadbdd3250...b77f9ea8d7bb2b4e8a5a7a15fa828fcd33abf0d5
447,Zeppelin,b77f9ea8d7bb2b4e8a5a7a15fa828fcd33abf0d5,6e3a1d26ffc3e9bae355df3533430791cdcfd5e4,ZEPPELIN-1487,https://issues.apache.org/jira/browse/ZEPPELIN-1487,https://github.com/apache/zeppelin/tree/b77f9ea8d7bb2b4e8a5a7a15fa828fcd33abf0d5,https://github.com/apache/zeppelin/tree/6e3a1d26ffc3e9bae355df3533430791cdcfd5e4,https://github.com/apache/zeppelin/compare/b77f9ea8d7bb2b4e8a5a7a15fa828fcd33abf0d5...6e3a1d26ffc3e9bae355df3533430791cdcfd5e4
448,Zeppelin,1214463c66062e8c3d31b460fd3c734b8a50a1bc,abf0470a3c8f3f7d38bc96c345f72f3298243f5c,ZEPPELIN-1534,https://issues.apache.org/jira/browse/ZEPPELIN-1534,https://github.com/apache/zeppelin/tree/1214463c66062e8c3d31b460fd3c734b8a50a1bc,https://github.com/apache/zeppelin/tree/abf0470a3c8f3f7d38bc96c345f72f3298243f5c,https://github.com/apache/zeppelin/compare/1214463c66062e8c3d31b460fd3c734b8a50a1bc...abf0470a3c8f3f7d38bc96c345f72f3298243f5c
449,Zeppelin,ab446338197443eee0f9d2ba4dd1c06a3320e4c0,26e67d5ae83303226308915243fb0da15dc00315,ZEPPELIN-1544,https://issues.apache.org/jira/browse/ZEPPELIN-1544,https://github.com/apache/zeppelin/tree/ab446338197443eee0f9d2ba4dd1c06a3320e4c0,https://github.com/apache/zeppelin/tree/26e67d5ae83303226308915243fb0da15dc00315,https://github.com/apache/zeppelin/compare/ab446338197443eee0f9d2ba4dd1c06a3320e4c0...26e67d5ae83303226308915243fb0da15dc00315
450,Zeppelin,908b2a74ff59c231d4ba29de93812ea938f85f7f,9e9ea3aea0a4e4ffaa87e0783fc85fb18cdc9887,ZEPPELIN-1483,https://issues.apache.org/jira/browse/ZEPPELIN-1483,https://github.com/apache/zeppelin/tree/908b2a74ff59c231d4ba29de93812ea938f85f7f,https://github.com/apache/zeppelin/tree/9e9ea3aea0a4e4ffaa87e0783fc85fb18cdc9887,https://github.com/apache/zeppelin/compare/908b2a74ff59c231d4ba29de93812ea938f85f7f...9e9ea3aea0a4e4ffaa87e0783fc85fb18cdc9887
451,Zeppelin,8af7856fd1b36da1c059cbd8eb71d6b28f0cd23e,5cc7cc56c59590d7af7f7d199f6a8dca8858a64f,ZEPPELIN-1488,https://issues.apache.org/jira/browse/ZEPPELIN-1488,https://github.com/apache/zeppelin/tree/8af7856fd1b36da1c059cbd8eb71d6b28f0cd23e,https://github.com/apache/zeppelin/tree/5cc7cc56c59590d7af7f7d199f6a8dca8858a64f,https://github.com/apache/zeppelin/compare/8af7856fd1b36da1c059cbd8eb71d6b28f0cd23e...5cc7cc56c59590d7af7f7d199f6a8dca8858a64f
452,Zeppelin,5cc7cc56c59590d7af7f7d199f6a8dca8858a64f,1b2635cfe679f43144f12fe79b348ab921ac70b8,Zeppelin-1555,https://issues.apache.org/jira/browse/ZEPPELIN-1555,https://github.com/apache/zeppelin/tree/5cc7cc56c59590d7af7f7d199f6a8dca8858a64f,https://github.com/apache/zeppelin/tree/1b2635cfe679f43144f12fe79b348ab921ac70b8,https://github.com/apache/zeppelin/compare/5cc7cc56c59590d7af7f7d199f6a8dca8858a64f...1b2635cfe679f43144f12fe79b348ab921ac70b8
453,Zeppelin,89392a3f20b8e447bb9ee54f23716001686d971e,dfbea2eb988e6b9ebf017d6a35f0ba590ce2873e,Zeppelin-1561,https://issues.apache.org/jira/browse/ZEPPELIN-1561,https://github.com/apache/zeppelin/tree/89392a3f20b8e447bb9ee54f23716001686d971e,https://github.com/apache/zeppelin/tree/dfbea2eb988e6b9ebf017d6a35f0ba590ce2873e,https://github.com/apache/zeppelin/compare/89392a3f20b8e447bb9ee54f23716001686d971e...dfbea2eb988e6b9ebf017d6a35f0ba590ce2873e
454,Zeppelin,4f6a0e34ffd17c38326e873c89062c62ede1b053,0dd04d52844f1f6c8100e148f8de9274628df3fc,ZEPPELIN-1162,https://issues.apache.org/jira/browse/ZEPPELIN-1162,https://github.com/apache/zeppelin/tree/4f6a0e34ffd17c38326e873c89062c62ede1b053,https://github.com/apache/zeppelin/tree/0dd04d52844f1f6c8100e148f8de9274628df3fc,https://github.com/apache/zeppelin/compare/4f6a0e34ffd17c38326e873c89062c62ede1b053...0dd04d52844f1f6c8100e148f8de9274628df3fc
455,Zeppelin,0dd04d52844f1f6c8100e148f8de9274628df3fc,4812719738c0e1b3e5b04752a54264ba9ec4cfa7,ZEPPELIN-1562,https://issues.apache.org/jira/browse/ZEPPELIN-1562,https://github.com/apache/zeppelin/tree/0dd04d52844f1f6c8100e148f8de9274628df3fc,https://github.com/apache/zeppelin/tree/4812719738c0e1b3e5b04752a54264ba9ec4cfa7,https://github.com/apache/zeppelin/compare/0dd04d52844f1f6c8100e148f8de9274628df3fc...4812719738c0e1b3e5b04752a54264ba9ec4cfa7
456,Zeppelin,60089f0f5801562c104b8822dabfedc889611abc,cf1f872e403c1e2a3695b2d8a2b061a87e0f2756,ZEPPELIN-1576,https://issues.apache.org/jira/browse/ZEPPELIN-1576,https://github.com/apache/zeppelin/tree/60089f0f5801562c104b8822dabfedc889611abc,https://github.com/apache/zeppelin/tree/cf1f872e403c1e2a3695b2d8a2b061a87e0f2756,https://github.com/apache/zeppelin/compare/60089f0f5801562c104b8822dabfedc889611abc...cf1f872e403c1e2a3695b2d8a2b061a87e0f2756
457,Zeppelin,f7c7efdb86f30df6fbd7dd61f16cd22236fcc61b,28adacb9c878f2d798f872048009bcdf3a41879c,ZEPPELIN-1461,https://issues.apache.org/jira/browse/ZEPPELIN-1461,https://github.com/apache/zeppelin/tree/f7c7efdb86f30df6fbd7dd61f16cd22236fcc61b,https://github.com/apache/zeppelin/tree/28adacb9c878f2d798f872048009bcdf3a41879c,https://github.com/apache/zeppelin/compare/f7c7efdb86f30df6fbd7dd61f16cd22236fcc61b...28adacb9c878f2d798f872048009bcdf3a41879c
458,Zeppelin,794c66b08f07ca1b6ba699dbd4be73e6966060ae,32fe23f2e283f6e555f54861ff20376507d2b705,ZEPPELIN-1586,https://issues.apache.org/jira/browse/ZEPPELIN-1586,https://github.com/apache/zeppelin/tree/794c66b08f07ca1b6ba699dbd4be73e6966060ae,https://github.com/apache/zeppelin/tree/32fe23f2e283f6e555f54861ff20376507d2b705,https://github.com/apache/zeppelin/compare/794c66b08f07ca1b6ba699dbd4be73e6966060ae...32fe23f2e283f6e555f54861ff20376507d2b705
459,Zeppelin,d4375977ddf938f40d0f6af24c35c898f7e96985,f1e9c520873ca3ee61f59b9425633340366b35f1,Zeppelin-53,https://issues.apache.org/jira/browse/ZEPPELIN-53,https://github.com/apache/zeppelin/tree/d4375977ddf938f40d0f6af24c35c898f7e96985,https://github.com/apache/zeppelin/tree/f1e9c520873ca3ee61f59b9425633340366b35f1,https://github.com/apache/zeppelin/compare/d4375977ddf938f40d0f6af24c35c898f7e96985...f1e9c520873ca3ee61f59b9425633340366b35f1
460,Zeppelin,2ea1ce541ee4a44c42b2a8c6caf6d3d1739217b8,8dde8fb9af86eda91b7eb744e2c30630f8b4bf5d,ZEPPELIN-1612,https://issues.apache.org/jira/browse/ZEPPELIN-1612,https://github.com/apache/zeppelin/tree/2ea1ce541ee4a44c42b2a8c6caf6d3d1739217b8,https://github.com/apache/zeppelin/tree/8dde8fb9af86eda91b7eb744e2c30630f8b4bf5d,https://github.com/apache/zeppelin/compare/2ea1ce541ee4a44c42b2a8c6caf6d3d1739217b8...8dde8fb9af86eda91b7eb744e2c30630f8b4bf5d
461,Zeppelin,b6cd47996038bafd3c05caf8f17b26f0d30f3224,0e087455af491a1c4b0fd393ceed39489c790793,ZEPPELIN-1615,https://issues.apache.org/jira/browse/ZEPPELIN-1615,https://github.com/apache/zeppelin/tree/b6cd47996038bafd3c05caf8f17b26f0d30f3224,https://github.com/apache/zeppelin/tree/0e087455af491a1c4b0fd393ceed39489c790793,https://github.com/apache/zeppelin/compare/b6cd47996038bafd3c05caf8f17b26f0d30f3224...0e087455af491a1c4b0fd393ceed39489c790793
462,Zeppelin,0e087455af491a1c4b0fd393ceed39489c790793,dd20e7bf8bf7b307f72b4f601fa675e06f7d03c5,ZEPPELIN-1564,https://issues.apache.org/jira/browse/ZEPPELIN-1564,https://github.com/apache/zeppelin/tree/0e087455af491a1c4b0fd393ceed39489c790793,https://github.com/apache/zeppelin/tree/dd20e7bf8bf7b307f72b4f601fa675e06f7d03c5,https://github.com/apache/zeppelin/compare/0e087455af491a1c4b0fd393ceed39489c790793...dd20e7bf8bf7b307f72b4f601fa675e06f7d03c5
463,Zeppelin,dd20e7bf8bf7b307f72b4f601fa675e06f7d03c5,4a1a2e48bffa8b18ee10629d7283c7f77aff4cbb,ZEPPELIN-1627,https://issues.apache.org/jira/browse/ZEPPELIN-1627,https://github.com/apache/zeppelin/tree/dd20e7bf8bf7b307f72b4f601fa675e06f7d03c5,https://github.com/apache/zeppelin/tree/4a1a2e48bffa8b18ee10629d7283c7f77aff4cbb,https://github.com/apache/zeppelin/compare/dd20e7bf8bf7b307f72b4f601fa675e06f7d03c5...4a1a2e48bffa8b18ee10629d7283c7f77aff4cbb
464,Zeppelin,cb175032a29f545200680d8fb153f871749e024d,1cde24665180e8f10651012f53d7bcb58ea2eb44,ZEPPELIN-1451,https://issues.apache.org/jira/browse/ZEPPELIN-1451,https://github.com/apache/zeppelin/tree/cb175032a29f545200680d8fb153f871749e024d,https://github.com/apache/zeppelin/tree/1cde24665180e8f10651012f53d7bcb58ea2eb44,https://github.com/apache/zeppelin/compare/cb175032a29f545200680d8fb153f871749e024d...1cde24665180e8f10651012f53d7bcb58ea2eb44
465,Zeppelin,e25266706e69e31fdae95180ac282f2ab10a497f,a4f9f6bad83251d5a0b839b5e73bbe44f7468569,ZEPPELIN-449,https://issues.apache.org/jira/browse/ZEPPELIN-449,https://github.com/apache/zeppelin/tree/e25266706e69e31fdae95180ac282f2ab10a497f,https://github.com/apache/zeppelin/tree/a4f9f6bad83251d5a0b839b5e73bbe44f7468569,https://github.com/apache/zeppelin/compare/e25266706e69e31fdae95180ac282f2ab10a497f...a4f9f6bad83251d5a0b839b5e73bbe44f7468569
466,Zeppelin,a3c195a543ae149cab68e1f2e60748890fe300e1,c4e722afd1c7773a1a2a9e43b12d20b8e31a513d,ZEPPELIN-1500,https://issues.apache.org/jira/browse/ZEPPELIN-1500,https://github.com/apache/zeppelin/tree/a3c195a543ae149cab68e1f2e60748890fe300e1,https://github.com/apache/zeppelin/tree/c4e722afd1c7773a1a2a9e43b12d20b8e31a513d,https://github.com/apache/zeppelin/compare/a3c195a543ae149cab68e1f2e60748890fe300e1...c4e722afd1c7773a1a2a9e43b12d20b8e31a513d
467,Zeppelin,c1254f7b0d29d311e7759af3054e5e5ac7c77c33,aded8681bb06e2ca897253820640b153afa3c468,ZEPPELIN-1655,https://issues.apache.org/jira/browse/ZEPPELIN-1655,https://github.com/apache/zeppelin/tree/c1254f7b0d29d311e7759af3054e5e5ac7c77c33,https://github.com/apache/zeppelin/tree/aded8681bb06e2ca897253820640b153afa3c468,https://github.com/apache/zeppelin/compare/c1254f7b0d29d311e7759af3054e5e5ac7c77c33...aded8681bb06e2ca897253820640b153afa3c468
468,Zeppelin,aded8681bb06e2ca897253820640b153afa3c468,f7af21e2197cb4d106fdb66fde016120d4d5748d,ZEPPELIN-1656,https://issues.apache.org/jira/browse/ZEPPELIN-1656,https://github.com/apache/zeppelin/tree/aded8681bb06e2ca897253820640b153afa3c468,https://github.com/apache/zeppelin/tree/f7af21e2197cb4d106fdb66fde016120d4d5748d,https://github.com/apache/zeppelin/compare/aded8681bb06e2ca897253820640b153afa3c468...f7af21e2197cb4d106fdb66fde016120d4d5748d
469,Zeppelin,f127237fb1f774d540ce9d8e5885c0dddd35419a,44d359d540b19aa0e16c5e5cdef4742e027d03a0,ZEPPELIN-1652,https://issues.apache.org/jira/browse/ZEPPELIN-1652,https://github.com/apache/zeppelin/tree/f127237fb1f774d540ce9d8e5885c0dddd35419a,https://github.com/apache/zeppelin/tree/44d359d540b19aa0e16c5e5cdef4742e027d03a0,https://github.com/apache/zeppelin/compare/f127237fb1f774d540ce9d8e5885c0dddd35419a...44d359d540b19aa0e16c5e5cdef4742e027d03a0
470,Zeppelin,44d359d540b19aa0e16c5e5cdef4742e027d03a0,6069a083afe0bb66b664deac2d332984498b933b,ZEPPELIN-1647,https://issues.apache.org/jira/browse/ZEPPELIN-1647,https://github.com/apache/zeppelin/tree/44d359d540b19aa0e16c5e5cdef4742e027d03a0,https://github.com/apache/zeppelin/tree/6069a083afe0bb66b664deac2d332984498b933b,https://github.com/apache/zeppelin/compare/44d359d540b19aa0e16c5e5cdef4742e027d03a0...6069a083afe0bb66b664deac2d332984498b933b
471,Zeppelin,513f8755a4c4d09b8191f3a46f4eed47c0dc3603,621c527f275aef2b25d3cc56447e0279dad802b4,ZEPPELIN-1659,https://issues.apache.org/jira/browse/ZEPPELIN-1659,https://github.com/apache/zeppelin/tree/513f8755a4c4d09b8191f3a46f4eed47c0dc3603,https://github.com/apache/zeppelin/tree/621c527f275aef2b25d3cc56447e0279dad802b4,https://github.com/apache/zeppelin/compare/513f8755a4c4d09b8191f3a46f4eed47c0dc3603...621c527f275aef2b25d3cc56447e0279dad802b4
472,Zeppelin,96ca84da156522bab33f734c89f0cc8b398e5334,65667a34d8289eb612a38381597d488cf88aa2c3,ZEPPELIN-1664,https://issues.apache.org/jira/browse/ZEPPELIN-1664,https://github.com/apache/zeppelin/tree/96ca84da156522bab33f734c89f0cc8b398e5334,https://github.com/apache/zeppelin/tree/65667a34d8289eb612a38381597d488cf88aa2c3,https://github.com/apache/zeppelin/compare/96ca84da156522bab33f734c89f0cc8b398e5334...65667a34d8289eb612a38381597d488cf88aa2c3
473,Zeppelin,65667a34d8289eb612a38381597d488cf88aa2c3,89f3d72c4098279aaec83bbc4e4ce22f2df95b54,ZEPPELIN-1688,https://issues.apache.org/jira/browse/ZEPPELIN-1688,https://github.com/apache/zeppelin/tree/65667a34d8289eb612a38381597d488cf88aa2c3,https://github.com/apache/zeppelin/tree/89f3d72c4098279aaec83bbc4e4ce22f2df95b54,https://github.com/apache/zeppelin/compare/65667a34d8289eb612a38381597d488cf88aa2c3...89f3d72c4098279aaec83bbc4e4ce22f2df95b54
474,Zeppelin,89f3d72c4098279aaec83bbc4e4ce22f2df95b54,0960dbc25da9d4cba3730ae5dd6d12e550ba8e7d,ZEPPELIN-1654,https://issues.apache.org/jira/browse/ZEPPELIN-1654,https://github.com/apache/zeppelin/tree/89f3d72c4098279aaec83bbc4e4ce22f2df95b54,https://github.com/apache/zeppelin/tree/0960dbc25da9d4cba3730ae5dd6d12e550ba8e7d,https://github.com/apache/zeppelin/compare/89f3d72c4098279aaec83bbc4e4ce22f2df95b54...0960dbc25da9d4cba3730ae5dd6d12e550ba8e7d
475,Zeppelin,ab2cdfd384c0cc96a1ef10ff224d2a6b8a5fce06,305e4e1e00df287a493865b8501d1c5ea28bd571,ZEPPELIN-1672,https://issues.apache.org/jira/browse/ZEPPELIN-1672,https://github.com/apache/zeppelin/tree/ab2cdfd384c0cc96a1ef10ff224d2a6b8a5fce06,https://github.com/apache/zeppelin/tree/305e4e1e00df287a493865b8501d1c5ea28bd571,https://github.com/apache/zeppelin/compare/ab2cdfd384c0cc96a1ef10ff224d2a6b8a5fce06...305e4e1e00df287a493865b8501d1c5ea28bd571
476,Zeppelin,5e85e6ea6ff004735fde9bef58085b83369f864b,12105aeee723f0f0890fdaf6c88b6378946d390a,ZEPPELIN-1679,https://issues.apache.org/jira/browse/ZEPPELIN-1679,https://github.com/apache/zeppelin/tree/5e85e6ea6ff004735fde9bef58085b83369f864b,https://github.com/apache/zeppelin/tree/12105aeee723f0f0890fdaf6c88b6378946d390a,https://github.com/apache/zeppelin/compare/5e85e6ea6ff004735fde9bef58085b83369f864b...12105aeee723f0f0890fdaf6c88b6378946d390a
477,Zeppelin,8c087c1b8a44a614e56b1e58734b4d60d04d32c4,85c50a8aba81bcb0570f36a1f5cda3e2fabe96e1,ZEPPELIN-1622,https://issues.apache.org/jira/browse/ZEPPELIN-1622,https://github.com/apache/zeppelin/tree/8c087c1b8a44a614e56b1e58734b4d60d04d32c4,https://github.com/apache/zeppelin/tree/85c50a8aba81bcb0570f36a1f5cda3e2fabe96e1,https://github.com/apache/zeppelin/compare/8c087c1b8a44a614e56b1e58734b4d60d04d32c4...85c50a8aba81bcb0570f36a1f5cda3e2fabe96e1
478,Zeppelin,366590150488e81691f9711bff9b4e2724afb8be,498241b0c4adb166c89b3b2640e80b5c5f914d33,ZEPPELIN-1693,https://issues.apache.org/jira/browse/ZEPPELIN-1693,https://github.com/apache/zeppelin/tree/366590150488e81691f9711bff9b4e2724afb8be,https://github.com/apache/zeppelin/tree/498241b0c4adb166c89b3b2640e80b5c5f914d33,https://github.com/apache/zeppelin/compare/366590150488e81691f9711bff9b4e2724afb8be...498241b0c4adb166c89b3b2640e80b5c5f914d33
479,Zeppelin,de4049725d2d9565f04a981c34c3dbe18e0ecd35,0bcbfb922ed35940f36765758f6615c99f5afa7d,ZEPPELIN-1689,https://issues.apache.org/jira/browse/ZEPPELIN-1689,https://github.com/apache/zeppelin/tree/de4049725d2d9565f04a981c34c3dbe18e0ecd35,https://github.com/apache/zeppelin/tree/0bcbfb922ed35940f36765758f6615c99f5afa7d,https://github.com/apache/zeppelin/compare/de4049725d2d9565f04a981c34c3dbe18e0ecd35...0bcbfb922ed35940f36765758f6615c99f5afa7d
480,Zeppelin,5595bfb9d06267712505dd9d3f4479d16a54aef8,3389e8cfcbb8618102cd4894339e1a1828bbc837,ZEPPELIN-1666,https://issues.apache.org/jira/browse/ZEPPELIN-1666,https://github.com/apache/zeppelin/tree/5595bfb9d06267712505dd9d3f4479d16a54aef8,https://github.com/apache/zeppelin/tree/3389e8cfcbb8618102cd4894339e1a1828bbc837,https://github.com/apache/zeppelin/compare/5595bfb9d06267712505dd9d3f4479d16a54aef8...3389e8cfcbb8618102cd4894339e1a1828bbc837
481,Zeppelin,e29608ff399ae6238db7086c214da0cc5c45a0fd,9694a1a5bb738229b045b5a1d8ec2e023c45b1fa,ZEPPELIN-1613,https://issues.apache.org/jira/browse/ZEPPELIN-1613,https://github.com/apache/zeppelin/tree/e29608ff399ae6238db7086c214da0cc5c45a0fd,https://github.com/apache/zeppelin/tree/9694a1a5bb738229b045b5a1d8ec2e023c45b1fa,https://github.com/apache/zeppelin/compare/e29608ff399ae6238db7086c214da0cc5c45a0fd...9694a1a5bb738229b045b5a1d8ec2e023c45b1fa
482,Zeppelin,9694a1a5bb738229b045b5a1d8ec2e023c45b1fa,823e2e02488dd1a4788eabaa37c531e6a3f4583c,ZEPPELIN-1705,https://issues.apache.org/jira/browse/ZEPPELIN-1705,https://github.com/apache/zeppelin/tree/9694a1a5bb738229b045b5a1d8ec2e023c45b1fa,https://github.com/apache/zeppelin/tree/823e2e02488dd1a4788eabaa37c531e6a3f4583c,https://github.com/apache/zeppelin/compare/9694a1a5bb738229b045b5a1d8ec2e023c45b1fa...823e2e02488dd1a4788eabaa37c531e6a3f4583c
483,Zeppelin,cb5c8a414a59ae7899e6d96bd738b79916e9895f,07fbc6ec8c39436e1942ba87a047f08ff7484eaa,ZEPPELIN-1645,https://issues.apache.org/jira/browse/ZEPPELIN-1645,https://github.com/apache/zeppelin/tree/cb5c8a414a59ae7899e6d96bd738b79916e9895f,https://github.com/apache/zeppelin/tree/07fbc6ec8c39436e1942ba87a047f08ff7484eaa,https://github.com/apache/zeppelin/compare/cb5c8a414a59ae7899e6d96bd738b79916e9895f...07fbc6ec8c39436e1942ba87a047f08ff7484eaa
484,Zeppelin,07fbc6ec8c39436e1942ba87a047f08ff7484eaa,6a2a341b0c05a2a46e9bf0c96b869d483ec4977f,ZEPPELIN-1013,https://issues.apache.org/jira/browse/ZEPPELIN-1013,https://github.com/apache/zeppelin/tree/07fbc6ec8c39436e1942ba87a047f08ff7484eaa,https://github.com/apache/zeppelin/tree/6a2a341b0c05a2a46e9bf0c96b869d483ec4977f,https://github.com/apache/zeppelin/compare/07fbc6ec8c39436e1942ba87a047f08ff7484eaa...6a2a341b0c05a2a46e9bf0c96b869d483ec4977f
485,Zeppelin,6a2a341b0c05a2a46e9bf0c96b869d483ec4977f,9db840c6555e0fae60b3eca8f2af59d1c87ed036,ZEPPELIN-1665,https://issues.apache.org/jira/browse/ZEPPELIN-1665,https://github.com/apache/zeppelin/tree/6a2a341b0c05a2a46e9bf0c96b869d483ec4977f,https://github.com/apache/zeppelin/tree/9db840c6555e0fae60b3eca8f2af59d1c87ed036,https://github.com/apache/zeppelin/compare/6a2a341b0c05a2a46e9bf0c96b869d483ec4977f...9db840c6555e0fae60b3eca8f2af59d1c87ed036
486,Zeppelin,9db840c6555e0fae60b3eca8f2af59d1c87ed036,234c42bdb1a9494c9c2a36e6bbe3bec7be7104cc,ZEPPELIN-1714,https://issues.apache.org/jira/browse/ZEPPELIN-1714,https://github.com/apache/zeppelin/tree/9db840c6555e0fae60b3eca8f2af59d1c87ed036,https://github.com/apache/zeppelin/tree/234c42bdb1a9494c9c2a36e6bbe3bec7be7104cc,https://github.com/apache/zeppelin/compare/9db840c6555e0fae60b3eca8f2af59d1c87ed036...234c42bdb1a9494c9c2a36e6bbe3bec7be7104cc
487,Zeppelin,71632967ded7904319a17cbe1ae6104efe4f249d,752c8abba15dd8caee99b542bf09d702681a77fc,ZEPPELIN-1725,https://issues.apache.org/jira/browse/ZEPPELIN-1725,https://github.com/apache/zeppelin/tree/71632967ded7904319a17cbe1ae6104efe4f249d,https://github.com/apache/zeppelin/tree/752c8abba15dd8caee99b542bf09d702681a77fc,https://github.com/apache/zeppelin/compare/71632967ded7904319a17cbe1ae6104efe4f249d...752c8abba15dd8caee99b542bf09d702681a77fc
488,Zeppelin,850fd81a51118e0eeabb7924a82a810463c93645,01c45d7ae601963068ebfc225a5947fc69eac67a,ZEPPELIN-1724,https://issues.apache.org/jira/browse/ZEPPELIN-1724,https://github.com/apache/zeppelin/tree/850fd81a51118e0eeabb7924a82a810463c93645,https://github.com/apache/zeppelin/tree/01c45d7ae601963068ebfc225a5947fc69eac67a,https://github.com/apache/zeppelin/compare/850fd81a51118e0eeabb7924a82a810463c93645...01c45d7ae601963068ebfc225a5947fc69eac67a
489,Zeppelin,01c45d7ae601963068ebfc225a5947fc69eac67a,2cccfb926671549fc5337a3335b3ef9264d40f75,ZEPPELIN-1716,https://issues.apache.org/jira/browse/ZEPPELIN-1716,https://github.com/apache/zeppelin/tree/01c45d7ae601963068ebfc225a5947fc69eac67a,https://github.com/apache/zeppelin/tree/2cccfb926671549fc5337a3335b3ef9264d40f75,https://github.com/apache/zeppelin/compare/01c45d7ae601963068ebfc225a5947fc69eac67a...2cccfb926671549fc5337a3335b3ef9264d40f75
490,Zeppelin,29b7436091c52975e9b3bbd28868f379b55eaa63,5eec213c8400557da47cb6f2631cb2ed31d23e2d,ZEPPELIN-1727,https://issues.apache.org/jira/browse/ZEPPELIN-1727,https://github.com/apache/zeppelin/tree/29b7436091c52975e9b3bbd28868f379b55eaa63,https://github.com/apache/zeppelin/tree/5eec213c8400557da47cb6f2631cb2ed31d23e2d,https://github.com/apache/zeppelin/compare/29b7436091c52975e9b3bbd28868f379b55eaa63...5eec213c8400557da47cb6f2631cb2ed31d23e2d
491,Zeppelin,13d77e07f834ff375941841e5b2e8cc344702749,c7dede3d36c116de727d16fbb614ba0f66384fc7,ZEPPELIN-1728,https://issues.apache.org/jira/browse/ZEPPELIN-1728,https://github.com/apache/zeppelin/tree/13d77e07f834ff375941841e5b2e8cc344702749,https://github.com/apache/zeppelin/tree/c7dede3d36c116de727d16fbb614ba0f66384fc7,https://github.com/apache/zeppelin/compare/13d77e07f834ff375941841e5b2e8cc344702749...c7dede3d36c116de727d16fbb614ba0f66384fc7
492,Zeppelin,c7dede3d36c116de727d16fbb614ba0f66384fc7,d1fc86b7b2d2012c0323345166c98cc02886e9f1,ZEPPELIN-1701,https://issues.apache.org/jira/browse/ZEPPELIN-1701,https://github.com/apache/zeppelin/tree/c7dede3d36c116de727d16fbb614ba0f66384fc7,https://github.com/apache/zeppelin/tree/d1fc86b7b2d2012c0323345166c98cc02886e9f1,https://github.com/apache/zeppelin/compare/c7dede3d36c116de727d16fbb614ba0f66384fc7...d1fc86b7b2d2012c0323345166c98cc02886e9f1
493,Zeppelin,fa31bd31c9d6feb15717bb3206950bd49d981e4f,0e4d9616833dd583f2162797c5bc647315743ea9,ZEPPELIN-1674,https://issues.apache.org/jira/browse/ZEPPELIN-1674,https://github.com/apache/zeppelin/tree/fa31bd31c9d6feb15717bb3206950bd49d981e4f,https://github.com/apache/zeppelin/tree/0e4d9616833dd583f2162797c5bc647315743ea9,https://github.com/apache/zeppelin/compare/fa31bd31c9d6feb15717bb3206950bd49d981e4f...0e4d9616833dd583f2162797c5bc647315743ea9
494,Zeppelin,0e4d9616833dd583f2162797c5bc647315743ea9,83320c709a6aea4663ce399abaa979a697d333d6,ZEPPELIN-1747,https://issues.apache.org/jira/browse/ZEPPELIN-1747,https://github.com/apache/zeppelin/tree/0e4d9616833dd583f2162797c5bc647315743ea9,https://github.com/apache/zeppelin/tree/83320c709a6aea4663ce399abaa979a697d333d6,https://github.com/apache/zeppelin/compare/0e4d9616833dd583f2162797c5bc647315743ea9...83320c709a6aea4663ce399abaa979a697d333d6
495,Zeppelin,ba87ad33439e53c14741b2c23e9dc2b7a3813b2a,a8655dddd6c7382223195c0ba6854b38d66d83b1,ZEPPELIN-1710,https://issues.apache.org/jira/browse/ZEPPELIN-1710,https://github.com/apache/zeppelin/tree/ba87ad33439e53c14741b2c23e9dc2b7a3813b2a,https://github.com/apache/zeppelin/tree/a8655dddd6c7382223195c0ba6854b38d66d83b1,https://github.com/apache/zeppelin/compare/ba87ad33439e53c14741b2c23e9dc2b7a3813b2a...a8655dddd6c7382223195c0ba6854b38d66d83b1
496,Zeppelin,a8655dddd6c7382223195c0ba6854b38d66d83b1,27d36daa843c865d44792f37111ebaccbff2e102,ZEPPELIN-1754,https://issues.apache.org/jira/browse/ZEPPELIN-1754,https://github.com/apache/zeppelin/tree/a8655dddd6c7382223195c0ba6854b38d66d83b1,https://github.com/apache/zeppelin/tree/27d36daa843c865d44792f37111ebaccbff2e102,https://github.com/apache/zeppelin/compare/a8655dddd6c7382223195c0ba6854b38d66d83b1...27d36daa843c865d44792f37111ebaccbff2e102
497,Zeppelin,a8ea9e1a263c07428f4882da46983f879c62138a,6177c819b1edb76cfaa8f6249dc9041771ce6da9,ZEPPELIN-1767,https://issues.apache.org/jira/browse/ZEPPELIN-1767,https://github.com/apache/zeppelin/tree/a8ea9e1a263c07428f4882da46983f879c62138a,https://github.com/apache/zeppelin/tree/6177c819b1edb76cfaa8f6249dc9041771ce6da9,https://github.com/apache/zeppelin/compare/a8ea9e1a263c07428f4882da46983f879c62138a...6177c819b1edb76cfaa8f6249dc9041771ce6da9
498,Zeppelin,6177c819b1edb76cfaa8f6249dc9041771ce6da9,7ef0554af7c5682077df1bee8892fee4caeb87d5,ZEPPELIN-1800,https://issues.apache.org/jira/browse/ZEPPELIN-1800,https://github.com/apache/zeppelin/tree/6177c819b1edb76cfaa8f6249dc9041771ce6da9,https://github.com/apache/zeppelin/tree/7ef0554af7c5682077df1bee8892fee4caeb87d5,https://github.com/apache/zeppelin/compare/6177c819b1edb76cfaa8f6249dc9041771ce6da9...7ef0554af7c5682077df1bee8892fee4caeb87d5
499,Zeppelin,28cb56efa285f63b29dd169b7740330277470168,c2e1a5a3701d486e93950d3e0448ddea16b18db3,ZEPPELIN-1776,https://issues.apache.org/jira/browse/ZEPPELIN-1776,https://github.com/apache/zeppelin/tree/28cb56efa285f63b29dd169b7740330277470168,https://github.com/apache/zeppelin/tree/c2e1a5a3701d486e93950d3e0448ddea16b18db3,https://github.com/apache/zeppelin/compare/28cb56efa285f63b29dd169b7740330277470168...c2e1a5a3701d486e93950d3e0448ddea16b18db3
500,Zeppelin,c2e1a5a3701d486e93950d3e0448ddea16b18db3,76d77c5b354bb05013a3191e100f062f4de65ce4,ZEPPELIN-1769,https://issues.apache.org/jira/browse/ZEPPELIN-1769,https://github.com/apache/zeppelin/tree/c2e1a5a3701d486e93950d3e0448ddea16b18db3,https://github.com/apache/zeppelin/tree/76d77c5b354bb05013a3191e100f062f4de65ce4,https://github.com/apache/zeppelin/compare/c2e1a5a3701d486e93950d3e0448ddea16b18db3...76d77c5b354bb05013a3191e100f062f4de65ce4
501,Zeppelin,2fe5a00857bd06a2d6c7691f245e4c0c00b3b051,75e227ebc4f70c749ed9f0a149a937c4722d4abb,ZEPPELIN-1753,https://issues.apache.org/jira/browse/ZEPPELIN-1753,https://github.com/apache/zeppelin/tree/2fe5a00857bd06a2d6c7691f245e4c0c00b3b051,https://github.com/apache/zeppelin/tree/75e227ebc4f70c749ed9f0a149a937c4722d4abb,https://github.com/apache/zeppelin/compare/2fe5a00857bd06a2d6c7691f245e4c0c00b3b051...75e227ebc4f70c749ed9f0a149a937c4722d4abb
502,Zeppelin,75e227ebc4f70c749ed9f0a149a937c4722d4abb,45d20abd4bd3f131ed7adbc182e8caa0ef7e469f,ZEPPELIN-1785,https://issues.apache.org/jira/browse/ZEPPELIN-1785,https://github.com/apache/zeppelin/tree/75e227ebc4f70c749ed9f0a149a937c4722d4abb,https://github.com/apache/zeppelin/tree/45d20abd4bd3f131ed7adbc182e8caa0ef7e469f,https://github.com/apache/zeppelin/compare/75e227ebc4f70c749ed9f0a149a937c4722d4abb...45d20abd4bd3f131ed7adbc182e8caa0ef7e469f
503,Zeppelin,45d20abd4bd3f131ed7adbc182e8caa0ef7e469f,625bd4214ac42f5f829d955108d2474a63e67b19,ZEPPELIN-1744,https://issues.apache.org/jira/browse/ZEPPELIN-1744,https://github.com/apache/zeppelin/tree/45d20abd4bd3f131ed7adbc182e8caa0ef7e469f,https://github.com/apache/zeppelin/tree/625bd4214ac42f5f829d955108d2474a63e67b19,https://github.com/apache/zeppelin/compare/45d20abd4bd3f131ed7adbc182e8caa0ef7e469f...625bd4214ac42f5f829d955108d2474a63e67b19
504,Zeppelin,1c7d8fb0f7f8dd3cb6ce4837053c11c6453b5f18,cc39f85a7adea2ded192dd49dd4105c2183fff5c,ZEPPELIN-1820,https://issues.apache.org/jira/browse/ZEPPELIN-1820,https://github.com/apache/zeppelin/tree/1c7d8fb0f7f8dd3cb6ce4837053c11c6453b5f18,https://github.com/apache/zeppelin/tree/cc39f85a7adea2ded192dd49dd4105c2183fff5c,https://github.com/apache/zeppelin/compare/1c7d8fb0f7f8dd3cb6ce4837053c11c6453b5f18...cc39f85a7adea2ded192dd49dd4105c2183fff5c
505,Zeppelin,14479fd7a07c0183a620d37db446290789c6da91,9eb580cd3207263eb2e8713e58ea8a77c94e5bbb,ZEPPELIN-1763,https://issues.apache.org/jira/browse/ZEPPELIN-1763,https://github.com/apache/zeppelin/tree/14479fd7a07c0183a620d37db446290789c6da91,https://github.com/apache/zeppelin/tree/9eb580cd3207263eb2e8713e58ea8a77c94e5bbb,https://github.com/apache/zeppelin/compare/14479fd7a07c0183a620d37db446290789c6da91...9eb580cd3207263eb2e8713e58ea8a77c94e5bbb
506,Zeppelin,e230af9cfd9d252696b8014c8a3e32b25158dde1,9f32ecea9f77cbbe38ea35ff7c9a3cef8e3d19ec,ZEPPELIN-1818,https://issues.apache.org/jira/browse/ZEPPELIN-1818,https://github.com/apache/zeppelin/tree/e230af9cfd9d252696b8014c8a3e32b25158dde1,https://github.com/apache/zeppelin/tree/9f32ecea9f77cbbe38ea35ff7c9a3cef8e3d19ec,https://github.com/apache/zeppelin/compare/e230af9cfd9d252696b8014c8a3e32b25158dde1...9f32ecea9f77cbbe38ea35ff7c9a3cef8e3d19ec
507,Zeppelin,9f32ecea9f77cbbe38ea35ff7c9a3cef8e3d19ec,e19e47c8c54b05a2bedf0bee84538123ac566e2e,ZEPPELIN-1834,https://issues.apache.org/jira/browse/ZEPPELIN-1834,https://github.com/apache/zeppelin/tree/9f32ecea9f77cbbe38ea35ff7c9a3cef8e3d19ec,https://github.com/apache/zeppelin/tree/e19e47c8c54b05a2bedf0bee84538123ac566e2e,https://github.com/apache/zeppelin/compare/9f32ecea9f77cbbe38ea35ff7c9a3cef8e3d19ec...e19e47c8c54b05a2bedf0bee84538123ac566e2e
508,Zeppelin,e19e47c8c54b05a2bedf0bee84538123ac566e2e,44c800f0921efad254dc92a4ca1fc6c9f1dac3ee,ZEPPELIN-1810,https://issues.apache.org/jira/browse/ZEPPELIN-1810,https://github.com/apache/zeppelin/tree/e19e47c8c54b05a2bedf0bee84538123ac566e2e,https://github.com/apache/zeppelin/tree/44c800f0921efad254dc92a4ca1fc6c9f1dac3ee,https://github.com/apache/zeppelin/compare/e19e47c8c54b05a2bedf0bee84538123ac566e2e...44c800f0921efad254dc92a4ca1fc6c9f1dac3ee
509,Zeppelin,44c800f0921efad254dc92a4ca1fc6c9f1dac3ee,ca7b28adb0186384b10c424eb0b7063254ca7cdd,ZEPPELIN-1785,https://issues.apache.org/jira/browse/ZEPPELIN-1785,https://github.com/apache/zeppelin/tree/44c800f0921efad254dc92a4ca1fc6c9f1dac3ee,https://github.com/apache/zeppelin/tree/ca7b28adb0186384b10c424eb0b7063254ca7cdd,https://github.com/apache/zeppelin/compare/44c800f0921efad254dc92a4ca1fc6c9f1dac3ee...ca7b28adb0186384b10c424eb0b7063254ca7cdd
510,Zeppelin,ca7b28adb0186384b10c424eb0b7063254ca7cdd,5552319378e8361a16c91df2ba3cdf5519b74d58,ZEPPELIN-1239,https://issues.apache.org/jira/browse/ZEPPELIN-1239,https://github.com/apache/zeppelin/tree/ca7b28adb0186384b10c424eb0b7063254ca7cdd,https://github.com/apache/zeppelin/tree/5552319378e8361a16c91df2ba3cdf5519b74d58,https://github.com/apache/zeppelin/compare/ca7b28adb0186384b10c424eb0b7063254ca7cdd...5552319378e8361a16c91df2ba3cdf5519b74d58
511,Zeppelin,ba4418d000e4c526584a66e7c87905f0abcf26f8,82d836fd5a2c045f8f79d65f78396bf9c4818e85,ZEPPELIN-1801,https://issues.apache.org/jira/browse/ZEPPELIN-1801,https://github.com/apache/zeppelin/tree/ba4418d000e4c526584a66e7c87905f0abcf26f8,https://github.com/apache/zeppelin/tree/82d836fd5a2c045f8f79d65f78396bf9c4818e85,https://github.com/apache/zeppelin/compare/ba4418d000e4c526584a66e7c87905f0abcf26f8...82d836fd5a2c045f8f79d65f78396bf9c4818e85
512,Zeppelin,82d836fd5a2c045f8f79d65f78396bf9c4818e85,cb7d82d785afd874c2b5acca763a668896099de0,ZEPPELIN-1298,https://issues.apache.org/jira/browse/ZEPPELIN-1298,https://github.com/apache/zeppelin/tree/82d836fd5a2c045f8f79d65f78396bf9c4818e85,https://github.com/apache/zeppelin/tree/cb7d82d785afd874c2b5acca763a668896099de0,https://github.com/apache/zeppelin/compare/82d836fd5a2c045f8f79d65f78396bf9c4818e85...cb7d82d785afd874c2b5acca763a668896099de0
513,Zeppelin,6808bdc6966d6be5085003b47296bdc9917fd0a3,b2d4c36ddafa436ff42f4d137ae4e468fbde8f7e,ZEPPELIN-1833,https://issues.apache.org/jira/browse/ZEPPELIN-1833,https://github.com/apache/zeppelin/tree/6808bdc6966d6be5085003b47296bdc9917fd0a3,https://github.com/apache/zeppelin/tree/b2d4c36ddafa436ff42f4d137ae4e468fbde8f7e,https://github.com/apache/zeppelin/compare/6808bdc6966d6be5085003b47296bdc9917fd0a3...b2d4c36ddafa436ff42f4d137ae4e468fbde8f7e
514,Zeppelin,895d92199c4c1a41c684e59a4f4c32ce81204a01,c65ef0788fe30606fc17f53c4dfff742c52706b3,ZEPPELIN-1831,https://issues.apache.org/jira/browse/ZEPPELIN-1831,https://github.com/apache/zeppelin/tree/895d92199c4c1a41c684e59a4f4c32ce81204a01,https://github.com/apache/zeppelin/tree/c65ef0788fe30606fc17f53c4dfff742c52706b3,https://github.com/apache/zeppelin/compare/895d92199c4c1a41c684e59a4f4c32ce81204a01...c65ef0788fe30606fc17f53c4dfff742c52706b3
515,Zeppelin,fb4e3d2cfe719c5feb6f8c15cf6aa98195dd3f82,16ca1d1fb93982e141b15c569f925a29a396b871,ZEPPELIN-1855,https://issues.apache.org/jira/browse/ZEPPELIN-1855,https://github.com/apache/zeppelin/tree/fb4e3d2cfe719c5feb6f8c15cf6aa98195dd3f82,https://github.com/apache/zeppelin/tree/16ca1d1fb93982e141b15c569f925a29a396b871,https://github.com/apache/zeppelin/compare/fb4e3d2cfe719c5feb6f8c15cf6aa98195dd3f82...16ca1d1fb93982e141b15c569f925a29a396b871
516,Zeppelin,336bf6f0db86d829a2e8910c5f9ed02550c38993,3e274e740a86a3d5577ff540179a3126df056778,ZEPPELIN-1847,https://issues.apache.org/jira/browse/ZEPPELIN-1847,https://github.com/apache/zeppelin/tree/336bf6f0db86d829a2e8910c5f9ed02550c38993,https://github.com/apache/zeppelin/tree/3e274e740a86a3d5577ff540179a3126df056778,https://github.com/apache/zeppelin/compare/336bf6f0db86d829a2e8910c5f9ed02550c38993...3e274e740a86a3d5577ff540179a3126df056778
517,Zeppelin,3e274e740a86a3d5577ff540179a3126df056778,14a38b79059ef6b80e832ca4070ee02becee1b98,ZEPPELIN-1718,https://issues.apache.org/jira/browse/ZEPPELIN-1718,https://github.com/apache/zeppelin/tree/3e274e740a86a3d5577ff540179a3126df056778,https://github.com/apache/zeppelin/tree/14a38b79059ef6b80e832ca4070ee02becee1b98,https://github.com/apache/zeppelin/compare/3e274e740a86a3d5577ff540179a3126df056778...14a38b79059ef6b80e832ca4070ee02becee1b98
518,Zeppelin,14a38b79059ef6b80e832ca4070ee02becee1b98,2321cde58cac43a16d12eb34b8e1e32e81606774,ZEPPELIN-1840,https://issues.apache.org/jira/browse/ZEPPELIN-1840,https://github.com/apache/zeppelin/tree/14a38b79059ef6b80e832ca4070ee02becee1b98,https://github.com/apache/zeppelin/tree/2321cde58cac43a16d12eb34b8e1e32e81606774,https://github.com/apache/zeppelin/compare/14a38b79059ef6b80e832ca4070ee02becee1b98...2321cde58cac43a16d12eb34b8e1e32e81606774
519,Zeppelin,2321cde58cac43a16d12eb34b8e1e32e81606774,9e75f5b50ac1573d423fa937b801df77d6a36f3c,ZEPPELIN-1845,https://issues.apache.org/jira/browse/ZEPPELIN-1845,https://github.com/apache/zeppelin/tree/2321cde58cac43a16d12eb34b8e1e32e81606774,https://github.com/apache/zeppelin/tree/9e75f5b50ac1573d423fa937b801df77d6a36f3c,https://github.com/apache/zeppelin/compare/2321cde58cac43a16d12eb34b8e1e32e81606774...9e75f5b50ac1573d423fa937b801df77d6a36f3c
520,Zeppelin,505686eaf3a6a660d7b8016f224af1f500b6a848,989a73f20010c64d76b8e1ac8102c7cf24b66abb,ZEPPELIN-1074,https://issues.apache.org/jira/browse/ZEPPELIN-1074,https://github.com/apache/zeppelin/tree/505686eaf3a6a660d7b8016f224af1f500b6a848,https://github.com/apache/zeppelin/tree/989a73f20010c64d76b8e1ac8102c7cf24b66abb,https://github.com/apache/zeppelin/compare/505686eaf3a6a660d7b8016f224af1f500b6a848...989a73f20010c64d76b8e1ac8102c7cf24b66abb
521,Zeppelin,d60dd6fd7924a5c883328c4464fa77e92cc36611,150f69676756af48449fad301de82e012497c15f,ZEPPELIN-1841,https://issues.apache.org/jira/browse/ZEPPELIN-1841,https://github.com/apache/zeppelin/tree/d60dd6fd7924a5c883328c4464fa77e92cc36611,https://github.com/apache/zeppelin/tree/150f69676756af48449fad301de82e012497c15f,https://github.com/apache/zeppelin/compare/d60dd6fd7924a5c883328c4464fa77e92cc36611...150f69676756af48449fad301de82e012497c15f
522,Zeppelin,d9a11a936052a0825613bbc58330305a1a504b4f,2b1c6ea3f13a998ef5cd405189e3198e811226c4,ZEPPELIN-1887,https://issues.apache.org/jira/browse/ZEPPELIN-1887,https://github.com/apache/zeppelin/tree/d9a11a936052a0825613bbc58330305a1a504b4f,https://github.com/apache/zeppelin/tree/2b1c6ea3f13a998ef5cd405189e3198e811226c4,https://github.com/apache/zeppelin/compare/d9a11a936052a0825613bbc58330305a1a504b4f...2b1c6ea3f13a998ef5cd405189e3198e811226c4
523,Zeppelin,ed534972989b1ad0f6c07d25743c4c3d42ea237b,18fd5481aa6de3d7075968bc4c981a9bcb3407dd,ZEPPELIN-1851,https://issues.apache.org/jira/browse/ZEPPELIN-1851,https://github.com/apache/zeppelin/tree/ed534972989b1ad0f6c07d25743c4c3d42ea237b,https://github.com/apache/zeppelin/tree/18fd5481aa6de3d7075968bc4c981a9bcb3407dd,https://github.com/apache/zeppelin/compare/ed534972989b1ad0f6c07d25743c4c3d42ea237b...18fd5481aa6de3d7075968bc4c981a9bcb3407dd
524,Zeppelin,18fd5481aa6de3d7075968bc4c981a9bcb3407dd,62a5983a18cc8c3cd8ef2226cfe5c6f274d32a0e,ZEPPELIN-1905,https://issues.apache.org/jira/browse/ZEPPELIN-1905,https://github.com/apache/zeppelin/tree/18fd5481aa6de3d7075968bc4c981a9bcb3407dd,https://github.com/apache/zeppelin/tree/62a5983a18cc8c3cd8ef2226cfe5c6f274d32a0e,https://github.com/apache/zeppelin/compare/18fd5481aa6de3d7075968bc4c981a9bcb3407dd...62a5983a18cc8c3cd8ef2226cfe5c6f274d32a0e
525,Zeppelin,62a5983a18cc8c3cd8ef2226cfe5c6f274d32a0e,a43815352a75b4c401fde467e6b5c51d278eae4c,ZEPPELIN-1854,https://issues.apache.org/jira/browse/ZEPPELIN-1854,https://github.com/apache/zeppelin/tree/62a5983a18cc8c3cd8ef2226cfe5c6f274d32a0e,https://github.com/apache/zeppelin/tree/a43815352a75b4c401fde467e6b5c51d278eae4c,https://github.com/apache/zeppelin/compare/62a5983a18cc8c3cd8ef2226cfe5c6f274d32a0e...a43815352a75b4c401fde467e6b5c51d278eae4c
526,Zeppelin,a43815352a75b4c401fde467e6b5c51d278eae4c,1e7c0537390f8630788db2006a5bafe359ef5a15,ZEPPELIN-1866,https://issues.apache.org/jira/browse/ZEPPELIN-1866,https://github.com/apache/zeppelin/tree/a43815352a75b4c401fde467e6b5c51d278eae4c,https://github.com/apache/zeppelin/tree/1e7c0537390f8630788db2006a5bafe359ef5a15,https://github.com/apache/zeppelin/compare/a43815352a75b4c401fde467e6b5c51d278eae4c...1e7c0537390f8630788db2006a5bafe359ef5a15
527,Zeppelin,334dba5978ccd925417fb70ab36fc126760149db,13168e6689f195631dba1825e2c04582c7480b9b,ZEPPELIN-1812,https://issues.apache.org/jira/browse/ZEPPELIN-1812,https://github.com/apache/zeppelin/tree/334dba5978ccd925417fb70ab36fc126760149db,https://github.com/apache/zeppelin/tree/13168e6689f195631dba1825e2c04582c7480b9b,https://github.com/apache/zeppelin/compare/334dba5978ccd925417fb70ab36fc126760149db...13168e6689f195631dba1825e2c04582c7480b9b
528,Zeppelin,13168e6689f195631dba1825e2c04582c7480b9b,a6d01aaf36270b571b3b1cd0d4454375972b1cfd,ZEPPELIN-1901,https://issues.apache.org/jira/browse/ZEPPELIN-1901,https://github.com/apache/zeppelin/tree/13168e6689f195631dba1825e2c04582c7480b9b,https://github.com/apache/zeppelin/tree/a6d01aaf36270b571b3b1cd0d4454375972b1cfd,https://github.com/apache/zeppelin/compare/13168e6689f195631dba1825e2c04582c7480b9b...a6d01aaf36270b571b3b1cd0d4454375972b1cfd
529,Zeppelin,a6d01aaf36270b571b3b1cd0d4454375972b1cfd,0f6571452fff5ea889b96cfdb885774f8af560b0,ZEPPELIN-1909,https://issues.apache.org/jira/browse/ZEPPELIN-1909,https://github.com/apache/zeppelin/tree/a6d01aaf36270b571b3b1cd0d4454375972b1cfd,https://github.com/apache/zeppelin/tree/0f6571452fff5ea889b96cfdb885774f8af560b0,https://github.com/apache/zeppelin/compare/a6d01aaf36270b571b3b1cd0d4454375972b1cfd...0f6571452fff5ea889b96cfdb885774f8af560b0
530,Zeppelin,0f6571452fff5ea889b96cfdb885774f8af560b0,b7ffb06931acfa0711033e65050e56d11800a3f1,ZEPPELIN-1868,https://issues.apache.org/jira/browse/ZEPPELIN-1868,https://github.com/apache/zeppelin/tree/0f6571452fff5ea889b96cfdb885774f8af560b0,https://github.com/apache/zeppelin/tree/b7ffb06931acfa0711033e65050e56d11800a3f1,https://github.com/apache/zeppelin/compare/0f6571452fff5ea889b96cfdb885774f8af560b0...b7ffb06931acfa0711033e65050e56d11800a3f1
531,Zeppelin,b7ffb06931acfa0711033e65050e56d11800a3f1,e7484fcda4eecaee26bc86cf84b2b0bc00a81403,ZEPPELIN-1908,https://issues.apache.org/jira/browse/ZEPPELIN-1908,https://github.com/apache/zeppelin/tree/b7ffb06931acfa0711033e65050e56d11800a3f1,https://github.com/apache/zeppelin/tree/e7484fcda4eecaee26bc86cf84b2b0bc00a81403,https://github.com/apache/zeppelin/compare/b7ffb06931acfa0711033e65050e56d11800a3f1...e7484fcda4eecaee26bc86cf84b2b0bc00a81403
532,Zeppelin,16972757172b77ac97f838bae16233b17d5dd546,ae12ba31afc610c3927338d7380eec2d3e37aba6,ZEPPELIN-1874,https://issues.apache.org/jira/browse/ZEPPELIN-1874,https://github.com/apache/zeppelin/tree/16972757172b77ac97f838bae16233b17d5dd546,https://github.com/apache/zeppelin/tree/ae12ba31afc610c3927338d7380eec2d3e37aba6,https://github.com/apache/zeppelin/compare/16972757172b77ac97f838bae16233b17d5dd546...ae12ba31afc610c3927338d7380eec2d3e37aba6
533,Zeppelin,bdc0c8ac99e3b4f2ed2a99fe3ad60c19d924a25e,3a12f3032666334cba931ab152b60b969c8f3541,ZEPPELIN-1884,https://issues.apache.org/jira/browse/ZEPPELIN-1884,https://github.com/apache/zeppelin/tree/bdc0c8ac99e3b4f2ed2a99fe3ad60c19d924a25e,https://github.com/apache/zeppelin/tree/3a12f3032666334cba931ab152b60b969c8f3541,https://github.com/apache/zeppelin/compare/bdc0c8ac99e3b4f2ed2a99fe3ad60c19d924a25e...3a12f3032666334cba931ab152b60b969c8f3541
534,Zeppelin,7e0996603d2896bef9c74044047939978220d4d7,41f72723e502e8bdd05c255b5f157943095a473b,ZEPPELIN-1902,https://issues.apache.org/jira/browse/ZEPPELIN-1902,https://github.com/apache/zeppelin/tree/7e0996603d2896bef9c74044047939978220d4d7,https://github.com/apache/zeppelin/tree/41f72723e502e8bdd05c255b5f157943095a473b,https://github.com/apache/zeppelin/compare/7e0996603d2896bef9c74044047939978220d4d7...41f72723e502e8bdd05c255b5f157943095a473b
535,Zeppelin,41f72723e502e8bdd05c255b5f157943095a473b,b4590c46955fcaec9ef12b066f2f0021d083f950,ZEPPELIN-1924,https://issues.apache.org/jira/browse/ZEPPELIN-1924,https://github.com/apache/zeppelin/tree/41f72723e502e8bdd05c255b5f157943095a473b,https://github.com/apache/zeppelin/tree/b4590c46955fcaec9ef12b066f2f0021d083f950,https://github.com/apache/zeppelin/compare/41f72723e502e8bdd05c255b5f157943095a473b...b4590c46955fcaec9ef12b066f2f0021d083f950
536,Zeppelin,b4590c46955fcaec9ef12b066f2f0021d083f950,2c6f14aa0483488577501736db5543f822687706,ZEPPELIN-1832,https://issues.apache.org/jira/browse/ZEPPELIN-1832,https://github.com/apache/zeppelin/tree/b4590c46955fcaec9ef12b066f2f0021d083f950,https://github.com/apache/zeppelin/tree/2c6f14aa0483488577501736db5543f822687706,https://github.com/apache/zeppelin/compare/b4590c46955fcaec9ef12b066f2f0021d083f950...2c6f14aa0483488577501736db5543f822687706
537,Zeppelin,2c6f14aa0483488577501736db5543f822687706,afcf575d677e2133501804a77cc584561d348da8,ZEPPELIN-1723,https://issues.apache.org/jira/browse/ZEPPELIN-1723,https://github.com/apache/zeppelin/tree/2c6f14aa0483488577501736db5543f822687706,https://github.com/apache/zeppelin/tree/afcf575d677e2133501804a77cc584561d348da8,https://github.com/apache/zeppelin/compare/2c6f14aa0483488577501736db5543f822687706...afcf575d677e2133501804a77cc584561d348da8
538,Zeppelin,afcf575d677e2133501804a77cc584561d348da8,d96a14913889292fd2b214d52c265cf4ed4bc5ae,ZEPPELIN-1731,https://issues.apache.org/jira/browse/ZEPPELIN-1731,https://github.com/apache/zeppelin/tree/afcf575d677e2133501804a77cc584561d348da8,https://github.com/apache/zeppelin/tree/d96a14913889292fd2b214d52c265cf4ed4bc5ae,https://github.com/apache/zeppelin/compare/afcf575d677e2133501804a77cc584561d348da8...d96a14913889292fd2b214d52c265cf4ed4bc5ae
539,Zeppelin,d96a14913889292fd2b214d52c265cf4ed4bc5ae,a89cb1047059a3eb01a9f2b9f5caae4aee6835a1,ZEPPELIN-1910,https://issues.apache.org/jira/browse/ZEPPELIN-1910,https://github.com/apache/zeppelin/tree/d96a14913889292fd2b214d52c265cf4ed4bc5ae,https://github.com/apache/zeppelin/tree/a89cb1047059a3eb01a9f2b9f5caae4aee6835a1,https://github.com/apache/zeppelin/compare/d96a14913889292fd2b214d52c265cf4ed4bc5ae...a89cb1047059a3eb01a9f2b9f5caae4aee6835a1
540,Zeppelin,a89cb1047059a3eb01a9f2b9f5caae4aee6835a1,31085cc03ee0595ab4ee05195bc477be3b6a2a88,ZEPPELIN-1848,https://issues.apache.org/jira/browse/ZEPPELIN-1848,https://github.com/apache/zeppelin/tree/a89cb1047059a3eb01a9f2b9f5caae4aee6835a1,https://github.com/apache/zeppelin/tree/31085cc03ee0595ab4ee05195bc477be3b6a2a88,https://github.com/apache/zeppelin/compare/a89cb1047059a3eb01a9f2b9f5caae4aee6835a1...31085cc03ee0595ab4ee05195bc477be3b6a2a88
541,Zeppelin,31085cc03ee0595ab4ee05195bc477be3b6a2a88,835b82faf7c82b088236909aa021a0b34202b96a,ZEPPELIN-1914,https://issues.apache.org/jira/browse/ZEPPELIN-1914,https://github.com/apache/zeppelin/tree/31085cc03ee0595ab4ee05195bc477be3b6a2a88,https://github.com/apache/zeppelin/tree/835b82faf7c82b088236909aa021a0b34202b96a,https://github.com/apache/zeppelin/compare/31085cc03ee0595ab4ee05195bc477be3b6a2a88...835b82faf7c82b088236909aa021a0b34202b96a
542,Zeppelin,c59632d8b0d4298bdcef46aa4edc13dc9c350720,99946e719aa7b0b244a0d17fae6a81623cfb9fdf,ZEPPELIN-1920,https://issues.apache.org/jira/browse/ZEPPELIN-1920,https://github.com/apache/zeppelin/tree/c59632d8b0d4298bdcef46aa4edc13dc9c350720,https://github.com/apache/zeppelin/tree/99946e719aa7b0b244a0d17fae6a81623cfb9fdf,https://github.com/apache/zeppelin/compare/c59632d8b0d4298bdcef46aa4edc13dc9c350720...99946e719aa7b0b244a0d17fae6a81623cfb9fdf
543,Zeppelin,99946e719aa7b0b244a0d17fae6a81623cfb9fdf,481eabb2ab5545ca4d51975bef2162b16229d676,ZEPPELIN-1586,https://issues.apache.org/jira/browse/ZEPPELIN-1586,https://github.com/apache/zeppelin/tree/99946e719aa7b0b244a0d17fae6a81623cfb9fdf,https://github.com/apache/zeppelin/tree/481eabb2ab5545ca4d51975bef2162b16229d676,https://github.com/apache/zeppelin/compare/99946e719aa7b0b244a0d17fae6a81623cfb9fdf...481eabb2ab5545ca4d51975bef2162b16229d676
544,Zeppelin,4c60b27c3acbdd976bf8901ef52019380bb3c334,8e6bfb45eaaa37ff8cfb2c6843da769efbe7f392,ZEPPELIN-1930,https://issues.apache.org/jira/browse/ZEPPELIN-1930,https://github.com/apache/zeppelin/tree/4c60b27c3acbdd976bf8901ef52019380bb3c334,https://github.com/apache/zeppelin/tree/8e6bfb45eaaa37ff8cfb2c6843da769efbe7f392,https://github.com/apache/zeppelin/compare/4c60b27c3acbdd976bf8901ef52019380bb3c334...8e6bfb45eaaa37ff8cfb2c6843da769efbe7f392
545,Zeppelin,e32ccf35d727a47fc4b38039bf8adc86103c6352,8464971c7aab0734f96d0a5a11d842b8e595324a,ZEPPELIN-1906,https://issues.apache.org/jira/browse/ZEPPELIN-1906,https://github.com/apache/zeppelin/tree/e32ccf35d727a47fc4b38039bf8adc86103c6352,https://github.com/apache/zeppelin/tree/8464971c7aab0734f96d0a5a11d842b8e595324a,https://github.com/apache/zeppelin/compare/e32ccf35d727a47fc4b38039bf8adc86103c6352...8464971c7aab0734f96d0a5a11d842b8e595324a
546,Zeppelin,02323e283c6cce12bb06bf5327420c2d2da5cbe2,7290200322174fa643625034af2a8c61737dad06,ZEPPELIN-1936,https://issues.apache.org/jira/browse/ZEPPELIN-1936,https://github.com/apache/zeppelin/tree/02323e283c6cce12bb06bf5327420c2d2da5cbe2,https://github.com/apache/zeppelin/tree/7290200322174fa643625034af2a8c61737dad06,https://github.com/apache/zeppelin/compare/02323e283c6cce12bb06bf5327420c2d2da5cbe2...7290200322174fa643625034af2a8c61737dad06
547,Zeppelin,7290200322174fa643625034af2a8c61737dad06,2b0e2a41cb7e0d7fc160d5c9193413ffe4d94f68,ZEPPELIN-1932,https://issues.apache.org/jira/browse/ZEPPELIN-1932,https://github.com/apache/zeppelin/tree/7290200322174fa643625034af2a8c61737dad06,https://github.com/apache/zeppelin/tree/2b0e2a41cb7e0d7fc160d5c9193413ffe4d94f68,https://github.com/apache/zeppelin/compare/7290200322174fa643625034af2a8c61737dad06...2b0e2a41cb7e0d7fc160d5c9193413ffe4d94f68
548,Zeppelin,034fdc6735e075c89f727bb6bc6fddbc89b639c4,068c8946211823ac98fc7dbf8061da6e9a2712c3,ZEPPELIN-1560,https://issues.apache.org/jira/browse/ZEPPELIN-1560,https://github.com/apache/zeppelin/tree/034fdc6735e075c89f727bb6bc6fddbc89b639c4,https://github.com/apache/zeppelin/tree/068c8946211823ac98fc7dbf8061da6e9a2712c3,https://github.com/apache/zeppelin/compare/034fdc6735e075c89f727bb6bc6fddbc89b639c4...068c8946211823ac98fc7dbf8061da6e9a2712c3
549,Zeppelin,59e15c03d6a405e07dec59fb6e7f0ad87150794f,cb8e4187029fdd7b892d84f23efd51acaed65f78,ZEPPELIN-1883,https://issues.apache.org/jira/browse/ZEPPELIN-1883,https://github.com/apache/zeppelin/tree/59e15c03d6a405e07dec59fb6e7f0ad87150794f,https://github.com/apache/zeppelin/tree/cb8e4187029fdd7b892d84f23efd51acaed65f78,https://github.com/apache/zeppelin/compare/59e15c03d6a405e07dec59fb6e7f0ad87150794f...cb8e4187029fdd7b892d84f23efd51acaed65f78
550,Zeppelin,f2d51d95f3a803ee8afe5953765263a11fd5c162,f86bb858b8032408b542f15ccb8794df02224a33,ZEPPELIN-1970,https://issues.apache.org/jira/browse/ZEPPELIN-1970,https://github.com/apache/zeppelin/tree/f2d51d95f3a803ee8afe5953765263a11fd5c162,https://github.com/apache/zeppelin/tree/f86bb858b8032408b542f15ccb8794df02224a33,https://github.com/apache/zeppelin/compare/f2d51d95f3a803ee8afe5953765263a11fd5c162...f86bb858b8032408b542f15ccb8794df02224a33
551,Zeppelin,f8c11d15f4378523922c76a892a755a60e4a187b,e94d5c0fb66ee0954a74450002c5b81b8a7331a7,ZEPPELIN-1961,https://issues.apache.org/jira/browse/ZEPPELIN-1961,https://github.com/apache/zeppelin/tree/f8c11d15f4378523922c76a892a755a60e4a187b,https://github.com/apache/zeppelin/tree/e94d5c0fb66ee0954a74450002c5b81b8a7331a7,https://github.com/apache/zeppelin/compare/f8c11d15f4378523922c76a892a755a60e4a187b...e94d5c0fb66ee0954a74450002c5b81b8a7331a7
552,Zeppelin,982cc0d17e6482844068dbb29ad5a11325a43446,215599cb39420a3564f8fcc7ac64a8da748aa526,ZEPPELIN-1941,https://issues.apache.org/jira/browse/ZEPPELIN-1941,https://github.com/apache/zeppelin/tree/982cc0d17e6482844068dbb29ad5a11325a43446,https://github.com/apache/zeppelin/tree/215599cb39420a3564f8fcc7ac64a8da748aa526,https://github.com/apache/zeppelin/compare/982cc0d17e6482844068dbb29ad5a11325a43446...215599cb39420a3564f8fcc7ac64a8da748aa526
553,Zeppelin,ae1cb0527bc223b25761e1370618929e228183f8,9bc4dce9884ec4011f677560f708286968549374,ZEPPELIN-1918,https://issues.apache.org/jira/browse/ZEPPELIN-1918,https://github.com/apache/zeppelin/tree/ae1cb0527bc223b25761e1370618929e228183f8,https://github.com/apache/zeppelin/tree/9bc4dce9884ec4011f677560f708286968549374,https://github.com/apache/zeppelin/compare/ae1cb0527bc223b25761e1370618929e228183f8...9bc4dce9884ec4011f677560f708286968549374
554,Zeppelin,9bc4dce9884ec4011f677560f708286968549374,d61cd99dbb5c63078b3e20e94183355e2c401d5f,ZEPPELIN-1969,https://issues.apache.org/jira/browse/ZEPPELIN-1969,https://github.com/apache/zeppelin/tree/9bc4dce9884ec4011f677560f708286968549374,https://github.com/apache/zeppelin/tree/d61cd99dbb5c63078b3e20e94183355e2c401d5f,https://github.com/apache/zeppelin/compare/9bc4dce9884ec4011f677560f708286968549374...d61cd99dbb5c63078b3e20e94183355e2c401d5f
555,Zeppelin,425abe302374522278e7e76d4c78b71ce5dcdd9d,8daf32563960b16db739e30c8dcd91d60f854917,ZEPPELIN-1963,https://issues.apache.org/jira/browse/ZEPPELIN-1963,https://github.com/apache/zeppelin/tree/425abe302374522278e7e76d4c78b71ce5dcdd9d,https://github.com/apache/zeppelin/tree/8daf32563960b16db739e30c8dcd91d60f854917,https://github.com/apache/zeppelin/compare/425abe302374522278e7e76d4c78b71ce5dcdd9d...8daf32563960b16db739e30c8dcd91d60f854917
556,Zeppelin,26808e3a07d43b2533785bd08ed9d47948f3e778,88a905caf2043d12a85462940c451b424d218dba,ZEPPELIN-1977,https://issues.apache.org/jira/browse/ZEPPELIN-1977,https://github.com/apache/zeppelin/tree/26808e3a07d43b2533785bd08ed9d47948f3e778,https://github.com/apache/zeppelin/tree/88a905caf2043d12a85462940c451b424d218dba,https://github.com/apache/zeppelin/compare/26808e3a07d43b2533785bd08ed9d47948f3e778...88a905caf2043d12a85462940c451b424d218dba
557,Zeppelin,88a905caf2043d12a85462940c451b424d218dba,28a8be46835a0ef1808e6336f3e020ad06a5db46,ZEPPELIN-1974,https://issues.apache.org/jira/browse/ZEPPELIN-1974,https://github.com/apache/zeppelin/tree/88a905caf2043d12a85462940c451b424d218dba,https://github.com/apache/zeppelin/tree/28a8be46835a0ef1808e6336f3e020ad06a5db46,https://github.com/apache/zeppelin/compare/88a905caf2043d12a85462940c451b424d218dba...28a8be46835a0ef1808e6336f3e020ad06a5db46
558,Zeppelin,28a8be46835a0ef1808e6336f3e020ad06a5db46,5eeebeb0aaefa87ddcd6a06ff121ff2824d5d937,ZEPPELIN-1869,https://issues.apache.org/jira/browse/ZEPPELIN-1869,https://github.com/apache/zeppelin/tree/28a8be46835a0ef1808e6336f3e020ad06a5db46,https://github.com/apache/zeppelin/tree/5eeebeb0aaefa87ddcd6a06ff121ff2824d5d937,https://github.com/apache/zeppelin/compare/28a8be46835a0ef1808e6336f3e020ad06a5db46...5eeebeb0aaefa87ddcd6a06ff121ff2824d5d937
559,Zeppelin,53f8fa167b7ef95495588940ae87cabd8a377321,3c5d1283b58fbb54057526bd85fd0b95c6a4da90,ZEPPELIN-1985,https://issues.apache.org/jira/browse/ZEPPELIN-1985,https://github.com/apache/zeppelin/tree/53f8fa167b7ef95495588940ae87cabd8a377321,https://github.com/apache/zeppelin/tree/3c5d1283b58fbb54057526bd85fd0b95c6a4da90,https://github.com/apache/zeppelin/compare/53f8fa167b7ef95495588940ae87cabd8a377321...3c5d1283b58fbb54057526bd85fd0b95c6a4da90
560,Zeppelin,7941d37518a9393435680833c0828b13c77dd863,1a1fbc423bc2631000e0ecad2e792efc377a4fd5,ZEPPELIN-1994,https://issues.apache.org/jira/browse/ZEPPELIN-1994,https://github.com/apache/zeppelin/tree/7941d37518a9393435680833c0828b13c77dd863,https://github.com/apache/zeppelin/tree/1a1fbc423bc2631000e0ecad2e792efc377a4fd5,https://github.com/apache/zeppelin/compare/7941d37518a9393435680833c0828b13c77dd863...1a1fbc423bc2631000e0ecad2e792efc377a4fd5
561,Zeppelin,1a1fbc423bc2631000e0ecad2e792efc377a4fd5,4ef4e186946f7a0df7da6cd3d0718e60a4975d62,ZEPPELIN-1991,https://issues.apache.org/jira/browse/ZEPPELIN-1991,https://github.com/apache/zeppelin/tree/1a1fbc423bc2631000e0ecad2e792efc377a4fd5,https://github.com/apache/zeppelin/tree/4ef4e186946f7a0df7da6cd3d0718e60a4975d62,https://github.com/apache/zeppelin/compare/1a1fbc423bc2631000e0ecad2e792efc377a4fd5...4ef4e186946f7a0df7da6cd3d0718e60a4975d62
562,Zeppelin,062b90a5d0c47345963bea00a4d69316276327b1,584b1d94e22adc7b915c77d8ca71b0b2ed0ea7c2,ZEPPELIN-1989,https://issues.apache.org/jira/browse/ZEPPELIN-1989,https://github.com/apache/zeppelin/tree/062b90a5d0c47345963bea00a4d69316276327b1,https://github.com/apache/zeppelin/tree/584b1d94e22adc7b915c77d8ca71b0b2ed0ea7c2,https://github.com/apache/zeppelin/compare/062b90a5d0c47345963bea00a4d69316276327b1...584b1d94e22adc7b915c77d8ca71b0b2ed0ea7c2
563,Zeppelin,584b1d94e22adc7b915c77d8ca71b0b2ed0ea7c2,14d13de06d312ba92bfa42a239af80354ee03866,ZEPPELIN-1976,https://issues.apache.org/jira/browse/ZEPPELIN-1976,https://github.com/apache/zeppelin/tree/584b1d94e22adc7b915c77d8ca71b0b2ed0ea7c2,https://github.com/apache/zeppelin/tree/14d13de06d312ba92bfa42a239af80354ee03866,https://github.com/apache/zeppelin/compare/584b1d94e22adc7b915c77d8ca71b0b2ed0ea7c2...14d13de06d312ba92bfa42a239af80354ee03866
564,Zeppelin,14d13de06d312ba92bfa42a239af80354ee03866,de659a5ed882ffca37626b5f6d5e5f0f014a2e01,ZEPPELIN-1979,https://issues.apache.org/jira/browse/ZEPPELIN-1979,https://github.com/apache/zeppelin/tree/14d13de06d312ba92bfa42a239af80354ee03866,https://github.com/apache/zeppelin/tree/de659a5ed882ffca37626b5f6d5e5f0f014a2e01,https://github.com/apache/zeppelin/compare/14d13de06d312ba92bfa42a239af80354ee03866...de659a5ed882ffca37626b5f6d5e5f0f014a2e01
565,Zeppelin,de659a5ed882ffca37626b5f6d5e5f0f014a2e01,e49fb47de88897427b915ffec3f8936deebb5dc6,ZEPPELIN-1843,https://issues.apache.org/jira/browse/ZEPPELIN-1843,https://github.com/apache/zeppelin/tree/de659a5ed882ffca37626b5f6d5e5f0f014a2e01,https://github.com/apache/zeppelin/tree/e49fb47de88897427b915ffec3f8936deebb5dc6,https://github.com/apache/zeppelin/compare/de659a5ed882ffca37626b5f6d5e5f0f014a2e01...e49fb47de88897427b915ffec3f8936deebb5dc6
566,Zeppelin,e49fb47de88897427b915ffec3f8936deebb5dc6,7b7625db10eb6b0c49d58375b09d0dead9f4912d,ZEPPELIN-2000,https://issues.apache.org/jira/browse/ZEPPELIN-2000,https://github.com/apache/zeppelin/tree/e49fb47de88897427b915ffec3f8936deebb5dc6,https://github.com/apache/zeppelin/tree/7b7625db10eb6b0c49d58375b09d0dead9f4912d,https://github.com/apache/zeppelin/compare/e49fb47de88897427b915ffec3f8936deebb5dc6...7b7625db10eb6b0c49d58375b09d0dead9f4912d
567,Zeppelin,68e0b3813f77b3004859eda21506da90ac600fa3,57bf5be7efdce9bca0fd859f0d02b67d392e54e9,ZEPPELIN-1984,https://issues.apache.org/jira/browse/ZEPPELIN-1984,https://github.com/apache/zeppelin/tree/68e0b3813f77b3004859eda21506da90ac600fa3,https://github.com/apache/zeppelin/tree/57bf5be7efdce9bca0fd859f0d02b67d392e54e9,https://github.com/apache/zeppelin/compare/68e0b3813f77b3004859eda21506da90ac600fa3...57bf5be7efdce9bca0fd859f0d02b67d392e54e9
568,Zeppelin,57bf5be7efdce9bca0fd859f0d02b67d392e54e9,9b4a1bf72b46159f18bd11988bf7a448827f2b76,ZEPPELIN-1880,https://issues.apache.org/jira/browse/ZEPPELIN-1880,https://github.com/apache/zeppelin/tree/57bf5be7efdce9bca0fd859f0d02b67d392e54e9,https://github.com/apache/zeppelin/tree/9b4a1bf72b46159f18bd11988bf7a448827f2b76,https://github.com/apache/zeppelin/compare/57bf5be7efdce9bca0fd859f0d02b67d392e54e9...9b4a1bf72b46159f18bd11988bf7a448827f2b76
569,Zeppelin,9b4a1bf72b46159f18bd11988bf7a448827f2b76,92cebe59da573ee0ededd9c69055834d5a7e4fff,ZEPPELIN-1984,https://issues.apache.org/jira/browse/ZEPPELIN-1984,https://github.com/apache/zeppelin/tree/9b4a1bf72b46159f18bd11988bf7a448827f2b76,https://github.com/apache/zeppelin/tree/92cebe59da573ee0ededd9c69055834d5a7e4fff,https://github.com/apache/zeppelin/compare/9b4a1bf72b46159f18bd11988bf7a448827f2b76...92cebe59da573ee0ededd9c69055834d5a7e4fff
570,Zeppelin,92cebe59da573ee0ededd9c69055834d5a7e4fff,3bbcf0969749bfcfc3cb0a58a3af295a44959bd8,ZEPPELIN-1921,https://issues.apache.org/jira/browse/ZEPPELIN-1921,https://github.com/apache/zeppelin/tree/92cebe59da573ee0ededd9c69055834d5a7e4fff,https://github.com/apache/zeppelin/tree/3bbcf0969749bfcfc3cb0a58a3af295a44959bd8,https://github.com/apache/zeppelin/compare/92cebe59da573ee0ededd9c69055834d5a7e4fff...3bbcf0969749bfcfc3cb0a58a3af295a44959bd8
571,Zeppelin,3bbcf0969749bfcfc3cb0a58a3af295a44959bd8,e43585805215f14e254f35d4d61bdb1addff95d1,ZEPPELIN-1983,https://issues.apache.org/jira/browse/ZEPPELIN-1983,https://github.com/apache/zeppelin/tree/3bbcf0969749bfcfc3cb0a58a3af295a44959bd8,https://github.com/apache/zeppelin/tree/e43585805215f14e254f35d4d61bdb1addff95d1,https://github.com/apache/zeppelin/compare/3bbcf0969749bfcfc3cb0a58a3af295a44959bd8...e43585805215f14e254f35d4d61bdb1addff95d1
572,Zeppelin,2ef835915aafb1ab72fc5e61248d13e39bdca355,045a921e6f210504d858578313368376bbf957d8,ZEPPELIN-2006,https://issues.apache.org/jira/browse/ZEPPELIN-2006,https://github.com/apache/zeppelin/tree/2ef835915aafb1ab72fc5e61248d13e39bdca355,https://github.com/apache/zeppelin/tree/045a921e6f210504d858578313368376bbf957d8,https://github.com/apache/zeppelin/compare/2ef835915aafb1ab72fc5e61248d13e39bdca355...045a921e6f210504d858578313368376bbf957d8
573,Zeppelin,045a921e6f210504d858578313368376bbf957d8,81dbf25d2ae31fcff9940afe9d68804f44cee62b,ZEPPELIN-2009,https://issues.apache.org/jira/browse/ZEPPELIN-2009,https://github.com/apache/zeppelin/tree/045a921e6f210504d858578313368376bbf957d8,https://github.com/apache/zeppelin/tree/81dbf25d2ae31fcff9940afe9d68804f44cee62b,https://github.com/apache/zeppelin/compare/045a921e6f210504d858578313368376bbf957d8...81dbf25d2ae31fcff9940afe9d68804f44cee62b
574,Zeppelin,81dbf25d2ae31fcff9940afe9d68804f44cee62b,90735979aaf4b2f58fa34ed0ab1aeccc37cb56bd,ZEPPELIN-2011,https://issues.apache.org/jira/browse/ZEPPELIN-2011,https://github.com/apache/zeppelin/tree/81dbf25d2ae31fcff9940afe9d68804f44cee62b,https://github.com/apache/zeppelin/tree/90735979aaf4b2f58fa34ed0ab1aeccc37cb56bd,https://github.com/apache/zeppelin/compare/81dbf25d2ae31fcff9940afe9d68804f44cee62b...90735979aaf4b2f58fa34ed0ab1aeccc37cb56bd
575,Zeppelin,b1e06919fada4240f5440430f2c27c02e4e5626a,93e6e0bfccac061135d3fd0dd3a1a198dcf89dcb,ZEPPELIN-2024,https://issues.apache.org/jira/browse/ZEPPELIN-2024,https://github.com/apache/zeppelin/tree/b1e06919fada4240f5440430f2c27c02e4e5626a,https://github.com/apache/zeppelin/tree/93e6e0bfccac061135d3fd0dd3a1a198dcf89dcb,https://github.com/apache/zeppelin/compare/b1e06919fada4240f5440430f2c27c02e4e5626a...93e6e0bfccac061135d3fd0dd3a1a198dcf89dcb
576,Zeppelin,93e6e0bfccac061135d3fd0dd3a1a198dcf89dcb,12ab0e5e3199adb195be332d6cf64200c24a1844,ZEPPELIN-1982,https://issues.apache.org/jira/browse/ZEPPELIN-1982,https://github.com/apache/zeppelin/tree/93e6e0bfccac061135d3fd0dd3a1a198dcf89dcb,https://github.com/apache/zeppelin/tree/12ab0e5e3199adb195be332d6cf64200c24a1844,https://github.com/apache/zeppelin/compare/93e6e0bfccac061135d3fd0dd3a1a198dcf89dcb...12ab0e5e3199adb195be332d6cf64200c24a1844
577,Zeppelin,5bc99f9aa3c575716d102ec41356d57bc5195843,f689e26e51dabe4dc0aae0fdabdfd4255cbb8811,ZEPPELIN-2023,https://issues.apache.org/jira/browse/ZEPPELIN-2023,https://github.com/apache/zeppelin/tree/5bc99f9aa3c575716d102ec41356d57bc5195843,https://github.com/apache/zeppelin/tree/f689e26e51dabe4dc0aae0fdabdfd4255cbb8811,https://github.com/apache/zeppelin/compare/5bc99f9aa3c575716d102ec41356d57bc5195843...f689e26e51dabe4dc0aae0fdabdfd4255cbb8811
578,Zeppelin,f689e26e51dabe4dc0aae0fdabdfd4255cbb8811,42be8396c3f9e211e9cb2360977377d64b1c4931,ZEPPELIN-1578,https://issues.apache.org/jira/browse/ZEPPELIN-1578,https://github.com/apache/zeppelin/tree/f689e26e51dabe4dc0aae0fdabdfd4255cbb8811,https://github.com/apache/zeppelin/tree/42be8396c3f9e211e9cb2360977377d64b1c4931,https://github.com/apache/zeppelin/compare/f689e26e51dabe4dc0aae0fdabdfd4255cbb8811...42be8396c3f9e211e9cb2360977377d64b1c4931
579,Zeppelin,0589e27e7bb84ec81e1438bcbf3f2fd80ee5a963,fe11b32e8c70a0ad8d1d206638bf3199a1042261,ZEPPELIN-2033,https://issues.apache.org/jira/browse/ZEPPELIN-2033,https://github.com/apache/zeppelin/tree/0589e27e7bb84ec81e1438bcbf3f2fd80ee5a963,https://github.com/apache/zeppelin/tree/fe11b32e8c70a0ad8d1d206638bf3199a1042261,https://github.com/apache/zeppelin/compare/0589e27e7bb84ec81e1438bcbf3f2fd80ee5a963...fe11b32e8c70a0ad8d1d206638bf3199a1042261
580,Zeppelin,fe11b32e8c70a0ad8d1d206638bf3199a1042261,8774f80732927eaa62709ea0f790fb165847a389,ZEPPELIN-2030,https://issues.apache.org/jira/browse/ZEPPELIN-2030,https://github.com/apache/zeppelin/tree/fe11b32e8c70a0ad8d1d206638bf3199a1042261,https://github.com/apache/zeppelin/tree/8774f80732927eaa62709ea0f790fb165847a389,https://github.com/apache/zeppelin/compare/fe11b32e8c70a0ad8d1d206638bf3199a1042261...8774f80732927eaa62709ea0f790fb165847a389
581,Zeppelin,20fd2a9c8c3ac521a9b0026d9973e458af4e9e2c,e42a8c5c1689ffec6e7ea8df5a8f21d61e04e2ef,ZEPPELIN-2014,https://issues.apache.org/jira/browse/ZEPPELIN-2014,https://github.com/apache/zeppelin/tree/20fd2a9c8c3ac521a9b0026d9973e458af4e9e2c,https://github.com/apache/zeppelin/tree/e42a8c5c1689ffec6e7ea8df5a8f21d61e04e2ef,https://github.com/apache/zeppelin/compare/20fd2a9c8c3ac521a9b0026d9973e458af4e9e2c...e42a8c5c1689ffec6e7ea8df5a8f21d61e04e2ef
582,Zeppelin,e42a8c5c1689ffec6e7ea8df5a8f21d61e04e2ef,cbe68d227e9ea05b8bfc02527e7409d7cfb28358,ZEPPELIN-1997,https://issues.apache.org/jira/browse/ZEPPELIN-1997,https://github.com/apache/zeppelin/tree/e42a8c5c1689ffec6e7ea8df5a8f21d61e04e2ef,https://github.com/apache/zeppelin/tree/cbe68d227e9ea05b8bfc02527e7409d7cfb28358,https://github.com/apache/zeppelin/compare/e42a8c5c1689ffec6e7ea8df5a8f21d61e04e2ef...cbe68d227e9ea05b8bfc02527e7409d7cfb28358
583,Zeppelin,304842a3fcde5debb336557b38ea1a9989fe768d,82fc4ba258d1c212533d11e9c700864e36ae2f87,ZEPPELIN-1551,https://issues.apache.org/jira/browse/ZEPPELIN-1551,https://github.com/apache/zeppelin/tree/304842a3fcde5debb336557b38ea1a9989fe768d,https://github.com/apache/zeppelin/tree/82fc4ba258d1c212533d11e9c700864e36ae2f87,https://github.com/apache/zeppelin/compare/304842a3fcde5debb336557b38ea1a9989fe768d...82fc4ba258d1c212533d11e9c700864e36ae2f87
584,Zeppelin,af3caf00af1c6707928b1ba5b0aa783e220f57d6,584ed48a096a0ac6976b2ed2720cfd4fa4a419c4,ZEPPELIN-2046,https://issues.apache.org/jira/browse/ZEPPELIN-2046,https://github.com/apache/zeppelin/tree/af3caf00af1c6707928b1ba5b0aa783e220f57d6,https://github.com/apache/zeppelin/tree/584ed48a096a0ac6976b2ed2720cfd4fa4a419c4,https://github.com/apache/zeppelin/compare/af3caf00af1c6707928b1ba5b0aa783e220f57d6...584ed48a096a0ac6976b2ed2720cfd4fa4a419c4
585,Zeppelin,4ef14956a6af99521147fc7e58a600dc769de830,d9a20138855f8b3b58f5dbe90bb49427a10157ae,ZEPPELIN-2045,https://issues.apache.org/jira/browse/ZEPPELIN-2045,https://github.com/apache/zeppelin/tree/4ef14956a6af99521147fc7e58a600dc769de830,https://github.com/apache/zeppelin/tree/d9a20138855f8b3b58f5dbe90bb49427a10157ae,https://github.com/apache/zeppelin/compare/4ef14956a6af99521147fc7e58a600dc769de830...d9a20138855f8b3b58f5dbe90bb49427a10157ae
586,Zeppelin,5900f0d5f0ab616eb2c7de110a91a8df05bc880a,0ab026e07b7c852454dd2b9a281f81249cf3d52f,ZEPPELIN-2067,https://issues.apache.org/jira/browse/ZEPPELIN-2067,https://github.com/apache/zeppelin/tree/5900f0d5f0ab616eb2c7de110a91a8df05bc880a,https://github.com/apache/zeppelin/tree/0ab026e07b7c852454dd2b9a281f81249cf3d52f,https://github.com/apache/zeppelin/compare/5900f0d5f0ab616eb2c7de110a91a8df05bc880a...0ab026e07b7c852454dd2b9a281f81249cf3d52f
587,Zeppelin,0ab026e07b7c852454dd2b9a281f81249cf3d52f,db691db998b2d4cb9e5f258d69a69d5a640e179a,ZEPPELIN-1700,https://issues.apache.org/jira/browse/ZEPPELIN-1700,https://github.com/apache/zeppelin/tree/0ab026e07b7c852454dd2b9a281f81249cf3d52f,https://github.com/apache/zeppelin/tree/db691db998b2d4cb9e5f258d69a69d5a640e179a,https://github.com/apache/zeppelin/compare/0ab026e07b7c852454dd2b9a281f81249cf3d52f...db691db998b2d4cb9e5f258d69a69d5a640e179a
588,Zeppelin,9413323ed13909810d55851eda19d599e731100a,b8600a63011fa06ee07013c06ce1eebb0a1be55d,ZEPPELIN-1943,https://issues.apache.org/jira/browse/ZEPPELIN-1943,https://github.com/apache/zeppelin/tree/9413323ed13909810d55851eda19d599e731100a,https://github.com/apache/zeppelin/tree/b8600a63011fa06ee07013c06ce1eebb0a1be55d,https://github.com/apache/zeppelin/compare/9413323ed13909810d55851eda19d599e731100a...b8600a63011fa06ee07013c06ce1eebb0a1be55d
589,Zeppelin,b8600a63011fa06ee07013c06ce1eebb0a1be55d,72f62c4c361db154f085570a91c1c9cb02a83ac3,ZEPPELIN-2083,https://issues.apache.org/jira/browse/ZEPPELIN-2083,https://github.com/apache/zeppelin/tree/b8600a63011fa06ee07013c06ce1eebb0a1be55d,https://github.com/apache/zeppelin/tree/72f62c4c361db154f085570a91c1c9cb02a83ac3,https://github.com/apache/zeppelin/compare/b8600a63011fa06ee07013c06ce1eebb0a1be55d...72f62c4c361db154f085570a91c1c9cb02a83ac3
590,Zeppelin,72f62c4c361db154f085570a91c1c9cb02a83ac3,859d175a50a4acd8c8510f27356bed52c33997e5,ZEPPELIN-1972,https://issues.apache.org/jira/browse/ZEPPELIN-1972,https://github.com/apache/zeppelin/tree/72f62c4c361db154f085570a91c1c9cb02a83ac3,https://github.com/apache/zeppelin/tree/859d175a50a4acd8c8510f27356bed52c33997e5,https://github.com/apache/zeppelin/compare/72f62c4c361db154f085570a91c1c9cb02a83ac3...859d175a50a4acd8c8510f27356bed52c33997e5
591,Zeppelin,859d175a50a4acd8c8510f27356bed52c33997e5,ec2b54a4efcfb838ddf9c37891a9c88fdac99915,ZEPPELIN-2058,https://issues.apache.org/jira/browse/ZEPPELIN-2058,https://github.com/apache/zeppelin/tree/859d175a50a4acd8c8510f27356bed52c33997e5,https://github.com/apache/zeppelin/tree/ec2b54a4efcfb838ddf9c37891a9c88fdac99915,https://github.com/apache/zeppelin/compare/859d175a50a4acd8c8510f27356bed52c33997e5...ec2b54a4efcfb838ddf9c37891a9c88fdac99915
592,Zeppelin,b579a641426e50a073932dea805094fba6f000fc,12459bf517ff820400f9b3a28e47bc56288940b8,ZEPPELIN-2078,https://issues.apache.org/jira/browse/ZEPPELIN-2078,https://github.com/apache/zeppelin/tree/b579a641426e50a073932dea805094fba6f000fc,https://github.com/apache/zeppelin/tree/12459bf517ff820400f9b3a28e47bc56288940b8,https://github.com/apache/zeppelin/compare/b579a641426e50a073932dea805094fba6f000fc...12459bf517ff820400f9b3a28e47bc56288940b8
593,Zeppelin,12459bf517ff820400f9b3a28e47bc56288940b8,896e19edb3b0f46f9b1a71972f72e9a0f1a7d15a,ZEPPELIN-2072,https://issues.apache.org/jira/browse/ZEPPELIN-2072,https://github.com/apache/zeppelin/tree/12459bf517ff820400f9b3a28e47bc56288940b8,https://github.com/apache/zeppelin/tree/896e19edb3b0f46f9b1a71972f72e9a0f1a7d15a,https://github.com/apache/zeppelin/compare/12459bf517ff820400f9b3a28e47bc56288940b8...896e19edb3b0f46f9b1a71972f72e9a0f1a7d15a
594,Zeppelin,99f01f7fa059689215334d9e60e086bfc3a3bfd9,d954687e0f552e3904f019bf078360e47e5dbdd7,ZEPPELIN-2084,https://issues.apache.org/jira/browse/ZEPPELIN-2084,https://github.com/apache/zeppelin/tree/99f01f7fa059689215334d9e60e086bfc3a3bfd9,https://github.com/apache/zeppelin/tree/d954687e0f552e3904f019bf078360e47e5dbdd7,https://github.com/apache/zeppelin/compare/99f01f7fa059689215334d9e60e086bfc3a3bfd9...d954687e0f552e3904f019bf078360e47e5dbdd7
595,Zeppelin,0d5914af17a17d6bbe3d616a6e98ae938c9283e6,5853dd244f6e23701ac2d79696036a203b431e06,ZEPPELIN-2062,https://issues.apache.org/jira/browse/ZEPPELIN-2062,https://github.com/apache/zeppelin/tree/0d5914af17a17d6bbe3d616a6e98ae938c9283e6,https://github.com/apache/zeppelin/tree/5853dd244f6e23701ac2d79696036a203b431e06,https://github.com/apache/zeppelin/compare/0d5914af17a17d6bbe3d616a6e98ae938c9283e6...5853dd244f6e23701ac2d79696036a203b431e06
596,Zeppelin,632947856f9195b9e74984facd584f0a41646c7c,090a40a9fc944c58734cee3a294074b117a694f0,ZEPPELIN-2063,https://issues.apache.org/jira/browse/ZEPPELIN-2063,https://github.com/apache/zeppelin/tree/632947856f9195b9e74984facd584f0a41646c7c,https://github.com/apache/zeppelin/tree/090a40a9fc944c58734cee3a294074b117a694f0,https://github.com/apache/zeppelin/compare/632947856f9195b9e74984facd584f0a41646c7c...090a40a9fc944c58734cee3a294074b117a694f0
597,Zeppelin,bd3b05316ff674e864d0af958537884169fda771,09b75c86c8665730885f93282a690ffd22cd7e1a,ZEPPELIN-2080,https://issues.apache.org/jira/browse/ZEPPELIN-2080,https://github.com/apache/zeppelin/tree/bd3b05316ff674e864d0af958537884169fda771,https://github.com/apache/zeppelin/tree/09b75c86c8665730885f93282a690ffd22cd7e1a,https://github.com/apache/zeppelin/compare/bd3b05316ff674e864d0af958537884169fda771...09b75c86c8665730885f93282a690ffd22cd7e1a
598,Zeppelin,ddce5fe0b86692c48876d7598782ea1ad7df0027,bc8e190f90b345f9772b81a21761e2ff656a2036,ZEPPELIN-2049,https://issues.apache.org/jira/browse/ZEPPELIN-2049,https://github.com/apache/zeppelin/tree/ddce5fe0b86692c48876d7598782ea1ad7df0027,https://github.com/apache/zeppelin/tree/bc8e190f90b345f9772b81a21761e2ff656a2036,https://github.com/apache/zeppelin/compare/ddce5fe0b86692c48876d7598782ea1ad7df0027...bc8e190f90b345f9772b81a21761e2ff656a2036
599,Zeppelin,d55058b05d41ef212ec556b2ce762ccc66e407cb,eb88b0b9e7b711c1a2003fe4a91164976fc61fcd,ZEPPELIN-2108,https://issues.apache.org/jira/browse/ZEPPELIN-2108,https://github.com/apache/zeppelin/tree/d55058b05d41ef212ec556b2ce762ccc66e407cb,https://github.com/apache/zeppelin/tree/eb88b0b9e7b711c1a2003fe4a91164976fc61fcd,https://github.com/apache/zeppelin/compare/d55058b05d41ef212ec556b2ce762ccc66e407cb...eb88b0b9e7b711c1a2003fe4a91164976fc61fcd
600,Zeppelin,eb88b0b9e7b711c1a2003fe4a91164976fc61fcd,6418d770b23ddf877a7117fffe5d61ddb2d846b0,ZEPPELIN-2116,https://issues.apache.org/jira/browse/ZEPPELIN-2116,https://github.com/apache/zeppelin/tree/eb88b0b9e7b711c1a2003fe4a91164976fc61fcd,https://github.com/apache/zeppelin/tree/6418d770b23ddf877a7117fffe5d61ddb2d846b0,https://github.com/apache/zeppelin/compare/eb88b0b9e7b711c1a2003fe4a91164976fc61fcd...6418d770b23ddf877a7117fffe5d61ddb2d846b0
601,Zeppelin,6418d770b23ddf877a7117fffe5d61ddb2d846b0,0548a796f554c54caac1e80fe424582267122c2b,ZEPPELIN-2091,https://issues.apache.org/jira/browse/ZEPPELIN-2091,https://github.com/apache/zeppelin/tree/6418d770b23ddf877a7117fffe5d61ddb2d846b0,https://github.com/apache/zeppelin/tree/0548a796f554c54caac1e80fe424582267122c2b,https://github.com/apache/zeppelin/compare/6418d770b23ddf877a7117fffe5d61ddb2d846b0...0548a796f554c54caac1e80fe424582267122c2b
602,Zeppelin,0548a796f554c54caac1e80fe424582267122c2b,4fd85f773808095a72c305a73d3e36e6f17e7514,ZEPPELIN-2105,https://issues.apache.org/jira/browse/ZEPPELIN-2105,https://github.com/apache/zeppelin/tree/0548a796f554c54caac1e80fe424582267122c2b,https://github.com/apache/zeppelin/tree/4fd85f773808095a72c305a73d3e36e6f17e7514,https://github.com/apache/zeppelin/compare/0548a796f554c54caac1e80fe424582267122c2b...4fd85f773808095a72c305a73d3e36e6f17e7514
603,Zeppelin,5144050f990988e99ad0901ba4513467dc4bf119,7ada5db9e7bfe9c50dc2f7854022bae5fbf14c53,ZEPPELIN-2048,https://issues.apache.org/jira/browse/ZEPPELIN-2048,https://github.com/apache/zeppelin/tree/5144050f990988e99ad0901ba4513467dc4bf119,https://github.com/apache/zeppelin/tree/7ada5db9e7bfe9c50dc2f7854022bae5fbf14c53,https://github.com/apache/zeppelin/compare/5144050f990988e99ad0901ba4513467dc4bf119...7ada5db9e7bfe9c50dc2f7854022bae5fbf14c53
604,Zeppelin,7ada5db9e7bfe9c50dc2f7854022bae5fbf14c53,99b90effdfe3c4b93b1753ba00b01a8b48a00355,ZEPPELIN-2135,https://issues.apache.org/jira/browse/ZEPPELIN-2135,https://github.com/apache/zeppelin/tree/7ada5db9e7bfe9c50dc2f7854022bae5fbf14c53,https://github.com/apache/zeppelin/tree/99b90effdfe3c4b93b1753ba00b01a8b48a00355,https://github.com/apache/zeppelin/compare/7ada5db9e7bfe9c50dc2f7854022bae5fbf14c53...99b90effdfe3c4b93b1753ba00b01a8b48a00355
605,Zeppelin,99b90effdfe3c4b93b1753ba00b01a8b48a00355,ac1e73c5053c3c764cd3e82047368b1988d9d911,ZEPPELIN-2103,https://issues.apache.org/jira/browse/ZEPPELIN-2103,https://github.com/apache/zeppelin/tree/99b90effdfe3c4b93b1753ba00b01a8b48a00355,https://github.com/apache/zeppelin/tree/ac1e73c5053c3c764cd3e82047368b1988d9d911,https://github.com/apache/zeppelin/compare/99b90effdfe3c4b93b1753ba00b01a8b48a00355...ac1e73c5053c3c764cd3e82047368b1988d9d911
606,Zeppelin,32840e656d091b984f4c5ece655bc5af6be5c0ae,88637eaa4eee286689a57cb0053c58f0ef297bfe,ZEPPELIN-1586,https://issues.apache.org/jira/browse/ZEPPELIN-1586,https://github.com/apache/zeppelin/tree/32840e656d091b984f4c5ece655bc5af6be5c0ae,https://github.com/apache/zeppelin/tree/88637eaa4eee286689a57cb0053c58f0ef297bfe,https://github.com/apache/zeppelin/compare/32840e656d091b984f4c5ece655bc5af6be5c0ae...88637eaa4eee286689a57cb0053c58f0ef297bfe
607,Zeppelin,c437a1918045a744ec8430a15fa847999399539f,2a4d3699a207efa5af3004e12fb26660d7ecbb64,ZEPPELIN-1964,https://issues.apache.org/jira/browse/ZEPPELIN-1964,https://github.com/apache/zeppelin/tree/c437a1918045a744ec8430a15fa847999399539f,https://github.com/apache/zeppelin/tree/2a4d3699a207efa5af3004e12fb26660d7ecbb64,https://github.com/apache/zeppelin/compare/c437a1918045a744ec8430a15fa847999399539f...2a4d3699a207efa5af3004e12fb26660d7ecbb64
608,Zeppelin,2a4d3699a207efa5af3004e12fb26660d7ecbb64,97dfb898666ea186d9bb5fbe85dae4c1aa15bf25,ZEPPELIN-2147,https://issues.apache.org/jira/browse/ZEPPELIN-2147,https://github.com/apache/zeppelin/tree/2a4d3699a207efa5af3004e12fb26660d7ecbb64,https://github.com/apache/zeppelin/tree/97dfb898666ea186d9bb5fbe85dae4c1aa15bf25,https://github.com/apache/zeppelin/compare/2a4d3699a207efa5af3004e12fb26660d7ecbb64...97dfb898666ea186d9bb5fbe85dae4c1aa15bf25
609,Zeppelin,97dfb898666ea186d9bb5fbe85dae4c1aa15bf25,47a106ab9840555f85416cc08e17ee092b5cecdf,ZEPPELIN-2148,https://issues.apache.org/jira/browse/ZEPPELIN-2148,https://github.com/apache/zeppelin/tree/97dfb898666ea186d9bb5fbe85dae4c1aa15bf25,https://github.com/apache/zeppelin/tree/47a106ab9840555f85416cc08e17ee092b5cecdf,https://github.com/apache/zeppelin/compare/97dfb898666ea186d9bb5fbe85dae4c1aa15bf25...47a106ab9840555f85416cc08e17ee092b5cecdf
610,Zeppelin,47a106ab9840555f85416cc08e17ee092b5cecdf,5da963e9832644a81fc46730b69fca50f8b5ccc7,ZEPPELIN-2164,https://issues.apache.org/jira/browse/ZEPPELIN-2164,https://github.com/apache/zeppelin/tree/47a106ab9840555f85416cc08e17ee092b5cecdf,https://github.com/apache/zeppelin/tree/5da963e9832644a81fc46730b69fca50f8b5ccc7,https://github.com/apache/zeppelin/compare/47a106ab9840555f85416cc08e17ee092b5cecdf...5da963e9832644a81fc46730b69fca50f8b5ccc7
611,Zeppelin,5da963e9832644a81fc46730b69fca50f8b5ccc7,ff7c8d2ac9dca52d58059a19e68fd57e4ee98cef,ZEPPELIN-1725,https://issues.apache.org/jira/browse/ZEPPELIN-1725,https://github.com/apache/zeppelin/tree/5da963e9832644a81fc46730b69fca50f8b5ccc7,https://github.com/apache/zeppelin/tree/ff7c8d2ac9dca52d58059a19e68fd57e4ee98cef,https://github.com/apache/zeppelin/compare/5da963e9832644a81fc46730b69fca50f8b5ccc7...ff7c8d2ac9dca52d58059a19e68fd57e4ee98cef
612,Zeppelin,ff7c8d2ac9dca52d58059a19e68fd57e4ee98cef,8e1501a0d054e43fb1022769273da1cedfda0935,ZEPPELIN-2168,https://issues.apache.org/jira/browse/ZEPPELIN-2168,https://github.com/apache/zeppelin/tree/ff7c8d2ac9dca52d58059a19e68fd57e4ee98cef,https://github.com/apache/zeppelin/tree/8e1501a0d054e43fb1022769273da1cedfda0935,https://github.com/apache/zeppelin/compare/ff7c8d2ac9dca52d58059a19e68fd57e4ee98cef...8e1501a0d054e43fb1022769273da1cedfda0935
613,Zeppelin,a26bd2d76a50b8911ed39e99054d71a641cce8c9,336df5617b3a2ca43a8fe7b600508d8e8b0b9a25,ZEPPELIN-2155,https://issues.apache.org/jira/browse/ZEPPELIN-2155,https://github.com/apache/zeppelin/tree/a26bd2d76a50b8911ed39e99054d71a641cce8c9,https://github.com/apache/zeppelin/tree/336df5617b3a2ca43a8fe7b600508d8e8b0b9a25,https://github.com/apache/zeppelin/compare/a26bd2d76a50b8911ed39e99054d71a641cce8c9...336df5617b3a2ca43a8fe7b600508d8e8b0b9a25
614,Zeppelin,b13cc38dc7207ae927ee5f92cf9be1c1afe20000,467e39f3776d95d4123c742fb3acf9d9aa7e6bad,ZEPPELIN-2155,https://issues.apache.org/jira/browse/ZEPPELIN-2155,https://github.com/apache/zeppelin/tree/b13cc38dc7207ae927ee5f92cf9be1c1afe20000,https://github.com/apache/zeppelin/tree/467e39f3776d95d4123c742fb3acf9d9aa7e6bad,https://github.com/apache/zeppelin/compare/b13cc38dc7207ae927ee5f92cf9be1c1afe20000...467e39f3776d95d4123c742fb3acf9d9aa7e6bad
615,Zeppelin,467e39f3776d95d4123c742fb3acf9d9aa7e6bad,df320481be2eaa9937a1293f2e48d3fa173e11d8,ZEPPELIN-2173,https://issues.apache.org/jira/browse/ZEPPELIN-2173,https://github.com/apache/zeppelin/tree/467e39f3776d95d4123c742fb3acf9d9aa7e6bad,https://github.com/apache/zeppelin/tree/df320481be2eaa9937a1293f2e48d3fa173e11d8,https://github.com/apache/zeppelin/compare/467e39f3776d95d4123c742fb3acf9d9aa7e6bad...df320481be2eaa9937a1293f2e48d3fa173e11d8
616,Zeppelin,bab985461c507f276e648f335997acc340416f56,d294a765a2ebefdcf046e8706719517be4ea698a,ZEPPELIN-2178,https://issues.apache.org/jira/browse/ZEPPELIN-2178,https://github.com/apache/zeppelin/tree/bab985461c507f276e648f335997acc340416f56,https://github.com/apache/zeppelin/tree/d294a765a2ebefdcf046e8706719517be4ea698a,https://github.com/apache/zeppelin/compare/bab985461c507f276e648f335997acc340416f56...d294a765a2ebefdcf046e8706719517be4ea698a
617,Zeppelin,fb4c778b9e841004d0d884566b670826c6ff29dc,91604c878fbf8f1ea5b49d85912b66bbcc50c027,ZEPPELIN-2167,https://issues.apache.org/jira/browse/ZEPPELIN-2167,https://github.com/apache/zeppelin/tree/fb4c778b9e841004d0d884566b670826c6ff29dc,https://github.com/apache/zeppelin/tree/91604c878fbf8f1ea5b49d85912b66bbcc50c027,https://github.com/apache/zeppelin/compare/fb4c778b9e841004d0d884566b670826c6ff29dc...91604c878fbf8f1ea5b49d85912b66bbcc50c027
618,Zeppelin,b9fa42dda13b66fb65e01237a6f86eea5dcdc5b5,281e326d1cd8e9dbf71152ceb390bd5c6ee7b4de,ZEPPELIN-2130,https://issues.apache.org/jira/browse/ZEPPELIN-2130,https://github.com/apache/zeppelin/tree/b9fa42dda13b66fb65e01237a6f86eea5dcdc5b5,https://github.com/apache/zeppelin/tree/281e326d1cd8e9dbf71152ceb390bd5c6ee7b4de,https://github.com/apache/zeppelin/compare/b9fa42dda13b66fb65e01237a6f86eea5dcdc5b5...281e326d1cd8e9dbf71152ceb390bd5c6ee7b4de
619,Zeppelin,95c56f0647f412315cc10a5a4dcb563a81b19dcd,296a448e1cb54c45daeee1e9d7213cc1f382112c,ZEPPELIN-2094,https://issues.apache.org/jira/browse/ZEPPELIN-2094,https://github.com/apache/zeppelin/tree/95c56f0647f412315cc10a5a4dcb563a81b19dcd,https://github.com/apache/zeppelin/tree/296a448e1cb54c45daeee1e9d7213cc1f382112c,https://github.com/apache/zeppelin/compare/95c56f0647f412315cc10a5a4dcb563a81b19dcd...296a448e1cb54c45daeee1e9d7213cc1f382112c
620,Zeppelin,252055571bfb444696ddae86b3a4dac24fa16ddf,6ef2a08c7f188dba579a4ec3d3c2db38f58263ca,ZEPPELIN-2191,https://issues.apache.org/jira/browse/ZEPPELIN-2191,https://github.com/apache/zeppelin/tree/252055571bfb444696ddae86b3a4dac24fa16ddf,https://github.com/apache/zeppelin/tree/6ef2a08c7f188dba579a4ec3d3c2db38f58263ca,https://github.com/apache/zeppelin/compare/252055571bfb444696ddae86b3a4dac24fa16ddf...6ef2a08c7f188dba579a4ec3d3c2db38f58263ca
621,Zeppelin,77778e35ed563f8e3a71a9c647838ec951e8789a,e6b32c0f244b7c68e243f9076291c341ee2a1eb5,ZEPPELIN-2139,https://issues.apache.org/jira/browse/ZEPPELIN-2139,https://github.com/apache/zeppelin/tree/77778e35ed563f8e3a71a9c647838ec951e8789a,https://github.com/apache/zeppelin/tree/e6b32c0f244b7c68e243f9076291c341ee2a1eb5,https://github.com/apache/zeppelin/compare/77778e35ed563f8e3a71a9c647838ec951e8789a...e6b32c0f244b7c68e243f9076291c341ee2a1eb5
622,Zeppelin,e6b32c0f244b7c68e243f9076291c341ee2a1eb5,616301ae4762264a33623b3005a4397db23b215b,ZEPPELIN-2172,https://issues.apache.org/jira/browse/ZEPPELIN-2172,https://github.com/apache/zeppelin/tree/e6b32c0f244b7c68e243f9076291c341ee2a1eb5,https://github.com/apache/zeppelin/tree/616301ae4762264a33623b3005a4397db23b215b,https://github.com/apache/zeppelin/compare/e6b32c0f244b7c68e243f9076291c341ee2a1eb5...616301ae4762264a33623b3005a4397db23b215b
623,Zeppelin,ebd5e1e9b6fa763859e378d1c4ad79f80a19b432,89386342fdf0c94fc5f12da1a6320b97e89610af,ZEPPELIN-2148,https://issues.apache.org/jira/browse/ZEPPELIN-2148,https://github.com/apache/zeppelin/tree/ebd5e1e9b6fa763859e378d1c4ad79f80a19b432,https://github.com/apache/zeppelin/tree/89386342fdf0c94fc5f12da1a6320b97e89610af,https://github.com/apache/zeppelin/compare/ebd5e1e9b6fa763859e378d1c4ad79f80a19b432...89386342fdf0c94fc5f12da1a6320b97e89610af
624,Zeppelin,89386342fdf0c94fc5f12da1a6320b97e89610af,79ace932a9d7de247f7cb0f932cd146d459e617b,ZEPPELIN-1968,https://issues.apache.org/jira/browse/ZEPPELIN-1968,https://github.com/apache/zeppelin/tree/89386342fdf0c94fc5f12da1a6320b97e89610af,https://github.com/apache/zeppelin/tree/79ace932a9d7de247f7cb0f932cd146d459e617b,https://github.com/apache/zeppelin/compare/89386342fdf0c94fc5f12da1a6320b97e89610af...79ace932a9d7de247f7cb0f932cd146d459e617b
625,Zeppelin,b41997850990c8ed99bb8d3d67c9a64371da7b84,0e1964877654c56c72473ad07dac1de6f9646816,ZEPPELIN-2199,https://issues.apache.org/jira/browse/ZEPPELIN-2199,https://github.com/apache/zeppelin/tree/b41997850990c8ed99bb8d3d67c9a64371da7b84,https://github.com/apache/zeppelin/tree/0e1964877654c56c72473ad07dac1de6f9646816,https://github.com/apache/zeppelin/compare/b41997850990c8ed99bb8d3d67c9a64371da7b84...0e1964877654c56c72473ad07dac1de6f9646816
626,Zeppelin,0e1964877654c56c72473ad07dac1de6f9646816,44b395f90dae05046d3dbf7a63ee5eff857328f8,ZEPPELIN-2154,https://issues.apache.org/jira/browse/ZEPPELIN-2154,https://github.com/apache/zeppelin/tree/0e1964877654c56c72473ad07dac1de6f9646816,https://github.com/apache/zeppelin/tree/44b395f90dae05046d3dbf7a63ee5eff857328f8,https://github.com/apache/zeppelin/compare/0e1964877654c56c72473ad07dac1de6f9646816...44b395f90dae05046d3dbf7a63ee5eff857328f8
627,Zeppelin,44b395f90dae05046d3dbf7a63ee5eff857328f8,ce97b53431b1b372475ebfbb330ce147f37bfef2,ZEPPELIN-2234,https://issues.apache.org/jira/browse/ZEPPELIN-2234,https://github.com/apache/zeppelin/tree/44b395f90dae05046d3dbf7a63ee5eff857328f8,https://github.com/apache/zeppelin/tree/ce97b53431b1b372475ebfbb330ce147f37bfef2,https://github.com/apache/zeppelin/compare/44b395f90dae05046d3dbf7a63ee5eff857328f8...ce97b53431b1b372475ebfbb330ce147f37bfef2
628,Zeppelin,5d2ce181d226ee16d40fb263cc527dce5dbbc4af,9f22db91c279b7daf6a13b2d805a874074b070fd,ZEPPELIN-2075,https://issues.apache.org/jira/browse/ZEPPELIN-2075,https://github.com/apache/zeppelin/tree/5d2ce181d226ee16d40fb263cc527dce5dbbc4af,https://github.com/apache/zeppelin/tree/9f22db91c279b7daf6a13b2d805a874074b070fd,https://github.com/apache/zeppelin/compare/5d2ce181d226ee16d40fb263cc527dce5dbbc4af...9f22db91c279b7daf6a13b2d805a874074b070fd
629,Zeppelin,9f22db91c279b7daf6a13b2d805a874074b070fd,0cb0f36baf3f46377f680b00a36b08acd40ce246,ZEPPELIN-1808,https://issues.apache.org/jira/browse/ZEPPELIN-1808,https://github.com/apache/zeppelin/tree/9f22db91c279b7daf6a13b2d805a874074b070fd,https://github.com/apache/zeppelin/tree/0cb0f36baf3f46377f680b00a36b08acd40ce246,https://github.com/apache/zeppelin/compare/9f22db91c279b7daf6a13b2d805a874074b070fd...0cb0f36baf3f46377f680b00a36b08acd40ce246
630,Zeppelin,45e80fd603665ab76b53242cded4f2c7ca7495c6,1ec6e1265338976d2bb928a8450de5fd8cd0f56d,ZEPPELIN-2149,https://issues.apache.org/jira/browse/ZEPPELIN-2149,https://github.com/apache/zeppelin/tree/45e80fd603665ab76b53242cded4f2c7ca7495c6,https://github.com/apache/zeppelin/tree/1ec6e1265338976d2bb928a8450de5fd8cd0f56d,https://github.com/apache/zeppelin/compare/45e80fd603665ab76b53242cded4f2c7ca7495c6...1ec6e1265338976d2bb928a8450de5fd8cd0f56d
631,Zeppelin,1ec6e1265338976d2bb928a8450de5fd8cd0f56d,623b4ace9e5c8f1667bd34c21b944b9d4636a2bd,ZEPPELIN-2241,https://issues.apache.org/jira/browse/ZEPPELIN-2241,https://github.com/apache/zeppelin/tree/1ec6e1265338976d2bb928a8450de5fd8cd0f56d,https://github.com/apache/zeppelin/tree/623b4ace9e5c8f1667bd34c21b944b9d4636a2bd,https://github.com/apache/zeppelin/compare/1ec6e1265338976d2bb928a8450de5fd8cd0f56d...623b4ace9e5c8f1667bd34c21b944b9d4636a2bd
632,Zeppelin,623b4ace9e5c8f1667bd34c21b944b9d4636a2bd,f2c865aaacb3788286de076246695a35fff277f8,ZEPPELIN-2253,https://issues.apache.org/jira/browse/ZEPPELIN-2253,https://github.com/apache/zeppelin/tree/623b4ace9e5c8f1667bd34c21b944b9d4636a2bd,https://github.com/apache/zeppelin/tree/f2c865aaacb3788286de076246695a35fff277f8,https://github.com/apache/zeppelin/compare/623b4ace9e5c8f1667bd34c21b944b9d4636a2bd...f2c865aaacb3788286de076246695a35fff277f8
633,Zeppelin,f2c865aaacb3788286de076246695a35fff277f8,a2cd4ae4e17024501bb0654e71747a07ff68600d,ZEPPELIN-2237,https://issues.apache.org/jira/browse/ZEPPELIN-2237,https://github.com/apache/zeppelin/tree/f2c865aaacb3788286de076246695a35fff277f8,https://github.com/apache/zeppelin/tree/a2cd4ae4e17024501bb0654e71747a07ff68600d,https://github.com/apache/zeppelin/compare/f2c865aaacb3788286de076246695a35fff277f8...a2cd4ae4e17024501bb0654e71747a07ff68600d
634,Zeppelin,a2cd4ae4e17024501bb0654e71747a07ff68600d,d0fc54bc782c9cc6bc9a5dda2d8ca92b46cc66c7,ZEPPELIN-2175,https://issues.apache.org/jira/browse/ZEPPELIN-2175,https://github.com/apache/zeppelin/tree/a2cd4ae4e17024501bb0654e71747a07ff68600d,https://github.com/apache/zeppelin/tree/d0fc54bc782c9cc6bc9a5dda2d8ca92b46cc66c7,https://github.com/apache/zeppelin/compare/a2cd4ae4e17024501bb0654e71747a07ff68600d...d0fc54bc782c9cc6bc9a5dda2d8ca92b46cc66c7
635,Zeppelin,dc8c4dbf13e537ce624d8cddb8879dc2ed210b9f,970b8117a48a31a9375bf7f76142117fd9b3bd86,ZEPPELIN-2037,https://issues.apache.org/jira/browse/ZEPPELIN-2037,https://github.com/apache/zeppelin/tree/dc8c4dbf13e537ce624d8cddb8879dc2ed210b9f,https://github.com/apache/zeppelin/tree/970b8117a48a31a9375bf7f76142117fd9b3bd86,https://github.com/apache/zeppelin/compare/dc8c4dbf13e537ce624d8cddb8879dc2ed210b9f...970b8117a48a31a9375bf7f76142117fd9b3bd86
636,Zeppelin,970b8117a48a31a9375bf7f76142117fd9b3bd86,f9a8a6f6e8e9959b5bed0a69723b934a25b7f261,ZEPPELIN-2124,https://issues.apache.org/jira/browse/ZEPPELIN-2124,https://github.com/apache/zeppelin/tree/970b8117a48a31a9375bf7f76142117fd9b3bd86,https://github.com/apache/zeppelin/tree/f9a8a6f6e8e9959b5bed0a69723b934a25b7f261,https://github.com/apache/zeppelin/compare/970b8117a48a31a9375bf7f76142117fd9b3bd86...f9a8a6f6e8e9959b5bed0a69723b934a25b7f261
637,Zeppelin,dcf2c7a2c86eef9411ccdf5d50b9851b89dd98b0,36e5f6b08c8e8d61671a998415c6313e06148845,ZEPPELIN-2215,https://issues.apache.org/jira/browse/ZEPPELIN-2215,https://github.com/apache/zeppelin/tree/dcf2c7a2c86eef9411ccdf5d50b9851b89dd98b0,https://github.com/apache/zeppelin/tree/36e5f6b08c8e8d61671a998415c6313e06148845,https://github.com/apache/zeppelin/compare/dcf2c7a2c86eef9411ccdf5d50b9851b89dd98b0...36e5f6b08c8e8d61671a998415c6313e06148845
638,Zeppelin,cceeaef2a4994ee5b40e8c2606ec7c81e7553d37,2463731ede1698a8235cb03edb30c5e39d4f7402,ZEPPELIN-2037,https://issues.apache.org/jira/browse/ZEPPELIN-2037,https://github.com/apache/zeppelin/tree/cceeaef2a4994ee5b40e8c2606ec7c81e7553d37,https://github.com/apache/zeppelin/tree/2463731ede1698a8235cb03edb30c5e39d4f7402,https://github.com/apache/zeppelin/compare/cceeaef2a4994ee5b40e8c2606ec7c81e7553d37...2463731ede1698a8235cb03edb30c5e39d4f7402
639,Zeppelin,2463731ede1698a8235cb03edb30c5e39d4f7402,1b5c3a3f37c36f62a049cb3bdf2228d320e250d4,ZEPPELIN-2282,https://issues.apache.org/jira/browse/ZEPPELIN-2282,https://github.com/apache/zeppelin/tree/2463731ede1698a8235cb03edb30c5e39d4f7402,https://github.com/apache/zeppelin/tree/1b5c3a3f37c36f62a049cb3bdf2228d320e250d4,https://github.com/apache/zeppelin/compare/2463731ede1698a8235cb03edb30c5e39d4f7402...1b5c3a3f37c36f62a049cb3bdf2228d320e250d4
640,Zeppelin,fd7aa10e0c37b64dc70ce89b44d154a7463e1d05,a105a21a93145e0dfe0c91466d6a3700b83bd9c6,ZEPPELIN-1697,https://issues.apache.org/jira/browse/ZEPPELIN-1697,https://github.com/apache/zeppelin/tree/fd7aa10e0c37b64dc70ce89b44d154a7463e1d05,https://github.com/apache/zeppelin/tree/a105a21a93145e0dfe0c91466d6a3700b83bd9c6,https://github.com/apache/zeppelin/compare/fd7aa10e0c37b64dc70ce89b44d154a7463e1d05...a105a21a93145e0dfe0c91466d6a3700b83bd9c6
641,Zeppelin,1f736647989952679957c8a7bd26b156d795fd7c,89a1c53f247688c1f521f8c2a8622a8484cb23cf,ZEPPELIN-2106,https://issues.apache.org/jira/browse/ZEPPELIN-2106,https://github.com/apache/zeppelin/tree/1f736647989952679957c8a7bd26b156d795fd7c,https://github.com/apache/zeppelin/tree/89a1c53f247688c1f521f8c2a8622a8484cb23cf,https://github.com/apache/zeppelin/compare/1f736647989952679957c8a7bd26b156d795fd7c...89a1c53f247688c1f521f8c2a8622a8484cb23cf
642,Zeppelin,89a1c53f247688c1f521f8c2a8622a8484cb23cf,29dc3da1e12fd7e035c1878431720410131c0b0a,ZEPPELIN-2288,https://issues.apache.org/jira/browse/ZEPPELIN-2288,https://github.com/apache/zeppelin/tree/89a1c53f247688c1f521f8c2a8622a8484cb23cf,https://github.com/apache/zeppelin/tree/29dc3da1e12fd7e035c1878431720410131c0b0a,https://github.com/apache/zeppelin/compare/89a1c53f247688c1f521f8c2a8622a8484cb23cf...29dc3da1e12fd7e035c1878431720410131c0b0a
643,Zeppelin,29dc3da1e12fd7e035c1878431720410131c0b0a,4a51028e9ef9dfaee76a85eb2f6c862afa5deac7,ZEPPELIN-2149,https://issues.apache.org/jira/browse/ZEPPELIN-2149,https://github.com/apache/zeppelin/tree/29dc3da1e12fd7e035c1878431720410131c0b0a,https://github.com/apache/zeppelin/tree/4a51028e9ef9dfaee76a85eb2f6c862afa5deac7,https://github.com/apache/zeppelin/compare/29dc3da1e12fd7e035c1878431720410131c0b0a...4a51028e9ef9dfaee76a85eb2f6c862afa5deac7
644,Zeppelin,9d40013a994ca65f99831a416fb235d15ee17fdb,0aea2416dc60fb6e2e181ee1c593d9d2c575bcb7,ZEPPELIN-2294,https://issues.apache.org/jira/browse/ZEPPELIN-2294,https://github.com/apache/zeppelin/tree/9d40013a994ca65f99831a416fb235d15ee17fdb,https://github.com/apache/zeppelin/tree/0aea2416dc60fb6e2e181ee1c593d9d2c575bcb7,https://github.com/apache/zeppelin/compare/9d40013a994ca65f99831a416fb235d15ee17fdb...0aea2416dc60fb6e2e181ee1c593d9d2c575bcb7
645,Zeppelin,f76ac8807eaf3a0875d859e4ef896b770b4df01a,58189ec89c2c2ce83ccc0a1ba3b5c5372bc5cded,ZEPPELIN-2291,https://issues.apache.org/jira/browse/ZEPPELIN-2291,https://github.com/apache/zeppelin/tree/f76ac8807eaf3a0875d859e4ef896b770b4df01a,https://github.com/apache/zeppelin/tree/58189ec89c2c2ce83ccc0a1ba3b5c5372bc5cded,https://github.com/apache/zeppelin/compare/f76ac8807eaf3a0875d859e4ef896b770b4df01a...58189ec89c2c2ce83ccc0a1ba3b5c5372bc5cded
646,Zeppelin,58189ec89c2c2ce83ccc0a1ba3b5c5372bc5cded,829cabb70c418c7ca26aad7a08929dbd8e7e4f86,ZEPPELIN-1889,https://issues.apache.org/jira/browse/ZEPPELIN-1889,https://github.com/apache/zeppelin/tree/58189ec89c2c2ce83ccc0a1ba3b5c5372bc5cded,https://github.com/apache/zeppelin/tree/829cabb70c418c7ca26aad7a08929dbd8e7e4f86,https://github.com/apache/zeppelin/compare/58189ec89c2c2ce83ccc0a1ba3b5c5372bc5cded...829cabb70c418c7ca26aad7a08929dbd8e7e4f86
647,Zeppelin,78e2e912b6f9014e9a83c929cde339dcb8459bdc,444ec6ded23ffa0a502b6cca1f84a20340af565c,ZEPPELIN-2314,https://issues.apache.org/jira/browse/ZEPPELIN-2314,https://github.com/apache/zeppelin/tree/78e2e912b6f9014e9a83c929cde339dcb8459bdc,https://github.com/apache/zeppelin/tree/444ec6ded23ffa0a502b6cca1f84a20340af565c,https://github.com/apache/zeppelin/compare/78e2e912b6f9014e9a83c929cde339dcb8459bdc...444ec6ded23ffa0a502b6cca1f84a20340af565c
648,Zeppelin,f5f127b684608c8c06ed6e9dec7cbcbd2146da0a,c1e63f4da20c589d0aae99f678900ed738077f68,ZEPPELIN-2229,https://issues.apache.org/jira/browse/ZEPPELIN-2229,https://github.com/apache/zeppelin/tree/f5f127b684608c8c06ed6e9dec7cbcbd2146da0a,https://github.com/apache/zeppelin/tree/c1e63f4da20c589d0aae99f678900ed738077f68,https://github.com/apache/zeppelin/compare/f5f127b684608c8c06ed6e9dec7cbcbd2146da0a...c1e63f4da20c589d0aae99f678900ed738077f68
649,Zeppelin,c1e63f4da20c589d0aae99f678900ed738077f68,7083ff8d321ccd1e402935b67f69b377c5bcee3b,ZEPPELIN-2304,https://issues.apache.org/jira/browse/ZEPPELIN-2304,https://github.com/apache/zeppelin/tree/c1e63f4da20c589d0aae99f678900ed738077f68,https://github.com/apache/zeppelin/tree/7083ff8d321ccd1e402935b67f69b377c5bcee3b,https://github.com/apache/zeppelin/compare/c1e63f4da20c589d0aae99f678900ed738077f68...7083ff8d321ccd1e402935b67f69b377c5bcee3b
650,Zeppelin,174244e20188406b307b8e4503444a6a00f164b1,4a466d060598fec9e21fb1d77eea2825b73c70f4,ZEPPELIN-2037,https://issues.apache.org/jira/browse/ZEPPELIN-2037,https://github.com/apache/zeppelin/tree/174244e20188406b307b8e4503444a6a00f164b1,https://github.com/apache/zeppelin/tree/4a466d060598fec9e21fb1d77eea2825b73c70f4,https://github.com/apache/zeppelin/compare/174244e20188406b307b8e4503444a6a00f164b1...4a466d060598fec9e21fb1d77eea2825b73c70f4
651,Zeppelin,062c2a47ccced40297e06dffe6c68c1815c29afe,c91ec2be69094b2ce413e69188b60396c6e3884c,ZEPPELIN-2302,https://issues.apache.org/jira/browse/ZEPPELIN-2302,https://github.com/apache/zeppelin/tree/062c2a47ccced40297e06dffe6c68c1815c29afe,https://github.com/apache/zeppelin/tree/c91ec2be69094b2ce413e69188b60396c6e3884c,https://github.com/apache/zeppelin/compare/062c2a47ccced40297e06dffe6c68c1815c29afe...c91ec2be69094b2ce413e69188b60396c6e3884c
652,Zeppelin,9e8d7eb90c4eaddb58ad7a0735aa831b62a1eb80,1135fb61d24e4a7baa82d1442e683eecb5de33d2,ZEPPELIN-1965,https://issues.apache.org/jira/browse/ZEPPELIN-1965,https://github.com/apache/zeppelin/tree/9e8d7eb90c4eaddb58ad7a0735aa831b62a1eb80,https://github.com/apache/zeppelin/tree/1135fb61d24e4a7baa82d1442e683eecb5de33d2,https://github.com/apache/zeppelin/compare/9e8d7eb90c4eaddb58ad7a0735aa831b62a1eb80...1135fb61d24e4a7baa82d1442e683eecb5de33d2
653,Zeppelin,1135fb61d24e4a7baa82d1442e683eecb5de33d2,20b72758b4d1a66801a0ab06fb1a7833af2a44ee,ZEPPELIN-2330,https://issues.apache.org/jira/browse/ZEPPELIN-2330,https://github.com/apache/zeppelin/tree/1135fb61d24e4a7baa82d1442e683eecb5de33d2,https://github.com/apache/zeppelin/tree/20b72758b4d1a66801a0ab06fb1a7833af2a44ee,https://github.com/apache/zeppelin/compare/1135fb61d24e4a7baa82d1442e683eecb5de33d2...20b72758b4d1a66801a0ab06fb1a7833af2a44ee
654,Zeppelin,c87fa53a3added61f82bae7000122318e34a2676,e7882b6db4752392329d5c26c5921fe7376f5b20,ZEPPELIN-2336,https://issues.apache.org/jira/browse/ZEPPELIN-2336,https://github.com/apache/zeppelin/tree/c87fa53a3added61f82bae7000122318e34a2676,https://github.com/apache/zeppelin/tree/e7882b6db4752392329d5c26c5921fe7376f5b20,https://github.com/apache/zeppelin/compare/c87fa53a3added61f82bae7000122318e34a2676...e7882b6db4752392329d5c26c5921fe7376f5b20
655,Zeppelin,e7882b6db4752392329d5c26c5921fe7376f5b20,6ae578cadf92b20f629a5888f7381da3eaa881c5,ZEPPELIN-2348,https://issues.apache.org/jira/browse/ZEPPELIN-2348,https://github.com/apache/zeppelin/tree/e7882b6db4752392329d5c26c5921fe7376f5b20,https://github.com/apache/zeppelin/tree/6ae578cadf92b20f629a5888f7381da3eaa881c5,https://github.com/apache/zeppelin/compare/e7882b6db4752392329d5c26c5921fe7376f5b20...6ae578cadf92b20f629a5888f7381da3eaa881c5
656,Zeppelin,6ae578cadf92b20f629a5888f7381da3eaa881c5,c23aa88717488788d88305f34a36ee9cddc90152,ZEPPELIN-1492,https://issues.apache.org/jira/browse/ZEPPELIN-1492,https://github.com/apache/zeppelin/tree/6ae578cadf92b20f629a5888f7381da3eaa881c5,https://github.com/apache/zeppelin/tree/c23aa88717488788d88305f34a36ee9cddc90152,https://github.com/apache/zeppelin/compare/6ae578cadf92b20f629a5888f7381da3eaa881c5...c23aa88717488788d88305f34a36ee9cddc90152
657,Zeppelin,8a71172481299d1c28d8acfed776f6f8369c1ea2,79a53129e887ac749c5d165b318207c9d8ddbe12,ZEPPELIN-2320,https://issues.apache.org/jira/browse/ZEPPELIN-2320,https://github.com/apache/zeppelin/tree/8a71172481299d1c28d8acfed776f6f8369c1ea2,https://github.com/apache/zeppelin/tree/79a53129e887ac749c5d165b318207c9d8ddbe12,https://github.com/apache/zeppelin/compare/8a71172481299d1c28d8acfed776f6f8369c1ea2...79a53129e887ac749c5d165b318207c9d8ddbe12
658,Zeppelin,5381883ff5dc50c9ccb3fe3593496b59853bad8f,495be1ede1c0f5fc949275153dcaa1c6de5ddcdd,ZEPPELIN-2150,https://issues.apache.org/jira/browse/ZEPPELIN-2150,https://github.com/apache/zeppelin/tree/5381883ff5dc50c9ccb3fe3593496b59853bad8f,https://github.com/apache/zeppelin/tree/495be1ede1c0f5fc949275153dcaa1c6de5ddcdd,https://github.com/apache/zeppelin/compare/5381883ff5dc50c9ccb3fe3593496b59853bad8f...495be1ede1c0f5fc949275153dcaa1c6de5ddcdd
659,Zeppelin,241fd0344da3f6fbda7ba8d0976a85a51e3c33e9,f9830a7d64921c1f67aeb6ee179b574769e0a6f9,ZEPPELIN-2279,https://issues.apache.org/jira/browse/ZEPPELIN-2279,https://github.com/apache/zeppelin/tree/241fd0344da3f6fbda7ba8d0976a85a51e3c33e9,https://github.com/apache/zeppelin/tree/f9830a7d64921c1f67aeb6ee179b574769e0a6f9,https://github.com/apache/zeppelin/compare/241fd0344da3f6fbda7ba8d0976a85a51e3c33e9...f9830a7d64921c1f67aeb6ee179b574769e0a6f9
660,Zeppelin,540ceb87d86a5751a5a93d3c050ecec36382e91f,b55231464199f4fd5598970ab2f746f0d254c0b4,ZEPPELIN-2357,https://issues.apache.org/jira/browse/ZEPPELIN-2357,https://github.com/apache/zeppelin/tree/540ceb87d86a5751a5a93d3c050ecec36382e91f,https://github.com/apache/zeppelin/tree/b55231464199f4fd5598970ab2f746f0d254c0b4,https://github.com/apache/zeppelin/compare/540ceb87d86a5751a5a93d3c050ecec36382e91f...b55231464199f4fd5598970ab2f746f0d254c0b4
661,Zeppelin,b55231464199f4fd5598970ab2f746f0d254c0b4,35fa9d287fd7535dc9fed9ca8cc84e7851b045b5,ZEPPELIN-2366,https://issues.apache.org/jira/browse/ZEPPELIN-2366,https://github.com/apache/zeppelin/tree/b55231464199f4fd5598970ab2f746f0d254c0b4,https://github.com/apache/zeppelin/tree/35fa9d287fd7535dc9fed9ca8cc84e7851b045b5,https://github.com/apache/zeppelin/compare/b55231464199f4fd5598970ab2f746f0d254c0b4...35fa9d287fd7535dc9fed9ca8cc84e7851b045b5
662,Zeppelin,35fa9d287fd7535dc9fed9ca8cc84e7851b045b5,902892a97723b0c4deb4ef832588067a0faa9d74,ZEPPELIN-2323,https://issues.apache.org/jira/browse/ZEPPELIN-2323,https://github.com/apache/zeppelin/tree/35fa9d287fd7535dc9fed9ca8cc84e7851b045b5,https://github.com/apache/zeppelin/tree/902892a97723b0c4deb4ef832588067a0faa9d74,https://github.com/apache/zeppelin/compare/35fa9d287fd7535dc9fed9ca8cc84e7851b045b5...902892a97723b0c4deb4ef832588067a0faa9d74
663,Zeppelin,902892a97723b0c4deb4ef832588067a0faa9d74,2173b4013aa1a1403eb1c44fc3d39b40f50b5424,ZEPPELIN-2318,https://issues.apache.org/jira/browse/ZEPPELIN-2318,https://github.com/apache/zeppelin/tree/902892a97723b0c4deb4ef832588067a0faa9d74,https://github.com/apache/zeppelin/tree/2173b4013aa1a1403eb1c44fc3d39b40f50b5424,https://github.com/apache/zeppelin/compare/902892a97723b0c4deb4ef832588067a0faa9d74...2173b4013aa1a1403eb1c44fc3d39b40f50b5424
664,Zeppelin,e5922b6bbaecacdfdcd279c4ff1f181c482210ca,861f1d88fe2ea105df6892abef14142327c49f6f,ZEPPELIN-2355,https://issues.apache.org/jira/browse/ZEPPELIN-2355,https://github.com/apache/zeppelin/tree/e5922b6bbaecacdfdcd279c4ff1f181c482210ca,https://github.com/apache/zeppelin/tree/861f1d88fe2ea105df6892abef14142327c49f6f,https://github.com/apache/zeppelin/compare/e5922b6bbaecacdfdcd279c4ff1f181c482210ca...861f1d88fe2ea105df6892abef14142327c49f6f
665,Zeppelin,861f1d88fe2ea105df6892abef14142327c49f6f,5fd4ffc56658884b8f671ca40b1f78b8354f1f69,ZEPPELIN-2407,https://issues.apache.org/jira/browse/ZEPPELIN-2407,https://github.com/apache/zeppelin/tree/861f1d88fe2ea105df6892abef14142327c49f6f,https://github.com/apache/zeppelin/tree/5fd4ffc56658884b8f671ca40b1f78b8354f1f69,https://github.com/apache/zeppelin/compare/861f1d88fe2ea105df6892abef14142327c49f6f...5fd4ffc56658884b8f671ca40b1f78b8354f1f69
666,Zeppelin,5fd4ffc56658884b8f671ca40b1f78b8354f1f69,74c0408d30927b11c99a8e134284be4156b19f8a,ZEPPELIN-2377,https://issues.apache.org/jira/browse/ZEPPELIN-2377,https://github.com/apache/zeppelin/tree/5fd4ffc56658884b8f671ca40b1f78b8354f1f69,https://github.com/apache/zeppelin/tree/74c0408d30927b11c99a8e134284be4156b19f8a,https://github.com/apache/zeppelin/compare/5fd4ffc56658884b8f671ca40b1f78b8354f1f69...74c0408d30927b11c99a8e134284be4156b19f8a
667,Zeppelin,74c0408d30927b11c99a8e134284be4156b19f8a,8d03920b9bec86dd8e2fc343d32749a08f501362,Zeppelin-802,https://issues.apache.org/jira/browse/ZEPPELIN-802,https://github.com/apache/zeppelin/tree/74c0408d30927b11c99a8e134284be4156b19f8a,https://github.com/apache/zeppelin/tree/8d03920b9bec86dd8e2fc343d32749a08f501362,https://github.com/apache/zeppelin/compare/74c0408d30927b11c99a8e134284be4156b19f8a...8d03920b9bec86dd8e2fc343d32749a08f501362
668,Zeppelin,f32651e519a27d755cdbed5f008d6d5f242695a2,33663941c5ca544b0922d7093c8a118d8c3fce3f,ZEPPELIN-2315,https://issues.apache.org/jira/browse/ZEPPELIN-2315,https://github.com/apache/zeppelin/tree/f32651e519a27d755cdbed5f008d6d5f242695a2,https://github.com/apache/zeppelin/tree/33663941c5ca544b0922d7093c8a118d8c3fce3f,https://github.com/apache/zeppelin/compare/f32651e519a27d755cdbed5f008d6d5f242695a2...33663941c5ca544b0922d7093c8a118d8c3fce3f
669,Zeppelin,c706d453e06a2f8c71fcd61d7e4dddc87cafc0f4,4d6485737cf72bc156c65c419b8e6e6cc907f3ea,ZEPPELIN-1357,https://issues.apache.org/jira/browse/ZEPPELIN-1357,https://github.com/apache/zeppelin/tree/c706d453e06a2f8c71fcd61d7e4dddc87cafc0f4,https://github.com/apache/zeppelin/tree/4d6485737cf72bc156c65c419b8e6e6cc907f3ea,https://github.com/apache/zeppelin/compare/c706d453e06a2f8c71fcd61d7e4dddc87cafc0f4...4d6485737cf72bc156c65c419b8e6e6cc907f3ea
670,Zeppelin,c3fbb1ef664e7a54a8bc52eee435b91be8a6e16d,4b1b521fc34fd3c841e38ab591af0bc7df21a64e,ZEPPELIN-2179,https://issues.apache.org/jira/browse/ZEPPELIN-2179,https://github.com/apache/zeppelin/tree/c3fbb1ef664e7a54a8bc52eee435b91be8a6e16d,https://github.com/apache/zeppelin/tree/4b1b521fc34fd3c841e38ab591af0bc7df21a64e,https://github.com/apache/zeppelin/compare/c3fbb1ef664e7a54a8bc52eee435b91be8a6e16d...4b1b521fc34fd3c841e38ab591af0bc7df21a64e
671,Zeppelin,8dd1fb184579621133f3212b07b074ee42271bb7,652911abe457d48a540be4a3de2dad824691dfb1,ZEPPELIN-2096,https://issues.apache.org/jira/browse/ZEPPELIN-2096,https://github.com/apache/zeppelin/tree/8dd1fb184579621133f3212b07b074ee42271bb7,https://github.com/apache/zeppelin/tree/652911abe457d48a540be4a3de2dad824691dfb1,https://github.com/apache/zeppelin/compare/8dd1fb184579621133f3212b07b074ee42271bb7...652911abe457d48a540be4a3de2dad824691dfb1
672,Zeppelin,652911abe457d48a540be4a3de2dad824691dfb1,7a0cb6c7a66e2f2b6b882d1a800e6daa05fc4f8c,ZEPPELIN-2420,https://issues.apache.org/jira/browse/ZEPPELIN-2420,https://github.com/apache/zeppelin/tree/652911abe457d48a540be4a3de2dad824691dfb1,https://github.com/apache/zeppelin/tree/7a0cb6c7a66e2f2b6b882d1a800e6daa05fc4f8c,https://github.com/apache/zeppelin/compare/652911abe457d48a540be4a3de2dad824691dfb1...7a0cb6c7a66e2f2b6b882d1a800e6daa05fc4f8c
673,Zeppelin,7a0cb6c7a66e2f2b6b882d1a800e6daa05fc4f8c,09e8f7f0cd84efd9c67fff44119f7953881d91ab,ZEPPELIN-2421,https://issues.apache.org/jira/browse/ZEPPELIN-2421,https://github.com/apache/zeppelin/tree/7a0cb6c7a66e2f2b6b882d1a800e6daa05fc4f8c,https://github.com/apache/zeppelin/tree/09e8f7f0cd84efd9c67fff44119f7953881d91ab,https://github.com/apache/zeppelin/compare/7a0cb6c7a66e2f2b6b882d1a800e6daa05fc4f8c...09e8f7f0cd84efd9c67fff44119f7953881d91ab
674,Zeppelin,5124e62a176580b9b721ebeb25274f37a80e638c,dad440dd16a3b67c11c8d2aec5a793ea7ec7defc,ZEPPELIN-2408,https://issues.apache.org/jira/browse/ZEPPELIN-2408,https://github.com/apache/zeppelin/tree/5124e62a176580b9b721ebeb25274f37a80e638c,https://github.com/apache/zeppelin/tree/dad440dd16a3b67c11c8d2aec5a793ea7ec7defc,https://github.com/apache/zeppelin/compare/5124e62a176580b9b721ebeb25274f37a80e638c...dad440dd16a3b67c11c8d2aec5a793ea7ec7defc
675,Zeppelin,2f90114055e4f5af0f6d051d0ce1da1c6204bd97,96de73049fb34877bc6049891f34d835e220a013,ZEPPELIN-2410,https://issues.apache.org/jira/browse/ZEPPELIN-2410,https://github.com/apache/zeppelin/tree/2f90114055e4f5af0f6d051d0ce1da1c6204bd97,https://github.com/apache/zeppelin/tree/96de73049fb34877bc6049891f34d835e220a013,https://github.com/apache/zeppelin/compare/2f90114055e4f5af0f6d051d0ce1da1c6204bd97...96de73049fb34877bc6049891f34d835e220a013
676,Zeppelin,96de73049fb34877bc6049891f34d835e220a013,da793f37228c80a21be2a2b6cc891c9704cf0819,ZEPPELIN-2434,https://issues.apache.org/jira/browse/ZEPPELIN-2434,https://github.com/apache/zeppelin/tree/96de73049fb34877bc6049891f34d835e220a013,https://github.com/apache/zeppelin/tree/da793f37228c80a21be2a2b6cc891c9704cf0819,https://github.com/apache/zeppelin/compare/96de73049fb34877bc6049891f34d835e220a013...da793f37228c80a21be2a2b6cc891c9704cf0819
677,Zeppelin,bc1b4be8cf8fb6fd550f1dbeb8bf5af6cf87e657,a3c78a4f49653ee66b0316c694bf57bf1c38a53b,ZEPPELIN-2375,https://issues.apache.org/jira/browse/ZEPPELIN-2375,https://github.com/apache/zeppelin/tree/bc1b4be8cf8fb6fd550f1dbeb8bf5af6cf87e657,https://github.com/apache/zeppelin/tree/a3c78a4f49653ee66b0316c694bf57bf1c38a53b,https://github.com/apache/zeppelin/compare/bc1b4be8cf8fb6fd550f1dbeb8bf5af6cf87e657...a3c78a4f49653ee66b0316c694bf57bf1c38a53b
678,Zeppelin,a3c78a4f49653ee66b0316c694bf57bf1c38a53b,6eecdecb5d590fba5c5b0216da4bcd2e8b22d933,ZEPPELIN-2409,https://issues.apache.org/jira/browse/ZEPPELIN-2409,https://github.com/apache/zeppelin/tree/a3c78a4f49653ee66b0316c694bf57bf1c38a53b,https://github.com/apache/zeppelin/tree/6eecdecb5d590fba5c5b0216da4bcd2e8b22d933,https://github.com/apache/zeppelin/compare/a3c78a4f49653ee66b0316c694bf57bf1c38a53b...6eecdecb5d590fba5c5b0216da4bcd2e8b22d933
679,Zeppelin,c8cd1cf5065605269cf83ebc8fe7b265337e34a2,8744032563718dfe9aac0c9b968254fcdca7b004,ZEPPELIN-2431,https://issues.apache.org/jira/browse/ZEPPELIN-2431,https://github.com/apache/zeppelin/tree/c8cd1cf5065605269cf83ebc8fe7b265337e34a2,https://github.com/apache/zeppelin/tree/8744032563718dfe9aac0c9b968254fcdca7b004,https://github.com/apache/zeppelin/compare/c8cd1cf5065605269cf83ebc8fe7b265337e34a2...8744032563718dfe9aac0c9b968254fcdca7b004
680,Zeppelin,a593a8b3506efcb60063e1fcee189fcef9e61d6f,d82f42def4bfd659155ff66ce1d087e3c076a501,ZEPPELIN-2448,https://issues.apache.org/jira/browse/ZEPPELIN-2448,https://github.com/apache/zeppelin/tree/a593a8b3506efcb60063e1fcee189fcef9e61d6f,https://github.com/apache/zeppelin/tree/d82f42def4bfd659155ff66ce1d087e3c076a501,https://github.com/apache/zeppelin/compare/a593a8b3506efcb60063e1fcee189fcef9e61d6f...d82f42def4bfd659155ff66ce1d087e3c076a501
681,Zeppelin,2a06292c1fcc64ea4e503a29212a179f93699b07,73ae291b0553789fbf00980aa8f283d8570e9e1b,ZEPPELIN-2468,https://issues.apache.org/jira/browse/ZEPPELIN-2468,https://github.com/apache/zeppelin/tree/2a06292c1fcc64ea4e503a29212a179f93699b07,https://github.com/apache/zeppelin/tree/73ae291b0553789fbf00980aa8f283d8570e9e1b,https://github.com/apache/zeppelin/compare/2a06292c1fcc64ea4e503a29212a179f93699b07...73ae291b0553789fbf00980aa8f283d8570e9e1b
682,Zeppelin,82c92d110ccbdd986c58e5600a62f7cd44aedfb1,62aec9fbdc3921f319b9901b7f7bd9c4c9e0f4fc,ZEPPELIN-2461,https://issues.apache.org/jira/browse/ZEPPELIN-2461,https://github.com/apache/zeppelin/tree/82c92d110ccbdd986c58e5600a62f7cd44aedfb1,https://github.com/apache/zeppelin/tree/62aec9fbdc3921f319b9901b7f7bd9c4c9e0f4fc,https://github.com/apache/zeppelin/compare/82c92d110ccbdd986c58e5600a62f7cd44aedfb1...62aec9fbdc3921f319b9901b7f7bd9c4c9e0f4fc
683,Zeppelin,62aec9fbdc3921f319b9901b7f7bd9c4c9e0f4fc,08a9814033e216eb2d340c49d171f3b66c19eb61,ZEPPELIN-2367,https://issues.apache.org/jira/browse/ZEPPELIN-2367,https://github.com/apache/zeppelin/tree/62aec9fbdc3921f319b9901b7f7bd9c4c9e0f4fc,https://github.com/apache/zeppelin/tree/08a9814033e216eb2d340c49d171f3b66c19eb61,https://github.com/apache/zeppelin/compare/62aec9fbdc3921f319b9901b7f7bd9c4c9e0f4fc...08a9814033e216eb2d340c49d171f3b66c19eb61
684,Zeppelin,08a9814033e216eb2d340c49d171f3b66c19eb61,92e3abc9d4a6a95da8440c6a4985234190741aae,ZEPPELIN-2486,https://issues.apache.org/jira/browse/ZEPPELIN-2486,https://github.com/apache/zeppelin/tree/08a9814033e216eb2d340c49d171f3b66c19eb61,https://github.com/apache/zeppelin/tree/92e3abc9d4a6a95da8440c6a4985234190741aae,https://github.com/apache/zeppelin/compare/08a9814033e216eb2d340c49d171f3b66c19eb61...92e3abc9d4a6a95da8440c6a4985234190741aae
685,Zeppelin,6db9929dd3caf957e41344b2cbc65eb515fde615,ae05740b1852a4251b66b9559486b62a85af5dd9,ZEPPELIN-2484,https://issues.apache.org/jira/browse/ZEPPELIN-2484,https://github.com/apache/zeppelin/tree/6db9929dd3caf957e41344b2cbc65eb515fde615,https://github.com/apache/zeppelin/tree/ae05740b1852a4251b66b9559486b62a85af5dd9,https://github.com/apache/zeppelin/compare/6db9929dd3caf957e41344b2cbc65eb515fde615...ae05740b1852a4251b66b9559486b62a85af5dd9
686,Zeppelin,e902801773c5b955be841d8275ea50def4082ae9,fb80bf7dd9cfe6ca5ff649d249a09c03f09ca166,ZEPPELIN-2382,https://issues.apache.org/jira/browse/ZEPPELIN-2382,https://github.com/apache/zeppelin/tree/e902801773c5b955be841d8275ea50def4082ae9,https://github.com/apache/zeppelin/tree/fb80bf7dd9cfe6ca5ff649d249a09c03f09ca166,https://github.com/apache/zeppelin/compare/e902801773c5b955be841d8275ea50def4082ae9...fb80bf7dd9cfe6ca5ff649d249a09c03f09ca166
687,Zeppelin,fb80bf7dd9cfe6ca5ff649d249a09c03f09ca166,15ecbb49db17f3938ca0b4d584193354ff243429,ZEPPELIN-2467,https://issues.apache.org/jira/browse/ZEPPELIN-2467,https://github.com/apache/zeppelin/tree/fb80bf7dd9cfe6ca5ff649d249a09c03f09ca166,https://github.com/apache/zeppelin/tree/15ecbb49db17f3938ca0b4d584193354ff243429,https://github.com/apache/zeppelin/compare/fb80bf7dd9cfe6ca5ff649d249a09c03f09ca166...15ecbb49db17f3938ca0b4d584193354ff243429
688,Zeppelin,246c3d0264c9ed8b10ce47f4ea3599d2aebbdc47,28ef8aa90865a77b5aade4700bb945e6c0de9c3e,zeppelin-2367,https://issues.apache.org/jira/browse/ZEPPELIN-2367,https://github.com/apache/zeppelin/tree/246c3d0264c9ed8b10ce47f4ea3599d2aebbdc47,https://github.com/apache/zeppelin/tree/28ef8aa90865a77b5aade4700bb945e6c0de9c3e,https://github.com/apache/zeppelin/compare/246c3d0264c9ed8b10ce47f4ea3599d2aebbdc47...28ef8aa90865a77b5aade4700bb945e6c0de9c3e
689,Zeppelin,4668da159fbd2b2243fbb3fedd55f2dc42beb64d,8194a5e0af0e1b926b27ea9e0d12bdf9d0e43b4b,ZEPPELIN-2467,https://issues.apache.org/jira/browse/ZEPPELIN-2467,https://github.com/apache/zeppelin/tree/4668da159fbd2b2243fbb3fedd55f2dc42beb64d,https://github.com/apache/zeppelin/tree/8194a5e0af0e1b926b27ea9e0d12bdf9d0e43b4b,https://github.com/apache/zeppelin/compare/4668da159fbd2b2243fbb3fedd55f2dc42beb64d...8194a5e0af0e1b926b27ea9e0d12bdf9d0e43b4b
690,Zeppelin,8056bc9b6298634464e0a1ab6b74040acac0584c,ed2422a0961fe2c9671b70ab81707c200b969ab0,ZEPPELIN-2520,https://issues.apache.org/jira/browse/ZEPPELIN-2520,https://github.com/apache/zeppelin/tree/8056bc9b6298634464e0a1ab6b74040acac0584c,https://github.com/apache/zeppelin/tree/ed2422a0961fe2c9671b70ab81707c200b969ab0,https://github.com/apache/zeppelin/compare/8056bc9b6298634464e0a1ab6b74040acac0584c...ed2422a0961fe2c9671b70ab81707c200b969ab0
691,Zeppelin,95980c7ac0d3b53bb3068bfed630b5afd61cadaa,d37684403af045b343b1008977bcf6deef06e1d5,ZEPPELIN-2463,https://issues.apache.org/jira/browse/ZEPPELIN-2463,https://github.com/apache/zeppelin/tree/95980c7ac0d3b53bb3068bfed630b5afd61cadaa,https://github.com/apache/zeppelin/tree/d37684403af045b343b1008977bcf6deef06e1d5,https://github.com/apache/zeppelin/compare/95980c7ac0d3b53bb3068bfed630b5afd61cadaa...d37684403af045b343b1008977bcf6deef06e1d5
692,Zeppelin,164db0794fea1cf289068de71af2b62ae6811cfd,56cee76a7468d6a6f90fb3c2e4f6c0028dcd91ab,ZEPPELIN-2521,https://issues.apache.org/jira/browse/ZEPPELIN-2521,https://github.com/apache/zeppelin/tree/164db0794fea1cf289068de71af2b62ae6811cfd,https://github.com/apache/zeppelin/tree/56cee76a7468d6a6f90fb3c2e4f6c0028dcd91ab,https://github.com/apache/zeppelin/compare/164db0794fea1cf289068de71af2b62ae6811cfd...56cee76a7468d6a6f90fb3c2e4f6c0028dcd91ab
693,Zeppelin,2afa9cbd53382f1b841993b6c859ec62399b7a22,07a5b15d1677e157a253a195c99f6a7926c2532a,ZEPPELIN-2530,https://issues.apache.org/jira/browse/ZEPPELIN-2530,https://github.com/apache/zeppelin/tree/2afa9cbd53382f1b841993b6c859ec62399b7a22,https://github.com/apache/zeppelin/tree/07a5b15d1677e157a253a195c99f6a7926c2532a,https://github.com/apache/zeppelin/compare/2afa9cbd53382f1b841993b6c859ec62399b7a22...07a5b15d1677e157a253a195c99f6a7926c2532a
694,Zeppelin,fcd3aa75cd411aceb235bea23f8d2968976db6a7,9cf09cce87d529f086c3560db230b6bfac9042d0,ZEPPELIN-2467,https://issues.apache.org/jira/browse/ZEPPELIN-2467,https://github.com/apache/zeppelin/tree/fcd3aa75cd411aceb235bea23f8d2968976db6a7,https://github.com/apache/zeppelin/tree/9cf09cce87d529f086c3560db230b6bfac9042d0,https://github.com/apache/zeppelin/compare/fcd3aa75cd411aceb235bea23f8d2968976db6a7...9cf09cce87d529f086c3560db230b6bfac9042d0
695,Zeppelin,9cf09cce87d529f086c3560db230b6bfac9042d0,2f03469bce6191fc39b2e9021223ecbb3df84cfc,ZEPPELIN-2545,https://issues.apache.org/jira/browse/ZEPPELIN-2545,https://github.com/apache/zeppelin/tree/9cf09cce87d529f086c3560db230b6bfac9042d0,https://github.com/apache/zeppelin/tree/2f03469bce6191fc39b2e9021223ecbb3df84cfc,https://github.com/apache/zeppelin/compare/9cf09cce87d529f086c3560db230b6bfac9042d0...2f03469bce6191fc39b2e9021223ecbb3df84cfc
696,Zeppelin,2f03469bce6191fc39b2e9021223ecbb3df84cfc,05af3bf4b7f68c8434a8d1cb576fb6f4571551ab,ZEPPELIN-2564,https://issues.apache.org/jira/browse/ZEPPELIN-2564,https://github.com/apache/zeppelin/tree/2f03469bce6191fc39b2e9021223ecbb3df84cfc,https://github.com/apache/zeppelin/tree/05af3bf4b7f68c8434a8d1cb576fb6f4571551ab,https://github.com/apache/zeppelin/compare/2f03469bce6191fc39b2e9021223ecbb3df84cfc...05af3bf4b7f68c8434a8d1cb576fb6f4571551ab
697,Zeppelin,05af3bf4b7f68c8434a8d1cb576fb6f4571551ab,c7c9aa1ccb14b8394cc01d91976f6ba61458f378,ZEPPELIN-2502,https://issues.apache.org/jira/browse/ZEPPELIN-2502,https://github.com/apache/zeppelin/tree/05af3bf4b7f68c8434a8d1cb576fb6f4571551ab,https://github.com/apache/zeppelin/tree/c7c9aa1ccb14b8394cc01d91976f6ba61458f378,https://github.com/apache/zeppelin/compare/05af3bf4b7f68c8434a8d1cb576fb6f4571551ab...c7c9aa1ccb14b8394cc01d91976f6ba61458f378
698,Zeppelin,c3b7087463822a2ed96d377413f47370391e17c1,f12bc26bb7dc2011181350cf6ac39fc5f316e949,ZEPPELIN-2555,https://issues.apache.org/jira/browse/ZEPPELIN-2555,https://github.com/apache/zeppelin/tree/c3b7087463822a2ed96d377413f47370391e17c1,https://github.com/apache/zeppelin/tree/f12bc26bb7dc2011181350cf6ac39fc5f316e949,https://github.com/apache/zeppelin/compare/c3b7087463822a2ed96d377413f47370391e17c1...f12bc26bb7dc2011181350cf6ac39fc5f316e949
699,Zeppelin,4beeae84413c4dca01674f3f2f991a7fc08c0097,a1c5e99a55fcfd60ab887a165b0b91d1d5badf35,ZEPPELIN-2131,https://issues.apache.org/jira/browse/ZEPPELIN-2131,https://github.com/apache/zeppelin/tree/4beeae84413c4dca01674f3f2f991a7fc08c0097,https://github.com/apache/zeppelin/tree/a1c5e99a55fcfd60ab887a165b0b91d1d5badf35,https://github.com/apache/zeppelin/compare/4beeae84413c4dca01674f3f2f991a7fc08c0097...a1c5e99a55fcfd60ab887a165b0b91d1d5badf35
700,Zeppelin,a1c5e99a55fcfd60ab887a165b0b91d1d5badf35,9af85d8ccff184891c42302ba63239189ae663ab,ZEPPELIN-2469,https://issues.apache.org/jira/browse/ZEPPELIN-2469,https://github.com/apache/zeppelin/tree/a1c5e99a55fcfd60ab887a165b0b91d1d5badf35,https://github.com/apache/zeppelin/tree/9af85d8ccff184891c42302ba63239189ae663ab,https://github.com/apache/zeppelin/compare/a1c5e99a55fcfd60ab887a165b0b91d1d5badf35...9af85d8ccff184891c42302ba63239189ae663ab
701,Zeppelin,11600565975fbc8791e41b3febece6585860a07e,1a3ae426579a58267ad06d4cb33afb29ac822725,ZEPPELIN-2122,https://issues.apache.org/jira/browse/ZEPPELIN-2122,https://github.com/apache/zeppelin/tree/11600565975fbc8791e41b3febece6585860a07e,https://github.com/apache/zeppelin/tree/1a3ae426579a58267ad06d4cb33afb29ac822725,https://github.com/apache/zeppelin/compare/11600565975fbc8791e41b3febece6585860a07e...1a3ae426579a58267ad06d4cb33afb29ac822725
702,Zeppelin,c70f29b2c065bcc8b818840e80e40d3c979c6877,cc0839efdec69173831ea72358a4829c5b8ba658,ZEPPELIN-2544,https://issues.apache.org/jira/browse/ZEPPELIN-2544,https://github.com/apache/zeppelin/tree/c70f29b2c065bcc8b818840e80e40d3c979c6877,https://github.com/apache/zeppelin/tree/cc0839efdec69173831ea72358a4829c5b8ba658,https://github.com/apache/zeppelin/compare/c70f29b2c065bcc8b818840e80e40d3c979c6877...cc0839efdec69173831ea72358a4829c5b8ba658
703,Zeppelin,88c5c3ccd9e346d48637d3c63c8dff5ba53c8d8e,e3ba23a9aa4909c7a8d3231e4d363771e0245b53,ZEPPELIN-2584,https://issues.apache.org/jira/browse/ZEPPELIN-2584,https://github.com/apache/zeppelin/tree/88c5c3ccd9e346d48637d3c63c8dff5ba53c8d8e,https://github.com/apache/zeppelin/tree/e3ba23a9aa4909c7a8d3231e4d363771e0245b53,https://github.com/apache/zeppelin/compare/88c5c3ccd9e346d48637d3c63c8dff5ba53c8d8e...e3ba23a9aa4909c7a8d3231e4d363771e0245b53
704,Zeppelin,e3ba23a9aa4909c7a8d3231e4d363771e0245b53,e49baf79af53cded1c8935ce970d60a627a746cc,ZEPPELIN-2471,https://issues.apache.org/jira/browse/ZEPPELIN-2471,https://github.com/apache/zeppelin/tree/e3ba23a9aa4909c7a8d3231e4d363771e0245b53,https://github.com/apache/zeppelin/tree/e49baf79af53cded1c8935ce970d60a627a746cc,https://github.com/apache/zeppelin/compare/e3ba23a9aa4909c7a8d3231e4d363771e0245b53...e49baf79af53cded1c8935ce970d60a627a746cc
705,Zeppelin,e49baf79af53cded1c8935ce970d60a627a746cc,9608f49601c6590127edd21fabacc2aa8f6bdfae,ZEPPELIN-2602,https://issues.apache.org/jira/browse/ZEPPELIN-2602,https://github.com/apache/zeppelin/tree/e49baf79af53cded1c8935ce970d60a627a746cc,https://github.com/apache/zeppelin/tree/9608f49601c6590127edd21fabacc2aa8f6bdfae,https://github.com/apache/zeppelin/compare/e49baf79af53cded1c8935ce970d60a627a746cc...9608f49601c6590127edd21fabacc2aa8f6bdfae
706,Zeppelin,524d5f2a3994b88d073f79c0d1ead0f23b0786ff,c73899420c93454ff689aa3c5c8e4c80df1c10ce,ZEPPELIN-2554,https://issues.apache.org/jira/browse/ZEPPELIN-2554,https://github.com/apache/zeppelin/tree/524d5f2a3994b88d073f79c0d1ead0f23b0786ff,https://github.com/apache/zeppelin/tree/c73899420c93454ff689aa3c5c8e4c80df1c10ce,https://github.com/apache/zeppelin/compare/524d5f2a3994b88d073f79c0d1ead0f23b0786ff...c73899420c93454ff689aa3c5c8e4c80df1c10ce
707,Zeppelin,c73899420c93454ff689aa3c5c8e4c80df1c10ce,70a3629d00fe9820730efaa023377e93fce84a49,ZEPPELIN-2601,https://issues.apache.org/jira/browse/ZEPPELIN-2601,https://github.com/apache/zeppelin/tree/c73899420c93454ff689aa3c5c8e4c80df1c10ce,https://github.com/apache/zeppelin/tree/70a3629d00fe9820730efaa023377e93fce84a49,https://github.com/apache/zeppelin/compare/c73899420c93454ff689aa3c5c8e4c80df1c10ce...70a3629d00fe9820730efaa023377e93fce84a49
708,Zeppelin,7213f8f954259d1ee7ef525ef2e02373a6bda9b5,32d8afafffa98838376f427d533b0a0368020aad,ZEPPELIN-2606,https://issues.apache.org/jira/browse/ZEPPELIN-2606,https://github.com/apache/zeppelin/tree/7213f8f954259d1ee7ef525ef2e02373a6bda9b5,https://github.com/apache/zeppelin/tree/32d8afafffa98838376f427d533b0a0368020aad,https://github.com/apache/zeppelin/compare/7213f8f954259d1ee7ef525ef2e02373a6bda9b5...32d8afafffa98838376f427d533b0a0368020aad
709,Zeppelin,32d8afafffa98838376f427d533b0a0368020aad,427d9d494d286ef7161224b7c0a23bd2066591ce,ZEPPELIN-2473,https://issues.apache.org/jira/browse/ZEPPELIN-2473,https://github.com/apache/zeppelin/tree/32d8afafffa98838376f427d533b0a0368020aad,https://github.com/apache/zeppelin/tree/427d9d494d286ef7161224b7c0a23bd2066591ce,https://github.com/apache/zeppelin/compare/32d8afafffa98838376f427d533b0a0368020aad...427d9d494d286ef7161224b7c0a23bd2066591ce
710,Zeppelin,427d9d494d286ef7161224b7c0a23bd2066591ce,b4238b997433a39202c48aa679f624e0e30a6858,ZEPPELIN-2214,https://issues.apache.org/jira/browse/ZEPPELIN-2214,https://github.com/apache/zeppelin/tree/427d9d494d286ef7161224b7c0a23bd2066591ce,https://github.com/apache/zeppelin/tree/b4238b997433a39202c48aa679f624e0e30a6858,https://github.com/apache/zeppelin/compare/427d9d494d286ef7161224b7c0a23bd2066591ce...b4238b997433a39202c48aa679f624e0e30a6858
711,Zeppelin,380cfbfe3cdef7e9281ad39b0b7e2cd3b161f72b,b027079758c86ab9abe407c42e1968c6646288e6,ZEPPELIN-2640,https://issues.apache.org/jira/browse/ZEPPELIN-2640,https://github.com/apache/zeppelin/tree/380cfbfe3cdef7e9281ad39b0b7e2cd3b161f72b,https://github.com/apache/zeppelin/tree/b027079758c86ab9abe407c42e1968c6646288e6,https://github.com/apache/zeppelin/compare/380cfbfe3cdef7e9281ad39b0b7e2cd3b161f72b...b027079758c86ab9abe407c42e1968c6646288e6
712,Zeppelin,e20f68be8d874701bc9fbd0fadc3fa0699d3d2ca,00243ea430ece6fcf6d3d7b73f4b7605100aace2,ZEPPELIN-2590,https://issues.apache.org/jira/browse/ZEPPELIN-2590,https://github.com/apache/zeppelin/tree/e20f68be8d874701bc9fbd0fadc3fa0699d3d2ca,https://github.com/apache/zeppelin/tree/00243ea430ece6fcf6d3d7b73f4b7605100aace2,https://github.com/apache/zeppelin/compare/e20f68be8d874701bc9fbd0fadc3fa0699d3d2ca...00243ea430ece6fcf6d3d7b73f4b7605100aace2
713,Zeppelin,00243ea430ece6fcf6d3d7b73f4b7605100aace2,bbc0bdabd5ea485a985b1a03e31fa7828726a476,ZEPPELIN-2663,https://issues.apache.org/jira/browse/ZEPPELIN-2663,https://github.com/apache/zeppelin/tree/00243ea430ece6fcf6d3d7b73f4b7605100aace2,https://github.com/apache/zeppelin/tree/bbc0bdabd5ea485a985b1a03e31fa7828726a476,https://github.com/apache/zeppelin/compare/00243ea430ece6fcf6d3d7b73f4b7605100aace2...bbc0bdabd5ea485a985b1a03e31fa7828726a476
714,Zeppelin,3183a596750ee81440ce785d73d9b9d5b0b8873a,79e8e76c495f9bb3f511868bcd72236c36e48d8f,ZEPPELIN-2650,https://issues.apache.org/jira/browse/ZEPPELIN-2650,https://github.com/apache/zeppelin/tree/3183a596750ee81440ce785d73d9b9d5b0b8873a,https://github.com/apache/zeppelin/tree/79e8e76c495f9bb3f511868bcd72236c36e48d8f,https://github.com/apache/zeppelin/compare/3183a596750ee81440ce785d73d9b9d5b0b8873a...79e8e76c495f9bb3f511868bcd72236c36e48d8f
715,Zeppelin,79e8e76c495f9bb3f511868bcd72236c36e48d8f,a5ca2e5185012d336ae794ce51935c80f9540d68,ZEPPELIN-2657,https://issues.apache.org/jira/browse/ZEPPELIN-2657,https://github.com/apache/zeppelin/tree/79e8e76c495f9bb3f511868bcd72236c36e48d8f,https://github.com/apache/zeppelin/tree/a5ca2e5185012d336ae794ce51935c80f9540d68,https://github.com/apache/zeppelin/compare/79e8e76c495f9bb3f511868bcd72236c36e48d8f...a5ca2e5185012d336ae794ce51935c80f9540d68
716,Zeppelin,dd6308e4fd5f30ed488585cbcd32bdcd4c493c15,a39ce0141006d5762058b6f7d0cf1ba349d869ac,ZEPPELIN-2206,https://issues.apache.org/jira/browse/ZEPPELIN-2206,https://github.com/apache/zeppelin/tree/dd6308e4fd5f30ed488585cbcd32bdcd4c493c15,https://github.com/apache/zeppelin/tree/a39ce0141006d5762058b6f7d0cf1ba349d869ac,https://github.com/apache/zeppelin/compare/dd6308e4fd5f30ed488585cbcd32bdcd4c493c15...a39ce0141006d5762058b6f7d0cf1ba349d869ac
717,Zeppelin,a39ce0141006d5762058b6f7d0cf1ba349d869ac,341883d9ed92a4079cb486d2b6b2b1d0c40f1575,ZEPPELIN-1907,https://issues.apache.org/jira/browse/ZEPPELIN-1907,https://github.com/apache/zeppelin/tree/a39ce0141006d5762058b6f7d0cf1ba349d869ac,https://github.com/apache/zeppelin/tree/341883d9ed92a4079cb486d2b6b2b1d0c40f1575,https://github.com/apache/zeppelin/compare/a39ce0141006d5762058b6f7d0cf1ba349d869ac...341883d9ed92a4079cb486d2b6b2b1d0c40f1575
718,Zeppelin,e3590e79568075505094c1aa7da4b4fec1dc6689,e4022ab9f13cf204debd74b4f0395b4d145adea9,ZEPPELIN-2684,https://issues.apache.org/jira/browse/ZEPPELIN-2684,https://github.com/apache/zeppelin/tree/e3590e79568075505094c1aa7da4b4fec1dc6689,https://github.com/apache/zeppelin/tree/e4022ab9f13cf204debd74b4f0395b4d145adea9,https://github.com/apache/zeppelin/compare/e3590e79568075505094c1aa7da4b4fec1dc6689...e4022ab9f13cf204debd74b4f0395b4d145adea9
719,Zeppelin,e4022ab9f13cf204debd74b4f0395b4d145adea9,c59f77dcee3a88d3deef14caab414918c8687481,ZEPPELIN-2672,https://issues.apache.org/jira/browse/ZEPPELIN-2672,https://github.com/apache/zeppelin/tree/e4022ab9f13cf204debd74b4f0395b4d145adea9,https://github.com/apache/zeppelin/tree/c59f77dcee3a88d3deef14caab414918c8687481,https://github.com/apache/zeppelin/compare/e4022ab9f13cf204debd74b4f0395b4d145adea9...c59f77dcee3a88d3deef14caab414918c8687481
720,Zeppelin,4b8f9984759ccd29843cf77f27efc4ff082732da,1c23f2138834bba3a08b365c59d861687c289589,ZEPPELIN-2707,https://issues.apache.org/jira/browse/ZEPPELIN-2707,https://github.com/apache/zeppelin/tree/4b8f9984759ccd29843cf77f27efc4ff082732da,https://github.com/apache/zeppelin/tree/1c23f2138834bba3a08b365c59d861687c289589,https://github.com/apache/zeppelin/compare/4b8f9984759ccd29843cf77f27efc4ff082732da...1c23f2138834bba3a08b365c59d861687c289589
721,Zeppelin,1c23f2138834bba3a08b365c59d861687c289589,e500373cfb85149ab6af136fcc0197ed4c92f795,ZEPPELIN-2706,https://issues.apache.org/jira/browse/ZEPPELIN-2706,https://github.com/apache/zeppelin/tree/1c23f2138834bba3a08b365c59d861687c289589,https://github.com/apache/zeppelin/tree/e500373cfb85149ab6af136fcc0197ed4c92f795,https://github.com/apache/zeppelin/compare/1c23f2138834bba3a08b365c59d861687c289589...e500373cfb85149ab6af136fcc0197ed4c92f795
722,Zeppelin,968bda80031abfd2b980ed8f2dd257530c0643be,effc28a1f15d3b714b3b9013c524fbb798282cb9,ZEPPELIN-2659,https://issues.apache.org/jira/browse/ZEPPELIN-2659,https://github.com/apache/zeppelin/tree/968bda80031abfd2b980ed8f2dd257530c0643be,https://github.com/apache/zeppelin/tree/effc28a1f15d3b714b3b9013c524fbb798282cb9,https://github.com/apache/zeppelin/compare/968bda80031abfd2b980ed8f2dd257530c0643be...effc28a1f15d3b714b3b9013c524fbb798282cb9
723,Zeppelin,1d93d3db81c8ea32f5557b30acf34a13ec352d64,b5e039fe1b0428818865035531334f54b9f5e77b,ZEPPELIN-2708,https://issues.apache.org/jira/browse/ZEPPELIN-2708,https://github.com/apache/zeppelin/tree/1d93d3db81c8ea32f5557b30acf34a13ec352d64,https://github.com/apache/zeppelin/tree/b5e039fe1b0428818865035531334f54b9f5e77b,https://github.com/apache/zeppelin/compare/1d93d3db81c8ea32f5557b30acf34a13ec352d64...b5e039fe1b0428818865035531334f54b9f5e77b
724,Zeppelin,62d9539012031d2d6447837f8344c0540c92b7e0,f3f24f3000274260ab413d65f15915b6050e8bd1,ZEPPELIN-2713,https://issues.apache.org/jira/browse/ZEPPELIN-2713,https://github.com/apache/zeppelin/tree/62d9539012031d2d6447837f8344c0540c92b7e0,https://github.com/apache/zeppelin/tree/f3f24f3000274260ab413d65f15915b6050e8bd1,https://github.com/apache/zeppelin/compare/62d9539012031d2d6447837f8344c0540c92b7e0...f3f24f3000274260ab413d65f15915b6050e8bd1
725,Zeppelin,155a55b5609b9cdab9369b35b97218623dc1de8e,c3e908e613eceeff5f3d7b85466ca734d3a42846,ZEPPELIN-2722,https://issues.apache.org/jira/browse/ZEPPELIN-2722,https://github.com/apache/zeppelin/tree/155a55b5609b9cdab9369b35b97218623dc1de8e,https://github.com/apache/zeppelin/tree/c3e908e613eceeff5f3d7b85466ca734d3a42846,https://github.com/apache/zeppelin/compare/155a55b5609b9cdab9369b35b97218623dc1de8e...c3e908e613eceeff5f3d7b85466ca734d3a42846
726,Zeppelin,c3e908e613eceeff5f3d7b85466ca734d3a42846,e1f0a3205eb5aede0b2d80c9d3de59b3f47b699c,ZEPPELIN-2698,https://issues.apache.org/jira/browse/ZEPPELIN-2698,https://github.com/apache/zeppelin/tree/c3e908e613eceeff5f3d7b85466ca734d3a42846,https://github.com/apache/zeppelin/tree/e1f0a3205eb5aede0b2d80c9d3de59b3f47b699c,https://github.com/apache/zeppelin/compare/c3e908e613eceeff5f3d7b85466ca734d3a42846...e1f0a3205eb5aede0b2d80c9d3de59b3f47b699c
727,Zeppelin,1ff8c1475eebf67fbc2a6a9b0a09c3ac273bc4e5,33eb08be765b08ced3b750290c9d7cd155ef60ff,ZEPPELIN-2731,https://issues.apache.org/jira/browse/ZEPPELIN-2731,https://github.com/apache/zeppelin/tree/1ff8c1475eebf67fbc2a6a9b0a09c3ac273bc4e5,https://github.com/apache/zeppelin/tree/33eb08be765b08ced3b750290c9d7cd155ef60ff,https://github.com/apache/zeppelin/compare/1ff8c1475eebf67fbc2a6a9b0a09c3ac273bc4e5...33eb08be765b08ced3b750290c9d7cd155ef60ff
728,Zeppelin,985b86e4d2754d3c73422e5c722c8a5e62bc1b40,278f7185e184ed3721cc1a807c9dd0bd0971ef81,ZEPPELIN-2730,https://issues.apache.org/jira/browse/ZEPPELIN-2730,https://github.com/apache/zeppelin/tree/985b86e4d2754d3c73422e5c722c8a5e62bc1b40,https://github.com/apache/zeppelin/tree/278f7185e184ed3721cc1a807c9dd0bd0971ef81,https://github.com/apache/zeppelin/compare/985b86e4d2754d3c73422e5c722c8a5e62bc1b40...278f7185e184ed3721cc1a807c9dd0bd0971ef81
729,Zeppelin,278f7185e184ed3721cc1a807c9dd0bd0971ef81,3f9ef6e6272612f0e15f33459c345392dcab7c56,ZEPPELIN-2648,https://issues.apache.org/jira/browse/ZEPPELIN-2648,https://github.com/apache/zeppelin/tree/278f7185e184ed3721cc1a807c9dd0bd0971ef81,https://github.com/apache/zeppelin/tree/3f9ef6e6272612f0e15f33459c345392dcab7c56,https://github.com/apache/zeppelin/compare/278f7185e184ed3721cc1a807c9dd0bd0971ef81...3f9ef6e6272612f0e15f33459c345392dcab7c56
730,Zeppelin,3f9ef6e6272612f0e15f33459c345392dcab7c56,db7fbf2768fcdd7af02073ff446f7ae3dbdaf4f8,ZEPPELIN-2760,https://issues.apache.org/jira/browse/ZEPPELIN-2760,https://github.com/apache/zeppelin/tree/3f9ef6e6272612f0e15f33459c345392dcab7c56,https://github.com/apache/zeppelin/tree/db7fbf2768fcdd7af02073ff446f7ae3dbdaf4f8,https://github.com/apache/zeppelin/compare/3f9ef6e6272612f0e15f33459c345392dcab7c56...db7fbf2768fcdd7af02073ff446f7ae3dbdaf4f8
731,Zeppelin,6bd6c70881e8515a5b0679e5a8d6c235cfb1adf6,3a57fc2933eef0bcbec1679f06acc3c659d62dff,ZEPPELIN-1501,https://issues.apache.org/jira/browse/ZEPPELIN-1501,https://github.com/apache/zeppelin/tree/6bd6c70881e8515a5b0679e5a8d6c235cfb1adf6,https://github.com/apache/zeppelin/tree/3a57fc2933eef0bcbec1679f06acc3c659d62dff,https://github.com/apache/zeppelin/compare/6bd6c70881e8515a5b0679e5a8d6c235cfb1adf6...3a57fc2933eef0bcbec1679f06acc3c659d62dff
732,Zeppelin,709c5a70a8f37277c9eea0a1c0c9195b5eb21a74,87705a93244d24448cbd147f63263900241b4b2b,ZEPPELIN-1470,https://issues.apache.org/jira/browse/ZEPPELIN-1470,https://github.com/apache/zeppelin/tree/709c5a70a8f37277c9eea0a1c0c9195b5eb21a74,https://github.com/apache/zeppelin/tree/87705a93244d24448cbd147f63263900241b4b2b,https://github.com/apache/zeppelin/compare/709c5a70a8f37277c9eea0a1c0c9195b5eb21a74...87705a93244d24448cbd147f63263900241b4b2b
733,Zeppelin,87705a93244d24448cbd147f63263900241b4b2b,3dd25c24e42538dfc0bfb2d7967c6a928624daea,ZEPPELIN-2758,https://issues.apache.org/jira/browse/ZEPPELIN-2758,https://github.com/apache/zeppelin/tree/87705a93244d24448cbd147f63263900241b4b2b,https://github.com/apache/zeppelin/tree/3dd25c24e42538dfc0bfb2d7967c6a928624daea,https://github.com/apache/zeppelin/compare/87705a93244d24448cbd147f63263900241b4b2b...3dd25c24e42538dfc0bfb2d7967c6a928624daea
734,Zeppelin,5ae54ad516773e4a7d55efd61a27f2dded1601a3,e1f20ddda2d9795b28cfd61e9e03a86b398da9e3,ZEPPELIN-2699,https://issues.apache.org/jira/browse/ZEPPELIN-2699,https://github.com/apache/zeppelin/tree/5ae54ad516773e4a7d55efd61a27f2dded1601a3,https://github.com/apache/zeppelin/tree/e1f20ddda2d9795b28cfd61e9e03a86b398da9e3,https://github.com/apache/zeppelin/compare/5ae54ad516773e4a7d55efd61a27f2dded1601a3...e1f20ddda2d9795b28cfd61e9e03a86b398da9e3
735,Zeppelin,e1f20ddda2d9795b28cfd61e9e03a86b398da9e3,1b9c46dcfd2bec6e0c1a2d4f1aa41d2834d23c77,ZEPPELIN-1263,https://issues.apache.org/jira/browse/ZEPPELIN-1263,https://github.com/apache/zeppelin/tree/e1f20ddda2d9795b28cfd61e9e03a86b398da9e3,https://github.com/apache/zeppelin/tree/1b9c46dcfd2bec6e0c1a2d4f1aa41d2834d23c77,https://github.com/apache/zeppelin/compare/e1f20ddda2d9795b28cfd61e9e03a86b398da9e3...1b9c46dcfd2bec6e0c1a2d4f1aa41d2834d23c77
736,Zeppelin,ca40e49aa22048b4011a1198e4aa0fe6cfb1dad8,eea8475cf8f28082572a1194668a8c531151b4f0,ZEPPELIN-2804,https://issues.apache.org/jira/browse/ZEPPELIN-2804,https://github.com/apache/zeppelin/tree/ca40e49aa22048b4011a1198e4aa0fe6cfb1dad8,https://github.com/apache/zeppelin/tree/eea8475cf8f28082572a1194668a8c531151b4f0,https://github.com/apache/zeppelin/compare/ca40e49aa22048b4011a1198e4aa0fe6cfb1dad8...eea8475cf8f28082572a1194668a8c531151b4f0
737,Zeppelin,eea8475cf8f28082572a1194668a8c531151b4f0,54d746f2c86bc296fe11bcac240b0eeb8dc9321e,ZEPPELIN-2757,https://issues.apache.org/jira/browse/ZEPPELIN-2757,https://github.com/apache/zeppelin/tree/eea8475cf8f28082572a1194668a8c531151b4f0,https://github.com/apache/zeppelin/tree/54d746f2c86bc296fe11bcac240b0eeb8dc9321e,https://github.com/apache/zeppelin/compare/eea8475cf8f28082572a1194668a8c531151b4f0...54d746f2c86bc296fe11bcac240b0eeb8dc9321e
738,Zeppelin,54d746f2c86bc296fe11bcac240b0eeb8dc9321e,c5109ba8a0f8d131e40f278aae30b1d16a559ec1,ZEPPELIN-2801,https://issues.apache.org/jira/browse/ZEPPELIN-2801,https://github.com/apache/zeppelin/tree/54d746f2c86bc296fe11bcac240b0eeb8dc9321e,https://github.com/apache/zeppelin/tree/c5109ba8a0f8d131e40f278aae30b1d16a559ec1,https://github.com/apache/zeppelin/compare/54d746f2c86bc296fe11bcac240b0eeb8dc9321e...c5109ba8a0f8d131e40f278aae30b1d16a559ec1
739,Zeppelin,c5109ba8a0f8d131e40f278aae30b1d16a559ec1,f2c2941cf1dd2311a0a0b87bf5573a5d66b56d67,ZEPPELIN-1263,https://issues.apache.org/jira/browse/ZEPPELIN-1263,https://github.com/apache/zeppelin/tree/c5109ba8a0f8d131e40f278aae30b1d16a559ec1,https://github.com/apache/zeppelin/tree/f2c2941cf1dd2311a0a0b87bf5573a5d66b56d67,https://github.com/apache/zeppelin/compare/c5109ba8a0f8d131e40f278aae30b1d16a559ec1...f2c2941cf1dd2311a0a0b87bf5573a5d66b56d67
740,Zeppelin,9367f87b399f39be5e8ab0060125be14678f523f,2e590080893e427cc64c4c1acc228b80c8705fcd,ZEPPELIN-2724,https://issues.apache.org/jira/browse/ZEPPELIN-2724,https://github.com/apache/zeppelin/tree/9367f87b399f39be5e8ab0060125be14678f523f,https://github.com/apache/zeppelin/tree/2e590080893e427cc64c4c1acc228b80c8705fcd,https://github.com/apache/zeppelin/compare/9367f87b399f39be5e8ab0060125be14678f523f...2e590080893e427cc64c4c1acc228b80c8705fcd
741,Zeppelin,2e590080893e427cc64c4c1acc228b80c8705fcd,49af089d5813b5b30dd988d976352eaae393352c,ZEPPELIN-2806,https://issues.apache.org/jira/browse/ZEPPELIN-2806,https://github.com/apache/zeppelin/tree/2e590080893e427cc64c4c1acc228b80c8705fcd,https://github.com/apache/zeppelin/tree/49af089d5813b5b30dd988d976352eaae393352c,https://github.com/apache/zeppelin/compare/2e590080893e427cc64c4c1acc228b80c8705fcd...49af089d5813b5b30dd988d976352eaae393352c
742,Zeppelin,c66f90917955482e15db834566c242208dd361ba,780f0ebb43025c2652e5bbbe1b75fb598035f5b6,ZEPPELIN-2775,https://issues.apache.org/jira/browse/ZEPPELIN-2775,https://github.com/apache/zeppelin/tree/c66f90917955482e15db834566c242208dd361ba,https://github.com/apache/zeppelin/tree/780f0ebb43025c2652e5bbbe1b75fb598035f5b6,https://github.com/apache/zeppelin/compare/c66f90917955482e15db834566c242208dd361ba...780f0ebb43025c2652e5bbbe1b75fb598035f5b6
743,Zeppelin,780f0ebb43025c2652e5bbbe1b75fb598035f5b6,7ca5a12b1f6d4848fd3064fc23892a1761b3ca01,ZEPPELIN-2825,https://issues.apache.org/jira/browse/ZEPPELIN-2825,https://github.com/apache/zeppelin/tree/780f0ebb43025c2652e5bbbe1b75fb598035f5b6,https://github.com/apache/zeppelin/tree/7ca5a12b1f6d4848fd3064fc23892a1761b3ca01,https://github.com/apache/zeppelin/compare/780f0ebb43025c2652e5bbbe1b75fb598035f5b6...7ca5a12b1f6d4848fd3064fc23892a1761b3ca01
744,Zeppelin,f238ca0e3fb9153c44acd2d925a8eb29c5dbd5ec,89e2e0246c79b84d9cce73ac88727c29e37439f3,ZEPPELIN-2827,https://issues.apache.org/jira/browse/ZEPPELIN-2827,https://github.com/apache/zeppelin/tree/f238ca0e3fb9153c44acd2d925a8eb29c5dbd5ec,https://github.com/apache/zeppelin/tree/89e2e0246c79b84d9cce73ac88727c29e37439f3,https://github.com/apache/zeppelin/compare/f238ca0e3fb9153c44acd2d925a8eb29c5dbd5ec...89e2e0246c79b84d9cce73ac88727c29e37439f3
745,Zeppelin,89e2e0246c79b84d9cce73ac88727c29e37439f3,f1c48e87ee32888c2054d64dc50a883e8b4c78f6,ZEPPELIN-2821,https://issues.apache.org/jira/browse/ZEPPELIN-2821,https://github.com/apache/zeppelin/tree/89e2e0246c79b84d9cce73ac88727c29e37439f3,https://github.com/apache/zeppelin/tree/f1c48e87ee32888c2054d64dc50a883e8b4c78f6,https://github.com/apache/zeppelin/compare/89e2e0246c79b84d9cce73ac88727c29e37439f3...f1c48e87ee32888c2054d64dc50a883e8b4c78f6
746,Zeppelin,f1c48e87ee32888c2054d64dc50a883e8b4c78f6,6222ce264fd5a923ebcd91f371b77a765e333fd3,ZEPPELIN-2824,https://issues.apache.org/jira/browse/ZEPPELIN-2824,https://github.com/apache/zeppelin/tree/f1c48e87ee32888c2054d64dc50a883e8b4c78f6,https://github.com/apache/zeppelin/tree/6222ce264fd5a923ebcd91f371b77a765e333fd3,https://github.com/apache/zeppelin/compare/f1c48e87ee32888c2054d64dc50a883e8b4c78f6...6222ce264fd5a923ebcd91f371b77a765e333fd3
747,Zeppelin,7f2f67bcb795bb9df7545584807c65e58cb9f941,71d130521605cb7dcdb80fb18748ffcd87294ed5,ZEPPELIN-2841,https://issues.apache.org/jira/browse/ZEPPELIN-2841,https://github.com/apache/zeppelin/tree/7f2f67bcb795bb9df7545584807c65e58cb9f941,https://github.com/apache/zeppelin/tree/71d130521605cb7dcdb80fb18748ffcd87294ed5,https://github.com/apache/zeppelin/compare/7f2f67bcb795bb9df7545584807c65e58cb9f941...71d130521605cb7dcdb80fb18748ffcd87294ed5
748,Zeppelin,71d130521605cb7dcdb80fb18748ffcd87294ed5,340b326d47f3e07b7d98c2760b41c10424bfbb30,ZEPPELIN-2823,https://issues.apache.org/jira/browse/ZEPPELIN-2823,https://github.com/apache/zeppelin/tree/71d130521605cb7dcdb80fb18748ffcd87294ed5,https://github.com/apache/zeppelin/tree/340b326d47f3e07b7d98c2760b41c10424bfbb30,https://github.com/apache/zeppelin/compare/71d130521605cb7dcdb80fb18748ffcd87294ed5...340b326d47f3e07b7d98c2760b41c10424bfbb30
749,Zeppelin,340b326d47f3e07b7d98c2760b41c10424bfbb30,73426b4ef410db67020ead7e6e6421ec71bed5c2,ZEPPELIN-2846,https://issues.apache.org/jira/browse/ZEPPELIN-2846,https://github.com/apache/zeppelin/tree/340b326d47f3e07b7d98c2760b41c10424bfbb30,https://github.com/apache/zeppelin/tree/73426b4ef410db67020ead7e6e6421ec71bed5c2,https://github.com/apache/zeppelin/compare/340b326d47f3e07b7d98c2760b41c10424bfbb30...73426b4ef410db67020ead7e6e6421ec71bed5c2
750,Zeppelin,25a9ecd96e95b30100a32750c92d224d5d57b567,cbdaf22a92d6ddded017aae2bc4ee5409d308f01,ZEPPELIN-2861,https://issues.apache.org/jira/browse/ZEPPELIN-2861,https://github.com/apache/zeppelin/tree/25a9ecd96e95b30100a32750c92d224d5d57b567,https://github.com/apache/zeppelin/tree/cbdaf22a92d6ddded017aae2bc4ee5409d308f01,https://github.com/apache/zeppelin/compare/25a9ecd96e95b30100a32750c92d224d5d57b567...cbdaf22a92d6ddded017aae2bc4ee5409d308f01
751,Zeppelin,cbdaf22a92d6ddded017aae2bc4ee5409d308f01,7b5db0492d8396892a0fd01c4187298abd111e68,zeppelin-2281,https://issues.apache.org/jira/browse/ZEPPELIN-2281,https://github.com/apache/zeppelin/tree/cbdaf22a92d6ddded017aae2bc4ee5409d308f01,https://github.com/apache/zeppelin/tree/7b5db0492d8396892a0fd01c4187298abd111e68,https://github.com/apache/zeppelin/compare/cbdaf22a92d6ddded017aae2bc4ee5409d308f01...7b5db0492d8396892a0fd01c4187298abd111e68
752,Zeppelin,0d390ecaec857854c5931f1f785c60425fee9b86,f942e6cccbf86049682ae717aee814e751429c69,ZEPPELIN-2770,https://issues.apache.org/jira/browse/ZEPPELIN-2770,https://github.com/apache/zeppelin/tree/0d390ecaec857854c5931f1f785c60425fee9b86,https://github.com/apache/zeppelin/tree/f942e6cccbf86049682ae717aee814e751429c69,https://github.com/apache/zeppelin/compare/0d390ecaec857854c5931f1f785c60425fee9b86...f942e6cccbf86049682ae717aee814e751429c69
753,Zeppelin,30bfcae0c0c9650aff3ed1f8fe41eee9c4e93cb1,79d139a494a969d766e812976c49841b3d21fe71,ZEPPELIN-2873,https://issues.apache.org/jira/browse/ZEPPELIN-2873,https://github.com/apache/zeppelin/tree/30bfcae0c0c9650aff3ed1f8fe41eee9c4e93cb1,https://github.com/apache/zeppelin/tree/79d139a494a969d766e812976c49841b3d21fe71,https://github.com/apache/zeppelin/compare/30bfcae0c0c9650aff3ed1f8fe41eee9c4e93cb1...79d139a494a969d766e812976c49841b3d21fe71
754,Zeppelin,79d139a494a969d766e812976c49841b3d21fe71,4a369f10082d6d81af92d94048353afbcfc1819f,ZEPPELIN-2860,https://issues.apache.org/jira/browse/ZEPPELIN-2860,https://github.com/apache/zeppelin/tree/79d139a494a969d766e812976c49841b3d21fe71,https://github.com/apache/zeppelin/tree/4a369f10082d6d81af92d94048353afbcfc1819f,https://github.com/apache/zeppelin/compare/79d139a494a969d766e812976c49841b3d21fe71...4a369f10082d6d81af92d94048353afbcfc1819f
755,Zeppelin,e47b30a88f09434cd266946d3858cf34275be6a6,8ee509dcacf55ba82cfcc3643ba115eb3a7e5344,ZEPPELIN-2855,https://issues.apache.org/jira/browse/ZEPPELIN-2855,https://github.com/apache/zeppelin/tree/e47b30a88f09434cd266946d3858cf34275be6a6,https://github.com/apache/zeppelin/tree/8ee509dcacf55ba82cfcc3643ba115eb3a7e5344,https://github.com/apache/zeppelin/compare/e47b30a88f09434cd266946d3858cf34275be6a6...8ee509dcacf55ba82cfcc3643ba115eb3a7e5344
756,Zeppelin,a1c13c6b5f13a733aa0a7e20ac03425b1d9be62d,faa9d861571d80f3061940fbee5d0f11cc4acac3,ZEPPELIN-2896,https://issues.apache.org/jira/browse/ZEPPELIN-2896,https://github.com/apache/zeppelin/tree/a1c13c6b5f13a733aa0a7e20ac03425b1d9be62d,https://github.com/apache/zeppelin/tree/faa9d861571d80f3061940fbee5d0f11cc4acac3,https://github.com/apache/zeppelin/compare/a1c13c6b5f13a733aa0a7e20ac03425b1d9be62d...faa9d861571d80f3061940fbee5d0f11cc4acac3
757,Zeppelin,faa9d861571d80f3061940fbee5d0f11cc4acac3,629e21769e2bda6c3e8d86f650f1ee99e68d917b,ZEPPELIN-2903,https://issues.apache.org/jira/browse/ZEPPELIN-2903,https://github.com/apache/zeppelin/tree/faa9d861571d80f3061940fbee5d0f11cc4acac3,https://github.com/apache/zeppelin/tree/629e21769e2bda6c3e8d86f650f1ee99e68d917b,https://github.com/apache/zeppelin/compare/faa9d861571d80f3061940fbee5d0f11cc4acac3...629e21769e2bda6c3e8d86f650f1ee99e68d917b
758,Zeppelin,629e21769e2bda6c3e8d86f650f1ee99e68d917b,b14f5ab956caef4793dcb503d199f206984b2556,ZEPPELIN-2900,https://issues.apache.org/jira/browse/ZEPPELIN-2900,https://github.com/apache/zeppelin/tree/629e21769e2bda6c3e8d86f650f1ee99e68d917b,https://github.com/apache/zeppelin/tree/b14f5ab956caef4793dcb503d199f206984b2556,https://github.com/apache/zeppelin/compare/629e21769e2bda6c3e8d86f650f1ee99e68d917b...b14f5ab956caef4793dcb503d199f206984b2556
759,Zeppelin,b14f5ab956caef4793dcb503d199f206984b2556,1812928bfbecb0cb685fe3233e65ef9d8c84f73f,ZEPPELIN-2645,https://issues.apache.org/jira/browse/ZEPPELIN-2645,https://github.com/apache/zeppelin/tree/b14f5ab956caef4793dcb503d199f206984b2556,https://github.com/apache/zeppelin/tree/1812928bfbecb0cb685fe3233e65ef9d8c84f73f,https://github.com/apache/zeppelin/compare/b14f5ab956caef4793dcb503d199f206984b2556...1812928bfbecb0cb685fe3233e65ef9d8c84f73f
760,Zeppelin,1812928bfbecb0cb685fe3233e65ef9d8c84f73f,1e1b95ea1dc5db408773263837c9cbbd6f66b288,ZEPPELIN-2893,https://issues.apache.org/jira/browse/ZEPPELIN-2893,https://github.com/apache/zeppelin/tree/1812928bfbecb0cb685fe3233e65ef9d8c84f73f,https://github.com/apache/zeppelin/tree/1e1b95ea1dc5db408773263837c9cbbd6f66b288,https://github.com/apache/zeppelin/compare/1812928bfbecb0cb685fe3233e65ef9d8c84f73f...1e1b95ea1dc5db408773263837c9cbbd6f66b288
761,Zeppelin,1e1b95ea1dc5db408773263837c9cbbd6f66b288,bf7ada0e28a830cc7eb9a42874734589a19c3f6b,ZEPPELIN-2894,https://issues.apache.org/jira/browse/ZEPPELIN-2894,https://github.com/apache/zeppelin/tree/1e1b95ea1dc5db408773263837c9cbbd6f66b288,https://github.com/apache/zeppelin/tree/bf7ada0e28a830cc7eb9a42874734589a19c3f6b,https://github.com/apache/zeppelin/compare/1e1b95ea1dc5db408773263837c9cbbd6f66b288...bf7ada0e28a830cc7eb9a42874734589a19c3f6b
762,Zeppelin,bf7ada0e28a830cc7eb9a42874734589a19c3f6b,f46244d32049acc3857762de58f34f7f15ba7049,ZEPPELIN-204,https://issues.apache.org/jira/browse/ZEPPELIN-204,https://github.com/apache/zeppelin/tree/bf7ada0e28a830cc7eb9a42874734589a19c3f6b,https://github.com/apache/zeppelin/tree/f46244d32049acc3857762de58f34f7f15ba7049,https://github.com/apache/zeppelin/compare/bf7ada0e28a830cc7eb9a42874734589a19c3f6b...f46244d32049acc3857762de58f34f7f15ba7049
763,Zeppelin,f46244d32049acc3857762de58f34f7f15ba7049,38ee0c4ba4581c63c1bdeb53ac3c8d001b8e7dfd,ZEPPELIN-2919,https://issues.apache.org/jira/browse/ZEPPELIN-2919,https://github.com/apache/zeppelin/tree/f46244d32049acc3857762de58f34f7f15ba7049,https://github.com/apache/zeppelin/tree/38ee0c4ba4581c63c1bdeb53ac3c8d001b8e7dfd,https://github.com/apache/zeppelin/compare/f46244d32049acc3857762de58f34f7f15ba7049...38ee0c4ba4581c63c1bdeb53ac3c8d001b8e7dfd
764,Zeppelin,38ee0c4ba4581c63c1bdeb53ac3c8d001b8e7dfd,84ac43328b2cb7f10279b565e9d685185ce60053,ZEPPELIN-2921,https://issues.apache.org/jira/browse/ZEPPELIN-2921,https://github.com/apache/zeppelin/tree/38ee0c4ba4581c63c1bdeb53ac3c8d001b8e7dfd,https://github.com/apache/zeppelin/tree/84ac43328b2cb7f10279b565e9d685185ce60053,https://github.com/apache/zeppelin/compare/38ee0c4ba4581c63c1bdeb53ac3c8d001b8e7dfd...84ac43328b2cb7f10279b565e9d685185ce60053
765,Zeppelin,3f591c2327532679159019b9d7486805ef6d0768,9c1fca182314c817e03250f0760aff2b0158cc7a,ZEPPELIN-2928,https://issues.apache.org/jira/browse/ZEPPELIN-2928,https://github.com/apache/zeppelin/tree/3f591c2327532679159019b9d7486805ef6d0768,https://github.com/apache/zeppelin/tree/9c1fca182314c817e03250f0760aff2b0158cc7a,https://github.com/apache/zeppelin/compare/3f591c2327532679159019b9d7486805ef6d0768...9c1fca182314c817e03250f0760aff2b0158cc7a
766,Zeppelin,5d7151097e171c5ec9f22f150ac4ce92b5512013,7f16fc217732b486f5df041f0cfa398d5650a500,ZEPPELIN-2943,https://issues.apache.org/jira/browse/ZEPPELIN-2943,https://github.com/apache/zeppelin/tree/5d7151097e171c5ec9f22f150ac4ce92b5512013,https://github.com/apache/zeppelin/tree/7f16fc217732b486f5df041f0cfa398d5650a500,https://github.com/apache/zeppelin/compare/5d7151097e171c5ec9f22f150ac4ce92b5512013...7f16fc217732b486f5df041f0cfa398d5650a500
767,Zeppelin,7f16fc217732b486f5df041f0cfa398d5650a500,84e9bd96d26c10edf48194980f5e0fbf5605f0ef,ZEPPELIN-2930,https://issues.apache.org/jira/browse/ZEPPELIN-2930,https://github.com/apache/zeppelin/tree/7f16fc217732b486f5df041f0cfa398d5650a500,https://github.com/apache/zeppelin/tree/84e9bd96d26c10edf48194980f5e0fbf5605f0ef,https://github.com/apache/zeppelin/compare/7f16fc217732b486f5df041f0cfa398d5650a500...84e9bd96d26c10edf48194980f5e0fbf5605f0ef
768,Zeppelin,84e9bd96d26c10edf48194980f5e0fbf5605f0ef,a6a8b0298f2f52c541ed6753806f12174edcd326,ZEPPELIN-2880,https://issues.apache.org/jira/browse/ZEPPELIN-2880,https://github.com/apache/zeppelin/tree/84e9bd96d26c10edf48194980f5e0fbf5605f0ef,https://github.com/apache/zeppelin/tree/a6a8b0298f2f52c541ed6753806f12174edcd326,https://github.com/apache/zeppelin/compare/84e9bd96d26c10edf48194980f5e0fbf5605f0ef...a6a8b0298f2f52c541ed6753806f12174edcd326
769,Zeppelin,a6a8b0298f2f52c541ed6753806f12174edcd326,184283c4cf204f4be51c6260a50ccb7581461bfc,ZEPPELIN-2944,https://issues.apache.org/jira/browse/ZEPPELIN-2944,https://github.com/apache/zeppelin/tree/a6a8b0298f2f52c541ed6753806f12174edcd326,https://github.com/apache/zeppelin/tree/184283c4cf204f4be51c6260a50ccb7581461bfc,https://github.com/apache/zeppelin/compare/a6a8b0298f2f52c541ed6753806f12174edcd326...184283c4cf204f4be51c6260a50ccb7581461bfc
770,Zeppelin,184283c4cf204f4be51c6260a50ccb7581461bfc,0d13c0b56f9ef480f596353d2f63980efa10761c,ZEPPELIN-2833,https://issues.apache.org/jira/browse/ZEPPELIN-2833,https://github.com/apache/zeppelin/tree/184283c4cf204f4be51c6260a50ccb7581461bfc,https://github.com/apache/zeppelin/tree/0d13c0b56f9ef480f596353d2f63980efa10761c,https://github.com/apache/zeppelin/compare/184283c4cf204f4be51c6260a50ccb7581461bfc...0d13c0b56f9ef480f596353d2f63980efa10761c
771,Zeppelin,0d13c0b56f9ef480f596353d2f63980efa10761c,f7c47af9b552843f63935a59302de31519ae6b97,ZEPPELIN-2641,https://issues.apache.org/jira/browse/ZEPPELIN-2641,https://github.com/apache/zeppelin/tree/0d13c0b56f9ef480f596353d2f63980efa10761c,https://github.com/apache/zeppelin/tree/f7c47af9b552843f63935a59302de31519ae6b97,https://github.com/apache/zeppelin/compare/0d13c0b56f9ef480f596353d2f63980efa10761c...f7c47af9b552843f63935a59302de31519ae6b97
772,Zeppelin,12d1bb9a0dc50ef31f07892de32805dec3b40c50,554d7ba7365faa19e47682380a8cfbcd2afdd8f6,ZEPPELIN-2796,https://issues.apache.org/jira/browse/ZEPPELIN-2796,https://github.com/apache/zeppelin/tree/12d1bb9a0dc50ef31f07892de32805dec3b40c50,https://github.com/apache/zeppelin/tree/554d7ba7365faa19e47682380a8cfbcd2afdd8f6,https://github.com/apache/zeppelin/compare/12d1bb9a0dc50ef31f07892de32805dec3b40c50...554d7ba7365faa19e47682380a8cfbcd2afdd8f6
773,Zeppelin,540dd185d5a526ecd033c46388afead05bbccd10,0efb5a678a184fa539b0faffd605dcf212ad8887,ZEPPELIN-2975,https://issues.apache.org/jira/browse/ZEPPELIN-2975,https://github.com/apache/zeppelin/tree/540dd185d5a526ecd033c46388afead05bbccd10,https://github.com/apache/zeppelin/tree/0efb5a678a184fa539b0faffd605dcf212ad8887,https://github.com/apache/zeppelin/compare/540dd185d5a526ecd033c46388afead05bbccd10...0efb5a678a184fa539b0faffd605dcf212ad8887
774,Zeppelin,0efb5a678a184fa539b0faffd605dcf212ad8887,e998f5e067daf71a0bbadcabc012d8e644c2b3e1,ZEPPELIN-2970,https://issues.apache.org/jira/browse/ZEPPELIN-2970,https://github.com/apache/zeppelin/tree/0efb5a678a184fa539b0faffd605dcf212ad8887,https://github.com/apache/zeppelin/tree/e998f5e067daf71a0bbadcabc012d8e644c2b3e1,https://github.com/apache/zeppelin/compare/0efb5a678a184fa539b0faffd605dcf212ad8887...e998f5e067daf71a0bbadcabc012d8e644c2b3e1
775,Zeppelin,3eeb2282b93c656bfe1379a32c9b46c82f00adbb,e28712c48dcb22af3bf586c223941062cc85b1d1,ZEPPELIN-2979,https://issues.apache.org/jira/browse/ZEPPELIN-2979,https://github.com/apache/zeppelin/tree/3eeb2282b93c656bfe1379a32c9b46c82f00adbb,https://github.com/apache/zeppelin/tree/e28712c48dcb22af3bf586c223941062cc85b1d1,https://github.com/apache/zeppelin/compare/3eeb2282b93c656bfe1379a32c9b46c82f00adbb...e28712c48dcb22af3bf586c223941062cc85b1d1
776,Zeppelin,e0fafac75c3e64bf48960501b2776933e9119c65,fc9d542b70d99ce334552af62f8730e2fde4c1d0,ZEPPELIN-2924,https://issues.apache.org/jira/browse/ZEPPELIN-2924,https://github.com/apache/zeppelin/tree/e0fafac75c3e64bf48960501b2776933e9119c65,https://github.com/apache/zeppelin/tree/fc9d542b70d99ce334552af62f8730e2fde4c1d0,https://github.com/apache/zeppelin/compare/e0fafac75c3e64bf48960501b2776933e9119c65...fc9d542b70d99ce334552af62f8730e2fde4c1d0
777,Zeppelin,791619d61165f849de36c89701cad964f77e859c,152538b7efc22e2c4c449f9fec4e524d92f8653c,ZEPPELIN-2990,https://issues.apache.org/jira/browse/ZEPPELIN-2990,https://github.com/apache/zeppelin/tree/791619d61165f849de36c89701cad964f77e859c,https://github.com/apache/zeppelin/tree/152538b7efc22e2c4c449f9fec4e524d92f8653c,https://github.com/apache/zeppelin/compare/791619d61165f849de36c89701cad964f77e859c...152538b7efc22e2c4c449f9fec4e524d92f8653c
778,Zeppelin,dfa1250f95e6d8c7601f23b5b116dff8442a21f3,6b0f6e7a086be19323ae59e3a85408914dd1676d,ZEPPELIN-2985,https://issues.apache.org/jira/browse/ZEPPELIN-2985,https://github.com/apache/zeppelin/tree/dfa1250f95e6d8c7601f23b5b116dff8442a21f3,https://github.com/apache/zeppelin/tree/6b0f6e7a086be19323ae59e3a85408914dd1676d,https://github.com/apache/zeppelin/compare/dfa1250f95e6d8c7601f23b5b116dff8442a21f3...6b0f6e7a086be19323ae59e3a85408914dd1676d
779,Zeppelin,6b0f6e7a086be19323ae59e3a85408914dd1676d,24f81426cb138d8191f59df8d69dd28867142cd8,ZEPPELIN-2998,https://issues.apache.org/jira/browse/ZEPPELIN-2998,https://github.com/apache/zeppelin/tree/6b0f6e7a086be19323ae59e3a85408914dd1676d,https://github.com/apache/zeppelin/tree/24f81426cb138d8191f59df8d69dd28867142cd8,https://github.com/apache/zeppelin/compare/6b0f6e7a086be19323ae59e3a85408914dd1676d...24f81426cb138d8191f59df8d69dd28867142cd8
780,Zeppelin,24f81426cb138d8191f59df8d69dd28867142cd8,d5a3c74442ab9e979a9cc4fb5c76a3426c03051a,ZEPPELIN-2988,https://issues.apache.org/jira/browse/ZEPPELIN-2988,https://github.com/apache/zeppelin/tree/24f81426cb138d8191f59df8d69dd28867142cd8,https://github.com/apache/zeppelin/tree/d5a3c74442ab9e979a9cc4fb5c76a3426c03051a,https://github.com/apache/zeppelin/compare/24f81426cb138d8191f59df8d69dd28867142cd8...d5a3c74442ab9e979a9cc4fb5c76a3426c03051a
781,Zeppelin,30f60248cf634d3eb044512450a72f1784d17a9b,86f387e940eacb6dac7531a4ed2cadadaa381bbe,ZEPPELIN-2197,https://issues.apache.org/jira/browse/ZEPPELIN-2197,https://github.com/apache/zeppelin/tree/30f60248cf634d3eb044512450a72f1784d17a9b,https://github.com/apache/zeppelin/tree/86f387e940eacb6dac7531a4ed2cadadaa381bbe,https://github.com/apache/zeppelin/compare/30f60248cf634d3eb044512450a72f1784d17a9b...86f387e940eacb6dac7531a4ed2cadadaa381bbe
782,Zeppelin,49ccc29b652acca94e4e819b0b5eb106f05aba6c,fc7c7b46e4875e51ada65a964a975fa3cde45c28,ZEPPELIN-2999,https://issues.apache.org/jira/browse/ZEPPELIN-2999,https://github.com/apache/zeppelin/tree/49ccc29b652acca94e4e819b0b5eb106f05aba6c,https://github.com/apache/zeppelin/tree/fc7c7b46e4875e51ada65a964a975fa3cde45c28,https://github.com/apache/zeppelin/compare/49ccc29b652acca94e4e819b0b5eb106f05aba6c...fc7c7b46e4875e51ada65a964a975fa3cde45c28
783,Zeppelin,02daea1c596939592d0d7899600c4243759d5fbf,764fef58c9c9ed343348addef3f8345eb698f4eb,ZEPPELIN-3025,https://issues.apache.org/jira/browse/ZEPPELIN-3025,https://github.com/apache/zeppelin/tree/02daea1c596939592d0d7899600c4243759d5fbf,https://github.com/apache/zeppelin/tree/764fef58c9c9ed343348addef3f8345eb698f4eb,https://github.com/apache/zeppelin/compare/02daea1c596939592d0d7899600c4243759d5fbf...764fef58c9c9ed343348addef3f8345eb698f4eb
784,Zeppelin,764fef58c9c9ed343348addef3f8345eb698f4eb,aa01d9e9af4b358fa00f82a0c5f2190ad7c3a02f,ZEPPELIN-3022,https://issues.apache.org/jira/browse/ZEPPELIN-3022,https://github.com/apache/zeppelin/tree/764fef58c9c9ed343348addef3f8345eb698f4eb,https://github.com/apache/zeppelin/tree/aa01d9e9af4b358fa00f82a0c5f2190ad7c3a02f,https://github.com/apache/zeppelin/compare/764fef58c9c9ed343348addef3f8345eb698f4eb...aa01d9e9af4b358fa00f82a0c5f2190ad7c3a02f
785,Zeppelin,07d1fa2285a0ab0ca86bd5c8fc9f5eea2edb5409,4054320a443fbcb6c14225c589f56c01ea8b4eaa,ZEPPELIN-3034,https://issues.apache.org/jira/browse/ZEPPELIN-3034,https://github.com/apache/zeppelin/tree/07d1fa2285a0ab0ca86bd5c8fc9f5eea2edb5409,https://github.com/apache/zeppelin/tree/4054320a443fbcb6c14225c589f56c01ea8b4eaa,https://github.com/apache/zeppelin/compare/07d1fa2285a0ab0ca86bd5c8fc9f5eea2edb5409...4054320a443fbcb6c14225c589f56c01ea8b4eaa
786,Zeppelin,4054320a443fbcb6c14225c589f56c01ea8b4eaa,2674291d6835f57b1132474e7e91fa3926b2973f,ZEPPELIN-3017,https://issues.apache.org/jira/browse/ZEPPELIN-3017,https://github.com/apache/zeppelin/tree/4054320a443fbcb6c14225c589f56c01ea8b4eaa,https://github.com/apache/zeppelin/tree/2674291d6835f57b1132474e7e91fa3926b2973f,https://github.com/apache/zeppelin/compare/4054320a443fbcb6c14225c589f56c01ea8b4eaa...2674291d6835f57b1132474e7e91fa3926b2973f
787,Zeppelin,d38b2661eba7df12626ee958a4ec534f8492cdc3,0f81b6d6132471ddf0e91cc3738da1ff365604f8,ZEPPELIN-3012,https://issues.apache.org/jira/browse/ZEPPELIN-3012,https://github.com/apache/zeppelin/tree/d38b2661eba7df12626ee958a4ec534f8492cdc3,https://github.com/apache/zeppelin/tree/0f81b6d6132471ddf0e91cc3738da1ff365604f8,https://github.com/apache/zeppelin/compare/d38b2661eba7df12626ee958a4ec534f8492cdc3...0f81b6d6132471ddf0e91cc3738da1ff365604f8
788,Zeppelin,0f81b6d6132471ddf0e91cc3738da1ff365604f8,23c5cac8245aea16bfc0568cf2e5c2ae6dfd0e6d,ZEPPELIN-3029,https://issues.apache.org/jira/browse/ZEPPELIN-3029,https://github.com/apache/zeppelin/tree/0f81b6d6132471ddf0e91cc3738da1ff365604f8,https://github.com/apache/zeppelin/tree/23c5cac8245aea16bfc0568cf2e5c2ae6dfd0e6d,https://github.com/apache/zeppelin/compare/0f81b6d6132471ddf0e91cc3738da1ff365604f8...23c5cac8245aea16bfc0568cf2e5c2ae6dfd0e6d
789,Zeppelin,23c5cac8245aea16bfc0568cf2e5c2ae6dfd0e6d,3b1a03f380437b22884f93dbdb3ee2b9c116fbc2,ZEPPELIN-3039,https://issues.apache.org/jira/browse/ZEPPELIN-3039,https://github.com/apache/zeppelin/tree/23c5cac8245aea16bfc0568cf2e5c2ae6dfd0e6d,https://github.com/apache/zeppelin/tree/3b1a03f380437b22884f93dbdb3ee2b9c116fbc2,https://github.com/apache/zeppelin/compare/23c5cac8245aea16bfc0568cf2e5c2ae6dfd0e6d...3b1a03f380437b22884f93dbdb3ee2b9c116fbc2
790,Zeppelin,0274cfb7a4dd775c878461bf35431470f48b72b9,2d60d0b678ed72426bed0e90e3954b1d763044b6,ZEPPELIN-3063,https://issues.apache.org/jira/browse/ZEPPELIN-3063,https://github.com/apache/zeppelin/tree/0274cfb7a4dd775c878461bf35431470f48b72b9,https://github.com/apache/zeppelin/tree/2d60d0b678ed72426bed0e90e3954b1d763044b6,https://github.com/apache/zeppelin/compare/0274cfb7a4dd775c878461bf35431470f48b72b9...2d60d0b678ed72426bed0e90e3954b1d763044b6
791,Zeppelin,2d60d0b678ed72426bed0e90e3954b1d763044b6,7db9ab47224d29c5f53b81bb65383c3581f8817f,ZEPPELIN-2995,https://issues.apache.org/jira/browse/ZEPPELIN-2995,https://github.com/apache/zeppelin/tree/2d60d0b678ed72426bed0e90e3954b1d763044b6,https://github.com/apache/zeppelin/tree/7db9ab47224d29c5f53b81bb65383c3581f8817f,https://github.com/apache/zeppelin/compare/2d60d0b678ed72426bed0e90e3954b1d763044b6...7db9ab47224d29c5f53b81bb65383c3581f8817f
792,Zeppelin,6f8b29f5f53d0ea871e618365367587d2377a793,4f95555edca35f2576cdfe32c7467c5aad6583f8,ZEPPELIN-3072,https://issues.apache.org/jira/browse/ZEPPELIN-3072,https://github.com/apache/zeppelin/tree/6f8b29f5f53d0ea871e618365367587d2377a793,https://github.com/apache/zeppelin/tree/4f95555edca35f2576cdfe32c7467c5aad6583f8,https://github.com/apache/zeppelin/compare/6f8b29f5f53d0ea871e618365367587d2377a793...4f95555edca35f2576cdfe32c7467c5aad6583f8
793,Zeppelin,38ba2d47569300dd2a31bc9141d7439b0d370091,a82e3ec3a335863a30959cabbc3371169e2c1ce9,ZEPPELIN-3075,https://issues.apache.org/jira/browse/ZEPPELIN-3075,https://github.com/apache/zeppelin/tree/38ba2d47569300dd2a31bc9141d7439b0d370091,https://github.com/apache/zeppelin/tree/a82e3ec3a335863a30959cabbc3371169e2c1ce9,https://github.com/apache/zeppelin/compare/38ba2d47569300dd2a31bc9141d7439b0d370091...a82e3ec3a335863a30959cabbc3371169e2c1ce9
794,Zeppelin,3505625c26a45df14d6412b73da0b33aac68e908,549bce6738ffd7f460867d3f5ee00a9e2ec14125,ZEPPELIN-3014,https://issues.apache.org/jira/browse/ZEPPELIN-3014,https://github.com/apache/zeppelin/tree/3505625c26a45df14d6412b73da0b33aac68e908,https://github.com/apache/zeppelin/tree/549bce6738ffd7f460867d3f5ee00a9e2ec14125,https://github.com/apache/zeppelin/compare/3505625c26a45df14d6412b73da0b33aac68e908...549bce6738ffd7f460867d3f5ee00a9e2ec14125
795,Zeppelin,971631c1a19edd12e38f61deb8ca6440f29d5148,f8cd64cb50028031ab321144697d98822a60c63f,ZEPPELIN-3091,https://issues.apache.org/jira/browse/ZEPPELIN-3091,https://github.com/apache/zeppelin/tree/971631c1a19edd12e38f61deb8ca6440f29d5148,https://github.com/apache/zeppelin/tree/f8cd64cb50028031ab321144697d98822a60c63f,https://github.com/apache/zeppelin/compare/971631c1a19edd12e38f61deb8ca6440f29d5148...f8cd64cb50028031ab321144697d98822a60c63f
796,Zeppelin,4bf0f3a910e01107c00f28e4d138e52c5013f132,888a05d1e48a75f237edf7b6bfa7d4e57b100548,ZEPPELIN-3077,https://issues.apache.org/jira/browse/ZEPPELIN-3077,https://github.com/apache/zeppelin/tree/4bf0f3a910e01107c00f28e4d138e52c5013f132,https://github.com/apache/zeppelin/tree/888a05d1e48a75f237edf7b6bfa7d4e57b100548,https://github.com/apache/zeppelin/compare/4bf0f3a910e01107c00f28e4d138e52c5013f132...888a05d1e48a75f237edf7b6bfa7d4e57b100548
797,Zeppelin,ed468003323b984b0249d40d88c2378cc65950de,6caf587e17fb6858e769fb2121b8cd66090ff759,ZEPPELIN-3090,https://issues.apache.org/jira/browse/ZEPPELIN-3090,https://github.com/apache/zeppelin/tree/ed468003323b984b0249d40d88c2378cc65950de,https://github.com/apache/zeppelin/tree/6caf587e17fb6858e769fb2121b8cd66090ff759,https://github.com/apache/zeppelin/compare/ed468003323b984b0249d40d88c2378cc65950de...6caf587e17fb6858e769fb2121b8cd66090ff759
798,Zeppelin,5d09a7f836ebaddd40e644ef82d80320570364aa,53e6f743d434ff5ca787db26c8e3740cb16f9e5d,ZEPPELIN-3106,https://issues.apache.org/jira/browse/ZEPPELIN-3106,https://github.com/apache/zeppelin/tree/5d09a7f836ebaddd40e644ef82d80320570364aa,https://github.com/apache/zeppelin/tree/53e6f743d434ff5ca787db26c8e3740cb16f9e5d,https://github.com/apache/zeppelin/compare/5d09a7f836ebaddd40e644ef82d80320570364aa...53e6f743d434ff5ca787db26c8e3740cb16f9e5d
799,Zeppelin,53e6f743d434ff5ca787db26c8e3740cb16f9e5d,851dcb1a392a3b720501982c6c2c4a3d30468a7e,ZEPPELIN-3038,https://issues.apache.org/jira/browse/ZEPPELIN-3038,https://github.com/apache/zeppelin/tree/53e6f743d434ff5ca787db26c8e3740cb16f9e5d,https://github.com/apache/zeppelin/tree/851dcb1a392a3b720501982c6c2c4a3d30468a7e,https://github.com/apache/zeppelin/compare/53e6f743d434ff5ca787db26c8e3740cb16f9e5d...851dcb1a392a3b720501982c6c2c4a3d30468a7e
800,Zeppelin,851dcb1a392a3b720501982c6c2c4a3d30468a7e,dd1be03dee9428ade92b8fd47d148c2325179d19,Zeppelin-2964,https://issues.apache.org/jira/browse/ZEPPELIN-2964,https://github.com/apache/zeppelin/tree/851dcb1a392a3b720501982c6c2c4a3d30468a7e,https://github.com/apache/zeppelin/tree/dd1be03dee9428ade92b8fd47d148c2325179d19,https://github.com/apache/zeppelin/compare/851dcb1a392a3b720501982c6c2c4a3d30468a7e...dd1be03dee9428ade92b8fd47d148c2325179d19
801,Zeppelin,dd1be03dee9428ade92b8fd47d148c2325179d19,7bff131a5bcc96754aaccce555b8d6d3917f445a,ZEPPELIN-3127,https://issues.apache.org/jira/browse/ZEPPELIN-3127,https://github.com/apache/zeppelin/tree/dd1be03dee9428ade92b8fd47d148c2325179d19,https://github.com/apache/zeppelin/tree/7bff131a5bcc96754aaccce555b8d6d3917f445a,https://github.com/apache/zeppelin/compare/dd1be03dee9428ade92b8fd47d148c2325179d19...7bff131a5bcc96754aaccce555b8d6d3917f445a
802,Zeppelin,86f29fcee99a00a2d0b60d08d89e5a327b9b0b4b,922a228bcb237431bc76caa0f21805d80c58a256,ZEPPELIN-3119,https://issues.apache.org/jira/browse/ZEPPELIN-3119,https://github.com/apache/zeppelin/tree/86f29fcee99a00a2d0b60d08d89e5a327b9b0b4b,https://github.com/apache/zeppelin/tree/922a228bcb237431bc76caa0f21805d80c58a256,https://github.com/apache/zeppelin/compare/86f29fcee99a00a2d0b60d08d89e5a327b9b0b4b...922a228bcb237431bc76caa0f21805d80c58a256
803,Zeppelin,922a228bcb237431bc76caa0f21805d80c58a256,f7df879cc4d5a147030c0e7880bb1cba4f359979,ZEPPELIN-3105,https://issues.apache.org/jira/browse/ZEPPELIN-3105,https://github.com/apache/zeppelin/tree/922a228bcb237431bc76caa0f21805d80c58a256,https://github.com/apache/zeppelin/tree/f7df879cc4d5a147030c0e7880bb1cba4f359979,https://github.com/apache/zeppelin/compare/922a228bcb237431bc76caa0f21805d80c58a256...f7df879cc4d5a147030c0e7880bb1cba4f359979
804,Zeppelin,88bdee718622857ce74f941c52ff2053dde5a6d9,346981b67731b4710a514e7006c573af751c1f8a,ZEPPELIN-3129,https://issues.apache.org/jira/browse/ZEPPELIN-3129,https://github.com/apache/zeppelin/tree/88bdee718622857ce74f941c52ff2053dde5a6d9,https://github.com/apache/zeppelin/tree/346981b67731b4710a514e7006c573af751c1f8a,https://github.com/apache/zeppelin/compare/88bdee718622857ce74f941c52ff2053dde5a6d9...346981b67731b4710a514e7006c573af751c1f8a
805,Zeppelin,aa5deb96855f24a7c45905bc118538542403d113,0418267a3d6eadac10292f00bad1830e93e3d423,ZEPPELIN-3166,https://issues.apache.org/jira/browse/ZEPPELIN-3166,https://github.com/apache/zeppelin/tree/aa5deb96855f24a7c45905bc118538542403d113,https://github.com/apache/zeppelin/tree/0418267a3d6eadac10292f00bad1830e93e3d423,https://github.com/apache/zeppelin/compare/aa5deb96855f24a7c45905bc118538542403d113...0418267a3d6eadac10292f00bad1830e93e3d423
806,Zeppelin,fbb35f92ada1361148c63ad42bf6a5a231328b1a,92662a8a4f41a51c2ad4b524d0cd3925b01108a4,ZEPPELIN-3172,https://issues.apache.org/jira/browse/ZEPPELIN-3172,https://github.com/apache/zeppelin/tree/fbb35f92ada1361148c63ad42bf6a5a231328b1a,https://github.com/apache/zeppelin/tree/92662a8a4f41a51c2ad4b524d0cd3925b01108a4,https://github.com/apache/zeppelin/compare/fbb35f92ada1361148c63ad42bf6a5a231328b1a...92662a8a4f41a51c2ad4b524d0cd3925b01108a4
807,Zeppelin,92662a8a4f41a51c2ad4b524d0cd3925b01108a4,c48aba3e964e090f7325e7704db9985f9e5c63f1,ZEPPELIN-3169,https://issues.apache.org/jira/browse/ZEPPELIN-3169,https://github.com/apache/zeppelin/tree/92662a8a4f41a51c2ad4b524d0cd3925b01108a4,https://github.com/apache/zeppelin/tree/c48aba3e964e090f7325e7704db9985f9e5c63f1,https://github.com/apache/zeppelin/compare/92662a8a4f41a51c2ad4b524d0cd3925b01108a4...c48aba3e964e090f7325e7704db9985f9e5c63f1
808,Zeppelin,c48aba3e964e090f7325e7704db9985f9e5c63f1,2d36f848fc1936a1c8090cf1220b9cd8b089665b,ZEPPELIN-3098,https://issues.apache.org/jira/browse/ZEPPELIN-3098,https://github.com/apache/zeppelin/tree/c48aba3e964e090f7325e7704db9985f9e5c63f1,https://github.com/apache/zeppelin/tree/2d36f848fc1936a1c8090cf1220b9cd8b089665b,https://github.com/apache/zeppelin/compare/c48aba3e964e090f7325e7704db9985f9e5c63f1...2d36f848fc1936a1c8090cf1220b9cd8b089665b
809,Zeppelin,2d36f848fc1936a1c8090cf1220b9cd8b089665b,0956a7fa56050324d5749c1c8a999f33add2ec00,ZEPPELIN-3174,https://issues.apache.org/jira/browse/ZEPPELIN-3174,https://github.com/apache/zeppelin/tree/2d36f848fc1936a1c8090cf1220b9cd8b089665b,https://github.com/apache/zeppelin/tree/0956a7fa56050324d5749c1c8a999f33add2ec00,https://github.com/apache/zeppelin/compare/2d36f848fc1936a1c8090cf1220b9cd8b089665b...0956a7fa56050324d5749c1c8a999f33add2ec00
810,Zeppelin,c9df68cf5c0f0e9e3d7ba9cae3d64bdcea72f843,25d42e4e4f5a2f2e07a840ed667893f71ea9c121,ZEPPELIN-3183,https://issues.apache.org/jira/browse/ZEPPELIN-3183,https://github.com/apache/zeppelin/tree/c9df68cf5c0f0e9e3d7ba9cae3d64bdcea72f843,https://github.com/apache/zeppelin/tree/25d42e4e4f5a2f2e07a840ed667893f71ea9c121,https://github.com/apache/zeppelin/compare/c9df68cf5c0f0e9e3d7ba9cae3d64bdcea72f843...25d42e4e4f5a2f2e07a840ed667893f71ea9c121
811,Zeppelin,25d42e4e4f5a2f2e07a840ed667893f71ea9c121,8ddaab07ca6fb6ff0a8991f55ba53d8122ce07d4,ZEPPELIN-3190,https://issues.apache.org/jira/browse/ZEPPELIN-3190,https://github.com/apache/zeppelin/tree/25d42e4e4f5a2f2e07a840ed667893f71ea9c121,https://github.com/apache/zeppelin/tree/8ddaab07ca6fb6ff0a8991f55ba53d8122ce07d4,https://github.com/apache/zeppelin/compare/25d42e4e4f5a2f2e07a840ed667893f71ea9c121...8ddaab07ca6fb6ff0a8991f55ba53d8122ce07d4
812,Zeppelin,7fbb5985ffd13dbdb76e708fcf8f5705b2df0a54,e7e9e19cf1be6ada5b5e8d56fc2a7d8809f85f79,ZEPPELIN-3189,https://issues.apache.org/jira/browse/ZEPPELIN-3189,https://github.com/apache/zeppelin/tree/7fbb5985ffd13dbdb76e708fcf8f5705b2df0a54,https://github.com/apache/zeppelin/tree/e7e9e19cf1be6ada5b5e8d56fc2a7d8809f85f79,https://github.com/apache/zeppelin/compare/7fbb5985ffd13dbdb76e708fcf8f5705b2df0a54...e7e9e19cf1be6ada5b5e8d56fc2a7d8809f85f79
813,Zeppelin,6f4f0ff96c800a7f78df2b4401e04147400378f9,cb174ffc6a4464e75342b809edc59273d3b4af6a,ZEPPELIN-3202,https://issues.apache.org/jira/browse/ZEPPELIN-3202,https://github.com/apache/zeppelin/tree/6f4f0ff96c800a7f78df2b4401e04147400378f9,https://github.com/apache/zeppelin/tree/cb174ffc6a4464e75342b809edc59273d3b4af6a,https://github.com/apache/zeppelin/compare/6f4f0ff96c800a7f78df2b4401e04147400378f9...cb174ffc6a4464e75342b809edc59273d3b4af6a
814,Zeppelin,7691b7f09c6a2bd59f310656771d7cb7916a5a94,d07c70a6dc32d3d2668198b2e4c10c57602f8ab8,ZEPPELIN-3171,https://issues.apache.org/jira/browse/ZEPPELIN-3171,https://github.com/apache/zeppelin/tree/7691b7f09c6a2bd59f310656771d7cb7916a5a94,https://github.com/apache/zeppelin/tree/d07c70a6dc32d3d2668198b2e4c10c57602f8ab8,https://github.com/apache/zeppelin/compare/7691b7f09c6a2bd59f310656771d7cb7916a5a94...d07c70a6dc32d3d2668198b2e4c10c57602f8ab8
815,Zeppelin,f8d3488cbbb3a2d20c5736a8587ef0c41ae1eebc,73d15704bc73f02884f5d6f3348c1c1ceb952a5a,ZEPPELIN-3213,https://issues.apache.org/jira/browse/ZEPPELIN-3213,https://github.com/apache/zeppelin/tree/f8d3488cbbb3a2d20c5736a8587ef0c41ae1eebc,https://github.com/apache/zeppelin/tree/73d15704bc73f02884f5d6f3348c1c1ceb952a5a,https://github.com/apache/zeppelin/compare/f8d3488cbbb3a2d20c5736a8587ef0c41ae1eebc...73d15704bc73f02884f5d6f3348c1c1ceb952a5a
816,Zeppelin,7fcbb9a0296b306896a82d4f3c89c4550327c674,aa13a0a57c5f08c82ba90f37da6c8d7a503697f3,ZEPPELIN-3217,https://issues.apache.org/jira/browse/ZEPPELIN-3217,https://github.com/apache/zeppelin/tree/7fcbb9a0296b306896a82d4f3c89c4550327c674,https://github.com/apache/zeppelin/tree/aa13a0a57c5f08c82ba90f37da6c8d7a503697f3,https://github.com/apache/zeppelin/compare/7fcbb9a0296b306896a82d4f3c89c4550327c674...aa13a0a57c5f08c82ba90f37da6c8d7a503697f3
817,Zeppelin,2be8f350658076c33d9d905b9e9907aa3d3a8792,a13010f33cf7bb851e50a739a1dbd435a55be17d,ZEPPELIN-3226,https://issues.apache.org/jira/browse/ZEPPELIN-3226,https://github.com/apache/zeppelin/tree/2be8f350658076c33d9d905b9e9907aa3d3a8792,https://github.com/apache/zeppelin/tree/a13010f33cf7bb851e50a739a1dbd435a55be17d,https://github.com/apache/zeppelin/compare/2be8f350658076c33d9d905b9e9907aa3d3a8792...a13010f33cf7bb851e50a739a1dbd435a55be17d
818,Zeppelin,a13010f33cf7bb851e50a739a1dbd435a55be17d,3418055cca28aa16459d254999f580fd2785f5cc,ZEPPELIN-3228,https://issues.apache.org/jira/browse/ZEPPELIN-3228,https://github.com/apache/zeppelin/tree/a13010f33cf7bb851e50a739a1dbd435a55be17d,https://github.com/apache/zeppelin/tree/3418055cca28aa16459d254999f580fd2785f5cc,https://github.com/apache/zeppelin/compare/a13010f33cf7bb851e50a739a1dbd435a55be17d...3418055cca28aa16459d254999f580fd2785f5cc
819,Zeppelin,e89f1027875fbcec6482f24c3e316025eb16ee8e,d4783040c4779b99c5559c908a827c61e4b10608,ZEPPELIN-3204,https://issues.apache.org/jira/browse/ZEPPELIN-3204,https://github.com/apache/zeppelin/tree/e89f1027875fbcec6482f24c3e316025eb16ee8e,https://github.com/apache/zeppelin/tree/d4783040c4779b99c5559c908a827c61e4b10608,https://github.com/apache/zeppelin/compare/e89f1027875fbcec6482f24c3e316025eb16ee8e...d4783040c4779b99c5559c908a827c61e4b10608
820,Zeppelin,bf923dc13c6051bc1a2622724300c56458d7ca08,bfb04af395b7815c8765e709639e4b86bdd64884,ZEPPELIN-3241,https://issues.apache.org/jira/browse/ZEPPELIN-3241,https://github.com/apache/zeppelin/tree/bf923dc13c6051bc1a2622724300c56458d7ca08,https://github.com/apache/zeppelin/tree/bfb04af395b7815c8765e709639e4b86bdd64884,https://github.com/apache/zeppelin/compare/bf923dc13c6051bc1a2622724300c56458d7ca08...bfb04af395b7815c8765e709639e4b86bdd64884
821,Zeppelin,bfb04af395b7815c8765e709639e4b86bdd64884,7d2710e8bf5d46a389868c4477f773afbe691830,ZEPPELIN-3240,https://issues.apache.org/jira/browse/ZEPPELIN-3240,https://github.com/apache/zeppelin/tree/bfb04af395b7815c8765e709639e4b86bdd64884,https://github.com/apache/zeppelin/tree/7d2710e8bf5d46a389868c4477f773afbe691830,https://github.com/apache/zeppelin/compare/bfb04af395b7815c8765e709639e4b86bdd64884...7d2710e8bf5d46a389868c4477f773afbe691830
822,Zeppelin,7d2710e8bf5d46a389868c4477f773afbe691830,dfcd738dfb99f335cc8a628f291c126a244a6eb1,ZEPPELIN-3207,https://issues.apache.org/jira/browse/ZEPPELIN-3207,https://github.com/apache/zeppelin/tree/7d2710e8bf5d46a389868c4477f773afbe691830,https://github.com/apache/zeppelin/tree/dfcd738dfb99f335cc8a628f291c126a244a6eb1,https://github.com/apache/zeppelin/compare/7d2710e8bf5d46a389868c4477f773afbe691830...dfcd738dfb99f335cc8a628f291c126a244a6eb1
823,Zeppelin,dfcd738dfb99f335cc8a628f291c126a244a6eb1,3c502cd948e9b877adea9c6589ab42d126cd4fbc,ZEPPELIN-3234,https://issues.apache.org/jira/browse/ZEPPELIN-3234,https://github.com/apache/zeppelin/tree/dfcd738dfb99f335cc8a628f291c126a244a6eb1,https://github.com/apache/zeppelin/tree/3c502cd948e9b877adea9c6589ab42d126cd4fbc,https://github.com/apache/zeppelin/compare/dfcd738dfb99f335cc8a628f291c126a244a6eb1...3c502cd948e9b877adea9c6589ab42d126cd4fbc
824,Zeppelin,3c502cd948e9b877adea9c6589ab42d126cd4fbc,8df623b634cc1fa23b268e2bb27931ea391a1381,ZEPPELIN-3209,https://issues.apache.org/jira/browse/ZEPPELIN-3209,https://github.com/apache/zeppelin/tree/3c502cd948e9b877adea9c6589ab42d126cd4fbc,https://github.com/apache/zeppelin/tree/8df623b634cc1fa23b268e2bb27931ea391a1381,https://github.com/apache/zeppelin/compare/3c502cd948e9b877adea9c6589ab42d126cd4fbc...8df623b634cc1fa23b268e2bb27931ea391a1381
825,Zeppelin,d220c011892a36b7645599fc028bc8754bd99ce6,a791fad5970905edd07bdb8afcc00497fb3540f5,ZEPPELIN-3239,https://issues.apache.org/jira/browse/ZEPPELIN-3239,https://github.com/apache/zeppelin/tree/d220c011892a36b7645599fc028bc8754bd99ce6,https://github.com/apache/zeppelin/tree/a791fad5970905edd07bdb8afcc00497fb3540f5,https://github.com/apache/zeppelin/compare/d220c011892a36b7645599fc028bc8754bd99ce6...a791fad5970905edd07bdb8afcc00497fb3540f5
826,Zeppelin,de03a21ba62084a37fd4ef9bba8c00e33b6644cb,f6ef64f8470e30f2e166ee31d468174f0df0178a,ZEPPELIN-3177,https://issues.apache.org/jira/browse/ZEPPELIN-3177,https://github.com/apache/zeppelin/tree/de03a21ba62084a37fd4ef9bba8c00e33b6644cb,https://github.com/apache/zeppelin/tree/f6ef64f8470e30f2e166ee31d468174f0df0178a,https://github.com/apache/zeppelin/compare/de03a21ba62084a37fd4ef9bba8c00e33b6644cb...f6ef64f8470e30f2e166ee31d468174f0df0178a
827,Zeppelin,75ada89f4d36a16713f18c6f6fc54dab4f659ef5,fc44693fe6589d9fbcb8a63a4664369bb7e2a2a3,ZEPPELIN-3265,https://issues.apache.org/jira/browse/ZEPPELIN-3265,https://github.com/apache/zeppelin/tree/75ada89f4d36a16713f18c6f6fc54dab4f659ef5,https://github.com/apache/zeppelin/tree/fc44693fe6589d9fbcb8a63a4664369bb7e2a2a3,https://github.com/apache/zeppelin/compare/75ada89f4d36a16713f18c6f6fc54dab4f659ef5...fc44693fe6589d9fbcb8a63a4664369bb7e2a2a3
828,Zeppelin,fc44693fe6589d9fbcb8a63a4664369bb7e2a2a3,64bbba4796fe1ddfd1ca1facde7dcda33ac86ef7,ZEPPELIN-3255,https://issues.apache.org/jira/browse/ZEPPELIN-3255,https://github.com/apache/zeppelin/tree/fc44693fe6589d9fbcb8a63a4664369bb7e2a2a3,https://github.com/apache/zeppelin/tree/64bbba4796fe1ddfd1ca1facde7dcda33ac86ef7,https://github.com/apache/zeppelin/compare/fc44693fe6589d9fbcb8a63a4664369bb7e2a2a3...64bbba4796fe1ddfd1ca1facde7dcda33ac86ef7
829,Zeppelin,64bbba4796fe1ddfd1ca1facde7dcda33ac86ef7,500b74b196b740c810553c43216a56e23ab9caf0,ZEPPELIN-3242,https://issues.apache.org/jira/browse/ZEPPELIN-3242,https://github.com/apache/zeppelin/tree/64bbba4796fe1ddfd1ca1facde7dcda33ac86ef7,https://github.com/apache/zeppelin/tree/500b74b196b740c810553c43216a56e23ab9caf0,https://github.com/apache/zeppelin/compare/64bbba4796fe1ddfd1ca1facde7dcda33ac86ef7...500b74b196b740c810553c43216a56e23ab9caf0
830,Zeppelin,65b797c22eadebb9a18575e91fdcfe33722762c8,2c322d72b662e703710a30abc4460f9aee2a29bb,ZEPPELIN-3271,https://issues.apache.org/jira/browse/ZEPPELIN-3271,https://github.com/apache/zeppelin/tree/65b797c22eadebb9a18575e91fdcfe33722762c8,https://github.com/apache/zeppelin/tree/2c322d72b662e703710a30abc4460f9aee2a29bb,https://github.com/apache/zeppelin/compare/65b797c22eadebb9a18575e91fdcfe33722762c8...2c322d72b662e703710a30abc4460f9aee2a29bb
831,Zeppelin,2c322d72b662e703710a30abc4460f9aee2a29bb,fa9f88ba4fbd8f8faa0ad7cf762cfaf795eb0e51,ZEPPELIN-3273,https://issues.apache.org/jira/browse/ZEPPELIN-3273,https://github.com/apache/zeppelin/tree/2c322d72b662e703710a30abc4460f9aee2a29bb,https://github.com/apache/zeppelin/tree/fa9f88ba4fbd8f8faa0ad7cf762cfaf795eb0e51,https://github.com/apache/zeppelin/compare/2c322d72b662e703710a30abc4460f9aee2a29bb...fa9f88ba4fbd8f8faa0ad7cf762cfaf795eb0e51
832,Zeppelin,fa9f88ba4fbd8f8faa0ad7cf762cfaf795eb0e51,21dc20d8864915475f58705d8bc2fc8678c22dbe,ZEPPELIN-3278,https://issues.apache.org/jira/browse/ZEPPELIN-3278,https://github.com/apache/zeppelin/tree/fa9f88ba4fbd8f8faa0ad7cf762cfaf795eb0e51,https://github.com/apache/zeppelin/tree/21dc20d8864915475f58705d8bc2fc8678c22dbe,https://github.com/apache/zeppelin/compare/fa9f88ba4fbd8f8faa0ad7cf762cfaf795eb0e51...21dc20d8864915475f58705d8bc2fc8678c22dbe
833,Zeppelin,66dada66e25a1d24cc235fd44e58a0507fe07b84,d90716d4d00f5b83d2bd1f16cadc88118a112f74,ZEPPELIN-3284,https://issues.apache.org/jira/browse/ZEPPELIN-3284,https://github.com/apache/zeppelin/tree/66dada66e25a1d24cc235fd44e58a0507fe07b84,https://github.com/apache/zeppelin/tree/d90716d4d00f5b83d2bd1f16cadc88118a112f74,https://github.com/apache/zeppelin/compare/66dada66e25a1d24cc235fd44e58a0507fe07b84...d90716d4d00f5b83d2bd1f16cadc88118a112f74
834,Zeppelin,e148c8cfff04a7a299b2d626759a662a3f91087b,fe660abb9663173998d6e02504ef3238f869c080,ZEPPELIN-3243,https://issues.apache.org/jira/browse/ZEPPELIN-3243,https://github.com/apache/zeppelin/tree/e148c8cfff04a7a299b2d626759a662a3f91087b,https://github.com/apache/zeppelin/tree/fe660abb9663173998d6e02504ef3238f869c080,https://github.com/apache/zeppelin/compare/e148c8cfff04a7a299b2d626759a662a3f91087b...fe660abb9663173998d6e02504ef3238f869c080
835,Zeppelin,db3774640f446db9c6b00ee8ca5375405dd027be,a3952ea95c72543ca767d2c9dd2f4c6cab63fe1b,ZEPPELIN-3304,https://issues.apache.org/jira/browse/ZEPPELIN-3304,https://github.com/apache/zeppelin/tree/db3774640f446db9c6b00ee8ca5375405dd027be,https://github.com/apache/zeppelin/tree/a3952ea95c72543ca767d2c9dd2f4c6cab63fe1b,https://github.com/apache/zeppelin/compare/db3774640f446db9c6b00ee8ca5375405dd027be...a3952ea95c72543ca767d2c9dd2f4c6cab63fe1b
836,Zeppelin,2afcb944e2240b477387498aeacc2dabab8f2842,c904e56a8cfd2f848ccf9612c99edf4a1037a128,ZEPPELIN-3286,https://issues.apache.org/jira/browse/ZEPPELIN-3286,https://github.com/apache/zeppelin/tree/2afcb944e2240b477387498aeacc2dabab8f2842,https://github.com/apache/zeppelin/tree/c904e56a8cfd2f848ccf9612c99edf4a1037a128,https://github.com/apache/zeppelin/compare/2afcb944e2240b477387498aeacc2dabab8f2842...c904e56a8cfd2f848ccf9612c99edf4a1037a128
837,Zeppelin,c904e56a8cfd2f848ccf9612c99edf4a1037a128,0267ecf76d313ba3c3ccea2d35e9b1919c7c9956,ZEPPELIN-3289,https://issues.apache.org/jira/browse/ZEPPELIN-3289,https://github.com/apache/zeppelin/tree/c904e56a8cfd2f848ccf9612c99edf4a1037a128,https://github.com/apache/zeppelin/tree/0267ecf76d313ba3c3ccea2d35e9b1919c7c9956,https://github.com/apache/zeppelin/compare/c904e56a8cfd2f848ccf9612c99edf4a1037a128...0267ecf76d313ba3c3ccea2d35e9b1919c7c9956
838,Zeppelin,0267ecf76d313ba3c3ccea2d35e9b1919c7c9956,4fc0482385a150ab6712d7f44e00e37d16cd4bdf,ZEPPELIN-3180,https://issues.apache.org/jira/browse/ZEPPELIN-3180,https://github.com/apache/zeppelin/tree/0267ecf76d313ba3c3ccea2d35e9b1919c7c9956,https://github.com/apache/zeppelin/tree/4fc0482385a150ab6712d7f44e00e37d16cd4bdf,https://github.com/apache/zeppelin/compare/0267ecf76d313ba3c3ccea2d35e9b1919c7c9956...4fc0482385a150ab6712d7f44e00e37d16cd4bdf
839,Zeppelin,f4a798b6230b4f2389ad7ea9b41818b15d9ab5a7,803116fd0d4ad5baaf3d85b7c903d75fd04b2030,ZEPPELIN-3309,https://issues.apache.org/jira/browse/ZEPPELIN-3309,https://github.com/apache/zeppelin/tree/f4a798b6230b4f2389ad7ea9b41818b15d9ab5a7,https://github.com/apache/zeppelin/tree/803116fd0d4ad5baaf3d85b7c903d75fd04b2030,https://github.com/apache/zeppelin/compare/f4a798b6230b4f2389ad7ea9b41818b15d9ab5a7...803116fd0d4ad5baaf3d85b7c903d75fd04b2030
840,Zeppelin,803116fd0d4ad5baaf3d85b7c903d75fd04b2030,4463967a520af2bc9950fdbd2987ed220d8c0344,ZEPPELIN-3322,https://issues.apache.org/jira/browse/ZEPPELIN-3322,https://github.com/apache/zeppelin/tree/803116fd0d4ad5baaf3d85b7c903d75fd04b2030,https://github.com/apache/zeppelin/tree/4463967a520af2bc9950fdbd2987ed220d8c0344,https://github.com/apache/zeppelin/compare/803116fd0d4ad5baaf3d85b7c903d75fd04b2030...4463967a520af2bc9950fdbd2987ed220d8c0344
841,Zeppelin,4463967a520af2bc9950fdbd2987ed220d8c0344,b9d2f40bd737163be55681970b1f467f668c8fab,ZEPPELIN-3099,https://issues.apache.org/jira/browse/ZEPPELIN-3099,https://github.com/apache/zeppelin/tree/4463967a520af2bc9950fdbd2987ed220d8c0344,https://github.com/apache/zeppelin/tree/b9d2f40bd737163be55681970b1f467f668c8fab,https://github.com/apache/zeppelin/compare/4463967a520af2bc9950fdbd2987ed220d8c0344...b9d2f40bd737163be55681970b1f467f668c8fab
842,Zeppelin,4ee09717cfb2d09b55f20fbd8245b6c2eca37fda,8b2259cf5805f654b5da2725fa8207fa0b6d5f7e,ZEPPELIN-2515,https://issues.apache.org/jira/browse/ZEPPELIN-2515,https://github.com/apache/zeppelin/tree/4ee09717cfb2d09b55f20fbd8245b6c2eca37fda,https://github.com/apache/zeppelin/tree/8b2259cf5805f654b5da2725fa8207fa0b6d5f7e,https://github.com/apache/zeppelin/compare/4ee09717cfb2d09b55f20fbd8245b6c2eca37fda...8b2259cf5805f654b5da2725fa8207fa0b6d5f7e
843,Zeppelin,8b2259cf5805f654b5da2725fa8207fa0b6d5f7e,6001b98de620c13d57c88a0b4ae328bf19f338ea,ZEPPELIN-3321,https://issues.apache.org/jira/browse/ZEPPELIN-3321,https://github.com/apache/zeppelin/tree/8b2259cf5805f654b5da2725fa8207fa0b6d5f7e,https://github.com/apache/zeppelin/tree/6001b98de620c13d57c88a0b4ae328bf19f338ea,https://github.com/apache/zeppelin/compare/8b2259cf5805f654b5da2725fa8207fa0b6d5f7e...6001b98de620c13d57c88a0b4ae328bf19f338ea
844,Zeppelin,c6f7f2bdb3a41bb04508c800ec6ed4c411680b26,90b27cb678e94084a2dee70b616969424b5999c6,ZEPPELIN-3343,https://issues.apache.org/jira/browse/ZEPPELIN-3343,https://github.com/apache/zeppelin/tree/c6f7f2bdb3a41bb04508c800ec6ed4c411680b26,https://github.com/apache/zeppelin/tree/90b27cb678e94084a2dee70b616969424b5999c6,https://github.com/apache/zeppelin/compare/c6f7f2bdb3a41bb04508c800ec6ed4c411680b26...90b27cb678e94084a2dee70b616969424b5999c6
845,Zeppelin,90b27cb678e94084a2dee70b616969424b5999c6,a63f041477737c67177de292c90109f4b8ce2b1c,ZEPPELIN-3345,https://issues.apache.org/jira/browse/ZEPPELIN-3345,https://github.com/apache/zeppelin/tree/90b27cb678e94084a2dee70b616969424b5999c6,https://github.com/apache/zeppelin/tree/a63f041477737c67177de292c90109f4b8ce2b1c,https://github.com/apache/zeppelin/compare/90b27cb678e94084a2dee70b616969424b5999c6...a63f041477737c67177de292c90109f4b8ce2b1c
846,Zeppelin,233c09873456ac0893ce30970b7caa64204d99ca,ac01fea46d99ef46fa4e1c7324b723b70ad98bca,ZEPPELIN-3089,https://issues.apache.org/jira/browse/ZEPPELIN-3089,https://github.com/apache/zeppelin/tree/233c09873456ac0893ce30970b7caa64204d99ca,https://github.com/apache/zeppelin/tree/ac01fea46d99ef46fa4e1c7324b723b70ad98bca,https://github.com/apache/zeppelin/compare/233c09873456ac0893ce30970b7caa64204d99ca...ac01fea46d99ef46fa4e1c7324b723b70ad98bca
847,Zeppelin,7dc4dbea5a9b49d66113275ad1ffd31abe1d1d4d,2a5960bd50ea29ce7b925a6ac3288c0fd5ae7ddd,ZEPPELIN-3310,https://issues.apache.org/jira/browse/ZEPPELIN-3310,https://github.com/apache/zeppelin/tree/7dc4dbea5a9b49d66113275ad1ffd31abe1d1d4d,https://github.com/apache/zeppelin/tree/2a5960bd50ea29ce7b925a6ac3288c0fd5ae7ddd,https://github.com/apache/zeppelin/compare/7dc4dbea5a9b49d66113275ad1ffd31abe1d1d4d...2a5960bd50ea29ce7b925a6ac3288c0fd5ae7ddd
848,Zeppelin,2a5960bd50ea29ce7b925a6ac3288c0fd5ae7ddd,67582b87ecd61f661aaebdc66aea817ff2fd2c7f,ZEPPELIN-3290,https://issues.apache.org/jira/browse/ZEPPELIN-3290,https://github.com/apache/zeppelin/tree/2a5960bd50ea29ce7b925a6ac3288c0fd5ae7ddd,https://github.com/apache/zeppelin/tree/67582b87ecd61f661aaebdc66aea817ff2fd2c7f,https://github.com/apache/zeppelin/compare/2a5960bd50ea29ce7b925a6ac3288c0fd5ae7ddd...67582b87ecd61f661aaebdc66aea817ff2fd2c7f
849,Zeppelin,d19b35abe256513a07ebae1e63cc1e17b8091dd3,fd27014b02aa9635190b2c4bb76d34589b16792c,ZEPPELIN-3313,https://issues.apache.org/jira/browse/ZEPPELIN-3313,https://github.com/apache/zeppelin/tree/d19b35abe256513a07ebae1e63cc1e17b8091dd3,https://github.com/apache/zeppelin/tree/fd27014b02aa9635190b2c4bb76d34589b16792c,https://github.com/apache/zeppelin/compare/d19b35abe256513a07ebae1e63cc1e17b8091dd3...fd27014b02aa9635190b2c4bb76d34589b16792c
850,Zeppelin,b49b3f46f91d06c4d497f8f11cbc334fd480e539,8238b711c7f6ff2c71ff807c6ee4ad52a29728a0,ZEPPELIN-3344,https://issues.apache.org/jira/browse/ZEPPELIN-3344,https://github.com/apache/zeppelin/tree/b49b3f46f91d06c4d497f8f11cbc334fd480e539,https://github.com/apache/zeppelin/tree/8238b711c7f6ff2c71ff807c6ee4ad52a29728a0,https://github.com/apache/zeppelin/compare/b49b3f46f91d06c4d497f8f11cbc334fd480e539...8238b711c7f6ff2c71ff807c6ee4ad52a29728a0
851,Zeppelin,881846364b08ec2086cd212fe500ee1518e1fd59,7a9572d67e4f02c6ad49ac091d6bc542732c19fc,ZEPPELIN-3324,https://issues.apache.org/jira/browse/ZEPPELIN-3324,https://github.com/apache/zeppelin/tree/881846364b08ec2086cd212fe500ee1518e1fd59,https://github.com/apache/zeppelin/tree/7a9572d67e4f02c6ad49ac091d6bc542732c19fc,https://github.com/apache/zeppelin/compare/881846364b08ec2086cd212fe500ee1518e1fd59...7a9572d67e4f02c6ad49ac091d6bc542732c19fc
852,Zeppelin,7a9572d67e4f02c6ad49ac091d6bc542732c19fc,685eb9249d1c1d821ce57f1ed0559f1539dfbe69,ZEPPELIN-3332,https://issues.apache.org/jira/browse/ZEPPELIN-3332,https://github.com/apache/zeppelin/tree/7a9572d67e4f02c6ad49ac091d6bc542732c19fc,https://github.com/apache/zeppelin/tree/685eb9249d1c1d821ce57f1ed0559f1539dfbe69,https://github.com/apache/zeppelin/compare/7a9572d67e4f02c6ad49ac091d6bc542732c19fc...685eb9249d1c1d821ce57f1ed0559f1539dfbe69
853,Zeppelin,7a67138a9e80fb6b38bd7434034f021ac61a7d2d,36a5a917371a47eb257e8cfdc44930c0eb65560e,ZEPPELIN-3115,https://issues.apache.org/jira/browse/ZEPPELIN-3115,https://github.com/apache/zeppelin/tree/7a67138a9e80fb6b38bd7434034f021ac61a7d2d,https://github.com/apache/zeppelin/tree/36a5a917371a47eb257e8cfdc44930c0eb65560e,https://github.com/apache/zeppelin/compare/7a67138a9e80fb6b38bd7434034f021ac61a7d2d...36a5a917371a47eb257e8cfdc44930c0eb65560e
854,Zeppelin,36a5a917371a47eb257e8cfdc44930c0eb65560e,08c9ad9a6692405884ae2b2f730868030247762f,ZEPPELIN-3350,https://issues.apache.org/jira/browse/ZEPPELIN-3350,https://github.com/apache/zeppelin/tree/36a5a917371a47eb257e8cfdc44930c0eb65560e,https://github.com/apache/zeppelin/tree/08c9ad9a6692405884ae2b2f730868030247762f,https://github.com/apache/zeppelin/compare/36a5a917371a47eb257e8cfdc44930c0eb65560e...08c9ad9a6692405884ae2b2f730868030247762f
855,Zeppelin,008fa369f37534096f59598f8b5374bcf56924e5,2ba75c72f3081dd36eda975f09d43ea9541ed7bd,ZEPPELIN-3400,https://issues.apache.org/jira/browse/ZEPPELIN-3400,https://github.com/apache/zeppelin/tree/008fa369f37534096f59598f8b5374bcf56924e5,https://github.com/apache/zeppelin/tree/2ba75c72f3081dd36eda975f09d43ea9541ed7bd,https://github.com/apache/zeppelin/compare/008fa369f37534096f59598f8b5374bcf56924e5...2ba75c72f3081dd36eda975f09d43ea9541ed7bd
856,Zeppelin,2ba75c72f3081dd36eda975f09d43ea9541ed7bd,87e5be901e5fd36140fca9cc0141c503b450cbe1,ZEPPELIN-3384,https://issues.apache.org/jira/browse/ZEPPELIN-3384,https://github.com/apache/zeppelin/tree/2ba75c72f3081dd36eda975f09d43ea9541ed7bd,https://github.com/apache/zeppelin/tree/87e5be901e5fd36140fca9cc0141c503b450cbe1,https://github.com/apache/zeppelin/compare/2ba75c72f3081dd36eda975f09d43ea9541ed7bd...87e5be901e5fd36140fca9cc0141c503b450cbe1
857,Zeppelin,87e5be901e5fd36140fca9cc0141c503b450cbe1,ff4c0f3551df126acea4d71ffb7be8872568740c,ZEPPELIN-3403,https://issues.apache.org/jira/browse/ZEPPELIN-3403,https://github.com/apache/zeppelin/tree/87e5be901e5fd36140fca9cc0141c503b450cbe1,https://github.com/apache/zeppelin/tree/ff4c0f3551df126acea4d71ffb7be8872568740c,https://github.com/apache/zeppelin/compare/87e5be901e5fd36140fca9cc0141c503b450cbe1...ff4c0f3551df126acea4d71ffb7be8872568740c
858,Zeppelin,ff4c0f3551df126acea4d71ffb7be8872568740c,440701d3df279e73659ff0fd1be5c47bf896f7dc,ZEPPELIN-3384,https://issues.apache.org/jira/browse/ZEPPELIN-3384,https://github.com/apache/zeppelin/tree/ff4c0f3551df126acea4d71ffb7be8872568740c,https://github.com/apache/zeppelin/tree/440701d3df279e73659ff0fd1be5c47bf896f7dc,https://github.com/apache/zeppelin/compare/ff4c0f3551df126acea4d71ffb7be8872568740c...440701d3df279e73659ff0fd1be5c47bf896f7dc
859,Zeppelin,440701d3df279e73659ff0fd1be5c47bf896f7dc,7aa94ce93fbce382d920f01bd27f6e2750a64cf8,ZEPPELIN-3406,https://issues.apache.org/jira/browse/ZEPPELIN-3406,https://github.com/apache/zeppelin/tree/440701d3df279e73659ff0fd1be5c47bf896f7dc,https://github.com/apache/zeppelin/tree/7aa94ce93fbce382d920f01bd27f6e2750a64cf8,https://github.com/apache/zeppelin/compare/440701d3df279e73659ff0fd1be5c47bf896f7dc...7aa94ce93fbce382d920f01bd27f6e2750a64cf8
860,Zeppelin,edf3c2589b2d1ccc080e2b9b30dbbd9c53e9db54,aa3ea6869f336f7a09e6a57bd2882216d010955d,ZEPPELIN-3395,https://issues.apache.org/jira/browse/ZEPPELIN-3395,https://github.com/apache/zeppelin/tree/edf3c2589b2d1ccc080e2b9b30dbbd9c53e9db54,https://github.com/apache/zeppelin/tree/aa3ea6869f336f7a09e6a57bd2882216d010955d,https://github.com/apache/zeppelin/compare/edf3c2589b2d1ccc080e2b9b30dbbd9c53e9db54...aa3ea6869f336f7a09e6a57bd2882216d010955d
861,Zeppelin,aa3ea6869f336f7a09e6a57bd2882216d010955d,0e82a5712ea6229925b7b9663d492b54d3c29b59,ZEPPELIN-3391,https://issues.apache.org/jira/browse/ZEPPELIN-3391,https://github.com/apache/zeppelin/tree/aa3ea6869f336f7a09e6a57bd2882216d010955d,https://github.com/apache/zeppelin/tree/0e82a5712ea6229925b7b9663d492b54d3c29b59,https://github.com/apache/zeppelin/compare/aa3ea6869f336f7a09e6a57bd2882216d010955d...0e82a5712ea6229925b7b9663d492b54d3c29b59
862,Zeppelin,0e82a5712ea6229925b7b9663d492b54d3c29b59,6cb39a07173c8abaabb114d20e108781f2d39d6f,ZEPPELIN-3356,https://issues.apache.org/jira/browse/ZEPPELIN-3356,https://github.com/apache/zeppelin/tree/0e82a5712ea6229925b7b9663d492b54d3c29b59,https://github.com/apache/zeppelin/tree/6cb39a07173c8abaabb114d20e108781f2d39d6f,https://github.com/apache/zeppelin/compare/0e82a5712ea6229925b7b9663d492b54d3c29b59...6cb39a07173c8abaabb114d20e108781f2d39d6f
863,Zeppelin,6cb39a07173c8abaabb114d20e108781f2d39d6f,2acb62e518555ae856b22beba87731a0812f840e,ZEPPELIN-3399,https://issues.apache.org/jira/browse/ZEPPELIN-3399,https://github.com/apache/zeppelin/tree/6cb39a07173c8abaabb114d20e108781f2d39d6f,https://github.com/apache/zeppelin/tree/2acb62e518555ae856b22beba87731a0812f840e,https://github.com/apache/zeppelin/compare/6cb39a07173c8abaabb114d20e108781f2d39d6f...2acb62e518555ae856b22beba87731a0812f840e
864,Zeppelin,2acb62e518555ae856b22beba87731a0812f840e,fca7d40019cb11137a124e3bf7075c93cc9568d9,ZEPPELIN-3325,https://issues.apache.org/jira/browse/ZEPPELIN-3325,https://github.com/apache/zeppelin/tree/2acb62e518555ae856b22beba87731a0812f840e,https://github.com/apache/zeppelin/tree/fca7d40019cb11137a124e3bf7075c93cc9568d9,https://github.com/apache/zeppelin/compare/2acb62e518555ae856b22beba87731a0812f840e...fca7d40019cb11137a124e3bf7075c93cc9568d9
865,Zeppelin,fca7d40019cb11137a124e3bf7075c93cc9568d9,40132597381c8323a265f286c3d840801347e07b,ZEPPELIN-3405,https://issues.apache.org/jira/browse/ZEPPELIN-3405,https://github.com/apache/zeppelin/tree/fca7d40019cb11137a124e3bf7075c93cc9568d9,https://github.com/apache/zeppelin/tree/40132597381c8323a265f286c3d840801347e07b,https://github.com/apache/zeppelin/compare/fca7d40019cb11137a124e3bf7075c93cc9568d9...40132597381c8323a265f286c3d840801347e07b
866,Zeppelin,40132597381c8323a265f286c3d840801347e07b,2472e2dac4049313d2fdf34d7d83c041dfa38f0a,ZEPPELIN-3415,https://issues.apache.org/jira/browse/ZEPPELIN-3415,https://github.com/apache/zeppelin/tree/40132597381c8323a265f286c3d840801347e07b,https://github.com/apache/zeppelin/tree/2472e2dac4049313d2fdf34d7d83c041dfa38f0a,https://github.com/apache/zeppelin/compare/40132597381c8323a265f286c3d840801347e07b...2472e2dac4049313d2fdf34d7d83c041dfa38f0a
867,Zeppelin,2472e2dac4049313d2fdf34d7d83c041dfa38f0a,b89c9ad23b297942f72434baa4e4de0a435324e4,ZEPPELIN-3312,https://issues.apache.org/jira/browse/ZEPPELIN-3312,https://github.com/apache/zeppelin/tree/2472e2dac4049313d2fdf34d7d83c041dfa38f0a,https://github.com/apache/zeppelin/tree/b89c9ad23b297942f72434baa4e4de0a435324e4,https://github.com/apache/zeppelin/compare/2472e2dac4049313d2fdf34d7d83c041dfa38f0a...b89c9ad23b297942f72434baa4e4de0a435324e4
868,Zeppelin,d182a0ed4f44486a92d9c72c3b096470a9c6cbf6,75dd1958ec195e88c5c0a71dfc56c75fcf6ffaad,ZEPPELIN-3411,https://issues.apache.org/jira/browse/ZEPPELIN-3411,https://github.com/apache/zeppelin/tree/d182a0ed4f44486a92d9c72c3b096470a9c6cbf6,https://github.com/apache/zeppelin/tree/75dd1958ec195e88c5c0a71dfc56c75fcf6ffaad,https://github.com/apache/zeppelin/compare/d182a0ed4f44486a92d9c72c3b096470a9c6cbf6...75dd1958ec195e88c5c0a71dfc56c75fcf6ffaad
869,Zeppelin,5fdbd5338293dc32f238c834036a7af409d25986,322c8686505993c807a04e3994e0eb5a36d7ef17,ZEPPELIN-3416,https://issues.apache.org/jira/browse/ZEPPELIN-3416,https://github.com/apache/zeppelin/tree/5fdbd5338293dc32f238c834036a7af409d25986,https://github.com/apache/zeppelin/tree/322c8686505993c807a04e3994e0eb5a36d7ef17,https://github.com/apache/zeppelin/compare/5fdbd5338293dc32f238c834036a7af409d25986...322c8686505993c807a04e3994e0eb5a36d7ef17
870,Zeppelin,0a47b1393a3e8b3f907326ced359fe8b987c4fc7,ad77265c69bf2ea5fe82fa8c15c7a3d3ea2178e3,ZEPPELIN-3405,https://issues.apache.org/jira/browse/ZEPPELIN-3405,https://github.com/apache/zeppelin/tree/0a47b1393a3e8b3f907326ced359fe8b987c4fc7,https://github.com/apache/zeppelin/tree/ad77265c69bf2ea5fe82fa8c15c7a3d3ea2178e3,https://github.com/apache/zeppelin/compare/0a47b1393a3e8b3f907326ced359fe8b987c4fc7...ad77265c69bf2ea5fe82fa8c15c7a3d3ea2178e3
871,Zeppelin,c4fdf5883c1881e36b152b444f8456a4f98e96cb,5632d2cd94b9ea8646ba5382be993598e2640a6f,ZEPPELIN-3311,https://issues.apache.org/jira/browse/ZEPPELIN-3311,https://github.com/apache/zeppelin/tree/c4fdf5883c1881e36b152b444f8456a4f98e96cb,https://github.com/apache/zeppelin/tree/5632d2cd94b9ea8646ba5382be993598e2640a6f,https://github.com/apache/zeppelin/compare/c4fdf5883c1881e36b152b444f8456a4f98e96cb...5632d2cd94b9ea8646ba5382be993598e2640a6f
872,Zeppelin,806831454502d052f504d162bf6d6ab0aad02920,c31f3b60a98ade035825e6efd8de071555b5624a,ZEPPELIN-3423,https://issues.apache.org/jira/browse/ZEPPELIN-3423,https://github.com/apache/zeppelin/tree/806831454502d052f504d162bf6d6ab0aad02920,https://github.com/apache/zeppelin/tree/c31f3b60a98ade035825e6efd8de071555b5624a,https://github.com/apache/zeppelin/compare/806831454502d052f504d162bf6d6ab0aad02920...c31f3b60a98ade035825e6efd8de071555b5624a
873,Zeppelin,c31f3b60a98ade035825e6efd8de071555b5624a,1cea92ca30285241239538f358e90dea014b2e5f,ZEPPELIN-3404,https://issues.apache.org/jira/browse/ZEPPELIN-3404,https://github.com/apache/zeppelin/tree/c31f3b60a98ade035825e6efd8de071555b5624a,https://github.com/apache/zeppelin/tree/1cea92ca30285241239538f358e90dea014b2e5f,https://github.com/apache/zeppelin/compare/c31f3b60a98ade035825e6efd8de071555b5624a...1cea92ca30285241239538f358e90dea014b2e5f
874,Zeppelin,1cea92ca30285241239538f358e90dea014b2e5f,3fb878bfaa59c33182ebc80fb48aabb73e06d0d1,ZEPPELIN-3401,https://issues.apache.org/jira/browse/ZEPPELIN-3401,https://github.com/apache/zeppelin/tree/1cea92ca30285241239538f358e90dea014b2e5f,https://github.com/apache/zeppelin/tree/3fb878bfaa59c33182ebc80fb48aabb73e06d0d1,https://github.com/apache/zeppelin/compare/1cea92ca30285241239538f358e90dea014b2e5f...3fb878bfaa59c33182ebc80fb48aabb73e06d0d1
875,Zeppelin,0c3b446a5304df3f3c0d665d2df926cca2dcddb7,468cea29070c2fb12fa31a24d321a9653e929ae7,ZEPPELIN-3431,https://issues.apache.org/jira/browse/ZEPPELIN-3431,https://github.com/apache/zeppelin/tree/0c3b446a5304df3f3c0d665d2df926cca2dcddb7,https://github.com/apache/zeppelin/tree/468cea29070c2fb12fa31a24d321a9653e929ae7,https://github.com/apache/zeppelin/compare/0c3b446a5304df3f3c0d665d2df926cca2dcddb7...468cea29070c2fb12fa31a24d321a9653e929ae7
876,Zeppelin,468cea29070c2fb12fa31a24d321a9653e929ae7,97086be4ec8e1d9a506303753b886a3a2177578a,ZEPPELIN-3435,https://issues.apache.org/jira/browse/ZEPPELIN-3435,https://github.com/apache/zeppelin/tree/468cea29070c2fb12fa31a24d321a9653e929ae7,https://github.com/apache/zeppelin/tree/97086be4ec8e1d9a506303753b886a3a2177578a,https://github.com/apache/zeppelin/compare/468cea29070c2fb12fa31a24d321a9653e929ae7...97086be4ec8e1d9a506303753b886a3a2177578a
877,Zeppelin,97086be4ec8e1d9a506303753b886a3a2177578a,e503623de6c3c9406e33991dab8e3872c7105092,ZEPPELIN-3432,https://issues.apache.org/jira/browse/ZEPPELIN-3432,https://github.com/apache/zeppelin/tree/97086be4ec8e1d9a506303753b886a3a2177578a,https://github.com/apache/zeppelin/tree/e503623de6c3c9406e33991dab8e3872c7105092,https://github.com/apache/zeppelin/compare/97086be4ec8e1d9a506303753b886a3a2177578a...e503623de6c3c9406e33991dab8e3872c7105092
878,Zeppelin,0c3260e91f4c1ec58e67856d466ea9cba89d0085,c1c1aa892dbd7621815c19a9d72b175a330ee51e,Zeppelin-3224,https://issues.apache.org/jira/browse/ZEPPELIN-3224,https://github.com/apache/zeppelin/tree/0c3260e91f4c1ec58e67856d466ea9cba89d0085,https://github.com/apache/zeppelin/tree/c1c1aa892dbd7621815c19a9d72b175a330ee51e,https://github.com/apache/zeppelin/compare/0c3260e91f4c1ec58e67856d466ea9cba89d0085...c1c1aa892dbd7621815c19a9d72b175a330ee51e
879,Zeppelin,c4da31b2bb5e71a8e7dd22d0ce8e63cea80d871c,b9222381bfe4a9e8a055076a05b50fa6e13a0e05,ZEPPELIN-3442,https://issues.apache.org/jira/browse/ZEPPELIN-3442,https://github.com/apache/zeppelin/tree/c4da31b2bb5e71a8e7dd22d0ce8e63cea80d871c,https://github.com/apache/zeppelin/tree/b9222381bfe4a9e8a055076a05b50fa6e13a0e05,https://github.com/apache/zeppelin/compare/c4da31b2bb5e71a8e7dd22d0ce8e63cea80d871c...b9222381bfe4a9e8a055076a05b50fa6e13a0e05
880,Zeppelin,b9222381bfe4a9e8a055076a05b50fa6e13a0e05,3712ce697e5dd5df217280134968155c5d0b1276,ZEPPELIN-3441,https://issues.apache.org/jira/browse/ZEPPELIN-3441,https://github.com/apache/zeppelin/tree/b9222381bfe4a9e8a055076a05b50fa6e13a0e05,https://github.com/apache/zeppelin/tree/3712ce697e5dd5df217280134968155c5d0b1276,https://github.com/apache/zeppelin/compare/b9222381bfe4a9e8a055076a05b50fa6e13a0e05...3712ce697e5dd5df217280134968155c5d0b1276
881,Zeppelin,941ccbbbdb6c2ca11f09f54bf0ddd31d6ba25d1c,c1aeb620bb0030638624daf19d711a2bec8eab69,ZEPPELIN-3447,https://issues.apache.org/jira/browse/ZEPPELIN-3447,https://github.com/apache/zeppelin/tree/941ccbbbdb6c2ca11f09f54bf0ddd31d6ba25d1c,https://github.com/apache/zeppelin/tree/c1aeb620bb0030638624daf19d711a2bec8eab69,https://github.com/apache/zeppelin/compare/941ccbbbdb6c2ca11f09f54bf0ddd31d6ba25d1c...c1aeb620bb0030638624daf19d711a2bec8eab69
882,Zeppelin,c1aeb620bb0030638624daf19d711a2bec8eab69,2eb084a221377ac905aafda51471708314b26a0f,ZEPPELIN-3419,https://issues.apache.org/jira/browse/ZEPPELIN-3419,https://github.com/apache/zeppelin/tree/c1aeb620bb0030638624daf19d711a2bec8eab69,https://github.com/apache/zeppelin/tree/2eb084a221377ac905aafda51471708314b26a0f,https://github.com/apache/zeppelin/compare/c1aeb620bb0030638624daf19d711a2bec8eab69...2eb084a221377ac905aafda51471708314b26a0f
883,Zeppelin,2eb084a221377ac905aafda51471708314b26a0f,c037378a06f326aeb83afae0bac2964eb6c73106,ZEPPELIN-3463,https://issues.apache.org/jira/browse/ZEPPELIN-3463,https://github.com/apache/zeppelin/tree/2eb084a221377ac905aafda51471708314b26a0f,https://github.com/apache/zeppelin/tree/c037378a06f326aeb83afae0bac2964eb6c73106,https://github.com/apache/zeppelin/compare/2eb084a221377ac905aafda51471708314b26a0f...c037378a06f326aeb83afae0bac2964eb6c73106
884,Zeppelin,c037378a06f326aeb83afae0bac2964eb6c73106,0f6d94f60aa566559aed7870da4b7efdbf481607,ZEPPELIN-3466,https://issues.apache.org/jira/browse/ZEPPELIN-3466,https://github.com/apache/zeppelin/tree/c037378a06f326aeb83afae0bac2964eb6c73106,https://github.com/apache/zeppelin/tree/0f6d94f60aa566559aed7870da4b7efdbf481607,https://github.com/apache/zeppelin/compare/c037378a06f326aeb83afae0bac2964eb6c73106...0f6d94f60aa566559aed7870da4b7efdbf481607
885,Zeppelin,0f6d94f60aa566559aed7870da4b7efdbf481607,fbe42d2d39774dc3b26874c3fbc9c23f9ade8fd7,ZEPPELIN-3478,https://issues.apache.org/jira/browse/ZEPPELIN-3478,https://github.com/apache/zeppelin/tree/0f6d94f60aa566559aed7870da4b7efdbf481607,https://github.com/apache/zeppelin/tree/fbe42d2d39774dc3b26874c3fbc9c23f9ade8fd7,https://github.com/apache/zeppelin/compare/0f6d94f60aa566559aed7870da4b7efdbf481607...fbe42d2d39774dc3b26874c3fbc9c23f9ade8fd7
886,Zeppelin,fbe42d2d39774dc3b26874c3fbc9c23f9ade8fd7,3ca7d723704bb58577830cd0c6390453e04d7f10,ZEPPELIN-3450,https://issues.apache.org/jira/browse/ZEPPELIN-3450,https://github.com/apache/zeppelin/tree/fbe42d2d39774dc3b26874c3fbc9c23f9ade8fd7,https://github.com/apache/zeppelin/tree/3ca7d723704bb58577830cd0c6390453e04d7f10,https://github.com/apache/zeppelin/compare/fbe42d2d39774dc3b26874c3fbc9c23f9ade8fd7...3ca7d723704bb58577830cd0c6390453e04d7f10
887,Zeppelin,3ca7d723704bb58577830cd0c6390453e04d7f10,965f71e8557a95c845699097cd35936d4e33d491,ZEPPELIN-3489,https://issues.apache.org/jira/browse/ZEPPELIN-3489,https://github.com/apache/zeppelin/tree/3ca7d723704bb58577830cd0c6390453e04d7f10,https://github.com/apache/zeppelin/tree/965f71e8557a95c845699097cd35936d4e33d491,https://github.com/apache/zeppelin/compare/3ca7d723704bb58577830cd0c6390453e04d7f10...965f71e8557a95c845699097cd35936d4e33d491
888,Zeppelin,965f71e8557a95c845699097cd35936d4e33d491,c5c1b77344ac6653b3075ff4da14a7a160c57d90,ZEPPELIN-3491,https://issues.apache.org/jira/browse/ZEPPELIN-3491,https://github.com/apache/zeppelin/tree/965f71e8557a95c845699097cd35936d4e33d491,https://github.com/apache/zeppelin/tree/c5c1b77344ac6653b3075ff4da14a7a160c57d90,https://github.com/apache/zeppelin/compare/965f71e8557a95c845699097cd35936d4e33d491...c5c1b77344ac6653b3075ff4da14a7a160c57d90
889,Zeppelin,c5c1b77344ac6653b3075ff4da14a7a160c57d90,3b041f46962ad8f3393f38946bd304b485c87c2a,ZEPPELIN-3484,https://issues.apache.org/jira/browse/ZEPPELIN-3484,https://github.com/apache/zeppelin/tree/c5c1b77344ac6653b3075ff4da14a7a160c57d90,https://github.com/apache/zeppelin/tree/3b041f46962ad8f3393f38946bd304b485c87c2a,https://github.com/apache/zeppelin/compare/c5c1b77344ac6653b3075ff4da14a7a160c57d90...3b041f46962ad8f3393f38946bd304b485c87c2a
890,Zeppelin,a6075017d5c8d1503c4cc392eef22bfb53db6258,b7b8a7790bd299d4ad3e0a1f0e9fa7583cf939ab,ZEPPELIN-3430,https://issues.apache.org/jira/browse/ZEPPELIN-3430,https://github.com/apache/zeppelin/tree/a6075017d5c8d1503c4cc392eef22bfb53db6258,https://github.com/apache/zeppelin/tree/b7b8a7790bd299d4ad3e0a1f0e9fa7583cf939ab,https://github.com/apache/zeppelin/compare/a6075017d5c8d1503c4cc392eef22bfb53db6258...b7b8a7790bd299d4ad3e0a1f0e9fa7583cf939ab
891,Zeppelin,51c613d7e806f4059d60b1247b2ed531715ed36c,4b436ca22091baab8170fa80713e86918db5b987,ZEPPELIN-3475,https://issues.apache.org/jira/browse/ZEPPELIN-3475,https://github.com/apache/zeppelin/tree/51c613d7e806f4059d60b1247b2ed531715ed36c,https://github.com/apache/zeppelin/tree/4b436ca22091baab8170fa80713e86918db5b987,https://github.com/apache/zeppelin/compare/51c613d7e806f4059d60b1247b2ed531715ed36c...4b436ca22091baab8170fa80713e86918db5b987
892,Zeppelin,4b436ca22091baab8170fa80713e86918db5b987,e9dedab46df9dfe3ff6902e453db92cf0e712e82,ZEPPELIN-3506,https://issues.apache.org/jira/browse/ZEPPELIN-3506,https://github.com/apache/zeppelin/tree/4b436ca22091baab8170fa80713e86918db5b987,https://github.com/apache/zeppelin/tree/e9dedab46df9dfe3ff6902e453db92cf0e712e82,https://github.com/apache/zeppelin/compare/4b436ca22091baab8170fa80713e86918db5b987...e9dedab46df9dfe3ff6902e453db92cf0e712e82
893,Zeppelin,e9dedab46df9dfe3ff6902e453db92cf0e712e82,c41ba77ff9e189daf499cc0d33f54daba0add850,ZEPPELIN-3482,https://issues.apache.org/jira/browse/ZEPPELIN-3482,https://github.com/apache/zeppelin/tree/e9dedab46df9dfe3ff6902e453db92cf0e712e82,https://github.com/apache/zeppelin/tree/c41ba77ff9e189daf499cc0d33f54daba0add850,https://github.com/apache/zeppelin/compare/e9dedab46df9dfe3ff6902e453db92cf0e712e82...c41ba77ff9e189daf499cc0d33f54daba0add850
894,Zeppelin,c41ba77ff9e189daf499cc0d33f54daba0add850,2a966360026e7b4bb8c19168bbd0a85b0a7a9752,ZEPPELIN-3496,https://issues.apache.org/jira/browse/ZEPPELIN-3496,https://github.com/apache/zeppelin/tree/c41ba77ff9e189daf499cc0d33f54daba0add850,https://github.com/apache/zeppelin/tree/2a966360026e7b4bb8c19168bbd0a85b0a7a9752,https://github.com/apache/zeppelin/compare/c41ba77ff9e189daf499cc0d33f54daba0add850...2a966360026e7b4bb8c19168bbd0a85b0a7a9752
895,Zeppelin,0c29a95bb653181feabec24659c05d91a027fcfe,b6beda64e7d25fa93958737fc8d2dad4eae309cc,ZEPPELIN-2221,https://issues.apache.org/jira/browse/ZEPPELIN-2221,https://github.com/apache/zeppelin/tree/0c29a95bb653181feabec24659c05d91a027fcfe,https://github.com/apache/zeppelin/tree/b6beda64e7d25fa93958737fc8d2dad4eae309cc,https://github.com/apache/zeppelin/compare/0c29a95bb653181feabec24659c05d91a027fcfe...b6beda64e7d25fa93958737fc8d2dad4eae309cc
896,Zeppelin,663918cd4ab852111b9ce99e522103c8674b84ae,b8c6b5d57e1b6b594ddddfca092c90a120c3daad,ZEPPELIN-3521,https://issues.apache.org/jira/browse/ZEPPELIN-3521,https://github.com/apache/zeppelin/tree/663918cd4ab852111b9ce99e522103c8674b84ae,https://github.com/apache/zeppelin/tree/b8c6b5d57e1b6b594ddddfca092c90a120c3daad,https://github.com/apache/zeppelin/compare/663918cd4ab852111b9ce99e522103c8674b84ae...b8c6b5d57e1b6b594ddddfca092c90a120c3daad
897,Zeppelin,c972e257f1f4dfbab1f682f3da8dba6c500dfbb8,48647e5977fcd5ae8aaa5e3f750ddfe9934761b5,ZEPPELIN-2221,https://issues.apache.org/jira/browse/ZEPPELIN-2221,https://github.com/apache/zeppelin/tree/c972e257f1f4dfbab1f682f3da8dba6c500dfbb8,https://github.com/apache/zeppelin/tree/48647e5977fcd5ae8aaa5e3f750ddfe9934761b5,https://github.com/apache/zeppelin/compare/c972e257f1f4dfbab1f682f3da8dba6c500dfbb8...48647e5977fcd5ae8aaa5e3f750ddfe9934761b5
898,Zeppelin,6fc3057d529691e697361ef9a67e21cac75e21ed,767a50b4164ef323ef18160485d226c013c7c00d,ZEPPELIN-3531,https://issues.apache.org/jira/browse/ZEPPELIN-3531,https://github.com/apache/zeppelin/tree/6fc3057d529691e697361ef9a67e21cac75e21ed,https://github.com/apache/zeppelin/tree/767a50b4164ef323ef18160485d226c013c7c00d,https://github.com/apache/zeppelin/compare/6fc3057d529691e697361ef9a67e21cac75e21ed...767a50b4164ef323ef18160485d226c013c7c00d
899,Zeppelin,d45d878a162d1012900f2de90314603a33323c5d,bbf5ef511601ee58f4acaf3040a5fbba76d37502,ZEPPELIN-3526,https://issues.apache.org/jira/browse/ZEPPELIN-3526,https://github.com/apache/zeppelin/tree/d45d878a162d1012900f2de90314603a33323c5d,https://github.com/apache/zeppelin/tree/bbf5ef511601ee58f4acaf3040a5fbba76d37502,https://github.com/apache/zeppelin/compare/d45d878a162d1012900f2de90314603a33323c5d...bbf5ef511601ee58f4acaf3040a5fbba76d37502
900,Zeppelin,bbf5ef511601ee58f4acaf3040a5fbba76d37502,b06e97c9750c17cdbf98b21aed0c3407277c25b7,ZEPPELIN-3517,https://issues.apache.org/jira/browse/ZEPPELIN-3517,https://github.com/apache/zeppelin/tree/bbf5ef511601ee58f4acaf3040a5fbba76d37502,https://github.com/apache/zeppelin/tree/b06e97c9750c17cdbf98b21aed0c3407277c25b7,https://github.com/apache/zeppelin/compare/bbf5ef511601ee58f4acaf3040a5fbba76d37502...b06e97c9750c17cdbf98b21aed0c3407277c25b7
901,Zeppelin,b06e97c9750c17cdbf98b21aed0c3407277c25b7,9fbcacf5c528292754ce17d5b1eaab9581770583,ZEPPELIN-3526,https://issues.apache.org/jira/browse/ZEPPELIN-3526,https://github.com/apache/zeppelin/tree/b06e97c9750c17cdbf98b21aed0c3407277c25b7,https://github.com/apache/zeppelin/tree/9fbcacf5c528292754ce17d5b1eaab9581770583,https://github.com/apache/zeppelin/compare/b06e97c9750c17cdbf98b21aed0c3407277c25b7...9fbcacf5c528292754ce17d5b1eaab9581770583
902,Zeppelin,6137c2a8136b31ae934662c2909ad1b54070a053,f22bbde1ce83b10f0821e26168cf6cd058b94486,ZEPPELIN-3492,https://issues.apache.org/jira/browse/ZEPPELIN-3492,https://github.com/apache/zeppelin/tree/6137c2a8136b31ae934662c2909ad1b54070a053,https://github.com/apache/zeppelin/tree/f22bbde1ce83b10f0821e26168cf6cd058b94486,https://github.com/apache/zeppelin/compare/6137c2a8136b31ae934662c2909ad1b54070a053...f22bbde1ce83b10f0821e26168cf6cd058b94486
903,Zeppelin,ee06cf030dd9ff83c971dfb9f47f24fb4aae55d4,b7c3fec95daacef66089468ca86832602275a716,ZEPPELIN-3285,https://issues.apache.org/jira/browse/ZEPPELIN-3285,https://github.com/apache/zeppelin/tree/ee06cf030dd9ff83c971dfb9f47f24fb4aae55d4,https://github.com/apache/zeppelin/tree/b7c3fec95daacef66089468ca86832602275a716,https://github.com/apache/zeppelin/compare/ee06cf030dd9ff83c971dfb9f47f24fb4aae55d4...b7c3fec95daacef66089468ca86832602275a716
904,Zeppelin,a19ec671123283c1ec3c49b2514e9d0777da4889,d88a002d101ebcc407f10ac8fa345f8b5ac1f556,ZEPPELIN-3522,https://issues.apache.org/jira/browse/ZEPPELIN-3522,https://github.com/apache/zeppelin/tree/a19ec671123283c1ec3c49b2514e9d0777da4889,https://github.com/apache/zeppelin/tree/d88a002d101ebcc407f10ac8fa345f8b5ac1f556,https://github.com/apache/zeppelin/compare/a19ec671123283c1ec3c49b2514e9d0777da4889...d88a002d101ebcc407f10ac8fa345f8b5ac1f556
905,Zeppelin,bf4e1f93b22d4f5da54c70247339cb675111b00e,1caa6aa2fffbf0b2b549dffa5b3b88d2d63da5ad,ZEPPELIN-3539,https://issues.apache.org/jira/browse/ZEPPELIN-3539,https://github.com/apache/zeppelin/tree/bf4e1f93b22d4f5da54c70247339cb675111b00e,https://github.com/apache/zeppelin/tree/1caa6aa2fffbf0b2b549dffa5b3b88d2d63da5ad,https://github.com/apache/zeppelin/compare/bf4e1f93b22d4f5da54c70247339cb675111b00e...1caa6aa2fffbf0b2b549dffa5b3b88d2d63da5ad
906,Zeppelin,1caa6aa2fffbf0b2b549dffa5b3b88d2d63da5ad,6ed3d88a2a43e33c6bbd0931c92c13304d7ab0de,ZEPPELIN-3519,https://issues.apache.org/jira/browse/ZEPPELIN-3519,https://github.com/apache/zeppelin/tree/1caa6aa2fffbf0b2b549dffa5b3b88d2d63da5ad,https://github.com/apache/zeppelin/tree/6ed3d88a2a43e33c6bbd0931c92c13304d7ab0de,https://github.com/apache/zeppelin/compare/1caa6aa2fffbf0b2b549dffa5b3b88d2d63da5ad...6ed3d88a2a43e33c6bbd0931c92c13304d7ab0de
907,Zeppelin,50fb42f186a2f439f72f5c17353ec726a00cb8ef,5c7d65b18cdef29a96e36075ee02b7e527df7702,ZEPPELIN-3538,https://issues.apache.org/jira/browse/ZEPPELIN-3538,https://github.com/apache/zeppelin/tree/50fb42f186a2f439f72f5c17353ec726a00cb8ef,https://github.com/apache/zeppelin/tree/5c7d65b18cdef29a96e36075ee02b7e527df7702,https://github.com/apache/zeppelin/compare/50fb42f186a2f439f72f5c17353ec726a00cb8ef...5c7d65b18cdef29a96e36075ee02b7e527df7702
908,Zeppelin,ebca7aed7c5f6fa634e3f2d4fc6188ee41f5770c,a7e43d600f86811ec695ad0606845d7a114f6fba,ZEPPELIN-3554,https://issues.apache.org/jira/browse/ZEPPELIN-3554,https://github.com/apache/zeppelin/tree/ebca7aed7c5f6fa634e3f2d4fc6188ee41f5770c,https://github.com/apache/zeppelin/tree/a7e43d600f86811ec695ad0606845d7a114f6fba,https://github.com/apache/zeppelin/compare/ebca7aed7c5f6fa634e3f2d4fc6188ee41f5770c...a7e43d600f86811ec695ad0606845d7a114f6fba
909,Zeppelin,b9f005a62b947cc1a51a1298757049d8b2a89846,3d99e2a930daa5fb18e35113b2fcd5b197fba883,ZEPPELIN-3520,https://issues.apache.org/jira/browse/ZEPPELIN-3520,https://github.com/apache/zeppelin/tree/b9f005a62b947cc1a51a1298757049d8b2a89846,https://github.com/apache/zeppelin/tree/3d99e2a930daa5fb18e35113b2fcd5b197fba883,https://github.com/apache/zeppelin/compare/b9f005a62b947cc1a51a1298757049d8b2a89846...3d99e2a930daa5fb18e35113b2fcd5b197fba883
910,Zeppelin,e612fbf2fb3ebe2420670681d8679b19f2a06e50,b91a5e62381364c79a10af9ff153192cd43967cc,ZEPPELIN-3492,https://issues.apache.org/jira/browse/ZEPPELIN-3492,https://github.com/apache/zeppelin/tree/e612fbf2fb3ebe2420670681d8679b19f2a06e50,https://github.com/apache/zeppelin/tree/b91a5e62381364c79a10af9ff153192cd43967cc,https://github.com/apache/zeppelin/compare/e612fbf2fb3ebe2420670681d8679b19f2a06e50...b91a5e62381364c79a10af9ff153192cd43967cc
911,Zeppelin,31696b7889799d47eb36160fa3288ed05cb690a8,53cbb10f70fd41f01cfa904133b2eb419ad5484f,ZEPPELIN-3560,https://issues.apache.org/jira/browse/ZEPPELIN-3560,https://github.com/apache/zeppelin/tree/31696b7889799d47eb36160fa3288ed05cb690a8,https://github.com/apache/zeppelin/tree/53cbb10f70fd41f01cfa904133b2eb419ad5484f,https://github.com/apache/zeppelin/compare/31696b7889799d47eb36160fa3288ed05cb690a8...53cbb10f70fd41f01cfa904133b2eb419ad5484f
912,Zeppelin,53cbb10f70fd41f01cfa904133b2eb419ad5484f,7e028903c6509e9c73e64363df86fb00fe311cb5,ZEPPELIN-3555,https://issues.apache.org/jira/browse/ZEPPELIN-3555,https://github.com/apache/zeppelin/tree/53cbb10f70fd41f01cfa904133b2eb419ad5484f,https://github.com/apache/zeppelin/tree/7e028903c6509e9c73e64363df86fb00fe311cb5,https://github.com/apache/zeppelin/compare/53cbb10f70fd41f01cfa904133b2eb419ad5484f...7e028903c6509e9c73e64363df86fb00fe311cb5
913,Zeppelin,0ca247b1b8d3e48585b06d52928e376c78b0665e,d2e78971441d0f7d78c2fb9a833f84b1891171c7,ZEPPELIN-3581,https://issues.apache.org/jira/browse/ZEPPELIN-3581,https://github.com/apache/zeppelin/tree/0ca247b1b8d3e48585b06d52928e376c78b0665e,https://github.com/apache/zeppelin/tree/d2e78971441d0f7d78c2fb9a833f84b1891171c7,https://github.com/apache/zeppelin/compare/0ca247b1b8d3e48585b06d52928e376c78b0665e...d2e78971441d0f7d78c2fb9a833f84b1891171c7
914,Zeppelin,d2e78971441d0f7d78c2fb9a833f84b1891171c7,36f7d3da7af273a4458905727bfeda6473b16be9,ZEPPELIN-3570,https://issues.apache.org/jira/browse/ZEPPELIN-3570,https://github.com/apache/zeppelin/tree/d2e78971441d0f7d78c2fb9a833f84b1891171c7,https://github.com/apache/zeppelin/tree/36f7d3da7af273a4458905727bfeda6473b16be9,https://github.com/apache/zeppelin/compare/d2e78971441d0f7d78c2fb9a833f84b1891171c7...36f7d3da7af273a4458905727bfeda6473b16be9
915,Zeppelin,d8d892664d266847a853d5744d3364b8fb2dadb6,8772c102b9343257a2a8d4c00a1a1243e33eee84,ZEPPELIN-3443,https://issues.apache.org/jira/browse/ZEPPELIN-3443,https://github.com/apache/zeppelin/tree/d8d892664d266847a853d5744d3364b8fb2dadb6,https://github.com/apache/zeppelin/tree/8772c102b9343257a2a8d4c00a1a1243e33eee84,https://github.com/apache/zeppelin/compare/d8d892664d266847a853d5744d3364b8fb2dadb6...8772c102b9343257a2a8d4c00a1a1243e33eee84
916,Zeppelin,d1bc07298e5239d976c0731d5465aa280b0a972f,ca7c9cd8156d3647cfbd20291f37e2153c2f2326,ZEPPELIN-3490,https://issues.apache.org/jira/browse/ZEPPELIN-3490,https://github.com/apache/zeppelin/tree/d1bc07298e5239d976c0731d5465aa280b0a972f,https://github.com/apache/zeppelin/tree/ca7c9cd8156d3647cfbd20291f37e2153c2f2326,https://github.com/apache/zeppelin/compare/d1bc07298e5239d976c0731d5465aa280b0a972f...ca7c9cd8156d3647cfbd20291f37e2153c2f2326
917,Zeppelin,ca7c9cd8156d3647cfbd20291f37e2153c2f2326,bba8d3013385abd1a6ce3e723f97365549d742ca,ZEPPELIN-3123,https://issues.apache.org/jira/browse/ZEPPELIN-3123,https://github.com/apache/zeppelin/tree/ca7c9cd8156d3647cfbd20291f37e2153c2f2326,https://github.com/apache/zeppelin/tree/bba8d3013385abd1a6ce3e723f97365549d742ca,https://github.com/apache/zeppelin/compare/ca7c9cd8156d3647cfbd20291f37e2153c2f2326...bba8d3013385abd1a6ce3e723f97365549d742ca
918,Zeppelin,bba8d3013385abd1a6ce3e723f97365549d742ca,483eb57242dfa4027fffabddcfdcddf5bd52586e,ZEPPELIN-3215,https://issues.apache.org/jira/browse/ZEPPELIN-3215,https://github.com/apache/zeppelin/tree/bba8d3013385abd1a6ce3e723f97365549d742ca,https://github.com/apache/zeppelin/tree/483eb57242dfa4027fffabddcfdcddf5bd52586e,https://github.com/apache/zeppelin/compare/bba8d3013385abd1a6ce3e723f97365549d742ca...483eb57242dfa4027fffabddcfdcddf5bd52586e
919,Zeppelin,483eb57242dfa4027fffabddcfdcddf5bd52586e,efdc16d71c1c66e46ea67de21a4b1185f85c10f5,ZEPPELIN-3553,https://issues.apache.org/jira/browse/ZEPPELIN-3553,https://github.com/apache/zeppelin/tree/483eb57242dfa4027fffabddcfdcddf5bd52586e,https://github.com/apache/zeppelin/tree/efdc16d71c1c66e46ea67de21a4b1185f85c10f5,https://github.com/apache/zeppelin/compare/483eb57242dfa4027fffabddcfdcddf5bd52586e...efdc16d71c1c66e46ea67de21a4b1185f85c10f5
920,Zeppelin,afd324e02f795a42d8943ee21589c99b661a50d0,1ec869f38deb79a9a7f8b10fb0ba2e00b4ac3abf,ZEPPELIN-3080,https://issues.apache.org/jira/browse/ZEPPELIN-3080,https://github.com/apache/zeppelin/tree/afd324e02f795a42d8943ee21589c99b661a50d0,https://github.com/apache/zeppelin/tree/1ec869f38deb79a9a7f8b10fb0ba2e00b4ac3abf,https://github.com/apache/zeppelin/compare/afd324e02f795a42d8943ee21589c99b661a50d0...1ec869f38deb79a9a7f8b10fb0ba2e00b4ac3abf
921,Zeppelin,1ec869f38deb79a9a7f8b10fb0ba2e00b4ac3abf,23da33e6c0820f45e72f325e2b3247c1b24ed2be,ZEPPELIN-3567,https://issues.apache.org/jira/browse/ZEPPELIN-3567,https://github.com/apache/zeppelin/tree/1ec869f38deb79a9a7f8b10fb0ba2e00b4ac3abf,https://github.com/apache/zeppelin/tree/23da33e6c0820f45e72f325e2b3247c1b24ed2be,https://github.com/apache/zeppelin/compare/1ec869f38deb79a9a7f8b10fb0ba2e00b4ac3abf...23da33e6c0820f45e72f325e2b3247c1b24ed2be
922,Zeppelin,0f9a1a80c76054c322e2d1768cf24a3e4bd49496,c195b5609bb4dbb9fd037381ea58d1650cee92bf,ZEPPELIN-3593,https://issues.apache.org/jira/browse/ZEPPELIN-3593,https://github.com/apache/zeppelin/tree/0f9a1a80c76054c322e2d1768cf24a3e4bd49496,https://github.com/apache/zeppelin/tree/c195b5609bb4dbb9fd037381ea58d1650cee92bf,https://github.com/apache/zeppelin/compare/0f9a1a80c76054c322e2d1768cf24a3e4bd49496...c195b5609bb4dbb9fd037381ea58d1650cee92bf
923,Zeppelin,50356437d3a742fb21b1da74762902bcdb7fb9c8,cf3127561c4212e9299ffcaffc95b37cd7fe9781,zeppelin-3625,https://issues.apache.org/jira/browse/ZEPPELIN-3625,https://github.com/apache/zeppelin/tree/50356437d3a742fb21b1da74762902bcdb7fb9c8,https://github.com/apache/zeppelin/tree/cf3127561c4212e9299ffcaffc95b37cd7fe9781,https://github.com/apache/zeppelin/compare/50356437d3a742fb21b1da74762902bcdb7fb9c8...cf3127561c4212e9299ffcaffc95b37cd7fe9781
924,Zeppelin,2e3043e774769592841db54e6952049e6936749c,1af1d83955fa2b4abfc6bc8d8dc29b9b8cb205ff,ZEPPELIN-2605,https://issues.apache.org/jira/browse/ZEPPELIN-2605,https://github.com/apache/zeppelin/tree/2e3043e774769592841db54e6952049e6936749c,https://github.com/apache/zeppelin/tree/1af1d83955fa2b4abfc6bc8d8dc29b9b8cb205ff,https://github.com/apache/zeppelin/compare/2e3043e774769592841db54e6952049e6936749c...1af1d83955fa2b4abfc6bc8d8dc29b9b8cb205ff
925,Zeppelin,716dfd1c54d1112fd5f6b4339bdd59784e867351,4467ac01dfe4a39c8d191d2266d7e772ab35a1a9,ZEPPELIN-3593,https://issues.apache.org/jira/browse/ZEPPELIN-3593,https://github.com/apache/zeppelin/tree/716dfd1c54d1112fd5f6b4339bdd59784e867351,https://github.com/apache/zeppelin/tree/4467ac01dfe4a39c8d191d2266d7e772ab35a1a9,https://github.com/apache/zeppelin/compare/716dfd1c54d1112fd5f6b4339bdd59784e867351...4467ac01dfe4a39c8d191d2266d7e772ab35a1a9
926,Zeppelin,480e6471eef9f5ffebea7b2d4f6410ced9ddfecc,1d493abb490c7b5bf3de28f42546239827180384,ZEPPELIN-3593,https://issues.apache.org/jira/browse/ZEPPELIN-3593,https://github.com/apache/zeppelin/tree/480e6471eef9f5ffebea7b2d4f6410ced9ddfecc,https://github.com/apache/zeppelin/tree/1d493abb490c7b5bf3de28f42546239827180384,https://github.com/apache/zeppelin/compare/480e6471eef9f5ffebea7b2d4f6410ced9ddfecc...1d493abb490c7b5bf3de28f42546239827180384
927,Zeppelin,d49dcc251d26fb65f5b254ba31fb4fbd98891474,8769d41ad568155d67b5013c5e4ebe453e19190e,ZEPPELIN-3656,https://issues.apache.org/jira/browse/ZEPPELIN-3656,https://github.com/apache/zeppelin/tree/d49dcc251d26fb65f5b254ba31fb4fbd98891474,https://github.com/apache/zeppelin/tree/8769d41ad568155d67b5013c5e4ebe453e19190e,https://github.com/apache/zeppelin/compare/d49dcc251d26fb65f5b254ba31fb4fbd98891474...8769d41ad568155d67b5013c5e4ebe453e19190e
928,Zeppelin,76e0027c2d43ac693c86a2123c2b589b9faaaeb3,858cfcd3ca5d01e1ff86a94be87d424d37296ee1,ZEPPELIN-3655,https://issues.apache.org/jira/browse/ZEPPELIN-3655,https://github.com/apache/zeppelin/tree/76e0027c2d43ac693c86a2123c2b589b9faaaeb3,https://github.com/apache/zeppelin/tree/858cfcd3ca5d01e1ff86a94be87d424d37296ee1,https://github.com/apache/zeppelin/compare/76e0027c2d43ac693c86a2123c2b589b9faaaeb3...858cfcd3ca5d01e1ff86a94be87d424d37296ee1
929,Zeppelin,e71fac3754f540c91bdb08529b26cd76d18297d4,343fd178edf85bb7880ebd4fcecf0b11a7f38561,ZEPPELIN-3668,https://issues.apache.org/jira/browse/ZEPPELIN-3668,https://github.com/apache/zeppelin/tree/e71fac3754f540c91bdb08529b26cd76d18297d4,https://github.com/apache/zeppelin/tree/343fd178edf85bb7880ebd4fcecf0b11a7f38561,https://github.com/apache/zeppelin/compare/e71fac3754f540c91bdb08529b26cd76d18297d4...343fd178edf85bb7880ebd4fcecf0b11a7f38561
930,Zeppelin,343fd178edf85bb7880ebd4fcecf0b11a7f38561,b2b29aa682f56ba63cad8f371fd1ba609790d3a3,ZEPPELIN-3672,https://issues.apache.org/jira/browse/ZEPPELIN-3672,https://github.com/apache/zeppelin/tree/343fd178edf85bb7880ebd4fcecf0b11a7f38561,https://github.com/apache/zeppelin/tree/b2b29aa682f56ba63cad8f371fd1ba609790d3a3,https://github.com/apache/zeppelin/compare/343fd178edf85bb7880ebd4fcecf0b11a7f38561...b2b29aa682f56ba63cad8f371fd1ba609790d3a3
931,Zeppelin,22b03a9d2b8998fe03d46f52ba1faf27cab7071e,df346d9f47f20760bafa44a8a64c97a1d7115396,ZEPPELIN-3631,https://issues.apache.org/jira/browse/ZEPPELIN-3631,https://github.com/apache/zeppelin/tree/22b03a9d2b8998fe03d46f52ba1faf27cab7071e,https://github.com/apache/zeppelin/tree/df346d9f47f20760bafa44a8a64c97a1d7115396,https://github.com/apache/zeppelin/compare/22b03a9d2b8998fe03d46f52ba1faf27cab7071e...df346d9f47f20760bafa44a8a64c97a1d7115396
932,Zeppelin,df346d9f47f20760bafa44a8a64c97a1d7115396,b24c5ecd3d06b1e2dd2aa0ce36d5d45d70f1f794,ZEPPELIN-3618,https://issues.apache.org/jira/browse/ZEPPELIN-3618,https://github.com/apache/zeppelin/tree/df346d9f47f20760bafa44a8a64c97a1d7115396,https://github.com/apache/zeppelin/tree/b24c5ecd3d06b1e2dd2aa0ce36d5d45d70f1f794,https://github.com/apache/zeppelin/compare/df346d9f47f20760bafa44a8a64c97a1d7115396...b24c5ecd3d06b1e2dd2aa0ce36d5d45d70f1f794
933,Zeppelin,cbf22284834e52f718c8dbf29afd35d40ba39db8,8e5013c6a87cebe0cf3a5168014371c2e4b8b616,ZEPPELIN-3686,https://issues.apache.org/jira/browse/ZEPPELIN-3686,https://github.com/apache/zeppelin/tree/cbf22284834e52f718c8dbf29afd35d40ba39db8,https://github.com/apache/zeppelin/tree/8e5013c6a87cebe0cf3a5168014371c2e4b8b616,https://github.com/apache/zeppelin/compare/cbf22284834e52f718c8dbf29afd35d40ba39db8...8e5013c6a87cebe0cf3a5168014371c2e4b8b616
934,Zeppelin,6beb1bb3c36892bb0466b60ec142c5597f6e8f9e,cd16547cbfa784c4b3a307f59aceebd120851861,ZEPPELIN-3687,https://issues.apache.org/jira/browse/ZEPPELIN-3687,https://github.com/apache/zeppelin/tree/6beb1bb3c36892bb0466b60ec142c5597f6e8f9e,https://github.com/apache/zeppelin/tree/cd16547cbfa784c4b3a307f59aceebd120851861,https://github.com/apache/zeppelin/compare/6beb1bb3c36892bb0466b60ec142c5597f6e8f9e...cd16547cbfa784c4b3a307f59aceebd120851861
935,Zeppelin,cf8b8310d81b4cb6bb1672ce232504dfd28c4256,839db5ec58fd5d852706e10f7a05bb756c8e75b9,ZEPPELIN-3707,https://issues.apache.org/jira/browse/ZEPPELIN-3707,https://github.com/apache/zeppelin/tree/cf8b8310d81b4cb6bb1672ce232504dfd28c4256,https://github.com/apache/zeppelin/tree/839db5ec58fd5d852706e10f7a05bb756c8e75b9,https://github.com/apache/zeppelin/compare/cf8b8310d81b4cb6bb1672ce232504dfd28c4256...839db5ec58fd5d852706e10f7a05bb756c8e75b9
936,Zeppelin,839db5ec58fd5d852706e10f7a05bb756c8e75b9,b94d144cee344ce689171006f7046bf6f952c6fc,ZEPPELIN-3717,https://issues.apache.org/jira/browse/ZEPPELIN-3717,https://github.com/apache/zeppelin/tree/839db5ec58fd5d852706e10f7a05bb756c8e75b9,https://github.com/apache/zeppelin/tree/b94d144cee344ce689171006f7046bf6f952c6fc,https://github.com/apache/zeppelin/compare/839db5ec58fd5d852706e10f7a05bb756c8e75b9...b94d144cee344ce689171006f7046bf6f952c6fc
937,Zeppelin,48193d92a89da866de4b4bbf363da83f9e45add1,cdbdfd573ea7b1951cb2ace53aeeb6d632b131b5,ZEPPELIN-3723,https://issues.apache.org/jira/browse/ZEPPELIN-3723,https://github.com/apache/zeppelin/tree/48193d92a89da866de4b4bbf363da83f9e45add1,https://github.com/apache/zeppelin/tree/cdbdfd573ea7b1951cb2ace53aeeb6d632b131b5,https://github.com/apache/zeppelin/compare/48193d92a89da866de4b4bbf363da83f9e45add1...cdbdfd573ea7b1951cb2ace53aeeb6d632b131b5
938,Zeppelin,041c8d37782cf05a6a8ddb1103f3f741166111ec,6854bdd7d31d5b0c4edd7a5b8dfc4c99dc26f3dc,ZEPPELIN-3726,https://issues.apache.org/jira/browse/ZEPPELIN-3726,https://github.com/apache/zeppelin/tree/041c8d37782cf05a6a8ddb1103f3f741166111ec,https://github.com/apache/zeppelin/tree/6854bdd7d31d5b0c4edd7a5b8dfc4c99dc26f3dc,https://github.com/apache/zeppelin/compare/041c8d37782cf05a6a8ddb1103f3f741166111ec...6854bdd7d31d5b0c4edd7a5b8dfc4c99dc26f3dc
939,Zeppelin,e10332c9366a4c712d3c063cc1323590c463ee05,3047bc2f595415560276832a8ca7ac178adff677,ZEPPELIN-3741,https://issues.apache.org/jira/browse/ZEPPELIN-3741,https://github.com/apache/zeppelin/tree/e10332c9366a4c712d3c063cc1323590c463ee05,https://github.com/apache/zeppelin/tree/3047bc2f595415560276832a8ca7ac178adff677,https://github.com/apache/zeppelin/compare/e10332c9366a4c712d3c063cc1323590c463ee05...3047bc2f595415560276832a8ca7ac178adff677
940,Zeppelin,3047bc2f595415560276832a8ca7ac178adff677,e7b12a8cea106d7f0a9db86b782181cc4fe7d3c6,ZEPPELIN-3738,https://issues.apache.org/jira/browse/ZEPPELIN-3738,https://github.com/apache/zeppelin/tree/3047bc2f595415560276832a8ca7ac178adff677,https://github.com/apache/zeppelin/tree/e7b12a8cea106d7f0a9db86b782181cc4fe7d3c6,https://github.com/apache/zeppelin/compare/3047bc2f595415560276832a8ca7ac178adff677...e7b12a8cea106d7f0a9db86b782181cc4fe7d3c6
941,Zeppelin,26b554d64123490ceee1b05c77e3ea51dbff6412,57601f819977063d622e3acbcc2f2b8710087697,ZEPPELIN-3753,https://issues.apache.org/jira/browse/ZEPPELIN-3753,https://github.com/apache/zeppelin/tree/26b554d64123490ceee1b05c77e3ea51dbff6412,https://github.com/apache/zeppelin/tree/57601f819977063d622e3acbcc2f2b8710087697,https://github.com/apache/zeppelin/compare/26b554d64123490ceee1b05c77e3ea51dbff6412...57601f819977063d622e3acbcc2f2b8710087697
942,Zeppelin,57601f819977063d622e3acbcc2f2b8710087697,71bc75966a7e5a18ce35b1f767c903a4b5c02eb9,ZEPPELIN-3749,https://issues.apache.org/jira/browse/ZEPPELIN-3749,https://github.com/apache/zeppelin/tree/57601f819977063d622e3acbcc2f2b8710087697,https://github.com/apache/zeppelin/tree/71bc75966a7e5a18ce35b1f767c903a4b5c02eb9,https://github.com/apache/zeppelin/compare/57601f819977063d622e3acbcc2f2b8710087697...71bc75966a7e5a18ce35b1f767c903a4b5c02eb9
943,Zeppelin,71bc75966a7e5a18ce35b1f767c903a4b5c02eb9,957afddc8e814abfe3b5d78b0455f888c770b033,ZEPPELIN-3767,https://issues.apache.org/jira/browse/ZEPPELIN-3767,https://github.com/apache/zeppelin/tree/71bc75966a7e5a18ce35b1f767c903a4b5c02eb9,https://github.com/apache/zeppelin/tree/957afddc8e814abfe3b5d78b0455f888c770b033,https://github.com/apache/zeppelin/compare/71bc75966a7e5a18ce35b1f767c903a4b5c02eb9...957afddc8e814abfe3b5d78b0455f888c770b033
944,Zeppelin,0910e7f5b7bbd32a9b697802891687d280c7b7c3,2584ac83cc91055d9ba2145028ab512b17801776,ZEPPELIN-3715,https://issues.apache.org/jira/browse/ZEPPELIN-3715,https://github.com/apache/zeppelin/tree/0910e7f5b7bbd32a9b697802891687d280c7b7c3,https://github.com/apache/zeppelin/tree/2584ac83cc91055d9ba2145028ab512b17801776,https://github.com/apache/zeppelin/compare/0910e7f5b7bbd32a9b697802891687d280c7b7c3...2584ac83cc91055d9ba2145028ab512b17801776
945,Zeppelin,27d5a91365b82d9297dcf852568076efabd5b41a,5c94d7550aa569361d5c5569004917ee9bd82c70,ZEPPELIN-3698,https://issues.apache.org/jira/browse/ZEPPELIN-3698,https://github.com/apache/zeppelin/tree/27d5a91365b82d9297dcf852568076efabd5b41a,https://github.com/apache/zeppelin/tree/5c94d7550aa569361d5c5569004917ee9bd82c70,https://github.com/apache/zeppelin/compare/27d5a91365b82d9297dcf852568076efabd5b41a...5c94d7550aa569361d5c5569004917ee9bd82c70
946,Zeppelin,d37cc1b611dc761b1ec69c29d6b8ceaa84f301f4,86dabd77bb128e8e4789bc913cbc0a9b74431ecd,ZEPPELIN-3704,https://issues.apache.org/jira/browse/ZEPPELIN-3704,https://github.com/apache/zeppelin/tree/d37cc1b611dc761b1ec69c29d6b8ceaa84f301f4,https://github.com/apache/zeppelin/tree/86dabd77bb128e8e4789bc913cbc0a9b74431ecd,https://github.com/apache/zeppelin/compare/d37cc1b611dc761b1ec69c29d6b8ceaa84f301f4...86dabd77bb128e8e4789bc913cbc0a9b74431ecd
947,Zeppelin,86dabd77bb128e8e4789bc913cbc0a9b74431ecd,76ac9614234ac0ed9107a3bac9f1c2bf2aa2c349,ZEPPELIN-3691,https://issues.apache.org/jira/browse/ZEPPELIN-3691,https://github.com/apache/zeppelin/tree/86dabd77bb128e8e4789bc913cbc0a9b74431ecd,https://github.com/apache/zeppelin/tree/76ac9614234ac0ed9107a3bac9f1c2bf2aa2c349,https://github.com/apache/zeppelin/compare/86dabd77bb128e8e4789bc913cbc0a9b74431ecd...76ac9614234ac0ed9107a3bac9f1c2bf2aa2c349
948,Zeppelin,bec799e42a9c8ad14563e573068a6204abdb4a7c,affccab6ab3577a815e02bb4d88aa1e90d973d16,ZEPPELIN-3781,https://issues.apache.org/jira/browse/ZEPPELIN-3781,https://github.com/apache/zeppelin/tree/bec799e42a9c8ad14563e573068a6204abdb4a7c,https://github.com/apache/zeppelin/tree/affccab6ab3577a815e02bb4d88aa1e90d973d16,https://github.com/apache/zeppelin/compare/bec799e42a9c8ad14563e573068a6204abdb4a7c...affccab6ab3577a815e02bb4d88aa1e90d973d16
949,Zeppelin,925e5730dee45a8e37c5bedd9fb46d24a9ba33d5,86ee813e4d9623767ceacabe2cbfb3e74af7807b,ZEPPELIN-3761,https://issues.apache.org/jira/browse/ZEPPELIN-3761,https://github.com/apache/zeppelin/tree/925e5730dee45a8e37c5bedd9fb46d24a9ba33d5,https://github.com/apache/zeppelin/tree/86ee813e4d9623767ceacabe2cbfb3e74af7807b,https://github.com/apache/zeppelin/compare/925e5730dee45a8e37c5bedd9fb46d24a9ba33d5...86ee813e4d9623767ceacabe2cbfb3e74af7807b
950,Zeppelin,6c623d323fa04350d89b076cd2b3a760433370fc,68512b9cd4e98da272dd3aaba6a4a17c99a12eaf,ZEPPELIN-3788,https://issues.apache.org/jira/browse/ZEPPELIN-3788,https://github.com/apache/zeppelin/tree/6c623d323fa04350d89b076cd2b3a760433370fc,https://github.com/apache/zeppelin/tree/68512b9cd4e98da272dd3aaba6a4a17c99a12eaf,https://github.com/apache/zeppelin/compare/6c623d323fa04350d89b076cd2b3a760433370fc...68512b9cd4e98da272dd3aaba6a4a17c99a12eaf
951,Zeppelin,68512b9cd4e98da272dd3aaba6a4a17c99a12eaf,92f244ef7e1902e51dbec6b759152341992d834c,ZEPPELIN-3633,https://issues.apache.org/jira/browse/ZEPPELIN-3633,https://github.com/apache/zeppelin/tree/68512b9cd4e98da272dd3aaba6a4a17c99a12eaf,https://github.com/apache/zeppelin/tree/92f244ef7e1902e51dbec6b759152341992d834c,https://github.com/apache/zeppelin/compare/68512b9cd4e98da272dd3aaba6a4a17c99a12eaf...92f244ef7e1902e51dbec6b759152341992d834c
952,Zeppelin,39dc9a51a4a8598ed3b38b4be0231a809a3df16f,0c374c02135f04bf23de8df540a4a116bf308992,ZEPPELIN-3721,https://issues.apache.org/jira/browse/ZEPPELIN-3721,https://github.com/apache/zeppelin/tree/39dc9a51a4a8598ed3b38b4be0231a809a3df16f,https://github.com/apache/zeppelin/tree/0c374c02135f04bf23de8df540a4a116bf308992,https://github.com/apache/zeppelin/compare/39dc9a51a4a8598ed3b38b4be0231a809a3df16f...0c374c02135f04bf23de8df540a4a116bf308992
953,Zeppelin,f28e9631737da554a0a12323f6c00ccae3ec6282,7954d8071f2b1c46259c449983825f26afce6d6d,ZEPPELIN-3794,https://issues.apache.org/jira/browse/ZEPPELIN-3794,https://github.com/apache/zeppelin/tree/f28e9631737da554a0a12323f6c00ccae3ec6282,https://github.com/apache/zeppelin/tree/7954d8071f2b1c46259c449983825f26afce6d6d,https://github.com/apache/zeppelin/compare/f28e9631737da554a0a12323f6c00ccae3ec6282...7954d8071f2b1c46259c449983825f26afce6d6d
954,Zeppelin,b183c7e06c6e9b27f7ec916cb08bed357997a698,733bed591bdb6a06864331540364254f1ea1ff20,ZEPPELIN-3818,https://issues.apache.org/jira/browse/ZEPPELIN-3818,https://github.com/apache/zeppelin/tree/b183c7e06c6e9b27f7ec916cb08bed357997a698,https://github.com/apache/zeppelin/tree/733bed591bdb6a06864331540364254f1ea1ff20,https://github.com/apache/zeppelin/compare/b183c7e06c6e9b27f7ec916cb08bed357997a698...733bed591bdb6a06864331540364254f1ea1ff20
955,Zeppelin,733bed591bdb6a06864331540364254f1ea1ff20,a2473daf8e7400fb1cb635ba97f66835cad58ffc,ZEPPELIN-3821,https://issues.apache.org/jira/browse/ZEPPELIN-3821,https://github.com/apache/zeppelin/tree/733bed591bdb6a06864331540364254f1ea1ff20,https://github.com/apache/zeppelin/tree/a2473daf8e7400fb1cb635ba97f66835cad58ffc,https://github.com/apache/zeppelin/compare/733bed591bdb6a06864331540364254f1ea1ff20...a2473daf8e7400fb1cb635ba97f66835cad58ffc
956,Zeppelin,a2473daf8e7400fb1cb635ba97f66835cad58ffc,383cdc3fa4a9316dd1a2d9fd559879e2a49463e7,ZEPPELIN-3839,https://issues.apache.org/jira/browse/ZEPPELIN-3839,https://github.com/apache/zeppelin/tree/a2473daf8e7400fb1cb635ba97f66835cad58ffc,https://github.com/apache/zeppelin/tree/383cdc3fa4a9316dd1a2d9fd559879e2a49463e7,https://github.com/apache/zeppelin/compare/a2473daf8e7400fb1cb635ba97f66835cad58ffc...383cdc3fa4a9316dd1a2d9fd559879e2a49463e7
957,Zeppelin,81e7030f7f8cdf31a95dac141265dc5499ecaf4a,c82de2f3d3b50691f7148af41668d377b861907c,ZEPPELIN-3849,https://issues.apache.org/jira/browse/ZEPPELIN-3849,https://github.com/apache/zeppelin/tree/81e7030f7f8cdf31a95dac141265dc5499ecaf4a,https://github.com/apache/zeppelin/tree/c82de2f3d3b50691f7148af41668d377b861907c,https://github.com/apache/zeppelin/compare/81e7030f7f8cdf31a95dac141265dc5499ecaf4a...c82de2f3d3b50691f7148af41668d377b861907c
958,Zeppelin,c82de2f3d3b50691f7148af41668d377b861907c,9f04c8fcba289c90b0754ce920f9a90dcd15a137,ZEPPELIN-3850,https://issues.apache.org/jira/browse/ZEPPELIN-3850,https://github.com/apache/zeppelin/tree/c82de2f3d3b50691f7148af41668d377b861907c,https://github.com/apache/zeppelin/tree/9f04c8fcba289c90b0754ce920f9a90dcd15a137,https://github.com/apache/zeppelin/compare/c82de2f3d3b50691f7148af41668d377b861907c...9f04c8fcba289c90b0754ce920f9a90dcd15a137
959,Zeppelin,9f04c8fcba289c90b0754ce920f9a90dcd15a137,31ceca797df26815593407db2ffc3b9d2d80ecd5,ZEPPELIN-3846,https://issues.apache.org/jira/browse/ZEPPELIN-3846,https://github.com/apache/zeppelin/tree/9f04c8fcba289c90b0754ce920f9a90dcd15a137,https://github.com/apache/zeppelin/tree/31ceca797df26815593407db2ffc3b9d2d80ecd5,https://github.com/apache/zeppelin/compare/9f04c8fcba289c90b0754ce920f9a90dcd15a137...31ceca797df26815593407db2ffc3b9d2d80ecd5
960,Zeppelin,d1606c248d4398d929683de284c62d630d19806c,14534da9e064bf5926d2ec095c723f2107635eb9,ZEPPELIN-3616,https://issues.apache.org/jira/browse/ZEPPELIN-3616,https://github.com/apache/zeppelin/tree/d1606c248d4398d929683de284c62d630d19806c,https://github.com/apache/zeppelin/tree/14534da9e064bf5926d2ec095c723f2107635eb9,https://github.com/apache/zeppelin/compare/d1606c248d4398d929683de284c62d630d19806c...14534da9e064bf5926d2ec095c723f2107635eb9
961,Zeppelin,14534da9e064bf5926d2ec095c723f2107635eb9,de17d2b8758d9ce83beb1e3e54645de4d831ea1f,ZEPPELIN-3858,https://issues.apache.org/jira/browse/ZEPPELIN-3858,https://github.com/apache/zeppelin/tree/14534da9e064bf5926d2ec095c723f2107635eb9,https://github.com/apache/zeppelin/tree/de17d2b8758d9ce83beb1e3e54645de4d831ea1f,https://github.com/apache/zeppelin/compare/14534da9e064bf5926d2ec095c723f2107635eb9...de17d2b8758d9ce83beb1e3e54645de4d831ea1f
962,Zeppelin,4f73272c006b3767ad40686aa5876ac5fbf57928,b983304c078ce5632785b5840e8bf96787aca1d4,ZEPPELIN-3822,https://issues.apache.org/jira/browse/ZEPPELIN-3822,https://github.com/apache/zeppelin/tree/4f73272c006b3767ad40686aa5876ac5fbf57928,https://github.com/apache/zeppelin/tree/b983304c078ce5632785b5840e8bf96787aca1d4,https://github.com/apache/zeppelin/compare/4f73272c006b3767ad40686aa5876ac5fbf57928...b983304c078ce5632785b5840e8bf96787aca1d4
963,Zeppelin,b983304c078ce5632785b5840e8bf96787aca1d4,a7f3f3c558e8376d7bde5e5ac1f4558bd88b7dd5,ZEPPELIN-3815,https://issues.apache.org/jira/browse/ZEPPELIN-3815,https://github.com/apache/zeppelin/tree/b983304c078ce5632785b5840e8bf96787aca1d4,https://github.com/apache/zeppelin/tree/a7f3f3c558e8376d7bde5e5ac1f4558bd88b7dd5,https://github.com/apache/zeppelin/compare/b983304c078ce5632785b5840e8bf96787aca1d4...a7f3f3c558e8376d7bde5e5ac1f4558bd88b7dd5
964,Zeppelin,b31f2998ef6eed49f053c90b36adaa6a8338d982,6e97a527e1a2c84846a18340ad11f05ff6432cdc,ZEPPELIN-3847,https://issues.apache.org/jira/browse/ZEPPELIN-3847,https://github.com/apache/zeppelin/tree/b31f2998ef6eed49f053c90b36adaa6a8338d982,https://github.com/apache/zeppelin/tree/6e97a527e1a2c84846a18340ad11f05ff6432cdc,https://github.com/apache/zeppelin/compare/b31f2998ef6eed49f053c90b36adaa6a8338d982...6e97a527e1a2c84846a18340ad11f05ff6432cdc
965,Zeppelin,176f26faf8ab12c36cd3916abbb1fb02999c0883,ae7318f4c443a1e0fb1e6bc4758ad99092b880c4,ZEPPELIN-3871,https://issues.apache.org/jira/browse/ZEPPELIN-3871,https://github.com/apache/zeppelin/tree/176f26faf8ab12c36cd3916abbb1fb02999c0883,https://github.com/apache/zeppelin/tree/ae7318f4c443a1e0fb1e6bc4758ad99092b880c4,https://github.com/apache/zeppelin/compare/176f26faf8ab12c36cd3916abbb1fb02999c0883...ae7318f4c443a1e0fb1e6bc4758ad99092b880c4
966,Zeppelin,ae7318f4c443a1e0fb1e6bc4758ad99092b880c4,acd75b1367b4d8ebf6b1a6ecd4a6cd75921e1f38,ZEPPELIN-3870,https://issues.apache.org/jira/browse/ZEPPELIN-3870,https://github.com/apache/zeppelin/tree/ae7318f4c443a1e0fb1e6bc4758ad99092b880c4,https://github.com/apache/zeppelin/tree/acd75b1367b4d8ebf6b1a6ecd4a6cd75921e1f38,https://github.com/apache/zeppelin/compare/ae7318f4c443a1e0fb1e6bc4758ad99092b880c4...acd75b1367b4d8ebf6b1a6ecd4a6cd75921e1f38
967,Zeppelin,04b726a0a2935475d26816f99dab6e778e96b5dd,2ea945f548a4e41312026d5ee1070714c155a11e,ZEPPELIN-3863,https://issues.apache.org/jira/browse/ZEPPELIN-3863,https://github.com/apache/zeppelin/tree/04b726a0a2935475d26816f99dab6e778e96b5dd,https://github.com/apache/zeppelin/tree/2ea945f548a4e41312026d5ee1070714c155a11e,https://github.com/apache/zeppelin/compare/04b726a0a2935475d26816f99dab6e778e96b5dd...2ea945f548a4e41312026d5ee1070714c155a11e
968,Zeppelin,6b9c29bdf66f183ede3c60d6b026ad8878c51fed,f43ba286b57a3fa99cc490ab91f467e40824797a,ZEPPELIN-3886,https://issues.apache.org/jira/browse/ZEPPELIN-3886,https://github.com/apache/zeppelin/tree/6b9c29bdf66f183ede3c60d6b026ad8878c51fed,https://github.com/apache/zeppelin/tree/f43ba286b57a3fa99cc490ab91f467e40824797a,https://github.com/apache/zeppelin/compare/6b9c29bdf66f183ede3c60d6b026ad8878c51fed...f43ba286b57a3fa99cc490ab91f467e40824797a
969,Zeppelin,354b06f7342746ce50cffa5dc886512bfc908922,eb941056b5d35323a5f08123f681d777e170ea2b,ZEPPELIN-3893,https://issues.apache.org/jira/browse/ZEPPELIN-3893,https://github.com/apache/zeppelin/tree/354b06f7342746ce50cffa5dc886512bfc908922,https://github.com/apache/zeppelin/tree/eb941056b5d35323a5f08123f681d777e170ea2b,https://github.com/apache/zeppelin/compare/354b06f7342746ce50cffa5dc886512bfc908922...eb941056b5d35323a5f08123f681d777e170ea2b
970,Zeppelin,dda5a145249538eb5a49e452e34f9c5779e0ad87,a02e8e0f9fde8372ff0eea0e674f72bb8be15875,ZEPPELIN-3876,https://issues.apache.org/jira/browse/ZEPPELIN-3876,https://github.com/apache/zeppelin/tree/dda5a145249538eb5a49e452e34f9c5779e0ad87,https://github.com/apache/zeppelin/tree/a02e8e0f9fde8372ff0eea0e674f72bb8be15875,https://github.com/apache/zeppelin/compare/dda5a145249538eb5a49e452e34f9c5779e0ad87...a02e8e0f9fde8372ff0eea0e674f72bb8be15875
971,Zeppelin,d5513fde6b1d699e439eb79cdfcc112ca5d69058,e63ba8e897a522c6cad099286110c2eaa1496912,ZEPPELIN-3879,https://issues.apache.org/jira/browse/ZEPPELIN-3879,https://github.com/apache/zeppelin/tree/d5513fde6b1d699e439eb79cdfcc112ca5d69058,https://github.com/apache/zeppelin/tree/e63ba8e897a522c6cad099286110c2eaa1496912,https://github.com/apache/zeppelin/compare/d5513fde6b1d699e439eb79cdfcc112ca5d69058...e63ba8e897a522c6cad099286110c2eaa1496912
972,Zeppelin,b436f43050379a65a5e93c28889c87923faa8415,663902518762cbad2fdc4efa3d552ad13effe4b0,ZEPPELIN-3864,https://issues.apache.org/jira/browse/ZEPPELIN-3864,https://github.com/apache/zeppelin/tree/b436f43050379a65a5e93c28889c87923faa8415,https://github.com/apache/zeppelin/tree/663902518762cbad2fdc4efa3d552ad13effe4b0,https://github.com/apache/zeppelin/compare/b436f43050379a65a5e93c28889c87923faa8415...663902518762cbad2fdc4efa3d552ad13effe4b0
973,Zeppelin,13fd50ee535cd28b237cb4af740d0f893dbff3ae,7bf79d80f5beaaafa3c0e18a96654e43a20a41f9,ZEPPELIN-3932,https://issues.apache.org/jira/browse/ZEPPELIN-3932,https://github.com/apache/zeppelin/tree/13fd50ee535cd28b237cb4af740d0f893dbff3ae,https://github.com/apache/zeppelin/tree/7bf79d80f5beaaafa3c0e18a96654e43a20a41f9,https://github.com/apache/zeppelin/compare/13fd50ee535cd28b237cb4af740d0f893dbff3ae...7bf79d80f5beaaafa3c0e18a96654e43a20a41f9
974,Zeppelin,7bf79d80f5beaaafa3c0e18a96654e43a20a41f9,e70d8f70d6b75411e9e1f371921bec4a59bd8685,ZEPPELIN-3875,https://issues.apache.org/jira/browse/ZEPPELIN-3875,https://github.com/apache/zeppelin/tree/7bf79d80f5beaaafa3c0e18a96654e43a20a41f9,https://github.com/apache/zeppelin/tree/e70d8f70d6b75411e9e1f371921bec4a59bd8685,https://github.com/apache/zeppelin/compare/7bf79d80f5beaaafa3c0e18a96654e43a20a41f9...e70d8f70d6b75411e9e1f371921bec4a59bd8685
975,Zeppelin,f7df680ef91a2862e22fe914b8c6ddeae2491fc5,51ba1936a266f96e0084cb5b0c2065eaaebf7704,ZEPPELIN-3928,https://issues.apache.org/jira/browse/ZEPPELIN-3928,https://github.com/apache/zeppelin/tree/f7df680ef91a2862e22fe914b8c6ddeae2491fc5,https://github.com/apache/zeppelin/tree/51ba1936a266f96e0084cb5b0c2065eaaebf7704,https://github.com/apache/zeppelin/compare/f7df680ef91a2862e22fe914b8c6ddeae2491fc5...51ba1936a266f96e0084cb5b0c2065eaaebf7704
976,Zeppelin,e909600b437c80a1b4eaaea63e8040b283ed4cf2,a183ec3bd4b6fd1da2a3b695000fdf1a391f2458,ZEPPELIN-3898,https://issues.apache.org/jira/browse/ZEPPELIN-3898,https://github.com/apache/zeppelin/tree/e909600b437c80a1b4eaaea63e8040b283ed4cf2,https://github.com/apache/zeppelin/tree/a183ec3bd4b6fd1da2a3b695000fdf1a391f2458,https://github.com/apache/zeppelin/compare/e909600b437c80a1b4eaaea63e8040b283ed4cf2...a183ec3bd4b6fd1da2a3b695000fdf1a391f2458
977,Zeppelin,1d10625598989fc2282318ccdd1294a4fbc36a1e,cba28ebbc73041e232503b6c3d0376674360cdda,ZEPPELIN-3838,https://issues.apache.org/jira/browse/ZEPPELIN-3838,https://github.com/apache/zeppelin/tree/1d10625598989fc2282318ccdd1294a4fbc36a1e,https://github.com/apache/zeppelin/tree/cba28ebbc73041e232503b6c3d0376674360cdda,https://github.com/apache/zeppelin/compare/1d10625598989fc2282318ccdd1294a4fbc36a1e...cba28ebbc73041e232503b6c3d0376674360cdda
978,Zeppelin,cba28ebbc73041e232503b6c3d0376674360cdda,bc8cf1ad4e8a903f71530a6feaf2f8bdd04e3156,ZEPPELIN-3970,https://issues.apache.org/jira/browse/ZEPPELIN-3970,https://github.com/apache/zeppelin/tree/cba28ebbc73041e232503b6c3d0376674360cdda,https://github.com/apache/zeppelin/tree/bc8cf1ad4e8a903f71530a6feaf2f8bdd04e3156,https://github.com/apache/zeppelin/compare/cba28ebbc73041e232503b6c3d0376674360cdda...bc8cf1ad4e8a903f71530a6feaf2f8bdd04e3156
979,Zeppelin,62da77ca0bb61d5bffecfa9123d7f3ee8eccbcaa,a2a621595afcc65e965382d5a0412ade0e299610,ZEPPELIN-3910,https://issues.apache.org/jira/browse/ZEPPELIN-3910,https://github.com/apache/zeppelin/tree/62da77ca0bb61d5bffecfa9123d7f3ee8eccbcaa,https://github.com/apache/zeppelin/tree/a2a621595afcc65e965382d5a0412ade0e299610,https://github.com/apache/zeppelin/compare/62da77ca0bb61d5bffecfa9123d7f3ee8eccbcaa...a2a621595afcc65e965382d5a0412ade0e299610
980,Zeppelin,97c845a6f39e60d93a553d9b438bb11fb38e0497,6dcc2ab49c1f3d0c9ad4c8d68b005e37690faa7a,ZEPPELIN-4011,https://issues.apache.org/jira/browse/ZEPPELIN-4011,https://github.com/apache/zeppelin/tree/97c845a6f39e60d93a553d9b438bb11fb38e0497,https://github.com/apache/zeppelin/tree/6dcc2ab49c1f3d0c9ad4c8d68b005e37690faa7a,https://github.com/apache/zeppelin/compare/97c845a6f39e60d93a553d9b438bb11fb38e0497...6dcc2ab49c1f3d0c9ad4c8d68b005e37690faa7a
981,Zeppelin,6dcc2ab49c1f3d0c9ad4c8d68b005e37690faa7a,dd624a67a4cf27e1778be260d964abc3df96e345,ZEPPELIN-4012,https://issues.apache.org/jira/browse/ZEPPELIN-4012,https://github.com/apache/zeppelin/tree/6dcc2ab49c1f3d0c9ad4c8d68b005e37690faa7a,https://github.com/apache/zeppelin/tree/dd624a67a4cf27e1778be260d964abc3df96e345,https://github.com/apache/zeppelin/compare/6dcc2ab49c1f3d0c9ad4c8d68b005e37690faa7a...dd624a67a4cf27e1778be260d964abc3df96e345
982,Zeppelin,d07ae2c92fde397801fefc85fd3360830f0a9843,938ed0c36f03a77b9cb271c428032ef821241c00,ZEPPELIN-4005,https://issues.apache.org/jira/browse/ZEPPELIN-4005,https://github.com/apache/zeppelin/tree/d07ae2c92fde397801fefc85fd3360830f0a9843,https://github.com/apache/zeppelin/tree/938ed0c36f03a77b9cb271c428032ef821241c00,https://github.com/apache/zeppelin/compare/d07ae2c92fde397801fefc85fd3360830f0a9843...938ed0c36f03a77b9cb271c428032ef821241c00
983,Zeppelin,938ed0c36f03a77b9cb271c428032ef821241c00,05fdfe5162bb9f38eb927fc68d754370b316a133,ZEPPELIN-4026,https://issues.apache.org/jira/browse/ZEPPELIN-4026,https://github.com/apache/zeppelin/tree/938ed0c36f03a77b9cb271c428032ef821241c00,https://github.com/apache/zeppelin/tree/05fdfe5162bb9f38eb927fc68d754370b316a133,https://github.com/apache/zeppelin/compare/938ed0c36f03a77b9cb271c428032ef821241c00...05fdfe5162bb9f38eb927fc68d754370b316a133
984,Zeppelin,05fdfe5162bb9f38eb927fc68d754370b316a133,78c49e923e6c6ac228d259b20d67217db1b4315d,ZEPPELIN-3986,https://issues.apache.org/jira/browse/ZEPPELIN-3986,https://github.com/apache/zeppelin/tree/05fdfe5162bb9f38eb927fc68d754370b316a133,https://github.com/apache/zeppelin/tree/78c49e923e6c6ac228d259b20d67217db1b4315d,https://github.com/apache/zeppelin/compare/05fdfe5162bb9f38eb927fc68d754370b316a133...78c49e923e6c6ac228d259b20d67217db1b4315d
985,Zeppelin,0a238f4cbcf73e9f3806feeb7573e94937046f3b,1652d6898eb5d4b2671a5c21f4f4dab52614ed9b,ZEPPELIN-4042,https://issues.apache.org/jira/browse/ZEPPELIN-4042,https://github.com/apache/zeppelin/tree/0a238f4cbcf73e9f3806feeb7573e94937046f3b,https://github.com/apache/zeppelin/tree/1652d6898eb5d4b2671a5c21f4f4dab52614ed9b,https://github.com/apache/zeppelin/compare/0a238f4cbcf73e9f3806feeb7573e94937046f3b...1652d6898eb5d4b2671a5c21f4f4dab52614ed9b
986,Zeppelin,a0b4f55b0c38bd1b55bfb31e443895c708a75ce5,682367dcfb434fd99be2d120de91dd548f8e7474,ZEPPELIN-4039,https://issues.apache.org/jira/browse/ZEPPELIN-4039,https://github.com/apache/zeppelin/tree/a0b4f55b0c38bd1b55bfb31e443895c708a75ce5,https://github.com/apache/zeppelin/tree/682367dcfb434fd99be2d120de91dd548f8e7474,https://github.com/apache/zeppelin/compare/a0b4f55b0c38bd1b55bfb31e443895c708a75ce5...682367dcfb434fd99be2d120de91dd548f8e7474
987,Zeppelin,aa257701cf15ee3642cdf8e839f5299fcf4efab0,4f5297d0d33abfa588f1ee7aa860a4bec6bffd52,ZEPPELIN-4051,https://issues.apache.org/jira/browse/ZEPPELIN-4051,https://github.com/apache/zeppelin/tree/aa257701cf15ee3642cdf8e839f5299fcf4efab0,https://github.com/apache/zeppelin/tree/4f5297d0d33abfa588f1ee7aa860a4bec6bffd52,https://github.com/apache/zeppelin/compare/aa257701cf15ee3642cdf8e839f5299fcf4efab0...4f5297d0d33abfa588f1ee7aa860a4bec6bffd52
988,Zeppelin,3c7f0093f4e49f76c9a10a6a759f7c693f6c7eb5,5e933befbf762eef201e6d9f2ca89d03e1f1221f,ZEPPELIN-4028,https://issues.apache.org/jira/browse/ZEPPELIN-4028,https://github.com/apache/zeppelin/tree/3c7f0093f4e49f76c9a10a6a759f7c693f6c7eb5,https://github.com/apache/zeppelin/tree/5e933befbf762eef201e6d9f2ca89d03e1f1221f,https://github.com/apache/zeppelin/compare/3c7f0093f4e49f76c9a10a6a759f7c693f6c7eb5...5e933befbf762eef201e6d9f2ca89d03e1f1221f
989,Zeppelin,5e933befbf762eef201e6d9f2ca89d03e1f1221f,d4a2f6403aa06950b0786362f2aba88cb4df7ad0,ZEPPELIN-4030,https://issues.apache.org/jira/browse/ZEPPELIN-4030,https://github.com/apache/zeppelin/tree/5e933befbf762eef201e6d9f2ca89d03e1f1221f,https://github.com/apache/zeppelin/tree/d4a2f6403aa06950b0786362f2aba88cb4df7ad0,https://github.com/apache/zeppelin/compare/5e933befbf762eef201e6d9f2ca89d03e1f1221f...d4a2f6403aa06950b0786362f2aba88cb4df7ad0
990,Zeppelin,d4a2f6403aa06950b0786362f2aba88cb4df7ad0,bc89ab9c25690a650698d38f874f8af45abbef92,ZEPPELIN-4054,https://issues.apache.org/jira/browse/ZEPPELIN-4054,https://github.com/apache/zeppelin/tree/d4a2f6403aa06950b0786362f2aba88cb4df7ad0,https://github.com/apache/zeppelin/tree/bc89ab9c25690a650698d38f874f8af45abbef92,https://github.com/apache/zeppelin/compare/d4a2f6403aa06950b0786362f2aba88cb4df7ad0...bc89ab9c25690a650698d38f874f8af45abbef92
991,Zeppelin,bc89ab9c25690a650698d38f874f8af45abbef92,154ee11842a9ff874a132ab2e80f6c06dfffa190,ZEPPELIN-4004,https://issues.apache.org/jira/browse/ZEPPELIN-4004,https://github.com/apache/zeppelin/tree/bc89ab9c25690a650698d38f874f8af45abbef92,https://github.com/apache/zeppelin/tree/154ee11842a9ff874a132ab2e80f6c06dfffa190,https://github.com/apache/zeppelin/compare/bc89ab9c25690a650698d38f874f8af45abbef92...154ee11842a9ff874a132ab2e80f6c06dfffa190
992,Zeppelin,154ee11842a9ff874a132ab2e80f6c06dfffa190,65a824e9315649a4d349c7717f6b990d76239c9b,ZEPPELIN-4062,https://issues.apache.org/jira/browse/ZEPPELIN-4062,https://github.com/apache/zeppelin/tree/154ee11842a9ff874a132ab2e80f6c06dfffa190,https://github.com/apache/zeppelin/tree/65a824e9315649a4d349c7717f6b990d76239c9b,https://github.com/apache/zeppelin/compare/154ee11842a9ff874a132ab2e80f6c06dfffa190...65a824e9315649a4d349c7717f6b990d76239c9b
993,Zeppelin,53341a658db68e72aad4b996b487dba9571c7462,393cb98a43eaf5fe3d711be419f6ee9ed561cabd,ZEPPELIN-4004,https://issues.apache.org/jira/browse/ZEPPELIN-4004,https://github.com/apache/zeppelin/tree/53341a658db68e72aad4b996b487dba9571c7462,https://github.com/apache/zeppelin/tree/393cb98a43eaf5fe3d711be419f6ee9ed561cabd,https://github.com/apache/zeppelin/compare/53341a658db68e72aad4b996b487dba9571c7462...393cb98a43eaf5fe3d711be419f6ee9ed561cabd
994,Zeppelin,393cb98a43eaf5fe3d711be419f6ee9ed561cabd,4219d552349f8f7f3e6de34505b8a8ae9835f98b,ZEPPELIN-4072,https://issues.apache.org/jira/browse/ZEPPELIN-4072,https://github.com/apache/zeppelin/tree/393cb98a43eaf5fe3d711be419f6ee9ed561cabd,https://github.com/apache/zeppelin/tree/4219d552349f8f7f3e6de34505b8a8ae9835f98b,https://github.com/apache/zeppelin/compare/393cb98a43eaf5fe3d711be419f6ee9ed561cabd...4219d552349f8f7f3e6de34505b8a8ae9835f98b
995,Zeppelin,a9e2c2ba54c32e348220799ac381c51d55c30a64,837cb1646b59de5a842f7bcf44e3b531b0fb54c3,ZEPPELIN-4063,https://issues.apache.org/jira/browse/ZEPPELIN-4063,https://github.com/apache/zeppelin/tree/a9e2c2ba54c32e348220799ac381c51d55c30a64,https://github.com/apache/zeppelin/tree/837cb1646b59de5a842f7bcf44e3b531b0fb54c3,https://github.com/apache/zeppelin/compare/a9e2c2ba54c32e348220799ac381c51d55c30a64...837cb1646b59de5a842f7bcf44e3b531b0fb54c3
996,Zeppelin,837cb1646b59de5a842f7bcf44e3b531b0fb54c3,c9514e26a00b5c2b76c358425bae79fee183c9e1,ZEPPELIN-4081,https://issues.apache.org/jira/browse/ZEPPELIN-4081,https://github.com/apache/zeppelin/tree/837cb1646b59de5a842f7bcf44e3b531b0fb54c3,https://github.com/apache/zeppelin/tree/c9514e26a00b5c2b76c358425bae79fee183c9e1,https://github.com/apache/zeppelin/compare/837cb1646b59de5a842f7bcf44e3b531b0fb54c3...c9514e26a00b5c2b76c358425bae79fee183c9e1
997,Zeppelin,6c24d1f31c289e015795bd9f74087d63a4a5ae39,06f09cf3ebba677f2115ba4cca554c8860cff0a9,ZEPPELIN-4081,https://issues.apache.org/jira/browse/ZEPPELIN-4081,https://github.com/apache/zeppelin/tree/6c24d1f31c289e015795bd9f74087d63a4a5ae39,https://github.com/apache/zeppelin/tree/06f09cf3ebba677f2115ba4cca554c8860cff0a9,https://github.com/apache/zeppelin/compare/6c24d1f31c289e015795bd9f74087d63a4a5ae39...06f09cf3ebba677f2115ba4cca554c8860cff0a9
998,Zeppelin,30c271b9bf1a9667f6991216a5a8dc32c0be996b,a372872122c45716d25321e1f2e82924fae7c231,ZEPPELIN-4081,https://issues.apache.org/jira/browse/ZEPPELIN-4081,https://github.com/apache/zeppelin/tree/30c271b9bf1a9667f6991216a5a8dc32c0be996b,https://github.com/apache/zeppelin/tree/a372872122c45716d25321e1f2e82924fae7c231,https://github.com/apache/zeppelin/compare/30c271b9bf1a9667f6991216a5a8dc32c0be996b...a372872122c45716d25321e1f2e82924fae7c231
999,Zeppelin,4fc7f0881ea1390d0b21da9fbd38fc2d9c3dac73,723e0615d0ea7c99118bad8b88ef9b4ef8d3d17f,ZEPPELIN-4133,https://issues.apache.org/jira/browse/ZEPPELIN-4133,https://github.com/apache/zeppelin/tree/4fc7f0881ea1390d0b21da9fbd38fc2d9c3dac73,https://github.com/apache/zeppelin/tree/723e0615d0ea7c99118bad8b88ef9b4ef8d3d17f,https://github.com/apache/zeppelin/compare/4fc7f0881ea1390d0b21da9fbd38fc2d9c3dac73...723e0615d0ea7c99118bad8b88ef9b4ef8d3d17f
1000,Zeppelin,2ba03d03aa6c450751d35b20e2ddae64f4f301ca,d92d00871dc1e0d48b2cec41a1f91294116f4a94,ZEPPELIN-4159,https://issues.apache.org/jira/browse/ZEPPELIN-4159,https://github.com/apache/zeppelin/tree/2ba03d03aa6c450751d35b20e2ddae64f4f301ca,https://github.com/apache/zeppelin/tree/d92d00871dc1e0d48b2cec41a1f91294116f4a94,https://github.com/apache/zeppelin/compare/2ba03d03aa6c450751d35b20e2ddae64f4f301ca...d92d00871dc1e0d48b2cec41a1f91294116f4a94
1001,Zeppelin,584e28f72db275bc81a7314213e5367decd92504,1ca7039f02c81fdaa41d185c67810fcf197da3a9,ZEPPELIN-4132,https://issues.apache.org/jira/browse/ZEPPELIN-4132,https://github.com/apache/zeppelin/tree/584e28f72db275bc81a7314213e5367decd92504,https://github.com/apache/zeppelin/tree/1ca7039f02c81fdaa41d185c67810fcf197da3a9,https://github.com/apache/zeppelin/compare/584e28f72db275bc81a7314213e5367decd92504...1ca7039f02c81fdaa41d185c67810fcf197da3a9
1002,Zeppelin,1ca7039f02c81fdaa41d185c67810fcf197da3a9,8babd76f3f2093695e045e4b47fa54c7d5104757,ZEPPELIN-4147,https://issues.apache.org/jira/browse/ZEPPELIN-4147,https://github.com/apache/zeppelin/tree/1ca7039f02c81fdaa41d185c67810fcf197da3a9,https://github.com/apache/zeppelin/tree/8babd76f3f2093695e045e4b47fa54c7d5104757,https://github.com/apache/zeppelin/compare/1ca7039f02c81fdaa41d185c67810fcf197da3a9...8babd76f3f2093695e045e4b47fa54c7d5104757
1003,Zeppelin,ecb59de25b6722e2dd7d2905365fe773b6e33434,a162a2001262aeced7a1791ffb1e4949f68ccbd2,ZEPPELIN-4164,https://issues.apache.org/jira/browse/ZEPPELIN-4164,https://github.com/apache/zeppelin/tree/ecb59de25b6722e2dd7d2905365fe773b6e33434,https://github.com/apache/zeppelin/tree/a162a2001262aeced7a1791ffb1e4949f68ccbd2,https://github.com/apache/zeppelin/compare/ecb59de25b6722e2dd7d2905365fe773b6e33434...a162a2001262aeced7a1791ffb1e4949f68ccbd2
1004,Zeppelin,a162a2001262aeced7a1791ffb1e4949f68ccbd2,a4a9e07d8f6f1d322ab8fbab7a60babd1f5dac2f,ZEPPELIN-4160,https://issues.apache.org/jira/browse/ZEPPELIN-4160,https://github.com/apache/zeppelin/tree/a162a2001262aeced7a1791ffb1e4949f68ccbd2,https://github.com/apache/zeppelin/tree/a4a9e07d8f6f1d322ab8fbab7a60babd1f5dac2f,https://github.com/apache/zeppelin/compare/a162a2001262aeced7a1791ffb1e4949f68ccbd2...a4a9e07d8f6f1d322ab8fbab7a60babd1f5dac2f
1005,Zeppelin,a4a9e07d8f6f1d322ab8fbab7a60babd1f5dac2f,70b4ec84f51593e0e7a64b55b51ac96946bed299,ZEPPELIN-4168,https://issues.apache.org/jira/browse/ZEPPELIN-4168,https://github.com/apache/zeppelin/tree/a4a9e07d8f6f1d322ab8fbab7a60babd1f5dac2f,https://github.com/apache/zeppelin/tree/70b4ec84f51593e0e7a64b55b51ac96946bed299,https://github.com/apache/zeppelin/compare/a4a9e07d8f6f1d322ab8fbab7a60babd1f5dac2f...70b4ec84f51593e0e7a64b55b51ac96946bed299
1006,Zeppelin,80de4bbc0233815200f1baf8d6c4e570073bcc79,7533db583b12e3e87c4500efedaa561a8a2c4383,ZEPPELIN-4102,https://issues.apache.org/jira/browse/ZEPPELIN-4102,https://github.com/apache/zeppelin/tree/80de4bbc0233815200f1baf8d6c4e570073bcc79,https://github.com/apache/zeppelin/tree/7533db583b12e3e87c4500efedaa561a8a2c4383,https://github.com/apache/zeppelin/compare/80de4bbc0233815200f1baf8d6c4e570073bcc79...7533db583b12e3e87c4500efedaa561a8a2c4383
1007,Zeppelin,7533db583b12e3e87c4500efedaa561a8a2c4383,e158a3e97a0b57e92c1f2a165433dbbdac166106,ZEPPELIN-3946,https://issues.apache.org/jira/browse/ZEPPELIN-3946,https://github.com/apache/zeppelin/tree/7533db583b12e3e87c4500efedaa561a8a2c4383,https://github.com/apache/zeppelin/tree/e158a3e97a0b57e92c1f2a165433dbbdac166106,https://github.com/apache/zeppelin/compare/7533db583b12e3e87c4500efedaa561a8a2c4383...e158a3e97a0b57e92c1f2a165433dbbdac166106
1008,Zeppelin,e158a3e97a0b57e92c1f2a165433dbbdac166106,8a30f08952acc999085d6ac57fed940179c35dfb,ZEPPELIN-4173,https://issues.apache.org/jira/browse/ZEPPELIN-4173,https://github.com/apache/zeppelin/tree/e158a3e97a0b57e92c1f2a165433dbbdac166106,https://github.com/apache/zeppelin/tree/8a30f08952acc999085d6ac57fed940179c35dfb,https://github.com/apache/zeppelin/compare/e158a3e97a0b57e92c1f2a165433dbbdac166106...8a30f08952acc999085d6ac57fed940179c35dfb
1009,Zeppelin,f5ee329439212363493d6f5d4f92d6c9cb46dc58,ff4b6a3a3d340913cf488b65718c9c125196e03b,ZEPPELIN-4186,https://issues.apache.org/jira/browse/ZEPPELIN-4186,https://github.com/apache/zeppelin/tree/f5ee329439212363493d6f5d4f92d6c9cb46dc58,https://github.com/apache/zeppelin/tree/ff4b6a3a3d340913cf488b65718c9c125196e03b,https://github.com/apache/zeppelin/compare/f5ee329439212363493d6f5d4f92d6c9cb46dc58...ff4b6a3a3d340913cf488b65718c9c125196e03b
1010,Zeppelin,fd6e80cfc49647ac57ca53e1dff9cdfbae164865,77acf0f105a66c68931941095c2f7d3deb387c41,ZEPPELIN-4192,https://issues.apache.org/jira/browse/ZEPPELIN-4192,https://github.com/apache/zeppelin/tree/fd6e80cfc49647ac57ca53e1dff9cdfbae164865,https://github.com/apache/zeppelin/tree/77acf0f105a66c68931941095c2f7d3deb387c41,https://github.com/apache/zeppelin/compare/fd6e80cfc49647ac57ca53e1dff9cdfbae164865...77acf0f105a66c68931941095c2f7d3deb387c41
1011,Zeppelin,77acf0f105a66c68931941095c2f7d3deb387c41,24396ad0154f870900543e7ed22ea32f7bc71b60,ZEPPELIN-4187,https://issues.apache.org/jira/browse/ZEPPELIN-4187,https://github.com/apache/zeppelin/tree/77acf0f105a66c68931941095c2f7d3deb387c41,https://github.com/apache/zeppelin/tree/24396ad0154f870900543e7ed22ea32f7bc71b60,https://github.com/apache/zeppelin/compare/77acf0f105a66c68931941095c2f7d3deb387c41...24396ad0154f870900543e7ed22ea32f7bc71b60
1012,Zeppelin,475f0f752599d324ea42c37ce80af43caad3be8c,57a2d34858026532fbf31827255d17f5cd62aaae,ZEPPELIN-4195,https://issues.apache.org/jira/browse/ZEPPELIN-4195,https://github.com/apache/zeppelin/tree/475f0f752599d324ea42c37ce80af43caad3be8c,https://github.com/apache/zeppelin/tree/57a2d34858026532fbf31827255d17f5cd62aaae,https://github.com/apache/zeppelin/compare/475f0f752599d324ea42c37ce80af43caad3be8c...57a2d34858026532fbf31827255d17f5cd62aaae
1013,Zeppelin,81fffcadef4e9d3b0da45da7b90d2735f7818a3a,88c85632cda7729ef0150a7eedb730eb7b041722,ZEPPELIN-4196,https://issues.apache.org/jira/browse/ZEPPELIN-4196,https://github.com/apache/zeppelin/tree/81fffcadef4e9d3b0da45da7b90d2735f7818a3a,https://github.com/apache/zeppelin/tree/88c85632cda7729ef0150a7eedb730eb7b041722,https://github.com/apache/zeppelin/compare/81fffcadef4e9d3b0da45da7b90d2735f7818a3a...88c85632cda7729ef0150a7eedb730eb7b041722
1014,Zeppelin,7eb665e1d4048690f209b4132c5f76bc89357cd3,786c4afbf8076c19683b628b3f29751817bdf4dc,ZEPPELIN-4214,https://issues.apache.org/jira/browse/ZEPPELIN-4214,https://github.com/apache/zeppelin/tree/7eb665e1d4048690f209b4132c5f76bc89357cd3,https://github.com/apache/zeppelin/tree/786c4afbf8076c19683b628b3f29751817bdf4dc,https://github.com/apache/zeppelin/compare/7eb665e1d4048690f209b4132c5f76bc89357cd3...786c4afbf8076c19683b628b3f29751817bdf4dc
1015,Zeppelin,f6fe360e327b33347844f7cd62c7c18304dfa1a9,c8165588cfabeeb8e0566ed9e15af24399fb5ed8,ZEPPELIN-4220,https://issues.apache.org/jira/browse/ZEPPELIN-4220,https://github.com/apache/zeppelin/tree/f6fe360e327b33347844f7cd62c7c18304dfa1a9,https://github.com/apache/zeppelin/tree/c8165588cfabeeb8e0566ed9e15af24399fb5ed8,https://github.com/apache/zeppelin/compare/f6fe360e327b33347844f7cd62c7c18304dfa1a9...c8165588cfabeeb8e0566ed9e15af24399fb5ed8
1016,Zeppelin,be0548c74e8fa72dd5d3b741390901224935275d,0878ae70bd6a576802b8e02d7b988dbbcf93fc6b,ZEPPELIN-4224,https://issues.apache.org/jira/browse/ZEPPELIN-4224,https://github.com/apache/zeppelin/tree/be0548c74e8fa72dd5d3b741390901224935275d,https://github.com/apache/zeppelin/tree/0878ae70bd6a576802b8e02d7b988dbbcf93fc6b,https://github.com/apache/zeppelin/compare/be0548c74e8fa72dd5d3b741390901224935275d...0878ae70bd6a576802b8e02d7b988dbbcf93fc6b
1017,Zeppelin,0878ae70bd6a576802b8e02d7b988dbbcf93fc6b,7a78cf31d829e10b19e56b574ae650ab9f5c2350,ZEPPELIN-4232,https://issues.apache.org/jira/browse/ZEPPELIN-4232,https://github.com/apache/zeppelin/tree/0878ae70bd6a576802b8e02d7b988dbbcf93fc6b,https://github.com/apache/zeppelin/tree/7a78cf31d829e10b19e56b574ae650ab9f5c2350,https://github.com/apache/zeppelin/compare/0878ae70bd6a576802b8e02d7b988dbbcf93fc6b...7a78cf31d829e10b19e56b574ae650ab9f5c2350
1018,Zeppelin,6a7b6719fa6c7049e00dd9d5085172af20c94416,720b26561fb9fe6dab05fdb2c154cbfdb72a933a,ZEPPELIN-4219,https://issues.apache.org/jira/browse/ZEPPELIN-4219,https://github.com/apache/zeppelin/tree/6a7b6719fa6c7049e00dd9d5085172af20c94416,https://github.com/apache/zeppelin/tree/720b26561fb9fe6dab05fdb2c154cbfdb72a933a,https://github.com/apache/zeppelin/compare/6a7b6719fa6c7049e00dd9d5085172af20c94416...720b26561fb9fe6dab05fdb2c154cbfdb72a933a
1019,Zeppelin,4c517a4fad21acf022a02cff88e3443f4a8af6c9,4c30e66aed1b194927225ffb745e427f3c7c0718,ZEPPELIN-4234,https://issues.apache.org/jira/browse/ZEPPELIN-4234,https://github.com/apache/zeppelin/tree/4c517a4fad21acf022a02cff88e3443f4a8af6c9,https://github.com/apache/zeppelin/tree/4c30e66aed1b194927225ffb745e427f3c7c0718,https://github.com/apache/zeppelin/compare/4c517a4fad21acf022a02cff88e3443f4a8af6c9...4c30e66aed1b194927225ffb745e427f3c7c0718
1020,Zeppelin,4c30e66aed1b194927225ffb745e427f3c7c0718,7d83d77886521c74f8d45230e707e73cfcd45685,ZEPPELIN-4244,https://issues.apache.org/jira/browse/ZEPPELIN-4244,https://github.com/apache/zeppelin/tree/4c30e66aed1b194927225ffb745e427f3c7c0718,https://github.com/apache/zeppelin/tree/7d83d77886521c74f8d45230e707e73cfcd45685,https://github.com/apache/zeppelin/compare/4c30e66aed1b194927225ffb745e427f3c7c0718...7d83d77886521c74f8d45230e707e73cfcd45685
1021,Zeppelin,8f971641769b3cafcb9b8d08b158a7f8ba18451a,79108419e956d4774f87303d970888a8c46132f8,ZEPPELIN-4260,https://issues.apache.org/jira/browse/ZEPPELIN-4260,https://github.com/apache/zeppelin/tree/8f971641769b3cafcb9b8d08b158a7f8ba18451a,https://github.com/apache/zeppelin/tree/79108419e956d4774f87303d970888a8c46132f8,https://github.com/apache/zeppelin/compare/8f971641769b3cafcb9b8d08b158a7f8ba18451a...79108419e956d4774f87303d970888a8c46132f8
1022,Zeppelin,a04bdb349bc9ff8f3ccf68687f60f5938a88cec0,a47f8e1f0d271e8b8bbd8d425cd86eba8cb92648,ZEPPELIN-4150,https://issues.apache.org/jira/browse/ZEPPELIN-4150,https://github.com/apache/zeppelin/tree/a04bdb349bc9ff8f3ccf68687f60f5938a88cec0,https://github.com/apache/zeppelin/tree/a47f8e1f0d271e8b8bbd8d425cd86eba8cb92648,https://github.com/apache/zeppelin/compare/a04bdb349bc9ff8f3ccf68687f60f5938a88cec0...a47f8e1f0d271e8b8bbd8d425cd86eba8cb92648
1023,Zeppelin,146cfe27c9b2f9bbc423d134305f1f6b57c1d484,8be90b1e4410a73d0df1232749396243966252f9,ZEPPELIN-3065,https://issues.apache.org/jira/browse/ZEPPELIN-3065,https://github.com/apache/zeppelin/tree/146cfe27c9b2f9bbc423d134305f1f6b57c1d484,https://github.com/apache/zeppelin/tree/8be90b1e4410a73d0df1232749396243966252f9,https://github.com/apache/zeppelin/compare/146cfe27c9b2f9bbc423d134305f1f6b57c1d484...8be90b1e4410a73d0df1232749396243966252f9
1024,Zeppelin,b80c3a4d6ab40dd8146cb30013b25742640dac0d,30ce442a768c0717f3424088426faaf3cf95f18c,ZEPPELIN-4305,https://issues.apache.org/jira/browse/ZEPPELIN-4305,https://github.com/apache/zeppelin/tree/b80c3a4d6ab40dd8146cb30013b25742640dac0d,https://github.com/apache/zeppelin/tree/30ce442a768c0717f3424088426faaf3cf95f18c,https://github.com/apache/zeppelin/compare/b80c3a4d6ab40dd8146cb30013b25742640dac0d...30ce442a768c0717f3424088426faaf3cf95f18c
1025,Zeppelin,30ce442a768c0717f3424088426faaf3cf95f18c,0c491e466525e547b1b8cd2bfb49d26cd9d264b3,ZEPPELIN-4272,https://issues.apache.org/jira/browse/ZEPPELIN-4272,https://github.com/apache/zeppelin/tree/30ce442a768c0717f3424088426faaf3cf95f18c,https://github.com/apache/zeppelin/tree/0c491e466525e547b1b8cd2bfb49d26cd9d264b3,https://github.com/apache/zeppelin/compare/30ce442a768c0717f3424088426faaf3cf95f18c...0c491e466525e547b1b8cd2bfb49d26cd9d264b3
1026,Zeppelin,e0bee71e00819b53db8543b8b4b679fcd56657aa,333a34a92f54783005fd5f3cadbfe5b10067f110,ZEPPELIN-4305,https://issues.apache.org/jira/browse/ZEPPELIN-4305,https://github.com/apache/zeppelin/tree/e0bee71e00819b53db8543b8b4b679fcd56657aa,https://github.com/apache/zeppelin/tree/333a34a92f54783005fd5f3cadbfe5b10067f110,https://github.com/apache/zeppelin/compare/e0bee71e00819b53db8543b8b4b679fcd56657aa...333a34a92f54783005fd5f3cadbfe5b10067f110
1027,Zeppelin,6450a00b0e5f6a1eb9bcf982b355ee421d06135f,08d4b9a3bf31e02d9ff4c7a47cf3821061458eaa,ZEPPELIN-4014,https://issues.apache.org/jira/browse/ZEPPELIN-4014,https://github.com/apache/zeppelin/tree/6450a00b0e5f6a1eb9bcf982b355ee421d06135f,https://github.com/apache/zeppelin/tree/08d4b9a3bf31e02d9ff4c7a47cf3821061458eaa,https://github.com/apache/zeppelin/compare/6450a00b0e5f6a1eb9bcf982b355ee421d06135f...08d4b9a3bf31e02d9ff4c7a47cf3821061458eaa
1028,Zeppelin,c876a373c4b0f58515d96b0f7da769d9309edae6,7d7628eab8559093b37b2ae05a9f262ca75b3d56,ZEPPELIN-4166,https://issues.apache.org/jira/browse/ZEPPELIN-4166,https://github.com/apache/zeppelin/tree/c876a373c4b0f58515d96b0f7da769d9309edae6,https://github.com/apache/zeppelin/tree/7d7628eab8559093b37b2ae05a9f262ca75b3d56,https://github.com/apache/zeppelin/compare/c876a373c4b0f58515d96b0f7da769d9309edae6...7d7628eab8559093b37b2ae05a9f262ca75b3d56
1029,Zeppelin,a5304964a8dbef3a3d0e0eb04cee94e045443bd2,f825fecf3872c3f6dd7bfbbf3b203fb5f58a6699,ZEPPELIN-4329,https://issues.apache.org/jira/browse/ZEPPELIN-4329,https://github.com/apache/zeppelin/tree/a5304964a8dbef3a3d0e0eb04cee94e045443bd2,https://github.com/apache/zeppelin/tree/f825fecf3872c3f6dd7bfbbf3b203fb5f58a6699,https://github.com/apache/zeppelin/compare/a5304964a8dbef3a3d0e0eb04cee94e045443bd2...f825fecf3872c3f6dd7bfbbf3b203fb5f58a6699
1030,Zeppelin,f825fecf3872c3f6dd7bfbbf3b203fb5f58a6699,f9e2ff8ff8316e973957041b0f213ce7651cab1c,ZEPPELIN-4335,https://issues.apache.org/jira/browse/ZEPPELIN-4335,https://github.com/apache/zeppelin/tree/f825fecf3872c3f6dd7bfbbf3b203fb5f58a6699,https://github.com/apache/zeppelin/tree/f9e2ff8ff8316e973957041b0f213ce7651cab1c,https://github.com/apache/zeppelin/compare/f825fecf3872c3f6dd7bfbbf3b203fb5f58a6699...f9e2ff8ff8316e973957041b0f213ce7651cab1c
1031,Zeppelin,df5933d7f99f6d647f23b8e1ed9294a8b5cb563e,60e12cdf86778fb80ad36bb721a6a373206fa12d,ZEPPELIN-4226,https://issues.apache.org/jira/browse/ZEPPELIN-4226,https://github.com/apache/zeppelin/tree/df5933d7f99f6d647f23b8e1ed9294a8b5cb563e,https://github.com/apache/zeppelin/tree/60e12cdf86778fb80ad36bb721a6a373206fa12d,https://github.com/apache/zeppelin/compare/df5933d7f99f6d647f23b8e1ed9294a8b5cb563e...60e12cdf86778fb80ad36bb721a6a373206fa12d
1032,Zeppelin,1eb77b519b7f79d2924c51584623ae68211d284a,be7ace1f5e84c7a5989b4d5882cbf759de34112d,ZEPPELIN-4280,https://issues.apache.org/jira/browse/ZEPPELIN-4280,https://github.com/apache/zeppelin/tree/1eb77b519b7f79d2924c51584623ae68211d284a,https://github.com/apache/zeppelin/tree/be7ace1f5e84c7a5989b4d5882cbf759de34112d,https://github.com/apache/zeppelin/compare/1eb77b519b7f79d2924c51584623ae68211d284a...be7ace1f5e84c7a5989b4d5882cbf759de34112d
1033,Zeppelin,be7ace1f5e84c7a5989b4d5882cbf759de34112d,a70b301c1d810719e7a64f9b7fbb612804313562,ZEPPELIN-4351,https://issues.apache.org/jira/browse/ZEPPELIN-4351,https://github.com/apache/zeppelin/tree/be7ace1f5e84c7a5989b4d5882cbf759de34112d,https://github.com/apache/zeppelin/tree/a70b301c1d810719e7a64f9b7fbb612804313562,https://github.com/apache/zeppelin/compare/be7ace1f5e84c7a5989b4d5882cbf759de34112d...a70b301c1d810719e7a64f9b7fbb612804313562
1034,Zeppelin,a70b301c1d810719e7a64f9b7fbb612804313562,7d74b922c20d66bf6610e18cd40ad04b5897956a,ZEPPELIN-4280,https://issues.apache.org/jira/browse/ZEPPELIN-4280,https://github.com/apache/zeppelin/tree/a70b301c1d810719e7a64f9b7fbb612804313562,https://github.com/apache/zeppelin/tree/7d74b922c20d66bf6610e18cd40ad04b5897956a,https://github.com/apache/zeppelin/compare/a70b301c1d810719e7a64f9b7fbb612804313562...7d74b922c20d66bf6610e18cd40ad04b5897956a
1035,Zeppelin,7d74b922c20d66bf6610e18cd40ad04b5897956a,3000d4a77019111ba57f04824cf9e7afbd23a73a,ZEPPELIN-2680,https://issues.apache.org/jira/browse/ZEPPELIN-2680,https://github.com/apache/zeppelin/tree/7d74b922c20d66bf6610e18cd40ad04b5897956a,https://github.com/apache/zeppelin/tree/3000d4a77019111ba57f04824cf9e7afbd23a73a,https://github.com/apache/zeppelin/compare/7d74b922c20d66bf6610e18cd40ad04b5897956a...3000d4a77019111ba57f04824cf9e7afbd23a73a
1036,Zeppelin,4fe2e20caa6e37e353d51d46aea41320e07be76e,238e03242b5ed108f99b5624d93fa5606b008d1f,ZEPPELIN-4355,https://issues.apache.org/jira/browse/ZEPPELIN-4355,https://github.com/apache/zeppelin/tree/4fe2e20caa6e37e353d51d46aea41320e07be76e,https://github.com/apache/zeppelin/tree/238e03242b5ed108f99b5624d93fa5606b008d1f,https://github.com/apache/zeppelin/compare/4fe2e20caa6e37e353d51d46aea41320e07be76e...238e03242b5ed108f99b5624d93fa5606b008d1f
1037,Zeppelin,20bcd4f32352acb10df0b6077393040585521afa,be0fe7e57f7742de846f0d93256db72f9861e8b7,ZEPPELIN-4359,https://issues.apache.org/jira/browse/ZEPPELIN-4359,https://github.com/apache/zeppelin/tree/20bcd4f32352acb10df0b6077393040585521afa,https://github.com/apache/zeppelin/tree/be0fe7e57f7742de846f0d93256db72f9861e8b7,https://github.com/apache/zeppelin/compare/20bcd4f32352acb10df0b6077393040585521afa...be0fe7e57f7742de846f0d93256db72f9861e8b7
1038,Zeppelin,be0fe7e57f7742de846f0d93256db72f9861e8b7,fdaba544f197aab4c66830745c4835013843163d,ZEPPELIN-4364,https://issues.apache.org/jira/browse/ZEPPELIN-4364,https://github.com/apache/zeppelin/tree/be0fe7e57f7742de846f0d93256db72f9861e8b7,https://github.com/apache/zeppelin/tree/fdaba544f197aab4c66830745c4835013843163d,https://github.com/apache/zeppelin/compare/be0fe7e57f7742de846f0d93256db72f9861e8b7...fdaba544f197aab4c66830745c4835013843163d
1039,Zeppelin,fdaba544f197aab4c66830745c4835013843163d,8f94ca388ed2599b714b9b867c1d221e3a943897,ZEPPELIN-4367,https://issues.apache.org/jira/browse/ZEPPELIN-4367,https://github.com/apache/zeppelin/tree/fdaba544f197aab4c66830745c4835013843163d,https://github.com/apache/zeppelin/tree/8f94ca388ed2599b714b9b867c1d221e3a943897,https://github.com/apache/zeppelin/compare/fdaba544f197aab4c66830745c4835013843163d...8f94ca388ed2599b714b9b867c1d221e3a943897
1040,Zeppelin,8f94ca388ed2599b714b9b867c1d221e3a943897,f4c991631e953953142a431b4af8c5eac6500aae,ZEPPELIN-4350,https://issues.apache.org/jira/browse/ZEPPELIN-4350,https://github.com/apache/zeppelin/tree/8f94ca388ed2599b714b9b867c1d221e3a943897,https://github.com/apache/zeppelin/tree/f4c991631e953953142a431b4af8c5eac6500aae,https://github.com/apache/zeppelin/compare/8f94ca388ed2599b714b9b867c1d221e3a943897...f4c991631e953953142a431b4af8c5eac6500aae
1041,Zeppelin,2a8471107cc66665ec2a2d6bb61dfbd696f9c64f,d91e312798dbb804f64f6f58d689544d54e4c95d,ZEPPELIN-4369,https://issues.apache.org/jira/browse/ZEPPELIN-4369,https://github.com/apache/zeppelin/tree/2a8471107cc66665ec2a2d6bb61dfbd696f9c64f,https://github.com/apache/zeppelin/tree/d91e312798dbb804f64f6f58d689544d54e4c95d,https://github.com/apache/zeppelin/compare/2a8471107cc66665ec2a2d6bb61dfbd696f9c64f...d91e312798dbb804f64f6f58d689544d54e4c95d
1042,Zeppelin,a5aebc9908529efc6340208d368f7d65bc87cd19,d31ae2e8a568a14c6e518d7510955fa664c029bf,ZEPPELIN-4319,https://issues.apache.org/jira/browse/ZEPPELIN-4319,https://github.com/apache/zeppelin/tree/a5aebc9908529efc6340208d368f7d65bc87cd19,https://github.com/apache/zeppelin/tree/d31ae2e8a568a14c6e518d7510955fa664c029bf,https://github.com/apache/zeppelin/compare/a5aebc9908529efc6340208d368f7d65bc87cd19...d31ae2e8a568a14c6e518d7510955fa664c029bf
1043,Zeppelin,d31ae2e8a568a14c6e518d7510955fa664c029bf,08bfcd9579cd96fbc11a89ab42613bfca6b51382,ZEPPELIN-4360,https://issues.apache.org/jira/browse/ZEPPELIN-4360,https://github.com/apache/zeppelin/tree/d31ae2e8a568a14c6e518d7510955fa664c029bf,https://github.com/apache/zeppelin/tree/08bfcd9579cd96fbc11a89ab42613bfca6b51382,https://github.com/apache/zeppelin/compare/d31ae2e8a568a14c6e518d7510955fa664c029bf...08bfcd9579cd96fbc11a89ab42613bfca6b51382
1044,Zeppelin,08bfcd9579cd96fbc11a89ab42613bfca6b51382,a69d284e4552f961809f6ce11aca95fd732bc8af,ZEPPELIN-4320,https://issues.apache.org/jira/browse/ZEPPELIN-4320,https://github.com/apache/zeppelin/tree/08bfcd9579cd96fbc11a89ab42613bfca6b51382,https://github.com/apache/zeppelin/tree/a69d284e4552f961809f6ce11aca95fd732bc8af,https://github.com/apache/zeppelin/compare/08bfcd9579cd96fbc11a89ab42613bfca6b51382...a69d284e4552f961809f6ce11aca95fd732bc8af
1045,Zeppelin,54ce30f4927e228397d38cb86e616f353619f312,83a773782bd4c60e8d474ebc60bfb0ead7352dd7,ZEPPELIN-4377,https://issues.apache.org/jira/browse/ZEPPELIN-4377,https://github.com/apache/zeppelin/tree/54ce30f4927e228397d38cb86e616f353619f312,https://github.com/apache/zeppelin/tree/83a773782bd4c60e8d474ebc60bfb0ead7352dd7,https://github.com/apache/zeppelin/compare/54ce30f4927e228397d38cb86e616f353619f312...83a773782bd4c60e8d474ebc60bfb0ead7352dd7
1046,Zeppelin,780a7e8b77999419978d982c7dc8a8a5d4f542f1,23edad0377919306aa1185e4f5bd427d0f5dc06e,ZEPPELIN-4393,https://issues.apache.org/jira/browse/ZEPPELIN-4393,https://github.com/apache/zeppelin/tree/780a7e8b77999419978d982c7dc8a8a5d4f542f1,https://github.com/apache/zeppelin/tree/23edad0377919306aa1185e4f5bd427d0f5dc06e,https://github.com/apache/zeppelin/compare/780a7e8b77999419978d982c7dc8a8a5d4f542f1...23edad0377919306aa1185e4f5bd427d0f5dc06e
1047,Zeppelin,8f331c86e3dea20535f06925783700545db18c44,7c00e517a07961bec1b2174127706118b53d554d,ZEPPELIN-4386,https://issues.apache.org/jira/browse/ZEPPELIN-4386,https://github.com/apache/zeppelin/tree/8f331c86e3dea20535f06925783700545db18c44,https://github.com/apache/zeppelin/tree/7c00e517a07961bec1b2174127706118b53d554d,https://github.com/apache/zeppelin/compare/8f331c86e3dea20535f06925783700545db18c44...7c00e517a07961bec1b2174127706118b53d554d
1048,Zeppelin,580675617caeccd71a2f3a7b67cb8b55795a3009,79197d93a471ece87181449ea40c14f250ccd441,ZEPPELIN-4341,https://issues.apache.org/jira/browse/ZEPPELIN-4341,https://github.com/apache/zeppelin/tree/580675617caeccd71a2f3a7b67cb8b55795a3009,https://github.com/apache/zeppelin/tree/79197d93a471ece87181449ea40c14f250ccd441,https://github.com/apache/zeppelin/compare/580675617caeccd71a2f3a7b67cb8b55795a3009...79197d93a471ece87181449ea40c14f250ccd441
1049,Zeppelin,e590e4c1facd902ba1a44d894da9d9da528e12ea,5750a98d0068e8f7418fa7f1a20af50261ee4980,ZEPPELIN-4410,https://issues.apache.org/jira/browse/ZEPPELIN-4410,https://github.com/apache/zeppelin/tree/e590e4c1facd902ba1a44d894da9d9da528e12ea,https://github.com/apache/zeppelin/tree/5750a98d0068e8f7418fa7f1a20af50261ee4980,https://github.com/apache/zeppelin/compare/e590e4c1facd902ba1a44d894da9d9da528e12ea...5750a98d0068e8f7418fa7f1a20af50261ee4980
1050,Zeppelin,5750a98d0068e8f7418fa7f1a20af50261ee4980,527a69b2835948031f4863405f5fc105a66b382f,ZEPPELIN-4436,https://issues.apache.org/jira/browse/ZEPPELIN-4436,https://github.com/apache/zeppelin/tree/5750a98d0068e8f7418fa7f1a20af50261ee4980,https://github.com/apache/zeppelin/tree/527a69b2835948031f4863405f5fc105a66b382f,https://github.com/apache/zeppelin/compare/5750a98d0068e8f7418fa7f1a20af50261ee4980...527a69b2835948031f4863405f5fc105a66b382f
1051,Zeppelin,527a69b2835948031f4863405f5fc105a66b382f,bf3a0eec28497499e7cca5bf100df7f4c1bebea2,ZEPPELIN-4396,https://issues.apache.org/jira/browse/ZEPPELIN-4396,https://github.com/apache/zeppelin/tree/527a69b2835948031f4863405f5fc105a66b382f,https://github.com/apache/zeppelin/tree/bf3a0eec28497499e7cca5bf100df7f4c1bebea2,https://github.com/apache/zeppelin/compare/527a69b2835948031f4863405f5fc105a66b382f...bf3a0eec28497499e7cca5bf100df7f4c1bebea2
1052,Zeppelin,99ebf07de88588bf87c50fecaf6a7e3505b4c13f,dcae6405a16d3afcd51a1586c0be2efd8b87b0d9,ZEPPELIN-3916,https://issues.apache.org/jira/browse/ZEPPELIN-3916,https://github.com/apache/zeppelin/tree/99ebf07de88588bf87c50fecaf6a7e3505b4c13f,https://github.com/apache/zeppelin/tree/dcae6405a16d3afcd51a1586c0be2efd8b87b0d9,https://github.com/apache/zeppelin/compare/99ebf07de88588bf87c50fecaf6a7e3505b4c13f...dcae6405a16d3afcd51a1586c0be2efd8b87b0d9
1053,Zeppelin,8c8dbc3d282715d5308979d3d23b769e051a8377,02e33899593aa10a4055e549358b2a611f0ff10b,ZEPPELIN-4456,https://issues.apache.org/jira/browse/ZEPPELIN-4456,https://github.com/apache/zeppelin/tree/8c8dbc3d282715d5308979d3d23b769e051a8377,https://github.com/apache/zeppelin/tree/02e33899593aa10a4055e549358b2a611f0ff10b,https://github.com/apache/zeppelin/compare/8c8dbc3d282715d5308979d3d23b769e051a8377...02e33899593aa10a4055e549358b2a611f0ff10b
1054,Zeppelin,02e33899593aa10a4055e549358b2a611f0ff10b,d344b7819c9858662b57392179fba794abff5d5f,ZEPPELIN-4428,https://issues.apache.org/jira/browse/ZEPPELIN-4428,https://github.com/apache/zeppelin/tree/02e33899593aa10a4055e549358b2a611f0ff10b,https://github.com/apache/zeppelin/tree/d344b7819c9858662b57392179fba794abff5d5f,https://github.com/apache/zeppelin/compare/02e33899593aa10a4055e549358b2a611f0ff10b...d344b7819c9858662b57392179fba794abff5d5f
1055,Zeppelin,e97edf67a279ec91f43ed9c581c793244f86017f,4d9a2d0931d8f0e98a54d057e652fdc5f696df05,ZEPPELIN-4449,https://issues.apache.org/jira/browse/ZEPPELIN-4449,https://github.com/apache/zeppelin/tree/e97edf67a279ec91f43ed9c581c793244f86017f,https://github.com/apache/zeppelin/tree/4d9a2d0931d8f0e98a54d057e652fdc5f696df05,https://github.com/apache/zeppelin/compare/e97edf67a279ec91f43ed9c581c793244f86017f...4d9a2d0931d8f0e98a54d057e652fdc5f696df05
1056,Zeppelin,b896e6f566b5be43c1a3b00cc04574afbd1c3f4c,c2f9c722948a96a50f520cb6e15549c6554a174b,ZEPPELIN-4466,https://issues.apache.org/jira/browse/ZEPPELIN-4466,https://github.com/apache/zeppelin/tree/b896e6f566b5be43c1a3b00cc04574afbd1c3f4c,https://github.com/apache/zeppelin/tree/c2f9c722948a96a50f520cb6e15549c6554a174b,https://github.com/apache/zeppelin/compare/b896e6f566b5be43c1a3b00cc04574afbd1c3f4c...c2f9c722948a96a50f520cb6e15549c6554a174b
1057,Zeppelin,c2f9c722948a96a50f520cb6e15549c6554a174b,b0e45ef6ab744e3c82728b2240fc0106dad3e0e4,ZEPPELIN-4443,https://issues.apache.org/jira/browse/ZEPPELIN-4443,https://github.com/apache/zeppelin/tree/c2f9c722948a96a50f520cb6e15549c6554a174b,https://github.com/apache/zeppelin/tree/b0e45ef6ab744e3c82728b2240fc0106dad3e0e4,https://github.com/apache/zeppelin/compare/c2f9c722948a96a50f520cb6e15549c6554a174b...b0e45ef6ab744e3c82728b2240fc0106dad3e0e4
1058,Zeppelin,edfe3eb83e8f61a5b1fc5f6663c0c26e4d634857,697addbfe9886805943d8b12df9ce5c1c35699cf,ZEPPELIN-4462,https://issues.apache.org/jira/browse/ZEPPELIN-4462,https://github.com/apache/zeppelin/tree/edfe3eb83e8f61a5b1fc5f6663c0c26e4d634857,https://github.com/apache/zeppelin/tree/697addbfe9886805943d8b12df9ce5c1c35699cf,https://github.com/apache/zeppelin/compare/edfe3eb83e8f61a5b1fc5f6663c0c26e4d634857...697addbfe9886805943d8b12df9ce5c1c35699cf
1059,Zeppelin,eab9a52711ae968c02c195560bfa8f94d80acf13,6ed42d20a1994a6a0a050cb157a0bc89c641eb47,ZEPPELIN-4444,https://issues.apache.org/jira/browse/ZEPPELIN-4444,https://github.com/apache/zeppelin/tree/eab9a52711ae968c02c195560bfa8f94d80acf13,https://github.com/apache/zeppelin/tree/6ed42d20a1994a6a0a050cb157a0bc89c641eb47,https://github.com/apache/zeppelin/compare/eab9a52711ae968c02c195560bfa8f94d80acf13...6ed42d20a1994a6a0a050cb157a0bc89c641eb47
1060,Zeppelin,32e223148bec7ad7d2b7f5d9c37cdb4381740316,04b3f479c99e69fa351f0bc945a1625ff7b5bb61,ZEPPELIN-4469,https://issues.apache.org/jira/browse/ZEPPELIN-4469,https://github.com/apache/zeppelin/tree/32e223148bec7ad7d2b7f5d9c37cdb4381740316,https://github.com/apache/zeppelin/tree/04b3f479c99e69fa351f0bc945a1625ff7b5bb61,https://github.com/apache/zeppelin/compare/32e223148bec7ad7d2b7f5d9c37cdb4381740316...04b3f479c99e69fa351f0bc945a1625ff7b5bb61
1061,Zeppelin,04b3f479c99e69fa351f0bc945a1625ff7b5bb61,a92aac23f7458282bf97b6e7ca2e47dfe24f332c,ZEPPELIN-4464,https://issues.apache.org/jira/browse/ZEPPELIN-4464,https://github.com/apache/zeppelin/tree/04b3f479c99e69fa351f0bc945a1625ff7b5bb61,https://github.com/apache/zeppelin/tree/a92aac23f7458282bf97b6e7ca2e47dfe24f332c,https://github.com/apache/zeppelin/compare/04b3f479c99e69fa351f0bc945a1625ff7b5bb61...a92aac23f7458282bf97b6e7ca2e47dfe24f332c
1062,Zeppelin,af25f0019ed608a51e2c33788f1ebd9a1981544e,bbdc641eb4d36b9b3e606f4361196d56c82423ec,ZEPPELIN-4476,https://issues.apache.org/jira/browse/ZEPPELIN-4476,https://github.com/apache/zeppelin/tree/af25f0019ed608a51e2c33788f1ebd9a1981544e,https://github.com/apache/zeppelin/tree/bbdc641eb4d36b9b3e606f4361196d56c82423ec,https://github.com/apache/zeppelin/compare/af25f0019ed608a51e2c33788f1ebd9a1981544e...bbdc641eb4d36b9b3e606f4361196d56c82423ec
1063,Zeppelin,116f4ea9c9e99881cd38bfb1a77db52d567cc8eb,e27bef1cc62dba01399a3d7c5c857af5914a56ea,ZEPPELIN-4475,https://issues.apache.org/jira/browse/ZEPPELIN-4475,https://github.com/apache/zeppelin/tree/116f4ea9c9e99881cd38bfb1a77db52d567cc8eb,https://github.com/apache/zeppelin/tree/e27bef1cc62dba01399a3d7c5c857af5914a56ea,https://github.com/apache/zeppelin/compare/116f4ea9c9e99881cd38bfb1a77db52d567cc8eb...e27bef1cc62dba01399a3d7c5c857af5914a56ea
1064,Zeppelin,dd1959952172fef5f7a55b46c9d6c7678548e204,3e186591e4989a4c0ffc9ebd8ecbf5e901f608e3,ZEPPELIN-4487,https://issues.apache.org/jira/browse/ZEPPELIN-4487,https://github.com/apache/zeppelin/tree/dd1959952172fef5f7a55b46c9d6c7678548e204,https://github.com/apache/zeppelin/tree/3e186591e4989a4c0ffc9ebd8ecbf5e901f608e3,https://github.com/apache/zeppelin/compare/dd1959952172fef5f7a55b46c9d6c7678548e204...3e186591e4989a4c0ffc9ebd8ecbf5e901f608e3
1065,Zeppelin,3e186591e4989a4c0ffc9ebd8ecbf5e901f608e3,c07a52bec7447842a3501e221b2ae794754b80bd,ZEPPELIN-4301,https://issues.apache.org/jira/browse/ZEPPELIN-4301,https://github.com/apache/zeppelin/tree/3e186591e4989a4c0ffc9ebd8ecbf5e901f608e3,https://github.com/apache/zeppelin/tree/c07a52bec7447842a3501e221b2ae794754b80bd,https://github.com/apache/zeppelin/compare/3e186591e4989a4c0ffc9ebd8ecbf5e901f608e3...c07a52bec7447842a3501e221b2ae794754b80bd
1066,Zeppelin,c07a52bec7447842a3501e221b2ae794754b80bd,a8b8ca41210526ed4f3b7439eccc51bde104eb99,ZEPPELIN-4483,https://issues.apache.org/jira/browse/ZEPPELIN-4483,https://github.com/apache/zeppelin/tree/c07a52bec7447842a3501e221b2ae794754b80bd,https://github.com/apache/zeppelin/tree/a8b8ca41210526ed4f3b7439eccc51bde104eb99,https://github.com/apache/zeppelin/compare/c07a52bec7447842a3501e221b2ae794754b80bd...a8b8ca41210526ed4f3b7439eccc51bde104eb99
1067,Zeppelin,a8b8ca41210526ed4f3b7439eccc51bde104eb99,d66065e98bbbec9e6c918ad09dd097ea76a16098,ZEPPELIN-4489,https://issues.apache.org/jira/browse/ZEPPELIN-4489,https://github.com/apache/zeppelin/tree/a8b8ca41210526ed4f3b7439eccc51bde104eb99,https://github.com/apache/zeppelin/tree/d66065e98bbbec9e6c918ad09dd097ea76a16098,https://github.com/apache/zeppelin/compare/a8b8ca41210526ed4f3b7439eccc51bde104eb99...d66065e98bbbec9e6c918ad09dd097ea76a16098
1068,Zeppelin,3fdc590cdcf7388997e17f6a0b2283f5b54c1bf1,409ef7b2359b44f22da9e5c6d18682e9e5837550,ZEPPELIN-4499,https://issues.apache.org/jira/browse/ZEPPELIN-4499,https://github.com/apache/zeppelin/tree/3fdc590cdcf7388997e17f6a0b2283f5b54c1bf1,https://github.com/apache/zeppelin/tree/409ef7b2359b44f22da9e5c6d18682e9e5837550,https://github.com/apache/zeppelin/compare/3fdc590cdcf7388997e17f6a0b2283f5b54c1bf1...409ef7b2359b44f22da9e5c6d18682e9e5837550
1069,Zeppelin,409ef7b2359b44f22da9e5c6d18682e9e5837550,13d391273fc6d77fe0a64471e6bc585e9c866d53,ZEPPELIN-4508,https://issues.apache.org/jira/browse/ZEPPELIN-4508,https://github.com/apache/zeppelin/tree/409ef7b2359b44f22da9e5c6d18682e9e5837550,https://github.com/apache/zeppelin/tree/13d391273fc6d77fe0a64471e6bc585e9c866d53,https://github.com/apache/zeppelin/compare/409ef7b2359b44f22da9e5c6d18682e9e5837550...13d391273fc6d77fe0a64471e6bc585e9c866d53
1070,Zeppelin,737d1626d073351dca3c3cc508d0dbea773c4e43,ea8557d13412ae1427055f470c0f8f98b41c5a99,ZEPPELIN-4514,https://issues.apache.org/jira/browse/ZEPPELIN-4514,https://github.com/apache/zeppelin/tree/737d1626d073351dca3c3cc508d0dbea773c4e43,https://github.com/apache/zeppelin/tree/ea8557d13412ae1427055f470c0f8f98b41c5a99,https://github.com/apache/zeppelin/compare/737d1626d073351dca3c3cc508d0dbea773c4e43...ea8557d13412ae1427055f470c0f8f98b41c5a99
1071,Zeppelin,974f98606886d2b5dc6e7f702120b2ce4004af77,6319e8b4eca2ea86e4747f583b6c38176176a5a1,ZEPPELIN-4505,https://issues.apache.org/jira/browse/ZEPPELIN-4505,https://github.com/apache/zeppelin/tree/974f98606886d2b5dc6e7f702120b2ce4004af77,https://github.com/apache/zeppelin/tree/6319e8b4eca2ea86e4747f583b6c38176176a5a1,https://github.com/apache/zeppelin/compare/974f98606886d2b5dc6e7f702120b2ce4004af77...6319e8b4eca2ea86e4747f583b6c38176176a5a1
1072,Zeppelin,e1ba4131ceb297d7399fdc5a6980cbeb619307e6,9be2d18d02a7079981160939d1b91c0c81fd0179,ZEPPELIN-4414,https://issues.apache.org/jira/browse/ZEPPELIN-4414,https://github.com/apache/zeppelin/tree/e1ba4131ceb297d7399fdc5a6980cbeb619307e6,https://github.com/apache/zeppelin/tree/9be2d18d02a7079981160939d1b91c0c81fd0179,https://github.com/apache/zeppelin/compare/e1ba4131ceb297d7399fdc5a6980cbeb619307e6...9be2d18d02a7079981160939d1b91c0c81fd0179
1073,Zeppelin,8f12d520e2fabfb923ad5805a556ac18b5dde686,39063312791ce31d65c687be66a4258fbd2a8c8f,ZEPPELIN-4540,https://issues.apache.org/jira/browse/ZEPPELIN-4540,https://github.com/apache/zeppelin/tree/8f12d520e2fabfb923ad5805a556ac18b5dde686,https://github.com/apache/zeppelin/tree/39063312791ce31d65c687be66a4258fbd2a8c8f,https://github.com/apache/zeppelin/compare/8f12d520e2fabfb923ad5805a556ac18b5dde686...39063312791ce31d65c687be66a4258fbd2a8c8f
1074,Zeppelin,ee339f6bbfe8a114fb11b71a798d98160d4aa5b0,8f5059c678d3b9846f55d8a463fd851bf2a60956,ZEPPELIN-4557,https://issues.apache.org/jira/browse/ZEPPELIN-4557,https://github.com/apache/zeppelin/tree/ee339f6bbfe8a114fb11b71a798d98160d4aa5b0,https://github.com/apache/zeppelin/tree/8f5059c678d3b9846f55d8a463fd851bf2a60956,https://github.com/apache/zeppelin/compare/ee339f6bbfe8a114fb11b71a798d98160d4aa5b0...8f5059c678d3b9846f55d8a463fd851bf2a60956
1075,Zeppelin,8f5059c678d3b9846f55d8a463fd851bf2a60956,72635f3a4d713b213c4d6a3ee66e6a85fd014a4d,ZEPPELIN-4554,https://issues.apache.org/jira/browse/ZEPPELIN-4554,https://github.com/apache/zeppelin/tree/8f5059c678d3b9846f55d8a463fd851bf2a60956,https://github.com/apache/zeppelin/tree/72635f3a4d713b213c4d6a3ee66e6a85fd014a4d,https://github.com/apache/zeppelin/compare/8f5059c678d3b9846f55d8a463fd851bf2a60956...72635f3a4d713b213c4d6a3ee66e6a85fd014a4d
1076,Zeppelin,72635f3a4d713b213c4d6a3ee66e6a85fd014a4d,52d2b4b0b2430573e4d088ea4099c2b4b9bc8a5c,ZEPPELIN-4551,https://issues.apache.org/jira/browse/ZEPPELIN-4551,https://github.com/apache/zeppelin/tree/72635f3a4d713b213c4d6a3ee66e6a85fd014a4d,https://github.com/apache/zeppelin/tree/52d2b4b0b2430573e4d088ea4099c2b4b9bc8a5c,https://github.com/apache/zeppelin/compare/72635f3a4d713b213c4d6a3ee66e6a85fd014a4d...52d2b4b0b2430573e4d088ea4099c2b4b9bc8a5c
1077,Zeppelin,490396cc237f60b83b0f78416461181c2aa9ce70,586e823e1630e054a6260b490a3322fcee366017,ZEPPELIN-4564,https://issues.apache.org/jira/browse/ZEPPELIN-4564,https://github.com/apache/zeppelin/tree/490396cc237f60b83b0f78416461181c2aa9ce70,https://github.com/apache/zeppelin/tree/586e823e1630e054a6260b490a3322fcee366017,https://github.com/apache/zeppelin/compare/490396cc237f60b83b0f78416461181c2aa9ce70...586e823e1630e054a6260b490a3322fcee366017
1078,Zeppelin,6a122cceeb7d7804e0fa2ea2ce5082cfcf9c215e,ceff31a7ef431757f223d89861356de0ae7b61d7,ZEPPELIN-4558,https://issues.apache.org/jira/browse/ZEPPELIN-4558,https://github.com/apache/zeppelin/tree/6a122cceeb7d7804e0fa2ea2ce5082cfcf9c215e,https://github.com/apache/zeppelin/tree/ceff31a7ef431757f223d89861356de0ae7b61d7,https://github.com/apache/zeppelin/compare/6a122cceeb7d7804e0fa2ea2ce5082cfcf9c215e...ceff31a7ef431757f223d89861356de0ae7b61d7
1079,Zeppelin,dffe69dad764dbf94dd796e213d4fecbc5a7340a,0431757d97d706b3f5a29764511f70b513dc6ed0,ZEPPELIN-4556,https://issues.apache.org/jira/browse/ZEPPELIN-4556,https://github.com/apache/zeppelin/tree/dffe69dad764dbf94dd796e213d4fecbc5a7340a,https://github.com/apache/zeppelin/tree/0431757d97d706b3f5a29764511f70b513dc6ed0,https://github.com/apache/zeppelin/compare/dffe69dad764dbf94dd796e213d4fecbc5a7340a...0431757d97d706b3f5a29764511f70b513dc6ed0
1080,Zeppelin,0431757d97d706b3f5a29764511f70b513dc6ed0,defb785a36c258b5ac07df47d797237857e6607a,ZEPPELIN-4524,https://issues.apache.org/jira/browse/ZEPPELIN-4524,https://github.com/apache/zeppelin/tree/0431757d97d706b3f5a29764511f70b513dc6ed0,https://github.com/apache/zeppelin/tree/defb785a36c258b5ac07df47d797237857e6607a,https://github.com/apache/zeppelin/compare/0431757d97d706b3f5a29764511f70b513dc6ed0...defb785a36c258b5ac07df47d797237857e6607a
1081,Zeppelin,a85657f319d40d57f6af3e607b9687b01ab8c272,44a49fdf68ecc8d048f1cf026df4a74c792da7ad,ZEPPELIN-4555,https://issues.apache.org/jira/browse/ZEPPELIN-4555,https://github.com/apache/zeppelin/tree/a85657f319d40d57f6af3e607b9687b01ab8c272,https://github.com/apache/zeppelin/tree/44a49fdf68ecc8d048f1cf026df4a74c792da7ad,https://github.com/apache/zeppelin/compare/a85657f319d40d57f6af3e607b9687b01ab8c272...44a49fdf68ecc8d048f1cf026df4a74c792da7ad
1082,Zeppelin,4fe32f5174f39dc630e08f8f444325e78afe3e1f,acf1cbde2ca12ab85b740c3e94e543af3954281e,ZEPPELIN-4562,https://issues.apache.org/jira/browse/ZEPPELIN-4562,https://github.com/apache/zeppelin/tree/4fe32f5174f39dc630e08f8f444325e78afe3e1f,https://github.com/apache/zeppelin/tree/acf1cbde2ca12ab85b740c3e94e543af3954281e,https://github.com/apache/zeppelin/compare/4fe32f5174f39dc630e08f8f444325e78afe3e1f...acf1cbde2ca12ab85b740c3e94e543af3954281e
1083,Zeppelin,608aac7a45b5c6dd8f238de797820e8191f4dce9,25414f3170c3d772d8de9a1798c35adf9ded51a0,ZEPPELIN-4574,https://issues.apache.org/jira/browse/ZEPPELIN-4574,https://github.com/apache/zeppelin/tree/608aac7a45b5c6dd8f238de797820e8191f4dce9,https://github.com/apache/zeppelin/tree/25414f3170c3d772d8de9a1798c35adf9ded51a0,https://github.com/apache/zeppelin/compare/608aac7a45b5c6dd8f238de797820e8191f4dce9...25414f3170c3d772d8de9a1798c35adf9ded51a0
1084,Zeppelin,25414f3170c3d772d8de9a1798c35adf9ded51a0,ce0ee4ed0567948e675a6b5bc5ae817f10216b4c,ZEPPELIN-4575,https://issues.apache.org/jira/browse/ZEPPELIN-4575,https://github.com/apache/zeppelin/tree/25414f3170c3d772d8de9a1798c35adf9ded51a0,https://github.com/apache/zeppelin/tree/ce0ee4ed0567948e675a6b5bc5ae817f10216b4c,https://github.com/apache/zeppelin/compare/25414f3170c3d772d8de9a1798c35adf9ded51a0...ce0ee4ed0567948e675a6b5bc5ae817f10216b4c
1085,Zeppelin,ce0ee4ed0567948e675a6b5bc5ae817f10216b4c,caf49da53dc36c53020eea78c3ed37d2cd3e5cba,ZEPPELIN-4573,https://issues.apache.org/jira/browse/ZEPPELIN-4573,https://github.com/apache/zeppelin/tree/ce0ee4ed0567948e675a6b5bc5ae817f10216b4c,https://github.com/apache/zeppelin/tree/caf49da53dc36c53020eea78c3ed37d2cd3e5cba,https://github.com/apache/zeppelin/compare/ce0ee4ed0567948e675a6b5bc5ae817f10216b4c...caf49da53dc36c53020eea78c3ed37d2cd3e5cba
1086,Zeppelin,caf49da53dc36c53020eea78c3ed37d2cd3e5cba,232e0a6c187d67b211b0a99facbe5c982431c398,ZEPPELIN-4565,https://issues.apache.org/jira/browse/ZEPPELIN-4565,https://github.com/apache/zeppelin/tree/caf49da53dc36c53020eea78c3ed37d2cd3e5cba,https://github.com/apache/zeppelin/tree/232e0a6c187d67b211b0a99facbe5c982431c398,https://github.com/apache/zeppelin/compare/caf49da53dc36c53020eea78c3ed37d2cd3e5cba...232e0a6c187d67b211b0a99facbe5c982431c398
1087,Zeppelin,be57e343f3b2fcb6df23c9e4d47b97d0e3849c7d,e5d13d8e683bf8ae7624f32cd876afbd8f5b3c23,ZEPPELIN-4576,https://issues.apache.org/jira/browse/ZEPPELIN-4576,https://github.com/apache/zeppelin/tree/be57e343f3b2fcb6df23c9e4d47b97d0e3849c7d,https://github.com/apache/zeppelin/tree/e5d13d8e683bf8ae7624f32cd876afbd8f5b3c23,https://github.com/apache/zeppelin/compare/be57e343f3b2fcb6df23c9e4d47b97d0e3849c7d...e5d13d8e683bf8ae7624f32cd876afbd8f5b3c23
1088,Zeppelin,467fbcf60ae6cfca964252b95a53ea60ca78ed58,d0404f3484662958e22e7c25ba565b64798be214,ZEPPELIN-4590,https://issues.apache.org/jira/browse/ZEPPELIN-4590,https://github.com/apache/zeppelin/tree/467fbcf60ae6cfca964252b95a53ea60ca78ed58,https://github.com/apache/zeppelin/tree/d0404f3484662958e22e7c25ba565b64798be214,https://github.com/apache/zeppelin/compare/467fbcf60ae6cfca964252b95a53ea60ca78ed58...d0404f3484662958e22e7c25ba565b64798be214
1089,Zeppelin,6a23c9d25e054e427a141e6aa56fbe94a30703b6,e7304e801e73bfe041b4f31af04595002b644633,ZEPPELIN-4593,https://issues.apache.org/jira/browse/ZEPPELIN-4593,https://github.com/apache/zeppelin/tree/6a23c9d25e054e427a141e6aa56fbe94a30703b6,https://github.com/apache/zeppelin/tree/e7304e801e73bfe041b4f31af04595002b644633,https://github.com/apache/zeppelin/compare/6a23c9d25e054e427a141e6aa56fbe94a30703b6...e7304e801e73bfe041b4f31af04595002b644633
1090,Zeppelin,42cba816f3f13130d52950bcc464a7dcb7abb6ab,b62c6078d1d6dee30f9e35e10bf7e6d0f1e1ffc5,ZEPPELIN-4597,https://issues.apache.org/jira/browse/ZEPPELIN-4597,https://github.com/apache/zeppelin/tree/42cba816f3f13130d52950bcc464a7dcb7abb6ab,https://github.com/apache/zeppelin/tree/b62c6078d1d6dee30f9e35e10bf7e6d0f1e1ffc5,https://github.com/apache/zeppelin/compare/42cba816f3f13130d52950bcc464a7dcb7abb6ab...b62c6078d1d6dee30f9e35e10bf7e6d0f1e1ffc5
1091,Zeppelin,b62c6078d1d6dee30f9e35e10bf7e6d0f1e1ffc5,7bea72d71a062afd4aab48e6bc1669bfbb9de04b,ZEPPELIN-4598,https://issues.apache.org/jira/browse/ZEPPELIN-4598,https://github.com/apache/zeppelin/tree/b62c6078d1d6dee30f9e35e10bf7e6d0f1e1ffc5,https://github.com/apache/zeppelin/tree/7bea72d71a062afd4aab48e6bc1669bfbb9de04b,https://github.com/apache/zeppelin/compare/b62c6078d1d6dee30f9e35e10bf7e6d0f1e1ffc5...7bea72d71a062afd4aab48e6bc1669bfbb9de04b
1092,Zeppelin,7bea72d71a062afd4aab48e6bc1669bfbb9de04b,0afdb34b7235215476e301f72fb3f0226c02181f,ZEPPELIN-4605,https://issues.apache.org/jira/browse/ZEPPELIN-4605,https://github.com/apache/zeppelin/tree/7bea72d71a062afd4aab48e6bc1669bfbb9de04b,https://github.com/apache/zeppelin/tree/0afdb34b7235215476e301f72fb3f0226c02181f,https://github.com/apache/zeppelin/compare/7bea72d71a062afd4aab48e6bc1669bfbb9de04b...0afdb34b7235215476e301f72fb3f0226c02181f
1093,Zeppelin,0afdb34b7235215476e301f72fb3f0226c02181f,7c6cc039745eafdcdac382428423e0c7dcb2f4ce,ZEPPELIN-4607,https://issues.apache.org/jira/browse/ZEPPELIN-4607,https://github.com/apache/zeppelin/tree/0afdb34b7235215476e301f72fb3f0226c02181f,https://github.com/apache/zeppelin/tree/7c6cc039745eafdcdac382428423e0c7dcb2f4ce,https://github.com/apache/zeppelin/compare/0afdb34b7235215476e301f72fb3f0226c02181f...7c6cc039745eafdcdac382428423e0c7dcb2f4ce
1094,Zeppelin,2e6422c5dfc6a8154b79c6be4531063183cd46a8,e543d716a8b7f8bbb9ed679fcbdcd3e7e73c7d48,ZEPPELIN-3751,https://issues.apache.org/jira/browse/ZEPPELIN-3751,https://github.com/apache/zeppelin/tree/2e6422c5dfc6a8154b79c6be4531063183cd46a8,https://github.com/apache/zeppelin/tree/e543d716a8b7f8bbb9ed679fcbdcd3e7e73c7d48,https://github.com/apache/zeppelin/compare/2e6422c5dfc6a8154b79c6be4531063183cd46a8...e543d716a8b7f8bbb9ed679fcbdcd3e7e73c7d48
1095,Zeppelin,e543d716a8b7f8bbb9ed679fcbdcd3e7e73c7d48,1202b4c7d08ba61ee66dcd2bbed853f9775eaf89,ZEPPELIN-4606,https://issues.apache.org/jira/browse/ZEPPELIN-4606,https://github.com/apache/zeppelin/tree/e543d716a8b7f8bbb9ed679fcbdcd3e7e73c7d48,https://github.com/apache/zeppelin/tree/1202b4c7d08ba61ee66dcd2bbed853f9775eaf89,https://github.com/apache/zeppelin/compare/e543d716a8b7f8bbb9ed679fcbdcd3e7e73c7d48...1202b4c7d08ba61ee66dcd2bbed853f9775eaf89
1096,Zeppelin,1202b4c7d08ba61ee66dcd2bbed853f9775eaf89,496477e0ce1e35d4065171520b1546a96eaafa91,ZEPPELIN-4611,https://issues.apache.org/jira/browse/ZEPPELIN-4611,https://github.com/apache/zeppelin/tree/1202b4c7d08ba61ee66dcd2bbed853f9775eaf89,https://github.com/apache/zeppelin/tree/496477e0ce1e35d4065171520b1546a96eaafa91,https://github.com/apache/zeppelin/compare/1202b4c7d08ba61ee66dcd2bbed853f9775eaf89...496477e0ce1e35d4065171520b1546a96eaafa91
1097,Zeppelin,496477e0ce1e35d4065171520b1546a96eaafa91,c4adf542154f206cea46a0184c7e464dbb482664,ZEPPELIN-4580,https://issues.apache.org/jira/browse/ZEPPELIN-4580,https://github.com/apache/zeppelin/tree/496477e0ce1e35d4065171520b1546a96eaafa91,https://github.com/apache/zeppelin/tree/c4adf542154f206cea46a0184c7e464dbb482664,https://github.com/apache/zeppelin/compare/496477e0ce1e35d4065171520b1546a96eaafa91...c4adf542154f206cea46a0184c7e464dbb482664
1098,Zeppelin,3869daf53441d6ba07fcd25e66ad381f1dc8bdde,9bd81e238c9539a6d9f9b94b7ac5261af9644acc,ZEPPELIN-4613,https://issues.apache.org/jira/browse/ZEPPELIN-4613,https://github.com/apache/zeppelin/tree/3869daf53441d6ba07fcd25e66ad381f1dc8bdde,https://github.com/apache/zeppelin/tree/9bd81e238c9539a6d9f9b94b7ac5261af9644acc,https://github.com/apache/zeppelin/compare/3869daf53441d6ba07fcd25e66ad381f1dc8bdde...9bd81e238c9539a6d9f9b94b7ac5261af9644acc
1099,Zeppelin,9bd81e238c9539a6d9f9b94b7ac5261af9644acc,6d55732150bd36f2017ebc74896a4a5e09e3abc7,ZEPPELIN-4618,https://issues.apache.org/jira/browse/ZEPPELIN-4618,https://github.com/apache/zeppelin/tree/9bd81e238c9539a6d9f9b94b7ac5261af9644acc,https://github.com/apache/zeppelin/tree/6d55732150bd36f2017ebc74896a4a5e09e3abc7,https://github.com/apache/zeppelin/compare/9bd81e238c9539a6d9f9b94b7ac5261af9644acc...6d55732150bd36f2017ebc74896a4a5e09e3abc7
1100,Zeppelin,020856edadc6fb1d70746b49dcca90fa5c93a588,95b808144e25926c89725e48741c6148ee0e34ef,ZEPPELIN-4614,https://issues.apache.org/jira/browse/ZEPPELIN-4614,https://github.com/apache/zeppelin/tree/020856edadc6fb1d70746b49dcca90fa5c93a588,https://github.com/apache/zeppelin/tree/95b808144e25926c89725e48741c6148ee0e34ef,https://github.com/apache/zeppelin/compare/020856edadc6fb1d70746b49dcca90fa5c93a588...95b808144e25926c89725e48741c6148ee0e34ef
1101,Zeppelin,10566159e4707973d9ff07c0156a38b8527c1752,f7b2ceaecdb8d7b30c1fe3ae20a8d2304f325d2a,ZEPPELIN-4600,https://issues.apache.org/jira/browse/ZEPPELIN-4600,https://github.com/apache/zeppelin/tree/10566159e4707973d9ff07c0156a38b8527c1752,https://github.com/apache/zeppelin/tree/f7b2ceaecdb8d7b30c1fe3ae20a8d2304f325d2a,https://github.com/apache/zeppelin/compare/10566159e4707973d9ff07c0156a38b8527c1752...f7b2ceaecdb8d7b30c1fe3ae20a8d2304f325d2a
1102,Zeppelin,8b5bab08d627feeeb080b73895fc5531332abd79,b0e220e6dbbf1a54cbce98f290d593b49e97bc23,ZEPPELIN-4568,https://issues.apache.org/jira/browse/ZEPPELIN-4568,https://github.com/apache/zeppelin/tree/8b5bab08d627feeeb080b73895fc5531332abd79,https://github.com/apache/zeppelin/tree/b0e220e6dbbf1a54cbce98f290d593b49e97bc23,https://github.com/apache/zeppelin/compare/8b5bab08d627feeeb080b73895fc5531332abd79...b0e220e6dbbf1a54cbce98f290d593b49e97bc23
1103,Zeppelin,a1ef35b6777cbfacc7e9a588749db1a3cac3a94a,c13fb5bea0017f4958ba7d1f26253ed29068e097,ZEPPELIN-4627,https://issues.apache.org/jira/browse/ZEPPELIN-4627,https://github.com/apache/zeppelin/tree/a1ef35b6777cbfacc7e9a588749db1a3cac3a94a,https://github.com/apache/zeppelin/tree/c13fb5bea0017f4958ba7d1f26253ed29068e097,https://github.com/apache/zeppelin/compare/a1ef35b6777cbfacc7e9a588749db1a3cac3a94a...c13fb5bea0017f4958ba7d1f26253ed29068e097
1104,Zeppelin,b4ca28284878166309a583a4cbcebd026972fb27,c7f908937847916d922b20df99707a79bad2448d,ZEPPELIN-4643,https://issues.apache.org/jira/browse/ZEPPELIN-4643,https://github.com/apache/zeppelin/tree/b4ca28284878166309a583a4cbcebd026972fb27,https://github.com/apache/zeppelin/tree/c7f908937847916d922b20df99707a79bad2448d,https://github.com/apache/zeppelin/compare/b4ca28284878166309a583a4cbcebd026972fb27...c7f908937847916d922b20df99707a79bad2448d
1105,Zeppelin,21138dfd15ac0cddf422478b12152d31df913a38,a9a34cdd54665ac57f20a4defd8f5555ba7b6611,ZEPPELIN-4640,https://issues.apache.org/jira/browse/ZEPPELIN-4640,https://github.com/apache/zeppelin/tree/21138dfd15ac0cddf422478b12152d31df913a38,https://github.com/apache/zeppelin/tree/a9a34cdd54665ac57f20a4defd8f5555ba7b6611,https://github.com/apache/zeppelin/compare/21138dfd15ac0cddf422478b12152d31df913a38...a9a34cdd54665ac57f20a4defd8f5555ba7b6611
1106,Zeppelin,a9a34cdd54665ac57f20a4defd8f5555ba7b6611,79f51db98eb13364eb5e7838ea71ff07d843797d,ZEPPELIN-4631,https://issues.apache.org/jira/browse/ZEPPELIN-4631,https://github.com/apache/zeppelin/tree/a9a34cdd54665ac57f20a4defd8f5555ba7b6611,https://github.com/apache/zeppelin/tree/79f51db98eb13364eb5e7838ea71ff07d843797d,https://github.com/apache/zeppelin/compare/a9a34cdd54665ac57f20a4defd8f5555ba7b6611...79f51db98eb13364eb5e7838ea71ff07d843797d
1107,Zeppelin,7c7d51a2d5876456fe1a7eba2f985454213e0e32,381d9fdf139f48592266808c6349296da33c3ed1,ZEPPELIN-4641,https://issues.apache.org/jira/browse/ZEPPELIN-4641,https://github.com/apache/zeppelin/tree/7c7d51a2d5876456fe1a7eba2f985454213e0e32,https://github.com/apache/zeppelin/tree/381d9fdf139f48592266808c6349296da33c3ed1,https://github.com/apache/zeppelin/compare/7c7d51a2d5876456fe1a7eba2f985454213e0e32...381d9fdf139f48592266808c6349296da33c3ed1
1108,Zeppelin,6cb563e8eb39abd852f93115dcafded82166f572,d38e74502a2c528728d7d7445e552a22e3ee6393,ZEPPELIN-4653,https://issues.apache.org/jira/browse/ZEPPELIN-4653,https://github.com/apache/zeppelin/tree/6cb563e8eb39abd852f93115dcafded82166f572,https://github.com/apache/zeppelin/tree/d38e74502a2c528728d7d7445e552a22e3ee6393,https://github.com/apache/zeppelin/compare/6cb563e8eb39abd852f93115dcafded82166f572...d38e74502a2c528728d7d7445e552a22e3ee6393
1109,Zeppelin,d38e74502a2c528728d7d7445e552a22e3ee6393,e87cb15433671e207f962e0fa68fb32e41e936a1,ZEPPELIN-4626,https://issues.apache.org/jira/browse/ZEPPELIN-4626,https://github.com/apache/zeppelin/tree/d38e74502a2c528728d7d7445e552a22e3ee6393,https://github.com/apache/zeppelin/tree/e87cb15433671e207f962e0fa68fb32e41e936a1,https://github.com/apache/zeppelin/compare/d38e74502a2c528728d7d7445e552a22e3ee6393...e87cb15433671e207f962e0fa68fb32e41e936a1
1110,Zeppelin,17e3eb9e39868f2e482ee0642329db0475e1ec9a,1617fe5d652ff4eed3fe5a53c56b467e18f0c7e4,ZEPPELIN-4661,https://issues.apache.org/jira/browse/ZEPPELIN-4661,https://github.com/apache/zeppelin/tree/17e3eb9e39868f2e482ee0642329db0475e1ec9a,https://github.com/apache/zeppelin/tree/1617fe5d652ff4eed3fe5a53c56b467e18f0c7e4,https://github.com/apache/zeppelin/compare/17e3eb9e39868f2e482ee0642329db0475e1ec9a...1617fe5d652ff4eed3fe5a53c56b467e18f0c7e4
1111,Zeppelin,982251418ff7d75a0c141b4c2960d95192d94b8d,211268d61a2eaee6a896c2b83af3b3266308940a,ZEPPELIN-4655,https://issues.apache.org/jira/browse/ZEPPELIN-4655,https://github.com/apache/zeppelin/tree/982251418ff7d75a0c141b4c2960d95192d94b8d,https://github.com/apache/zeppelin/tree/211268d61a2eaee6a896c2b83af3b3266308940a,https://github.com/apache/zeppelin/compare/982251418ff7d75a0c141b4c2960d95192d94b8d...211268d61a2eaee6a896c2b83af3b3266308940a
1112,Zeppelin,211268d61a2eaee6a896c2b83af3b3266308940a,e1cf3de2aa97d3a27d598a427604b8f564f78e5b,ZEPPELIN-4628,https://issues.apache.org/jira/browse/ZEPPELIN-4628,https://github.com/apache/zeppelin/tree/211268d61a2eaee6a896c2b83af3b3266308940a,https://github.com/apache/zeppelin/tree/e1cf3de2aa97d3a27d598a427604b8f564f78e5b,https://github.com/apache/zeppelin/compare/211268d61a2eaee6a896c2b83af3b3266308940a...e1cf3de2aa97d3a27d598a427604b8f564f78e5b
1113,Zeppelin,422b58fb52c81051cdd5153c4531025f6b203c9b,ceb24b84caf9f4468c45b06ae6d26bec0682a839,ZEPPELIN-4662,https://issues.apache.org/jira/browse/ZEPPELIN-4662,https://github.com/apache/zeppelin/tree/422b58fb52c81051cdd5153c4531025f6b203c9b,https://github.com/apache/zeppelin/tree/ceb24b84caf9f4468c45b06ae6d26bec0682a839,https://github.com/apache/zeppelin/compare/422b58fb52c81051cdd5153c4531025f6b203c9b...ceb24b84caf9f4468c45b06ae6d26bec0682a839
1114,Zeppelin,ceb24b84caf9f4468c45b06ae6d26bec0682a839,5d012ec2eba21e0dcd4ef2dba6979e7419aefa09,ZEPPELIN-4467,https://issues.apache.org/jira/browse/ZEPPELIN-4467,https://github.com/apache/zeppelin/tree/ceb24b84caf9f4468c45b06ae6d26bec0682a839,https://github.com/apache/zeppelin/tree/5d012ec2eba21e0dcd4ef2dba6979e7419aefa09,https://github.com/apache/zeppelin/compare/ceb24b84caf9f4468c45b06ae6d26bec0682a839...5d012ec2eba21e0dcd4ef2dba6979e7419aefa09
1115,Zeppelin,1f00bb942a6af7521d061c2ccd574d753a2238b5,89a772331b6fac6586095a4b711acaf3601e71c3,ZEPPELIN-4666,https://issues.apache.org/jira/browse/ZEPPELIN-4666,https://github.com/apache/zeppelin/tree/1f00bb942a6af7521d061c2ccd574d753a2238b5,https://github.com/apache/zeppelin/tree/89a772331b6fac6586095a4b711acaf3601e71c3,https://github.com/apache/zeppelin/compare/1f00bb942a6af7521d061c2ccd574d753a2238b5...89a772331b6fac6586095a4b711acaf3601e71c3
1116,Zeppelin,4767c5f3640ab02f08f1928f1b74a9119e379354,eb416e7e4026c03ed430261a7e5e51cf2f7b0938,ZEPPELIN-4659,https://issues.apache.org/jira/browse/ZEPPELIN-4659,https://github.com/apache/zeppelin/tree/4767c5f3640ab02f08f1928f1b74a9119e379354,https://github.com/apache/zeppelin/tree/eb416e7e4026c03ed430261a7e5e51cf2f7b0938,https://github.com/apache/zeppelin/compare/4767c5f3640ab02f08f1928f1b74a9119e379354...eb416e7e4026c03ed430261a7e5e51cf2f7b0938
1117,Zeppelin,eb416e7e4026c03ed430261a7e5e51cf2f7b0938,b1a99c1a7bd5eaf6c914ec9de536ca41c451f60e,ZEPPELIN-4647,https://issues.apache.org/jira/browse/ZEPPELIN-4647,https://github.com/apache/zeppelin/tree/eb416e7e4026c03ed430261a7e5e51cf2f7b0938,https://github.com/apache/zeppelin/tree/b1a99c1a7bd5eaf6c914ec9de536ca41c451f60e,https://github.com/apache/zeppelin/compare/eb416e7e4026c03ed430261a7e5e51cf2f7b0938...b1a99c1a7bd5eaf6c914ec9de536ca41c451f60e
1118,Zeppelin,d4a47a1739875a7cfd9d2adc73efb155d0d278b1,6afafad8837712bfb5cffc61ed6761b147a39e13,ZEPPELIN-4504,https://issues.apache.org/jira/browse/ZEPPELIN-4504,https://github.com/apache/zeppelin/tree/d4a47a1739875a7cfd9d2adc73efb155d0d278b1,https://github.com/apache/zeppelin/tree/6afafad8837712bfb5cffc61ed6761b147a39e13,https://github.com/apache/zeppelin/compare/d4a47a1739875a7cfd9d2adc73efb155d0d278b1...6afafad8837712bfb5cffc61ed6761b147a39e13
1119,Zeppelin,bf8537a1769d024d549d8b11dca87042540d0b89,874513d95f580fd5089b74a351fd6b7d543a53c8,ZEPPELIN-4479,https://issues.apache.org/jira/browse/ZEPPELIN-4479,https://github.com/apache/zeppelin/tree/bf8537a1769d024d549d8b11dca87042540d0b89,https://github.com/apache/zeppelin/tree/874513d95f580fd5089b74a351fd6b7d543a53c8,https://github.com/apache/zeppelin/compare/bf8537a1769d024d549d8b11dca87042540d0b89...874513d95f580fd5089b74a351fd6b7d543a53c8
1120,Zeppelin,874513d95f580fd5089b74a351fd6b7d543a53c8,a792b5028ccdfce9bb29ad876fdde11cbbb62f98,ZEPPELIN-4679,https://issues.apache.org/jira/browse/ZEPPELIN-4679,https://github.com/apache/zeppelin/tree/874513d95f580fd5089b74a351fd6b7d543a53c8,https://github.com/apache/zeppelin/tree/a792b5028ccdfce9bb29ad876fdde11cbbb62f98,https://github.com/apache/zeppelin/compare/874513d95f580fd5089b74a351fd6b7d543a53c8...a792b5028ccdfce9bb29ad876fdde11cbbb62f98
1121,Zeppelin,233f39a24bd84c1ba5dd56679297134a4b026068,e5c1cc52d751eac2b7a571ff53a0f2920aa5c149,ZEPPELIN-4685,https://issues.apache.org/jira/browse/ZEPPELIN-4685,https://github.com/apache/zeppelin/tree/233f39a24bd84c1ba5dd56679297134a4b026068,https://github.com/apache/zeppelin/tree/e5c1cc52d751eac2b7a571ff53a0f2920aa5c149,https://github.com/apache/zeppelin/compare/233f39a24bd84c1ba5dd56679297134a4b026068...e5c1cc52d751eac2b7a571ff53a0f2920aa5c149
1122,Zeppelin,2c64fc0faa9d6783ff7243f903ef1abc19c80335,8f45fefb1c45ab163bedb94e3d9a9ef8a35afd91,ZEPPELIN-2891,https://issues.apache.org/jira/browse/ZEPPELIN-2891,https://github.com/apache/zeppelin/tree/2c64fc0faa9d6783ff7243f903ef1abc19c80335,https://github.com/apache/zeppelin/tree/8f45fefb1c45ab163bedb94e3d9a9ef8a35afd91,https://github.com/apache/zeppelin/compare/2c64fc0faa9d6783ff7243f903ef1abc19c80335...8f45fefb1c45ab163bedb94e3d9a9ef8a35afd91
1123,Zeppelin,8f45fefb1c45ab163bedb94e3d9a9ef8a35afd91,b0a26b465559c1a74b13974ea5403020e53ede74,ZEPPELIN-4691,https://issues.apache.org/jira/browse/ZEPPELIN-4691,https://github.com/apache/zeppelin/tree/8f45fefb1c45ab163bedb94e3d9a9ef8a35afd91,https://github.com/apache/zeppelin/tree/b0a26b465559c1a74b13974ea5403020e53ede74,https://github.com/apache/zeppelin/compare/8f45fefb1c45ab163bedb94e3d9a9ef8a35afd91...b0a26b465559c1a74b13974ea5403020e53ede74
1124,Zeppelin,cdbb08fc0f4d8ccda01a0217b355df1c20c0580b,6cdcc5b01250afab52a766ede37c469686f9d492,ZEPPELIN-4692,https://issues.apache.org/jira/browse/ZEPPELIN-4692,https://github.com/apache/zeppelin/tree/cdbb08fc0f4d8ccda01a0217b355df1c20c0580b,https://github.com/apache/zeppelin/tree/6cdcc5b01250afab52a766ede37c469686f9d492,https://github.com/apache/zeppelin/compare/cdbb08fc0f4d8ccda01a0217b355df1c20c0580b...6cdcc5b01250afab52a766ede37c469686f9d492
1125,Zeppelin,768bbf9ff4f735c2f3e65085cb8fdc6eabff779f,b8a93861bf124877f35d3e9883c8598911e0b1e9,ZEPPELIN-4698,https://issues.apache.org/jira/browse/ZEPPELIN-4698,https://github.com/apache/zeppelin/tree/768bbf9ff4f735c2f3e65085cb8fdc6eabff779f,https://github.com/apache/zeppelin/tree/b8a93861bf124877f35d3e9883c8598911e0b1e9,https://github.com/apache/zeppelin/compare/768bbf9ff4f735c2f3e65085cb8fdc6eabff779f...b8a93861bf124877f35d3e9883c8598911e0b1e9
1126,Zeppelin,46c5d97b66fe16a96c5314e66cb8625654c07953,fff72d0b2a9d602957000e794c2261b352d55209,ZEPPELIN-4704,https://issues.apache.org/jira/browse/ZEPPELIN-4704,https://github.com/apache/zeppelin/tree/46c5d97b66fe16a96c5314e66cb8625654c07953,https://github.com/apache/zeppelin/tree/fff72d0b2a9d602957000e794c2261b352d55209,https://github.com/apache/zeppelin/compare/46c5d97b66fe16a96c5314e66cb8625654c07953...fff72d0b2a9d602957000e794c2261b352d55209
1127,Zeppelin,ba92ffbb1b85298f8d3b4b588ceff547db40bcaa,a7c75def4025373ce64ad95cd5feb994620ec9be,ZEPPELIN-4697,https://issues.apache.org/jira/browse/ZEPPELIN-4697,https://github.com/apache/zeppelin/tree/ba92ffbb1b85298f8d3b4b588ceff547db40bcaa,https://github.com/apache/zeppelin/tree/a7c75def4025373ce64ad95cd5feb994620ec9be,https://github.com/apache/zeppelin/compare/ba92ffbb1b85298f8d3b4b588ceff547db40bcaa...a7c75def4025373ce64ad95cd5feb994620ec9be
1128,Zeppelin,b0ffd7e67afd9befdf26e0d2b23ed6aeaaab5170,cb886d31a24314e855fb39cd420082088eeb5327,ZEPPELIN-4721,https://issues.apache.org/jira/browse/ZEPPELIN-4721,https://github.com/apache/zeppelin/tree/b0ffd7e67afd9befdf26e0d2b23ed6aeaaab5170,https://github.com/apache/zeppelin/tree/cb886d31a24314e855fb39cd420082088eeb5327,https://github.com/apache/zeppelin/compare/b0ffd7e67afd9befdf26e0d2b23ed6aeaaab5170...cb886d31a24314e855fb39cd420082088eeb5327
1129,Zeppelin,0bcc1a2dfba37efe7176233e7b21324a8e497de3,6c10bb2652c8eb9777c68f07941e453ef59f7008,ZEPPELIN-4718,https://issues.apache.org/jira/browse/ZEPPELIN-4718,https://github.com/apache/zeppelin/tree/0bcc1a2dfba37efe7176233e7b21324a8e497de3,https://github.com/apache/zeppelin/tree/6c10bb2652c8eb9777c68f07941e453ef59f7008,https://github.com/apache/zeppelin/compare/0bcc1a2dfba37efe7176233e7b21324a8e497de3...6c10bb2652c8eb9777c68f07941e453ef59f7008
1130,Zeppelin,8952b27ea45d798305ccece2e1226188f2ee4025,7bd8e288b79033eded10ecbe075b4c938979bb68,ZEPPELIN-4714,https://issues.apache.org/jira/browse/ZEPPELIN-4714,https://github.com/apache/zeppelin/tree/8952b27ea45d798305ccece2e1226188f2ee4025,https://github.com/apache/zeppelin/tree/7bd8e288b79033eded10ecbe075b4c938979bb68,https://github.com/apache/zeppelin/compare/8952b27ea45d798305ccece2e1226188f2ee4025...7bd8e288b79033eded10ecbe075b4c938979bb68
1131,Zeppelin,3e614e0ca47a05338e642d5cdc9e77532fc96efd,476f0e5d1c441bf18e7ed4d129bf4de700d1b5ba,ZEPPELIN-4712,https://issues.apache.org/jira/browse/ZEPPELIN-4712,https://github.com/apache/zeppelin/tree/3e614e0ca47a05338e642d5cdc9e77532fc96efd,https://github.com/apache/zeppelin/tree/476f0e5d1c441bf18e7ed4d129bf4de700d1b5ba,https://github.com/apache/zeppelin/compare/3e614e0ca47a05338e642d5cdc9e77532fc96efd...476f0e5d1c441bf18e7ed4d129bf4de700d1b5ba
1132,Zeppelin,70c3a5201dfa6d567601bf26766b4eccdf87141e,b877e3877ec73dccfe969004d0f80e2e73ef21fa,ZEPPELIN-4757,https://issues.apache.org/jira/browse/ZEPPELIN-4757,https://github.com/apache/zeppelin/tree/70c3a5201dfa6d567601bf26766b4eccdf87141e,https://github.com/apache/zeppelin/tree/b877e3877ec73dccfe969004d0f80e2e73ef21fa,https://github.com/apache/zeppelin/compare/70c3a5201dfa6d567601bf26766b4eccdf87141e...b877e3877ec73dccfe969004d0f80e2e73ef21fa
1133,Zeppelin,b877e3877ec73dccfe969004d0f80e2e73ef21fa,5de88ea94cf73ec9d64b39c4136c5978ef6aad89,ZEPPELIN-4743,https://issues.apache.org/jira/browse/ZEPPELIN-4743,https://github.com/apache/zeppelin/tree/b877e3877ec73dccfe969004d0f80e2e73ef21fa,https://github.com/apache/zeppelin/tree/5de88ea94cf73ec9d64b39c4136c5978ef6aad89,https://github.com/apache/zeppelin/compare/b877e3877ec73dccfe969004d0f80e2e73ef21fa...5de88ea94cf73ec9d64b39c4136c5978ef6aad89
1134,Zeppelin,d340867ae31b2605c3f0c8644ebee19ebeaf54bb,5cce538b17c160698bace782ff8ec2bac9adb928,ZEPPELIN-4755,https://issues.apache.org/jira/browse/ZEPPELIN-4755,https://github.com/apache/zeppelin/tree/d340867ae31b2605c3f0c8644ebee19ebeaf54bb,https://github.com/apache/zeppelin/tree/5cce538b17c160698bace782ff8ec2bac9adb928,https://github.com/apache/zeppelin/compare/d340867ae31b2605c3f0c8644ebee19ebeaf54bb...5cce538b17c160698bace782ff8ec2bac9adb928
1135,Zeppelin,5cce538b17c160698bace782ff8ec2bac9adb928,b68248b542cab019609ff3a91ec82879ceb8c45a,ZEPPELIN-4758,https://issues.apache.org/jira/browse/ZEPPELIN-4758,https://github.com/apache/zeppelin/tree/5cce538b17c160698bace782ff8ec2bac9adb928,https://github.com/apache/zeppelin/tree/b68248b542cab019609ff3a91ec82879ceb8c45a,https://github.com/apache/zeppelin/compare/5cce538b17c160698bace782ff8ec2bac9adb928...b68248b542cab019609ff3a91ec82879ceb8c45a
1136,Zeppelin,1e855136f53b9d803848da14be8b1d695b880294,ad338074287d29689e6b892b2e4cc45df3f3c69e,ZEPPELIN-4759,https://issues.apache.org/jira/browse/ZEPPELIN-4759,https://github.com/apache/zeppelin/tree/1e855136f53b9d803848da14be8b1d695b880294,https://github.com/apache/zeppelin/tree/ad338074287d29689e6b892b2e4cc45df3f3c69e,https://github.com/apache/zeppelin/compare/1e855136f53b9d803848da14be8b1d695b880294...ad338074287d29689e6b892b2e4cc45df3f3c69e
1137,Zeppelin,ad338074287d29689e6b892b2e4cc45df3f3c69e,f577f1e257ef64bb951527e95e98c589c802bff3,ZEPPELIN-4766,https://issues.apache.org/jira/browse/ZEPPELIN-4766,https://github.com/apache/zeppelin/tree/ad338074287d29689e6b892b2e4cc45df3f3c69e,https://github.com/apache/zeppelin/tree/f577f1e257ef64bb951527e95e98c589c802bff3,https://github.com/apache/zeppelin/compare/ad338074287d29689e6b892b2e4cc45df3f3c69e...f577f1e257ef64bb951527e95e98c589c802bff3
1138,Zeppelin,d252d0b64a226cabfa6e5b514ca2aef2203c759d,a1dc93dbe72d7f8704886671aa4370470db83121,ZEPPELIN-4695,https://issues.apache.org/jira/browse/ZEPPELIN-4695,https://github.com/apache/zeppelin/tree/d252d0b64a226cabfa6e5b514ca2aef2203c759d,https://github.com/apache/zeppelin/tree/a1dc93dbe72d7f8704886671aa4370470db83121,https://github.com/apache/zeppelin/compare/d252d0b64a226cabfa6e5b514ca2aef2203c759d...a1dc93dbe72d7f8704886671aa4370470db83121
1139,Zeppelin,02749abc2b9c3993ff6c41e6f1ef9246cae4f077,badb2b4ba2b731f585e0aec6b791eeff792076b3,ZEPPELIN-4768,https://issues.apache.org/jira/browse/ZEPPELIN-4768,https://github.com/apache/zeppelin/tree/02749abc2b9c3993ff6c41e6f1ef9246cae4f077,https://github.com/apache/zeppelin/tree/badb2b4ba2b731f585e0aec6b791eeff792076b3,https://github.com/apache/zeppelin/compare/02749abc2b9c3993ff6c41e6f1ef9246cae4f077...badb2b4ba2b731f585e0aec6b791eeff792076b3
1140,Zeppelin,badb2b4ba2b731f585e0aec6b791eeff792076b3,28a0a6dea97d3630e4acf310df051523fca6140b,ZEPPELIN-4775,https://issues.apache.org/jira/browse/ZEPPELIN-4775,https://github.com/apache/zeppelin/tree/badb2b4ba2b731f585e0aec6b791eeff792076b3,https://github.com/apache/zeppelin/tree/28a0a6dea97d3630e4acf310df051523fca6140b,https://github.com/apache/zeppelin/compare/badb2b4ba2b731f585e0aec6b791eeff792076b3...28a0a6dea97d3630e4acf310df051523fca6140b
1141,Zeppelin,067aba81c3031275e16a689cac903ab66aefd958,564f166f26f1a76d581527cbcdfd4fe36f0b4335,ZEPPELIN-4776,https://issues.apache.org/jira/browse/ZEPPELIN-4776,https://github.com/apache/zeppelin/tree/067aba81c3031275e16a689cac903ab66aefd958,https://github.com/apache/zeppelin/tree/564f166f26f1a76d581527cbcdfd4fe36f0b4335,https://github.com/apache/zeppelin/compare/067aba81c3031275e16a689cac903ab66aefd958...564f166f26f1a76d581527cbcdfd4fe36f0b4335
1142,Zeppelin,564f166f26f1a76d581527cbcdfd4fe36f0b4335,0a27eee0b9565c735ef94cfc1196f0b1a8928816,ZEPPELIN-4771,https://issues.apache.org/jira/browse/ZEPPELIN-4771,https://github.com/apache/zeppelin/tree/564f166f26f1a76d581527cbcdfd4fe36f0b4335,https://github.com/apache/zeppelin/tree/0a27eee0b9565c735ef94cfc1196f0b1a8928816,https://github.com/apache/zeppelin/compare/564f166f26f1a76d581527cbcdfd4fe36f0b4335...0a27eee0b9565c735ef94cfc1196f0b1a8928816
1143,Zeppelin,0a27eee0b9565c735ef94cfc1196f0b1a8928816,2ddc84eb822b69c12acdc6ec2ed10fc3a0f9390f,ZEPPELIN-4772,https://issues.apache.org/jira/browse/ZEPPELIN-4772,https://github.com/apache/zeppelin/tree/0a27eee0b9565c735ef94cfc1196f0b1a8928816,https://github.com/apache/zeppelin/tree/2ddc84eb822b69c12acdc6ec2ed10fc3a0f9390f,https://github.com/apache/zeppelin/compare/0a27eee0b9565c735ef94cfc1196f0b1a8928816...2ddc84eb822b69c12acdc6ec2ed10fc3a0f9390f
1144,Zeppelin,2ddc84eb822b69c12acdc6ec2ed10fc3a0f9390f,e43e133e7c7af5125d87dd80c089305c7f783498,ZEPPELIN-4783,https://issues.apache.org/jira/browse/ZEPPELIN-4783,https://github.com/apache/zeppelin/tree/2ddc84eb822b69c12acdc6ec2ed10fc3a0f9390f,https://github.com/apache/zeppelin/tree/e43e133e7c7af5125d87dd80c089305c7f783498,https://github.com/apache/zeppelin/compare/2ddc84eb822b69c12acdc6ec2ed10fc3a0f9390f...e43e133e7c7af5125d87dd80c089305c7f783498
1145,Zeppelin,cb47d73fe378fd86afccb05f2112c56fd43c2ccd,9a578a3c33be285247161463ff749a96f56bbf9a,ZEPPELIN-4791,https://issues.apache.org/jira/browse/ZEPPELIN-4791,https://github.com/apache/zeppelin/tree/cb47d73fe378fd86afccb05f2112c56fd43c2ccd,https://github.com/apache/zeppelin/tree/9a578a3c33be285247161463ff749a96f56bbf9a,https://github.com/apache/zeppelin/compare/cb47d73fe378fd86afccb05f2112c56fd43c2ccd...9a578a3c33be285247161463ff749a96f56bbf9a
1146,Zeppelin,838cc11a73f72d118f4e708382aed4d52d32cd2c,302c2873cdb4fb29f0a0d932c18c63f28b3d35c4,ZEPPELIN-3225,https://issues.apache.org/jira/browse/ZEPPELIN-3225,https://github.com/apache/zeppelin/tree/838cc11a73f72d118f4e708382aed4d52d32cd2c,https://github.com/apache/zeppelin/tree/302c2873cdb4fb29f0a0d932c18c63f28b3d35c4,https://github.com/apache/zeppelin/compare/838cc11a73f72d118f4e708382aed4d52d32cd2c...302c2873cdb4fb29f0a0d932c18c63f28b3d35c4
1147,Zeppelin,03211a1a4873f73e86997d7cd6f1f963927aac44,bb05460972e3663363d3540be90ab1c582006ce4,ZEPPELIN-4809,https://issues.apache.org/jira/browse/ZEPPELIN-4809,https://github.com/apache/zeppelin/tree/03211a1a4873f73e86997d7cd6f1f963927aac44,https://github.com/apache/zeppelin/tree/bb05460972e3663363d3540be90ab1c582006ce4,https://github.com/apache/zeppelin/compare/03211a1a4873f73e86997d7cd6f1f963927aac44...bb05460972e3663363d3540be90ab1c582006ce4
1148,Zeppelin,3b7df786cb067e234448c943994c3fa685693069,f92327ab741db49430d59989cc6dcf5c964eadcc,ZEPPELIN-4778,https://issues.apache.org/jira/browse/ZEPPELIN-4778,https://github.com/apache/zeppelin/tree/3b7df786cb067e234448c943994c3fa685693069,https://github.com/apache/zeppelin/tree/f92327ab741db49430d59989cc6dcf5c964eadcc,https://github.com/apache/zeppelin/compare/3b7df786cb067e234448c943994c3fa685693069...f92327ab741db49430d59989cc6dcf5c964eadcc
1149,Zeppelin,f92327ab741db49430d59989cc6dcf5c964eadcc,2187d3f4bfc2cedb57ac3ccbff61f5f426069183,ZEPPELIN-4778,https://issues.apache.org/jira/browse/ZEPPELIN-4778,https://github.com/apache/zeppelin/tree/f92327ab741db49430d59989cc6dcf5c964eadcc,https://github.com/apache/zeppelin/tree/2187d3f4bfc2cedb57ac3ccbff61f5f426069183,https://github.com/apache/zeppelin/compare/f92327ab741db49430d59989cc6dcf5c964eadcc...2187d3f4bfc2cedb57ac3ccbff61f5f426069183
1150,Zeppelin,2187d3f4bfc2cedb57ac3ccbff61f5f426069183,5528bcfb40edd808eb496cd17b2f466e6db4c077,ZEPPELIN-4778,https://issues.apache.org/jira/browse/ZEPPELIN-4778,https://github.com/apache/zeppelin/tree/2187d3f4bfc2cedb57ac3ccbff61f5f426069183,https://github.com/apache/zeppelin/tree/5528bcfb40edd808eb496cd17b2f466e6db4c077,https://github.com/apache/zeppelin/compare/2187d3f4bfc2cedb57ac3ccbff61f5f426069183...5528bcfb40edd808eb496cd17b2f466e6db4c077
1151,Zeppelin,4a8966d08d8d934a64794c14150e4683b14ce695,69722ff4baeab5b0ece76f9abf8fb14ae0980e5b,ZEPPELIN-4805,https://issues.apache.org/jira/browse/ZEPPELIN-4805,https://github.com/apache/zeppelin/tree/4a8966d08d8d934a64794c14150e4683b14ce695,https://github.com/apache/zeppelin/tree/69722ff4baeab5b0ece76f9abf8fb14ae0980e5b,https://github.com/apache/zeppelin/compare/4a8966d08d8d934a64794c14150e4683b14ce695...69722ff4baeab5b0ece76f9abf8fb14ae0980e5b
1152,Zeppelin,69722ff4baeab5b0ece76f9abf8fb14ae0980e5b,0b1df00a2feffa22bede44fd326dcfcf24e25bd6,ZEPPELIN-4823,https://issues.apache.org/jira/browse/ZEPPELIN-4823,https://github.com/apache/zeppelin/tree/69722ff4baeab5b0ece76f9abf8fb14ae0980e5b,https://github.com/apache/zeppelin/tree/0b1df00a2feffa22bede44fd326dcfcf24e25bd6,https://github.com/apache/zeppelin/compare/69722ff4baeab5b0ece76f9abf8fb14ae0980e5b...0b1df00a2feffa22bede44fd326dcfcf24e25bd6
1153,Zeppelin,0b1df00a2feffa22bede44fd326dcfcf24e25bd6,6d5783c694cef8a09a5e9f708f93d5a5460fbc16,ZEPPELIN-4832,https://issues.apache.org/jira/browse/ZEPPELIN-4832,https://github.com/apache/zeppelin/tree/0b1df00a2feffa22bede44fd326dcfcf24e25bd6,https://github.com/apache/zeppelin/tree/6d5783c694cef8a09a5e9f708f93d5a5460fbc16,https://github.com/apache/zeppelin/compare/0b1df00a2feffa22bede44fd326dcfcf24e25bd6...6d5783c694cef8a09a5e9f708f93d5a5460fbc16
1154,Zeppelin,6d5783c694cef8a09a5e9f708f93d5a5460fbc16,26080055d6fbc5a0e829f47d43d5be7d3135e788,ZEPPELIN-4829,https://issues.apache.org/jira/browse/ZEPPELIN-4829,https://github.com/apache/zeppelin/tree/6d5783c694cef8a09a5e9f708f93d5a5460fbc16,https://github.com/apache/zeppelin/tree/26080055d6fbc5a0e829f47d43d5be7d3135e788,https://github.com/apache/zeppelin/compare/6d5783c694cef8a09a5e9f708f93d5a5460fbc16...26080055d6fbc5a0e829f47d43d5be7d3135e788
1155,Zeppelin,3034a44dc3b783782a476b5fd47cb11341430a3c,df86e50218eaede551b1a3b84d6142646a17a42c,ZEPPELIN-4802,https://issues.apache.org/jira/browse/ZEPPELIN-4802,https://github.com/apache/zeppelin/tree/3034a44dc3b783782a476b5fd47cb11341430a3c,https://github.com/apache/zeppelin/tree/df86e50218eaede551b1a3b84d6142646a17a42c,https://github.com/apache/zeppelin/compare/3034a44dc3b783782a476b5fd47cb11341430a3c...df86e50218eaede551b1a3b84d6142646a17a42c
1156,Zeppelin,df86e50218eaede551b1a3b84d6142646a17a42c,def30ee4b88b759ce6f607247829f556687454d6,ZEPPELIN-4792,https://issues.apache.org/jira/browse/ZEPPELIN-4792,https://github.com/apache/zeppelin/tree/df86e50218eaede551b1a3b84d6142646a17a42c,https://github.com/apache/zeppelin/tree/def30ee4b88b759ce6f607247829f556687454d6,https://github.com/apache/zeppelin/compare/df86e50218eaede551b1a3b84d6142646a17a42c...def30ee4b88b759ce6f607247829f556687454d6
1157,Zeppelin,a50df08a5f232d73dffcb78b443abb970da85f39,50a3c3eca48caea98378504ca18cd073e8a7e0ed,ZEPPELIN-4860,https://issues.apache.org/jira/browse/ZEPPELIN-4860,https://github.com/apache/zeppelin/tree/a50df08a5f232d73dffcb78b443abb970da85f39,https://github.com/apache/zeppelin/tree/50a3c3eca48caea98378504ca18cd073e8a7e0ed,https://github.com/apache/zeppelin/compare/a50df08a5f232d73dffcb78b443abb970da85f39...50a3c3eca48caea98378504ca18cd073e8a7e0ed
1158,Zeppelin,4d4d532d3b5d2fae552e8adfe3ad8e187ed67314,11780d387ccf7ab86f57313e36fdb5922e66f561,ZEPPELIN-4833,https://issues.apache.org/jira/browse/ZEPPELIN-4833,https://github.com/apache/zeppelin/tree/4d4d532d3b5d2fae552e8adfe3ad8e187ed67314,https://github.com/apache/zeppelin/tree/11780d387ccf7ab86f57313e36fdb5922e66f561,https://github.com/apache/zeppelin/compare/4d4d532d3b5d2fae552e8adfe3ad8e187ed67314...11780d387ccf7ab86f57313e36fdb5922e66f561
1159,Zeppelin,11780d387ccf7ab86f57313e36fdb5922e66f561,7eb125d5bc61bfe7d16931cb005a3d05b2edadb6,ZEPPELIN-4859,https://issues.apache.org/jira/browse/ZEPPELIN-4859,https://github.com/apache/zeppelin/tree/11780d387ccf7ab86f57313e36fdb5922e66f561,https://github.com/apache/zeppelin/tree/7eb125d5bc61bfe7d16931cb005a3d05b2edadb6,https://github.com/apache/zeppelin/compare/11780d387ccf7ab86f57313e36fdb5922e66f561...7eb125d5bc61bfe7d16931cb005a3d05b2edadb6
1160,Zeppelin,951da42941b6e0e6bdbb8628160b08564b033955,badcaa0ca939733721bd603effac69959dbd6ac3,ZEPPELIN-4877,https://issues.apache.org/jira/browse/ZEPPELIN-4877,https://github.com/apache/zeppelin/tree/951da42941b6e0e6bdbb8628160b08564b033955,https://github.com/apache/zeppelin/tree/badcaa0ca939733721bd603effac69959dbd6ac3,https://github.com/apache/zeppelin/compare/951da42941b6e0e6bdbb8628160b08564b033955...badcaa0ca939733721bd603effac69959dbd6ac3
1161,Zeppelin,cfb64a7c9329075b8a89b7230bae8abf66b9a9de,9294062f28a2a7ba8625710eac3ccb95dd585d07,ZEPPELIN-4889,https://issues.apache.org/jira/browse/ZEPPELIN-4889,https://github.com/apache/zeppelin/tree/cfb64a7c9329075b8a89b7230bae8abf66b9a9de,https://github.com/apache/zeppelin/tree/9294062f28a2a7ba8625710eac3ccb95dd585d07,https://github.com/apache/zeppelin/compare/cfb64a7c9329075b8a89b7230bae8abf66b9a9de...9294062f28a2a7ba8625710eac3ccb95dd585d07
1162,Zeppelin,9294062f28a2a7ba8625710eac3ccb95dd585d07,a282e7861da444c65091b1c56cbded48a69e5609,ZEPPELIN-4821,https://issues.apache.org/jira/browse/ZEPPELIN-4821,https://github.com/apache/zeppelin/tree/9294062f28a2a7ba8625710eac3ccb95dd585d07,https://github.com/apache/zeppelin/tree/a282e7861da444c65091b1c56cbded48a69e5609,https://github.com/apache/zeppelin/compare/9294062f28a2a7ba8625710eac3ccb95dd585d07...a282e7861da444c65091b1c56cbded48a69e5609
1163,Zeppelin,a58902c44d62f2b0a5f5f8c8c5c5794425204dfe,54c8ce895fb56419c54500791d8bfeba364e9b10,ZEPPELIN-4891,https://issues.apache.org/jira/browse/ZEPPELIN-4891,https://github.com/apache/zeppelin/tree/a58902c44d62f2b0a5f5f8c8c5c5794425204dfe,https://github.com/apache/zeppelin/tree/54c8ce895fb56419c54500791d8bfeba364e9b10,https://github.com/apache/zeppelin/compare/a58902c44d62f2b0a5f5f8c8c5c5794425204dfe...54c8ce895fb56419c54500791d8bfeba364e9b10
1164,Zeppelin,54c8ce895fb56419c54500791d8bfeba364e9b10,2e51c39718d89f4af6babcdaa6ae971f0ce54ce8,ZEPPELIN-4892,https://issues.apache.org/jira/browse/ZEPPELIN-4892,https://github.com/apache/zeppelin/tree/54c8ce895fb56419c54500791d8bfeba364e9b10,https://github.com/apache/zeppelin/tree/2e51c39718d89f4af6babcdaa6ae971f0ce54ce8,https://github.com/apache/zeppelin/compare/54c8ce895fb56419c54500791d8bfeba364e9b10...2e51c39718d89f4af6babcdaa6ae971f0ce54ce8
1165,Zeppelin,72f3e0a039ae126d4f99deb8870f7f826cdef77b,46ac4376c1e357e7defe845aa3e930f54c7ec140,ZEPPELIN-4796,https://issues.apache.org/jira/browse/ZEPPELIN-4796,https://github.com/apache/zeppelin/tree/72f3e0a039ae126d4f99deb8870f7f826cdef77b,https://github.com/apache/zeppelin/tree/46ac4376c1e357e7defe845aa3e930f54c7ec140,https://github.com/apache/zeppelin/compare/72f3e0a039ae126d4f99deb8870f7f826cdef77b...46ac4376c1e357e7defe845aa3e930f54c7ec140
1166,Zeppelin,abf20179266bcaf8bb0dba838a9f909f77f37d12,5dedab9e507257fff428abf75a32b45536cb04ba,ZEPPELIN-4906,https://issues.apache.org/jira/browse/ZEPPELIN-4906,https://github.com/apache/zeppelin/tree/abf20179266bcaf8bb0dba838a9f909f77f37d12,https://github.com/apache/zeppelin/tree/5dedab9e507257fff428abf75a32b45536cb04ba,https://github.com/apache/zeppelin/compare/abf20179266bcaf8bb0dba838a9f909f77f37d12...5dedab9e507257fff428abf75a32b45536cb04ba
1167,Zeppelin,cb6fa5682c529f2a8e29d39231ec57ae89cbd107,5ed4995748cf2ed34e800f16cb6e449e080d6321,ZEPPELIN-4881,https://issues.apache.org/jira/browse/ZEPPELIN-4881,https://github.com/apache/zeppelin/tree/cb6fa5682c529f2a8e29d39231ec57ae89cbd107,https://github.com/apache/zeppelin/tree/5ed4995748cf2ed34e800f16cb6e449e080d6321,https://github.com/apache/zeppelin/compare/cb6fa5682c529f2a8e29d39231ec57ae89cbd107...5ed4995748cf2ed34e800f16cb6e449e080d6321
1168,Zeppelin,567fce2f1559338688f3cea5126749c0dbcff418,174892d86471d9ca05885597bc6ceaf5abe96eee,ZEPPELIN-4922,https://issues.apache.org/jira/browse/ZEPPELIN-4922,https://github.com/apache/zeppelin/tree/567fce2f1559338688f3cea5126749c0dbcff418,https://github.com/apache/zeppelin/tree/174892d86471d9ca05885597bc6ceaf5abe96eee,https://github.com/apache/zeppelin/compare/567fce2f1559338688f3cea5126749c0dbcff418...174892d86471d9ca05885597bc6ceaf5abe96eee
1169,Zeppelin,6f3ea39d845030e6155342e3710f74198d34a1cd,55c1d276746b9bbf5458ca92cb55b2aeb0bae595,ZEPPELIN-4863,https://issues.apache.org/jira/browse/ZEPPELIN-4863,https://github.com/apache/zeppelin/tree/6f3ea39d845030e6155342e3710f74198d34a1cd,https://github.com/apache/zeppelin/tree/55c1d276746b9bbf5458ca92cb55b2aeb0bae595,https://github.com/apache/zeppelin/compare/6f3ea39d845030e6155342e3710f74198d34a1cd...55c1d276746b9bbf5458ca92cb55b2aeb0bae595
1170,Zeppelin,55c1d276746b9bbf5458ca92cb55b2aeb0bae595,c2776611152349299853c8a7918fa0e080fbccfd,ZEPPELIN-4912,https://issues.apache.org/jira/browse/ZEPPELIN-4912,https://github.com/apache/zeppelin/tree/55c1d276746b9bbf5458ca92cb55b2aeb0bae595,https://github.com/apache/zeppelin/tree/c2776611152349299853c8a7918fa0e080fbccfd,https://github.com/apache/zeppelin/compare/55c1d276746b9bbf5458ca92cb55b2aeb0bae595...c2776611152349299853c8a7918fa0e080fbccfd
1171,Zeppelin,58e074b6bc19a5c8184717a6644f05763e8a2d14,085ce0b3ef69e63f903e3a814ea3db0abbf6438e,ZEPPELIN-4911,https://issues.apache.org/jira/browse/ZEPPELIN-4911,https://github.com/apache/zeppelin/tree/58e074b6bc19a5c8184717a6644f05763e8a2d14,https://github.com/apache/zeppelin/tree/085ce0b3ef69e63f903e3a814ea3db0abbf6438e,https://github.com/apache/zeppelin/compare/58e074b6bc19a5c8184717a6644f05763e8a2d14...085ce0b3ef69e63f903e3a814ea3db0abbf6438e
1172,Zeppelin,fceb571ccd24e5e5cb7a1aaefd11e6116c8f2e33,f0669e5fb1199f98b1b94f00ab02f9488ba463ca,ZEPPELIN-4934,https://issues.apache.org/jira/browse/ZEPPELIN-4934,https://github.com/apache/zeppelin/tree/fceb571ccd24e5e5cb7a1aaefd11e6116c8f2e33,https://github.com/apache/zeppelin/tree/f0669e5fb1199f98b1b94f00ab02f9488ba463ca,https://github.com/apache/zeppelin/compare/fceb571ccd24e5e5cb7a1aaefd11e6116c8f2e33...f0669e5fb1199f98b1b94f00ab02f9488ba463ca
1173,Zeppelin,706a9578f85e5dd67dad0743bc4d50b1a842568c,5b31cb61f605659bffec797f1d9ef46a2bbc4474,ZEPPELIN-4932,https://issues.apache.org/jira/browse/ZEPPELIN-4932,https://github.com/apache/zeppelin/tree/706a9578f85e5dd67dad0743bc4d50b1a842568c,https://github.com/apache/zeppelin/tree/5b31cb61f605659bffec797f1d9ef46a2bbc4474,https://github.com/apache/zeppelin/compare/706a9578f85e5dd67dad0743bc4d50b1a842568c...5b31cb61f605659bffec797f1d9ef46a2bbc4474
1174,Zeppelin,c044d7a43e64e25883f6108709af6fecb4d6a3ef,85815043832e8bde698e851556b9e6e59fd7039f,ZEPPELIN-4951,https://issues.apache.org/jira/browse/ZEPPELIN-4951,https://github.com/apache/zeppelin/tree/c044d7a43e64e25883f6108709af6fecb4d6a3ef,https://github.com/apache/zeppelin/tree/85815043832e8bde698e851556b9e6e59fd7039f,https://github.com/apache/zeppelin/compare/c044d7a43e64e25883f6108709af6fecb4d6a3ef...85815043832e8bde698e851556b9e6e59fd7039f
1175,Zeppelin,6444f59cfcda3ee072b9c4a39ddeb5dc9500210a,132c25ed0d7e868f9120b193ada03af286cb8333,ZEPPELIN-4955,https://issues.apache.org/jira/browse/ZEPPELIN-4955,https://github.com/apache/zeppelin/tree/6444f59cfcda3ee072b9c4a39ddeb5dc9500210a,https://github.com/apache/zeppelin/tree/132c25ed0d7e868f9120b193ada03af286cb8333,https://github.com/apache/zeppelin/compare/6444f59cfcda3ee072b9c4a39ddeb5dc9500210a...132c25ed0d7e868f9120b193ada03af286cb8333
1176,Zeppelin,132c25ed0d7e868f9120b193ada03af286cb8333,e131b691c94e60a574e8a54b99cb7c2522cae8c1,ZEPPELIN-4956,https://issues.apache.org/jira/browse/ZEPPELIN-4956,https://github.com/apache/zeppelin/tree/132c25ed0d7e868f9120b193ada03af286cb8333,https://github.com/apache/zeppelin/tree/e131b691c94e60a574e8a54b99cb7c2522cae8c1,https://github.com/apache/zeppelin/compare/132c25ed0d7e868f9120b193ada03af286cb8333...e131b691c94e60a574e8a54b99cb7c2522cae8c1
1177,Zeppelin,305ce282b3bc1ef377d99224099830bb6e97e8ce,d594de4bb7e8668f2a198839fd35c54edd7965ac,ZEPPELIN-4787,https://issues.apache.org/jira/browse/ZEPPELIN-4787,https://github.com/apache/zeppelin/tree/305ce282b3bc1ef377d99224099830bb6e97e8ce,https://github.com/apache/zeppelin/tree/d594de4bb7e8668f2a198839fd35c54edd7965ac,https://github.com/apache/zeppelin/compare/305ce282b3bc1ef377d99224099830bb6e97e8ce...d594de4bb7e8668f2a198839fd35c54edd7965ac
1178,Zeppelin,5779a37cddea018afb892f5940596c9dfe9e7acd,bc390228d60b06c20e301cc5e4b834a0e94f0991,ZEPPELIN-4926,https://issues.apache.org/jira/browse/ZEPPELIN-4926,https://github.com/apache/zeppelin/tree/5779a37cddea018afb892f5940596c9dfe9e7acd,https://github.com/apache/zeppelin/tree/bc390228d60b06c20e301cc5e4b834a0e94f0991,https://github.com/apache/zeppelin/compare/5779a37cddea018afb892f5940596c9dfe9e7acd...bc390228d60b06c20e301cc5e4b834a0e94f0991
1179,Zeppelin,bc390228d60b06c20e301cc5e4b834a0e94f0991,9c4336e47d8503ccc1ae60b1a39287a460bdb880,ZEPPELIN-4967,https://issues.apache.org/jira/browse/ZEPPELIN-4967,https://github.com/apache/zeppelin/tree/bc390228d60b06c20e301cc5e4b834a0e94f0991,https://github.com/apache/zeppelin/tree/9c4336e47d8503ccc1ae60b1a39287a460bdb880,https://github.com/apache/zeppelin/compare/bc390228d60b06c20e301cc5e4b834a0e94f0991...9c4336e47d8503ccc1ae60b1a39287a460bdb880
1180,Zeppelin,9c4336e47d8503ccc1ae60b1a39287a460bdb880,b451b200d9f58f3e43bc15254bed32029cb4117d,ZEPPELIN-4961,https://issues.apache.org/jira/browse/ZEPPELIN-4961,https://github.com/apache/zeppelin/tree/9c4336e47d8503ccc1ae60b1a39287a460bdb880,https://github.com/apache/zeppelin/tree/b451b200d9f58f3e43bc15254bed32029cb4117d,https://github.com/apache/zeppelin/compare/9c4336e47d8503ccc1ae60b1a39287a460bdb880...b451b200d9f58f3e43bc15254bed32029cb4117d
1181,Zeppelin,11878fdc7ed22ed7193c7da3a7a310e57a6e3103,e042234b9b42b4610922a058de3f0ab8523e2e1b,ZEPPELIN-4988,https://issues.apache.org/jira/browse/ZEPPELIN-4988,https://github.com/apache/zeppelin/tree/11878fdc7ed22ed7193c7da3a7a310e57a6e3103,https://github.com/apache/zeppelin/tree/e042234b9b42b4610922a058de3f0ab8523e2e1b,https://github.com/apache/zeppelin/compare/11878fdc7ed22ed7193c7da3a7a310e57a6e3103...e042234b9b42b4610922a058de3f0ab8523e2e1b
1182,Zeppelin,e042234b9b42b4610922a058de3f0ab8523e2e1b,b3f5ee9fb698f67f579f2dbf8b512806f61bb5a9,ZEPPELIN-4990,https://issues.apache.org/jira/browse/ZEPPELIN-4990,https://github.com/apache/zeppelin/tree/e042234b9b42b4610922a058de3f0ab8523e2e1b,https://github.com/apache/zeppelin/tree/b3f5ee9fb698f67f579f2dbf8b512806f61bb5a9,https://github.com/apache/zeppelin/compare/e042234b9b42b4610922a058de3f0ab8523e2e1b...b3f5ee9fb698f67f579f2dbf8b512806f61bb5a9
1183,Zeppelin,1d01972c0318fae43321ee74b2cb3f224f7d61fb,a7bcf087c0f821deb2e84403161d6cf6fd4242ba,ZEPPELIN-4992,https://issues.apache.org/jira/browse/ZEPPELIN-4992,https://github.com/apache/zeppelin/tree/1d01972c0318fae43321ee74b2cb3f224f7d61fb,https://github.com/apache/zeppelin/tree/a7bcf087c0f821deb2e84403161d6cf6fd4242ba,https://github.com/apache/zeppelin/compare/1d01972c0318fae43321ee74b2cb3f224f7d61fb...a7bcf087c0f821deb2e84403161d6cf6fd4242ba
1184,Zeppelin,a7bcf087c0f821deb2e84403161d6cf6fd4242ba,a937c0f53f8597a57abdb83d8e2ccf64916f36c4,ZEPPELIN-4963,https://issues.apache.org/jira/browse/ZEPPELIN-4963,https://github.com/apache/zeppelin/tree/a7bcf087c0f821deb2e84403161d6cf6fd4242ba,https://github.com/apache/zeppelin/tree/a937c0f53f8597a57abdb83d8e2ccf64916f36c4,https://github.com/apache/zeppelin/compare/a7bcf087c0f821deb2e84403161d6cf6fd4242ba...a937c0f53f8597a57abdb83d8e2ccf64916f36c4
1185,Zeppelin,90bfb7209bc74470e2cc33a0b71369d2e473e2f6,82ea5c107da719f0fb0e867a0018661e7f5e67cc,ZEPPELIN-4987,https://issues.apache.org/jira/browse/ZEPPELIN-4987,https://github.com/apache/zeppelin/tree/90bfb7209bc74470e2cc33a0b71369d2e473e2f6,https://github.com/apache/zeppelin/tree/82ea5c107da719f0fb0e867a0018661e7f5e67cc,https://github.com/apache/zeppelin/compare/90bfb7209bc74470e2cc33a0b71369d2e473e2f6...82ea5c107da719f0fb0e867a0018661e7f5e67cc
1186,Zeppelin,82ea5c107da719f0fb0e867a0018661e7f5e67cc,e51f3ebf7c491663247ed31a2bf84861e1174bbf,ZEPPELIN-5020,https://issues.apache.org/jira/browse/ZEPPELIN-5020,https://github.com/apache/zeppelin/tree/82ea5c107da719f0fb0e867a0018661e7f5e67cc,https://github.com/apache/zeppelin/tree/e51f3ebf7c491663247ed31a2bf84861e1174bbf,https://github.com/apache/zeppelin/compare/82ea5c107da719f0fb0e867a0018661e7f5e67cc...e51f3ebf7c491663247ed31a2bf84861e1174bbf
1187,Zeppelin,e51f3ebf7c491663247ed31a2bf84861e1174bbf,f6908f154d9698b587c8ba21ab8c60dce72f2a7b,ZEPPELIN-5021,https://issues.apache.org/jira/browse/ZEPPELIN-5021,https://github.com/apache/zeppelin/tree/e51f3ebf7c491663247ed31a2bf84861e1174bbf,https://github.com/apache/zeppelin/tree/f6908f154d9698b587c8ba21ab8c60dce72f2a7b,https://github.com/apache/zeppelin/compare/e51f3ebf7c491663247ed31a2bf84861e1174bbf...f6908f154d9698b587c8ba21ab8c60dce72f2a7b
1188,Zeppelin,f6908f154d9698b587c8ba21ab8c60dce72f2a7b,b1966cac03f98833933a3f3749997baf5120bf1e,ZEPPELIN-5016,https://issues.apache.org/jira/browse/ZEPPELIN-5016,https://github.com/apache/zeppelin/tree/f6908f154d9698b587c8ba21ab8c60dce72f2a7b,https://github.com/apache/zeppelin/tree/b1966cac03f98833933a3f3749997baf5120bf1e,https://github.com/apache/zeppelin/compare/f6908f154d9698b587c8ba21ab8c60dce72f2a7b...b1966cac03f98833933a3f3749997baf5120bf1e
1189,Zeppelin,1a41b374f6f12c181d7fa45a9f4791c713a70e0a,4c6ce7a6073d87e9ee430c5b3667ff06ff3c5ed6,ZEPPELIN-5002,https://issues.apache.org/jira/browse/ZEPPELIN-5002,https://github.com/apache/zeppelin/tree/1a41b374f6f12c181d7fa45a9f4791c713a70e0a,https://github.com/apache/zeppelin/tree/4c6ce7a6073d87e9ee430c5b3667ff06ff3c5ed6,https://github.com/apache/zeppelin/compare/1a41b374f6f12c181d7fa45a9f4791c713a70e0a...4c6ce7a6073d87e9ee430c5b3667ff06ff3c5ed6
1190,Zeppelin,4c6ce7a6073d87e9ee430c5b3667ff06ff3c5ed6,e308c58d72a8c1a784f01a165c53d3fb16d6fcde,ZEPPELIN-5022,https://issues.apache.org/jira/browse/ZEPPELIN-5022,https://github.com/apache/zeppelin/tree/4c6ce7a6073d87e9ee430c5b3667ff06ff3c5ed6,https://github.com/apache/zeppelin/tree/e308c58d72a8c1a784f01a165c53d3fb16d6fcde,https://github.com/apache/zeppelin/compare/4c6ce7a6073d87e9ee430c5b3667ff06ff3c5ed6...e308c58d72a8c1a784f01a165c53d3fb16d6fcde
1191,Zeppelin,ac12b282552265c8bdffc2b79a63c7fae17771ea,a8d2a997f85568fabe25deb448315b3f111ff9e4,ZEPPELIN-5030,https://issues.apache.org/jira/browse/ZEPPELIN-5030,https://github.com/apache/zeppelin/tree/ac12b282552265c8bdffc2b79a63c7fae17771ea,https://github.com/apache/zeppelin/tree/a8d2a997f85568fabe25deb448315b3f111ff9e4,https://github.com/apache/zeppelin/compare/ac12b282552265c8bdffc2b79a63c7fae17771ea...a8d2a997f85568fabe25deb448315b3f111ff9e4
1192,Zeppelin,847e12db3e61b19fd0301281df17424b8572601f,e703361eceebabdcf53e378e5be21fd4b7714ba1,ZEPPELIN-5034,https://issues.apache.org/jira/browse/ZEPPELIN-5034,https://github.com/apache/zeppelin/tree/847e12db3e61b19fd0301281df17424b8572601f,https://github.com/apache/zeppelin/tree/e703361eceebabdcf53e378e5be21fd4b7714ba1,https://github.com/apache/zeppelin/compare/847e12db3e61b19fd0301281df17424b8572601f...e703361eceebabdcf53e378e5be21fd4b7714ba1
1193,Zeppelin,e703361eceebabdcf53e378e5be21fd4b7714ba1,49ae3f6df9257c03f582f985f287b65bf2302993,ZEPPELIN-5036,https://issues.apache.org/jira/browse/ZEPPELIN-5036,https://github.com/apache/zeppelin/tree/e703361eceebabdcf53e378e5be21fd4b7714ba1,https://github.com/apache/zeppelin/tree/49ae3f6df9257c03f582f985f287b65bf2302993,https://github.com/apache/zeppelin/compare/e703361eceebabdcf53e378e5be21fd4b7714ba1...49ae3f6df9257c03f582f985f287b65bf2302993
1194,Zeppelin,7ca14097740e8e456b74adad1d6ae1bba89ed7a1,d6ea95061de83ac2f4fc126153edd8224615a666,ZEPPELIN-5052,https://issues.apache.org/jira/browse/ZEPPELIN-5052,https://github.com/apache/zeppelin/tree/7ca14097740e8e456b74adad1d6ae1bba89ed7a1,https://github.com/apache/zeppelin/tree/d6ea95061de83ac2f4fc126153edd8224615a666,https://github.com/apache/zeppelin/compare/7ca14097740e8e456b74adad1d6ae1bba89ed7a1...d6ea95061de83ac2f4fc126153edd8224615a666
1195,Zeppelin,d6ea95061de83ac2f4fc126153edd8224615a666,c359a95658ea575923a1999454ef6f9e83654b0d,ZEPPELIN-4777,https://issues.apache.org/jira/browse/ZEPPELIN-4777,https://github.com/apache/zeppelin/tree/d6ea95061de83ac2f4fc126153edd8224615a666,https://github.com/apache/zeppelin/tree/c359a95658ea575923a1999454ef6f9e83654b0d,https://github.com/apache/zeppelin/compare/d6ea95061de83ac2f4fc126153edd8224615a666...c359a95658ea575923a1999454ef6f9e83654b0d
1196,Zeppelin,536e66ce76aaefabeb3784bdc8013f7a2513d7f0,7aa82aa7e6b718081f96fa906670ddf8a65bba9d,ZEPPELIN-5069,https://issues.apache.org/jira/browse/ZEPPELIN-5069,https://github.com/apache/zeppelin/tree/536e66ce76aaefabeb3784bdc8013f7a2513d7f0,https://github.com/apache/zeppelin/tree/7aa82aa7e6b718081f96fa906670ddf8a65bba9d,https://github.com/apache/zeppelin/compare/536e66ce76aaefabeb3784bdc8013f7a2513d7f0...7aa82aa7e6b718081f96fa906670ddf8a65bba9d
1197,Zeppelin,7aa82aa7e6b718081f96fa906670ddf8a65bba9d,2e69f712329ff0ce1af964df08c89328f0be84aa,ZEPPELIN-5068,https://issues.apache.org/jira/browse/ZEPPELIN-5068,https://github.com/apache/zeppelin/tree/7aa82aa7e6b718081f96fa906670ddf8a65bba9d,https://github.com/apache/zeppelin/tree/2e69f712329ff0ce1af964df08c89328f0be84aa,https://github.com/apache/zeppelin/compare/7aa82aa7e6b718081f96fa906670ddf8a65bba9d...2e69f712329ff0ce1af964df08c89328f0be84aa
1198,Zeppelin,efcc1564f149d9fc744263163ffa38c1f73f4df8,8b04a94f1a2645745310c4a765685b2f1547de5e,ZEPPELIN-5049,https://issues.apache.org/jira/browse/ZEPPELIN-5049,https://github.com/apache/zeppelin/tree/efcc1564f149d9fc744263163ffa38c1f73f4df8,https://github.com/apache/zeppelin/tree/8b04a94f1a2645745310c4a765685b2f1547de5e,https://github.com/apache/zeppelin/compare/efcc1564f149d9fc744263163ffa38c1f73f4df8...8b04a94f1a2645745310c4a765685b2f1547de5e
1199,Zeppelin,8b04a94f1a2645745310c4a765685b2f1547de5e,fbf3019efdd7381ca7e77b994d0a94f6cb8ea383,ZEPPELIN-5081,https://issues.apache.org/jira/browse/ZEPPELIN-5081,https://github.com/apache/zeppelin/tree/8b04a94f1a2645745310c4a765685b2f1547de5e,https://github.com/apache/zeppelin/tree/fbf3019efdd7381ca7e77b994d0a94f6cb8ea383,https://github.com/apache/zeppelin/compare/8b04a94f1a2645745310c4a765685b2f1547de5e...fbf3019efdd7381ca7e77b994d0a94f6cb8ea383
1200,Zeppelin,e4248082223dc132a0afa38ba254009f7043ee46,6a3e84bd1fc93763aafc0fdc527c325cd2c2b322,ZEPPELIN-4910,https://issues.apache.org/jira/browse/ZEPPELIN-4910,https://github.com/apache/zeppelin/tree/e4248082223dc132a0afa38ba254009f7043ee46,https://github.com/apache/zeppelin/tree/6a3e84bd1fc93763aafc0fdc527c325cd2c2b322,https://github.com/apache/zeppelin/compare/e4248082223dc132a0afa38ba254009f7043ee46...6a3e84bd1fc93763aafc0fdc527c325cd2c2b322
1201,Zeppelin,9dc203cbd1edc5c1672ece39940da2311ca70664,d4c18c1c46897b14828487a050db887bbcc36a0a,ZEPPELIN-5088,https://issues.apache.org/jira/browse/ZEPPELIN-5088,https://github.com/apache/zeppelin/tree/9dc203cbd1edc5c1672ece39940da2311ca70664,https://github.com/apache/zeppelin/tree/d4c18c1c46897b14828487a050db887bbcc36a0a,https://github.com/apache/zeppelin/compare/9dc203cbd1edc5c1672ece39940da2311ca70664...d4c18c1c46897b14828487a050db887bbcc36a0a
1202,Zeppelin,7d18dd7c020dabe8c3d3bd1603ea086f744416c4,185ffd43e5410234deae6e34ca37046242675c9e,ZEPPELIN-4962,https://issues.apache.org/jira/browse/ZEPPELIN-4962,https://github.com/apache/zeppelin/tree/7d18dd7c020dabe8c3d3bd1603ea086f744416c4,https://github.com/apache/zeppelin/tree/185ffd43e5410234deae6e34ca37046242675c9e,https://github.com/apache/zeppelin/compare/7d18dd7c020dabe8c3d3bd1603ea086f744416c4...185ffd43e5410234deae6e34ca37046242675c9e
1203,Zeppelin,56ac563fe12fbed82d74d9e69b615685fd2ec90b,78ea11d91d88df796629eebd28ec8afe6aadc000,ZEPPELIN-5042,https://issues.apache.org/jira/browse/ZEPPELIN-5042,https://github.com/apache/zeppelin/tree/56ac563fe12fbed82d74d9e69b615685fd2ec90b,https://github.com/apache/zeppelin/tree/78ea11d91d88df796629eebd28ec8afe6aadc000,https://github.com/apache/zeppelin/compare/56ac563fe12fbed82d74d9e69b615685fd2ec90b...78ea11d91d88df796629eebd28ec8afe6aadc000
1204,Zeppelin,78ea11d91d88df796629eebd28ec8afe6aadc000,80ca24c8a9cc765c0368439973df8ca2aabfc816,ZEPPELIN-5094,https://issues.apache.org/jira/browse/ZEPPELIN-5094,https://github.com/apache/zeppelin/tree/78ea11d91d88df796629eebd28ec8afe6aadc000,https://github.com/apache/zeppelin/tree/80ca24c8a9cc765c0368439973df8ca2aabfc816,https://github.com/apache/zeppelin/compare/78ea11d91d88df796629eebd28ec8afe6aadc000...80ca24c8a9cc765c0368439973df8ca2aabfc816
1205,Zeppelin,80ca24c8a9cc765c0368439973df8ca2aabfc816,c62eb87b54844af33babc57d0919b5630a913e16,ZEPPELIN-5093,https://issues.apache.org/jira/browse/ZEPPELIN-5093,https://github.com/apache/zeppelin/tree/80ca24c8a9cc765c0368439973df8ca2aabfc816,https://github.com/apache/zeppelin/tree/c62eb87b54844af33babc57d0919b5630a913e16,https://github.com/apache/zeppelin/compare/80ca24c8a9cc765c0368439973df8ca2aabfc816...c62eb87b54844af33babc57d0919b5630a913e16
1206,Zeppelin,c62eb87b54844af33babc57d0919b5630a913e16,6629db7484fa16cb3d1ae439861b32edf916d96c,ZEPPELIN-5091,https://issues.apache.org/jira/browse/ZEPPELIN-5091,https://github.com/apache/zeppelin/tree/c62eb87b54844af33babc57d0919b5630a913e16,https://github.com/apache/zeppelin/tree/6629db7484fa16cb3d1ae439861b32edf916d96c,https://github.com/apache/zeppelin/compare/c62eb87b54844af33babc57d0919b5630a913e16...6629db7484fa16cb3d1ae439861b32edf916d96c
1207,Zeppelin,4fceaf55907d28454a5dff6c3c5c45c57bf63b53,1197227154cb456154da78cbf60d95405285a8a7,ZEPPELIN-5077,https://issues.apache.org/jira/browse/ZEPPELIN-5077,https://github.com/apache/zeppelin/tree/4fceaf55907d28454a5dff6c3c5c45c57bf63b53,https://github.com/apache/zeppelin/tree/1197227154cb456154da78cbf60d95405285a8a7,https://github.com/apache/zeppelin/compare/4fceaf55907d28454a5dff6c3c5c45c57bf63b53...1197227154cb456154da78cbf60d95405285a8a7
1208,Zeppelin,1197227154cb456154da78cbf60d95405285a8a7,605d7044d824cb863b5ec1f517781ff81562386f,ZEPPELIN-5061,https://issues.apache.org/jira/browse/ZEPPELIN-5061,https://github.com/apache/zeppelin/tree/1197227154cb456154da78cbf60d95405285a8a7,https://github.com/apache/zeppelin/tree/605d7044d824cb863b5ec1f517781ff81562386f,https://github.com/apache/zeppelin/compare/1197227154cb456154da78cbf60d95405285a8a7...605d7044d824cb863b5ec1f517781ff81562386f
1209,Zeppelin,605d7044d824cb863b5ec1f517781ff81562386f,39a9ec919085fb62a8a5b6fe9917e320c95cb870,ZEPPELIN-5097,https://issues.apache.org/jira/browse/ZEPPELIN-5097,https://github.com/apache/zeppelin/tree/605d7044d824cb863b5ec1f517781ff81562386f,https://github.com/apache/zeppelin/tree/39a9ec919085fb62a8a5b6fe9917e320c95cb870,https://github.com/apache/zeppelin/compare/605d7044d824cb863b5ec1f517781ff81562386f...39a9ec919085fb62a8a5b6fe9917e320c95cb870
1210,Zeppelin,d39d1c9124c63be7afab871f9111f1428ac633a5,b80dce567b6a06e8f6daf79d581a1843d81248f7,ZEPPELIN-5075,https://issues.apache.org/jira/browse/ZEPPELIN-5075,https://github.com/apache/zeppelin/tree/d39d1c9124c63be7afab871f9111f1428ac633a5,https://github.com/apache/zeppelin/tree/b80dce567b6a06e8f6daf79d581a1843d81248f7,https://github.com/apache/zeppelin/compare/d39d1c9124c63be7afab871f9111f1428ac633a5...b80dce567b6a06e8f6daf79d581a1843d81248f7
1211,Zeppelin,dbd93781031bd3ef37191e4fc81398edf15c7851,234d236803535d830484429f5ccc5c4633558e70,ZEPPELIN-5113,https://issues.apache.org/jira/browse/ZEPPELIN-5113,https://github.com/apache/zeppelin/tree/dbd93781031bd3ef37191e4fc81398edf15c7851,https://github.com/apache/zeppelin/tree/234d236803535d830484429f5ccc5c4633558e70,https://github.com/apache/zeppelin/compare/dbd93781031bd3ef37191e4fc81398edf15c7851...234d236803535d830484429f5ccc5c4633558e70
1212,Zeppelin,234d236803535d830484429f5ccc5c4633558e70,8d86e65f67c535363531e71cc273fbfac1d88f38,ZEPPELIN-5115,https://issues.apache.org/jira/browse/ZEPPELIN-5115,https://github.com/apache/zeppelin/tree/234d236803535d830484429f5ccc5c4633558e70,https://github.com/apache/zeppelin/tree/8d86e65f67c535363531e71cc273fbfac1d88f38,https://github.com/apache/zeppelin/compare/234d236803535d830484429f5ccc5c4633558e70...8d86e65f67c535363531e71cc273fbfac1d88f38
1213,Zeppelin,8d86e65f67c535363531e71cc273fbfac1d88f38,29bbd002af33369d043e5263a8dd86a9b562806e,ZEPPELIN-5067,https://issues.apache.org/jira/browse/ZEPPELIN-5067,https://github.com/apache/zeppelin/tree/8d86e65f67c535363531e71cc273fbfac1d88f38,https://github.com/apache/zeppelin/tree/29bbd002af33369d043e5263a8dd86a9b562806e,https://github.com/apache/zeppelin/compare/8d86e65f67c535363531e71cc273fbfac1d88f38...29bbd002af33369d043e5263a8dd86a9b562806e
1214,Zeppelin,29bbd002af33369d043e5263a8dd86a9b562806e,c1c0e40b56c4f9b2d5f9be8c4b48cff426a34e0c,ZEPPELIN-5112,https://issues.apache.org/jira/browse/ZEPPELIN-5112,https://github.com/apache/zeppelin/tree/29bbd002af33369d043e5263a8dd86a9b562806e,https://github.com/apache/zeppelin/tree/c1c0e40b56c4f9b2d5f9be8c4b48cff426a34e0c,https://github.com/apache/zeppelin/compare/29bbd002af33369d043e5263a8dd86a9b562806e...c1c0e40b56c4f9b2d5f9be8c4b48cff426a34e0c
1215,Zeppelin,17d2cabf2e07e3d02710ba0b5a2bee7a37e9c23e,653c3a23eb223db7b379664d31c6e047e974deb3,ZEPPELIN-5106,https://issues.apache.org/jira/browse/ZEPPELIN-5106,https://github.com/apache/zeppelin/tree/17d2cabf2e07e3d02710ba0b5a2bee7a37e9c23e,https://github.com/apache/zeppelin/tree/653c3a23eb223db7b379664d31c6e047e974deb3,https://github.com/apache/zeppelin/compare/17d2cabf2e07e3d02710ba0b5a2bee7a37e9c23e...653c3a23eb223db7b379664d31c6e047e974deb3
1216,Zeppelin,183f849e72c3f9ce8407beeffced2a56c7c0dca0,71da0272a2f6dfb166231e5dd424abbbaaeaf36b,ZEPPELIN-5116,https://issues.apache.org/jira/browse/ZEPPELIN-5116,https://github.com/apache/zeppelin/tree/183f849e72c3f9ce8407beeffced2a56c7c0dca0,https://github.com/apache/zeppelin/tree/71da0272a2f6dfb166231e5dd424abbbaaeaf36b,https://github.com/apache/zeppelin/compare/183f849e72c3f9ce8407beeffced2a56c7c0dca0...71da0272a2f6dfb166231e5dd424abbbaaeaf36b
1217,Zeppelin,22d8d22d3d8f4a6ae3e16e8d4f2698c03519fc66,885a8425c6b3048353b360c779ce24d23f4bb00f,ZEPPELIN-5131,https://issues.apache.org/jira/browse/ZEPPELIN-5131,https://github.com/apache/zeppelin/tree/22d8d22d3d8f4a6ae3e16e8d4f2698c03519fc66,https://github.com/apache/zeppelin/tree/885a8425c6b3048353b360c779ce24d23f4bb00f,https://github.com/apache/zeppelin/compare/22d8d22d3d8f4a6ae3e16e8d4f2698c03519fc66...885a8425c6b3048353b360c779ce24d23f4bb00f
1218,Zeppelin,1e177dba411ae42bb8f06b6692030a5ba2f981b2,0e82d6a8d29d3e7f3ddf0ee825c3290149c39b0e,ZEPPELIN-5137,https://issues.apache.org/jira/browse/ZEPPELIN-5137,https://github.com/apache/zeppelin/tree/1e177dba411ae42bb8f06b6692030a5ba2f981b2,https://github.com/apache/zeppelin/tree/0e82d6a8d29d3e7f3ddf0ee825c3290149c39b0e,https://github.com/apache/zeppelin/compare/1e177dba411ae42bb8f06b6692030a5ba2f981b2...0e82d6a8d29d3e7f3ddf0ee825c3290149c39b0e
1219,Zeppelin,c7cf20385b2660b413155186e970df1553e99802,49f2346b34fa702fe3ead94febdd8dd5b07592c8,ZEPPELIN-5140,https://issues.apache.org/jira/browse/ZEPPELIN-5140,https://github.com/apache/zeppelin/tree/c7cf20385b2660b413155186e970df1553e99802,https://github.com/apache/zeppelin/tree/49f2346b34fa702fe3ead94febdd8dd5b07592c8,https://github.com/apache/zeppelin/compare/c7cf20385b2660b413155186e970df1553e99802...49f2346b34fa702fe3ead94febdd8dd5b07592c8
1220,Zeppelin,49f2346b34fa702fe3ead94febdd8dd5b07592c8,8730945dba100583f106cb44d58a58e3a90ecd2f,ZEPPELIN-5138,https://issues.apache.org/jira/browse/ZEPPELIN-5138,https://github.com/apache/zeppelin/tree/49f2346b34fa702fe3ead94febdd8dd5b07592c8,https://github.com/apache/zeppelin/tree/8730945dba100583f106cb44d58a58e3a90ecd2f,https://github.com/apache/zeppelin/compare/49f2346b34fa702fe3ead94febdd8dd5b07592c8...8730945dba100583f106cb44d58a58e3a90ecd2f
1221,Zeppelin,8730945dba100583f106cb44d58a58e3a90ecd2f,fd780d46ce853666aea4bead04b125fc491783c9,ZEPPELIN-5141,https://issues.apache.org/jira/browse/ZEPPELIN-5141,https://github.com/apache/zeppelin/tree/8730945dba100583f106cb44d58a58e3a90ecd2f,https://github.com/apache/zeppelin/tree/fd780d46ce853666aea4bead04b125fc491783c9,https://github.com/apache/zeppelin/compare/8730945dba100583f106cb44d58a58e3a90ecd2f...fd780d46ce853666aea4bead04b125fc491783c9
1222,Zeppelin,fd780d46ce853666aea4bead04b125fc491783c9,fc36cbc425fab30f5bba94db729f3c09fc31a730,ZEPPELIN-5146,https://issues.apache.org/jira/browse/ZEPPELIN-5146,https://github.com/apache/zeppelin/tree/fd780d46ce853666aea4bead04b125fc491783c9,https://github.com/apache/zeppelin/tree/fc36cbc425fab30f5bba94db729f3c09fc31a730,https://github.com/apache/zeppelin/compare/fd780d46ce853666aea4bead04b125fc491783c9...fc36cbc425fab30f5bba94db729f3c09fc31a730
1223,Zeppelin,b5b096205f229d03389346f934c7598c600afcc4,e5b6850667ac0f67bef9e1d0d410f37ded2e01ed,ZEPPELIN-5144,https://issues.apache.org/jira/browse/ZEPPELIN-5144,https://github.com/apache/zeppelin/tree/b5b096205f229d03389346f934c7598c600afcc4,https://github.com/apache/zeppelin/tree/e5b6850667ac0f67bef9e1d0d410f37ded2e01ed,https://github.com/apache/zeppelin/compare/b5b096205f229d03389346f934c7598c600afcc4...e5b6850667ac0f67bef9e1d0d410f37ded2e01ed
1224,Zeppelin,e5b6850667ac0f67bef9e1d0d410f37ded2e01ed,2fe4c58e1bc287adc908fd24ba24e503f8e1a9f7,ZEPPELIN-5147,https://issues.apache.org/jira/browse/ZEPPELIN-5147,https://github.com/apache/zeppelin/tree/e5b6850667ac0f67bef9e1d0d410f37ded2e01ed,https://github.com/apache/zeppelin/tree/2fe4c58e1bc287adc908fd24ba24e503f8e1a9f7,https://github.com/apache/zeppelin/compare/e5b6850667ac0f67bef9e1d0d410f37ded2e01ed...2fe4c58e1bc287adc908fd24ba24e503f8e1a9f7
1225,Zeppelin,ffd1e502c404a0970042d0023f3c2e1a983c86f1,2128166dc1ece228b8f7174a38e65c6c5c2dcd9c,ZEPPELIN-5154,https://issues.apache.org/jira/browse/ZEPPELIN-5154,https://github.com/apache/zeppelin/tree/ffd1e502c404a0970042d0023f3c2e1a983c86f1,https://github.com/apache/zeppelin/tree/2128166dc1ece228b8f7174a38e65c6c5c2dcd9c,https://github.com/apache/zeppelin/compare/ffd1e502c404a0970042d0023f3c2e1a983c86f1...2128166dc1ece228b8f7174a38e65c6c5c2dcd9c
1226,Zeppelin,04d86db047d46da37a6310969cf008c34ceb0f23,e95af9fffeb6981493de49afe8354bf4d8472ce0,ZEPPELIN-5153,https://issues.apache.org/jira/browse/ZEPPELIN-5153,https://github.com/apache/zeppelin/tree/04d86db047d46da37a6310969cf008c34ceb0f23,https://github.com/apache/zeppelin/tree/e95af9fffeb6981493de49afe8354bf4d8472ce0,https://github.com/apache/zeppelin/compare/04d86db047d46da37a6310969cf008c34ceb0f23...e95af9fffeb6981493de49afe8354bf4d8472ce0
1227,Zeppelin,8d0788e8a9d1287381a3a697ef64542a5c52c080,fd914a09b401eec3c1f850965ba862434840f1d7,ZEPPELIN-5152,https://issues.apache.org/jira/browse/ZEPPELIN-5152,https://github.com/apache/zeppelin/tree/8d0788e8a9d1287381a3a697ef64542a5c52c080,https://github.com/apache/zeppelin/tree/fd914a09b401eec3c1f850965ba862434840f1d7,https://github.com/apache/zeppelin/compare/8d0788e8a9d1287381a3a697ef64542a5c52c080...fd914a09b401eec3c1f850965ba862434840f1d7
1228,Zeppelin,4acccfcbdf7ba24b4c24cc247a7b192594140edf,f188b40d5b0f8bdf1564164b78bfaf73e27d6e25,ZEPPELIN-5176,https://issues.apache.org/jira/browse/ZEPPELIN-5176,https://github.com/apache/zeppelin/tree/4acccfcbdf7ba24b4c24cc247a7b192594140edf,https://github.com/apache/zeppelin/tree/f188b40d5b0f8bdf1564164b78bfaf73e27d6e25,https://github.com/apache/zeppelin/compare/4acccfcbdf7ba24b4c24cc247a7b192594140edf...f188b40d5b0f8bdf1564164b78bfaf73e27d6e25
1229,Zeppelin,f188b40d5b0f8bdf1564164b78bfaf73e27d6e25,e96c244b3ba5bc391481b2725d0b2c67d450dfc6,ZEPPELIN-5169,https://issues.apache.org/jira/browse/ZEPPELIN-5169,https://github.com/apache/zeppelin/tree/f188b40d5b0f8bdf1564164b78bfaf73e27d6e25,https://github.com/apache/zeppelin/tree/e96c244b3ba5bc391481b2725d0b2c67d450dfc6,https://github.com/apache/zeppelin/compare/f188b40d5b0f8bdf1564164b78bfaf73e27d6e25...e96c244b3ba5bc391481b2725d0b2c67d450dfc6
1230,Zeppelin,e96c244b3ba5bc391481b2725d0b2c67d450dfc6,d0928eace051af155f7662650a9e34ece89e4f98,ZEPPELIN-5162,https://issues.apache.org/jira/browse/ZEPPELIN-5162,https://github.com/apache/zeppelin/tree/e96c244b3ba5bc391481b2725d0b2c67d450dfc6,https://github.com/apache/zeppelin/tree/d0928eace051af155f7662650a9e34ece89e4f98,https://github.com/apache/zeppelin/compare/e96c244b3ba5bc391481b2725d0b2c67d450dfc6...d0928eace051af155f7662650a9e34ece89e4f98
1231,Zeppelin,d0928eace051af155f7662650a9e34ece89e4f98,8e3bf304fb31f6b46252e89a8f268784eb4a8359,ZEPPELIN-5175,https://issues.apache.org/jira/browse/ZEPPELIN-5175,https://github.com/apache/zeppelin/tree/d0928eace051af155f7662650a9e34ece89e4f98,https://github.com/apache/zeppelin/tree/8e3bf304fb31f6b46252e89a8f268784eb4a8359,https://github.com/apache/zeppelin/compare/d0928eace051af155f7662650a9e34ece89e4f98...8e3bf304fb31f6b46252e89a8f268784eb4a8359
1232,Zeppelin,136140c85800d1d5b4e0a770b33f7ce82b1c2e99,71d250800ac704b36acc719e7866ee964303b152,ZEPPELIN-5187,https://issues.apache.org/jira/browse/ZEPPELIN-5187,https://github.com/apache/zeppelin/tree/136140c85800d1d5b4e0a770b33f7ce82b1c2e99,https://github.com/apache/zeppelin/tree/71d250800ac704b36acc719e7866ee964303b152,https://github.com/apache/zeppelin/compare/136140c85800d1d5b4e0a770b33f7ce82b1c2e99...71d250800ac704b36acc719e7866ee964303b152
1233,Zeppelin,d22511e6e998b22fea7e0bd7eccedead565d80e9,7df4d7028cf1f6bf0e6414bf5408e1a9bc5ad39d,ZEPPELIN-5172,https://issues.apache.org/jira/browse/ZEPPELIN-5172,https://github.com/apache/zeppelin/tree/d22511e6e998b22fea7e0bd7eccedead565d80e9,https://github.com/apache/zeppelin/tree/7df4d7028cf1f6bf0e6414bf5408e1a9bc5ad39d,https://github.com/apache/zeppelin/compare/d22511e6e998b22fea7e0bd7eccedead565d80e9...7df4d7028cf1f6bf0e6414bf5408e1a9bc5ad39d
1234,Zeppelin,952cc2bfc3f80f95d486c789194ad35ad1d3d9ef,731a9998812916cd3d99912f064804e002a3e14c,ZEPPELIN-5174,https://issues.apache.org/jira/browse/ZEPPELIN-5174,https://github.com/apache/zeppelin/tree/952cc2bfc3f80f95d486c789194ad35ad1d3d9ef,https://github.com/apache/zeppelin/tree/731a9998812916cd3d99912f064804e002a3e14c,https://github.com/apache/zeppelin/compare/952cc2bfc3f80f95d486c789194ad35ad1d3d9ef...731a9998812916cd3d99912f064804e002a3e14c
1235,Zeppelin,731a9998812916cd3d99912f064804e002a3e14c,930bac193ad258e5308c5930e2d5fbadf92a24d4,ZEPPELIN-5185,https://issues.apache.org/jira/browse/ZEPPELIN-5185,https://github.com/apache/zeppelin/tree/731a9998812916cd3d99912f064804e002a3e14c,https://github.com/apache/zeppelin/tree/930bac193ad258e5308c5930e2d5fbadf92a24d4,https://github.com/apache/zeppelin/compare/731a9998812916cd3d99912f064804e002a3e14c...930bac193ad258e5308c5930e2d5fbadf92a24d4
1236,Zeppelin,962289d83c9d9ec8d24c4a3851a99acccd5a39a0,7ff0db9a060e435c4ba4be0462c4937c2fdc8984,ZEPPELIN-5195,https://issues.apache.org/jira/browse/ZEPPELIN-5195,https://github.com/apache/zeppelin/tree/962289d83c9d9ec8d24c4a3851a99acccd5a39a0,https://github.com/apache/zeppelin/tree/7ff0db9a060e435c4ba4be0462c4937c2fdc8984,https://github.com/apache/zeppelin/compare/962289d83c9d9ec8d24c4a3851a99acccd5a39a0...7ff0db9a060e435c4ba4be0462c4937c2fdc8984
1237,Zeppelin,7ff0db9a060e435c4ba4be0462c4937c2fdc8984,162807bf8f546d00a65894db2c920cd7916f3264,ZEPPELIN-5198,https://issues.apache.org/jira/browse/ZEPPELIN-5198,https://github.com/apache/zeppelin/tree/7ff0db9a060e435c4ba4be0462c4937c2fdc8984,https://github.com/apache/zeppelin/tree/162807bf8f546d00a65894db2c920cd7916f3264,https://github.com/apache/zeppelin/compare/7ff0db9a060e435c4ba4be0462c4937c2fdc8984...162807bf8f546d00a65894db2c920cd7916f3264
1238,Zeppelin,162807bf8f546d00a65894db2c920cd7916f3264,6f0b8bd262b87649dd38de5437d92662ae9b706f,ZEPPELIN-5190,https://issues.apache.org/jira/browse/ZEPPELIN-5190,https://github.com/apache/zeppelin/tree/162807bf8f546d00a65894db2c920cd7916f3264,https://github.com/apache/zeppelin/tree/6f0b8bd262b87649dd38de5437d92662ae9b706f,https://github.com/apache/zeppelin/compare/162807bf8f546d00a65894db2c920cd7916f3264...6f0b8bd262b87649dd38de5437d92662ae9b706f
1239,Zeppelin,f30410662200903402e780e6fc28e1ddb78a3562,34631f1dc197c40863ede837b9836a97cd01858c,ZEPPELIN-5197,https://issues.apache.org/jira/browse/ZEPPELIN-5197,https://github.com/apache/zeppelin/tree/f30410662200903402e780e6fc28e1ddb78a3562,https://github.com/apache/zeppelin/tree/34631f1dc197c40863ede837b9836a97cd01858c,https://github.com/apache/zeppelin/compare/f30410662200903402e780e6fc28e1ddb78a3562...34631f1dc197c40863ede837b9836a97cd01858c
1240,Zeppelin,227fb9266d2ca232c774a72ec913ba4e97af3bf8,ab4fdb7247dce413cb33a4bb147d6f1b0874d837,ZEPPELIN-5188,https://issues.apache.org/jira/browse/ZEPPELIN-5188,https://github.com/apache/zeppelin/tree/227fb9266d2ca232c774a72ec913ba4e97af3bf8,https://github.com/apache/zeppelin/tree/ab4fdb7247dce413cb33a4bb147d6f1b0874d837,https://github.com/apache/zeppelin/compare/227fb9266d2ca232c774a72ec913ba4e97af3bf8...ab4fdb7247dce413cb33a4bb147d6f1b0874d837
1241,Zeppelin,ab4fdb7247dce413cb33a4bb147d6f1b0874d837,b139918e3ce3ad229e6f7698f26e57a4f98b9163,ZEPPELIN-5211,https://issues.apache.org/jira/browse/ZEPPELIN-5211,https://github.com/apache/zeppelin/tree/ab4fdb7247dce413cb33a4bb147d6f1b0874d837,https://github.com/apache/zeppelin/tree/b139918e3ce3ad229e6f7698f26e57a4f98b9163,https://github.com/apache/zeppelin/compare/ab4fdb7247dce413cb33a4bb147d6f1b0874d837...b139918e3ce3ad229e6f7698f26e57a4f98b9163
1242,Zeppelin,c8fd17da11c7a16fe741dc7794f01c60986f1f5e,d63289a47a9ed26098ad93cb62ae1660bb937182,ZEPPELIN-5210,https://issues.apache.org/jira/browse/ZEPPELIN-5210,https://github.com/apache/zeppelin/tree/c8fd17da11c7a16fe741dc7794f01c60986f1f5e,https://github.com/apache/zeppelin/tree/d63289a47a9ed26098ad93cb62ae1660bb937182,https://github.com/apache/zeppelin/compare/c8fd17da11c7a16fe741dc7794f01c60986f1f5e...d63289a47a9ed26098ad93cb62ae1660bb937182
1243,Zeppelin,8c5b1bb6d857654c53a87a15091b4eda20d73a74,b1adb5a23a9c9e23d8527edbaa260cb70587d81b,ZEPPELIN-5200,https://issues.apache.org/jira/browse/ZEPPELIN-5200,https://github.com/apache/zeppelin/tree/8c5b1bb6d857654c53a87a15091b4eda20d73a74,https://github.com/apache/zeppelin/tree/b1adb5a23a9c9e23d8527edbaa260cb70587d81b,https://github.com/apache/zeppelin/compare/8c5b1bb6d857654c53a87a15091b4eda20d73a74...b1adb5a23a9c9e23d8527edbaa260cb70587d81b
1244,Zeppelin,b1adb5a23a9c9e23d8527edbaa260cb70587d81b,c063ebadeab0ec4897b57bc88bc9232a19a84905,ZEPPELIN-5204,https://issues.apache.org/jira/browse/ZEPPELIN-5204,https://github.com/apache/zeppelin/tree/b1adb5a23a9c9e23d8527edbaa260cb70587d81b,https://github.com/apache/zeppelin/tree/c063ebadeab0ec4897b57bc88bc9232a19a84905,https://github.com/apache/zeppelin/compare/b1adb5a23a9c9e23d8527edbaa260cb70587d81b...c063ebadeab0ec4897b57bc88bc9232a19a84905
1245,Zeppelin,73b8812623c332f3cf34b8936aa3332ed04138c9,4db7531374356e112e4ec752cbfde7f36c1cbd86,ZEPPELIN-5228,https://issues.apache.org/jira/browse/ZEPPELIN-5228,https://github.com/apache/zeppelin/tree/73b8812623c332f3cf34b8936aa3332ed04138c9,https://github.com/apache/zeppelin/tree/4db7531374356e112e4ec752cbfde7f36c1cbd86,https://github.com/apache/zeppelin/compare/73b8812623c332f3cf34b8936aa3332ed04138c9...4db7531374356e112e4ec752cbfde7f36c1cbd86
1246,Zeppelin,4db7531374356e112e4ec752cbfde7f36c1cbd86,30c423116be6d9a59d46a32b13bbea53d7366957,ZEPPELIN-4952,https://issues.apache.org/jira/browse/ZEPPELIN-4952,https://github.com/apache/zeppelin/tree/4db7531374356e112e4ec752cbfde7f36c1cbd86,https://github.com/apache/zeppelin/tree/30c423116be6d9a59d46a32b13bbea53d7366957,https://github.com/apache/zeppelin/compare/4db7531374356e112e4ec752cbfde7f36c1cbd86...30c423116be6d9a59d46a32b13bbea53d7366957
1247,Zeppelin,2f04fa891116fac77044bae9d62519728c2cc8b5,bcbadc64aaa287c2556af5f348cf01e9c5aef287,ZEPPELIN-5240,https://issues.apache.org/jira/browse/ZEPPELIN-5240,https://github.com/apache/zeppelin/tree/2f04fa891116fac77044bae9d62519728c2cc8b5,https://github.com/apache/zeppelin/tree/bcbadc64aaa287c2556af5f348cf01e9c5aef287,https://github.com/apache/zeppelin/compare/2f04fa891116fac77044bae9d62519728c2cc8b5...bcbadc64aaa287c2556af5f348cf01e9c5aef287
1248,Zeppelin,bcbadc64aaa287c2556af5f348cf01e9c5aef287,0fc1d7ba2081ebeed5c45d87c27ca57727f54099,ZEPPELIN-5231,https://issues.apache.org/jira/browse/ZEPPELIN-5231,https://github.com/apache/zeppelin/tree/bcbadc64aaa287c2556af5f348cf01e9c5aef287,https://github.com/apache/zeppelin/tree/0fc1d7ba2081ebeed5c45d87c27ca57727f54099,https://github.com/apache/zeppelin/compare/bcbadc64aaa287c2556af5f348cf01e9c5aef287...0fc1d7ba2081ebeed5c45d87c27ca57727f54099
1249,Zeppelin,0fc1d7ba2081ebeed5c45d87c27ca57727f54099,7cc031b24944f8d3bb1c3cacf9fa76734c14d0e5,ZEPPELIN-5244,https://issues.apache.org/jira/browse/ZEPPELIN-5244,https://github.com/apache/zeppelin/tree/0fc1d7ba2081ebeed5c45d87c27ca57727f54099,https://github.com/apache/zeppelin/tree/7cc031b24944f8d3bb1c3cacf9fa76734c14d0e5,https://github.com/apache/zeppelin/compare/0fc1d7ba2081ebeed5c45d87c27ca57727f54099...7cc031b24944f8d3bb1c3cacf9fa76734c14d0e5
1250,Zeppelin,05620fe689ac6e3412df605a1a231d5e4ef6012b,5642b52077f14529c48d1e685d83fcae86c89388,ZEPPELIN-5223,https://issues.apache.org/jira/browse/ZEPPELIN-5223,https://github.com/apache/zeppelin/tree/05620fe689ac6e3412df605a1a231d5e4ef6012b,https://github.com/apache/zeppelin/tree/5642b52077f14529c48d1e685d83fcae86c89388,https://github.com/apache/zeppelin/compare/05620fe689ac6e3412df605a1a231d5e4ef6012b...5642b52077f14529c48d1e685d83fcae86c89388
1251,Zeppelin,9259620dea232d0abecbf2815f7bed47d19cda61,aa99a44c9b131317aa55eac1f6c20694d2deddfd,ZEPPELIN-5078,https://issues.apache.org/jira/browse/ZEPPELIN-5078,https://github.com/apache/zeppelin/tree/9259620dea232d0abecbf2815f7bed47d19cda61,https://github.com/apache/zeppelin/tree/aa99a44c9b131317aa55eac1f6c20694d2deddfd,https://github.com/apache/zeppelin/compare/9259620dea232d0abecbf2815f7bed47d19cda61...aa99a44c9b131317aa55eac1f6c20694d2deddfd
1252,Zeppelin,4ef4859330c9deca5394110bac82825fe3df20dd,550e147791ae144e469174af43c5cea6d8d8dfc5,ZEPPELIN-4843,https://issues.apache.org/jira/browse/ZEPPELIN-4843,https://github.com/apache/zeppelin/tree/4ef4859330c9deca5394110bac82825fe3df20dd,https://github.com/apache/zeppelin/tree/550e147791ae144e469174af43c5cea6d8d8dfc5,https://github.com/apache/zeppelin/compare/4ef4859330c9deca5394110bac82825fe3df20dd...550e147791ae144e469174af43c5cea6d8d8dfc5
1253,Zeppelin,4a86a135ac830083ba18e7d049faba2f526e0970,b29197e9d0e4d55da9132c6682f7a2647d96ca5d,ZEPPELIN-5272,https://issues.apache.org/jira/browse/ZEPPELIN-5272,https://github.com/apache/zeppelin/tree/4a86a135ac830083ba18e7d049faba2f526e0970,https://github.com/apache/zeppelin/tree/b29197e9d0e4d55da9132c6682f7a2647d96ca5d,https://github.com/apache/zeppelin/compare/4a86a135ac830083ba18e7d049faba2f526e0970...b29197e9d0e4d55da9132c6682f7a2647d96ca5d
1254,Zeppelin,b29197e9d0e4d55da9132c6682f7a2647d96ca5d,fa587cf35f64c1c81097523ef2ff0b0f6f7254b2,ZEPPELIN-5254,https://issues.apache.org/jira/browse/ZEPPELIN-5254,https://github.com/apache/zeppelin/tree/b29197e9d0e4d55da9132c6682f7a2647d96ca5d,https://github.com/apache/zeppelin/tree/fa587cf35f64c1c81097523ef2ff0b0f6f7254b2,https://github.com/apache/zeppelin/compare/b29197e9d0e4d55da9132c6682f7a2647d96ca5d...fa587cf35f64c1c81097523ef2ff0b0f6f7254b2
1255,Zeppelin,fa587cf35f64c1c81097523ef2ff0b0f6f7254b2,704f2b9d31678e5561be47e6466eb23bd0b5e9e7,ZEPPELIN-5192,https://issues.apache.org/jira/browse/ZEPPELIN-5192,https://github.com/apache/zeppelin/tree/fa587cf35f64c1c81097523ef2ff0b0f6f7254b2,https://github.com/apache/zeppelin/tree/704f2b9d31678e5561be47e6466eb23bd0b5e9e7,https://github.com/apache/zeppelin/compare/fa587cf35f64c1c81097523ef2ff0b0f6f7254b2...704f2b9d31678e5561be47e6466eb23bd0b5e9e7
1256,Zeppelin,e78e16cbedf006731976e3ed46fed82760e82e08,f1db72297b373c856dcb149c2c27dcc3a845959c,ZEPPELIN-5167,https://issues.apache.org/jira/browse/ZEPPELIN-5167,https://github.com/apache/zeppelin/tree/e78e16cbedf006731976e3ed46fed82760e82e08,https://github.com/apache/zeppelin/tree/f1db72297b373c856dcb149c2c27dcc3a845959c,https://github.com/apache/zeppelin/compare/e78e16cbedf006731976e3ed46fed82760e82e08...f1db72297b373c856dcb149c2c27dcc3a845959c
1257,Zeppelin,f1db72297b373c856dcb149c2c27dcc3a845959c,85281702cb59129fee964b342fc1d475afe67f78,ZEPPELIN-5275,https://issues.apache.org/jira/browse/ZEPPELIN-5275,https://github.com/apache/zeppelin/tree/f1db72297b373c856dcb149c2c27dcc3a845959c,https://github.com/apache/zeppelin/tree/85281702cb59129fee964b342fc1d475afe67f78,https://github.com/apache/zeppelin/compare/f1db72297b373c856dcb149c2c27dcc3a845959c...85281702cb59129fee964b342fc1d475afe67f78
1258,Zeppelin,304be8f81dc4dcbb8187c5a807e124e4045b1904,304c3a9e09ccdb09405570b518acf039ffc4a47b,ZEPPELIN-5227,https://issues.apache.org/jira/browse/ZEPPELIN-5227,https://github.com/apache/zeppelin/tree/304be8f81dc4dcbb8187c5a807e124e4045b1904,https://github.com/apache/zeppelin/tree/304c3a9e09ccdb09405570b518acf039ffc4a47b,https://github.com/apache/zeppelin/compare/304be8f81dc4dcbb8187c5a807e124e4045b1904...304c3a9e09ccdb09405570b518acf039ffc4a47b
1259,Zeppelin,95a0f43c57deae12f9cef436d5e1560fd533ee58,5365d28f870638bb1a1ccfec8da223d2726c6ab8,ZEPPELIN-5284,https://issues.apache.org/jira/browse/ZEPPELIN-5284,https://github.com/apache/zeppelin/tree/95a0f43c57deae12f9cef436d5e1560fd533ee58,https://github.com/apache/zeppelin/tree/5365d28f870638bb1a1ccfec8da223d2726c6ab8,https://github.com/apache/zeppelin/compare/95a0f43c57deae12f9cef436d5e1560fd533ee58...5365d28f870638bb1a1ccfec8da223d2726c6ab8
1260,Zeppelin,a8f7657d0f663db155b62bc75ca2fb564379c108,71a8c0dffaba1ea7ad72b802170a6a654671b205,ZEPPELIN-5307,https://issues.apache.org/jira/browse/ZEPPELIN-5307,https://github.com/apache/zeppelin/tree/a8f7657d0f663db155b62bc75ca2fb564379c108,https://github.com/apache/zeppelin/tree/71a8c0dffaba1ea7ad72b802170a6a654671b205,https://github.com/apache/zeppelin/compare/a8f7657d0f663db155b62bc75ca2fb564379c108...71a8c0dffaba1ea7ad72b802170a6a654671b205
1261,Zeppelin,71a8c0dffaba1ea7ad72b802170a6a654671b205,93871c0f24b9ba995acf35623875669030ca4247,ZEPPELIN-5305,https://issues.apache.org/jira/browse/ZEPPELIN-5305,https://github.com/apache/zeppelin/tree/71a8c0dffaba1ea7ad72b802170a6a654671b205,https://github.com/apache/zeppelin/tree/93871c0f24b9ba995acf35623875669030ca4247,https://github.com/apache/zeppelin/compare/71a8c0dffaba1ea7ad72b802170a6a654671b205...93871c0f24b9ba995acf35623875669030ca4247
1262,Zeppelin,31b7935fcc410c1a1e22d42ab63b6926cc5d0ad1,8ce545b972b75c3cfb649bd2f902027acc0d3a8b,ZEPPELIN-5296,https://issues.apache.org/jira/browse/ZEPPELIN-5296,https://github.com/apache/zeppelin/tree/31b7935fcc410c1a1e22d42ab63b6926cc5d0ad1,https://github.com/apache/zeppelin/tree/8ce545b972b75c3cfb649bd2f902027acc0d3a8b,https://github.com/apache/zeppelin/compare/31b7935fcc410c1a1e22d42ab63b6926cc5d0ad1...8ce545b972b75c3cfb649bd2f902027acc0d3a8b
1263,Zeppelin,8ce545b972b75c3cfb649bd2f902027acc0d3a8b,a7cd80b528c88219e7ff2eb5e4152541f4a9ac3c,ZEPPELIN-5255,https://issues.apache.org/jira/browse/ZEPPELIN-5255,https://github.com/apache/zeppelin/tree/8ce545b972b75c3cfb649bd2f902027acc0d3a8b,https://github.com/apache/zeppelin/tree/a7cd80b528c88219e7ff2eb5e4152541f4a9ac3c,https://github.com/apache/zeppelin/compare/8ce545b972b75c3cfb649bd2f902027acc0d3a8b...a7cd80b528c88219e7ff2eb5e4152541f4a9ac3c
1264,Zeppelin,a7cd80b528c88219e7ff2eb5e4152541f4a9ac3c,e0e2ca5f8087d8f47a9fba4bfe736b53a565cb11,ZEPPELIN-5299,https://issues.apache.org/jira/browse/ZEPPELIN-5299,https://github.com/apache/zeppelin/tree/a7cd80b528c88219e7ff2eb5e4152541f4a9ac3c,https://github.com/apache/zeppelin/tree/e0e2ca5f8087d8f47a9fba4bfe736b53a565cb11,https://github.com/apache/zeppelin/compare/a7cd80b528c88219e7ff2eb5e4152541f4a9ac3c...e0e2ca5f8087d8f47a9fba4bfe736b53a565cb11
1265,Zeppelin,e0e2ca5f8087d8f47a9fba4bfe736b53a565cb11,32c6f76c02a0eedc196a57f41168887aff12a016,ZEPPELIN-4983,https://issues.apache.org/jira/browse/ZEPPELIN-4983,https://github.com/apache/zeppelin/tree/e0e2ca5f8087d8f47a9fba4bfe736b53a565cb11,https://github.com/apache/zeppelin/tree/32c6f76c02a0eedc196a57f41168887aff12a016,https://github.com/apache/zeppelin/compare/e0e2ca5f8087d8f47a9fba4bfe736b53a565cb11...32c6f76c02a0eedc196a57f41168887aff12a016
1266,Zeppelin,4cb0a02ed0bfb643ce4bd6faa45e362ff1dc5c18,6b77f559e8ea287f351cde9a419a8f0ca1d6bdcb,ZEPPELIN-5321,https://issues.apache.org/jira/browse/ZEPPELIN-5321,https://github.com/apache/zeppelin/tree/4cb0a02ed0bfb643ce4bd6faa45e362ff1dc5c18,https://github.com/apache/zeppelin/tree/6b77f559e8ea287f351cde9a419a8f0ca1d6bdcb,https://github.com/apache/zeppelin/compare/4cb0a02ed0bfb643ce4bd6faa45e362ff1dc5c18...6b77f559e8ea287f351cde9a419a8f0ca1d6bdcb
1267,Zeppelin,6b77f559e8ea287f351cde9a419a8f0ca1d6bdcb,f21b71a9865d9d4d857fba56f5a3911dbdead0d2,ZEPPELIN-5319,https://issues.apache.org/jira/browse/ZEPPELIN-5319,https://github.com/apache/zeppelin/tree/6b77f559e8ea287f351cde9a419a8f0ca1d6bdcb,https://github.com/apache/zeppelin/tree/f21b71a9865d9d4d857fba56f5a3911dbdead0d2,https://github.com/apache/zeppelin/compare/6b77f559e8ea287f351cde9a419a8f0ca1d6bdcb...f21b71a9865d9d4d857fba56f5a3911dbdead0d2
1268,Zeppelin,f21b71a9865d9d4d857fba56f5a3911dbdead0d2,0afe2e2fe348262a7d469a9f53cf9a1072fcedd1,ZEPPELIN-5316,https://issues.apache.org/jira/browse/ZEPPELIN-5316,https://github.com/apache/zeppelin/tree/f21b71a9865d9d4d857fba56f5a3911dbdead0d2,https://github.com/apache/zeppelin/tree/0afe2e2fe348262a7d469a9f53cf9a1072fcedd1,https://github.com/apache/zeppelin/compare/f21b71a9865d9d4d857fba56f5a3911dbdead0d2...0afe2e2fe348262a7d469a9f53cf9a1072fcedd1
1269,Zeppelin,0afe2e2fe348262a7d469a9f53cf9a1072fcedd1,c40b1bcfb179d034a865397b80ebcdcad5339a84,ZEPPELIN-5325,https://issues.apache.org/jira/browse/ZEPPELIN-5325,https://github.com/apache/zeppelin/tree/0afe2e2fe348262a7d469a9f53cf9a1072fcedd1,https://github.com/apache/zeppelin/tree/c40b1bcfb179d034a865397b80ebcdcad5339a84,https://github.com/apache/zeppelin/compare/0afe2e2fe348262a7d469a9f53cf9a1072fcedd1...c40b1bcfb179d034a865397b80ebcdcad5339a84
1270,Zeppelin,c40b1bcfb179d034a865397b80ebcdcad5339a84,73156375584fc368080fc2b78c85bc52bd8469d7,ZEPPELIN-5310,https://issues.apache.org/jira/browse/ZEPPELIN-5310,https://github.com/apache/zeppelin/tree/c40b1bcfb179d034a865397b80ebcdcad5339a84,https://github.com/apache/zeppelin/tree/73156375584fc368080fc2b78c85bc52bd8469d7,https://github.com/apache/zeppelin/compare/c40b1bcfb179d034a865397b80ebcdcad5339a84...73156375584fc368080fc2b78c85bc52bd8469d7
1271,Zeppelin,3c97c7f2386c4014c8659204f6442142ab54537a,164e517bea65c0b145967afc159cf9971bc9a63e,ZEPPELIN-4506,https://issues.apache.org/jira/browse/ZEPPELIN-4506,https://github.com/apache/zeppelin/tree/3c97c7f2386c4014c8659204f6442142ab54537a,https://github.com/apache/zeppelin/tree/164e517bea65c0b145967afc159cf9971bc9a63e,https://github.com/apache/zeppelin/compare/3c97c7f2386c4014c8659204f6442142ab54537a...164e517bea65c0b145967afc159cf9971bc9a63e
1272,Zeppelin,97874624a236aebfa0b9384be16be889f428c7b7,8eaa6f42ea4e56d91dc165c217f6032921ce6c47,ZEPPELIN-5350,https://issues.apache.org/jira/browse/ZEPPELIN-5350,https://github.com/apache/zeppelin/tree/97874624a236aebfa0b9384be16be889f428c7b7,https://github.com/apache/zeppelin/tree/8eaa6f42ea4e56d91dc165c217f6032921ce6c47,https://github.com/apache/zeppelin/compare/97874624a236aebfa0b9384be16be889f428c7b7...8eaa6f42ea4e56d91dc165c217f6032921ce6c47
1273,Zeppelin,9a6fac8b46aec5d8cc78ae1586054e40e0d166bb,91bfbf9db1b2ca915644c264694e0add03a69e61,ZEPPELIN-5353,https://issues.apache.org/jira/browse/ZEPPELIN-5353,https://github.com/apache/zeppelin/tree/9a6fac8b46aec5d8cc78ae1586054e40e0d166bb,https://github.com/apache/zeppelin/tree/91bfbf9db1b2ca915644c264694e0add03a69e61,https://github.com/apache/zeppelin/compare/9a6fac8b46aec5d8cc78ae1586054e40e0d166bb...91bfbf9db1b2ca915644c264694e0add03a69e61
1274,Zeppelin,2636aec20ac1548cace2482d09c3c6eeccdb8b4a,6ebf0edd95f68fa48be3832d3630f07bebdd39bc,ZEPPELIN-5342,https://issues.apache.org/jira/browse/ZEPPELIN-5342,https://github.com/apache/zeppelin/tree/2636aec20ac1548cace2482d09c3c6eeccdb8b4a,https://github.com/apache/zeppelin/tree/6ebf0edd95f68fa48be3832d3630f07bebdd39bc,https://github.com/apache/zeppelin/compare/2636aec20ac1548cace2482d09c3c6eeccdb8b4a...6ebf0edd95f68fa48be3832d3630f07bebdd39bc
1275,Zeppelin,6ebf0edd95f68fa48be3832d3630f07bebdd39bc,f3b16ad5e3a60e1fcc682df504ba72f712995622,ZEPPELIN-5337,https://issues.apache.org/jira/browse/ZEPPELIN-5337,https://github.com/apache/zeppelin/tree/6ebf0edd95f68fa48be3832d3630f07bebdd39bc,https://github.com/apache/zeppelin/tree/f3b16ad5e3a60e1fcc682df504ba72f712995622,https://github.com/apache/zeppelin/compare/6ebf0edd95f68fa48be3832d3630f07bebdd39bc...f3b16ad5e3a60e1fcc682df504ba72f712995622
1276,Zeppelin,f3b16ad5e3a60e1fcc682df504ba72f712995622,f65ba502031c6934b941771da322c572b75581a4,ZEPPELIN-5357,https://issues.apache.org/jira/browse/ZEPPELIN-5357,https://github.com/apache/zeppelin/tree/f3b16ad5e3a60e1fcc682df504ba72f712995622,https://github.com/apache/zeppelin/tree/f65ba502031c6934b941771da322c572b75581a4,https://github.com/apache/zeppelin/compare/f3b16ad5e3a60e1fcc682df504ba72f712995622...f65ba502031c6934b941771da322c572b75581a4
1277,Zeppelin,b1f8646953ed63a52dd10ac6b9c07ad00b069886,60c5074ecbb10a14c3b3d997bb324fe04939fe4a,ZEPPELIN-5303,https://issues.apache.org/jira/browse/ZEPPELIN-5303,https://github.com/apache/zeppelin/tree/b1f8646953ed63a52dd10ac6b9c07ad00b069886,https://github.com/apache/zeppelin/tree/60c5074ecbb10a14c3b3d997bb324fe04939fe4a,https://github.com/apache/zeppelin/compare/b1f8646953ed63a52dd10ac6b9c07ad00b069886...60c5074ecbb10a14c3b3d997bb324fe04939fe4a
1278,Zeppelin,60c5074ecbb10a14c3b3d997bb324fe04939fe4a,160c36b599faefcbfacd430170470faeb653d988,ZEPPELIN-5365,https://issues.apache.org/jira/browse/ZEPPELIN-5365,https://github.com/apache/zeppelin/tree/60c5074ecbb10a14c3b3d997bb324fe04939fe4a,https://github.com/apache/zeppelin/tree/160c36b599faefcbfacd430170470faeb653d988,https://github.com/apache/zeppelin/compare/60c5074ecbb10a14c3b3d997bb324fe04939fe4a...160c36b599faefcbfacd430170470faeb653d988
1279,Zeppelin,e4e7caf4545ddd67a66b1c584729e93dca6cceb1,97ce203a7fb72fd0300ff84ea5fa8e52f6125ebc,ZEPPELIN-5368,https://issues.apache.org/jira/browse/ZEPPELIN-5368,https://github.com/apache/zeppelin/tree/e4e7caf4545ddd67a66b1c584729e93dca6cceb1,https://github.com/apache/zeppelin/tree/97ce203a7fb72fd0300ff84ea5fa8e52f6125ebc,https://github.com/apache/zeppelin/compare/e4e7caf4545ddd67a66b1c584729e93dca6cceb1...97ce203a7fb72fd0300ff84ea5fa8e52f6125ebc
1280,Zeppelin,d13e72c76de566c28000b91761ef789cea727c91,06e7a341798a8ba152432397efbe3155e53c4f5b,ZEPPELIN-5379,https://issues.apache.org/jira/browse/ZEPPELIN-5379,https://github.com/apache/zeppelin/tree/d13e72c76de566c28000b91761ef789cea727c91,https://github.com/apache/zeppelin/tree/06e7a341798a8ba152432397efbe3155e53c4f5b,https://github.com/apache/zeppelin/compare/d13e72c76de566c28000b91761ef789cea727c91...06e7a341798a8ba152432397efbe3155e53c4f5b
1281,Zeppelin,70c0b98dfd6dd37a6d5302ec1738775d7dbc38b7,37b072a83e3444a7d6aecc2d253749e832e24ad7,ZEPPELIN-5343,https://issues.apache.org/jira/browse/ZEPPELIN-5343,https://github.com/apache/zeppelin/tree/70c0b98dfd6dd37a6d5302ec1738775d7dbc38b7,https://github.com/apache/zeppelin/tree/37b072a83e3444a7d6aecc2d253749e832e24ad7,https://github.com/apache/zeppelin/compare/70c0b98dfd6dd37a6d5302ec1738775d7dbc38b7...37b072a83e3444a7d6aecc2d253749e832e24ad7
1282,Zeppelin,37b072a83e3444a7d6aecc2d253749e832e24ad7,628f064fc4ff1d307c24e7c83758c7b952bc644e,ZEPPELIN-5409,https://issues.apache.org/jira/browse/ZEPPELIN-5409,https://github.com/apache/zeppelin/tree/37b072a83e3444a7d6aecc2d253749e832e24ad7,https://github.com/apache/zeppelin/tree/628f064fc4ff1d307c24e7c83758c7b952bc644e,https://github.com/apache/zeppelin/compare/37b072a83e3444a7d6aecc2d253749e832e24ad7...628f064fc4ff1d307c24e7c83758c7b952bc644e
1283,Zeppelin,628f064fc4ff1d307c24e7c83758c7b952bc644e,ed18c3e6bfcb64322659c830dbc8ef787bdb3477,ZEPPELIN-5412,https://issues.apache.org/jira/browse/ZEPPELIN-5412,https://github.com/apache/zeppelin/tree/628f064fc4ff1d307c24e7c83758c7b952bc644e,https://github.com/apache/zeppelin/tree/ed18c3e6bfcb64322659c830dbc8ef787bdb3477,https://github.com/apache/zeppelin/compare/628f064fc4ff1d307c24e7c83758c7b952bc644e...ed18c3e6bfcb64322659c830dbc8ef787bdb3477
1284,Zeppelin,ed18c3e6bfcb64322659c830dbc8ef787bdb3477,9c1a9e0f78689ba13a1f46fcd3f6f10fd108bfc9,ZEPPELIN-5290,https://issues.apache.org/jira/browse/ZEPPELIN-5290,https://github.com/apache/zeppelin/tree/ed18c3e6bfcb64322659c830dbc8ef787bdb3477,https://github.com/apache/zeppelin/tree/9c1a9e0f78689ba13a1f46fcd3f6f10fd108bfc9,https://github.com/apache/zeppelin/compare/ed18c3e6bfcb64322659c830dbc8ef787bdb3477...9c1a9e0f78689ba13a1f46fcd3f6f10fd108bfc9
1285,Zeppelin,9c1a9e0f78689ba13a1f46fcd3f6f10fd108bfc9,c45f4152d022968d617616025ca0386130cbb4e5,ZEPPELIN-5193,https://issues.apache.org/jira/browse/ZEPPELIN-5193,https://github.com/apache/zeppelin/tree/9c1a9e0f78689ba13a1f46fcd3f6f10fd108bfc9,https://github.com/apache/zeppelin/tree/c45f4152d022968d617616025ca0386130cbb4e5,https://github.com/apache/zeppelin/compare/9c1a9e0f78689ba13a1f46fcd3f6f10fd108bfc9...c45f4152d022968d617616025ca0386130cbb4e5
1286,Zeppelin,dfc36a4d53f01b5b9f00bbfad67dc3207d0c81c1,c98081c7cf83e5d606ed09be2cdcbf7e845b6ad8,ZEPPELIN-5392,https://issues.apache.org/jira/browse/ZEPPELIN-5392,https://github.com/apache/zeppelin/tree/dfc36a4d53f01b5b9f00bbfad67dc3207d0c81c1,https://github.com/apache/zeppelin/tree/c98081c7cf83e5d606ed09be2cdcbf7e845b6ad8,https://github.com/apache/zeppelin/compare/dfc36a4d53f01b5b9f00bbfad67dc3207d0c81c1...c98081c7cf83e5d606ed09be2cdcbf7e845b6ad8
1287,Zeppelin,1a80a2075dfb817834fb7e30b140599da16df238,80ac50649dde5e68bc7fb1456bae0fea5ffa8e2d,ZEPPELIN-5311,https://issues.apache.org/jira/browse/ZEPPELIN-5311,https://github.com/apache/zeppelin/tree/1a80a2075dfb817834fb7e30b140599da16df238,https://github.com/apache/zeppelin/tree/80ac50649dde5e68bc7fb1456bae0fea5ffa8e2d,https://github.com/apache/zeppelin/compare/1a80a2075dfb817834fb7e30b140599da16df238...80ac50649dde5e68bc7fb1456bae0fea5ffa8e2d
1288,Zeppelin,1d77c42cc3f137e041e5245630909e841618deb3,5aa9d16b5d20a81204aee779c8de2564a077df06,Zeppelin-4765,https://issues.apache.org/jira/browse/ZEPPELIN-4765,https://github.com/apache/zeppelin/tree/1d77c42cc3f137e041e5245630909e841618deb3,https://github.com/apache/zeppelin/tree/5aa9d16b5d20a81204aee779c8de2564a077df06,https://github.com/apache/zeppelin/compare/1d77c42cc3f137e041e5245630909e841618deb3...5aa9d16b5d20a81204aee779c8de2564a077df06
1289,Zeppelin,dc9e9dd1138d593cdce508a2cfd541ff23e87a57,1c47c15e2d1b47df2fc374da5308c38f68692ac8,ZEPPELIN-5423,https://issues.apache.org/jira/browse/ZEPPELIN-5423,https://github.com/apache/zeppelin/tree/dc9e9dd1138d593cdce508a2cfd541ff23e87a57,https://github.com/apache/zeppelin/tree/1c47c15e2d1b47df2fc374da5308c38f68692ac8,https://github.com/apache/zeppelin/compare/dc9e9dd1138d593cdce508a2cfd541ff23e87a57...1c47c15e2d1b47df2fc374da5308c38f68692ac8
1290,Zeppelin,ad96136c3ec16750bc0ce4b0ce3a1a0e3bc50916,7288702a53d9c246bd6e7194e03e00f9b64fe61a,ZEPPELIN-5178,https://issues.apache.org/jira/browse/ZEPPELIN-5178,https://github.com/apache/zeppelin/tree/ad96136c3ec16750bc0ce4b0ce3a1a0e3bc50916,https://github.com/apache/zeppelin/tree/7288702a53d9c246bd6e7194e03e00f9b64fe61a,https://github.com/apache/zeppelin/compare/ad96136c3ec16750bc0ce4b0ce3a1a0e3bc50916...7288702a53d9c246bd6e7194e03e00f9b64fe61a
1291,Zeppelin,19a963fea11632bda7f6be3b91ea319b06a7f998,e34cf0f6062643cb848c4da03aaa98635b261e77,ZEPPELIN-5428,https://issues.apache.org/jira/browse/ZEPPELIN-5428,https://github.com/apache/zeppelin/tree/19a963fea11632bda7f6be3b91ea319b06a7f998,https://github.com/apache/zeppelin/tree/e34cf0f6062643cb848c4da03aaa98635b261e77,https://github.com/apache/zeppelin/compare/19a963fea11632bda7f6be3b91ea319b06a7f998...e34cf0f6062643cb848c4da03aaa98635b261e77
1292,Zeppelin,e34cf0f6062643cb848c4da03aaa98635b261e77,b9118fd47e2e908c4c2ac05aa28d63fe424f91ba,ZEPPELIN-5417,https://issues.apache.org/jira/browse/ZEPPELIN-5417,https://github.com/apache/zeppelin/tree/e34cf0f6062643cb848c4da03aaa98635b261e77,https://github.com/apache/zeppelin/tree/b9118fd47e2e908c4c2ac05aa28d63fe424f91ba,https://github.com/apache/zeppelin/compare/e34cf0f6062643cb848c4da03aaa98635b261e77...b9118fd47e2e908c4c2ac05aa28d63fe424f91ba
1293,Zeppelin,c7b2ea1c41d10978854496f74901c4e3c9a2b393,ec69154bf56edd74df09c8646986993cfba3cb35,ZEPPELIN-5451,https://issues.apache.org/jira/browse/ZEPPELIN-5451,https://github.com/apache/zeppelin/tree/c7b2ea1c41d10978854496f74901c4e3c9a2b393,https://github.com/apache/zeppelin/tree/ec69154bf56edd74df09c8646986993cfba3cb35,https://github.com/apache/zeppelin/compare/c7b2ea1c41d10978854496f74901c4e3c9a2b393...ec69154bf56edd74df09c8646986993cfba3cb35
1294,Zeppelin,919f030a8a87b287e2d1536682a4d83d40cf2d1a,a6fd2c5301c0fe406a1ab4e3afb26e471d32bb02,ZEPPELIN-5448,https://issues.apache.org/jira/browse/ZEPPELIN-5448,https://github.com/apache/zeppelin/tree/919f030a8a87b287e2d1536682a4d83d40cf2d1a,https://github.com/apache/zeppelin/tree/a6fd2c5301c0fe406a1ab4e3afb26e471d32bb02,https://github.com/apache/zeppelin/compare/919f030a8a87b287e2d1536682a4d83d40cf2d1a...a6fd2c5301c0fe406a1ab4e3afb26e471d32bb02
1295,Zeppelin,a6fd2c5301c0fe406a1ab4e3afb26e471d32bb02,68aee7806a8df2f108440f37481aafd155f814d2,ZEPPELIN-5447,https://issues.apache.org/jira/browse/ZEPPELIN-5447,https://github.com/apache/zeppelin/tree/a6fd2c5301c0fe406a1ab4e3afb26e471d32bb02,https://github.com/apache/zeppelin/tree/68aee7806a8df2f108440f37481aafd155f814d2,https://github.com/apache/zeppelin/compare/a6fd2c5301c0fe406a1ab4e3afb26e471d32bb02...68aee7806a8df2f108440f37481aafd155f814d2
1296,Zeppelin,68aee7806a8df2f108440f37481aafd155f814d2,593a5ccdb36b198eacbd89ec24dd2537b0f2b0ca,ZEPPELIN-5436,https://issues.apache.org/jira/browse/ZEPPELIN-5436,https://github.com/apache/zeppelin/tree/68aee7806a8df2f108440f37481aafd155f814d2,https://github.com/apache/zeppelin/tree/593a5ccdb36b198eacbd89ec24dd2537b0f2b0ca,https://github.com/apache/zeppelin/compare/68aee7806a8df2f108440f37481aafd155f814d2...593a5ccdb36b198eacbd89ec24dd2537b0f2b0ca
1297,Zeppelin,6ea94f27b48b4f637cf4e7284b5b24b0fc374fe6,80228c35905ebd16b7c80ce40f5b2d4f67180160,ZEPPELIN-5446,https://issues.apache.org/jira/browse/ZEPPELIN-5446,https://github.com/apache/zeppelin/tree/6ea94f27b48b4f637cf4e7284b5b24b0fc374fe6,https://github.com/apache/zeppelin/tree/80228c35905ebd16b7c80ce40f5b2d4f67180160,https://github.com/apache/zeppelin/compare/6ea94f27b48b4f637cf4e7284b5b24b0fc374fe6...80228c35905ebd16b7c80ce40f5b2d4f67180160
1298,Zeppelin,dfb8ef9621d895ebcfcf1e764a43451e4e425d37,a230af741978a7de27fc57f4c9ad729726d6ffe0,ZEPPELIN-5300,https://issues.apache.org/jira/browse/ZEPPELIN-5300,https://github.com/apache/zeppelin/tree/dfb8ef9621d895ebcfcf1e764a43451e4e425d37,https://github.com/apache/zeppelin/tree/a230af741978a7de27fc57f4c9ad729726d6ffe0,https://github.com/apache/zeppelin/compare/dfb8ef9621d895ebcfcf1e764a43451e4e425d37...a230af741978a7de27fc57f4c9ad729726d6ffe0
1299,Zeppelin,a230af741978a7de27fc57f4c9ad729726d6ffe0,3ef292a05bfc6f5e0b7b784ee12fa4b702048e19,ZEPPELIN-5460,https://issues.apache.org/jira/browse/ZEPPELIN-5460,https://github.com/apache/zeppelin/tree/a230af741978a7de27fc57f4c9ad729726d6ffe0,https://github.com/apache/zeppelin/tree/3ef292a05bfc6f5e0b7b784ee12fa4b702048e19,https://github.com/apache/zeppelin/compare/a230af741978a7de27fc57f4c9ad729726d6ffe0...3ef292a05bfc6f5e0b7b784ee12fa4b702048e19
1300,Zeppelin,3ef292a05bfc6f5e0b7b784ee12fa4b702048e19,0ec89755d3155c254bdf33cb7e9603f10708af65,ZEPPELIN-5459,https://issues.apache.org/jira/browse/ZEPPELIN-5459,https://github.com/apache/zeppelin/tree/3ef292a05bfc6f5e0b7b784ee12fa4b702048e19,https://github.com/apache/zeppelin/tree/0ec89755d3155c254bdf33cb7e9603f10708af65,https://github.com/apache/zeppelin/compare/3ef292a05bfc6f5e0b7b784ee12fa4b702048e19...0ec89755d3155c254bdf33cb7e9603f10708af65
1301,Zeppelin,0925ddd486ba737a7315e576c8f5a94740716179,ef11cbdc1c78bd86951a8cb4d88c5ecf936c40c4,ZEPPELIN-5424,https://issues.apache.org/jira/browse/ZEPPELIN-5424,https://github.com/apache/zeppelin/tree/0925ddd486ba737a7315e576c8f5a94740716179,https://github.com/apache/zeppelin/tree/ef11cbdc1c78bd86951a8cb4d88c5ecf936c40c4,https://github.com/apache/zeppelin/compare/0925ddd486ba737a7315e576c8f5a94740716179...ef11cbdc1c78bd86951a8cb4d88c5ecf936c40c4
1302,Zeppelin,ef11cbdc1c78bd86951a8cb4d88c5ecf936c40c4,bb5e7e1c136b927ceecef0b3cde680fb2d58695f,ZEPPELIN-5398,https://issues.apache.org/jira/browse/ZEPPELIN-5398,https://github.com/apache/zeppelin/tree/ef11cbdc1c78bd86951a8cb4d88c5ecf936c40c4,https://github.com/apache/zeppelin/tree/bb5e7e1c136b927ceecef0b3cde680fb2d58695f,https://github.com/apache/zeppelin/compare/ef11cbdc1c78bd86951a8cb4d88c5ecf936c40c4...bb5e7e1c136b927ceecef0b3cde680fb2d58695f
1303,Zeppelin,cc2f8f7aeddb8d718e0be2205d7f742d29d03bd3,f2b16fc0f26d6d2193d5c8bc9dd5ffb34b45c1eb,ZEPPELIN-5458,https://issues.apache.org/jira/browse/ZEPPELIN-5458,https://github.com/apache/zeppelin/tree/cc2f8f7aeddb8d718e0be2205d7f742d29d03bd3,https://github.com/apache/zeppelin/tree/f2b16fc0f26d6d2193d5c8bc9dd5ffb34b45c1eb,https://github.com/apache/zeppelin/compare/cc2f8f7aeddb8d718e0be2205d7f742d29d03bd3...f2b16fc0f26d6d2193d5c8bc9dd5ffb34b45c1eb
1304,Zeppelin,5342df73e31e2282e871d2105e1e58823daf3498,5ce2c8d254ea41fa352bd1192d368038f1a8025c,ZEPPELIN-5470,https://issues.apache.org/jira/browse/ZEPPELIN-5470,https://github.com/apache/zeppelin/tree/5342df73e31e2282e871d2105e1e58823daf3498,https://github.com/apache/zeppelin/tree/5ce2c8d254ea41fa352bd1192d368038f1a8025c,https://github.com/apache/zeppelin/compare/5342df73e31e2282e871d2105e1e58823daf3498...5ce2c8d254ea41fa352bd1192d368038f1a8025c
1305,Zeppelin,5ce2c8d254ea41fa352bd1192d368038f1a8025c,2ac9b1df90530e3ff97c68109c6011b92042b6f3,ZEPPELIN-5471,https://issues.apache.org/jira/browse/ZEPPELIN-5471,https://github.com/apache/zeppelin/tree/5ce2c8d254ea41fa352bd1192d368038f1a8025c,https://github.com/apache/zeppelin/tree/2ac9b1df90530e3ff97c68109c6011b92042b6f3,https://github.com/apache/zeppelin/compare/5ce2c8d254ea41fa352bd1192d368038f1a8025c...2ac9b1df90530e3ff97c68109c6011b92042b6f3
1306,Zeppelin,934e38add26157b87d6b247e4efca4f795411a2c,470ba4533930f2eec1770d491a2fe34fbb2f3c47,ZEPPELIN-5383,https://issues.apache.org/jira/browse/ZEPPELIN-5383,https://github.com/apache/zeppelin/tree/934e38add26157b87d6b247e4efca4f795411a2c,https://github.com/apache/zeppelin/tree/470ba4533930f2eec1770d491a2fe34fbb2f3c47,https://github.com/apache/zeppelin/compare/934e38add26157b87d6b247e4efca4f795411a2c...470ba4533930f2eec1770d491a2fe34fbb2f3c47
1307,Zeppelin,aa96e31807f5e384b5475ab6a017ca006790c46d,64e3e0730dbc2d1206876c968fef0bb028fe5efe,ZEPPELIN-5473,https://issues.apache.org/jira/browse/ZEPPELIN-5473,https://github.com/apache/zeppelin/tree/aa96e31807f5e384b5475ab6a017ca006790c46d,https://github.com/apache/zeppelin/tree/64e3e0730dbc2d1206876c968fef0bb028fe5efe,https://github.com/apache/zeppelin/compare/aa96e31807f5e384b5475ab6a017ca006790c46d...64e3e0730dbc2d1206876c968fef0bb028fe5efe
1308,Zeppelin,64e3e0730dbc2d1206876c968fef0bb028fe5efe,9aa4b98c1e4081a5f1f9f13a19842ccb4cac165b,ZEPPELIN-5455,https://issues.apache.org/jira/browse/ZEPPELIN-5455,https://github.com/apache/zeppelin/tree/64e3e0730dbc2d1206876c968fef0bb028fe5efe,https://github.com/apache/zeppelin/tree/9aa4b98c1e4081a5f1f9f13a19842ccb4cac165b,https://github.com/apache/zeppelin/compare/64e3e0730dbc2d1206876c968fef0bb028fe5efe...9aa4b98c1e4081a5f1f9f13a19842ccb4cac165b
1309,Zeppelin,f9fb395942b958d473c3f14068c7840f1cdc2e23,eb0f8ab8c07c83f054a9de23aaa4edf9239e585c,ZEPPELIN-5464,https://issues.apache.org/jira/browse/ZEPPELIN-5464,https://github.com/apache/zeppelin/tree/f9fb395942b958d473c3f14068c7840f1cdc2e23,https://github.com/apache/zeppelin/tree/eb0f8ab8c07c83f054a9de23aaa4edf9239e585c,https://github.com/apache/zeppelin/compare/f9fb395942b958d473c3f14068c7840f1cdc2e23...eb0f8ab8c07c83f054a9de23aaa4edf9239e585c
1310,Zeppelin,d4d82e3a843903e66f76e12157c16eeade926576,d8961637300450e504affa6e27832bd7fc10e5a9,ZEPPELIN-5489,https://issues.apache.org/jira/browse/ZEPPELIN-5489,https://github.com/apache/zeppelin/tree/d4d82e3a843903e66f76e12157c16eeade926576,https://github.com/apache/zeppelin/tree/d8961637300450e504affa6e27832bd7fc10e5a9,https://github.com/apache/zeppelin/compare/d4d82e3a843903e66f76e12157c16eeade926576...d8961637300450e504affa6e27832bd7fc10e5a9
1311,Zeppelin,c8b1210d55aa3fe5247298e1daaa35fe6b45bbe8,8ff2bafca66f334d6d67057347f85942a83d8b9b,ZEPPELIN-5497,https://issues.apache.org/jira/browse/ZEPPELIN-5497,https://github.com/apache/zeppelin/tree/c8b1210d55aa3fe5247298e1daaa35fe6b45bbe8,https://github.com/apache/zeppelin/tree/8ff2bafca66f334d6d67057347f85942a83d8b9b,https://github.com/apache/zeppelin/compare/c8b1210d55aa3fe5247298e1daaa35fe6b45bbe8...8ff2bafca66f334d6d67057347f85942a83d8b9b
1312,Zeppelin,8ff2bafca66f334d6d67057347f85942a83d8b9b,91f6cdfb1974966c4e25a773be2a999b4d6dea77,ZEPPELIN-5504,https://issues.apache.org/jira/browse/ZEPPELIN-5504,https://github.com/apache/zeppelin/tree/8ff2bafca66f334d6d67057347f85942a83d8b9b,https://github.com/apache/zeppelin/tree/91f6cdfb1974966c4e25a773be2a999b4d6dea77,https://github.com/apache/zeppelin/compare/8ff2bafca66f334d6d67057347f85942a83d8b9b...91f6cdfb1974966c4e25a773be2a999b4d6dea77
1313,Zeppelin,91f6cdfb1974966c4e25a773be2a999b4d6dea77,979820ec522fdc654f7ce857df60fb4795b459e5,ZEPPELIN-5466,https://issues.apache.org/jira/browse/ZEPPELIN-5466,https://github.com/apache/zeppelin/tree/91f6cdfb1974966c4e25a773be2a999b4d6dea77,https://github.com/apache/zeppelin/tree/979820ec522fdc654f7ce857df60fb4795b459e5,https://github.com/apache/zeppelin/compare/91f6cdfb1974966c4e25a773be2a999b4d6dea77...979820ec522fdc654f7ce857df60fb4795b459e5
1314,Zeppelin,0796bf9d4ed4791b1fe87d867c6d2cce10525bc8,f6a2d33ecdd9436978ad93b5d00b3d8d2749182c,ZEPPELIN-5499,https://issues.apache.org/jira/browse/ZEPPELIN-5499,https://github.com/apache/zeppelin/tree/0796bf9d4ed4791b1fe87d867c6d2cce10525bc8,https://github.com/apache/zeppelin/tree/f6a2d33ecdd9436978ad93b5d00b3d8d2749182c,https://github.com/apache/zeppelin/compare/0796bf9d4ed4791b1fe87d867c6d2cce10525bc8...f6a2d33ecdd9436978ad93b5d00b3d8d2749182c
1315,Zeppelin,924e38f1918cbc9fd1282b76ef99212a911b6e2f,fd7765a404890037aad7578bf7f4726bdeeacf0e,ZEPPELIN-5524,https://issues.apache.org/jira/browse/ZEPPELIN-5524,https://github.com/apache/zeppelin/tree/924e38f1918cbc9fd1282b76ef99212a911b6e2f,https://github.com/apache/zeppelin/tree/fd7765a404890037aad7578bf7f4726bdeeacf0e,https://github.com/apache/zeppelin/compare/924e38f1918cbc9fd1282b76ef99212a911b6e2f...fd7765a404890037aad7578bf7f4726bdeeacf0e
1316,Zeppelin,ed2b00ff1a68c30c484d2b8bb8a909d9000784f3,9368005e7bd8ac4665df99fd9b532ecb742882cd,ZEPPELIN-5534,https://issues.apache.org/jira/browse/ZEPPELIN-5534,https://github.com/apache/zeppelin/tree/ed2b00ff1a68c30c484d2b8bb8a909d9000784f3,https://github.com/apache/zeppelin/tree/9368005e7bd8ac4665df99fd9b532ecb742882cd,https://github.com/apache/zeppelin/compare/ed2b00ff1a68c30c484d2b8bb8a909d9000784f3...9368005e7bd8ac4665df99fd9b532ecb742882cd
1317,Zeppelin,575df6890ea0349314c8f23a5c19c758779ea9f7,6a30c0c745f53a6eb0462d17c32459567382a91a,ZEPPELIN-5526,https://issues.apache.org/jira/browse/ZEPPELIN-5526,https://github.com/apache/zeppelin/tree/575df6890ea0349314c8f23a5c19c758779ea9f7,https://github.com/apache/zeppelin/tree/6a30c0c745f53a6eb0462d17c32459567382a91a,https://github.com/apache/zeppelin/compare/575df6890ea0349314c8f23a5c19c758779ea9f7...6a30c0c745f53a6eb0462d17c32459567382a91a
1318,Zeppelin,5d0be08f3d1f74a33ea14a5451671e0699a5ae4c,a1fe668b42d5e150280a7f2060752a08f8fc069f,ZEPPELIN-5536,https://issues.apache.org/jira/browse/ZEPPELIN-5536,https://github.com/apache/zeppelin/tree/5d0be08f3d1f74a33ea14a5451671e0699a5ae4c,https://github.com/apache/zeppelin/tree/a1fe668b42d5e150280a7f2060752a08f8fc069f,https://github.com/apache/zeppelin/compare/5d0be08f3d1f74a33ea14a5451671e0699a5ae4c...a1fe668b42d5e150280a7f2060752a08f8fc069f
1319,Zeppelin,a1fe668b42d5e150280a7f2060752a08f8fc069f,fa1f72891f7c83911deefedef5275fa766b5b6ab,ZEPPELIN-5525,https://issues.apache.org/jira/browse/ZEPPELIN-5525,https://github.com/apache/zeppelin/tree/a1fe668b42d5e150280a7f2060752a08f8fc069f,https://github.com/apache/zeppelin/tree/fa1f72891f7c83911deefedef5275fa766b5b6ab,https://github.com/apache/zeppelin/compare/a1fe668b42d5e150280a7f2060752a08f8fc069f...fa1f72891f7c83911deefedef5275fa766b5b6ab
1320,Zeppelin,79750a88025bd64cff5830cf2ec8e6a6181454f5,5c52dd38dae7d5bde49837e3df2eb0b68a305117,ZEPPELIN-5540,https://issues.apache.org/jira/browse/ZEPPELIN-5540,https://github.com/apache/zeppelin/tree/79750a88025bd64cff5830cf2ec8e6a6181454f5,https://github.com/apache/zeppelin/tree/5c52dd38dae7d5bde49837e3df2eb0b68a305117,https://github.com/apache/zeppelin/compare/79750a88025bd64cff5830cf2ec8e6a6181454f5...5c52dd38dae7d5bde49837e3df2eb0b68a305117
1321,Zeppelin,26162dc3951f9a7a4e05cc40330ac6a1fcfd5ef4,d4234375260c6e8a1f02b74dc1d00e99d8ca19eb,ZEPPELIN-5548,https://issues.apache.org/jira/browse/ZEPPELIN-5548,https://github.com/apache/zeppelin/tree/26162dc3951f9a7a4e05cc40330ac6a1fcfd5ef4,https://github.com/apache/zeppelin/tree/d4234375260c6e8a1f02b74dc1d00e99d8ca19eb,https://github.com/apache/zeppelin/compare/26162dc3951f9a7a4e05cc40330ac6a1fcfd5ef4...d4234375260c6e8a1f02b74dc1d00e99d8ca19eb
1322,Zeppelin,8b2241305d06db8ada8853019beedc21cbb8990d,7e7ba0277e2ece0a968c54d482bd45be305a0d6e,ZEPPELIN-5539,https://issues.apache.org/jira/browse/ZEPPELIN-5539,https://github.com/apache/zeppelin/tree/8b2241305d06db8ada8853019beedc21cbb8990d,https://github.com/apache/zeppelin/tree/7e7ba0277e2ece0a968c54d482bd45be305a0d6e,https://github.com/apache/zeppelin/compare/8b2241305d06db8ada8853019beedc21cbb8990d...7e7ba0277e2ece0a968c54d482bd45be305a0d6e
1323,Zeppelin,769575dfded818a919d5ee242d540e12e3cdbefd,a0c3e5da00c0a8c51db527b27f6ec673d450ef14,ZEPPELIN-5547,https://issues.apache.org/jira/browse/ZEPPELIN-5547,https://github.com/apache/zeppelin/tree/769575dfded818a919d5ee242d540e12e3cdbefd,https://github.com/apache/zeppelin/tree/a0c3e5da00c0a8c51db527b27f6ec673d450ef14,https://github.com/apache/zeppelin/compare/769575dfded818a919d5ee242d540e12e3cdbefd...a0c3e5da00c0a8c51db527b27f6ec673d450ef14
1324,Zeppelin,7e6c1236ff84acd636325763eb86017e8a412d9c,cd2b3f4c95add218cad1c0572f39ef0610841514,ZEPPELIN-5551,https://issues.apache.org/jira/browse/ZEPPELIN-5551,https://github.com/apache/zeppelin/tree/7e6c1236ff84acd636325763eb86017e8a412d9c,https://github.com/apache/zeppelin/tree/cd2b3f4c95add218cad1c0572f39ef0610841514,https://github.com/apache/zeppelin/compare/7e6c1236ff84acd636325763eb86017e8a412d9c...cd2b3f4c95add218cad1c0572f39ef0610841514
1325,Zeppelin,cd2b3f4c95add218cad1c0572f39ef0610841514,e9f411919a499b03363efc6d064d9b39e945cfe8,ZEPPELIN-5571,https://issues.apache.org/jira/browse/ZEPPELIN-5571,https://github.com/apache/zeppelin/tree/cd2b3f4c95add218cad1c0572f39ef0610841514,https://github.com/apache/zeppelin/tree/e9f411919a499b03363efc6d064d9b39e945cfe8,https://github.com/apache/zeppelin/compare/cd2b3f4c95add218cad1c0572f39ef0610841514...e9f411919a499b03363efc6d064d9b39e945cfe8
1326,Zeppelin,cd09f93b0d713ea3e199cf96f24855d4e67c1cff,987c0b70325ffbcd061be7784f84eb32a1b6cb72,ZEPPELIN-5572,https://issues.apache.org/jira/browse/ZEPPELIN-5572,https://github.com/apache/zeppelin/tree/cd09f93b0d713ea3e199cf96f24855d4e67c1cff,https://github.com/apache/zeppelin/tree/987c0b70325ffbcd061be7784f84eb32a1b6cb72,https://github.com/apache/zeppelin/compare/cd09f93b0d713ea3e199cf96f24855d4e67c1cff...987c0b70325ffbcd061be7784f84eb32a1b6cb72
1327,Zeppelin,987c0b70325ffbcd061be7784f84eb32a1b6cb72,d5d26583f723d9638d69020aab885afefab82c5c,ZEPPELIN-5580,https://issues.apache.org/jira/browse/ZEPPELIN-5580,https://github.com/apache/zeppelin/tree/987c0b70325ffbcd061be7784f84eb32a1b6cb72,https://github.com/apache/zeppelin/tree/d5d26583f723d9638d69020aab885afefab82c5c,https://github.com/apache/zeppelin/compare/987c0b70325ffbcd061be7784f84eb32a1b6cb72...d5d26583f723d9638d69020aab885afefab82c5c
1328,Zeppelin,d5d26583f723d9638d69020aab885afefab82c5c,d85e3fc50232b36c8a47f9694896013d127d35a2,ZEPPELIN-5594,https://issues.apache.org/jira/browse/ZEPPELIN-5594,https://github.com/apache/zeppelin/tree/d5d26583f723d9638d69020aab885afefab82c5c,https://github.com/apache/zeppelin/tree/d85e3fc50232b36c8a47f9694896013d127d35a2,https://github.com/apache/zeppelin/compare/d5d26583f723d9638d69020aab885afefab82c5c...d85e3fc50232b36c8a47f9694896013d127d35a2
1329,Zeppelin,d85e3fc50232b36c8a47f9694896013d127d35a2,37cf84a5fef65f40359704e5cb2238264e00a889,ZEPPELIN-5601,https://issues.apache.org/jira/browse/ZEPPELIN-5601,https://github.com/apache/zeppelin/tree/d85e3fc50232b36c8a47f9694896013d127d35a2,https://github.com/apache/zeppelin/tree/37cf84a5fef65f40359704e5cb2238264e00a889,https://github.com/apache/zeppelin/compare/d85e3fc50232b36c8a47f9694896013d127d35a2...37cf84a5fef65f40359704e5cb2238264e00a889
1330,Zeppelin,37cf84a5fef65f40359704e5cb2238264e00a889,de3a88ee1732ece6ca167f3399f759c43c7cb76d,ZEPPELIN-5619,https://issues.apache.org/jira/browse/ZEPPELIN-5619,https://github.com/apache/zeppelin/tree/37cf84a5fef65f40359704e5cb2238264e00a889,https://github.com/apache/zeppelin/tree/de3a88ee1732ece6ca167f3399f759c43c7cb76d,https://github.com/apache/zeppelin/compare/37cf84a5fef65f40359704e5cb2238264e00a889...de3a88ee1732ece6ca167f3399f759c43c7cb76d
1331,Zeppelin,bef579d87f7531480052d8e9451752cae1118e36,f6e822434bdfefb2ac2f1a89721c3b3fe5695e8f,ZEPPELIN-5559,https://issues.apache.org/jira/browse/ZEPPELIN-5559,https://github.com/apache/zeppelin/tree/bef579d87f7531480052d8e9451752cae1118e36,https://github.com/apache/zeppelin/tree/f6e822434bdfefb2ac2f1a89721c3b3fe5695e8f,https://github.com/apache/zeppelin/compare/bef579d87f7531480052d8e9451752cae1118e36...f6e822434bdfefb2ac2f1a89721c3b3fe5695e8f
1332,Zeppelin,d8d18f59b2926c90b34b5cfb27a3c2c3174f62a5,b870ee69a0751d2eeefe43cfb22fa1acc5ef8a12,ZEPPELIN-5629,https://issues.apache.org/jira/browse/ZEPPELIN-5629,https://github.com/apache/zeppelin/tree/d8d18f59b2926c90b34b5cfb27a3c2c3174f62a5,https://github.com/apache/zeppelin/tree/b870ee69a0751d2eeefe43cfb22fa1acc5ef8a12,https://github.com/apache/zeppelin/compare/d8d18f59b2926c90b34b5cfb27a3c2c3174f62a5...b870ee69a0751d2eeefe43cfb22fa1acc5ef8a12
1333,Zeppelin,be13f03f537a314657246d8aff719aed6691acd0,812bc0ff2d817e1b13ad28bf64a03a716d3493e6,ZEPPELIN-5620,https://issues.apache.org/jira/browse/ZEPPELIN-5620,https://github.com/apache/zeppelin/tree/be13f03f537a314657246d8aff719aed6691acd0,https://github.com/apache/zeppelin/tree/812bc0ff2d817e1b13ad28bf64a03a716d3493e6,https://github.com/apache/zeppelin/compare/be13f03f537a314657246d8aff719aed6691acd0...812bc0ff2d817e1b13ad28bf64a03a716d3493e6
1334,Zeppelin,49b2e59625f54e29d787e94c8483980a90952014,15cbe3260090738d26283a28512e61075b2ac6f0,ZEPPELIN-5624,https://issues.apache.org/jira/browse/ZEPPELIN-5624,https://github.com/apache/zeppelin/tree/49b2e59625f54e29d787e94c8483980a90952014,https://github.com/apache/zeppelin/tree/15cbe3260090738d26283a28512e61075b2ac6f0,https://github.com/apache/zeppelin/compare/49b2e59625f54e29d787e94c8483980a90952014...15cbe3260090738d26283a28512e61075b2ac6f0
1335,Zeppelin,15cbe3260090738d26283a28512e61075b2ac6f0,ade718c778612e87a5d91c492169a54003ae3091,ZEPPELIN-5693,https://issues.apache.org/jira/browse/ZEPPELIN-5693,https://github.com/apache/zeppelin/tree/15cbe3260090738d26283a28512e61075b2ac6f0,https://github.com/apache/zeppelin/tree/ade718c778612e87a5d91c492169a54003ae3091,https://github.com/apache/zeppelin/compare/15cbe3260090738d26283a28512e61075b2ac6f0...ade718c778612e87a5d91c492169a54003ae3091
1336,Zeppelin,148129e4029009f1a6131144917262d2ec71d730,f85d415225860afa8ff472189893dcd7370d3310,ZEPPELIN-5604,https://issues.apache.org/jira/browse/ZEPPELIN-5604,https://github.com/apache/zeppelin/tree/148129e4029009f1a6131144917262d2ec71d730,https://github.com/apache/zeppelin/tree/f85d415225860afa8ff472189893dcd7370d3310,https://github.com/apache/zeppelin/compare/148129e4029009f1a6131144917262d2ec71d730...f85d415225860afa8ff472189893dcd7370d3310
1337,Zeppelin,70c791bae4832a04442a3cdbaec98432f829949f,eb945b4881ddbc986ca79217775da062cafbeb05,ZEPPELIN-5705,https://issues.apache.org/jira/browse/ZEPPELIN-5705,https://github.com/apache/zeppelin/tree/70c791bae4832a04442a3cdbaec98432f829949f,https://github.com/apache/zeppelin/tree/eb945b4881ddbc986ca79217775da062cafbeb05,https://github.com/apache/zeppelin/compare/70c791bae4832a04442a3cdbaec98432f829949f...eb945b4881ddbc986ca79217775da062cafbeb05
1338,Zeppelin,6a4dc5e81f296d0f09ef99237ef279ce3aba96f9,38e2b679e80f0424b01365bb0d0df811a4556f2d,ZEPPELIN-4627,https://issues.apache.org/jira/browse/ZEPPELIN-4627,https://github.com/apache/zeppelin/tree/6a4dc5e81f296d0f09ef99237ef279ce3aba96f9,https://github.com/apache/zeppelin/tree/38e2b679e80f0424b01365bb0d0df811a4556f2d,https://github.com/apache/zeppelin/compare/6a4dc5e81f296d0f09ef99237ef279ce3aba96f9...38e2b679e80f0424b01365bb0d0df811a4556f2d
1339,Zeppelin,38e2b679e80f0424b01365bb0d0df811a4556f2d,b6671c5d2c06b8a6adc047896308b1e28fd1e941,ZEPPELIN-5706,https://issues.apache.org/jira/browse/ZEPPELIN-5706,https://github.com/apache/zeppelin/tree/38e2b679e80f0424b01365bb0d0df811a4556f2d,https://github.com/apache/zeppelin/tree/b6671c5d2c06b8a6adc047896308b1e28fd1e941,https://github.com/apache/zeppelin/compare/38e2b679e80f0424b01365bb0d0df811a4556f2d...b6671c5d2c06b8a6adc047896308b1e28fd1e941
1340,Zeppelin,9e2c1c670ea647f71fdecc63fab07499815c085a,e5b9020bae940c120a2d5b3c0483314da7ac2861,ZEPPELIN-5717,https://issues.apache.org/jira/browse/ZEPPELIN-5717,https://github.com/apache/zeppelin/tree/9e2c1c670ea647f71fdecc63fab07499815c085a,https://github.com/apache/zeppelin/tree/e5b9020bae940c120a2d5b3c0483314da7ac2861,https://github.com/apache/zeppelin/compare/9e2c1c670ea647f71fdecc63fab07499815c085a...e5b9020bae940c120a2d5b3c0483314da7ac2861
1341,Zeppelin,f6bb339e095d1745b8831b6f506911ef8d897e36,105bcb550732b8fa71027f978fb494e96e594c8b,ZEPPELIN-5682,https://issues.apache.org/jira/browse/ZEPPELIN-5682,https://github.com/apache/zeppelin/tree/f6bb339e095d1745b8831b6f506911ef8d897e36,https://github.com/apache/zeppelin/tree/105bcb550732b8fa71027f978fb494e96e594c8b,https://github.com/apache/zeppelin/compare/f6bb339e095d1745b8831b6f506911ef8d897e36...105bcb550732b8fa71027f978fb494e96e594c8b
1342,Zeppelin,105bcb550732b8fa71027f978fb494e96e594c8b,5ae2aaebbcb4aaec617c30a3e7f128fa5f2b7906,ZEPPELIN-5737,https://issues.apache.org/jira/browse/ZEPPELIN-5737,https://github.com/apache/zeppelin/tree/105bcb550732b8fa71027f978fb494e96e594c8b,https://github.com/apache/zeppelin/tree/5ae2aaebbcb4aaec617c30a3e7f128fa5f2b7906,https://github.com/apache/zeppelin/compare/105bcb550732b8fa71027f978fb494e96e594c8b...5ae2aaebbcb4aaec617c30a3e7f128fa5f2b7906
1343,Zeppelin,5ae2aaebbcb4aaec617c30a3e7f128fa5f2b7906,525d3617b08573dc0272cc94735721a09b21716a,ZEPPELIN-5744,https://issues.apache.org/jira/browse/ZEPPELIN-5744,https://github.com/apache/zeppelin/tree/5ae2aaebbcb4aaec617c30a3e7f128fa5f2b7906,https://github.com/apache/zeppelin/tree/525d3617b08573dc0272cc94735721a09b21716a,https://github.com/apache/zeppelin/compare/5ae2aaebbcb4aaec617c30a3e7f128fa5f2b7906...525d3617b08573dc0272cc94735721a09b21716a
1344,Zeppelin,5ebd0fe6231ec0b6d3576ee4ec3be14449fe5c2f,bd951ee53d696a4d21a69f09f5cd7ba76f173a28,ZEPPELIN-5434,https://issues.apache.org/jira/browse/ZEPPELIN-5434,https://github.com/apache/zeppelin/tree/5ebd0fe6231ec0b6d3576ee4ec3be14449fe5c2f,https://github.com/apache/zeppelin/tree/bd951ee53d696a4d21a69f09f5cd7ba76f173a28,https://github.com/apache/zeppelin/compare/5ebd0fe6231ec0b6d3576ee4ec3be14449fe5c2f...bd951ee53d696a4d21a69f09f5cd7ba76f173a28
1345,Zeppelin,1640e2da4fee165b5305b0f94e2c5296410f964a,a41897a6cff9f10df9e6af4c98abfc0b1e92992b,ZEPPELIN-5757,https://issues.apache.org/jira/browse/ZEPPELIN-5757,https://github.com/apache/zeppelin/tree/1640e2da4fee165b5305b0f94e2c5296410f964a,https://github.com/apache/zeppelin/tree/a41897a6cff9f10df9e6af4c98abfc0b1e92992b,https://github.com/apache/zeppelin/compare/1640e2da4fee165b5305b0f94e2c5296410f964a...a41897a6cff9f10df9e6af4c98abfc0b1e92992b
1346,Zeppelin,11d82c4bda72abe276f8c4309f617569c3f4a57c,2dbf2d9460af2122145892f860571505f0b46ab3,ZEPPELIN-5762,https://issues.apache.org/jira/browse/ZEPPELIN-5762,https://github.com/apache/zeppelin/tree/11d82c4bda72abe276f8c4309f617569c3f4a57c,https://github.com/apache/zeppelin/tree/2dbf2d9460af2122145892f860571505f0b46ab3,https://github.com/apache/zeppelin/compare/11d82c4bda72abe276f8c4309f617569c3f4a57c...2dbf2d9460af2122145892f860571505f0b46ab3
1347,Zeppelin,9eb3aae092497eae2dce98f6aeb4feafc6c663f3,955fe538bd2405063b7e6158a5238fab302a98a5,ZEPPELIN-5767,https://issues.apache.org/jira/browse/ZEPPELIN-5767,https://github.com/apache/zeppelin/tree/9eb3aae092497eae2dce98f6aeb4feafc6c663f3,https://github.com/apache/zeppelin/tree/955fe538bd2405063b7e6158a5238fab302a98a5,https://github.com/apache/zeppelin/compare/9eb3aae092497eae2dce98f6aeb4feafc6c663f3...955fe538bd2405063b7e6158a5238fab302a98a5
1348,Zeppelin,955fe538bd2405063b7e6158a5238fab302a98a5,0761df530d634d6c3786f6a449517de27f24497d,ZEPPELIN-3945,https://issues.apache.org/jira/browse/ZEPPELIN-3945,https://github.com/apache/zeppelin/tree/955fe538bd2405063b7e6158a5238fab302a98a5,https://github.com/apache/zeppelin/tree/0761df530d634d6c3786f6a449517de27f24497d,https://github.com/apache/zeppelin/compare/955fe538bd2405063b7e6158a5238fab302a98a5...0761df530d634d6c3786f6a449517de27f24497d
1349,Zeppelin,453e838f492238d4a273a78aae7e11288d1bde96,9070d9f3a0c20b7ec3569c3b30890544b42ede25,ZEPPELIN-5777,https://issues.apache.org/jira/browse/ZEPPELIN-5777,https://github.com/apache/zeppelin/tree/453e838f492238d4a273a78aae7e11288d1bde96,https://github.com/apache/zeppelin/tree/9070d9f3a0c20b7ec3569c3b30890544b42ede25,https://github.com/apache/zeppelin/compare/453e838f492238d4a273a78aae7e11288d1bde96...9070d9f3a0c20b7ec3569c3b30890544b42ede25
1350,Zeppelin,4d9cc83c294bea6863c7521c811dc7ac9f731713,fb80aa9f520aff8972d143d20032401baa12fb35,ZEPPELIN-5769,https://issues.apache.org/jira/browse/ZEPPELIN-5769,https://github.com/apache/zeppelin/tree/4d9cc83c294bea6863c7521c811dc7ac9f731713,https://github.com/apache/zeppelin/tree/fb80aa9f520aff8972d143d20032401baa12fb35,https://github.com/apache/zeppelin/compare/4d9cc83c294bea6863c7521c811dc7ac9f731713...fb80aa9f520aff8972d143d20032401baa12fb35
1351,Zeppelin,0ab56cd998acf91da27984d3a6c9039ee7bea652,56312cb26ffdeae86f1ebeb96d647bf0ed3c9ef2,ZEPPELIN-5780,https://issues.apache.org/jira/browse/ZEPPELIN-5780,https://github.com/apache/zeppelin/tree/0ab56cd998acf91da27984d3a6c9039ee7bea652,https://github.com/apache/zeppelin/tree/56312cb26ffdeae86f1ebeb96d647bf0ed3c9ef2,https://github.com/apache/zeppelin/compare/0ab56cd998acf91da27984d3a6c9039ee7bea652...56312cb26ffdeae86f1ebeb96d647bf0ed3c9ef2
1352,Zeppelin,4e9cab538e75faa9f4168143f1fdd25c27abedb2,48c2cbd3354ee489c9156374247f6be92c518b57,ZEPPELIN-5766,https://issues.apache.org/jira/browse/ZEPPELIN-5766,https://github.com/apache/zeppelin/tree/4e9cab538e75faa9f4168143f1fdd25c27abedb2,https://github.com/apache/zeppelin/tree/48c2cbd3354ee489c9156374247f6be92c518b57,https://github.com/apache/zeppelin/compare/4e9cab538e75faa9f4168143f1fdd25c27abedb2...48c2cbd3354ee489c9156374247f6be92c518b57
1353,Zeppelin,602554e4340d3201fe3087b5a76d29af67f4375b,5e98f85d988b527b9d33eaede994c2cc4f6648bb,ZEPPELIN-5789,https://issues.apache.org/jira/browse/ZEPPELIN-5789,https://github.com/apache/zeppelin/tree/602554e4340d3201fe3087b5a76d29af67f4375b,https://github.com/apache/zeppelin/tree/5e98f85d988b527b9d33eaede994c2cc4f6648bb,https://github.com/apache/zeppelin/compare/602554e4340d3201fe3087b5a76d29af67f4375b...5e98f85d988b527b9d33eaede994c2cc4f6648bb
1354,Zeppelin,21fd4c262d1746222b5ef6c04f3bc08eb596ff26,595556a70abc736d91aad2d7a290edc790dfc75d,ZEPPELIN-5638,https://issues.apache.org/jira/browse/ZEPPELIN-5638,https://github.com/apache/zeppelin/tree/21fd4c262d1746222b5ef6c04f3bc08eb596ff26,https://github.com/apache/zeppelin/tree/595556a70abc736d91aad2d7a290edc790dfc75d,https://github.com/apache/zeppelin/compare/21fd4c262d1746222b5ef6c04f3bc08eb596ff26...595556a70abc736d91aad2d7a290edc790dfc75d
1355,Zeppelin,d2cdb77f6ae6a13ff9c770b82d7125270415a77c,71c97acd199657c241665900e2a9526914914811,ZEPPELIN-5799,https://issues.apache.org/jira/browse/ZEPPELIN-5799,https://github.com/apache/zeppelin/tree/d2cdb77f6ae6a13ff9c770b82d7125270415a77c,https://github.com/apache/zeppelin/tree/71c97acd199657c241665900e2a9526914914811,https://github.com/apache/zeppelin/compare/d2cdb77f6ae6a13ff9c770b82d7125270415a77c...71c97acd199657c241665900e2a9526914914811
1356,Zeppelin,f42943c6d5bc04498b7fc9ca518dc433091a9c9c,23f3acf2086d78630dbc3d18016cb7e40c390ef2,ZEPPELIN-5810,https://issues.apache.org/jira/browse/ZEPPELIN-5810,https://github.com/apache/zeppelin/tree/f42943c6d5bc04498b7fc9ca518dc433091a9c9c,https://github.com/apache/zeppelin/tree/23f3acf2086d78630dbc3d18016cb7e40c390ef2,https://github.com/apache/zeppelin/compare/f42943c6d5bc04498b7fc9ca518dc433091a9c9c...23f3acf2086d78630dbc3d18016cb7e40c390ef2
1357,Zeppelin,9ecd25052920eed69030cfa34bdfc29bf2b46d18,40f6f01a4ed6dd3716772e0e82eb7db242804a6e,ZEPPELIN-5819,https://issues.apache.org/jira/browse/ZEPPELIN-5819,https://github.com/apache/zeppelin/tree/9ecd25052920eed69030cfa34bdfc29bf2b46d18,https://github.com/apache/zeppelin/tree/40f6f01a4ed6dd3716772e0e82eb7db242804a6e,https://github.com/apache/zeppelin/compare/9ecd25052920eed69030cfa34bdfc29bf2b46d18...40f6f01a4ed6dd3716772e0e82eb7db242804a6e
1358,Zeppelin,46ae9156ea14ea1a697d52407a677eedaa038ef5,73f9650d4877b568e5077853e184343fffe10e65,ZEPPELIN-5760,https://issues.apache.org/jira/browse/ZEPPELIN-5760,https://github.com/apache/zeppelin/tree/46ae9156ea14ea1a697d52407a677eedaa038ef5,https://github.com/apache/zeppelin/tree/73f9650d4877b568e5077853e184343fffe10e65,https://github.com/apache/zeppelin/compare/46ae9156ea14ea1a697d52407a677eedaa038ef5...73f9650d4877b568e5077853e184343fffe10e65
1359,Zeppelin,7a370eae0dcf0c3b8b9957b02840dad65aa25a34,e70b57c9badfa38263cc85ac62293e2ce0e2d49f,ZEPPELIN-5819,https://issues.apache.org/jira/browse/ZEPPELIN-5819,https://github.com/apache/zeppelin/tree/7a370eae0dcf0c3b8b9957b02840dad65aa25a34,https://github.com/apache/zeppelin/tree/e70b57c9badfa38263cc85ac62293e2ce0e2d49f,https://github.com/apache/zeppelin/compare/7a370eae0dcf0c3b8b9957b02840dad65aa25a34...e70b57c9badfa38263cc85ac62293e2ce0e2d49f
1360,Zeppelin,e70b57c9badfa38263cc85ac62293e2ce0e2d49f,b56b60a6123e5063818bf9e8d776bbcab2f2121b,ZEPPELIN-5191,https://issues.apache.org/jira/browse/ZEPPELIN-5191,https://github.com/apache/zeppelin/tree/e70b57c9badfa38263cc85ac62293e2ce0e2d49f,https://github.com/apache/zeppelin/tree/b56b60a6123e5063818bf9e8d776bbcab2f2121b,https://github.com/apache/zeppelin/compare/e70b57c9badfa38263cc85ac62293e2ce0e2d49f...b56b60a6123e5063818bf9e8d776bbcab2f2121b
1361,Zeppelin,dd03a21db4f1a6815299ab4c33faf6cb3e7ccfab,ac5c9b4c26a879e68b3c984f9ee424fbadb655ea,ZEPPELIN-5763,https://issues.apache.org/jira/browse/ZEPPELIN-5763,https://github.com/apache/zeppelin/tree/dd03a21db4f1a6815299ab4c33faf6cb3e7ccfab,https://github.com/apache/zeppelin/tree/ac5c9b4c26a879e68b3c984f9ee424fbadb655ea,https://github.com/apache/zeppelin/compare/dd03a21db4f1a6815299ab4c33faf6cb3e7ccfab...ac5c9b4c26a879e68b3c984f9ee424fbadb655ea
1362,Zeppelin,14650a769ff0e3bb0271dd9cccab205cbe95576a,dd03962793994e6fdcabfd0258eef2199881eab3,ZEPPELIN-5875,https://issues.apache.org/jira/browse/ZEPPELIN-5875,https://github.com/apache/zeppelin/tree/14650a769ff0e3bb0271dd9cccab205cbe95576a,https://github.com/apache/zeppelin/tree/dd03962793994e6fdcabfd0258eef2199881eab3,https://github.com/apache/zeppelin/compare/14650a769ff0e3bb0271dd9cccab205cbe95576a...dd03962793994e6fdcabfd0258eef2199881eab3
1363,Zeppelin,0209d0d0d40e979bd284d89ec3eb6a90a34bf84a,45b15fe9719246f7097c0cd496f162bce60cad62,ZEPPELIN-5861,https://issues.apache.org/jira/browse/ZEPPELIN-5861,https://github.com/apache/zeppelin/tree/0209d0d0d40e979bd284d89ec3eb6a90a34bf84a,https://github.com/apache/zeppelin/tree/45b15fe9719246f7097c0cd496f162bce60cad62,https://github.com/apache/zeppelin/compare/0209d0d0d40e979bd284d89ec3eb6a90a34bf84a...45b15fe9719246f7097c0cd496f162bce60cad62
1364,Zeppelin,efc5fb8fb16cf3105eefa0f0af9aeb7f4eb6dba4,25a36ddfce4f7d14542adf525728b92215a15bda,ZEPPELIN-5881,https://issues.apache.org/jira/browse/ZEPPELIN-5881,https://github.com/apache/zeppelin/tree/efc5fb8fb16cf3105eefa0f0af9aeb7f4eb6dba4,https://github.com/apache/zeppelin/tree/25a36ddfce4f7d14542adf525728b92215a15bda,https://github.com/apache/zeppelin/compare/efc5fb8fb16cf3105eefa0f0af9aeb7f4eb6dba4...25a36ddfce4f7d14542adf525728b92215a15bda
1365,Zeppelin,aeb40a5907b42da7d64f22ff1ceb288cc86fa922,5d102f528902306a8172a7c608072789f15981f4,ZEPPELIN-5885,https://issues.apache.org/jira/browse/ZEPPELIN-5885,https://github.com/apache/zeppelin/tree/aeb40a5907b42da7d64f22ff1ceb288cc86fa922,https://github.com/apache/zeppelin/tree/5d102f528902306a8172a7c608072789f15981f4,https://github.com/apache/zeppelin/compare/aeb40a5907b42da7d64f22ff1ceb288cc86fa922...5d102f528902306a8172a7c608072789f15981f4
1366,Zeppelin,c68182d4bc449b83c28883bd5ece098b60b7bf8c,debfa7fcc23d6f5ea2f0664308cdbe7eba78b419,ZEPPELIN-5900,https://issues.apache.org/jira/browse/ZEPPELIN-5900,https://github.com/apache/zeppelin/tree/c68182d4bc449b83c28883bd5ece098b60b7bf8c,https://github.com/apache/zeppelin/tree/debfa7fcc23d6f5ea2f0664308cdbe7eba78b419,https://github.com/apache/zeppelin/compare/c68182d4bc449b83c28883bd5ece098b60b7bf8c...debfa7fcc23d6f5ea2f0664308cdbe7eba78b419
1367,Zeppelin,debfa7fcc23d6f5ea2f0664308cdbe7eba78b419,d5eee9f160fbb2030574f2cfcdf651a3918abb79,ZEPPELIN-5903,https://issues.apache.org/jira/browse/ZEPPELIN-5903,https://github.com/apache/zeppelin/tree/debfa7fcc23d6f5ea2f0664308cdbe7eba78b419,https://github.com/apache/zeppelin/tree/d5eee9f160fbb2030574f2cfcdf651a3918abb79,https://github.com/apache/zeppelin/compare/debfa7fcc23d6f5ea2f0664308cdbe7eba78b419...d5eee9f160fbb2030574f2cfcdf651a3918abb79
1368,Zeppelin,d5eee9f160fbb2030574f2cfcdf651a3918abb79,654c8279735f2019606f503323a22983c4ce2be7,ZEPPELIN-5898,https://issues.apache.org/jira/browse/ZEPPELIN-5898,https://github.com/apache/zeppelin/tree/d5eee9f160fbb2030574f2cfcdf651a3918abb79,https://github.com/apache/zeppelin/tree/654c8279735f2019606f503323a22983c4ce2be7,https://github.com/apache/zeppelin/compare/d5eee9f160fbb2030574f2cfcdf651a3918abb79...654c8279735f2019606f503323a22983c4ce2be7
1369,Zeppelin,654c8279735f2019606f503323a22983c4ce2be7,be82be78ccb78f56cca7b12fe88583e796b1c637,ZEPPELIN-5893,https://issues.apache.org/jira/browse/ZEPPELIN-5893,https://github.com/apache/zeppelin/tree/654c8279735f2019606f503323a22983c4ce2be7,https://github.com/apache/zeppelin/tree/be82be78ccb78f56cca7b12fe88583e796b1c637,https://github.com/apache/zeppelin/compare/654c8279735f2019606f503323a22983c4ce2be7...be82be78ccb78f56cca7b12fe88583e796b1c637
1370,Zeppelin,3fd026616efb6c7257b4eed09581d16ca7f71f78,f2eb3378e4ca17f0834ea3e0b092f9fc57cd8966,ZEPPELIN-5897,https://issues.apache.org/jira/browse/ZEPPELIN-5897,https://github.com/apache/zeppelin/tree/3fd026616efb6c7257b4eed09581d16ca7f71f78,https://github.com/apache/zeppelin/tree/f2eb3378e4ca17f0834ea3e0b092f9fc57cd8966,https://github.com/apache/zeppelin/compare/3fd026616efb6c7257b4eed09581d16ca7f71f78...f2eb3378e4ca17f0834ea3e0b092f9fc57cd8966
1371,Zeppelin,7c28263ac3cfe86ded9f5738a9787eeab9ed1324,df5d827193b2eab8696d11de07dcc24f2e1bf91c,ZEPPELIN-5920,https://issues.apache.org/jira/browse/ZEPPELIN-5920,https://github.com/apache/zeppelin/tree/7c28263ac3cfe86ded9f5738a9787eeab9ed1324,https://github.com/apache/zeppelin/tree/df5d827193b2eab8696d11de07dcc24f2e1bf91c,https://github.com/apache/zeppelin/compare/7c28263ac3cfe86ded9f5738a9787eeab9ed1324...df5d827193b2eab8696d11de07dcc24f2e1bf91c
1372,Zeppelin,df5d827193b2eab8696d11de07dcc24f2e1bf91c,ce577ad757fccf26552b1d1282aea43c6a3c3f21,ZEPPELIN-5921,https://issues.apache.org/jira/browse/ZEPPELIN-5921,https://github.com/apache/zeppelin/tree/df5d827193b2eab8696d11de07dcc24f2e1bf91c,https://github.com/apache/zeppelin/tree/ce577ad757fccf26552b1d1282aea43c6a3c3f21,https://github.com/apache/zeppelin/compare/df5d827193b2eab8696d11de07dcc24f2e1bf91c...ce577ad757fccf26552b1d1282aea43c6a3c3f21
1373,Zeppelin,ce577ad757fccf26552b1d1282aea43c6a3c3f21,7ed5a05c358e6af7819a93619587d1dd41116109,ZEPPELIN-5927,https://issues.apache.org/jira/browse/ZEPPELIN-5927,https://github.com/apache/zeppelin/tree/ce577ad757fccf26552b1d1282aea43c6a3c3f21,https://github.com/apache/zeppelin/tree/7ed5a05c358e6af7819a93619587d1dd41116109,https://github.com/apache/zeppelin/compare/ce577ad757fccf26552b1d1282aea43c6a3c3f21...7ed5a05c358e6af7819a93619587d1dd41116109
1374,Zeppelin,7ed5a05c358e6af7819a93619587d1dd41116109,016d8f4d8d1ff8d7cf29efa04bf47e2f2c1ac862,ZEPPELIN-5926,https://issues.apache.org/jira/browse/ZEPPELIN-5926,https://github.com/apache/zeppelin/tree/7ed5a05c358e6af7819a93619587d1dd41116109,https://github.com/apache/zeppelin/tree/016d8f4d8d1ff8d7cf29efa04bf47e2f2c1ac862,https://github.com/apache/zeppelin/compare/7ed5a05c358e6af7819a93619587d1dd41116109...016d8f4d8d1ff8d7cf29efa04bf47e2f2c1ac862
1375,Zeppelin,5de2d035fadff6aa43e463f33ac030f831ee1d58,d67d834bec660dfb424bc31f7c77d4adcfdc460b,ZEPPELIN-5964,https://issues.apache.org/jira/browse/ZEPPELIN-5964,https://github.com/apache/zeppelin/tree/5de2d035fadff6aa43e463f33ac030f831ee1d58,https://github.com/apache/zeppelin/tree/d67d834bec660dfb424bc31f7c77d4adcfdc460b,https://github.com/apache/zeppelin/compare/5de2d035fadff6aa43e463f33ac030f831ee1d58...d67d834bec660dfb424bc31f7c77d4adcfdc460b
1376,Zeppelin,5e68a916ee6d739670fac88dd88188a388a5f2d3,579074ea25b045fa913c946e4a6c102bd9875b75,ZEPPELIN-3725,https://issues.apache.org/jira/browse/ZEPPELIN-3725,https://github.com/apache/zeppelin/tree/5e68a916ee6d739670fac88dd88188a388a5f2d3,https://github.com/apache/zeppelin/tree/579074ea25b045fa913c946e4a6c102bd9875b75,https://github.com/apache/zeppelin/compare/5e68a916ee6d739670fac88dd88188a388a5f2d3...579074ea25b045fa913c946e4a6c102bd9875b75
1377,Zeppelin,579074ea25b045fa913c946e4a6c102bd9875b75,4352a10ab95af975e08f3019ca07027b7070e62e,ZEPPELIN-5875,https://issues.apache.org/jira/browse/ZEPPELIN-5875,https://github.com/apache/zeppelin/tree/579074ea25b045fa913c946e4a6c102bd9875b75,https://github.com/apache/zeppelin/tree/4352a10ab95af975e08f3019ca07027b7070e62e,https://github.com/apache/zeppelin/compare/579074ea25b045fa913c946e4a6c102bd9875b75...4352a10ab95af975e08f3019ca07027b7070e62e
1378,Zeppelin,464761e3a3353b5e0291d74ec54578094a100cd9,c9c3437a118bfdd472d474c22ae7393f21cf49b0,ZEPPELIN-5970,https://issues.apache.org/jira/browse/ZEPPELIN-5970,https://github.com/apache/zeppelin/tree/464761e3a3353b5e0291d74ec54578094a100cd9,https://github.com/apache/zeppelin/tree/c9c3437a118bfdd472d474c22ae7393f21cf49b0,https://github.com/apache/zeppelin/compare/464761e3a3353b5e0291d74ec54578094a100cd9...c9c3437a118bfdd472d474c22ae7393f21cf49b0
1379,Zeppelin,57331efb63342d5ac8d8a22519becf96c18423be,3bf19f4414cf2653d79fbc36abef6e9a022a76a6,ZEPPELIN-6002,https://issues.apache.org/jira/browse/ZEPPELIN-6002,https://github.com/apache/zeppelin/tree/57331efb63342d5ac8d8a22519becf96c18423be,https://github.com/apache/zeppelin/tree/3bf19f4414cf2653d79fbc36abef6e9a022a76a6,https://github.com/apache/zeppelin/compare/57331efb63342d5ac8d8a22519becf96c18423be...3bf19f4414cf2653d79fbc36abef6e9a022a76a6
1380,Zeppelin,abc4182ed3bb2927fa0a63cebdc6a3405a9d033c,ded5b29daf1ca3bf8cabb24e151791e116dd8b89,ZEPPELIN-6018,https://issues.apache.org/jira/browse/ZEPPELIN-6018,https://github.com/apache/zeppelin/tree/abc4182ed3bb2927fa0a63cebdc6a3405a9d033c,https://github.com/apache/zeppelin/tree/ded5b29daf1ca3bf8cabb24e151791e116dd8b89,https://github.com/apache/zeppelin/compare/abc4182ed3bb2927fa0a63cebdc6a3405a9d033c...ded5b29daf1ca3bf8cabb24e151791e116dd8b89
1381,Zeppelin,dbf112fb035cacfa9b833ef859c9e33fa7938edb,289e954db5a2cd4577a8ecd0437ef2f7353cbf55,ZEPPELIN-6029,https://issues.apache.org/jira/browse/ZEPPELIN-6029,https://github.com/apache/zeppelin/tree/dbf112fb035cacfa9b833ef859c9e33fa7938edb,https://github.com/apache/zeppelin/tree/289e954db5a2cd4577a8ecd0437ef2f7353cbf55,https://github.com/apache/zeppelin/compare/dbf112fb035cacfa9b833ef859c9e33fa7938edb...289e954db5a2cd4577a8ecd0437ef2f7353cbf55
1382,Zeppelin,91893ef5e9f5fd084820365574e22f4349ae2896,1111736142eee389b659d27d01ff445b3f7d30f2,ZEPPELIN-6035,https://issues.apache.org/jira/browse/ZEPPELIN-6035,https://github.com/apache/zeppelin/tree/91893ef5e9f5fd084820365574e22f4349ae2896,https://github.com/apache/zeppelin/tree/1111736142eee389b659d27d01ff445b3f7d30f2,https://github.com/apache/zeppelin/compare/91893ef5e9f5fd084820365574e22f4349ae2896...1111736142eee389b659d27d01ff445b3f7d30f2
1383,Zeppelin,bcf3499fc82261a06e88a62b0e5182840d0598ba,b6b9a6629fd415bbc6f59c179c5ff32080a48568,ZEPPELIN-6047,https://issues.apache.org/jira/browse/ZEPPELIN-6047,https://github.com/apache/zeppelin/tree/bcf3499fc82261a06e88a62b0e5182840d0598ba,https://github.com/apache/zeppelin/tree/b6b9a6629fd415bbc6f59c179c5ff32080a48568,https://github.com/apache/zeppelin/compare/bcf3499fc82261a06e88a62b0e5182840d0598ba...b6b9a6629fd415bbc6f59c179c5ff32080a48568
1384,Zeppelin,61d7e7fde9015afd057ac2bd13d6cffa7c3ebd9f,32a3be41b2d1bc3f941bb0f08268e4bf49fa4f9d,ZEPPELIN-6026,https://issues.apache.org/jira/browse/ZEPPELIN-6026,https://github.com/apache/zeppelin/tree/61d7e7fde9015afd057ac2bd13d6cffa7c3ebd9f,https://github.com/apache/zeppelin/tree/32a3be41b2d1bc3f941bb0f08268e4bf49fa4f9d,https://github.com/apache/zeppelin/compare/61d7e7fde9015afd057ac2bd13d6cffa7c3ebd9f...32a3be41b2d1bc3f941bb0f08268e4bf49fa4f9d
1385,Zeppelin,32a3be41b2d1bc3f941bb0f08268e4bf49fa4f9d,afc4141b97827918de4465a708b59ba39692398d,ZEPPELIN-6046,https://issues.apache.org/jira/browse/ZEPPELIN-6046,https://github.com/apache/zeppelin/tree/32a3be41b2d1bc3f941bb0f08268e4bf49fa4f9d,https://github.com/apache/zeppelin/tree/afc4141b97827918de4465a708b59ba39692398d,https://github.com/apache/zeppelin/compare/32a3be41b2d1bc3f941bb0f08268e4bf49fa4f9d...afc4141b97827918de4465a708b59ba39692398d
1386,Zeppelin,fb64356e57c5f3e9280d6eb9cea96858efcb356a,ad18bc099d7d8006e5b6b350c13a462a2b967eb9,ZEPPELIN-6051,https://issues.apache.org/jira/browse/ZEPPELIN-6051,https://github.com/apache/zeppelin/tree/fb64356e57c5f3e9280d6eb9cea96858efcb356a,https://github.com/apache/zeppelin/tree/ad18bc099d7d8006e5b6b350c13a462a2b967eb9,https://github.com/apache/zeppelin/compare/fb64356e57c5f3e9280d6eb9cea96858efcb356a...ad18bc099d7d8006e5b6b350c13a462a2b967eb9
1387,Zeppelin,bad66e08b0a51abeb02ce17deda94e383eea824b,18ffb3441fffda2c97c9ca1ab7178e9756e7c632,ZEPPELIN-6040,https://issues.apache.org/jira/browse/ZEPPELIN-6040,https://github.com/apache/zeppelin/tree/bad66e08b0a51abeb02ce17deda94e383eea824b,https://github.com/apache/zeppelin/tree/18ffb3441fffda2c97c9ca1ab7178e9756e7c632,https://github.com/apache/zeppelin/compare/bad66e08b0a51abeb02ce17deda94e383eea824b...18ffb3441fffda2c97c9ca1ab7178e9756e7c632
1388,Zeppelin,90780447af621bdc8c4cb7893359f7dac84e9e43,364a556dec3755d0ecced25b49fc85ea800595df,ZEPPELIN-6063,https://issues.apache.org/jira/browse/ZEPPELIN-6063,https://github.com/apache/zeppelin/tree/90780447af621bdc8c4cb7893359f7dac84e9e43,https://github.com/apache/zeppelin/tree/364a556dec3755d0ecced25b49fc85ea800595df,https://github.com/apache/zeppelin/compare/90780447af621bdc8c4cb7893359f7dac84e9e43...364a556dec3755d0ecced25b49fc85ea800595df
1389,Zeppelin,32f2a8e67b6fe0b115c83d45f2131c321ae7497a,adcf047d895f6c7ad561157bdcc5011e59a54eec,ZEPPELIN-6065,https://issues.apache.org/jira/browse/ZEPPELIN-6065,https://github.com/apache/zeppelin/tree/32f2a8e67b6fe0b115c83d45f2131c321ae7497a,https://github.com/apache/zeppelin/tree/adcf047d895f6c7ad561157bdcc5011e59a54eec,https://github.com/apache/zeppelin/compare/32f2a8e67b6fe0b115c83d45f2131c321ae7497a...adcf047d895f6c7ad561157bdcc5011e59a54eec
1390,Zeppelin,7708b7150c71d1d3beb6d613e82a8f09800e5e08,13412adf4c0d1480824b946064da30502934de67,ZEPPELIN-6076,https://issues.apache.org/jira/browse/ZEPPELIN-6076,https://github.com/apache/zeppelin/tree/7708b7150c71d1d3beb6d613e82a8f09800e5e08,https://github.com/apache/zeppelin/tree/13412adf4c0d1480824b946064da30502934de67,https://github.com/apache/zeppelin/compare/7708b7150c71d1d3beb6d613e82a8f09800e5e08...13412adf4c0d1480824b946064da30502934de67
1391,Zeppelin,1641ce1e523520451436dd5cc704344225720110,205014f0e4f4abda7a833627c246dd522fb41756,ZEPPELIN-6080,https://issues.apache.org/jira/browse/ZEPPELIN-6080,https://github.com/apache/zeppelin/tree/1641ce1e523520451436dd5cc704344225720110,https://github.com/apache/zeppelin/tree/205014f0e4f4abda7a833627c246dd522fb41756,https://github.com/apache/zeppelin/compare/1641ce1e523520451436dd5cc704344225720110...205014f0e4f4abda7a833627c246dd522fb41756
1392,Zeppelin,205014f0e4f4abda7a833627c246dd522fb41756,940cf13935ec9ed989c7afeec98447c2e7eb5a7e,ZEPPELIN-6079,https://issues.apache.org/jira/browse/ZEPPELIN-6079,https://github.com/apache/zeppelin/tree/205014f0e4f4abda7a833627c246dd522fb41756,https://github.com/apache/zeppelin/tree/940cf13935ec9ed989c7afeec98447c2e7eb5a7e,https://github.com/apache/zeppelin/compare/205014f0e4f4abda7a833627c246dd522fb41756...940cf13935ec9ed989c7afeec98447c2e7eb5a7e
1393,Zeppelin,6a71af0434a71ba080115fae1d7f454233160e9c,7ae89809da9314b2c12b716ff6c1d140c79f7041,ZEPPELIN-6088,https://issues.apache.org/jira/browse/ZEPPELIN-6088,https://github.com/apache/zeppelin/tree/6a71af0434a71ba080115fae1d7f454233160e9c,https://github.com/apache/zeppelin/tree/7ae89809da9314b2c12b716ff6c1d140c79f7041,https://github.com/apache/zeppelin/compare/6a71af0434a71ba080115fae1d7f454233160e9c...7ae89809da9314b2c12b716ff6c1d140c79f7041
1394,Zeppelin,7ae89809da9314b2c12b716ff6c1d140c79f7041,a985c56ab4db33145fa16f0670ad4db783100bc8,ZEPPELIN-1480,https://issues.apache.org/jira/browse/ZEPPELIN-1480,https://github.com/apache/zeppelin/tree/7ae89809da9314b2c12b716ff6c1d140c79f7041,https://github.com/apache/zeppelin/tree/a985c56ab4db33145fa16f0670ad4db783100bc8,https://github.com/apache/zeppelin/compare/7ae89809da9314b2c12b716ff6c1d140c79f7041...a985c56ab4db33145fa16f0670ad4db783100bc8
1395,Zeppelin,a985c56ab4db33145fa16f0670ad4db783100bc8,876d1dc7fd460fffbe855873bc5a65865bcd0f78,ZEPPELIN-6071,https://issues.apache.org/jira/browse/ZEPPELIN-6071,https://github.com/apache/zeppelin/tree/a985c56ab4db33145fa16f0670ad4db783100bc8,https://github.com/apache/zeppelin/tree/876d1dc7fd460fffbe855873bc5a65865bcd0f78,https://github.com/apache/zeppelin/compare/a985c56ab4db33145fa16f0670ad4db783100bc8...876d1dc7fd460fffbe855873bc5a65865bcd0f78
1396,Zeppelin,35e12991262566a4ac7a3fce11ab8dbd08d05cde,8720c46f360fd157d99a9d6394f182abd198ed28,ZEPPELIN-6094,https://issues.apache.org/jira/browse/ZEPPELIN-6094,https://github.com/apache/zeppelin/tree/35e12991262566a4ac7a3fce11ab8dbd08d05cde,https://github.com/apache/zeppelin/tree/8720c46f360fd157d99a9d6394f182abd198ed28,https://github.com/apache/zeppelin/compare/35e12991262566a4ac7a3fce11ab8dbd08d05cde...8720c46f360fd157d99a9d6394f182abd198ed28
1397,Zeppelin,e20cbbc16c5e4041912c342e03d83885aa0f211d,ac48cc2db1b55257230cae2c382961da2a9cf80d,ZEPPELIN-6099,https://issues.apache.org/jira/browse/ZEPPELIN-6099,https://github.com/apache/zeppelin/tree/e20cbbc16c5e4041912c342e03d83885aa0f211d,https://github.com/apache/zeppelin/tree/ac48cc2db1b55257230cae2c382961da2a9cf80d,https://github.com/apache/zeppelin/compare/e20cbbc16c5e4041912c342e03d83885aa0f211d...ac48cc2db1b55257230cae2c382961da2a9cf80d
1398,Zeppelin,9a28960c31c38975783a3f64ed801adef61c0696,b9ff26f0fa9848913c505fbdc284b0a4a1bc2d56,ZEPPELIN-6105,https://issues.apache.org/jira/browse/ZEPPELIN-6105,https://github.com/apache/zeppelin/tree/9a28960c31c38975783a3f64ed801adef61c0696,https://github.com/apache/zeppelin/tree/b9ff26f0fa9848913c505fbdc284b0a4a1bc2d56,https://github.com/apache/zeppelin/compare/9a28960c31c38975783a3f64ed801adef61c0696...b9ff26f0fa9848913c505fbdc284b0a4a1bc2d56
1399,Zeppelin,b9ff26f0fa9848913c505fbdc284b0a4a1bc2d56,22855002c22bac900de15d181c2c1fa234b24624,ZEPPELIN-6102,https://issues.apache.org/jira/browse/ZEPPELIN-6102,https://github.com/apache/zeppelin/tree/b9ff26f0fa9848913c505fbdc284b0a4a1bc2d56,https://github.com/apache/zeppelin/tree/22855002c22bac900de15d181c2c1fa234b24624,https://github.com/apache/zeppelin/compare/b9ff26f0fa9848913c505fbdc284b0a4a1bc2d56...22855002c22bac900de15d181c2c1fa234b24624
1400,Zeppelin,4aff03bb711781242e6e0d4f22d6c0fc16be65eb,aa5abd572d6f67777cc13a84a6282fe747e07472,ZEPPELIN-6112,https://issues.apache.org/jira/browse/ZEPPELIN-6112,https://github.com/apache/zeppelin/tree/4aff03bb711781242e6e0d4f22d6c0fc16be65eb,https://github.com/apache/zeppelin/tree/aa5abd572d6f67777cc13a84a6282fe747e07472,https://github.com/apache/zeppelin/compare/4aff03bb711781242e6e0d4f22d6c0fc16be65eb...aa5abd572d6f67777cc13a84a6282fe747e07472
1401,Zeppelin,c5ccc8e584934fa4f96de486cd97312180147b1f,17e1e739fcc91612c3e51090eff026cd52f83781,ZEPPELIN-6110,https://issues.apache.org/jira/browse/ZEPPELIN-6110,https://github.com/apache/zeppelin/tree/c5ccc8e584934fa4f96de486cd97312180147b1f,https://github.com/apache/zeppelin/tree/17e1e739fcc91612c3e51090eff026cd52f83781,https://github.com/apache/zeppelin/compare/c5ccc8e584934fa4f96de486cd97312180147b1f...17e1e739fcc91612c3e51090eff026cd52f83781
1402,Zeppelin,17e1e739fcc91612c3e51090eff026cd52f83781,1633c527889f8cbfdba3f97f32d166bd3213638d,ZEPPELIN-6114,https://issues.apache.org/jira/browse/ZEPPELIN-6114,https://github.com/apache/zeppelin/tree/17e1e739fcc91612c3e51090eff026cd52f83781,https://github.com/apache/zeppelin/tree/1633c527889f8cbfdba3f97f32d166bd3213638d,https://github.com/apache/zeppelin/compare/17e1e739fcc91612c3e51090eff026cd52f83781...1633c527889f8cbfdba3f97f32d166bd3213638d
1403,Zeppelin,1633c527889f8cbfdba3f97f32d166bd3213638d,334da53d7f2f3f8fe13128a6ec944853e9216452,ZEPPELIN-6103,https://issues.apache.org/jira/browse/ZEPPELIN-6103,https://github.com/apache/zeppelin/tree/1633c527889f8cbfdba3f97f32d166bd3213638d,https://github.com/apache/zeppelin/tree/334da53d7f2f3f8fe13128a6ec944853e9216452,https://github.com/apache/zeppelin/compare/1633c527889f8cbfdba3f97f32d166bd3213638d...334da53d7f2f3f8fe13128a6ec944853e9216452
1404,Zeppelin,7fe18f49aae72b61792aa8e0ec84acbe0ff7de62,383ae3b274289905a0035627c6fd726b9e076fbc,ZEPPELIN-6117,https://issues.apache.org/jira/browse/ZEPPELIN-6117,https://github.com/apache/zeppelin/tree/7fe18f49aae72b61792aa8e0ec84acbe0ff7de62,https://github.com/apache/zeppelin/tree/383ae3b274289905a0035627c6fd726b9e076fbc,https://github.com/apache/zeppelin/compare/7fe18f49aae72b61792aa8e0ec84acbe0ff7de62...383ae3b274289905a0035627c6fd726b9e076fbc
1405,Zeppelin,5c1145fcd60d8b6836d50f58a45fd67f43b50c5e,6e5f30c1c6a58579b723d3d3b1ef8a575e814bd3,ZEPPELIN-6078,https://issues.apache.org/jira/browse/ZEPPELIN-6078,https://github.com/apache/zeppelin/tree/5c1145fcd60d8b6836d50f58a45fd67f43b50c5e,https://github.com/apache/zeppelin/tree/6e5f30c1c6a58579b723d3d3b1ef8a575e814bd3,https://github.com/apache/zeppelin/compare/5c1145fcd60d8b6836d50f58a45fd67f43b50c5e...6e5f30c1c6a58579b723d3d3b1ef8a575e814bd3
1406,Zeppelin,ed2ee4dfef1ccd7a816974bfda77c12841e7c18f,70013d725cdb9187f0e1b3e240680d464e318db7,ZEPPELIN-6110,https://issues.apache.org/jira/browse/ZEPPELIN-6110,https://github.com/apache/zeppelin/tree/ed2ee4dfef1ccd7a816974bfda77c12841e7c18f,https://github.com/apache/zeppelin/tree/70013d725cdb9187f0e1b3e240680d464e318db7,https://github.com/apache/zeppelin/compare/ed2ee4dfef1ccd7a816974bfda77c12841e7c18f...70013d725cdb9187f0e1b3e240680d464e318db7
1407,Zeppelin,70013d725cdb9187f0e1b3e240680d464e318db7,45c981be3699ef1eb44b65ad28ad7bc225bce549,ZEPPELIN-6125,https://issues.apache.org/jira/browse/ZEPPELIN-6125,https://github.com/apache/zeppelin/tree/70013d725cdb9187f0e1b3e240680d464e318db7,https://github.com/apache/zeppelin/tree/45c981be3699ef1eb44b65ad28ad7bc225bce549,https://github.com/apache/zeppelin/compare/70013d725cdb9187f0e1b3e240680d464e318db7...45c981be3699ef1eb44b65ad28ad7bc225bce549
1408,Zeppelin,00b7c553694050d6d2ee4824a236bd76a7135646,bdf5b067b6bdde2614b98a6a3f6a7b5d6637e57c,ZEPPELIN-6126,https://issues.apache.org/jira/browse/ZEPPELIN-6126,https://github.com/apache/zeppelin/tree/00b7c553694050d6d2ee4824a236bd76a7135646,https://github.com/apache/zeppelin/tree/bdf5b067b6bdde2614b98a6a3f6a7b5d6637e57c,https://github.com/apache/zeppelin/compare/00b7c553694050d6d2ee4824a236bd76a7135646...bdf5b067b6bdde2614b98a6a3f6a7b5d6637e57c
1409,Zeppelin,bdf5b067b6bdde2614b98a6a3f6a7b5d6637e57c,cd31c31d8d17c2d117bea1a03edee121bead8f64,ZEPPELIN-6096,https://issues.apache.org/jira/browse/ZEPPELIN-6096,https://github.com/apache/zeppelin/tree/bdf5b067b6bdde2614b98a6a3f6a7b5d6637e57c,https://github.com/apache/zeppelin/tree/cd31c31d8d17c2d117bea1a03edee121bead8f64,https://github.com/apache/zeppelin/compare/bdf5b067b6bdde2614b98a6a3f6a7b5d6637e57c...cd31c31d8d17c2d117bea1a03edee121bead8f64
1410,Zeppelin,cd31c31d8d17c2d117bea1a03edee121bead8f64,de406a7e713a5c6ad304c041f7d9b9d5f458af8a,ZEPPELIN-6097,https://issues.apache.org/jira/browse/ZEPPELIN-6097,https://github.com/apache/zeppelin/tree/cd31c31d8d17c2d117bea1a03edee121bead8f64,https://github.com/apache/zeppelin/tree/de406a7e713a5c6ad304c041f7d9b9d5f458af8a,https://github.com/apache/zeppelin/compare/cd31c31d8d17c2d117bea1a03edee121bead8f64...de406a7e713a5c6ad304c041f7d9b9d5f458af8a
1411,Zeppelin,de406a7e713a5c6ad304c041f7d9b9d5f458af8a,31c011b507034a681d6b6f7f072204e693e8915b,ZEPPELIN-6127,https://issues.apache.org/jira/browse/ZEPPELIN-6127,https://github.com/apache/zeppelin/tree/de406a7e713a5c6ad304c041f7d9b9d5f458af8a,https://github.com/apache/zeppelin/tree/31c011b507034a681d6b6f7f072204e693e8915b,https://github.com/apache/zeppelin/compare/de406a7e713a5c6ad304c041f7d9b9d5f458af8a...31c011b507034a681d6b6f7f072204e693e8915b
1412,Zeppelin,3575a3cf8834cdc0100f0a554846829584df0c30,f172b917ae60d709dff3d81c0b5402384a8f4ecf,ZEPPELIN-6135,https://issues.apache.org/jira/browse/ZEPPELIN-6135,https://github.com/apache/zeppelin/tree/3575a3cf8834cdc0100f0a554846829584df0c30,https://github.com/apache/zeppelin/tree/f172b917ae60d709dff3d81c0b5402384a8f4ecf,https://github.com/apache/zeppelin/compare/3575a3cf8834cdc0100f0a554846829584df0c30...f172b917ae60d709dff3d81c0b5402384a8f4ecf
1413,Zeppelin,97b12e6a6cf56c919ee0c0805fa7597fb9524ed3,80c88251a81672ffaae6cb077ce06841077587a0,ZEPPELIN-6146,https://issues.apache.org/jira/browse/ZEPPELIN-6146,https://github.com/apache/zeppelin/tree/97b12e6a6cf56c919ee0c0805fa7597fb9524ed3,https://github.com/apache/zeppelin/tree/80c88251a81672ffaae6cb077ce06841077587a0,https://github.com/apache/zeppelin/compare/97b12e6a6cf56c919ee0c0805fa7597fb9524ed3...80c88251a81672ffaae6cb077ce06841077587a0
1414,Zeppelin,ce04862b58916df63f04a6fc49da8fede1803cc4,4a7fdb16f3b9b4d6989682203668503a09a3e84c,ZEPPELIN-6131,https://issues.apache.org/jira/browse/ZEPPELIN-6131,https://github.com/apache/zeppelin/tree/ce04862b58916df63f04a6fc49da8fede1803cc4,https://github.com/apache/zeppelin/tree/4a7fdb16f3b9b4d6989682203668503a09a3e84c,https://github.com/apache/zeppelin/compare/ce04862b58916df63f04a6fc49da8fede1803cc4...4a7fdb16f3b9b4d6989682203668503a09a3e84c
1415,Zeppelin,db0ea40c683c727b338e2fd6ad200ac4503a5e64,2717bed66b2840cc4d6a6a689df5f64791ecec0a,ZEPPELIN-6168,https://issues.apache.org/jira/browse/ZEPPELIN-6168,https://github.com/apache/zeppelin/tree/db0ea40c683c727b338e2fd6ad200ac4503a5e64,https://github.com/apache/zeppelin/tree/2717bed66b2840cc4d6a6a689df5f64791ecec0a,https://github.com/apache/zeppelin/compare/db0ea40c683c727b338e2fd6ad200ac4503a5e64...2717bed66b2840cc4d6a6a689df5f64791ecec0a
1416,Zeppelin,7afcf3e59dc930f4e5e05366de155a0a84afdc0a,d95f43a3581c11b2673b5a04431f40556d9fe8ab,ZEPPELIN-6164,https://issues.apache.org/jira/browse/ZEPPELIN-6164,https://github.com/apache/zeppelin/tree/7afcf3e59dc930f4e5e05366de155a0a84afdc0a,https://github.com/apache/zeppelin/tree/d95f43a3581c11b2673b5a04431f40556d9fe8ab,https://github.com/apache/zeppelin/compare/7afcf3e59dc930f4e5e05366de155a0a84afdc0a...d95f43a3581c11b2673b5a04431f40556d9fe8ab
1417,Zeppelin,e928edb080d38d2ad4c5fe67fd91063e1299b4b6,033c436903fe3d2ef19bc93ecc172569e0374f24,ZEPPELIN-6176,https://issues.apache.org/jira/browse/ZEPPELIN-6176,https://github.com/apache/zeppelin/tree/e928edb080d38d2ad4c5fe67fd91063e1299b4b6,https://github.com/apache/zeppelin/tree/033c436903fe3d2ef19bc93ecc172569e0374f24,https://github.com/apache/zeppelin/compare/e928edb080d38d2ad4c5fe67fd91063e1299b4b6...033c436903fe3d2ef19bc93ecc172569e0374f24
1418,Zeppelin,52ea80f312b7a19dcce865a6ca8249a2f5fb49cd,0f7c27d46c3702fec9b71e84b737c1a0f43fb2af,ZEPPELIN-6182,https://issues.apache.org/jira/browse/ZEPPELIN-6182,https://github.com/apache/zeppelin/tree/52ea80f312b7a19dcce865a6ca8249a2f5fb49cd,https://github.com/apache/zeppelin/tree/0f7c27d46c3702fec9b71e84b737c1a0f43fb2af,https://github.com/apache/zeppelin/compare/52ea80f312b7a19dcce865a6ca8249a2f5fb49cd...0f7c27d46c3702fec9b71e84b737c1a0f43fb2af
1419,Zeppelin,1988df34f594ac94adb592441779d5a063942a53,1468714b5b187bafe83ff0bf13cac3be50642c4e,ZEPPELIN-6191,https://issues.apache.org/jira/browse/ZEPPELIN-6191,https://github.com/apache/zeppelin/tree/1988df34f594ac94adb592441779d5a063942a53,https://github.com/apache/zeppelin/tree/1468714b5b187bafe83ff0bf13cac3be50642c4e,https://github.com/apache/zeppelin/compare/1988df34f594ac94adb592441779d5a063942a53...1468714b5b187bafe83ff0bf13cac3be50642c4e
1420,Zeppelin,b50bafbb2ae65b5aa34c4117033ce22580865527,a6568889a3db5fe7dd94e86301336c676bc48cfa,ZEPPELIN-3271,https://issues.apache.org/jira/browse/ZEPPELIN-3271,https://github.com/apache/zeppelin/tree/b50bafbb2ae65b5aa34c4117033ce22580865527,https://github.com/apache/zeppelin/tree/a6568889a3db5fe7dd94e86301336c676bc48cfa,https://github.com/apache/zeppelin/compare/b50bafbb2ae65b5aa34c4117033ce22580865527...a6568889a3db5fe7dd94e86301336c676bc48cfa
1421,Zeppelin,9e35613b2f4d4de626ebf9e4ecf166023df32b16,588b54bf54cbbf845af5ca0c9369ae4a74ec3ddf,ZEPPELIN-6190,https://issues.apache.org/jira/browse/ZEPPELIN-6190,https://github.com/apache/zeppelin/tree/9e35613b2f4d4de626ebf9e4ecf166023df32b16,https://github.com/apache/zeppelin/tree/588b54bf54cbbf845af5ca0c9369ae4a74ec3ddf,https://github.com/apache/zeppelin/compare/9e35613b2f4d4de626ebf9e4ecf166023df32b16...588b54bf54cbbf845af5ca0c9369ae4a74ec3ddf
1422,Zeppelin,588b54bf54cbbf845af5ca0c9369ae4a74ec3ddf,1221444ec64a43bd65e5e65654b8c0388b34aebf,ZEPPELIN-6186,https://issues.apache.org/jira/browse/ZEPPELIN-6186,https://github.com/apache/zeppelin/tree/588b54bf54cbbf845af5ca0c9369ae4a74ec3ddf,https://github.com/apache/zeppelin/tree/1221444ec64a43bd65e5e65654b8c0388b34aebf,https://github.com/apache/zeppelin/compare/588b54bf54cbbf845af5ca0c9369ae4a74ec3ddf...1221444ec64a43bd65e5e65654b8c0388b34aebf
1423,Zeppelin,1221444ec64a43bd65e5e65654b8c0388b34aebf,94ae845cd4a7fd6058e936d82f817e1ef8618a64,ZEPPELIN-6185,https://issues.apache.org/jira/browse/ZEPPELIN-6185,https://github.com/apache/zeppelin/tree/1221444ec64a43bd65e5e65654b8c0388b34aebf,https://github.com/apache/zeppelin/tree/94ae845cd4a7fd6058e936d82f817e1ef8618a64,https://github.com/apache/zeppelin/compare/1221444ec64a43bd65e5e65654b8c0388b34aebf...94ae845cd4a7fd6058e936d82f817e1ef8618a64
1424,Zeppelin,7a97ffe11da01faebf04a178bffdfa3c0ca0abe9,1ca383eebe35b284048d628c01aeadf2c9c62c4a,ZEPPELIN-6206,https://issues.apache.org/jira/browse/ZEPPELIN-6206,https://github.com/apache/zeppelin/tree/7a97ffe11da01faebf04a178bffdfa3c0ca0abe9,https://github.com/apache/zeppelin/tree/1ca383eebe35b284048d628c01aeadf2c9c62c4a,https://github.com/apache/zeppelin/compare/7a97ffe11da01faebf04a178bffdfa3c0ca0abe9...1ca383eebe35b284048d628c01aeadf2c9c62c4a
1425,Zeppelin,8403dcca593fa3efed11bf94d4e60c9a6dd8d101,d98351a55141c3edf0ac7093394a661d8c5f1cee,ZEPPELIN-6209,https://issues.apache.org/jira/browse/ZEPPELIN-6209,https://github.com/apache/zeppelin/tree/8403dcca593fa3efed11bf94d4e60c9a6dd8d101,https://github.com/apache/zeppelin/tree/d98351a55141c3edf0ac7093394a661d8c5f1cee,https://github.com/apache/zeppelin/compare/8403dcca593fa3efed11bf94d4e60c9a6dd8d101...d98351a55141c3edf0ac7093394a661d8c5f1cee
1426,Zeppelin,9e2ff882fea55561aea9689f7f59e971fa47119c,d8b2f0c9d7ad5ac2e88de33e2d1963da56d47d47,ZEPPELIN-6199,https://issues.apache.org/jira/browse/ZEPPELIN-6199,https://github.com/apache/zeppelin/tree/9e2ff882fea55561aea9689f7f59e971fa47119c,https://github.com/apache/zeppelin/tree/d8b2f0c9d7ad5ac2e88de33e2d1963da56d47d47,https://github.com/apache/zeppelin/compare/9e2ff882fea55561aea9689f7f59e971fa47119c...d8b2f0c9d7ad5ac2e88de33e2d1963da56d47d47
1427,Zeppelin,05a9f55e80ac44578521bc488a75a3152f076529,bb96c04c57d5605f4eb89043c57192baa7db31be,ZEPPELIN-6230,https://issues.apache.org/jira/browse/ZEPPELIN-6230,https://github.com/apache/zeppelin/tree/05a9f55e80ac44578521bc488a75a3152f076529,https://github.com/apache/zeppelin/tree/bb96c04c57d5605f4eb89043c57192baa7db31be,https://github.com/apache/zeppelin/compare/05a9f55e80ac44578521bc488a75a3152f076529...bb96c04c57d5605f4eb89043c57192baa7db31be
1428,Zeppelin,5051bf0a4564594a816c379fedd503ec6721be2e,1a66333d50642c996a5bc3035154337eac4bcdc9,ZEPPELIN-6247,https://issues.apache.org/jira/browse/ZEPPELIN-6247,https://github.com/apache/zeppelin/tree/5051bf0a4564594a816c379fedd503ec6721be2e,https://github.com/apache/zeppelin/tree/1a66333d50642c996a5bc3035154337eac4bcdc9,https://github.com/apache/zeppelin/compare/5051bf0a4564594a816c379fedd503ec6721be2e...1a66333d50642c996a5bc3035154337eac4bcdc9
1429,Zeppelin,1a66333d50642c996a5bc3035154337eac4bcdc9,6edb9f10152feb250d220bc84cb67f6637a87358,ZEPPELIN-6260,https://issues.apache.org/jira/browse/ZEPPELIN-6260,https://github.com/apache/zeppelin/tree/1a66333d50642c996a5bc3035154337eac4bcdc9,https://github.com/apache/zeppelin/tree/6edb9f10152feb250d220bc84cb67f6637a87358,https://github.com/apache/zeppelin/compare/1a66333d50642c996a5bc3035154337eac4bcdc9...6edb9f10152feb250d220bc84cb67f6637a87358
1430,Zeppelin,7c08a828eb2a172273732ecca3214eed592eccb2,890ddfefb498155d6823cc948a0d861ec4100a76,ZEPPELIN-6202,https://issues.apache.org/jira/browse/ZEPPELIN-6202,https://github.com/apache/zeppelin/tree/7c08a828eb2a172273732ecca3214eed592eccb2,https://github.com/apache/zeppelin/tree/890ddfefb498155d6823cc948a0d861ec4100a76,https://github.com/apache/zeppelin/compare/7c08a828eb2a172273732ecca3214eed592eccb2...890ddfefb498155d6823cc948a0d861ec4100a76
1431,Zeppelin,890ddfefb498155d6823cc948a0d861ec4100a76,b44841b741b46005ac6580665ccb7c1b5ceaf039,ZEPPELIN-6214,https://issues.apache.org/jira/browse/ZEPPELIN-6214,https://github.com/apache/zeppelin/tree/890ddfefb498155d6823cc948a0d861ec4100a76,https://github.com/apache/zeppelin/tree/b44841b741b46005ac6580665ccb7c1b5ceaf039,https://github.com/apache/zeppelin/compare/890ddfefb498155d6823cc948a0d861ec4100a76...b44841b741b46005ac6580665ccb7c1b5ceaf039
1432,Zeppelin,410b160c692bbb55b814afc095b1f2e65d335b8b,d022d629a3b901d631ac7d0560443cacfc780314,ZEPPELIN-6245,https://issues.apache.org/jira/browse/ZEPPELIN-6245,https://github.com/apache/zeppelin/tree/410b160c692bbb55b814afc095b1f2e65d335b8b,https://github.com/apache/zeppelin/tree/d022d629a3b901d631ac7d0560443cacfc780314,https://github.com/apache/zeppelin/compare/410b160c692bbb55b814afc095b1f2e65d335b8b...d022d629a3b901d631ac7d0560443cacfc780314
1433,Zeppelin,4efa2a34ccdfc2cac64bdbfbc465653a73556559,0da4f8d93d81b41f10bc7f7c54f56f7272c5aa29,ZEPPELIN-6244,https://issues.apache.org/jira/browse/ZEPPELIN-6244,https://github.com/apache/zeppelin/tree/4efa2a34ccdfc2cac64bdbfbc465653a73556559,https://github.com/apache/zeppelin/tree/0da4f8d93d81b41f10bc7f7c54f56f7272c5aa29,https://github.com/apache/zeppelin/compare/4efa2a34ccdfc2cac64bdbfbc465653a73556559...0da4f8d93d81b41f10bc7f7c54f56f7272c5aa29
1434,Zeppelin,6dd03ab5bd07f192f7ec6381c651add65eb17a1f,01efbd11aee1857123b1d8bbcf15dcb26772df0c,ZEPPELIN-6259,https://issues.apache.org/jira/browse/ZEPPELIN-6259,https://github.com/apache/zeppelin/tree/6dd03ab5bd07f192f7ec6381c651add65eb17a1f,https://github.com/apache/zeppelin/tree/01efbd11aee1857123b1d8bbcf15dcb26772df0c,https://github.com/apache/zeppelin/compare/6dd03ab5bd07f192f7ec6381c651add65eb17a1f...01efbd11aee1857123b1d8bbcf15dcb26772df0c
1435,Zeppelin,f32b50fcc1c897e72198da6ffba8a47576d199af,31f7d569095fc56104c75f58d94e12431ffbcef3,ZEPPELIN-6164,https://issues.apache.org/jira/browse/ZEPPELIN-6164,https://github.com/apache/zeppelin/tree/f32b50fcc1c897e72198da6ffba8a47576d199af,https://github.com/apache/zeppelin/tree/31f7d569095fc56104c75f58d94e12431ffbcef3,https://github.com/apache/zeppelin/compare/f32b50fcc1c897e72198da6ffba8a47576d199af...31f7d569095fc56104c75f58d94e12431ffbcef3
1436,Zeppelin,eb923af44fe4ce4f9ce8867c00dfc300c0ee02af,55789d367fae348a750b4ff6332779f749615d4b,ZEPPELIN-6256,https://issues.apache.org/jira/browse/ZEPPELIN-6256,https://github.com/apache/zeppelin/tree/eb923af44fe4ce4f9ce8867c00dfc300c0ee02af,https://github.com/apache/zeppelin/tree/55789d367fae348a750b4ff6332779f749615d4b,https://github.com/apache/zeppelin/compare/eb923af44fe4ce4f9ce8867c00dfc300c0ee02af...55789d367fae348a750b4ff6332779f749615d4b
1437,Zeppelin,d197a3ea2a0060464acb800bedc2713c917e4b96,a14243ca354d41af19e9cc2b7ad5383eef38ed64,ZEPPELIN-6181,https://issues.apache.org/jira/browse/ZEPPELIN-6181,https://github.com/apache/zeppelin/tree/d197a3ea2a0060464acb800bedc2713c917e4b96,https://github.com/apache/zeppelin/tree/a14243ca354d41af19e9cc2b7ad5383eef38ed64,https://github.com/apache/zeppelin/compare/d197a3ea2a0060464acb800bedc2713c917e4b96...a14243ca354d41af19e9cc2b7ad5383eef38ed64
1438,Zeppelin,8d73bfc50c5746913b762a5d83acf6d9628efc10,f541b461151d06244f36ac65777fd236170ba001,ZEPPELIN-6296,https://issues.apache.org/jira/browse/ZEPPELIN-6296,https://github.com/apache/zeppelin/tree/8d73bfc50c5746913b762a5d83acf6d9628efc10,https://github.com/apache/zeppelin/tree/f541b461151d06244f36ac65777fd236170ba001,https://github.com/apache/zeppelin/compare/8d73bfc50c5746913b762a5d83acf6d9628efc10...f541b461151d06244f36ac65777fd236170ba001
1439,Zeppelin,fbd94da456288b50b1290e233ada41879e9e62aa,279af4f3229f6bc975c803bc3e5131cb62cf70b7,ZEPPELIN-6302,https://issues.apache.org/jira/browse/ZEPPELIN-6302,https://github.com/apache/zeppelin/tree/fbd94da456288b50b1290e233ada41879e9e62aa,https://github.com/apache/zeppelin/tree/279af4f3229f6bc975c803bc3e5131cb62cf70b7,https://github.com/apache/zeppelin/compare/fbd94da456288b50b1290e233ada41879e9e62aa...279af4f3229f6bc975c803bc3e5131cb62cf70b7
1440,Zeppelin,279af4f3229f6bc975c803bc3e5131cb62cf70b7,ade854e2e82fb2834a138485a5d4316edec0c83f,ZEPPELIN-6234,https://issues.apache.org/jira/browse/ZEPPELIN-6234,https://github.com/apache/zeppelin/tree/279af4f3229f6bc975c803bc3e5131cb62cf70b7,https://github.com/apache/zeppelin/tree/ade854e2e82fb2834a138485a5d4316edec0c83f,https://github.com/apache/zeppelin/compare/279af4f3229f6bc975c803bc3e5131cb62cf70b7...ade854e2e82fb2834a138485a5d4316edec0c83f
1441,Zeppelin,ade854e2e82fb2834a138485a5d4316edec0c83f,f4f8a72a5f3f29fb1086f1dc9e8eb31cb40f8e18,ZEPPELIN-6301,https://issues.apache.org/jira/browse/ZEPPELIN-6301,https://github.com/apache/zeppelin/tree/ade854e2e82fb2834a138485a5d4316edec0c83f,https://github.com/apache/zeppelin/tree/f4f8a72a5f3f29fb1086f1dc9e8eb31cb40f8e18,https://github.com/apache/zeppelin/compare/ade854e2e82fb2834a138485a5d4316edec0c83f...f4f8a72a5f3f29fb1086f1dc9e8eb31cb40f8e18
1442,Zeppelin,093648f1411e34874dea40fdd795b8f8b2ba74e3,96e2c65018a1f8f7b035e09cf646d8448891c2a1,ZEPPELIN-6310,https://issues.apache.org/jira/browse/ZEPPELIN-6310,https://github.com/apache/zeppelin/tree/093648f1411e34874dea40fdd795b8f8b2ba74e3,https://github.com/apache/zeppelin/tree/96e2c65018a1f8f7b035e09cf646d8448891c2a1,https://github.com/apache/zeppelin/compare/093648f1411e34874dea40fdd795b8f8b2ba74e3...96e2c65018a1f8f7b035e09cf646d8448891c2a1
1443,Zeppelin,96e2c65018a1f8f7b035e09cf646d8448891c2a1,a0ef5b8096e49b7a7705374544b0efece3f02228,ZEPPELIN-6304,https://issues.apache.org/jira/browse/ZEPPELIN-6304,https://github.com/apache/zeppelin/tree/96e2c65018a1f8f7b035e09cf646d8448891c2a1,https://github.com/apache/zeppelin/tree/a0ef5b8096e49b7a7705374544b0efece3f02228,https://github.com/apache/zeppelin/compare/96e2c65018a1f8f7b035e09cf646d8448891c2a1...a0ef5b8096e49b7a7705374544b0efece3f02228
1444,Zeppelin,078b754ad6abdb74148480f9364920b4a1853085,65fd70fd3521f607eee066a7bf3ad5c71f9cd69b,ZEPPELIN-6197,https://issues.apache.org/jira/browse/ZEPPELIN-6197,https://github.com/apache/zeppelin/tree/078b754ad6abdb74148480f9364920b4a1853085,https://github.com/apache/zeppelin/tree/65fd70fd3521f607eee066a7bf3ad5c71f9cd69b,https://github.com/apache/zeppelin/compare/078b754ad6abdb74148480f9364920b4a1853085...65fd70fd3521f607eee066a7bf3ad5c71f9cd69b
1445,Zeppelin,65fd70fd3521f607eee066a7bf3ad5c71f9cd69b,bd5aac87782b4ed7a60ac0740d81f21fafbbb3e5,ZEPPELIN-6317,https://issues.apache.org/jira/browse/ZEPPELIN-6317,https://github.com/apache/zeppelin/tree/65fd70fd3521f607eee066a7bf3ad5c71f9cd69b,https://github.com/apache/zeppelin/tree/bd5aac87782b4ed7a60ac0740d81f21fafbbb3e5,https://github.com/apache/zeppelin/compare/65fd70fd3521f607eee066a7bf3ad5c71f9cd69b...bd5aac87782b4ed7a60ac0740d81f21fafbbb3e5
1446,Zeppelin,bd5aac87782b4ed7a60ac0740d81f21fafbbb3e5,85b75502e9e6ccb1591ddbc3a0a75af8ee78827d,ZEPPELIN-6306,https://issues.apache.org/jira/browse/ZEPPELIN-6306,https://github.com/apache/zeppelin/tree/bd5aac87782b4ed7a60ac0740d81f21fafbbb3e5,https://github.com/apache/zeppelin/tree/85b75502e9e6ccb1591ddbc3a0a75af8ee78827d,https://github.com/apache/zeppelin/compare/bd5aac87782b4ed7a60ac0740d81f21fafbbb3e5...85b75502e9e6ccb1591ddbc3a0a75af8ee78827d
1447,Zeppelin,4297661d8f15453a30a898dc9151c6ab6c181e7f,4fbfaec6160f338248c44b72938ca50d38068d19,ZEPPELIN-6298,https://issues.apache.org/jira/browse/ZEPPELIN-6298,https://github.com/apache/zeppelin/tree/4297661d8f15453a30a898dc9151c6ab6c181e7f,https://github.com/apache/zeppelin/tree/4fbfaec6160f338248c44b72938ca50d38068d19,https://github.com/apache/zeppelin/compare/4297661d8f15453a30a898dc9151c6ab6c181e7f...4fbfaec6160f338248c44b72938ca50d38068d19
1448,Zeppelin,0f20ffcd0f32d8195203ad871d1f4bc52f10b8c2,c9d6b133a1536fc412bb74ed4716f09420f1e9e4,ZEPPELIN-6319,https://issues.apache.org/jira/browse/ZEPPELIN-6319,https://github.com/apache/zeppelin/tree/0f20ffcd0f32d8195203ad871d1f4bc52f10b8c2,https://github.com/apache/zeppelin/tree/c9d6b133a1536fc412bb74ed4716f09420f1e9e4,https://github.com/apache/zeppelin/compare/0f20ffcd0f32d8195203ad871d1f4bc52f10b8c2...c9d6b133a1536fc412bb74ed4716f09420f1e9e4
1449,Zeppelin,3073e3f034ab4bf59cc52881e72e318545af3f78,5aa65256ff02c1d5e949892d1f1118e507df513e,ZEPPELIN-6315,https://issues.apache.org/jira/browse/ZEPPELIN-6315,https://github.com/apache/zeppelin/tree/3073e3f034ab4bf59cc52881e72e318545af3f78,https://github.com/apache/zeppelin/tree/5aa65256ff02c1d5e949892d1f1118e507df513e,https://github.com/apache/zeppelin/compare/3073e3f034ab4bf59cc52881e72e318545af3f78...5aa65256ff02c1d5e949892d1f1118e507df513e
1450,Zeppelin,8fd90cf8f6a92ad58454023a88ca0468839da3aa,f4f822d05c59aa941a697cb34ccdd3b37dd1a795,ZEPPELIN-6233,https://issues.apache.org/jira/browse/ZEPPELIN-6233,https://github.com/apache/zeppelin/tree/8fd90cf8f6a92ad58454023a88ca0468839da3aa,https://github.com/apache/zeppelin/tree/f4f822d05c59aa941a697cb34ccdd3b37dd1a795,https://github.com/apache/zeppelin/compare/8fd90cf8f6a92ad58454023a88ca0468839da3aa...f4f822d05c59aa941a697cb34ccdd3b37dd1a795
1451,Zeppelin,25ec6ed966db56ea04d995d16b77fb553665dd26,3d1ee7c6bfeb178d853e8f67af97f0c2b326da96,ZEPPELIN-6350,https://issues.apache.org/jira/browse/ZEPPELIN-6350,https://github.com/apache/zeppelin/tree/25ec6ed966db56ea04d995d16b77fb553665dd26,https://github.com/apache/zeppelin/tree/3d1ee7c6bfeb178d853e8f67af97f0c2b326da96,https://github.com/apache/zeppelin/compare/25ec6ed966db56ea04d995d16b77fb553665dd26...3d1ee7c6bfeb178d853e8f67af97f0c2b326da96
1452,Zeppelin,3d1ee7c6bfeb178d853e8f67af97f0c2b326da96,5484bebb6e988d474787147d725f7db17d619d91,ZEPPELIN-6339,https://issues.apache.org/jira/browse/ZEPPELIN-6339,https://github.com/apache/zeppelin/tree/3d1ee7c6bfeb178d853e8f67af97f0c2b326da96,https://github.com/apache/zeppelin/tree/5484bebb6e988d474787147d725f7db17d619d91,https://github.com/apache/zeppelin/compare/3d1ee7c6bfeb178d853e8f67af97f0c2b326da96...5484bebb6e988d474787147d725f7db17d619d91
1453,Zeppelin,94f1d8175fbfeab64c85ab5d8eca087ada8b4e5c,89aecde0ed381d5ff6c68ed299c1562e675445e5,ZEPPELIN-6357,https://issues.apache.org/jira/browse/ZEPPELIN-6357,https://github.com/apache/zeppelin/tree/94f1d8175fbfeab64c85ab5d8eca087ada8b4e5c,https://github.com/apache/zeppelin/tree/89aecde0ed381d5ff6c68ed299c1562e675445e5,https://github.com/apache/zeppelin/compare/94f1d8175fbfeab64c85ab5d8eca087ada8b4e5c...89aecde0ed381d5ff6c68ed299c1562e675445e5
1454,Zeppelin,9aac655ef9fce3cdb91f4fac3dbc4a6fff9c3d1e,3ad1a2c486398a39db29dd82ff0a3e617a6e346a,ZEPPELIN-6351,https://issues.apache.org/jira/browse/ZEPPELIN-6351,https://github.com/apache/zeppelin/tree/9aac655ef9fce3cdb91f4fac3dbc4a6fff9c3d1e,https://github.com/apache/zeppelin/tree/3ad1a2c486398a39db29dd82ff0a3e617a6e346a,https://github.com/apache/zeppelin/compare/9aac655ef9fce3cdb91f4fac3dbc4a6fff9c3d1e...3ad1a2c486398a39db29dd82ff0a3e617a6e346a
1455,Zeppelin,3ad1a2c486398a39db29dd82ff0a3e617a6e346a,8ef350e8b9738e2c98142be1faf69ec4eb0ced29,ZEPPELIN-6279,https://issues.apache.org/jira/browse/ZEPPELIN-6279,https://github.com/apache/zeppelin/tree/3ad1a2c486398a39db29dd82ff0a3e617a6e346a,https://github.com/apache/zeppelin/tree/8ef350e8b9738e2c98142be1faf69ec4eb0ced29,https://github.com/apache/zeppelin/compare/3ad1a2c486398a39db29dd82ff0a3e617a6e346a...8ef350e8b9738e2c98142be1faf69ec4eb0ced29
1456,Zeppelin,6f9ae32a37f4998b6845eba5761e84da14dfaa7f,a03dcbcefc4e6d36993fd537d41626e27eb8e05a,ZEPPELIN-6354,https://issues.apache.org/jira/browse/ZEPPELIN-6354,https://github.com/apache/zeppelin/tree/6f9ae32a37f4998b6845eba5761e84da14dfaa7f,https://github.com/apache/zeppelin/tree/a03dcbcefc4e6d36993fd537d41626e27eb8e05a,https://github.com/apache/zeppelin/compare/6f9ae32a37f4998b6845eba5761e84da14dfaa7f...a03dcbcefc4e6d36993fd537d41626e27eb8e05a
1457,Zeppelin,66b1617c5b7053ae65551a247eea501222c3cf4c,3e56d81b808620a2ee04889cd282e2d248028efe,ZEPPELIN-6375,https://issues.apache.org/jira/browse/ZEPPELIN-6375,https://github.com/apache/zeppelin/tree/66b1617c5b7053ae65551a247eea501222c3cf4c,https://github.com/apache/zeppelin/tree/3e56d81b808620a2ee04889cd282e2d248028efe,https://github.com/apache/zeppelin/compare/66b1617c5b7053ae65551a247eea501222c3cf4c...3e56d81b808620a2ee04889cd282e2d248028efe
1458,Zeppelin,cf766dbcbc0373be73424b0ce8859d5bb747c948,c3ccd9b4dd40eac2fc7500ae15b71cbee9384cd5,ZEPPELIN-6162,https://issues.apache.org/jira/browse/ZEPPELIN-6162,https://github.com/apache/zeppelin/tree/cf766dbcbc0373be73424b0ce8859d5bb747c948,https://github.com/apache/zeppelin/tree/c3ccd9b4dd40eac2fc7500ae15b71cbee9384cd5,https://github.com/apache/zeppelin/compare/cf766dbcbc0373be73424b0ce8859d5bb747c948...c3ccd9b4dd40eac2fc7500ae15b71cbee9384cd5
1459,Zeppelin,aaa52286a36e18ee9747546a5c2089d50a402a9a,08fa86aeab2ccb4837c5b2d19820115acb206672,ZEPPELIN-6401,https://issues.apache.org/jira/browse/ZEPPELIN-6401,https://github.com/apache/zeppelin/tree/aaa52286a36e18ee9747546a5c2089d50a402a9a,https://github.com/apache/zeppelin/tree/08fa86aeab2ccb4837c5b2d19820115acb206672,https://github.com/apache/zeppelin/compare/aaa52286a36e18ee9747546a5c2089d50a402a9a...08fa86aeab2ccb4837c5b2d19820115acb206672
