bug.id,project_id,revision.id.buggy,revision.id.fixed,report.id,report.url,buggy_commit_url,fixed_commit_url,compare_url
1,Bazel,dc30c07cc597104fccef63b9fee1948a2324fc5e,5acec4c9115df63a0aee582c6796ebc0f2e71bd7,150,https://github.com/bazelbuild/bazel/issues/150,https://github.com/bazelbuild/bazel/tree/dc30c07cc597104fccef63b9fee1948a2324fc5e,https://github.com/bazelbuild/bazel/tree/5acec4c9115df63a0aee582c6796ebc0f2e71bd7,https://github.com/bazelbuild/bazel/compare/dc30c07cc597104fccef63b9fee1948a2324fc5e...5acec4c9115df63a0aee582c6796ebc0f2e71bd7
2,Bazel,26cb46590ea077c0428e8d9ccba202f8d1a236e8,3b619a8aef4bf27df9811afc3b5b4e53b4a8a742,136,https://github.com/bazelbuild/bazel/issues/136,https://github.com/bazelbuild/bazel/tree/26cb46590ea077c0428e8d9ccba202f8d1a236e8,https://github.com/bazelbuild/bazel/tree/3b619a8aef4bf27df9811afc3b5b4e53b4a8a742,https://github.com/bazelbuild/bazel/compare/26cb46590ea077c0428e8d9ccba202f8d1a236e8...3b619a8aef4bf27df9811afc3b5b4e53b4a8a742
3,Bazel,6d9fb360b79ec040e423b20b72a9cc3c4bac5b54,1373653f6d4903963abdd5daceabf3193fa240f4,167,https://github.com/bazelbuild/bazel/issues/167,https://github.com/bazelbuild/bazel/tree/6d9fb360b79ec040e423b20b72a9cc3c4bac5b54,https://github.com/bazelbuild/bazel/tree/1373653f6d4903963abdd5daceabf3193fa240f4,https://github.com/bazelbuild/bazel/compare/6d9fb360b79ec040e423b20b72a9cc3c4bac5b54...1373653f6d4903963abdd5daceabf3193fa240f4
4,Bazel,b140749f869c4c963f9daffdda4927e3ca688939,b3dece0edf7ad45ef0bfca9c0d50ea7198f43c51,176,https://github.com/bazelbuild/bazel/issues/176,https://github.com/bazelbuild/bazel/tree/b140749f869c4c963f9daffdda4927e3ca688939,https://github.com/bazelbuild/bazel/tree/b3dece0edf7ad45ef0bfca9c0d50ea7198f43c51,https://github.com/bazelbuild/bazel/compare/b140749f869c4c963f9daffdda4927e3ca688939...b3dece0edf7ad45ef0bfca9c0d50ea7198f43c51
5,Bazel,e36c2b85ba8300a635f3cd6eeba6ebd6c4007313,1c72383a145ce29174fee15525d3caf44ae47959,135,https://github.com/bazelbuild/bazel/issues/135,https://github.com/bazelbuild/bazel/tree/e36c2b85ba8300a635f3cd6eeba6ebd6c4007313,https://github.com/bazelbuild/bazel/tree/1c72383a145ce29174fee15525d3caf44ae47959,https://github.com/bazelbuild/bazel/compare/e36c2b85ba8300a635f3cd6eeba6ebd6c4007313...1c72383a145ce29174fee15525d3caf44ae47959
6,Bazel,76ca89671b1c1bf00e171cb1a192a6f638dfc2c4,48451635632f310ab82c5f42edfd1b2f18d98c92,25,https://github.com/bazelbuild/bazel/issues/25,https://github.com/bazelbuild/bazel/tree/76ca89671b1c1bf00e171cb1a192a6f638dfc2c4,https://github.com/bazelbuild/bazel/tree/48451635632f310ab82c5f42edfd1b2f18d98c92,https://github.com/bazelbuild/bazel/compare/76ca89671b1c1bf00e171cb1a192a6f638dfc2c4...48451635632f310ab82c5f42edfd1b2f18d98c92
7,Bazel,93e8470204a31ba1bb91eb65ed591b3f7916e391,8d676c54644b7213a926faa00fc793e0e23fad0b,18,https://github.com/bazelbuild/bazel/issues/18,https://github.com/bazelbuild/bazel/tree/93e8470204a31ba1bb91eb65ed591b3f7916e391,https://github.com/bazelbuild/bazel/tree/8d676c54644b7213a926faa00fc793e0e23fad0b,https://github.com/bazelbuild/bazel/compare/93e8470204a31ba1bb91eb65ed591b3f7916e391...8d676c54644b7213a926faa00fc793e0e23fad0b
8,Bazel,003bb88ce18867b78649c137cd00b8ae21fc29af,1fa163c42ee26a72c21c118ec820d677a431ee49,56,https://github.com/bazelbuild/bazel/issues/56,https://github.com/bazelbuild/bazel/tree/003bb88ce18867b78649c137cd00b8ae21fc29af,https://github.com/bazelbuild/bazel/tree/1fa163c42ee26a72c21c118ec820d677a431ee49,https://github.com/bazelbuild/bazel/compare/003bb88ce18867b78649c137cd00b8ae21fc29af...1fa163c42ee26a72c21c118ec820d677a431ee49
9,Bazel,e03758bb808f37f7de9f07a8eb51081bbe95ae8b,ebd0e644d0e8ffba1cdbd54fc59fdb659a05f144,245,https://github.com/bazelbuild/bazel/issues/245,https://github.com/bazelbuild/bazel/tree/e03758bb808f37f7de9f07a8eb51081bbe95ae8b,https://github.com/bazelbuild/bazel/tree/ebd0e644d0e8ffba1cdbd54fc59fdb659a05f144,https://github.com/bazelbuild/bazel/compare/e03758bb808f37f7de9f07a8eb51081bbe95ae8b...ebd0e644d0e8ffba1cdbd54fc59fdb659a05f144
10,Bazel,0c08fd62f4f37ecd1f2125c349e089233204ed08,f598710fb9d2db8408264b2c16335330c44fee5d,267,https://github.com/bazelbuild/bazel/issues/267,https://github.com/bazelbuild/bazel/tree/0c08fd62f4f37ecd1f2125c349e089233204ed08,https://github.com/bazelbuild/bazel/tree/f598710fb9d2db8408264b2c16335330c44fee5d,https://github.com/bazelbuild/bazel/compare/0c08fd62f4f37ecd1f2125c349e089233204ed08...f598710fb9d2db8408264b2c16335330c44fee5d
11,Bazel,64884927e0b4149273e0e9ef58786c63373dc062,5aa12f1089bd9eff8ef95ebfc5351eb79018adad,305,https://github.com/bazelbuild/bazel/issues/305,https://github.com/bazelbuild/bazel/tree/64884927e0b4149273e0e9ef58786c63373dc062,https://github.com/bazelbuild/bazel/tree/5aa12f1089bd9eff8ef95ebfc5351eb79018adad,https://github.com/bazelbuild/bazel/compare/64884927e0b4149273e0e9ef58786c63373dc062...5aa12f1089bd9eff8ef95ebfc5351eb79018adad
12,Bazel,b815432074f669eea59b70736f0b4f20a4fdf6d9,439a73df6185140dab571bb627597e32a98e5f94,241,https://github.com/bazelbuild/bazel/issues/241,https://github.com/bazelbuild/bazel/tree/b815432074f669eea59b70736f0b4f20a4fdf6d9,https://github.com/bazelbuild/bazel/tree/439a73df6185140dab571bb627597e32a98e5f94,https://github.com/bazelbuild/bazel/compare/b815432074f669eea59b70736f0b4f20a4fdf6d9...439a73df6185140dab571bb627597e32a98e5f94
13,Bazel,3ef28d73fc9b91994ca1f123f5318e2dd729cb9b,a18964096887e592a14d9553f776e70ce9495131,334,https://github.com/bazelbuild/bazel/issues/334,https://github.com/bazelbuild/bazel/tree/3ef28d73fc9b91994ca1f123f5318e2dd729cb9b,https://github.com/bazelbuild/bazel/tree/a18964096887e592a14d9553f776e70ce9495131,https://github.com/bazelbuild/bazel/compare/3ef28d73fc9b91994ca1f123f5318e2dd729cb9b...a18964096887e592a14d9553f776e70ce9495131
14,Bazel,4988eebaabb44b83c3579eae05eb18d788d037f7,4b0bee1af36d0ffab7d86158a853a8a7ee113300,332,https://github.com/bazelbuild/bazel/issues/332,https://github.com/bazelbuild/bazel/tree/4988eebaabb44b83c3579eae05eb18d788d037f7,https://github.com/bazelbuild/bazel/tree/4b0bee1af36d0ffab7d86158a853a8a7ee113300,https://github.com/bazelbuild/bazel/compare/4988eebaabb44b83c3579eae05eb18d788d037f7...4b0bee1af36d0ffab7d86158a853a8a7ee113300
15,Bazel,8ff5b3c00216392cd13dba61093c20501b377329,d3a726cdb6fbb0483c653264bcd05757f1f04824,341,https://github.com/bazelbuild/bazel/issues/341,https://github.com/bazelbuild/bazel/tree/8ff5b3c00216392cd13dba61093c20501b377329,https://github.com/bazelbuild/bazel/tree/d3a726cdb6fbb0483c653264bcd05757f1f04824,https://github.com/bazelbuild/bazel/compare/8ff5b3c00216392cd13dba61093c20501b377329...d3a726cdb6fbb0483c653264bcd05757f1f04824
16,Bazel,255791c9ebdbf7ee3111b65baac89737fffbf22d,8a995b4cde223ff3aee80efd798493a2b7bfd224,61,https://github.com/bazelbuild/bazel/issues/61,https://github.com/bazelbuild/bazel/tree/255791c9ebdbf7ee3111b65baac89737fffbf22d,https://github.com/bazelbuild/bazel/tree/8a995b4cde223ff3aee80efd798493a2b7bfd224,https://github.com/bazelbuild/bazel/compare/255791c9ebdbf7ee3111b65baac89737fffbf22d...8a995b4cde223ff3aee80efd798493a2b7bfd224
17,Bazel,ea1a96ea0f77c112598ef069b37c106577bb2420,3b61b2c77b96948d8f3a5638977d4f3a3607fe4f,331,https://github.com/bazelbuild/bazel/issues/331,https://github.com/bazelbuild/bazel/tree/ea1a96ea0f77c112598ef069b37c106577bb2420,https://github.com/bazelbuild/bazel/tree/3b61b2c77b96948d8f3a5638977d4f3a3607fe4f,https://github.com/bazelbuild/bazel/compare/ea1a96ea0f77c112598ef069b37c106577bb2420...3b61b2c77b96948d8f3a5638977d4f3a3607fe4f
18,Bazel,88b63880f7a1b8be98affe352da428bc2787d9f1,76c27a7740979cec1e9eb8040aa6f10da69474b5,319,https://github.com/bazelbuild/bazel/issues/319,https://github.com/bazelbuild/bazel/tree/88b63880f7a1b8be98affe352da428bc2787d9f1,https://github.com/bazelbuild/bazel/tree/76c27a7740979cec1e9eb8040aa6f10da69474b5,https://github.com/bazelbuild/bazel/compare/88b63880f7a1b8be98affe352da428bc2787d9f1...76c27a7740979cec1e9eb8040aa6f10da69474b5
19,Bazel,b9ac92ff3de7bcfa854a10350f1c228f7c5d66de,6ac7bd5f917e2d32705e5990f31b015db6a251f2,341,https://github.com/bazelbuild/bazel/issues/341,https://github.com/bazelbuild/bazel/tree/b9ac92ff3de7bcfa854a10350f1c228f7c5d66de,https://github.com/bazelbuild/bazel/tree/6ac7bd5f917e2d32705e5990f31b015db6a251f2,https://github.com/bazelbuild/bazel/compare/b9ac92ff3de7bcfa854a10350f1c228f7c5d66de...6ac7bd5f917e2d32705e5990f31b015db6a251f2
20,Bazel,81fb6e7bb8a5b9d818d4974e24a79628020c4dd0,29c43874c05ec6a8365661c428b3a0639c8863fb,360,https://github.com/bazelbuild/bazel/issues/360,https://github.com/bazelbuild/bazel/tree/81fb6e7bb8a5b9d818d4974e24a79628020c4dd0,https://github.com/bazelbuild/bazel/tree/29c43874c05ec6a8365661c428b3a0639c8863fb,https://github.com/bazelbuild/bazel/compare/81fb6e7bb8a5b9d818d4974e24a79628020c4dd0...29c43874c05ec6a8365661c428b3a0639c8863fb
21,Bazel,b424f4316e3c06b758841d380f565fa9c3aacb2c,8647e5fbe93766338f164fc1957f38b83b7d6edc,351,https://github.com/bazelbuild/bazel/issues/351,https://github.com/bazelbuild/bazel/tree/b424f4316e3c06b758841d380f565fa9c3aacb2c,https://github.com/bazelbuild/bazel/tree/8647e5fbe93766338f164fc1957f38b83b7d6edc,https://github.com/bazelbuild/bazel/compare/b424f4316e3c06b758841d380f565fa9c3aacb2c...8647e5fbe93766338f164fc1957f38b83b7d6edc
22,Bazel,d655f2a2870af33f0be3994a983d779e4ad1fb15,ce408291c8f378e0bf15c8a0556d5dcd9b9846af,375,https://github.com/bazelbuild/bazel/issues/375,https://github.com/bazelbuild/bazel/tree/d655f2a2870af33f0be3994a983d779e4ad1fb15,https://github.com/bazelbuild/bazel/tree/ce408291c8f378e0bf15c8a0556d5dcd9b9846af,https://github.com/bazelbuild/bazel/compare/d655f2a2870af33f0be3994a983d779e4ad1fb15...ce408291c8f378e0bf15c8a0556d5dcd9b9846af
23,Bazel,a0f17744e8757134df746f03d24c5f447dfd5231,d43dfa3ccfb6aef6a3fb3d6910d2ad48d6e428ac,407,https://github.com/bazelbuild/bazel/issues/407,https://github.com/bazelbuild/bazel/tree/a0f17744e8757134df746f03d24c5f447dfd5231,https://github.com/bazelbuild/bazel/tree/d43dfa3ccfb6aef6a3fb3d6910d2ad48d6e428ac,https://github.com/bazelbuild/bazel/compare/a0f17744e8757134df746f03d24c5f447dfd5231...d43dfa3ccfb6aef6a3fb3d6910d2ad48d6e428ac
24,Bazel,828126145fb1f8182c3667a0046b85296cb40691,c49ebe1d6433fee4a91f026462767f6d685e6346,419,https://github.com/bazelbuild/bazel/issues/419,https://github.com/bazelbuild/bazel/tree/828126145fb1f8182c3667a0046b85296cb40691,https://github.com/bazelbuild/bazel/tree/c49ebe1d6433fee4a91f026462767f6d685e6346,https://github.com/bazelbuild/bazel/compare/828126145fb1f8182c3667a0046b85296cb40691...c49ebe1d6433fee4a91f026462767f6d685e6346
25,Bazel,7bda87e80adf980a2b0c50da66e3f9fa17c27605,027c8822bd397941cb557f6b0e01b9a812161309,357,https://github.com/bazelbuild/bazel/issues/357,https://github.com/bazelbuild/bazel/tree/7bda87e80adf980a2b0c50da66e3f9fa17c27605,https://github.com/bazelbuild/bazel/tree/027c8822bd397941cb557f6b0e01b9a812161309,https://github.com/bazelbuild/bazel/compare/7bda87e80adf980a2b0c50da66e3f9fa17c27605...027c8822bd397941cb557f6b0e01b9a812161309
26,Bazel,3eb0687fde3745cf52bbbb513f7769ecb9d004e4,c375ea1833b77b88694878dcbd9e6789aab402de,440,https://github.com/bazelbuild/bazel/issues/440,https://github.com/bazelbuild/bazel/tree/3eb0687fde3745cf52bbbb513f7769ecb9d004e4,https://github.com/bazelbuild/bazel/tree/c375ea1833b77b88694878dcbd9e6789aab402de,https://github.com/bazelbuild/bazel/compare/3eb0687fde3745cf52bbbb513f7769ecb9d004e4...c375ea1833b77b88694878dcbd9e6789aab402de
27,Bazel,e083a9167dff6804a2ff788bcf843e29fa1d821d,b8094c10861cabb00a3f0775dc804d3e059c49d5,367,https://github.com/bazelbuild/bazel/issues/367,https://github.com/bazelbuild/bazel/tree/e083a9167dff6804a2ff788bcf843e29fa1d821d,https://github.com/bazelbuild/bazel/tree/b8094c10861cabb00a3f0775dc804d3e059c49d5,https://github.com/bazelbuild/bazel/compare/e083a9167dff6804a2ff788bcf843e29fa1d821d...b8094c10861cabb00a3f0775dc804d3e059c49d5
28,Bazel,faff718f8ce4c9debb27d2b0a796414e133bfdfa,5b378dbb79d9b29c4a9ceea13c5f558c8f027744,262,https://github.com/bazelbuild/bazel/issues/262,https://github.com/bazelbuild/bazel/tree/faff718f8ce4c9debb27d2b0a796414e133bfdfa,https://github.com/bazelbuild/bazel/tree/5b378dbb79d9b29c4a9ceea13c5f558c8f027744,https://github.com/bazelbuild/bazel/compare/faff718f8ce4c9debb27d2b0a796414e133bfdfa...5b378dbb79d9b29c4a9ceea13c5f558c8f027744
29,Bazel,dde6c53f9c4fee3ee5de18f8bf750dd47dba8112,4e068f874ce79cf4f2df257356d36f5c1f1ed684,404,https://github.com/bazelbuild/bazel/issues/404,https://github.com/bazelbuild/bazel/tree/dde6c53f9c4fee3ee5de18f8bf750dd47dba8112,https://github.com/bazelbuild/bazel/tree/4e068f874ce79cf4f2df257356d36f5c1f1ed684,https://github.com/bazelbuild/bazel/compare/dde6c53f9c4fee3ee5de18f8bf750dd47dba8112...4e068f874ce79cf4f2df257356d36f5c1f1ed684
30,Bazel,5877b8b39a7d88f4501ab1736f8ac2fe65431579,8aaa2296a32d5051c1333efe8f2d313aaa9b5832,474,https://github.com/bazelbuild/bazel/issues/474,https://github.com/bazelbuild/bazel/tree/5877b8b39a7d88f4501ab1736f8ac2fe65431579,https://github.com/bazelbuild/bazel/tree/8aaa2296a32d5051c1333efe8f2d313aaa9b5832,https://github.com/bazelbuild/bazel/compare/5877b8b39a7d88f4501ab1736f8ac2fe65431579...8aaa2296a32d5051c1333efe8f2d313aaa9b5832
31,Bazel,eb851fe67fcd06660bc49a56fb44fe03a748aa17,8ff216d8e8a1c3fc5ed33453bb21b53381e295c9,473,https://github.com/bazelbuild/bazel/issues/473,https://github.com/bazelbuild/bazel/tree/eb851fe67fcd06660bc49a56fb44fe03a748aa17,https://github.com/bazelbuild/bazel/tree/8ff216d8e8a1c3fc5ed33453bb21b53381e295c9,https://github.com/bazelbuild/bazel/compare/eb851fe67fcd06660bc49a56fb44fe03a748aa17...8ff216d8e8a1c3fc5ed33453bb21b53381e295c9
32,Bazel,4009d2c4938a768158d7ae2ea848933a96737d25,676f39ae51536d2697627ddc352f4af4782fc893,436,https://github.com/bazelbuild/bazel/issues/436,https://github.com/bazelbuild/bazel/tree/4009d2c4938a768158d7ae2ea848933a96737d25,https://github.com/bazelbuild/bazel/tree/676f39ae51536d2697627ddc352f4af4782fc893,https://github.com/bazelbuild/bazel/compare/4009d2c4938a768158d7ae2ea848933a96737d25...676f39ae51536d2697627ddc352f4af4782fc893
33,Bazel,a86c9a2392fe209b05925fcd5b245cd37ff2d7f2,d93922b7cbfc4522746c6b7b3dc4652575b178c1,424,https://github.com/bazelbuild/bazel/issues/424,https://github.com/bazelbuild/bazel/tree/a86c9a2392fe209b05925fcd5b245cd37ff2d7f2,https://github.com/bazelbuild/bazel/tree/d93922b7cbfc4522746c6b7b3dc4652575b178c1,https://github.com/bazelbuild/bazel/compare/a86c9a2392fe209b05925fcd5b245cd37ff2d7f2...d93922b7cbfc4522746c6b7b3dc4652575b178c1
34,Bazel,4c43b0efc1ab0797682121edfe6e5da2493dc1ca,d5079a59bf85d298ec8598eb3f6b002accb297ce,384,https://github.com/bazelbuild/bazel/issues/384,https://github.com/bazelbuild/bazel/tree/4c43b0efc1ab0797682121edfe6e5da2493dc1ca,https://github.com/bazelbuild/bazel/tree/d5079a59bf85d298ec8598eb3f6b002accb297ce,https://github.com/bazelbuild/bazel/compare/4c43b0efc1ab0797682121edfe6e5da2493dc1ca...d5079a59bf85d298ec8598eb3f6b002accb297ce
35,Bazel,0d5d522bf9fc2ae42ab71ca60094c79eb988501c,aa8b1520c6c90ab9f0a489f996937fc6a355ca3c,218,https://github.com/bazelbuild/bazel/issues/218,https://github.com/bazelbuild/bazel/tree/0d5d522bf9fc2ae42ab71ca60094c79eb988501c,https://github.com/bazelbuild/bazel/tree/aa8b1520c6c90ab9f0a489f996937fc6a355ca3c,https://github.com/bazelbuild/bazel/compare/0d5d522bf9fc2ae42ab71ca60094c79eb988501c...aa8b1520c6c90ab9f0a489f996937fc6a355ca3c
36,Bazel,6bc040b7093395186d05ec8532e811376d70e821,bcfc5e75d925773f14daf197c63cd0cffb13b520,538,https://github.com/bazelbuild/bazel/issues/538,https://github.com/bazelbuild/bazel/tree/6bc040b7093395186d05ec8532e811376d70e821,https://github.com/bazelbuild/bazel/tree/bcfc5e75d925773f14daf197c63cd0cffb13b520,https://github.com/bazelbuild/bazel/compare/6bc040b7093395186d05ec8532e811376d70e821...bcfc5e75d925773f14daf197c63cd0cffb13b520
37,Bazel,533657e0b13320312268d3d4d23ae6507304a317,f5773fc677ca66507fde46077076480571c24601,609,https://github.com/bazelbuild/bazel/issues/609,https://github.com/bazelbuild/bazel/tree/533657e0b13320312268d3d4d23ae6507304a317,https://github.com/bazelbuild/bazel/tree/f5773fc677ca66507fde46077076480571c24601,https://github.com/bazelbuild/bazel/compare/533657e0b13320312268d3d4d23ae6507304a317...f5773fc677ca66507fde46077076480571c24601
38,Bazel,a12ce278bdc17fe395b982d1ffd9ea598260563c,4662a89901246d8354c0e6777fa59afe39a3199b,604,https://github.com/bazelbuild/bazel/issues/604,https://github.com/bazelbuild/bazel/tree/a12ce278bdc17fe395b982d1ffd9ea598260563c,https://github.com/bazelbuild/bazel/tree/4662a89901246d8354c0e6777fa59afe39a3199b,https://github.com/bazelbuild/bazel/compare/a12ce278bdc17fe395b982d1ffd9ea598260563c...4662a89901246d8354c0e6777fa59afe39a3199b
39,Bazel,3d8469522d4b356feb2fc85e65314abb74d47d91,976211dd45215a6146e0ab312186de0eaa955a75,611,https://github.com/bazelbuild/bazel/issues/611,https://github.com/bazelbuild/bazel/tree/3d8469522d4b356feb2fc85e65314abb74d47d91,https://github.com/bazelbuild/bazel/tree/976211dd45215a6146e0ab312186de0eaa955a75,https://github.com/bazelbuild/bazel/compare/3d8469522d4b356feb2fc85e65314abb74d47d91...976211dd45215a6146e0ab312186de0eaa955a75
40,Bazel,9190c8407cb3de13f33f85a856ef31d23b759fb7,07475c7b3812d6194602213a69e6e9f70643b32a,611,https://github.com/bazelbuild/bazel/issues/611,https://github.com/bazelbuild/bazel/tree/9190c8407cb3de13f33f85a856ef31d23b759fb7,https://github.com/bazelbuild/bazel/tree/07475c7b3812d6194602213a69e6e9f70643b32a,https://github.com/bazelbuild/bazel/compare/9190c8407cb3de13f33f85a856ef31d23b759fb7...07475c7b3812d6194602213a69e6e9f70643b32a
41,Bazel,63aa7e8e6d0f23e21d860fd6830176a03523c972,ee0ade3ae1763cb0f9ed989e7692563a547f8559,581,https://github.com/bazelbuild/bazel/issues/581,https://github.com/bazelbuild/bazel/tree/63aa7e8e6d0f23e21d860fd6830176a03523c972,https://github.com/bazelbuild/bazel/tree/ee0ade3ae1763cb0f9ed989e7692563a547f8559,https://github.com/bazelbuild/bazel/compare/63aa7e8e6d0f23e21d860fd6830176a03523c972...ee0ade3ae1763cb0f9ed989e7692563a547f8559
42,Bazel,c6ed6136c563f9836670ff740388e7b6fcdf8c83,d8589319b7d455d6b24ef16117c7cbcb85aa0ec4,572,https://github.com/bazelbuild/bazel/issues/572,https://github.com/bazelbuild/bazel/tree/c6ed6136c563f9836670ff740388e7b6fcdf8c83,https://github.com/bazelbuild/bazel/tree/d8589319b7d455d6b24ef16117c7cbcb85aa0ec4,https://github.com/bazelbuild/bazel/compare/c6ed6136c563f9836670ff740388e7b6fcdf8c83...d8589319b7d455d6b24ef16117c7cbcb85aa0ec4
43,Bazel,6e771dbd6979132a77654b7b5335f3d7273ff4c6,853cd73b0025fb86b3c042320d824a4eb4447dc4,432,https://github.com/bazelbuild/bazel/issues/432,https://github.com/bazelbuild/bazel/tree/6e771dbd6979132a77654b7b5335f3d7273ff4c6,https://github.com/bazelbuild/bazel/tree/853cd73b0025fb86b3c042320d824a4eb4447dc4,https://github.com/bazelbuild/bazel/compare/6e771dbd6979132a77654b7b5335f3d7273ff4c6...853cd73b0025fb86b3c042320d824a4eb4447dc4
44,Bazel,4b28a9e4b322e2ac4f18203ef21560f5b1acf03e,c1b7ca7e4938c125ddd3ac8150044bda169212b8,624,https://github.com/bazelbuild/bazel/issues/624,https://github.com/bazelbuild/bazel/tree/4b28a9e4b322e2ac4f18203ef21560f5b1acf03e,https://github.com/bazelbuild/bazel/tree/c1b7ca7e4938c125ddd3ac8150044bda169212b8,https://github.com/bazelbuild/bazel/compare/4b28a9e4b322e2ac4f18203ef21560f5b1acf03e...c1b7ca7e4938c125ddd3ac8150044bda169212b8
45,Bazel,729def466426106fb42ea124c13c2dc85a31c070,a41b5c1d8a21063eb114438f10dab4a8c29d03a3,638,https://github.com/bazelbuild/bazel/issues/638,https://github.com/bazelbuild/bazel/tree/729def466426106fb42ea124c13c2dc85a31c070,https://github.com/bazelbuild/bazel/tree/a41b5c1d8a21063eb114438f10dab4a8c29d03a3,https://github.com/bazelbuild/bazel/compare/729def466426106fb42ea124c13c2dc85a31c070...a41b5c1d8a21063eb114438f10dab4a8c29d03a3
46,Bazel,ead999004c4df3f1c2c3f70f11e2d5960d489aa7,ed7b97e8f09722b960b45626a4b72937b9b77672,687,https://github.com/bazelbuild/bazel/issues/687,https://github.com/bazelbuild/bazel/tree/ead999004c4df3f1c2c3f70f11e2d5960d489aa7,https://github.com/bazelbuild/bazel/tree/ed7b97e8f09722b960b45626a4b72937b9b77672,https://github.com/bazelbuild/bazel/compare/ead999004c4df3f1c2c3f70f11e2d5960d489aa7...ed7b97e8f09722b960b45626a4b72937b9b77672
47,Bazel,258af7b294706bde162a965390ab39f9917a87b1,f9fdc8dfced8b2b14561720623126a91e04b22cb,352,https://github.com/bazelbuild/bazel/issues/352,https://github.com/bazelbuild/bazel/tree/258af7b294706bde162a965390ab39f9917a87b1,https://github.com/bazelbuild/bazel/tree/f9fdc8dfced8b2b14561720623126a91e04b22cb,https://github.com/bazelbuild/bazel/compare/258af7b294706bde162a965390ab39f9917a87b1...f9fdc8dfced8b2b14561720623126a91e04b22cb
48,Bazel,006ab490e47e0861f687d71bfc9b74d7e15c468d,b95995bd2c33f37ce9ea257379339d35f2a63c82,752,https://github.com/bazelbuild/bazel/issues/752,https://github.com/bazelbuild/bazel/tree/006ab490e47e0861f687d71bfc9b74d7e15c468d,https://github.com/bazelbuild/bazel/tree/b95995bd2c33f37ce9ea257379339d35f2a63c82,https://github.com/bazelbuild/bazel/compare/006ab490e47e0861f687d71bfc9b74d7e15c468d...b95995bd2c33f37ce9ea257379339d35f2a63c82
49,Bazel,eb0d376beb618790c0526e80df5375248e875b8c,f627562e351717b1b207f0afb65c4f855bf664ef,724,https://github.com/bazelbuild/bazel/issues/724,https://github.com/bazelbuild/bazel/tree/eb0d376beb618790c0526e80df5375248e875b8c,https://github.com/bazelbuild/bazel/tree/f627562e351717b1b207f0afb65c4f855bf664ef,https://github.com/bazelbuild/bazel/compare/eb0d376beb618790c0526e80df5375248e875b8c...f627562e351717b1b207f0afb65c4f855bf664ef
50,Bazel,eaf8930fd1062590011b55321f551ce8b01fc57c,3680a58b5caa1552254790dd54ec7ae28a7e3bcc,409,https://github.com/bazelbuild/bazel/issues/409,https://github.com/bazelbuild/bazel/tree/eaf8930fd1062590011b55321f551ce8b01fc57c,https://github.com/bazelbuild/bazel/tree/3680a58b5caa1552254790dd54ec7ae28a7e3bcc,https://github.com/bazelbuild/bazel/compare/eaf8930fd1062590011b55321f551ce8b01fc57c...3680a58b5caa1552254790dd54ec7ae28a7e3bcc
51,Bazel,a41b5c1d8a21063eb114438f10dab4a8c29d03a3,984846173bd04057a7ae8d90919137cfcbd0a739,551,https://github.com/bazelbuild/bazel/issues/551,https://github.com/bazelbuild/bazel/tree/a41b5c1d8a21063eb114438f10dab4a8c29d03a3,https://github.com/bazelbuild/bazel/tree/984846173bd04057a7ae8d90919137cfcbd0a739,https://github.com/bazelbuild/bazel/compare/a41b5c1d8a21063eb114438f10dab4a8c29d03a3...984846173bd04057a7ae8d90919137cfcbd0a739
52,Bazel,328f615cde023c8820b17a40aa48284c3d54fdcf,1139733107294804c42d5f0cefaf10af60a7dd82,517,https://github.com/bazelbuild/bazel/issues/517,https://github.com/bazelbuild/bazel/tree/328f615cde023c8820b17a40aa48284c3d54fdcf,https://github.com/bazelbuild/bazel/tree/1139733107294804c42d5f0cefaf10af60a7dd82,https://github.com/bazelbuild/bazel/compare/328f615cde023c8820b17a40aa48284c3d54fdcf...1139733107294804c42d5f0cefaf10af60a7dd82
53,Bazel,848740c23f101ead71a26ab62cbe6ef1a7d164dd,195ed9aa345cfbe7bc9e5258a963674cef86aea4,770,https://github.com/bazelbuild/bazel/issues/770,https://github.com/bazelbuild/bazel/tree/848740c23f101ead71a26ab62cbe6ef1a7d164dd,https://github.com/bazelbuild/bazel/tree/195ed9aa345cfbe7bc9e5258a963674cef86aea4,https://github.com/bazelbuild/bazel/compare/848740c23f101ead71a26ab62cbe6ef1a7d164dd...195ed9aa345cfbe7bc9e5258a963674cef86aea4
54,Bazel,7e8a284cb87d5f4bcb4653e65b00915b0104ccc3,8d64a6c130dbfafa89159fa795877822ad645437,772,https://github.com/bazelbuild/bazel/issues/772,https://github.com/bazelbuild/bazel/tree/7e8a284cb87d5f4bcb4653e65b00915b0104ccc3,https://github.com/bazelbuild/bazel/tree/8d64a6c130dbfafa89159fa795877822ad645437,https://github.com/bazelbuild/bazel/compare/7e8a284cb87d5f4bcb4653e65b00915b0104ccc3...8d64a6c130dbfafa89159fa795877822ad645437
55,Bazel,017ce7966c22b266e236dab396e05008428ef089,0fff3eb21972222446a378fc02ecd07b078b8e6a,742,https://github.com/bazelbuild/bazel/issues/742,https://github.com/bazelbuild/bazel/tree/017ce7966c22b266e236dab396e05008428ef089,https://github.com/bazelbuild/bazel/tree/0fff3eb21972222446a378fc02ecd07b078b8e6a,https://github.com/bazelbuild/bazel/compare/017ce7966c22b266e236dab396e05008428ef089...0fff3eb21972222446a378fc02ecd07b078b8e6a
56,Bazel,2cdfbd595c251e6e99454cfeeab5407911442506,41aaf39dfb740037c2e76ada83a5c2b24f0b8b0e,481,https://github.com/bazelbuild/bazel/issues/481,https://github.com/bazelbuild/bazel/tree/2cdfbd595c251e6e99454cfeeab5407911442506,https://github.com/bazelbuild/bazel/tree/41aaf39dfb740037c2e76ada83a5c2b24f0b8b0e,https://github.com/bazelbuild/bazel/compare/2cdfbd595c251e6e99454cfeeab5407911442506...41aaf39dfb740037c2e76ada83a5c2b24f0b8b0e
57,Bazel,eea8efaf39da92e4811ed7b551b2a978e34ff92e,17ed2ce60a8336cc695beeeb64ac8b38446f9744,765,https://github.com/bazelbuild/bazel/issues/765,https://github.com/bazelbuild/bazel/tree/eea8efaf39da92e4811ed7b551b2a978e34ff92e,https://github.com/bazelbuild/bazel/tree/17ed2ce60a8336cc695beeeb64ac8b38446f9744,https://github.com/bazelbuild/bazel/compare/eea8efaf39da92e4811ed7b551b2a978e34ff92e...17ed2ce60a8336cc695beeeb64ac8b38446f9744
58,Bazel,0e396b827bca5ee507aadc875169e47d959a7136,485eb969bbfbfbeb7d9501fa2b8f4e6ac5aa7da7,767,https://github.com/bazelbuild/bazel/issues/767,https://github.com/bazelbuild/bazel/tree/0e396b827bca5ee507aadc875169e47d959a7136,https://github.com/bazelbuild/bazel/tree/485eb969bbfbfbeb7d9501fa2b8f4e6ac5aa7da7,https://github.com/bazelbuild/bazel/compare/0e396b827bca5ee507aadc875169e47d959a7136...485eb969bbfbfbeb7d9501fa2b8f4e6ac5aa7da7
59,Bazel,2fa25fd7e6251f78860637df7db3e17893e81b5c,cc7581dbb4f7c0e3133a41076f299688fd3899e3,769,https://github.com/bazelbuild/bazel/issues/769,https://github.com/bazelbuild/bazel/tree/2fa25fd7e6251f78860637df7db3e17893e81b5c,https://github.com/bazelbuild/bazel/tree/cc7581dbb4f7c0e3133a41076f299688fd3899e3,https://github.com/bazelbuild/bazel/compare/2fa25fd7e6251f78860637df7db3e17893e81b5c...cc7581dbb4f7c0e3133a41076f299688fd3899e3
60,Bazel,cc7581dbb4f7c0e3133a41076f299688fd3899e3,5d765a0c091a8aaff37529c59201597982a353bd,780,https://github.com/bazelbuild/bazel/issues/780,https://github.com/bazelbuild/bazel/tree/cc7581dbb4f7c0e3133a41076f299688fd3899e3,https://github.com/bazelbuild/bazel/tree/5d765a0c091a8aaff37529c59201597982a353bd,https://github.com/bazelbuild/bazel/compare/cc7581dbb4f7c0e3133a41076f299688fd3899e3...5d765a0c091a8aaff37529c59201597982a353bd
61,Bazel,bd210f0038b692e686caa0e140fb0681eccdc010,7e8a284cb87d5f4bcb4653e65b00915b0104ccc3,769,https://github.com/bazelbuild/bazel/issues/769,https://github.com/bazelbuild/bazel/tree/bd210f0038b692e686caa0e140fb0681eccdc010,https://github.com/bazelbuild/bazel/tree/7e8a284cb87d5f4bcb4653e65b00915b0104ccc3,https://github.com/bazelbuild/bazel/compare/bd210f0038b692e686caa0e140fb0681eccdc010...7e8a284cb87d5f4bcb4653e65b00915b0104ccc3
62,Bazel,d8df1a7d4b8a1af175e2bda5b379cca4e814cf6b,24f5ce4b602c8ab5e17ee96a86da2cc90a06f668,573,https://github.com/bazelbuild/bazel/issues/573,https://github.com/bazelbuild/bazel/tree/d8df1a7d4b8a1af175e2bda5b379cca4e814cf6b,https://github.com/bazelbuild/bazel/tree/24f5ce4b602c8ab5e17ee96a86da2cc90a06f668,https://github.com/bazelbuild/bazel/compare/d8df1a7d4b8a1af175e2bda5b379cca4e814cf6b...24f5ce4b602c8ab5e17ee96a86da2cc90a06f668
63,Bazel,85834ad350edb675d14daad71e878f74ce417353,fc2a01bcedaf85c2a4fd7675f80e877203cc57cb,783,https://github.com/bazelbuild/bazel/issues/783,https://github.com/bazelbuild/bazel/tree/85834ad350edb675d14daad71e878f74ce417353,https://github.com/bazelbuild/bazel/tree/fc2a01bcedaf85c2a4fd7675f80e877203cc57cb,https://github.com/bazelbuild/bazel/compare/85834ad350edb675d14daad71e878f74ce417353...fc2a01bcedaf85c2a4fd7675f80e877203cc57cb
64,Bazel,a2c9ac6a6989019fd7ccb4bee2149dd600ef4476,cc9e445cddf34c1ba1d8cef28aaf5600ba6177aa,802,https://github.com/bazelbuild/bazel/issues/802,https://github.com/bazelbuild/bazel/tree/a2c9ac6a6989019fd7ccb4bee2149dd600ef4476,https://github.com/bazelbuild/bazel/tree/cc9e445cddf34c1ba1d8cef28aaf5600ba6177aa,https://github.com/bazelbuild/bazel/compare/a2c9ac6a6989019fd7ccb4bee2149dd600ef4476...cc9e445cddf34c1ba1d8cef28aaf5600ba6177aa
65,Bazel,8bc64e1d0c9a4a0ff81db56f72f45b7fd91f5fdf,505a12da042f919e837f91dfc7142a7fdfe36c91,812,https://github.com/bazelbuild/bazel/issues/812,https://github.com/bazelbuild/bazel/tree/8bc64e1d0c9a4a0ff81db56f72f45b7fd91f5fdf,https://github.com/bazelbuild/bazel/tree/505a12da042f919e837f91dfc7142a7fdfe36c91,https://github.com/bazelbuild/bazel/compare/8bc64e1d0c9a4a0ff81db56f72f45b7fd91f5fdf...505a12da042f919e837f91dfc7142a7fdfe36c91
66,Bazel,4fdd66db55d36c923b1e9fa30a158e1596408670,a88755c14fe9947245c987dfd2f2aa561430561a,811,https://github.com/bazelbuild/bazel/issues/811,https://github.com/bazelbuild/bazel/tree/4fdd66db55d36c923b1e9fa30a158e1596408670,https://github.com/bazelbuild/bazel/tree/a88755c14fe9947245c987dfd2f2aa561430561a,https://github.com/bazelbuild/bazel/compare/4fdd66db55d36c923b1e9fa30a158e1596408670...a88755c14fe9947245c987dfd2f2aa561430561a
67,Bazel,e950da41d8b502fd6c90b1995b878d586dda4510,8eccb7f834a262b81e92140d9c3b968dc90d2c47,834,https://github.com/bazelbuild/bazel/issues/834,https://github.com/bazelbuild/bazel/tree/e950da41d8b502fd6c90b1995b878d586dda4510,https://github.com/bazelbuild/bazel/tree/8eccb7f834a262b81e92140d9c3b968dc90d2c47,https://github.com/bazelbuild/bazel/compare/e950da41d8b502fd6c90b1995b878d586dda4510...8eccb7f834a262b81e92140d9c3b968dc90d2c47
68,Bazel,8378cd840122509fb88efdc49eb5663cad9c7fc4,0c1a8cfb0a928066602c09cccbf7fc995eecfbf6,851,https://github.com/bazelbuild/bazel/issues/851,https://github.com/bazelbuild/bazel/tree/8378cd840122509fb88efdc49eb5663cad9c7fc4,https://github.com/bazelbuild/bazel/tree/0c1a8cfb0a928066602c09cccbf7fc995eecfbf6,https://github.com/bazelbuild/bazel/compare/8378cd840122509fb88efdc49eb5663cad9c7fc4...0c1a8cfb0a928066602c09cccbf7fc995eecfbf6
69,Bazel,6979c8e8f5deec422a0ad1b5e558d77f583108ae,9273c766b9766f702093a15b466748cf3f516a7c,830,https://github.com/bazelbuild/bazel/issues/830,https://github.com/bazelbuild/bazel/tree/6979c8e8f5deec422a0ad1b5e558d77f583108ae,https://github.com/bazelbuild/bazel/tree/9273c766b9766f702093a15b466748cf3f516a7c,https://github.com/bazelbuild/bazel/compare/6979c8e8f5deec422a0ad1b5e558d77f583108ae...9273c766b9766f702093a15b466748cf3f516a7c
70,Bazel,1a34a248b05c9e64e2db0d76f3ad8e93cf755f99,49978055a2ecca23df5fed892fc529e235ae9f07,792,https://github.com/bazelbuild/bazel/issues/792,https://github.com/bazelbuild/bazel/tree/1a34a248b05c9e64e2db0d76f3ad8e93cf755f99,https://github.com/bazelbuild/bazel/tree/49978055a2ecca23df5fed892fc529e235ae9f07,https://github.com/bazelbuild/bazel/compare/1a34a248b05c9e64e2db0d76f3ad8e93cf755f99...49978055a2ecca23df5fed892fc529e235ae9f07
71,Bazel,04dbe1885b58eeeca00880fb9d82ae4c2d98da52,4242d207765f1de037f4b777da1ac9fba35e7f3f,881,https://github.com/bazelbuild/bazel/issues/881,https://github.com/bazelbuild/bazel/tree/04dbe1885b58eeeca00880fb9d82ae4c2d98da52,https://github.com/bazelbuild/bazel/tree/4242d207765f1de037f4b777da1ac9fba35e7f3f,https://github.com/bazelbuild/bazel/compare/04dbe1885b58eeeca00880fb9d82ae4c2d98da52...4242d207765f1de037f4b777da1ac9fba35e7f3f
72,Bazel,8c04e9e0b5ae55107460a3be73d09f2402c51580,39125b2213d60a52db0a186e2887d007010221cd,757,https://github.com/bazelbuild/bazel/issues/757,https://github.com/bazelbuild/bazel/tree/8c04e9e0b5ae55107460a3be73d09f2402c51580,https://github.com/bazelbuild/bazel/tree/39125b2213d60a52db0a186e2887d007010221cd,https://github.com/bazelbuild/bazel/compare/8c04e9e0b5ae55107460a3be73d09f2402c51580...39125b2213d60a52db0a186e2887d007010221cd
73,Bazel,5c1a40543c38c7c900e16912efe14bcf6fb7d513,7b03d63b7ecc6e75ecf8a4a0ff6b0dd16a16c8b3,879,https://github.com/bazelbuild/bazel/issues/879,https://github.com/bazelbuild/bazel/tree/5c1a40543c38c7c900e16912efe14bcf6fb7d513,https://github.com/bazelbuild/bazel/tree/7b03d63b7ecc6e75ecf8a4a0ff6b0dd16a16c8b3,https://github.com/bazelbuild/bazel/compare/5c1a40543c38c7c900e16912efe14bcf6fb7d513...7b03d63b7ecc6e75ecf8a4a0ff6b0dd16a16c8b3
74,Bazel,d55d7afc7532f6e0cb56cde4b05487c784842395,6462d87752999d46e8528b52412dbf39d26f4288,796,https://github.com/bazelbuild/bazel/issues/796,https://github.com/bazelbuild/bazel/tree/d55d7afc7532f6e0cb56cde4b05487c784842395,https://github.com/bazelbuild/bazel/tree/6462d87752999d46e8528b52412dbf39d26f4288,https://github.com/bazelbuild/bazel/compare/d55d7afc7532f6e0cb56cde4b05487c784842395...6462d87752999d46e8528b52412dbf39d26f4288
75,Bazel,14c49ac248fc4d16d7ce1ca699b33891fea96873,175b267569219100ac756b0ef016211b0cfa90c4,883,https://github.com/bazelbuild/bazel/issues/883,https://github.com/bazelbuild/bazel/tree/14c49ac248fc4d16d7ce1ca699b33891fea96873,https://github.com/bazelbuild/bazel/tree/175b267569219100ac756b0ef016211b0cfa90c4,https://github.com/bazelbuild/bazel/compare/14c49ac248fc4d16d7ce1ca699b33891fea96873...175b267569219100ac756b0ef016211b0cfa90c4
76,Bazel,b5e03322ebe51a9f492291492e4844db58485779,1e1e94b2a74ca24c4fc25b748d148e3f0fbce2f7,895,https://github.com/bazelbuild/bazel/issues/895,https://github.com/bazelbuild/bazel/tree/b5e03322ebe51a9f492291492e4844db58485779,https://github.com/bazelbuild/bazel/tree/1e1e94b2a74ca24c4fc25b748d148e3f0fbce2f7,https://github.com/bazelbuild/bazel/compare/b5e03322ebe51a9f492291492e4844db58485779...1e1e94b2a74ca24c4fc25b748d148e3f0fbce2f7
77,Bazel,6b6c6730afb1b936b8e9b88fd746bfa41605fbe8,4aa76cc73822f5e6a7980433148289b783f31e81,879,https://github.com/bazelbuild/bazel/issues/879,https://github.com/bazelbuild/bazel/tree/6b6c6730afb1b936b8e9b88fd746bfa41605fbe8,https://github.com/bazelbuild/bazel/tree/4aa76cc73822f5e6a7980433148289b783f31e81,https://github.com/bazelbuild/bazel/compare/6b6c6730afb1b936b8e9b88fd746bfa41605fbe8...4aa76cc73822f5e6a7980433148289b783f31e81
78,Bazel,e5b14ff94b1cd0f858c74995a0e13607551ef7c9,3bfef91ba88388d0f5ff7af045f69e30e0dfdca7,881,https://github.com/bazelbuild/bazel/issues/881,https://github.com/bazelbuild/bazel/tree/e5b14ff94b1cd0f858c74995a0e13607551ef7c9,https://github.com/bazelbuild/bazel/tree/3bfef91ba88388d0f5ff7af045f69e30e0dfdca7,https://github.com/bazelbuild/bazel/compare/e5b14ff94b1cd0f858c74995a0e13607551ef7c9...3bfef91ba88388d0f5ff7af045f69e30e0dfdca7
79,Bazel,74a39f09e87aa8c0698610046bd8119619a9d2c8,291032ae5dd7776422d692298d36d3dae96b39ed,918,https://github.com/bazelbuild/bazel/issues/918,https://github.com/bazelbuild/bazel/tree/74a39f09e87aa8c0698610046bd8119619a9d2c8,https://github.com/bazelbuild/bazel/tree/291032ae5dd7776422d692298d36d3dae96b39ed,https://github.com/bazelbuild/bazel/compare/74a39f09e87aa8c0698610046bd8119619a9d2c8...291032ae5dd7776422d692298d36d3dae96b39ed
80,Bazel,3bfef91ba88388d0f5ff7af045f69e30e0dfdca7,35d627c01a235603a7ed5c9eb9c2713962727b5a,905,https://github.com/bazelbuild/bazel/issues/905,https://github.com/bazelbuild/bazel/tree/3bfef91ba88388d0f5ff7af045f69e30e0dfdca7,https://github.com/bazelbuild/bazel/tree/35d627c01a235603a7ed5c9eb9c2713962727b5a,https://github.com/bazelbuild/bazel/compare/3bfef91ba88388d0f5ff7af045f69e30e0dfdca7...35d627c01a235603a7ed5c9eb9c2713962727b5a
81,Bazel,870e5592dc0477d646d9e37113604a68e09cf86f,9e100ac1ddfc8aac2cd4185824d1abdf5a456169,913,https://github.com/bazelbuild/bazel/issues/913,https://github.com/bazelbuild/bazel/tree/870e5592dc0477d646d9e37113604a68e09cf86f,https://github.com/bazelbuild/bazel/tree/9e100ac1ddfc8aac2cd4185824d1abdf5a456169,https://github.com/bazelbuild/bazel/compare/870e5592dc0477d646d9e37113604a68e09cf86f...9e100ac1ddfc8aac2cd4185824d1abdf5a456169
82,Bazel,870e5592dc0477d646d9e37113604a68e09cf86f,9e100ac1ddfc8aac2cd4185824d1abdf5a456169,878,https://github.com/bazelbuild/bazel/issues/878,https://github.com/bazelbuild/bazel/tree/870e5592dc0477d646d9e37113604a68e09cf86f,https://github.com/bazelbuild/bazel/tree/9e100ac1ddfc8aac2cd4185824d1abdf5a456169,https://github.com/bazelbuild/bazel/compare/870e5592dc0477d646d9e37113604a68e09cf86f...9e100ac1ddfc8aac2cd4185824d1abdf5a456169
83,Bazel,a4ba24e286b7e9a7a09e333d8eb64a8cf7e81895,fa465f6f6216c5a3202964edf78e085cb19d5195,894,https://github.com/bazelbuild/bazel/issues/894,https://github.com/bazelbuild/bazel/tree/a4ba24e286b7e9a7a09e333d8eb64a8cf7e81895,https://github.com/bazelbuild/bazel/tree/fa465f6f6216c5a3202964edf78e085cb19d5195,https://github.com/bazelbuild/bazel/compare/a4ba24e286b7e9a7a09e333d8eb64a8cf7e81895...fa465f6f6216c5a3202964edf78e085cb19d5195
84,Bazel,4e84b140404bb95277afd0226bedddfa82e7ec43,a6e448253c289f3d5a353f038a5ea47227515a66,938,https://github.com/bazelbuild/bazel/issues/938,https://github.com/bazelbuild/bazel/tree/4e84b140404bb95277afd0226bedddfa82e7ec43,https://github.com/bazelbuild/bazel/tree/a6e448253c289f3d5a353f038a5ea47227515a66,https://github.com/bazelbuild/bazel/compare/4e84b140404bb95277afd0226bedddfa82e7ec43...a6e448253c289f3d5a353f038a5ea47227515a66
85,Bazel,5c34e963cba3b7c5a6e215e12150cb09a2843c4a,4b5992929d5e59d76db132a77a7d7ecc786aef90,947,https://github.com/bazelbuild/bazel/issues/947,https://github.com/bazelbuild/bazel/tree/5c34e963cba3b7c5a6e215e12150cb09a2843c4a,https://github.com/bazelbuild/bazel/tree/4b5992929d5e59d76db132a77a7d7ecc786aef90,https://github.com/bazelbuild/bazel/compare/5c34e963cba3b7c5a6e215e12150cb09a2843c4a...4b5992929d5e59d76db132a77a7d7ecc786aef90
86,Bazel,d4c00d42b7ac3939f7041ba3bcb920088857adbd,9bdc0d466b8536b2431b585c615715fff6960b97,976,https://github.com/bazelbuild/bazel/issues/976,https://github.com/bazelbuild/bazel/tree/d4c00d42b7ac3939f7041ba3bcb920088857adbd,https://github.com/bazelbuild/bazel/tree/9bdc0d466b8536b2431b585c615715fff6960b97,https://github.com/bazelbuild/bazel/compare/d4c00d42b7ac3939f7041ba3bcb920088857adbd...9bdc0d466b8536b2431b585c615715fff6960b97
87,Bazel,47535789fb34a4fd144abe19152e5b662a1676a1,00ed6fe756844f2bf841d17f843b2c3c5848e8cb,739,https://github.com/bazelbuild/bazel/issues/739,https://github.com/bazelbuild/bazel/tree/47535789fb34a4fd144abe19152e5b662a1676a1,https://github.com/bazelbuild/bazel/tree/00ed6fe756844f2bf841d17f843b2c3c5848e8cb,https://github.com/bazelbuild/bazel/compare/47535789fb34a4fd144abe19152e5b662a1676a1...00ed6fe756844f2bf841d17f843b2c3c5848e8cb
88,Bazel,1882618ec9e76d52413b9948a256b384b4a2565d,2de7a886910a767fdd0b4612f85877dc288745dc,1004,https://github.com/bazelbuild/bazel/issues/1004,https://github.com/bazelbuild/bazel/tree/1882618ec9e76d52413b9948a256b384b4a2565d,https://github.com/bazelbuild/bazel/tree/2de7a886910a767fdd0b4612f85877dc288745dc,https://github.com/bazelbuild/bazel/compare/1882618ec9e76d52413b9948a256b384b4a2565d...2de7a886910a767fdd0b4612f85877dc288745dc
89,Bazel,184be1c7858cbc6bb8bb93c0a0a487a08c914cb6,4e65601c34349fe2047df713903265690f33a5e6,976,https://github.com/bazelbuild/bazel/issues/976,https://github.com/bazelbuild/bazel/tree/184be1c7858cbc6bb8bb93c0a0a487a08c914cb6,https://github.com/bazelbuild/bazel/tree/4e65601c34349fe2047df713903265690f33a5e6,https://github.com/bazelbuild/bazel/compare/184be1c7858cbc6bb8bb93c0a0a487a08c914cb6...4e65601c34349fe2047df713903265690f33a5e6
90,Bazel,8595e56d00836965c0175538f16df7e3e46e1354,a3b5e9340199202d4ce514757c28568f94d07ed6,1002,https://github.com/bazelbuild/bazel/issues/1002,https://github.com/bazelbuild/bazel/tree/8595e56d00836965c0175538f16df7e3e46e1354,https://github.com/bazelbuild/bazel/tree/a3b5e9340199202d4ce514757c28568f94d07ed6,https://github.com/bazelbuild/bazel/compare/8595e56d00836965c0175538f16df7e3e46e1354...a3b5e9340199202d4ce514757c28568f94d07ed6
91,Bazel,eef38fc37aefc1f37743e18e0dcd520b765d8efd,d7d6d62983be116c5e7ce82d73f0afc5f4908b06,940,https://github.com/bazelbuild/bazel/issues/940,https://github.com/bazelbuild/bazel/tree/eef38fc37aefc1f37743e18e0dcd520b765d8efd,https://github.com/bazelbuild/bazel/tree/d7d6d62983be116c5e7ce82d73f0afc5f4908b06,https://github.com/bazelbuild/bazel/compare/eef38fc37aefc1f37743e18e0dcd520b765d8efd...d7d6d62983be116c5e7ce82d73f0afc5f4908b06
92,Bazel,c5a5d9058f11a84dd6c7da88ad2f3c1004686d3f,8a9e9ab46ac1c644b5b3ab198d0d352416f33fe5,760,https://github.com/bazelbuild/bazel/issues/760,https://github.com/bazelbuild/bazel/tree/c5a5d9058f11a84dd6c7da88ad2f3c1004686d3f,https://github.com/bazelbuild/bazel/tree/8a9e9ab46ac1c644b5b3ab198d0d352416f33fe5,https://github.com/bazelbuild/bazel/compare/c5a5d9058f11a84dd6c7da88ad2f3c1004686d3f...8a9e9ab46ac1c644b5b3ab198d0d352416f33fe5
93,Bazel,56d24a78bfd5bc53cfaf3b4242c17c9167e2b8d3,1fe0e97f337956a208957be69e97d710870203e1,1063,https://github.com/bazelbuild/bazel/issues/1063,https://github.com/bazelbuild/bazel/tree/56d24a78bfd5bc53cfaf3b4242c17c9167e2b8d3,https://github.com/bazelbuild/bazel/tree/1fe0e97f337956a208957be69e97d710870203e1,https://github.com/bazelbuild/bazel/compare/56d24a78bfd5bc53cfaf3b4242c17c9167e2b8d3...1fe0e97f337956a208957be69e97d710870203e1
94,Bazel,0c8daf89b780c1f559e632d0fd1169fcdeaf20ad,f0e1ef60cad4b24105dfd22576d54e20b91ec5eb,1078,https://github.com/bazelbuild/bazel/issues/1078,https://github.com/bazelbuild/bazel/tree/0c8daf89b780c1f559e632d0fd1169fcdeaf20ad,https://github.com/bazelbuild/bazel/tree/f0e1ef60cad4b24105dfd22576d54e20b91ec5eb,https://github.com/bazelbuild/bazel/compare/0c8daf89b780c1f559e632d0fd1169fcdeaf20ad...f0e1ef60cad4b24105dfd22576d54e20b91ec5eb
95,Bazel,22fb90cd7bcc6aafd1cf30de3c77e3025b5c48c2,36532fced0440d231c43dba3d16be775c9c1fd19,877,https://github.com/bazelbuild/bazel/issues/877,https://github.com/bazelbuild/bazel/tree/22fb90cd7bcc6aafd1cf30de3c77e3025b5c48c2,https://github.com/bazelbuild/bazel/tree/36532fced0440d231c43dba3d16be775c9c1fd19,https://github.com/bazelbuild/bazel/compare/22fb90cd7bcc6aafd1cf30de3c77e3025b5c48c2...36532fced0440d231c43dba3d16be775c9c1fd19
96,Bazel,c96ed864b13cf981a8be33e39fd6ed71decce3c0,5b1fce59a09fe58548661e5247db455035827830,738,https://github.com/bazelbuild/bazel/issues/738,https://github.com/bazelbuild/bazel/tree/c96ed864b13cf981a8be33e39fd6ed71decce3c0,https://github.com/bazelbuild/bazel/tree/5b1fce59a09fe58548661e5247db455035827830,https://github.com/bazelbuild/bazel/compare/c96ed864b13cf981a8be33e39fd6ed71decce3c0...5b1fce59a09fe58548661e5247db455035827830
97,Bazel,6fb22be63aa29cd8103d617cad02356ffc40a272,c5b387336362f05da59495085dff50c655f95912,939,https://github.com/bazelbuild/bazel/issues/939,https://github.com/bazelbuild/bazel/tree/6fb22be63aa29cd8103d617cad02356ffc40a272,https://github.com/bazelbuild/bazel/tree/c5b387336362f05da59495085dff50c655f95912,https://github.com/bazelbuild/bazel/compare/6fb22be63aa29cd8103d617cad02356ffc40a272...c5b387336362f05da59495085dff50c655f95912
98,Bazel,62a1905da6d45987013810b2ed7e312639052bfb,e82ffaad339e8c7f0e5b7eb648d78cf8c7ab5b51,978,https://github.com/bazelbuild/bazel/issues/978,https://github.com/bazelbuild/bazel/tree/62a1905da6d45987013810b2ed7e312639052bfb,https://github.com/bazelbuild/bazel/tree/e82ffaad339e8c7f0e5b7eb648d78cf8c7ab5b51,https://github.com/bazelbuild/bazel/compare/62a1905da6d45987013810b2ed7e312639052bfb...e82ffaad339e8c7f0e5b7eb648d78cf8c7ab5b51
99,Bazel,7f2e00f30b81b81c64421e477e8982cb2ee2fa37,c269abc97301523dbe9e0605f9606f188c2a4815,248,https://github.com/bazelbuild/bazel/issues/248,https://github.com/bazelbuild/bazel/tree/7f2e00f30b81b81c64421e477e8982cb2ee2fa37,https://github.com/bazelbuild/bazel/tree/c269abc97301523dbe9e0605f9606f188c2a4815,https://github.com/bazelbuild/bazel/compare/7f2e00f30b81b81c64421e477e8982cb2ee2fa37...c269abc97301523dbe9e0605f9606f188c2a4815
100,Bazel,950c1abd9f8a047bc5a1fc80209ff02b20f970f1,5dc18f57ce4702a1d653c6e156b02e212553ccf3,999,https://github.com/bazelbuild/bazel/issues/999,https://github.com/bazelbuild/bazel/tree/950c1abd9f8a047bc5a1fc80209ff02b20f970f1,https://github.com/bazelbuild/bazel/tree/5dc18f57ce4702a1d653c6e156b02e212553ccf3,https://github.com/bazelbuild/bazel/compare/950c1abd9f8a047bc5a1fc80209ff02b20f970f1...5dc18f57ce4702a1d653c6e156b02e212553ccf3
101,Bazel,a25fa9f38fe4d38eccec63f5275ef2fcc61700cd,68e193288e2306c763a719102531da65bf417cbc,545,https://github.com/bazelbuild/bazel/issues/545,https://github.com/bazelbuild/bazel/tree/a25fa9f38fe4d38eccec63f5275ef2fcc61700cd,https://github.com/bazelbuild/bazel/tree/68e193288e2306c763a719102531da65bf417cbc,https://github.com/bazelbuild/bazel/compare/a25fa9f38fe4d38eccec63f5275ef2fcc61700cd...68e193288e2306c763a719102531da65bf417cbc
102,Bazel,964712c0750077f855b4704f076476f53e1b733b,7f2e00f30b81b81c64421e477e8982cb2ee2fa37,1101,https://github.com/bazelbuild/bazel/issues/1101,https://github.com/bazelbuild/bazel/tree/964712c0750077f855b4704f076476f53e1b733b,https://github.com/bazelbuild/bazel/tree/7f2e00f30b81b81c64421e477e8982cb2ee2fa37,https://github.com/bazelbuild/bazel/compare/964712c0750077f855b4704f076476f53e1b733b...7f2e00f30b81b81c64421e477e8982cb2ee2fa37
103,Bazel,4639ee75971aafb2c694b82db4881a23ea7fc114,8c248f7ccb2cff6aa071c3fd8ea2f9ba059badd1,842,https://github.com/bazelbuild/bazel/issues/842,https://github.com/bazelbuild/bazel/tree/4639ee75971aafb2c694b82db4881a23ea7fc114,https://github.com/bazelbuild/bazel/tree/8c248f7ccb2cff6aa071c3fd8ea2f9ba059badd1,https://github.com/bazelbuild/bazel/compare/4639ee75971aafb2c694b82db4881a23ea7fc114...8c248f7ccb2cff6aa071c3fd8ea2f9ba059badd1
104,Bazel,b456840f5e9053b41a2620ea791f042f0897783c,2784fa0e2956b02e281cb4ce5c4d311f56bdba63,1040,https://github.com/bazelbuild/bazel/issues/1040,https://github.com/bazelbuild/bazel/tree/b456840f5e9053b41a2620ea791f042f0897783c,https://github.com/bazelbuild/bazel/tree/2784fa0e2956b02e281cb4ce5c4d311f56bdba63,https://github.com/bazelbuild/bazel/compare/b456840f5e9053b41a2620ea791f042f0897783c...2784fa0e2956b02e281cb4ce5c4d311f56bdba63
105,Bazel,f9276e2442907c7a3d5a1eed64f4a8acc704f560,da46c8d6dbb29b1ab621487c87c60bc1bcba0e6d,1112,https://github.com/bazelbuild/bazel/issues/1112,https://github.com/bazelbuild/bazel/tree/f9276e2442907c7a3d5a1eed64f4a8acc704f560,https://github.com/bazelbuild/bazel/tree/da46c8d6dbb29b1ab621487c87c60bc1bcba0e6d,https://github.com/bazelbuild/bazel/compare/f9276e2442907c7a3d5a1eed64f4a8acc704f560...da46c8d6dbb29b1ab621487c87c60bc1bcba0e6d
106,Bazel,b90498f7271113067d4c98404754f01e8b62431b,0ea57e6983238cbc84ab62f8197912ccab215c93,1103,https://github.com/bazelbuild/bazel/issues/1103,https://github.com/bazelbuild/bazel/tree/b90498f7271113067d4c98404754f01e8b62431b,https://github.com/bazelbuild/bazel/tree/0ea57e6983238cbc84ab62f8197912ccab215c93,https://github.com/bazelbuild/bazel/compare/b90498f7271113067d4c98404754f01e8b62431b...0ea57e6983238cbc84ab62f8197912ccab215c93
107,Bazel,fbafe83b65965277e8c8c53b3f4b978b5507e021,ef5165c59aac412893b1439bfa393d571c54018f,1104,https://github.com/bazelbuild/bazel/issues/1104,https://github.com/bazelbuild/bazel/tree/fbafe83b65965277e8c8c53b3f4b978b5507e021,https://github.com/bazelbuild/bazel/tree/ef5165c59aac412893b1439bfa393d571c54018f,https://github.com/bazelbuild/bazel/compare/fbafe83b65965277e8c8c53b3f4b978b5507e021...ef5165c59aac412893b1439bfa393d571c54018f
108,Bazel,ef5165c59aac412893b1439bfa393d571c54018f,c9bb9f0514663cace43310c35749f0a5fece92bc,481,https://github.com/bazelbuild/bazel/issues/481,https://github.com/bazelbuild/bazel/tree/ef5165c59aac412893b1439bfa393d571c54018f,https://github.com/bazelbuild/bazel/tree/c9bb9f0514663cace43310c35749f0a5fece92bc,https://github.com/bazelbuild/bazel/compare/ef5165c59aac412893b1439bfa393d571c54018f...c9bb9f0514663cace43310c35749f0a5fece92bc
109,Bazel,eea74e902818b5808834061d61a3183d87346a83,a6ae3e7a43d32c13081886ffa64b5d14157f4910,963,https://github.com/bazelbuild/bazel/issues/963,https://github.com/bazelbuild/bazel/tree/eea74e902818b5808834061d61a3183d87346a83,https://github.com/bazelbuild/bazel/tree/a6ae3e7a43d32c13081886ffa64b5d14157f4910,https://github.com/bazelbuild/bazel/compare/eea74e902818b5808834061d61a3183d87346a83...a6ae3e7a43d32c13081886ffa64b5d14157f4910
110,Bazel,3ab018d6d8f49eb4eee7cbefee094fb68c3051a3,0eda09d599c9eb83bf3ebb747d9dcb0390453999,1052,https://github.com/bazelbuild/bazel/issues/1052,https://github.com/bazelbuild/bazel/tree/3ab018d6d8f49eb4eee7cbefee094fb68c3051a3,https://github.com/bazelbuild/bazel/tree/0eda09d599c9eb83bf3ebb747d9dcb0390453999,https://github.com/bazelbuild/bazel/compare/3ab018d6d8f49eb4eee7cbefee094fb68c3051a3...0eda09d599c9eb83bf3ebb747d9dcb0390453999
111,Bazel,10993fe27a62d5a4e683a206291c1bd44a492daf,68e5335b1ec05cffcb08cef552d9d0a2c5d41397,1151,https://github.com/bazelbuild/bazel/issues/1151,https://github.com/bazelbuild/bazel/tree/10993fe27a62d5a4e683a206291c1bd44a492daf,https://github.com/bazelbuild/bazel/tree/68e5335b1ec05cffcb08cef552d9d0a2c5d41397,https://github.com/bazelbuild/bazel/compare/10993fe27a62d5a4e683a206291c1bd44a492daf...68e5335b1ec05cffcb08cef552d9d0a2c5d41397
112,Bazel,8f8e67ea935fdcf8b4fd3ffb703e55278ccd71af,edeb753a29ad828d26ff217a799a653bb01df31c,1155,https://github.com/bazelbuild/bazel/issues/1155,https://github.com/bazelbuild/bazel/tree/8f8e67ea935fdcf8b4fd3ffb703e55278ccd71af,https://github.com/bazelbuild/bazel/tree/edeb753a29ad828d26ff217a799a653bb01df31c,https://github.com/bazelbuild/bazel/compare/8f8e67ea935fdcf8b4fd3ffb703e55278ccd71af...edeb753a29ad828d26ff217a799a653bb01df31c
113,Bazel,68e5335b1ec05cffcb08cef552d9d0a2c5d41397,0b26f446f8312d1c43d162fe706467ef458c4db8,1122,https://github.com/bazelbuild/bazel/issues/1122,https://github.com/bazelbuild/bazel/tree/68e5335b1ec05cffcb08cef552d9d0a2c5d41397,https://github.com/bazelbuild/bazel/tree/0b26f446f8312d1c43d162fe706467ef458c4db8,https://github.com/bazelbuild/bazel/compare/68e5335b1ec05cffcb08cef552d9d0a2c5d41397...0b26f446f8312d1c43d162fe706467ef458c4db8
114,Bazel,3307457380978de0d39a42069a73073fa64a39bb,8e2e4b3e8cfd8c4addf9a5a6f8d7c0dd97ab54cc,1156,https://github.com/bazelbuild/bazel/issues/1156,https://github.com/bazelbuild/bazel/tree/3307457380978de0d39a42069a73073fa64a39bb,https://github.com/bazelbuild/bazel/tree/8e2e4b3e8cfd8c4addf9a5a6f8d7c0dd97ab54cc,https://github.com/bazelbuild/bazel/compare/3307457380978de0d39a42069a73073fa64a39bb...8e2e4b3e8cfd8c4addf9a5a6f8d7c0dd97ab54cc
115,Bazel,83fce40e69ef35c90e69a57387b1f95b387ad453,a20352eb1dce3fd8df2527ad7227abf5f1bb7891,760,https://github.com/bazelbuild/bazel/issues/760,https://github.com/bazelbuild/bazel/tree/83fce40e69ef35c90e69a57387b1f95b387ad453,https://github.com/bazelbuild/bazel/tree/a20352eb1dce3fd8df2527ad7227abf5f1bb7891,https://github.com/bazelbuild/bazel/compare/83fce40e69ef35c90e69a57387b1f95b387ad453...a20352eb1dce3fd8df2527ad7227abf5f1bb7891
116,Bazel,4bb63d9e5bd970a62ab1dd3ed45bc3699e63256d,3e4e416c9fafaa7a2c258d2ecf5a75b0369de1d2,1152,https://github.com/bazelbuild/bazel/issues/1152,https://github.com/bazelbuild/bazel/tree/4bb63d9e5bd970a62ab1dd3ed45bc3699e63256d,https://github.com/bazelbuild/bazel/tree/3e4e416c9fafaa7a2c258d2ecf5a75b0369de1d2,https://github.com/bazelbuild/bazel/compare/4bb63d9e5bd970a62ab1dd3ed45bc3699e63256d...3e4e416c9fafaa7a2c258d2ecf5a75b0369de1d2
117,Bazel,01e7914245132a07ceb222eb21d1a015b701782d,0ad9f5e33c845cd5e26ac34b80d3892cce84f710,1159,https://github.com/bazelbuild/bazel/issues/1159,https://github.com/bazelbuild/bazel/tree/01e7914245132a07ceb222eb21d1a015b701782d,https://github.com/bazelbuild/bazel/tree/0ad9f5e33c845cd5e26ac34b80d3892cce84f710,https://github.com/bazelbuild/bazel/compare/01e7914245132a07ceb222eb21d1a015b701782d...0ad9f5e33c845cd5e26ac34b80d3892cce84f710
118,Bazel,b1945fe6ecc62dc245cd77ec5e2d343db2ddd893,382b5881fc0f3e0ec162e78fb31569e8d36c2a8d,1166,https://github.com/bazelbuild/bazel/issues/1166,https://github.com/bazelbuild/bazel/tree/b1945fe6ecc62dc245cd77ec5e2d343db2ddd893,https://github.com/bazelbuild/bazel/tree/382b5881fc0f3e0ec162e78fb31569e8d36c2a8d,https://github.com/bazelbuild/bazel/compare/b1945fe6ecc62dc245cd77ec5e2d343db2ddd893...382b5881fc0f3e0ec162e78fb31569e8d36c2a8d
119,Bazel,8ed31f05e664e925ad628ab47feeaaab30c26283,9e4c78fb5752fa554db82815f7336255831a95ab,1168,https://github.com/bazelbuild/bazel/issues/1168,https://github.com/bazelbuild/bazel/tree/8ed31f05e664e925ad628ab47feeaaab30c26283,https://github.com/bazelbuild/bazel/tree/9e4c78fb5752fa554db82815f7336255831a95ab,https://github.com/bazelbuild/bazel/compare/8ed31f05e664e925ad628ab47feeaaab30c26283...9e4c78fb5752fa554db82815f7336255831a95ab
120,Bazel,2036dbd666a3e6430480bcbe333c77376d35bc63,810d60a7dcd4ea5c2e346d795b904a3231d53609,1177,https://github.com/bazelbuild/bazel/issues/1177,https://github.com/bazelbuild/bazel/tree/2036dbd666a3e6430480bcbe333c77376d35bc63,https://github.com/bazelbuild/bazel/tree/810d60a7dcd4ea5c2e346d795b904a3231d53609,https://github.com/bazelbuild/bazel/compare/2036dbd666a3e6430480bcbe333c77376d35bc63...810d60a7dcd4ea5c2e346d795b904a3231d53609
121,Bazel,ea4c42efd6376834d86fc27d4d640eac884de4ea,2bf6e92354adc8e16210f54c6538e9b9ddd41179,1184,https://github.com/bazelbuild/bazel/issues/1184,https://github.com/bazelbuild/bazel/tree/ea4c42efd6376834d86fc27d4d640eac884de4ea,https://github.com/bazelbuild/bazel/tree/2bf6e92354adc8e16210f54c6538e9b9ddd41179,https://github.com/bazelbuild/bazel/compare/ea4c42efd6376834d86fc27d4d640eac884de4ea...2bf6e92354adc8e16210f54c6538e9b9ddd41179
122,Bazel,83b2123d5671a579cb63eff8aefcc60de8355516,e65d6a524b6ef3c771ba1346f815fc0587cbc7d7,1183,https://github.com/bazelbuild/bazel/issues/1183,https://github.com/bazelbuild/bazel/tree/83b2123d5671a579cb63eff8aefcc60de8355516,https://github.com/bazelbuild/bazel/tree/e65d6a524b6ef3c771ba1346f815fc0587cbc7d7,https://github.com/bazelbuild/bazel/compare/83b2123d5671a579cb63eff8aefcc60de8355516...e65d6a524b6ef3c771ba1346f815fc0587cbc7d7
123,Bazel,00d613a9cf1f30362c560be8a86a16aba38c5c51,28983cdbf24879d98a9483e65fdd2123c0d3729f,1187,https://github.com/bazelbuild/bazel/issues/1187,https://github.com/bazelbuild/bazel/tree/00d613a9cf1f30362c560be8a86a16aba38c5c51,https://github.com/bazelbuild/bazel/tree/28983cdbf24879d98a9483e65fdd2123c0d3729f,https://github.com/bazelbuild/bazel/compare/00d613a9cf1f30362c560be8a86a16aba38c5c51...28983cdbf24879d98a9483e65fdd2123c0d3729f
124,Bazel,33bab46ae38ef0dec7914bb4ca7b733a9feb435c,21e3f7b7abf8fc73323583cc858d0d6f5b7e7d39,611,https://github.com/bazelbuild/bazel/issues/611,https://github.com/bazelbuild/bazel/tree/33bab46ae38ef0dec7914bb4ca7b733a9feb435c,https://github.com/bazelbuild/bazel/tree/21e3f7b7abf8fc73323583cc858d0d6f5b7e7d39,https://github.com/bazelbuild/bazel/compare/33bab46ae38ef0dec7914bb4ca7b733a9feb435c...21e3f7b7abf8fc73323583cc858d0d6f5b7e7d39
125,Bazel,497d824aad88e3052efaba06828ca80cf1ecc5d5,c6da03408969facade49f500fcdaaebf4e3ccfc5,1204,https://github.com/bazelbuild/bazel/issues/1204,https://github.com/bazelbuild/bazel/tree/497d824aad88e3052efaba06828ca80cf1ecc5d5,https://github.com/bazelbuild/bazel/tree/c6da03408969facade49f500fcdaaebf4e3ccfc5,https://github.com/bazelbuild/bazel/compare/497d824aad88e3052efaba06828ca80cf1ecc5d5...c6da03408969facade49f500fcdaaebf4e3ccfc5
126,Bazel,a5004430338bc72817c751b77c914f514b19f10e,cab6e87d8e388a4c5be61dbefc11c13cbdbe65de,1219,https://github.com/bazelbuild/bazel/issues/1219,https://github.com/bazelbuild/bazel/tree/a5004430338bc72817c751b77c914f514b19f10e,https://github.com/bazelbuild/bazel/tree/cab6e87d8e388a4c5be61dbefc11c13cbdbe65de,https://github.com/bazelbuild/bazel/compare/a5004430338bc72817c751b77c914f514b19f10e...cab6e87d8e388a4c5be61dbefc11c13cbdbe65de
127,Bazel,81a1605ac079e0570ba5747346360dafbb3907ea,a7fea8a1467a89adde75e67bc99bf0e040f71fe9,1166,https://github.com/bazelbuild/bazel/issues/1166,https://github.com/bazelbuild/bazel/tree/81a1605ac079e0570ba5747346360dafbb3907ea,https://github.com/bazelbuild/bazel/tree/a7fea8a1467a89adde75e67bc99bf0e040f71fe9,https://github.com/bazelbuild/bazel/compare/81a1605ac079e0570ba5747346360dafbb3907ea...a7fea8a1467a89adde75e67bc99bf0e040f71fe9
128,Bazel,f296e87893a422cc5786982205027cc6ffe222c1,095fb1b05fc5934b426ebae47076a25ceaefe394,1221,https://github.com/bazelbuild/bazel/issues/1221,https://github.com/bazelbuild/bazel/tree/f296e87893a422cc5786982205027cc6ffe222c1,https://github.com/bazelbuild/bazel/tree/095fb1b05fc5934b426ebae47076a25ceaefe394,https://github.com/bazelbuild/bazel/compare/f296e87893a422cc5786982205027cc6ffe222c1...095fb1b05fc5934b426ebae47076a25ceaefe394
129,Bazel,d181a842c01769ec2e140f006e934128684ad73a,b3a86241367a4ff0f00651ae2d89979195ba1ae5,1222,https://github.com/bazelbuild/bazel/issues/1222,https://github.com/bazelbuild/bazel/tree/d181a842c01769ec2e140f006e934128684ad73a,https://github.com/bazelbuild/bazel/tree/b3a86241367a4ff0f00651ae2d89979195ba1ae5,https://github.com/bazelbuild/bazel/compare/d181a842c01769ec2e140f006e934128684ad73a...b3a86241367a4ff0f00651ae2d89979195ba1ae5
130,Bazel,9e199a655344c4b8fbe535d6ff08f58797ecaa59,28cc14b90b1ad90fc39c5dcce81c8cbbaca4beab,1214,https://github.com/bazelbuild/bazel/issues/1214,https://github.com/bazelbuild/bazel/tree/9e199a655344c4b8fbe535d6ff08f58797ecaa59,https://github.com/bazelbuild/bazel/tree/28cc14b90b1ad90fc39c5dcce81c8cbbaca4beab,https://github.com/bazelbuild/bazel/compare/9e199a655344c4b8fbe535d6ff08f58797ecaa59...28cc14b90b1ad90fc39c5dcce81c8cbbaca4beab
131,Bazel,31ad20f6674997738cef5b24eca44b45f968e0e0,c0b2630a8242f2ac2fbbda3da744a722b5b29ffc,1227,https://github.com/bazelbuild/bazel/issues/1227,https://github.com/bazelbuild/bazel/tree/31ad20f6674997738cef5b24eca44b45f968e0e0,https://github.com/bazelbuild/bazel/tree/c0b2630a8242f2ac2fbbda3da744a722b5b29ffc,https://github.com/bazelbuild/bazel/compare/31ad20f6674997738cef5b24eca44b45f968e0e0...c0b2630a8242f2ac2fbbda3da744a722b5b29ffc
132,Bazel,7ef0251b25683d493a877d247eae2ec31c85a5a5,5a2936fd02b213f3edbf62193a0426825931d6dd,806,https://github.com/bazelbuild/bazel/issues/806,https://github.com/bazelbuild/bazel/tree/7ef0251b25683d493a877d247eae2ec31c85a5a5,https://github.com/bazelbuild/bazel/tree/5a2936fd02b213f3edbf62193a0426825931d6dd,https://github.com/bazelbuild/bazel/compare/7ef0251b25683d493a877d247eae2ec31c85a5a5...5a2936fd02b213f3edbf62193a0426825931d6dd
133,Bazel,c8e7424ce63a08282dc0c7e1745abc6a99847792,2236f7d8feec589b1b394542a94238b4f886c5a6,1205,https://github.com/bazelbuild/bazel/issues/1205,https://github.com/bazelbuild/bazel/tree/c8e7424ce63a08282dc0c7e1745abc6a99847792,https://github.com/bazelbuild/bazel/tree/2236f7d8feec589b1b394542a94238b4f886c5a6,https://github.com/bazelbuild/bazel/compare/c8e7424ce63a08282dc0c7e1745abc6a99847792...2236f7d8feec589b1b394542a94238b4f886c5a6
134,Bazel,415d39a2a3b5cfb6207a4d6ee27844493007d2f4,efebc4d1419ecfbab19dba305e8de34c9ced5351,1190,https://github.com/bazelbuild/bazel/issues/1190,https://github.com/bazelbuild/bazel/tree/415d39a2a3b5cfb6207a4d6ee27844493007d2f4,https://github.com/bazelbuild/bazel/tree/efebc4d1419ecfbab19dba305e8de34c9ced5351,https://github.com/bazelbuild/bazel/compare/415d39a2a3b5cfb6207a4d6ee27844493007d2f4...efebc4d1419ecfbab19dba305e8de34c9ced5351
135,Bazel,0d42de6b21135c57e96b3c036a434806e8291acd,4420971b6c2a1c26966e8b18c7e6f3603cd05b58,1226,https://github.com/bazelbuild/bazel/issues/1226,https://github.com/bazelbuild/bazel/tree/0d42de6b21135c57e96b3c036a434806e8291acd,https://github.com/bazelbuild/bazel/tree/4420971b6c2a1c26966e8b18c7e6f3603cd05b58,https://github.com/bazelbuild/bazel/compare/0d42de6b21135c57e96b3c036a434806e8291acd...4420971b6c2a1c26966e8b18c7e6f3603cd05b58
136,Bazel,fdc9a1e3bf10ee256edd142f86965dfc63099168,22b7dc4473b1a293de55199ff7aa2ddce5e28827,1228,https://github.com/bazelbuild/bazel/issues/1228,https://github.com/bazelbuild/bazel/tree/fdc9a1e3bf10ee256edd142f86965dfc63099168,https://github.com/bazelbuild/bazel/tree/22b7dc4473b1a293de55199ff7aa2ddce5e28827,https://github.com/bazelbuild/bazel/compare/fdc9a1e3bf10ee256edd142f86965dfc63099168...22b7dc4473b1a293de55199ff7aa2ddce5e28827
137,Bazel,b29db48104740bdc3bf43cc1e9f3417599fba1e4,b4549fe8dfb29f87fd37b38bf21a5b4bef818b12,1177,https://github.com/bazelbuild/bazel/issues/1177,https://github.com/bazelbuild/bazel/tree/b29db48104740bdc3bf43cc1e9f3417599fba1e4,https://github.com/bazelbuild/bazel/tree/b4549fe8dfb29f87fd37b38bf21a5b4bef818b12,https://github.com/bazelbuild/bazel/compare/b29db48104740bdc3bf43cc1e9f3417599fba1e4...b4549fe8dfb29f87fd37b38bf21a5b4bef818b12
138,Bazel,8a142fef810435ca0f45b410e67c3a6b29919c75,cda4b4eae0c495a8f90f2a70a8db46e34062ee26,1234,https://github.com/bazelbuild/bazel/issues/1234,https://github.com/bazelbuild/bazel/tree/8a142fef810435ca0f45b410e67c3a6b29919c75,https://github.com/bazelbuild/bazel/tree/cda4b4eae0c495a8f90f2a70a8db46e34062ee26,https://github.com/bazelbuild/bazel/compare/8a142fef810435ca0f45b410e67c3a6b29919c75...cda4b4eae0c495a8f90f2a70a8db46e34062ee26
139,Bazel,8cb3f2bd61182ae08c5506802a6a849f4bf83d17,87a58589d6770a6e9a0f998274bfe69f1feb6014,1177,https://github.com/bazelbuild/bazel/issues/1177,https://github.com/bazelbuild/bazel/tree/8cb3f2bd61182ae08c5506802a6a849f4bf83d17,https://github.com/bazelbuild/bazel/tree/87a58589d6770a6e9a0f998274bfe69f1feb6014,https://github.com/bazelbuild/bazel/compare/8cb3f2bd61182ae08c5506802a6a849f4bf83d17...87a58589d6770a6e9a0f998274bfe69f1feb6014
140,Bazel,cda4b4eae0c495a8f90f2a70a8db46e34062ee26,5e6218ea4e83a7fadfe54c35488781da550ce13e,1239,https://github.com/bazelbuild/bazel/issues/1239,https://github.com/bazelbuild/bazel/tree/cda4b4eae0c495a8f90f2a70a8db46e34062ee26,https://github.com/bazelbuild/bazel/tree/5e6218ea4e83a7fadfe54c35488781da550ce13e,https://github.com/bazelbuild/bazel/compare/cda4b4eae0c495a8f90f2a70a8db46e34062ee26...5e6218ea4e83a7fadfe54c35488781da550ce13e
141,Bazel,f4aecbb1a72baf0e7bc728c07dc0724c604b1f9c,3745c90efb509b95a1064294122550d2b9c3bca5,1234,https://github.com/bazelbuild/bazel/issues/1234,https://github.com/bazelbuild/bazel/tree/f4aecbb1a72baf0e7bc728c07dc0724c604b1f9c,https://github.com/bazelbuild/bazel/tree/3745c90efb509b95a1064294122550d2b9c3bca5,https://github.com/bazelbuild/bazel/compare/f4aecbb1a72baf0e7bc728c07dc0724c604b1f9c...3745c90efb509b95a1064294122550d2b9c3bca5
142,Bazel,66ce9030d2d2a100593b90b1d0e2188001db2d3e,4caa04f007f77f367c857e365ca8c3d6621c4940,1251,https://github.com/bazelbuild/bazel/issues/1251,https://github.com/bazelbuild/bazel/tree/66ce9030d2d2a100593b90b1d0e2188001db2d3e,https://github.com/bazelbuild/bazel/tree/4caa04f007f77f367c857e365ca8c3d6621c4940,https://github.com/bazelbuild/bazel/compare/66ce9030d2d2a100593b90b1d0e2188001db2d3e...4caa04f007f77f367c857e365ca8c3d6621c4940
143,Bazel,3f6975140b1ddea4eb6b1ce0eae2b018a8c59e48,0e27fded9d74e86d7fee412995d75601ed3d4380,1244,https://github.com/bazelbuild/bazel/issues/1244,https://github.com/bazelbuild/bazel/tree/3f6975140b1ddea4eb6b1ce0eae2b018a8c59e48,https://github.com/bazelbuild/bazel/tree/0e27fded9d74e86d7fee412995d75601ed3d4380,https://github.com/bazelbuild/bazel/compare/3f6975140b1ddea4eb6b1ce0eae2b018a8c59e48...0e27fded9d74e86d7fee412995d75601ed3d4380
144,Bazel,5e6218ea4e83a7fadfe54c35488781da550ce13e,6dab815eaf86fcaa451d21d194d6897bf825f246,1239,https://github.com/bazelbuild/bazel/issues/1239,https://github.com/bazelbuild/bazel/tree/5e6218ea4e83a7fadfe54c35488781da550ce13e,https://github.com/bazelbuild/bazel/tree/6dab815eaf86fcaa451d21d194d6897bf825f246,https://github.com/bazelbuild/bazel/compare/5e6218ea4e83a7fadfe54c35488781da550ce13e...6dab815eaf86fcaa451d21d194d6897bf825f246
145,Bazel,a1a79cb0a1880e825618c6440219680f27faa0b7,a9ea85c5faecbff93b931affae4e43d4fd4e1963,1267,https://github.com/bazelbuild/bazel/issues/1267,https://github.com/bazelbuild/bazel/tree/a1a79cb0a1880e825618c6440219680f27faa0b7,https://github.com/bazelbuild/bazel/tree/a9ea85c5faecbff93b931affae4e43d4fd4e1963,https://github.com/bazelbuild/bazel/compare/a1a79cb0a1880e825618c6440219680f27faa0b7...a9ea85c5faecbff93b931affae4e43d4fd4e1963
146,Bazel,118ef0312b605d51461e4bf0a37a28366bb041d9,4867ef74c00e78a441295d7bd5e970c99f1607b3,1228,https://github.com/bazelbuild/bazel/issues/1228,https://github.com/bazelbuild/bazel/tree/118ef0312b605d51461e4bf0a37a28366bb041d9,https://github.com/bazelbuild/bazel/tree/4867ef74c00e78a441295d7bd5e970c99f1607b3,https://github.com/bazelbuild/bazel/compare/118ef0312b605d51461e4bf0a37a28366bb041d9...4867ef74c00e78a441295d7bd5e970c99f1607b3
147,Bazel,438ff1677d3f7e5ebe89bf6281c86cd215466eef,7942bdc68896116ecdef6180a771095f7fe66a5e,630,https://github.com/bazelbuild/bazel/issues/630,https://github.com/bazelbuild/bazel/tree/438ff1677d3f7e5ebe89bf6281c86cd215466eef,https://github.com/bazelbuild/bazel/tree/7942bdc68896116ecdef6180a771095f7fe66a5e,https://github.com/bazelbuild/bazel/compare/438ff1677d3f7e5ebe89bf6281c86cd215466eef...7942bdc68896116ecdef6180a771095f7fe66a5e
148,Bazel,2d2d123fa3bb75f91feb21331c367db92447222d,dae2f564ed98444768a57500887f7ed3f2dc1072,1271,https://github.com/bazelbuild/bazel/issues/1271,https://github.com/bazelbuild/bazel/tree/2d2d123fa3bb75f91feb21331c367db92447222d,https://github.com/bazelbuild/bazel/tree/dae2f564ed98444768a57500887f7ed3f2dc1072,https://github.com/bazelbuild/bazel/compare/2d2d123fa3bb75f91feb21331c367db92447222d...dae2f564ed98444768a57500887f7ed3f2dc1072
149,Bazel,af27046f8c74d8fb43c8db91428d0da2e1607a06,b791501ed1df8ff431ab947e87b1a850a840b466,837,https://github.com/bazelbuild/bazel/issues/837,https://github.com/bazelbuild/bazel/tree/af27046f8c74d8fb43c8db91428d0da2e1607a06,https://github.com/bazelbuild/bazel/tree/b791501ed1df8ff431ab947e87b1a850a840b466,https://github.com/bazelbuild/bazel/compare/af27046f8c74d8fb43c8db91428d0da2e1607a06...b791501ed1df8ff431ab947e87b1a850a840b466
150,Bazel,7841a6ab100fc35a67600f1ce1a70d293c51350e,65a73df42d5b093ab69898fef850c304545d8d58,1290,https://github.com/bazelbuild/bazel/issues/1290,https://github.com/bazelbuild/bazel/tree/7841a6ab100fc35a67600f1ce1a70d293c51350e,https://github.com/bazelbuild/bazel/tree/65a73df42d5b093ab69898fef850c304545d8d58,https://github.com/bazelbuild/bazel/compare/7841a6ab100fc35a67600f1ce1a70d293c51350e...65a73df42d5b093ab69898fef850c304545d8d58
151,Bazel,cc048cd480cab7e2d080a79264bc72afdeed3f39,d5512bf8cfbf7a13bcedec691f5cc5d5b6d0a7c5,1166,https://github.com/bazelbuild/bazel/issues/1166,https://github.com/bazelbuild/bazel/tree/cc048cd480cab7e2d080a79264bc72afdeed3f39,https://github.com/bazelbuild/bazel/tree/d5512bf8cfbf7a13bcedec691f5cc5d5b6d0a7c5,https://github.com/bazelbuild/bazel/compare/cc048cd480cab7e2d080a79264bc72afdeed3f39...d5512bf8cfbf7a13bcedec691f5cc5d5b6d0a7c5
152,Bazel,5ec6a258d41ef7c2174eb0e0c83ed0fbb7376286,3caacf17fadfe6ce491565e0113c7d8bb13b07e5,1253,https://github.com/bazelbuild/bazel/issues/1253,https://github.com/bazelbuild/bazel/tree/5ec6a258d41ef7c2174eb0e0c83ed0fbb7376286,https://github.com/bazelbuild/bazel/tree/3caacf17fadfe6ce491565e0113c7d8bb13b07e5,https://github.com/bazelbuild/bazel/compare/5ec6a258d41ef7c2174eb0e0c83ed0fbb7376286...3caacf17fadfe6ce491565e0113c7d8bb13b07e5
153,Bazel,1d19f3dc578d44efdefee5edf5d801a7f1524ee3,0c19d6223d73f23558a279d91db49fe09e6f36b4,1249,https://github.com/bazelbuild/bazel/issues/1249,https://github.com/bazelbuild/bazel/tree/1d19f3dc578d44efdefee5edf5d801a7f1524ee3,https://github.com/bazelbuild/bazel/tree/0c19d6223d73f23558a279d91db49fe09e6f36b4,https://github.com/bazelbuild/bazel/compare/1d19f3dc578d44efdefee5edf5d801a7f1524ee3...0c19d6223d73f23558a279d91db49fe09e6f36b4
154,Bazel,1d19f3dc578d44efdefee5edf5d801a7f1524ee3,0c19d6223d73f23558a279d91db49fe09e6f36b4,1254,https://github.com/bazelbuild/bazel/issues/1254,https://github.com/bazelbuild/bazel/tree/1d19f3dc578d44efdefee5edf5d801a7f1524ee3,https://github.com/bazelbuild/bazel/tree/0c19d6223d73f23558a279d91db49fe09e6f36b4,https://github.com/bazelbuild/bazel/compare/1d19f3dc578d44efdefee5edf5d801a7f1524ee3...0c19d6223d73f23558a279d91db49fe09e6f36b4
155,Bazel,9fdd601af4947f9077aeadd6f16570a42b6cfde7,74f24c1cee9e0522b3a0fdcfe40e47191f3c3973,1263,https://github.com/bazelbuild/bazel/issues/1263,https://github.com/bazelbuild/bazel/tree/9fdd601af4947f9077aeadd6f16570a42b6cfde7,https://github.com/bazelbuild/bazel/tree/74f24c1cee9e0522b3a0fdcfe40e47191f3c3973,https://github.com/bazelbuild/bazel/compare/9fdd601af4947f9077aeadd6f16570a42b6cfde7...74f24c1cee9e0522b3a0fdcfe40e47191f3c3973
156,Bazel,90d30e575bea52c4e5eb8db9c9b7e67c6673315d,c1b417549cf4ba719662f7562e99e807c606eae7,1271,https://github.com/bazelbuild/bazel/issues/1271,https://github.com/bazelbuild/bazel/tree/90d30e575bea52c4e5eb8db9c9b7e67c6673315d,https://github.com/bazelbuild/bazel/tree/c1b417549cf4ba719662f7562e99e807c606eae7,https://github.com/bazelbuild/bazel/compare/90d30e575bea52c4e5eb8db9c9b7e67c6673315d...c1b417549cf4ba719662f7562e99e807c606eae7
157,Bazel,d654c550a385a94da0388d77a9482e802ceb4aba,34d4e6f1bbe80e8b0d42caddc22b5b941a3efeb1,1300,https://github.com/bazelbuild/bazel/issues/1300,https://github.com/bazelbuild/bazel/tree/d654c550a385a94da0388d77a9482e802ceb4aba,https://github.com/bazelbuild/bazel/tree/34d4e6f1bbe80e8b0d42caddc22b5b941a3efeb1,https://github.com/bazelbuild/bazel/compare/d654c550a385a94da0388d77a9482e802ceb4aba...34d4e6f1bbe80e8b0d42caddc22b5b941a3efeb1
158,Bazel,a2aae350196325097634b9d595aa1a24ee47c3b9,d186b17b9fa50f9be18ccb2a6a12983e28b958d7,1303,https://github.com/bazelbuild/bazel/issues/1303,https://github.com/bazelbuild/bazel/tree/a2aae350196325097634b9d595aa1a24ee47c3b9,https://github.com/bazelbuild/bazel/tree/d186b17b9fa50f9be18ccb2a6a12983e28b958d7,https://github.com/bazelbuild/bazel/compare/a2aae350196325097634b9d595aa1a24ee47c3b9...d186b17b9fa50f9be18ccb2a6a12983e28b958d7
159,Bazel,7ac7a156ef0f88ebaa2facab6e99c7adad9fc61d,32ad74234fcb9f4b628d844297576c5e2290783a,1298,https://github.com/bazelbuild/bazel/issues/1298,https://github.com/bazelbuild/bazel/tree/7ac7a156ef0f88ebaa2facab6e99c7adad9fc61d,https://github.com/bazelbuild/bazel/tree/32ad74234fcb9f4b628d844297576c5e2290783a,https://github.com/bazelbuild/bazel/compare/7ac7a156ef0f88ebaa2facab6e99c7adad9fc61d...32ad74234fcb9f4b628d844297576c5e2290783a
160,Bazel,f6c9735ff5112c3d2b17a86c70bbadd34f344001,aaf87a654b76eb6f44ceb1bb1bdd7e6d869f6690,1281,https://github.com/bazelbuild/bazel/issues/1281,https://github.com/bazelbuild/bazel/tree/f6c9735ff5112c3d2b17a86c70bbadd34f344001,https://github.com/bazelbuild/bazel/tree/aaf87a654b76eb6f44ceb1bb1bdd7e6d869f6690,https://github.com/bazelbuild/bazel/compare/f6c9735ff5112c3d2b17a86c70bbadd34f344001...aaf87a654b76eb6f44ceb1bb1bdd7e6d869f6690
161,Bazel,d91d047da35511487c4fcce6f5e438ba779a668b,5a77623179445f22a3d6daf92669ddcfe0fd4c68,1297,https://github.com/bazelbuild/bazel/issues/1297,https://github.com/bazelbuild/bazel/tree/d91d047da35511487c4fcce6f5e438ba779a668b,https://github.com/bazelbuild/bazel/tree/5a77623179445f22a3d6daf92669ddcfe0fd4c68,https://github.com/bazelbuild/bazel/compare/d91d047da35511487c4fcce6f5e438ba779a668b...5a77623179445f22a3d6daf92669ddcfe0fd4c68
162,Bazel,a8efe484a666a36cb545114c272e4e07cc3b3b5a,dc54452bafbb50029ba11678ade3ad85ad028817,1316,https://github.com/bazelbuild/bazel/issues/1316,https://github.com/bazelbuild/bazel/tree/a8efe484a666a36cb545114c272e4e07cc3b3b5a,https://github.com/bazelbuild/bazel/tree/dc54452bafbb50029ba11678ade3ad85ad028817,https://github.com/bazelbuild/bazel/compare/a8efe484a666a36cb545114c272e4e07cc3b3b5a...dc54452bafbb50029ba11678ade3ad85ad028817
163,Bazel,fd0307a2cc7019b360f77033a7f7465e103a61af,074b957d4c818236dab089429c6bc041509f58d4,1277,https://github.com/bazelbuild/bazel/issues/1277,https://github.com/bazelbuild/bazel/tree/fd0307a2cc7019b360f77033a7f7465e103a61af,https://github.com/bazelbuild/bazel/tree/074b957d4c818236dab089429c6bc041509f58d4,https://github.com/bazelbuild/bazel/compare/fd0307a2cc7019b360f77033a7f7465e103a61af...074b957d4c818236dab089429c6bc041509f58d4
164,Bazel,ba323b9af3a1c6759afb9623c69a40aea001abf3,80af2cbb6dbf0e71cf6161121ce5384a5384454b,1321,https://github.com/bazelbuild/bazel/issues/1321,https://github.com/bazelbuild/bazel/tree/ba323b9af3a1c6759afb9623c69a40aea001abf3,https://github.com/bazelbuild/bazel/tree/80af2cbb6dbf0e71cf6161121ce5384a5384454b,https://github.com/bazelbuild/bazel/compare/ba323b9af3a1c6759afb9623c69a40aea001abf3...80af2cbb6dbf0e71cf6161121ce5384a5384454b
165,Bazel,c4052e2835e7a78b58ab6ca8c838141e31e9a6f9,9aafb15589fc0267f4705effa10c251c64cf398b,1316,https://github.com/bazelbuild/bazel/issues/1316,https://github.com/bazelbuild/bazel/tree/c4052e2835e7a78b58ab6ca8c838141e31e9a6f9,https://github.com/bazelbuild/bazel/tree/9aafb15589fc0267f4705effa10c251c64cf398b,https://github.com/bazelbuild/bazel/compare/c4052e2835e7a78b58ab6ca8c838141e31e9a6f9...9aafb15589fc0267f4705effa10c251c64cf398b
166,Bazel,f223689843a37268d0dd338aa10c94d0626d6e23,aeac12c8ccf1571fd8775e1ebf0057099b4aafb8,1315,https://github.com/bazelbuild/bazel/issues/1315,https://github.com/bazelbuild/bazel/tree/f223689843a37268d0dd338aa10c94d0626d6e23,https://github.com/bazelbuild/bazel/tree/aeac12c8ccf1571fd8775e1ebf0057099b4aafb8,https://github.com/bazelbuild/bazel/compare/f223689843a37268d0dd338aa10c94d0626d6e23...aeac12c8ccf1571fd8775e1ebf0057099b4aafb8
167,Bazel,3ae59125807c2ba1a4a238703b0fc9780f96c32e,25a98e16731a2a0cbb59449a6e7d395bd204d04c,1130,https://github.com/bazelbuild/bazel/issues/1130,https://github.com/bazelbuild/bazel/tree/3ae59125807c2ba1a4a238703b0fc9780f96c32e,https://github.com/bazelbuild/bazel/tree/25a98e16731a2a0cbb59449a6e7d395bd204d04c,https://github.com/bazelbuild/bazel/compare/3ae59125807c2ba1a4a238703b0fc9780f96c32e...25a98e16731a2a0cbb59449a6e7d395bd204d04c
168,Bazel,8240b748391d85d68b5ddc502d30f3a2391ba343,4f72b2c7afb8d27971ca41142e6c15f4a22ddf16,835,https://github.com/bazelbuild/bazel/issues/835,https://github.com/bazelbuild/bazel/tree/8240b748391d85d68b5ddc502d30f3a2391ba343,https://github.com/bazelbuild/bazel/tree/4f72b2c7afb8d27971ca41142e6c15f4a22ddf16,https://github.com/bazelbuild/bazel/compare/8240b748391d85d68b5ddc502d30f3a2391ba343...4f72b2c7afb8d27971ca41142e6c15f4a22ddf16
169,Bazel,8240b748391d85d68b5ddc502d30f3a2391ba343,4f72b2c7afb8d27971ca41142e6c15f4a22ddf16,1210,https://github.com/bazelbuild/bazel/issues/1210,https://github.com/bazelbuild/bazel/tree/8240b748391d85d68b5ddc502d30f3a2391ba343,https://github.com/bazelbuild/bazel/tree/4f72b2c7afb8d27971ca41142e6c15f4a22ddf16,https://github.com/bazelbuild/bazel/compare/8240b748391d85d68b5ddc502d30f3a2391ba343...4f72b2c7afb8d27971ca41142e6c15f4a22ddf16
170,Bazel,aeac12c8ccf1571fd8775e1ebf0057099b4aafb8,a8efe484a666a36cb545114c272e4e07cc3b3b5a,1204,https://github.com/bazelbuild/bazel/issues/1204,https://github.com/bazelbuild/bazel/tree/aeac12c8ccf1571fd8775e1ebf0057099b4aafb8,https://github.com/bazelbuild/bazel/tree/a8efe484a666a36cb545114c272e4e07cc3b3b5a,https://github.com/bazelbuild/bazel/compare/aeac12c8ccf1571fd8775e1ebf0057099b4aafb8...a8efe484a666a36cb545114c272e4e07cc3b3b5a
171,Bazel,08820c76246b249d52dc35af941ea52c2ffb1320,6e3e48ee51e8174f89da853d3618baa87d7ae812,1113,https://github.com/bazelbuild/bazel/issues/1113,https://github.com/bazelbuild/bazel/tree/08820c76246b249d52dc35af941ea52c2ffb1320,https://github.com/bazelbuild/bazel/tree/6e3e48ee51e8174f89da853d3618baa87d7ae812,https://github.com/bazelbuild/bazel/compare/08820c76246b249d52dc35af941ea52c2ffb1320...6e3e48ee51e8174f89da853d3618baa87d7ae812
172,Bazel,0005bbcba9b3564d9e4490725973a68674aa9455,a93555c45d7bd091c62e8e3046db6b678ae0affa,1384,https://github.com/bazelbuild/bazel/issues/1384,https://github.com/bazelbuild/bazel/tree/0005bbcba9b3564d9e4490725973a68674aa9455,https://github.com/bazelbuild/bazel/tree/a93555c45d7bd091c62e8e3046db6b678ae0affa,https://github.com/bazelbuild/bazel/compare/0005bbcba9b3564d9e4490725973a68674aa9455...a93555c45d7bd091c62e8e3046db6b678ae0affa
173,Bazel,9b1fb68ea8882aaaacac1d9ee854f50f85eeefa5,91a7a34fb46fa04165ac90ca095d1272f2a39327,977,https://github.com/bazelbuild/bazel/issues/977,https://github.com/bazelbuild/bazel/tree/9b1fb68ea8882aaaacac1d9ee854f50f85eeefa5,https://github.com/bazelbuild/bazel/tree/91a7a34fb46fa04165ac90ca095d1272f2a39327,https://github.com/bazelbuild/bazel/compare/9b1fb68ea8882aaaacac1d9ee854f50f85eeefa5...91a7a34fb46fa04165ac90ca095d1272f2a39327
174,Bazel,ff1332d336cd4d54a0ba848f3a75d0532da3e36d,d9ecddbc3d6de3e9ea21386bca3f932ac90780fa,1203,https://github.com/bazelbuild/bazel/issues/1203,https://github.com/bazelbuild/bazel/tree/ff1332d336cd4d54a0ba848f3a75d0532da3e36d,https://github.com/bazelbuild/bazel/tree/d9ecddbc3d6de3e9ea21386bca3f932ac90780fa,https://github.com/bazelbuild/bazel/compare/ff1332d336cd4d54a0ba848f3a75d0532da3e36d...d9ecddbc3d6de3e9ea21386bca3f932ac90780fa
175,Bazel,fdd673ddaf5fdd1d0c1495860e465e8e380aee16,3819f3b51f1d963afa6805bfb92b55c072c20690,1314,https://github.com/bazelbuild/bazel/issues/1314,https://github.com/bazelbuild/bazel/tree/fdd673ddaf5fdd1d0c1495860e465e8e380aee16,https://github.com/bazelbuild/bazel/tree/3819f3b51f1d963afa6805bfb92b55c072c20690,https://github.com/bazelbuild/bazel/compare/fdd673ddaf5fdd1d0c1495860e465e8e380aee16...3819f3b51f1d963afa6805bfb92b55c072c20690
176,Bazel,3490ba02e82babeca78a23a15de54b3283ed17cc,c9bc051f32b0d153110863e983749420200d000c,1152,https://github.com/bazelbuild/bazel/issues/1152,https://github.com/bazelbuild/bazel/tree/3490ba02e82babeca78a23a15de54b3283ed17cc,https://github.com/bazelbuild/bazel/tree/c9bc051f32b0d153110863e983749420200d000c,https://github.com/bazelbuild/bazel/compare/3490ba02e82babeca78a23a15de54b3283ed17cc...c9bc051f32b0d153110863e983749420200d000c
177,Bazel,0861282d10265201ac3c307668ac553e597d14a8,f3dc0df65c7832b05df5e642af21401b52afbc9a,1306,https://github.com/bazelbuild/bazel/issues/1306,https://github.com/bazelbuild/bazel/tree/0861282d10265201ac3c307668ac553e597d14a8,https://github.com/bazelbuild/bazel/tree/f3dc0df65c7832b05df5e642af21401b52afbc9a,https://github.com/bazelbuild/bazel/compare/0861282d10265201ac3c307668ac553e597d14a8...f3dc0df65c7832b05df5e642af21401b52afbc9a
178,Bazel,822ef5e03c7a8dc75bf17edd67b94ffdad51f43f,5028e035a12b602b00f7f5b079d64eb54881fd1d,1283,https://github.com/bazelbuild/bazel/issues/1283,https://github.com/bazelbuild/bazel/tree/822ef5e03c7a8dc75bf17edd67b94ffdad51f43f,https://github.com/bazelbuild/bazel/tree/5028e035a12b602b00f7f5b079d64eb54881fd1d,https://github.com/bazelbuild/bazel/compare/822ef5e03c7a8dc75bf17edd67b94ffdad51f43f...5028e035a12b602b00f7f5b079d64eb54881fd1d
179,Bazel,25a98e16731a2a0cbb59449a6e7d395bd204d04c,b0119d72475b50fa874b77b3e0a2e33ebe79372a,1172,https://github.com/bazelbuild/bazel/issues/1172,https://github.com/bazelbuild/bazel/tree/25a98e16731a2a0cbb59449a6e7d395bd204d04c,https://github.com/bazelbuild/bazel/tree/b0119d72475b50fa874b77b3e0a2e33ebe79372a,https://github.com/bazelbuild/bazel/compare/25a98e16731a2a0cbb59449a6e7d395bd204d04c...b0119d72475b50fa874b77b3e0a2e33ebe79372a
180,Bazel,1b6852ca0b207cf074c8335ce372cd3b2e3d3741,aeee3b8e4cccc95fa7932fe45abbc6279bfb72d0,1347,https://github.com/bazelbuild/bazel/issues/1347,https://github.com/bazelbuild/bazel/tree/1b6852ca0b207cf074c8335ce372cd3b2e3d3741,https://github.com/bazelbuild/bazel/tree/aeee3b8e4cccc95fa7932fe45abbc6279bfb72d0,https://github.com/bazelbuild/bazel/compare/1b6852ca0b207cf074c8335ce372cd3b2e3d3741...aeee3b8e4cccc95fa7932fe45abbc6279bfb72d0
181,Bazel,cc0180041dd1ef801b35ba28c1d34f19ffe22c95,f47fd83ad044bb786883662380e4cf1f53c3cc63,1466,https://github.com/bazelbuild/bazel/issues/1466,https://github.com/bazelbuild/bazel/tree/cc0180041dd1ef801b35ba28c1d34f19ffe22c95,https://github.com/bazelbuild/bazel/tree/f47fd83ad044bb786883662380e4cf1f53c3cc63,https://github.com/bazelbuild/bazel/compare/cc0180041dd1ef801b35ba28c1d34f19ffe22c95...f47fd83ad044bb786883662380e4cf1f53c3cc63
182,Bazel,ca407f0e80a67ad2c1aa3469fad3c031f3c0c979,3dff9a34d3931b23be4376e8f455cacea40db7ff,1456,https://github.com/bazelbuild/bazel/issues/1456,https://github.com/bazelbuild/bazel/tree/ca407f0e80a67ad2c1aa3469fad3c031f3c0c979,https://github.com/bazelbuild/bazel/tree/3dff9a34d3931b23be4376e8f455cacea40db7ff,https://github.com/bazelbuild/bazel/compare/ca407f0e80a67ad2c1aa3469fad3c031f3c0c979...3dff9a34d3931b23be4376e8f455cacea40db7ff
183,Bazel,c03c9a0e497099a733f7b9236b58e684e35ff3dc,c9cff95306d136a5b1b13c87d9500005e3ac4901,1461,https://github.com/bazelbuild/bazel/issues/1461,https://github.com/bazelbuild/bazel/tree/c03c9a0e497099a733f7b9236b58e684e35ff3dc,https://github.com/bazelbuild/bazel/tree/c9cff95306d136a5b1b13c87d9500005e3ac4901,https://github.com/bazelbuild/bazel/compare/c03c9a0e497099a733f7b9236b58e684e35ff3dc...c9cff95306d136a5b1b13c87d9500005e3ac4901
184,Bazel,99843a88ab52f5b82e3fd934cefb7bbae58c1f04,10b9004a6da45cf2018abada7e79af0d354f34f4,1448,https://github.com/bazelbuild/bazel/issues/1448,https://github.com/bazelbuild/bazel/tree/99843a88ab52f5b82e3fd934cefb7bbae58c1f04,https://github.com/bazelbuild/bazel/tree/10b9004a6da45cf2018abada7e79af0d354f34f4,https://github.com/bazelbuild/bazel/compare/99843a88ab52f5b82e3fd934cefb7bbae58c1f04...10b9004a6da45cf2018abada7e79af0d354f34f4
185,Bazel,b2d7d26e9bbc40a40ad5f30a0e0bb800c2843028,a83ac07b6f367bbc6b271c79d748f69a712a3138,1526,https://github.com/bazelbuild/bazel/issues/1526,https://github.com/bazelbuild/bazel/tree/b2d7d26e9bbc40a40ad5f30a0e0bb800c2843028,https://github.com/bazelbuild/bazel/tree/a83ac07b6f367bbc6b271c79d748f69a712a3138,https://github.com/bazelbuild/bazel/compare/b2d7d26e9bbc40a40ad5f30a0e0bb800c2843028...a83ac07b6f367bbc6b271c79d748f69a712a3138
186,Bazel,d0d266732afc4f6ac589df31cf45c1f4cc8e300d,fdb5a8c06985d78c55981a981a72bd4f0766ddb8,1456,https://github.com/bazelbuild/bazel/issues/1456,https://github.com/bazelbuild/bazel/tree/d0d266732afc4f6ac589df31cf45c1f4cc8e300d,https://github.com/bazelbuild/bazel/tree/fdb5a8c06985d78c55981a981a72bd4f0766ddb8,https://github.com/bazelbuild/bazel/compare/d0d266732afc4f6ac589df31cf45c1f4cc8e300d...fdb5a8c06985d78c55981a981a72bd4f0766ddb8
187,Bazel,01f85c025aaf4b6c0f138f00515227a092dd05c2,02f2348c72f07fc4df4fbc83a86725c0e5eb9146,1436,https://github.com/bazelbuild/bazel/issues/1436,https://github.com/bazelbuild/bazel/tree/01f85c025aaf4b6c0f138f00515227a092dd05c2,https://github.com/bazelbuild/bazel/tree/02f2348c72f07fc4df4fbc83a86725c0e5eb9146,https://github.com/bazelbuild/bazel/compare/01f85c025aaf4b6c0f138f00515227a092dd05c2...02f2348c72f07fc4df4fbc83a86725c0e5eb9146
188,Bazel,b47f344508faa2d2ba8dc93a58546c0ebe9d6584,2479405822a955d009ad5f4e170391a75f5e33c5,1537,https://github.com/bazelbuild/bazel/issues/1537,https://github.com/bazelbuild/bazel/tree/b47f344508faa2d2ba8dc93a58546c0ebe9d6584,https://github.com/bazelbuild/bazel/tree/2479405822a955d009ad5f4e170391a75f5e33c5,https://github.com/bazelbuild/bazel/compare/b47f344508faa2d2ba8dc93a58546c0ebe9d6584...2479405822a955d009ad5f4e170391a75f5e33c5
189,Bazel,a66060c1a883dbcbec706d4b4668c82344c19181,33de4c473435586d6df9fbd86144a89c26477827,1554,https://github.com/bazelbuild/bazel/issues/1554,https://github.com/bazelbuild/bazel/tree/a66060c1a883dbcbec706d4b4668c82344c19181,https://github.com/bazelbuild/bazel/tree/33de4c473435586d6df9fbd86144a89c26477827,https://github.com/bazelbuild/bazel/compare/a66060c1a883dbcbec706d4b4668c82344c19181...33de4c473435586d6df9fbd86144a89c26477827
190,Bazel,0012c3524f672bce22d4bf06e49187f6bdaca4a4,d5a301daedccb45a372ff96a2b1fc9128a8229ab,1557,https://github.com/bazelbuild/bazel/issues/1557,https://github.com/bazelbuild/bazel/tree/0012c3524f672bce22d4bf06e49187f6bdaca4a4,https://github.com/bazelbuild/bazel/tree/d5a301daedccb45a372ff96a2b1fc9128a8229ab,https://github.com/bazelbuild/bazel/compare/0012c3524f672bce22d4bf06e49187f6bdaca4a4...d5a301daedccb45a372ff96a2b1fc9128a8229ab
191,Bazel,d5a301daedccb45a372ff96a2b1fc9128a8229ab,fd8d16f77456da477b1a888c647bb7fad76c3944,1559,https://github.com/bazelbuild/bazel/issues/1559,https://github.com/bazelbuild/bazel/tree/d5a301daedccb45a372ff96a2b1fc9128a8229ab,https://github.com/bazelbuild/bazel/tree/fd8d16f77456da477b1a888c647bb7fad76c3944,https://github.com/bazelbuild/bazel/compare/d5a301daedccb45a372ff96a2b1fc9128a8229ab...fd8d16f77456da477b1a888c647bb7fad76c3944
192,Bazel,5da0072d2855a1955c76f813ddd3852672cfddfb,3862e521eed9c58e0bbb22c163d86c0d5e373b00,1561,https://github.com/bazelbuild/bazel/issues/1561,https://github.com/bazelbuild/bazel/tree/5da0072d2855a1955c76f813ddd3852672cfddfb,https://github.com/bazelbuild/bazel/tree/3862e521eed9c58e0bbb22c163d86c0d5e373b00,https://github.com/bazelbuild/bazel/compare/5da0072d2855a1955c76f813ddd3852672cfddfb...3862e521eed9c58e0bbb22c163d86c0d5e373b00
193,Bazel,3862e521eed9c58e0bbb22c163d86c0d5e373b00,7326e15c113ecb9d43e7e091a1c427ea39e13914,1562,https://github.com/bazelbuild/bazel/issues/1562,https://github.com/bazelbuild/bazel/tree/3862e521eed9c58e0bbb22c163d86c0d5e373b00,https://github.com/bazelbuild/bazel/tree/7326e15c113ecb9d43e7e091a1c427ea39e13914,https://github.com/bazelbuild/bazel/compare/3862e521eed9c58e0bbb22c163d86c0d5e373b00...7326e15c113ecb9d43e7e091a1c427ea39e13914
194,Bazel,3862e521eed9c58e0bbb22c163d86c0d5e373b00,7326e15c113ecb9d43e7e091a1c427ea39e13914,1558,https://github.com/bazelbuild/bazel/issues/1558,https://github.com/bazelbuild/bazel/tree/3862e521eed9c58e0bbb22c163d86c0d5e373b00,https://github.com/bazelbuild/bazel/tree/7326e15c113ecb9d43e7e091a1c427ea39e13914,https://github.com/bazelbuild/bazel/compare/3862e521eed9c58e0bbb22c163d86c0d5e373b00...7326e15c113ecb9d43e7e091a1c427ea39e13914
195,Bazel,3bed4af4f27bbd22b5531454095f0eda30bfac9f,9520447f0b743e70f81489b87235c0b77ba51366,1538,https://github.com/bazelbuild/bazel/issues/1538,https://github.com/bazelbuild/bazel/tree/3bed4af4f27bbd22b5531454095f0eda30bfac9f,https://github.com/bazelbuild/bazel/tree/9520447f0b743e70f81489b87235c0b77ba51366,https://github.com/bazelbuild/bazel/compare/3bed4af4f27bbd22b5531454095f0eda30bfac9f...9520447f0b743e70f81489b87235c0b77ba51366
196,Bazel,c9cff95306d136a5b1b13c87d9500005e3ac4901,75e387be664d808cd4eae7c9223eeb6789525d79,1480,https://github.com/bazelbuild/bazel/issues/1480,https://github.com/bazelbuild/bazel/tree/c9cff95306d136a5b1b13c87d9500005e3ac4901,https://github.com/bazelbuild/bazel/tree/75e387be664d808cd4eae7c9223eeb6789525d79,https://github.com/bazelbuild/bazel/compare/c9cff95306d136a5b1b13c87d9500005e3ac4901...75e387be664d808cd4eae7c9223eeb6789525d79
197,Bazel,c4e132c6b27cc5d77e56f642b18bbb300f0f7659,047b0e6a2c69436544bf849dddd62792aee1b948,1577,https://github.com/bazelbuild/bazel/issues/1577,https://github.com/bazelbuild/bazel/tree/c4e132c6b27cc5d77e56f642b18bbb300f0f7659,https://github.com/bazelbuild/bazel/tree/047b0e6a2c69436544bf849dddd62792aee1b948,https://github.com/bazelbuild/bazel/compare/c4e132c6b27cc5d77e56f642b18bbb300f0f7659...047b0e6a2c69436544bf849dddd62792aee1b948
198,Bazel,e7cd933c441aa09810e365c0005f622cd317911a,1b7abbf17405e7168272ab91fef13550cdbef5cc,1570,https://github.com/bazelbuild/bazel/issues/1570,https://github.com/bazelbuild/bazel/tree/e7cd933c441aa09810e365c0005f622cd317911a,https://github.com/bazelbuild/bazel/tree/1b7abbf17405e7168272ab91fef13550cdbef5cc,https://github.com/bazelbuild/bazel/compare/e7cd933c441aa09810e365c0005f622cd317911a...1b7abbf17405e7168272ab91fef13550cdbef5cc
199,Bazel,7c38828e8cbca27e884db87bf80eda699f8527e4,0e5b8b76595380fd3fa9e91e8f476917eecdb59b,1579,https://github.com/bazelbuild/bazel/issues/1579,https://github.com/bazelbuild/bazel/tree/7c38828e8cbca27e884db87bf80eda699f8527e4,https://github.com/bazelbuild/bazel/tree/0e5b8b76595380fd3fa9e91e8f476917eecdb59b,https://github.com/bazelbuild/bazel/compare/7c38828e8cbca27e884db87bf80eda699f8527e4...0e5b8b76595380fd3fa9e91e8f476917eecdb59b
200,Bazel,047b0e6a2c69436544bf849dddd62792aee1b948,e65876a28965c72f7a48a16be3390ba7c5c97a6f,1578,https://github.com/bazelbuild/bazel/issues/1578,https://github.com/bazelbuild/bazel/tree/047b0e6a2c69436544bf849dddd62792aee1b948,https://github.com/bazelbuild/bazel/tree/e65876a28965c72f7a48a16be3390ba7c5c97a6f,https://github.com/bazelbuild/bazel/compare/047b0e6a2c69436544bf849dddd62792aee1b948...e65876a28965c72f7a48a16be3390ba7c5c97a6f
201,Bazel,48fa81a3d7678b92d0588ddd832ffdb50fd156d3,58e7d45e1842305c024513b180c21d96ccdad412,1582,https://github.com/bazelbuild/bazel/issues/1582,https://github.com/bazelbuild/bazel/tree/48fa81a3d7678b92d0588ddd832ffdb50fd156d3,https://github.com/bazelbuild/bazel/tree/58e7d45e1842305c024513b180c21d96ccdad412,https://github.com/bazelbuild/bazel/compare/48fa81a3d7678b92d0588ddd832ffdb50fd156d3...58e7d45e1842305c024513b180c21d96ccdad412
202,Bazel,c352b148106d2fdafa6e988db6d351f953a896ed,cd7329ac63fd08ba8f914c138117128eb28a5891,1578,https://github.com/bazelbuild/bazel/issues/1578,https://github.com/bazelbuild/bazel/tree/c352b148106d2fdafa6e988db6d351f953a896ed,https://github.com/bazelbuild/bazel/tree/cd7329ac63fd08ba8f914c138117128eb28a5891,https://github.com/bazelbuild/bazel/compare/c352b148106d2fdafa6e988db6d351f953a896ed...cd7329ac63fd08ba8f914c138117128eb28a5891
203,Bazel,8e1109288f2c09fae3db2cb78c9e6184d549a1a0,49dfc29a40764ae48f2343007f88f3a4938498f1,1578,https://github.com/bazelbuild/bazel/issues/1578,https://github.com/bazelbuild/bazel/tree/8e1109288f2c09fae3db2cb78c9e6184d549a1a0,https://github.com/bazelbuild/bazel/tree/49dfc29a40764ae48f2343007f88f3a4938498f1,https://github.com/bazelbuild/bazel/compare/8e1109288f2c09fae3db2cb78c9e6184d549a1a0...49dfc29a40764ae48f2343007f88f3a4938498f1
204,Bazel,1009e8aab8312158cb67256d5c44b6bbc66c06e3,c77b00f1a927fd2e321c80a24b6eb9539f5ac8b1,1603,https://github.com/bazelbuild/bazel/issues/1603,https://github.com/bazelbuild/bazel/tree/1009e8aab8312158cb67256d5c44b6bbc66c06e3,https://github.com/bazelbuild/bazel/tree/c77b00f1a927fd2e321c80a24b6eb9539f5ac8b1,https://github.com/bazelbuild/bazel/compare/1009e8aab8312158cb67256d5c44b6bbc66c06e3...c77b00f1a927fd2e321c80a24b6eb9539f5ac8b1
205,Bazel,9cc7827da3c3e1fd14e463729bb4e9bfe320e80b,c6bdd390b7ab7cac7014744f3ded3fe9e10f6deb,1604,https://github.com/bazelbuild/bazel/issues/1604,https://github.com/bazelbuild/bazel/tree/9cc7827da3c3e1fd14e463729bb4e9bfe320e80b,https://github.com/bazelbuild/bazel/tree/c6bdd390b7ab7cac7014744f3ded3fe9e10f6deb,https://github.com/bazelbuild/bazel/compare/9cc7827da3c3e1fd14e463729bb4e9bfe320e80b...c6bdd390b7ab7cac7014744f3ded3fe9e10f6deb
206,Bazel,d9c8cc834c131c75028ff03ca263f29ee1d79b4f,36dbde86be67d3e43e0691c772e52542a31284e3,1579,https://github.com/bazelbuild/bazel/issues/1579,https://github.com/bazelbuild/bazel/tree/d9c8cc834c131c75028ff03ca263f29ee1d79b4f,https://github.com/bazelbuild/bazel/tree/36dbde86be67d3e43e0691c772e52542a31284e3,https://github.com/bazelbuild/bazel/compare/d9c8cc834c131c75028ff03ca263f29ee1d79b4f...36dbde86be67d3e43e0691c772e52542a31284e3
207,Bazel,2a8d73109f5e539fc20e956e8139dc1bb5b65111,fbe4221dca7715edd784c2fc598877fb102cb8a3,1560,https://github.com/bazelbuild/bazel/issues/1560,https://github.com/bazelbuild/bazel/tree/2a8d73109f5e539fc20e956e8139dc1bb5b65111,https://github.com/bazelbuild/bazel/tree/fbe4221dca7715edd784c2fc598877fb102cb8a3,https://github.com/bazelbuild/bazel/compare/2a8d73109f5e539fc20e956e8139dc1bb5b65111...fbe4221dca7715edd784c2fc598877fb102cb8a3
208,Bazel,7da21b174b94185dd6ab1fc889f290f84323cd3c,20e6e8e3885ede8e68a347ca58ea38c4ec05ccc1,1602,https://github.com/bazelbuild/bazel/issues/1602,https://github.com/bazelbuild/bazel/tree/7da21b174b94185dd6ab1fc889f290f84323cd3c,https://github.com/bazelbuild/bazel/tree/20e6e8e3885ede8e68a347ca58ea38c4ec05ccc1,https://github.com/bazelbuild/bazel/compare/7da21b174b94185dd6ab1fc889f290f84323cd3c...20e6e8e3885ede8e68a347ca58ea38c4ec05ccc1
209,Bazel,e001d731814255d9e41561442339f3feec590bc2,94e2742db235c7bf7d254a8d5a4c10ff3495c656,1681,https://github.com/bazelbuild/bazel/issues/1681,https://github.com/bazelbuild/bazel/tree/e001d731814255d9e41561442339f3feec590bc2,https://github.com/bazelbuild/bazel/tree/94e2742db235c7bf7d254a8d5a4c10ff3495c656,https://github.com/bazelbuild/bazel/compare/e001d731814255d9e41561442339f3feec590bc2...94e2742db235c7bf7d254a8d5a4c10ff3495c656
210,Bazel,124bd0a7d32c28cc53ef8d8beab4e422d5ee9c42,58ee85afcab07374dabc5493c780cbe3369b644f,1625,https://github.com/bazelbuild/bazel/issues/1625,https://github.com/bazelbuild/bazel/tree/124bd0a7d32c28cc53ef8d8beab4e422d5ee9c42,https://github.com/bazelbuild/bazel/tree/58ee85afcab07374dabc5493c780cbe3369b644f,https://github.com/bazelbuild/bazel/compare/124bd0a7d32c28cc53ef8d8beab4e422d5ee9c42...58ee85afcab07374dabc5493c780cbe3369b644f
211,Bazel,fb1d53df557ee10f13ed4299f0688ea81cfe4fb6,b96f74f18d132245d4a8029164b981c04d49ded2,1578,https://github.com/bazelbuild/bazel/issues/1578,https://github.com/bazelbuild/bazel/tree/fb1d53df557ee10f13ed4299f0688ea81cfe4fb6,https://github.com/bazelbuild/bazel/tree/b96f74f18d132245d4a8029164b981c04d49ded2,https://github.com/bazelbuild/bazel/compare/fb1d53df557ee10f13ed4299f0688ea81cfe4fb6...b96f74f18d132245d4a8029164b981c04d49ded2
212,Bazel,1ac4568f25f93548927db9080308b0d2e736f7a3,6713d3821b25e1b240e8ea1f7c62d3a9d675f9ca,1684,https://github.com/bazelbuild/bazel/issues/1684,https://github.com/bazelbuild/bazel/tree/1ac4568f25f93548927db9080308b0d2e736f7a3,https://github.com/bazelbuild/bazel/tree/6713d3821b25e1b240e8ea1f7c62d3a9d675f9ca,https://github.com/bazelbuild/bazel/compare/1ac4568f25f93548927db9080308b0d2e736f7a3...6713d3821b25e1b240e8ea1f7c62d3a9d675f9ca
213,Bazel,e6fc254887252aad64544ffd975cb4946dedb782,a336c48ca61d0a2d5b2c4666a12abff92bfbf101,1614,https://github.com/bazelbuild/bazel/issues/1614,https://github.com/bazelbuild/bazel/tree/e6fc254887252aad64544ffd975cb4946dedb782,https://github.com/bazelbuild/bazel/tree/a336c48ca61d0a2d5b2c4666a12abff92bfbf101,https://github.com/bazelbuild/bazel/compare/e6fc254887252aad64544ffd975cb4946dedb782...a336c48ca61d0a2d5b2c4666a12abff92bfbf101
214,Bazel,4d144f4fced4c8972b88ffc111f8486896a47e5f,5b261d5ae723165b0d716b865612afcff1d48cd1,1286,https://github.com/bazelbuild/bazel/issues/1286,https://github.com/bazelbuild/bazel/tree/4d144f4fced4c8972b88ffc111f8486896a47e5f,https://github.com/bazelbuild/bazel/tree/5b261d5ae723165b0d716b865612afcff1d48cd1,https://github.com/bazelbuild/bazel/compare/4d144f4fced4c8972b88ffc111f8486896a47e5f...5b261d5ae723165b0d716b865612afcff1d48cd1
215,Bazel,45fd84175f66bb36ed334327ca4a74c87520554b,af4bf300208f3f5a587f27331ad2e47966a76f09,1709,https://github.com/bazelbuild/bazel/issues/1709,https://github.com/bazelbuild/bazel/tree/45fd84175f66bb36ed334327ca4a74c87520554b,https://github.com/bazelbuild/bazel/tree/af4bf300208f3f5a587f27331ad2e47966a76f09,https://github.com/bazelbuild/bazel/compare/45fd84175f66bb36ed334327ca4a74c87520554b...af4bf300208f3f5a587f27331ad2e47966a76f09
216,Bazel,c479a8eb53da5581bb2407d826085bf6bfd02779,f3fce2fa5e058b6c599827fcf17bb961a88fabb5,1150,https://github.com/bazelbuild/bazel/issues/1150,https://github.com/bazelbuild/bazel/tree/c479a8eb53da5581bb2407d826085bf6bfd02779,https://github.com/bazelbuild/bazel/tree/f3fce2fa5e058b6c599827fcf17bb961a88fabb5,https://github.com/bazelbuild/bazel/compare/c479a8eb53da5581bb2407d826085bf6bfd02779...f3fce2fa5e058b6c599827fcf17bb961a88fabb5
217,Bazel,317eddb6b15ecbb53bd65bebac2b061630b69c1b,02211a6fc044e1a6bb8ffc8a0a8bf02766fe99ed,1651,https://github.com/bazelbuild/bazel/issues/1651,https://github.com/bazelbuild/bazel/tree/317eddb6b15ecbb53bd65bebac2b061630b69c1b,https://github.com/bazelbuild/bazel/tree/02211a6fc044e1a6bb8ffc8a0a8bf02766fe99ed,https://github.com/bazelbuild/bazel/compare/317eddb6b15ecbb53bd65bebac2b061630b69c1b...02211a6fc044e1a6bb8ffc8a0a8bf02766fe99ed
218,Bazel,304f5cbfac3c8cc272a0c43d3077a4cff0e1cc5a,cb3d799cc89276c9b1d9185e5556df870abec1c9,1442,https://github.com/bazelbuild/bazel/issues/1442,https://github.com/bazelbuild/bazel/tree/304f5cbfac3c8cc272a0c43d3077a4cff0e1cc5a,https://github.com/bazelbuild/bazel/tree/cb3d799cc89276c9b1d9185e5556df870abec1c9,https://github.com/bazelbuild/bazel/compare/304f5cbfac3c8cc272a0c43d3077a4cff0e1cc5a...cb3d799cc89276c9b1d9185e5556df870abec1c9
219,Bazel,d34445f9e84072116906c35c04c46e6ca6370cdc,e1511ad20f9943de7d11478ff0a9dcd2a9998439,1732,https://github.com/bazelbuild/bazel/issues/1732,https://github.com/bazelbuild/bazel/tree/d34445f9e84072116906c35c04c46e6ca6370cdc,https://github.com/bazelbuild/bazel/tree/e1511ad20f9943de7d11478ff0a9dcd2a9998439,https://github.com/bazelbuild/bazel/compare/d34445f9e84072116906c35c04c46e6ca6370cdc...e1511ad20f9943de7d11478ff0a9dcd2a9998439
220,Bazel,74e818dd08c2dc081604b9f8dd288750a04d48ef,889e798785bc952faa3f9d201f213c6438c0bcfc,1736,https://github.com/bazelbuild/bazel/issues/1736,https://github.com/bazelbuild/bazel/tree/74e818dd08c2dc081604b9f8dd288750a04d48ef,https://github.com/bazelbuild/bazel/tree/889e798785bc952faa3f9d201f213c6438c0bcfc,https://github.com/bazelbuild/bazel/compare/74e818dd08c2dc081604b9f8dd288750a04d48ef...889e798785bc952faa3f9d201f213c6438c0bcfc
221,Bazel,1aa9295b41bb3669745d13c18f6826950279d582,e7e55bb3ab5ab4f3d81cdae2635f08a3772e20b5,1729,https://github.com/bazelbuild/bazel/issues/1729,https://github.com/bazelbuild/bazel/tree/1aa9295b41bb3669745d13c18f6826950279d582,https://github.com/bazelbuild/bazel/tree/e7e55bb3ab5ab4f3d81cdae2635f08a3772e20b5,https://github.com/bazelbuild/bazel/compare/1aa9295b41bb3669745d13c18f6826950279d582...e7e55bb3ab5ab4f3d81cdae2635f08a3772e20b5
222,Bazel,4de421b560b0420eda7749a497fc479c9ff00814,29074d108613f1147cd8105520aa5c4998b54454,1747,https://github.com/bazelbuild/bazel/issues/1747,https://github.com/bazelbuild/bazel/tree/4de421b560b0420eda7749a497fc479c9ff00814,https://github.com/bazelbuild/bazel/tree/29074d108613f1147cd8105520aa5c4998b54454,https://github.com/bazelbuild/bazel/compare/4de421b560b0420eda7749a497fc479c9ff00814...29074d108613f1147cd8105520aa5c4998b54454
223,Bazel,d85fd98f4103cb9f1f1015a606757d08d2ef2cee,0cfbcf8ac356ee681331c1b04290074f5d220d1f,1307,https://github.com/bazelbuild/bazel/issues/1307,https://github.com/bazelbuild/bazel/tree/d85fd98f4103cb9f1f1015a606757d08d2ef2cee,https://github.com/bazelbuild/bazel/tree/0cfbcf8ac356ee681331c1b04290074f5d220d1f,https://github.com/bazelbuild/bazel/compare/d85fd98f4103cb9f1f1015a606757d08d2ef2cee...0cfbcf8ac356ee681331c1b04290074f5d220d1f
224,Bazel,6f1c61a6757cb28b2dec6bf31b815e51abd0fda9,51dc9743b9cb64742920abc6ced3f986f40d2dfc,1755,https://github.com/bazelbuild/bazel/issues/1755,https://github.com/bazelbuild/bazel/tree/6f1c61a6757cb28b2dec6bf31b815e51abd0fda9,https://github.com/bazelbuild/bazel/tree/51dc9743b9cb64742920abc6ced3f986f40d2dfc,https://github.com/bazelbuild/bazel/compare/6f1c61a6757cb28b2dec6bf31b815e51abd0fda9...51dc9743b9cb64742920abc6ced3f986f40d2dfc
225,Bazel,b4b35d029738ba98893ab8d9dcd83e079db574a9,3a5663f62a129a765e796431095f6705c09a83e8,1750,https://github.com/bazelbuild/bazel/issues/1750,https://github.com/bazelbuild/bazel/tree/b4b35d029738ba98893ab8d9dcd83e079db574a9,https://github.com/bazelbuild/bazel/tree/3a5663f62a129a765e796431095f6705c09a83e8,https://github.com/bazelbuild/bazel/compare/b4b35d029738ba98893ab8d9dcd83e079db574a9...3a5663f62a129a765e796431095f6705c09a83e8
226,Bazel,6022b7bd3719933be90a23006bc3adbbb9d125ee,4d94984c61892749315a6c98a3b1facf84762653,1765,https://github.com/bazelbuild/bazel/issues/1765,https://github.com/bazelbuild/bazel/tree/6022b7bd3719933be90a23006bc3adbbb9d125ee,https://github.com/bazelbuild/bazel/tree/4d94984c61892749315a6c98a3b1facf84762653,https://github.com/bazelbuild/bazel/compare/6022b7bd3719933be90a23006bc3adbbb9d125ee...4d94984c61892749315a6c98a3b1facf84762653
227,Bazel,c9b8a1792f9fb1a4002cd5d04cb01b3b6cf7d812,9ae6de54563bd50f72872a60eadc11a59637b6b3,1736,https://github.com/bazelbuild/bazel/issues/1736,https://github.com/bazelbuild/bazel/tree/c9b8a1792f9fb1a4002cd5d04cb01b3b6cf7d812,https://github.com/bazelbuild/bazel/tree/9ae6de54563bd50f72872a60eadc11a59637b6b3,https://github.com/bazelbuild/bazel/compare/c9b8a1792f9fb1a4002cd5d04cb01b3b6cf7d812...9ae6de54563bd50f72872a60eadc11a59637b6b3
228,Bazel,0bb79c6d1f1f2d1c167f2865134632fd9dff881c,4009caa2076f6c33fbac61367d1ecd1a733d62ea,1741,https://github.com/bazelbuild/bazel/issues/1741,https://github.com/bazelbuild/bazel/tree/0bb79c6d1f1f2d1c167f2865134632fd9dff881c,https://github.com/bazelbuild/bazel/tree/4009caa2076f6c33fbac61367d1ecd1a733d62ea,https://github.com/bazelbuild/bazel/compare/0bb79c6d1f1f2d1c167f2865134632fd9dff881c...4009caa2076f6c33fbac61367d1ecd1a733d62ea
229,Bazel,786fc5728ec9352b9ccde25d842ed07132888975,d93706d6ab930b09c1df2ca728e8b6824b90e9e2,1739,https://github.com/bazelbuild/bazel/issues/1739,https://github.com/bazelbuild/bazel/tree/786fc5728ec9352b9ccde25d842ed07132888975,https://github.com/bazelbuild/bazel/tree/d93706d6ab930b09c1df2ca728e8b6824b90e9e2,https://github.com/bazelbuild/bazel/compare/786fc5728ec9352b9ccde25d842ed07132888975...d93706d6ab930b09c1df2ca728e8b6824b90e9e2
230,Bazel,b4ac0713bfbe0aaf323a04f411fbd574879e07bd,5c7f4b0a488a859a94e073cf0946a9552e68ae7c,1795,https://github.com/bazelbuild/bazel/issues/1795,https://github.com/bazelbuild/bazel/tree/b4ac0713bfbe0aaf323a04f411fbd574879e07bd,https://github.com/bazelbuild/bazel/tree/5c7f4b0a488a859a94e073cf0946a9552e68ae7c,https://github.com/bazelbuild/bazel/compare/b4ac0713bfbe0aaf323a04f411fbd574879e07bd...5c7f4b0a488a859a94e073cf0946a9552e68ae7c
231,Bazel,e5f59b4decf6ba483a4158b80e4a7adf96d0f52c,fefd2329f4812bcb513294fdf417fc726a86ddfd,1767,https://github.com/bazelbuild/bazel/issues/1767,https://github.com/bazelbuild/bazel/tree/e5f59b4decf6ba483a4158b80e4a7adf96d0f52c,https://github.com/bazelbuild/bazel/tree/fefd2329f4812bcb513294fdf417fc726a86ddfd,https://github.com/bazelbuild/bazel/compare/e5f59b4decf6ba483a4158b80e4a7adf96d0f52c...fefd2329f4812bcb513294fdf417fc726a86ddfd
232,Bazel,6f6db014b4cd31c3d5d070640118ce64243cd42b,398b54d0ea0c511e412feb695fe46ebaa02f590b,1793,https://github.com/bazelbuild/bazel/issues/1793,https://github.com/bazelbuild/bazel/tree/6f6db014b4cd31c3d5d070640118ce64243cd42b,https://github.com/bazelbuild/bazel/tree/398b54d0ea0c511e412feb695fe46ebaa02f590b,https://github.com/bazelbuild/bazel/compare/6f6db014b4cd31c3d5d070640118ce64243cd42b...398b54d0ea0c511e412feb695fe46ebaa02f590b
233,Bazel,65e3ae6228bd179ef9ed80ebc817f829e180496e,c5545fd0896f3c602a9be0986debed6f0c9c662d,1846,https://github.com/bazelbuild/bazel/issues/1846,https://github.com/bazelbuild/bazel/tree/65e3ae6228bd179ef9ed80ebc817f829e180496e,https://github.com/bazelbuild/bazel/tree/c5545fd0896f3c602a9be0986debed6f0c9c662d,https://github.com/bazelbuild/bazel/compare/65e3ae6228bd179ef9ed80ebc817f829e180496e...c5545fd0896f3c602a9be0986debed6f0c9c662d
234,Bazel,50f6bbaeb56c927470fd5ef84351845bebec367c,f8ce97e38426218180c33ba44ad8d02101c46c80,1671,https://github.com/bazelbuild/bazel/issues/1671,https://github.com/bazelbuild/bazel/tree/50f6bbaeb56c927470fd5ef84351845bebec367c,https://github.com/bazelbuild/bazel/tree/f8ce97e38426218180c33ba44ad8d02101c46c80,https://github.com/bazelbuild/bazel/compare/50f6bbaeb56c927470fd5ef84351845bebec367c...f8ce97e38426218180c33ba44ad8d02101c46c80
235,Bazel,8896dad21f6993d4b9fd74d3a332143e75080d06,2bc0939c44693ceea290ab5dfd8140c28267f9ac,1697,https://github.com/bazelbuild/bazel/issues/1697,https://github.com/bazelbuild/bazel/tree/8896dad21f6993d4b9fd74d3a332143e75080d06,https://github.com/bazelbuild/bazel/tree/2bc0939c44693ceea290ab5dfd8140c28267f9ac,https://github.com/bazelbuild/bazel/compare/8896dad21f6993d4b9fd74d3a332143e75080d06...2bc0939c44693ceea290ab5dfd8140c28267f9ac
236,Bazel,8a46df7388ae37fcefa7e364ca0a320a20566658,29dc3f7dabc24f9e032ffc3602c0f928babdf1ad,1838,https://github.com/bazelbuild/bazel/issues/1838,https://github.com/bazelbuild/bazel/tree/8a46df7388ae37fcefa7e364ca0a320a20566658,https://github.com/bazelbuild/bazel/tree/29dc3f7dabc24f9e032ffc3602c0f928babdf1ad,https://github.com/bazelbuild/bazel/compare/8a46df7388ae37fcefa7e364ca0a320a20566658...29dc3f7dabc24f9e032ffc3602c0f928babdf1ad
237,Bazel,69a8d7205287bedf3a6140ec9327e2fad1758c22,f92ecb3d12a8a966524cda067029dc0aaae409b3,1697,https://github.com/bazelbuild/bazel/issues/1697,https://github.com/bazelbuild/bazel/tree/69a8d7205287bedf3a6140ec9327e2fad1758c22,https://github.com/bazelbuild/bazel/tree/f92ecb3d12a8a966524cda067029dc0aaae409b3,https://github.com/bazelbuild/bazel/compare/69a8d7205287bedf3a6140ec9327e2fad1758c22...f92ecb3d12a8a966524cda067029dc0aaae409b3
238,Bazel,2f4d17a2fa632b05fcbeb8db5d6eb46af8ec341c,bf7f265ffbdddacd4ec8028086482d2a39acaee4,947,https://github.com/bazelbuild/bazel/issues/947,https://github.com/bazelbuild/bazel/tree/2f4d17a2fa632b05fcbeb8db5d6eb46af8ec341c,https://github.com/bazelbuild/bazel/tree/bf7f265ffbdddacd4ec8028086482d2a39acaee4,https://github.com/bazelbuild/bazel/compare/2f4d17a2fa632b05fcbeb8db5d6eb46af8ec341c...bf7f265ffbdddacd4ec8028086482d2a39acaee4
239,Bazel,95a87d0d8b26d9ca7d8d957dc23373b6a89e3d68,d59bcb6333be731d82c51c20211ecabebe194f19,1846,https://github.com/bazelbuild/bazel/issues/1846,https://github.com/bazelbuild/bazel/tree/95a87d0d8b26d9ca7d8d957dc23373b6a89e3d68,https://github.com/bazelbuild/bazel/tree/d59bcb6333be731d82c51c20211ecabebe194f19,https://github.com/bazelbuild/bazel/compare/95a87d0d8b26d9ca7d8d957dc23373b6a89e3d68...d59bcb6333be731d82c51c20211ecabebe194f19
240,Bazel,954c8abcf7e11ac491059cfbaa968bc6a64b4772,1d8fba9d5edf68458be111ce14ef111141b5d432,1865,https://github.com/bazelbuild/bazel/issues/1865,https://github.com/bazelbuild/bazel/tree/954c8abcf7e11ac491059cfbaa968bc6a64b4772,https://github.com/bazelbuild/bazel/tree/1d8fba9d5edf68458be111ce14ef111141b5d432,https://github.com/bazelbuild/bazel/compare/954c8abcf7e11ac491059cfbaa968bc6a64b4772...1d8fba9d5edf68458be111ce14ef111141b5d432
241,Bazel,95b16a89001014c48e77e5c38c4ca17bd28d3ebb,95a87d0d8b26d9ca7d8d957dc23373b6a89e3d68,1863,https://github.com/bazelbuild/bazel/issues/1863,https://github.com/bazelbuild/bazel/tree/95b16a89001014c48e77e5c38c4ca17bd28d3ebb,https://github.com/bazelbuild/bazel/tree/95a87d0d8b26d9ca7d8d957dc23373b6a89e3d68,https://github.com/bazelbuild/bazel/compare/95b16a89001014c48e77e5c38c4ca17bd28d3ebb...95a87d0d8b26d9ca7d8d957dc23373b6a89e3d68
242,Bazel,d59bcb6333be731d82c51c20211ecabebe194f19,e898023ffc6c47a27312c4d3659dbeeccdb3cd37,1849,https://github.com/bazelbuild/bazel/issues/1849,https://github.com/bazelbuild/bazel/tree/d59bcb6333be731d82c51c20211ecabebe194f19,https://github.com/bazelbuild/bazel/tree/e898023ffc6c47a27312c4d3659dbeeccdb3cd37,https://github.com/bazelbuild/bazel/compare/d59bcb6333be731d82c51c20211ecabebe194f19...e898023ffc6c47a27312c4d3659dbeeccdb3cd37
243,Bazel,2b1eec3f81881056e0ebef8df53cce4f10af447c,2543e9e09f0666b92722bece01b136fc41d71aca,1884,https://github.com/bazelbuild/bazel/issues/1884,https://github.com/bazelbuild/bazel/tree/2b1eec3f81881056e0ebef8df53cce4f10af447c,https://github.com/bazelbuild/bazel/tree/2543e9e09f0666b92722bece01b136fc41d71aca,https://github.com/bazelbuild/bazel/compare/2b1eec3f81881056e0ebef8df53cce4f10af447c...2543e9e09f0666b92722bece01b136fc41d71aca
244,Bazel,a6b4cbbd4a4bbb42eefe8fb0e646cd30780394e4,96c047c430c1569fdfc649de358b34aeaff1f6bb,1778,https://github.com/bazelbuild/bazel/issues/1778,https://github.com/bazelbuild/bazel/tree/a6b4cbbd4a4bbb42eefe8fb0e646cd30780394e4,https://github.com/bazelbuild/bazel/tree/96c047c430c1569fdfc649de358b34aeaff1f6bb,https://github.com/bazelbuild/bazel/compare/a6b4cbbd4a4bbb42eefe8fb0e646cd30780394e4...96c047c430c1569fdfc649de358b34aeaff1f6bb
245,Bazel,88b17775aa6857f4820efa6cae7eb5c7d124d504,b54da5ea4e83d7561d8ad7fac081f749159a48b0,1885,https://github.com/bazelbuild/bazel/issues/1885,https://github.com/bazelbuild/bazel/tree/88b17775aa6857f4820efa6cae7eb5c7d124d504,https://github.com/bazelbuild/bazel/tree/b54da5ea4e83d7561d8ad7fac081f749159a48b0,https://github.com/bazelbuild/bazel/compare/88b17775aa6857f4820efa6cae7eb5c7d124d504...b54da5ea4e83d7561d8ad7fac081f749159a48b0
246,Bazel,f695c54a8f5f6be7adb678d305005f78e4b44424,b4d69c470a7a0ef8ed93872cba02ad2b5218f976,1930,https://github.com/bazelbuild/bazel/issues/1930,https://github.com/bazelbuild/bazel/tree/f695c54a8f5f6be7adb678d305005f78e4b44424,https://github.com/bazelbuild/bazel/tree/b4d69c470a7a0ef8ed93872cba02ad2b5218f976,https://github.com/bazelbuild/bazel/compare/f695c54a8f5f6be7adb678d305005f78e4b44424...b4d69c470a7a0ef8ed93872cba02ad2b5218f976
247,Bazel,d38ee63c6402819b9c01637e7176e03ad2296314,f695c54a8f5f6be7adb678d305005f78e4b44424,1849,https://github.com/bazelbuild/bazel/issues/1849,https://github.com/bazelbuild/bazel/tree/d38ee63c6402819b9c01637e7176e03ad2296314,https://github.com/bazelbuild/bazel/tree/f695c54a8f5f6be7adb678d305005f78e4b44424,https://github.com/bazelbuild/bazel/compare/d38ee63c6402819b9c01637e7176e03ad2296314...f695c54a8f5f6be7adb678d305005f78e4b44424
248,Bazel,58a6856a527412ecb237c3a6b7c6f2324ce12ffb,33579a4efaf2c68ecfe9db160a42d40d61e81cd8,1849,https://github.com/bazelbuild/bazel/issues/1849,https://github.com/bazelbuild/bazel/tree/58a6856a527412ecb237c3a6b7c6f2324ce12ffb,https://github.com/bazelbuild/bazel/tree/33579a4efaf2c68ecfe9db160a42d40d61e81cd8,https://github.com/bazelbuild/bazel/compare/58a6856a527412ecb237c3a6b7c6f2324ce12ffb...33579a4efaf2c68ecfe9db160a42d40d61e81cd8
249,Bazel,651b190d1f146b4a211cf4443319ed598157e229,69e172698af83488b267d3070d90f9dd6fb00cbb,1881,https://github.com/bazelbuild/bazel/issues/1881,https://github.com/bazelbuild/bazel/tree/651b190d1f146b4a211cf4443319ed598157e229,https://github.com/bazelbuild/bazel/tree/69e172698af83488b267d3070d90f9dd6fb00cbb,https://github.com/bazelbuild/bazel/compare/651b190d1f146b4a211cf4443319ed598157e229...69e172698af83488b267d3070d90f9dd6fb00cbb
250,Bazel,d1619b75fc07cd0661bd23062b0698b36109d91e,3000d88075490bbf034c62ea46f3fdfe71baa6b0,1719,https://github.com/bazelbuild/bazel/issues/1719,https://github.com/bazelbuild/bazel/tree/d1619b75fc07cd0661bd23062b0698b36109d91e,https://github.com/bazelbuild/bazel/tree/3000d88075490bbf034c62ea46f3fdfe71baa6b0,https://github.com/bazelbuild/bazel/compare/d1619b75fc07cd0661bd23062b0698b36109d91e...3000d88075490bbf034c62ea46f3fdfe71baa6b0
251,Bazel,73d738e483bb428083185c5bb92b4fe6ecfe0834,2988e10c32eeff702139b1776178aff283ebfe51,1362,https://github.com/bazelbuild/bazel/issues/1362,https://github.com/bazelbuild/bazel/tree/73d738e483bb428083185c5bb92b4fe6ecfe0834,https://github.com/bazelbuild/bazel/tree/2988e10c32eeff702139b1776178aff283ebfe51,https://github.com/bazelbuild/bazel/compare/73d738e483bb428083185c5bb92b4fe6ecfe0834...2988e10c32eeff702139b1776178aff283ebfe51
252,Bazel,bfbc53bc4797a076158c1aa4fd941a52dff72131,50b4e8f62b57f2d13acc9b3538525a231dba704e,1903,https://github.com/bazelbuild/bazel/issues/1903,https://github.com/bazelbuild/bazel/tree/bfbc53bc4797a076158c1aa4fd941a52dff72131,https://github.com/bazelbuild/bazel/tree/50b4e8f62b57f2d13acc9b3538525a231dba704e,https://github.com/bazelbuild/bazel/compare/bfbc53bc4797a076158c1aa4fd941a52dff72131...50b4e8f62b57f2d13acc9b3538525a231dba704e
253,Bazel,8bb4299b28de14eed9d3b57bcaeb9350c81c7db3,7f9c344545e64bd00efcc8c8c043cb5dce6ecc28,1957,https://github.com/bazelbuild/bazel/issues/1957,https://github.com/bazelbuild/bazel/tree/8bb4299b28de14eed9d3b57bcaeb9350c81c7db3,https://github.com/bazelbuild/bazel/tree/7f9c344545e64bd00efcc8c8c043cb5dce6ecc28,https://github.com/bazelbuild/bazel/compare/8bb4299b28de14eed9d3b57bcaeb9350c81c7db3...7f9c344545e64bd00efcc8c8c043cb5dce6ecc28
254,Bazel,fae3c0c3cb8255fcd0275d60cfc884319db21cb7,ab588d21db260ed99ae1c9b6329eba099dc647dd,1888,https://github.com/bazelbuild/bazel/issues/1888,https://github.com/bazelbuild/bazel/tree/fae3c0c3cb8255fcd0275d60cfc884319db21cb7,https://github.com/bazelbuild/bazel/tree/ab588d21db260ed99ae1c9b6329eba099dc647dd,https://github.com/bazelbuild/bazel/compare/fae3c0c3cb8255fcd0275d60cfc884319db21cb7...ab588d21db260ed99ae1c9b6329eba099dc647dd
255,Bazel,2c91836c8d4232f26a5b764ea91b7cdb47240b7e,73d738e483bb428083185c5bb92b4fe6ecfe0834,1469,https://github.com/bazelbuild/bazel/issues/1469,https://github.com/bazelbuild/bazel/tree/2c91836c8d4232f26a5b764ea91b7cdb47240b7e,https://github.com/bazelbuild/bazel/tree/73d738e483bb428083185c5bb92b4fe6ecfe0834,https://github.com/bazelbuild/bazel/compare/2c91836c8d4232f26a5b764ea91b7cdb47240b7e...73d738e483bb428083185c5bb92b4fe6ecfe0834
256,Bazel,37590dcc7fcab7b99dd49e0c32568f9a32dd59a9,fa4f24abf21923bb361ea6b01953cf91173ca7ca,1400,https://github.com/bazelbuild/bazel/issues/1400,https://github.com/bazelbuild/bazel/tree/37590dcc7fcab7b99dd49e0c32568f9a32dd59a9,https://github.com/bazelbuild/bazel/tree/fa4f24abf21923bb361ea6b01953cf91173ca7ca,https://github.com/bazelbuild/bazel/compare/37590dcc7fcab7b99dd49e0c32568f9a32dd59a9...fa4f24abf21923bb361ea6b01953cf91173ca7ca
257,Bazel,ab588d21db260ed99ae1c9b6329eba099dc647dd,a9f20b0d6459d395444c45cf5e94a899f3443633,1923,https://github.com/bazelbuild/bazel/issues/1923,https://github.com/bazelbuild/bazel/tree/ab588d21db260ed99ae1c9b6329eba099dc647dd,https://github.com/bazelbuild/bazel/tree/a9f20b0d6459d395444c45cf5e94a899f3443633,https://github.com/bazelbuild/bazel/compare/ab588d21db260ed99ae1c9b6329eba099dc647dd...a9f20b0d6459d395444c45cf5e94a899f3443633
258,Bazel,47fc5b3406c6106b3025534af18c122d7321b861,e6191f7209ebf3f67480bc7aa9db5ac58beb2156,1923,https://github.com/bazelbuild/bazel/issues/1923,https://github.com/bazelbuild/bazel/tree/47fc5b3406c6106b3025534af18c122d7321b861,https://github.com/bazelbuild/bazel/tree/e6191f7209ebf3f67480bc7aa9db5ac58beb2156,https://github.com/bazelbuild/bazel/compare/47fc5b3406c6106b3025534af18c122d7321b861...e6191f7209ebf3f67480bc7aa9db5ac58beb2156
259,Bazel,7260f0a2c69bfe0fec187099fcea2dd16c331729,b4f461ecc183d9adc9482f4cad848687ed0227ee,1592,https://github.com/bazelbuild/bazel/issues/1592,https://github.com/bazelbuild/bazel/tree/7260f0a2c69bfe0fec187099fcea2dd16c331729,https://github.com/bazelbuild/bazel/tree/b4f461ecc183d9adc9482f4cad848687ed0227ee,https://github.com/bazelbuild/bazel/compare/7260f0a2c69bfe0fec187099fcea2dd16c331729...b4f461ecc183d9adc9482f4cad848687ed0227ee
260,Bazel,d573fc0d5364fa4ade2ebb9ac644af8496738835,e08f11c37cfe349c8b687d97100bf4a3af21719a,1981,https://github.com/bazelbuild/bazel/issues/1981,https://github.com/bazelbuild/bazel/tree/d573fc0d5364fa4ade2ebb9ac644af8496738835,https://github.com/bazelbuild/bazel/tree/e08f11c37cfe349c8b687d97100bf4a3af21719a,https://github.com/bazelbuild/bazel/compare/d573fc0d5364fa4ade2ebb9ac644af8496738835...e08f11c37cfe349c8b687d97100bf4a3af21719a
261,Bazel,dbb3487f71cc15bcb5f1addec6d103983088ff48,7dbe3f7c0499ee201b426ea3b877da64423c3547,310,https://github.com/bazelbuild/bazel/issues/310,https://github.com/bazelbuild/bazel/tree/dbb3487f71cc15bcb5f1addec6d103983088ff48,https://github.com/bazelbuild/bazel/tree/7dbe3f7c0499ee201b426ea3b877da64423c3547,https://github.com/bazelbuild/bazel/compare/dbb3487f71cc15bcb5f1addec6d103983088ff48...7dbe3f7c0499ee201b426ea3b877da64423c3547
262,Bazel,736c46d746145657784b589ea7b5efd09c561692,0eab1d2f52847b4019deaae0616848814275790d,2067,https://github.com/bazelbuild/bazel/issues/2067,https://github.com/bazelbuild/bazel/tree/736c46d746145657784b589ea7b5efd09c561692,https://github.com/bazelbuild/bazel/tree/0eab1d2f52847b4019deaae0616848814275790d,https://github.com/bazelbuild/bazel/compare/736c46d746145657784b589ea7b5efd09c561692...0eab1d2f52847b4019deaae0616848814275790d
263,Bazel,38340192d179a1a1eb2250d45901a5f53dde0d38,5abb90d2c0cb5909f78d73adbe071e5001801823,2003,https://github.com/bazelbuild/bazel/issues/2003,https://github.com/bazelbuild/bazel/tree/38340192d179a1a1eb2250d45901a5f53dde0d38,https://github.com/bazelbuild/bazel/tree/5abb90d2c0cb5909f78d73adbe071e5001801823,https://github.com/bazelbuild/bazel/compare/38340192d179a1a1eb2250d45901a5f53dde0d38...5abb90d2c0cb5909f78d73adbe071e5001801823
264,Bazel,7883bf1da7f071dd8810e9b0bef7d70c9838e06c,7f8e0456efe58711aae98c95c6a9dfb57824b9c2,1760,https://github.com/bazelbuild/bazel/issues/1760,https://github.com/bazelbuild/bazel/tree/7883bf1da7f071dd8810e9b0bef7d70c9838e06c,https://github.com/bazelbuild/bazel/tree/7f8e0456efe58711aae98c95c6a9dfb57824b9c2,https://github.com/bazelbuild/bazel/compare/7883bf1da7f071dd8810e9b0bef7d70c9838e06c...7f8e0456efe58711aae98c95c6a9dfb57824b9c2
265,Bazel,bc3f2649adee9ace37960370626b0273bfb15e11,2a26c3ce02370ebec317d9148a13ca53853feab6,1760,https://github.com/bazelbuild/bazel/issues/1760,https://github.com/bazelbuild/bazel/tree/bc3f2649adee9ace37960370626b0273bfb15e11,https://github.com/bazelbuild/bazel/tree/2a26c3ce02370ebec317d9148a13ca53853feab6,https://github.com/bazelbuild/bazel/compare/bc3f2649adee9ace37960370626b0273bfb15e11...2a26c3ce02370ebec317d9148a13ca53853feab6
266,Bazel,212729a59e02f39ae3a1dce2d53dd2ce13c75f92,5f026f96118e76c8a6357c61e5710e0bd1bf0f54,1923,https://github.com/bazelbuild/bazel/issues/1923,https://github.com/bazelbuild/bazel/tree/212729a59e02f39ae3a1dce2d53dd2ce13c75f92,https://github.com/bazelbuild/bazel/tree/5f026f96118e76c8a6357c61e5710e0bd1bf0f54,https://github.com/bazelbuild/bazel/compare/212729a59e02f39ae3a1dce2d53dd2ce13c75f92...5f026f96118e76c8a6357c61e5710e0bd1bf0f54
267,Bazel,b1f55c83baef679a2b8628d1aba658e0283aab4f,9dd245aa89b94d5679cc26a59810d8354c3cf660,1162,https://github.com/bazelbuild/bazel/issues/1162,https://github.com/bazelbuild/bazel/tree/b1f55c83baef679a2b8628d1aba658e0283aab4f,https://github.com/bazelbuild/bazel/tree/9dd245aa89b94d5679cc26a59810d8354c3cf660,https://github.com/bazelbuild/bazel/compare/b1f55c83baef679a2b8628d1aba658e0283aab4f...9dd245aa89b94d5679cc26a59810d8354c3cf660
268,Bazel,5e9467320db2ceda40e55a5b4594c73d34ce479e,bac63f2ab7069eaf809a0af9539b2a7f727f16bd,2084,https://github.com/bazelbuild/bazel/issues/2084,https://github.com/bazelbuild/bazel/tree/5e9467320db2ceda40e55a5b4594c73d34ce479e,https://github.com/bazelbuild/bazel/tree/bac63f2ab7069eaf809a0af9539b2a7f727f16bd,https://github.com/bazelbuild/bazel/compare/5e9467320db2ceda40e55a5b4594c73d34ce479e...bac63f2ab7069eaf809a0af9539b2a7f727f16bd
269,Bazel,f84a5f42c8fc7389c2c33fe16713024933d3eca3,34ff06260d63a1a58deb5aec4cdda0f766a202cc,2136,https://github.com/bazelbuild/bazel/issues/2136,https://github.com/bazelbuild/bazel/tree/f84a5f42c8fc7389c2c33fe16713024933d3eca3,https://github.com/bazelbuild/bazel/tree/34ff06260d63a1a58deb5aec4cdda0f766a202cc,https://github.com/bazelbuild/bazel/compare/f84a5f42c8fc7389c2c33fe16713024933d3eca3...34ff06260d63a1a58deb5aec4cdda0f766a202cc
270,Bazel,430bf42318f16f678f8370c4f9ac92a0268256d3,20bd27412fa699854b58af2b372b4fc9d3c336b3,1109,https://github.com/bazelbuild/bazel/issues/1109,https://github.com/bazelbuild/bazel/tree/430bf42318f16f678f8370c4f9ac92a0268256d3,https://github.com/bazelbuild/bazel/tree/20bd27412fa699854b58af2b372b4fc9d3c336b3,https://github.com/bazelbuild/bazel/compare/430bf42318f16f678f8370c4f9ac92a0268256d3...20bd27412fa699854b58af2b372b4fc9d3c336b3
271,Bazel,080c46cbf9a8dd821b10c61d4e8ca643662f0c91,f161db2137c5ba21eef02acc20021288768ae504,2179,https://github.com/bazelbuild/bazel/issues/2179,https://github.com/bazelbuild/bazel/tree/080c46cbf9a8dd821b10c61d4e8ca643662f0c91,https://github.com/bazelbuild/bazel/tree/f161db2137c5ba21eef02acc20021288768ae504,https://github.com/bazelbuild/bazel/compare/080c46cbf9a8dd821b10c61d4e8ca643662f0c91...f161db2137c5ba21eef02acc20021288768ae504
272,Bazel,3fd5d398890f27cdfbb39eac063c1418fe6f1285,161c4a34c893bf8e25af00c18e95576bc2f82b5a,1552,https://github.com/bazelbuild/bazel/issues/1552,https://github.com/bazelbuild/bazel/tree/3fd5d398890f27cdfbb39eac063c1418fe6f1285,https://github.com/bazelbuild/bazel/tree/161c4a34c893bf8e25af00c18e95576bc2f82b5a,https://github.com/bazelbuild/bazel/compare/3fd5d398890f27cdfbb39eac063c1418fe6f1285...161c4a34c893bf8e25af00c18e95576bc2f82b5a
273,Bazel,7dbcf5bee4a6664f78b440d4c702d1b8701c6aa8,304da48921ebca7a1948dac787c7cb95e31cc381,2192,https://github.com/bazelbuild/bazel/issues/2192,https://github.com/bazelbuild/bazel/tree/7dbcf5bee4a6664f78b440d4c702d1b8701c6aa8,https://github.com/bazelbuild/bazel/tree/304da48921ebca7a1948dac787c7cb95e31cc381,https://github.com/bazelbuild/bazel/compare/7dbcf5bee4a6664f78b440d4c702d1b8701c6aa8...304da48921ebca7a1948dac787c7cb95e31cc381
274,Bazel,4ce3bc9ef34ea38a4e92984f84c9edcd0e40550f,1f3e3ae8de6e91820a6048503d62caf84082cd6e,2125,https://github.com/bazelbuild/bazel/issues/2125,https://github.com/bazelbuild/bazel/tree/4ce3bc9ef34ea38a4e92984f84c9edcd0e40550f,https://github.com/bazelbuild/bazel/tree/1f3e3ae8de6e91820a6048503d62caf84082cd6e,https://github.com/bazelbuild/bazel/compare/4ce3bc9ef34ea38a4e92984f84c9edcd0e40550f...1f3e3ae8de6e91820a6048503d62caf84082cd6e
275,Bazel,df72d2c47d54d296400d1e3cf2ac782b3d93e8bb,ed7ced0018dc5c5ebd6fc8afc7158037ac1df00d,943,https://github.com/bazelbuild/bazel/issues/943,https://github.com/bazelbuild/bazel/tree/df72d2c47d54d296400d1e3cf2ac782b3d93e8bb,https://github.com/bazelbuild/bazel/tree/ed7ced0018dc5c5ebd6fc8afc7158037ac1df00d,https://github.com/bazelbuild/bazel/compare/df72d2c47d54d296400d1e3cf2ac782b3d93e8bb...ed7ced0018dc5c5ebd6fc8afc7158037ac1df00d
276,Bazel,afe6051cf78c086cd9e4771a1a28782d3548a0af,4c67807964e37cfd55bbcda4c6374fcc480bcecc,1760,https://github.com/bazelbuild/bazel/issues/1760,https://github.com/bazelbuild/bazel/tree/afe6051cf78c086cd9e4771a1a28782d3548a0af,https://github.com/bazelbuild/bazel/tree/4c67807964e37cfd55bbcda4c6374fcc480bcecc,https://github.com/bazelbuild/bazel/compare/afe6051cf78c086cd9e4771a1a28782d3548a0af...4c67807964e37cfd55bbcda4c6374fcc480bcecc
277,Bazel,022748861e12268441f8519ed63a4a31e79b5e4a,fcc0801601f238858bc335eb3f25f66a4eee1909,2198,https://github.com/bazelbuild/bazel/issues/2198,https://github.com/bazelbuild/bazel/tree/022748861e12268441f8519ed63a4a31e79b5e4a,https://github.com/bazelbuild/bazel/tree/fcc0801601f238858bc335eb3f25f66a4eee1909,https://github.com/bazelbuild/bazel/compare/022748861e12268441f8519ed63a4a31e79b5e4a...fcc0801601f238858bc335eb3f25f66a4eee1909
278,Bazel,a397340f6cd45f101ff0c13a1eeeaf3957e1d59c,49757602c4ca9e48081f98850007b2ef17427b46,2247,https://github.com/bazelbuild/bazel/issues/2247,https://github.com/bazelbuild/bazel/tree/a397340f6cd45f101ff0c13a1eeeaf3957e1d59c,https://github.com/bazelbuild/bazel/tree/49757602c4ca9e48081f98850007b2ef17427b46,https://github.com/bazelbuild/bazel/compare/a397340f6cd45f101ff0c13a1eeeaf3957e1d59c...49757602c4ca9e48081f98850007b2ef17427b46
279,Bazel,f948305816370f75983fa6da676d73f416973f4c,b79e2f689a58d2943ed84c9bcebfb7c538ad6b07,2232,https://github.com/bazelbuild/bazel/issues/2232,https://github.com/bazelbuild/bazel/tree/f948305816370f75983fa6da676d73f416973f4c,https://github.com/bazelbuild/bazel/tree/b79e2f689a58d2943ed84c9bcebfb7c538ad6b07,https://github.com/bazelbuild/bazel/compare/f948305816370f75983fa6da676d73f416973f4c...b79e2f689a58d2943ed84c9bcebfb7c538ad6b07
280,Bazel,09c7221dadff48da32b362fd4643e8e90f5761fd,2a2127cdb9e185956891f646ebf7d8749576fda4,2199,https://github.com/bazelbuild/bazel/issues/2199,https://github.com/bazelbuild/bazel/tree/09c7221dadff48da32b362fd4643e8e90f5761fd,https://github.com/bazelbuild/bazel/tree/2a2127cdb9e185956891f646ebf7d8749576fda4,https://github.com/bazelbuild/bazel/compare/09c7221dadff48da32b362fd4643e8e90f5761fd...2a2127cdb9e185956891f646ebf7d8749576fda4
281,Bazel,0f32beda6330bca7d86b219d6624aa18c8cddb1b,d5e008c72a02dc5b77931e7187dd594a02698ffd,1659,https://github.com/bazelbuild/bazel/issues/1659,https://github.com/bazelbuild/bazel/tree/0f32beda6330bca7d86b219d6624aa18c8cddb1b,https://github.com/bazelbuild/bazel/tree/d5e008c72a02dc5b77931e7187dd594a02698ffd,https://github.com/bazelbuild/bazel/compare/0f32beda6330bca7d86b219d6624aa18c8cddb1b...d5e008c72a02dc5b77931e7187dd594a02698ffd
282,Bazel,2098a72b37506709cdc8858913b8c6d054c489f6,9012bf1676bd6426229625e2567bfa399f89dabe,2256,https://github.com/bazelbuild/bazel/issues/2256,https://github.com/bazelbuild/bazel/tree/2098a72b37506709cdc8858913b8c6d054c489f6,https://github.com/bazelbuild/bazel/tree/9012bf1676bd6426229625e2567bfa399f89dabe,https://github.com/bazelbuild/bazel/compare/2098a72b37506709cdc8858913b8c6d054c489f6...9012bf1676bd6426229625e2567bfa399f89dabe
283,Bazel,c97699661d48fc12ffbf4809c27d13d7caf017d7,4a753499d0685ce08c99c1da61eea4e100989d31,2212,https://github.com/bazelbuild/bazel/issues/2212,https://github.com/bazelbuild/bazel/tree/c97699661d48fc12ffbf4809c27d13d7caf017d7,https://github.com/bazelbuild/bazel/tree/4a753499d0685ce08c99c1da61eea4e100989d31,https://github.com/bazelbuild/bazel/compare/c97699661d48fc12ffbf4809c27d13d7caf017d7...4a753499d0685ce08c99c1da61eea4e100989d31
284,Bazel,d6297fb8b924dda41111356c0c32d4a5a297a11b,87532156cf3ed7b66c6db5cb1e57dff7424031ab,2228,https://github.com/bazelbuild/bazel/issues/2228,https://github.com/bazelbuild/bazel/tree/d6297fb8b924dda41111356c0c32d4a5a297a11b,https://github.com/bazelbuild/bazel/tree/87532156cf3ed7b66c6db5cb1e57dff7424031ab,https://github.com/bazelbuild/bazel/compare/d6297fb8b924dda41111356c0c32d4a5a297a11b...87532156cf3ed7b66c6db5cb1e57dff7424031ab
285,Bazel,1575652972d80f224fb3f7398eef3439e4f5a5dd,cce4a8d027715e45e52287161f72d77b1a8fb950,2231,https://github.com/bazelbuild/bazel/issues/2231,https://github.com/bazelbuild/bazel/tree/1575652972d80f224fb3f7398eef3439e4f5a5dd,https://github.com/bazelbuild/bazel/tree/cce4a8d027715e45e52287161f72d77b1a8fb950,https://github.com/bazelbuild/bazel/compare/1575652972d80f224fb3f7398eef3439e4f5a5dd...cce4a8d027715e45e52287161f72d77b1a8fb950
286,Bazel,acbcbc2ff7dab2e68801c714e57475d6d57be8f2,55c97bcf9b99916a3fe59295be64c4aee860d823,2263,https://github.com/bazelbuild/bazel/issues/2263,https://github.com/bazelbuild/bazel/tree/acbcbc2ff7dab2e68801c714e57475d6d57be8f2,https://github.com/bazelbuild/bazel/tree/55c97bcf9b99916a3fe59295be64c4aee860d823,https://github.com/bazelbuild/bazel/compare/acbcbc2ff7dab2e68801c714e57475d6d57be8f2...55c97bcf9b99916a3fe59295be64c4aee860d823
287,Bazel,5fd91e2f6b4da737f3b7fa2915aa3017558e2e9f,e4cf9aa8b63173326cfe72ba76be4303bc038def,2260,https://github.com/bazelbuild/bazel/issues/2260,https://github.com/bazelbuild/bazel/tree/5fd91e2f6b4da737f3b7fa2915aa3017558e2e9f,https://github.com/bazelbuild/bazel/tree/e4cf9aa8b63173326cfe72ba76be4303bc038def,https://github.com/bazelbuild/bazel/compare/5fd91e2f6b4da737f3b7fa2915aa3017558e2e9f...e4cf9aa8b63173326cfe72ba76be4303bc038def
288,Bazel,b9c65d1ea5254b41238c23bdfbe3543f1dbd3a42,21fb8cac60c36cb527d6131ab0092bcdf138d99a,2227,https://github.com/bazelbuild/bazel/issues/2227,https://github.com/bazelbuild/bazel/tree/b9c65d1ea5254b41238c23bdfbe3543f1dbd3a42,https://github.com/bazelbuild/bazel/tree/21fb8cac60c36cb527d6131ab0092bcdf138d99a,https://github.com/bazelbuild/bazel/compare/b9c65d1ea5254b41238c23bdfbe3543f1dbd3a42...21fb8cac60c36cb527d6131ab0092bcdf138d99a
289,Bazel,39e5a46294de31baa0411f6a59119427c66305da,4fb378c0fa08131394dc5e815f6fe5597d007a66,2256,https://github.com/bazelbuild/bazel/issues/2256,https://github.com/bazelbuild/bazel/tree/39e5a46294de31baa0411f6a59119427c66305da,https://github.com/bazelbuild/bazel/tree/4fb378c0fa08131394dc5e815f6fe5597d007a66,https://github.com/bazelbuild/bazel/compare/39e5a46294de31baa0411f6a59119427c66305da...4fb378c0fa08131394dc5e815f6fe5597d007a66
290,Bazel,b99c1cf4a253485d9b3c451fcb71ec377e1e2403,d0dac80bf8529b37962a22a75dd60508efcc0ff1,2300,https://github.com/bazelbuild/bazel/issues/2300,https://github.com/bazelbuild/bazel/tree/b99c1cf4a253485d9b3c451fcb71ec377e1e2403,https://github.com/bazelbuild/bazel/tree/d0dac80bf8529b37962a22a75dd60508efcc0ff1,https://github.com/bazelbuild/bazel/compare/b99c1cf4a253485d9b3c451fcb71ec377e1e2403...d0dac80bf8529b37962a22a75dd60508efcc0ff1
291,Bazel,a17a88dfb8e87e5d30f460e4e0b0a0fcd127da67,969d1071441979d980f2995bef1287b58cf57945,2301,https://github.com/bazelbuild/bazel/issues/2301,https://github.com/bazelbuild/bazel/tree/a17a88dfb8e87e5d30f460e4e0b0a0fcd127da67,https://github.com/bazelbuild/bazel/tree/969d1071441979d980f2995bef1287b58cf57945,https://github.com/bazelbuild/bazel/compare/a17a88dfb8e87e5d30f460e4e0b0a0fcd127da67...969d1071441979d980f2995bef1287b58cf57945
292,Bazel,45da3f16e0d718483fd77cb4cb0d50a2368a0a3e,e46ada4305f8f960303af92c539302ab7f7006ae,540,https://github.com/bazelbuild/bazel/issues/540,https://github.com/bazelbuild/bazel/tree/45da3f16e0d718483fd77cb4cb0d50a2368a0a3e,https://github.com/bazelbuild/bazel/tree/e46ada4305f8f960303af92c539302ab7f7006ae,https://github.com/bazelbuild/bazel/compare/45da3f16e0d718483fd77cb4cb0d50a2368a0a3e...e46ada4305f8f960303af92c539302ab7f7006ae
293,Bazel,e46ada4305f8f960303af92c539302ab7f7006ae,cc49b6625db2579bdf44c950e3e93b6a1e2298f7,540,https://github.com/bazelbuild/bazel/issues/540,https://github.com/bazelbuild/bazel/tree/e46ada4305f8f960303af92c539302ab7f7006ae,https://github.com/bazelbuild/bazel/tree/cc49b6625db2579bdf44c950e3e93b6a1e2298f7,https://github.com/bazelbuild/bazel/compare/e46ada4305f8f960303af92c539302ab7f7006ae...cc49b6625db2579bdf44c950e3e93b6a1e2298f7
294,Bazel,7be337f50d7b14205c56ec75d86bd9a7e835fbe5,b64349e91debe8abb8a218c6e8888dc9b42fdea3,2342,https://github.com/bazelbuild/bazel/issues/2342,https://github.com/bazelbuild/bazel/tree/7be337f50d7b14205c56ec75d86bd9a7e835fbe5,https://github.com/bazelbuild/bazel/tree/b64349e91debe8abb8a218c6e8888dc9b42fdea3,https://github.com/bazelbuild/bazel/compare/7be337f50d7b14205c56ec75d86bd9a7e835fbe5...b64349e91debe8abb8a218c6e8888dc9b42fdea3
295,Bazel,1d31fbbce646362567dbed2cba10119b7044bfea,1f22ed5e1036c42db2ab0688a910c70331b5878f,2311,https://github.com/bazelbuild/bazel/issues/2311,https://github.com/bazelbuild/bazel/tree/1d31fbbce646362567dbed2cba10119b7044bfea,https://github.com/bazelbuild/bazel/tree/1f22ed5e1036c42db2ab0688a910c70331b5878f,https://github.com/bazelbuild/bazel/compare/1d31fbbce646362567dbed2cba10119b7044bfea...1f22ed5e1036c42db2ab0688a910c70331b5878f
296,Bazel,8e95f0cba344630dec216f32f9fc0577ae4e66de,353ce4701a3a737b6acb379b1baf9466ba66dd71,2272,https://github.com/bazelbuild/bazel/issues/2272,https://github.com/bazelbuild/bazel/tree/8e95f0cba344630dec216f32f9fc0577ae4e66de,https://github.com/bazelbuild/bazel/tree/353ce4701a3a737b6acb379b1baf9466ba66dd71,https://github.com/bazelbuild/bazel/compare/8e95f0cba344630dec216f32f9fc0577ae4e66de...353ce4701a3a737b6acb379b1baf9466ba66dd71
297,Bazel,eb39663f30d4db7002ef757e1a4c66ca090ac19b,4e2509480fadc60937f640587a2a30908dbe73a9,2309,https://github.com/bazelbuild/bazel/issues/2309,https://github.com/bazelbuild/bazel/tree/eb39663f30d4db7002ef757e1a4c66ca090ac19b,https://github.com/bazelbuild/bazel/tree/4e2509480fadc60937f640587a2a30908dbe73a9,https://github.com/bazelbuild/bazel/compare/eb39663f30d4db7002ef757e1a4c66ca090ac19b...4e2509480fadc60937f640587a2a30908dbe73a9
298,Bazel,b3d0bdd0e0c2f0d766a7fd8e8428ab5b5a43ad48,cb21da8b2120ea39d16b949ce4267bd44c3a427e,2123,https://github.com/bazelbuild/bazel/issues/2123,https://github.com/bazelbuild/bazel/tree/b3d0bdd0e0c2f0d766a7fd8e8428ab5b5a43ad48,https://github.com/bazelbuild/bazel/tree/cb21da8b2120ea39d16b949ce4267bd44c3a427e,https://github.com/bazelbuild/bazel/compare/b3d0bdd0e0c2f0d766a7fd8e8428ab5b5a43ad48...cb21da8b2120ea39d16b949ce4267bd44c3a427e
299,Bazel,458651774467dcf30ad3dfeef54fae005b493da1,266bb166293c44cd6fb25d66fc2b2aff328ed69e,2123,https://github.com/bazelbuild/bazel/issues/2123,https://github.com/bazelbuild/bazel/tree/458651774467dcf30ad3dfeef54fae005b493da1,https://github.com/bazelbuild/bazel/tree/266bb166293c44cd6fb25d66fc2b2aff328ed69e,https://github.com/bazelbuild/bazel/compare/458651774467dcf30ad3dfeef54fae005b493da1...266bb166293c44cd6fb25d66fc2b2aff328ed69e
300,Bazel,2c7077fdad00ebd02586b042a053fd8fb6c426dc,05fd076ba338b80ad4e650f3ea907544a9296c1c,2189,https://github.com/bazelbuild/bazel/issues/2189,https://github.com/bazelbuild/bazel/tree/2c7077fdad00ebd02586b042a053fd8fb6c426dc,https://github.com/bazelbuild/bazel/tree/05fd076ba338b80ad4e650f3ea907544a9296c1c,https://github.com/bazelbuild/bazel/compare/2c7077fdad00ebd02586b042a053fd8fb6c426dc...05fd076ba338b80ad4e650f3ea907544a9296c1c
301,Bazel,d40c78a98e2b1f562170396f94bf54d17c6958d0,39e5a46294de31baa0411f6a59119427c66305da,2269,https://github.com/bazelbuild/bazel/issues/2269,https://github.com/bazelbuild/bazel/tree/d40c78a98e2b1f562170396f94bf54d17c6958d0,https://github.com/bazelbuild/bazel/tree/39e5a46294de31baa0411f6a59119427c66305da,https://github.com/bazelbuild/bazel/compare/d40c78a98e2b1f562170396f94bf54d17c6958d0...39e5a46294de31baa0411f6a59119427c66305da
302,Bazel,33989abc38d36dfd473dd6d3f58969b0f124fac3,f75cb39a71b0a3b1035731e88906e7d300f623f7,1405,https://github.com/bazelbuild/bazel/issues/1405,https://github.com/bazelbuild/bazel/tree/33989abc38d36dfd473dd6d3f58969b0f124fac3,https://github.com/bazelbuild/bazel/tree/f75cb39a71b0a3b1035731e88906e7d300f623f7,https://github.com/bazelbuild/bazel/compare/33989abc38d36dfd473dd6d3f58969b0f124fac3...f75cb39a71b0a3b1035731e88906e7d300f623f7
303,Bazel,b46631bcc83c02988d1993c671b67dc8e6b86fe7,9d99bc45df4a6fcfb929cf6e641459f8b33077e3,2254,https://github.com/bazelbuild/bazel/issues/2254,https://github.com/bazelbuild/bazel/tree/b46631bcc83c02988d1993c671b67dc8e6b86fe7,https://github.com/bazelbuild/bazel/tree/9d99bc45df4a6fcfb929cf6e641459f8b33077e3,https://github.com/bazelbuild/bazel/compare/b46631bcc83c02988d1993c671b67dc8e6b86fe7...9d99bc45df4a6fcfb929cf6e641459f8b33077e3
304,Bazel,6239bc5279c4967d84c4e2c14d1c0449b81a7924,45da3f16e0d718483fd77cb4cb0d50a2368a0a3e,2308,https://github.com/bazelbuild/bazel/issues/2308,https://github.com/bazelbuild/bazel/tree/6239bc5279c4967d84c4e2c14d1c0449b81a7924,https://github.com/bazelbuild/bazel/tree/45da3f16e0d718483fd77cb4cb0d50a2368a0a3e,https://github.com/bazelbuild/bazel/compare/6239bc5279c4967d84c4e2c14d1c0449b81a7924...45da3f16e0d718483fd77cb4cb0d50a2368a0a3e
305,Bazel,cb174258b2c660f6df86436ac256d190e76c346a,46d3632d4a9ba3344e362bfd3f4617635607de0f,2405,https://github.com/bazelbuild/bazel/issues/2405,https://github.com/bazelbuild/bazel/tree/cb174258b2c660f6df86436ac256d190e76c346a,https://github.com/bazelbuild/bazel/tree/46d3632d4a9ba3344e362bfd3f4617635607de0f,https://github.com/bazelbuild/bazel/compare/cb174258b2c660f6df86436ac256d190e76c346a...46d3632d4a9ba3344e362bfd3f4617635607de0f
306,Bazel,ec5837de94117515d89c5f172d73b4f9a5fc8a36,5ab5cbdc81cbcb9b80ce4def179d5d9f3cfd443a,1264,https://github.com/bazelbuild/bazel/issues/1264,https://github.com/bazelbuild/bazel/tree/ec5837de94117515d89c5f172d73b4f9a5fc8a36,https://github.com/bazelbuild/bazel/tree/5ab5cbdc81cbcb9b80ce4def179d5d9f3cfd443a,https://github.com/bazelbuild/bazel/compare/ec5837de94117515d89c5f172d73b4f9a5fc8a36...5ab5cbdc81cbcb9b80ce4def179d5d9f3cfd443a
307,Bazel,fc346a9814d6ee9de4fc0df45ee7ec20dcdce886,7d5b31f9cb33dd86542cd2cd0fea63954010fc00,2049,https://github.com/bazelbuild/bazel/issues/2049,https://github.com/bazelbuild/bazel/tree/fc346a9814d6ee9de4fc0df45ee7ec20dcdce886,https://github.com/bazelbuild/bazel/tree/7d5b31f9cb33dd86542cd2cd0fea63954010fc00,https://github.com/bazelbuild/bazel/compare/fc346a9814d6ee9de4fc0df45ee7ec20dcdce886...7d5b31f9cb33dd86542cd2cd0fea63954010fc00
308,Bazel,97e79cc5773835c199ff8eefd29379bc64ab59a4,d1620b1796781ce01520a86c63f9903b8b998974,2419,https://github.com/bazelbuild/bazel/issues/2419,https://github.com/bazelbuild/bazel/tree/97e79cc5773835c199ff8eefd29379bc64ab59a4,https://github.com/bazelbuild/bazel/tree/d1620b1796781ce01520a86c63f9903b8b998974,https://github.com/bazelbuild/bazel/compare/97e79cc5773835c199ff8eefd29379bc64ab59a4...d1620b1796781ce01520a86c63f9903b8b998974
309,Bazel,dd04adf4877963e76ac83018b46e87ad1c3095b3,015edb05335fa26a2021827502d368dbc154e9ae,2429,https://github.com/bazelbuild/bazel/issues/2429,https://github.com/bazelbuild/bazel/tree/dd04adf4877963e76ac83018b46e87ad1c3095b3,https://github.com/bazelbuild/bazel/tree/015edb05335fa26a2021827502d368dbc154e9ae,https://github.com/bazelbuild/bazel/compare/dd04adf4877963e76ac83018b46e87ad1c3095b3...015edb05335fa26a2021827502d368dbc154e9ae
310,Bazel,015edb05335fa26a2021827502d368dbc154e9ae,bbfa9fa5ad1dd66ecedcb136a4ff3d0f8d397b9b,2426,https://github.com/bazelbuild/bazel/issues/2426,https://github.com/bazelbuild/bazel/tree/015edb05335fa26a2021827502d368dbc154e9ae,https://github.com/bazelbuild/bazel/tree/bbfa9fa5ad1dd66ecedcb136a4ff3d0f8d397b9b,https://github.com/bazelbuild/bazel/compare/015edb05335fa26a2021827502d368dbc154e9ae...bbfa9fa5ad1dd66ecedcb136a4ff3d0f8d397b9b
311,Bazel,bbfa9fa5ad1dd66ecedcb136a4ff3d0f8d397b9b,dbdaf83fe5480179bf65b86421168a5dba0e2198,2429,https://github.com/bazelbuild/bazel/issues/2429,https://github.com/bazelbuild/bazel/tree/bbfa9fa5ad1dd66ecedcb136a4ff3d0f8d397b9b,https://github.com/bazelbuild/bazel/tree/dbdaf83fe5480179bf65b86421168a5dba0e2198,https://github.com/bazelbuild/bazel/compare/bbfa9fa5ad1dd66ecedcb136a4ff3d0f8d397b9b...dbdaf83fe5480179bf65b86421168a5dba0e2198
312,Bazel,09f42d58ad8a3312ec5b443b8cc655d0a7cb61df,83c64654b20c79caccddf64c9099c2469f96ebaa,1342,https://github.com/bazelbuild/bazel/issues/1342,https://github.com/bazelbuild/bazel/tree/09f42d58ad8a3312ec5b443b8cc655d0a7cb61df,https://github.com/bazelbuild/bazel/tree/83c64654b20c79caccddf64c9099c2469f96ebaa,https://github.com/bazelbuild/bazel/compare/09f42d58ad8a3312ec5b443b8cc655d0a7cb61df...83c64654b20c79caccddf64c9099c2469f96ebaa
313,Bazel,549fa152cfab9bf2a7c9ff2eed369c928c4ab19d,b70343f1ad52fa29541494ce11c4af35168a4f34,2384,https://github.com/bazelbuild/bazel/issues/2384,https://github.com/bazelbuild/bazel/tree/549fa152cfab9bf2a7c9ff2eed369c928c4ab19d,https://github.com/bazelbuild/bazel/tree/b70343f1ad52fa29541494ce11c4af35168a4f34,https://github.com/bazelbuild/bazel/compare/549fa152cfab9bf2a7c9ff2eed369c928c4ab19d...b70343f1ad52fa29541494ce11c4af35168a4f34
314,Bazel,a1771eba8b505742c9a62e8b261e9d66cdc10c4e,96297ed7a9ab3df0f45e93bae9d71833f4195334,2429,https://github.com/bazelbuild/bazel/issues/2429,https://github.com/bazelbuild/bazel/tree/a1771eba8b505742c9a62e8b261e9d66cdc10c4e,https://github.com/bazelbuild/bazel/tree/96297ed7a9ab3df0f45e93bae9d71833f4195334,https://github.com/bazelbuild/bazel/compare/a1771eba8b505742c9a62e8b261e9d66cdc10c4e...96297ed7a9ab3df0f45e93bae9d71833f4195334
315,Bazel,3f82cc139f6650e0c201466fa395941ef00c5213,46dacc9f9407065bc3db0938dfda97724911cee2,2426,https://github.com/bazelbuild/bazel/issues/2426,https://github.com/bazelbuild/bazel/tree/3f82cc139f6650e0c201466fa395941ef00c5213,https://github.com/bazelbuild/bazel/tree/46dacc9f9407065bc3db0938dfda97724911cee2,https://github.com/bazelbuild/bazel/compare/3f82cc139f6650e0c201466fa395941ef00c5213...46dacc9f9407065bc3db0938dfda97724911cee2
316,Bazel,eaa5281942eaeda294b7e36ab012f592c1f637c2,28d9bd3d17e9532e97ce72dc9001d94b7e64368c,2018,https://github.com/bazelbuild/bazel/issues/2018,https://github.com/bazelbuild/bazel/tree/eaa5281942eaeda294b7e36ab012f592c1f637c2,https://github.com/bazelbuild/bazel/tree/28d9bd3d17e9532e97ce72dc9001d94b7e64368c,https://github.com/bazelbuild/bazel/compare/eaa5281942eaeda294b7e36ab012f592c1f637c2...28d9bd3d17e9532e97ce72dc9001d94b7e64368c
317,Bazel,41aa37270a87e61bdf739284602842d6a23f94d1,ffe3c894a505682bb8980c0364a2adcbf968377b,2470,https://github.com/bazelbuild/bazel/issues/2470,https://github.com/bazelbuild/bazel/tree/41aa37270a87e61bdf739284602842d6a23f94d1,https://github.com/bazelbuild/bazel/tree/ffe3c894a505682bb8980c0364a2adcbf968377b,https://github.com/bazelbuild/bazel/compare/41aa37270a87e61bdf739284602842d6a23f94d1...ffe3c894a505682bb8980c0364a2adcbf968377b
318,Bazel,dbdaf83fe5480179bf65b86421168a5dba0e2198,00ac342f386be8b8ce1bdb11515c7828e86903c0,2426,https://github.com/bazelbuild/bazel/issues/2426,https://github.com/bazelbuild/bazel/tree/dbdaf83fe5480179bf65b86421168a5dba0e2198,https://github.com/bazelbuild/bazel/tree/00ac342f386be8b8ce1bdb11515c7828e86903c0,https://github.com/bazelbuild/bazel/compare/dbdaf83fe5480179bf65b86421168a5dba0e2198...00ac342f386be8b8ce1bdb11515c7828e86903c0
319,Bazel,92f182bd1058ac05db8592d3f390826d2f94ed98,f1813e48e42adfaa93ad1c6468cbc77f70d8df7f,2426,https://github.com/bazelbuild/bazel/issues/2426,https://github.com/bazelbuild/bazel/tree/92f182bd1058ac05db8592d3f390826d2f94ed98,https://github.com/bazelbuild/bazel/tree/f1813e48e42adfaa93ad1c6468cbc77f70d8df7f,https://github.com/bazelbuild/bazel/compare/92f182bd1058ac05db8592d3f390826d2f94ed98...f1813e48e42adfaa93ad1c6468cbc77f70d8df7f
320,Bazel,c1641b8f953120dc04ac562b1529e8b0d775da25,448ee8124be341975633f67e35d699bbf57b963a,1793,https://github.com/bazelbuild/bazel/issues/1793,https://github.com/bazelbuild/bazel/tree/c1641b8f953120dc04ac562b1529e8b0d775da25,https://github.com/bazelbuild/bazel/tree/448ee8124be341975633f67e35d699bbf57b963a,https://github.com/bazelbuild/bazel/compare/c1641b8f953120dc04ac562b1529e8b0d775da25...448ee8124be341975633f67e35d699bbf57b963a
321,Bazel,c97ec7b5ba3323376eaa865f4eec1d86615c5873,88b20ae90bdeb77bdfd1c764805bd8ad5d55f3d7,2526,https://github.com/bazelbuild/bazel/issues/2526,https://github.com/bazelbuild/bazel/tree/c97ec7b5ba3323376eaa865f4eec1d86615c5873,https://github.com/bazelbuild/bazel/tree/88b20ae90bdeb77bdfd1c764805bd8ad5d55f3d7,https://github.com/bazelbuild/bazel/compare/c97ec7b5ba3323376eaa865f4eec1d86615c5873...88b20ae90bdeb77bdfd1c764805bd8ad5d55f3d7
322,Bazel,0145a3b81bb7077ac4a2daffedf4bf9d115df189,4d3bd44559b5267aca5305b2aa4b9fcd63c4c2aa,2552,https://github.com/bazelbuild/bazel/issues/2552,https://github.com/bazelbuild/bazel/tree/0145a3b81bb7077ac4a2daffedf4bf9d115df189,https://github.com/bazelbuild/bazel/tree/4d3bd44559b5267aca5305b2aa4b9fcd63c4c2aa,https://github.com/bazelbuild/bazel/compare/0145a3b81bb7077ac4a2daffedf4bf9d115df189...4d3bd44559b5267aca5305b2aa4b9fcd63c4c2aa
323,Bazel,cdbf1db4909f3cd9c40b319719428b93aa0ce1c9,aae324520e667b8872a048cef4886c35a1597a91,2554,https://github.com/bazelbuild/bazel/issues/2554,https://github.com/bazelbuild/bazel/tree/cdbf1db4909f3cd9c40b319719428b93aa0ce1c9,https://github.com/bazelbuild/bazel/tree/aae324520e667b8872a048cef4886c35a1597a91,https://github.com/bazelbuild/bazel/compare/cdbf1db4909f3cd9c40b319719428b93aa0ce1c9...aae324520e667b8872a048cef4886c35a1597a91
324,Bazel,adaeaed85286aa27a682239c84e69a56cacf20c8,6a6fb3ac7727a34b0d8791382ed23e7c510ff3a7,1022,https://github.com/bazelbuild/bazel/issues/1022,https://github.com/bazelbuild/bazel/tree/adaeaed85286aa27a682239c84e69a56cacf20c8,https://github.com/bazelbuild/bazel/tree/6a6fb3ac7727a34b0d8791382ed23e7c510ff3a7,https://github.com/bazelbuild/bazel/compare/adaeaed85286aa27a682239c84e69a56cacf20c8...6a6fb3ac7727a34b0d8791382ed23e7c510ff3a7
325,Bazel,4816cfa732b0770d5450bf04ec78dda3d4c4dfd0,414d08c8c7b72d749fbf6a861c75f547f64fe54d,2178,https://github.com/bazelbuild/bazel/issues/2178,https://github.com/bazelbuild/bazel/tree/4816cfa732b0770d5450bf04ec78dda3d4c4dfd0,https://github.com/bazelbuild/bazel/tree/414d08c8c7b72d749fbf6a861c75f547f64fe54d,https://github.com/bazelbuild/bazel/compare/4816cfa732b0770d5450bf04ec78dda3d4c4dfd0...414d08c8c7b72d749fbf6a861c75f547f64fe54d
326,Bazel,414d08c8c7b72d749fbf6a861c75f547f64fe54d,c9333b4996679c7f7120ff6dad087790b34908f6,2552,https://github.com/bazelbuild/bazel/issues/2552,https://github.com/bazelbuild/bazel/tree/414d08c8c7b72d749fbf6a861c75f547f64fe54d,https://github.com/bazelbuild/bazel/tree/c9333b4996679c7f7120ff6dad087790b34908f6,https://github.com/bazelbuild/bazel/compare/414d08c8c7b72d749fbf6a861c75f547f64fe54d...c9333b4996679c7f7120ff6dad087790b34908f6
327,Bazel,6b3b8d0ba073100bf9858fb65c2cc99dcd4d792e,71c72c1515eb92730c28bebf65c925eadbe7b5a9,2275,https://github.com/bazelbuild/bazel/issues/2275,https://github.com/bazelbuild/bazel/tree/6b3b8d0ba073100bf9858fb65c2cc99dcd4d792e,https://github.com/bazelbuild/bazel/tree/71c72c1515eb92730c28bebf65c925eadbe7b5a9,https://github.com/bazelbuild/bazel/compare/6b3b8d0ba073100bf9858fb65c2cc99dcd4d792e...71c72c1515eb92730c28bebf65c925eadbe7b5a9
328,Bazel,4229823937ad6c6395fefd51b5f617a40d4ce46b,738e5727bab23961c7cc423606f38f8b97a8150e,1458,https://github.com/bazelbuild/bazel/issues/1458,https://github.com/bazelbuild/bazel/tree/4229823937ad6c6395fefd51b5f617a40d4ce46b,https://github.com/bazelbuild/bazel/tree/738e5727bab23961c7cc423606f38f8b97a8150e,https://github.com/bazelbuild/bazel/compare/4229823937ad6c6395fefd51b5f617a40d4ce46b...738e5727bab23961c7cc423606f38f8b97a8150e
329,Bazel,4229823937ad6c6395fefd51b5f617a40d4ce46b,738e5727bab23961c7cc423606f38f8b97a8150e,2394,https://github.com/bazelbuild/bazel/issues/2394,https://github.com/bazelbuild/bazel/tree/4229823937ad6c6395fefd51b5f617a40d4ce46b,https://github.com/bazelbuild/bazel/tree/738e5727bab23961c7cc423606f38f8b97a8150e,https://github.com/bazelbuild/bazel/compare/4229823937ad6c6395fefd51b5f617a40d4ce46b...738e5727bab23961c7cc423606f38f8b97a8150e
330,Bazel,1409aa313aa65804697e7ef5413315e8c38a2f91,5f19fd5f82583205c950dad024ebe014267a03b9,2580,https://github.com/bazelbuild/bazel/issues/2580,https://github.com/bazelbuild/bazel/tree/1409aa313aa65804697e7ef5413315e8c38a2f91,https://github.com/bazelbuild/bazel/tree/5f19fd5f82583205c950dad024ebe014267a03b9,https://github.com/bazelbuild/bazel/compare/1409aa313aa65804697e7ef5413315e8c38a2f91...5f19fd5f82583205c950dad024ebe014267a03b9
331,Bazel,1f2caa59933cdf6fe2a74f44c76f0cf89ad4d8c1,d5649814525d62d787a1dbeb596ef6ac5d2c7d38,2426,https://github.com/bazelbuild/bazel/issues/2426,https://github.com/bazelbuild/bazel/tree/1f2caa59933cdf6fe2a74f44c76f0cf89ad4d8c1,https://github.com/bazelbuild/bazel/tree/d5649814525d62d787a1dbeb596ef6ac5d2c7d38,https://github.com/bazelbuild/bazel/compare/1f2caa59933cdf6fe2a74f44c76f0cf89ad4d8c1...d5649814525d62d787a1dbeb596ef6ac5d2c7d38
332,Bazel,2997e2574e198ebcbff2aaf4e468077061561ab3,2bdf5349b34ad6a1be888cc61ed5826cfdde5f27,2554,https://github.com/bazelbuild/bazel/issues/2554,https://github.com/bazelbuild/bazel/tree/2997e2574e198ebcbff2aaf4e468077061561ab3,https://github.com/bazelbuild/bazel/tree/2bdf5349b34ad6a1be888cc61ed5826cfdde5f27,https://github.com/bazelbuild/bazel/compare/2997e2574e198ebcbff2aaf4e468077061561ab3...2bdf5349b34ad6a1be888cc61ed5826cfdde5f27
333,Bazel,97b6af8d71bf54bfa62f18e90a458394da76087a,df23e2f2512c45143d113a3b3101afc8a4fa4e83,1178,https://github.com/bazelbuild/bazel/issues/1178,https://github.com/bazelbuild/bazel/tree/97b6af8d71bf54bfa62f18e90a458394da76087a,https://github.com/bazelbuild/bazel/tree/df23e2f2512c45143d113a3b3101afc8a4fa4e83,https://github.com/bazelbuild/bazel/compare/97b6af8d71bf54bfa62f18e90a458394da76087a...df23e2f2512c45143d113a3b3101afc8a4fa4e83
334,Bazel,14b53897b499da457e26aa779c3b63c85838f204,acdd43bf8832db562312c6b273687dd6f1d219b7,2597,https://github.com/bazelbuild/bazel/issues/2597,https://github.com/bazelbuild/bazel/tree/14b53897b499da457e26aa779c3b63c85838f204,https://github.com/bazelbuild/bazel/tree/acdd43bf8832db562312c6b273687dd6f1d219b7,https://github.com/bazelbuild/bazel/compare/14b53897b499da457e26aa779c3b63c85838f204...acdd43bf8832db562312c6b273687dd6f1d219b7
335,Bazel,4d454a96832b311589a3849632b68cb3f0bd1915,6935ad673a9d1ee88945191c210dc80edfe02d84,2250,https://github.com/bazelbuild/bazel/issues/2250,https://github.com/bazelbuild/bazel/tree/4d454a96832b311589a3849632b68cb3f0bd1915,https://github.com/bazelbuild/bazel/tree/6935ad673a9d1ee88945191c210dc80edfe02d84,https://github.com/bazelbuild/bazel/compare/4d454a96832b311589a3849632b68cb3f0bd1915...6935ad673a9d1ee88945191c210dc80edfe02d84
336,Bazel,105db844833c016550817662791e5c04efb91445,30490512eb0e48a3774cc4e4ef78680e77dd4e47,2591,https://github.com/bazelbuild/bazel/issues/2591,https://github.com/bazelbuild/bazel/tree/105db844833c016550817662791e5c04efb91445,https://github.com/bazelbuild/bazel/tree/30490512eb0e48a3774cc4e4ef78680e77dd4e47,https://github.com/bazelbuild/bazel/compare/105db844833c016550817662791e5c04efb91445...30490512eb0e48a3774cc4e4ef78680e77dd4e47
337,Bazel,ddcfc61a2dff9cdf2ea03ffa4dc3707aafb28b0e,e8d1177eef9a9798d2b971630b8cea59471eec33,2621,https://github.com/bazelbuild/bazel/issues/2621,https://github.com/bazelbuild/bazel/tree/ddcfc61a2dff9cdf2ea03ffa4dc3707aafb28b0e,https://github.com/bazelbuild/bazel/tree/e8d1177eef9a9798d2b971630b8cea59471eec33,https://github.com/bazelbuild/bazel/compare/ddcfc61a2dff9cdf2ea03ffa4dc3707aafb28b0e...e8d1177eef9a9798d2b971630b8cea59471eec33
338,Bazel,cddaaa66b9aac7c4ea4772ae2a23b97426d267c2,4e79e80e2899fcc0974e8e89227ad7a6fc48ccc1,1260,https://github.com/bazelbuild/bazel/issues/1260,https://github.com/bazelbuild/bazel/tree/cddaaa66b9aac7c4ea4772ae2a23b97426d267c2,https://github.com/bazelbuild/bazel/tree/4e79e80e2899fcc0974e8e89227ad7a6fc48ccc1,https://github.com/bazelbuild/bazel/compare/cddaaa66b9aac7c4ea4772ae2a23b97426d267c2...4e79e80e2899fcc0974e8e89227ad7a6fc48ccc1
339,Bazel,cddaaa66b9aac7c4ea4772ae2a23b97426d267c2,4e79e80e2899fcc0974e8e89227ad7a6fc48ccc1,2563,https://github.com/bazelbuild/bazel/issues/2563,https://github.com/bazelbuild/bazel/tree/cddaaa66b9aac7c4ea4772ae2a23b97426d267c2,https://github.com/bazelbuild/bazel/tree/4e79e80e2899fcc0974e8e89227ad7a6fc48ccc1,https://github.com/bazelbuild/bazel/compare/cddaaa66b9aac7c4ea4772ae2a23b97426d267c2...4e79e80e2899fcc0974e8e89227ad7a6fc48ccc1
340,Bazel,8527ee53c66dc15ed033c67e55c393b0c3faa78b,869d52f145c077e3499b88df752cebc60af51d66,2621,https://github.com/bazelbuild/bazel/issues/2621,https://github.com/bazelbuild/bazel/tree/8527ee53c66dc15ed033c67e55c393b0c3faa78b,https://github.com/bazelbuild/bazel/tree/869d52f145c077e3499b88df752cebc60af51d66,https://github.com/bazelbuild/bazel/compare/8527ee53c66dc15ed033c67e55c393b0c3faa78b...869d52f145c077e3499b88df752cebc60af51d66
341,Bazel,3b99ad4144bc8530dc7454c539472ec5c7f415e8,967de7358db7cf774910019cefdaf8fd2ff5c789,2635,https://github.com/bazelbuild/bazel/issues/2635,https://github.com/bazelbuild/bazel/tree/3b99ad4144bc8530dc7454c539472ec5c7f415e8,https://github.com/bazelbuild/bazel/tree/967de7358db7cf774910019cefdaf8fd2ff5c789,https://github.com/bazelbuild/bazel/compare/3b99ad4144bc8530dc7454c539472ec5c7f415e8...967de7358db7cf774910019cefdaf8fd2ff5c789
342,Bazel,ab444923f3d2566a2be3860bd448f79af3c3fe43,b6d961f1cc89514f918843d8d41f3da2cfc27b4b,2551,https://github.com/bazelbuild/bazel/issues/2551,https://github.com/bazelbuild/bazel/tree/ab444923f3d2566a2be3860bd448f79af3c3fe43,https://github.com/bazelbuild/bazel/tree/b6d961f1cc89514f918843d8d41f3da2cfc27b4b,https://github.com/bazelbuild/bazel/compare/ab444923f3d2566a2be3860bd448f79af3c3fe43...b6d961f1cc89514f918843d8d41f3da2cfc27b4b
343,Bazel,c0fac18ed2e0407556f91317c5fdd6bcf57f5a8b,1fce95d0d3256253723fe87322d38f5ce63a2e88,2270,https://github.com/bazelbuild/bazel/issues/2270,https://github.com/bazelbuild/bazel/tree/c0fac18ed2e0407556f91317c5fdd6bcf57f5a8b,https://github.com/bazelbuild/bazel/tree/1fce95d0d3256253723fe87322d38f5ce63a2e88,https://github.com/bazelbuild/bazel/compare/c0fac18ed2e0407556f91317c5fdd6bcf57f5a8b...1fce95d0d3256253723fe87322d38f5ce63a2e88
344,Bazel,94d8f4e9c8c8757aa7ab7c1a7c3e9afb34039127,51eafed7eba88ae716da4f33f2133d4860862438,1676,https://github.com/bazelbuild/bazel/issues/1676,https://github.com/bazelbuild/bazel/tree/94d8f4e9c8c8757aa7ab7c1a7c3e9afb34039127,https://github.com/bazelbuild/bazel/tree/51eafed7eba88ae716da4f33f2133d4860862438,https://github.com/bazelbuild/bazel/compare/94d8f4e9c8c8757aa7ab7c1a7c3e9afb34039127...51eafed7eba88ae716da4f33f2133d4860862438
345,Bazel,17e2033e34074e8b8de8944e79783f05092762ab,d72bc57b60b26245e64f5ccafe023a5ede81cc7f,2644,https://github.com/bazelbuild/bazel/issues/2644,https://github.com/bazelbuild/bazel/tree/17e2033e34074e8b8de8944e79783f05092762ab,https://github.com/bazelbuild/bazel/tree/d72bc57b60b26245e64f5ccafe023a5ede81cc7f,https://github.com/bazelbuild/bazel/compare/17e2033e34074e8b8de8944e79783f05092762ab...d72bc57b60b26245e64f5ccafe023a5ede81cc7f
346,Bazel,a5ba0d3711e84ef47525d6b7fe1ca9871853c1a6,0e3757164a2f67414ac0ce7b3d84125ad6c01564,2502,https://github.com/bazelbuild/bazel/issues/2502,https://github.com/bazelbuild/bazel/tree/a5ba0d3711e84ef47525d6b7fe1ca9871853c1a6,https://github.com/bazelbuild/bazel/tree/0e3757164a2f67414ac0ce7b3d84125ad6c01564,https://github.com/bazelbuild/bazel/compare/a5ba0d3711e84ef47525d6b7fe1ca9871853c1a6...0e3757164a2f67414ac0ce7b3d84125ad6c01564
347,Bazel,17dee66cba5480c7b70abb3530aeb309ee9c8847,222b03cd7562e8c44f07e6decd900a4d52b4f95f,1160,https://github.com/bazelbuild/bazel/issues/1160,https://github.com/bazelbuild/bazel/tree/17dee66cba5480c7b70abb3530aeb309ee9c8847,https://github.com/bazelbuild/bazel/tree/222b03cd7562e8c44f07e6decd900a4d52b4f95f,https://github.com/bazelbuild/bazel/compare/17dee66cba5480c7b70abb3530aeb309ee9c8847...222b03cd7562e8c44f07e6decd900a4d52b4f95f
348,Bazel,5387c730e7d5561219e80cf007d7f19cbc5a9f21,c34320d27b5360e24c36b1bdca1d3081828a64fb,2717,https://github.com/bazelbuild/bazel/issues/2717,https://github.com/bazelbuild/bazel/tree/5387c730e7d5561219e80cf007d7f19cbc5a9f21,https://github.com/bazelbuild/bazel/tree/c34320d27b5360e24c36b1bdca1d3081828a64fb,https://github.com/bazelbuild/bazel/compare/5387c730e7d5561219e80cf007d7f19cbc5a9f21...c34320d27b5360e24c36b1bdca1d3081828a64fb
349,Bazel,c34320d27b5360e24c36b1bdca1d3081828a64fb,b3dfc40f0e82c2a7ddfa97b0da9bcbaeced06558,2721,https://github.com/bazelbuild/bazel/issues/2721,https://github.com/bazelbuild/bazel/tree/c34320d27b5360e24c36b1bdca1d3081828a64fb,https://github.com/bazelbuild/bazel/tree/b3dfc40f0e82c2a7ddfa97b0da9bcbaeced06558,https://github.com/bazelbuild/bazel/compare/c34320d27b5360e24c36b1bdca1d3081828a64fb...b3dfc40f0e82c2a7ddfa97b0da9bcbaeced06558
350,Bazel,0248dbb92e54b411b24166abda64f3f57f3eab35,40bf169dfad2a3285d255c9100450b29be63202c,1593,https://github.com/bazelbuild/bazel/issues/1593,https://github.com/bazelbuild/bazel/tree/0248dbb92e54b411b24166abda64f3f57f3eab35,https://github.com/bazelbuild/bazel/tree/40bf169dfad2a3285d255c9100450b29be63202c,https://github.com/bazelbuild/bazel/compare/0248dbb92e54b411b24166abda64f3f57f3eab35...40bf169dfad2a3285d255c9100450b29be63202c
351,Bazel,c2d773ef4c0916a44fd7936f7bbc22ec55102915,6c5a182c7032a4e443ac882982d2f2a1b3ea4474,1948,https://github.com/bazelbuild/bazel/issues/1948,https://github.com/bazelbuild/bazel/tree/c2d773ef4c0916a44fd7936f7bbc22ec55102915,https://github.com/bazelbuild/bazel/tree/6c5a182c7032a4e443ac882982d2f2a1b3ea4474,https://github.com/bazelbuild/bazel/compare/c2d773ef4c0916a44fd7936f7bbc22ec55102915...6c5a182c7032a4e443ac882982d2f2a1b3ea4474
352,Bazel,2879971666e0cc3f1f24ae91b88c4400af77e7f3,3e2329a73ffd5d60e5e2babe60ebe5bf322c07da,1882,https://github.com/bazelbuild/bazel/issues/1882,https://github.com/bazelbuild/bazel/tree/2879971666e0cc3f1f24ae91b88c4400af77e7f3,https://github.com/bazelbuild/bazel/tree/3e2329a73ffd5d60e5e2babe60ebe5bf322c07da,https://github.com/bazelbuild/bazel/compare/2879971666e0cc3f1f24ae91b88c4400af77e7f3...3e2329a73ffd5d60e5e2babe60ebe5bf322c07da
353,Bazel,b102cf7d234e8c69cfb28a502076ac529138011e,c2d773ef4c0916a44fd7936f7bbc22ec55102915,1972,https://github.com/bazelbuild/bazel/issues/1972,https://github.com/bazelbuild/bazel/tree/b102cf7d234e8c69cfb28a502076ac529138011e,https://github.com/bazelbuild/bazel/tree/c2d773ef4c0916a44fd7936f7bbc22ec55102915,https://github.com/bazelbuild/bazel/compare/b102cf7d234e8c69cfb28a502076ac529138011e...c2d773ef4c0916a44fd7936f7bbc22ec55102915
354,Bazel,8d739f2fad3fd0135b940170691b0119c5baca1e,28d378bb6d62a59930142d618af882b257491c05,2508,https://github.com/bazelbuild/bazel/issues/2508,https://github.com/bazelbuild/bazel/tree/8d739f2fad3fd0135b940170691b0119c5baca1e,https://github.com/bazelbuild/bazel/tree/28d378bb6d62a59930142d618af882b257491c05,https://github.com/bazelbuild/bazel/compare/8d739f2fad3fd0135b940170691b0119c5baca1e...28d378bb6d62a59930142d618af882b257491c05
355,Bazel,052c2dc7468ebb7b7ad256a02572938d5f64df6a,629eeccbd1bc0af3a2e682a1cf154a543d07c2ca,1490,https://github.com/bazelbuild/bazel/issues/1490,https://github.com/bazelbuild/bazel/tree/052c2dc7468ebb7b7ad256a02572938d5f64df6a,https://github.com/bazelbuild/bazel/tree/629eeccbd1bc0af3a2e682a1cf154a543d07c2ca,https://github.com/bazelbuild/bazel/compare/052c2dc7468ebb7b7ad256a02572938d5f64df6a...629eeccbd1bc0af3a2e682a1cf154a543d07c2ca
356,Bazel,ea6f209f88e4292f0af5b75ef6872e1902eaeccd,1d9e1ac90197b1d3d7b137ba3c1ada67bb9ba31b,1681,https://github.com/bazelbuild/bazel/issues/1681,https://github.com/bazelbuild/bazel/tree/ea6f209f88e4292f0af5b75ef6872e1902eaeccd,https://github.com/bazelbuild/bazel/tree/1d9e1ac90197b1d3d7b137ba3c1ada67bb9ba31b,https://github.com/bazelbuild/bazel/compare/ea6f209f88e4292f0af5b75ef6872e1902eaeccd...1d9e1ac90197b1d3d7b137ba3c1ada67bb9ba31b
357,Bazel,64f80799ed5c6369ffb6814f939a7964b0fa7c49,c4134802dd15d6ef5cca6521f6bf6aac395ee2ad,1681,https://github.com/bazelbuild/bazel/issues/1681,https://github.com/bazelbuild/bazel/tree/64f80799ed5c6369ffb6814f939a7964b0fa7c49,https://github.com/bazelbuild/bazel/tree/c4134802dd15d6ef5cca6521f6bf6aac395ee2ad,https://github.com/bazelbuild/bazel/compare/64f80799ed5c6369ffb6814f939a7964b0fa7c49...c4134802dd15d6ef5cca6521f6bf6aac395ee2ad
358,Bazel,5e9abe661f20fd77a89cb1cf22b68de28f56367f,8d739f2fad3fd0135b940170691b0119c5baca1e,2056,https://github.com/bazelbuild/bazel/issues/2056,https://github.com/bazelbuild/bazel/tree/5e9abe661f20fd77a89cb1cf22b68de28f56367f,https://github.com/bazelbuild/bazel/tree/8d739f2fad3fd0135b940170691b0119c5baca1e,https://github.com/bazelbuild/bazel/compare/5e9abe661f20fd77a89cb1cf22b68de28f56367f...8d739f2fad3fd0135b940170691b0119c5baca1e
359,Bazel,5e9abe661f20fd77a89cb1cf22b68de28f56367f,8d739f2fad3fd0135b940170691b0119c5baca1e,1460,https://github.com/bazelbuild/bazel/issues/1460,https://github.com/bazelbuild/bazel/tree/5e9abe661f20fd77a89cb1cf22b68de28f56367f,https://github.com/bazelbuild/bazel/tree/8d739f2fad3fd0135b940170691b0119c5baca1e,https://github.com/bazelbuild/bazel/compare/5e9abe661f20fd77a89cb1cf22b68de28f56367f...8d739f2fad3fd0135b940170691b0119c5baca1e
360,Bazel,ee3e19202ab9aaf3ed6ff13af029a7f643af7f3a,e59d3a00ad4861c5e64ef90860d56316377bd50e,1264,https://github.com/bazelbuild/bazel/issues/1264,https://github.com/bazelbuild/bazel/tree/ee3e19202ab9aaf3ed6ff13af029a7f643af7f3a,https://github.com/bazelbuild/bazel/tree/e59d3a00ad4861c5e64ef90860d56316377bd50e,https://github.com/bazelbuild/bazel/compare/ee3e19202ab9aaf3ed6ff13af029a7f643af7f3a...e59d3a00ad4861c5e64ef90860d56316377bd50e
361,Bazel,481133fdbcbd4160ea78963a6f8f0db0f5b322f8,c83c570ccf619a0afb9919851067a825eb1ac9ff,2769,https://github.com/bazelbuild/bazel/issues/2769,https://github.com/bazelbuild/bazel/tree/481133fdbcbd4160ea78963a6f8f0db0f5b322f8,https://github.com/bazelbuild/bazel/tree/c83c570ccf619a0afb9919851067a825eb1ac9ff,https://github.com/bazelbuild/bazel/compare/481133fdbcbd4160ea78963a6f8f0db0f5b322f8...c83c570ccf619a0afb9919851067a825eb1ac9ff
362,Bazel,8b715ee304268138cf2725f6049598299cebb9ed,f4408f6be00667684d000aa97ad4e142b752efa4,1413,https://github.com/bazelbuild/bazel/issues/1413,https://github.com/bazelbuild/bazel/tree/8b715ee304268138cf2725f6049598299cebb9ed,https://github.com/bazelbuild/bazel/tree/f4408f6be00667684d000aa97ad4e142b752efa4,https://github.com/bazelbuild/bazel/compare/8b715ee304268138cf2725f6049598299cebb9ed...f4408f6be00667684d000aa97ad4e142b752efa4
363,Bazel,bb752ad0d85c9bfcb1359f091e956ab88544a7ef,05a7984f2e168fc63b134179c538f89a63308661,2848,https://github.com/bazelbuild/bazel/issues/2848,https://github.com/bazelbuild/bazel/tree/bb752ad0d85c9bfcb1359f091e956ab88544a7ef,https://github.com/bazelbuild/bazel/tree/05a7984f2e168fc63b134179c538f89a63308661,https://github.com/bazelbuild/bazel/compare/bb752ad0d85c9bfcb1359f091e956ab88544a7ef...05a7984f2e168fc63b134179c538f89a63308661
364,Bazel,2630d8ed29e35fc4822f217b85949e315a7eac45,dd99e4b9b4c9640ec5e9b9363282e547dd90a399,1413,https://github.com/bazelbuild/bazel/issues/1413,https://github.com/bazelbuild/bazel/tree/2630d8ed29e35fc4822f217b85949e315a7eac45,https://github.com/bazelbuild/bazel/tree/dd99e4b9b4c9640ec5e9b9363282e547dd90a399,https://github.com/bazelbuild/bazel/compare/2630d8ed29e35fc4822f217b85949e315a7eac45...dd99e4b9b4c9640ec5e9b9363282e547dd90a399
365,Bazel,3d17debd914bdea796068aac48a090d11ad400b3,fdba19031961506e2481de1895894ec0b43e4faf,2845,https://github.com/bazelbuild/bazel/issues/2845,https://github.com/bazelbuild/bazel/tree/3d17debd914bdea796068aac48a090d11ad400b3,https://github.com/bazelbuild/bazel/tree/fdba19031961506e2481de1895894ec0b43e4faf,https://github.com/bazelbuild/bazel/compare/3d17debd914bdea796068aac48a090d11ad400b3...fdba19031961506e2481de1895894ec0b43e4faf
366,Bazel,28c9617d53bf58dcba9572bcfdc165c62421d983,de48d7d8cf0fe3d87e348e74e10506d160495428,2848,https://github.com/bazelbuild/bazel/issues/2848,https://github.com/bazelbuild/bazel/tree/28c9617d53bf58dcba9572bcfdc165c62421d983,https://github.com/bazelbuild/bazel/tree/de48d7d8cf0fe3d87e348e74e10506d160495428,https://github.com/bazelbuild/bazel/compare/28c9617d53bf58dcba9572bcfdc165c62421d983...de48d7d8cf0fe3d87e348e74e10506d160495428
367,Bazel,bea9c01592a5a004c0d6665c10434b44703c1e19,d73a88bb87db1aba2f91920c74dbc7f0409438bb,2853,https://github.com/bazelbuild/bazel/issues/2853,https://github.com/bazelbuild/bazel/tree/bea9c01592a5a004c0d6665c10434b44703c1e19,https://github.com/bazelbuild/bazel/tree/d73a88bb87db1aba2f91920c74dbc7f0409438bb,https://github.com/bazelbuild/bazel/compare/bea9c01592a5a004c0d6665c10434b44703c1e19...d73a88bb87db1aba2f91920c74dbc7f0409438bb
368,Bazel,f3fd3a4ad2e7f2878e7d8f71cfb4cb53fc15e04e,29aee67c0c95af2840faa47a071b72adf4b734ce,2855,https://github.com/bazelbuild/bazel/issues/2855,https://github.com/bazelbuild/bazel/tree/f3fd3a4ad2e7f2878e7d8f71cfb4cb53fc15e04e,https://github.com/bazelbuild/bazel/tree/29aee67c0c95af2840faa47a071b72adf4b734ce,https://github.com/bazelbuild/bazel/compare/f3fd3a4ad2e7f2878e7d8f71cfb4cb53fc15e04e...29aee67c0c95af2840faa47a071b72adf4b734ce
369,Bazel,de48d7d8cf0fe3d87e348e74e10506d160495428,8989e19ab957a18f4937531dd55b5c30b207e6df,2759,https://github.com/bazelbuild/bazel/issues/2759,https://github.com/bazelbuild/bazel/tree/de48d7d8cf0fe3d87e348e74e10506d160495428,https://github.com/bazelbuild/bazel/tree/8989e19ab957a18f4937531dd55b5c30b207e6df,https://github.com/bazelbuild/bazel/compare/de48d7d8cf0fe3d87e348e74e10506d160495428...8989e19ab957a18f4937531dd55b5c30b207e6df
370,Bazel,27a136b9bbb4d73b0a343d407b5da9f890175aea,3f5442da4f9b8d4e01bf80ea134c05245e6551e0,2822,https://github.com/bazelbuild/bazel/issues/2822,https://github.com/bazelbuild/bazel/tree/27a136b9bbb4d73b0a343d407b5da9f890175aea,https://github.com/bazelbuild/bazel/tree/3f5442da4f9b8d4e01bf80ea134c05245e6551e0,https://github.com/bazelbuild/bazel/compare/27a136b9bbb4d73b0a343d407b5da9f890175aea...3f5442da4f9b8d4e01bf80ea134c05245e6551e0
371,Bazel,4685557d45c11d9b9422418001b8c457bbb83624,d03effd15f01b73c2f24b2d935d0af79476d52c0,2891,https://github.com/bazelbuild/bazel/issues/2891,https://github.com/bazelbuild/bazel/tree/4685557d45c11d9b9422418001b8c457bbb83624,https://github.com/bazelbuild/bazel/tree/d03effd15f01b73c2f24b2d935d0af79476d52c0,https://github.com/bazelbuild/bazel/compare/4685557d45c11d9b9422418001b8c457bbb83624...d03effd15f01b73c2f24b2d935d0af79476d52c0
372,Bazel,3ead6bbefb9f248d712e5ef65ff3cefb920f5ddb,40f0a626171f03380886c899b41a098cb5f2802a,616,https://github.com/bazelbuild/bazel/issues/616,https://github.com/bazelbuild/bazel/tree/3ead6bbefb9f248d712e5ef65ff3cefb920f5ddb,https://github.com/bazelbuild/bazel/tree/40f0a626171f03380886c899b41a098cb5f2802a,https://github.com/bazelbuild/bazel/compare/3ead6bbefb9f248d712e5ef65ff3cefb920f5ddb...40f0a626171f03380886c899b41a098cb5f2802a
373,Bazel,e114a5eb00e458561152fa5cd04c318fad948253,511c35b46cead500d4e76706e0a709e50995ceba,2949,https://github.com/bazelbuild/bazel/issues/2949,https://github.com/bazelbuild/bazel/tree/e114a5eb00e458561152fa5cd04c318fad948253,https://github.com/bazelbuild/bazel/tree/511c35b46cead500d4e76706e0a709e50995ceba,https://github.com/bazelbuild/bazel/compare/e114a5eb00e458561152fa5cd04c318fad948253...511c35b46cead500d4e76706e0a709e50995ceba
374,Bazel,d74bf36232fbb1950eba32886d153767b3b9b177,0e8997c2510151d8b299ba72aad4d0d3599983a7,2939,https://github.com/bazelbuild/bazel/issues/2939,https://github.com/bazelbuild/bazel/tree/d74bf36232fbb1950eba32886d153767b3b9b177,https://github.com/bazelbuild/bazel/tree/0e8997c2510151d8b299ba72aad4d0d3599983a7,https://github.com/bazelbuild/bazel/compare/d74bf36232fbb1950eba32886d153767b3b9b177...0e8997c2510151d8b299ba72aad4d0d3599983a7
375,Bazel,0e8997c2510151d8b299ba72aad4d0d3599983a7,2c3c87fab48646167e4233f539540df6b5ed3d04,2912,https://github.com/bazelbuild/bazel/issues/2912,https://github.com/bazelbuild/bazel/tree/0e8997c2510151d8b299ba72aad4d0d3599983a7,https://github.com/bazelbuild/bazel/tree/2c3c87fab48646167e4233f539540df6b5ed3d04,https://github.com/bazelbuild/bazel/compare/0e8997c2510151d8b299ba72aad4d0d3599983a7...2c3c87fab48646167e4233f539540df6b5ed3d04
376,Bazel,c32ad5e8c6102d9442bf0d123ddc5633fa47260c,755669fb5de1f4e762f27c19776cac9f410fcb94,2953,https://github.com/bazelbuild/bazel/issues/2953,https://github.com/bazelbuild/bazel/tree/c32ad5e8c6102d9442bf0d123ddc5633fa47260c,https://github.com/bazelbuild/bazel/tree/755669fb5de1f4e762f27c19776cac9f410fcb94,https://github.com/bazelbuild/bazel/compare/c32ad5e8c6102d9442bf0d123ddc5633fa47260c...755669fb5de1f4e762f27c19776cac9f410fcb94
377,Bazel,3ad44e3084f17370f84ee479f8f6386ffdaf28f1,d953ca8b87a46decbce385cebb446ae0dd390881,2941,https://github.com/bazelbuild/bazel/issues/2941,https://github.com/bazelbuild/bazel/tree/3ad44e3084f17370f84ee479f8f6386ffdaf28f1,https://github.com/bazelbuild/bazel/tree/d953ca8b87a46decbce385cebb446ae0dd390881,https://github.com/bazelbuild/bazel/compare/3ad44e3084f17370f84ee479f8f6386ffdaf28f1...d953ca8b87a46decbce385cebb446ae0dd390881
378,Bazel,cbbb423663b154d82e3dfa5e9a56839583987999,6f041661ca159903691fcb443d86dc7b6454253d,2969,https://github.com/bazelbuild/bazel/issues/2969,https://github.com/bazelbuild/bazel/tree/cbbb423663b154d82e3dfa5e9a56839583987999,https://github.com/bazelbuild/bazel/tree/6f041661ca159903691fcb443d86dc7b6454253d,https://github.com/bazelbuild/bazel/compare/cbbb423663b154d82e3dfa5e9a56839583987999...6f041661ca159903691fcb443d86dc7b6454253d
379,Bazel,46299b4b087222886dff4b6f2c197fb15e45acca,93aea2e9b53120140a9a154971ec18bf6c1412f8,2855,https://github.com/bazelbuild/bazel/issues/2855,https://github.com/bazelbuild/bazel/tree/46299b4b087222886dff4b6f2c197fb15e45acca,https://github.com/bazelbuild/bazel/tree/93aea2e9b53120140a9a154971ec18bf6c1412f8,https://github.com/bazelbuild/bazel/compare/46299b4b087222886dff4b6f2c197fb15e45acca...93aea2e9b53120140a9a154971ec18bf6c1412f8
380,Bazel,382b62c79808940349b81f4316203cdb5a0d0548,430aca72c4e52f51d530df027ee2a4c0cfb6da40,2924,https://github.com/bazelbuild/bazel/issues/2924,https://github.com/bazelbuild/bazel/tree/382b62c79808940349b81f4316203cdb5a0d0548,https://github.com/bazelbuild/bazel/tree/430aca72c4e52f51d530df027ee2a4c0cfb6da40,https://github.com/bazelbuild/bazel/compare/382b62c79808940349b81f4316203cdb5a0d0548...430aca72c4e52f51d530df027ee2a4c0cfb6da40
381,Bazel,200479a92d20cff54bffff24b1633288e38f3ca3,4f647e859203dc3a2f26ab088b95ef1a58c2e3ea,1525,https://github.com/bazelbuild/bazel/issues/1525,https://github.com/bazelbuild/bazel/tree/200479a92d20cff54bffff24b1633288e38f3ca3,https://github.com/bazelbuild/bazel/tree/4f647e859203dc3a2f26ab088b95ef1a58c2e3ea,https://github.com/bazelbuild/bazel/compare/200479a92d20cff54bffff24b1633288e38f3ca3...4f647e859203dc3a2f26ab088b95ef1a58c2e3ea
382,Bazel,60b2812f6f7778bf1125c6431858760998f39c4b,033aa6cfde82cda785431b3f7fe606a111f1c922,3000,https://github.com/bazelbuild/bazel/issues/3000,https://github.com/bazelbuild/bazel/tree/60b2812f6f7778bf1125c6431858760998f39c4b,https://github.com/bazelbuild/bazel/tree/033aa6cfde82cda785431b3f7fe606a111f1c922,https://github.com/bazelbuild/bazel/compare/60b2812f6f7778bf1125c6431858760998f39c4b...033aa6cfde82cda785431b3f7fe606a111f1c922
383,Bazel,eca2840d7d9a62a875871c36c077b55ff180ef65,0182ce606e046ad301bee998a66ced1463ef8d88,2938,https://github.com/bazelbuild/bazel/issues/2938,https://github.com/bazelbuild/bazel/tree/eca2840d7d9a62a875871c36c077b55ff180ef65,https://github.com/bazelbuild/bazel/tree/0182ce606e046ad301bee998a66ced1463ef8d88,https://github.com/bazelbuild/bazel/compare/eca2840d7d9a62a875871c36c077b55ff180ef65...0182ce606e046ad301bee998a66ced1463ef8d88
384,Bazel,6bb44ec649fe91dd1a3e33e02edfb3caf6d4b7e8,000d88021c0b8367627a990cc54f1833dfa94f69,2790,https://github.com/bazelbuild/bazel/issues/2790,https://github.com/bazelbuild/bazel/tree/6bb44ec649fe91dd1a3e33e02edfb3caf6d4b7e8,https://github.com/bazelbuild/bazel/tree/000d88021c0b8367627a990cc54f1833dfa94f69,https://github.com/bazelbuild/bazel/compare/6bb44ec649fe91dd1a3e33e02edfb3caf6d4b7e8...000d88021c0b8367627a990cc54f1833dfa94f69
385,Bazel,f6c4d6d66118410b1139a84fe34ba8134661bfa2,8a5752dcaa30fe7cd754c88d5b0230e75aed0c70,2685,https://github.com/bazelbuild/bazel/issues/2685,https://github.com/bazelbuild/bazel/tree/f6c4d6d66118410b1139a84fe34ba8134661bfa2,https://github.com/bazelbuild/bazel/tree/8a5752dcaa30fe7cd754c88d5b0230e75aed0c70,https://github.com/bazelbuild/bazel/compare/f6c4d6d66118410b1139a84fe34ba8134661bfa2...8a5752dcaa30fe7cd754c88d5b0230e75aed0c70
386,Bazel,d946f1361e6eb1c863507c8ac30165e61ed99a83,3a035d0d76cb46f9ac5fe314b42cfda123ddd9b9,2819,https://github.com/bazelbuild/bazel/issues/2819,https://github.com/bazelbuild/bazel/tree/d946f1361e6eb1c863507c8ac30165e61ed99a83,https://github.com/bazelbuild/bazel/tree/3a035d0d76cb46f9ac5fe314b42cfda123ddd9b9,https://github.com/bazelbuild/bazel/compare/d946f1361e6eb1c863507c8ac30165e61ed99a83...3a035d0d76cb46f9ac5fe314b42cfda123ddd9b9
387,Bazel,97975603e5ff2247e6bb352e3afd27fea38f108d,2c3b89673232661c1645f568e806a0c0dc7af012,2999,https://github.com/bazelbuild/bazel/issues/2999,https://github.com/bazelbuild/bazel/tree/97975603e5ff2247e6bb352e3afd27fea38f108d,https://github.com/bazelbuild/bazel/tree/2c3b89673232661c1645f568e806a0c0dc7af012,https://github.com/bazelbuild/bazel/compare/97975603e5ff2247e6bb352e3afd27fea38f108d...2c3b89673232661c1645f568e806a0c0dc7af012
388,Bazel,65ff1543c161014e0bbcf20cec189a0a76888c2d,e1e0f5d8c3e59fa7bca8f4aa1adde7620f89b304,3063,https://github.com/bazelbuild/bazel/issues/3063,https://github.com/bazelbuild/bazel/tree/65ff1543c161014e0bbcf20cec189a0a76888c2d,https://github.com/bazelbuild/bazel/tree/e1e0f5d8c3e59fa7bca8f4aa1adde7620f89b304,https://github.com/bazelbuild/bazel/compare/65ff1543c161014e0bbcf20cec189a0a76888c2d...e1e0f5d8c3e59fa7bca8f4aa1adde7620f89b304
389,Bazel,8c67e3e50f58780ed261289b1418e734a20bbb5a,5bf297dbdfe895e47aaa866c4177323bc3156fac,3063,https://github.com/bazelbuild/bazel/issues/3063,https://github.com/bazelbuild/bazel/tree/8c67e3e50f58780ed261289b1418e734a20bbb5a,https://github.com/bazelbuild/bazel/tree/5bf297dbdfe895e47aaa866c4177323bc3156fac,https://github.com/bazelbuild/bazel/compare/8c67e3e50f58780ed261289b1418e734a20bbb5a...5bf297dbdfe895e47aaa866c4177323bc3156fac
390,Bazel,1cc7c0245770c120927f736c40fbe8988bb3c280,8c67e3e50f58780ed261289b1418e734a20bbb5a,2887,https://github.com/bazelbuild/bazel/issues/2887,https://github.com/bazelbuild/bazel/tree/1cc7c0245770c120927f736c40fbe8988bb3c280,https://github.com/bazelbuild/bazel/tree/8c67e3e50f58780ed261289b1418e734a20bbb5a,https://github.com/bazelbuild/bazel/compare/1cc7c0245770c120927f736c40fbe8988bb3c280...8c67e3e50f58780ed261289b1418e734a20bbb5a
391,Bazel,22b85a2a3c79c6f3aef1e0a61e485bb135be4551,7e0cc9e72f2e7dfbcebdbe49af74ed42d0e8f33a,3004,https://github.com/bazelbuild/bazel/issues/3004,https://github.com/bazelbuild/bazel/tree/22b85a2a3c79c6f3aef1e0a61e485bb135be4551,https://github.com/bazelbuild/bazel/tree/7e0cc9e72f2e7dfbcebdbe49af74ed42d0e8f33a,https://github.com/bazelbuild/bazel/compare/22b85a2a3c79c6f3aef1e0a61e485bb135be4551...7e0cc9e72f2e7dfbcebdbe49af74ed42d0e8f33a
392,Bazel,e7e561850428638c7e919eb1cfc850e71748b6dc,85ae1905d4abfcd214bd53d6cd3d032ff246daf6,1681,https://github.com/bazelbuild/bazel/issues/1681,https://github.com/bazelbuild/bazel/tree/e7e561850428638c7e919eb1cfc850e71748b6dc,https://github.com/bazelbuild/bazel/tree/85ae1905d4abfcd214bd53d6cd3d032ff246daf6,https://github.com/bazelbuild/bazel/compare/e7e561850428638c7e919eb1cfc850e71748b6dc...85ae1905d4abfcd214bd53d6cd3d032ff246daf6
393,Bazel,fd2c682a6a6bb0759f92476e533bffd2883b9c27,40d64293b57f0d62bb15599c730f38484b91d3f0,2960,https://github.com/bazelbuild/bazel/issues/2960,https://github.com/bazelbuild/bazel/tree/fd2c682a6a6bb0759f92476e533bffd2883b9c27,https://github.com/bazelbuild/bazel/tree/40d64293b57f0d62bb15599c730f38484b91d3f0,https://github.com/bazelbuild/bazel/compare/fd2c682a6a6bb0759f92476e533bffd2883b9c27...40d64293b57f0d62bb15599c730f38484b91d3f0
394,Bazel,cda9b9c31933b8c29beec6fe5fa1ed0270859d0b,913478d20b3139311f27469c23a63abec67f2d55,2904,https://github.com/bazelbuild/bazel/issues/2904,https://github.com/bazelbuild/bazel/tree/cda9b9c31933b8c29beec6fe5fa1ed0270859d0b,https://github.com/bazelbuild/bazel/tree/913478d20b3139311f27469c23a63abec67f2d55,https://github.com/bazelbuild/bazel/compare/cda9b9c31933b8c29beec6fe5fa1ed0270859d0b...913478d20b3139311f27469c23a63abec67f2d55
395,Bazel,a4697fdc1372adc6189abda0990e9ffd7ed00d63,6c07525462062d491816a66a94c3db3b2dbc8f98,2474,https://github.com/bazelbuild/bazel/issues/2474,https://github.com/bazelbuild/bazel/tree/a4697fdc1372adc6189abda0990e9ffd7ed00d63,https://github.com/bazelbuild/bazel/tree/6c07525462062d491816a66a94c3db3b2dbc8f98,https://github.com/bazelbuild/bazel/compare/a4697fdc1372adc6189abda0990e9ffd7ed00d63...6c07525462062d491816a66a94c3db3b2dbc8f98
396,Bazel,88206bc5094c1e1172fd034b14c7415c37ce1259,1d82d199f82409f217a42bcefebb96f723f91caa,3198,https://github.com/bazelbuild/bazel/issues/3198,https://github.com/bazelbuild/bazel/tree/88206bc5094c1e1172fd034b14c7415c37ce1259,https://github.com/bazelbuild/bazel/tree/1d82d199f82409f217a42bcefebb96f723f91caa,https://github.com/bazelbuild/bazel/compare/88206bc5094c1e1172fd034b14c7415c37ce1259...1d82d199f82409f217a42bcefebb96f723f91caa
397,Bazel,39dbf830019365de49be43982daf36e504c6c11c,41f6283ba7ca4e663623df276f045efb8550e90b,3184,https://github.com/bazelbuild/bazel/issues/3184,https://github.com/bazelbuild/bazel/tree/39dbf830019365de49be43982daf36e504c6c11c,https://github.com/bazelbuild/bazel/tree/41f6283ba7ca4e663623df276f045efb8550e90b,https://github.com/bazelbuild/bazel/compare/39dbf830019365de49be43982daf36e504c6c11c...41f6283ba7ca4e663623df276f045efb8550e90b
398,Bazel,a20805450c9eee37c06895c68258bec1b87603b5,2ba693ffbe824136a0ca5f47d34710612f6302c3,3172,https://github.com/bazelbuild/bazel/issues/3172,https://github.com/bazelbuild/bazel/tree/a20805450c9eee37c06895c68258bec1b87603b5,https://github.com/bazelbuild/bazel/tree/2ba693ffbe824136a0ca5f47d34710612f6302c3,https://github.com/bazelbuild/bazel/compare/a20805450c9eee37c06895c68258bec1b87603b5...2ba693ffbe824136a0ca5f47d34710612f6302c3
399,Bazel,33d05f6b551cf2fdb257cb536a5e864d095144a1,716b527266f47f59a2b7fb2e5fc52cb45e1691b1,3189,https://github.com/bazelbuild/bazel/issues/3189,https://github.com/bazelbuild/bazel/tree/33d05f6b551cf2fdb257cb536a5e864d095144a1,https://github.com/bazelbuild/bazel/tree/716b527266f47f59a2b7fb2e5fc52cb45e1691b1,https://github.com/bazelbuild/bazel/compare/33d05f6b551cf2fdb257cb536a5e864d095144a1...716b527266f47f59a2b7fb2e5fc52cb45e1691b1
400,Bazel,33d05f6b551cf2fdb257cb536a5e864d095144a1,716b527266f47f59a2b7fb2e5fc52cb45e1691b1,2823,https://github.com/bazelbuild/bazel/issues/2823,https://github.com/bazelbuild/bazel/tree/33d05f6b551cf2fdb257cb536a5e864d095144a1,https://github.com/bazelbuild/bazel/tree/716b527266f47f59a2b7fb2e5fc52cb45e1691b1,https://github.com/bazelbuild/bazel/compare/33d05f6b551cf2fdb257cb536a5e864d095144a1...716b527266f47f59a2b7fb2e5fc52cb45e1691b1
401,Bazel,29916a909f525501b49f7b751e633f27abf306b1,89659810e3048782dfb5e308e39aa8a0727e464e,3055,https://github.com/bazelbuild/bazel/issues/3055,https://github.com/bazelbuild/bazel/tree/29916a909f525501b49f7b751e633f27abf306b1,https://github.com/bazelbuild/bazel/tree/89659810e3048782dfb5e308e39aa8a0727e464e,https://github.com/bazelbuild/bazel/compare/29916a909f525501b49f7b751e633f27abf306b1...89659810e3048782dfb5e308e39aa8a0727e464e
402,Bazel,bf2e2d8003a2418941404741fce82f1e51b3b28b,21a01ff03f3dd817bd7bba52b9b3b8c81c49cde6,3238,https://github.com/bazelbuild/bazel/issues/3238,https://github.com/bazelbuild/bazel/tree/bf2e2d8003a2418941404741fce82f1e51b3b28b,https://github.com/bazelbuild/bazel/tree/21a01ff03f3dd817bd7bba52b9b3b8c81c49cde6,https://github.com/bazelbuild/bazel/compare/bf2e2d8003a2418941404741fce82f1e51b3b28b...21a01ff03f3dd817bd7bba52b9b3b8c81c49cde6
403,Bazel,ff688bf287af54049f4f6d9b060fed1d2b649380,7dec00574aa91327693f6ba7e90bff5bc834253e,3122,https://github.com/bazelbuild/bazel/issues/3122,https://github.com/bazelbuild/bazel/tree/ff688bf287af54049f4f6d9b060fed1d2b649380,https://github.com/bazelbuild/bazel/tree/7dec00574aa91327693f6ba7e90bff5bc834253e,https://github.com/bazelbuild/bazel/compare/ff688bf287af54049f4f6d9b060fed1d2b649380...7dec00574aa91327693f6ba7e90bff5bc834253e
404,Bazel,7c1772110d1f024021699e1b3d88fb341d8dccaa,fd3700454e8e7d54a025edb6b51cec7105cfa7d9,3196,https://github.com/bazelbuild/bazel/issues/3196,https://github.com/bazelbuild/bazel/tree/7c1772110d1f024021699e1b3d88fb341d8dccaa,https://github.com/bazelbuild/bazel/tree/fd3700454e8e7d54a025edb6b51cec7105cfa7d9,https://github.com/bazelbuild/bazel/compare/7c1772110d1f024021699e1b3d88fb341d8dccaa...fd3700454e8e7d54a025edb6b51cec7105cfa7d9
405,Bazel,21a01ff03f3dd817bd7bba52b9b3b8c81c49cde6,3c566c6697a3a0e574f0cc7da2da9fb16be35cb7,3122,https://github.com/bazelbuild/bazel/issues/3122,https://github.com/bazelbuild/bazel/tree/21a01ff03f3dd817bd7bba52b9b3b8c81c49cde6,https://github.com/bazelbuild/bazel/tree/3c566c6697a3a0e574f0cc7da2da9fb16be35cb7,https://github.com/bazelbuild/bazel/compare/21a01ff03f3dd817bd7bba52b9b3b8c81c49cde6...3c566c6697a3a0e574f0cc7da2da9fb16be35cb7
406,Bazel,ebec92588c1b67b85b8c64564105faa62664d4f4,9b394a24dc65c794242e98a8a41eb8a60c78367b,3272,https://github.com/bazelbuild/bazel/issues/3272,https://github.com/bazelbuild/bazel/tree/ebec92588c1b67b85b8c64564105faa62664d4f4,https://github.com/bazelbuild/bazel/tree/9b394a24dc65c794242e98a8a41eb8a60c78367b,https://github.com/bazelbuild/bazel/compare/ebec92588c1b67b85b8c64564105faa62664d4f4...9b394a24dc65c794242e98a8a41eb8a60c78367b
407,Bazel,e3312d97ab356d71cc5b6965de80b2189d547b80,86c9d942452d82a479d499ffe61695a983f16bba,3284,https://github.com/bazelbuild/bazel/issues/3284,https://github.com/bazelbuild/bazel/tree/e3312d97ab356d71cc5b6965de80b2189d547b80,https://github.com/bazelbuild/bazel/tree/86c9d942452d82a479d499ffe61695a983f16bba,https://github.com/bazelbuild/bazel/compare/e3312d97ab356d71cc5b6965de80b2189d547b80...86c9d942452d82a479d499ffe61695a983f16bba
408,Bazel,0010cc9fc25863a94f45e8872fcdfa67f685cd4b,7b85122c9ed1c5bc32ef9c6ac213910adee735e2,3198,https://github.com/bazelbuild/bazel/issues/3198,https://github.com/bazelbuild/bazel/tree/0010cc9fc25863a94f45e8872fcdfa67f685cd4b,https://github.com/bazelbuild/bazel/tree/7b85122c9ed1c5bc32ef9c6ac213910adee735e2,https://github.com/bazelbuild/bazel/compare/0010cc9fc25863a94f45e8872fcdfa67f685cd4b...7b85122c9ed1c5bc32ef9c6ac213910adee735e2
409,Bazel,6a8a174bd09e8f124397db10f85cc22a510a782c,8a3cc9bb48026184b0c937f0ce7e37ab04621036,3265,https://github.com/bazelbuild/bazel/issues/3265,https://github.com/bazelbuild/bazel/tree/6a8a174bd09e8f124397db10f85cc22a510a782c,https://github.com/bazelbuild/bazel/tree/8a3cc9bb48026184b0c937f0ce7e37ab04621036,https://github.com/bazelbuild/bazel/compare/6a8a174bd09e8f124397db10f85cc22a510a782c...8a3cc9bb48026184b0c937f0ce7e37ab04621036
410,Bazel,2db52703129b010bb864d7ee4180c7c598239f69,a15d648410000cedbde9578c9ee22a023f1b96df,2811,https://github.com/bazelbuild/bazel/issues/2811,https://github.com/bazelbuild/bazel/tree/2db52703129b010bb864d7ee4180c7c598239f69,https://github.com/bazelbuild/bazel/tree/a15d648410000cedbde9578c9ee22a023f1b96df,https://github.com/bazelbuild/bazel/compare/2db52703129b010bb864d7ee4180c7c598239f69...a15d648410000cedbde9578c9ee22a023f1b96df
411,Bazel,94530f57ebb72bb952217aae0351474589ce6d97,d381624d33d6548daa545be4c038279ee226394d,3295,https://github.com/bazelbuild/bazel/issues/3295,https://github.com/bazelbuild/bazel/tree/94530f57ebb72bb952217aae0351474589ce6d97,https://github.com/bazelbuild/bazel/tree/d381624d33d6548daa545be4c038279ee226394d,https://github.com/bazelbuild/bazel/compare/94530f57ebb72bb952217aae0351474589ce6d97...d381624d33d6548daa545be4c038279ee226394d
412,Bazel,7e0f3329834029c75a4057854f18e8443e72742e,79e7c31cc77e0faef0b4a427ed87fb08f86d83ed,1606,https://github.com/bazelbuild/bazel/issues/1606,https://github.com/bazelbuild/bazel/tree/7e0f3329834029c75a4057854f18e8443e72742e,https://github.com/bazelbuild/bazel/tree/79e7c31cc77e0faef0b4a427ed87fb08f86d83ed,https://github.com/bazelbuild/bazel/compare/7e0f3329834029c75a4057854f18e8443e72742e...79e7c31cc77e0faef0b4a427ed87fb08f86d83ed
413,Bazel,b9554c1f7a73b1c0f77d09a2ba0a6348734ecfc7,30fd4566557f016e8c2fa1629196bbd724cde576,3349,https://github.com/bazelbuild/bazel/issues/3349,https://github.com/bazelbuild/bazel/tree/b9554c1f7a73b1c0f77d09a2ba0a6348734ecfc7,https://github.com/bazelbuild/bazel/tree/30fd4566557f016e8c2fa1629196bbd724cde576,https://github.com/bazelbuild/bazel/compare/b9554c1f7a73b1c0f77d09a2ba0a6348734ecfc7...30fd4566557f016e8c2fa1629196bbd724cde576
414,Bazel,d03d87f67ed7f55c23298a019186b4e84184688f,45d1c3754883d002e9880644a63c0d07390465a5,3335,https://github.com/bazelbuild/bazel/issues/3335,https://github.com/bazelbuild/bazel/tree/d03d87f67ed7f55c23298a019186b4e84184688f,https://github.com/bazelbuild/bazel/tree/45d1c3754883d002e9880644a63c0d07390465a5,https://github.com/bazelbuild/bazel/compare/d03d87f67ed7f55c23298a019186b4e84184688f...45d1c3754883d002e9880644a63c0d07390465a5
415,Bazel,d2ce7aba5f93d349f0eefaf649ea4c1cf3de24c1,7a1e3a534efccc86dd86ba9d253f0a6801df7158,3280,https://github.com/bazelbuild/bazel/issues/3280,https://github.com/bazelbuild/bazel/tree/d2ce7aba5f93d349f0eefaf649ea4c1cf3de24c1,https://github.com/bazelbuild/bazel/tree/7a1e3a534efccc86dd86ba9d253f0a6801df7158,https://github.com/bazelbuild/bazel/compare/d2ce7aba5f93d349f0eefaf649ea4c1cf3de24c1...7a1e3a534efccc86dd86ba9d253f0a6801df7158
416,Bazel,722c7d224c25301ce1246dbd41a064bb9d167130,9cf16da1557b9d3a2956361f1bda625ed2f1b7d1,3309,https://github.com/bazelbuild/bazel/issues/3309,https://github.com/bazelbuild/bazel/tree/722c7d224c25301ce1246dbd41a064bb9d167130,https://github.com/bazelbuild/bazel/tree/9cf16da1557b9d3a2956361f1bda625ed2f1b7d1,https://github.com/bazelbuild/bazel/compare/722c7d224c25301ce1246dbd41a064bb9d167130...9cf16da1557b9d3a2956361f1bda625ed2f1b7d1
417,Bazel,dc24004873c33568e10a572f8b8b2c667854520a,93dc21fea53263ecce68db2e88bb9186c42600f7,3326,https://github.com/bazelbuild/bazel/issues/3326,https://github.com/bazelbuild/bazel/tree/dc24004873c33568e10a572f8b8b2c667854520a,https://github.com/bazelbuild/bazel/tree/93dc21fea53263ecce68db2e88bb9186c42600f7,https://github.com/bazelbuild/bazel/compare/dc24004873c33568e10a572f8b8b2c667854520a...93dc21fea53263ecce68db2e88bb9186c42600f7
418,Bazel,97d67087e6199db3b4c69178cf6a2d0c83c19290,597fb75176f057005009b6307a1218084d9504c2,3373,https://github.com/bazelbuild/bazel/issues/3373,https://github.com/bazelbuild/bazel/tree/97d67087e6199db3b4c69178cf6a2d0c83c19290,https://github.com/bazelbuild/bazel/tree/597fb75176f057005009b6307a1218084d9504c2,https://github.com/bazelbuild/bazel/compare/97d67087e6199db3b4c69178cf6a2d0c83c19290...597fb75176f057005009b6307a1218084d9504c2
419,Bazel,226510b85b9c0b1465aa860bc6cdd792b01b3412,423a46a11acd109467573c3344a4dd49f211aea6,3348,https://github.com/bazelbuild/bazel/issues/3348,https://github.com/bazelbuild/bazel/tree/226510b85b9c0b1465aa860bc6cdd792b01b3412,https://github.com/bazelbuild/bazel/tree/423a46a11acd109467573c3344a4dd49f211aea6,https://github.com/bazelbuild/bazel/compare/226510b85b9c0b1465aa860bc6cdd792b01b3412...423a46a11acd109467573c3344a4dd49f211aea6
420,Bazel,45d1c3754883d002e9880644a63c0d07390465a5,d5930eae8660a1192c8235206f83c28c9bd471a1,3147,https://github.com/bazelbuild/bazel/issues/3147,https://github.com/bazelbuild/bazel/tree/45d1c3754883d002e9880644a63c0d07390465a5,https://github.com/bazelbuild/bazel/tree/d5930eae8660a1192c8235206f83c28c9bd471a1,https://github.com/bazelbuild/bazel/compare/45d1c3754883d002e9880644a63c0d07390465a5...d5930eae8660a1192c8235206f83c28c9bd471a1
421,Bazel,21fc8eb2c15e5b83b591084c68887827222b6e73,bcbd2da340ed24a026729104dc0ba2a71cf70463,3361,https://github.com/bazelbuild/bazel/issues/3361,https://github.com/bazelbuild/bazel/tree/21fc8eb2c15e5b83b591084c68887827222b6e73,https://github.com/bazelbuild/bazel/tree/bcbd2da340ed24a026729104dc0ba2a71cf70463,https://github.com/bazelbuild/bazel/compare/21fc8eb2c15e5b83b591084c68887827222b6e73...bcbd2da340ed24a026729104dc0ba2a71cf70463
422,Bazel,57ff834702f75760e2d611590e44c13f7b3c580d,9f7edd7a7d66c34b937cbda01119dcb2dec6fdf5,3362,https://github.com/bazelbuild/bazel/issues/3362,https://github.com/bazelbuild/bazel/tree/57ff834702f75760e2d611590e44c13f7b3c580d,https://github.com/bazelbuild/bazel/tree/9f7edd7a7d66c34b937cbda01119dcb2dec6fdf5,https://github.com/bazelbuild/bazel/compare/57ff834702f75760e2d611590e44c13f7b3c580d...9f7edd7a7d66c34b937cbda01119dcb2dec6fdf5
423,Bazel,a76c94be7c56b93fc5a2f9ececfba7ac1f61f69c,e0b6a21750f93739de4e0ff50eb13b90c60cc286,3356,https://github.com/bazelbuild/bazel/issues/3356,https://github.com/bazelbuild/bazel/tree/a76c94be7c56b93fc5a2f9ececfba7ac1f61f69c,https://github.com/bazelbuild/bazel/tree/e0b6a21750f93739de4e0ff50eb13b90c60cc286,https://github.com/bazelbuild/bazel/compare/a76c94be7c56b93fc5a2f9ececfba7ac1f61f69c...e0b6a21750f93739de4e0ff50eb13b90c60cc286
424,Bazel,c3e0660bf8d5c6e32ae817f8a3f52c7fc6bf039e,1711276d95f398a89ac501190f2158bcbb46b4dd,1027,https://github.com/bazelbuild/bazel/issues/1027,https://github.com/bazelbuild/bazel/tree/c3e0660bf8d5c6e32ae817f8a3f52c7fc6bf039e,https://github.com/bazelbuild/bazel/tree/1711276d95f398a89ac501190f2158bcbb46b4dd,https://github.com/bazelbuild/bazel/compare/c3e0660bf8d5c6e32ae817f8a3f52c7fc6bf039e...1711276d95f398a89ac501190f2158bcbb46b4dd
425,Bazel,9bdef4370fa952097509e413689597e8431fec4b,e5f970906594d9097bb7c3736b2de1750cc8655f,3278,https://github.com/bazelbuild/bazel/issues/3278,https://github.com/bazelbuild/bazel/tree/9bdef4370fa952097509e413689597e8431fec4b,https://github.com/bazelbuild/bazel/tree/e5f970906594d9097bb7c3736b2de1750cc8655f,https://github.com/bazelbuild/bazel/compare/9bdef4370fa952097509e413689597e8431fec4b...e5f970906594d9097bb7c3736b2de1750cc8655f
426,Bazel,f4aeaedb5f72f234711813b84e214c1edd94d643,7f08537baad5f9f7ccab75ed35cadf4f22ccd86c,1027,https://github.com/bazelbuild/bazel/issues/1027,https://github.com/bazelbuild/bazel/tree/f4aeaedb5f72f234711813b84e214c1edd94d643,https://github.com/bazelbuild/bazel/tree/7f08537baad5f9f7ccab75ed35cadf4f22ccd86c,https://github.com/bazelbuild/bazel/compare/f4aeaedb5f72f234711813b84e214c1edd94d643...7f08537baad5f9f7ccab75ed35cadf4f22ccd86c
427,Bazel,29dc6f8e114420e7664b6882a65d237854750e7e,b8514f533d4546d3bfbec3700012f2bbeffd1c37,1027,https://github.com/bazelbuild/bazel/issues/1027,https://github.com/bazelbuild/bazel/tree/29dc6f8e114420e7664b6882a65d237854750e7e,https://github.com/bazelbuild/bazel/tree/b8514f533d4546d3bfbec3700012f2bbeffd1c37,https://github.com/bazelbuild/bazel/compare/29dc6f8e114420e7664b6882a65d237854750e7e...b8514f533d4546d3bfbec3700012f2bbeffd1c37
428,Bazel,2462f35c04f24f6ab8b7e28d838086ec3586ad45,f82666fcd1aad63992775816fdd14c6ec0f2ad4d,3416,https://github.com/bazelbuild/bazel/issues/3416,https://github.com/bazelbuild/bazel/tree/2462f35c04f24f6ab8b7e28d838086ec3586ad45,https://github.com/bazelbuild/bazel/tree/f82666fcd1aad63992775816fdd14c6ec0f2ad4d,https://github.com/bazelbuild/bazel/compare/2462f35c04f24f6ab8b7e28d838086ec3586ad45...f82666fcd1aad63992775816fdd14c6ec0f2ad4d
429,Bazel,92caf38a4ae74889391eefa9b7196804d8f2c948,0f3481ba6364f24ef76b839bdde06ae7883c9bd9,3455,https://github.com/bazelbuild/bazel/issues/3455,https://github.com/bazelbuild/bazel/tree/92caf38a4ae74889391eefa9b7196804d8f2c948,https://github.com/bazelbuild/bazel/tree/0f3481ba6364f24ef76b839bdde06ae7883c9bd9,https://github.com/bazelbuild/bazel/compare/92caf38a4ae74889391eefa9b7196804d8f2c948...0f3481ba6364f24ef76b839bdde06ae7883c9bd9
430,Bazel,9a63aff8bb771af8917903fbbc9df3b708e2c0ed,7a9ec4d2781442f0aaac11497f79210fb9027208,3421,https://github.com/bazelbuild/bazel/issues/3421,https://github.com/bazelbuild/bazel/tree/9a63aff8bb771af8917903fbbc9df3b708e2c0ed,https://github.com/bazelbuild/bazel/tree/7a9ec4d2781442f0aaac11497f79210fb9027208,https://github.com/bazelbuild/bazel/compare/9a63aff8bb771af8917903fbbc9df3b708e2c0ed...7a9ec4d2781442f0aaac11497f79210fb9027208
431,Bazel,902d81a73730da70229bdb6db612d07ca6433b21,1920dd98491fdb00daf6187beed58c8ff06d4fd6,2874,https://github.com/bazelbuild/bazel/issues/2874,https://github.com/bazelbuild/bazel/tree/902d81a73730da70229bdb6db612d07ca6433b21,https://github.com/bazelbuild/bazel/tree/1920dd98491fdb00daf6187beed58c8ff06d4fd6,https://github.com/bazelbuild/bazel/compare/902d81a73730da70229bdb6db612d07ca6433b21...1920dd98491fdb00daf6187beed58c8ff06d4fd6
432,Bazel,b6e29ca217b02c3ba499b85479a3830f59c9b9b6,12783c3e1f91211afb5208d613d753d45b2dca56,3447,https://github.com/bazelbuild/bazel/issues/3447,https://github.com/bazelbuild/bazel/tree/b6e29ca217b02c3ba499b85479a3830f59c9b9b6,https://github.com/bazelbuild/bazel/tree/12783c3e1f91211afb5208d613d753d45b2dca56,https://github.com/bazelbuild/bazel/compare/b6e29ca217b02c3ba499b85479a3830f59c9b9b6...12783c3e1f91211afb5208d613d753d45b2dca56
433,Bazel,ca9290380880ecc0370cea53a26e647cd527c29f,b3be32e7135895737b64e3ad8ddb09176bfc8dd5,209,https://github.com/bazelbuild/bazel/issues/209,https://github.com/bazelbuild/bazel/tree/ca9290380880ecc0370cea53a26e647cd527c29f,https://github.com/bazelbuild/bazel/tree/b3be32e7135895737b64e3ad8ddb09176bfc8dd5,https://github.com/bazelbuild/bazel/compare/ca9290380880ecc0370cea53a26e647cd527c29f...b3be32e7135895737b64e3ad8ddb09176bfc8dd5
434,Bazel,dba4916861074760d120dcc0f15cc916f8d8520e,fe9ba893c0ebec19228086356af5fa8d81f2809b,3486,https://github.com/bazelbuild/bazel/issues/3486,https://github.com/bazelbuild/bazel/tree/dba4916861074760d120dcc0f15cc916f8d8520e,https://github.com/bazelbuild/bazel/tree/fe9ba893c0ebec19228086356af5fa8d81f2809b,https://github.com/bazelbuild/bazel/compare/dba4916861074760d120dcc0f15cc916f8d8520e...fe9ba893c0ebec19228086356af5fa8d81f2809b
435,Bazel,a33485ad91c9954e793c4580ca9f1e54e91a67f0,5393a4996d701fa192964a35cbb75e558a0599c0,3258,https://github.com/bazelbuild/bazel/issues/3258,https://github.com/bazelbuild/bazel/tree/a33485ad91c9954e793c4580ca9f1e54e91a67f0,https://github.com/bazelbuild/bazel/tree/5393a4996d701fa192964a35cbb75e558a0599c0,https://github.com/bazelbuild/bazel/compare/a33485ad91c9954e793c4580ca9f1e54e91a67f0...5393a4996d701fa192964a35cbb75e558a0599c0
436,Bazel,11da2203a00bb8121275d9a110190d7f70df1073,fc6c3cb037413ccf7080ad56693d3aeb2bf07f0c,3459,https://github.com/bazelbuild/bazel/issues/3459,https://github.com/bazelbuild/bazel/tree/11da2203a00bb8121275d9a110190d7f70df1073,https://github.com/bazelbuild/bazel/tree/fc6c3cb037413ccf7080ad56693d3aeb2bf07f0c,https://github.com/bazelbuild/bazel/compare/11da2203a00bb8121275d9a110190d7f70df1073...fc6c3cb037413ccf7080ad56693d3aeb2bf07f0c
437,Bazel,de965ac47e5dedf9dd43004d7523dbfa5ab64de1,945171410960890311eac191fd5c87ecd3c1b9b8,2470,https://github.com/bazelbuild/bazel/issues/2470,https://github.com/bazelbuild/bazel/tree/de965ac47e5dedf9dd43004d7523dbfa5ab64de1,https://github.com/bazelbuild/bazel/tree/945171410960890311eac191fd5c87ecd3c1b9b8,https://github.com/bazelbuild/bazel/compare/de965ac47e5dedf9dd43004d7523dbfa5ab64de1...945171410960890311eac191fd5c87ecd3c1b9b8
438,Bazel,214a7aed26a9c264784840f0154429a02552483a,617e806d6ba18ffe0c040c481eb629325d0f5f8d,3521,https://github.com/bazelbuild/bazel/issues/3521,https://github.com/bazelbuild/bazel/tree/214a7aed26a9c264784840f0154429a02552483a,https://github.com/bazelbuild/bazel/tree/617e806d6ba18ffe0c040c481eb629325d0f5f8d,https://github.com/bazelbuild/bazel/compare/214a7aed26a9c264784840f0154429a02552483a...617e806d6ba18ffe0c040c481eb629325d0f5f8d
439,Bazel,92a225d14ce070596ce333762db96236a868eb46,4bc9509dadfb13255ae7db896718d55d87599aef,3072,https://github.com/bazelbuild/bazel/issues/3072,https://github.com/bazelbuild/bazel/tree/92a225d14ce070596ce333762db96236a868eb46,https://github.com/bazelbuild/bazel/tree/4bc9509dadfb13255ae7db896718d55d87599aef,https://github.com/bazelbuild/bazel/compare/92a225d14ce070596ce333762db96236a868eb46...4bc9509dadfb13255ae7db896718d55d87599aef
440,Bazel,d21d5d6b85fdbabeb9b51b84e05212496ceb7e3c,65e0f78e71ef91f95186471d1d82f5cc33084e53,3552,https://github.com/bazelbuild/bazel/issues/3552,https://github.com/bazelbuild/bazel/tree/d21d5d6b85fdbabeb9b51b84e05212496ceb7e3c,https://github.com/bazelbuild/bazel/tree/65e0f78e71ef91f95186471d1d82f5cc33084e53,https://github.com/bazelbuild/bazel/compare/d21d5d6b85fdbabeb9b51b84e05212496ceb7e3c...65e0f78e71ef91f95186471d1d82f5cc33084e53
441,Bazel,904563c35b23e3b3f3c171ab0a6189dccd384b39,91fb38e92ace6cf14ce5da6527d71320b4e3f3d2,3356,https://github.com/bazelbuild/bazel/issues/3356,https://github.com/bazelbuild/bazel/tree/904563c35b23e3b3f3c171ab0a6189dccd384b39,https://github.com/bazelbuild/bazel/tree/91fb38e92ace6cf14ce5da6527d71320b4e3f3d2,https://github.com/bazelbuild/bazel/compare/904563c35b23e3b3f3c171ab0a6189dccd384b39...91fb38e92ace6cf14ce5da6527d71320b4e3f3d2
442,Bazel,ca1e9fb2bb103f2ee84f3ed36c293ca1e194e73b,f426544e67170d31b9d228ecf4cdc4b6ce1ba00d,3450,https://github.com/bazelbuild/bazel/issues/3450,https://github.com/bazelbuild/bazel/tree/ca1e9fb2bb103f2ee84f3ed36c293ca1e194e73b,https://github.com/bazelbuild/bazel/tree/f426544e67170d31b9d228ecf4cdc4b6ce1ba00d,https://github.com/bazelbuild/bazel/compare/ca1e9fb2bb103f2ee84f3ed36c293ca1e194e73b...f426544e67170d31b9d228ecf4cdc4b6ce1ba00d
443,Bazel,ab21d18ddb5b53e887b4fd51ddc5d021621673d4,db55b5a9f6d56535a909bd777b7f803a99d9dbd9,3055,https://github.com/bazelbuild/bazel/issues/3055,https://github.com/bazelbuild/bazel/tree/ab21d18ddb5b53e887b4fd51ddc5d021621673d4,https://github.com/bazelbuild/bazel/tree/db55b5a9f6d56535a909bd777b7f803a99d9dbd9,https://github.com/bazelbuild/bazel/compare/ab21d18ddb5b53e887b4fd51ddc5d021621673d4...db55b5a9f6d56535a909bd777b7f803a99d9dbd9
444,Bazel,a7f513c9e68f2fb6ff75dd0f3eff03a2c502f7db,fad339f333f48bf7b640606c518bb6937b8f351c,3522,https://github.com/bazelbuild/bazel/issues/3522,https://github.com/bazelbuild/bazel/tree/a7f513c9e68f2fb6ff75dd0f3eff03a2c502f7db,https://github.com/bazelbuild/bazel/tree/fad339f333f48bf7b640606c518bb6937b8f351c,https://github.com/bazelbuild/bazel/compare/a7f513c9e68f2fb6ff75dd0f3eff03a2c502f7db...fad339f333f48bf7b640606c518bb6937b8f351c
445,Bazel,3076055edfb671c5449d9c437daafb494efe7b58,1f5a0ec3b12241e98587813e33052654b250460e,3329,https://github.com/bazelbuild/bazel/issues/3329,https://github.com/bazelbuild/bazel/tree/3076055edfb671c5449d9c437daafb494efe7b58,https://github.com/bazelbuild/bazel/tree/1f5a0ec3b12241e98587813e33052654b250460e,https://github.com/bazelbuild/bazel/compare/3076055edfb671c5449d9c437daafb494efe7b58...1f5a0ec3b12241e98587813e33052654b250460e
446,Bazel,2049c84eaffc6b16498eecb95d36318652b0275c,5371d134cfaf3c258f9ebb606a5cb061f419613e,3356,https://github.com/bazelbuild/bazel/issues/3356,https://github.com/bazelbuild/bazel/tree/2049c84eaffc6b16498eecb95d36318652b0275c,https://github.com/bazelbuild/bazel/tree/5371d134cfaf3c258f9ebb606a5cb061f419613e,https://github.com/bazelbuild/bazel/compare/2049c84eaffc6b16498eecb95d36318652b0275c...5371d134cfaf3c258f9ebb606a5cb061f419613e
447,Bazel,3d2feca630fc4247344ef46ab246f0bb1938e592,36fdbc737076064e07568f9d2c872d2115101852,3614,https://github.com/bazelbuild/bazel/issues/3614,https://github.com/bazelbuild/bazel/tree/3d2feca630fc4247344ef46ab246f0bb1938e592,https://github.com/bazelbuild/bazel/tree/36fdbc737076064e07568f9d2c872d2115101852,https://github.com/bazelbuild/bazel/compare/3d2feca630fc4247344ef46ab246f0bb1938e592...36fdbc737076064e07568f9d2c872d2115101852
448,Bazel,270cd91449847b7c11ed95baa6dcaededdca37cb,619ca49e28b6b9d962802b6491675d22ee5984e2,3583,https://github.com/bazelbuild/bazel/issues/3583,https://github.com/bazelbuild/bazel/tree/270cd91449847b7c11ed95baa6dcaededdca37cb,https://github.com/bazelbuild/bazel/tree/619ca49e28b6b9d962802b6491675d22ee5984e2,https://github.com/bazelbuild/bazel/compare/270cd91449847b7c11ed95baa6dcaededdca37cb...619ca49e28b6b9d962802b6491675d22ee5984e2
449,Bazel,242e69117b2e7bb00e777f184a98fef8893f0594,c4b43e725ff69beca9c0da679f4f3c48012d8ac2,3401,https://github.com/bazelbuild/bazel/issues/3401,https://github.com/bazelbuild/bazel/tree/242e69117b2e7bb00e777f184a98fef8893f0594,https://github.com/bazelbuild/bazel/tree/c4b43e725ff69beca9c0da679f4f3c48012d8ac2,https://github.com/bazelbuild/bazel/compare/242e69117b2e7bb00e777f184a98fef8893f0594...c4b43e725ff69beca9c0da679f4f3c48012d8ac2
450,Bazel,f3ad3034aee6bedecd7455fbf762d4acf2dace19,5ee389c261c98854af9ed6a8142541d49b32cf74,3631,https://github.com/bazelbuild/bazel/issues/3631,https://github.com/bazelbuild/bazel/tree/f3ad3034aee6bedecd7455fbf762d4acf2dace19,https://github.com/bazelbuild/bazel/tree/5ee389c261c98854af9ed6a8142541d49b32cf74,https://github.com/bazelbuild/bazel/compare/f3ad3034aee6bedecd7455fbf762d4acf2dace19...5ee389c261c98854af9ed6a8142541d49b32cf74
451,Bazel,d617c2de2eb7f2a2cc6a95e42b0f53c057c90e9b,2abc6545f84d46e6a0ea50052dec9c951d43be4a,3525,https://github.com/bazelbuild/bazel/issues/3525,https://github.com/bazelbuild/bazel/tree/d617c2de2eb7f2a2cc6a95e42b0f53c057c90e9b,https://github.com/bazelbuild/bazel/tree/2abc6545f84d46e6a0ea50052dec9c951d43be4a,https://github.com/bazelbuild/bazel/compare/d617c2de2eb7f2a2cc6a95e42b0f53c057c90e9b...2abc6545f84d46e6a0ea50052dec9c951d43be4a
452,Bazel,619ca49e28b6b9d962802b6491675d22ee5984e2,abc69c33ef9fd3b58d74b3ff28713f99c639c2af,3584,https://github.com/bazelbuild/bazel/issues/3584,https://github.com/bazelbuild/bazel/tree/619ca49e28b6b9d962802b6491675d22ee5984e2,https://github.com/bazelbuild/bazel/tree/abc69c33ef9fd3b58d74b3ff28713f99c639c2af,https://github.com/bazelbuild/bazel/compare/619ca49e28b6b9d962802b6491675d22ee5984e2...abc69c33ef9fd3b58d74b3ff28713f99c639c2af
453,Bazel,285791ad32319b7f95809e6795dfe837089f6d7a,0f674879c678ac6d0fd9096129b738bdb4ad6387,3340,https://github.com/bazelbuild/bazel/issues/3340,https://github.com/bazelbuild/bazel/tree/285791ad32319b7f95809e6795dfe837089f6d7a,https://github.com/bazelbuild/bazel/tree/0f674879c678ac6d0fd9096129b738bdb4ad6387,https://github.com/bazelbuild/bazel/compare/285791ad32319b7f95809e6795dfe837089f6d7a...0f674879c678ac6d0fd9096129b738bdb4ad6387
454,Bazel,0145f79d70ee7fea9c3bea5291bf8b8e2fa90533,263cb0d728ac00dcf5774cab5b806d45690afc72,3680,https://github.com/bazelbuild/bazel/issues/3680,https://github.com/bazelbuild/bazel/tree/0145f79d70ee7fea9c3bea5291bf8b8e2fa90533,https://github.com/bazelbuild/bazel/tree/263cb0d728ac00dcf5774cab5b806d45690afc72,https://github.com/bazelbuild/bazel/compare/0145f79d70ee7fea9c3bea5291bf8b8e2fa90533...263cb0d728ac00dcf5774cab5b806d45690afc72
455,Bazel,8328dc9e3b0d473756ec94508744afefe4d8eaf2,1673b5ab20f79d010340383f8df21d2968c46888,3664,https://github.com/bazelbuild/bazel/issues/3664,https://github.com/bazelbuild/bazel/tree/8328dc9e3b0d473756ec94508744afefe4d8eaf2,https://github.com/bazelbuild/bazel/tree/1673b5ab20f79d010340383f8df21d2968c46888,https://github.com/bazelbuild/bazel/compare/8328dc9e3b0d473756ec94508744afefe4d8eaf2...1673b5ab20f79d010340383f8df21d2968c46888
456,Bazel,3bcb9f60a3c605102c12556fc10c239aaf64266a,8328dc9e3b0d473756ec94508744afefe4d8eaf2,3693,https://github.com/bazelbuild/bazel/issues/3693,https://github.com/bazelbuild/bazel/tree/3bcb9f60a3c605102c12556fc10c239aaf64266a,https://github.com/bazelbuild/bazel/tree/8328dc9e3b0d473756ec94508744afefe4d8eaf2,https://github.com/bazelbuild/bazel/compare/3bcb9f60a3c605102c12556fc10c239aaf64266a...8328dc9e3b0d473756ec94508744afefe4d8eaf2
457,Bazel,313a0e04eb7c173359b1e18a6cbe5dd5915bb0a8,4a12e66757a5d12080744c7289342db1a0f67df7,3553,https://github.com/bazelbuild/bazel/issues/3553,https://github.com/bazelbuild/bazel/tree/313a0e04eb7c173359b1e18a6cbe5dd5915bb0a8,https://github.com/bazelbuild/bazel/tree/4a12e66757a5d12080744c7289342db1a0f67df7,https://github.com/bazelbuild/bazel/compare/313a0e04eb7c173359b1e18a6cbe5dd5915bb0a8...4a12e66757a5d12080744c7289342db1a0f67df7
458,Bazel,d6a0c413b17e54215ce17707184ba7c7295014a4,4e79061f74a03dd9274f88ff42a7e2c0d6adae6c,2412,https://github.com/bazelbuild/bazel/issues/2412,https://github.com/bazelbuild/bazel/tree/d6a0c413b17e54215ce17707184ba7c7295014a4,https://github.com/bazelbuild/bazel/tree/4e79061f74a03dd9274f88ff42a7e2c0d6adae6c,https://github.com/bazelbuild/bazel/compare/d6a0c413b17e54215ce17707184ba7c7295014a4...4e79061f74a03dd9274f88ff42a7e2c0d6adae6c
459,Bazel,d852e484d8114829ad2d7a98f075a823889f5469,c2d0d96b320764447696be63ce43449d401fa66e,3703,https://github.com/bazelbuild/bazel/issues/3703,https://github.com/bazelbuild/bazel/tree/d852e484d8114829ad2d7a98f075a823889f5469,https://github.com/bazelbuild/bazel/tree/c2d0d96b320764447696be63ce43449d401fa66e,https://github.com/bazelbuild/bazel/compare/d852e484d8114829ad2d7a98f075a823889f5469...c2d0d96b320764447696be63ce43449d401fa66e
460,Bazel,88614eed2b240c38a44ed8e4516664579f341e35,aeb863a9bfa94ea366c8cb5d1c64042fdf42d782,3704,https://github.com/bazelbuild/bazel/issues/3704,https://github.com/bazelbuild/bazel/tree/88614eed2b240c38a44ed8e4516664579f341e35,https://github.com/bazelbuild/bazel/tree/aeb863a9bfa94ea366c8cb5d1c64042fdf42d782,https://github.com/bazelbuild/bazel/compare/88614eed2b240c38a44ed8e4516664579f341e35...aeb863a9bfa94ea366c8cb5d1c64042fdf42d782
461,Bazel,c2d0d96b320764447696be63ce43449d401fa66e,88614eed2b240c38a44ed8e4516664579f341e35,3704,https://github.com/bazelbuild/bazel/issues/3704,https://github.com/bazelbuild/bazel/tree/c2d0d96b320764447696be63ce43449d401fa66e,https://github.com/bazelbuild/bazel/tree/88614eed2b240c38a44ed8e4516664579f341e35,https://github.com/bazelbuild/bazel/compare/c2d0d96b320764447696be63ce43449d401fa66e...88614eed2b240c38a44ed8e4516664579f341e35
462,Bazel,5da5572254555704f88fd2e0061237fd35a50f9c,45932965c08e1080f1d53cf09352bec0a24cb40f,3553,https://github.com/bazelbuild/bazel/issues/3553,https://github.com/bazelbuild/bazel/tree/5da5572254555704f88fd2e0061237fd35a50f9c,https://github.com/bazelbuild/bazel/tree/45932965c08e1080f1d53cf09352bec0a24cb40f,https://github.com/bazelbuild/bazel/compare/5da5572254555704f88fd2e0061237fd35a50f9c...45932965c08e1080f1d53cf09352bec0a24cb40f
463,Bazel,c2762023ee171cb49b89557d0ab29e0b3950fadb,91e32895ae19f7f87cdde0e1e84e3d6032ee9e85,3534,https://github.com/bazelbuild/bazel/issues/3534,https://github.com/bazelbuild/bazel/tree/c2762023ee171cb49b89557d0ab29e0b3950fadb,https://github.com/bazelbuild/bazel/tree/91e32895ae19f7f87cdde0e1e84e3d6032ee9e85,https://github.com/bazelbuild/bazel/compare/c2762023ee171cb49b89557d0ab29e0b3950fadb...91e32895ae19f7f87cdde0e1e84e3d6032ee9e85
464,Bazel,82859b0c969f84fe49ec7fd1c8702461e847890c,563c4e12dfc13d4aac1be3429cde147dd7e4505a,3723,https://github.com/bazelbuild/bazel/issues/3723,https://github.com/bazelbuild/bazel/tree/82859b0c969f84fe49ec7fd1c8702461e847890c,https://github.com/bazelbuild/bazel/tree/563c4e12dfc13d4aac1be3429cde147dd7e4505a,https://github.com/bazelbuild/bazel/compare/82859b0c969f84fe49ec7fd1c8702461e847890c...563c4e12dfc13d4aac1be3429cde147dd7e4505a
465,Bazel,ee33b634a40a39997e561130ab4918c68ba7eaa1,5b98fb43ecaa6a9343ba4aa649f74193f0cf0956,1844,https://github.com/bazelbuild/bazel/issues/1844,https://github.com/bazelbuild/bazel/tree/ee33b634a40a39997e561130ab4918c68ba7eaa1,https://github.com/bazelbuild/bazel/tree/5b98fb43ecaa6a9343ba4aa649f74193f0cf0956,https://github.com/bazelbuild/bazel/compare/ee33b634a40a39997e561130ab4918c68ba7eaa1...5b98fb43ecaa6a9343ba4aa649f74193f0cf0956
466,Bazel,e398b25f822f36cf00164b47343effbc00b8c50c,214718c54e6632227f79573f1273d7ace7bed5d7,3827,https://github.com/bazelbuild/bazel/issues/3827,https://github.com/bazelbuild/bazel/tree/e398b25f822f36cf00164b47343effbc00b8c50c,https://github.com/bazelbuild/bazel/tree/214718c54e6632227f79573f1273d7ace7bed5d7,https://github.com/bazelbuild/bazel/compare/e398b25f822f36cf00164b47343effbc00b8c50c...214718c54e6632227f79573f1273d7ace7bed5d7
467,Bazel,5370ceb3a86059879add0666aff119053af510a0,6fbf7a2948969538b9935887ae6fff7b7c998e65,3846,https://github.com/bazelbuild/bazel/issues/3846,https://github.com/bazelbuild/bazel/tree/5370ceb3a86059879add0666aff119053af510a0,https://github.com/bazelbuild/bazel/tree/6fbf7a2948969538b9935887ae6fff7b7c998e65,https://github.com/bazelbuild/bazel/compare/5370ceb3a86059879add0666aff119053af510a0...6fbf7a2948969538b9935887ae6fff7b7c998e65
468,Bazel,7e16da79b70f477a24608030ad6b3340d7e88913,486206012a664ecb20bdb196a681efc9a9825049,3774,https://github.com/bazelbuild/bazel/issues/3774,https://github.com/bazelbuild/bazel/tree/7e16da79b70f477a24608030ad6b3340d7e88913,https://github.com/bazelbuild/bazel/tree/486206012a664ecb20bdb196a681efc9a9825049,https://github.com/bazelbuild/bazel/compare/7e16da79b70f477a24608030ad6b3340d7e88913...486206012a664ecb20bdb196a681efc9a9825049
469,Bazel,b45d5f536048db0e568e16417f4fb1d50f01e1ac,aa0299092d8a4692cb89be2d9e2e890a2e8d7aeb,3618,https://github.com/bazelbuild/bazel/issues/3618,https://github.com/bazelbuild/bazel/tree/b45d5f536048db0e568e16417f4fb1d50f01e1ac,https://github.com/bazelbuild/bazel/tree/aa0299092d8a4692cb89be2d9e2e890a2e8d7aeb,https://github.com/bazelbuild/bazel/compare/b45d5f536048db0e568e16417f4fb1d50f01e1ac...aa0299092d8a4692cb89be2d9e2e890a2e8d7aeb
470,Bazel,79676a2231fdb373a5ef4821878eb19ca13504a5,a9c46e5907be66248b6218ae70e0a1d999c696d5,3882,https://github.com/bazelbuild/bazel/issues/3882,https://github.com/bazelbuild/bazel/tree/79676a2231fdb373a5ef4821878eb19ca13504a5,https://github.com/bazelbuild/bazel/tree/a9c46e5907be66248b6218ae70e0a1d999c696d5,https://github.com/bazelbuild/bazel/compare/79676a2231fdb373a5ef4821878eb19ca13504a5...a9c46e5907be66248b6218ae70e0a1d999c696d5
471,Bazel,7c672ac643dd59bf4b3e284c6ad019c54545492f,0257c29f496719bb8414d012334155de6bbefa11,3450,https://github.com/bazelbuild/bazel/issues/3450,https://github.com/bazelbuild/bazel/tree/7c672ac643dd59bf4b3e284c6ad019c54545492f,https://github.com/bazelbuild/bazel/tree/0257c29f496719bb8414d012334155de6bbefa11,https://github.com/bazelbuild/bazel/compare/7c672ac643dd59bf4b3e284c6ad019c54545492f...0257c29f496719bb8414d012334155de6bbefa11
472,Bazel,7c672ac643dd59bf4b3e284c6ad019c54545492f,0257c29f496719bb8414d012334155de6bbefa11,407,https://github.com/bazelbuild/bazel/issues/407,https://github.com/bazelbuild/bazel/tree/7c672ac643dd59bf4b3e284c6ad019c54545492f,https://github.com/bazelbuild/bazel/tree/0257c29f496719bb8414d012334155de6bbefa11,https://github.com/bazelbuild/bazel/compare/7c672ac643dd59bf4b3e284c6ad019c54545492f...0257c29f496719bb8414d012334155de6bbefa11
473,Bazel,8e04f24517feb48024f21aa2cf672550463107cf,0a63dadf4eafbae1730f88644b0c537fb1c16d5c,3661,https://github.com/bazelbuild/bazel/issues/3661,https://github.com/bazelbuild/bazel/tree/8e04f24517feb48024f21aa2cf672550463107cf,https://github.com/bazelbuild/bazel/tree/0a63dadf4eafbae1730f88644b0c537fb1c16d5c,https://github.com/bazelbuild/bazel/compare/8e04f24517feb48024f21aa2cf672550463107cf...0a63dadf4eafbae1730f88644b0c537fb1c16d5c
474,Bazel,9faf8b7458c496a8d2b2a0040dcc2bb285b52e1b,7b091c1397a82258e26ab5336df6c8dae1d97384,3763,https://github.com/bazelbuild/bazel/issues/3763,https://github.com/bazelbuild/bazel/tree/9faf8b7458c496a8d2b2a0040dcc2bb285b52e1b,https://github.com/bazelbuild/bazel/tree/7b091c1397a82258e26ab5336df6c8dae1d97384,https://github.com/bazelbuild/bazel/compare/9faf8b7458c496a8d2b2a0040dcc2bb285b52e1b...7b091c1397a82258e26ab5336df6c8dae1d97384
475,Bazel,2ea4fa26281175c316651ec50784b820a9f409cf,52f32bf511cfee4477bece6820e7b827d80c5feb,3450,https://github.com/bazelbuild/bazel/issues/3450,https://github.com/bazelbuild/bazel/tree/2ea4fa26281175c316651ec50784b820a9f409cf,https://github.com/bazelbuild/bazel/tree/52f32bf511cfee4477bece6820e7b827d80c5feb,https://github.com/bazelbuild/bazel/compare/2ea4fa26281175c316651ec50784b820a9f409cf...52f32bf511cfee4477bece6820e7b827d80c5feb
476,Bazel,2ea4fa26281175c316651ec50784b820a9f409cf,52f32bf511cfee4477bece6820e7b827d80c5feb,407,https://github.com/bazelbuild/bazel/issues/407,https://github.com/bazelbuild/bazel/tree/2ea4fa26281175c316651ec50784b820a9f409cf,https://github.com/bazelbuild/bazel/tree/52f32bf511cfee4477bece6820e7b827d80c5feb,https://github.com/bazelbuild/bazel/compare/2ea4fa26281175c316651ec50784b820a9f409cf...52f32bf511cfee4477bece6820e7b827d80c5feb
477,Bazel,90622718f66a2b4174fa11a3d660b6513a20d2f0,c35fe50e9210d10aba2fb578e46d8203c8451adb,3834,https://github.com/bazelbuild/bazel/issues/3834,https://github.com/bazelbuild/bazel/tree/90622718f66a2b4174fa11a3d660b6513a20d2f0,https://github.com/bazelbuild/bazel/tree/c35fe50e9210d10aba2fb578e46d8203c8451adb,https://github.com/bazelbuild/bazel/compare/90622718f66a2b4174fa11a3d660b6513a20d2f0...c35fe50e9210d10aba2fb578e46d8203c8451adb
478,Bazel,1b98de65873054b148ced772cfa827a7bfb5ad9a,600ab49a98bcb6d96231174b44bd4ae335de4dbf,3450,https://github.com/bazelbuild/bazel/issues/3450,https://github.com/bazelbuild/bazel/tree/1b98de65873054b148ced772cfa827a7bfb5ad9a,https://github.com/bazelbuild/bazel/tree/600ab49a98bcb6d96231174b44bd4ae335de4dbf,https://github.com/bazelbuild/bazel/compare/1b98de65873054b148ced772cfa827a7bfb5ad9a...600ab49a98bcb6d96231174b44bd4ae335de4dbf
479,Bazel,1b98de65873054b148ced772cfa827a7bfb5ad9a,600ab49a98bcb6d96231174b44bd4ae335de4dbf,407,https://github.com/bazelbuild/bazel/issues/407,https://github.com/bazelbuild/bazel/tree/1b98de65873054b148ced772cfa827a7bfb5ad9a,https://github.com/bazelbuild/bazel/tree/600ab49a98bcb6d96231174b44bd4ae335de4dbf,https://github.com/bazelbuild/bazel/compare/1b98de65873054b148ced772cfa827a7bfb5ad9a...600ab49a98bcb6d96231174b44bd4ae335de4dbf
480,Bazel,b368b39f8ba1e8e8a67af50e5ade9127b2b149d7,6738c36265c544a116751372ce74209305f44071,3928,https://github.com/bazelbuild/bazel/issues/3928,https://github.com/bazelbuild/bazel/tree/b368b39f8ba1e8e8a67af50e5ade9127b2b149d7,https://github.com/bazelbuild/bazel/tree/6738c36265c544a116751372ce74209305f44071,https://github.com/bazelbuild/bazel/compare/b368b39f8ba1e8e8a67af50e5ade9127b2b149d7...6738c36265c544a116751372ce74209305f44071
481,Bazel,e1d2e39bdaf895a7d7f611d7613df27929373a19,5cc6246d429f7d9119b97ce263b4fd6893222e92,3842,https://github.com/bazelbuild/bazel/issues/3842,https://github.com/bazelbuild/bazel/tree/e1d2e39bdaf895a7d7f611d7613df27929373a19,https://github.com/bazelbuild/bazel/tree/5cc6246d429f7d9119b97ce263b4fd6893222e92,https://github.com/bazelbuild/bazel/compare/e1d2e39bdaf895a7d7f611d7613df27929373a19...5cc6246d429f7d9119b97ce263b4fd6893222e92
482,Bazel,a225458fbd066a76b9074197f0ce585d8c6a7983,6a3b41f34503a8f20b5b689bff14cb2424d35afb,2574,https://github.com/bazelbuild/bazel/issues/2574,https://github.com/bazelbuild/bazel/tree/a225458fbd066a76b9074197f0ce585d8c6a7983,https://github.com/bazelbuild/bazel/tree/6a3b41f34503a8f20b5b689bff14cb2424d35afb,https://github.com/bazelbuild/bazel/compare/a225458fbd066a76b9074197f0ce585d8c6a7983...6a3b41f34503a8f20b5b689bff14cb2424d35afb
483,Bazel,0db6559e3ccab6d33f13f25e9b5bea9e02415ac6,ba8b0b3273ace313d35e9917c8116bab6386c6cc,3930,https://github.com/bazelbuild/bazel/issues/3930,https://github.com/bazelbuild/bazel/tree/0db6559e3ccab6d33f13f25e9b5bea9e02415ac6,https://github.com/bazelbuild/bazel/tree/ba8b0b3273ace313d35e9917c8116bab6386c6cc,https://github.com/bazelbuild/bazel/compare/0db6559e3ccab6d33f13f25e9b5bea9e02415ac6...ba8b0b3273ace313d35e9917c8116bab6386c6cc
484,Bazel,e28d3af92227cd60287d27d9efa7593ae3e0509f,6a4247b10f5cf040c1a7176498bef69c75b1b286,2675,https://github.com/bazelbuild/bazel/issues/2675,https://github.com/bazelbuild/bazel/tree/e28d3af92227cd60287d27d9efa7593ae3e0509f,https://github.com/bazelbuild/bazel/tree/6a4247b10f5cf040c1a7176498bef69c75b1b286,https://github.com/bazelbuild/bazel/compare/e28d3af92227cd60287d27d9efa7593ae3e0509f...6a4247b10f5cf040c1a7176498bef69c75b1b286
485,Bazel,03d55f3c4af2b37d1177b7faad68e19276f26344,cf52ebad2f794b0c9c7fb6b77e57937bb76f53da,3661,https://github.com/bazelbuild/bazel/issues/3661,https://github.com/bazelbuild/bazel/tree/03d55f3c4af2b37d1177b7faad68e19276f26344,https://github.com/bazelbuild/bazel/tree/cf52ebad2f794b0c9c7fb6b77e57937bb76f53da,https://github.com/bazelbuild/bazel/compare/03d55f3c4af2b37d1177b7faad68e19276f26344...cf52ebad2f794b0c9c7fb6b77e57937bb76f53da
486,Bazel,4193c0fb51a027f6cc143784f0b522842597103c,7459a2117709ba927ed80f70233397598918dfa0,3661,https://github.com/bazelbuild/bazel/issues/3661,https://github.com/bazelbuild/bazel/tree/4193c0fb51a027f6cc143784f0b522842597103c,https://github.com/bazelbuild/bazel/tree/7459a2117709ba927ed80f70233397598918dfa0,https://github.com/bazelbuild/bazel/compare/4193c0fb51a027f6cc143784f0b522842597103c...7459a2117709ba927ed80f70233397598918dfa0
487,Bazel,cf2a88d224f4372469ab9f2e90f8619d5e25bf91,d92053661c687bf8d342b6030b8c7427e7c4139b,4042,https://github.com/bazelbuild/bazel/issues/4042,https://github.com/bazelbuild/bazel/tree/cf2a88d224f4372469ab9f2e90f8619d5e25bf91,https://github.com/bazelbuild/bazel/tree/d92053661c687bf8d342b6030b8c7427e7c4139b,https://github.com/bazelbuild/bazel/compare/cf2a88d224f4372469ab9f2e90f8619d5e25bf91...d92053661c687bf8d342b6030b8c7427e7c4139b
488,Bazel,f241929014afa80a99be572275464ea126bac94e,17cb02dc4dad4a6bad59bc08d9789a3a0e5a17fe,1479,https://github.com/bazelbuild/bazel/issues/1479,https://github.com/bazelbuild/bazel/tree/f241929014afa80a99be572275464ea126bac94e,https://github.com/bazelbuild/bazel/tree/17cb02dc4dad4a6bad59bc08d9789a3a0e5a17fe,https://github.com/bazelbuild/bazel/compare/f241929014afa80a99be572275464ea126bac94e...17cb02dc4dad4a6bad59bc08d9789a3a0e5a17fe
489,Bazel,a4bf1aaf24241589e19aba8b069517d3d10a28f9,ae760d25fcdbe98b571165f0a096642090d87ee6,3648,https://github.com/bazelbuild/bazel/issues/3648,https://github.com/bazelbuild/bazel/tree/a4bf1aaf24241589e19aba8b069517d3d10a28f9,https://github.com/bazelbuild/bazel/tree/ae760d25fcdbe98b571165f0a096642090d87ee6,https://github.com/bazelbuild/bazel/compare/a4bf1aaf24241589e19aba8b069517d3d10a28f9...ae760d25fcdbe98b571165f0a096642090d87ee6
490,Bazel,3275b2555d1c043af0ee0397d1d6a4a3df64c011,337f19cc54e77c45daa1d5f61bf0a8d3daf8268f,3908,https://github.com/bazelbuild/bazel/issues/3908,https://github.com/bazelbuild/bazel/tree/3275b2555d1c043af0ee0397d1d6a4a3df64c011,https://github.com/bazelbuild/bazel/tree/337f19cc54e77c45daa1d5f61bf0a8d3daf8268f,https://github.com/bazelbuild/bazel/compare/3275b2555d1c043af0ee0397d1d6a4a3df64c011...337f19cc54e77c45daa1d5f61bf0a8d3daf8268f
491,Bazel,c8be465869fbcfaa00b75d241c67279324976e0b,d0bf589f2716b3d139c210930371a684c6e158eb,4035,https://github.com/bazelbuild/bazel/issues/4035,https://github.com/bazelbuild/bazel/tree/c8be465869fbcfaa00b75d241c67279324976e0b,https://github.com/bazelbuild/bazel/tree/d0bf589f2716b3d139c210930371a684c6e158eb,https://github.com/bazelbuild/bazel/compare/c8be465869fbcfaa00b75d241c67279324976e0b...d0bf589f2716b3d139c210930371a684c6e158eb
492,Bazel,55212446312b375d44c95fffc99fdd4e42b0fb4e,7b6b8e4a7dc5d6e07e3f2ce7a434da549a28c73b,4027,https://github.com/bazelbuild/bazel/issues/4027,https://github.com/bazelbuild/bazel/tree/55212446312b375d44c95fffc99fdd4e42b0fb4e,https://github.com/bazelbuild/bazel/tree/7b6b8e4a7dc5d6e07e3f2ce7a434da549a28c73b,https://github.com/bazelbuild/bazel/compare/55212446312b375d44c95fffc99fdd4e42b0fb4e...7b6b8e4a7dc5d6e07e3f2ce7a434da549a28c73b
493,Bazel,aaad7e42e325a1cc84a43b797030b5964cb93ef5,61df7eeaf55dee34e30f29627a6f2539f5f6a9a5,4018,https://github.com/bazelbuild/bazel/issues/4018,https://github.com/bazelbuild/bazel/tree/aaad7e42e325a1cc84a43b797030b5964cb93ef5,https://github.com/bazelbuild/bazel/tree/61df7eeaf55dee34e30f29627a6f2539f5f6a9a5,https://github.com/bazelbuild/bazel/compare/aaad7e42e325a1cc84a43b797030b5964cb93ef5...61df7eeaf55dee34e30f29627a6f2539f5f6a9a5
494,Bazel,8610d97d2b68cfbcf6b7de4441665a64f378eb9c,0838aeeb545013c8261f0ae438f6027a78aea603,2574,https://github.com/bazelbuild/bazel/issues/2574,https://github.com/bazelbuild/bazel/tree/8610d97d2b68cfbcf6b7de4441665a64f378eb9c,https://github.com/bazelbuild/bazel/tree/0838aeeb545013c8261f0ae438f6027a78aea603,https://github.com/bazelbuild/bazel/compare/8610d97d2b68cfbcf6b7de4441665a64f378eb9c...0838aeeb545013c8261f0ae438f6027a78aea603
495,Bazel,8610d97d2b68cfbcf6b7de4441665a64f378eb9c,0838aeeb545013c8261f0ae438f6027a78aea603,3834,https://github.com/bazelbuild/bazel/issues/3834,https://github.com/bazelbuild/bazel/tree/8610d97d2b68cfbcf6b7de4441665a64f378eb9c,https://github.com/bazelbuild/bazel/tree/0838aeeb545013c8261f0ae438f6027a78aea603,https://github.com/bazelbuild/bazel/compare/8610d97d2b68cfbcf6b7de4441665a64f378eb9c...0838aeeb545013c8261f0ae438f6027a78aea603
496,Bazel,f84650c28c760a3cec0612dd6ac5b9b34b6aa76e,91420101cf977990166acec2a0e46e1787389512,3897,https://github.com/bazelbuild/bazel/issues/3897,https://github.com/bazelbuild/bazel/tree/f84650c28c760a3cec0612dd6ac5b9b34b6aa76e,https://github.com/bazelbuild/bazel/tree/91420101cf977990166acec2a0e46e1787389512,https://github.com/bazelbuild/bazel/compare/f84650c28c760a3cec0612dd6ac5b9b34b6aa76e...91420101cf977990166acec2a0e46e1787389512
497,Bazel,377fbd049bab2db0c310e2e86c122e82712337d8,d0227d3cfa9255b6b13d36edf5a2515e190e128f,4181,https://github.com/bazelbuild/bazel/issues/4181,https://github.com/bazelbuild/bazel/tree/377fbd049bab2db0c310e2e86c122e82712337d8,https://github.com/bazelbuild/bazel/tree/d0227d3cfa9255b6b13d36edf5a2515e190e128f,https://github.com/bazelbuild/bazel/compare/377fbd049bab2db0c310e2e86c122e82712337d8...d0227d3cfa9255b6b13d36edf5a2515e190e128f
498,Bazel,91420101cf977990166acec2a0e46e1787389512,4d7f8f7846960ffc111cf1aef2a5efb094114442,4041,https://github.com/bazelbuild/bazel/issues/4041,https://github.com/bazelbuild/bazel/tree/91420101cf977990166acec2a0e46e1787389512,https://github.com/bazelbuild/bazel/tree/4d7f8f7846960ffc111cf1aef2a5efb094114442,https://github.com/bazelbuild/bazel/compare/91420101cf977990166acec2a0e46e1787389512...4d7f8f7846960ffc111cf1aef2a5efb094114442
499,Bazel,bdf8354790a23884c8e888c6b158d73f8d57e461,3549d761b3ed2120510b316a98fb0a9779feed12,4082,https://github.com/bazelbuild/bazel/issues/4082,https://github.com/bazelbuild/bazel/tree/bdf8354790a23884c8e888c6b158d73f8d57e461,https://github.com/bazelbuild/bazel/tree/3549d761b3ed2120510b316a98fb0a9779feed12,https://github.com/bazelbuild/bazel/compare/bdf8354790a23884c8e888c6b158d73f8d57e461...3549d761b3ed2120510b316a98fb0a9779feed12
500,Bazel,9c97bf96f794e2bea6fcb7fe240a64b3e605e292,49008a3c90e65bc4abf5292af823a931b8f4e096,4173,https://github.com/bazelbuild/bazel/issues/4173,https://github.com/bazelbuild/bazel/tree/9c97bf96f794e2bea6fcb7fe240a64b3e605e292,https://github.com/bazelbuild/bazel/tree/49008a3c90e65bc4abf5292af823a931b8f4e096,https://github.com/bazelbuild/bazel/compare/9c97bf96f794e2bea6fcb7fe240a64b3e605e292...49008a3c90e65bc4abf5292af823a931b8f4e096
501,Bazel,8e9b2895763eb9c38b0307fdff3268c0eee221a2,e5fb5f07ba9fe0dc40fc2d6039973dab5794f876,4056,https://github.com/bazelbuild/bazel/issues/4056,https://github.com/bazelbuild/bazel/tree/8e9b2895763eb9c38b0307fdff3268c0eee221a2,https://github.com/bazelbuild/bazel/tree/e5fb5f07ba9fe0dc40fc2d6039973dab5794f876,https://github.com/bazelbuild/bazel/compare/8e9b2895763eb9c38b0307fdff3268c0eee221a2...e5fb5f07ba9fe0dc40fc2d6039973dab5794f876
502,Bazel,7b540204eea9b003e19efe917abacf67270f5e02,1fa2dfb28c5318cfa8190f47297f75e155d88e11,4012,https://github.com/bazelbuild/bazel/issues/4012,https://github.com/bazelbuild/bazel/tree/7b540204eea9b003e19efe917abacf67270f5e02,https://github.com/bazelbuild/bazel/tree/1fa2dfb28c5318cfa8190f47297f75e155d88e11,https://github.com/bazelbuild/bazel/compare/7b540204eea9b003e19efe917abacf67270f5e02...1fa2dfb28c5318cfa8190f47297f75e155d88e11
503,Bazel,6183faff6c627d5c0b36f36624f78de2f9dcbab0,a88933e543ca39f01dd69e7d791e307d49e9b29f,4237,https://github.com/bazelbuild/bazel/issues/4237,https://github.com/bazelbuild/bazel/tree/6183faff6c627d5c0b36f36624f78de2f9dcbab0,https://github.com/bazelbuild/bazel/tree/a88933e543ca39f01dd69e7d791e307d49e9b29f,https://github.com/bazelbuild/bazel/compare/6183faff6c627d5c0b36f36624f78de2f9dcbab0...a88933e543ca39f01dd69e7d791e307d49e9b29f
504,Bazel,ff4f52295029f9d7f9840f3d8f68093a6c51a384,e87d2a6fc91148ec5a97dec9ab2832785c6ae21d,4235,https://github.com/bazelbuild/bazel/issues/4235,https://github.com/bazelbuild/bazel/tree/ff4f52295029f9d7f9840f3d8f68093a6c51a384,https://github.com/bazelbuild/bazel/tree/e87d2a6fc91148ec5a97dec9ab2832785c6ae21d,https://github.com/bazelbuild/bazel/compare/ff4f52295029f9d7f9840f3d8f68093a6c51a384...e87d2a6fc91148ec5a97dec9ab2832785c6ae21d
505,Bazel,40bc935f033412f8564c57a2bd7ec99f493538c3,45db110383c8dccb03979ea1745cd087c344a5a9,4244,https://github.com/bazelbuild/bazel/issues/4244,https://github.com/bazelbuild/bazel/tree/40bc935f033412f8564c57a2bd7ec99f493538c3,https://github.com/bazelbuild/bazel/tree/45db110383c8dccb03979ea1745cd087c344a5a9,https://github.com/bazelbuild/bazel/compare/40bc935f033412f8564c57a2bd7ec99f493538c3...45db110383c8dccb03979ea1745cd087c344a5a9
506,Bazel,6a4f0ab631f4395c5a16ae69ce994bd7f5486ac6,766ba8adc4487f17ebfc081aeba6f34b18b53d6c,3908,https://github.com/bazelbuild/bazel/issues/3908,https://github.com/bazelbuild/bazel/tree/6a4f0ab631f4395c5a16ae69ce994bd7f5486ac6,https://github.com/bazelbuild/bazel/tree/766ba8adc4487f17ebfc081aeba6f34b18b53d6c,https://github.com/bazelbuild/bazel/compare/6a4f0ab631f4395c5a16ae69ce994bd7f5486ac6...766ba8adc4487f17ebfc081aeba6f34b18b53d6c
507,Bazel,bda9adaa7a3629b968005fc385038b26454fad81,fb15f0f4e4885243d354a14997d09463594385bf,3816,https://github.com/bazelbuild/bazel/issues/3816,https://github.com/bazelbuild/bazel/tree/bda9adaa7a3629b968005fc385038b26454fad81,https://github.com/bazelbuild/bazel/tree/fb15f0f4e4885243d354a14997d09463594385bf,https://github.com/bazelbuild/bazel/compare/bda9adaa7a3629b968005fc385038b26454fad81...fb15f0f4e4885243d354a14997d09463594385bf
508,Bazel,bb406b9b2f7b44d96cd5d0d1202503c19e0e6480,4d0e6265911199b1376d0f52e249625180a0500d,4206,https://github.com/bazelbuild/bazel/issues/4206,https://github.com/bazelbuild/bazel/tree/bb406b9b2f7b44d96cd5d0d1202503c19e0e6480,https://github.com/bazelbuild/bazel/tree/4d0e6265911199b1376d0f52e249625180a0500d,https://github.com/bazelbuild/bazel/compare/bb406b9b2f7b44d96cd5d0d1202503c19e0e6480...4d0e6265911199b1376d0f52e249625180a0500d
509,Bazel,bb406b9b2f7b44d96cd5d0d1202503c19e0e6480,4d0e6265911199b1376d0f52e249625180a0500d,4208,https://github.com/bazelbuild/bazel/issues/4208,https://github.com/bazelbuild/bazel/tree/bb406b9b2f7b44d96cd5d0d1202503c19e0e6480,https://github.com/bazelbuild/bazel/tree/4d0e6265911199b1376d0f52e249625180a0500d,https://github.com/bazelbuild/bazel/compare/bb406b9b2f7b44d96cd5d0d1202503c19e0e6480...4d0e6265911199b1376d0f52e249625180a0500d
510,Bazel,02f05cbbcaf2f6748525bc53469689b92a4be936,6e3ddc72fd2cd39da95bbd2c7c4b1238d5ef6e41,4278,https://github.com/bazelbuild/bazel/issues/4278,https://github.com/bazelbuild/bazel/tree/02f05cbbcaf2f6748525bc53469689b92a4be936,https://github.com/bazelbuild/bazel/tree/6e3ddc72fd2cd39da95bbd2c7c4b1238d5ef6e41,https://github.com/bazelbuild/bazel/compare/02f05cbbcaf2f6748525bc53469689b92a4be936...6e3ddc72fd2cd39da95bbd2c7c4b1238d5ef6e41
511,Bazel,09e22056d9c84bf6e024a705b5d3d3549fd13873,609d551641e359045b8921a45c578ce23dbf1833,4268,https://github.com/bazelbuild/bazel/issues/4268,https://github.com/bazelbuild/bazel/tree/09e22056d9c84bf6e024a705b5d3d3549fd13873,https://github.com/bazelbuild/bazel/tree/609d551641e359045b8921a45c578ce23dbf1833,https://github.com/bazelbuild/bazel/compare/09e22056d9c84bf6e024a705b5d3d3549fd13873...609d551641e359045b8921a45c578ce23dbf1833
512,Bazel,2918e78a2b3144d5cacc1ab20ab4626a72df797a,c801c393bcfabbe6e5058fd77ef2d67660c75da3,4322,https://github.com/bazelbuild/bazel/issues/4322,https://github.com/bazelbuild/bazel/tree/2918e78a2b3144d5cacc1ab20ab4626a72df797a,https://github.com/bazelbuild/bazel/tree/c801c393bcfabbe6e5058fd77ef2d67660c75da3,https://github.com/bazelbuild/bazel/compare/2918e78a2b3144d5cacc1ab20ab4626a72df797a...c801c393bcfabbe6e5058fd77ef2d67660c75da3
513,Bazel,2918e78a2b3144d5cacc1ab20ab4626a72df797a,c801c393bcfabbe6e5058fd77ef2d67660c75da3,4306,https://github.com/bazelbuild/bazel/issues/4306,https://github.com/bazelbuild/bazel/tree/2918e78a2b3144d5cacc1ab20ab4626a72df797a,https://github.com/bazelbuild/bazel/tree/c801c393bcfabbe6e5058fd77ef2d67660c75da3,https://github.com/bazelbuild/bazel/compare/2918e78a2b3144d5cacc1ab20ab4626a72df797a...c801c393bcfabbe6e5058fd77ef2d67660c75da3
514,Bazel,ac0d354437c15003e79ec0fec168762cc9b676de,66bba4e6c00cde3229645f88922663e9f1e53e33,4288,https://github.com/bazelbuild/bazel/issues/4288,https://github.com/bazelbuild/bazel/tree/ac0d354437c15003e79ec0fec168762cc9b676de,https://github.com/bazelbuild/bazel/tree/66bba4e6c00cde3229645f88922663e9f1e53e33,https://github.com/bazelbuild/bazel/compare/ac0d354437c15003e79ec0fec168762cc9b676de...66bba4e6c00cde3229645f88922663e9f1e53e33
515,Bazel,abc932ebaaff86225c96bf3b8daeadfe672720be,2cf560f83922e6df9626ba3ee063c1caf6797548,4233,https://github.com/bazelbuild/bazel/issues/4233,https://github.com/bazelbuild/bazel/tree/abc932ebaaff86225c96bf3b8daeadfe672720be,https://github.com/bazelbuild/bazel/tree/2cf560f83922e6df9626ba3ee063c1caf6797548,https://github.com/bazelbuild/bazel/compare/abc932ebaaff86225c96bf3b8daeadfe672720be...2cf560f83922e6df9626ba3ee063c1caf6797548
516,Bazel,c8201d4f94a9df581fe5e94b90b3d57ac3792c4a,c4071e8b634440cf873b719dd948b8777b03f50e,4176,https://github.com/bazelbuild/bazel/issues/4176,https://github.com/bazelbuild/bazel/tree/c8201d4f94a9df581fe5e94b90b3d57ac3792c4a,https://github.com/bazelbuild/bazel/tree/c4071e8b634440cf873b719dd948b8777b03f50e,https://github.com/bazelbuild/bazel/compare/c8201d4f94a9df581fe5e94b90b3d57ac3792c4a...c4071e8b634440cf873b719dd948b8777b03f50e
517,Bazel,9755c72b48866ed034bd28aa033e9abd27431b1e,173cf8333ae5f2de9c451e445b188fa04553d1b9,4391,https://github.com/bazelbuild/bazel/issues/4391,https://github.com/bazelbuild/bazel/tree/9755c72b48866ed034bd28aa033e9abd27431b1e,https://github.com/bazelbuild/bazel/tree/173cf8333ae5f2de9c451e445b188fa04553d1b9,https://github.com/bazelbuild/bazel/compare/9755c72b48866ed034bd28aa033e9abd27431b1e...173cf8333ae5f2de9c451e445b188fa04553d1b9
518,Bazel,efb3b5926b6d317ff7d91c88d6502d8d0a4fe386,65c13dd5a4c1b4b5a072f7680b8f1cf3c5079b52,4414,https://github.com/bazelbuild/bazel/issues/4414,https://github.com/bazelbuild/bazel/tree/efb3b5926b6d317ff7d91c88d6502d8d0a4fe386,https://github.com/bazelbuild/bazel/tree/65c13dd5a4c1b4b5a072f7680b8f1cf3c5079b52,https://github.com/bazelbuild/bazel/compare/efb3b5926b6d317ff7d91c88d6502d8d0a4fe386...65c13dd5a4c1b4b5a072f7680b8f1cf3c5079b52
519,Bazel,63a8e1a9c2eb887c45e4ec37c7a858b004acd979,7e8c9460141db26e3a818cba16165ff31e80799e,4375,https://github.com/bazelbuild/bazel/issues/4375,https://github.com/bazelbuild/bazel/tree/63a8e1a9c2eb887c45e4ec37c7a858b004acd979,https://github.com/bazelbuild/bazel/tree/7e8c9460141db26e3a818cba16165ff31e80799e,https://github.com/bazelbuild/bazel/compare/63a8e1a9c2eb887c45e4ec37c7a858b004acd979...7e8c9460141db26e3a818cba16165ff31e80799e
520,Bazel,63a8e1a9c2eb887c45e4ec37c7a858b004acd979,7e8c9460141db26e3a818cba16165ff31e80799e,4373,https://github.com/bazelbuild/bazel/issues/4373,https://github.com/bazelbuild/bazel/tree/63a8e1a9c2eb887c45e4ec37c7a858b004acd979,https://github.com/bazelbuild/bazel/tree/7e8c9460141db26e3a818cba16165ff31e80799e,https://github.com/bazelbuild/bazel/compare/63a8e1a9c2eb887c45e4ec37c7a858b004acd979...7e8c9460141db26e3a818cba16165ff31e80799e
521,Bazel,8d4182275c6c344ae37ff090b4721ac087f7ff75,822a8b311173f7fe90bf89686b406cec610e89b9,3676,https://github.com/bazelbuild/bazel/issues/3676,https://github.com/bazelbuild/bazel/tree/8d4182275c6c344ae37ff090b4721ac087f7ff75,https://github.com/bazelbuild/bazel/tree/822a8b311173f7fe90bf89686b406cec610e89b9,https://github.com/bazelbuild/bazel/compare/8d4182275c6c344ae37ff090b4721ac087f7ff75...822a8b311173f7fe90bf89686b406cec610e89b9
522,Bazel,8134b9fc140c810d00a91ca9a0313a1e4322ee00,8b459d77bca8cbff5edd8a4e1715aa6870f88eff,3637,https://github.com/bazelbuild/bazel/issues/3637,https://github.com/bazelbuild/bazel/tree/8134b9fc140c810d00a91ca9a0313a1e4322ee00,https://github.com/bazelbuild/bazel/tree/8b459d77bca8cbff5edd8a4e1715aa6870f88eff,https://github.com/bazelbuild/bazel/compare/8134b9fc140c810d00a91ca9a0313a1e4322ee00...8b459d77bca8cbff5edd8a4e1715aa6870f88eff
523,Bazel,0350ad30e80d5a5eb33362e304be7e2235d05114,290970c1e0567f1ecd39a64cd6fd14324367126e,3234,https://github.com/bazelbuild/bazel/issues/3234,https://github.com/bazelbuild/bazel/tree/0350ad30e80d5a5eb33362e304be7e2235d05114,https://github.com/bazelbuild/bazel/tree/290970c1e0567f1ecd39a64cd6fd14324367126e,https://github.com/bazelbuild/bazel/compare/0350ad30e80d5a5eb33362e304be7e2235d05114...290970c1e0567f1ecd39a64cd6fd14324367126e
524,Bazel,76eb2a4ef5747ef881f4a3d2d1e3338e4ef8913f,8896d2e211c57453359566c4520615c1c1f75b66,3360,https://github.com/bazelbuild/bazel/issues/3360,https://github.com/bazelbuild/bazel/tree/76eb2a4ef5747ef881f4a3d2d1e3338e4ef8913f,https://github.com/bazelbuild/bazel/tree/8896d2e211c57453359566c4520615c1c1f75b66,https://github.com/bazelbuild/bazel/compare/76eb2a4ef5747ef881f4a3d2d1e3338e4ef8913f...8896d2e211c57453359566c4520615c1c1f75b66
525,Bazel,8896d2e211c57453359566c4520615c1c1f75b66,f0bec36864f10370cbbda4caa8beac2e0c5ee45b,4474,https://github.com/bazelbuild/bazel/issues/4474,https://github.com/bazelbuild/bazel/tree/8896d2e211c57453359566c4520615c1c1f75b66,https://github.com/bazelbuild/bazel/tree/f0bec36864f10370cbbda4caa8beac2e0c5ee45b,https://github.com/bazelbuild/bazel/compare/8896d2e211c57453359566c4520615c1c1f75b66...f0bec36864f10370cbbda4caa8beac2e0c5ee45b
526,Bazel,32d359f4fbde6bfdcfa1beda64a87c407480ba76,2f80e5895fbcc4fc4102e57660cd631eba731b04,4170,https://github.com/bazelbuild/bazel/issues/4170,https://github.com/bazelbuild/bazel/tree/32d359f4fbde6bfdcfa1beda64a87c407480ba76,https://github.com/bazelbuild/bazel/tree/2f80e5895fbcc4fc4102e57660cd631eba731b04,https://github.com/bazelbuild/bazel/compare/32d359f4fbde6bfdcfa1beda64a87c407480ba76...2f80e5895fbcc4fc4102e57660cd631eba731b04
527,Bazel,00036c0237028241e9c87f633204bde0682cdc12,fa54bfa31bb25bbe06925e40ebc7a908c1cd64d9,3234,https://github.com/bazelbuild/bazel/issues/3234,https://github.com/bazelbuild/bazel/tree/00036c0237028241e9c87f633204bde0682cdc12,https://github.com/bazelbuild/bazel/tree/fa54bfa31bb25bbe06925e40ebc7a908c1cd64d9,https://github.com/bazelbuild/bazel/compare/00036c0237028241e9c87f633204bde0682cdc12...fa54bfa31bb25bbe06925e40ebc7a908c1cd64d9
528,Bazel,e01d0c8f9019b7e0beb406ea3932e7dc84b6f333,ed90b554d05db038ff0eab5463af9ab51c2c72a7,4443,https://github.com/bazelbuild/bazel/issues/4443,https://github.com/bazelbuild/bazel/tree/e01d0c8f9019b7e0beb406ea3932e7dc84b6f333,https://github.com/bazelbuild/bazel/tree/ed90b554d05db038ff0eab5463af9ab51c2c72a7,https://github.com/bazelbuild/bazel/compare/e01d0c8f9019b7e0beb406ea3932e7dc84b6f333...ed90b554d05db038ff0eab5463af9ab51c2c72a7
529,Bazel,444fc9fb7b3d967cb392c8a11a0240892aadb2d6,c815a2b66d4b650fa8b1c3862970baa791516864,2780,https://github.com/bazelbuild/bazel/issues/2780,https://github.com/bazelbuild/bazel/tree/444fc9fb7b3d967cb392c8a11a0240892aadb2d6,https://github.com/bazelbuild/bazel/tree/c815a2b66d4b650fa8b1c3862970baa791516864,https://github.com/bazelbuild/bazel/compare/444fc9fb7b3d967cb392c8a11a0240892aadb2d6...c815a2b66d4b650fa8b1c3862970baa791516864
530,Bazel,5bd53cb609480ca896ca2d011f415b424c63ce63,dafe71390340224e06eab0ac7afcebb2f5219f5a,3234,https://github.com/bazelbuild/bazel/issues/3234,https://github.com/bazelbuild/bazel/tree/5bd53cb609480ca896ca2d011f415b424c63ce63,https://github.com/bazelbuild/bazel/tree/dafe71390340224e06eab0ac7afcebb2f5219f5a,https://github.com/bazelbuild/bazel/compare/5bd53cb609480ca896ca2d011f415b424c63ce63...dafe71390340224e06eab0ac7afcebb2f5219f5a
531,Bazel,1b3569aec8c823cd88fb9eb03a6b6864951976fe,a722342f6529db68bd962b768eb27ef2b5b73eb3,4065,https://github.com/bazelbuild/bazel/issues/4065,https://github.com/bazelbuild/bazel/tree/1b3569aec8c823cd88fb9eb03a6b6864951976fe,https://github.com/bazelbuild/bazel/tree/a722342f6529db68bd962b768eb27ef2b5b73eb3,https://github.com/bazelbuild/bazel/compare/1b3569aec8c823cd88fb9eb03a6b6864951976fe...a722342f6529db68bd962b768eb27ef2b5b73eb3
532,Bazel,240ba9b3ee49d53251dc2e09a780b11962fe31cb,ada0c370c2a3ea484925bc4e7d927b015bc4ad92,2700,https://github.com/bazelbuild/bazel/issues/2700,https://github.com/bazelbuild/bazel/tree/240ba9b3ee49d53251dc2e09a780b11962fe31cb,https://github.com/bazelbuild/bazel/tree/ada0c370c2a3ea484925bc4e7d927b015bc4ad92,https://github.com/bazelbuild/bazel/compare/240ba9b3ee49d53251dc2e09a780b11962fe31cb...ada0c370c2a3ea484925bc4e7d927b015bc4ad92
533,Bazel,4cb8cb806b7ea6351be0948c50675da8f17b09bd,40c757f4ab90214f95935672532a495c4551490a,4537,https://github.com/bazelbuild/bazel/issues/4537,https://github.com/bazelbuild/bazel/tree/4cb8cb806b7ea6351be0948c50675da8f17b09bd,https://github.com/bazelbuild/bazel/tree/40c757f4ab90214f95935672532a495c4551490a,https://github.com/bazelbuild/bazel/compare/4cb8cb806b7ea6351be0948c50675da8f17b09bd...40c757f4ab90214f95935672532a495c4551490a
534,Bazel,9f2a855be500f6a3bc11f1129600b07265a91f7e,79ebb32e77f134e2f6496dd532bf9574d4198676,2656,https://github.com/bazelbuild/bazel/issues/2656,https://github.com/bazelbuild/bazel/tree/9f2a855be500f6a3bc11f1129600b07265a91f7e,https://github.com/bazelbuild/bazel/tree/79ebb32e77f134e2f6496dd532bf9574d4198676,https://github.com/bazelbuild/bazel/compare/9f2a855be500f6a3bc11f1129600b07265a91f7e...79ebb32e77f134e2f6496dd532bf9574d4198676
535,Bazel,b1b710728dff392da8d8b76e229ae0b6347cf0c3,8e86b9b0aafcd294cb18b51fe3403d69b2f210f1,2138,https://github.com/bazelbuild/bazel/issues/2138,https://github.com/bazelbuild/bazel/tree/b1b710728dff392da8d8b76e229ae0b6347cf0c3,https://github.com/bazelbuild/bazel/tree/8e86b9b0aafcd294cb18b51fe3403d69b2f210f1,https://github.com/bazelbuild/bazel/compare/b1b710728dff392da8d8b76e229ae0b6347cf0c3...8e86b9b0aafcd294cb18b51fe3403d69b2f210f1
536,Bazel,14c89919b1a3c99331de3f26c095a0d341530809,15bf148ea28ee2bb817327749c291a76928c0803,2780,https://github.com/bazelbuild/bazel/issues/2780,https://github.com/bazelbuild/bazel/tree/14c89919b1a3c99331de3f26c095a0d341530809,https://github.com/bazelbuild/bazel/tree/15bf148ea28ee2bb817327749c291a76928c0803,https://github.com/bazelbuild/bazel/compare/14c89919b1a3c99331de3f26c095a0d341530809...15bf148ea28ee2bb817327749c291a76928c0803
537,Bazel,0fba3064bc32e2e124510627930b470f2788952c,7e6837cc1d1aa4259f5c27ba3606b277b5f6c3e9,1653,https://github.com/bazelbuild/bazel/issues/1653,https://github.com/bazelbuild/bazel/tree/0fba3064bc32e2e124510627930b470f2788952c,https://github.com/bazelbuild/bazel/tree/7e6837cc1d1aa4259f5c27ba3606b277b5f6c3e9,https://github.com/bazelbuild/bazel/compare/0fba3064bc32e2e124510627930b470f2788952c...7e6837cc1d1aa4259f5c27ba3606b277b5f6c3e9
538,Bazel,fe2de1d822ad7c47f5ea84f4bbe7170dc461edcc,ea2d4c475febdbd59ca0e0ba46adc7be759f84e0,4563,https://github.com/bazelbuild/bazel/issues/4563,https://github.com/bazelbuild/bazel/tree/fe2de1d822ad7c47f5ea84f4bbe7170dc461edcc,https://github.com/bazelbuild/bazel/tree/ea2d4c475febdbd59ca0e0ba46adc7be759f84e0,https://github.com/bazelbuild/bazel/compare/fe2de1d822ad7c47f5ea84f4bbe7170dc461edcc...ea2d4c475febdbd59ca0e0ba46adc7be759f84e0
539,Bazel,f663327cf62424411e32968bc97574534cff0526,109e4b4dc9e786e3a2d8d7cb245d18320dbe9216,4557,https://github.com/bazelbuild/bazel/issues/4557,https://github.com/bazelbuild/bazel/tree/f663327cf62424411e32968bc97574534cff0526,https://github.com/bazelbuild/bazel/tree/109e4b4dc9e786e3a2d8d7cb245d18320dbe9216,https://github.com/bazelbuild/bazel/compare/f663327cf62424411e32968bc97574534cff0526...109e4b4dc9e786e3a2d8d7cb245d18320dbe9216
540,Bazel,aaab11fcf4eacfc17900daf11f35703fbef13194,223ed93582dbb730eb92c80cc6350dcec116ec0a,3735,https://github.com/bazelbuild/bazel/issues/3735,https://github.com/bazelbuild/bazel/tree/aaab11fcf4eacfc17900daf11f35703fbef13194,https://github.com/bazelbuild/bazel/tree/223ed93582dbb730eb92c80cc6350dcec116ec0a,https://github.com/bazelbuild/bazel/compare/aaab11fcf4eacfc17900daf11f35703fbef13194...223ed93582dbb730eb92c80cc6350dcec116ec0a
541,Bazel,bcefd9833cb5620fef8a27c37c2808a66b57c7e6,3904ac33a983fd8faebba1b52bcac5a3ff942029,4608,https://github.com/bazelbuild/bazel/issues/4608,https://github.com/bazelbuild/bazel/tree/bcefd9833cb5620fef8a27c37c2808a66b57c7e6,https://github.com/bazelbuild/bazel/tree/3904ac33a983fd8faebba1b52bcac5a3ff942029,https://github.com/bazelbuild/bazel/compare/bcefd9833cb5620fef8a27c37c2808a66b57c7e6...3904ac33a983fd8faebba1b52bcac5a3ff942029
542,Bazel,2a2aa7ab31367da47f8449059fdfcddfba3a20f1,b3d52b1b6d46a0f23cc91125c1d522e9d13433b4,4572,https://github.com/bazelbuild/bazel/issues/4572,https://github.com/bazelbuild/bazel/tree/2a2aa7ab31367da47f8449059fdfcddfba3a20f1,https://github.com/bazelbuild/bazel/tree/b3d52b1b6d46a0f23cc91125c1d522e9d13433b4,https://github.com/bazelbuild/bazel/compare/2a2aa7ab31367da47f8449059fdfcddfba3a20f1...b3d52b1b6d46a0f23cc91125c1d522e9d13433b4
543,Bazel,bc09735be8868f345a25f9013e7c995d0871a8b4,e11483663c29de9511043dc2cf384e2c5b386317,4585,https://github.com/bazelbuild/bazel/issues/4585,https://github.com/bazelbuild/bazel/tree/bc09735be8868f345a25f9013e7c995d0871a8b4,https://github.com/bazelbuild/bazel/tree/e11483663c29de9511043dc2cf384e2c5b386317,https://github.com/bazelbuild/bazel/compare/bc09735be8868f345a25f9013e7c995d0871a8b4...e11483663c29de9511043dc2cf384e2c5b386317
544,Bazel,ac650ffa388531b7f2d06b273ed17cf4ae33e99d,485c49408639c03664521b40882b0c5bc0a7089a,3507,https://github.com/bazelbuild/bazel/issues/3507,https://github.com/bazelbuild/bazel/tree/ac650ffa388531b7f2d06b273ed17cf4ae33e99d,https://github.com/bazelbuild/bazel/tree/485c49408639c03664521b40882b0c5bc0a7089a,https://github.com/bazelbuild/bazel/compare/ac650ffa388531b7f2d06b273ed17cf4ae33e99d...485c49408639c03664521b40882b0c5bc0a7089a
545,Bazel,c280f67eab763f6d413b7d4cc0a430559f4c2821,1a0e2e653c878c36b07880a0d31827fc8ddca353,4683,https://github.com/bazelbuild/bazel/issues/4683,https://github.com/bazelbuild/bazel/tree/c280f67eab763f6d413b7d4cc0a430559f4c2821,https://github.com/bazelbuild/bazel/tree/1a0e2e653c878c36b07880a0d31827fc8ddca353,https://github.com/bazelbuild/bazel/compare/c280f67eab763f6d413b7d4cc0a430559f4c2821...1a0e2e653c878c36b07880a0d31827fc8ddca353
546,Bazel,7f1f3a203ae879bd404eccb0937cf03e77b3d61a,28bd997c1c8793973f63dcae4c22bbae49e7d8b7,4608,https://github.com/bazelbuild/bazel/issues/4608,https://github.com/bazelbuild/bazel/tree/7f1f3a203ae879bd404eccb0937cf03e77b3d61a,https://github.com/bazelbuild/bazel/tree/28bd997c1c8793973f63dcae4c22bbae49e7d8b7,https://github.com/bazelbuild/bazel/compare/7f1f3a203ae879bd404eccb0937cf03e77b3d61a...28bd997c1c8793973f63dcae4c22bbae49e7d8b7
547,Bazel,1a0e2e653c878c36b07880a0d31827fc8ddca353,f6cbbeedc593781a111ac787e512fd485d605fcf,4683,https://github.com/bazelbuild/bazel/issues/4683,https://github.com/bazelbuild/bazel/tree/1a0e2e653c878c36b07880a0d31827fc8ddca353,https://github.com/bazelbuild/bazel/tree/f6cbbeedc593781a111ac787e512fd485d605fcf,https://github.com/bazelbuild/bazel/compare/1a0e2e653c878c36b07880a0d31827fc8ddca353...f6cbbeedc593781a111ac787e512fd485d605fcf
548,Bazel,fb915e8b7bd139e9c07e9354c43ab549e94cbc7a,1001141f0674ff4b611814edcb00a5183680ef4a,4625,https://github.com/bazelbuild/bazel/issues/4625,https://github.com/bazelbuild/bazel/tree/fb915e8b7bd139e9c07e9354c43ab549e94cbc7a,https://github.com/bazelbuild/bazel/tree/1001141f0674ff4b611814edcb00a5183680ef4a,https://github.com/bazelbuild/bazel/compare/fb915e8b7bd139e9c07e9354c43ab549e94cbc7a...1001141f0674ff4b611814edcb00a5183680ef4a
549,Bazel,cfdeb4d4737a73e38aabfbd2fca31f018a2c19e9,56aeb04a064218b845ecc193d530c341c6ec854d,4585,https://github.com/bazelbuild/bazel/issues/4585,https://github.com/bazelbuild/bazel/tree/cfdeb4d4737a73e38aabfbd2fca31f018a2c19e9,https://github.com/bazelbuild/bazel/tree/56aeb04a064218b845ecc193d530c341c6ec854d,https://github.com/bazelbuild/bazel/compare/cfdeb4d4737a73e38aabfbd2fca31f018a2c19e9...56aeb04a064218b845ecc193d530c341c6ec854d
550,Bazel,43fd34062f3e1a4eae57209e80aefadf00c1ade6,2065d30ab0fa2cf8cc4723bb86d073deb3334504,4730,https://github.com/bazelbuild/bazel/issues/4730,https://github.com/bazelbuild/bazel/tree/43fd34062f3e1a4eae57209e80aefadf00c1ade6,https://github.com/bazelbuild/bazel/tree/2065d30ab0fa2cf8cc4723bb86d073deb3334504,https://github.com/bazelbuild/bazel/compare/43fd34062f3e1a4eae57209e80aefadf00c1ade6...2065d30ab0fa2cf8cc4723bb86d073deb3334504
551,Bazel,ec0855331c8f81b8eff738669d800b6d7f34271d,b3729d8570c6a0c2a8d14dfa393b81862d039a5d,4674,https://github.com/bazelbuild/bazel/issues/4674,https://github.com/bazelbuild/bazel/tree/ec0855331c8f81b8eff738669d800b6d7f34271d,https://github.com/bazelbuild/bazel/tree/b3729d8570c6a0c2a8d14dfa393b81862d039a5d,https://github.com/bazelbuild/bazel/compare/ec0855331c8f81b8eff738669d800b6d7f34271d...b3729d8570c6a0c2a8d14dfa393b81862d039a5d
552,Bazel,52ec7fb1c22afea1a172a5720ddca44d88bbdee8,d1201c8e61ee77feabeb83da88e0eae049087a09,4756,https://github.com/bazelbuild/bazel/issues/4756,https://github.com/bazelbuild/bazel/tree/52ec7fb1c22afea1a172a5720ddca44d88bbdee8,https://github.com/bazelbuild/bazel/tree/d1201c8e61ee77feabeb83da88e0eae049087a09,https://github.com/bazelbuild/bazel/compare/52ec7fb1c22afea1a172a5720ddca44d88bbdee8...d1201c8e61ee77feabeb83da88e0eae049087a09
553,Bazel,07f872923f19bd3bf3325287fb98b471a3fb9933,6b29a1468c16d348021a10d4d71c451044783549,3988,https://github.com/bazelbuild/bazel/issues/3988,https://github.com/bazelbuild/bazel/tree/07f872923f19bd3bf3325287fb98b471a3fb9933,https://github.com/bazelbuild/bazel/tree/6b29a1468c16d348021a10d4d71c451044783549,https://github.com/bazelbuild/bazel/compare/07f872923f19bd3bf3325287fb98b471a3fb9933...6b29a1468c16d348021a10d4d71c451044783549
554,Bazel,7653a476e13c90c6726e01b0a6b275c35dd364db,993cd174f4415859a8e0e56f76b1dc46d3be68db,4222,https://github.com/bazelbuild/bazel/issues/4222,https://github.com/bazelbuild/bazel/tree/7653a476e13c90c6726e01b0a6b275c35dd364db,https://github.com/bazelbuild/bazel/tree/993cd174f4415859a8e0e56f76b1dc46d3be68db,https://github.com/bazelbuild/bazel/compare/7653a476e13c90c6726e01b0a6b275c35dd364db...993cd174f4415859a8e0e56f76b1dc46d3be68db
555,Bazel,dbf748c1a0bc7f5e3f2d6b67286d99ec88795f36,d6443d24a4bed112f258b3d6c0cef6e7845bc703,3983,https://github.com/bazelbuild/bazel/issues/3983,https://github.com/bazelbuild/bazel/tree/dbf748c1a0bc7f5e3f2d6b67286d99ec88795f36,https://github.com/bazelbuild/bazel/tree/d6443d24a4bed112f258b3d6c0cef6e7845bc703,https://github.com/bazelbuild/bazel/compare/dbf748c1a0bc7f5e3f2d6b67286d99ec88795f36...d6443d24a4bed112f258b3d6c0cef6e7845bc703
556,Bazel,800442e1dc0ab401b3a998dc4e3d4db64b896ae4,c86d6a0906c9e5eb92fc6d794d510eb4c02f2517,4585,https://github.com/bazelbuild/bazel/issues/4585,https://github.com/bazelbuild/bazel/tree/800442e1dc0ab401b3a998dc4e3d4db64b896ae4,https://github.com/bazelbuild/bazel/tree/c86d6a0906c9e5eb92fc6d794d510eb4c02f2517,https://github.com/bazelbuild/bazel/compare/800442e1dc0ab401b3a998dc4e3d4db64b896ae4...c86d6a0906c9e5eb92fc6d794d510eb4c02f2517
557,Bazel,800442e1dc0ab401b3a998dc4e3d4db64b896ae4,c86d6a0906c9e5eb92fc6d794d510eb4c02f2517,4625,https://github.com/bazelbuild/bazel/issues/4625,https://github.com/bazelbuild/bazel/tree/800442e1dc0ab401b3a998dc4e3d4db64b896ae4,https://github.com/bazelbuild/bazel/tree/c86d6a0906c9e5eb92fc6d794d510eb4c02f2517,https://github.com/bazelbuild/bazel/compare/800442e1dc0ab401b3a998dc4e3d4db64b896ae4...c86d6a0906c9e5eb92fc6d794d510eb4c02f2517
558,Bazel,d72e9e8e464864b2edf43ee77303ef29c301dacc,2838dd9f7f8556247f480b1e2ce0ced0e349e474,4749,https://github.com/bazelbuild/bazel/issues/4749,https://github.com/bazelbuild/bazel/tree/d72e9e8e464864b2edf43ee77303ef29c301dacc,https://github.com/bazelbuild/bazel/tree/2838dd9f7f8556247f480b1e2ce0ced0e349e474,https://github.com/bazelbuild/bazel/compare/d72e9e8e464864b2edf43ee77303ef29c301dacc...2838dd9f7f8556247f480b1e2ce0ced0e349e474
559,Bazel,a531971fac6980568f0763e6d8556b5e8ee89f40,e4c8509ace6baf5182379738b7834287228116cd,4810,https://github.com/bazelbuild/bazel/issues/4810,https://github.com/bazelbuild/bazel/tree/a531971fac6980568f0763e6d8556b5e8ee89f40,https://github.com/bazelbuild/bazel/tree/e4c8509ace6baf5182379738b7834287228116cd,https://github.com/bazelbuild/bazel/compare/a531971fac6980568f0763e6d8556b5e8ee89f40...e4c8509ace6baf5182379738b7834287228116cd
560,Bazel,f5d8e26eb6d77cada7bdfa32b5cd3c41f9091ce9,1a042ce789214cfdb26000464d99fbe227dff301,4812,https://github.com/bazelbuild/bazel/issues/4812,https://github.com/bazelbuild/bazel/tree/f5d8e26eb6d77cada7bdfa32b5cd3c41f9091ce9,https://github.com/bazelbuild/bazel/tree/1a042ce789214cfdb26000464d99fbe227dff301,https://github.com/bazelbuild/bazel/compare/f5d8e26eb6d77cada7bdfa32b5cd3c41f9091ce9...1a042ce789214cfdb26000464d99fbe227dff301
561,Bazel,f2b66aa31b0a3addb2f3712c6232f4c8c65b55db,d2f33add4d8242156828d0c146538b831cc27081,4780,https://github.com/bazelbuild/bazel/issues/4780,https://github.com/bazelbuild/bazel/tree/f2b66aa31b0a3addb2f3712c6232f4c8c65b55db,https://github.com/bazelbuild/bazel/tree/d2f33add4d8242156828d0c146538b831cc27081,https://github.com/bazelbuild/bazel/compare/f2b66aa31b0a3addb2f3712c6232f4c8c65b55db...d2f33add4d8242156828d0c146538b831cc27081
562,Bazel,f5037d3ff0d8efb84263b6de5ce7d41dd065da9b,1a77a347ca87dfa31158e94420cae3863777cc74,4682,https://github.com/bazelbuild/bazel/issues/4682,https://github.com/bazelbuild/bazel/tree/f5037d3ff0d8efb84263b6de5ce7d41dd065da9b,https://github.com/bazelbuild/bazel/tree/1a77a347ca87dfa31158e94420cae3863777cc74,https://github.com/bazelbuild/bazel/compare/f5037d3ff0d8efb84263b6de5ce7d41dd065da9b...1a77a347ca87dfa31158e94420cae3863777cc74
563,Bazel,f1f5f99a98e65f43aab8c5dba6ed6f6871c479cd,04ce86e8ba96630f89a436167b7f3a195c5e50e7,4976,https://github.com/bazelbuild/bazel/issues/4976,https://github.com/bazelbuild/bazel/tree/f1f5f99a98e65f43aab8c5dba6ed6f6871c479cd,https://github.com/bazelbuild/bazel/tree/04ce86e8ba96630f89a436167b7f3a195c5e50e7,https://github.com/bazelbuild/bazel/compare/f1f5f99a98e65f43aab8c5dba6ed6f6871c479cd...04ce86e8ba96630f89a436167b7f3a195c5e50e7
564,Bazel,f1f5f99a98e65f43aab8c5dba6ed6f6871c479cd,04ce86e8ba96630f89a436167b7f3a195c5e50e7,4935,https://github.com/bazelbuild/bazel/issues/4935,https://github.com/bazelbuild/bazel/tree/f1f5f99a98e65f43aab8c5dba6ed6f6871c479cd,https://github.com/bazelbuild/bazel/tree/04ce86e8ba96630f89a436167b7f3a195c5e50e7,https://github.com/bazelbuild/bazel/compare/f1f5f99a98e65f43aab8c5dba6ed6f6871c479cd...04ce86e8ba96630f89a436167b7f3a195c5e50e7
565,Bazel,92dd54be26f1dfa6c472ff0df2562f33db801b01,8a2cd73e1dc6284ba2580f0d1f4c7276e8c1de1b,3256,https://github.com/bazelbuild/bazel/issues/3256,https://github.com/bazelbuild/bazel/tree/92dd54be26f1dfa6c472ff0df2562f33db801b01,https://github.com/bazelbuild/bazel/tree/8a2cd73e1dc6284ba2580f0d1f4c7276e8c1de1b,https://github.com/bazelbuild/bazel/compare/92dd54be26f1dfa6c472ff0df2562f33db801b01...8a2cd73e1dc6284ba2580f0d1f4c7276e8c1de1b
566,Bazel,dcb3e86fee4f025fb5653e994ba975383e582baf,d1388b87bb49f855b258a629c5236d05a118771a,3859,https://github.com/bazelbuild/bazel/issues/3859,https://github.com/bazelbuild/bazel/tree/dcb3e86fee4f025fb5653e994ba975383e582baf,https://github.com/bazelbuild/bazel/tree/d1388b87bb49f855b258a629c5236d05a118771a,https://github.com/bazelbuild/bazel/compare/dcb3e86fee4f025fb5653e994ba975383e582baf...d1388b87bb49f855b258a629c5236d05a118771a
567,Bazel,b7dad9678254d223965f65ee24a21218836522a8,85e8c3846e4cf582bdeff312545231d8f62b5e52,4762,https://github.com/bazelbuild/bazel/issues/4762,https://github.com/bazelbuild/bazel/tree/b7dad9678254d223965f65ee24a21218836522a8,https://github.com/bazelbuild/bazel/tree/85e8c3846e4cf582bdeff312545231d8f62b5e52,https://github.com/bazelbuild/bazel/compare/b7dad9678254d223965f65ee24a21218836522a8...85e8c3846e4cf582bdeff312545231d8f62b5e52
568,Bazel,4ccecae85c12086e9610b67b50d21f5470fa89b6,09077a35da3def2474d90f1cc1bb14848dd6fd4f,4585,https://github.com/bazelbuild/bazel/issues/4585,https://github.com/bazelbuild/bazel/tree/4ccecae85c12086e9610b67b50d21f5470fa89b6,https://github.com/bazelbuild/bazel/tree/09077a35da3def2474d90f1cc1bb14848dd6fd4f,https://github.com/bazelbuild/bazel/compare/4ccecae85c12086e9610b67b50d21f5470fa89b6...09077a35da3def2474d90f1cc1bb14848dd6fd4f
569,Bazel,4ccecae85c12086e9610b67b50d21f5470fa89b6,09077a35da3def2474d90f1cc1bb14848dd6fd4f,4625,https://github.com/bazelbuild/bazel/issues/4625,https://github.com/bazelbuild/bazel/tree/4ccecae85c12086e9610b67b50d21f5470fa89b6,https://github.com/bazelbuild/bazel/tree/09077a35da3def2474d90f1cc1bb14848dd6fd4f,https://github.com/bazelbuild/bazel/compare/4ccecae85c12086e9610b67b50d21f5470fa89b6...09077a35da3def2474d90f1cc1bb14848dd6fd4f
570,Bazel,073ea095a6c6a826ccdbbce1b213de47115e701a,c36d4e87abb89c8755631de1377a9cf44bde30d6,5000,https://github.com/bazelbuild/bazel/issues/5000,https://github.com/bazelbuild/bazel/tree/073ea095a6c6a826ccdbbce1b213de47115e701a,https://github.com/bazelbuild/bazel/tree/c36d4e87abb89c8755631de1377a9cf44bde30d6,https://github.com/bazelbuild/bazel/compare/073ea095a6c6a826ccdbbce1b213de47115e701a...c36d4e87abb89c8755631de1377a9cf44bde30d6
571,Bazel,e02a00f38a5bff9f567d6490f2668805c4b6f170,d8ac06a4cfba7fe820cf61c9b865cf670cc936a9,4647,https://github.com/bazelbuild/bazel/issues/4647,https://github.com/bazelbuild/bazel/tree/e02a00f38a5bff9f567d6490f2668805c4b6f170,https://github.com/bazelbuild/bazel/tree/d8ac06a4cfba7fe820cf61c9b865cf670cc936a9,https://github.com/bazelbuild/bazel/compare/e02a00f38a5bff9f567d6490f2668805c4b6f170...d8ac06a4cfba7fe820cf61c9b865cf670cc936a9
572,Bazel,c122e47bd8386eb318ced9917d86e4c39378e222,f0cd2d259833f3f8521b832051d425458ff316e9,5066,https://github.com/bazelbuild/bazel/issues/5066,https://github.com/bazelbuild/bazel/tree/c122e47bd8386eb318ced9917d86e4c39378e222,https://github.com/bazelbuild/bazel/tree/f0cd2d259833f3f8521b832051d425458ff316e9,https://github.com/bazelbuild/bazel/compare/c122e47bd8386eb318ced9917d86e4c39378e222...f0cd2d259833f3f8521b832051d425458ff316e9
573,Bazel,a8ddd36c3a68d9c58357399f349fd70a14d79d92,91b867f6b1b5c417172efe1fa278282d14500922,5157,https://github.com/bazelbuild/bazel/issues/5157,https://github.com/bazelbuild/bazel/tree/a8ddd36c3a68d9c58357399f349fd70a14d79d92,https://github.com/bazelbuild/bazel/tree/91b867f6b1b5c417172efe1fa278282d14500922,https://github.com/bazelbuild/bazel/compare/a8ddd36c3a68d9c58357399f349fd70a14d79d92...91b867f6b1b5c417172efe1fa278282d14500922
574,Bazel,fdda242d815c895f23d980674eeb15a7c77b0737,073ea095a6c6a826ccdbbce1b213de47115e701a,2190,https://github.com/bazelbuild/bazel/issues/2190,https://github.com/bazelbuild/bazel/tree/fdda242d815c895f23d980674eeb15a7c77b0737,https://github.com/bazelbuild/bazel/tree/073ea095a6c6a826ccdbbce1b213de47115e701a,https://github.com/bazelbuild/bazel/compare/fdda242d815c895f23d980674eeb15a7c77b0737...073ea095a6c6a826ccdbbce1b213de47115e701a
575,Bazel,c29f34fa81a16abdfc1b5aad03f76d36ce8793ba,3da8929963e9c70dff5d8859d6e988e6e7f4f9d7,4750,https://github.com/bazelbuild/bazel/issues/4750,https://github.com/bazelbuild/bazel/tree/c29f34fa81a16abdfc1b5aad03f76d36ce8793ba,https://github.com/bazelbuild/bazel/tree/3da8929963e9c70dff5d8859d6e988e6e7f4f9d7,https://github.com/bazelbuild/bazel/compare/c29f34fa81a16abdfc1b5aad03f76d36ce8793ba...3da8929963e9c70dff5d8859d6e988e6e7f4f9d7
576,Bazel,72075bf94cb2dc1bee8fa785767468c8bb6a240c,3c9cd82b847f3ece8ec04b2029bd5e8ad0eb7502,5202,https://github.com/bazelbuild/bazel/issues/5202,https://github.com/bazelbuild/bazel/tree/72075bf94cb2dc1bee8fa785767468c8bb6a240c,https://github.com/bazelbuild/bazel/tree/3c9cd82b847f3ece8ec04b2029bd5e8ad0eb7502,https://github.com/bazelbuild/bazel/compare/72075bf94cb2dc1bee8fa785767468c8bb6a240c...3c9cd82b847f3ece8ec04b2029bd5e8ad0eb7502
577,Bazel,f286756100b9c2b448322a184fca61038ebdef36,e6eaf251acb3b7054c8c5ced58a49c054b5f23b1,5109,https://github.com/bazelbuild/bazel/issues/5109,https://github.com/bazelbuild/bazel/tree/f286756100b9c2b448322a184fca61038ebdef36,https://github.com/bazelbuild/bazel/tree/e6eaf251acb3b7054c8c5ced58a49c054b5f23b1,https://github.com/bazelbuild/bazel/compare/f286756100b9c2b448322a184fca61038ebdef36...e6eaf251acb3b7054c8c5ced58a49c054b5f23b1
578,Bazel,cdf118a607ab179807cd39d0cafdb551859d1cd1,eca7b81cf8cc51e1fe56e5ed7d4ad5cd1668a17a,5134,https://github.com/bazelbuild/bazel/issues/5134,https://github.com/bazelbuild/bazel/tree/cdf118a607ab179807cd39d0cafdb551859d1cd1,https://github.com/bazelbuild/bazel/tree/eca7b81cf8cc51e1fe56e5ed7d4ad5cd1668a17a,https://github.com/bazelbuild/bazel/compare/cdf118a607ab179807cd39d0cafdb551859d1cd1...eca7b81cf8cc51e1fe56e5ed7d4ad5cd1668a17a
579,Bazel,cdf118a607ab179807cd39d0cafdb551859d1cd1,eca7b81cf8cc51e1fe56e5ed7d4ad5cd1668a17a,1008,https://github.com/bazelbuild/bazel/issues/1008,https://github.com/bazelbuild/bazel/tree/cdf118a607ab179807cd39d0cafdb551859d1cd1,https://github.com/bazelbuild/bazel/tree/eca7b81cf8cc51e1fe56e5ed7d4ad5cd1668a17a,https://github.com/bazelbuild/bazel/compare/cdf118a607ab179807cd39d0cafdb551859d1cd1...eca7b81cf8cc51e1fe56e5ed7d4ad5cd1668a17a
580,Bazel,5ad445b09283ee80dab22a4ba342cb4a72fedb0e,c4ba94ce5ddb1bff8217d3262a7d951869c25ce3,5300,https://github.com/bazelbuild/bazel/issues/5300,https://github.com/bazelbuild/bazel/tree/5ad445b09283ee80dab22a4ba342cb4a72fedb0e,https://github.com/bazelbuild/bazel/tree/c4ba94ce5ddb1bff8217d3262a7d951869c25ce3,https://github.com/bazelbuild/bazel/compare/5ad445b09283ee80dab22a4ba342cb4a72fedb0e...c4ba94ce5ddb1bff8217d3262a7d951869c25ce3
581,Bazel,43a1dc799f068daaf5487e92ace90ad65d0560bf,63748e4f0307b00f0cb91864d00f58ce54132689,5296,https://github.com/bazelbuild/bazel/issues/5296,https://github.com/bazelbuild/bazel/tree/43a1dc799f068daaf5487e92ace90ad65d0560bf,https://github.com/bazelbuild/bazel/tree/63748e4f0307b00f0cb91864d00f58ce54132689,https://github.com/bazelbuild/bazel/compare/43a1dc799f068daaf5487e92ace90ad65d0560bf...63748e4f0307b00f0cb91864d00f58ce54132689
582,Bazel,1973be49ca38a17e5272e8af1d0ba6b00e442d1f,5b1ce4d5d7568ecacf02c63c30a9cc7ce7ef24d3,4668,https://github.com/bazelbuild/bazel/issues/4668,https://github.com/bazelbuild/bazel/tree/1973be49ca38a17e5272e8af1d0ba6b00e442d1f,https://github.com/bazelbuild/bazel/tree/5b1ce4d5d7568ecacf02c63c30a9cc7ce7ef24d3,https://github.com/bazelbuild/bazel/compare/1973be49ca38a17e5272e8af1d0ba6b00e442d1f...5b1ce4d5d7568ecacf02c63c30a9cc7ce7ef24d3
583,Bazel,6c87715b8ac6b32e636ba307440e2b7362b10a48,513bbf53549634031452d79d0ffa6dddb4e2036f,5336,https://github.com/bazelbuild/bazel/issues/5336,https://github.com/bazelbuild/bazel/tree/6c87715b8ac6b32e636ba307440e2b7362b10a48,https://github.com/bazelbuild/bazel/tree/513bbf53549634031452d79d0ffa6dddb4e2036f,https://github.com/bazelbuild/bazel/compare/6c87715b8ac6b32e636ba307440e2b7362b10a48...513bbf53549634031452d79d0ffa6dddb4e2036f
584,Bazel,75641c9894656e1f3cf0320f227396a7123ce019,30ef629d77b86a0effc47ad2a5c01e757951ecc6,5349,https://github.com/bazelbuild/bazel/issues/5349,https://github.com/bazelbuild/bazel/tree/75641c9894656e1f3cf0320f227396a7123ce019,https://github.com/bazelbuild/bazel/tree/30ef629d77b86a0effc47ad2a5c01e757951ecc6,https://github.com/bazelbuild/bazel/compare/75641c9894656e1f3cf0320f227396a7123ce019...30ef629d77b86a0effc47ad2a5c01e757951ecc6
585,Bazel,5df8eb24f84a6943e70876c805c77f06e719dcd7,4001dddc38b07fe0ee86f6a9e95ff4a92276bb2d,4398,https://github.com/bazelbuild/bazel/issues/4398,https://github.com/bazelbuild/bazel/tree/5df8eb24f84a6943e70876c805c77f06e719dcd7,https://github.com/bazelbuild/bazel/tree/4001dddc38b07fe0ee86f6a9e95ff4a92276bb2d,https://github.com/bazelbuild/bazel/compare/5df8eb24f84a6943e70876c805c77f06e719dcd7...4001dddc38b07fe0ee86f6a9e95ff4a92276bb2d
586,Bazel,e29c1830c88822639b32a13bac659eea9e4587ac,10141a3a351dd49376fc3e891634c5d91328a462,5260,https://github.com/bazelbuild/bazel/issues/5260,https://github.com/bazelbuild/bazel/tree/e29c1830c88822639b32a13bac659eea9e4587ac,https://github.com/bazelbuild/bazel/tree/10141a3a351dd49376fc3e891634c5d91328a462,https://github.com/bazelbuild/bazel/compare/e29c1830c88822639b32a13bac659eea9e4587ac...10141a3a351dd49376fc3e891634c5d91328a462
587,Bazel,3a592f69e6fede54f1e10f4980f0be37aa77a144,fe631118361e50b0ae4a522bc6ac81941fc1f9a0,5090,https://github.com/bazelbuild/bazel/issues/5090,https://github.com/bazelbuild/bazel/tree/3a592f69e6fede54f1e10f4980f0be37aa77a144,https://github.com/bazelbuild/bazel/tree/fe631118361e50b0ae4a522bc6ac81941fc1f9a0,https://github.com/bazelbuild/bazel/compare/3a592f69e6fede54f1e10f4980f0be37aa77a144...fe631118361e50b0ae4a522bc6ac81941fc1f9a0
588,Bazel,8a45d082ae0e0be04f56fef82e354c8c70840d5c,39780843f241da1b57fed2396f0b908d1a2cd5f4,4798,https://github.com/bazelbuild/bazel/issues/4798,https://github.com/bazelbuild/bazel/tree/8a45d082ae0e0be04f56fef82e354c8c70840d5c,https://github.com/bazelbuild/bazel/tree/39780843f241da1b57fed2396f0b908d1a2cd5f4,https://github.com/bazelbuild/bazel/compare/8a45d082ae0e0be04f56fef82e354c8c70840d5c...39780843f241da1b57fed2396f0b908d1a2cd5f4
589,Bazel,e28c0ab84c7967e10cc3cd5333560c54653084bd,72141a1330aaf88d4a44e5fda8541c2cdf915c77,5315,https://github.com/bazelbuild/bazel/issues/5315,https://github.com/bazelbuild/bazel/tree/e28c0ab84c7967e10cc3cd5333560c54653084bd,https://github.com/bazelbuild/bazel/tree/72141a1330aaf88d4a44e5fda8541c2cdf915c77,https://github.com/bazelbuild/bazel/compare/e28c0ab84c7967e10cc3cd5333560c54653084bd...72141a1330aaf88d4a44e5fda8541c2cdf915c77
590,Bazel,1fbe72ed6045d78bab83a7ca93279b2b540ef3df,77459d98103f9fd788226539a3ab318f829b1017,5378,https://github.com/bazelbuild/bazel/issues/5378,https://github.com/bazelbuild/bazel/tree/1fbe72ed6045d78bab83a7ca93279b2b540ef3df,https://github.com/bazelbuild/bazel/tree/77459d98103f9fd788226539a3ab318f829b1017,https://github.com/bazelbuild/bazel/compare/1fbe72ed6045d78bab83a7ca93279b2b540ef3df...77459d98103f9fd788226539a3ab318f829b1017
591,Bazel,287b30da1167fee8950687d3a1f581446b263ba6,39d6f89644107a8f7c080c4f4aec8527c1a73954,5396,https://github.com/bazelbuild/bazel/issues/5396,https://github.com/bazelbuild/bazel/tree/287b30da1167fee8950687d3a1f581446b263ba6,https://github.com/bazelbuild/bazel/tree/39d6f89644107a8f7c080c4f4aec8527c1a73954,https://github.com/bazelbuild/bazel/compare/287b30da1167fee8950687d3a1f581446b263ba6...39d6f89644107a8f7c080c4f4aec8527c1a73954
592,Bazel,49212c43c1aef61319d69760ca79151636988b68,c8dfabbe9c4dc5fc45b19ceacef4582a8a0e0f47,5390,https://github.com/bazelbuild/bazel/issues/5390,https://github.com/bazelbuild/bazel/tree/49212c43c1aef61319d69760ca79151636988b68,https://github.com/bazelbuild/bazel/tree/c8dfabbe9c4dc5fc45b19ceacef4582a8a0e0f47,https://github.com/bazelbuild/bazel/compare/49212c43c1aef61319d69760ca79151636988b68...c8dfabbe9c4dc5fc45b19ceacef4582a8a0e0f47
593,Bazel,b8977a4cd6cd3b2a83b0596d8e477f8d89988d8a,59f915949e262ac526e8f7e3153502400d95b0ff,5402,https://github.com/bazelbuild/bazel/issues/5402,https://github.com/bazelbuild/bazel/tree/b8977a4cd6cd3b2a83b0596d8e477f8d89988d8a,https://github.com/bazelbuild/bazel/tree/59f915949e262ac526e8f7e3153502400d95b0ff,https://github.com/bazelbuild/bazel/compare/b8977a4cd6cd3b2a83b0596d8e477f8d89988d8a...59f915949e262ac526e8f7e3153502400d95b0ff
594,Bazel,be88b8539b30d1c36c68b0f6acfe1e9ae010db3b,c809afca846de06a2c248d8df5fa4b43b9bcfcdd,5695,https://github.com/bazelbuild/bazel/issues/5695,https://github.com/bazelbuild/bazel/tree/be88b8539b30d1c36c68b0f6acfe1e9ae010db3b,https://github.com/bazelbuild/bazel/tree/c809afca846de06a2c248d8df5fa4b43b9bcfcdd,https://github.com/bazelbuild/bazel/compare/be88b8539b30d1c36c68b0f6acfe1e9ae010db3b...c809afca846de06a2c248d8df5fa4b43b9bcfcdd
595,Bazel,09d20311d982606093ed881d779bb05a5ee70ed3,1387e6f48164f3842d71bc37226d6b07fd1aa7d5,5469,https://github.com/bazelbuild/bazel/issues/5469,https://github.com/bazelbuild/bazel/tree/09d20311d982606093ed881d779bb05a5ee70ed3,https://github.com/bazelbuild/bazel/tree/1387e6f48164f3842d71bc37226d6b07fd1aa7d5,https://github.com/bazelbuild/bazel/compare/09d20311d982606093ed881d779bb05a5ee70ed3...1387e6f48164f3842d71bc37226d6b07fd1aa7d5
596,Bazel,6bc22d571b17853a7e6c2c4b6776a1c833c63ce3,8fcc07aebb677566de6c53b5ab57f124a840cf60,5331,https://github.com/bazelbuild/bazel/issues/5331,https://github.com/bazelbuild/bazel/tree/6bc22d571b17853a7e6c2c4b6776a1c833c63ce3,https://github.com/bazelbuild/bazel/tree/8fcc07aebb677566de6c53b5ab57f124a840cf60,https://github.com/bazelbuild/bazel/compare/6bc22d571b17853a7e6c2c4b6776a1c833c63ce3...8fcc07aebb677566de6c53b5ab57f124a840cf60
597,Bazel,c56699db5f9173739ba3ac55aa9fa69b6457a99b,f2732ebb78b0abc54402026efddd2b3ee6d20e82,5751,https://github.com/bazelbuild/bazel/issues/5751,https://github.com/bazelbuild/bazel/tree/c56699db5f9173739ba3ac55aa9fa69b6457a99b,https://github.com/bazelbuild/bazel/tree/f2732ebb78b0abc54402026efddd2b3ee6d20e82,https://github.com/bazelbuild/bazel/compare/c56699db5f9173739ba3ac55aa9fa69b6457a99b...f2732ebb78b0abc54402026efddd2b3ee6d20e82
598,Bazel,8f9416cf6057f67170d7f4ced72e43d9682f331b,209c82eb5f56dceb30b9fab22c7cb8383507e131,5855,https://github.com/bazelbuild/bazel/issues/5855,https://github.com/bazelbuild/bazel/tree/8f9416cf6057f67170d7f4ced72e43d9682f331b,https://github.com/bazelbuild/bazel/tree/209c82eb5f56dceb30b9fab22c7cb8383507e131,https://github.com/bazelbuild/bazel/compare/8f9416cf6057f67170d7f4ced72e43d9682f331b...209c82eb5f56dceb30b9fab22c7cb8383507e131
599,Bazel,ca2733c3ec4d0d5ebfe6b3c4b8dcee3c8855cf6b,1bd588345ec5d7847243677f0bc01b0b3bee82d1,5730,https://github.com/bazelbuild/bazel/issues/5730,https://github.com/bazelbuild/bazel/tree/ca2733c3ec4d0d5ebfe6b3c4b8dcee3c8855cf6b,https://github.com/bazelbuild/bazel/tree/1bd588345ec5d7847243677f0bc01b0b3bee82d1,https://github.com/bazelbuild/bazel/compare/ca2733c3ec4d0d5ebfe6b3c4b8dcee3c8855cf6b...1bd588345ec5d7847243677f0bc01b0b3bee82d1
600,Bazel,c5442570ecba9a540a552825c8aed7ac9c62c321,5a6fc8deb863696e121ef8e6fc65361c0e35e5f8,5902,https://github.com/bazelbuild/bazel/issues/5902,https://github.com/bazelbuild/bazel/tree/c5442570ecba9a540a552825c8aed7ac9c62c321,https://github.com/bazelbuild/bazel/tree/5a6fc8deb863696e121ef8e6fc65361c0e35e5f8,https://github.com/bazelbuild/bazel/compare/c5442570ecba9a540a552825c8aed7ac9c62c321...5a6fc8deb863696e121ef8e6fc65361c0e35e5f8
601,Bazel,b495eafdc2ab380afe533514b3bcd7d5b30c9935,1d956c707e1c843896ac58a341c335c9c149073d,5066,https://github.com/bazelbuild/bazel/issues/5066,https://github.com/bazelbuild/bazel/tree/b495eafdc2ab380afe533514b3bcd7d5b30c9935,https://github.com/bazelbuild/bazel/tree/1d956c707e1c843896ac58a341c335c9c149073d,https://github.com/bazelbuild/bazel/compare/b495eafdc2ab380afe533514b3bcd7d5b30c9935...1d956c707e1c843896ac58a341c335c9c149073d
602,Bazel,4e3a64df1b7f923c61f443098d3f06e4be993a4f,d215b64362c4ede61c8ba87b5f3f57bce4785d15,5730,https://github.com/bazelbuild/bazel/issues/5730,https://github.com/bazelbuild/bazel/tree/4e3a64df1b7f923c61f443098d3f06e4be993a4f,https://github.com/bazelbuild/bazel/tree/d215b64362c4ede61c8ba87b5f3f57bce4785d15,https://github.com/bazelbuild/bazel/compare/4e3a64df1b7f923c61f443098d3f06e4be993a4f...d215b64362c4ede61c8ba87b5f3f57bce4785d15
603,Bazel,7693b09a1936d8bb1e45c9fc330f33e25bc56ffd,44f92dd508824f2bae03e0e55dc4282908a562ec,5906,https://github.com/bazelbuild/bazel/issues/5906,https://github.com/bazelbuild/bazel/tree/7693b09a1936d8bb1e45c9fc330f33e25bc56ffd,https://github.com/bazelbuild/bazel/tree/44f92dd508824f2bae03e0e55dc4282908a562ec,https://github.com/bazelbuild/bazel/compare/7693b09a1936d8bb1e45c9fc330f33e25bc56ffd...44f92dd508824f2bae03e0e55dc4282908a562ec
604,Bazel,d8216e6fe6a28f926a7e06df45dd13cb346c83ee,fdb09a260dead1e1169f94584edc837349a4f4a5,5751,https://github.com/bazelbuild/bazel/issues/5751,https://github.com/bazelbuild/bazel/tree/d8216e6fe6a28f926a7e06df45dd13cb346c83ee,https://github.com/bazelbuild/bazel/tree/fdb09a260dead1e1169f94584edc837349a4f4a5,https://github.com/bazelbuild/bazel/compare/d8216e6fe6a28f926a7e06df45dd13cb346c83ee...fdb09a260dead1e1169f94584edc837349a4f4a5
605,Bazel,0173bdbf7bdd1874379d4dd3eb70d5321e0f1816,1c0c36636f04a9cc2b96936d550a8319fc85b832,5914,https://github.com/bazelbuild/bazel/issues/5914,https://github.com/bazelbuild/bazel/tree/0173bdbf7bdd1874379d4dd3eb70d5321e0f1816,https://github.com/bazelbuild/bazel/tree/1c0c36636f04a9cc2b96936d550a8319fc85b832,https://github.com/bazelbuild/bazel/compare/0173bdbf7bdd1874379d4dd3eb70d5321e0f1816...1c0c36636f04a9cc2b96936d550a8319fc85b832
606,Bazel,e632d5032042c33377264c8b2b7d46247e77179b,2834613f93f74e988c51cf27eac0e59c79ff3b8f,6060,https://github.com/bazelbuild/bazel/issues/6060,https://github.com/bazelbuild/bazel/tree/e632d5032042c33377264c8b2b7d46247e77179b,https://github.com/bazelbuild/bazel/tree/2834613f93f74e988c51cf27eac0e59c79ff3b8f,https://github.com/bazelbuild/bazel/compare/e632d5032042c33377264c8b2b7d46247e77179b...2834613f93f74e988c51cf27eac0e59c79ff3b8f
607,Bazel,87eab46fae4de30a49fc9d16b22ab9d2c7e39cec,504401791e0a0e7e3263940e9e127f74956e7806,6020,https://github.com/bazelbuild/bazel/issues/6020,https://github.com/bazelbuild/bazel/tree/87eab46fae4de30a49fc9d16b22ab9d2c7e39cec,https://github.com/bazelbuild/bazel/tree/504401791e0a0e7e3263940e9e127f74956e7806,https://github.com/bazelbuild/bazel/compare/87eab46fae4de30a49fc9d16b22ab9d2c7e39cec...504401791e0a0e7e3263940e9e127f74956e7806
608,Bazel,19dc0539657b9af8c0347a811df629be1e13064c,9f7545e6de638e63b25d8454e95305289c3fea94,5855,https://github.com/bazelbuild/bazel/issues/5855,https://github.com/bazelbuild/bazel/tree/19dc0539657b9af8c0347a811df629be1e13064c,https://github.com/bazelbuild/bazel/tree/9f7545e6de638e63b25d8454e95305289c3fea94,https://github.com/bazelbuild/bazel/compare/19dc0539657b9af8c0347a811df629be1e13064c...9f7545e6de638e63b25d8454e95305289c3fea94
609,Bazel,f4695744e9a3c3a6f35708f1091d5db3e1bcbf5e,bf6a63d64a010f4c363d218e3ec54dc4dc9d8f34,6219,https://github.com/bazelbuild/bazel/issues/6219,https://github.com/bazelbuild/bazel/tree/f4695744e9a3c3a6f35708f1091d5db3e1bcbf5e,https://github.com/bazelbuild/bazel/tree/bf6a63d64a010f4c363d218e3ec54dc4dc9d8f34,https://github.com/bazelbuild/bazel/compare/f4695744e9a3c3a6f35708f1091d5db3e1bcbf5e...bf6a63d64a010f4c363d218e3ec54dc4dc9d8f34
610,Bazel,dc16d09ddf7b907d8fa28a812f7747f10694782c,73972b3f0889fe7a5828c03addd017707a5e76fb,6389,https://github.com/bazelbuild/bazel/issues/6389,https://github.com/bazelbuild/bazel/tree/dc16d09ddf7b907d8fa28a812f7747f10694782c,https://github.com/bazelbuild/bazel/tree/73972b3f0889fe7a5828c03addd017707a5e76fb,https://github.com/bazelbuild/bazel/compare/dc16d09ddf7b907d8fa28a812f7747f10694782c...73972b3f0889fe7a5828c03addd017707a5e76fb
611,Bazel,1568cfd2599aee0a43888c6ca28512a780131c65,bed7aba2099a22ad1b4db1edea9a60dd6aee1093,6208,https://github.com/bazelbuild/bazel/issues/6208,https://github.com/bazelbuild/bazel/tree/1568cfd2599aee0a43888c6ca28512a780131c65,https://github.com/bazelbuild/bazel/tree/bed7aba2099a22ad1b4db1edea9a60dd6aee1093,https://github.com/bazelbuild/bazel/compare/1568cfd2599aee0a43888c6ca28512a780131c65...bed7aba2099a22ad1b4db1edea9a60dd6aee1093
612,Bazel,b05c5c985235e0df7afa690f28f66abcda363f8d,45d5200f9ba2772daa2cd56d774edace92ffbf40,6054,https://github.com/bazelbuild/bazel/issues/6054,https://github.com/bazelbuild/bazel/tree/b05c5c985235e0df7afa690f28f66abcda363f8d,https://github.com/bazelbuild/bazel/tree/45d5200f9ba2772daa2cd56d774edace92ffbf40,https://github.com/bazelbuild/bazel/compare/b05c5c985235e0df7afa690f28f66abcda363f8d...45d5200f9ba2772daa2cd56d774edace92ffbf40
613,Bazel,72ef398c3b1a701316367a1790215a52d6babd29,36177975519ce5b0f3dac536416d2df62a7776c9,6219,https://github.com/bazelbuild/bazel/issues/6219,https://github.com/bazelbuild/bazel/tree/72ef398c3b1a701316367a1790215a52d6babd29,https://github.com/bazelbuild/bazel/tree/36177975519ce5b0f3dac536416d2df62a7776c9,https://github.com/bazelbuild/bazel/compare/72ef398c3b1a701316367a1790215a52d6babd29...36177975519ce5b0f3dac536416d2df62a7776c9
614,Bazel,035cf563a7891331c9fab8aa32854e43c8c4fa9b,92849b83ad178004ee4d6428e0c1674e1a35a9a6,6219,https://github.com/bazelbuild/bazel/issues/6219,https://github.com/bazelbuild/bazel/tree/035cf563a7891331c9fab8aa32854e43c8c4fa9b,https://github.com/bazelbuild/bazel/tree/92849b83ad178004ee4d6428e0c1674e1a35a9a6,https://github.com/bazelbuild/bazel/compare/035cf563a7891331c9fab8aa32854e43c8c4fa9b...92849b83ad178004ee4d6428e0c1674e1a35a9a6
615,Bazel,9df9e5acec2b00a771cb30534c76ac69b089b255,8ef1e6b41b1088f976a278b965e5f266be2ec9fe,5902,https://github.com/bazelbuild/bazel/issues/5902,https://github.com/bazelbuild/bazel/tree/9df9e5acec2b00a771cb30534c76ac69b089b255,https://github.com/bazelbuild/bazel/tree/8ef1e6b41b1088f976a278b965e5f266be2ec9fe,https://github.com/bazelbuild/bazel/compare/9df9e5acec2b00a771cb30534c76ac69b089b255...8ef1e6b41b1088f976a278b965e5f266be2ec9fe
616,Bazel,c1d7672707a4d8898b0cd37b5695804ca047d0b8,31db80fd32a69c174e0e846831b591c43d4fa4c0,6261,https://github.com/bazelbuild/bazel/issues/6261,https://github.com/bazelbuild/bazel/tree/c1d7672707a4d8898b0cd37b5695804ca047d0b8,https://github.com/bazelbuild/bazel/tree/31db80fd32a69c174e0e846831b591c43d4fa4c0,https://github.com/bazelbuild/bazel/compare/c1d7672707a4d8898b0cd37b5695804ca047d0b8...31db80fd32a69c174e0e846831b591c43d4fa4c0
617,Bazel,c3bcafb68d7b50ccd3c8f9bf56a9194b887903d0,1dc1cc1bea3b4ee088eb2128180f7687af017a1a,6479,https://github.com/bazelbuild/bazel/issues/6479,https://github.com/bazelbuild/bazel/tree/c3bcafb68d7b50ccd3c8f9bf56a9194b887903d0,https://github.com/bazelbuild/bazel/tree/1dc1cc1bea3b4ee088eb2128180f7687af017a1a,https://github.com/bazelbuild/bazel/compare/c3bcafb68d7b50ccd3c8f9bf56a9194b887903d0...1dc1cc1bea3b4ee088eb2128180f7687af017a1a
618,Bazel,10f4911a6fbd7e1a1e4e0a9c0b6caae22f78ba46,1ddee63389d08b7f480fa51590c48e4ae39209cc,4309,https://github.com/bazelbuild/bazel/issues/4309,https://github.com/bazelbuild/bazel/tree/10f4911a6fbd7e1a1e4e0a9c0b6caae22f78ba46,https://github.com/bazelbuild/bazel/tree/1ddee63389d08b7f480fa51590c48e4ae39209cc,https://github.com/bazelbuild/bazel/compare/10f4911a6fbd7e1a1e4e0a9c0b6caae22f78ba46...1ddee63389d08b7f480fa51590c48e4ae39209cc
619,Bazel,e722c4586955807ff0865082e34844f5a958fd3c,3ed88226d2a6386b1e2d68090d29288b91d2a161,6405,https://github.com/bazelbuild/bazel/issues/6405,https://github.com/bazelbuild/bazel/tree/e722c4586955807ff0865082e34844f5a958fd3c,https://github.com/bazelbuild/bazel/tree/3ed88226d2a6386b1e2d68090d29288b91d2a161,https://github.com/bazelbuild/bazel/compare/e722c4586955807ff0865082e34844f5a958fd3c...3ed88226d2a6386b1e2d68090d29288b91d2a161
620,Bazel,2852b361c026c029ea3eca9c83e5e04f76a10f48,3c7c273beb71f0533abd399d574476fa6bee5d02,6613,https://github.com/bazelbuild/bazel/issues/6613,https://github.com/bazelbuild/bazel/tree/2852b361c026c029ea3eca9c83e5e04f76a10f48,https://github.com/bazelbuild/bazel/tree/3c7c273beb71f0533abd399d574476fa6bee5d02,https://github.com/bazelbuild/bazel/compare/2852b361c026c029ea3eca9c83e5e04f76a10f48...3c7c273beb71f0533abd399d574476fa6bee5d02
621,Bazel,6a30ed637c7d2e4c33edca566d0912a8f9235792,612b1eda0d53bb45e294786a99f825726b77aff9,6589,https://github.com/bazelbuild/bazel/issues/6589,https://github.com/bazelbuild/bazel/tree/6a30ed637c7d2e4c33edca566d0912a8f9235792,https://github.com/bazelbuild/bazel/tree/612b1eda0d53bb45e294786a99f825726b77aff9,https://github.com/bazelbuild/bazel/compare/6a30ed637c7d2e4c33edca566d0912a8f9235792...612b1eda0d53bb45e294786a99f825726b77aff9
622,Bazel,ce71c44959883b83e0d36e6b7ac6502e935de4b0,29c01c229f3a9be973c978fb376072cdc8072e08,4063,https://github.com/bazelbuild/bazel/issues/4063,https://github.com/bazelbuild/bazel/tree/ce71c44959883b83e0d36e6b7ac6502e935de4b0,https://github.com/bazelbuild/bazel/tree/29c01c229f3a9be973c978fb376072cdc8072e08,https://github.com/bazelbuild/bazel/compare/ce71c44959883b83e0d36e6b7ac6502e935de4b0...29c01c229f3a9be973c978fb376072cdc8072e08
623,Bazel,684f109df56da8b4327a91ff33a7848282634cac,b5661a86573e60eb7db4f2d57944806845adb996,6601,https://github.com/bazelbuild/bazel/issues/6601,https://github.com/bazelbuild/bazel/tree/684f109df56da8b4327a91ff33a7848282634cac,https://github.com/bazelbuild/bazel/tree/b5661a86573e60eb7db4f2d57944806845adb996,https://github.com/bazelbuild/bazel/compare/684f109df56da8b4327a91ff33a7848282634cac...b5661a86573e60eb7db4f2d57944806845adb996
624,Bazel,8cde2509cabb9ba57ed2ef2a0a59cc31df4c2ac4,f7e5aef145c33968f658eb2260e25630dc41cc67,6662,https://github.com/bazelbuild/bazel/issues/6662,https://github.com/bazelbuild/bazel/tree/8cde2509cabb9ba57ed2ef2a0a59cc31df4c2ac4,https://github.com/bazelbuild/bazel/tree/f7e5aef145c33968f658eb2260e25630dc41cc67,https://github.com/bazelbuild/bazel/compare/8cde2509cabb9ba57ed2ef2a0a59cc31df4c2ac4...f7e5aef145c33968f658eb2260e25630dc41cc67
625,Bazel,1f837381a378dbbc1c8f5b69a46cac3bb13d288e,7ca1cf78e6228af62c6e540997b54bd34a43bc6f,6551,https://github.com/bazelbuild/bazel/issues/6551,https://github.com/bazelbuild/bazel/tree/1f837381a378dbbc1c8f5b69a46cac3bb13d288e,https://github.com/bazelbuild/bazel/tree/7ca1cf78e6228af62c6e540997b54bd34a43bc6f,https://github.com/bazelbuild/bazel/compare/1f837381a378dbbc1c8f5b69a46cac3bb13d288e...7ca1cf78e6228af62c6e540997b54bd34a43bc6f
626,Bazel,715606a1fd457a4213380162a8d447f00bf897df,684f109df56da8b4327a91ff33a7848282634cac,6610,https://github.com/bazelbuild/bazel/issues/6610,https://github.com/bazelbuild/bazel/tree/715606a1fd457a4213380162a8d447f00bf897df,https://github.com/bazelbuild/bazel/tree/684f109df56da8b4327a91ff33a7848282634cac,https://github.com/bazelbuild/bazel/compare/715606a1fd457a4213380162a8d447f00bf897df...684f109df56da8b4327a91ff33a7848282634cac
627,Bazel,b5661a86573e60eb7db4f2d57944806845adb996,2f8389265eaf50703025eea61476d100150387b3,6601,https://github.com/bazelbuild/bazel/issues/6601,https://github.com/bazelbuild/bazel/tree/b5661a86573e60eb7db4f2d57944806845adb996,https://github.com/bazelbuild/bazel/tree/2f8389265eaf50703025eea61476d100150387b3,https://github.com/bazelbuild/bazel/compare/b5661a86573e60eb7db4f2d57944806845adb996...2f8389265eaf50703025eea61476d100150387b3
628,Bazel,828b1fb23958fca29a0631c8583d5e8b777f7c53,3bf685794b8568042c91d789e612af34fc3c485f,2574,https://github.com/bazelbuild/bazel/issues/2574,https://github.com/bazelbuild/bazel/tree/828b1fb23958fca29a0631c8583d5e8b777f7c53,https://github.com/bazelbuild/bazel/tree/3bf685794b8568042c91d789e612af34fc3c485f,https://github.com/bazelbuild/bazel/compare/828b1fb23958fca29a0631c8583d5e8b777f7c53...3bf685794b8568042c91d789e612af34fc3c485f
629,Bazel,46cd610ed47689658ddba898fc852fd8a01b082f,cb3e2988f8206dd6069c60c2b43341a11a1f68e8,6662,https://github.com/bazelbuild/bazel/issues/6662,https://github.com/bazelbuild/bazel/tree/46cd610ed47689658ddba898fc852fd8a01b082f,https://github.com/bazelbuild/bazel/tree/cb3e2988f8206dd6069c60c2b43341a11a1f68e8,https://github.com/bazelbuild/bazel/compare/46cd610ed47689658ddba898fc852fd8a01b082f...cb3e2988f8206dd6069c60c2b43341a11a1f68e8
630,Bazel,46cd610ed47689658ddba898fc852fd8a01b082f,cb3e2988f8206dd6069c60c2b43341a11a1f68e8,6665,https://github.com/bazelbuild/bazel/issues/6665,https://github.com/bazelbuild/bazel/tree/46cd610ed47689658ddba898fc852fd8a01b082f,https://github.com/bazelbuild/bazel/tree/cb3e2988f8206dd6069c60c2b43341a11a1f68e8,https://github.com/bazelbuild/bazel/compare/46cd610ed47689658ddba898fc852fd8a01b082f...cb3e2988f8206dd6069c60c2b43341a11a1f68e8
631,Bazel,452fcd0050afa68bf1544492c396806f3395bb7e,2adfb6506495ff913bf16fd75e68e85183365bbd,6831,https://github.com/bazelbuild/bazel/issues/6831,https://github.com/bazelbuild/bazel/tree/452fcd0050afa68bf1544492c396806f3395bb7e,https://github.com/bazelbuild/bazel/tree/2adfb6506495ff913bf16fd75e68e85183365bbd,https://github.com/bazelbuild/bazel/compare/452fcd0050afa68bf1544492c396806f3395bb7e...2adfb6506495ff913bf16fd75e68e85183365bbd
632,Bazel,d9674475b225f9078bf63d84ae807cb414159c89,a529774d638b9a390485a9b80b033950cd5094aa,6725,https://github.com/bazelbuild/bazel/issues/6725,https://github.com/bazelbuild/bazel/tree/d9674475b225f9078bf63d84ae807cb414159c89,https://github.com/bazelbuild/bazel/tree/a529774d638b9a390485a9b80b033950cd5094aa,https://github.com/bazelbuild/bazel/compare/d9674475b225f9078bf63d84ae807cb414159c89...a529774d638b9a390485a9b80b033950cd5094aa
633,Bazel,dc7928c5dff832dbd35dc7899986d54d894b6c16,0e1f57c16e4e20a8d6a367aa129cd54611e3d5c0,5018,https://github.com/bazelbuild/bazel/issues/5018,https://github.com/bazelbuild/bazel/tree/dc7928c5dff832dbd35dc7899986d54d894b6c16,https://github.com/bazelbuild/bazel/tree/0e1f57c16e4e20a8d6a367aa129cd54611e3d5c0,https://github.com/bazelbuild/bazel/compare/dc7928c5dff832dbd35dc7899986d54d894b6c16...0e1f57c16e4e20a8d6a367aa129cd54611e3d5c0
634,Bazel,37335187bf31dac48155e77f404bd11008d68ea7,f5174b0f0abad3d19e7d294d1b6a9a39f56e37eb,6725,https://github.com/bazelbuild/bazel/issues/6725,https://github.com/bazelbuild/bazel/tree/37335187bf31dac48155e77f404bd11008d68ea7,https://github.com/bazelbuild/bazel/tree/f5174b0f0abad3d19e7d294d1b6a9a39f56e37eb,https://github.com/bazelbuild/bazel/compare/37335187bf31dac48155e77f404bd11008d68ea7...f5174b0f0abad3d19e7d294d1b6a9a39f56e37eb
635,Bazel,03d8fecaeee79ee3f57630c86f7b602b88c99029,ed67a1545cedc2b46063e575023f0eaa4d6f2588,6694,https://github.com/bazelbuild/bazel/issues/6694,https://github.com/bazelbuild/bazel/tree/03d8fecaeee79ee3f57630c86f7b602b88c99029,https://github.com/bazelbuild/bazel/tree/ed67a1545cedc2b46063e575023f0eaa4d6f2588,https://github.com/bazelbuild/bazel/compare/03d8fecaeee79ee3f57630c86f7b602b88c99029...ed67a1545cedc2b46063e575023f0eaa4d6f2588
636,Bazel,34e2d3f72d30a824257fe3e85b1dc028d62b7ffe,6a4cdf9463444ffc20e3a9bb07fba067a5f1bd3d,6373,https://github.com/bazelbuild/bazel/issues/6373,https://github.com/bazelbuild/bazel/tree/34e2d3f72d30a824257fe3e85b1dc028d62b7ffe,https://github.com/bazelbuild/bazel/tree/6a4cdf9463444ffc20e3a9bb07fba067a5f1bd3d,https://github.com/bazelbuild/bazel/compare/34e2d3f72d30a824257fe3e85b1dc028d62b7ffe...6a4cdf9463444ffc20e3a9bb07fba067a5f1bd3d
637,Bazel,328b7bbd372061b79fdd6193d541443ced6af024,fbe7d03bd6c252b0e9d4d4ccdefb38c8db37bdba,6501,https://github.com/bazelbuild/bazel/issues/6501,https://github.com/bazelbuild/bazel/tree/328b7bbd372061b79fdd6193d541443ced6af024,https://github.com/bazelbuild/bazel/tree/fbe7d03bd6c252b0e9d4d4ccdefb38c8db37bdba,https://github.com/bazelbuild/bazel/compare/328b7bbd372061b79fdd6193d541443ced6af024...fbe7d03bd6c252b0e9d4d4ccdefb38c8db37bdba
638,Bazel,070c5ba5b037c8334d2cc9a001b32019be64262e,b71ed30bf4b649706dbb493da0b186ca8898aa94,5902,https://github.com/bazelbuild/bazel/issues/5902,https://github.com/bazelbuild/bazel/tree/070c5ba5b037c8334d2cc9a001b32019be64262e,https://github.com/bazelbuild/bazel/tree/b71ed30bf4b649706dbb493da0b186ca8898aa94,https://github.com/bazelbuild/bazel/compare/070c5ba5b037c8334d2cc9a001b32019be64262e...b71ed30bf4b649706dbb493da0b186ca8898aa94
639,Bazel,a9e4dbd2d5312f9f9a6a22def95e0148e248fb70,3256863e75f96c1ad9537b5b12f66a0e5b174781,4608,https://github.com/bazelbuild/bazel/issues/4608,https://github.com/bazelbuild/bazel/tree/a9e4dbd2d5312f9f9a6a22def95e0148e248fb70,https://github.com/bazelbuild/bazel/tree/3256863e75f96c1ad9537b5b12f66a0e5b174781,https://github.com/bazelbuild/bazel/compare/a9e4dbd2d5312f9f9a6a22def95e0148e248fb70...3256863e75f96c1ad9537b5b12f66a0e5b174781
640,Bazel,2e8d43d2e9964d43d8f7665b75acd95a3368ca0e,3c26f9eab8825754ec83ab65029fd8d3cce3bdce,1446,https://github.com/bazelbuild/bazel/issues/1446,https://github.com/bazelbuild/bazel/tree/2e8d43d2e9964d43d8f7665b75acd95a3368ca0e,https://github.com/bazelbuild/bazel/tree/3c26f9eab8825754ec83ab65029fd8d3cce3bdce,https://github.com/bazelbuild/bazel/compare/2e8d43d2e9964d43d8f7665b75acd95a3368ca0e...3c26f9eab8825754ec83ab65029fd8d3cce3bdce
641,Bazel,c2cd16d7df5d02bd6dc70c2717a2c4e6a47e1e86,455caabd517e95ebd67262248453e59a20d7f685,1446,https://github.com/bazelbuild/bazel/issues/1446,https://github.com/bazelbuild/bazel/tree/c2cd16d7df5d02bd6dc70c2717a2c4e6a47e1e86,https://github.com/bazelbuild/bazel/tree/455caabd517e95ebd67262248453e59a20d7f685,https://github.com/bazelbuild/bazel/compare/c2cd16d7df5d02bd6dc70c2717a2c4e6a47e1e86...455caabd517e95ebd67262248453e59a20d7f685
642,Bazel,cf4d89ead8b094aa428dedf1529231e7b6effe64,59038cda443d31703b67870cdf8834f768be61da,1446,https://github.com/bazelbuild/bazel/issues/1446,https://github.com/bazelbuild/bazel/tree/cf4d89ead8b094aa428dedf1529231e7b6effe64,https://github.com/bazelbuild/bazel/tree/59038cda443d31703b67870cdf8834f768be61da,https://github.com/bazelbuild/bazel/compare/cf4d89ead8b094aa428dedf1529231e7b6effe64...59038cda443d31703b67870cdf8834f768be61da
643,Bazel,ad30d85c64d629ad64ffd85816dd2a067d424c07,0a5ea61fda3ca0a0eab4eececb0d031c1168576b,6990,https://github.com/bazelbuild/bazel/issues/6990,https://github.com/bazelbuild/bazel/tree/ad30d85c64d629ad64ffd85816dd2a067d424c07,https://github.com/bazelbuild/bazel/tree/0a5ea61fda3ca0a0eab4eececb0d031c1168576b,https://github.com/bazelbuild/bazel/compare/ad30d85c64d629ad64ffd85816dd2a067d424c07...0a5ea61fda3ca0a0eab4eececb0d031c1168576b
644,Bazel,e72607133f91bceca8b67d6d5037aa6fbebef7b9,9be497966679ff425d1efa130bbc78c7da722793,6630,https://github.com/bazelbuild/bazel/issues/6630,https://github.com/bazelbuild/bazel/tree/e72607133f91bceca8b67d6d5037aa6fbebef7b9,https://github.com/bazelbuild/bazel/tree/9be497966679ff425d1efa130bbc78c7da722793,https://github.com/bazelbuild/bazel/compare/e72607133f91bceca8b67d6d5037aa6fbebef7b9...9be497966679ff425d1efa130bbc78c7da722793
645,Bazel,e9e4f3d037c92fbfe037aa3009d3b5ed7d4aecd7,2483c113ae93334769471fdc71226e6cb744457c,7071,https://github.com/bazelbuild/bazel/issues/7071,https://github.com/bazelbuild/bazel/tree/e9e4f3d037c92fbfe037aa3009d3b5ed7d4aecd7,https://github.com/bazelbuild/bazel/tree/2483c113ae93334769471fdc71226e6cb744457c,https://github.com/bazelbuild/bazel/compare/e9e4f3d037c92fbfe037aa3009d3b5ed7d4aecd7...2483c113ae93334769471fdc71226e6cb744457c
646,Bazel,2dccff01ae0711fa6729fd149ed66845ec6b0f54,5a20a447514f42e0f071c800f53d99c4286c297d,5463,https://github.com/bazelbuild/bazel/issues/5463,https://github.com/bazelbuild/bazel/tree/2dccff01ae0711fa6729fd149ed66845ec6b0f54,https://github.com/bazelbuild/bazel/tree/5a20a447514f42e0f071c800f53d99c4286c297d,https://github.com/bazelbuild/bazel/compare/2dccff01ae0711fa6729fd149ed66845ec6b0f54...5a20a447514f42e0f071c800f53d99c4286c297d
647,Bazel,3c26f9eab8825754ec83ab65029fd8d3cce3bdce,9ba4663551edf8c3436f54e3f39e498bbe771d22,1446,https://github.com/bazelbuild/bazel/issues/1446,https://github.com/bazelbuild/bazel/tree/3c26f9eab8825754ec83ab65029fd8d3cce3bdce,https://github.com/bazelbuild/bazel/tree/9ba4663551edf8c3436f54e3f39e498bbe771d22,https://github.com/bazelbuild/bazel/compare/3c26f9eab8825754ec83ab65029fd8d3cce3bdce...9ba4663551edf8c3436f54e3f39e498bbe771d22
648,Bazel,75a422a3750c802093af9bfde41e7318086a7c28,b8ac792bc3f8ccdb0b6f70161b48c66caee313bb,7115,https://github.com/bazelbuild/bazel/issues/7115,https://github.com/bazelbuild/bazel/tree/75a422a3750c802093af9bfde41e7318086a7c28,https://github.com/bazelbuild/bazel/tree/b8ac792bc3f8ccdb0b6f70161b48c66caee313bb,https://github.com/bazelbuild/bazel/compare/75a422a3750c802093af9bfde41e7318086a7c28...b8ac792bc3f8ccdb0b6f70161b48c66caee313bb
649,Bazel,bb1c2a13be881b80154e558709923c0e0c31c7e9,258f2b42eedced0e0c6218d830e15a2c1ac1d9d5,4691,https://github.com/bazelbuild/bazel/issues/4691,https://github.com/bazelbuild/bazel/tree/bb1c2a13be881b80154e558709923c0e0c31c7e9,https://github.com/bazelbuild/bazel/tree/258f2b42eedced0e0c6218d830e15a2c1ac1d9d5,https://github.com/bazelbuild/bazel/compare/bb1c2a13be881b80154e558709923c0e0c31c7e9...258f2b42eedced0e0c6218d830e15a2c1ac1d9d5
650,Bazel,47cca2ed7d2058dba3a36e3bebb677976686ec0f,b51dd374b6c373c1deb0e873911bcd7594f57822,7079,https://github.com/bazelbuild/bazel/issues/7079,https://github.com/bazelbuild/bazel/tree/47cca2ed7d2058dba3a36e3bebb677976686ec0f,https://github.com/bazelbuild/bazel/tree/b51dd374b6c373c1deb0e873911bcd7594f57822,https://github.com/bazelbuild/bazel/compare/47cca2ed7d2058dba3a36e3bebb677976686ec0f...b51dd374b6c373c1deb0e873911bcd7594f57822
651,Bazel,e42913a337601ff345ba95cd28ae4cf3b69bee64,029601e18584ea0514b4c1f0d3eb9c3324ea24d6,1446,https://github.com/bazelbuild/bazel/issues/1446,https://github.com/bazelbuild/bazel/tree/e42913a337601ff345ba95cd28ae4cf3b69bee64,https://github.com/bazelbuild/bazel/tree/029601e18584ea0514b4c1f0d3eb9c3324ea24d6,https://github.com/bazelbuild/bazel/compare/e42913a337601ff345ba95cd28ae4cf3b69bee64...029601e18584ea0514b4c1f0d3eb9c3324ea24d6
652,Bazel,125f2c5fbf4d5bfeab8d6f13b28d81425ec18846,5071011e547b62fcf57922d1ca05b8200ee0c197,7169,https://github.com/bazelbuild/bazel/issues/7169,https://github.com/bazelbuild/bazel/tree/125f2c5fbf4d5bfeab8d6f13b28d81425ec18846,https://github.com/bazelbuild/bazel/tree/5071011e547b62fcf57922d1ca05b8200ee0c197,https://github.com/bazelbuild/bazel/compare/125f2c5fbf4d5bfeab8d6f13b28d81425ec18846...5071011e547b62fcf57922d1ca05b8200ee0c197
653,Bazel,2f82b33b06e0ca493c00603491a4ef766b3bf175,bac30fed28ddc380b181fa9c9b90d3742fb07627,7232,https://github.com/bazelbuild/bazel/issues/7232,https://github.com/bazelbuild/bazel/tree/2f82b33b06e0ca493c00603491a4ef766b3bf175,https://github.com/bazelbuild/bazel/tree/bac30fed28ddc380b181fa9c9b90d3742fb07627,https://github.com/bazelbuild/bazel/compare/2f82b33b06e0ca493c00603491a4ef766b3bf175...bac30fed28ddc380b181fa9c9b90d3742fb07627
654,Bazel,bd81bf0df57e7877454ea20748cd6f14b1f1d5de,c0e5799fe986cac20efb05ec54f0cee03872273b,7119,https://github.com/bazelbuild/bazel/issues/7119,https://github.com/bazelbuild/bazel/tree/bd81bf0df57e7877454ea20748cd6f14b1f1d5de,https://github.com/bazelbuild/bazel/tree/c0e5799fe986cac20efb05ec54f0cee03872273b,https://github.com/bazelbuild/bazel/compare/bd81bf0df57e7877454ea20748cd6f14b1f1d5de...c0e5799fe986cac20efb05ec54f0cee03872273b
655,Bazel,bd81bf0df57e7877454ea20748cd6f14b1f1d5de,c0e5799fe986cac20efb05ec54f0cee03872273b,6338,https://github.com/bazelbuild/bazel/issues/6338,https://github.com/bazelbuild/bazel/tree/bd81bf0df57e7877454ea20748cd6f14b1f1d5de,https://github.com/bazelbuild/bazel/tree/c0e5799fe986cac20efb05ec54f0cee03872273b,https://github.com/bazelbuild/bazel/compare/bd81bf0df57e7877454ea20748cd6f14b1f1d5de...c0e5799fe986cac20efb05ec54f0cee03872273b
656,Bazel,209847415ac251d0b73e98e705bcb1a411490a2e,973c4e7406a7d397f796414cdbc54dd7e082b68d,5010,https://github.com/bazelbuild/bazel/issues/5010,https://github.com/bazelbuild/bazel/tree/209847415ac251d0b73e98e705bcb1a411490a2e,https://github.com/bazelbuild/bazel/tree/973c4e7406a7d397f796414cdbc54dd7e082b68d,https://github.com/bazelbuild/bazel/compare/209847415ac251d0b73e98e705bcb1a411490a2e...973c4e7406a7d397f796414cdbc54dd7e082b68d
657,Bazel,71bc38fe2d165fe523b19d7879096d3fdd2086fc,40c2c7b7e56a3283f20d9b4d880e9d9605dd9476,7136,https://github.com/bazelbuild/bazel/issues/7136,https://github.com/bazelbuild/bazel/tree/71bc38fe2d165fe523b19d7879096d3fdd2086fc,https://github.com/bazelbuild/bazel/tree/40c2c7b7e56a3283f20d9b4d880e9d9605dd9476,https://github.com/bazelbuild/bazel/compare/71bc38fe2d165fe523b19d7879096d3fdd2086fc...40c2c7b7e56a3283f20d9b4d880e9d9605dd9476
658,Bazel,60dcd828f16f6757aab89d30a5cb19bac182ef98,6da8982d997c119c548881aa6d7db736b9dd07d0,4608,https://github.com/bazelbuild/bazel/issues/4608,https://github.com/bazelbuild/bazel/tree/60dcd828f16f6757aab89d30a5cb19bac182ef98,https://github.com/bazelbuild/bazel/tree/6da8982d997c119c548881aa6d7db736b9dd07d0,https://github.com/bazelbuild/bazel/compare/60dcd828f16f6757aab89d30a5cb19bac182ef98...6da8982d997c119c548881aa6d7db736b9dd07d0
659,Bazel,ce10ff60d96d0bb56138190087ef3a3a56c5bbf3,9b31fbd261e3ee558746a8348d0cf7eb2a1edee2,6835,https://github.com/bazelbuild/bazel/issues/6835,https://github.com/bazelbuild/bazel/tree/ce10ff60d96d0bb56138190087ef3a3a56c5bbf3,https://github.com/bazelbuild/bazel/tree/9b31fbd261e3ee558746a8348d0cf7eb2a1edee2,https://github.com/bazelbuild/bazel/compare/ce10ff60d96d0bb56138190087ef3a3a56c5bbf3...9b31fbd261e3ee558746a8348d0cf7eb2a1edee2
660,Bazel,b23f898659d31591ac179610e6420a54087bc58a,7a0721467f6ff87b895dbfb38aadf3ed41e94606,4815,https://github.com/bazelbuild/bazel/issues/4815,https://github.com/bazelbuild/bazel/tree/b23f898659d31591ac179610e6420a54087bc58a,https://github.com/bazelbuild/bazel/tree/7a0721467f6ff87b895dbfb38aadf3ed41e94606,https://github.com/bazelbuild/bazel/compare/b23f898659d31591ac179610e6420a54087bc58a...7a0721467f6ff87b895dbfb38aadf3ed41e94606
661,Bazel,d791344a7743ac9955139a92eb44b72659cee3bd,af77a3005e594c7263158f5b83614b2deee6c64b,7071,https://github.com/bazelbuild/bazel/issues/7071,https://github.com/bazelbuild/bazel/tree/d791344a7743ac9955139a92eb44b72659cee3bd,https://github.com/bazelbuild/bazel/tree/af77a3005e594c7263158f5b83614b2deee6c64b,https://github.com/bazelbuild/bazel/compare/d791344a7743ac9955139a92eb44b72659cee3bd...af77a3005e594c7263158f5b83614b2deee6c64b
662,Bazel,b430df1e0ba5b3ba0378c678dc62029bed711bfb,8db450f0f21e445a8475f3f143bbf35ada1b4f5f,7304,https://github.com/bazelbuild/bazel/issues/7304,https://github.com/bazelbuild/bazel/tree/b430df1e0ba5b3ba0378c678dc62029bed711bfb,https://github.com/bazelbuild/bazel/tree/8db450f0f21e445a8475f3f143bbf35ada1b4f5f,https://github.com/bazelbuild/bazel/compare/b430df1e0ba5b3ba0378c678dc62029bed711bfb...8db450f0f21e445a8475f3f143bbf35ada1b4f5f
663,Bazel,c42a45705f7d59d03e19c181960d68303ef51090,8f0ce21a5078b5924e8deee3430997127b1f6576,7054,https://github.com/bazelbuild/bazel/issues/7054,https://github.com/bazelbuild/bazel/tree/c42a45705f7d59d03e19c181960d68303ef51090,https://github.com/bazelbuild/bazel/tree/8f0ce21a5078b5924e8deee3430997127b1f6576,https://github.com/bazelbuild/bazel/compare/c42a45705f7d59d03e19c181960d68303ef51090...8f0ce21a5078b5924e8deee3430997127b1f6576
664,Bazel,62675105d6a3bf879202e65fa576fa0ab0e7b467,4c3aeb0e858ac6de4e29b0b89b2e2b086c07f433,7366,https://github.com/bazelbuild/bazel/issues/7366,https://github.com/bazelbuild/bazel/tree/62675105d6a3bf879202e65fa576fa0ab0e7b467,https://github.com/bazelbuild/bazel/tree/4c3aeb0e858ac6de4e29b0b89b2e2b086c07f433,https://github.com/bazelbuild/bazel/compare/62675105d6a3bf879202e65fa576fa0ab0e7b467...4c3aeb0e858ac6de4e29b0b89b2e2b086c07f433
665,Bazel,ad1c2e49e1d9354e9cbf4642b95bcb37788011f0,5a02ad3c787451312d3b9dee997809f627ce08f5,6400,https://github.com/bazelbuild/bazel/issues/6400,https://github.com/bazelbuild/bazel/tree/ad1c2e49e1d9354e9cbf4642b95bcb37788011f0,https://github.com/bazelbuild/bazel/tree/5a02ad3c787451312d3b9dee997809f627ce08f5,https://github.com/bazelbuild/bazel/compare/ad1c2e49e1d9354e9cbf4642b95bcb37788011f0...5a02ad3c787451312d3b9dee997809f627ce08f5
666,Bazel,6aab2719d678057c4ef8edc3dfcad56803454732,a117ddfc07774ae5fbd1347393643a8a7feeba39,7389,https://github.com/bazelbuild/bazel/issues/7389,https://github.com/bazelbuild/bazel/tree/6aab2719d678057c4ef8edc3dfcad56803454732,https://github.com/bazelbuild/bazel/tree/a117ddfc07774ae5fbd1347393643a8a7feeba39,https://github.com/bazelbuild/bazel/compare/6aab2719d678057c4ef8edc3dfcad56803454732...a117ddfc07774ae5fbd1347393643a8a7feeba39
667,Bazel,4f65c060127bf541b2010289846a957137b16002,f564b69d52b060f18516772470d38f7a9fb0a5d5,7353,https://github.com/bazelbuild/bazel/issues/7353,https://github.com/bazelbuild/bazel/tree/4f65c060127bf541b2010289846a957137b16002,https://github.com/bazelbuild/bazel/tree/f564b69d52b060f18516772470d38f7a9fb0a5d5,https://github.com/bazelbuild/bazel/compare/4f65c060127bf541b2010289846a957137b16002...f564b69d52b060f18516772470d38f7a9fb0a5d5
668,Bazel,4a2f8389c5ba02aebee70e8e1e494bf38f0bfeda,aca1e8793f66b6501baafa730940833ecb37c26b,7162,https://github.com/bazelbuild/bazel/issues/7162,https://github.com/bazelbuild/bazel/tree/4a2f8389c5ba02aebee70e8e1e494bf38f0bfeda,https://github.com/bazelbuild/bazel/tree/aca1e8793f66b6501baafa730940833ecb37c26b,https://github.com/bazelbuild/bazel/compare/4a2f8389c5ba02aebee70e8e1e494bf38f0bfeda...aca1e8793f66b6501baafa730940833ecb37c26b
669,Bazel,764679fcc1c68b3be863890539207d6ff697eda7,e4b7a31a7ff3f9be81942980d552c95854f40471,7353,https://github.com/bazelbuild/bazel/issues/7353,https://github.com/bazelbuild/bazel/tree/764679fcc1c68b3be863890539207d6ff697eda7,https://github.com/bazelbuild/bazel/tree/e4b7a31a7ff3f9be81942980d552c95854f40471,https://github.com/bazelbuild/bazel/compare/764679fcc1c68b3be863890539207d6ff697eda7...e4b7a31a7ff3f9be81942980d552c95854f40471
670,Bazel,1cf75b9dab3e0bb2ffa3014d6e657aa486b1c7bf,e73fefaead38f4b063f43d2f7364b400203ee860,5697,https://github.com/bazelbuild/bazel/issues/5697,https://github.com/bazelbuild/bazel/tree/1cf75b9dab3e0bb2ffa3014d6e657aa486b1c7bf,https://github.com/bazelbuild/bazel/tree/e73fefaead38f4b063f43d2f7364b400203ee860,https://github.com/bazelbuild/bazel/compare/1cf75b9dab3e0bb2ffa3014d6e657aa486b1c7bf...e73fefaead38f4b063f43d2f7364b400203ee860
671,Bazel,b7bd7a1e8014a638e9b4475be8bb75e97fc53af5,b2a596ac537a68121ddbfa0231a41e3f77d9eba3,6811,https://github.com/bazelbuild/bazel/issues/6811,https://github.com/bazelbuild/bazel/tree/b7bd7a1e8014a638e9b4475be8bb75e97fc53af5,https://github.com/bazelbuild/bazel/tree/b2a596ac537a68121ddbfa0231a41e3f77d9eba3,https://github.com/bazelbuild/bazel/compare/b7bd7a1e8014a638e9b4475be8bb75e97fc53af5...b2a596ac537a68121ddbfa0231a41e3f77d9eba3
672,Bazel,73d5381dc2c5b4df92ddcf9b03a486752cb43caf,6ca7763669728253606578a56a205bca3ea883e9,7397,https://github.com/bazelbuild/bazel/issues/7397,https://github.com/bazelbuild/bazel/tree/73d5381dc2c5b4df92ddcf9b03a486752cb43caf,https://github.com/bazelbuild/bazel/tree/6ca7763669728253606578a56a205bca3ea883e9,https://github.com/bazelbuild/bazel/compare/73d5381dc2c5b4df92ddcf9b03a486752cb43caf...6ca7763669728253606578a56a205bca3ea883e9
673,Bazel,d5af612a700238b1942dca76a0f6c83663c8b523,fb016b67e67a2f3354b93fcd9259fb8ac788ada5,7321,https://github.com/bazelbuild/bazel/issues/7321,https://github.com/bazelbuild/bazel/tree/d5af612a700238b1942dca76a0f6c83663c8b523,https://github.com/bazelbuild/bazel/tree/fb016b67e67a2f3354b93fcd9259fb8ac788ada5,https://github.com/bazelbuild/bazel/compare/d5af612a700238b1942dca76a0f6c83663c8b523...fb016b67e67a2f3354b93fcd9259fb8ac788ada5
674,Bazel,be9483129401a7c9f1a86a40a3d7770662248576,dda67a2c60869f6331e1d576f93213ae27e334ac,6351,https://github.com/bazelbuild/bazel/issues/6351,https://github.com/bazelbuild/bazel/tree/be9483129401a7c9f1a86a40a3d7770662248576,https://github.com/bazelbuild/bazel/tree/dda67a2c60869f6331e1d576f93213ae27e334ac,https://github.com/bazelbuild/bazel/compare/be9483129401a7c9f1a86a40a3d7770662248576...dda67a2c60869f6331e1d576f93213ae27e334ac
675,Bazel,02781a6302177d76d2ee1c1e3bda41edc6edac67,d2910577d338f259cb13b438a4ce3acc5493f2c2,7548,https://github.com/bazelbuild/bazel/issues/7548,https://github.com/bazelbuild/bazel/tree/02781a6302177d76d2ee1c1e3bda41edc6edac67,https://github.com/bazelbuild/bazel/tree/d2910577d338f259cb13b438a4ce3acc5493f2c2,https://github.com/bazelbuild/bazel/compare/02781a6302177d76d2ee1c1e3bda41edc6edac67...d2910577d338f259cb13b438a4ce3acc5493f2c2
676,Bazel,17794d58cc493d918a98c3250302ca44b1d53e3f,f9eb1b56706f91063e9d080b850fa56964e77324,7464,https://github.com/bazelbuild/bazel/issues/7464,https://github.com/bazelbuild/bazel/tree/17794d58cc493d918a98c3250302ca44b1d53e3f,https://github.com/bazelbuild/bazel/tree/f9eb1b56706f91063e9d080b850fa56964e77324,https://github.com/bazelbuild/bazel/compare/17794d58cc493d918a98c3250302ca44b1d53e3f...f9eb1b56706f91063e9d080b850fa56964e77324
677,Bazel,d2910577d338f259cb13b438a4ce3acc5493f2c2,06eb1bbde616d4e9b9e92da34245c8142a5b1121,7094,https://github.com/bazelbuild/bazel/issues/7094,https://github.com/bazelbuild/bazel/tree/d2910577d338f259cb13b438a4ce3acc5493f2c2,https://github.com/bazelbuild/bazel/tree/06eb1bbde616d4e9b9e92da34245c8142a5b1121,https://github.com/bazelbuild/bazel/compare/d2910577d338f259cb13b438a4ce3acc5493f2c2...06eb1bbde616d4e9b9e92da34245c8142a5b1121
678,Bazel,1a90fe605574a6a04208b75a1092863be007da1b,82281ad1d56b0522c75c4f40ff2b8151723f2c71,7194,https://github.com/bazelbuild/bazel/issues/7194,https://github.com/bazelbuild/bazel/tree/1a90fe605574a6a04208b75a1092863be007da1b,https://github.com/bazelbuild/bazel/tree/82281ad1d56b0522c75c4f40ff2b8151723f2c71,https://github.com/bazelbuild/bazel/compare/1a90fe605574a6a04208b75a1092863be007da1b...82281ad1d56b0522c75c4f40ff2b8151723f2c71
679,Bazel,e64066d9eb1ebfc3f52ec1e95459849921a19e71,f0a1597cca2252754daf1d53ff76cf1a9b3dd9b9,7555,https://github.com/bazelbuild/bazel/issues/7555,https://github.com/bazelbuild/bazel/tree/e64066d9eb1ebfc3f52ec1e95459849921a19e71,https://github.com/bazelbuild/bazel/tree/f0a1597cca2252754daf1d53ff76cf1a9b3dd9b9,https://github.com/bazelbuild/bazel/compare/e64066d9eb1ebfc3f52ec1e95459849921a19e71...f0a1597cca2252754daf1d53ff76cf1a9b3dd9b9
680,Bazel,169721927cb3a52af0b76f08ff0acef6e48507c8,f28ff22a5a71ab33058e6011e8f2ee22cef77cae,7555,https://github.com/bazelbuild/bazel/issues/7555,https://github.com/bazelbuild/bazel/tree/169721927cb3a52af0b76f08ff0acef6e48507c8,https://github.com/bazelbuild/bazel/tree/f28ff22a5a71ab33058e6011e8f2ee22cef77cae,https://github.com/bazelbuild/bazel/compare/169721927cb3a52af0b76f08ff0acef6e48507c8...f28ff22a5a71ab33058e6011e8f2ee22cef77cae
681,Bazel,81adec8fdb781aa23c702519e5ec8eb713abd979,33e571939085dd158422e1b3503cfc738e0a3165,7615,https://github.com/bazelbuild/bazel/issues/7615,https://github.com/bazelbuild/bazel/tree/81adec8fdb781aa23c702519e5ec8eb713abd979,https://github.com/bazelbuild/bazel/tree/33e571939085dd158422e1b3503cfc738e0a3165,https://github.com/bazelbuild/bazel/compare/81adec8fdb781aa23c702519e5ec8eb713abd979...33e571939085dd158422e1b3503cfc738e0a3165
682,Bazel,5ce05a01633e972eee6f3ed8e9de06c34ba1cd40,65eea0c4707030a69c941b39a9abe50682a0053c,7548,https://github.com/bazelbuild/bazel/issues/7548,https://github.com/bazelbuild/bazel/tree/5ce05a01633e972eee6f3ed8e9de06c34ba1cd40,https://github.com/bazelbuild/bazel/tree/65eea0c4707030a69c941b39a9abe50682a0053c,https://github.com/bazelbuild/bazel/compare/5ce05a01633e972eee6f3ed8e9de06c34ba1cd40...65eea0c4707030a69c941b39a9abe50682a0053c
683,Bazel,62ba7cb2adacd19f046214166db67cdb45b51865,db8aa2b17dc18eba7ffb0992e8772408e6828738,7548,https://github.com/bazelbuild/bazel/issues/7548,https://github.com/bazelbuild/bazel/tree/62ba7cb2adacd19f046214166db67cdb45b51865,https://github.com/bazelbuild/bazel/tree/db8aa2b17dc18eba7ffb0992e8772408e6828738,https://github.com/bazelbuild/bazel/compare/62ba7cb2adacd19f046214166db67cdb45b51865...db8aa2b17dc18eba7ffb0992e8772408e6828738
684,Bazel,f9c82e0282ffc0d16b53520c5072b0b15e0a582e,6afb4fdec7fec0cce8b3f4a5246285b3350bfa4e,7165,https://github.com/bazelbuild/bazel/issues/7165,https://github.com/bazelbuild/bazel/tree/f9c82e0282ffc0d16b53520c5072b0b15e0a582e,https://github.com/bazelbuild/bazel/tree/6afb4fdec7fec0cce8b3f4a5246285b3350bfa4e,https://github.com/bazelbuild/bazel/compare/f9c82e0282ffc0d16b53520c5072b0b15e0a582e...6afb4fdec7fec0cce8b3f4a5246285b3350bfa4e
685,Bazel,1148753bb7048a1a4c7f55a291fba1d326477c2b,677ba95e881707b121ce6588883b3ab68ed4c533,7457,https://github.com/bazelbuild/bazel/issues/7457,https://github.com/bazelbuild/bazel/tree/1148753bb7048a1a4c7f55a291fba1d326477c2b,https://github.com/bazelbuild/bazel/tree/677ba95e881707b121ce6588883b3ab68ed4c533,https://github.com/bazelbuild/bazel/compare/1148753bb7048a1a4c7f55a291fba1d326477c2b...677ba95e881707b121ce6588883b3ab68ed4c533
686,Bazel,04f28cb87cde05ed2504a5fa974f282ebb727ff5,7f72544f6e76d5184a558427e90b768f84b0634c,4663,https://github.com/bazelbuild/bazel/issues/4663,https://github.com/bazelbuild/bazel/tree/04f28cb87cde05ed2504a5fa974f282ebb727ff5,https://github.com/bazelbuild/bazel/tree/7f72544f6e76d5184a558427e90b768f84b0634c,https://github.com/bazelbuild/bazel/compare/04f28cb87cde05ed2504a5fa974f282ebb727ff5...7f72544f6e76d5184a558427e90b768f84b0634c
687,Bazel,97a62f1dcedd7ec10503b268980861d1e5bc0198,81ab902812b0141ef034ec39338bfeefdd5254ef,7457,https://github.com/bazelbuild/bazel/issues/7457,https://github.com/bazelbuild/bazel/tree/97a62f1dcedd7ec10503b268980861d1e5bc0198,https://github.com/bazelbuild/bazel/tree/81ab902812b0141ef034ec39338bfeefdd5254ef,https://github.com/bazelbuild/bazel/compare/97a62f1dcedd7ec10503b268980861d1e5bc0198...81ab902812b0141ef034ec39338bfeefdd5254ef
688,Bazel,1407c04d0092260fbbfa791ab5961bb3887b400f,0e4525f57e2891fd13e1f194afa97c1d68eed74f,7555,https://github.com/bazelbuild/bazel/issues/7555,https://github.com/bazelbuild/bazel/tree/1407c04d0092260fbbfa791ab5961bb3887b400f,https://github.com/bazelbuild/bazel/tree/0e4525f57e2891fd13e1f194afa97c1d68eed74f,https://github.com/bazelbuild/bazel/compare/1407c04d0092260fbbfa791ab5961bb3887b400f...0e4525f57e2891fd13e1f194afa97c1d68eed74f
689,Bazel,0e4525f57e2891fd13e1f194afa97c1d68eed74f,7deab0a8707ed9b48544addcc7079abdc079f31c,5120,https://github.com/bazelbuild/bazel/issues/5120,https://github.com/bazelbuild/bazel/tree/0e4525f57e2891fd13e1f194afa97c1d68eed74f,https://github.com/bazelbuild/bazel/tree/7deab0a8707ed9b48544addcc7079abdc079f31c,https://github.com/bazelbuild/bazel/compare/0e4525f57e2891fd13e1f194afa97c1d68eed74f...7deab0a8707ed9b48544addcc7079abdc079f31c
690,Bazel,f85acb91bfbdf68359ccb1ebc3c264d1453f9250,5458e5bb9130a537d2d6c40f3d9e42c502e4276a,5785,https://github.com/bazelbuild/bazel/issues/5785,https://github.com/bazelbuild/bazel/tree/f85acb91bfbdf68359ccb1ebc3c264d1453f9250,https://github.com/bazelbuild/bazel/tree/5458e5bb9130a537d2d6c40f3d9e42c502e4276a,https://github.com/bazelbuild/bazel/compare/f85acb91bfbdf68359ccb1ebc3c264d1453f9250...5458e5bb9130a537d2d6c40f3d9e42c502e4276a
691,Bazel,78bb76b30ad80c536b6572c78598c1c96009c646,2398d8502407e905edadde91c6e69c2411ca0884,7654,https://github.com/bazelbuild/bazel/issues/7654,https://github.com/bazelbuild/bazel/tree/78bb76b30ad80c536b6572c78598c1c96009c646,https://github.com/bazelbuild/bazel/tree/2398d8502407e905edadde91c6e69c2411ca0884,https://github.com/bazelbuild/bazel/compare/78bb76b30ad80c536b6572c78598c1c96009c646...2398d8502407e905edadde91c6e69c2411ca0884
692,Bazel,7988d78479aad3d6f588dacabab8366d9a911ef8,5adde8ecc3b45b2f39241d2271019f15bc0c7240,7083,https://github.com/bazelbuild/bazel/issues/7083,https://github.com/bazelbuild/bazel/tree/7988d78479aad3d6f588dacabab8366d9a911ef8,https://github.com/bazelbuild/bazel/tree/5adde8ecc3b45b2f39241d2271019f15bc0c7240,https://github.com/bazelbuild/bazel/compare/7988d78479aad3d6f588dacabab8366d9a911ef8...5adde8ecc3b45b2f39241d2271019f15bc0c7240
693,Bazel,a6d773e4a99320a3ad03572021c6da09d3c9e0ef,7988d78479aad3d6f588dacabab8366d9a911ef8,7654,https://github.com/bazelbuild/bazel/issues/7654,https://github.com/bazelbuild/bazel/tree/a6d773e4a99320a3ad03572021c6da09d3c9e0ef,https://github.com/bazelbuild/bazel/tree/7988d78479aad3d6f588dacabab8366d9a911ef8,https://github.com/bazelbuild/bazel/compare/a6d773e4a99320a3ad03572021c6da09d3c9e0ef...7988d78479aad3d6f588dacabab8366d9a911ef8
694,Bazel,7ff1bae119a3b6537ed0e0aa8fb4c8517461f1b0,62f54588e6be3d82d21c283350b0131c083b4d8e,7137,https://github.com/bazelbuild/bazel/issues/7137,https://github.com/bazelbuild/bazel/tree/7ff1bae119a3b6537ed0e0aa8fb4c8517461f1b0,https://github.com/bazelbuild/bazel/tree/62f54588e6be3d82d21c283350b0131c083b4d8e,https://github.com/bazelbuild/bazel/compare/7ff1bae119a3b6537ed0e0aa8fb4c8517461f1b0...62f54588e6be3d82d21c283350b0131c083b4d8e
695,Bazel,8753ecae6af114b227c62e341bdd57f8302e9b6b,09c6b7a7a659941e6920902f726660af14f9b176,7655,https://github.com/bazelbuild/bazel/issues/7655,https://github.com/bazelbuild/bazel/tree/8753ecae6af114b227c62e341bdd57f8302e9b6b,https://github.com/bazelbuild/bazel/tree/09c6b7a7a659941e6920902f726660af14f9b176,https://github.com/bazelbuild/bazel/compare/8753ecae6af114b227c62e341bdd57f8302e9b6b...09c6b7a7a659941e6920902f726660af14f9b176
696,Bazel,044a5f97c19487fcedb5e27027125a2e618beeb4,ea1703b30f9ac43a0c3262f5729c34658ed8d473,7721,https://github.com/bazelbuild/bazel/issues/7721,https://github.com/bazelbuild/bazel/tree/044a5f97c19487fcedb5e27027125a2e618beeb4,https://github.com/bazelbuild/bazel/tree/ea1703b30f9ac43a0c3262f5729c34658ed8d473,https://github.com/bazelbuild/bazel/compare/044a5f97c19487fcedb5e27027125a2e618beeb4...ea1703b30f9ac43a0c3262f5729c34658ed8d473
697,Bazel,9b8c50007a58a8fde06c5d036df3cfe0b71f00a2,3317c4df9aa56470731d3fb46ed8330fb8169e15,6952,https://github.com/bazelbuild/bazel/issues/6952,https://github.com/bazelbuild/bazel/tree/9b8c50007a58a8fde06c5d036df3cfe0b71f00a2,https://github.com/bazelbuild/bazel/tree/3317c4df9aa56470731d3fb46ed8330fb8169e15,https://github.com/bazelbuild/bazel/compare/9b8c50007a58a8fde06c5d036df3cfe0b71f00a2...3317c4df9aa56470731d3fb46ed8330fb8169e15
698,Bazel,23c6f62bab73e99b2e909dedf07f30ffa9aa1b29,b37296c1b6646d40490b28705d4124775804f318,18,https://github.com/bazelbuild/bazel/issues/18,https://github.com/bazelbuild/bazel/tree/23c6f62bab73e99b2e909dedf07f30ffa9aa1b29,https://github.com/bazelbuild/bazel/tree/b37296c1b6646d40490b28705d4124775804f318,https://github.com/bazelbuild/bazel/compare/23c6f62bab73e99b2e909dedf07f30ffa9aa1b29...b37296c1b6646d40490b28705d4124775804f318
699,Bazel,62f54588e6be3d82d21c283350b0131c083b4d8e,6f52fcaa3eec51f465ebb5c6a2c0e1361de821aa,7638,https://github.com/bazelbuild/bazel/issues/7638,https://github.com/bazelbuild/bazel/tree/62f54588e6be3d82d21c283350b0131c083b4d8e,https://github.com/bazelbuild/bazel/tree/6f52fcaa3eec51f465ebb5c6a2c0e1361de821aa,https://github.com/bazelbuild/bazel/compare/62f54588e6be3d82d21c283350b0131c083b4d8e...6f52fcaa3eec51f465ebb5c6a2c0e1361de821aa
700,Bazel,3f5ba8897fa27124ec6a11716d98c1d4e5571326,191c7bdbef46f51c064ee64f2e2c635e1bf7998c,1653,https://github.com/bazelbuild/bazel/issues/1653,https://github.com/bazelbuild/bazel/tree/3f5ba8897fa27124ec6a11716d98c1d4e5571326,https://github.com/bazelbuild/bazel/tree/191c7bdbef46f51c064ee64f2e2c635e1bf7998c,https://github.com/bazelbuild/bazel/compare/3f5ba8897fa27124ec6a11716d98c1d4e5571326...191c7bdbef46f51c064ee64f2e2c635e1bf7998c
701,Bazel,b83be4d1f20523de0a5a58322ff51826b4418be6,4c322f8e0ea19451f0e4e5c979ec262a5d89fb11,7826,https://github.com/bazelbuild/bazel/issues/7826,https://github.com/bazelbuild/bazel/tree/b83be4d1f20523de0a5a58322ff51826b4418be6,https://github.com/bazelbuild/bazel/tree/4c322f8e0ea19451f0e4e5c979ec262a5d89fb11,https://github.com/bazelbuild/bazel/compare/b83be4d1f20523de0a5a58322ff51826b4418be6...4c322f8e0ea19451f0e4e5c979ec262a5d89fb11
702,Bazel,169da6d109a55da5c2fcf2c7ad7c71fa4b40e88d,81c4bbf5fa799a3ec6291e78330f5539296b83dd,7808,https://github.com/bazelbuild/bazel/issues/7808,https://github.com/bazelbuild/bazel/tree/169da6d109a55da5c2fcf2c7ad7c71fa4b40e88d,https://github.com/bazelbuild/bazel/tree/81c4bbf5fa799a3ec6291e78330f5539296b83dd,https://github.com/bazelbuild/bazel/compare/169da6d109a55da5c2fcf2c7ad7c71fa4b40e88d...81c4bbf5fa799a3ec6291e78330f5539296b83dd
703,Bazel,8c0c57a282f33d5a0f75eeeb3b846bd2673bd96e,4f5c17c2c82b161c3da3d3524425dc338299317a,7721,https://github.com/bazelbuild/bazel/issues/7721,https://github.com/bazelbuild/bazel/tree/8c0c57a282f33d5a0f75eeeb3b846bd2673bd96e,https://github.com/bazelbuild/bazel/tree/4f5c17c2c82b161c3da3d3524425dc338299317a,https://github.com/bazelbuild/bazel/compare/8c0c57a282f33d5a0f75eeeb3b846bd2673bd96e...4f5c17c2c82b161c3da3d3524425dc338299317a
704,Bazel,107a43dfde6d197f9e5bce23499aa3c9810df9de,c578764adcf132efb34c563bc4108b7f5dd66326,7457,https://github.com/bazelbuild/bazel/issues/7457,https://github.com/bazelbuild/bazel/tree/107a43dfde6d197f9e5bce23499aa3c9810df9de,https://github.com/bazelbuild/bazel/tree/c578764adcf132efb34c563bc4108b7f5dd66326,https://github.com/bazelbuild/bazel/compare/107a43dfde6d197f9e5bce23499aa3c9810df9de...c578764adcf132efb34c563bc4108b7f5dd66326
705,Bazel,2c0deceb5a94e8c3cb84b0f988ba5ceedda124af,7f8bc5f7816d09d666950e89c85c5916345b325f,7721,https://github.com/bazelbuild/bazel/issues/7721,https://github.com/bazelbuild/bazel/tree/2c0deceb5a94e8c3cb84b0f988ba5ceedda124af,https://github.com/bazelbuild/bazel/tree/7f8bc5f7816d09d666950e89c85c5916345b325f,https://github.com/bazelbuild/bazel/compare/2c0deceb5a94e8c3cb84b0f988ba5ceedda124af...7f8bc5f7816d09d666950e89c85c5916345b325f
706,Bazel,b9fd6f2c109c99d6523c0da92a5663f6ac4fdd69,3823613a496151ab0faba2ba291c76ac8662c17b,7871,https://github.com/bazelbuild/bazel/issues/7871,https://github.com/bazelbuild/bazel/tree/b9fd6f2c109c99d6523c0da92a5663f6ac4fdd69,https://github.com/bazelbuild/bazel/tree/3823613a496151ab0faba2ba291c76ac8662c17b,https://github.com/bazelbuild/bazel/compare/b9fd6f2c109c99d6523c0da92a5663f6ac4fdd69...3823613a496151ab0faba2ba291c76ac8662c17b
707,Bazel,c60be000503f04734c14cac53be32b64f900ee4b,1f4d1af1c442df722d1b4f537f2a0d61471da3c5,7211,https://github.com/bazelbuild/bazel/issues/7211,https://github.com/bazelbuild/bazel/tree/c60be000503f04734c14cac53be32b64f900ee4b,https://github.com/bazelbuild/bazel/tree/1f4d1af1c442df722d1b4f537f2a0d61471da3c5,https://github.com/bazelbuild/bazel/compare/c60be000503f04734c14cac53be32b64f900ee4b...1f4d1af1c442df722d1b4f537f2a0d61471da3c5
708,Bazel,23d4f00aac38a1231e26f465ce978ad6a61ea1c7,466bf40f3f41fa6edf66f6401c5c16cb9b53510d,1037,https://github.com/bazelbuild/bazel/issues/1037,https://github.com/bazelbuild/bazel/tree/23d4f00aac38a1231e26f465ce978ad6a61ea1c7,https://github.com/bazelbuild/bazel/tree/466bf40f3f41fa6edf66f6401c5c16cb9b53510d,https://github.com/bazelbuild/bazel/compare/23d4f00aac38a1231e26f465ce978ad6a61ea1c7...466bf40f3f41fa6edf66f6401c5c16cb9b53510d
709,Bazel,4c61b6431c17a037666d36cb2c3665e32082d29d,7f26f7df6398d12b0f13245ab303a70f6e60784f,7871,https://github.com/bazelbuild/bazel/issues/7871,https://github.com/bazelbuild/bazel/tree/4c61b6431c17a037666d36cb2c3665e32082d29d,https://github.com/bazelbuild/bazel/tree/7f26f7df6398d12b0f13245ab303a70f6e60784f,https://github.com/bazelbuild/bazel/compare/4c61b6431c17a037666d36cb2c3665e32082d29d...7f26f7df6398d12b0f13245ab303a70f6e60784f
710,Bazel,0a1776d4acaf46ac1b57862a7774fd21caf46e1b,e84bb330a2f6624d2faabcc912f366b50427f0bf,8024,https://github.com/bazelbuild/bazel/issues/8024,https://github.com/bazelbuild/bazel/tree/0a1776d4acaf46ac1b57862a7774fd21caf46e1b,https://github.com/bazelbuild/bazel/tree/e84bb330a2f6624d2faabcc912f366b50427f0bf,https://github.com/bazelbuild/bazel/compare/0a1776d4acaf46ac1b57862a7774fd21caf46e1b...e84bb330a2f6624d2faabcc912f366b50427f0bf
711,Bazel,41d4f75f2e0af013b0c1badd6bc33d831a035536,e31bac9fc1b0205c952b03b4d48387513679b0be,7850,https://github.com/bazelbuild/bazel/issues/7850,https://github.com/bazelbuild/bazel/tree/41d4f75f2e0af013b0c1badd6bc33d831a035536,https://github.com/bazelbuild/bazel/tree/e31bac9fc1b0205c952b03b4d48387513679b0be,https://github.com/bazelbuild/bazel/compare/41d4f75f2e0af013b0c1badd6bc33d831a035536...e31bac9fc1b0205c952b03b4d48387513679b0be
712,Bazel,41d4f75f2e0af013b0c1badd6bc33d831a035536,e31bac9fc1b0205c952b03b4d48387513679b0be,3683,https://github.com/bazelbuild/bazel/issues/3683,https://github.com/bazelbuild/bazel/tree/41d4f75f2e0af013b0c1badd6bc33d831a035536,https://github.com/bazelbuild/bazel/tree/e31bac9fc1b0205c952b03b4d48387513679b0be,https://github.com/bazelbuild/bazel/compare/41d4f75f2e0af013b0c1badd6bc33d831a035536...e31bac9fc1b0205c952b03b4d48387513679b0be
713,Bazel,e038a267413d218f59b6b35f2d4dbaa74bf14589,88e3098ae8216283750e344cc6b3a61f1d49a0c1,7871,https://github.com/bazelbuild/bazel/issues/7871,https://github.com/bazelbuild/bazel/tree/e038a267413d218f59b6b35f2d4dbaa74bf14589,https://github.com/bazelbuild/bazel/tree/88e3098ae8216283750e344cc6b3a61f1d49a0c1,https://github.com/bazelbuild/bazel/compare/e038a267413d218f59b6b35f2d4dbaa74bf14589...88e3098ae8216283750e344cc6b3a61f1d49a0c1
714,Bazel,4c6fb96cebefa5fc2b0cb31d1fcd2292fb30e652,843d18c5292b72d5a7bddc4aa9a9a8947cb57a3c,7871,https://github.com/bazelbuild/bazel/issues/7871,https://github.com/bazelbuild/bazel/tree/4c6fb96cebefa5fc2b0cb31d1fcd2292fb30e652,https://github.com/bazelbuild/bazel/tree/843d18c5292b72d5a7bddc4aa9a9a8947cb57a3c,https://github.com/bazelbuild/bazel/compare/4c6fb96cebefa5fc2b0cb31d1fcd2292fb30e652...843d18c5292b72d5a7bddc4aa9a9a8947cb57a3c
715,Bazel,a098c57337f6ee11b9b4df287700d0d853d46e92,0e8c8a9aefb5290cc03571477c5c01d507eb02e0,7784,https://github.com/bazelbuild/bazel/issues/7784,https://github.com/bazelbuild/bazel/tree/a098c57337f6ee11b9b4df287700d0d853d46e92,https://github.com/bazelbuild/bazel/tree/0e8c8a9aefb5290cc03571477c5c01d507eb02e0,https://github.com/bazelbuild/bazel/compare/a098c57337f6ee11b9b4df287700d0d853d46e92...0e8c8a9aefb5290cc03571477c5c01d507eb02e0
716,Bazel,341fad3fab322e580e9d7a87a175972dc8de0c22,982e0b8398ea26ce1f5323b9e928990ae8845473,3851,https://github.com/bazelbuild/bazel/issues/3851,https://github.com/bazelbuild/bazel/tree/341fad3fab322e580e9d7a87a175972dc8de0c22,https://github.com/bazelbuild/bazel/tree/982e0b8398ea26ce1f5323b9e928990ae8845473,https://github.com/bazelbuild/bazel/compare/341fad3fab322e580e9d7a87a175972dc8de0c22...982e0b8398ea26ce1f5323b9e928990ae8845473
717,Bazel,51a9596f592c183beffdeeffc43c86295c88a4a5,f177b0d79404e84d9bac6841a464682af97ab65f,7993,https://github.com/bazelbuild/bazel/issues/7993,https://github.com/bazelbuild/bazel/tree/51a9596f592c183beffdeeffc43c86295c88a4a5,https://github.com/bazelbuild/bazel/tree/f177b0d79404e84d9bac6841a464682af97ab65f,https://github.com/bazelbuild/bazel/compare/51a9596f592c183beffdeeffc43c86295c88a4a5...f177b0d79404e84d9bac6841a464682af97ab65f
718,Bazel,da6a7f23586fd3c63d4c998f5261b8899a4fdc45,1b324c4b451492a5e55ac6af5bebea976bb27fe4,5104,https://github.com/bazelbuild/bazel/issues/5104,https://github.com/bazelbuild/bazel/tree/da6a7f23586fd3c63d4c998f5261b8899a4fdc45,https://github.com/bazelbuild/bazel/tree/1b324c4b451492a5e55ac6af5bebea976bb27fe4,https://github.com/bazelbuild/bazel/compare/da6a7f23586fd3c63d4c998f5261b8899a4fdc45...1b324c4b451492a5e55ac6af5bebea976bb27fe4
719,Bazel,27fad939b380c523a2613ad748902be9e76f0417,4837e11bdd5f243d2b10f6a2b99f2edaba8c1131,4815,https://github.com/bazelbuild/bazel/issues/4815,https://github.com/bazelbuild/bazel/tree/27fad939b380c523a2613ad748902be9e76f0417,https://github.com/bazelbuild/bazel/tree/4837e11bdd5f243d2b10f6a2b99f2edaba8c1131,https://github.com/bazelbuild/bazel/compare/27fad939b380c523a2613ad748902be9e76f0417...4837e11bdd5f243d2b10f6a2b99f2edaba8c1131
720,Bazel,f6b091b5b2a04f94a9d75280a94b65756b5e8e29,dac2135710e7a8b7752226578a2cdf52e42779ec,7755,https://github.com/bazelbuild/bazel/issues/7755,https://github.com/bazelbuild/bazel/tree/f6b091b5b2a04f94a9d75280a94b65756b5e8e29,https://github.com/bazelbuild/bazel/tree/dac2135710e7a8b7752226578a2cdf52e42779ec,https://github.com/bazelbuild/bazel/compare/f6b091b5b2a04f94a9d75280a94b65756b5e8e29...dac2135710e7a8b7752226578a2cdf52e42779ec
721,Bazel,f6b091b5b2a04f94a9d75280a94b65756b5e8e29,dac2135710e7a8b7752226578a2cdf52e42779ec,7773,https://github.com/bazelbuild/bazel/issues/7773,https://github.com/bazelbuild/bazel/tree/f6b091b5b2a04f94a9d75280a94b65756b5e8e29,https://github.com/bazelbuild/bazel/tree/dac2135710e7a8b7752226578a2cdf52e42779ec,https://github.com/bazelbuild/bazel/compare/f6b091b5b2a04f94a9d75280a94b65756b5e8e29...dac2135710e7a8b7752226578a2cdf52e42779ec
722,Bazel,f6b091b5b2a04f94a9d75280a94b65756b5e8e29,dac2135710e7a8b7752226578a2cdf52e42779ec,7654,https://github.com/bazelbuild/bazel/issues/7654,https://github.com/bazelbuild/bazel/tree/f6b091b5b2a04f94a9d75280a94b65756b5e8e29,https://github.com/bazelbuild/bazel/tree/dac2135710e7a8b7752226578a2cdf52e42779ec,https://github.com/bazelbuild/bazel/compare/f6b091b5b2a04f94a9d75280a94b65756b5e8e29...dac2135710e7a8b7752226578a2cdf52e42779ec
723,Bazel,0320c5f617d7f08796327eeb25c52ee155cfe472,597e289b097d3bfed8eea1cb0924bbeb04877e42,8052,https://github.com/bazelbuild/bazel/issues/8052,https://github.com/bazelbuild/bazel/tree/0320c5f617d7f08796327eeb25c52ee155cfe472,https://github.com/bazelbuild/bazel/tree/597e289b097d3bfed8eea1cb0924bbeb04877e42,https://github.com/bazelbuild/bazel/compare/0320c5f617d7f08796327eeb25c52ee155cfe472...597e289b097d3bfed8eea1cb0924bbeb04877e42
724,Bazel,eb9a3021146fc422173d662daf1b19af5f069e35,93185ef2d1e827eec51c0398c96c957e922c1742,8222,https://github.com/bazelbuild/bazel/issues/8222,https://github.com/bazelbuild/bazel/tree/eb9a3021146fc422173d662daf1b19af5f069e35,https://github.com/bazelbuild/bazel/tree/93185ef2d1e827eec51c0398c96c957e922c1742,https://github.com/bazelbuild/bazel/compare/eb9a3021146fc422173d662daf1b19af5f069e35...93185ef2d1e827eec51c0398c96c957e922c1742
725,Bazel,1b324c4b451492a5e55ac6af5bebea976bb27fe4,771cb7a026f2c9034fb016966dfd0e154c48ff2e,7755,https://github.com/bazelbuild/bazel/issues/7755,https://github.com/bazelbuild/bazel/tree/1b324c4b451492a5e55ac6af5bebea976bb27fe4,https://github.com/bazelbuild/bazel/tree/771cb7a026f2c9034fb016966dfd0e154c48ff2e,https://github.com/bazelbuild/bazel/compare/1b324c4b451492a5e55ac6af5bebea976bb27fe4...771cb7a026f2c9034fb016966dfd0e154c48ff2e
726,Bazel,1b324c4b451492a5e55ac6af5bebea976bb27fe4,771cb7a026f2c9034fb016966dfd0e154c48ff2e,7773,https://github.com/bazelbuild/bazel/issues/7773,https://github.com/bazelbuild/bazel/tree/1b324c4b451492a5e55ac6af5bebea976bb27fe4,https://github.com/bazelbuild/bazel/tree/771cb7a026f2c9034fb016966dfd0e154c48ff2e,https://github.com/bazelbuild/bazel/compare/1b324c4b451492a5e55ac6af5bebea976bb27fe4...771cb7a026f2c9034fb016966dfd0e154c48ff2e
727,Bazel,1b324c4b451492a5e55ac6af5bebea976bb27fe4,771cb7a026f2c9034fb016966dfd0e154c48ff2e,7654,https://github.com/bazelbuild/bazel/issues/7654,https://github.com/bazelbuild/bazel/tree/1b324c4b451492a5e55ac6af5bebea976bb27fe4,https://github.com/bazelbuild/bazel/tree/771cb7a026f2c9034fb016966dfd0e154c48ff2e,https://github.com/bazelbuild/bazel/compare/1b324c4b451492a5e55ac6af5bebea976bb27fe4...771cb7a026f2c9034fb016966dfd0e154c48ff2e
728,Bazel,e189354635f557878698733476c5c19b4eef7340,6b3724fe4d030c493f8c605140c0f84a92da3b6a,5010,https://github.com/bazelbuild/bazel/issues/5010,https://github.com/bazelbuild/bazel/tree/e189354635f557878698733476c5c19b4eef7340,https://github.com/bazelbuild/bazel/tree/6b3724fe4d030c493f8c605140c0f84a92da3b6a,https://github.com/bazelbuild/bazel/compare/e189354635f557878698733476c5c19b4eef7340...6b3724fe4d030c493f8c605140c0f84a92da3b6a
729,Bazel,c2e5aa58b090ab85ab787e4a00e3e5297e6615f6,ae112a2b013c0601fb8f164c7f24d3d5b85fe00e,8288,https://github.com/bazelbuild/bazel/issues/8288,https://github.com/bazelbuild/bazel/tree/c2e5aa58b090ab85ab787e4a00e3e5297e6615f6,https://github.com/bazelbuild/bazel/tree/ae112a2b013c0601fb8f164c7f24d3d5b85fe00e,https://github.com/bazelbuild/bazel/compare/c2e5aa58b090ab85ab787e4a00e3e5297e6615f6...ae112a2b013c0601fb8f164c7f24d3d5b85fe00e
730,Bazel,f1148fd0f30391d1d25341c4869e6eb521219444,c917ab208942e7b250e4dc928863a56ea2bdaee3,5144,https://github.com/bazelbuild/bazel/issues/5144,https://github.com/bazelbuild/bazel/tree/f1148fd0f30391d1d25341c4869e6eb521219444,https://github.com/bazelbuild/bazel/tree/c917ab208942e7b250e4dc928863a56ea2bdaee3,https://github.com/bazelbuild/bazel/compare/f1148fd0f30391d1d25341c4869e6eb521219444...c917ab208942e7b250e4dc928863a56ea2bdaee3
731,Bazel,4409982d591a5018f77daa21e107b72aa3ef9202,7600a3b3e614f8f818e60ad72f47fc000911f50e,8365,https://github.com/bazelbuild/bazel/issues/8365,https://github.com/bazelbuild/bazel/tree/4409982d591a5018f77daa21e107b72aa3ef9202,https://github.com/bazelbuild/bazel/tree/7600a3b3e614f8f818e60ad72f47fc000911f50e,https://github.com/bazelbuild/bazel/compare/4409982d591a5018f77daa21e107b72aa3ef9202...7600a3b3e614f8f818e60ad72f47fc000911f50e
732,Bazel,438b8854e17f17dfa0b8c17649bbcc87bd9a476d,004099d17e92a09dc4f7c920e6d54bbe2e67d3fb,7404,https://github.com/bazelbuild/bazel/issues/7404,https://github.com/bazelbuild/bazel/tree/438b8854e17f17dfa0b8c17649bbcc87bd9a476d,https://github.com/bazelbuild/bazel/tree/004099d17e92a09dc4f7c920e6d54bbe2e67d3fb,https://github.com/bazelbuild/bazel/compare/438b8854e17f17dfa0b8c17649bbcc87bd9a476d...004099d17e92a09dc4f7c920e6d54bbe2e67d3fb
733,Bazel,3d8925df1e991d246124d077a05c4538027e4ba6,ad3d77fd7c80368f592a854e08198f18177a6d0f,8402,https://github.com/bazelbuild/bazel/issues/8402,https://github.com/bazelbuild/bazel/tree/3d8925df1e991d246124d077a05c4538027e4ba6,https://github.com/bazelbuild/bazel/tree/ad3d77fd7c80368f592a854e08198f18177a6d0f,https://github.com/bazelbuild/bazel/compare/3d8925df1e991d246124d077a05c4538027e4ba6...ad3d77fd7c80368f592a854e08198f18177a6d0f
734,Bazel,a05b7f0b3fddbffc0359a73ea11bdcf4ef66ec7d,6c0dc363949c9253f0709f14c481ee9bb2e03392,8346,https://github.com/bazelbuild/bazel/issues/8346,https://github.com/bazelbuild/bazel/tree/a05b7f0b3fddbffc0359a73ea11bdcf4ef66ec7d,https://github.com/bazelbuild/bazel/tree/6c0dc363949c9253f0709f14c481ee9bb2e03392,https://github.com/bazelbuild/bazel/compare/a05b7f0b3fddbffc0359a73ea11bdcf4ef66ec7d...6c0dc363949c9253f0709f14c481ee9bb2e03392
735,Bazel,b7a961517f928e6539b62f73bcb5b1c311396559,ddce7235ef29a0aba727c265eae865d15af4ed09,8414,https://github.com/bazelbuild/bazel/issues/8414,https://github.com/bazelbuild/bazel/tree/b7a961517f928e6539b62f73bcb5b1c311396559,https://github.com/bazelbuild/bazel/tree/ddce7235ef29a0aba727c265eae865d15af4ed09,https://github.com/bazelbuild/bazel/compare/b7a961517f928e6539b62f73bcb5b1c311396559...ddce7235ef29a0aba727c265eae865d15af4ed09
736,Bazel,88a313d7eb555410d7c0c6932de1330efff0062a,207c24f04453ef026c202f2962e55d2a125e388f,8372,https://github.com/bazelbuild/bazel/issues/8372,https://github.com/bazelbuild/bazel/tree/88a313d7eb555410d7c0c6932de1330efff0062a,https://github.com/bazelbuild/bazel/tree/207c24f04453ef026c202f2962e55d2a125e388f,https://github.com/bazelbuild/bazel/compare/88a313d7eb555410d7c0c6932de1330efff0062a...207c24f04453ef026c202f2962e55d2a125e388f
737,Bazel,39f31abb7c923bc9b7e24a19edf69427cbe7e8b5,9494301518f2d201cd8d478b9a8ed99a9b3ee955,7947,https://github.com/bazelbuild/bazel/issues/7947,https://github.com/bazelbuild/bazel/tree/39f31abb7c923bc9b7e24a19edf69427cbe7e8b5,https://github.com/bazelbuild/bazel/tree/9494301518f2d201cd8d478b9a8ed99a9b3ee955,https://github.com/bazelbuild/bazel/compare/39f31abb7c923bc9b7e24a19edf69427cbe7e8b5...9494301518f2d201cd8d478b9a8ed99a9b3ee955
738,Bazel,1bfedba2fa4acdcf5b09bb8b9810e305a40af4f9,cffae2b7d0815fa3cbb4e9a2ecc030906b38dcae,7914,https://github.com/bazelbuild/bazel/issues/7914,https://github.com/bazelbuild/bazel/tree/1bfedba2fa4acdcf5b09bb8b9810e305a40af4f9,https://github.com/bazelbuild/bazel/tree/cffae2b7d0815fa3cbb4e9a2ecc030906b38dcae,https://github.com/bazelbuild/bazel/compare/1bfedba2fa4acdcf5b09bb8b9810e305a40af4f9...cffae2b7d0815fa3cbb4e9a2ecc030906b38dcae
739,Bazel,53a0ff1641d8efaa34c995dbd54d849c4b8a50bc,aa69a6e4efaa3badbbb4008f56fff63370650ce9,8346,https://github.com/bazelbuild/bazel/issues/8346,https://github.com/bazelbuild/bazel/tree/53a0ff1641d8efaa34c995dbd54d849c4b8a50bc,https://github.com/bazelbuild/bazel/tree/aa69a6e4efaa3badbbb4008f56fff63370650ce9,https://github.com/bazelbuild/bazel/compare/53a0ff1641d8efaa34c995dbd54d849c4b8a50bc...aa69a6e4efaa3badbbb4008f56fff63370650ce9
740,Bazel,936b04c94abb5d3d680f1d435f27cef864a225d9,35dd05a059fa7fddfdd888cfc69102994e3c04dc,8451,https://github.com/bazelbuild/bazel/issues/8451,https://github.com/bazelbuild/bazel/tree/936b04c94abb5d3d680f1d435f27cef864a225d9,https://github.com/bazelbuild/bazel/tree/35dd05a059fa7fddfdd888cfc69102994e3c04dc,https://github.com/bazelbuild/bazel/compare/936b04c94abb5d3d680f1d435f27cef864a225d9...35dd05a059fa7fddfdd888cfc69102994e3c04dc
741,Bazel,0677a3d9fe04a6ebdeba0f9e42f22ad7f2b479a3,c3d2aa74ccd23dfb8a8173c2b3e2955f0c5892cb,8520,https://github.com/bazelbuild/bazel/issues/8520,https://github.com/bazelbuild/bazel/tree/0677a3d9fe04a6ebdeba0f9e42f22ad7f2b479a3,https://github.com/bazelbuild/bazel/tree/c3d2aa74ccd23dfb8a8173c2b3e2955f0c5892cb,https://github.com/bazelbuild/bazel/compare/0677a3d9fe04a6ebdeba0f9e42f22ad7f2b479a3...c3d2aa74ccd23dfb8a8173c2b3e2955f0c5892cb
742,Bazel,00cd26255c575374b1fc48e5c7343e8fe15963ed,d1c0d205945f5a765efb0a48593b1cd82699ce32,8475,https://github.com/bazelbuild/bazel/issues/8475,https://github.com/bazelbuild/bazel/tree/00cd26255c575374b1fc48e5c7343e8fe15963ed,https://github.com/bazelbuild/bazel/tree/d1c0d205945f5a765efb0a48593b1cd82699ce32,https://github.com/bazelbuild/bazel/compare/00cd26255c575374b1fc48e5c7343e8fe15963ed...d1c0d205945f5a765efb0a48593b1cd82699ce32
743,Bazel,4aa1d1a7b98b6169e7fde6cbce9b33f28466bd22,089e017d22b286fdcfeb3ba7b5c5192a1f4ad30e,8507,https://github.com/bazelbuild/bazel/issues/8507,https://github.com/bazelbuild/bazel/tree/4aa1d1a7b98b6169e7fde6cbce9b33f28466bd22,https://github.com/bazelbuild/bazel/tree/089e017d22b286fdcfeb3ba7b5c5192a1f4ad30e,https://github.com/bazelbuild/bazel/compare/4aa1d1a7b98b6169e7fde6cbce9b33f28466bd22...089e017d22b286fdcfeb3ba7b5c5192a1f4ad30e
744,Bazel,4f9110e8bea55fe8ba9abf55980c8ccdab9c0474,8089b27882a08a348efd47bb4cd0b1c1c5ad6b1f,5104,https://github.com/bazelbuild/bazel/issues/5104,https://github.com/bazelbuild/bazel/tree/4f9110e8bea55fe8ba9abf55980c8ccdab9c0474,https://github.com/bazelbuild/bazel/tree/8089b27882a08a348efd47bb4cd0b1c1c5ad6b1f,https://github.com/bazelbuild/bazel/compare/4f9110e8bea55fe8ba9abf55980c8ccdab9c0474...8089b27882a08a348efd47bb4cd0b1c1c5ad6b1f
745,Bazel,369fa97bb89ad6f2deeec95a1389970f3d22fd99,4f133090e80baa9c8e0d7e7e029d3ce0fb7f1f3f,8384,https://github.com/bazelbuild/bazel/issues/8384,https://github.com/bazelbuild/bazel/tree/369fa97bb89ad6f2deeec95a1389970f3d22fd99,https://github.com/bazelbuild/bazel/tree/4f133090e80baa9c8e0d7e7e029d3ce0fb7f1f3f,https://github.com/bazelbuild/bazel/compare/369fa97bb89ad6f2deeec95a1389970f3d22fd99...4f133090e80baa9c8e0d7e7e029d3ce0fb7f1f3f
746,Bazel,dc6d3b595a70af525d78b4837cf87bcb91eb7a3e,50fa3ec27efdd95771c70faa38a4543d4fed44f2,8576,https://github.com/bazelbuild/bazel/issues/8576,https://github.com/bazelbuild/bazel/tree/dc6d3b595a70af525d78b4837cf87bcb91eb7a3e,https://github.com/bazelbuild/bazel/tree/50fa3ec27efdd95771c70faa38a4543d4fed44f2,https://github.com/bazelbuild/bazel/compare/dc6d3b595a70af525d78b4837cf87bcb91eb7a3e...50fa3ec27efdd95771c70faa38a4543d4fed44f2
747,Bazel,5aae664c106f2778709925e7b777664ef072b447,3a4be3c93813987a27a97dade3f9ebbc5770e349,8536,https://github.com/bazelbuild/bazel/issues/8536,https://github.com/bazelbuild/bazel/tree/5aae664c106f2778709925e7b777664ef072b447,https://github.com/bazelbuild/bazel/tree/3a4be3c93813987a27a97dade3f9ebbc5770e349,https://github.com/bazelbuild/bazel/compare/5aae664c106f2778709925e7b777664ef072b447...3a4be3c93813987a27a97dade3f9ebbc5770e349
748,Bazel,7eb483c517be0a9453e2f07b107ba8d5c41c6e65,ba1232130ac86dcf30503fe82518971a396d6297,8608,https://github.com/bazelbuild/bazel/issues/8608,https://github.com/bazelbuild/bazel/tree/7eb483c517be0a9453e2f07b107ba8d5c41c6e65,https://github.com/bazelbuild/bazel/tree/ba1232130ac86dcf30503fe82518971a396d6297,https://github.com/bazelbuild/bazel/compare/7eb483c517be0a9453e2f07b107ba8d5c41c6e65...ba1232130ac86dcf30503fe82518971a396d6297
749,Bazel,511eb223b44e327914e048968d13aae6f8f88399,c9fbe95ef4b93dbf1c25e854b0c6bd82b81b387d,8517,https://github.com/bazelbuild/bazel/issues/8517,https://github.com/bazelbuild/bazel/tree/511eb223b44e327914e048968d13aae6f8f88399,https://github.com/bazelbuild/bazel/tree/c9fbe95ef4b93dbf1c25e854b0c6bd82b81b387d,https://github.com/bazelbuild/bazel/compare/511eb223b44e327914e048968d13aae6f8f88399...c9fbe95ef4b93dbf1c25e854b0c6bd82b81b387d
750,Bazel,82ec619c062588ffad6c09b51a8840c67604c69b,aecb1e845504f040d1dd7b7f310c37757fba4eab,4815,https://github.com/bazelbuild/bazel/issues/4815,https://github.com/bazelbuild/bazel/tree/82ec619c062588ffad6c09b51a8840c67604c69b,https://github.com/bazelbuild/bazel/tree/aecb1e845504f040d1dd7b7f310c37757fba4eab,https://github.com/bazelbuild/bazel/compare/82ec619c062588ffad6c09b51a8840c67604c69b...aecb1e845504f040d1dd7b7f310c37757fba4eab
751,Bazel,d97392fb03a1deacbe655883564530ab856073c1,6efc5b787ad3164cc2fb779c73377695032b4524,8487,https://github.com/bazelbuild/bazel/issues/8487,https://github.com/bazelbuild/bazel/tree/d97392fb03a1deacbe655883564530ab856073c1,https://github.com/bazelbuild/bazel/tree/6efc5b787ad3164cc2fb779c73377695032b4524,https://github.com/bazelbuild/bazel/compare/d97392fb03a1deacbe655883564530ab856073c1...6efc5b787ad3164cc2fb779c73377695032b4524
752,Bazel,38ba843809ece4014a23054f0806ad920b393d87,64284337e7f1f6aed0da22c05266861c47f7ca9b,8538,https://github.com/bazelbuild/bazel/issues/8538,https://github.com/bazelbuild/bazel/tree/38ba843809ece4014a23054f0806ad920b393d87,https://github.com/bazelbuild/bazel/tree/64284337e7f1f6aed0da22c05266861c47f7ca9b,https://github.com/bazelbuild/bazel/compare/38ba843809ece4014a23054f0806ad920b393d87...64284337e7f1f6aed0da22c05266861c47f7ca9b
753,Bazel,24cf645480eabbd464f7b7d9b7dbf0669e5c87b6,c7e8a922a38ea7db29d207fbd43a6af6231c7478,8385,https://github.com/bazelbuild/bazel/issues/8385,https://github.com/bazelbuild/bazel/tree/24cf645480eabbd464f7b7d9b7dbf0669e5c87b6,https://github.com/bazelbuild/bazel/tree/c7e8a922a38ea7db29d207fbd43a6af6231c7478,https://github.com/bazelbuild/bazel/compare/24cf645480eabbd464f7b7d9b7dbf0669e5c87b6...c7e8a922a38ea7db29d207fbd43a6af6231c7478
754,Bazel,527f6884ece28c8d5be7565d1501fc50d188484b,d4589630428c1c1bc08a9baf36257e636fe9d746,8670,https://github.com/bazelbuild/bazel/issues/8670,https://github.com/bazelbuild/bazel/tree/527f6884ece28c8d5be7565d1501fc50d188484b,https://github.com/bazelbuild/bazel/tree/d4589630428c1c1bc08a9baf36257e636fe9d746,https://github.com/bazelbuild/bazel/compare/527f6884ece28c8d5be7565d1501fc50d188484b...d4589630428c1c1bc08a9baf36257e636fe9d746
755,Bazel,5d94682b944df2bec516276b51c04165e44c0ea2,4569b2abda7c520229820fd548693397b2411358,7773,https://github.com/bazelbuild/bazel/issues/7773,https://github.com/bazelbuild/bazel/tree/5d94682b944df2bec516276b51c04165e44c0ea2,https://github.com/bazelbuild/bazel/tree/4569b2abda7c520229820fd548693397b2411358,https://github.com/bazelbuild/bazel/compare/5d94682b944df2bec516276b51c04165e44c0ea2...4569b2abda7c520229820fd548693397b2411358
756,Bazel,475db53bd30b7d23c4fcbec51b441ecb576049bb,34665153f766b3e9313b2f7c2bbe86e93212b81d,8795,https://github.com/bazelbuild/bazel/issues/8795,https://github.com/bazelbuild/bazel/tree/475db53bd30b7d23c4fcbec51b441ecb576049bb,https://github.com/bazelbuild/bazel/tree/34665153f766b3e9313b2f7c2bbe86e93212b81d,https://github.com/bazelbuild/bazel/compare/475db53bd30b7d23c4fcbec51b441ecb576049bb...34665153f766b3e9313b2f7c2bbe86e93212b81d
757,Bazel,3d8b5796386e344469e0bda1698c32db2d1b38db,06202aaecb09bf1cb17b7afd8c21db3f8bd9252b,8717,https://github.com/bazelbuild/bazel/issues/8717,https://github.com/bazelbuild/bazel/tree/3d8b5796386e344469e0bda1698c32db2d1b38db,https://github.com/bazelbuild/bazel/tree/06202aaecb09bf1cb17b7afd8c21db3f8bd9252b,https://github.com/bazelbuild/bazel/compare/3d8b5796386e344469e0bda1698c32db2d1b38db...06202aaecb09bf1cb17b7afd8c21db3f8bd9252b
758,Bazel,4569b2abda7c520229820fd548693397b2411358,e85d2e175bdef227b23da4ec0cc1fb319608bf34,8832,https://github.com/bazelbuild/bazel/issues/8832,https://github.com/bazelbuild/bazel/tree/4569b2abda7c520229820fd548693397b2411358,https://github.com/bazelbuild/bazel/tree/e85d2e175bdef227b23da4ec0cc1fb319608bf34,https://github.com/bazelbuild/bazel/compare/4569b2abda7c520229820fd548693397b2411358...e85d2e175bdef227b23da4ec0cc1fb319608bf34
759,Bazel,196b79257066ba0916961d07e809fc11f8151e38,63d882d3128ef9138692ed3530d11b559f15e874,7773,https://github.com/bazelbuild/bazel/issues/7773,https://github.com/bazelbuild/bazel/tree/196b79257066ba0916961d07e809fc11f8151e38,https://github.com/bazelbuild/bazel/tree/63d882d3128ef9138692ed3530d11b559f15e874,https://github.com/bazelbuild/bazel/compare/196b79257066ba0916961d07e809fc11f8151e38...63d882d3128ef9138692ed3530d11b559f15e874
760,Bazel,503817deea8990e35792a3ec2eba79171d62ec1f,2cc650e61398a52f1ce7079a96c85b79d006c41e,8831,https://github.com/bazelbuild/bazel/issues/8831,https://github.com/bazelbuild/bazel/tree/503817deea8990e35792a3ec2eba79171d62ec1f,https://github.com/bazelbuild/bazel/tree/2cc650e61398a52f1ce7079a96c85b79d006c41e,https://github.com/bazelbuild/bazel/compare/503817deea8990e35792a3ec2eba79171d62ec1f...2cc650e61398a52f1ce7079a96c85b79d006c41e
761,Bazel,5fa247096a687082496cb3f63b7c194e2da1fc80,a52e65a07f92f65eca495b21e1335bab5f7e6b71,8757,https://github.com/bazelbuild/bazel/issues/8757,https://github.com/bazelbuild/bazel/tree/5fa247096a687082496cb3f63b7c194e2da1fc80,https://github.com/bazelbuild/bazel/tree/a52e65a07f92f65eca495b21e1335bab5f7e6b71,https://github.com/bazelbuild/bazel/compare/5fa247096a687082496cb3f63b7c194e2da1fc80...a52e65a07f92f65eca495b21e1335bab5f7e6b71
762,Bazel,a2b042cb9309374ec61d85e8f8b36ad12947d2a5,eb0e201b4b9abe9871e639c9595d0a892da17669,7773,https://github.com/bazelbuild/bazel/issues/7773,https://github.com/bazelbuild/bazel/tree/a2b042cb9309374ec61d85e8f8b36ad12947d2a5,https://github.com/bazelbuild/bazel/tree/eb0e201b4b9abe9871e639c9595d0a892da17669,https://github.com/bazelbuild/bazel/compare/a2b042cb9309374ec61d85e8f8b36ad12947d2a5...eb0e201b4b9abe9871e639c9595d0a892da17669
763,Bazel,812e6feb953e4b09976a7e67fa5f5b4376119eb5,7fa64c493a42e41e10aea48b3fc4e4197d75cd65,7656,https://github.com/bazelbuild/bazel/issues/7656,https://github.com/bazelbuild/bazel/tree/812e6feb953e4b09976a7e67fa5f5b4376119eb5,https://github.com/bazelbuild/bazel/tree/7fa64c493a42e41e10aea48b3fc4e4197d75cd65,https://github.com/bazelbuild/bazel/compare/812e6feb953e4b09976a7e67fa5f5b4376119eb5...7fa64c493a42e41e10aea48b3fc4e4197d75cd65
764,Bazel,9cf8ebd8eb95f46901d3e5aa0086c649ad4bf275,956940755a19823b2b12b91ef7f9d9dddc5424cb,7773,https://github.com/bazelbuild/bazel/issues/7773,https://github.com/bazelbuild/bazel/tree/9cf8ebd8eb95f46901d3e5aa0086c649ad4bf275,https://github.com/bazelbuild/bazel/tree/956940755a19823b2b12b91ef7f9d9dddc5424cb,https://github.com/bazelbuild/bazel/compare/9cf8ebd8eb95f46901d3e5aa0086c649ad4bf275...956940755a19823b2b12b91ef7f9d9dddc5424cb
765,Bazel,ce65de4ee8e006137c8d927fa474384c0d940cb2,46faa855fab8124b544bbe8b951b3b731dcddf7c,7376,https://github.com/bazelbuild/bazel/issues/7376,https://github.com/bazelbuild/bazel/tree/ce65de4ee8e006137c8d927fa474384c0d940cb2,https://github.com/bazelbuild/bazel/tree/46faa855fab8124b544bbe8b951b3b731dcddf7c,https://github.com/bazelbuild/bazel/compare/ce65de4ee8e006137c8d927fa474384c0d940cb2...46faa855fab8124b544bbe8b951b3b731dcddf7c
766,Bazel,0b5f341700f6de633b72d8d6c0370b5e40630c53,be25bbf38d9337432c1e79e3f027ad5d0122bb40,7773,https://github.com/bazelbuild/bazel/issues/7773,https://github.com/bazelbuild/bazel/tree/0b5f341700f6de633b72d8d6c0370b5e40630c53,https://github.com/bazelbuild/bazel/tree/be25bbf38d9337432c1e79e3f027ad5d0122bb40,https://github.com/bazelbuild/bazel/compare/0b5f341700f6de633b72d8d6c0370b5e40630c53...be25bbf38d9337432c1e79e3f027ad5d0122bb40
767,Bazel,a6b5b0540a0167f84437127d3dd6cef804286d6f,5f2b55224d7ee04d72208d9e297198ef8232f93b,9056,https://github.com/bazelbuild/bazel/issues/9056,https://github.com/bazelbuild/bazel/tree/a6b5b0540a0167f84437127d3dd6cef804286d6f,https://github.com/bazelbuild/bazel/tree/5f2b55224d7ee04d72208d9e297198ef8232f93b,https://github.com/bazelbuild/bazel/compare/a6b5b0540a0167f84437127d3dd6cef804286d6f...5f2b55224d7ee04d72208d9e297198ef8232f93b
768,Bazel,2d5b9f35a859bbeec4df66fc6c2256db299dd56a,283a1c6e23ebb9e74111825d334f5a72b9fec8ce,9056,https://github.com/bazelbuild/bazel/issues/9056,https://github.com/bazelbuild/bazel/tree/2d5b9f35a859bbeec4df66fc6c2256db299dd56a,https://github.com/bazelbuild/bazel/tree/283a1c6e23ebb9e74111825d334f5a72b9fec8ce,https://github.com/bazelbuild/bazel/compare/2d5b9f35a859bbeec4df66fc6c2256db299dd56a...283a1c6e23ebb9e74111825d334f5a72b9fec8ce
769,Bazel,fc97774c5279416072e09dbc43d7dfc775d1b4f4,c6299ce2ebcc30508102c3c5d8c36d34b83fc14a,8594,https://github.com/bazelbuild/bazel/issues/8594,https://github.com/bazelbuild/bazel/tree/fc97774c5279416072e09dbc43d7dfc775d1b4f4,https://github.com/bazelbuild/bazel/tree/c6299ce2ebcc30508102c3c5d8c36d34b83fc14a,https://github.com/bazelbuild/bazel/compare/fc97774c5279416072e09dbc43d7dfc775d1b4f4...c6299ce2ebcc30508102c3c5d8c36d34b83fc14a
770,Bazel,deeeba3fc8003cbbcc73e04f14fc5b5275e72e5d,5ce60ff1e02ead0618808237f01b8a343bd93679,8543,https://github.com/bazelbuild/bazel/issues/8543,https://github.com/bazelbuild/bazel/tree/deeeba3fc8003cbbcc73e04f14fc5b5275e72e5d,https://github.com/bazelbuild/bazel/tree/5ce60ff1e02ead0618808237f01b8a343bd93679,https://github.com/bazelbuild/bazel/compare/deeeba3fc8003cbbcc73e04f14fc5b5275e72e5d...5ce60ff1e02ead0618808237f01b8a343bd93679
771,Bazel,8121d8500a137566a62a4315c338569d8026c9f8,166aa88c4a0140fee5475df7682d2390aaf33dc0,8605,https://github.com/bazelbuild/bazel/issues/8605,https://github.com/bazelbuild/bazel/tree/8121d8500a137566a62a4315c338569d8026c9f8,https://github.com/bazelbuild/bazel/tree/166aa88c4a0140fee5475df7682d2390aaf33dc0,https://github.com/bazelbuild/bazel/compare/8121d8500a137566a62a4315c338569d8026c9f8...166aa88c4a0140fee5475df7682d2390aaf33dc0
772,Bazel,18391f8f46d8e05998ab3e6423bf2f125ac8b243,ea6d12fc42ab6528c380f0f6ee1a00111576e50d,9112,https://github.com/bazelbuild/bazel/issues/9112,https://github.com/bazelbuild/bazel/tree/18391f8f46d8e05998ab3e6423bf2f125ac8b243,https://github.com/bazelbuild/bazel/tree/ea6d12fc42ab6528c380f0f6ee1a00111576e50d,https://github.com/bazelbuild/bazel/compare/18391f8f46d8e05998ab3e6423bf2f125ac8b243...ea6d12fc42ab6528c380f0f6ee1a00111576e50d
773,Bazel,47d0173cc92f5544c0cca718a1f393a01fc863e9,b7d300c6be3e130dec0e62a4f19493105f595d57,9072,https://github.com/bazelbuild/bazel/issues/9072,https://github.com/bazelbuild/bazel/tree/47d0173cc92f5544c0cca718a1f393a01fc863e9,https://github.com/bazelbuild/bazel/tree/b7d300c6be3e130dec0e62a4f19493105f595d57,https://github.com/bazelbuild/bazel/compare/47d0173cc92f5544c0cca718a1f393a01fc863e9...b7d300c6be3e130dec0e62a4f19493105f595d57
774,Bazel,05c967ffa680ea1a2dd1d28834fbf75f9048f8d3,14651cd86b6fc1d48f56a208a9b5278b3e2dcf75,8974,https://github.com/bazelbuild/bazel/issues/8974,https://github.com/bazelbuild/bazel/tree/05c967ffa680ea1a2dd1d28834fbf75f9048f8d3,https://github.com/bazelbuild/bazel/tree/14651cd86b6fc1d48f56a208a9b5278b3e2dcf75,https://github.com/bazelbuild/bazel/compare/05c967ffa680ea1a2dd1d28834fbf75f9048f8d3...14651cd86b6fc1d48f56a208a9b5278b3e2dcf75
775,Bazel,0c8f22e07a6fb7c31b2a9564a9ce4ae1196bb594,f791df0aada91c38018ad98b3b40a528ff226204,9072,https://github.com/bazelbuild/bazel/issues/9072,https://github.com/bazelbuild/bazel/tree/0c8f22e07a6fb7c31b2a9564a9ce4ae1196bb594,https://github.com/bazelbuild/bazel/tree/f791df0aada91c38018ad98b3b40a528ff226204,https://github.com/bazelbuild/bazel/compare/0c8f22e07a6fb7c31b2a9564a9ce4ae1196bb594...f791df0aada91c38018ad98b3b40a528ff226204
776,Bazel,a30df55267db0cc5566f8121934ce0f45c0c85c5,5c02b92c45b5422971b3164685d9edb771367a1b,8385,https://github.com/bazelbuild/bazel/issues/8385,https://github.com/bazelbuild/bazel/tree/a30df55267db0cc5566f8121934ce0f45c0c85c5,https://github.com/bazelbuild/bazel/tree/5c02b92c45b5422971b3164685d9edb771367a1b,https://github.com/bazelbuild/bazel/compare/a30df55267db0cc5566f8121934ce0f45c0c85c5...5c02b92c45b5422971b3164685d9edb771367a1b
777,Bazel,902e7e5e79e4ec0530c1e011116763c8061dba31,9e1d65a1fcebff7169a63acad95c7b44302b89c4,9284,https://github.com/bazelbuild/bazel/issues/9284,https://github.com/bazelbuild/bazel/tree/902e7e5e79e4ec0530c1e011116763c8061dba31,https://github.com/bazelbuild/bazel/tree/9e1d65a1fcebff7169a63acad95c7b44302b89c4,https://github.com/bazelbuild/bazel/compare/902e7e5e79e4ec0530c1e011116763c8061dba31...9e1d65a1fcebff7169a63acad95c7b44302b89c4
778,Bazel,7c457b988d08db8a0ac50ba7c513ba8da3d4fbfe,120cd54c3cdb6e90470ffd3ff275531f776f54a8,8673,https://github.com/bazelbuild/bazel/issues/8673,https://github.com/bazelbuild/bazel/tree/7c457b988d08db8a0ac50ba7c513ba8da3d4fbfe,https://github.com/bazelbuild/bazel/tree/120cd54c3cdb6e90470ffd3ff275531f776f54a8,https://github.com/bazelbuild/bazel/compare/7c457b988d08db8a0ac50ba7c513ba8da3d4fbfe...120cd54c3cdb6e90470ffd3ff275531f776f54a8
779,Bazel,644060b7a4bc98384b66e3d2343b950b875b5e35,067040d7bcb3b24a88432e210a96adacee3f37b4,9219,https://github.com/bazelbuild/bazel/issues/9219,https://github.com/bazelbuild/bazel/tree/644060b7a4bc98384b66e3d2343b950b875b5e35,https://github.com/bazelbuild/bazel/tree/067040d7bcb3b24a88432e210a96adacee3f37b4,https://github.com/bazelbuild/bazel/compare/644060b7a4bc98384b66e3d2343b950b875b5e35...067040d7bcb3b24a88432e210a96adacee3f37b4
780,Bazel,a645e606c2f0810d9f0e8c7fcd7e969af472ce78,d556e53066c208e3f8e9f96e95bfec45f8e45d55,9410,https://github.com/bazelbuild/bazel/issues/9410,https://github.com/bazelbuild/bazel/tree/a645e606c2f0810d9f0e8c7fcd7e969af472ce78,https://github.com/bazelbuild/bazel/tree/d556e53066c208e3f8e9f96e95bfec45f8e45d55,https://github.com/bazelbuild/bazel/compare/a645e606c2f0810d9f0e8c7fcd7e969af472ce78...d556e53066c208e3f8e9f96e95bfec45f8e45d55
781,Bazel,d96e1cdbe71d117f76e55c668bb4a0f976bf0bc0,2fc273732fdb4cbfd89962901ad9e738407d111e,9133,https://github.com/bazelbuild/bazel/issues/9133,https://github.com/bazelbuild/bazel/tree/d96e1cdbe71d117f76e55c668bb4a0f976bf0bc0,https://github.com/bazelbuild/bazel/tree/2fc273732fdb4cbfd89962901ad9e738407d111e,https://github.com/bazelbuild/bazel/compare/d96e1cdbe71d117f76e55c668bb4a0f976bf0bc0...2fc273732fdb4cbfd89962901ad9e738407d111e
782,Bazel,9e1d65a1fcebff7169a63acad95c7b44302b89c4,480ac1f7ff1873e48466070d9eda698d4ddca64d,8869,https://github.com/bazelbuild/bazel/issues/8869,https://github.com/bazelbuild/bazel/tree/9e1d65a1fcebff7169a63acad95c7b44302b89c4,https://github.com/bazelbuild/bazel/tree/480ac1f7ff1873e48466070d9eda698d4ddca64d,https://github.com/bazelbuild/bazel/compare/9e1d65a1fcebff7169a63acad95c7b44302b89c4...480ac1f7ff1873e48466070d9eda698d4ddca64d
783,Bazel,a3421e204f22e478382bb8487b96df9dcd8e463a,847df729528f6e5919ec8374247eadf792cba544,9415,https://github.com/bazelbuild/bazel/issues/9415,https://github.com/bazelbuild/bazel/tree/a3421e204f22e478382bb8487b96df9dcd8e463a,https://github.com/bazelbuild/bazel/tree/847df729528f6e5919ec8374247eadf792cba544,https://github.com/bazelbuild/bazel/compare/a3421e204f22e478382bb8487b96df9dcd8e463a...847df729528f6e5919ec8374247eadf792cba544
784,Bazel,98155e1a422a0b4ad0bd06b0d368b89162de2961,4f9cd08c083344a6d6a2ff1dd80ef9a0fb76421f,9284,https://github.com/bazelbuild/bazel/issues/9284,https://github.com/bazelbuild/bazel/tree/98155e1a422a0b4ad0bd06b0d368b89162de2961,https://github.com/bazelbuild/bazel/tree/4f9cd08c083344a6d6a2ff1dd80ef9a0fb76421f,https://github.com/bazelbuild/bazel/compare/98155e1a422a0b4ad0bd06b0d368b89162de2961...4f9cd08c083344a6d6a2ff1dd80ef9a0fb76421f
785,Bazel,98155e1a422a0b4ad0bd06b0d368b89162de2961,4f9cd08c083344a6d6a2ff1dd80ef9a0fb76421f,9072,https://github.com/bazelbuild/bazel/issues/9072,https://github.com/bazelbuild/bazel/tree/98155e1a422a0b4ad0bd06b0d368b89162de2961,https://github.com/bazelbuild/bazel/tree/4f9cd08c083344a6d6a2ff1dd80ef9a0fb76421f,https://github.com/bazelbuild/bazel/compare/98155e1a422a0b4ad0bd06b0d368b89162de2961...4f9cd08c083344a6d6a2ff1dd80ef9a0fb76421f
786,Bazel,bb0d36a740ba3e7fe63653aebd56ddd443328e05,38af41d2645e751808b185992709706c9d278443,8224,https://github.com/bazelbuild/bazel/issues/8224,https://github.com/bazelbuild/bazel/tree/bb0d36a740ba3e7fe63653aebd56ddd443328e05,https://github.com/bazelbuild/bazel/tree/38af41d2645e751808b185992709706c9d278443,https://github.com/bazelbuild/bazel/compare/bb0d36a740ba3e7fe63653aebd56ddd443328e05...38af41d2645e751808b185992709706c9d278443
787,Bazel,66fc20af7340020e0164c1bf8700f4dc3b43000c,c1fe6c55744faba63cd3d364485f040876851444,9438,https://github.com/bazelbuild/bazel/issues/9438,https://github.com/bazelbuild/bazel/tree/66fc20af7340020e0164c1bf8700f4dc3b43000c,https://github.com/bazelbuild/bazel/tree/c1fe6c55744faba63cd3d364485f040876851444,https://github.com/bazelbuild/bazel/compare/66fc20af7340020e0164c1bf8700f4dc3b43000c...c1fe6c55744faba63cd3d364485f040876851444
788,Bazel,e924bbe0b09cf1bfc2a73033bcd876470204dc4d,e70f12162d18159c4ef2506e7d9d24fb6642f2c6,8772,https://github.com/bazelbuild/bazel/issues/8772,https://github.com/bazelbuild/bazel/tree/e924bbe0b09cf1bfc2a73033bcd876470204dc4d,https://github.com/bazelbuild/bazel/tree/e70f12162d18159c4ef2506e7d9d24fb6642f2c6,https://github.com/bazelbuild/bazel/compare/e924bbe0b09cf1bfc2a73033bcd876470204dc4d...e70f12162d18159c4ef2506e7d9d24fb6642f2c6
789,Bazel,982a7355ca8bbe462abce8069c553ec026a651d3,e924bbe0b09cf1bfc2a73033bcd876470204dc4d,9438,https://github.com/bazelbuild/bazel/issues/9438,https://github.com/bazelbuild/bazel/tree/982a7355ca8bbe462abce8069c553ec026a651d3,https://github.com/bazelbuild/bazel/tree/e924bbe0b09cf1bfc2a73033bcd876470204dc4d,https://github.com/bazelbuild/bazel/compare/982a7355ca8bbe462abce8069c553ec026a651d3...e924bbe0b09cf1bfc2a73033bcd876470204dc4d
790,Bazel,7ae5adbb16de07d7d57be24df396339e49afa852,94f3c9d923bdd21819f516d39f2e995b2e809253,6879,https://github.com/bazelbuild/bazel/issues/6879,https://github.com/bazelbuild/bazel/tree/7ae5adbb16de07d7d57be24df396339e49afa852,https://github.com/bazelbuild/bazel/tree/94f3c9d923bdd21819f516d39f2e995b2e809253,https://github.com/bazelbuild/bazel/compare/7ae5adbb16de07d7d57be24df396339e49afa852...94f3c9d923bdd21819f516d39f2e995b2e809253
791,Bazel,752ffcc8ac45656c801f82119794594ddab01427,36c8af5b05377126514e368ccf011a089a457e47,26,https://github.com/bazelbuild/bazel/issues/26,https://github.com/bazelbuild/bazel/tree/752ffcc8ac45656c801f82119794594ddab01427,https://github.com/bazelbuild/bazel/tree/36c8af5b05377126514e368ccf011a089a457e47,https://github.com/bazelbuild/bazel/compare/752ffcc8ac45656c801f82119794594ddab01427...36c8af5b05377126514e368ccf011a089a457e47
792,Bazel,eb3978b4c8a2b5dcb584acc6934d2b2e26358886,7abdcb482367a8cc7d4aa1585c49be512a22b670,7433,https://github.com/bazelbuild/bazel/issues/7433,https://github.com/bazelbuild/bazel/tree/eb3978b4c8a2b5dcb584acc6934d2b2e26358886,https://github.com/bazelbuild/bazel/tree/7abdcb482367a8cc7d4aa1585c49be512a22b670,https://github.com/bazelbuild/bazel/compare/eb3978b4c8a2b5dcb584acc6934d2b2e26358886...7abdcb482367a8cc7d4aa1585c49be512a22b670
793,Bazel,1cbf35e9a4ffbd4585e021d36ee408aa8ad0e6ee,5be24a81ff374ab7690ef08a933501f6eaf05efe,10297,https://github.com/bazelbuild/bazel/issues/10297,https://github.com/bazelbuild/bazel/tree/1cbf35e9a4ffbd4585e021d36ee408aa8ad0e6ee,https://github.com/bazelbuild/bazel/tree/5be24a81ff374ab7690ef08a933501f6eaf05efe,https://github.com/bazelbuild/bazel/compare/1cbf35e9a4ffbd4585e021d36ee408aa8ad0e6ee...5be24a81ff374ab7690ef08a933501f6eaf05efe
794,Bazel,847df729528f6e5919ec8374247eadf792cba544,21c313cdd1d1480363ed6c56e1b3300f4a0926a7,8970,https://github.com/bazelbuild/bazel/issues/8970,https://github.com/bazelbuild/bazel/tree/847df729528f6e5919ec8374247eadf792cba544,https://github.com/bazelbuild/bazel/tree/21c313cdd1d1480363ed6c56e1b3300f4a0926a7,https://github.com/bazelbuild/bazel/compare/847df729528f6e5919ec8374247eadf792cba544...21c313cdd1d1480363ed6c56e1b3300f4a0926a7
795,Bazel,45dfdcf23f5831c9580a983f55e546c4a1c85a3f,112caeba779088e56370f05bdd477808c9938cc9,10154,https://github.com/bazelbuild/bazel/issues/10154,https://github.com/bazelbuild/bazel/tree/45dfdcf23f5831c9580a983f55e546c4a1c85a3f,https://github.com/bazelbuild/bazel/tree/112caeba779088e56370f05bdd477808c9938cc9,https://github.com/bazelbuild/bazel/compare/45dfdcf23f5831c9580a983f55e546c4a1c85a3f...112caeba779088e56370f05bdd477808c9938cc9
796,Bazel,69e0894fe44f43f60d8be55207be55e267dd4b9b,f31ee4d7904c0d5d0b42a53b85f4053f205a3657,9392,https://github.com/bazelbuild/bazel/issues/9392,https://github.com/bazelbuild/bazel/tree/69e0894fe44f43f60d8be55207be55e267dd4b9b,https://github.com/bazelbuild/bazel/tree/f31ee4d7904c0d5d0b42a53b85f4053f205a3657,https://github.com/bazelbuild/bazel/compare/69e0894fe44f43f60d8be55207be55e267dd4b9b...f31ee4d7904c0d5d0b42a53b85f4053f205a3657
797,Bazel,3a011e649b050dfff3df7f46aefd38e2cc813d55,52eb53bda4a8f64f96a763439756ff9d45f58b9b,10282,https://github.com/bazelbuild/bazel/issues/10282,https://github.com/bazelbuild/bazel/tree/3a011e649b050dfff3df7f46aefd38e2cc813d55,https://github.com/bazelbuild/bazel/tree/52eb53bda4a8f64f96a763439756ff9d45f58b9b,https://github.com/bazelbuild/bazel/compare/3a011e649b050dfff3df7f46aefd38e2cc813d55...52eb53bda4a8f64f96a763439756ff9d45f58b9b
798,Bazel,f5f9ff9845942a78ba9dbe581dc2aaa3f1bd14e2,0552bd7cc18f4d302a5e28720497d9f01402d8b2,9413,https://github.com/bazelbuild/bazel/issues/9413,https://github.com/bazelbuild/bazel/tree/f5f9ff9845942a78ba9dbe581dc2aaa3f1bd14e2,https://github.com/bazelbuild/bazel/tree/0552bd7cc18f4d302a5e28720497d9f01402d8b2,https://github.com/bazelbuild/bazel/compare/f5f9ff9845942a78ba9dbe581dc2aaa3f1bd14e2...0552bd7cc18f4d302a5e28720497d9f01402d8b2
799,Bazel,d7d297c16a48471f2a546167b9067b3de2203bc3,22e5231c150c38689ca750f732f5df88d5a7e5c2,10197,https://github.com/bazelbuild/bazel/issues/10197,https://github.com/bazelbuild/bazel/tree/d7d297c16a48471f2a546167b9067b3de2203bc3,https://github.com/bazelbuild/bazel/tree/22e5231c150c38689ca750f732f5df88d5a7e5c2,https://github.com/bazelbuild/bazel/compare/d7d297c16a48471f2a546167b9067b3de2203bc3...22e5231c150c38689ca750f732f5df88d5a7e5c2
800,Bazel,7a05289d916c802bd515dcfb25eef99624bc791a,84eae2ff550c433a3d0409cf2b5525059939439d,10356,https://github.com/bazelbuild/bazel/issues/10356,https://github.com/bazelbuild/bazel/tree/7a05289d916c802bd515dcfb25eef99624bc791a,https://github.com/bazelbuild/bazel/tree/84eae2ff550c433a3d0409cf2b5525059939439d,https://github.com/bazelbuild/bazel/compare/7a05289d916c802bd515dcfb25eef99624bc791a...84eae2ff550c433a3d0409cf2b5525059939439d
801,Bazel,a864bc29b640bc5e27b84ad01177715b4e6933f8,2ad456a919f6f4295753bce679800f4d52e1de35,10439,https://github.com/bazelbuild/bazel/issues/10439,https://github.com/bazelbuild/bazel/tree/a864bc29b640bc5e27b84ad01177715b4e6933f8,https://github.com/bazelbuild/bazel/tree/2ad456a919f6f4295753bce679800f4d52e1de35,https://github.com/bazelbuild/bazel/compare/a864bc29b640bc5e27b84ad01177715b4e6933f8...2ad456a919f6f4295753bce679800f4d52e1de35
802,Bazel,09251727a7354be373d8e8cefe782c92f5db869c,f44f5c8906a8b72c3fc2525bef9e5a0e2456d446,10425,https://github.com/bazelbuild/bazel/issues/10425,https://github.com/bazelbuild/bazel/tree/09251727a7354be373d8e8cefe782c92f5db869c,https://github.com/bazelbuild/bazel/tree/f44f5c8906a8b72c3fc2525bef9e5a0e2456d446,https://github.com/bazelbuild/bazel/compare/09251727a7354be373d8e8cefe782c92f5db869c...f44f5c8906a8b72c3fc2525bef9e5a0e2456d446
803,Bazel,817fa5ec2cc6a8d56282f7536e53235707da18a8,50ebca165d1d3d2a919d2e7af155e299283c0be5,10573,https://github.com/bazelbuild/bazel/issues/10573,https://github.com/bazelbuild/bazel/tree/817fa5ec2cc6a8d56282f7536e53235707da18a8,https://github.com/bazelbuild/bazel/tree/50ebca165d1d3d2a919d2e7af155e299283c0be5,https://github.com/bazelbuild/bazel/compare/817fa5ec2cc6a8d56282f7536e53235707da18a8...50ebca165d1d3d2a919d2e7af155e299283c0be5
804,Bazel,7e4c9d5d21f051f096d65af637f53470cc94d116,1821bd5e7af0649f5e29861ad97a3c89c34fa511,10588,https://github.com/bazelbuild/bazel/issues/10588,https://github.com/bazelbuild/bazel/tree/7e4c9d5d21f051f096d65af637f53470cc94d116,https://github.com/bazelbuild/bazel/tree/1821bd5e7af0649f5e29861ad97a3c89c34fa511,https://github.com/bazelbuild/bazel/compare/7e4c9d5d21f051f096d65af637f53470cc94d116...1821bd5e7af0649f5e29861ad97a3c89c34fa511
805,Bazel,16c4ce47f26be7b8392ba9bc94bc209613eba6c3,cb93bfd47243b73e9081284087f810678cd865ea,6815,https://github.com/bazelbuild/bazel/issues/6815,https://github.com/bazelbuild/bazel/tree/16c4ce47f26be7b8392ba9bc94bc209613eba6c3,https://github.com/bazelbuild/bazel/tree/cb93bfd47243b73e9081284087f810678cd865ea,https://github.com/bazelbuild/bazel/compare/16c4ce47f26be7b8392ba9bc94bc209613eba6c3...cb93bfd47243b73e9081284087f810678cd865ea
806,Bazel,dfe295c4b429b93582af64c699b8a4e40c995b9a,d7d441b79994a67a65c97112353b4e2c6d5b548f,9413,https://github.com/bazelbuild/bazel/issues/9413,https://github.com/bazelbuild/bazel/tree/dfe295c4b429b93582af64c699b8a4e40c995b9a,https://github.com/bazelbuild/bazel/tree/d7d441b79994a67a65c97112353b4e2c6d5b548f,https://github.com/bazelbuild/bazel/compare/dfe295c4b429b93582af64c699b8a4e40c995b9a...d7d441b79994a67a65c97112353b4e2c6d5b548f
807,Bazel,4162cc54ba0b128b616c0bd05b65bf9ad5e66f2e,a3a221597bb4dc9a377ffc65378b2b6b42a66c48,10538,https://github.com/bazelbuild/bazel/issues/10538,https://github.com/bazelbuild/bazel/tree/4162cc54ba0b128b616c0bd05b65bf9ad5e66f2e,https://github.com/bazelbuild/bazel/tree/a3a221597bb4dc9a377ffc65378b2b6b42a66c48,https://github.com/bazelbuild/bazel/compare/4162cc54ba0b128b616c0bd05b65bf9ad5e66f2e...a3a221597bb4dc9a377ffc65378b2b6b42a66c48
808,Bazel,33795c83c6abecfda2a9c0b3139475af69633398,c33038eeeff8f565edff88506881e00284b0e2b6,10582,https://github.com/bazelbuild/bazel/issues/10582,https://github.com/bazelbuild/bazel/tree/33795c83c6abecfda2a9c0b3139475af69633398,https://github.com/bazelbuild/bazel/tree/c33038eeeff8f565edff88506881e00284b0e2b6,https://github.com/bazelbuild/bazel/compare/33795c83c6abecfda2a9c0b3139475af69633398...c33038eeeff8f565edff88506881e00284b0e2b6
809,Bazel,a948eb7255b8418f0bba1c819a58972066577d6f,1fe5cb0a534ebaa7900f6cf297d5d24b27e6acf9,9406,https://github.com/bazelbuild/bazel/issues/9406,https://github.com/bazelbuild/bazel/tree/a948eb7255b8418f0bba1c819a58972066577d6f,https://github.com/bazelbuild/bazel/tree/1fe5cb0a534ebaa7900f6cf297d5d24b27e6acf9,https://github.com/bazelbuild/bazel/compare/a948eb7255b8418f0bba1c819a58972066577d6f...1fe5cb0a534ebaa7900f6cf297d5d24b27e6acf9
810,Bazel,1628326c6982102931c77ff59d45b5911368c60f,ecd2a5766233c088b70b69f3ce1b7a78834ceef9,9413,https://github.com/bazelbuild/bazel/issues/9413,https://github.com/bazelbuild/bazel/tree/1628326c6982102931c77ff59d45b5911368c60f,https://github.com/bazelbuild/bazel/tree/ecd2a5766233c088b70b69f3ce1b7a78834ceef9,https://github.com/bazelbuild/bazel/compare/1628326c6982102931c77ff59d45b5911368c60f...ecd2a5766233c088b70b69f3ce1b7a78834ceef9
811,Bazel,c02033e28d57be6b3a6c3ad5acbdf5f120bbec73,1db2faa17150d19da4dd411a5f9504925014eaed,9148,https://github.com/bazelbuild/bazel/issues/9148,https://github.com/bazelbuild/bazel/tree/c02033e28d57be6b3a6c3ad5acbdf5f120bbec73,https://github.com/bazelbuild/bazel/tree/1db2faa17150d19da4dd411a5f9504925014eaed,https://github.com/bazelbuild/bazel/compare/c02033e28d57be6b3a6c3ad5acbdf5f120bbec73...1db2faa17150d19da4dd411a5f9504925014eaed
812,Bazel,29f370d8db4f8a6f053ee775b39ff70f1d8d974e,59d7864b3a39008e6b4d1447abcdc59cd9906e88,10459,https://github.com/bazelbuild/bazel/issues/10459,https://github.com/bazelbuild/bazel/tree/29f370d8db4f8a6f053ee775b39ff70f1d8d974e,https://github.com/bazelbuild/bazel/tree/59d7864b3a39008e6b4d1447abcdc59cd9906e88,https://github.com/bazelbuild/bazel/compare/29f370d8db4f8a6f053ee775b39ff70f1d8d974e...59d7864b3a39008e6b4d1447abcdc59cd9906e88
813,Bazel,c1ef58f3db7e768ee6bb85843fa10d5b56bc57b5,281dc9dcd633eb282fbbec11449446fd64d3206d,10392,https://github.com/bazelbuild/bazel/issues/10392,https://github.com/bazelbuild/bazel/tree/c1ef58f3db7e768ee6bb85843fa10d5b56bc57b5,https://github.com/bazelbuild/bazel/tree/281dc9dcd633eb282fbbec11449446fd64d3206d,https://github.com/bazelbuild/bazel/compare/c1ef58f3db7e768ee6bb85843fa10d5b56bc57b5...281dc9dcd633eb282fbbec11449446fd64d3206d
814,Bazel,d28fc5a99c2ef7ef6c442da6ba3e40fe7d4ad323,cc36a37afc8e1919bcf743dc012d04c8deef6a24,10176,https://github.com/bazelbuild/bazel/issues/10176,https://github.com/bazelbuild/bazel/tree/d28fc5a99c2ef7ef6c442da6ba3e40fe7d4ad323,https://github.com/bazelbuild/bazel/tree/cc36a37afc8e1919bcf743dc012d04c8deef6a24,https://github.com/bazelbuild/bazel/compare/d28fc5a99c2ef7ef6c442da6ba3e40fe7d4ad323...cc36a37afc8e1919bcf743dc012d04c8deef6a24
815,Bazel,8ce7fd1222cf3f9f5fc487d774b96cbaf89b999a,da0963ad8468c188ec12b9d9a0bf60c006866443,10776,https://github.com/bazelbuild/bazel/issues/10776,https://github.com/bazelbuild/bazel/tree/8ce7fd1222cf3f9f5fc487d774b96cbaf89b999a,https://github.com/bazelbuild/bazel/tree/da0963ad8468c188ec12b9d9a0bf60c006866443,https://github.com/bazelbuild/bazel/compare/8ce7fd1222cf3f9f5fc487d774b96cbaf89b999a...da0963ad8468c188ec12b9d9a0bf60c006866443
816,Bazel,13da2889eb59b8755520594def313603a2821d62,c5ec3c0026dc2633c758e7ce9be970041d66a502,10990,https://github.com/bazelbuild/bazel/issues/10990,https://github.com/bazelbuild/bazel/tree/13da2889eb59b8755520594def313603a2821d62,https://github.com/bazelbuild/bazel/tree/c5ec3c0026dc2633c758e7ce9be970041d66a502,https://github.com/bazelbuild/bazel/compare/13da2889eb59b8755520594def313603a2821d62...c5ec3c0026dc2633c758e7ce9be970041d66a502
817,Bazel,073b226b5c0a8f06917a24b966af4d8edee26428,f6d205c7ac2ba2d59cdb45e3a2a2908b66ca871b,10897,https://github.com/bazelbuild/bazel/issues/10897,https://github.com/bazelbuild/bazel/tree/073b226b5c0a8f06917a24b966af4d8edee26428,https://github.com/bazelbuild/bazel/tree/f6d205c7ac2ba2d59cdb45e3a2a2908b66ca871b,https://github.com/bazelbuild/bazel/compare/073b226b5c0a8f06917a24b966af4d8edee26428...f6d205c7ac2ba2d59cdb45e3a2a2908b66ca871b
818,Bazel,41a3cb021e0c7e2058f5104cbd80ae8766790a2b,2f14b57110cbbc210538ad6315486056cd493bee,11040,https://github.com/bazelbuild/bazel/issues/11040,https://github.com/bazelbuild/bazel/tree/41a3cb021e0c7e2058f5104cbd80ae8766790a2b,https://github.com/bazelbuild/bazel/tree/2f14b57110cbbc210538ad6315486056cd493bee,https://github.com/bazelbuild/bazel/compare/41a3cb021e0c7e2058f5104cbd80ae8766790a2b...2f14b57110cbbc210538ad6315486056cd493bee
819,Bazel,49b8cebadabdda55dce0e1c36263dabc56ba2e8e,344d64f881e3ca20702d84b47ee609f7e87f325b,11114,https://github.com/bazelbuild/bazel/issues/11114,https://github.com/bazelbuild/bazel/tree/49b8cebadabdda55dce0e1c36263dabc56ba2e8e,https://github.com/bazelbuild/bazel/tree/344d64f881e3ca20702d84b47ee609f7e87f325b,https://github.com/bazelbuild/bazel/compare/49b8cebadabdda55dce0e1c36263dabc56ba2e8e...344d64f881e3ca20702d84b47ee609f7e87f325b
820,Bazel,26011d051c47957037e57866f15bda03908503b6,c90109532d50665c190d10aef72db8ebc6cd8e33,10580,https://github.com/bazelbuild/bazel/issues/10580,https://github.com/bazelbuild/bazel/tree/26011d051c47957037e57866f15bda03908503b6,https://github.com/bazelbuild/bazel/tree/c90109532d50665c190d10aef72db8ebc6cd8e33,https://github.com/bazelbuild/bazel/compare/26011d051c47957037e57866f15bda03908503b6...c90109532d50665c190d10aef72db8ebc6cd8e33
821,Bazel,9798183de0c4064161924d3235df29bd9e8ce430,4b01eb5ecefdcc4fabfad1fa4599410f29cb2a55,10573,https://github.com/bazelbuild/bazel/issues/10573,https://github.com/bazelbuild/bazel/tree/9798183de0c4064161924d3235df29bd9e8ce430,https://github.com/bazelbuild/bazel/tree/4b01eb5ecefdcc4fabfad1fa4599410f29cb2a55,https://github.com/bazelbuild/bazel/compare/9798183de0c4064161924d3235df29bd9e8ce430...4b01eb5ecefdcc4fabfad1fa4599410f29cb2a55
822,Bazel,2a99526f5f94bc0d23ea5cc86fec028393c64a0f,eebffb6f114531c68c6ee7087b70f3afef4ca0c3,11179,https://github.com/bazelbuild/bazel/issues/11179,https://github.com/bazelbuild/bazel/tree/2a99526f5f94bc0d23ea5cc86fec028393c64a0f,https://github.com/bazelbuild/bazel/tree/eebffb6f114531c68c6ee7087b70f3afef4ca0c3,https://github.com/bazelbuild/bazel/compare/2a99526f5f94bc0d23ea5cc86fec028393c64a0f...eebffb6f114531c68c6ee7087b70f3afef4ca0c3
823,Bazel,1329798b8a60c2f36d9f441496bf38e3e4a0f692,439edfaa717193d0dd90153620fe2f1bba4726b7,7435,https://github.com/bazelbuild/bazel/issues/7435,https://github.com/bazelbuild/bazel/tree/1329798b8a60c2f36d9f441496bf38e3e4a0f692,https://github.com/bazelbuild/bazel/tree/439edfaa717193d0dd90153620fe2f1bba4726b7,https://github.com/bazelbuild/bazel/compare/1329798b8a60c2f36d9f441496bf38e3e4a0f692...439edfaa717193d0dd90153620fe2f1bba4726b7
824,Bazel,241904e3a26b7dfb39fe97085c1281e9f91c2359,fd5d29aa4ef907a15ec6db0e359e86df1acf64fc,11186,https://github.com/bazelbuild/bazel/issues/11186,https://github.com/bazelbuild/bazel/tree/241904e3a26b7dfb39fe97085c1281e9f91c2359,https://github.com/bazelbuild/bazel/tree/fd5d29aa4ef907a15ec6db0e359e86df1acf64fc,https://github.com/bazelbuild/bazel/compare/241904e3a26b7dfb39fe97085c1281e9f91c2359...fd5d29aa4ef907a15ec6db0e359e86df1acf64fc
825,Bazel,70c6f0a1f3e85e5ccd73cc3f6449309e1f6ed0f5,00ea8fa9f619dac69ad8e6546908839c8f5c03fa,9181,https://github.com/bazelbuild/bazel/issues/9181,https://github.com/bazelbuild/bazel/tree/70c6f0a1f3e85e5ccd73cc3f6449309e1f6ed0f5,https://github.com/bazelbuild/bazel/tree/00ea8fa9f619dac69ad8e6546908839c8f5c03fa,https://github.com/bazelbuild/bazel/compare/70c6f0a1f3e85e5ccd73cc3f6449309e1f6ed0f5...00ea8fa9f619dac69ad8e6546908839c8f5c03fa
826,Bazel,13effb9bd881b89822a7d8f6e9b26aa4e13e2b90,33d0a1c1f648d77fa024e98336772059ad541832,9412,https://github.com/bazelbuild/bazel/issues/9412,https://github.com/bazelbuild/bazel/tree/13effb9bd881b89822a7d8f6e9b26aa4e13e2b90,https://github.com/bazelbuild/bazel/tree/33d0a1c1f648d77fa024e98336772059ad541832,https://github.com/bazelbuild/bazel/compare/13effb9bd881b89822a7d8f6e9b26aa4e13e2b90...33d0a1c1f648d77fa024e98336772059ad541832
827,Bazel,154b28a66adde011031296a9464052165c68b0fc,0f8cecf40c450e6a1cf9371a6681ce85caf9bf41,6870,https://github.com/bazelbuild/bazel/issues/6870,https://github.com/bazelbuild/bazel/tree/154b28a66adde011031296a9464052165c68b0fc,https://github.com/bazelbuild/bazel/tree/0f8cecf40c450e6a1cf9371a6681ce85caf9bf41,https://github.com/bazelbuild/bazel/compare/154b28a66adde011031296a9464052165c68b0fc...0f8cecf40c450e6a1cf9371a6681ce85caf9bf41
828,Bazel,5ac9086f89325f91de47e8b096f9aaa7a7533fda,b77b288a79d3960996348ee7e542d3f75d64f3d8,10776,https://github.com/bazelbuild/bazel/issues/10776,https://github.com/bazelbuild/bazel/tree/5ac9086f89325f91de47e8b096f9aaa7a7533fda,https://github.com/bazelbuild/bazel/tree/b77b288a79d3960996348ee7e542d3f75d64f3d8,https://github.com/bazelbuild/bazel/compare/5ac9086f89325f91de47e8b096f9aaa7a7533fda...b77b288a79d3960996348ee7e542d3f75d64f3d8
829,Bazel,3b5bb47d2743c3521c6e79f972a9ea638935c332,bf0b7585ac0e995e0d423774ffcfa41207fd34e2,10294,https://github.com/bazelbuild/bazel/issues/10294,https://github.com/bazelbuild/bazel/tree/3b5bb47d2743c3521c6e79f972a9ea638935c332,https://github.com/bazelbuild/bazel/tree/bf0b7585ac0e995e0d423774ffcfa41207fd34e2,https://github.com/bazelbuild/bazel/compare/3b5bb47d2743c3521c6e79f972a9ea638935c332...bf0b7585ac0e995e0d423774ffcfa41207fd34e2
830,Bazel,fbc43bbe48ca37f4ec0db2b80f5400e71f9640b0,2ec58f60ae1732f4c1d09330c4583050ac8d1f46,11301,https://github.com/bazelbuild/bazel/issues/11301,https://github.com/bazelbuild/bazel/tree/fbc43bbe48ca37f4ec0db2b80f5400e71f9640b0,https://github.com/bazelbuild/bazel/tree/2ec58f60ae1732f4c1d09330c4583050ac8d1f46,https://github.com/bazelbuild/bazel/compare/fbc43bbe48ca37f4ec0db2b80f5400e71f9640b0...2ec58f60ae1732f4c1d09330c4583050ac8d1f46
831,Bazel,8748c267af33f3f200ea572de673ac21da532b25,c5690fefe2d0796b8793ebd16db79fca34b6171c,10776,https://github.com/bazelbuild/bazel/issues/10776,https://github.com/bazelbuild/bazel/tree/8748c267af33f3f200ea572de673ac21da532b25,https://github.com/bazelbuild/bazel/tree/c5690fefe2d0796b8793ebd16db79fca34b6171c,https://github.com/bazelbuild/bazel/compare/8748c267af33f3f200ea572de673ac21da532b25...c5690fefe2d0796b8793ebd16db79fca34b6171c
832,Bazel,5f083b8f5a073a3427d575aa54eac5b779226708,9ec7232bb753e6e65743c448973cd971c919ce04,10776,https://github.com/bazelbuild/bazel/issues/10776,https://github.com/bazelbuild/bazel/tree/5f083b8f5a073a3427d575aa54eac5b779226708,https://github.com/bazelbuild/bazel/tree/9ec7232bb753e6e65743c448973cd971c919ce04,https://github.com/bazelbuild/bazel/compare/5f083b8f5a073a3427d575aa54eac5b779226708...9ec7232bb753e6e65743c448973cd971c919ce04
833,Bazel,e5759a7c24b855fdb95082dffab27a6e246913de,a72567af679408ae6789d147e63e0e208d7d65a5,8525,https://github.com/bazelbuild/bazel/issues/8525,https://github.com/bazelbuild/bazel/tree/e5759a7c24b855fdb95082dffab27a6e246913de,https://github.com/bazelbuild/bazel/tree/a72567af679408ae6789d147e63e0e208d7d65a5,https://github.com/bazelbuild/bazel/compare/e5759a7c24b855fdb95082dffab27a6e246913de...a72567af679408ae6789d147e63e0e208d7d65a5
834,Bazel,1ccbdb776d67bbeb5add48f5b4e9013e14d33c2b,cb798a475eb54087e1e83f8aa1dc1c54550877b5,11581,https://github.com/bazelbuild/bazel/issues/11581,https://github.com/bazelbuild/bazel/tree/1ccbdb776d67bbeb5add48f5b4e9013e14d33c2b,https://github.com/bazelbuild/bazel/tree/cb798a475eb54087e1e83f8aa1dc1c54550877b5,https://github.com/bazelbuild/bazel/compare/1ccbdb776d67bbeb5add48f5b4e9013e14d33c2b...cb798a475eb54087e1e83f8aa1dc1c54550877b5
835,Bazel,5691bde635424cde4eabf3b1a06dc548d6ca83df,3b75bc7d7aee7bcdbb51a1522df8efb3121bb4e5,9406,https://github.com/bazelbuild/bazel/issues/9406,https://github.com/bazelbuild/bazel/tree/5691bde635424cde4eabf3b1a06dc548d6ca83df,https://github.com/bazelbuild/bazel/tree/3b75bc7d7aee7bcdbb51a1522df8efb3121bb4e5,https://github.com/bazelbuild/bazel/compare/5691bde635424cde4eabf3b1a06dc548d6ca83df...3b75bc7d7aee7bcdbb51a1522df8efb3121bb4e5
836,Bazel,121224e73780aa6d97988780c2bd1a2fa8a87e6b,d59f903d50e204a1a85fe5c60641525b68291334,8775,https://github.com/bazelbuild/bazel/issues/8775,https://github.com/bazelbuild/bazel/tree/121224e73780aa6d97988780c2bd1a2fa8a87e6b,https://github.com/bazelbuild/bazel/tree/d59f903d50e204a1a85fe5c60641525b68291334,https://github.com/bazelbuild/bazel/compare/121224e73780aa6d97988780c2bd1a2fa8a87e6b...d59f903d50e204a1a85fe5c60641525b68291334
837,Bazel,21179b2a82154b870ad8c5a7ad22b4662067cb29,69d4acef9c4f6546955e549a7ffaab8dbcfbc9d2,11506,https://github.com/bazelbuild/bazel/issues/11506,https://github.com/bazelbuild/bazel/tree/21179b2a82154b870ad8c5a7ad22b4662067cb29,https://github.com/bazelbuild/bazel/tree/69d4acef9c4f6546955e549a7ffaab8dbcfbc9d2,https://github.com/bazelbuild/bazel/compare/21179b2a82154b870ad8c5a7ad22b4662067cb29...69d4acef9c4f6546955e549a7ffaab8dbcfbc9d2
838,Bazel,38c85a4770ff678cbeb5638b76fad0800ebefb52,ea6e9ee2ccecf12fd81a315ce5a379b0a2675ec8,11640,https://github.com/bazelbuild/bazel/issues/11640,https://github.com/bazelbuild/bazel/tree/38c85a4770ff678cbeb5638b76fad0800ebefb52,https://github.com/bazelbuild/bazel/tree/ea6e9ee2ccecf12fd81a315ce5a379b0a2675ec8,https://github.com/bazelbuild/bazel/compare/38c85a4770ff678cbeb5638b76fad0800ebefb52...ea6e9ee2ccecf12fd81a315ce5a379b0a2675ec8
839,Bazel,336835c7ca3104f9d7ef2660b29f622c22369a2f,243c94502dd2f5527ec05481535300f206d74828,11519,https://github.com/bazelbuild/bazel/issues/11519,https://github.com/bazelbuild/bazel/tree/336835c7ca3104f9d7ef2660b29f622c22369a2f,https://github.com/bazelbuild/bazel/tree/243c94502dd2f5527ec05481535300f206d74828,https://github.com/bazelbuild/bazel/compare/336835c7ca3104f9d7ef2660b29f622c22369a2f...243c94502dd2f5527ec05481535300f206d74828
840,Bazel,cb2ddb3543d0a532b8e7306ec9d5267cdb92412b,38c85a4770ff678cbeb5638b76fad0800ebefb52,11643,https://github.com/bazelbuild/bazel/issues/11643,https://github.com/bazelbuild/bazel/tree/cb2ddb3543d0a532b8e7306ec9d5267cdb92412b,https://github.com/bazelbuild/bazel/tree/38c85a4770ff678cbeb5638b76fad0800ebefb52,https://github.com/bazelbuild/bazel/compare/cb2ddb3543d0a532b8e7306ec9d5267cdb92412b...38c85a4770ff678cbeb5638b76fad0800ebefb52
841,Bazel,db3082db1e2a0f23ced54e0686e81586b8b55723,d8c8a2bcf295ace398030dbadf047b197ec9cfb6,11741,https://github.com/bazelbuild/bazel/issues/11741,https://github.com/bazelbuild/bazel/tree/db3082db1e2a0f23ced54e0686e81586b8b55723,https://github.com/bazelbuild/bazel/tree/d8c8a2bcf295ace398030dbadf047b197ec9cfb6,https://github.com/bazelbuild/bazel/compare/db3082db1e2a0f23ced54e0686e81586b8b55723...d8c8a2bcf295ace398030dbadf047b197ec9cfb6
842,Bazel,1e00502c27140739f800bc7ed43f19f0c19ae529,8c937f3141cfda75343c34a7f9716f4ecd1657e8,9033,https://github.com/bazelbuild/bazel/issues/9033,https://github.com/bazelbuild/bazel/tree/1e00502c27140739f800bc7ed43f19f0c19ae529,https://github.com/bazelbuild/bazel/tree/8c937f3141cfda75343c34a7f9716f4ecd1657e8,https://github.com/bazelbuild/bazel/compare/1e00502c27140739f800bc7ed43f19f0c19ae529...8c937f3141cfda75343c34a7f9716f4ecd1657e8
843,Bazel,e79a3ea2aeae94b0a754e6c3dc28a9aca180902a,2504ff37de310a66e6c012539036c6dfdda78b3d,11796,https://github.com/bazelbuild/bazel/issues/11796,https://github.com/bazelbuild/bazel/tree/e79a3ea2aeae94b0a754e6c3dc28a9aca180902a,https://github.com/bazelbuild/bazel/tree/2504ff37de310a66e6c012539036c6dfdda78b3d,https://github.com/bazelbuild/bazel/compare/e79a3ea2aeae94b0a754e6c3dc28a9aca180902a...2504ff37de310a66e6c012539036c6dfdda78b3d
844,Bazel,c3ea5a1253c6cfad46fffa25d9842bce1fdc69c2,8953b6632abd7ec4380aca42f168f41e4d437c52,262,https://github.com/bazelbuild/bazel/issues/262,https://github.com/bazelbuild/bazel/tree/c3ea5a1253c6cfad46fffa25d9842bce1fdc69c2,https://github.com/bazelbuild/bazel/tree/8953b6632abd7ec4380aca42f168f41e4d437c52,https://github.com/bazelbuild/bazel/compare/c3ea5a1253c6cfad46fffa25d9842bce1fdc69c2...8953b6632abd7ec4380aca42f168f41e4d437c52
845,Bazel,e0d30f7a4ae70dedcbeb2f44d48b1276623b1baa,b23e8018da6ebabbe00ad415f3bc879dbeb6e6c4,11498,https://github.com/bazelbuild/bazel/issues/11498,https://github.com/bazelbuild/bazel/tree/e0d30f7a4ae70dedcbeb2f44d48b1276623b1baa,https://github.com/bazelbuild/bazel/tree/b23e8018da6ebabbe00ad415f3bc879dbeb6e6c4,https://github.com/bazelbuild/bazel/compare/e0d30f7a4ae70dedcbeb2f44d48b1276623b1baa...b23e8018da6ebabbe00ad415f3bc879dbeb6e6c4
846,Bazel,c1a4f91f6ab37e45b3a61d8bf289a43d47fd7ac7,a90c4084315a490c4fecc864d0b3435cc7b2bd64,11167,https://github.com/bazelbuild/bazel/issues/11167,https://github.com/bazelbuild/bazel/tree/c1a4f91f6ab37e45b3a61d8bf289a43d47fd7ac7,https://github.com/bazelbuild/bazel/tree/a90c4084315a490c4fecc864d0b3435cc7b2bd64,https://github.com/bazelbuild/bazel/compare/c1a4f91f6ab37e45b3a61d8bf289a43d47fd7ac7...a90c4084315a490c4fecc864d0b3435cc7b2bd64
847,Bazel,53e22d924c324a3e3944e2d1fca5d3eb285ab9b5,003f7664c91f4fec81e7607c0b59651915836d3a,11764,https://github.com/bazelbuild/bazel/issues/11764,https://github.com/bazelbuild/bazel/tree/53e22d924c324a3e3944e2d1fca5d3eb285ab9b5,https://github.com/bazelbuild/bazel/tree/003f7664c91f4fec81e7607c0b59651915836d3a,https://github.com/bazelbuild/bazel/compare/53e22d924c324a3e3944e2d1fca5d3eb285ab9b5...003f7664c91f4fec81e7607c0b59651915836d3a
848,Bazel,052a2b9f480c17ce45930cc102f06a6060447b51,a74b13b9ad2791bc437e6393a666a532dd3c6157,11732,https://github.com/bazelbuild/bazel/issues/11732,https://github.com/bazelbuild/bazel/tree/052a2b9f480c17ce45930cc102f06a6060447b51,https://github.com/bazelbuild/bazel/tree/a74b13b9ad2791bc437e6393a666a532dd3c6157,https://github.com/bazelbuild/bazel/compare/052a2b9f480c17ce45930cc102f06a6060447b51...a74b13b9ad2791bc437e6393a666a532dd3c6157
849,Bazel,2a73a730da2a1be79ecdc1ee9bce9249111c8c1b,b5499b6dc73c63610e302f0110c07c72c0d6962e,11825,https://github.com/bazelbuild/bazel/issues/11825,https://github.com/bazelbuild/bazel/tree/2a73a730da2a1be79ecdc1ee9bce9249111c8c1b,https://github.com/bazelbuild/bazel/tree/b5499b6dc73c63610e302f0110c07c72c0d6962e,https://github.com/bazelbuild/bazel/compare/2a73a730da2a1be79ecdc1ee9bce9249111c8c1b...b5499b6dc73c63610e302f0110c07c72c0d6962e
850,Bazel,70097352e9a528a520fab9c92f2f61a3f0a2f0c7,bc8d7c65ee0a1e54ce09ee9f7329d578ecc16d7c,11241,https://github.com/bazelbuild/bazel/issues/11241,https://github.com/bazelbuild/bazel/tree/70097352e9a528a520fab9c92f2f61a3f0a2f0c7,https://github.com/bazelbuild/bazel/tree/bc8d7c65ee0a1e54ce09ee9f7329d578ecc16d7c,https://github.com/bazelbuild/bazel/compare/70097352e9a528a520fab9c92f2f61a3f0a2f0c7...bc8d7c65ee0a1e54ce09ee9f7329d578ecc16d7c
851,Bazel,3d0e565d4e2eb80a684e02fd4d9539b14ae0c83c,a6fccbb5f28972475f57821ac67db7dd993b2174,11779,https://github.com/bazelbuild/bazel/issues/11779,https://github.com/bazelbuild/bazel/tree/3d0e565d4e2eb80a684e02fd4d9539b14ae0c83c,https://github.com/bazelbuild/bazel/tree/a6fccbb5f28972475f57821ac67db7dd993b2174,https://github.com/bazelbuild/bazel/compare/3d0e565d4e2eb80a684e02fd4d9539b14ae0c83c...a6fccbb5f28972475f57821ac67db7dd993b2174
852,Bazel,7a11752a8ae7689d2bd482e23d466cb44a3261a1,ca6d7ac686108d5cdda6040409877d356ae627df,11661,https://github.com/bazelbuild/bazel/issues/11661,https://github.com/bazelbuild/bazel/tree/7a11752a8ae7689d2bd482e23d466cb44a3261a1,https://github.com/bazelbuild/bazel/tree/ca6d7ac686108d5cdda6040409877d356ae627df,https://github.com/bazelbuild/bazel/compare/7a11752a8ae7689d2bd482e23d466cb44a3261a1...ca6d7ac686108d5cdda6040409877d356ae627df
853,Bazel,0badd69c51a70d585e2211941195d069092b366a,b69e1e5eecf02c097e78c5ca1b7b17267213c1cd,1176,https://github.com/bazelbuild/bazel/issues/1176,https://github.com/bazelbuild/bazel/tree/0badd69c51a70d585e2211941195d069092b366a,https://github.com/bazelbuild/bazel/tree/b69e1e5eecf02c097e78c5ca1b7b17267213c1cd,https://github.com/bazelbuild/bazel/compare/0badd69c51a70d585e2211941195d069092b366a...b69e1e5eecf02c097e78c5ca1b7b17267213c1cd
854,Bazel,6230d42537132fb7a8a882cefd1b36984681a3f0,a6935cd0857a2008f7957b663ba1c7364ee9c0dc,7184,https://github.com/bazelbuild/bazel/issues/7184,https://github.com/bazelbuild/bazel/tree/6230d42537132fb7a8a882cefd1b36984681a3f0,https://github.com/bazelbuild/bazel/tree/a6935cd0857a2008f7957b663ba1c7364ee9c0dc,https://github.com/bazelbuild/bazel/compare/6230d42537132fb7a8a882cefd1b36984681a3f0...a6935cd0857a2008f7957b663ba1c7364ee9c0dc
855,Bazel,9e635d51e780442c631af1027309be9337cd850e,6230d42537132fb7a8a882cefd1b36984681a3f0,10245,https://github.com/bazelbuild/bazel/issues/10245,https://github.com/bazelbuild/bazel/tree/9e635d51e780442c631af1027309be9337cd850e,https://github.com/bazelbuild/bazel/tree/6230d42537132fb7a8a882cefd1b36984681a3f0,https://github.com/bazelbuild/bazel/compare/9e635d51e780442c631af1027309be9337cd850e...6230d42537132fb7a8a882cefd1b36984681a3f0
856,Bazel,5150ce10d5c9a8a72317fc42530b2a7df0a8f0a8,25e58ffc529b9cf4e1d0dccbbad27f40f092f1ec,11913,https://github.com/bazelbuild/bazel/issues/11913,https://github.com/bazelbuild/bazel/tree/5150ce10d5c9a8a72317fc42530b2a7df0a8f0a8,https://github.com/bazelbuild/bazel/tree/25e58ffc529b9cf4e1d0dccbbad27f40f092f1ec,https://github.com/bazelbuild/bazel/compare/5150ce10d5c9a8a72317fc42530b2a7df0a8f0a8...25e58ffc529b9cf4e1d0dccbbad27f40f092f1ec
857,Bazel,39123f35d63808c10d9672248bd8b90610ec0b15,0cdd71fe9782c7817fc1e0294285699fb4db8040,11619,https://github.com/bazelbuild/bazel/issues/11619,https://github.com/bazelbuild/bazel/tree/39123f35d63808c10d9672248bd8b90610ec0b15,https://github.com/bazelbuild/bazel/tree/0cdd71fe9782c7817fc1e0294285699fb4db8040,https://github.com/bazelbuild/bazel/compare/39123f35d63808c10d9672248bd8b90610ec0b15...0cdd71fe9782c7817fc1e0294285699fb4db8040
858,Bazel,83034fa444981a25a9c05c6806d6553895a46e56,b3ac8f60973ba60d578ae6a653cdd993a2d206d7,12056,https://github.com/bazelbuild/bazel/issues/12056,https://github.com/bazelbuild/bazel/tree/83034fa444981a25a9c05c6806d6553895a46e56,https://github.com/bazelbuild/bazel/tree/b3ac8f60973ba60d578ae6a653cdd993a2d206d7,https://github.com/bazelbuild/bazel/compare/83034fa444981a25a9c05c6806d6553895a46e56...b3ac8f60973ba60d578ae6a653cdd993a2d206d7
859,Bazel,9d82ef93a8c415159952816b74b9be49abe69c8f,47f4cb6df0cb8c88da08ef7aba4c863497e5fd97,11425,https://github.com/bazelbuild/bazel/issues/11425,https://github.com/bazelbuild/bazel/tree/9d82ef93a8c415159952816b74b9be49abe69c8f,https://github.com/bazelbuild/bazel/tree/47f4cb6df0cb8c88da08ef7aba4c863497e5fd97,https://github.com/bazelbuild/bazel/compare/9d82ef93a8c415159952816b74b9be49abe69c8f...47f4cb6df0cb8c88da08ef7aba4c863497e5fd97
860,Bazel,4c0febc02fab5e9fda3f40532a62854fb1c45631,159c3fe59d3cb2be2ec882911ab27384c25c0618,6091,https://github.com/bazelbuild/bazel/issues/6091,https://github.com/bazelbuild/bazel/tree/4c0febc02fab5e9fda3f40532a62854fb1c45631,https://github.com/bazelbuild/bazel/tree/159c3fe59d3cb2be2ec882911ab27384c25c0618,https://github.com/bazelbuild/bazel/compare/4c0febc02fab5e9fda3f40532a62854fb1c45631...159c3fe59d3cb2be2ec882911ab27384c25c0618
861,Bazel,bdbd163447f8ee9f82a06c513a02e16ef876896c,75a65502595e46393b16da79a663e48d45508569,11699,https://github.com/bazelbuild/bazel/issues/11699,https://github.com/bazelbuild/bazel/tree/bdbd163447f8ee9f82a06c513a02e16ef876896c,https://github.com/bazelbuild/bazel/tree/75a65502595e46393b16da79a663e48d45508569,https://github.com/bazelbuild/bazel/compare/bdbd163447f8ee9f82a06c513a02e16ef876896c...75a65502595e46393b16da79a663e48d45508569
862,Bazel,91b8a1b2ee603ac4ede211a81d64f574340fce15,23c1543dfb7c07135cfc95c0300ca92bcf8c3c40,11962,https://github.com/bazelbuild/bazel/issues/11962,https://github.com/bazelbuild/bazel/tree/91b8a1b2ee603ac4ede211a81d64f574340fce15,https://github.com/bazelbuild/bazel/tree/23c1543dfb7c07135cfc95c0300ca92bcf8c3c40,https://github.com/bazelbuild/bazel/compare/91b8a1b2ee603ac4ede211a81d64f574340fce15...23c1543dfb7c07135cfc95c0300ca92bcf8c3c40
863,Bazel,43aaea914f85e53b393b9b5fe5f7c31d8b8e416b,2bfd69abda8d5884e554f3383b390671b59064ee,10481,https://github.com/bazelbuild/bazel/issues/10481,https://github.com/bazelbuild/bazel/tree/43aaea914f85e53b393b9b5fe5f7c31d8b8e416b,https://github.com/bazelbuild/bazel/tree/2bfd69abda8d5884e554f3383b390671b59064ee,https://github.com/bazelbuild/bazel/compare/43aaea914f85e53b393b9b5fe5f7c31d8b8e416b...2bfd69abda8d5884e554f3383b390671b59064ee
864,Bazel,67e4aaa46b574c9452c99f1719fbfdec59c6f0e7,a463d9095386b22c121d20957222dbb44caef7d4,4008,https://github.com/bazelbuild/bazel/issues/4008,https://github.com/bazelbuild/bazel/tree/67e4aaa46b574c9452c99f1719fbfdec59c6f0e7,https://github.com/bazelbuild/bazel/tree/a463d9095386b22c121d20957222dbb44caef7d4,https://github.com/bazelbuild/bazel/compare/67e4aaa46b574c9452c99f1719fbfdec59c6f0e7...a463d9095386b22c121d20957222dbb44caef7d4
865,Bazel,d179f967be0da96fdcba0b168b439e15c231b035,67e4aaa46b574c9452c99f1719fbfdec59c6f0e7,12142,https://github.com/bazelbuild/bazel/issues/12142,https://github.com/bazelbuild/bazel/tree/d179f967be0da96fdcba0b168b439e15c231b035,https://github.com/bazelbuild/bazel/tree/67e4aaa46b574c9452c99f1719fbfdec59c6f0e7,https://github.com/bazelbuild/bazel/compare/d179f967be0da96fdcba0b168b439e15c231b035...67e4aaa46b574c9452c99f1719fbfdec59c6f0e7
866,Bazel,2c768ef92f42d9609835fea5d5939edec4d614b4,39512a43cabf8c9a5d1c630e32dfa33d2b3fa64d,11989,https://github.com/bazelbuild/bazel/issues/11989,https://github.com/bazelbuild/bazel/tree/2c768ef92f42d9609835fea5d5939edec4d614b4,https://github.com/bazelbuild/bazel/tree/39512a43cabf8c9a5d1c630e32dfa33d2b3fa64d,https://github.com/bazelbuild/bazel/compare/2c768ef92f42d9609835fea5d5939edec4d614b4...39512a43cabf8c9a5d1c630e32dfa33d2b3fa64d
867,Bazel,292f88bfd062a8393c0d6b8ee1c9744480d3353c,642a800cf4809928c8149daad9a8a606ea61e827,8731,https://github.com/bazelbuild/bazel/issues/8731,https://github.com/bazelbuild/bazel/tree/292f88bfd062a8393c0d6b8ee1c9744480d3353c,https://github.com/bazelbuild/bazel/tree/642a800cf4809928c8149daad9a8a606ea61e827,https://github.com/bazelbuild/bazel/compare/292f88bfd062a8393c0d6b8ee1c9744480d3353c...642a800cf4809928c8149daad9a8a606ea61e827
868,Bazel,dd299d16f009976bf21276a75e3115f7512fc8e8,40746c9c5f6cfec69f81d50064dda2208a6444ed,10690,https://github.com/bazelbuild/bazel/issues/10690,https://github.com/bazelbuild/bazel/tree/dd299d16f009976bf21276a75e3115f7512fc8e8,https://github.com/bazelbuild/bazel/tree/40746c9c5f6cfec69f81d50064dda2208a6444ed,https://github.com/bazelbuild/bazel/compare/dd299d16f009976bf21276a75e3115f7512fc8e8...40746c9c5f6cfec69f81d50064dda2208a6444ed
869,Bazel,961be8c2a8d11b3f41c30b703550bd4097645430,7f7ab02169fafc607cfa055baf903d6b23695f5b,11151,https://github.com/bazelbuild/bazel/issues/11151,https://github.com/bazelbuild/bazel/tree/961be8c2a8d11b3f41c30b703550bd4097645430,https://github.com/bazelbuild/bazel/tree/7f7ab02169fafc607cfa055baf903d6b23695f5b,https://github.com/bazelbuild/bazel/compare/961be8c2a8d11b3f41c30b703550bd4097645430...7f7ab02169fafc607cfa055baf903d6b23695f5b
870,Bazel,d4cd4e7ab18ebeae4152dafc113367289ffebb12,df70135b55928d5ff2043e508859f08538a5a1be,11151,https://github.com/bazelbuild/bazel/issues/11151,https://github.com/bazelbuild/bazel/tree/d4cd4e7ab18ebeae4152dafc113367289ffebb12,https://github.com/bazelbuild/bazel/tree/df70135b55928d5ff2043e508859f08538a5a1be,https://github.com/bazelbuild/bazel/compare/d4cd4e7ab18ebeae4152dafc113367289ffebb12...df70135b55928d5ff2043e508859f08538a5a1be
871,Bazel,58b6a0f3e73ed93804af8b182562d34af29476da,15ee837408f30ed3c9c66e3d03095b26ec8c98e6,11151,https://github.com/bazelbuild/bazel/issues/11151,https://github.com/bazelbuild/bazel/tree/58b6a0f3e73ed93804af8b182562d34af29476da,https://github.com/bazelbuild/bazel/tree/15ee837408f30ed3c9c66e3d03095b26ec8c98e6,https://github.com/bazelbuild/bazel/compare/58b6a0f3e73ed93804af8b182562d34af29476da...15ee837408f30ed3c9c66e3d03095b26ec8c98e6
872,Bazel,aab567cbde4f1817b598207d99a93393dad4a094,fdc189e465560914413f8259ec7a0588bc8160ca,4685,https://github.com/bazelbuild/bazel/issues/4685,https://github.com/bazelbuild/bazel/tree/aab567cbde4f1817b598207d99a93393dad4a094,https://github.com/bazelbuild/bazel/tree/fdc189e465560914413f8259ec7a0588bc8160ca,https://github.com/bazelbuild/bazel/compare/aab567cbde4f1817b598207d99a93393dad4a094...fdc189e465560914413f8259ec7a0588bc8160ca
873,Bazel,f6f8dfedad22ae8c4d4ec2b01d96ef610e972056,1eb645c93cfe011abd2ef98ca3466e8fe4e92993,10288,https://github.com/bazelbuild/bazel/issues/10288,https://github.com/bazelbuild/bazel/tree/f6f8dfedad22ae8c4d4ec2b01d96ef610e972056,https://github.com/bazelbuild/bazel/tree/1eb645c93cfe011abd2ef98ca3466e8fe4e92993,https://github.com/bazelbuild/bazel/compare/f6f8dfedad22ae8c4d4ec2b01d96ef610e972056...1eb645c93cfe011abd2ef98ca3466e8fe4e92993
874,Bazel,d72c3b229821552de85c642430f787db123568da,c5598cd3e52635485a98880eeb708698bfdaee6d,12306,https://github.com/bazelbuild/bazel/issues/12306,https://github.com/bazelbuild/bazel/tree/d72c3b229821552de85c642430f787db123568da,https://github.com/bazelbuild/bazel/tree/c5598cd3e52635485a98880eeb708698bfdaee6d,https://github.com/bazelbuild/bazel/compare/d72c3b229821552de85c642430f787db123568da...c5598cd3e52635485a98880eeb708698bfdaee6d
875,Bazel,8e69eff803ba06af0649e0a11bcb9b0b86c3fbab,40f2a12236fc55c27d1aad2f9cbb17da4c3453a7,11151,https://github.com/bazelbuild/bazel/issues/11151,https://github.com/bazelbuild/bazel/tree/8e69eff803ba06af0649e0a11bcb9b0b86c3fbab,https://github.com/bazelbuild/bazel/tree/40f2a12236fc55c27d1aad2f9cbb17da4c3453a7,https://github.com/bazelbuild/bazel/compare/8e69eff803ba06af0649e0a11bcb9b0b86c3fbab...40f2a12236fc55c27d1aad2f9cbb17da4c3453a7
876,Bazel,3d6d0c92fb933293d483caeb2ab7fb43791423ec,008f743a90503a74d097be13f0e6ac094683372f,11716,https://github.com/bazelbuild/bazel/issues/11716,https://github.com/bazelbuild/bazel/tree/3d6d0c92fb933293d483caeb2ab7fb43791423ec,https://github.com/bazelbuild/bazel/tree/008f743a90503a74d097be13f0e6ac094683372f,https://github.com/bazelbuild/bazel/compare/3d6d0c92fb933293d483caeb2ab7fb43791423ec...008f743a90503a74d097be13f0e6ac094683372f
877,Bazel,4381dbf4c40ce0c5ad769b3e67ce0ed6005a67f9,94eeea6486ebbc2672be9dc60b0c8f6464276984,11847,https://github.com/bazelbuild/bazel/issues/11847,https://github.com/bazelbuild/bazel/tree/4381dbf4c40ce0c5ad769b3e67ce0ed6005a67f9,https://github.com/bazelbuild/bazel/tree/94eeea6486ebbc2672be9dc60b0c8f6464276984,https://github.com/bazelbuild/bazel/compare/4381dbf4c40ce0c5ad769b3e67ce0ed6005a67f9...94eeea6486ebbc2672be9dc60b0c8f6464276984
878,Bazel,5ba363ec9b2d06a6864e1f3e77cd5146c2373efd,4381dbf4c40ce0c5ad769b3e67ce0ed6005a67f9,913,https://github.com/bazelbuild/bazel/issues/913,https://github.com/bazelbuild/bazel/tree/5ba363ec9b2d06a6864e1f3e77cd5146c2373efd,https://github.com/bazelbuild/bazel/tree/4381dbf4c40ce0c5ad769b3e67ce0ed6005a67f9,https://github.com/bazelbuild/bazel/compare/5ba363ec9b2d06a6864e1f3e77cd5146c2373efd...4381dbf4c40ce0c5ad769b3e67ce0ed6005a67f9
879,Bazel,829b085dfb0812d81b445e70f23b6ec2da52991f,775a979bde21a71ddf04f67b865e8c43a29f702a,12374,https://github.com/bazelbuild/bazel/issues/12374,https://github.com/bazelbuild/bazel/tree/829b085dfb0812d81b445e70f23b6ec2da52991f,https://github.com/bazelbuild/bazel/tree/775a979bde21a71ddf04f67b865e8c43a29f702a,https://github.com/bazelbuild/bazel/compare/829b085dfb0812d81b445e70f23b6ec2da52991f...775a979bde21a71ddf04f67b865e8c43a29f702a
880,Bazel,17f7c2c4508ab09b19df51bb9fbe60088a2e3480,7de9247ece680ca1a2b659981b51795502b4511e,10288,https://github.com/bazelbuild/bazel/issues/10288,https://github.com/bazelbuild/bazel/tree/17f7c2c4508ab09b19df51bb9fbe60088a2e3480,https://github.com/bazelbuild/bazel/tree/7de9247ece680ca1a2b659981b51795502b4511e,https://github.com/bazelbuild/bazel/compare/17f7c2c4508ab09b19df51bb9fbe60088a2e3480...7de9247ece680ca1a2b659981b51795502b4511e
881,Bazel,4824527a9d31873e157ddf224a6c2abd29fe428a,debbcdefe5f608cd27ffae3e4387f38dad3f664a,11852,https://github.com/bazelbuild/bazel/issues/11852,https://github.com/bazelbuild/bazel/tree/4824527a9d31873e157ddf224a6c2abd29fe428a,https://github.com/bazelbuild/bazel/tree/debbcdefe5f608cd27ffae3e4387f38dad3f664a,https://github.com/bazelbuild/bazel/compare/4824527a9d31873e157ddf224a6c2abd29fe428a...debbcdefe5f608cd27ffae3e4387f38dad3f664a
882,Bazel,4824527a9d31873e157ddf224a6c2abd29fe428a,debbcdefe5f608cd27ffae3e4387f38dad3f664a,11855,https://github.com/bazelbuild/bazel/issues/11855,https://github.com/bazelbuild/bazel/tree/4824527a9d31873e157ddf224a6c2abd29fe428a,https://github.com/bazelbuild/bazel/tree/debbcdefe5f608cd27ffae3e4387f38dad3f664a,https://github.com/bazelbuild/bazel/compare/4824527a9d31873e157ddf224a6c2abd29fe428a...debbcdefe5f608cd27ffae3e4387f38dad3f664a
883,Bazel,9b5df568cecf9042a5f126e3a026b3fec508b35e,ddcf5f74268440640882b3b0e06fbcb67504bf1a,12216,https://github.com/bazelbuild/bazel/issues/12216,https://github.com/bazelbuild/bazel/tree/9b5df568cecf9042a5f126e3a026b3fec508b35e,https://github.com/bazelbuild/bazel/tree/ddcf5f74268440640882b3b0e06fbcb67504bf1a,https://github.com/bazelbuild/bazel/compare/9b5df568cecf9042a5f126e3a026b3fec508b35e...ddcf5f74268440640882b3b0e06fbcb67504bf1a
884,Bazel,913a985a5c2fc3842b12c6e5f29af0fa1bccfd6a,47e832a95d390abf0e8e3e7a5cc251b99eaa1d06,11975,https://github.com/bazelbuild/bazel/issues/11975,https://github.com/bazelbuild/bazel/tree/913a985a5c2fc3842b12c6e5f29af0fa1bccfd6a,https://github.com/bazelbuild/bazel/tree/47e832a95d390abf0e8e3e7a5cc251b99eaa1d06,https://github.com/bazelbuild/bazel/compare/913a985a5c2fc3842b12c6e5f29af0fa1bccfd6a...47e832a95d390abf0e8e3e7a5cc251b99eaa1d06
885,Bazel,cf47f90090121509d868fac04615626c3ad9a55b,15e10cf6ed6c52503450940534f68518402e6e7d,12397,https://github.com/bazelbuild/bazel/issues/12397,https://github.com/bazelbuild/bazel/tree/cf47f90090121509d868fac04615626c3ad9a55b,https://github.com/bazelbuild/bazel/tree/15e10cf6ed6c52503450940534f68518402e6e7d,https://github.com/bazelbuild/bazel/compare/cf47f90090121509d868fac04615626c3ad9a55b...15e10cf6ed6c52503450940534f68518402e6e7d
886,Bazel,09b135d3b0dff9750184a8cce96067911cac6fcc,e3b7e17b05f13ff183a4d7efec8ec797f3f5eaa3,3828,https://github.com/bazelbuild/bazel/issues/3828,https://github.com/bazelbuild/bazel/tree/09b135d3b0dff9750184a8cce96067911cac6fcc,https://github.com/bazelbuild/bazel/tree/e3b7e17b05f13ff183a4d7efec8ec797f3f5eaa3,https://github.com/bazelbuild/bazel/compare/09b135d3b0dff9750184a8cce96067911cac6fcc...e3b7e17b05f13ff183a4d7efec8ec797f3f5eaa3
887,Bazel,09b135d3b0dff9750184a8cce96067911cac6fcc,e3b7e17b05f13ff183a4d7efec8ec797f3f5eaa3,6337,https://github.com/bazelbuild/bazel/issues/6337,https://github.com/bazelbuild/bazel/tree/09b135d3b0dff9750184a8cce96067911cac6fcc,https://github.com/bazelbuild/bazel/tree/e3b7e17b05f13ff183a4d7efec8ec797f3f5eaa3,https://github.com/bazelbuild/bazel/compare/09b135d3b0dff9750184a8cce96067911cac6fcc...e3b7e17b05f13ff183a4d7efec8ec797f3f5eaa3
888,Bazel,de2dab0723be0d1b27bd68b53c547b71c71effb2,2d990cf2fc9607599486242c6c3d37f3d3b266ce,10127,https://github.com/bazelbuild/bazel/issues/10127,https://github.com/bazelbuild/bazel/tree/de2dab0723be0d1b27bd68b53c547b71c71effb2,https://github.com/bazelbuild/bazel/tree/2d990cf2fc9607599486242c6c3d37f3d3b266ce,https://github.com/bazelbuild/bazel/compare/de2dab0723be0d1b27bd68b53c547b71c71effb2...2d990cf2fc9607599486242c6c3d37f3d3b266ce
889,Bazel,d3a31623ea6aed2acf05cb13f56eb04b4c2da17d,d155376979b6bdd10eebbe2993645a0758aeb094,11259,https://github.com/bazelbuild/bazel/issues/11259,https://github.com/bazelbuild/bazel/tree/d3a31623ea6aed2acf05cb13f56eb04b4c2da17d,https://github.com/bazelbuild/bazel/tree/d155376979b6bdd10eebbe2993645a0758aeb094,https://github.com/bazelbuild/bazel/compare/d3a31623ea6aed2acf05cb13f56eb04b4c2da17d...d155376979b6bdd10eebbe2993645a0758aeb094
890,Bazel,6a3f3fb880bfa0e119b5327c96bd50726d56c5d5,4d9a79b35b4c61013e14edc476dade53a5303bb6,12527,https://github.com/bazelbuild/bazel/issues/12527,https://github.com/bazelbuild/bazel/tree/6a3f3fb880bfa0e119b5327c96bd50726d56c5d5,https://github.com/bazelbuild/bazel/tree/4d9a79b35b4c61013e14edc476dade53a5303bb6,https://github.com/bazelbuild/bazel/compare/6a3f3fb880bfa0e119b5327c96bd50726d56c5d5...4d9a79b35b4c61013e14edc476dade53a5303bb6
891,Bazel,780e27df4df6c098b4732750ad5464b97c25744d,02838a1b2aa2f6d03980536ab2ac6840c3c98e84,12364,https://github.com/bazelbuild/bazel/issues/12364,https://github.com/bazelbuild/bazel/tree/780e27df4df6c098b4732750ad5464b97c25744d,https://github.com/bazelbuild/bazel/tree/02838a1b2aa2f6d03980536ab2ac6840c3c98e84,https://github.com/bazelbuild/bazel/compare/780e27df4df6c098b4732750ad5464b97c25744d...02838a1b2aa2f6d03980536ab2ac6840c3c98e84
892,Bazel,38835ebaadcfe151f91caffa241341c6e73de46b,62e169aeca69eb81ca613132d9f0c8e24049e892,11339,https://github.com/bazelbuild/bazel/issues/11339,https://github.com/bazelbuild/bazel/tree/38835ebaadcfe151f91caffa241341c6e73de46b,https://github.com/bazelbuild/bazel/tree/62e169aeca69eb81ca613132d9f0c8e24049e892,https://github.com/bazelbuild/bazel/compare/38835ebaadcfe151f91caffa241341c6e73de46b...62e169aeca69eb81ca613132d9f0c8e24049e892
893,Bazel,f5b6abce49f1649f9a2970a1a83448a06c837f5f,e6670825b1e183f81f5c864aafd425d512fa9ff5,12403,https://github.com/bazelbuild/bazel/issues/12403,https://github.com/bazelbuild/bazel/tree/f5b6abce49f1649f9a2970a1a83448a06c837f5f,https://github.com/bazelbuild/bazel/tree/e6670825b1e183f81f5c864aafd425d512fa9ff5,https://github.com/bazelbuild/bazel/compare/f5b6abce49f1649f9a2970a1a83448a06c837f5f...e6670825b1e183f81f5c864aafd425d512fa9ff5
894,Bazel,bcd7cdc202b7144a268367786c0708e2cb87e969,6ff38a644c0cf038a0ee994513fd3af115130b2c,10399,https://github.com/bazelbuild/bazel/issues/10399,https://github.com/bazelbuild/bazel/tree/bcd7cdc202b7144a268367786c0708e2cb87e969,https://github.com/bazelbuild/bazel/tree/6ff38a644c0cf038a0ee994513fd3af115130b2c,https://github.com/bazelbuild/bazel/compare/bcd7cdc202b7144a268367786c0708e2cb87e969...6ff38a644c0cf038a0ee994513fd3af115130b2c
895,Bazel,67a7cc40a9eeca4da1f2e19b789aab9156535490,798b4e5ef2748844577238fdbec51470f0f79ad1,12565,https://github.com/bazelbuild/bazel/issues/12565,https://github.com/bazelbuild/bazel/tree/67a7cc40a9eeca4da1f2e19b789aab9156535490,https://github.com/bazelbuild/bazel/tree/798b4e5ef2748844577238fdbec51470f0f79ad1,https://github.com/bazelbuild/bazel/compare/67a7cc40a9eeca4da1f2e19b789aab9156535490...798b4e5ef2748844577238fdbec51470f0f79ad1
896,Bazel,d93274802f611e7d9ea1893405713ec5bb49a424,769842af3dd6b0f169df62293f433922a70d6fc8,10249,https://github.com/bazelbuild/bazel/issues/10249,https://github.com/bazelbuild/bazel/tree/d93274802f611e7d9ea1893405713ec5bb49a424,https://github.com/bazelbuild/bazel/tree/769842af3dd6b0f169df62293f433922a70d6fc8,https://github.com/bazelbuild/bazel/compare/d93274802f611e7d9ea1893405713ec5bb49a424...769842af3dd6b0f169df62293f433922a70d6fc8
897,Bazel,cc9cce3cb6aadb56c46e7c7fc184d0eb15cf4fca,38e56c5db51e8f90f826f8917c169673bd241461,10620,https://github.com/bazelbuild/bazel/issues/10620,https://github.com/bazelbuild/bazel/tree/cc9cce3cb6aadb56c46e7c7fc184d0eb15cf4fca,https://github.com/bazelbuild/bazel/tree/38e56c5db51e8f90f826f8917c169673bd241461,https://github.com/bazelbuild/bazel/compare/cc9cce3cb6aadb56c46e7c7fc184d0eb15cf4fca...38e56c5db51e8f90f826f8917c169673bd241461
898,Bazel,95ebfd22dad9453da87e3f88bec157d1291e1398,b6e3ba8abf033c6d3a318be8484021eff6a40dde,12818,https://github.com/bazelbuild/bazel/issues/12818,https://github.com/bazelbuild/bazel/tree/95ebfd22dad9453da87e3f88bec157d1291e1398,https://github.com/bazelbuild/bazel/tree/b6e3ba8abf033c6d3a318be8484021eff6a40dde,https://github.com/bazelbuild/bazel/compare/95ebfd22dad9453da87e3f88bec157d1291e1398...b6e3ba8abf033c6d3a318be8484021eff6a40dde
899,Bazel,c8e179fc7676ec8c0f4787d470b51e9837fc9750,bfdfa6ebfd21b388f1c91f512291c848e1a92a96,10598,https://github.com/bazelbuild/bazel/issues/10598,https://github.com/bazelbuild/bazel/tree/c8e179fc7676ec8c0f4787d470b51e9837fc9750,https://github.com/bazelbuild/bazel/tree/bfdfa6ebfd21b388f1c91f512291c848e1a92a96,https://github.com/bazelbuild/bazel/compare/c8e179fc7676ec8c0f4787d470b51e9837fc9750...bfdfa6ebfd21b388f1c91f512291c848e1a92a96
900,Bazel,ace665208d3cf501e0c437992ae8f1d60c68d8f9,f8606e5e76579442a1c6563e718ea54c673f1a04,12327,https://github.com/bazelbuild/bazel/issues/12327,https://github.com/bazelbuild/bazel/tree/ace665208d3cf501e0c437992ae8f1d60c68d8f9,https://github.com/bazelbuild/bazel/tree/f8606e5e76579442a1c6563e718ea54c673f1a04,https://github.com/bazelbuild/bazel/compare/ace665208d3cf501e0c437992ae8f1d60c68d8f9...f8606e5e76579442a1c6563e718ea54c673f1a04
901,Bazel,165c1a02625249582158ed77ee3abd428b9e5668,ba60c0b3f9bbd00975c984244839b155e84b4c5d,12730,https://github.com/bazelbuild/bazel/issues/12730,https://github.com/bazelbuild/bazel/tree/165c1a02625249582158ed77ee3abd428b9e5668,https://github.com/bazelbuild/bazel/tree/ba60c0b3f9bbd00975c984244839b155e84b4c5d,https://github.com/bazelbuild/bazel/compare/165c1a02625249582158ed77ee3abd428b9e5668...ba60c0b3f9bbd00975c984244839b155e84b4c5d
902,Bazel,4fc48680653a71aacbfd555436ba8f9a0742d3d9,79989f9becc2edefe8b35f7db687bf8de03e3580,12669,https://github.com/bazelbuild/bazel/issues/12669,https://github.com/bazelbuild/bazel/tree/4fc48680653a71aacbfd555436ba8f9a0742d3d9,https://github.com/bazelbuild/bazel/tree/79989f9becc2edefe8b35f7db687bf8de03e3580,https://github.com/bazelbuild/bazel/compare/4fc48680653a71aacbfd555436ba8f9a0742d3d9...79989f9becc2edefe8b35f7db687bf8de03e3580
903,Bazel,a2b7e40965416d869eff22b7c695f86a37d71044,cac82cf00649217e621e86825e9e99b3e56b0d34,12669,https://github.com/bazelbuild/bazel/issues/12669,https://github.com/bazelbuild/bazel/tree/a2b7e40965416d869eff22b7c695f86a37d71044,https://github.com/bazelbuild/bazel/tree/cac82cf00649217e621e86825e9e99b3e56b0d34,https://github.com/bazelbuild/bazel/compare/a2b7e40965416d869eff22b7c695f86a37d71044...cac82cf00649217e621e86825e9e99b3e56b0d34
904,Bazel,540623f4ab490f8817cd9c96546af016cc5dd8fb,d0ee889fca77e36f2c76ac07de3048055b8428c9,10620,https://github.com/bazelbuild/bazel/issues/10620,https://github.com/bazelbuild/bazel/tree/540623f4ab490f8817cd9c96546af016cc5dd8fb,https://github.com/bazelbuild/bazel/tree/d0ee889fca77e36f2c76ac07de3048055b8428c9,https://github.com/bazelbuild/bazel/compare/540623f4ab490f8817cd9c96546af016cc5dd8fb...d0ee889fca77e36f2c76ac07de3048055b8428c9
905,Bazel,4f23c655f345be47e3800b0391938557e7ac7ac8,a436297a57bdf40d5a4222b97bfbdf6a2e9be719,13136,https://github.com/bazelbuild/bazel/issues/13136,https://github.com/bazelbuild/bazel/tree/4f23c655f345be47e3800b0391938557e7ac7ac8,https://github.com/bazelbuild/bazel/tree/a436297a57bdf40d5a4222b97bfbdf6a2e9be719,https://github.com/bazelbuild/bazel/compare/4f23c655f345be47e3800b0391938557e7ac7ac8...a436297a57bdf40d5a4222b97bfbdf6a2e9be719
906,Bazel,bbeb1da9d3ea909b35d217eafcb8a8e203f8eb07,ec5553352f2f661d39ac4cf665dd9b3c779e614c,4341,https://github.com/bazelbuild/bazel/issues/4341,https://github.com/bazelbuild/bazel/tree/bbeb1da9d3ea909b35d217eafcb8a8e203f8eb07,https://github.com/bazelbuild/bazel/tree/ec5553352f2f661d39ac4cf665dd9b3c779e614c,https://github.com/bazelbuild/bazel/compare/bbeb1da9d3ea909b35d217eafcb8a8e203f8eb07...ec5553352f2f661d39ac4cf665dd9b3c779e614c
907,Bazel,3e6e97585dd41e31b6ca3bfe3bed10abc3614fe4,24d086446f74606819dc53c3a436caa056ff05b7,12879,https://github.com/bazelbuild/bazel/issues/12879,https://github.com/bazelbuild/bazel/tree/3e6e97585dd41e31b6ca3bfe3bed10abc3614fe4,https://github.com/bazelbuild/bazel/tree/24d086446f74606819dc53c3a436caa056ff05b7,https://github.com/bazelbuild/bazel/compare/3e6e97585dd41e31b6ca3bfe3bed10abc3614fe4...24d086446f74606819dc53c3a436caa056ff05b7
908,Bazel,82375ee2262a821ebf795629cc8ccd15d6ef4307,e50753f97eac95416965d5b45d6db1325ea96adc,13136,https://github.com/bazelbuild/bazel/issues/13136,https://github.com/bazelbuild/bazel/tree/82375ee2262a821ebf795629cc8ccd15d6ef4307,https://github.com/bazelbuild/bazel/tree/e50753f97eac95416965d5b45d6db1325ea96adc,https://github.com/bazelbuild/bazel/compare/82375ee2262a821ebf795629cc8ccd15d6ef4307...e50753f97eac95416965d5b45d6db1325ea96adc
909,Bazel,e50753f97eac95416965d5b45d6db1325ea96adc,763009ba31fc730dd9481154b4caeb8d50b1f70e,13136,https://github.com/bazelbuild/bazel/issues/13136,https://github.com/bazelbuild/bazel/tree/e50753f97eac95416965d5b45d6db1325ea96adc,https://github.com/bazelbuild/bazel/tree/763009ba31fc730dd9481154b4caeb8d50b1f70e,https://github.com/bazelbuild/bazel/compare/e50753f97eac95416965d5b45d6db1325ea96adc...763009ba31fc730dd9481154b4caeb8d50b1f70e
910,Bazel,7abfa307aa9aa7daea0b2caeee9377861c060948,b075c2c92288d44db5e4c10d5cf2f093d3b32491,12685,https://github.com/bazelbuild/bazel/issues/12685,https://github.com/bazelbuild/bazel/tree/7abfa307aa9aa7daea0b2caeee9377861c060948,https://github.com/bazelbuild/bazel/tree/b075c2c92288d44db5e4c10d5cf2f093d3b32491,https://github.com/bazelbuild/bazel/compare/7abfa307aa9aa7daea0b2caeee9377861c060948...b075c2c92288d44db5e4c10d5cf2f093d3b32491
911,Bazel,a7883aee712f55df89a2b2d9b644735c8e3f50a2,82375ee2262a821ebf795629cc8ccd15d6ef4307,13136,https://github.com/bazelbuild/bazel/issues/13136,https://github.com/bazelbuild/bazel/tree/a7883aee712f55df89a2b2d9b644735c8e3f50a2,https://github.com/bazelbuild/bazel/tree/82375ee2262a821ebf795629cc8ccd15d6ef4307,https://github.com/bazelbuild/bazel/compare/a7883aee712f55df89a2b2d9b644735c8e3f50a2...82375ee2262a821ebf795629cc8ccd15d6ef4307
912,Bazel,120ea6cbd8da0865a1d8fc7c251c9072a346baab,ce7afe730d90346cf2a67861e6af2fc4462352a5,12998,https://github.com/bazelbuild/bazel/issues/12998,https://github.com/bazelbuild/bazel/tree/120ea6cbd8da0865a1d8fc7c251c9072a346baab,https://github.com/bazelbuild/bazel/tree/ce7afe730d90346cf2a67861e6af2fc4462352a5,https://github.com/bazelbuild/bazel/compare/120ea6cbd8da0865a1d8fc7c251c9072a346baab...ce7afe730d90346cf2a67861e6af2fc4462352a5
913,Bazel,96706a7c677f9d2b6b2179b0dd3ad6c5e503a8d6,42e05dbd606a5059126bda14cdfffa5e0653b652,12310,https://github.com/bazelbuild/bazel/issues/12310,https://github.com/bazelbuild/bazel/tree/96706a7c677f9d2b6b2179b0dd3ad6c5e503a8d6,https://github.com/bazelbuild/bazel/tree/42e05dbd606a5059126bda14cdfffa5e0653b652,https://github.com/bazelbuild/bazel/compare/96706a7c677f9d2b6b2179b0dd3ad6c5e503a8d6...42e05dbd606a5059126bda14cdfffa5e0653b652
914,Bazel,239a8e732cdaaacf6ec29aca7c6e617456013bed,5593358a58b66f06c4e421bb48856de94c3fd625,13243,https://github.com/bazelbuild/bazel/issues/13243,https://github.com/bazelbuild/bazel/tree/239a8e732cdaaacf6ec29aca7c6e617456013bed,https://github.com/bazelbuild/bazel/tree/5593358a58b66f06c4e421bb48856de94c3fd625,https://github.com/bazelbuild/bazel/compare/239a8e732cdaaacf6ec29aca7c6e617456013bed...5593358a58b66f06c4e421bb48856de94c3fd625
915,Bazel,ba48022a8fe8f77cf7fb5017b90cc379fed58497,58c58bb83d58059d091e72b33cd195d67da051b6,12759,https://github.com/bazelbuild/bazel/issues/12759,https://github.com/bazelbuild/bazel/tree/ba48022a8fe8f77cf7fb5017b90cc379fed58497,https://github.com/bazelbuild/bazel/tree/58c58bb83d58059d091e72b33cd195d67da051b6,https://github.com/bazelbuild/bazel/compare/ba48022a8fe8f77cf7fb5017b90cc379fed58497...58c58bb83d58059d091e72b33cd195d67da051b6
916,Bazel,2dea9d1c66cd2d6c82616f9a3138cd8e3a4fb84f,52b1b748b2368820bac2ca94323fb82c39c00e51,12610,https://github.com/bazelbuild/bazel/issues/12610,https://github.com/bazelbuild/bazel/tree/2dea9d1c66cd2d6c82616f9a3138cd8e3a4fb84f,https://github.com/bazelbuild/bazel/tree/52b1b748b2368820bac2ca94323fb82c39c00e51,https://github.com/bazelbuild/bazel/compare/2dea9d1c66cd2d6c82616f9a3138cd8e3a4fb84f...52b1b748b2368820bac2ca94323fb82c39c00e51
917,Bazel,b3ddeeeade4a3bba8ca324653fefab442b304c7d,d2f93fd969f5eca042d029a1b8016d83ce8ce165,9413,https://github.com/bazelbuild/bazel/issues/9413,https://github.com/bazelbuild/bazel/tree/b3ddeeeade4a3bba8ca324653fefab442b304c7d,https://github.com/bazelbuild/bazel/tree/d2f93fd969f5eca042d029a1b8016d83ce8ce165,https://github.com/bazelbuild/bazel/compare/b3ddeeeade4a3bba8ca324653fefab442b304c7d...d2f93fd969f5eca042d029a1b8016d83ce8ce165
918,Bazel,94ac8391d64134e3a1ac6388748c387b576b4a0e,7dc6f57cb639417c2d80cb19def22676d2b63b50,12927,https://github.com/bazelbuild/bazel/issues/12927,https://github.com/bazelbuild/bazel/tree/94ac8391d64134e3a1ac6388748c387b576b4a0e,https://github.com/bazelbuild/bazel/tree/7dc6f57cb639417c2d80cb19def22676d2b63b50,https://github.com/bazelbuild/bazel/compare/94ac8391d64134e3a1ac6388748c387b576b4a0e...7dc6f57cb639417c2d80cb19def22676d2b63b50
919,Bazel,660e8a59254daae16f3bebf783eed05ff6021753,c9f9eedc313fc043755dd30ae7e01478eed7c417,11291,https://github.com/bazelbuild/bazel/issues/11291,https://github.com/bazelbuild/bazel/tree/660e8a59254daae16f3bebf783eed05ff6021753,https://github.com/bazelbuild/bazel/tree/c9f9eedc313fc043755dd30ae7e01478eed7c417,https://github.com/bazelbuild/bazel/compare/660e8a59254daae16f3bebf783eed05ff6021753...c9f9eedc313fc043755dd30ae7e01478eed7c417
920,Bazel,bce6d2652659b8c70eb0434e675bbd5febb579c9,ced45af2fefea6df130009b5656bb5bca6b4b0fd,12559,https://github.com/bazelbuild/bazel/issues/12559,https://github.com/bazelbuild/bazel/tree/bce6d2652659b8c70eb0434e675bbd5febb579c9,https://github.com/bazelbuild/bazel/tree/ced45af2fefea6df130009b5656bb5bca6b4b0fd,https://github.com/bazelbuild/bazel/compare/bce6d2652659b8c70eb0434e675bbd5febb579c9...ced45af2fefea6df130009b5656bb5bca6b4b0fd
921,Bazel,a0dec280808b1fe319aeccd11adb8734d6ea9528,97aebaa971ef58b8a1d71142d9e72559a97a0112,13301,https://github.com/bazelbuild/bazel/issues/13301,https://github.com/bazelbuild/bazel/tree/a0dec280808b1fe319aeccd11adb8734d6ea9528,https://github.com/bazelbuild/bazel/tree/97aebaa971ef58b8a1d71142d9e72559a97a0112,https://github.com/bazelbuild/bazel/compare/a0dec280808b1fe319aeccd11adb8734d6ea9528...97aebaa971ef58b8a1d71142d9e72559a97a0112
922,Bazel,507aeaab74df6ba48f6762c99f541196191bcee7,1a0285c3b64b121268ced3eb9ad9d5ba396b4905,11869,https://github.com/bazelbuild/bazel/issues/11869,https://github.com/bazelbuild/bazel/tree/507aeaab74df6ba48f6762c99f541196191bcee7,https://github.com/bazelbuild/bazel/tree/1a0285c3b64b121268ced3eb9ad9d5ba396b4905,https://github.com/bazelbuild/bazel/compare/507aeaab74df6ba48f6762c99f541196191bcee7...1a0285c3b64b121268ced3eb9ad9d5ba396b4905
923,Bazel,68e019889a7dddf1b006747dac957e4a3bc8e41c,645c42bae42fc8ea1c5b7c53e4962f1987ff888e,13459,https://github.com/bazelbuild/bazel/issues/13459,https://github.com/bazelbuild/bazel/tree/68e019889a7dddf1b006747dac957e4a3bc8e41c,https://github.com/bazelbuild/bazel/tree/645c42bae42fc8ea1c5b7c53e4962f1987ff888e,https://github.com/bazelbuild/bazel/compare/68e019889a7dddf1b006747dac957e4a3bc8e41c...645c42bae42fc8ea1c5b7c53e4962f1987ff888e
924,Bazel,358cb0d2177467c21a012f8a819df50950f14d63,5cee0346e96e10c1c6715943c230567e8df2d76e,13502,https://github.com/bazelbuild/bazel/issues/13502,https://github.com/bazelbuild/bazel/tree/358cb0d2177467c21a012f8a819df50950f14d63,https://github.com/bazelbuild/bazel/tree/5cee0346e96e10c1c6715943c230567e8df2d76e,https://github.com/bazelbuild/bazel/compare/358cb0d2177467c21a012f8a819df50950f14d63...5cee0346e96e10c1c6715943c230567e8df2d76e
925,Bazel,329b22a980ad7a0835c53938afe06a111f40ac96,bcce6dd026e90336e80616a8c1004a79a2f8640c,12460,https://github.com/bazelbuild/bazel/issues/12460,https://github.com/bazelbuild/bazel/tree/329b22a980ad7a0835c53938afe06a111f40ac96,https://github.com/bazelbuild/bazel/tree/bcce6dd026e90336e80616a8c1004a79a2f8640c,https://github.com/bazelbuild/bazel/compare/329b22a980ad7a0835c53938afe06a111f40ac96...bcce6dd026e90336e80616a8c1004a79a2f8640c
926,Bazel,ab7053046cf00d18619981fa9cffe799f0acfd9e,f3513c16018be07255ee51c88bfdf2f77efa920f,11980,https://github.com/bazelbuild/bazel/issues/11980,https://github.com/bazelbuild/bazel/tree/ab7053046cf00d18619981fa9cffe799f0acfd9e,https://github.com/bazelbuild/bazel/tree/f3513c16018be07255ee51c88bfdf2f77efa920f,https://github.com/bazelbuild/bazel/compare/ab7053046cf00d18619981fa9cffe799f0acfd9e...f3513c16018be07255ee51c88bfdf2f77efa920f
927,Bazel,2611ec03732ce7fda036c21d197462213b5a6793,2c3cff5422b115d7bb86ed28a056f3d368ebceeb,13240,https://github.com/bazelbuild/bazel/issues/13240,https://github.com/bazelbuild/bazel/tree/2611ec03732ce7fda036c21d197462213b5a6793,https://github.com/bazelbuild/bazel/tree/2c3cff5422b115d7bb86ed28a056f3d368ebceeb,https://github.com/bazelbuild/bazel/compare/2611ec03732ce7fda036c21d197462213b5a6793...2c3cff5422b115d7bb86ed28a056f3d368ebceeb
928,Bazel,5a647bb234ba9817f51fdb2b4b5973a0602f51a4,ed63a74a5863996a62a795f008d9efb8b1e7c124,13436,https://github.com/bazelbuild/bazel/issues/13436,https://github.com/bazelbuild/bazel/tree/5a647bb234ba9817f51fdb2b4b5973a0602f51a4,https://github.com/bazelbuild/bazel/tree/ed63a74a5863996a62a795f008d9efb8b1e7c124,https://github.com/bazelbuild/bazel/compare/5a647bb234ba9817f51fdb2b4b5973a0602f51a4...ed63a74a5863996a62a795f008d9efb8b1e7c124
929,Bazel,fbdd593e0faf71c85977106eda6e36db267244dd,9f87aa7b352a2caea44cebd5b8cd0fc0b2a4728b,13436,https://github.com/bazelbuild/bazel/issues/13436,https://github.com/bazelbuild/bazel/tree/fbdd593e0faf71c85977106eda6e36db267244dd,https://github.com/bazelbuild/bazel/tree/9f87aa7b352a2caea44cebd5b8cd0fc0b2a4728b,https://github.com/bazelbuild/bazel/compare/fbdd593e0faf71c85977106eda6e36db267244dd...9f87aa7b352a2caea44cebd5b8cd0fc0b2a4728b
930,Bazel,768f5b1805382d4a946a006231f592742fcf0f4f,592c38445e4243b4ee8c44d91df237c75b6b99e2,13304,https://github.com/bazelbuild/bazel/issues/13304,https://github.com/bazelbuild/bazel/tree/768f5b1805382d4a946a006231f592742fcf0f4f,https://github.com/bazelbuild/bazel/tree/592c38445e4243b4ee8c44d91df237c75b6b99e2,https://github.com/bazelbuild/bazel/compare/768f5b1805382d4a946a006231f592742fcf0f4f...592c38445e4243b4ee8c44d91df237c75b6b99e2
931,Bazel,95c793135c806601aa696c4541609fbee722f90c,7643d3abb654dec9cf7b49e2fce684dd45e36bc0,13487,https://github.com/bazelbuild/bazel/issues/13487,https://github.com/bazelbuild/bazel/tree/95c793135c806601aa696c4541609fbee722f90c,https://github.com/bazelbuild/bazel/tree/7643d3abb654dec9cf7b49e2fce684dd45e36bc0,https://github.com/bazelbuild/bazel/compare/95c793135c806601aa696c4541609fbee722f90c...7643d3abb654dec9cf7b49e2fce684dd45e36bc0
932,Bazel,b158a0f2442e077d8a879e90800e6c07aa7c761c,97fb2cf193399f555903b7fd466a9d7511f428b8,12554,https://github.com/bazelbuild/bazel/issues/12554,https://github.com/bazelbuild/bazel/tree/b158a0f2442e077d8a879e90800e6c07aa7c761c,https://github.com/bazelbuild/bazel/tree/97fb2cf193399f555903b7fd466a9d7511f428b8,https://github.com/bazelbuild/bazel/compare/b158a0f2442e077d8a879e90800e6c07aa7c761c...97fb2cf193399f555903b7fd466a9d7511f428b8
933,Bazel,18c82168433719b400a705a4a0222969a7a026ba,933c301f3d26ae1f754d4e4a73a59c5a0773f53f,13638,https://github.com/bazelbuild/bazel/issues/13638,https://github.com/bazelbuild/bazel/tree/18c82168433719b400a705a4a0222969a7a026ba,https://github.com/bazelbuild/bazel/tree/933c301f3d26ae1f754d4e4a73a59c5a0773f53f,https://github.com/bazelbuild/bazel/compare/18c82168433719b400a705a4a0222969a7a026ba...933c301f3d26ae1f754d4e4a73a59c5a0773f53f
934,Bazel,6810a323d8d9cc163f87d2bcf4ee3e60e46f9fa3,525227e08483cda399b7aee4db997b6552e15891,13751,https://github.com/bazelbuild/bazel/issues/13751,https://github.com/bazelbuild/bazel/tree/6810a323d8d9cc163f87d2bcf4ee3e60e46f9fa3,https://github.com/bazelbuild/bazel/tree/525227e08483cda399b7aee4db997b6552e15891,https://github.com/bazelbuild/bazel/compare/6810a323d8d9cc163f87d2bcf4ee3e60e46f9fa3...525227e08483cda399b7aee4db997b6552e15891
935,Bazel,7484c98e871ab3fa3408be53873b8848861d26be,46c3f1711b90c648baf3d15d6df2890c8a12f67c,13621,https://github.com/bazelbuild/bazel/issues/13621,https://github.com/bazelbuild/bazel/tree/7484c98e871ab3fa3408be53873b8848861d26be,https://github.com/bazelbuild/bazel/tree/46c3f1711b90c648baf3d15d6df2890c8a12f67c,https://github.com/bazelbuild/bazel/compare/7484c98e871ab3fa3408be53873b8848861d26be...46c3f1711b90c648baf3d15d6df2890c8a12f67c
936,Bazel,e77020d8bb367fcb542439e6d3b8451ecc4e5b27,04288289f90c6a81415cd89c6ad74eee2e17da5b,13751,https://github.com/bazelbuild/bazel/issues/13751,https://github.com/bazelbuild/bazel/tree/e77020d8bb367fcb542439e6d3b8451ecc4e5b27,https://github.com/bazelbuild/bazel/tree/04288289f90c6a81415cd89c6ad74eee2e17da5b,https://github.com/bazelbuild/bazel/compare/e77020d8bb367fcb542439e6d3b8451ecc4e5b27...04288289f90c6a81415cd89c6ad74eee2e17da5b
937,Bazel,d90ecb86fc69a954074a6d82b53f2a18ac313d24,cff2ea55dafc57d7d2db813522942e2ee137ed08,13229,https://github.com/bazelbuild/bazel/issues/13229,https://github.com/bazelbuild/bazel/tree/d90ecb86fc69a954074a6d82b53f2a18ac313d24,https://github.com/bazelbuild/bazel/tree/cff2ea55dafc57d7d2db813522942e2ee137ed08,https://github.com/bazelbuild/bazel/compare/d90ecb86fc69a954074a6d82b53f2a18ac313d24...cff2ea55dafc57d7d2db813522942e2ee137ed08
938,Bazel,78b89a0136a83d303d4d88373d6e510f85a81fbb,52fe685630bb5ab467abf9a300fbeb52b8ae3e4f,13810,https://github.com/bazelbuild/bazel/issues/13810,https://github.com/bazelbuild/bazel/tree/78b89a0136a83d303d4d88373d6e510f85a81fbb,https://github.com/bazelbuild/bazel/tree/52fe685630bb5ab467abf9a300fbeb52b8ae3e4f,https://github.com/bazelbuild/bazel/compare/78b89a0136a83d303d4d88373d6e510f85a81fbb...52fe685630bb5ab467abf9a300fbeb52b8ae3e4f
939,Bazel,e58dd7e04bda4bda4a28b08ec4e49573ed6f6a2a,e92e04d6b12b8638675a4a039c6111505ada8160,13240,https://github.com/bazelbuild/bazel/issues/13240,https://github.com/bazelbuild/bazel/tree/e58dd7e04bda4bda4a28b08ec4e49573ed6f6a2a,https://github.com/bazelbuild/bazel/tree/e92e04d6b12b8638675a4a039c6111505ada8160,https://github.com/bazelbuild/bazel/compare/e58dd7e04bda4bda4a28b08ec4e49573ed6f6a2a...e92e04d6b12b8638675a4a039c6111505ada8160
940,Bazel,1d1156dafa6a53cd37e671210f01fe5326938218,b5bbe28ce207375009babc142fd3e8ce915d3dc9,2231,https://github.com/bazelbuild/bazel/issues/2231,https://github.com/bazelbuild/bazel/tree/1d1156dafa6a53cd37e671210f01fe5326938218,https://github.com/bazelbuild/bazel/tree/b5bbe28ce207375009babc142fd3e8ce915d3dc9,https://github.com/bazelbuild/bazel/compare/1d1156dafa6a53cd37e671210f01fe5326938218...b5bbe28ce207375009babc142fd3e8ce915d3dc9
941,Bazel,122edd7d14095801c8d9eee5a11b62078a5a14f0,a1137ec1338d9549fd34a9a74502ffa58c286a8e,12010,https://github.com/bazelbuild/bazel/issues/12010,https://github.com/bazelbuild/bazel/tree/122edd7d14095801c8d9eee5a11b62078a5a14f0,https://github.com/bazelbuild/bazel/tree/a1137ec1338d9549fd34a9a74502ffa58c286a8e,https://github.com/bazelbuild/bazel/compare/122edd7d14095801c8d9eee5a11b62078a5a14f0...a1137ec1338d9549fd34a9a74502ffa58c286a8e
942,Bazel,e1c404e1c87c4a5dec227b160c8c4e81686a3f9f,497a848d89d402c22af4eb5b37a3f511ddd2ade3,13240,https://github.com/bazelbuild/bazel/issues/13240,https://github.com/bazelbuild/bazel/tree/e1c404e1c87c4a5dec227b160c8c4e81686a3f9f,https://github.com/bazelbuild/bazel/tree/497a848d89d402c22af4eb5b37a3f511ddd2ade3,https://github.com/bazelbuild/bazel/compare/e1c404e1c87c4a5dec227b160c8c4e81686a3f9f...497a848d89d402c22af4eb5b37a3f511ddd2ade3
943,Bazel,29ac010f3754c308de2ff13d3480b870dc7cb7f6,7f40eb9b9ac399f3e851a233f139e417e8c23f18,357,https://github.com/bazelbuild/bazel/issues/357,https://github.com/bazelbuild/bazel/tree/29ac010f3754c308de2ff13d3480b870dc7cb7f6,https://github.com/bazelbuild/bazel/tree/7f40eb9b9ac399f3e851a233f139e417e8c23f18,https://github.com/bazelbuild/bazel/compare/29ac010f3754c308de2ff13d3480b870dc7cb7f6...7f40eb9b9ac399f3e851a233f139e417e8c23f18
944,Bazel,3ada002c4fc690630eb6ce82b2c06bd0cc0bdda2,db15e47d0391d904c29e6e5c632089e2479e62c2,12113,https://github.com/bazelbuild/bazel/issues/12113,https://github.com/bazelbuild/bazel/tree/3ada002c4fc690630eb6ce82b2c06bd0cc0bdda2,https://github.com/bazelbuild/bazel/tree/db15e47d0391d904c29e6e5c632089e2479e62c2,https://github.com/bazelbuild/bazel/compare/3ada002c4fc690630eb6ce82b2c06bd0cc0bdda2...db15e47d0391d904c29e6e5c632089e2479e62c2
945,Bazel,4b3ed3bd04084dd455aea42f206a9e917ed6dbc0,e855a26691daeac81c1e823ad65c7707062e0bd2,13920,https://github.com/bazelbuild/bazel/issues/13920,https://github.com/bazelbuild/bazel/tree/4b3ed3bd04084dd455aea42f206a9e917ed6dbc0,https://github.com/bazelbuild/bazel/tree/e855a26691daeac81c1e823ad65c7707062e0bd2,https://github.com/bazelbuild/bazel/compare/4b3ed3bd04084dd455aea42f206a9e917ed6dbc0...e855a26691daeac81c1e823ad65c7707062e0bd2
946,Bazel,6f2438db9a40a3a7520b8b46c89c40eb3649cef8,9a061637bb2cd0ffde4a7300de5bbe0ef5df2daa,13986,https://github.com/bazelbuild/bazel/issues/13986,https://github.com/bazelbuild/bazel/tree/6f2438db9a40a3a7520b8b46c89c40eb3649cef8,https://github.com/bazelbuild/bazel/tree/9a061637bb2cd0ffde4a7300de5bbe0ef5df2daa,https://github.com/bazelbuild/bazel/compare/6f2438db9a40a3a7520b8b46c89c40eb3649cef8...9a061637bb2cd0ffde4a7300de5bbe0ef5df2daa
947,Bazel,003e2d01adcc455cf25d19214ea5b3f33b25b378,639f89d7682cadff723ac210fa37101f37762a9d,13985,https://github.com/bazelbuild/bazel/issues/13985,https://github.com/bazelbuild/bazel/tree/003e2d01adcc455cf25d19214ea5b3f33b25b378,https://github.com/bazelbuild/bazel/tree/639f89d7682cadff723ac210fa37101f37762a9d,https://github.com/bazelbuild/bazel/compare/003e2d01adcc455cf25d19214ea5b3f33b25b378...639f89d7682cadff723ac210fa37101f37762a9d
948,Bazel,2f63e92f2f74df98ba38cedaac081108bd094144,5e57e848dad54faabb49db9fb7402bdd92c6b1d8,12888,https://github.com/bazelbuild/bazel/issues/12888,https://github.com/bazelbuild/bazel/tree/2f63e92f2f74df98ba38cedaac081108bd094144,https://github.com/bazelbuild/bazel/tree/5e57e848dad54faabb49db9fb7402bdd92c6b1d8,https://github.com/bazelbuild/bazel/compare/2f63e92f2f74df98ba38cedaac081108bd094144...5e57e848dad54faabb49db9fb7402bdd92c6b1d8
949,Bazel,a0860042f8798f8129ac5cc336baed570888261f,daecf427ec0bf0e963c324783062c4f5b61ff679,13818,https://github.com/bazelbuild/bazel/issues/13818,https://github.com/bazelbuild/bazel/tree/a0860042f8798f8129ac5cc336baed570888261f,https://github.com/bazelbuild/bazel/tree/daecf427ec0bf0e963c324783062c4f5b61ff679,https://github.com/bazelbuild/bazel/compare/a0860042f8798f8129ac5cc336baed570888261f...daecf427ec0bf0e963c324783062c4f5b61ff679
950,Bazel,bd8f1e61e15205737058de3362e77bb7b86e089e,f5cf8b076bc913dbe021104d5f6837fb4a6cd8b3,14008,https://github.com/bazelbuild/bazel/issues/14008,https://github.com/bazelbuild/bazel/tree/bd8f1e61e15205737058de3362e77bb7b86e089e,https://github.com/bazelbuild/bazel/tree/f5cf8b076bc913dbe021104d5f6837fb4a6cd8b3,https://github.com/bazelbuild/bazel/compare/bd8f1e61e15205737058de3362e77bb7b86e089e...f5cf8b076bc913dbe021104d5f6837fb4a6cd8b3
951,Bazel,1cb1779c51a8884e0d3eea817e22f6adf9b1ff40,34c71465f84fa780217926db2e8e5ca3d6d4568c,13862,https://github.com/bazelbuild/bazel/issues/13862,https://github.com/bazelbuild/bazel/tree/1cb1779c51a8884e0d3eea817e22f6adf9b1ff40,https://github.com/bazelbuild/bazel/tree/34c71465f84fa780217926db2e8e5ca3d6d4568c,https://github.com/bazelbuild/bazel/compare/1cb1779c51a8884e0d3eea817e22f6adf9b1ff40...34c71465f84fa780217926db2e8e5ca3d6d4568c
952,Bazel,7333aa6f1bda06815ab98728bdca9fbf4f5469ac,61bf2e5b5181cbe34a2f0d584053570943881804,13862,https://github.com/bazelbuild/bazel/issues/13862,https://github.com/bazelbuild/bazel/tree/7333aa6f1bda06815ab98728bdca9fbf4f5469ac,https://github.com/bazelbuild/bazel/tree/61bf2e5b5181cbe34a2f0d584053570943881804,https://github.com/bazelbuild/bazel/compare/7333aa6f1bda06815ab98728bdca9fbf4f5469ac...61bf2e5b5181cbe34a2f0d584053570943881804
953,Bazel,e5b3536583f742e0dda9fd377dffbda3c1e3d366,fd727ec96d861573dcbad3249d727a94eff84789,13862,https://github.com/bazelbuild/bazel/issues/13862,https://github.com/bazelbuild/bazel/tree/e5b3536583f742e0dda9fd377dffbda3c1e3d366,https://github.com/bazelbuild/bazel/tree/fd727ec96d861573dcbad3249d727a94eff84789,https://github.com/bazelbuild/bazel/compare/e5b3536583f742e0dda9fd377dffbda3c1e3d366...fd727ec96d861573dcbad3249d727a94eff84789
954,Bazel,0c1d09e4dce4c3251c2be2c70d4575ec65b1d9d3,ecd4c900b61416609d99c76a4e2190a4d6d7b97f,1393,https://github.com/bazelbuild/bazel/issues/1393,https://github.com/bazelbuild/bazel/tree/0c1d09e4dce4c3251c2be2c70d4575ec65b1d9d3,https://github.com/bazelbuild/bazel/tree/ecd4c900b61416609d99c76a4e2190a4d6d7b97f,https://github.com/bazelbuild/bazel/compare/0c1d09e4dce4c3251c2be2c70d4575ec65b1d9d3...ecd4c900b61416609d99c76a4e2190a4d6d7b97f
955,Bazel,b35944e4fedbfa65a7b081021959584ab9a07a84,62582bd74d2a154e94a9e1e64fcbeeae22fbf88c,9442,https://github.com/bazelbuild/bazel/issues/9442,https://github.com/bazelbuild/bazel/tree/b35944e4fedbfa65a7b081021959584ab9a07a84,https://github.com/bazelbuild/bazel/tree/62582bd74d2a154e94a9e1e64fcbeeae22fbf88c,https://github.com/bazelbuild/bazel/compare/b35944e4fedbfa65a7b081021959584ab9a07a84...62582bd74d2a154e94a9e1e64fcbeeae22fbf88c
956,Bazel,ed68933239e8922188a32afbaa8bd06cf89057dc,063b5c9c2c09b4794010b9a169b44890ffc79ec4,14178,https://github.com/bazelbuild/bazel/issues/14178,https://github.com/bazelbuild/bazel/tree/ed68933239e8922188a32afbaa8bd06cf89057dc,https://github.com/bazelbuild/bazel/tree/063b5c9c2c09b4794010b9a169b44890ffc79ec4,https://github.com/bazelbuild/bazel/compare/ed68933239e8922188a32afbaa8bd06cf89057dc...063b5c9c2c09b4794010b9a169b44890ffc79ec4
957,Bazel,28409cf7ff51b1fb794bf74943ddb778972c7545,3069ac4e33dcca6f3d1abf55940cdd764d03bdbf,8993,https://github.com/bazelbuild/bazel/issues/8993,https://github.com/bazelbuild/bazel/tree/28409cf7ff51b1fb794bf74943ddb778972c7545,https://github.com/bazelbuild/bazel/tree/3069ac4e33dcca6f3d1abf55940cdd764d03bdbf,https://github.com/bazelbuild/bazel/compare/28409cf7ff51b1fb794bf74943ddb778972c7545...3069ac4e33dcca6f3d1abf55940cdd764d03bdbf
958,Bazel,0b02ea47120340fa8283cbd9786b1f12d80457bf,3f1672e35a33195f30c79b92cf7c0029538993ac,11082,https://github.com/bazelbuild/bazel/issues/11082,https://github.com/bazelbuild/bazel/tree/0b02ea47120340fa8283cbd9786b1f12d80457bf,https://github.com/bazelbuild/bazel/tree/3f1672e35a33195f30c79b92cf7c0029538993ac,https://github.com/bazelbuild/bazel/compare/0b02ea47120340fa8283cbd9786b1f12d80457bf...3f1672e35a33195f30c79b92cf7c0029538993ac
959,Bazel,3f1672e35a33195f30c79b92cf7c0029538993ac,aa52f2ddf9bab1ebd18e5431124061e813bfcd80,13978,https://github.com/bazelbuild/bazel/issues/13978,https://github.com/bazelbuild/bazel/tree/3f1672e35a33195f30c79b92cf7c0029538993ac,https://github.com/bazelbuild/bazel/tree/aa52f2ddf9bab1ebd18e5431124061e813bfcd80,https://github.com/bazelbuild/bazel/compare/3f1672e35a33195f30c79b92cf7c0029538993ac...aa52f2ddf9bab1ebd18e5431124061e813bfcd80
960,Bazel,fbd4427136a9e204fdd6f64d0bd2463aaa8ac322,6e1b440a94214fdef0f6dd489c0aa3c4fdc6ef87,11082,https://github.com/bazelbuild/bazel/issues/11082,https://github.com/bazelbuild/bazel/tree/fbd4427136a9e204fdd6f64d0bd2463aaa8ac322,https://github.com/bazelbuild/bazel/tree/6e1b440a94214fdef0f6dd489c0aa3c4fdc6ef87,https://github.com/bazelbuild/bazel/compare/fbd4427136a9e204fdd6f64d0bd2463aaa8ac322...6e1b440a94214fdef0f6dd489c0aa3c4fdc6ef87
961,Bazel,7f74878b9da57666f04cb607a3d7a36122143863,ae0a6c98d4f94abedbedb2d51c27de5febd7df67,14273,https://github.com/bazelbuild/bazel/issues/14273,https://github.com/bazelbuild/bazel/tree/7f74878b9da57666f04cb607a3d7a36122143863,https://github.com/bazelbuild/bazel/tree/ae0a6c98d4f94abedbedb2d51c27de5febd7df67,https://github.com/bazelbuild/bazel/compare/7f74878b9da57666f04cb607a3d7a36122143863...ae0a6c98d4f94abedbedb2d51c27de5febd7df67
962,Bazel,a556f78702c7e81b67e1adee129a875cee877fb9,c05c6261cdb2cacb7c9881c255c0ada435ab5182,14286,https://github.com/bazelbuild/bazel/issues/14286,https://github.com/bazelbuild/bazel/tree/a556f78702c7e81b67e1adee129a875cee877fb9,https://github.com/bazelbuild/bazel/tree/c05c6261cdb2cacb7c9881c255c0ada435ab5182,https://github.com/bazelbuild/bazel/compare/a556f78702c7e81b67e1adee129a875cee877fb9...c05c6261cdb2cacb7c9881c255c0ada435ab5182
963,Bazel,ab9b673ff8f11242f689b91dd38da4187a4fac0b,c4cbe38bbd8d840c2f27432483438edc8f597eb3,14521,https://github.com/bazelbuild/bazel/issues/14521,https://github.com/bazelbuild/bazel/tree/ab9b673ff8f11242f689b91dd38da4187a4fac0b,https://github.com/bazelbuild/bazel/tree/c4cbe38bbd8d840c2f27432483438edc8f597eb3,https://github.com/bazelbuild/bazel/compare/ab9b673ff8f11242f689b91dd38da4187a4fac0b...c4cbe38bbd8d840c2f27432483438edc8f597eb3
964,Bazel,78d01316b22667e9d1758472c91dfee35cc189bd,69f8b172ae8495587751564284fc126300cae6fe,14259,https://github.com/bazelbuild/bazel/issues/14259,https://github.com/bazelbuild/bazel/tree/78d01316b22667e9d1758472c91dfee35cc189bd,https://github.com/bazelbuild/bazel/tree/69f8b172ae8495587751564284fc126300cae6fe,https://github.com/bazelbuild/bazel/compare/78d01316b22667e9d1758472c91dfee35cc189bd...69f8b172ae8495587751564284fc126300cae6fe
965,Bazel,6b32f227f21c9a9e5dbff713ac1ba3f662b47007,621649d5f927d5087bfc7f8a9b82f929723fc9cd,14576,https://github.com/bazelbuild/bazel/issues/14576,https://github.com/bazelbuild/bazel/tree/6b32f227f21c9a9e5dbff713ac1ba3f662b47007,https://github.com/bazelbuild/bazel/tree/621649d5f927d5087bfc7f8a9b82f929723fc9cd,https://github.com/bazelbuild/bazel/compare/6b32f227f21c9a9e5dbff713ac1ba3f662b47007...621649d5f927d5087bfc7f8a9b82f929723fc9cd
966,Bazel,168b89b7cd7aaa3a84cdfbb4d3af0b544ef6944b,d826b8dca43e5399f3ae9ced3cb8c189997714e1,13240,https://github.com/bazelbuild/bazel/issues/13240,https://github.com/bazelbuild/bazel/tree/168b89b7cd7aaa3a84cdfbb4d3af0b544ef6944b,https://github.com/bazelbuild/bazel/tree/d826b8dca43e5399f3ae9ced3cb8c189997714e1,https://github.com/bazelbuild/bazel/compare/168b89b7cd7aaa3a84cdfbb4d3af0b544ef6944b...d826b8dca43e5399f3ae9ced3cb8c189997714e1
967,Bazel,6ac0ee524419c7c99964c303373bdf32fe90ffe0,ad663a78647c2f4a9b1e2bf3b17af684a4d4c472,14363,https://github.com/bazelbuild/bazel/issues/14363,https://github.com/bazelbuild/bazel/tree/6ac0ee524419c7c99964c303373bdf32fe90ffe0,https://github.com/bazelbuild/bazel/tree/ad663a78647c2f4a9b1e2bf3b17af684a4d4c472,https://github.com/bazelbuild/bazel/compare/6ac0ee524419c7c99964c303373bdf32fe90ffe0...ad663a78647c2f4a9b1e2bf3b17af684a4d4c472
968,Bazel,621649d5f927d5087bfc7f8a9b82f929723fc9cd,3836ad029f202ca13c64c9f07e4568ea8ab2d9a6,14620,https://github.com/bazelbuild/bazel/issues/14620,https://github.com/bazelbuild/bazel/tree/621649d5f927d5087bfc7f8a9b82f929723fc9cd,https://github.com/bazelbuild/bazel/tree/3836ad029f202ca13c64c9f07e4568ea8ab2d9a6,https://github.com/bazelbuild/bazel/compare/621649d5f927d5087bfc7f8a9b82f929723fc9cd...3836ad029f202ca13c64c9f07e4568ea8ab2d9a6
969,Bazel,138a1cb449794801eb88b2697dcfd2b48ec54078,8734ccf9847eafb7193388cd9c6fa78faa78283f,13819,https://github.com/bazelbuild/bazel/issues/13819,https://github.com/bazelbuild/bazel/tree/138a1cb449794801eb88b2697dcfd2b48ec54078,https://github.com/bazelbuild/bazel/tree/8734ccf9847eafb7193388cd9c6fa78faa78283f,https://github.com/bazelbuild/bazel/compare/138a1cb449794801eb88b2697dcfd2b48ec54078...8734ccf9847eafb7193388cd9c6fa78faa78283f
970,Bazel,b3a7cd89c131517c7aa8836ddefb2a200ce0ea22,7b8809b461e9c6cafc8e607fce6f3336963fae7a,14135,https://github.com/bazelbuild/bazel/issues/14135,https://github.com/bazelbuild/bazel/tree/b3a7cd89c131517c7aa8836ddefb2a200ce0ea22,https://github.com/bazelbuild/bazel/tree/7b8809b461e9c6cafc8e607fce6f3336963fae7a,https://github.com/bazelbuild/bazel/compare/b3a7cd89c131517c7aa8836ddefb2a200ce0ea22...7b8809b461e9c6cafc8e607fce6f3336963fae7a
971,Bazel,426188c4657a6bbe1d11d7f1f694c7a6a4148f10,a73aa12be65454ac8cfb5a8f3e056c420402f997,14787,https://github.com/bazelbuild/bazel/issues/14787,https://github.com/bazelbuild/bazel/tree/426188c4657a6bbe1d11d7f1f694c7a6a4148f10,https://github.com/bazelbuild/bazel/tree/a73aa12be65454ac8cfb5a8f3e056c420402f997,https://github.com/bazelbuild/bazel/compare/426188c4657a6bbe1d11d7f1f694c7a6a4148f10...a73aa12be65454ac8cfb5a8f3e056c420402f997
972,Bazel,bc2f0519a4e6f0ac3ea42ff50da2c9919c5b6c0e,f789c0d8dde1e7b5314adcf0de40a693b47f2d50,14894,https://github.com/bazelbuild/bazel/issues/14894,https://github.com/bazelbuild/bazel/tree/bc2f0519a4e6f0ac3ea42ff50da2c9919c5b6c0e,https://github.com/bazelbuild/bazel/tree/f789c0d8dde1e7b5314adcf0de40a693b47f2d50,https://github.com/bazelbuild/bazel/compare/bc2f0519a4e6f0ac3ea42ff50da2c9919c5b6c0e...f789c0d8dde1e7b5314adcf0de40a693b47f2d50
973,Bazel,9515e9bd4d3f56918ad54efe85cbe1ce7880787a,a151116f7f671efea9a95f3e251561e53e535cca,14543,https://github.com/bazelbuild/bazel/issues/14543,https://github.com/bazelbuild/bazel/tree/9515e9bd4d3f56918ad54efe85cbe1ce7880787a,https://github.com/bazelbuild/bazel/tree/a151116f7f671efea9a95f3e251561e53e535cca,https://github.com/bazelbuild/bazel/compare/9515e9bd4d3f56918ad54efe85cbe1ce7880787a...a151116f7f671efea9a95f3e251561e53e535cca
974,Bazel,76c10483a5b668567741c413f9c21c1a290e6291,71747ccc9d0032a865854613329362563c0574df,14969,https://github.com/bazelbuild/bazel/issues/14969,https://github.com/bazelbuild/bazel/tree/76c10483a5b668567741c413f9c21c1a290e6291,https://github.com/bazelbuild/bazel/tree/71747ccc9d0032a865854613329362563c0574df,https://github.com/bazelbuild/bazel/compare/76c10483a5b668567741c413f9c21c1a290e6291...71747ccc9d0032a865854613329362563c0574df
975,Bazel,9dea9e8591bad895b7420d383012f100f98d3e4f,ec8fb7969614c6b3752392089e2310708d103225,15079,https://github.com/bazelbuild/bazel/issues/15079,https://github.com/bazelbuild/bazel/tree/9dea9e8591bad895b7420d383012f100f98d3e4f,https://github.com/bazelbuild/bazel/tree/ec8fb7969614c6b3752392089e2310708d103225,https://github.com/bazelbuild/bazel/compare/9dea9e8591bad895b7420d383012f100f98d3e4f...ec8fb7969614c6b3752392089e2310708d103225
976,Bazel,ccbcefdf48bb83b30118d8c5b2358d4588cf07d6,702df847cf32789ffe6c0a7c7679e92a7ccccb8d,14433,https://github.com/bazelbuild/bazel/issues/14433,https://github.com/bazelbuild/bazel/tree/ccbcefdf48bb83b30118d8c5b2358d4588cf07d6,https://github.com/bazelbuild/bazel/tree/702df847cf32789ffe6c0a7c7679e92a7ccccb8d,https://github.com/bazelbuild/bazel/compare/ccbcefdf48bb83b30118d8c5b2358d4588cf07d6...702df847cf32789ffe6c0a7c7679e92a7ccccb8d
977,Bazel,041f7ce667d7e900049cba3b06f668b222787f1f,45b225d5bdc5a1e2f1414d4a5a27ddf267dc4e15,14969,https://github.com/bazelbuild/bazel/issues/14969,https://github.com/bazelbuild/bazel/tree/041f7ce667d7e900049cba3b06f668b222787f1f,https://github.com/bazelbuild/bazel/tree/45b225d5bdc5a1e2f1414d4a5a27ddf267dc4e15,https://github.com/bazelbuild/bazel/compare/041f7ce667d7e900049cba3b06f668b222787f1f...45b225d5bdc5a1e2f1414d4a5a27ddf267dc4e15
978,Bazel,397f10812f7944ba45097c555940204cbac9dc98,27707995cc6576ed1f51fbdb199ff8512e8418c9,15098,https://github.com/bazelbuild/bazel/issues/15098,https://github.com/bazelbuild/bazel/tree/397f10812f7944ba45097c555940204cbac9dc98,https://github.com/bazelbuild/bazel/tree/27707995cc6576ed1f51fbdb199ff8512e8418c9,https://github.com/bazelbuild/bazel/compare/397f10812f7944ba45097c555940204cbac9dc98...27707995cc6576ed1f51fbdb199ff8512e8418c9
979,Bazel,299022ca2dc49b6cb27b2674f933755306ae8b9b,dbb6e9954b6e4423f727feb2719ffc75a93b514b,8175,https://github.com/bazelbuild/bazel/issues/8175,https://github.com/bazelbuild/bazel/tree/299022ca2dc49b6cb27b2674f933755306ae8b9b,https://github.com/bazelbuild/bazel/tree/dbb6e9954b6e4423f727feb2719ffc75a93b514b,https://github.com/bazelbuild/bazel/compare/299022ca2dc49b6cb27b2674f933755306ae8b9b...dbb6e9954b6e4423f727feb2719ffc75a93b514b
980,Bazel,276fb093b83c37d9c4d2b6df01c04700e7aa3346,724177ffdef776ac41a46c377e54b6ef535f9446,14969,https://github.com/bazelbuild/bazel/issues/14969,https://github.com/bazelbuild/bazel/tree/276fb093b83c37d9c4d2b6df01c04700e7aa3346,https://github.com/bazelbuild/bazel/tree/724177ffdef776ac41a46c377e54b6ef535f9446,https://github.com/bazelbuild/bazel/compare/276fb093b83c37d9c4d2b6df01c04700e7aa3346...724177ffdef776ac41a46c377e54b6ef535f9446
981,Bazel,79badc0bf7937e8443bbe9171d92aefcf1e90e6f,83ca7d1d7533e610e1dec7ecdcf35a0927087041,15373,https://github.com/bazelbuild/bazel/issues/15373,https://github.com/bazelbuild/bazel/tree/79badc0bf7937e8443bbe9171d92aefcf1e90e6f,https://github.com/bazelbuild/bazel/tree/83ca7d1d7533e610e1dec7ecdcf35a0927087041,https://github.com/bazelbuild/bazel/compare/79badc0bf7937e8443bbe9171d92aefcf1e90e6f...83ca7d1d7533e610e1dec7ecdcf35a0927087041
982,Bazel,8746d45240cc3973979916594793ecc2092fe533,1e405417457210191a4f4b3a7ce7950720a16cc7,15224,https://github.com/bazelbuild/bazel/issues/15224,https://github.com/bazelbuild/bazel/tree/8746d45240cc3973979916594793ecc2092fe533,https://github.com/bazelbuild/bazel/tree/1e405417457210191a4f4b3a7ce7950720a16cc7,https://github.com/bazelbuild/bazel/compare/8746d45240cc3973979916594793ecc2092fe533...1e405417457210191a4f4b3a7ce7950720a16cc7
983,Bazel,8746d45240cc3973979916594793ecc2092fe533,1e405417457210191a4f4b3a7ce7950720a16cc7,15225,https://github.com/bazelbuild/bazel/issues/15225,https://github.com/bazelbuild/bazel/tree/8746d45240cc3973979916594793ecc2092fe533,https://github.com/bazelbuild/bazel/tree/1e405417457210191a4f4b3a7ce7950720a16cc7,https://github.com/bazelbuild/bazel/compare/8746d45240cc3973979916594793ecc2092fe533...1e405417457210191a4f4b3a7ce7950720a16cc7
984,Bazel,8002df18400f77554fe7ea9628eb2db74468b1d4,4310aeb36c134e5fc61ed5cdfdf683f3e95f19b7,6393,https://github.com/bazelbuild/bazel/issues/6393,https://github.com/bazelbuild/bazel/tree/8002df18400f77554fe7ea9628eb2db74468b1d4,https://github.com/bazelbuild/bazel/tree/4310aeb36c134e5fc61ed5cdfdf683f3e95f19b7,https://github.com/bazelbuild/bazel/compare/8002df18400f77554fe7ea9628eb2db74468b1d4...4310aeb36c134e5fc61ed5cdfdf683f3e95f19b7
985,Bazel,830d4649b42451161adbdf907d9935e648f17d8c,2f1ff6fa17c3c30b2533bffe81f40eab06b453b9,15385,https://github.com/bazelbuild/bazel/issues/15385,https://github.com/bazelbuild/bazel/tree/830d4649b42451161adbdf907d9935e648f17d8c,https://github.com/bazelbuild/bazel/tree/2f1ff6fa17c3c30b2533bffe81f40eab06b453b9,https://github.com/bazelbuild/bazel/compare/830d4649b42451161adbdf907d9935e648f17d8c...2f1ff6fa17c3c30b2533bffe81f40eab06b453b9
986,Bazel,17273615633abbbdcd0b0f7b0945a7d479b709e4,6b21b7773157a1eebd3dfe79ff4c4ee750059daf,15214,https://github.com/bazelbuild/bazel/issues/15214,https://github.com/bazelbuild/bazel/tree/17273615633abbbdcd0b0f7b0945a7d479b709e4,https://github.com/bazelbuild/bazel/tree/6b21b7773157a1eebd3dfe79ff4c4ee750059daf,https://github.com/bazelbuild/bazel/compare/17273615633abbbdcd0b0f7b0945a7d479b709e4...6b21b7773157a1eebd3dfe79ff4c4ee750059daf
987,Bazel,1a7083ebc76ab4c7100cc92913555596ffdc2049,24329485397ff03c4733a59278056d297006fc5a,7982,https://github.com/bazelbuild/bazel/issues/7982,https://github.com/bazelbuild/bazel/tree/1a7083ebc76ab4c7100cc92913555596ffdc2049,https://github.com/bazelbuild/bazel/tree/24329485397ff03c4733a59278056d297006fc5a,https://github.com/bazelbuild/bazel/compare/1a7083ebc76ab4c7100cc92913555596ffdc2049...24329485397ff03c4733a59278056d297006fc5a
988,Bazel,de37930d7d046d1a96f9c0f725cfb99b453204d0,c9b2417c2faa7d5cdfcd4dfb54899c44fcb34ea7,14969,https://github.com/bazelbuild/bazel/issues/14969,https://github.com/bazelbuild/bazel/tree/de37930d7d046d1a96f9c0f725cfb99b453204d0,https://github.com/bazelbuild/bazel/tree/c9b2417c2faa7d5cdfcd4dfb54899c44fcb34ea7,https://github.com/bazelbuild/bazel/compare/de37930d7d046d1a96f9c0f725cfb99b453204d0...c9b2417c2faa7d5cdfcd4dfb54899c44fcb34ea7
989,Bazel,4c3219ec5fc2f74b45f7b29b029caf56ed8a1b4d,2d42925ae80c0fb007aa39f4e210122611897255,14459,https://github.com/bazelbuild/bazel/issues/14459,https://github.com/bazelbuild/bazel/tree/4c3219ec5fc2f74b45f7b29b029caf56ed8a1b4d,https://github.com/bazelbuild/bazel/tree/2d42925ae80c0fb007aa39f4e210122611897255,https://github.com/bazelbuild/bazel/compare/4c3219ec5fc2f74b45f7b29b029caf56ed8a1b4d...2d42925ae80c0fb007aa39f4e210122611897255
990,Bazel,0529fdb18f42c1381cdefe7534e5b5d86ac1e673,f9c7fdb27a33b0f1738cd385590c1efa067b07db,14969,https://github.com/bazelbuild/bazel/issues/14969,https://github.com/bazelbuild/bazel/tree/0529fdb18f42c1381cdefe7534e5b5d86ac1e673,https://github.com/bazelbuild/bazel/tree/f9c7fdb27a33b0f1738cd385590c1efa067b07db,https://github.com/bazelbuild/bazel/compare/0529fdb18f42c1381cdefe7534e5b5d86ac1e673...f9c7fdb27a33b0f1738cd385590c1efa067b07db
991,Bazel,bbe2978fca0304720bc495c398935cd083a9996c,d06504e078bed4541ca335f20600b905a5f80744,16041,https://github.com/bazelbuild/bazel/issues/16041,https://github.com/bazelbuild/bazel/tree/bbe2978fca0304720bc495c398935cd083a9996c,https://github.com/bazelbuild/bazel/tree/d06504e078bed4541ca335f20600b905a5f80744,https://github.com/bazelbuild/bazel/compare/bbe2978fca0304720bc495c398935cd083a9996c...d06504e078bed4541ca335f20600b905a5f80744
992,Bazel,de02e3f62598dbe8dcff68b4040f34da3322c720,1ad3b6cb44741f11bf94c8a7826a639a59c5fafa,15452,https://github.com/bazelbuild/bazel/issues/15452,https://github.com/bazelbuild/bazel/tree/de02e3f62598dbe8dcff68b4040f34da3322c720,https://github.com/bazelbuild/bazel/tree/1ad3b6cb44741f11bf94c8a7826a639a59c5fafa,https://github.com/bazelbuild/bazel/compare/de02e3f62598dbe8dcff68b4040f34da3322c720...1ad3b6cb44741f11bf94c8a7826a639a59c5fafa
993,Bazel,1bf22468ae52a11419e233621e2fa1de3c8a6ac2,ef3f05852b3bf542903f091184da96b96354a13d,12707,https://github.com/bazelbuild/bazel/issues/12707,https://github.com/bazelbuild/bazel/tree/1bf22468ae52a11419e233621e2fa1de3c8a6ac2,https://github.com/bazelbuild/bazel/tree/ef3f05852b3bf542903f091184da96b96354a13d,https://github.com/bazelbuild/bazel/compare/1bf22468ae52a11419e233621e2fa1de3c8a6ac2...ef3f05852b3bf542903f091184da96b96354a13d
994,Bazel,c93a2c17eb8eb666b50f998cc3c2829657d87ab7,7b141c1edf243acae5859f56cd0afff2d3eaba32,12417,https://github.com/bazelbuild/bazel/issues/12417,https://github.com/bazelbuild/bazel/tree/c93a2c17eb8eb666b50f998cc3c2829657d87ab7,https://github.com/bazelbuild/bazel/tree/7b141c1edf243acae5859f56cd0afff2d3eaba32,https://github.com/bazelbuild/bazel/compare/c93a2c17eb8eb666b50f998cc3c2829657d87ab7...7b141c1edf243acae5859f56cd0afff2d3eaba32
995,Bazel,c93a2c17eb8eb666b50f998cc3c2829657d87ab7,7b141c1edf243acae5859f56cd0afff2d3eaba32,16264,https://github.com/bazelbuild/bazel/issues/16264,https://github.com/bazelbuild/bazel/tree/c93a2c17eb8eb666b50f998cc3c2829657d87ab7,https://github.com/bazelbuild/bazel/tree/7b141c1edf243acae5859f56cd0afff2d3eaba32,https://github.com/bazelbuild/bazel/compare/c93a2c17eb8eb666b50f998cc3c2829657d87ab7...7b141c1edf243acae5859f56cd0afff2d3eaba32
996,Bazel,56dba009fb27e4345829e5ac108b1dd0ec1e3fb9,77e5b26ce8b02ccb6e642c496678b348c6cda064,14969,https://github.com/bazelbuild/bazel/issues/14969,https://github.com/bazelbuild/bazel/tree/56dba009fb27e4345829e5ac108b1dd0ec1e3fb9,https://github.com/bazelbuild/bazel/tree/77e5b26ce8b02ccb6e642c496678b348c6cda064,https://github.com/bazelbuild/bazel/compare/56dba009fb27e4345829e5ac108b1dd0ec1e3fb9...77e5b26ce8b02ccb6e642c496678b348c6cda064
997,Bazel,56dba009fb27e4345829e5ac108b1dd0ec1e3fb9,77e5b26ce8b02ccb6e642c496678b348c6cda064,16303,https://github.com/bazelbuild/bazel/issues/16303,https://github.com/bazelbuild/bazel/tree/56dba009fb27e4345829e5ac108b1dd0ec1e3fb9,https://github.com/bazelbuild/bazel/tree/77e5b26ce8b02ccb6e642c496678b348c6cda064,https://github.com/bazelbuild/bazel/compare/56dba009fb27e4345829e5ac108b1dd0ec1e3fb9...77e5b26ce8b02ccb6e642c496678b348c6cda064
998,Bazel,41865981350eb84c8b91e3ea2d09e1c2be1bb46d,5dcefe10dfe2baf5bcb09d801b9831f54774eba5,15653,https://github.com/bazelbuild/bazel/issues/15653,https://github.com/bazelbuild/bazel/tree/41865981350eb84c8b91e3ea2d09e1c2be1bb46d,https://github.com/bazelbuild/bazel/tree/5dcefe10dfe2baf5bcb09d801b9831f54774eba5,https://github.com/bazelbuild/bazel/compare/41865981350eb84c8b91e3ea2d09e1c2be1bb46d...5dcefe10dfe2baf5bcb09d801b9831f54774eba5
999,Bazel,633348c83906431f710757d8e0aa366155a70e3f,32b0f5a258ee83b040d6975a6bd0795670f5cd47,15678,https://github.com/bazelbuild/bazel/issues/15678,https://github.com/bazelbuild/bazel/tree/633348c83906431f710757d8e0aa366155a70e3f,https://github.com/bazelbuild/bazel/tree/32b0f5a258ee83b040d6975a6bd0795670f5cd47,https://github.com/bazelbuild/bazel/compare/633348c83906431f710757d8e0aa366155a70e3f...32b0f5a258ee83b040d6975a6bd0795670f5cd47
1000,Bazel,f92164335b2d79eb643f8de0bdbee0e75572948f,a5ab6c5f85b97a88c77e6c013d6ca720fb446d17,16499,https://github.com/bazelbuild/bazel/issues/16499,https://github.com/bazelbuild/bazel/tree/f92164335b2d79eb643f8de0bdbee0e75572948f,https://github.com/bazelbuild/bazel/tree/a5ab6c5f85b97a88c77e6c013d6ca720fb446d17,https://github.com/bazelbuild/bazel/compare/f92164335b2d79eb643f8de0bdbee0e75572948f...a5ab6c5f85b97a88c77e6c013d6ca720fb446d17
1001,Bazel,9feeb1d928899e3b390241da6d6cfbc8dca1e4a6,08fd627be951a9c464e46655daea4fe636e3d8e1,14969,https://github.com/bazelbuild/bazel/issues/14969,https://github.com/bazelbuild/bazel/tree/9feeb1d928899e3b390241da6d6cfbc8dca1e4a6,https://github.com/bazelbuild/bazel/tree/08fd627be951a9c464e46655daea4fe636e3d8e1,https://github.com/bazelbuild/bazel/compare/9feeb1d928899e3b390241da6d6cfbc8dca1e4a6...08fd627be951a9c464e46655daea4fe636e3d8e1
1002,Bazel,9feeb1d928899e3b390241da6d6cfbc8dca1e4a6,08fd627be951a9c464e46655daea4fe636e3d8e1,16303,https://github.com/bazelbuild/bazel/issues/16303,https://github.com/bazelbuild/bazel/tree/9feeb1d928899e3b390241da6d6cfbc8dca1e4a6,https://github.com/bazelbuild/bazel/tree/08fd627be951a9c464e46655daea4fe636e3d8e1,https://github.com/bazelbuild/bazel/compare/9feeb1d928899e3b390241da6d6cfbc8dca1e4a6...08fd627be951a9c464e46655daea4fe636e3d8e1
1003,Bazel,441eefe31d012efd698d5c39046230247b40097e,37e5b233f3cebdf5704758b7f748f3d3be11b175,13240,https://github.com/bazelbuild/bazel/issues/13240,https://github.com/bazelbuild/bazel/tree/441eefe31d012efd698d5c39046230247b40097e,https://github.com/bazelbuild/bazel/tree/37e5b233f3cebdf5704758b7f748f3d3be11b175,https://github.com/bazelbuild/bazel/compare/441eefe31d012efd698d5c39046230247b40097e...37e5b233f3cebdf5704758b7f748f3d3be11b175
1004,Bazel,b8d0e26357065740d4007223cf20f488a120290e,f8d516e5004cfcf3460b91018396c6abcd5a765e,14969,https://github.com/bazelbuild/bazel/issues/14969,https://github.com/bazelbuild/bazel/tree/b8d0e26357065740d4007223cf20f488a120290e,https://github.com/bazelbuild/bazel/tree/f8d516e5004cfcf3460b91018396c6abcd5a765e,https://github.com/bazelbuild/bazel/compare/b8d0e26357065740d4007223cf20f488a120290e...f8d516e5004cfcf3460b91018396c6abcd5a765e
1005,Bazel,27e4c6243524156d880bd04e834db5ebdb0a69af,4392eb678c4444f52b3f6fc3cbce87d622f777f8,17713,https://github.com/bazelbuild/bazel/issues/17713,https://github.com/bazelbuild/bazel/tree/27e4c6243524156d880bd04e834db5ebdb0a69af,https://github.com/bazelbuild/bazel/tree/4392eb678c4444f52b3f6fc3cbce87d622f777f8,https://github.com/bazelbuild/bazel/compare/27e4c6243524156d880bd04e834db5ebdb0a69af...4392eb678c4444f52b3f6fc3cbce87d622f777f8
1006,Bazel,2b4555301218009a518870180b830b06f61f9b6e,1d2e9c87f50051aa4031a432a53e076d382f63be,17663,https://github.com/bazelbuild/bazel/issues/17663,https://github.com/bazelbuild/bazel/tree/2b4555301218009a518870180b830b06f61f9b6e,https://github.com/bazelbuild/bazel/tree/1d2e9c87f50051aa4031a432a53e076d382f63be,https://github.com/bazelbuild/bazel/compare/2b4555301218009a518870180b830b06f61f9b6e...1d2e9c87f50051aa4031a432a53e076d382f63be
1007,Bazel,91584dd4f189f60b67d1984aeeaf2de8496ea824,368bf117513731909337b6e2bd5082c046399506,17009,https://github.com/bazelbuild/bazel/issues/17009,https://github.com/bazelbuild/bazel/tree/91584dd4f189f60b67d1984aeeaf2de8496ea824,https://github.com/bazelbuild/bazel/tree/368bf117513731909337b6e2bd5082c046399506,https://github.com/bazelbuild/bazel/compare/91584dd4f189f60b67d1984aeeaf2de8496ea824...368bf117513731909337b6e2bd5082c046399506
1008,Bazel,6b65cf3818add9129e79ba1519c9f435e321f5ee,be1b115227754531f88afa9d9f413fe424cd565f,1101,https://github.com/bazelbuild/bazel/issues/1101,https://github.com/bazelbuild/bazel/tree/6b65cf3818add9129e79ba1519c9f435e321f5ee,https://github.com/bazelbuild/bazel/tree/be1b115227754531f88afa9d9f413fe424cd565f,https://github.com/bazelbuild/bazel/compare/6b65cf3818add9129e79ba1519c9f435e321f5ee...be1b115227754531f88afa9d9f413fe424cd565f
1009,Bazel,1840ad0041b32573b2a40e3a3f008ffe18bfdae6,91584dd4f189f60b67d1984aeeaf2de8496ea824,17675,https://github.com/bazelbuild/bazel/issues/17675,https://github.com/bazelbuild/bazel/tree/1840ad0041b32573b2a40e3a3f008ffe18bfdae6,https://github.com/bazelbuild/bazel/tree/91584dd4f189f60b67d1984aeeaf2de8496ea824,https://github.com/bazelbuild/bazel/compare/1840ad0041b32573b2a40e3a3f008ffe18bfdae6...91584dd4f189f60b67d1984aeeaf2de8496ea824
1010,Bazel,2abff94063ba9b6247217cbe3e478c97d6c7dad3,b2c1caca25dac870ba5e57138b2a27435371b741,13240,https://github.com/bazelbuild/bazel/issues/13240,https://github.com/bazelbuild/bazel/tree/2abff94063ba9b6247217cbe3e478c97d6c7dad3,https://github.com/bazelbuild/bazel/tree/b2c1caca25dac870ba5e57138b2a27435371b741,https://github.com/bazelbuild/bazel/compare/2abff94063ba9b6247217cbe3e478c97d6c7dad3...b2c1caca25dac870ba5e57138b2a27435371b741
1011,Bazel,71460869f2ac873558359934b1bf814de07b902f,763f1d976ba679e5b7aebe63a978a4ab80fca310,14723,https://github.com/bazelbuild/bazel/issues/14723,https://github.com/bazelbuild/bazel/tree/71460869f2ac873558359934b1bf814de07b902f,https://github.com/bazelbuild/bazel/tree/763f1d976ba679e5b7aebe63a978a4ab80fca310,https://github.com/bazelbuild/bazel/compare/71460869f2ac873558359934b1bf814de07b902f...763f1d976ba679e5b7aebe63a978a4ab80fca310
1012,Bazel,0f5fe462c02a0b4151b62b3633c139cb7babbbab,0210e45599ec55d57160a77c41dd4eb578b11ddf,14969,https://github.com/bazelbuild/bazel/issues/14969,https://github.com/bazelbuild/bazel/tree/0f5fe462c02a0b4151b62b3633c139cb7babbbab,https://github.com/bazelbuild/bazel/tree/0210e45599ec55d57160a77c41dd4eb578b11ddf,https://github.com/bazelbuild/bazel/compare/0f5fe462c02a0b4151b62b3633c139cb7babbbab...0210e45599ec55d57160a77c41dd4eb578b11ddf
1013,Bazel,6adbbc9e4074248376439fc0598d9f08190b0aa6,8a41be90cf24258db14a8ca1be7c4334d0076dd5,15716,https://github.com/bazelbuild/bazel/issues/15716,https://github.com/bazelbuild/bazel/tree/6adbbc9e4074248376439fc0598d9f08190b0aa6,https://github.com/bazelbuild/bazel/tree/8a41be90cf24258db14a8ca1be7c4334d0076dd5,https://github.com/bazelbuild/bazel/compare/6adbbc9e4074248376439fc0598d9f08190b0aa6...8a41be90cf24258db14a8ca1be7c4334d0076dd5
1014,Bazel,5497b791853cd203a5d4a86b120bdb29a368674b,3c298fdb868d17d30ef5c19b3f3b488e5ed2c8a9,20521,https://github.com/bazelbuild/bazel/issues/20521,https://github.com/bazelbuild/bazel/tree/5497b791853cd203a5d4a86b120bdb29a368674b,https://github.com/bazelbuild/bazel/tree/3c298fdb868d17d30ef5c19b3f3b488e5ed2c8a9,https://github.com/bazelbuild/bazel/compare/5497b791853cd203a5d4a86b120bdb29a368674b...3c298fdb868d17d30ef5c19b3f3b488e5ed2c8a9
1015,Bazel,591d1257c51c2f997e067964878e3a9c7ee1f89c,51f71f1a0f12a597e6166e43907e9f2d0de0222e,19920,https://github.com/bazelbuild/bazel/issues/19920,https://github.com/bazelbuild/bazel/tree/591d1257c51c2f997e067964878e3a9c7ee1f89c,https://github.com/bazelbuild/bazel/tree/51f71f1a0f12a597e6166e43907e9f2d0de0222e,https://github.com/bazelbuild/bazel/compare/591d1257c51c2f997e067964878e3a9c7ee1f89c...51f71f1a0f12a597e6166e43907e9f2d0de0222e
1016,Bazel,18409dc44cac1fee1ece6e6a9b5a885b96a4f691,2f3cdc530db18c4af952e2fb0f24c8672902a27e,3886,https://github.com/bazelbuild/bazel/issues/3886,https://github.com/bazelbuild/bazel/tree/18409dc44cac1fee1ece6e6a9b5a885b96a4f691,https://github.com/bazelbuild/bazel/tree/2f3cdc530db18c4af952e2fb0f24c8672902a27e,https://github.com/bazelbuild/bazel/compare/18409dc44cac1fee1ece6e6a9b5a885b96a4f691...2f3cdc530db18c4af952e2fb0f24c8672902a27e
1017,Bazel,21ad24c1baff0cc1b2fd70702d9fe2cc7c8ee32c,e11506feaea7401c3d27f55b47183ef49bd1d5a8,20509,https://github.com/bazelbuild/bazel/issues/20509,https://github.com/bazelbuild/bazel/tree/21ad24c1baff0cc1b2fd70702d9fe2cc7c8ee32c,https://github.com/bazelbuild/bazel/tree/e11506feaea7401c3d27f55b47183ef49bd1d5a8,https://github.com/bazelbuild/bazel/compare/21ad24c1baff0cc1b2fd70702d9fe2cc7c8ee32c...e11506feaea7401c3d27f55b47183ef49bd1d5a8
1018,Bazel,132f73ae0250cbdbfb020d3cb412feda55a39562,3748084889d85b132e0a8371cb2ab1eafdc311da,20527,https://github.com/bazelbuild/bazel/issues/20527,https://github.com/bazelbuild/bazel/tree/132f73ae0250cbdbfb020d3cb412feda55a39562,https://github.com/bazelbuild/bazel/tree/3748084889d85b132e0a8371cb2ab1eafdc311da,https://github.com/bazelbuild/bazel/compare/132f73ae0250cbdbfb020d3cb412feda55a39562...3748084889d85b132e0a8371cb2ab1eafdc311da
1019,Bazel,c0d7c2d2c125a1ccfa80a3add919db6822dedb8d,6783339e3fd21655b7fa3be2daedde4491ae0348,21593,https://github.com/bazelbuild/bazel/issues/21593,https://github.com/bazelbuild/bazel/tree/c0d7c2d2c125a1ccfa80a3add919db6822dedb8d,https://github.com/bazelbuild/bazel/tree/6783339e3fd21655b7fa3be2daedde4491ae0348,https://github.com/bazelbuild/bazel/compare/c0d7c2d2c125a1ccfa80a3add919db6822dedb8d...6783339e3fd21655b7fa3be2daedde4491ae0348
1020,Bazel,3cf744250b3253a7e50ff998425cf68a129eea05,a4f78d08792c5e65bc5261c2f7020298cb554c8e,21628,https://github.com/bazelbuild/bazel/issues/21628,https://github.com/bazelbuild/bazel/tree/3cf744250b3253a7e50ff998425cf68a129eea05,https://github.com/bazelbuild/bazel/tree/a4f78d08792c5e65bc5261c2f7020298cb554c8e,https://github.com/bazelbuild/bazel/compare/3cf744250b3253a7e50ff998425cf68a129eea05...a4f78d08792c5e65bc5261c2f7020298cb554c8e
1021,Bazel,f8b1b7e126550713199f0e81fd3a72512b600b5d,7ba8662d201b90ba32667b822c4842709b2b0e38,1882,https://github.com/bazelbuild/bazel/issues/1882,https://github.com/bazelbuild/bazel/tree/f8b1b7e126550713199f0e81fd3a72512b600b5d,https://github.com/bazelbuild/bazel/tree/7ba8662d201b90ba32667b822c4842709b2b0e38,https://github.com/bazelbuild/bazel/compare/f8b1b7e126550713199f0e81fd3a72512b600b5d...7ba8662d201b90ba32667b822c4842709b2b0e38
1022,Bazel,992ef00e15733e2ba5252455c7e51250b24ccc85,59cf396d7d1a1a35c01a99bcaae742d76d872c5b,21593,https://github.com/bazelbuild/bazel/issues/21593,https://github.com/bazelbuild/bazel/tree/992ef00e15733e2ba5252455c7e51250b24ccc85,https://github.com/bazelbuild/bazel/tree/59cf396d7d1a1a35c01a99bcaae742d76d872c5b,https://github.com/bazelbuild/bazel/compare/992ef00e15733e2ba5252455c7e51250b24ccc85...59cf396d7d1a1a35c01a99bcaae742d76d872c5b
1023,Bazel,8bb0bb36b21afa54e15e802249dbb7c98f4c7b97,aba1186aa25ed1ef585cbe4b690434b2f59422a8,21483,https://github.com/bazelbuild/bazel/issues/21483,https://github.com/bazelbuild/bazel/tree/8bb0bb36b21afa54e15e802249dbb7c98f4c7b97,https://github.com/bazelbuild/bazel/tree/aba1186aa25ed1ef585cbe4b690434b2f59422a8,https://github.com/bazelbuild/bazel/compare/8bb0bb36b21afa54e15e802249dbb7c98f4c7b97...aba1186aa25ed1ef585cbe4b690434b2f59422a8
1024,Bazel,7d266153af8516cfcd78f9e986a806566b205b27,6efef62a47833c346a342ecf48165f94f7b807c4,22996,https://github.com/bazelbuild/bazel/issues/22996,https://github.com/bazelbuild/bazel/tree/7d266153af8516cfcd78f9e986a806566b205b27,https://github.com/bazelbuild/bazel/tree/6efef62a47833c346a342ecf48165f94f7b807c4,https://github.com/bazelbuild/bazel/compare/7d266153af8516cfcd78f9e986a806566b205b27...6efef62a47833c346a342ecf48165f94f7b807c4
1025,Bazel,17eadaf366c1fe90a12e13809f5f1f8173504ebd,0ddcfd327ffd012d348deeae08ec0836409706ad,22995,https://github.com/bazelbuild/bazel/issues/22995,https://github.com/bazelbuild/bazel/tree/17eadaf366c1fe90a12e13809f5f1f8173504ebd,https://github.com/bazelbuild/bazel/tree/0ddcfd327ffd012d348deeae08ec0836409706ad,https://github.com/bazelbuild/bazel/compare/17eadaf366c1fe90a12e13809f5f1f8173504ebd...0ddcfd327ffd012d348deeae08ec0836409706ad
1026,Bazel,4af65780d8da5a6c8ae66b5fee8e39d4549eea8a,d88433dde64626b050c5bd76fd6a960ae8431579,23097,https://github.com/bazelbuild/bazel/issues/23097,https://github.com/bazelbuild/bazel/tree/4af65780d8da5a6c8ae66b5fee8e39d4549eea8a,https://github.com/bazelbuild/bazel/tree/d88433dde64626b050c5bd76fd6a960ae8431579,https://github.com/bazelbuild/bazel/compare/4af65780d8da5a6c8ae66b5fee8e39d4549eea8a...d88433dde64626b050c5bd76fd6a960ae8431579
1027,Bazel,154c686d7ca1c2dd13109ac0ab1f8dca1408c9a2,f126238259d98b106bec74a72821798dd5ed7d85,22996,https://github.com/bazelbuild/bazel/issues/22996,https://github.com/bazelbuild/bazel/tree/154c686d7ca1c2dd13109ac0ab1f8dca1408c9a2,https://github.com/bazelbuild/bazel/tree/f126238259d98b106bec74a72821798dd5ed7d85,https://github.com/bazelbuild/bazel/compare/154c686d7ca1c2dd13109ac0ab1f8dca1408c9a2...f126238259d98b106bec74a72821798dd5ed7d85
1028,Bazel,01d477dc424cf4c61ca828252f3e747c2c5c185e,8e79fe0329b995ec6db2f63d5cced84f90d158f3,21091,https://github.com/bazelbuild/bazel/issues/21091,https://github.com/bazelbuild/bazel/tree/01d477dc424cf4c61ca828252f3e747c2c5c185e,https://github.com/bazelbuild/bazel/tree/8e79fe0329b995ec6db2f63d5cced84f90d158f3,https://github.com/bazelbuild/bazel/compare/01d477dc424cf4c61ca828252f3e747c2c5c185e...8e79fe0329b995ec6db2f63d5cced84f90d158f3
1029,Bazel,0d28aa2cb7a3bd127406e7f6b7a99906e0154dd4,154c686d7ca1c2dd13109ac0ab1f8dca1408c9a2,22996,https://github.com/bazelbuild/bazel/issues/22996,https://github.com/bazelbuild/bazel/tree/0d28aa2cb7a3bd127406e7f6b7a99906e0154dd4,https://github.com/bazelbuild/bazel/tree/154c686d7ca1c2dd13109ac0ab1f8dca1408c9a2,https://github.com/bazelbuild/bazel/compare/0d28aa2cb7a3bd127406e7f6b7a99906e0154dd4...154c686d7ca1c2dd13109ac0ab1f8dca1408c9a2
1030,Bazel,3f07c4e8a867832b1a07131811150ada71876624,860a0fab65833174888d8e6a0bdbfbadf122be73,22912,https://github.com/bazelbuild/bazel/issues/22912,https://github.com/bazelbuild/bazel/tree/3f07c4e8a867832b1a07131811150ada71876624,https://github.com/bazelbuild/bazel/tree/860a0fab65833174888d8e6a0bdbfbadf122be73,https://github.com/bazelbuild/bazel/compare/3f07c4e8a867832b1a07131811150ada71876624...860a0fab65833174888d8e6a0bdbfbadf122be73
1031,Bazel,66ef8cc513f37acdf4a311ca238ca3876de33950,d08bb13369d840af35a26b5e38b3d0adb896fd29,22996,https://github.com/bazelbuild/bazel/issues/22996,https://github.com/bazelbuild/bazel/tree/66ef8cc513f37acdf4a311ca238ca3876de33950,https://github.com/bazelbuild/bazel/tree/d08bb13369d840af35a26b5e38b3d0adb896fd29,https://github.com/bazelbuild/bazel/compare/66ef8cc513f37acdf4a311ca238ca3876de33950...d08bb13369d840af35a26b5e38b3d0adb896fd29
1032,Bazel,32d2f622f28dac923b4adc90185db1d65f1d0bf7,f9e7e6fafd9e566d14258f05facd1fd205d54ab4,22996,https://github.com/bazelbuild/bazel/issues/22996,https://github.com/bazelbuild/bazel/tree/32d2f622f28dac923b4adc90185db1d65f1d0bf7,https://github.com/bazelbuild/bazel/tree/f9e7e6fafd9e566d14258f05facd1fd205d54ab4,https://github.com/bazelbuild/bazel/compare/32d2f622f28dac923b4adc90185db1d65f1d0bf7...f9e7e6fafd9e566d14258f05facd1fd205d54ab4
1033,Bazel,ae818c43e58a7e32b02371f8683aa5ef454b2ff2,c9a2afd85a86972741793715e498afcb2a50cffa,23120,https://github.com/bazelbuild/bazel/issues/23120,https://github.com/bazelbuild/bazel/tree/ae818c43e58a7e32b02371f8683aa5ef454b2ff2,https://github.com/bazelbuild/bazel/tree/c9a2afd85a86972741793715e498afcb2a50cffa,https://github.com/bazelbuild/bazel/compare/ae818c43e58a7e32b02371f8683aa5ef454b2ff2...c9a2afd85a86972741793715e498afcb2a50cffa
1034,Bazel,ed8933d35ca38f4c4abb9ed265c822b48a3d968b,c5d2340dbb8ecfe98e79284c78adc8e8590c9354,23147,https://github.com/bazelbuild/bazel/issues/23147,https://github.com/bazelbuild/bazel/tree/ed8933d35ca38f4c4abb9ed265c822b48a3d968b,https://github.com/bazelbuild/bazel/tree/c5d2340dbb8ecfe98e79284c78adc8e8590c9354,https://github.com/bazelbuild/bazel/compare/ed8933d35ca38f4c4abb9ed265c822b48a3d968b...c5d2340dbb8ecfe98e79284c78adc8e8590c9354
1035,Bazel,d2eeed4b12ac9d2cf0aa673b11a5848c3b4deafa,5a8280a7e90319e6ac0641d507158eb3c4628eba,23147,https://github.com/bazelbuild/bazel/issues/23147,https://github.com/bazelbuild/bazel/tree/d2eeed4b12ac9d2cf0aa673b11a5848c3b4deafa,https://github.com/bazelbuild/bazel/tree/5a8280a7e90319e6ac0641d507158eb3c4628eba,https://github.com/bazelbuild/bazel/compare/d2eeed4b12ac9d2cf0aa673b11a5848c3b4deafa...5a8280a7e90319e6ac0641d507158eb3c4628eba
1036,Bazel,9656bdbe48bdcd82827917ef14d9581d26c19c10,9fbf427d3c9943f0efa659f9934e77358c64e9a7,22980,https://github.com/bazelbuild/bazel/issues/22980,https://github.com/bazelbuild/bazel/tree/9656bdbe48bdcd82827917ef14d9581d26c19c10,https://github.com/bazelbuild/bazel/tree/9fbf427d3c9943f0efa659f9934e77358c64e9a7,https://github.com/bazelbuild/bazel/compare/9656bdbe48bdcd82827917ef14d9581d26c19c10...9fbf427d3c9943f0efa659f9934e77358c64e9a7
1037,Bazel,3870c6ec9ad976fc06f92ccaec4b8a8c3519eca3,86159f17831715d0eb356e5619b939bc11cae287,22587,https://github.com/bazelbuild/bazel/issues/22587,https://github.com/bazelbuild/bazel/tree/3870c6ec9ad976fc06f92ccaec4b8a8c3519eca3,https://github.com/bazelbuild/bazel/tree/86159f17831715d0eb356e5619b939bc11cae287,https://github.com/bazelbuild/bazel/compare/3870c6ec9ad976fc06f92ccaec4b8a8c3519eca3...86159f17831715d0eb356e5619b939bc11cae287
1038,Bazel,66ee294b0c9a062d97383fed455874f97a98344a,424ff69579497768206bea1ae750b4add60262f3,22505,https://github.com/bazelbuild/bazel/issues/22505,https://github.com/bazelbuild/bazel/tree/66ee294b0c9a062d97383fed455874f97a98344a,https://github.com/bazelbuild/bazel/tree/424ff69579497768206bea1ae750b4add60262f3,https://github.com/bazelbuild/bazel/compare/66ee294b0c9a062d97383fed455874f97a98344a...424ff69579497768206bea1ae750b4add60262f3
1039,Bazel,6e1caa1bd2d29ad5b9e378dca4e1c4ed82a15ebf,e9709b7d4b42aa3315d02bd658013508b2cb66f3,11057,https://github.com/bazelbuild/bazel/issues/11057,https://github.com/bazelbuild/bazel/tree/6e1caa1bd2d29ad5b9e378dca4e1c4ed82a15ebf,https://github.com/bazelbuild/bazel/tree/e9709b7d4b42aa3315d02bd658013508b2cb66f3,https://github.com/bazelbuild/bazel/compare/6e1caa1bd2d29ad5b9e378dca4e1c4ed82a15ebf...e9709b7d4b42aa3315d02bd658013508b2cb66f3
1040,Bazel,603d593c10b353cfbc28e75e7a7c0cd74b208a85,d5384e2d1e9be29db586b6509a60dd8df78b170e,15660,https://github.com/bazelbuild/bazel/issues/15660,https://github.com/bazelbuild/bazel/tree/603d593c10b353cfbc28e75e7a7c0cd74b208a85,https://github.com/bazelbuild/bazel/tree/d5384e2d1e9be29db586b6509a60dd8df78b170e,https://github.com/bazelbuild/bazel/compare/603d593c10b353cfbc28e75e7a7c0cd74b208a85...d5384e2d1e9be29db586b6509a60dd8df78b170e
1041,Bazel,32e0a210c83ce6ca95ca6e8c4d7837056617d1ba,b257fee5d88e425e20c748f07948cf2cb29f00e1,23115,https://github.com/bazelbuild/bazel/issues/23115,https://github.com/bazelbuild/bazel/tree/32e0a210c83ce6ca95ca6e8c4d7837056617d1ba,https://github.com/bazelbuild/bazel/tree/b257fee5d88e425e20c748f07948cf2cb29f00e1,https://github.com/bazelbuild/bazel/compare/32e0a210c83ce6ca95ca6e8c4d7837056617d1ba...b257fee5d88e425e20c748f07948cf2cb29f00e1
1042,Bazel,f8540dbbd98cc09f3e8d97af0d11ae29936743b6,06691b3073590f68118132017ff30874c533ca6d,20868,https://github.com/bazelbuild/bazel/issues/20868,https://github.com/bazelbuild/bazel/tree/f8540dbbd98cc09f3e8d97af0d11ae29936743b6,https://github.com/bazelbuild/bazel/tree/06691b3073590f68118132017ff30874c533ca6d,https://github.com/bazelbuild/bazel/compare/f8540dbbd98cc09f3e8d97af0d11ae29936743b6...06691b3073590f68118132017ff30874c533ca6d
1043,Bazel,5482fea780a494bd27779a20d8f85a67ae51f78e,8b2057e774854fa0a917d3bfdec3a35278e6ee11,23305,https://github.com/bazelbuild/bazel/issues/23305,https://github.com/bazelbuild/bazel/tree/5482fea780a494bd27779a20d8f85a67ae51f78e,https://github.com/bazelbuild/bazel/tree/8b2057e774854fa0a917d3bfdec3a35278e6ee11,https://github.com/bazelbuild/bazel/compare/5482fea780a494bd27779a20d8f85a67ae51f78e...8b2057e774854fa0a917d3bfdec3a35278e6ee11
1044,Bazel,51d7a3c7e549780a7f162bfe6525fffc4c529ae0,f5df0e759f3d3b69092eae8266e919f29a67529b,23283,https://github.com/bazelbuild/bazel/issues/23283,https://github.com/bazelbuild/bazel/tree/51d7a3c7e549780a7f162bfe6525fffc4c529ae0,https://github.com/bazelbuild/bazel/tree/f5df0e759f3d3b69092eae8266e919f29a67529b,https://github.com/bazelbuild/bazel/compare/51d7a3c7e549780a7f162bfe6525fffc4c529ae0...f5df0e759f3d3b69092eae8266e919f29a67529b
1045,Bazel,8b2057e774854fa0a917d3bfdec3a35278e6ee11,51d7a3c7e549780a7f162bfe6525fffc4c529ae0,23327,https://github.com/bazelbuild/bazel/issues/23327,https://github.com/bazelbuild/bazel/tree/8b2057e774854fa0a917d3bfdec3a35278e6ee11,https://github.com/bazelbuild/bazel/tree/51d7a3c7e549780a7f162bfe6525fffc4c529ae0,https://github.com/bazelbuild/bazel/compare/8b2057e774854fa0a917d3bfdec3a35278e6ee11...51d7a3c7e549780a7f162bfe6525fffc4c529ae0
1046,Bazel,39481ad142469d3ed16d283694c76091b271d523,65c48a159be18f86627a88b7f3a0362d3e36c854,22367,https://github.com/bazelbuild/bazel/issues/22367,https://github.com/bazelbuild/bazel/tree/39481ad142469d3ed16d283694c76091b271d523,https://github.com/bazelbuild/bazel/tree/65c48a159be18f86627a88b7f3a0362d3e36c854,https://github.com/bazelbuild/bazel/compare/39481ad142469d3ed16d283694c76091b271d523...65c48a159be18f86627a88b7f3a0362d3e36c854
1047,Bazel,3f9a99cac90478b818977c18cd00f9b012aec8c0,e5a083d47e7174357997c851c20521e03a9c80ce,23128,https://github.com/bazelbuild/bazel/issues/23128,https://github.com/bazelbuild/bazel/tree/3f9a99cac90478b818977c18cd00f9b012aec8c0,https://github.com/bazelbuild/bazel/tree/e5a083d47e7174357997c851c20521e03a9c80ce,https://github.com/bazelbuild/bazel/compare/3f9a99cac90478b818977c18cd00f9b012aec8c0...e5a083d47e7174357997c851c20521e03a9c80ce
1048,Bazel,5aaffc3aad61b003be3996af17641afedee9a2ec,6802c195b13b15ea18253635b4c1bba9d74df958,20635,https://github.com/bazelbuild/bazel/issues/20635,https://github.com/bazelbuild/bazel/tree/5aaffc3aad61b003be3996af17641afedee9a2ec,https://github.com/bazelbuild/bazel/tree/6802c195b13b15ea18253635b4c1bba9d74df958,https://github.com/bazelbuild/bazel/compare/5aaffc3aad61b003be3996af17641afedee9a2ec...6802c195b13b15ea18253635b4c1bba9d74df958
1049,Bazel,5aaffc3aad61b003be3996af17641afedee9a2ec,6802c195b13b15ea18253635b4c1bba9d74df958,6487,https://github.com/bazelbuild/bazel/issues/6487,https://github.com/bazelbuild/bazel/tree/5aaffc3aad61b003be3996af17641afedee9a2ec,https://github.com/bazelbuild/bazel/tree/6802c195b13b15ea18253635b4c1bba9d74df958,https://github.com/bazelbuild/bazel/compare/5aaffc3aad61b003be3996af17641afedee9a2ec...6802c195b13b15ea18253635b4c1bba9d74df958
1050,Bazel,15d8a3f544c67f07a74d8290e8b6eda2c7181ebd,e88a7d982411e3d6bbfb658b88e76944ea5ed720,23275,https://github.com/bazelbuild/bazel/issues/23275,https://github.com/bazelbuild/bazel/tree/15d8a3f544c67f07a74d8290e8b6eda2c7181ebd,https://github.com/bazelbuild/bazel/tree/e88a7d982411e3d6bbfb658b88e76944ea5ed720,https://github.com/bazelbuild/bazel/compare/15d8a3f544c67f07a74d8290e8b6eda2c7181ebd...e88a7d982411e3d6bbfb658b88e76944ea5ed720
1051,Bazel,4b9d30a2e954aea2466ecb6a3da1737ee5e30a0d,71cc5af531c3bc70e9ffce6658a9ec19b6add0fa,2422,https://github.com/bazelbuild/bazel/issues/2422,https://github.com/bazelbuild/bazel/tree/4b9d30a2e954aea2466ecb6a3da1737ee5e30a0d,https://github.com/bazelbuild/bazel/tree/71cc5af531c3bc70e9ffce6658a9ec19b6add0fa,https://github.com/bazelbuild/bazel/compare/4b9d30a2e954aea2466ecb6a3da1737ee5e30a0d...71cc5af531c3bc70e9ffce6658a9ec19b6add0fa
1052,Bazel,4b9d30a2e954aea2466ecb6a3da1737ee5e30a0d,71cc5af531c3bc70e9ffce6658a9ec19b6add0fa,2418,https://github.com/bazelbuild/bazel/issues/2418,https://github.com/bazelbuild/bazel/tree/4b9d30a2e954aea2466ecb6a3da1737ee5e30a0d,https://github.com/bazelbuild/bazel/tree/71cc5af531c3bc70e9ffce6658a9ec19b6add0fa,https://github.com/bazelbuild/bazel/compare/4b9d30a2e954aea2466ecb6a3da1737ee5e30a0d...71cc5af531c3bc70e9ffce6658a9ec19b6add0fa
1053,Bazel,4b9d30a2e954aea2466ecb6a3da1737ee5e30a0d,71cc5af531c3bc70e9ffce6658a9ec19b6add0fa,2349,https://github.com/bazelbuild/bazel/issues/2349,https://github.com/bazelbuild/bazel/tree/4b9d30a2e954aea2466ecb6a3da1737ee5e30a0d,https://github.com/bazelbuild/bazel/tree/71cc5af531c3bc70e9ffce6658a9ec19b6add0fa,https://github.com/bazelbuild/bazel/compare/4b9d30a2e954aea2466ecb6a3da1737ee5e30a0d...71cc5af531c3bc70e9ffce6658a9ec19b6add0fa
1054,Bazel,4b9d30a2e954aea2466ecb6a3da1737ee5e30a0d,71cc5af531c3bc70e9ffce6658a9ec19b6add0fa,2416,https://github.com/bazelbuild/bazel/issues/2416,https://github.com/bazelbuild/bazel/tree/4b9d30a2e954aea2466ecb6a3da1737ee5e30a0d,https://github.com/bazelbuild/bazel/tree/71cc5af531c3bc70e9ffce6658a9ec19b6add0fa,https://github.com/bazelbuild/bazel/compare/4b9d30a2e954aea2466ecb6a3da1737ee5e30a0d...71cc5af531c3bc70e9ffce6658a9ec19b6add0fa
1055,Bazel,77ddd7084320a7b5c4b624e979f2ddb22bae7cd9,8c5e9dab81c9d6ec27bf89827a0b1f406d112c95,23405,https://github.com/bazelbuild/bazel/issues/23405,https://github.com/bazelbuild/bazel/tree/77ddd7084320a7b5c4b624e979f2ddb22bae7cd9,https://github.com/bazelbuild/bazel/tree/8c5e9dab81c9d6ec27bf89827a0b1f406d112c95,https://github.com/bazelbuild/bazel/compare/77ddd7084320a7b5c4b624e979f2ddb22bae7cd9...8c5e9dab81c9d6ec27bf89827a0b1f406d112c95
1056,Bazel,bf2eff89d514a4416f8203c2c676d043104fcf37,5209ce7587d4f8da37d7492d91d0aac1b91ab249,23429,https://github.com/bazelbuild/bazel/issues/23429,https://github.com/bazelbuild/bazel/tree/bf2eff89d514a4416f8203c2c676d043104fcf37,https://github.com/bazelbuild/bazel/tree/5209ce7587d4f8da37d7492d91d0aac1b91ab249,https://github.com/bazelbuild/bazel/compare/bf2eff89d514a4416f8203c2c676d043104fcf37...5209ce7587d4f8da37d7492d91d0aac1b91ab249
1057,Bazel,f3163128a72051ffaf5a8fe01ee4a9ffe060c63b,bc275b73aea72f95ffa05fb1a04b900e2e364225,22501,https://github.com/bazelbuild/bazel/issues/22501,https://github.com/bazelbuild/bazel/tree/f3163128a72051ffaf5a8fe01ee4a9ffe060c63b,https://github.com/bazelbuild/bazel/tree/bc275b73aea72f95ffa05fb1a04b900e2e364225,https://github.com/bazelbuild/bazel/compare/f3163128a72051ffaf5a8fe01ee4a9ffe060c63b...bc275b73aea72f95ffa05fb1a04b900e2e364225
1058,Bazel,f3163128a72051ffaf5a8fe01ee4a9ffe060c63b,bc275b73aea72f95ffa05fb1a04b900e2e364225,23288,https://github.com/bazelbuild/bazel/issues/23288,https://github.com/bazelbuild/bazel/tree/f3163128a72051ffaf5a8fe01ee4a9ffe060c63b,https://github.com/bazelbuild/bazel/tree/bc275b73aea72f95ffa05fb1a04b900e2e364225,https://github.com/bazelbuild/bazel/compare/f3163128a72051ffaf5a8fe01ee4a9ffe060c63b...bc275b73aea72f95ffa05fb1a04b900e2e364225
1059,Bazel,9350bcb83772c8b88a1bfe7ebb48783e5039d162,24d165e958fc32d222409a890cc5def7d0fbc9f4,23479,https://github.com/bazelbuild/bazel/issues/23479,https://github.com/bazelbuild/bazel/tree/9350bcb83772c8b88a1bfe7ebb48783e5039d162,https://github.com/bazelbuild/bazel/tree/24d165e958fc32d222409a890cc5def7d0fbc9f4,https://github.com/bazelbuild/bazel/compare/9350bcb83772c8b88a1bfe7ebb48783e5039d162...24d165e958fc32d222409a890cc5def7d0fbc9f4
1060,Bazel,52a1fb64901006525ee6143bc055dd607dd8ae76,9d51ede01f47f385382f7e66d7247d0f1aa929b1,23990,https://github.com/bazelbuild/bazel/issues/23990,https://github.com/bazelbuild/bazel/tree/52a1fb64901006525ee6143bc055dd607dd8ae76,https://github.com/bazelbuild/bazel/tree/9d51ede01f47f385382f7e66d7247d0f1aa929b1,https://github.com/bazelbuild/bazel/compare/52a1fb64901006525ee6143bc055dd607dd8ae76...9d51ede01f47f385382f7e66d7247d0f1aa929b1
1061,Bazel,2b9a2e79d57fbae57337f2afdabb44bdad7d33f4,505596a45461c0e7a212c30f10db86e1e53d483b,18272,https://github.com/bazelbuild/bazel/issues/18272,https://github.com/bazelbuild/bazel/tree/2b9a2e79d57fbae57337f2afdabb44bdad7d33f4,https://github.com/bazelbuild/bazel/tree/505596a45461c0e7a212c30f10db86e1e53d483b,https://github.com/bazelbuild/bazel/compare/2b9a2e79d57fbae57337f2afdabb44bdad7d33f4...505596a45461c0e7a212c30f10db86e1e53d483b
1062,Bazel,5ce6fa66d75bf75aad9e332501a90dff569000f4,e297727fae5ad496ef34ae25cde4846f2374def0,23963,https://github.com/bazelbuild/bazel/issues/23963,https://github.com/bazelbuild/bazel/tree/5ce6fa66d75bf75aad9e332501a90dff569000f4,https://github.com/bazelbuild/bazel/tree/e297727fae5ad496ef34ae25cde4846f2374def0,https://github.com/bazelbuild/bazel/compare/5ce6fa66d75bf75aad9e332501a90dff569000f4...e297727fae5ad496ef34ae25cde4846f2374def0
1063,Bazel,0698d858a539a451fabba1a76b409e20b2fbc3c0,81241116726c91f345e62d25ac12ecaec3ff8b40,23855,https://github.com/bazelbuild/bazel/issues/23855,https://github.com/bazelbuild/bazel/tree/0698d858a539a451fabba1a76b409e20b2fbc3c0,https://github.com/bazelbuild/bazel/tree/81241116726c91f345e62d25ac12ecaec3ff8b40,https://github.com/bazelbuild/bazel/compare/0698d858a539a451fabba1a76b409e20b2fbc3c0...81241116726c91f345e62d25ac12ecaec3ff8b40
1064,Bazel,68a3a8be258a809baed49d203665580b5bcc5f10,156004739c1298fa37f844dc7ccef9c8ee330416,24150,https://github.com/bazelbuild/bazel/issues/24150,https://github.com/bazelbuild/bazel/tree/68a3a8be258a809baed49d203665580b5bcc5f10,https://github.com/bazelbuild/bazel/tree/156004739c1298fa37f844dc7ccef9c8ee330416,https://github.com/bazelbuild/bazel/compare/68a3a8be258a809baed49d203665580b5bcc5f10...156004739c1298fa37f844dc7ccef9c8ee330416
1065,Bazel,f8242a73e945521b2924709aa0ccb48b433a2627,c8b12e33994fd9dc24a57bc48f956dc07f561f2a,20843,https://github.com/bazelbuild/bazel/issues/20843,https://github.com/bazelbuild/bazel/tree/f8242a73e945521b2924709aa0ccb48b433a2627,https://github.com/bazelbuild/bazel/tree/c8b12e33994fd9dc24a57bc48f956dc07f561f2a,https://github.com/bazelbuild/bazel/compare/f8242a73e945521b2924709aa0ccb48b433a2627...c8b12e33994fd9dc24a57bc48f956dc07f561f2a
1066,Bazel,69511b3aeb5eac72f09b5e4467db491ba9e8fbc0,6d64e2e87e1c2bb069d6f622b0a2b51033252ef5,25312,https://github.com/bazelbuild/bazel/issues/25312,https://github.com/bazelbuild/bazel/tree/69511b3aeb5eac72f09b5e4467db491ba9e8fbc0,https://github.com/bazelbuild/bazel/tree/6d64e2e87e1c2bb069d6f622b0a2b51033252ef5,https://github.com/bazelbuild/bazel/compare/69511b3aeb5eac72f09b5e4467db491ba9e8fbc0...6d64e2e87e1c2bb069d6f622b0a2b51033252ef5
1067,Bazel,f5cc3c66bbce1a04aa3e4a129b0be8119240071d,ee6513a3bc0380acb20e5139a80f7c7fa4e9ea45,25272,https://github.com/bazelbuild/bazel/issues/25272,https://github.com/bazelbuild/bazel/tree/f5cc3c66bbce1a04aa3e4a129b0be8119240071d,https://github.com/bazelbuild/bazel/tree/ee6513a3bc0380acb20e5139a80f7c7fa4e9ea45,https://github.com/bazelbuild/bazel/compare/f5cc3c66bbce1a04aa3e4a129b0be8119240071d...ee6513a3bc0380acb20e5139a80f7c7fa4e9ea45
1068,Bazel,f925c6c635e443fedc8ed73ee571415ac6ae60b4,c538f4e6f305f738e4792cb12dfbffcf8c252280,25355,https://github.com/bazelbuild/bazel/issues/25355,https://github.com/bazelbuild/bazel/tree/f925c6c635e443fedc8ed73ee571415ac6ae60b4,https://github.com/bazelbuild/bazel/tree/c538f4e6f305f738e4792cb12dfbffcf8c252280,https://github.com/bazelbuild/bazel/compare/f925c6c635e443fedc8ed73ee571415ac6ae60b4...c538f4e6f305f738e4792cb12dfbffcf8c252280
1069,Bazel,ddde16b267eeb239d8b16272cc4b2ff7d94f27b9,fa7900a64c31427bddc1730a6b60178fa866fa6c,25286,https://github.com/bazelbuild/bazel/issues/25286,https://github.com/bazelbuild/bazel/tree/ddde16b267eeb239d8b16272cc4b2ff7d94f27b9,https://github.com/bazelbuild/bazel/tree/fa7900a64c31427bddc1730a6b60178fa866fa6c,https://github.com/bazelbuild/bazel/compare/ddde16b267eeb239d8b16272cc4b2ff7d94f27b9...fa7900a64c31427bddc1730a6b60178fa866fa6c
1070,Bazel,a5af3734f1c8416aeac6c8debaddc17bf54f0c43,77a4d9d5b91ce7e9dcb5e15f0e1552245e40f914,25323,https://github.com/bazelbuild/bazel/issues/25323,https://github.com/bazelbuild/bazel/tree/a5af3734f1c8416aeac6c8debaddc17bf54f0c43,https://github.com/bazelbuild/bazel/tree/77a4d9d5b91ce7e9dcb5e15f0e1552245e40f914,https://github.com/bazelbuild/bazel/compare/a5af3734f1c8416aeac6c8debaddc17bf54f0c43...77a4d9d5b91ce7e9dcb5e15f0e1552245e40f914
1071,Bazel,a5af3734f1c8416aeac6c8debaddc17bf54f0c43,77a4d9d5b91ce7e9dcb5e15f0e1552245e40f914,25324,https://github.com/bazelbuild/bazel/issues/25324,https://github.com/bazelbuild/bazel/tree/a5af3734f1c8416aeac6c8debaddc17bf54f0c43,https://github.com/bazelbuild/bazel/tree/77a4d9d5b91ce7e9dcb5e15f0e1552245e40f914,https://github.com/bazelbuild/bazel/compare/a5af3734f1c8416aeac6c8debaddc17bf54f0c43...77a4d9d5b91ce7e9dcb5e15f0e1552245e40f914
1072,Bazel,a5af3734f1c8416aeac6c8debaddc17bf54f0c43,77a4d9d5b91ce7e9dcb5e15f0e1552245e40f914,25325,https://github.com/bazelbuild/bazel/issues/25325,https://github.com/bazelbuild/bazel/tree/a5af3734f1c8416aeac6c8debaddc17bf54f0c43,https://github.com/bazelbuild/bazel/tree/77a4d9d5b91ce7e9dcb5e15f0e1552245e40f914,https://github.com/bazelbuild/bazel/compare/a5af3734f1c8416aeac6c8debaddc17bf54f0c43...77a4d9d5b91ce7e9dcb5e15f0e1552245e40f914
1073,Bazel,a5af3734f1c8416aeac6c8debaddc17bf54f0c43,77a4d9d5b91ce7e9dcb5e15f0e1552245e40f914,25306,https://github.com/bazelbuild/bazel/issues/25306,https://github.com/bazelbuild/bazel/tree/a5af3734f1c8416aeac6c8debaddc17bf54f0c43,https://github.com/bazelbuild/bazel/tree/77a4d9d5b91ce7e9dcb5e15f0e1552245e40f914,https://github.com/bazelbuild/bazel/compare/a5af3734f1c8416aeac6c8debaddc17bf54f0c43...77a4d9d5b91ce7e9dcb5e15f0e1552245e40f914
1074,Bazel,1b7366a3f0912b0b4d5c99329d803616dfca2212,1f5414408467171581b6142e93f67fe730d722cf,25551,https://github.com/bazelbuild/bazel/issues/25551,https://github.com/bazelbuild/bazel/tree/1b7366a3f0912b0b4d5c99329d803616dfca2212,https://github.com/bazelbuild/bazel/tree/1f5414408467171581b6142e93f67fe730d722cf,https://github.com/bazelbuild/bazel/compare/1b7366a3f0912b0b4d5c99329d803616dfca2212...1f5414408467171581b6142e93f67fe730d722cf
1075,Bazel,5cf3e9c20fe3df7dc7932369a7a9aa681733a35e,0b29459dd04b54a6b7eb45cd24a819452f9d0ba8,2744,https://github.com/bazelbuild/bazel/issues/2744,https://github.com/bazelbuild/bazel/tree/5cf3e9c20fe3df7dc7932369a7a9aa681733a35e,https://github.com/bazelbuild/bazel/tree/0b29459dd04b54a6b7eb45cd24a819452f9d0ba8,https://github.com/bazelbuild/bazel/compare/5cf3e9c20fe3df7dc7932369a7a9aa681733a35e...0b29459dd04b54a6b7eb45cd24a819452f9d0ba8
1076,Bazel,44897c6371b6303ea66d671eb0e44b5c0c2f709c,d54fc621563ca501cee11dbff1c46649ff4b7e55,22589,https://github.com/bazelbuild/bazel/issues/22589,https://github.com/bazelbuild/bazel/tree/44897c6371b6303ea66d671eb0e44b5c0c2f709c,https://github.com/bazelbuild/bazel/tree/d54fc621563ca501cee11dbff1c46649ff4b7e55,https://github.com/bazelbuild/bazel/compare/44897c6371b6303ea66d671eb0e44b5c0c2f709c...d54fc621563ca501cee11dbff1c46649ff4b7e55
1077,Bazel,9b211de2d4efb268bb995c0e15543f245935d0ed,e1d5e86cc1b15cd136ccd76514399a0463004941,25208,https://github.com/bazelbuild/bazel/issues/25208,https://github.com/bazelbuild/bazel/tree/9b211de2d4efb268bb995c0e15543f245935d0ed,https://github.com/bazelbuild/bazel/tree/e1d5e86cc1b15cd136ccd76514399a0463004941,https://github.com/bazelbuild/bazel/compare/9b211de2d4efb268bb995c0e15543f245935d0ed...e1d5e86cc1b15cd136ccd76514399a0463004941
1078,Bazel,6198dd43742c0d7e820bb982a6752cceb187f419,6428bb1de214024636bd53b6a335a90ec6f60fbd,25731,https://github.com/bazelbuild/bazel/issues/25731,https://github.com/bazelbuild/bazel/tree/6198dd43742c0d7e820bb982a6752cceb187f419,https://github.com/bazelbuild/bazel/tree/6428bb1de214024636bd53b6a335a90ec6f60fbd,https://github.com/bazelbuild/bazel/compare/6198dd43742c0d7e820bb982a6752cceb187f419...6428bb1de214024636bd53b6a335a90ec6f60fbd
1079,Bazel,5bb3705d8b2f3eb2542c367eff7865735d51f725,67ad575f9347aebf5765b8a3840f923a56a5ffc2,25589,https://github.com/bazelbuild/bazel/issues/25589,https://github.com/bazelbuild/bazel/tree/5bb3705d8b2f3eb2542c367eff7865735d51f725,https://github.com/bazelbuild/bazel/tree/67ad575f9347aebf5765b8a3840f923a56a5ffc2,https://github.com/bazelbuild/bazel/compare/5bb3705d8b2f3eb2542c367eff7865735d51f725...67ad575f9347aebf5765b8a3840f923a56a5ffc2
1080,Bazel,2a3191b8f4a80e20566a6204281521887c08f19a,dfc72d0254f6d4f36dcfdf4c87355637e3aebf23,12424,https://github.com/bazelbuild/bazel/issues/12424,https://github.com/bazelbuild/bazel/tree/2a3191b8f4a80e20566a6204281521887c08f19a,https://github.com/bazelbuild/bazel/tree/dfc72d0254f6d4f36dcfdf4c87355637e3aebf23,https://github.com/bazelbuild/bazel/compare/2a3191b8f4a80e20566a6204281521887c08f19a...dfc72d0254f6d4f36dcfdf4c87355637e3aebf23
1081,Bazel,276cc18908db48710dccbae3e94cc02cae10f1b3,b64805173bf7b3d1b8cb1893d62e9d61bcb07f8b,26666,https://github.com/bazelbuild/bazel/issues/26666,https://github.com/bazelbuild/bazel/tree/276cc18908db48710dccbae3e94cc02cae10f1b3,https://github.com/bazelbuild/bazel/tree/b64805173bf7b3d1b8cb1893d62e9d61bcb07f8b,https://github.com/bazelbuild/bazel/compare/276cc18908db48710dccbae3e94cc02cae10f1b3...b64805173bf7b3d1b8cb1893d62e9d61bcb07f8b
1082,Bazel,5a04878e71edc1d9ebd9f15a54d8b632c7fbe514,01c4a468316e009860ee9ce3507dba4d89267af4,2228,https://github.com/bazelbuild/bazel/issues/2228,https://github.com/bazelbuild/bazel/tree/5a04878e71edc1d9ebd9f15a54d8b632c7fbe514,https://github.com/bazelbuild/bazel/tree/01c4a468316e009860ee9ce3507dba4d89267af4,https://github.com/bazelbuild/bazel/compare/5a04878e71edc1d9ebd9f15a54d8b632c7fbe514...01c4a468316e009860ee9ce3507dba4d89267af4
1083,Bazel,b9f1721f79bb1f21e39d74c13878a33f05fa7034,e81e37a497c5f6c41ffa3bbbea26d4ec813b424b,15079,https://github.com/bazelbuild/bazel/issues/15079,https://github.com/bazelbuild/bazel/tree/b9f1721f79bb1f21e39d74c13878a33f05fa7034,https://github.com/bazelbuild/bazel/tree/e81e37a497c5f6c41ffa3bbbea26d4ec813b424b,https://github.com/bazelbuild/bazel/compare/b9f1721f79bb1f21e39d74c13878a33f05fa7034...e81e37a497c5f6c41ffa3bbbea26d4ec813b424b
1084,Bazel,66adad17ff93f19ea5f15563b3f33094f1f2f3c6,6d242ff07095cec2a1b6a8d9e1d9b2d0c90eafc5,24612,https://github.com/bazelbuild/bazel/issues/24612,https://github.com/bazelbuild/bazel/tree/66adad17ff93f19ea5f15563b3f33094f1f2f3c6,https://github.com/bazelbuild/bazel/tree/6d242ff07095cec2a1b6a8d9e1d9b2d0c90eafc5,https://github.com/bazelbuild/bazel/compare/66adad17ff93f19ea5f15563b3f33094f1f2f3c6...6d242ff07095cec2a1b6a8d9e1d9b2d0c90eafc5
1085,Bazel,407e045706d5555ba98c84e1361fc40c609a79de,03b00453bbf58a30e9c878b75196f58d1dd9a4d3,10652,https://github.com/bazelbuild/bazel/issues/10652,https://github.com/bazelbuild/bazel/tree/407e045706d5555ba98c84e1361fc40c609a79de,https://github.com/bazelbuild/bazel/tree/03b00453bbf58a30e9c878b75196f58d1dd9a4d3,https://github.com/bazelbuild/bazel/compare/407e045706d5555ba98c84e1361fc40c609a79de...03b00453bbf58a30e9c878b75196f58d1dd9a4d3
1086,Bazel,6d242ff07095cec2a1b6a8d9e1d9b2d0c90eafc5,289e3859aedab2af7253b6053f6fd575bfd0f3af,26580,https://github.com/bazelbuild/bazel/issues/26580,https://github.com/bazelbuild/bazel/tree/6d242ff07095cec2a1b6a8d9e1d9b2d0c90eafc5,https://github.com/bazelbuild/bazel/tree/289e3859aedab2af7253b6053f6fd575bfd0f3af,https://github.com/bazelbuild/bazel/compare/6d242ff07095cec2a1b6a8d9e1d9b2d0c90eafc5...289e3859aedab2af7253b6053f6fd575bfd0f3af
1087,Bazel,9d111e57185c05fb68f8e6aeafdb26a0f938a810,1e50d2bb74dbe304777564353640972d2cf6bc52,16223,https://github.com/bazelbuild/bazel/issues/16223,https://github.com/bazelbuild/bazel/tree/9d111e57185c05fb68f8e6aeafdb26a0f938a810,https://github.com/bazelbuild/bazel/tree/1e50d2bb74dbe304777564353640972d2cf6bc52,https://github.com/bazelbuild/bazel/compare/9d111e57185c05fb68f8e6aeafdb26a0f938a810...1e50d2bb74dbe304777564353640972d2cf6bc52
1088,Bazel,9d111e57185c05fb68f8e6aeafdb26a0f938a810,1e50d2bb74dbe304777564353640972d2cf6bc52,10349,https://github.com/bazelbuild/bazel/issues/10349,https://github.com/bazelbuild/bazel/tree/9d111e57185c05fb68f8e6aeafdb26a0f938a810,https://github.com/bazelbuild/bazel/tree/1e50d2bb74dbe304777564353640972d2cf6bc52,https://github.com/bazelbuild/bazel/compare/9d111e57185c05fb68f8e6aeafdb26a0f938a810...1e50d2bb74dbe304777564353640972d2cf6bc52
1089,Bazel,c94c94e7f6bff2bca84a3c82cedfa9dccd5597ff,4d6a8ec5f8e45552b5600e8850c15165efff41ae,26694,https://github.com/bazelbuild/bazel/issues/26694,https://github.com/bazelbuild/bazel/tree/c94c94e7f6bff2bca84a3c82cedfa9dccd5597ff,https://github.com/bazelbuild/bazel/tree/4d6a8ec5f8e45552b5600e8850c15165efff41ae,https://github.com/bazelbuild/bazel/compare/c94c94e7f6bff2bca84a3c82cedfa9dccd5597ff...4d6a8ec5f8e45552b5600e8850c15165efff41ae
1090,Bazel,dfc910329e6463d1984f4b1c4ca8dddc7fbe545f,c62ef953c948f1da7eefd6c70ab781eae6604a40,25762,https://github.com/bazelbuild/bazel/issues/25762,https://github.com/bazelbuild/bazel/tree/dfc910329e6463d1984f4b1c4ca8dddc7fbe545f,https://github.com/bazelbuild/bazel/tree/c62ef953c948f1da7eefd6c70ab781eae6604a40,https://github.com/bazelbuild/bazel/compare/dfc910329e6463d1984f4b1c4ca8dddc7fbe545f...c62ef953c948f1da7eefd6c70ab781eae6604a40
1091,Bazel,b28f64721b1a64d60948393fe4571bfc7ea2b938,798f6007586620ddfc366d3237e6d5c2697a946c,2938,https://github.com/bazelbuild/bazel/issues/2938,https://github.com/bazelbuild/bazel/tree/b28f64721b1a64d60948393fe4571bfc7ea2b938,https://github.com/bazelbuild/bazel/tree/798f6007586620ddfc366d3237e6d5c2697a946c,https://github.com/bazelbuild/bazel/compare/b28f64721b1a64d60948393fe4571bfc7ea2b938...798f6007586620ddfc366d3237e6d5c2697a946c
1092,Bazel,b28f64721b1a64d60948393fe4571bfc7ea2b938,798f6007586620ddfc366d3237e6d5c2697a946c,2912,https://github.com/bazelbuild/bazel/issues/2912,https://github.com/bazelbuild/bazel/tree/b28f64721b1a64d60948393fe4571bfc7ea2b938,https://github.com/bazelbuild/bazel/tree/798f6007586620ddfc366d3237e6d5c2697a946c,https://github.com/bazelbuild/bazel/compare/b28f64721b1a64d60948393fe4571bfc7ea2b938...798f6007586620ddfc366d3237e6d5c2697a946c
1093,Bazel,cf8b49fa828804f0d8e0edbe5c18690e92dec896,9a5d9549bb65d71080aa366d453101c44ab01cce,26561,https://github.com/bazelbuild/bazel/issues/26561,https://github.com/bazelbuild/bazel/tree/cf8b49fa828804f0d8e0edbe5c18690e92dec896,https://github.com/bazelbuild/bazel/tree/9a5d9549bb65d71080aa366d453101c44ab01cce,https://github.com/bazelbuild/bazel/compare/cf8b49fa828804f0d8e0edbe5c18690e92dec896...9a5d9549bb65d71080aa366d453101c44ab01cce
1094,Bazel,d5ae2d9d088f4cb4e0793989183c70090b1a18bf,7785c24fc4a356ecbeeafce1bf4f72c6b481ff97,26745,https://github.com/bazelbuild/bazel/issues/26745,https://github.com/bazelbuild/bazel/tree/d5ae2d9d088f4cb4e0793989183c70090b1a18bf,https://github.com/bazelbuild/bazel/tree/7785c24fc4a356ecbeeafce1bf4f72c6b481ff97,https://github.com/bazelbuild/bazel/compare/d5ae2d9d088f4cb4e0793989183c70090b1a18bf...7785c24fc4a356ecbeeafce1bf4f72c6b481ff97
1095,Bazel,4d6a8ec5f8e45552b5600e8850c15165efff41ae,2056e3cfbd155bed164d1bbf4b226c83e249dd2d,26561,https://github.com/bazelbuild/bazel/issues/26561,https://github.com/bazelbuild/bazel/tree/4d6a8ec5f8e45552b5600e8850c15165efff41ae,https://github.com/bazelbuild/bazel/tree/2056e3cfbd155bed164d1bbf4b226c83e249dd2d,https://github.com/bazelbuild/bazel/compare/4d6a8ec5f8e45552b5600e8850c15165efff41ae...2056e3cfbd155bed164d1bbf4b226c83e249dd2d
1096,Bazel,6582634b97ef2068cfb113247602f39cb4571c6a,bb45b456473c6a2a6f6b7cda526d08100e379199,22387,https://github.com/bazelbuild/bazel/issues/22387,https://github.com/bazelbuild/bazel/tree/6582634b97ef2068cfb113247602f39cb4571c6a,https://github.com/bazelbuild/bazel/tree/bb45b456473c6a2a6f6b7cda526d08100e379199,https://github.com/bazelbuild/bazel/compare/6582634b97ef2068cfb113247602f39cb4571c6a...bb45b456473c6a2a6f6b7cda526d08100e379199
1097,Bazel,fd49f48d5bbac313f62d9e3f4b6c7750c1b5bd65,6bc89bba0fd60ee22c5408093e048e8464898fdd,27351,https://github.com/bazelbuild/bazel/issues/27351,https://github.com/bazelbuild/bazel/tree/fd49f48d5bbac313f62d9e3f4b6c7750c1b5bd65,https://github.com/bazelbuild/bazel/tree/6bc89bba0fd60ee22c5408093e048e8464898fdd,https://github.com/bazelbuild/bazel/compare/fd49f48d5bbac313f62d9e3f4b6c7750c1b5bd65...6bc89bba0fd60ee22c5408093e048e8464898fdd
1098,Bazel,e238e5fa81c10820579e3f555ef249226a96b3b6,76dfcc5fe9599d381f69943d3fa8fc4c064035ac,25232,https://github.com/bazelbuild/bazel/issues/25232,https://github.com/bazelbuild/bazel/tree/e238e5fa81c10820579e3f555ef249226a96b3b6,https://github.com/bazelbuild/bazel/tree/76dfcc5fe9599d381f69943d3fa8fc4c064035ac,https://github.com/bazelbuild/bazel/compare/e238e5fa81c10820579e3f555ef249226a96b3b6...76dfcc5fe9599d381f69943d3fa8fc4c064035ac
1099,Bazel,6ead7f8573ec6f330f40a005e7a58e4eaf98ef4d,b9f50b18db4d36f452d34ea75ea1d191bcc7fb8b,27446,https://github.com/bazelbuild/bazel/issues/27446,https://github.com/bazelbuild/bazel/tree/6ead7f8573ec6f330f40a005e7a58e4eaf98ef4d,https://github.com/bazelbuild/bazel/tree/b9f50b18db4d36f452d34ea75ea1d191bcc7fb8b,https://github.com/bazelbuild/bazel/compare/6ead7f8573ec6f330f40a005e7a58e4eaf98ef4d...b9f50b18db4d36f452d34ea75ea1d191bcc7fb8b
1100,Bazel,2bc4ca28da91e6c6d6a0b2b6ad5537c36fdfd57b,12d687569562b2da9d3bbf3767f4ad5d4a0e0d8a,27331,https://github.com/bazelbuild/bazel/issues/27331,https://github.com/bazelbuild/bazel/tree/2bc4ca28da91e6c6d6a0b2b6ad5537c36fdfd57b,https://github.com/bazelbuild/bazel/tree/12d687569562b2da9d3bbf3767f4ad5d4a0e0d8a,https://github.com/bazelbuild/bazel/compare/2bc4ca28da91e6c6d6a0b2b6ad5537c36fdfd57b...12d687569562b2da9d3bbf3767f4ad5d4a0e0d8a
1101,Bazel,d4c59be22d3d9377aa15f0543a405b8d4d6efe10,760a747eb667e692fdfac5aa4a0e0bf21a6fa75c,27332,https://github.com/bazelbuild/bazel/issues/27332,https://github.com/bazelbuild/bazel/tree/d4c59be22d3d9377aa15f0543a405b8d4d6efe10,https://github.com/bazelbuild/bazel/tree/760a747eb667e692fdfac5aa4a0e0bf21a6fa75c,https://github.com/bazelbuild/bazel/compare/d4c59be22d3d9377aa15f0543a405b8d4d6efe10...760a747eb667e692fdfac5aa4a0e0bf21a6fa75c
1102,Bazel,b0f51a9502713e25270a7716bfd4e98a32639c9d,51a3f0e9bc9d5c2944665ebaf89e0647ac64cd1f,25232,https://github.com/bazelbuild/bazel/issues/25232,https://github.com/bazelbuild/bazel/tree/b0f51a9502713e25270a7716bfd4e98a32639c9d,https://github.com/bazelbuild/bazel/tree/51a3f0e9bc9d5c2944665ebaf89e0647ac64cd1f,https://github.com/bazelbuild/bazel/compare/b0f51a9502713e25270a7716bfd4e98a32639c9d...51a3f0e9bc9d5c2944665ebaf89e0647ac64cd1f
1103,Bazel,2bcd4337bdeaa9bdd072b04a3266dd02f68c2e93,ec564c2a79c082622a76f2e528ba1ad63de0a2f7,21747,https://github.com/bazelbuild/bazel/issues/21747,https://github.com/bazelbuild/bazel/tree/2bcd4337bdeaa9bdd072b04a3266dd02f68c2e93,https://github.com/bazelbuild/bazel/tree/ec564c2a79c082622a76f2e528ba1ad63de0a2f7,https://github.com/bazelbuild/bazel/compare/2bcd4337bdeaa9bdd072b04a3266dd02f68c2e93...ec564c2a79c082622a76f2e528ba1ad63de0a2f7
1104,Bazel,a68d7c04fd11bb1401b9d5a561207594a0e7a68d,1a67e7b2e8ca6799a13c7dc47587976f2247bbe9,27471,https://github.com/bazelbuild/bazel/issues/27471,https://github.com/bazelbuild/bazel/tree/a68d7c04fd11bb1401b9d5a561207594a0e7a68d,https://github.com/bazelbuild/bazel/tree/1a67e7b2e8ca6799a13c7dc47587976f2247bbe9,https://github.com/bazelbuild/bazel/compare/a68d7c04fd11bb1401b9d5a561207594a0e7a68d...1a67e7b2e8ca6799a13c7dc47587976f2247bbe9
1105,Bazel,c82313b4ca4749c0f1c8f304b4c12328e8beb4ea,3c04b654e816d2cb3e8fe4794e35fbafb2ac5d32,27422,https://github.com/bazelbuild/bazel/issues/27422,https://github.com/bazelbuild/bazel/tree/c82313b4ca4749c0f1c8f304b4c12328e8beb4ea,https://github.com/bazelbuild/bazel/tree/3c04b654e816d2cb3e8fe4794e35fbafb2ac5d32,https://github.com/bazelbuild/bazel/compare/c82313b4ca4749c0f1c8f304b4c12328e8beb4ea...3c04b654e816d2cb3e8fe4794e35fbafb2ac5d32
