bug.id,project_id,revision.id.buggy,revision.id.fixed,report.id,report.url,buggy_commit_url,fixed_commit_url,compare_url
1,Rails,a32303e0fcc1dd43de1d1e51442b542deaca8bf5,89e06ed4c6191aff7769aeea8842f45df85acf89,1395,https://github.com/rails/rails/issues/1395,https://github.com/rails/rails/tree/a32303e0fcc1dd43de1d1e51442b542deaca8bf5,https://github.com/rails/rails/tree/89e06ed4c6191aff7769aeea8842f45df85acf89,https://github.com/rails/rails/compare/a32303e0fcc1dd43de1d1e51442b542deaca8bf5...89e06ed4c6191aff7769aeea8842f45df85acf89
2,Rails,5500d13dd5260c95a97208c4a617ed5391d4f799,025949102edb5f31219f053bbab07b3c2b9a555a,2654,https://github.com/rails/rails/issues/2654,https://github.com/rails/rails/tree/5500d13dd5260c95a97208c4a617ed5391d4f799,https://github.com/rails/rails/tree/025949102edb5f31219f053bbab07b3c2b9a555a,https://github.com/rails/rails/compare/5500d13dd5260c95a97208c4a617ed5391d4f799...025949102edb5f31219f053bbab07b3c2b9a555a
3,Rails,5ddffc8c24635fe44cd66f78d7b5e2f7091e34d6,64612db7cf85aee8434e7b9b4fd8d6d0249c60e4,1571,https://github.com/rails/rails/issues/1571,https://github.com/rails/rails/tree/5ddffc8c24635fe44cd66f78d7b5e2f7091e34d6,https://github.com/rails/rails/tree/64612db7cf85aee8434e7b9b4fd8d6d0249c60e4,https://github.com/rails/rails/compare/5ddffc8c24635fe44cd66f78d7b5e2f7091e34d6...64612db7cf85aee8434e7b9b4fd8d6d0249c60e4
4,Rails,f15819e8f0cece48ccd5117a37cf6d37374d1bb1,beff664f2a036c91e266e2ad867f3d1ed8d716c8,2624,https://github.com/rails/rails/issues/2624,https://github.com/rails/rails/tree/f15819e8f0cece48ccd5117a37cf6d37374d1bb1,https://github.com/rails/rails/tree/beff664f2a036c91e266e2ad867f3d1ed8d716c8,https://github.com/rails/rails/compare/f15819e8f0cece48ccd5117a37cf6d37374d1bb1...beff664f2a036c91e266e2ad867f3d1ed8d716c8
5,Rails,55fab64391593641b7722d35fc8099da205ffc1a,d3275cadaa410fc00365db41d0155e4fa463e128,2661,https://github.com/rails/rails/issues/2661,https://github.com/rails/rails/tree/55fab64391593641b7722d35fc8099da205ffc1a,https://github.com/rails/rails/tree/d3275cadaa410fc00365db41d0155e4fa463e128,https://github.com/rails/rails/compare/55fab64391593641b7722d35fc8099da205ffc1a...d3275cadaa410fc00365db41d0155e4fa463e128
6,Rails,de6ffba80673543d39ec7ef851fe9d1f7ab3a148,3fc4771996be40c7bd4c3128ead1b860b2d676f9,6459,https://github.com/rails/rails/issues/6459,https://github.com/rails/rails/tree/de6ffba80673543d39ec7ef851fe9d1f7ab3a148,https://github.com/rails/rails/tree/3fc4771996be40c7bd4c3128ead1b860b2d676f9,https://github.com/rails/rails/compare/de6ffba80673543d39ec7ef851fe9d1f7ab3a148...3fc4771996be40c7bd4c3128ead1b860b2d676f9
7,Rails,34e795ff0e8cf91c8bd1e2938d161acafe74e2c0,87b68002827015d887dd566c477b957d8e5cb842,1960,https://github.com/rails/rails/issues/1960,https://github.com/rails/rails/tree/34e795ff0e8cf91c8bd1e2938d161acafe74e2c0,https://github.com/rails/rails/tree/87b68002827015d887dd566c477b957d8e5cb842,https://github.com/rails/rails/compare/34e795ff0e8cf91c8bd1e2938d161acafe74e2c0...87b68002827015d887dd566c477b957d8e5cb842
8,Rails,7635facdc8f9f1f41f5f19d4902d8598625768c7,785e1fa599050513f8d0b235338c771f04dcf422,5982,https://github.com/rails/rails/issues/5982,https://github.com/rails/rails/tree/7635facdc8f9f1f41f5f19d4902d8598625768c7,https://github.com/rails/rails/tree/785e1fa599050513f8d0b235338c771f04dcf422,https://github.com/rails/rails/compare/7635facdc8f9f1f41f5f19d4902d8598625768c7...785e1fa599050513f8d0b235338c771f04dcf422
9,Rails,ee2b5dda803d4da31b187eb592569692b4972417,793c9ff68ddb928d80d5bb1c766881cd7003976c,7640,https://github.com/rails/rails/issues/7640,https://github.com/rails/rails/tree/ee2b5dda803d4da31b187eb592569692b4972417,https://github.com/rails/rails/tree/793c9ff68ddb928d80d5bb1c766881cd7003976c,https://github.com/rails/rails/compare/ee2b5dda803d4da31b187eb592569692b4972417...793c9ff68ddb928d80d5bb1c766881cd7003976c
10,Rails,6204a52facf97ac741f61decf773c01494245f02,d6785e967433470cfe5eba72a72f6f01682282c0,8577,https://github.com/rails/rails/issues/8577,https://github.com/rails/rails/tree/6204a52facf97ac741f61decf773c01494245f02,https://github.com/rails/rails/tree/d6785e967433470cfe5eba72a72f6f01682282c0,https://github.com/rails/rails/compare/6204a52facf97ac741f61decf773c01494245f02...d6785e967433470cfe5eba72a72f6f01682282c0
11,Rails,869a172a8a6e2d2182f16e959f4a41fa10df133a,271404e8b929a5904dfe1a7007bee340139b6576,7534,https://github.com/rails/rails/issues/7534,https://github.com/rails/rails/tree/869a172a8a6e2d2182f16e959f4a41fa10df133a,https://github.com/rails/rails/tree/271404e8b929a5904dfe1a7007bee340139b6576,https://github.com/rails/rails/compare/869a172a8a6e2d2182f16e959f4a41fa10df133a...271404e8b929a5904dfe1a7007bee340139b6576
12,Rails,df57f53d09575f8bc6542f87a3384240b66f9b4b,0e8c3b8dd974a19855f41cb319579567449461ed,7153,https://github.com/rails/rails/issues/7153,https://github.com/rails/rails/tree/df57f53d09575f8bc6542f87a3384240b66f9b4b,https://github.com/rails/rails/tree/0e8c3b8dd974a19855f41cb319579567449461ed,https://github.com/rails/rails/compare/df57f53d09575f8bc6542f87a3384240b66f9b4b...0e8c3b8dd974a19855f41cb319579567449461ed
13,Rails,c0c001839c68c1dc9c17e2f33529fe9899188c48,71b77a3d6aa527b3486f89556ca3752e06985146,7237,https://github.com/rails/rails/issues/7237,https://github.com/rails/rails/tree/c0c001839c68c1dc9c17e2f33529fe9899188c48,https://github.com/rails/rails/tree/71b77a3d6aa527b3486f89556ca3752e06985146,https://github.com/rails/rails/compare/c0c001839c68c1dc9c17e2f33529fe9899188c48...71b77a3d6aa527b3486f89556ca3752e06985146
14,Rails,dfc15e122afcc7e3cfabaadfbac639af7e846b5a,f6a91b7b4ce2a7767392dfd3414a098047205c10,8795,https://github.com/rails/rails/issues/8795,https://github.com/rails/rails/tree/dfc15e122afcc7e3cfabaadfbac639af7e846b5a,https://github.com/rails/rails/tree/f6a91b7b4ce2a7767392dfd3414a098047205c10,https://github.com/rails/rails/compare/dfc15e122afcc7e3cfabaadfbac639af7e846b5a...f6a91b7b4ce2a7767392dfd3414a098047205c10
15,Rails,32f89dc10b4ec3fe68d65a77d10261373f0d0962,88dae722022b84bc7b16680f5113959952fb2df2,3429,https://github.com/rails/rails/issues/3429,https://github.com/rails/rails/tree/32f89dc10b4ec3fe68d65a77d10261373f0d0962,https://github.com/rails/rails/tree/88dae722022b84bc7b16680f5113959952fb2df2,https://github.com/rails/rails/compare/32f89dc10b4ec3fe68d65a77d10261373f0d0962...88dae722022b84bc7b16680f5113959952fb2df2
16,Rails,939017487d6fb3ad255f98079deadcef1e4054b0,df70e28e037952c8dee8e66b3ae683e5976e4f1d,5491,https://github.com/rails/rails/issues/5491,https://github.com/rails/rails/tree/939017487d6fb3ad255f98079deadcef1e4054b0,https://github.com/rails/rails/tree/df70e28e037952c8dee8e66b3ae683e5976e4f1d,https://github.com/rails/rails/compare/939017487d6fb3ad255f98079deadcef1e4054b0...df70e28e037952c8dee8e66b3ae683e5976e4f1d
17,Rails,bba22cedb4f3fc2554ab54175be3e20a701d53c8,1a459e8e7d9f32e6c3a55153e8e1cfabef881839,9282,https://github.com/rails/rails/issues/9282,https://github.com/rails/rails/tree/bba22cedb4f3fc2554ab54175be3e20a701d53c8,https://github.com/rails/rails/tree/1a459e8e7d9f32e6c3a55153e8e1cfabef881839,https://github.com/rails/rails/compare/bba22cedb4f3fc2554ab54175be3e20a701d53c8...1a459e8e7d9f32e6c3a55153e8e1cfabef881839
18,Rails,f92503c5416256d2630abc7304c02e6aec50d5a0,a6083b86d18e02f7e3824be7ec8ccbbdec625908,9509,https://github.com/rails/rails/issues/9509,https://github.com/rails/rails/tree/f92503c5416256d2630abc7304c02e6aec50d5a0,https://github.com/rails/rails/tree/a6083b86d18e02f7e3824be7ec8ccbbdec625908,https://github.com/rails/rails/compare/f92503c5416256d2630abc7304c02e6aec50d5a0...a6083b86d18e02f7e3824be7ec8ccbbdec625908
19,Rails,d699084f7a050b1aaffe81ce0be84d72e2530eb7,f5b8fc0335d4f5e4e5a3c7d7e4dab14e449403cc,8032,https://github.com/rails/rails/issues/8032,https://github.com/rails/rails/tree/d699084f7a050b1aaffe81ce0be84d72e2530eb7,https://github.com/rails/rails/tree/f5b8fc0335d4f5e4e5a3c7d7e4dab14e449403cc,https://github.com/rails/rails/compare/d699084f7a050b1aaffe81ce0be84d72e2530eb7...f5b8fc0335d4f5e4e5a3c7d7e4dab14e449403cc
20,Rails,2101c25faf6560f2689584eadd12fd715533766b,c90d31eb376ebe331394112697ec33a22f61c2d8,9806,https://github.com/rails/rails/issues/9806,https://github.com/rails/rails/tree/2101c25faf6560f2689584eadd12fd715533766b,https://github.com/rails/rails/tree/c90d31eb376ebe331394112697ec33a22f61c2d8,https://github.com/rails/rails/compare/2101c25faf6560f2689584eadd12fd715533766b...c90d31eb376ebe331394112697ec33a22f61c2d8
21,Rails,5cb6a9aabdd2d74b7c8b52828f6b4797714ce78b,a72c1ec43ea91c1dd9b37870c77e82da7cc2f5d8,8854,https://github.com/rails/rails/issues/8854,https://github.com/rails/rails/tree/5cb6a9aabdd2d74b7c8b52828f6b4797714ce78b,https://github.com/rails/rails/tree/a72c1ec43ea91c1dd9b37870c77e82da7cc2f5d8,https://github.com/rails/rails/compare/5cb6a9aabdd2d74b7c8b52828f6b4797714ce78b...a72c1ec43ea91c1dd9b37870c77e82da7cc2f5d8
22,Rails,28729a4829c68409717ecf82a6b407672ff5fa7d,562b398fd729b05bfde4da90b91efc24dbbac49d,9957,https://github.com/rails/rails/issues/9957,https://github.com/rails/rails/tree/28729a4829c68409717ecf82a6b407672ff5fa7d,https://github.com/rails/rails/tree/562b398fd729b05bfde4da90b91efc24dbbac49d,https://github.com/rails/rails/compare/28729a4829c68409717ecf82a6b407672ff5fa7d...562b398fd729b05bfde4da90b91efc24dbbac49d
23,Rails,a5fde9987360988d92eb9f1eeba2ffcbc5752c1f,6ccf5032294f6b6978a626fc8f793b4df1a38584,9276,https://github.com/rails/rails/issues/9276,https://github.com/rails/rails/tree/a5fde9987360988d92eb9f1eeba2ffcbc5752c1f,https://github.com/rails/rails/tree/6ccf5032294f6b6978a626fc8f793b4df1a38584,https://github.com/rails/rails/compare/a5fde9987360988d92eb9f1eeba2ffcbc5752c1f...6ccf5032294f6b6978a626fc8f793b4df1a38584
24,Rails,210ecaecc3d5019adf9fde496ff0a1015ec23110,ce47db33665e8785f2812dd73384e3744499423b,9813,https://github.com/rails/rails/issues/9813,https://github.com/rails/rails/tree/210ecaecc3d5019adf9fde496ff0a1015ec23110,https://github.com/rails/rails/tree/ce47db33665e8785f2812dd73384e3744499423b,https://github.com/rails/rails/compare/210ecaecc3d5019adf9fde496ff0a1015ec23110...ce47db33665e8785f2812dd73384e3744499423b
25,Rails,c01c28c3047bbf0be2861c7ae1146723cf4ff7a9,67442cb40d0850f42ff66a66e2c2b3f5cf5feb07,10327,https://github.com/rails/rails/issues/10327,https://github.com/rails/rails/tree/c01c28c3047bbf0be2861c7ae1146723cf4ff7a9,https://github.com/rails/rails/tree/67442cb40d0850f42ff66a66e2c2b3f5cf5feb07,https://github.com/rails/rails/compare/c01c28c3047bbf0be2861c7ae1146723cf4ff7a9...67442cb40d0850f42ff66a66e2c2b3f5cf5feb07
26,Rails,b1e394e67f0b079335c936b6b120b92f00a244c5,85c86f09997fff1f07f5d58ecf69780d597e292c,6663,https://github.com/rails/rails/issues/6663,https://github.com/rails/rails/tree/b1e394e67f0b079335c936b6b120b92f00a244c5,https://github.com/rails/rails/tree/85c86f09997fff1f07f5d58ecf69780d597e292c,https://github.com/rails/rails/compare/b1e394e67f0b079335c936b6b120b92f00a244c5...85c86f09997fff1f07f5d58ecf69780d597e292c
27,Rails,cc5a957d2b57b1d7081abd6939396f32e7b4b204,b3b0a0c388b27ec9d658823b963f4bc59ff2f270,8659,https://github.com/rails/rails/issues/8659,https://github.com/rails/rails/tree/cc5a957d2b57b1d7081abd6939396f32e7b4b204,https://github.com/rails/rails/tree/b3b0a0c388b27ec9d658823b963f4bc59ff2f270,https://github.com/rails/rails/compare/cc5a957d2b57b1d7081abd6939396f32e7b4b204...b3b0a0c388b27ec9d658823b963f4bc59ff2f270
28,Rails,072b9d9fba2f1268a3b66de32eb6033124960f92,9def906fd05d120312223d0d9bc565cc2972f85a,10621,https://github.com/rails/rails/issues/10621,https://github.com/rails/rails/tree/072b9d9fba2f1268a3b66de32eb6033124960f92,https://github.com/rails/rails/tree/9def906fd05d120312223d0d9bc565cc2972f85a,https://github.com/rails/rails/compare/072b9d9fba2f1268a3b66de32eb6033124960f92...9def906fd05d120312223d0d9bc565cc2972f85a
29,Rails,bdd88810c1edf8289801f88170eb5c9659b2f774,c57254d44930f43ccf300e8906bd46bd5aaf8ed3,10071,https://github.com/rails/rails/issues/10071,https://github.com/rails/rails/tree/bdd88810c1edf8289801f88170eb5c9659b2f774,https://github.com/rails/rails/tree/c57254d44930f43ccf300e8906bd46bd5aaf8ed3,https://github.com/rails/rails/compare/bdd88810c1edf8289801f88170eb5c9659b2f774...c57254d44930f43ccf300e8906bd46bd5aaf8ed3
30,Rails,ed6949b2d76f881ede33fc6c21c75de0d01bde56,73673256ac4d49bc011c082ce77c31a041222478,10444,https://github.com/rails/rails/issues/10444,https://github.com/rails/rails/tree/ed6949b2d76f881ede33fc6c21c75de0d01bde56,https://github.com/rails/rails/tree/73673256ac4d49bc011c082ce77c31a041222478,https://github.com/rails/rails/compare/ed6949b2d76f881ede33fc6c21c75de0d01bde56...73673256ac4d49bc011c082ce77c31a041222478
31,Rails,cec8a92a6d37699a2dbc8fdeb5393113d3621ef9,1182658e767d2db4a46faed35f0b1075c5dd9a88,1471,https://github.com/rails/rails/issues/1471,https://github.com/rails/rails/tree/cec8a92a6d37699a2dbc8fdeb5393113d3621ef9,https://github.com/rails/rails/tree/1182658e767d2db4a46faed35f0b1075c5dd9a88,https://github.com/rails/rails/compare/cec8a92a6d37699a2dbc8fdeb5393113d3621ef9...1182658e767d2db4a46faed35f0b1075c5dd9a88
32,Rails,dbbaccbcda7475766919723dda53c0f92afddc4b,d7f4921a9a852da7c1075275eaf73822edb7acff,1419,https://github.com/rails/rails/issues/1419,https://github.com/rails/rails/tree/dbbaccbcda7475766919723dda53c0f92afddc4b,https://github.com/rails/rails/tree/d7f4921a9a852da7c1075275eaf73822edb7acff,https://github.com/rails/rails/compare/dbbaccbcda7475766919723dda53c0f92afddc4b...d7f4921a9a852da7c1075275eaf73822edb7acff
33,Rails,54a6ed148248b31bee5823d4dd55675edf018e34,f7c371dff8021de8e2389580bb96b0cfdca3c9ec,8748,https://github.com/rails/rails/issues/8748,https://github.com/rails/rails/tree/54a6ed148248b31bee5823d4dd55675edf018e34,https://github.com/rails/rails/tree/f7c371dff8021de8e2389580bb96b0cfdca3c9ec,https://github.com/rails/rails/compare/54a6ed148248b31bee5823d4dd55675edf018e34...f7c371dff8021de8e2389580bb96b0cfdca3c9ec
34,Rails,2171e0a1d13a176db1e9e9dd55242fdb319b526c,f866ced24ac9cdece7801f50ec79cdbe3ff5ad59,3429,https://github.com/rails/rails/issues/3429,https://github.com/rails/rails/tree/2171e0a1d13a176db1e9e9dd55242fdb319b526c,https://github.com/rails/rails/tree/f866ced24ac9cdece7801f50ec79cdbe3ff5ad59,https://github.com/rails/rails/compare/2171e0a1d13a176db1e9e9dd55242fdb319b526c...f866ced24ac9cdece7801f50ec79cdbe3ff5ad59
35,Rails,3b317b7100c9a416f4e3545f3844f0c0743acdb2,7cda0df7f1511a10c515165dbce76e5c68b654ff,1395,https://github.com/rails/rails/issues/1395,https://github.com/rails/rails/tree/3b317b7100c9a416f4e3545f3844f0c0743acdb2,https://github.com/rails/rails/tree/7cda0df7f1511a10c515165dbce76e5c68b654ff,https://github.com/rails/rails/compare/3b317b7100c9a416f4e3545f3844f0c0743acdb2...7cda0df7f1511a10c515165dbce76e5c68b654ff
36,Rails,a606727606cc0725a39748dd9d310b2b064e3ca7,ec94c2550dae463e646a18316bfcdaded9d140c9,2661,https://github.com/rails/rails/issues/2661,https://github.com/rails/rails/tree/a606727606cc0725a39748dd9d310b2b064e3ca7,https://github.com/rails/rails/tree/ec94c2550dae463e646a18316bfcdaded9d140c9,https://github.com/rails/rails/compare/a606727606cc0725a39748dd9d310b2b064e3ca7...ec94c2550dae463e646a18316bfcdaded9d140c9
37,Rails,e8458d37c56a94fae5f4c762b1767f67e10ddb43,0eae62525696b57fe7fc4bbb0bf9c0bc7ee4e480,6576,https://github.com/rails/rails/issues/6576,https://github.com/rails/rails/tree/e8458d37c56a94fae5f4c762b1767f67e10ddb43,https://github.com/rails/rails/tree/0eae62525696b57fe7fc4bbb0bf9c0bc7ee4e480,https://github.com/rails/rails/compare/e8458d37c56a94fae5f4c762b1767f67e10ddb43...0eae62525696b57fe7fc4bbb0bf9c0bc7ee4e480
38,Rails,f1f1ab77df4ecfc122ab10c095a1e4e4c8b52353,a000ff7a503158cc95bee9cd4b15ff9089f6828a,1233,https://github.com/rails/rails/issues/1233,https://github.com/rails/rails/tree/f1f1ab77df4ecfc122ab10c095a1e4e4c8b52353,https://github.com/rails/rails/tree/a000ff7a503158cc95bee9cd4b15ff9089f6828a,https://github.com/rails/rails/compare/f1f1ab77df4ecfc122ab10c095a1e4e4c8b52353...a000ff7a503158cc95bee9cd4b15ff9089f6828a
39,Rails,ada8c66ba06777177f9313198f404fdd1458d24d,fd78bb727045547371179428886c9b262d66091d,5147,https://github.com/rails/rails/issues/5147,https://github.com/rails/rails/tree/ada8c66ba06777177f9313198f404fdd1458d24d,https://github.com/rails/rails/tree/fd78bb727045547371179428886c9b262d66091d,https://github.com/rails/rails/compare/ada8c66ba06777177f9313198f404fdd1458d24d...fd78bb727045547371179428886c9b262d66091d
40,Rails,fba977dfa359f23b88908462869eb1c2bee6b78c,1e43bd9f3520364ba2ebc99bde047334c34cb361,1272,https://github.com/rails/rails/issues/1272,https://github.com/rails/rails/tree/fba977dfa359f23b88908462869eb1c2bee6b78c,https://github.com/rails/rails/tree/1e43bd9f3520364ba2ebc99bde047334c34cb361,https://github.com/rails/rails/compare/fba977dfa359f23b88908462869eb1c2bee6b78c...1e43bd9f3520364ba2ebc99bde047334c34cb361
41,Rails,cd99784d99f1700b9af05c5f01e00e988c8557d5,1fa059cd017c134499835593ba29620c4cd7358c,1663,https://github.com/rails/rails/issues/1663,https://github.com/rails/rails/tree/cd99784d99f1700b9af05c5f01e00e988c8557d5,https://github.com/rails/rails/tree/1fa059cd017c134499835593ba29620c4cd7358c,https://github.com/rails/rails/compare/cd99784d99f1700b9af05c5f01e00e988c8557d5...1fa059cd017c134499835593ba29620c4cd7358c
42,Rails,aa316e27b7f6f17328f2be6c481f7d9ee3a92f86,dfaad4f5a78b2e21a3b86e0daea3afb3b483dc5e,1360,https://github.com/rails/rails/issues/1360,https://github.com/rails/rails/tree/aa316e27b7f6f17328f2be6c481f7d9ee3a92f86,https://github.com/rails/rails/tree/dfaad4f5a78b2e21a3b86e0daea3afb3b483dc5e,https://github.com/rails/rails/compare/aa316e27b7f6f17328f2be6c481f7d9ee3a92f86...dfaad4f5a78b2e21a3b86e0daea3afb3b483dc5e
43,Rails,c1c886a0c44c8b13a4f23927d84eda74565eaca8,dfec3737b05d22e6f298bcae0a8948a4b8803ebd,1960,https://github.com/rails/rails/issues/1960,https://github.com/rails/rails/tree/c1c886a0c44c8b13a4f23927d84eda74565eaca8,https://github.com/rails/rails/tree/dfec3737b05d22e6f298bcae0a8948a4b8803ebd,https://github.com/rails/rails/compare/c1c886a0c44c8b13a4f23927d84eda74565eaca8...dfec3737b05d22e6f298bcae0a8948a4b8803ebd
44,Rails,06afa48c8c7bb7bf75f9e7ae48e06528f8ff82ed,201387496e057d4853520be9837b2a807c66cc48,1272,https://github.com/rails/rails/issues/1272,https://github.com/rails/rails/tree/06afa48c8c7bb7bf75f9e7ae48e06528f8ff82ed,https://github.com/rails/rails/tree/201387496e057d4853520be9837b2a807c66cc48,https://github.com/rails/rails/compare/06afa48c8c7bb7bf75f9e7ae48e06528f8ff82ed...201387496e057d4853520be9837b2a807c66cc48
45,Rails,5c8be9eb864886d7ba9abba0d59786614cca2a5a,1712d90050bd4b32a9ee93548b5eef05a69491f7,1471,https://github.com/rails/rails/issues/1471,https://github.com/rails/rails/tree/5c8be9eb864886d7ba9abba0d59786614cca2a5a,https://github.com/rails/rails/tree/1712d90050bd4b32a9ee93548b5eef05a69491f7,https://github.com/rails/rails/compare/5c8be9eb864886d7ba9abba0d59786614cca2a5a...1712d90050bd4b32a9ee93548b5eef05a69491f7
46,Rails,a5806fa409ff286e86eb9fabcee25d083892606f,fbe012e92d7792e1307b6ccaab933ea78f635a0b,1395,https://github.com/rails/rails/issues/1395,https://github.com/rails/rails/tree/a5806fa409ff286e86eb9fabcee25d083892606f,https://github.com/rails/rails/tree/fbe012e92d7792e1307b6ccaab933ea78f635a0b,https://github.com/rails/rails/compare/a5806fa409ff286e86eb9fabcee25d083892606f...fbe012e92d7792e1307b6ccaab933ea78f635a0b
47,Rails,b6b6e81a5c29d4adb3007659ca30e02444ad0c9c,5f3265c4714efd697cb71015489a9c59d1129440,1872,https://github.com/rails/rails/issues/1872,https://github.com/rails/rails/tree/b6b6e81a5c29d4adb3007659ca30e02444ad0c9c,https://github.com/rails/rails/tree/5f3265c4714efd697cb71015489a9c59d1129440,https://github.com/rails/rails/compare/b6b6e81a5c29d4adb3007659ca30e02444ad0c9c...5f3265c4714efd697cb71015489a9c59d1129440
48,Rails,993d0f6477c6dce4eb207578c1d0970cec859447,09a488456aecf2b4ef7f200546b281cabda56e2f,2162,https://github.com/rails/rails/issues/2162,https://github.com/rails/rails/tree/993d0f6477c6dce4eb207578c1d0970cec859447,https://github.com/rails/rails/tree/09a488456aecf2b4ef7f200546b281cabda56e2f,https://github.com/rails/rails/compare/993d0f6477c6dce4eb207578c1d0970cec859447...09a488456aecf2b4ef7f200546b281cabda56e2f
49,Rails,fd22d040fef48778a519825dd2f0cf2fd73a8965,735d985b0162976e7e900cf36d4cbb0d657fb5e9,2556,https://github.com/rails/rails/issues/2556,https://github.com/rails/rails/tree/fd22d040fef48778a519825dd2f0cf2fd73a8965,https://github.com/rails/rails/tree/735d985b0162976e7e900cf36d4cbb0d657fb5e9,https://github.com/rails/rails/compare/fd22d040fef48778a519825dd2f0cf2fd73a8965...735d985b0162976e7e900cf36d4cbb0d657fb5e9
50,Rails,dc8773b19f61af2ba818d66923fc65e17bad6c20,860202e8b2e3579402d48d7e56fa738a9529a340,1872,https://github.com/rails/rails/issues/1872,https://github.com/rails/rails/tree/dc8773b19f61af2ba818d66923fc65e17bad6c20,https://github.com/rails/rails/tree/860202e8b2e3579402d48d7e56fa738a9529a340,https://github.com/rails/rails/compare/dc8773b19f61af2ba818d66923fc65e17bad6c20...860202e8b2e3579402d48d7e56fa738a9529a340
51,Rails,d709b124d1815340f4a2229b05362ea37298288f,3def1c8edb9062a5ca473bf32f0967daab951654,4796,https://github.com/rails/rails/issues/4796,https://github.com/rails/rails/tree/d709b124d1815340f4a2229b05362ea37298288f,https://github.com/rails/rails/tree/3def1c8edb9062a5ca473bf32f0967daab951654,https://github.com/rails/rails/compare/d709b124d1815340f4a2229b05362ea37298288f...3def1c8edb9062a5ca473bf32f0967daab951654
52,Rails,cfc7f602bfab90d78828f50961dbaa1daf64a352,635032fe3ba3d189e9c62eadb6e604f22669414d,6591,https://github.com/rails/rails/issues/6591,https://github.com/rails/rails/tree/cfc7f602bfab90d78828f50961dbaa1daf64a352,https://github.com/rails/rails/tree/635032fe3ba3d189e9c62eadb6e604f22669414d,https://github.com/rails/rails/compare/cfc7f602bfab90d78828f50961dbaa1daf64a352...635032fe3ba3d189e9c62eadb6e604f22669414d
53,Rails,ffc861c101c3d7284a512c1ac407a4027a0f175e,7a80b69e00f68e673c6ceb5cc684aa9196ed3d9f,5341,https://github.com/rails/rails/issues/5341,https://github.com/rails/rails/tree/ffc861c101c3d7284a512c1ac407a4027a0f175e,https://github.com/rails/rails/tree/7a80b69e00f68e673c6ceb5cc684aa9196ed3d9f,https://github.com/rails/rails/compare/ffc861c101c3d7284a512c1ac407a4027a0f175e...7a80b69e00f68e673c6ceb5cc684aa9196ed3d9f
54,Rails,ebea387e4bb9f44d8c678ed9bad2ab2091d1f9c6,68a13eded347248fb9d4c8ef7f0ed2af52bba994,2654,https://github.com/rails/rails/issues/2654,https://github.com/rails/rails/tree/ebea387e4bb9f44d8c678ed9bad2ab2091d1f9c6,https://github.com/rails/rails/tree/68a13eded347248fb9d4c8ef7f0ed2af52bba994,https://github.com/rails/rails/compare/ebea387e4bb9f44d8c678ed9bad2ab2091d1f9c6...68a13eded347248fb9d4c8ef7f0ed2af52bba994
55,Rails,a4ac2b4d0a56ae2221b90314df1f806cb9ef9192,3525a9b5ebc87bbc9dca4b613b6d3740899190bb,8067,https://github.com/rails/rails/issues/8067,https://github.com/rails/rails/tree/a4ac2b4d0a56ae2221b90314df1f806cb9ef9192,https://github.com/rails/rails/tree/3525a9b5ebc87bbc9dca4b613b6d3740899190bb,https://github.com/rails/rails/compare/a4ac2b4d0a56ae2221b90314df1f806cb9ef9192...3525a9b5ebc87bbc9dca4b613b6d3740899190bb
56,Rails,7079701e5bfe3b8d6e8339f2cc4964e3608f1ffe,14cf4b2e353f923155aab1ae0eaafed3c2924b12,2624,https://github.com/rails/rails/issues/2624,https://github.com/rails/rails/tree/7079701e5bfe3b8d6e8339f2cc4964e3608f1ffe,https://github.com/rails/rails/tree/14cf4b2e353f923155aab1ae0eaafed3c2924b12,https://github.com/rails/rails/compare/7079701e5bfe3b8d6e8339f2cc4964e3608f1ffe...14cf4b2e353f923155aab1ae0eaafed3c2924b12
57,Rails,69cebae3b2201ac3c31dca8f6f29a2557831505f,694334c37a95e85e686b121ce5cb2ccb4114e6b5,8087,https://github.com/rails/rails/issues/8087,https://github.com/rails/rails/tree/69cebae3b2201ac3c31dca8f6f29a2557831505f,https://github.com/rails/rails/tree/694334c37a95e85e686b121ce5cb2ccb4114e6b5,https://github.com/rails/rails/compare/69cebae3b2201ac3c31dca8f6f29a2557831505f...694334c37a95e85e686b121ce5cb2ccb4114e6b5
58,Rails,4e327225947b933d5434509e02e98226c581adc1,c4106d0c08954b0761726e0015ec601b7bc7ea4b,3429,https://github.com/rails/rails/issues/3429,https://github.com/rails/rails/tree/4e327225947b933d5434509e02e98226c581adc1,https://github.com/rails/rails/tree/c4106d0c08954b0761726e0015ec601b7bc7ea4b,https://github.com/rails/rails/compare/4e327225947b933d5434509e02e98226c581adc1...c4106d0c08954b0761726e0015ec601b7bc7ea4b
59,Rails,7f7e362c14b4d462e3b796219d3b68c076b01643,21750122308a38cd2eaf9b46aa1789966eb8abd9,2828,https://github.com/rails/rails/issues/2828,https://github.com/rails/rails/tree/7f7e362c14b4d462e3b796219d3b68c076b01643,https://github.com/rails/rails/tree/21750122308a38cd2eaf9b46aa1789966eb8abd9,https://github.com/rails/rails/compare/7f7e362c14b4d462e3b796219d3b68c076b01643...21750122308a38cd2eaf9b46aa1789966eb8abd9
60,Rails,ffeb7ddcffa6509f03721ba29ebf16e9be255795,09d9f04d08358dc2b49fbf6bc16b58f034161abb,9432,https://github.com/rails/rails/issues/9432,https://github.com/rails/rails/tree/ffeb7ddcffa6509f03721ba29ebf16e9be255795,https://github.com/rails/rails/tree/09d9f04d08358dc2b49fbf6bc16b58f034161abb,https://github.com/rails/rails/compare/ffeb7ddcffa6509f03721ba29ebf16e9be255795...09d9f04d08358dc2b49fbf6bc16b58f034161abb
61,Rails,b33e7ba140277ade581ed3506144111d29448c9f,4028bed8128f3d4eac2a55e85a504f1143944eae,7237,https://github.com/rails/rails/issues/7237,https://github.com/rails/rails/tree/b33e7ba140277ade581ed3506144111d29448c9f,https://github.com/rails/rails/tree/4028bed8128f3d4eac2a55e85a504f1143944eae,https://github.com/rails/rails/compare/b33e7ba140277ade581ed3506144111d29448c9f...4028bed8128f3d4eac2a55e85a504f1143944eae
62,Rails,d5f4cac68c069a3caff1712fd967ed70a4eb52da,69e87f5994f74eef02fdfd7912ae81a334d74218,9913,https://github.com/rails/rails/issues/9913,https://github.com/rails/rails/tree/d5f4cac68c069a3caff1712fd967ed70a4eb52da,https://github.com/rails/rails/tree/69e87f5994f74eef02fdfd7912ae81a334d74218,https://github.com/rails/rails/compare/d5f4cac68c069a3caff1712fd967ed70a4eb52da...69e87f5994f74eef02fdfd7912ae81a334d74218
63,Rails,37683266d86db2b7c39cb32a1e39e3698f6a93a8,33971922b3af559d6583b472d1520bc4d13daccc,10071,https://github.com/rails/rails/issues/10071,https://github.com/rails/rails/tree/37683266d86db2b7c39cb32a1e39e3698f6a93a8,https://github.com/rails/rails/tree/33971922b3af559d6583b472d1520bc4d13daccc,https://github.com/rails/rails/compare/37683266d86db2b7c39cb32a1e39e3698f6a93a8...33971922b3af559d6583b472d1520bc4d13daccc
64,Rails,9a421aaa8285cf2a7ecb1af370748b0337818930,515feb1fd61184cb14840a8f3b82ba3c388fdc3c,8015,https://github.com/rails/rails/issues/8015,https://github.com/rails/rails/tree/9a421aaa8285cf2a7ecb1af370748b0337818930,https://github.com/rails/rails/tree/515feb1fd61184cb14840a8f3b82ba3c388fdc3c,https://github.com/rails/rails/compare/9a421aaa8285cf2a7ecb1af370748b0337818930...515feb1fd61184cb14840a8f3b82ba3c388fdc3c
65,Rails,e8d80f73996bc19b2fab46c7519c384ce96f1928,5f759ff063b8ed054cdde0ed4f3593ef89fe59b7,8795,https://github.com/rails/rails/issues/8795,https://github.com/rails/rails/tree/e8d80f73996bc19b2fab46c7519c384ce96f1928,https://github.com/rails/rails/tree/5f759ff063b8ed054cdde0ed4f3593ef89fe59b7,https://github.com/rails/rails/compare/e8d80f73996bc19b2fab46c7519c384ce96f1928...5f759ff063b8ed054cdde0ed4f3593ef89fe59b7
66,Rails,923ec86f04ea9c55e646cba1d0d588d033252d17,794cbf3e38a505ed8653ee3c137f65b3fc395f88,9435,https://github.com/rails/rails/issues/9435,https://github.com/rails/rails/tree/923ec86f04ea9c55e646cba1d0d588d033252d17,https://github.com/rails/rails/tree/794cbf3e38a505ed8653ee3c137f65b3fc395f88,https://github.com/rails/rails/compare/923ec86f04ea9c55e646cba1d0d588d033252d17...794cbf3e38a505ed8653ee3c137f65b3fc395f88
67,Rails,9039c5038823754f79e04f1e83723e46229dbe05,8cf88cc75ad0289f39fc2272c372f945b3934e76,10125,https://github.com/rails/rails/issues/10125,https://github.com/rails/rails/tree/9039c5038823754f79e04f1e83723e46229dbe05,https://github.com/rails/rails/tree/8cf88cc75ad0289f39fc2272c372f945b3934e76,https://github.com/rails/rails/compare/9039c5038823754f79e04f1e83723e46229dbe05...8cf88cc75ad0289f39fc2272c372f945b3934e76
68,Rails,f1af9f83757278f5f852f9c747dd367f1a591833,9a4268db99d93190c58bddcb150832727a0d5129,10409,https://github.com/rails/rails/issues/10409,https://github.com/rails/rails/tree/f1af9f83757278f5f852f9c747dd367f1a591833,https://github.com/rails/rails/tree/9a4268db99d93190c58bddcb150832727a0d5129,https://github.com/rails/rails/compare/f1af9f83757278f5f852f9c747dd367f1a591833...9a4268db99d93190c58bddcb150832727a0d5129
69,Rails,3043d45eefc3776d5f3a9e7d212a01f99d869ef8,9003a422f2a717ef11409245bfb8e81018be56c4,10502,https://github.com/rails/rails/issues/10502,https://github.com/rails/rails/tree/3043d45eefc3776d5f3a9e7d212a01f99d869ef8,https://github.com/rails/rails/tree/9003a422f2a717ef11409245bfb8e81018be56c4,https://github.com/rails/rails/compare/3043d45eefc3776d5f3a9e7d212a01f99d869ef8...9003a422f2a717ef11409245bfb8e81018be56c4
70,Rails,55d9176b4a07c5b4f91146d1d38926bee5088b5a,37b4276dbf22382788f66bd5361f0736aadb0425,9856,https://github.com/rails/rails/issues/9856,https://github.com/rails/rails/tree/55d9176b4a07c5b4f91146d1d38926bee5088b5a,https://github.com/rails/rails/tree/37b4276dbf22382788f66bd5361f0736aadb0425,https://github.com/rails/rails/compare/55d9176b4a07c5b4f91146d1d38926bee5088b5a...37b4276dbf22382788f66bd5361f0736aadb0425
71,Rails,2b3a8063ad862b3cdf129bd24b786f5eeadcc935,71ff7d9c6592b93e2c810a1f464943dd7bd02c7f,12023,https://github.com/rails/rails/issues/12023,https://github.com/rails/rails/tree/2b3a8063ad862b3cdf129bd24b786f5eeadcc935,https://github.com/rails/rails/tree/71ff7d9c6592b93e2c810a1f464943dd7bd02c7f,https://github.com/rails/rails/compare/2b3a8063ad862b3cdf129bd24b786f5eeadcc935...71ff7d9c6592b93e2c810a1f464943dd7bd02c7f
72,Rails,3d60e9d5503b5f657336a8b7ee6345552ddb6c83,f13b278568a1d629dd4d90b16ed87b715c4e689d,12023,https://github.com/rails/rails/issues/12023,https://github.com/rails/rails/tree/3d60e9d5503b5f657336a8b7ee6345552ddb6c83,https://github.com/rails/rails/tree/f13b278568a1d629dd4d90b16ed87b715c4e689d,https://github.com/rails/rails/compare/3d60e9d5503b5f657336a8b7ee6345552ddb6c83...f13b278568a1d629dd4d90b16ed87b715c4e689d
73,Rails,d25e0c6f6a2764fb2605dc216e5c4b26a74f7e97,48dc5192eff45fce5ce39c41cdc3188be97ca614,9830,https://github.com/rails/rails/issues/9830,https://github.com/rails/rails/tree/d25e0c6f6a2764fb2605dc216e5c4b26a74f7e97,https://github.com/rails/rails/tree/48dc5192eff45fce5ce39c41cdc3188be97ca614,https://github.com/rails/rails/compare/d25e0c6f6a2764fb2605dc216e5c4b26a74f7e97...48dc5192eff45fce5ce39c41cdc3188be97ca614
74,Rails,0b61cc730ee1fd2b40acac5886a62ea91c0b3d51,372e809667b37f11e232a762815211601859b8b5,11450,https://github.com/rails/rails/issues/11450,https://github.com/rails/rails/tree/0b61cc730ee1fd2b40acac5886a62ea91c0b3d51,https://github.com/rails/rails/tree/372e809667b37f11e232a762815211601859b8b5,https://github.com/rails/rails/compare/0b61cc730ee1fd2b40acac5886a62ea91c0b3d51...372e809667b37f11e232a762815211601859b8b5
75,Rails,b18a27375a62b7c9848cd2dc7b5cf152ef61b62f,f6746c024531740900d79236944ce11c65608cde,11345,https://github.com/rails/rails/issues/11345,https://github.com/rails/rails/tree/b18a27375a62b7c9848cd2dc7b5cf152ef61b62f,https://github.com/rails/rails/tree/f6746c024531740900d79236944ce11c65608cde,https://github.com/rails/rails/compare/b18a27375a62b7c9848cd2dc7b5cf152ef61b62f...f6746c024531740900d79236944ce11c65608cde
76,Rails,6eba8d27e6feecca88303df6500ef6b376344e29,43962d6ec50f918c9970bd3cd4b6ee5c7f7426ed,13064,https://github.com/rails/rails/issues/13064,https://github.com/rails/rails/tree/6eba8d27e6feecca88303df6500ef6b376344e29,https://github.com/rails/rails/tree/43962d6ec50f918c9970bd3cd4b6ee5c7f7426ed,https://github.com/rails/rails/compare/6eba8d27e6feecca88303df6500ef6b376344e29...43962d6ec50f918c9970bd3cd4b6ee5c7f7426ed
77,Rails,6e2b734f56e4c789763b9a8e3922272a004a325f,da3891c898fd79ab28dad3ce4c9e52d876c9e4e9,12582,https://github.com/rails/rails/issues/12582,https://github.com/rails/rails/tree/6e2b734f56e4c789763b9a8e3922272a004a325f,https://github.com/rails/rails/tree/da3891c898fd79ab28dad3ce4c9e52d876c9e4e9,https://github.com/rails/rails/compare/6e2b734f56e4c789763b9a8e3922272a004a325f...da3891c898fd79ab28dad3ce4c9e52d876c9e4e9
78,Rails,81066b115817a4c95c83a76553954317f737cd14,3713e433667ee95caccb53a4062f540405272234,13372,https://github.com/rails/rails/issues/13372,https://github.com/rails/rails/tree/81066b115817a4c95c83a76553954317f737cd14,https://github.com/rails/rails/tree/3713e433667ee95caccb53a4062f540405272234,https://github.com/rails/rails/compare/81066b115817a4c95c83a76553954317f737cd14...3713e433667ee95caccb53a4062f540405272234
79,Rails,ed334d9a334c48582c2f94cfc48c89ba36242422,618d5317d3ce3d40a22293149f79ff9843bbdb35,13064,https://github.com/rails/rails/issues/13064,https://github.com/rails/rails/tree/ed334d9a334c48582c2f94cfc48c89ba36242422,https://github.com/rails/rails/tree/618d5317d3ce3d40a22293149f79ff9843bbdb35,https://github.com/rails/rails/compare/ed334d9a334c48582c2f94cfc48c89ba36242422...618d5317d3ce3d40a22293149f79ff9843bbdb35
80,Rails,db82e1d0bb21c2a13354b97733c09737719e946b,a2ed5d2381079716cf6224bc7b0538d318b264a2,12586,https://github.com/rails/rails/issues/12586,https://github.com/rails/rails/tree/db82e1d0bb21c2a13354b97733c09737719e946b,https://github.com/rails/rails/tree/a2ed5d2381079716cf6224bc7b0538d318b264a2,https://github.com/rails/rails/compare/db82e1d0bb21c2a13354b97733c09737719e946b...a2ed5d2381079716cf6224bc7b0538d318b264a2
81,Rails,b7c7cb1a6379f861c04a1273c67fa8b46212f527,584a46479b3cbcac37b948a7fe38fa3acc71c35b,13923,https://github.com/rails/rails/issues/13923,https://github.com/rails/rails/tree/b7c7cb1a6379f861c04a1273c67fa8b46212f527,https://github.com/rails/rails/tree/584a46479b3cbcac37b948a7fe38fa3acc71c35b,https://github.com/rails/rails/compare/b7c7cb1a6379f861c04a1273c67fa8b46212f527...584a46479b3cbcac37b948a7fe38fa3acc71c35b
82,Rails,17746181a31f18509687feeb03633ba8662c8036,d038a72bf3fb202d909337872467278586731411,14116,https://github.com/rails/rails/issues/14116,https://github.com/rails/rails/tree/17746181a31f18509687feeb03633ba8662c8036,https://github.com/rails/rails/tree/d038a72bf3fb202d909337872467278586731411,https://github.com/rails/rails/compare/17746181a31f18509687feeb03633ba8662c8036...d038a72bf3fb202d909337872467278586731411
83,Rails,b078f5ed843f23c61412ab21a94613377c9ad052,f6d9b689977c1dca1ed7f149f704d1b4344cd691,14125,https://github.com/rails/rails/issues/14125,https://github.com/rails/rails/tree/b078f5ed843f23c61412ab21a94613377c9ad052,https://github.com/rails/rails/tree/f6d9b689977c1dca1ed7f149f704d1b4344cd691,https://github.com/rails/rails/compare/b078f5ed843f23c61412ab21a94613377c9ad052...f6d9b689977c1dca1ed7f149f704d1b4344cd691
84,Rails,c93c558aa81721653dd18cdc45f3f7299dfa8a72,b1867c85fa934caad1cd7410e1bd9bc0463a2f42,14114,https://github.com/rails/rails/issues/14114,https://github.com/rails/rails/tree/c93c558aa81721653dd18cdc45f3f7299dfa8a72,https://github.com/rails/rails/tree/b1867c85fa934caad1cd7410e1bd9bc0463a2f42,https://github.com/rails/rails/compare/c93c558aa81721653dd18cdc45f3f7299dfa8a72...b1867c85fa934caad1cd7410e1bd9bc0463a2f42
85,Rails,7c2ce0403badb73da517002f980bac30c540ade4,b1656fa6305a5c8237027ab8165d7292751c0e86,14144,https://github.com/rails/rails/issues/14144,https://github.com/rails/rails/tree/7c2ce0403badb73da517002f980bac30c540ade4,https://github.com/rails/rails/tree/b1656fa6305a5c8237027ab8165d7292751c0e86,https://github.com/rails/rails/compare/7c2ce0403badb73da517002f980bac30c540ade4...b1656fa6305a5c8237027ab8165d7292751c0e86
86,Rails,6d35190bad0b054c9a1f4c736dc4dda32a7ebc91,fc61bca31d899f359671d4b58bceb8b9d6555aa7,14079,https://github.com/rails/rails/issues/14079,https://github.com/rails/rails/tree/6d35190bad0b054c9a1f4c736dc4dda32a7ebc91,https://github.com/rails/rails/tree/fc61bca31d899f359671d4b58bceb8b9d6555aa7,https://github.com/rails/rails/compare/6d35190bad0b054c9a1f4c736dc4dda32a7ebc91...fc61bca31d899f359671d4b58bceb8b9d6555aa7
87,Rails,ed0fb4ae7ea28cf3eecce6ec02650bcffc7c7657,dcc91a04a177466516dac12abc358c590743fa71,14224,https://github.com/rails/rails/issues/14224,https://github.com/rails/rails/tree/ed0fb4ae7ea28cf3eecce6ec02650bcffc7c7657,https://github.com/rails/rails/tree/dcc91a04a177466516dac12abc358c590743fa71,https://github.com/rails/rails/compare/ed0fb4ae7ea28cf3eecce6ec02650bcffc7c7657...dcc91a04a177466516dac12abc358c590743fa71
88,Rails,dcc91a04a177466516dac12abc358c590743fa71,8711086f5a2e73cd068434a5fafef258ba9f4fe1,14241,https://github.com/rails/rails/issues/14241,https://github.com/rails/rails/tree/dcc91a04a177466516dac12abc358c590743fa71,https://github.com/rails/rails/tree/8711086f5a2e73cd068434a5fafef258ba9f4fe1,https://github.com/rails/rails/compare/dcc91a04a177466516dac12abc358c590743fa71...8711086f5a2e73cd068434a5fafef258ba9f4fe1
89,Rails,f6da9924b0aa141d4322acd95559a5e954666c8a,77a09218f697676f8a05f06eeb5c89a26419d489,14352,https://github.com/rails/rails/issues/14352,https://github.com/rails/rails/tree/f6da9924b0aa141d4322acd95559a5e954666c8a,https://github.com/rails/rails/tree/77a09218f697676f8a05f06eeb5c89a26419d489,https://github.com/rails/rails/compare/f6da9924b0aa141d4322acd95559a5e954666c8a...77a09218f697676f8a05f06eeb5c89a26419d489
90,Rails,db5d6bf74f3f6423e56120198685b8665e59616e,b7fcad8ff04411a8d00f85094b172b6b99402190,12017,https://github.com/rails/rails/issues/12017,https://github.com/rails/rails/tree/db5d6bf74f3f6423e56120198685b8665e59616e,https://github.com/rails/rails/tree/b7fcad8ff04411a8d00f85094b172b6b99402190,https://github.com/rails/rails/compare/db5d6bf74f3f6423e56120198685b8665e59616e...b7fcad8ff04411a8d00f85094b172b6b99402190
91,Rails,8d146c8bec3a33052116ca5730151dc44d766222,6f16513b587a0805a23eab99d5f283476b1d6687,13631,https://github.com/rails/rails/issues/13631,https://github.com/rails/rails/tree/8d146c8bec3a33052116ca5730151dc44d766222,https://github.com/rails/rails/tree/6f16513b587a0805a23eab99d5f283476b1d6687,https://github.com/rails/rails/compare/8d146c8bec3a33052116ca5730151dc44d766222...6f16513b587a0805a23eab99d5f283476b1d6687
92,Rails,ed6894bf2386cf469018a5b32e60568c8df20e2d,4d21e496e1740ec61a6797b8b6644c14c271c6ac,14462,https://github.com/rails/rails/issues/14462,https://github.com/rails/rails/tree/ed6894bf2386cf469018a5b32e60568c8df20e2d,https://github.com/rails/rails/tree/4d21e496e1740ec61a6797b8b6644c14c271c6ac,https://github.com/rails/rails/compare/ed6894bf2386cf469018a5b32e60568c8df20e2d...4d21e496e1740ec61a6797b8b6644c14c271c6ac
93,Rails,73d8a90bee79106c965ad35151870941ab38d951,2e0f9ed76eed8132ce49e672694a3d53baf38b6f,13369,https://github.com/rails/rails/issues/13369,https://github.com/rails/rails/tree/73d8a90bee79106c965ad35151870941ab38d951,https://github.com/rails/rails/tree/2e0f9ed76eed8132ce49e672694a3d53baf38b6f,https://github.com/rails/rails/compare/73d8a90bee79106c965ad35151870941ab38d951...2e0f9ed76eed8132ce49e672694a3d53baf38b6f
94,Rails,a0c1c18e4d85e2d95241a1924683b396bd3ae4e5,378c8d2c996558aa4108280d5f0db8daf040d0fc,14405,https://github.com/rails/rails/issues/14405,https://github.com/rails/rails/tree/a0c1c18e4d85e2d95241a1924683b396bd3ae4e5,https://github.com/rails/rails/tree/378c8d2c996558aa4108280d5f0db8daf040d0fc,https://github.com/rails/rails/compare/a0c1c18e4d85e2d95241a1924683b396bd3ae4e5...378c8d2c996558aa4108280d5f0db8daf040d0fc
95,Rails,83e0544204a1b0125af15e1ea0e54aa30b2266ab,6ffce1791ab989afb0f3bc1dd579804fc9a5c756,15022,https://github.com/rails/rails/issues/15022,https://github.com/rails/rails/tree/83e0544204a1b0125af15e1ea0e54aa30b2266ab,https://github.com/rails/rails/tree/6ffce1791ab989afb0f3bc1dd579804fc9a5c756,https://github.com/rails/rails/compare/83e0544204a1b0125af15e1ea0e54aa30b2266ab...6ffce1791ab989afb0f3bc1dd579804fc9a5c756
96,Rails,5508a3e5ca05d4c43232868f40ebd726d251eeac,26931eb32082b3468dc12df59c4041841f64c510,14407,https://github.com/rails/rails/issues/14407,https://github.com/rails/rails/tree/5508a3e5ca05d4c43232868f40ebd726d251eeac,https://github.com/rails/rails/tree/26931eb32082b3468dc12df59c4041841f64c510,https://github.com/rails/rails/compare/5508a3e5ca05d4c43232868f40ebd726d251eeac...26931eb32082b3468dc12df59c4041841f64c510
97,Rails,b17f6e6877162648936c32e62c58305861beaf70,4debc86bd329d31360272ed15459cde3b9af3a10,14734,https://github.com/rails/rails/issues/14734,https://github.com/rails/rails/tree/b17f6e6877162648936c32e62c58305861beaf70,https://github.com/rails/rails/tree/4debc86bd329d31360272ed15459cde3b9af3a10,https://github.com/rails/rails/compare/b17f6e6877162648936c32e62c58305861beaf70...4debc86bd329d31360272ed15459cde3b9af3a10
98,Rails,0e7e4f798e52d8a71953d49cbfbdf56a4bf70129,2d73f5ae2fe75427d56853f107abda21754f1b1a,15188,https://github.com/rails/rails/issues/15188,https://github.com/rails/rails/tree/0e7e4f798e52d8a71953d49cbfbdf56a4bf70129,https://github.com/rails/rails/tree/2d73f5ae2fe75427d56853f107abda21754f1b1a,https://github.com/rails/rails/compare/0e7e4f798e52d8a71953d49cbfbdf56a4bf70129...2d73f5ae2fe75427d56853f107abda21754f1b1a
99,Rails,9d835fd7f23138b90490f47df9920c62dceb7356,b713e207d470fe01ce8ea945163c6c2540292301,14994,https://github.com/rails/rails/issues/14994,https://github.com/rails/rails/tree/9d835fd7f23138b90490f47df9920c62dceb7356,https://github.com/rails/rails/tree/b713e207d470fe01ce8ea945163c6c2540292301,https://github.com/rails/rails/compare/9d835fd7f23138b90490f47df9920c62dceb7356...b713e207d470fe01ce8ea945163c6c2540292301
100,Rails,d2061a224d4e99cbc0f859c50f0c35277773369e,f045663dfc879b9516904255fb555f048c394b7b,14913,https://github.com/rails/rails/issues/14913,https://github.com/rails/rails/tree/d2061a224d4e99cbc0f859c50f0c35277773369e,https://github.com/rails/rails/tree/f045663dfc879b9516904255fb555f048c394b7b,https://github.com/rails/rails/compare/d2061a224d4e99cbc0f859c50f0c35277773369e...f045663dfc879b9516904255fb555f048c394b7b
101,Rails,4565cb7ccbd5f29a194c197c5ece9fb81f889d32,41bbac6ff4d161fc94ef2dc601e06f0a2779dbaf,14948,https://github.com/rails/rails/issues/14948,https://github.com/rails/rails/tree/4565cb7ccbd5f29a194c197c5ece9fb81f889d32,https://github.com/rails/rails/tree/41bbac6ff4d161fc94ef2dc601e06f0a2779dbaf,https://github.com/rails/rails/compare/4565cb7ccbd5f29a194c197c5ece9fb81f889d32...41bbac6ff4d161fc94ef2dc601e06f0a2779dbaf
102,Rails,0bdfb4d166f816b104494f0d1adae832aed0421b,8570f9391d725afae1f3d60bfc5536afc46733b5,14983,https://github.com/rails/rails/issues/14983,https://github.com/rails/rails/tree/0bdfb4d166f816b104494f0d1adae832aed0421b,https://github.com/rails/rails/tree/8570f9391d725afae1f3d60bfc5536afc46733b5,https://github.com/rails/rails/compare/0bdfb4d166f816b104494f0d1adae832aed0421b...8570f9391d725afae1f3d60bfc5536afc46733b5
103,Rails,33c05363e2ed52aa8bdbf5ebf9ee5226ab85ecbc,291fece47a954eb986816a89164bda599d54db46,16623,https://github.com/rails/rails/issues/16623,https://github.com/rails/rails/tree/33c05363e2ed52aa8bdbf5ebf9ee5226ab85ecbc,https://github.com/rails/rails/tree/291fece47a954eb986816a89164bda599d54db46,https://github.com/rails/rails/compare/33c05363e2ed52aa8bdbf5ebf9ee5226ab85ecbc...291fece47a954eb986816a89164bda599d54db46
104,Rails,49b27dba286b0f9536f1f0e366a431b762bf7885,990322b298c41b65be01238c56e2d7ff0dd76cb6,16701,https://github.com/rails/rails/issues/16701,https://github.com/rails/rails/tree/49b27dba286b0f9536f1f0e366a431b762bf7885,https://github.com/rails/rails/tree/990322b298c41b65be01238c56e2d7ff0dd76cb6,https://github.com/rails/rails/compare/49b27dba286b0f9536f1f0e366a431b762bf7885...990322b298c41b65be01238c56e2d7ff0dd76cb6
105,Rails,9576605dfdb4b65210e26036d04a6984f1fcf3a8,ccbb48196efe06a0c1c360951caff74ee74a8d14,8015,https://github.com/rails/rails/issues/8015,https://github.com/rails/rails/tree/9576605dfdb4b65210e26036d04a6984f1fcf3a8,https://github.com/rails/rails/tree/ccbb48196efe06a0c1c360951caff74ee74a8d14,https://github.com/rails/rails/compare/9576605dfdb4b65210e26036d04a6984f1fcf3a8...ccbb48196efe06a0c1c360951caff74ee74a8d14
106,Rails,48933542ab4b83bab9ae5422bd95fd78abee79fa,5706d290b0a2501a713fadfb76d9e45c24d26e6a,15853,https://github.com/rails/rails/issues/15853,https://github.com/rails/rails/tree/48933542ab4b83bab9ae5422bd95fd78abee79fa,https://github.com/rails/rails/tree/5706d290b0a2501a713fadfb76d9e45c24d26e6a,https://github.com/rails/rails/compare/48933542ab4b83bab9ae5422bd95fd78abee79fa...5706d290b0a2501a713fadfb76d9e45c24d26e6a
107,Rails,4bcf9029452e0c760af04faab6b549710401e8cf,2c555ec43ad254ab63cf1e572f999f7521c6cb04,15480,https://github.com/rails/rails/issues/15480,https://github.com/rails/rails/tree/4bcf9029452e0c760af04faab6b549710401e8cf,https://github.com/rails/rails/tree/2c555ec43ad254ab63cf1e572f999f7521c6cb04,https://github.com/rails/rails/compare/4bcf9029452e0c760af04faab6b549710401e8cf...2c555ec43ad254ab63cf1e572f999f7521c6cb04
108,Rails,ec6eee5db0994f92ac2c3c6d2a922c6edd35b2b1,fde0d0219d844bcf71d8f6d9c9420fb75cf9ece9,10247,https://github.com/rails/rails/issues/10247,https://github.com/rails/rails/tree/ec6eee5db0994f92ac2c3c6d2a922c6edd35b2b1,https://github.com/rails/rails/tree/fde0d0219d844bcf71d8f6d9c9420fb75cf9ece9,https://github.com/rails/rails/compare/ec6eee5db0994f92ac2c3c6d2a922c6edd35b2b1...fde0d0219d844bcf71d8f6d9c9420fb75cf9ece9
109,Rails,ce43e8a6fcca0df88b592955b4b183301e5f3d6d,a8827cb9afdf122c003fbff1bfcc28bda2994d04,16591,https://github.com/rails/rails/issues/16591,https://github.com/rails/rails/tree/ce43e8a6fcca0df88b592955b4b183301e5f3d6d,https://github.com/rails/rails/tree/a8827cb9afdf122c003fbff1bfcc28bda2994d04,https://github.com/rails/rails/compare/ce43e8a6fcca0df88b592955b4b183301e5f3d6d...a8827cb9afdf122c003fbff1bfcc28bda2994d04
110,Rails,51278579477eb7ee20fe2aba53b4b13203791b22,719d52db42a0eeebf0f1fa2f8ac3173544dd521e,17209,https://github.com/rails/rails/issues/17209,https://github.com/rails/rails/tree/51278579477eb7ee20fe2aba53b4b13203791b22,https://github.com/rails/rails/tree/719d52db42a0eeebf0f1fa2f8ac3173544dd521e,https://github.com/rails/rails/compare/51278579477eb7ee20fe2aba53b4b13203791b22...719d52db42a0eeebf0f1fa2f8ac3173544dd521e
111,Rails,cb0ba2f2b144d15e825cf890ea9bc7e322d25349,52c3a16fa07cde643af3c2200e4b87bcb470eb12,17571,https://github.com/rails/rails/issues/17571,https://github.com/rails/rails/tree/cb0ba2f2b144d15e825cf890ea9bc7e322d25349,https://github.com/rails/rails/tree/52c3a16fa07cde643af3c2200e4b87bcb470eb12,https://github.com/rails/rails/compare/cb0ba2f2b144d15e825cf890ea9bc7e322d25349...52c3a16fa07cde643af3c2200e4b87bcb470eb12
112,Rails,8607577fc8f2d5767d9fc8001b3985fa541aa557,aa1fadd48fb40dd9396a383696134a259aa59db9,17294,https://github.com/rails/rails/issues/17294,https://github.com/rails/rails/tree/8607577fc8f2d5767d9fc8001b3985fa541aa557,https://github.com/rails/rails/tree/aa1fadd48fb40dd9396a383696134a259aa59db9,https://github.com/rails/rails/compare/8607577fc8f2d5767d9fc8001b3985fa541aa557...aa1fadd48fb40dd9396a383696134a259aa59db9
113,Rails,25f5af7f3f2695b0a8c33e2fce7fcd2bd630ece1,112077c255879351edf4530791cc4bcc7bd4005b,15089,https://github.com/rails/rails/issues/15089,https://github.com/rails/rails/tree/25f5af7f3f2695b0a8c33e2fce7fcd2bd630ece1,https://github.com/rails/rails/tree/112077c255879351edf4530791cc4bcc7bd4005b,https://github.com/rails/rails/compare/25f5af7f3f2695b0a8c33e2fce7fcd2bd630ece1...112077c255879351edf4530791cc4bcc7bd4005b
114,Rails,a78736bd48408976459b7ff4279d5e6f356a970f,670e7941d5482f7124420965d4fbd7bea45a3155,17935,https://github.com/rails/rails/issues/17935,https://github.com/rails/rails/tree/a78736bd48408976459b7ff4279d5e6f356a970f,https://github.com/rails/rails/tree/670e7941d5482f7124420965d4fbd7bea45a3155,https://github.com/rails/rails/compare/a78736bd48408976459b7ff4279d5e6f356a970f...670e7941d5482f7124420965d4fbd7bea45a3155
115,Rails,793e4aa9b63a066d0bf0dbd291969ec9cd2fc204,90f99689121487328f022fd09841b62378423afe,16884,https://github.com/rails/rails/issues/16884,https://github.com/rails/rails/tree/793e4aa9b63a066d0bf0dbd291969ec9cd2fc204,https://github.com/rails/rails/tree/90f99689121487328f022fd09841b62378423afe,https://github.com/rails/rails/compare/793e4aa9b63a066d0bf0dbd291969ec9cd2fc204...90f99689121487328f022fd09841b62378423afe
116,Rails,83534e5678a0f648e0cba767e3279714b3f774ce,4a19b3dea650351aa20d0cad64bf2d5608023a33,18002,https://github.com/rails/rails/issues/18002,https://github.com/rails/rails/tree/83534e5678a0f648e0cba767e3279714b3f774ce,https://github.com/rails/rails/tree/4a19b3dea650351aa20d0cad64bf2d5608023a33,https://github.com/rails/rails/compare/83534e5678a0f648e0cba767e3279714b3f774ce...4a19b3dea650351aa20d0cad64bf2d5608023a33
117,Rails,4a19b3dea650351aa20d0cad64bf2d5608023a33,ba58478727581423f060740ec0589159b6743d33,17965,https://github.com/rails/rails/issues/17965,https://github.com/rails/rails/tree/4a19b3dea650351aa20d0cad64bf2d5608023a33,https://github.com/rails/rails/tree/ba58478727581423f060740ec0589159b6743d33,https://github.com/rails/rails/compare/4a19b3dea650351aa20d0cad64bf2d5608023a33...ba58478727581423f060740ec0589159b6743d33
118,Rails,ab90c277a74b4b47a8d4cbef796c45d1a8b17cfd,2038c2c53dafcebef32b4f1e31a97368b1b267e4,17661,https://github.com/rails/rails/issues/17661,https://github.com/rails/rails/tree/ab90c277a74b4b47a8d4cbef796c45d1a8b17cfd,https://github.com/rails/rails/tree/2038c2c53dafcebef32b4f1e31a97368b1b267e4,https://github.com/rails/rails/compare/ab90c277a74b4b47a8d4cbef796c45d1a8b17cfd...2038c2c53dafcebef32b4f1e31a97368b1b267e4
119,Rails,9b9f0197b7e645ae5b05a5581ba82f32f0971183,e62fff40edde10bd04bbb91ce242f4a7f7ea64a8,17380,https://github.com/rails/rails/issues/17380,https://github.com/rails/rails/tree/9b9f0197b7e645ae5b05a5581ba82f32f0971183,https://github.com/rails/rails/tree/e62fff40edde10bd04bbb91ce242f4a7f7ea64a8,https://github.com/rails/rails/compare/9b9f0197b7e645ae5b05a5581ba82f32f0971183...e62fff40edde10bd04bbb91ce242f4a7f7ea64a8
120,Rails,0369808917f7a67b6375aaaa34f20d773ae9b339,b0f2b94dd30c9ceae98efe5f5f5a589eb68a6286,18144,https://github.com/rails/rails/issues/18144,https://github.com/rails/rails/tree/0369808917f7a67b6375aaaa34f20d773ae9b339,https://github.com/rails/rails/tree/b0f2b94dd30c9ceae98efe5f5f5a589eb68a6286,https://github.com/rails/rails/compare/0369808917f7a67b6375aaaa34f20d773ae9b339...b0f2b94dd30c9ceae98efe5f5f5a589eb68a6286
121,Rails,f9e0ec544989c2d93ed40d0acdbc627f6a624eb1,33a5416461bc5068d85d33259310f56625569e86,16032,https://github.com/rails/rails/issues/16032,https://github.com/rails/rails/tree/f9e0ec544989c2d93ed40d0acdbc627f6a624eb1,https://github.com/rails/rails/tree/33a5416461bc5068d85d33259310f56625569e86,https://github.com/rails/rails/compare/f9e0ec544989c2d93ed40d0acdbc627f6a624eb1...33a5416461bc5068d85d33259310f56625569e86
122,Rails,cd84b27ca45aa6f18f38202fdbc0ecc0ce9f98ef,307ec3db0fe26cbd1811d34a27e6637726ce23ce,18224,https://github.com/rails/rails/issues/18224,https://github.com/rails/rails/tree/cd84b27ca45aa6f18f38202fdbc0ecc0ce9f98ef,https://github.com/rails/rails/tree/307ec3db0fe26cbd1811d34a27e6637726ce23ce,https://github.com/rails/rails/compare/cd84b27ca45aa6f18f38202fdbc0ecc0ce9f98ef...307ec3db0fe26cbd1811d34a27e6637726ce23ce
123,Rails,df73d696f5a965b67c9f177bf4dd8d85921d0214,787e22bb491bd8c36db1e9734261c4ce02c5c5fd,18523,https://github.com/rails/rails/issues/18523,https://github.com/rails/rails/tree/df73d696f5a965b67c9f177bf4dd8d85921d0214,https://github.com/rails/rails/tree/787e22bb491bd8c36db1e9734261c4ce02c5c5fd,https://github.com/rails/rails/compare/df73d696f5a965b67c9f177bf4dd8d85921d0214...787e22bb491bd8c36db1e9734261c4ce02c5c5fd
124,Rails,71003d63b6e217625450b0942a7afb8d7d1d14d9,025187d9806ddfbdded15d0c7bd8341665ee40e9,18689,https://github.com/rails/rails/issues/18689,https://github.com/rails/rails/tree/71003d63b6e217625450b0942a7afb8d7d1d14d9,https://github.com/rails/rails/tree/025187d9806ddfbdded15d0c7bd8341665ee40e9,https://github.com/rails/rails/compare/71003d63b6e217625450b0942a7afb8d7d1d14d9...025187d9806ddfbdded15d0c7bd8341665ee40e9
125,Rails,8e3b1a632c15e8c7f708ab222a81faaad8e3410e,1152219fa2d7968f864b3a5ebb78d2f95ca4fb5c,18689,https://github.com/rails/rails/issues/18689,https://github.com/rails/rails/tree/8e3b1a632c15e8c7f708ab222a81faaad8e3410e,https://github.com/rails/rails/tree/1152219fa2d7968f864b3a5ebb78d2f95ca4fb5c,https://github.com/rails/rails/compare/8e3b1a632c15e8c7f708ab222a81faaad8e3410e...1152219fa2d7968f864b3a5ebb78d2f95ca4fb5c
126,Rails,aff03e71b4a9d5b0d9190c52ecded79f44e937ce,a983e1e89c6f55cd08feb394db33ca0620fadfd1,18195,https://github.com/rails/rails/issues/18195,https://github.com/rails/rails/tree/aff03e71b4a9d5b0d9190c52ecded79f44e937ce,https://github.com/rails/rails/tree/a983e1e89c6f55cd08feb394db33ca0620fadfd1,https://github.com/rails/rails/compare/aff03e71b4a9d5b0d9190c52ecded79f44e937ce...a983e1e89c6f55cd08feb394db33ca0620fadfd1
127,Rails,35d77130a2c08f477ce5e7f2e5b28934ad393641,4ec5b0d6b4d8a57e034b1014942356e95caf47aa,18787,https://github.com/rails/rails/issues/18787,https://github.com/rails/rails/tree/35d77130a2c08f477ce5e7f2e5b28934ad393641,https://github.com/rails/rails/tree/4ec5b0d6b4d8a57e034b1014942356e95caf47aa,https://github.com/rails/rails/compare/35d77130a2c08f477ce5e7f2e5b28934ad393641...4ec5b0d6b4d8a57e034b1014942356e95caf47aa
128,Rails,5170c11c97c5e3e786530d0ce1719e38e3c09d1f,85465ed3e6c582d25f0c8fafe21f7a2c182c2f67,18735,https://github.com/rails/rails/issues/18735,https://github.com/rails/rails/tree/5170c11c97c5e3e786530d0ce1719e38e3c09d1f,https://github.com/rails/rails/tree/85465ed3e6c582d25f0c8fafe21f7a2c182c2f67,https://github.com/rails/rails/compare/5170c11c97c5e3e786530d0ce1719e38e3c09d1f...85465ed3e6c582d25f0c8fafe21f7a2c182c2f67
129,Rails,693b333920fc2f5b74f157d46d531cd97b692006,e0cb21f5f767606ad3ecf2db33855d27aa9f083d,8446,https://github.com/rails/rails/issues/8446,https://github.com/rails/rails/tree/693b333920fc2f5b74f157d46d531cd97b692006,https://github.com/rails/rails/tree/e0cb21f5f767606ad3ecf2db33855d27aa9f083d,https://github.com/rails/rails/compare/693b333920fc2f5b74f157d46d531cd97b692006...e0cb21f5f767606ad3ecf2db33855d27aa9f083d
130,Rails,b9d668f8cb466ab70e107e8ed6e1df2d28c25f31,96e504ec8af149962312c13dd418e13e4c74ce86,18580,https://github.com/rails/rails/issues/18580,https://github.com/rails/rails/tree/b9d668f8cb466ab70e107e8ed6e1df2d28c25f31,https://github.com/rails/rails/tree/96e504ec8af149962312c13dd418e13e4c74ce86,https://github.com/rails/rails/compare/b9d668f8cb466ab70e107e8ed6e1df2d28c25f31...96e504ec8af149962312c13dd418e13e4c74ce86
131,Rails,e60c18931c81a88f4eb89059e955d6ff07c5e26c,ba7377e8176315e7ac6ba1c24b2479925dc37cde,20253,https://github.com/rails/rails/issues/20253,https://github.com/rails/rails/tree/e60c18931c81a88f4eb89059e955d6ff07c5e26c,https://github.com/rails/rails/tree/ba7377e8176315e7ac6ba1c24b2479925dc37cde,https://github.com/rails/rails/compare/e60c18931c81a88f4eb89059e955d6ff07c5e26c...ba7377e8176315e7ac6ba1c24b2479925dc37cde
132,Rails,f55c60f5aec67aaa2b1614a59f9a3639f966ea30,bc6ac8609cf79f28047c0928b9433e00e6ea1f09,20721,https://github.com/rails/rails/issues/20721,https://github.com/rails/rails/tree/f55c60f5aec67aaa2b1614a59f9a3639f966ea30,https://github.com/rails/rails/tree/bc6ac8609cf79f28047c0928b9433e00e6ea1f09,https://github.com/rails/rails/compare/f55c60f5aec67aaa2b1614a59f9a3639f966ea30...bc6ac8609cf79f28047c0928b9433e00e6ea1f09
133,Rails,f55c60f5aec67aaa2b1614a59f9a3639f966ea30,bc6ac8609cf79f28047c0928b9433e00e6ea1f09,20727,https://github.com/rails/rails/issues/20727,https://github.com/rails/rails/tree/f55c60f5aec67aaa2b1614a59f9a3639f966ea30,https://github.com/rails/rails/tree/bc6ac8609cf79f28047c0928b9433e00e6ea1f09,https://github.com/rails/rails/compare/f55c60f5aec67aaa2b1614a59f9a3639f966ea30...bc6ac8609cf79f28047c0928b9433e00e6ea1f09
134,Rails,c7449a2269c3d8b3f68b93401ab7a4fc524da918,68af63618223c238468af1afb093eb4ccc706761,20922,https://github.com/rails/rails/issues/20922,https://github.com/rails/rails/tree/c7449a2269c3d8b3f68b93401ab7a4fc524da918,https://github.com/rails/rails/tree/68af63618223c238468af1afb093eb4ccc706761,https://github.com/rails/rails/compare/c7449a2269c3d8b3f68b93401ab7a4fc524da918...68af63618223c238468af1afb093eb4ccc706761
135,Rails,79f44eb6c84fe1d7a7ba51f3f511d2e744788ef8,7089768b700f79b2ae5171dc434ef45d16d18a63,15332,https://github.com/rails/rails/issues/15332,https://github.com/rails/rails/tree/79f44eb6c84fe1d7a7ba51f3f511d2e744788ef8,https://github.com/rails/rails/tree/7089768b700f79b2ae5171dc434ef45d16d18a63,https://github.com/rails/rails/compare/79f44eb6c84fe1d7a7ba51f3f511d2e744788ef8...7089768b700f79b2ae5171dc434ef45d16d18a63
136,Rails,8ce0175d50f7fafe648afb8342e17c0898e0ff7f,5c6d3653830465176ed9d37ec210d55d6ab62852,22426,https://github.com/rails/rails/issues/22426,https://github.com/rails/rails/tree/8ce0175d50f7fafe648afb8342e17c0898e0ff7f,https://github.com/rails/rails/tree/5c6d3653830465176ed9d37ec210d55d6ab62852,https://github.com/rails/rails/compare/8ce0175d50f7fafe648afb8342e17c0898e0ff7f...5c6d3653830465176ed9d37ec210d55d6ab62852
137,Rails,8beb328befa53d74fe9c7942ddb188563bd4de33,07b4078eb664dd45b1526a85358574ea8e669ce3,20531,https://github.com/rails/rails/issues/20531,https://github.com/rails/rails/tree/8beb328befa53d74fe9c7942ddb188563bd4de33,https://github.com/rails/rails/tree/07b4078eb664dd45b1526a85358574ea8e669ce3,https://github.com/rails/rails/compare/8beb328befa53d74fe9c7942ddb188563bd4de33...07b4078eb664dd45b1526a85358574ea8e669ce3
138,Rails,5854de38859fd770702c41747576d5c86c82d4b9,b7cce1c0a92ef88341137290eefd19ef688c175b,23013,https://github.com/rails/rails/issues/23013,https://github.com/rails/rails/tree/5854de38859fd770702c41747576d5c86c82d4b9,https://github.com/rails/rails/tree/b7cce1c0a92ef88341137290eefd19ef688c175b,https://github.com/rails/rails/compare/5854de38859fd770702c41747576d5c86c82d4b9...b7cce1c0a92ef88341137290eefd19ef688c175b
139,Rails,39f383bad01e52c217c9007b5e9d3b239fe6a808,221b4aead579ebae28477e889a7ee68a6668b0fa,22811,https://github.com/rails/rails/issues/22811,https://github.com/rails/rails/tree/39f383bad01e52c217c9007b5e9d3b239fe6a808,https://github.com/rails/rails/tree/221b4aead579ebae28477e889a7ee68a6668b0fa,https://github.com/rails/rails/compare/39f383bad01e52c217c9007b5e9d3b239fe6a808...221b4aead579ebae28477e889a7ee68a6668b0fa
140,Rails,f718e52bcce02bc137263ead3a9d9f5df1c42c37,22288603645c95751f64245fc89fc259a27ad94c,23026,https://github.com/rails/rails/issues/23026,https://github.com/rails/rails/tree/f718e52bcce02bc137263ead3a9d9f5df1c42c37,https://github.com/rails/rails/tree/22288603645c95751f64245fc89fc259a27ad94c,https://github.com/rails/rails/compare/f718e52bcce02bc137263ead3a9d9f5df1c42c37...22288603645c95751f64245fc89fc259a27ad94c
141,Rails,4b507dff1e429c65b59cf6c506cdfa3adc44b141,1eace9402ba9ad17b51552b5c61e25c3ced84475,23069,https://github.com/rails/rails/issues/23069,https://github.com/rails/rails/tree/4b507dff1e429c65b59cf6c506cdfa3adc44b141,https://github.com/rails/rails/tree/1eace9402ba9ad17b51552b5c61e25c3ced84475,https://github.com/rails/rails/compare/4b507dff1e429c65b59cf6c506cdfa3adc44b141...1eace9402ba9ad17b51552b5c61e25c3ced84475
142,Rails,d26704a15f88d384dd282425daa832affdb5f8c1,e35221cfd948098c6fabdff5fed3877edb8921d3,18169,https://github.com/rails/rails/issues/18169,https://github.com/rails/rails/tree/d26704a15f88d384dd282425daa832affdb5f8c1,https://github.com/rails/rails/tree/e35221cfd948098c6fabdff5fed3877edb8921d3,https://github.com/rails/rails/compare/d26704a15f88d384dd282425daa832affdb5f8c1...e35221cfd948098c6fabdff5fed3877edb8921d3
143,Rails,cbb7f7d00484a7bd90cf95f7c76741c19042b7df,5d1b7c3b441654e8008dcd303f5367883ec660a6,23069,https://github.com/rails/rails/issues/23069,https://github.com/rails/rails/tree/cbb7f7d00484a7bd90cf95f7c76741c19042b7df,https://github.com/rails/rails/tree/5d1b7c3b441654e8008dcd303f5367883ec660a6,https://github.com/rails/rails/compare/cbb7f7d00484a7bd90cf95f7c76741c19042b7df...5d1b7c3b441654e8008dcd303f5367883ec660a6
144,Rails,ba35b4702e012f866c4bf904d5b7da21375b3133,557c46a41ec73c485a783b56fbbe893a00f49fe8,19545,https://github.com/rails/rails/issues/19545,https://github.com/rails/rails/tree/ba35b4702e012f866c4bf904d5b7da21375b3133,https://github.com/rails/rails/tree/557c46a41ec73c485a783b56fbbe893a00f49fe8,https://github.com/rails/rails/compare/ba35b4702e012f866c4bf904d5b7da21375b3133...557c46a41ec73c485a783b56fbbe893a00f49fe8
145,Rails,9864bcee8cfdb9e798473e01936b4499e268a64d,77383fc1e473819971d1e3ca614d7b361fa5cc33,23285,https://github.com/rails/rails/issues/23285,https://github.com/rails/rails/tree/9864bcee8cfdb9e798473e01936b4499e268a64d,https://github.com/rails/rails/tree/77383fc1e473819971d1e3ca614d7b361fa5cc33,https://github.com/rails/rails/compare/9864bcee8cfdb9e798473e01936b4499e268a64d...77383fc1e473819971d1e3ca614d7b361fa5cc33
146,Rails,3156a7692c3c51adb846252192364172b05bd67f,6f15b276cb69ae1241e5c021fdc8e73fd3fe1197,23645,https://github.com/rails/rails/issues/23645,https://github.com/rails/rails/tree/3156a7692c3c51adb846252192364172b05bd67f,https://github.com/rails/rails/tree/6f15b276cb69ae1241e5c021fdc8e73fd3fe1197,https://github.com/rails/rails/compare/3156a7692c3c51adb846252192364172b05bd67f...6f15b276cb69ae1241e5c021fdc8e73fd3fe1197
147,Rails,0e189cb3df7899bd99697a40b9e5f6316299ac04,9c9fb19b9eda46a76d7ce4fd6cb9cc94bd965e62,20995,https://github.com/rails/rails/issues/20995,https://github.com/rails/rails/tree/0e189cb3df7899bd99697a40b9e5f6316299ac04,https://github.com/rails/rails/tree/9c9fb19b9eda46a76d7ce4fd6cb9cc94bd965e62,https://github.com/rails/rails/compare/0e189cb3df7899bd99697a40b9e5f6316299ac04...9c9fb19b9eda46a76d7ce4fd6cb9cc94bd965e62
148,Rails,3a7a021ed936af50d436f419ac651203cfd072f6,2a56b2d90d4fed8548e3a1e7a7b206454858c872,23507,https://github.com/rails/rails/issues/23507,https://github.com/rails/rails/tree/3a7a021ed936af50d436f419ac651203cfd072f6,https://github.com/rails/rails/tree/2a56b2d90d4fed8548e3a1e7a7b206454858c872,https://github.com/rails/rails/compare/3a7a021ed936af50d436f419ac651203cfd072f6...2a56b2d90d4fed8548e3a1e7a7b206454858c872
149,Rails,1ffa1a852e79feee9d4793fb60992a920909c316,c9c5788a527b70d7f983e2b4b47e3afd863d9f48,24617,https://github.com/rails/rails/issues/24617,https://github.com/rails/rails/tree/1ffa1a852e79feee9d4793fb60992a920909c316,https://github.com/rails/rails/tree/c9c5788a527b70d7f983e2b4b47e3afd863d9f48,https://github.com/rails/rails/compare/1ffa1a852e79feee9d4793fb60992a920909c316...c9c5788a527b70d7f983e2b4b47e3afd863d9f48
150,Rails,310e4418f4db899dcd07ff24f530ef8862c65f8b,55385c8a39117f5c1b78fcb703f9d7ac14d97d12,23625,https://github.com/rails/rails/issues/23625,https://github.com/rails/rails/tree/310e4418f4db899dcd07ff24f530ef8862c65f8b,https://github.com/rails/rails/tree/55385c8a39117f5c1b78fcb703f9d7ac14d97d12,https://github.com/rails/rails/compare/310e4418f4db899dcd07ff24f530ef8862c65f8b...55385c8a39117f5c1b78fcb703f9d7ac14d97d12
151,Rails,ddb7be50e8a0946d29fbe66537f845b8369413b7,af2c427c390b87ea20986f1e82b498068800d775,22726,https://github.com/rails/rails/issues/22726,https://github.com/rails/rails/tree/ddb7be50e8a0946d29fbe66537f845b8369413b7,https://github.com/rails/rails/tree/af2c427c390b87ea20986f1e82b498068800d775,https://github.com/rails/rails/compare/ddb7be50e8a0946d29fbe66537f845b8369413b7...af2c427c390b87ea20986f1e82b498068800d775
152,Rails,7b96d860fd91e1802c5832cd97f54fda5368df2d,b43158afba7fb4de6a3530d4f4e940f0c89bd057,23964,https://github.com/rails/rails/issues/23964,https://github.com/rails/rails/tree/7b96d860fd91e1802c5832cd97f54fda5368df2d,https://github.com/rails/rails/tree/b43158afba7fb4de6a3530d4f4e940f0c89bd057,https://github.com/rails/rails/compare/7b96d860fd91e1802c5832cd97f54fda5368df2d...b43158afba7fb4de6a3530d4f4e940f0c89bd057
153,Rails,932655a4ef61083da98724bb612d00f89e153c46,d6f3ad7ce7066b8815b4bda4a1e843b2c72c2ad3,24959,https://github.com/rails/rails/issues/24959,https://github.com/rails/rails/tree/932655a4ef61083da98724bb612d00f89e153c46,https://github.com/rails/rails/tree/d6f3ad7ce7066b8815b4bda4a1e843b2c72c2ad3,https://github.com/rails/rails/compare/932655a4ef61083da98724bb612d00f89e153c46...d6f3ad7ce7066b8815b4bda4a1e843b2c72c2ad3
154,Rails,28a7c98fe665e40f40d4c69c0729ad0c0436bef2,8e2e5f9e3d1f434e265dc104ea9b00ff75702fc3,25128,https://github.com/rails/rails/issues/25128,https://github.com/rails/rails/tree/28a7c98fe665e40f40d4c69c0729ad0c0436bef2,https://github.com/rails/rails/tree/8e2e5f9e3d1f434e265dc104ea9b00ff75702fc3,https://github.com/rails/rails/compare/28a7c98fe665e40f40d4c69c0729ad0c0436bef2...8e2e5f9e3d1f434e265dc104ea9b00ff75702fc3
155,Rails,af1fd0fcae53fd63ac155a8aefc090c159a48209,51598abaf17f1525207bc0df28a5ee61d2a0269e,22398,https://github.com/rails/rails/issues/22398,https://github.com/rails/rails/tree/af1fd0fcae53fd63ac155a8aefc090c159a48209,https://github.com/rails/rails/tree/51598abaf17f1525207bc0df28a5ee61d2a0269e,https://github.com/rails/rails/compare/af1fd0fcae53fd63ac155a8aefc090c159a48209...51598abaf17f1525207bc0df28a5ee61d2a0269e
156,Rails,754e5bdf8713b95c2bb9d2ab4656fd240da12181,a0b1912fb077d47e1977cf1b38b884651756d853,25488,https://github.com/rails/rails/issues/25488,https://github.com/rails/rails/tree/754e5bdf8713b95c2bb9d2ab4656fd240da12181,https://github.com/rails/rails/tree/a0b1912fb077d47e1977cf1b38b884651756d853,https://github.com/rails/rails/compare/754e5bdf8713b95c2bb9d2ab4656fd240da12181...a0b1912fb077d47e1977cf1b38b884651756d853
157,Rails,6e692e6e5bb90fbaf1524429139daa9bd1c4f990,0a8b212db76441df29a572580f1dab596d28d73d,26904,https://github.com/rails/rails/issues/26904,https://github.com/rails/rails/tree/6e692e6e5bb90fbaf1524429139daa9bd1c4f990,https://github.com/rails/rails/tree/0a8b212db76441df29a572580f1dab596d28d73d,https://github.com/rails/rails/compare/6e692e6e5bb90fbaf1524429139daa9bd1c4f990...0a8b212db76441df29a572580f1dab596d28d73d
158,Rails,415e17d0b54681545d36a0f43d4cd8761de77bee,0713265fd15f5ce0d6e86e620a2de254ff291f81,27454,https://github.com/rails/rails/issues/27454,https://github.com/rails/rails/tree/415e17d0b54681545d36a0f43d4cd8761de77bee,https://github.com/rails/rails/tree/0713265fd15f5ce0d6e86e620a2de254ff291f81,https://github.com/rails/rails/compare/415e17d0b54681545d36a0f43d4cd8761de77bee...0713265fd15f5ce0d6e86e620a2de254ff291f81
159,Rails,15e2da656f41af0124f7577858536f3b65462ad5,935502062e647def60288944808240667f7893cc,20995,https://github.com/rails/rails/issues/20995,https://github.com/rails/rails/tree/15e2da656f41af0124f7577858536f3b65462ad5,https://github.com/rails/rails/tree/935502062e647def60288944808240667f7893cc,https://github.com/rails/rails/compare/15e2da656f41af0124f7577858536f3b65462ad5...935502062e647def60288944808240667f7893cc
160,Rails,6568cfd78c89fe70ac7304d03f8f4825fe0b7c72,72831d75b6aa25ff89144eeb7e9698c4f93e65ea,19880,https://github.com/rails/rails/issues/19880,https://github.com/rails/rails/tree/6568cfd78c89fe70ac7304d03f8f4825fe0b7c72,https://github.com/rails/rails/tree/72831d75b6aa25ff89144eeb7e9698c4f93e65ea,https://github.com/rails/rails/compare/6568cfd78c89fe70ac7304d03f8f4825fe0b7c72...72831d75b6aa25ff89144eeb7e9698c4f93e65ea
161,Rails,88e00d303df5caad9393f81a12a1eaf227b2e293,0da4a08bdfea28a0cc881ca5831aadfcf8a3b7eb,20140,https://github.com/rails/rails/issues/20140,https://github.com/rails/rails/tree/88e00d303df5caad9393f81a12a1eaf227b2e293,https://github.com/rails/rails/tree/0da4a08bdfea28a0cc881ca5831aadfcf8a3b7eb,https://github.com/rails/rails/compare/88e00d303df5caad9393f81a12a1eaf227b2e293...0da4a08bdfea28a0cc881ca5831aadfcf8a3b7eb
162,Rails,eec4c2e978be15b85ba8f3efa054cb43acf1bdda,b5edc55d9fc3f6fc87ab06b5897917e051a82aef,27480,https://github.com/rails/rails/issues/27480,https://github.com/rails/rails/tree/eec4c2e978be15b85ba8f3efa054cb43acf1bdda,https://github.com/rails/rails/tree/b5edc55d9fc3f6fc87ab06b5897917e051a82aef,https://github.com/rails/rails/compare/eec4c2e978be15b85ba8f3efa054cb43acf1bdda...b5edc55d9fc3f6fc87ab06b5897917e051a82aef
163,Rails,d7b333469e347824a9b2302da674d557277014d1,773f71c8a0d61a01b8afcc7359e0364a1f2a1bce,26912,https://github.com/rails/rails/issues/26912,https://github.com/rails/rails/tree/d7b333469e347824a9b2302da674d557277014d1,https://github.com/rails/rails/tree/773f71c8a0d61a01b8afcc7359e0364a1f2a1bce,https://github.com/rails/rails/compare/d7b333469e347824a9b2302da674d557277014d1...773f71c8a0d61a01b8afcc7359e0364a1f2a1bce
164,Rails,4fed08fa787a316fa51f14baca9eae11913f5050,082c75f6232e811287d36441711f75bdcabb51d4,27923,https://github.com/rails/rails/issues/27923,https://github.com/rails/rails/tree/4fed08fa787a316fa51f14baca9eae11913f5050,https://github.com/rails/rails/tree/082c75f6232e811287d36441711f75bdcabb51d4,https://github.com/rails/rails/compare/4fed08fa787a316fa51f14baca9eae11913f5050...082c75f6232e811287d36441711f75bdcabb51d4
165,Rails,d731d6366ae68c790ef79ff66b2d2d41f5767cc3,6ec2e8ac220024c6e8159c81dbe76ef8e812ed6f,28285,https://github.com/rails/rails/issues/28285,https://github.com/rails/rails/tree/d731d6366ae68c790ef79ff66b2d2d41f5767cc3,https://github.com/rails/rails/tree/6ec2e8ac220024c6e8159c81dbe76ef8e812ed6f,https://github.com/rails/rails/compare/d731d6366ae68c790ef79ff66b2d2d41f5767cc3...6ec2e8ac220024c6e8159c81dbe76ef8e812ed6f
166,Rails,46bb76acadc132de0344166db223be5f3fcd5426,801a21e6c9e619297d43d6e4dcec55fb47fd479c,27579,https://github.com/rails/rails/issues/27579,https://github.com/rails/rails/tree/46bb76acadc132de0344166db223be5f3fcd5426,https://github.com/rails/rails/tree/801a21e6c9e619297d43d6e4dcec55fb47fd479c,https://github.com/rails/rails/compare/46bb76acadc132de0344166db223be5f3fcd5426...801a21e6c9e619297d43d6e4dcec55fb47fd479c
167,Rails,eb4aba0052a0a51d26ec31640fc833e3848dc9e8,4fed08fa787a316fa51f14baca9eae11913f5050,27956,https://github.com/rails/rails/issues/27956,https://github.com/rails/rails/tree/eb4aba0052a0a51d26ec31640fc833e3848dc9e8,https://github.com/rails/rails/tree/4fed08fa787a316fa51f14baca9eae11913f5050,https://github.com/rails/rails/compare/eb4aba0052a0a51d26ec31640fc833e3848dc9e8...4fed08fa787a316fa51f14baca9eae11913f5050
168,Rails,2d84a6bc74fbe9d9b97bf7d63ec6f27418d9c3a6,60aeb6a8f9f1fc161a921c2219650c19b6e753e7,28184,https://github.com/rails/rails/issues/28184,https://github.com/rails/rails/tree/2d84a6bc74fbe9d9b97bf7d63ec6f27418d9c3a6,https://github.com/rails/rails/tree/60aeb6a8f9f1fc161a921c2219650c19b6e753e7,https://github.com/rails/rails/compare/2d84a6bc74fbe9d9b97bf7d63ec6f27418d9c3a6...60aeb6a8f9f1fc161a921c2219650c19b6e753e7
169,Rails,0d8069d36543947dc948cbbd02c8214c352b7aad,0f1d0b1b5254e3678abaabbebb3362a100c10262,27514,https://github.com/rails/rails/issues/27514,https://github.com/rails/rails/tree/0d8069d36543947dc948cbbd02c8214c352b7aad,https://github.com/rails/rails/tree/0f1d0b1b5254e3678abaabbebb3362a100c10262,https://github.com/rails/rails/compare/0d8069d36543947dc948cbbd02c8214c352b7aad...0f1d0b1b5254e3678abaabbebb3362a100c10262
170,Rails,0dd40fe72cfcf53b475a4084d61e9e931417c29e,615fd399cd3c0e2f10874f21af89ac584dd0a0ba,28846,https://github.com/rails/rails/issues/28846,https://github.com/rails/rails/tree/0dd40fe72cfcf53b475a4084d61e9e931417c29e,https://github.com/rails/rails/tree/615fd399cd3c0e2f10874f21af89ac584dd0a0ba,https://github.com/rails/rails/compare/0dd40fe72cfcf53b475a4084d61e9e931417c29e...615fd399cd3c0e2f10874f21af89ac584dd0a0ba
171,Rails,2064c61f4b1f52dfe20bbe544db34c9fff1930b3,15a4d3c383e6120bb0670fe2f9f07f72a5825027,28905,https://github.com/rails/rails/issues/28905,https://github.com/rails/rails/tree/2064c61f4b1f52dfe20bbe544db34c9fff1930b3,https://github.com/rails/rails/tree/15a4d3c383e6120bb0670fe2f9f07f72a5825027,https://github.com/rails/rails/compare/2064c61f4b1f52dfe20bbe544db34c9fff1930b3...15a4d3c383e6120bb0670fe2f9f07f72a5825027
172,Rails,b9b4fa9154e7c81ddb2bac4c5d53a9cb98c3351e,1aad9f6b5b610a487f248268b464fbbd74c82531,29136,https://github.com/rails/rails/issues/29136,https://github.com/rails/rails/tree/b9b4fa9154e7c81ddb2bac4c5d53a9cb98c3351e,https://github.com/rails/rails/tree/1aad9f6b5b610a487f248268b464fbbd74c82531,https://github.com/rails/rails/compare/b9b4fa9154e7c81ddb2bac4c5d53a9cb98c3351e...1aad9f6b5b610a487f248268b464fbbd74c82531
173,Rails,8bdc9e8d8793c4ce3eb25f56f0d229166261248e,202aadd4f4bc0bdce7e376add98c36098ff5086b,25664,https://github.com/rails/rails/issues/25664,https://github.com/rails/rails/tree/8bdc9e8d8793c4ce3eb25f56f0d229166261248e,https://github.com/rails/rails/tree/202aadd4f4bc0bdce7e376add98c36098ff5086b,https://github.com/rails/rails/compare/8bdc9e8d8793c4ce3eb25f56f0d229166261248e...202aadd4f4bc0bdce7e376add98c36098ff5086b
174,Rails,34fe2a4fc778d18b7fe6bdf3629c1481bee789b9,a06a643e0572b8c983738c068ae637d020188c97,28515,https://github.com/rails/rails/issues/28515,https://github.com/rails/rails/tree/34fe2a4fc778d18b7fe6bdf3629c1481bee789b9,https://github.com/rails/rails/tree/a06a643e0572b8c983738c068ae637d020188c97,https://github.com/rails/rails/compare/34fe2a4fc778d18b7fe6bdf3629c1481bee789b9...a06a643e0572b8c983738c068ae637d020188c97
175,Rails,82200b2541c2e1adee2919aaaccf4bf268c9af99,07d84b7c8db5b85f7521cfc5d2028ed973d9a14b,29923,https://github.com/rails/rails/issues/29923,https://github.com/rails/rails/tree/82200b2541c2e1adee2919aaaccf4bf268c9af99,https://github.com/rails/rails/tree/07d84b7c8db5b85f7521cfc5d2028ed973d9a14b,https://github.com/rails/rails/compare/82200b2541c2e1adee2919aaaccf4bf268c9af99...07d84b7c8db5b85f7521cfc5d2028ed973d9a14b
176,Rails,00a47d58ecb4587510ff3d721a692561abbe3ba2,e15583c32e292acdd595dbf137d1c7cb0ea73e58,30025,https://github.com/rails/rails/issues/30025,https://github.com/rails/rails/tree/00a47d58ecb4587510ff3d721a692561abbe3ba2,https://github.com/rails/rails/tree/e15583c32e292acdd595dbf137d1c7cb0ea73e58,https://github.com/rails/rails/compare/00a47d58ecb4587510ff3d721a692561abbe3ba2...e15583c32e292acdd595dbf137d1c7cb0ea73e58
177,Rails,a625292c793cd1fffdcf7576ac860c259493b140,816a3763d9bb070bf339de32c6a3ce31a45369f8,29067,https://github.com/rails/rails/issues/29067,https://github.com/rails/rails/tree/a625292c793cd1fffdcf7576ac860c259493b140,https://github.com/rails/rails/tree/816a3763d9bb070bf339de32c6a3ce31a45369f8,https://github.com/rails/rails/compare/a625292c793cd1fffdcf7576ac860c259493b140...816a3763d9bb070bf339de32c6a3ce31a45369f8
178,Rails,26f995459cdfce5c8231f47b369d224e00c7a22c,8877492df2853cba92d95dabdfcdee7244e7d8f0,28332,https://github.com/rails/rails/issues/28332,https://github.com/rails/rails/tree/26f995459cdfce5c8231f47b369d224e00c7a22c,https://github.com/rails/rails/tree/8877492df2853cba92d95dabdfcdee7244e7d8f0,https://github.com/rails/rails/compare/26f995459cdfce5c8231f47b369d224e00c7a22c...8877492df2853cba92d95dabdfcdee7244e7d8f0
179,Rails,97bd56e674603529d96c6f6e85d695dd24208afb,07a611e02351b32100f19495a34ed46d01f195c1,29025,https://github.com/rails/rails/issues/29025,https://github.com/rails/rails/tree/97bd56e674603529d96c6f6e85d695dd24208afb,https://github.com/rails/rails/tree/07a611e02351b32100f19495a34ed46d01f195c1,https://github.com/rails/rails/compare/97bd56e674603529d96c6f6e85d695dd24208afb...07a611e02351b32100f19495a34ed46d01f195c1
180,Rails,70fa9e9ab7fd89589664ecd7ee367448ef45f9d8,9b823c02b62a91216ef1ad0c9d4fca095377afb6,22594,https://github.com/rails/rails/issues/22594,https://github.com/rails/rails/tree/70fa9e9ab7fd89589664ecd7ee367448ef45f9d8,https://github.com/rails/rails/tree/9b823c02b62a91216ef1ad0c9d4fca095377afb6,https://github.com/rails/rails/compare/70fa9e9ab7fd89589664ecd7ee367448ef45f9d8...9b823c02b62a91216ef1ad0c9d4fca095377afb6
181,Rails,67a579419b275c4c982b02d9b6380cf4cbdaba20,bd4f28a46dc3cafd00aabd7c7e6540b3d48593b2,28754,https://github.com/rails/rails/issues/28754,https://github.com/rails/rails/tree/67a579419b275c4c982b02d9b6380cf4cbdaba20,https://github.com/rails/rails/tree/bd4f28a46dc3cafd00aabd7c7e6540b3d48593b2,https://github.com/rails/rails/compare/67a579419b275c4c982b02d9b6380cf4cbdaba20...bd4f28a46dc3cafd00aabd7c7e6540b3d48593b2
182,Rails,1e51a38fbc767f2c7e33c0ac548422eebbb5981d,4f8d7024130411783d327cf978552135a2b62c30,18787,https://github.com/rails/rails/issues/18787,https://github.com/rails/rails/tree/1e51a38fbc767f2c7e33c0ac548422eebbb5981d,https://github.com/rails/rails/tree/4f8d7024130411783d327cf978552135a2b62c30,https://github.com/rails/rails/compare/1e51a38fbc767f2c7e33c0ac548422eebbb5981d...4f8d7024130411783d327cf978552135a2b62c30
183,Rails,79d2d33489728f06838322d84da8de8f05b6afa1,c30f664c71708391a16183c13fcfd0a0d52ffa6c,34062,https://github.com/rails/rails/issues/34062,https://github.com/rails/rails/tree/79d2d33489728f06838322d84da8de8f05b6afa1,https://github.com/rails/rails/tree/c30f664c71708391a16183c13fcfd0a0d52ffa6c,https://github.com/rails/rails/compare/79d2d33489728f06838322d84da8de8f05b6afa1...c30f664c71708391a16183c13fcfd0a0d52ffa6c
184,Rails,030c66a51faf9f43bfc6093ed6cc119e9a09a09a,92209356c310caabda8665d6369d3b1e4a1800d1,29669,https://github.com/rails/rails/issues/29669,https://github.com/rails/rails/tree/030c66a51faf9f43bfc6093ed6cc119e9a09a09a,https://github.com/rails/rails/tree/92209356c310caabda8665d6369d3b1e4a1800d1,https://github.com/rails/rails/compare/030c66a51faf9f43bfc6093ed6cc119e9a09a09a...92209356c310caabda8665d6369d3b1e4a1800d1
185,Rails,9fc728cf09adf318bf58c59b7f4ca41f57a6f6b1,1173c7cad3684048c53f2ef9a5c936d9e58e75d0,33387,https://github.com/rails/rails/issues/33387,https://github.com/rails/rails/tree/9fc728cf09adf318bf58c59b7f4ca41f57a6f6b1,https://github.com/rails/rails/tree/1173c7cad3684048c53f2ef9a5c936d9e58e75d0,https://github.com/rails/rails/compare/9fc728cf09adf318bf58c59b7f4ca41f57a6f6b1...1173c7cad3684048c53f2ef9a5c936d9e58e75d0
186,Rails,16dae7684edc480ee3fe65dfff8e19989402c987,12a9664ff60f0e2712fd1f79f8dbec06e2f004a2,31209,https://github.com/rails/rails/issues/31209,https://github.com/rails/rails/tree/16dae7684edc480ee3fe65dfff8e19989402c987,https://github.com/rails/rails/tree/12a9664ff60f0e2712fd1f79f8dbec06e2f004a2,https://github.com/rails/rails/compare/16dae7684edc480ee3fe65dfff8e19989402c987...12a9664ff60f0e2712fd1f79f8dbec06e2f004a2
187,Rails,4e076b03b6312b928a845f9a31288d10d7243338,2e3bba3e3af8c41e833cced61f0449ad73c947cc,33249,https://github.com/rails/rails/issues/33249,https://github.com/rails/rails/tree/4e076b03b6312b928a845f9a31288d10d7243338,https://github.com/rails/rails/tree/2e3bba3e3af8c41e833cced61f0449ad73c947cc,https://github.com/rails/rails/compare/4e076b03b6312b928a845f9a31288d10d7243338...2e3bba3e3af8c41e833cced61f0449ad73c947cc
188,Rails,1b90f614b1b3d06b7f02a8b9ea6cd84f15d58643,fe929c171966c6102452f3612c613a245a5e8bb7,33117,https://github.com/rails/rails/issues/33117,https://github.com/rails/rails/tree/1b90f614b1b3d06b7f02a8b9ea6cd84f15d58643,https://github.com/rails/rails/tree/fe929c171966c6102452f3612c613a245a5e8bb7,https://github.com/rails/rails/compare/1b90f614b1b3d06b7f02a8b9ea6cd84f15d58643...fe929c171966c6102452f3612c613a245a5e8bb7
189,Rails,c65acad0df6b332324c24e725c7d581bd76f9760,fe30211574648fa21bff958a3cf952fd0c20c3b1,36383,https://github.com/rails/rails/issues/36383,https://github.com/rails/rails/tree/c65acad0df6b332324c24e725c7d581bd76f9760,https://github.com/rails/rails/tree/fe30211574648fa21bff958a3cf952fd0c20c3b1,https://github.com/rails/rails/compare/c65acad0df6b332324c24e725c7d581bd76f9760...fe30211574648fa21bff958a3cf952fd0c20c3b1
190,Rails,50fba828d533ff75671ca8b83337dd99aa613ff7,8f05035b7e595e2086759ee10ec9df9431e5e351,34332,https://github.com/rails/rails/issues/34332,https://github.com/rails/rails/tree/50fba828d533ff75671ca8b83337dd99aa613ff7,https://github.com/rails/rails/tree/8f05035b7e595e2086759ee10ec9df9431e5e351,https://github.com/rails/rails/compare/50fba828d533ff75671ca8b83337dd99aa613ff7...8f05035b7e595e2086759ee10ec9df9431e5e351
191,Rails,50fba828d533ff75671ca8b83337dd99aa613ff7,8f05035b7e595e2086759ee10ec9df9431e5e351,34536,https://github.com/rails/rails/issues/34536,https://github.com/rails/rails/tree/50fba828d533ff75671ca8b83337dd99aa613ff7,https://github.com/rails/rails/tree/8f05035b7e595e2086759ee10ec9df9431e5e351,https://github.com/rails/rails/compare/50fba828d533ff75671ca8b83337dd99aa613ff7...8f05035b7e595e2086759ee10ec9df9431e5e351
192,Rails,727da1d8cdcab3ff50e399053faf7ba84e05ce03,526a5eb10cbe6092389c07c9529eb44c50fb0af6,36341,https://github.com/rails/rails/issues/36341,https://github.com/rails/rails/tree/727da1d8cdcab3ff50e399053faf7ba84e05ce03,https://github.com/rails/rails/tree/526a5eb10cbe6092389c07c9529eb44c50fb0af6,https://github.com/rails/rails/compare/727da1d8cdcab3ff50e399053faf7ba84e05ce03...526a5eb10cbe6092389c07c9529eb44c50fb0af6
193,Rails,f173ec77fc35ce57e94398310308e868689366bb,59ff1ba30d9f4d34b4d478104cc3f453e553c67a,34646,https://github.com/rails/rails/issues/34646,https://github.com/rails/rails/tree/f173ec77fc35ce57e94398310308e868689366bb,https://github.com/rails/rails/tree/59ff1ba30d9f4d34b4d478104cc3f453e553c67a,https://github.com/rails/rails/compare/f173ec77fc35ce57e94398310308e868689366bb...59ff1ba30d9f4d34b4d478104cc3f453e553c67a
194,Rails,c1ff1392dbcd8fbf9228d552cf596a26351b2edc,e0a315b38aae8cb748597a89786c2249627c4495,36132,https://github.com/rails/rails/issues/36132,https://github.com/rails/rails/tree/c1ff1392dbcd8fbf9228d552cf596a26351b2edc,https://github.com/rails/rails/tree/e0a315b38aae8cb748597a89786c2249627c4495,https://github.com/rails/rails/compare/c1ff1392dbcd8fbf9228d552cf596a26351b2edc...e0a315b38aae8cb748597a89786c2249627c4495
195,Rails,f61542c3f6724735be827df90d489333e9ded031,836eb915b14f01eca8a5ea655e4f30b6a8a7ce38,36806,https://github.com/rails/rails/issues/36806,https://github.com/rails/rails/tree/f61542c3f6724735be827df90d489333e9ded031,https://github.com/rails/rails/tree/836eb915b14f01eca8a5ea655e4f30b6a8a7ce38,https://github.com/rails/rails/compare/f61542c3f6724735be827df90d489333e9ded031...836eb915b14f01eca8a5ea655e4f30b6a8a7ce38
196,Rails,9c913116c634fe5fe2159a94b8f1a244801a4877,396dba08741b2c1d5a41debbb4bbde799c9f2a31,36736,https://github.com/rails/rails/issues/36736,https://github.com/rails/rails/tree/9c913116c634fe5fe2159a94b8f1a244801a4877,https://github.com/rails/rails/tree/396dba08741b2c1d5a41debbb4bbde799c9f2a31,https://github.com/rails/rails/compare/9c913116c634fe5fe2159a94b8f1a244801a4877...396dba08741b2c1d5a41debbb4bbde799c9f2a31
197,Rails,85b422bd7fcb93c6a3d13f78fca55b85f69865a1,05f9e3ef92114c2df978009073d0b47fe1323eb7,34062,https://github.com/rails/rails/issues/34062,https://github.com/rails/rails/tree/85b422bd7fcb93c6a3d13f78fca55b85f69865a1,https://github.com/rails/rails/tree/05f9e3ef92114c2df978009073d0b47fe1323eb7,https://github.com/rails/rails/compare/85b422bd7fcb93c6a3d13f78fca55b85f69865a1...05f9e3ef92114c2df978009073d0b47fe1323eb7
198,Rails,b385afc5f67d284838444e13be0c38ad87c2feaf,82b66fe48e3f8e8320d1675d5f30539241af6476,39171,https://github.com/rails/rails/issues/39171,https://github.com/rails/rails/tree/b385afc5f67d284838444e13be0c38ad87c2feaf,https://github.com/rails/rails/tree/82b66fe48e3f8e8320d1675d5f30539241af6476,https://github.com/rails/rails/compare/b385afc5f67d284838444e13be0c38ad87c2feaf...82b66fe48e3f8e8320d1675d5f30539241af6476
199,Rails,1414910502d6d286f7f44b1a24d546f562804f07,2cd05dda2bcfe34e1666f865de382279a63cee6d,38040,https://github.com/rails/rails/issues/38040,https://github.com/rails/rails/tree/1414910502d6d286f7f44b1a24d546f562804f07,https://github.com/rails/rails/tree/2cd05dda2bcfe34e1666f865de382279a63cee6d,https://github.com/rails/rails/compare/1414910502d6d286f7f44b1a24d546f562804f07...2cd05dda2bcfe34e1666f865de382279a63cee6d
200,Rails,ed29afcc03cd4c192944758cc97b91e189cb6c66,d4ebba275e413059c873a1218da73471bcf5e115,39205,https://github.com/rails/rails/issues/39205,https://github.com/rails/rails/tree/ed29afcc03cd4c192944758cc97b91e189cb6c66,https://github.com/rails/rails/tree/d4ebba275e413059c873a1218da73471bcf5e115,https://github.com/rails/rails/compare/ed29afcc03cd4c192944758cc97b91e189cb6c66...d4ebba275e413059c873a1218da73471bcf5e115
201,Rails,67feba0c822d64741d574dfea808c1a2feedbcfc,a9d4d889e32114651861dcbd9ab0fc78869f58a3,39271,https://github.com/rails/rails/issues/39271,https://github.com/rails/rails/tree/67feba0c822d64741d574dfea808c1a2feedbcfc,https://github.com/rails/rails/tree/a9d4d889e32114651861dcbd9ab0fc78869f58a3,https://github.com/rails/rails/compare/67feba0c822d64741d574dfea808c1a2feedbcfc...a9d4d889e32114651861dcbd9ab0fc78869f58a3
202,Rails,ed29afcc03cd4c192944758cc97b91e189cb6c66,32a7ba91d9a0586648fdc8e29ee801026e89644e,38597,https://github.com/rails/rails/issues/38597,https://github.com/rails/rails/tree/ed29afcc03cd4c192944758cc97b91e189cb6c66,https://github.com/rails/rails/tree/32a7ba91d9a0586648fdc8e29ee801026e89644e,https://github.com/rails/rails/compare/ed29afcc03cd4c192944758cc97b91e189cb6c66...32a7ba91d9a0586648fdc8e29ee801026e89644e
203,Rails,35bf86fe838d310833adb283712ce4913447eea7,493470acfff2d34c792a43c093ec840507e2682b,39291,https://github.com/rails/rails/issues/39291,https://github.com/rails/rails/tree/35bf86fe838d310833adb283712ce4913447eea7,https://github.com/rails/rails/tree/493470acfff2d34c792a43c093ec840507e2682b,https://github.com/rails/rails/compare/35bf86fe838d310833adb283712ce4913447eea7...493470acfff2d34c792a43c093ec840507e2682b
204,Rails,01cffc3789312a297cc2a7e6b44938c166125823,b7c846afafd82865948e4db939348e61bba47368,36453,https://github.com/rails/rails/issues/36453,https://github.com/rails/rails/tree/01cffc3789312a297cc2a7e6b44938c166125823,https://github.com/rails/rails/tree/b7c846afafd82865948e4db939348e61bba47368,https://github.com/rails/rails/compare/01cffc3789312a297cc2a7e6b44938c166125823...b7c846afafd82865948e4db939348e61bba47368
205,Rails,6bc88355ea844e4d74c12f00271521780172e0f8,e62195e2594a7491da30d6b2ec6f44587e84e6ac,36867,https://github.com/rails/rails/issues/36867,https://github.com/rails/rails/tree/6bc88355ea844e4d74c12f00271521780172e0f8,https://github.com/rails/rails/tree/e62195e2594a7491da30d6b2ec6f44587e84e6ac,https://github.com/rails/rails/compare/6bc88355ea844e4d74c12f00271521780172e0f8...e62195e2594a7491da30d6b2ec6f44587e84e6ac
206,Rails,e61bdbf315851ac1cdcd2f8ac6ebac8fe7c7261b,7e96bbc05b2663943f21ecf9996dd9feec840c0d,39170,https://github.com/rails/rails/issues/39170,https://github.com/rails/rails/tree/e61bdbf315851ac1cdcd2f8ac6ebac8fe7c7261b,https://github.com/rails/rails/tree/7e96bbc05b2663943f21ecf9996dd9feec840c0d,https://github.com/rails/rails/compare/e61bdbf315851ac1cdcd2f8ac6ebac8fe7c7261b...7e96bbc05b2663943f21ecf9996dd9feec840c0d
207,Rails,e803ab6e80e2fc0b772e2135ce85111cdce23e2f,abae7fcd5f4817219d48fa13dfa5c989114104aa,37554,https://github.com/rails/rails/issues/37554,https://github.com/rails/rails/tree/e803ab6e80e2fc0b772e2135ce85111cdce23e2f,https://github.com/rails/rails/tree/abae7fcd5f4817219d48fa13dfa5c989114104aa,https://github.com/rails/rails/compare/e803ab6e80e2fc0b772e2135ce85111cdce23e2f...abae7fcd5f4817219d48fa13dfa5c989114104aa
208,Rails,7118c435996a78effd7989e5c61536e817e6e716,34d0836f6fd7d4b9408f5ea5c94b7d3ebb0bcb4b,39601,https://github.com/rails/rails/issues/39601,https://github.com/rails/rails/tree/7118c435996a78effd7989e5c61536e817e6e716,https://github.com/rails/rails/tree/34d0836f6fd7d4b9408f5ea5c94b7d3ebb0bcb4b,https://github.com/rails/rails/compare/7118c435996a78effd7989e5c61536e817e6e716...34d0836f6fd7d4b9408f5ea5c94b7d3ebb0bcb4b
209,Rails,95154c93eea3369410121fa1065296f9f3627349,4432d471b865ed302242cf7d4849961da3bc1cc3,39529,https://github.com/rails/rails/issues/39529,https://github.com/rails/rails/tree/95154c93eea3369410121fa1065296f9f3627349,https://github.com/rails/rails/tree/4432d471b865ed302242cf7d4849961da3bc1cc3,https://github.com/rails/rails/compare/95154c93eea3369410121fa1065296f9f3627349...4432d471b865ed302242cf7d4849961da3bc1cc3
210,Rails,e8cf45dc4a42818da7094b91547bab7c9efe37c3,10b36e81a357f8d7fa3665630c4d41c057fe59d9,32819,https://github.com/rails/rails/issues/32819,https://github.com/rails/rails/tree/e8cf45dc4a42818da7094b91547bab7c9efe37c3,https://github.com/rails/rails/tree/10b36e81a357f8d7fa3665630c4d41c057fe59d9,https://github.com/rails/rails/compare/e8cf45dc4a42818da7094b91547bab7c9efe37c3...10b36e81a357f8d7fa3665630c4d41c057fe59d9
211,Rails,a185ff86c0b46c7a643b9c8a9ffd4d973c1ab9dd,b97e25d697aa8994d7d2c15314f9c2aeb6f0c0cb,39646,https://github.com/rails/rails/issues/39646,https://github.com/rails/rails/tree/a185ff86c0b46c7a643b9c8a9ffd4d973c1ab9dd,https://github.com/rails/rails/tree/b97e25d697aa8994d7d2c15314f9c2aeb6f0c0cb,https://github.com/rails/rails/compare/a185ff86c0b46c7a643b9c8a9ffd4d973c1ab9dd...b97e25d697aa8994d7d2c15314f9c2aeb6f0c0cb
212,Rails,d87a0c6a206cecefac25c96e707e8cd1ad97cd5d,6db6432d71c7928d701c35ec80cb0767710dd65f,36411,https://github.com/rails/rails/issues/36411,https://github.com/rails/rails/tree/d87a0c6a206cecefac25c96e707e8cd1ad97cd5d,https://github.com/rails/rails/tree/6db6432d71c7928d701c35ec80cb0767710dd65f,https://github.com/rails/rails/compare/d87a0c6a206cecefac25c96e707e8cd1ad97cd5d...6db6432d71c7928d701c35ec80cb0767710dd65f
213,Rails,f8b9150f1cbfcb62dba0b651e671d48ec7496458,eba1534939fe1cf005746f12446235bdd52014c1,39431,https://github.com/rails/rails/issues/39431,https://github.com/rails/rails/tree/f8b9150f1cbfcb62dba0b651e671d48ec7496458,https://github.com/rails/rails/tree/eba1534939fe1cf005746f12446235bdd52014c1,https://github.com/rails/rails/compare/f8b9150f1cbfcb62dba0b651e671d48ec7496458...eba1534939fe1cf005746f12446235bdd52014c1
214,Rails,86a9c893eddb4bead094a759e9d1509a5b744c50,b92dc5b01cfbbb44d6625e933e3a2167f61d077e,40559,https://github.com/rails/rails/issues/40559,https://github.com/rails/rails/tree/86a9c893eddb4bead094a759e9d1509a5b744c50,https://github.com/rails/rails/tree/b92dc5b01cfbbb44d6625e933e3a2167f61d077e,https://github.com/rails/rails/compare/86a9c893eddb4bead094a759e9d1509a5b744c50...b92dc5b01cfbbb44d6625e933e3a2167f61d077e
215,Rails,90fa01b4c0fc3bcc641cb64782950cd4346b14fa,18187a95dc0eb81753044cf7d18cd31618b6f1e8,40658,https://github.com/rails/rails/issues/40658,https://github.com/rails/rails/tree/90fa01b4c0fc3bcc641cb64782950cd4346b14fa,https://github.com/rails/rails/tree/18187a95dc0eb81753044cf7d18cd31618b6f1e8,https://github.com/rails/rails/compare/90fa01b4c0fc3bcc641cb64782950cd4346b14fa...18187a95dc0eb81753044cf7d18cd31618b6f1e8
216,Rails,25c3eab0dcf09a45bcde905710da6a5f5e502c5c,741c699683e1ed5ee285d251c82e2ab6d4fbecfe,40843,https://github.com/rails/rails/issues/40843,https://github.com/rails/rails/tree/25c3eab0dcf09a45bcde905710da6a5f5e502c5c,https://github.com/rails/rails/tree/741c699683e1ed5ee285d251c82e2ab6d4fbecfe,https://github.com/rails/rails/compare/25c3eab0dcf09a45bcde905710da6a5f5e502c5c...741c699683e1ed5ee285d251c82e2ab6d4fbecfe
217,Rails,46337faa795fa40dedb1b9b906bec1793358d7f3,bdd49dc81f5cad7e0cabb8487cf255b3c9597c51,40772,https://github.com/rails/rails/issues/40772,https://github.com/rails/rails/tree/46337faa795fa40dedb1b9b906bec1793358d7f3,https://github.com/rails/rails/tree/bdd49dc81f5cad7e0cabb8487cf255b3c9597c51,https://github.com/rails/rails/compare/46337faa795fa40dedb1b9b906bec1793358d7f3...bdd49dc81f5cad7e0cabb8487cf255b3c9597c51
218,Rails,bc78b654093beb129e5c6520c5cb9cff0e33dd46,58b9ab894b16881e641d2f0b610be3319a05249f,40218,https://github.com/rails/rails/issues/40218,https://github.com/rails/rails/tree/bc78b654093beb129e5c6520c5cb9cff0e33dd46,https://github.com/rails/rails/tree/58b9ab894b16881e641d2f0b610be3319a05249f,https://github.com/rails/rails/compare/bc78b654093beb129e5c6520c5cb9cff0e33dd46...58b9ab894b16881e641d2f0b610be3319a05249f
219,Rails,2a12fe0b122e37e3321d4a53af013a2eb596ccd1,307d50292dac93279bec2eae329b107b23e81ca5,40804,https://github.com/rails/rails/issues/40804,https://github.com/rails/rails/tree/2a12fe0b122e37e3321d4a53af013a2eb596ccd1,https://github.com/rails/rails/tree/307d50292dac93279bec2eae329b107b23e81ca5,https://github.com/rails/rails/compare/2a12fe0b122e37e3321d4a53af013a2eb596ccd1...307d50292dac93279bec2eae329b107b23e81ca5
220,Rails,a94315b94edbaadd97b751e3ab375ea8032dcb79,cbb19eb833be6edce0b7fa1067017e43c6762e1d,40779,https://github.com/rails/rails/issues/40779,https://github.com/rails/rails/tree/a94315b94edbaadd97b751e3ab375ea8032dcb79,https://github.com/rails/rails/tree/cbb19eb833be6edce0b7fa1067017e43c6762e1d,https://github.com/rails/rails/compare/a94315b94edbaadd97b751e3ab375ea8032dcb79...cbb19eb833be6edce0b7fa1067017e43c6762e1d
221,Rails,1ab0e6b6d8070f30b2a02254070c6dd07fa56ec4,31575b39ca4d5f8bb7dc1d5cd98dd1e974069259,39349,https://github.com/rails/rails/issues/39349,https://github.com/rails/rails/tree/1ab0e6b6d8070f30b2a02254070c6dd07fa56ec4,https://github.com/rails/rails/tree/31575b39ca4d5f8bb7dc1d5cd98dd1e974069259,https://github.com/rails/rails/compare/1ab0e6b6d8070f30b2a02254070c6dd07fa56ec4...31575b39ca4d5f8bb7dc1d5cd98dd1e974069259
222,Rails,b39ea7cc3662345ad8efbe496db5ae594449f85f,eb5f5ed0be0c8bb1d136135c8ad6a22d4c5b7bd2,37411,https://github.com/rails/rails/issues/37411,https://github.com/rails/rails/tree/b39ea7cc3662345ad8efbe496db5ae594449f85f,https://github.com/rails/rails/tree/eb5f5ed0be0c8bb1d136135c8ad6a22d4c5b7bd2,https://github.com/rails/rails/compare/b39ea7cc3662345ad8efbe496db5ae594449f85f...eb5f5ed0be0c8bb1d136135c8ad6a22d4c5b7bd2
223,Rails,94ba417ecec8272700805268b76be7de9a470a59,f45b01ad3d98bca680fb9912292fea32f453f9da,36910,https://github.com/rails/rails/issues/36910,https://github.com/rails/rails/tree/94ba417ecec8272700805268b76be7de9a470a59,https://github.com/rails/rails/tree/f45b01ad3d98bca680fb9912292fea32f453f9da,https://github.com/rails/rails/compare/94ba417ecec8272700805268b76be7de9a470a59...f45b01ad3d98bca680fb9912292fea32f453f9da
224,Rails,f3071970c22d668560130c3460fe2404adb32816,bc9beb27aafdb8625451407f77adafcfbd28517d,40937,https://github.com/rails/rails/issues/40937,https://github.com/rails/rails/tree/f3071970c22d668560130c3460fe2404adb32816,https://github.com/rails/rails/tree/bc9beb27aafdb8625451407f77adafcfbd28517d,https://github.com/rails/rails/compare/f3071970c22d668560130c3460fe2404adb32816...bc9beb27aafdb8625451407f77adafcfbd28517d
225,Rails,b5ab89b9bf53eb5c64843f4c3547e81526614814,5fc0c4c5627b96d03d3f505936c6d0e8ca1a712e,41138,https://github.com/rails/rails/issues/41138,https://github.com/rails/rails/tree/b5ab89b9bf53eb5c64843f4c3547e81526614814,https://github.com/rails/rails/tree/5fc0c4c5627b96d03d3f505936c6d0e8ca1a712e,https://github.com/rails/rails/compare/b5ab89b9bf53eb5c64843f4c3547e81526614814...5fc0c4c5627b96d03d3f505936c6d0e8ca1a712e
226,Rails,d049839e1f07b197c0bf62b622c4313bf2325cc4,8eb3e3fa572497d5061b0fda19a90c0db7be4983,41474,https://github.com/rails/rails/issues/41474,https://github.com/rails/rails/tree/d049839e1f07b197c0bf62b622c4313bf2325cc4,https://github.com/rails/rails/tree/8eb3e3fa572497d5061b0fda19a90c0db7be4983,https://github.com/rails/rails/compare/d049839e1f07b197c0bf62b622c4313bf2325cc4...8eb3e3fa572497d5061b0fda19a90c0db7be4983
227,Rails,17aa8999a3e7ddeea33377e5be2db9217bbcf73b,cdab26abef1bcac265ac8c481e140db33ca7bbd8,40220,https://github.com/rails/rails/issues/40220,https://github.com/rails/rails/tree/17aa8999a3e7ddeea33377e5be2db9217bbcf73b,https://github.com/rails/rails/tree/cdab26abef1bcac265ac8c481e140db33ca7bbd8,https://github.com/rails/rails/compare/17aa8999a3e7ddeea33377e5be2db9217bbcf73b...cdab26abef1bcac265ac8c481e140db33ca7bbd8
228,Rails,89b52a8dd35cd90e0de05aa2ddc3f5b61832a269,8d24c6ba5ebbb8892167fd8e09e95c585cb08810,41403,https://github.com/rails/rails/issues/41403,https://github.com/rails/rails/tree/89b52a8dd35cd90e0de05aa2ddc3f5b61832a269,https://github.com/rails/rails/tree/8d24c6ba5ebbb8892167fd8e09e95c585cb08810,https://github.com/rails/rails/compare/89b52a8dd35cd90e0de05aa2ddc3f5b61832a269...8d24c6ba5ebbb8892167fd8e09e95c585cb08810
229,Rails,5cfaefbd11b336fcdf1e2bebc73bec8e863784e5,b5ab89b9bf53eb5c64843f4c3547e81526614814,41138,https://github.com/rails/rails/issues/41138,https://github.com/rails/rails/tree/5cfaefbd11b336fcdf1e2bebc73bec8e863784e5,https://github.com/rails/rails/tree/b5ab89b9bf53eb5c64843f4c3547e81526614814,https://github.com/rails/rails/compare/5cfaefbd11b336fcdf1e2bebc73bec8e863784e5...b5ab89b9bf53eb5c64843f4c3547e81526614814
230,Rails,b453bff3513ab76a6e772210b990a8fdcc019909,6f8fca882bf35c39e489503e5c5d2bda49481850,41081,https://github.com/rails/rails/issues/41081,https://github.com/rails/rails/tree/b453bff3513ab76a6e772210b990a8fdcc019909,https://github.com/rails/rails/tree/6f8fca882bf35c39e489503e5c5d2bda49481850,https://github.com/rails/rails/compare/b453bff3513ab76a6e772210b990a8fdcc019909...6f8fca882bf35c39e489503e5c5d2bda49481850
231,Rails,302fdb7677b95ac1c428bd5c545252bc52ac2313,ea4a5a94060be0b0e793302c9188388749ad06d1,41600,https://github.com/rails/rails/issues/41600,https://github.com/rails/rails/tree/302fdb7677b95ac1c428bd5c545252bc52ac2313,https://github.com/rails/rails/tree/ea4a5a94060be0b0e793302c9188388749ad06d1,https://github.com/rails/rails/compare/302fdb7677b95ac1c428bd5c545252bc52ac2313...ea4a5a94060be0b0e793302c9188388749ad06d1
232,Rails,56f376c7534725eb53d94d94a4d6f59c1c746842,2629f48cedd92ee7381b591bd3e6b4eb895f7a82,41827,https://github.com/rails/rails/issues/41827,https://github.com/rails/rails/tree/56f376c7534725eb53d94d94a4d6f59c1c746842,https://github.com/rails/rails/tree/2629f48cedd92ee7381b591bd3e6b4eb895f7a82,https://github.com/rails/rails/compare/56f376c7534725eb53d94d94a4d6f59c1c746842...2629f48cedd92ee7381b591bd3e6b4eb895f7a82
233,Rails,d5b65c082ef0c17241de26d5131e5b4d8a01b186,7e61f808c684b22b175271530a8bf3ced0815dfb,44242,https://github.com/rails/rails/issues/44242,https://github.com/rails/rails/tree/d5b65c082ef0c17241de26d5131e5b4d8a01b186,https://github.com/rails/rails/tree/7e61f808c684b22b175271530a8bf3ced0815dfb,https://github.com/rails/rails/compare/d5b65c082ef0c17241de26d5131e5b4d8a01b186...7e61f808c684b22b175271530a8bf3ced0815dfb
234,Rails,ecbd92cf48c741f784c1297041d368c8eb14e9bf,d5745607463ef72adb6a34e3ecc9b3820484a33f,36816,https://github.com/rails/rails/issues/36816,https://github.com/rails/rails/tree/ecbd92cf48c741f784c1297041d368c8eb14e9bf,https://github.com/rails/rails/tree/d5745607463ef72adb6a34e3ecc9b3820484a33f,https://github.com/rails/rails/compare/ecbd92cf48c741f784c1297041d368c8eb14e9bf...d5745607463ef72adb6a34e3ecc9b3820484a33f
235,Rails,f8f8d976d21a8d68ff8c59b1aa2f953e84d6a145,dfd28646feebfc8fd8f177240b25c01b81cb4828,43146,https://github.com/rails/rails/issues/43146,https://github.com/rails/rails/tree/f8f8d976d21a8d68ff8c59b1aa2f953e84d6a145,https://github.com/rails/rails/tree/dfd28646feebfc8fd8f177240b25c01b81cb4828,https://github.com/rails/rails/compare/f8f8d976d21a8d68ff8c59b1aa2f953e84d6a145...dfd28646feebfc8fd8f177240b25c01b81cb4828
236,Rails,bd11e520a2e81d2b272a9812ca21ae199d74bf16,9a6d380cf263acd21aecd7931486f9a3afadda4e,40823,https://github.com/rails/rails/issues/40823,https://github.com/rails/rails/tree/bd11e520a2e81d2b272a9812ca21ae199d74bf16,https://github.com/rails/rails/tree/9a6d380cf263acd21aecd7931486f9a3afadda4e,https://github.com/rails/rails/compare/bd11e520a2e81d2b272a9812ca21ae199d74bf16...9a6d380cf263acd21aecd7931486f9a3afadda4e
237,Rails,73e0a9c749354010614664556a02707cd28ea056,4d3930d149a1ea3bcbc489187e7d50d23196e9da,39741,https://github.com/rails/rails/issues/39741,https://github.com/rails/rails/tree/73e0a9c749354010614664556a02707cd28ea056,https://github.com/rails/rails/tree/4d3930d149a1ea3bcbc489187e7d50d23196e9da,https://github.com/rails/rails/compare/73e0a9c749354010614664556a02707cd28ea056...4d3930d149a1ea3bcbc489187e7d50d23196e9da
238,Rails,445d400a65cb582b5ea03882b13d76837d55f1fb,4479d811349db4cb0c35aa99d947f603d4bb49be,39833,https://github.com/rails/rails/issues/39833,https://github.com/rails/rails/tree/445d400a65cb582b5ea03882b13d76837d55f1fb,https://github.com/rails/rails/tree/4479d811349db4cb0c35aa99d947f603d4bb49be,https://github.com/rails/rails/compare/445d400a65cb582b5ea03882b13d76837d55f1fb...4479d811349db4cb0c35aa99d947f603d4bb49be
239,Rails,fc5c8d0cfe1871dd66efec2b6ca37e1a75ccd21f,a731dbdfb8940b657946b8febcf7f56d7227beb0,49500,https://github.com/rails/rails/issues/49500,https://github.com/rails/rails/tree/fc5c8d0cfe1871dd66efec2b6ca37e1a75ccd21f,https://github.com/rails/rails/tree/a731dbdfb8940b657946b8febcf7f56d7227beb0,https://github.com/rails/rails/compare/fc5c8d0cfe1871dd66efec2b6ca37e1a75ccd21f...a731dbdfb8940b657946b8febcf7f56d7227beb0
240,Rails,cae5bafbf2e74dba245e5afc0279a0aafd1ae156,64f57c2c9d7b356ebd120751171a0fadf8946e90,49689,https://github.com/rails/rails/issues/49689,https://github.com/rails/rails/tree/cae5bafbf2e74dba245e5afc0279a0aafd1ae156,https://github.com/rails/rails/tree/64f57c2c9d7b356ebd120751171a0fadf8946e90,https://github.com/rails/rails/compare/cae5bafbf2e74dba245e5afc0279a0aafd1ae156...64f57c2c9d7b356ebd120751171a0fadf8946e90
241,Rails,554e71af0b913795a8bdd2a696819e3182f87c61,a8bc63af54aafe9500d93cb4e38d4ecdd68941a8,43588,https://github.com/rails/rails/issues/43588,https://github.com/rails/rails/tree/554e71af0b913795a8bdd2a696819e3182f87c61,https://github.com/rails/rails/tree/a8bc63af54aafe9500d93cb4e38d4ecdd68941a8,https://github.com/rails/rails/compare/554e71af0b913795a8bdd2a696819e3182f87c61...a8bc63af54aafe9500d93cb4e38d4ecdd68941a8
242,Rails,7ebda0aded3d1f004fd644496cbb80abd94ced19,adb64db43dba5cad1007ce57e25df67f8b3e91f8,41855,https://github.com/rails/rails/issues/41855,https://github.com/rails/rails/tree/7ebda0aded3d1f004fd644496cbb80abd94ced19,https://github.com/rails/rails/tree/adb64db43dba5cad1007ce57e25df67f8b3e91f8,https://github.com/rails/rails/compare/7ebda0aded3d1f004fd644496cbb80abd94ced19...adb64db43dba5cad1007ce57e25df67f8b3e91f8
243,Rails,05cb63abdaf6101e6c8fb43119e2c0d08e543c28,7a12fa129fb4430fea1f1e4c523aafbb82d1419f,47060,https://github.com/rails/rails/issues/47060,https://github.com/rails/rails/tree/05cb63abdaf6101e6c8fb43119e2c0d08e543c28,https://github.com/rails/rails/tree/7a12fa129fb4430fea1f1e4c523aafbb82d1419f,https://github.com/rails/rails/compare/05cb63abdaf6101e6c8fb43119e2c0d08e543c28...7a12fa129fb4430fea1f1e4c523aafbb82d1419f
244,Rails,86a280a34781d708180bdcfd9c255192d96dbb77,bc951b47193639ba9d08f3b4248702e6e44fb3e7,45906,https://github.com/rails/rails/issues/45906,https://github.com/rails/rails/tree/86a280a34781d708180bdcfd9c255192d96dbb77,https://github.com/rails/rails/tree/bc951b47193639ba9d08f3b4248702e6e44fb3e7,https://github.com/rails/rails/compare/86a280a34781d708180bdcfd9c255192d96dbb77...bc951b47193639ba9d08f3b4248702e6e44fb3e7
245,Rails,60a79e0f7f51e5582fe9c2dc6ba0c230a3c2f9ba,a3884476699272976f3f839a66bddd8ffad35dbe,39171,https://github.com/rails/rails/issues/39171,https://github.com/rails/rails/tree/60a79e0f7f51e5582fe9c2dc6ba0c230a3c2f9ba,https://github.com/rails/rails/tree/a3884476699272976f3f839a66bddd8ffad35dbe,https://github.com/rails/rails/compare/60a79e0f7f51e5582fe9c2dc6ba0c230a3c2f9ba...a3884476699272976f3f839a66bddd8ffad35dbe
246,Rails,f4ec7e88989ab205a967a8647253851a23ebd712,1084b228c3c3ad92e2f6a55a6d79741612b32981,54894,https://github.com/rails/rails/issues/54894,https://github.com/rails/rails/tree/f4ec7e88989ab205a967a8647253851a23ebd712,https://github.com/rails/rails/tree/1084b228c3c3ad92e2f6a55a6d79741612b32981,https://github.com/rails/rails/compare/f4ec7e88989ab205a967a8647253851a23ebd712...1084b228c3c3ad92e2f6a55a6d79741612b32981
