bug.id,project_id,revision.id.buggy,revision.id.fixed,report.id,report.url,buggy_commit_url,fixed_commit_url,compare_url
1,Gitea,9085dfa42663e826c405996a44729bb0428bb201,617bbe3feec23f2c7cb5c32df8532999fda74203,218,https://github.com/go-gitea/gitea/issues/218,https://github.com/go-gitea/gitea/tree/9085dfa42663e826c405996a44729bb0428bb201,https://github.com/go-gitea/gitea/tree/617bbe3feec23f2c7cb5c32df8532999fda74203,https://github.com/go-gitea/gitea/compare/9085dfa42663e826c405996a44729bb0428bb201...617bbe3feec23f2c7cb5c32df8532999fda74203
2,Gitea,ceb415df8a5ba9e33840df5d635765424a2bee8e,b2801a2e985f11e940a0cd420cea57242ea26d4c,165,https://github.com/go-gitea/gitea/issues/165,https://github.com/go-gitea/gitea/tree/ceb415df8a5ba9e33840df5d635765424a2bee8e,https://github.com/go-gitea/gitea/tree/b2801a2e985f11e940a0cd420cea57242ea26d4c,https://github.com/go-gitea/gitea/compare/ceb415df8a5ba9e33840df5d635765424a2bee8e...b2801a2e985f11e940a0cd420cea57242ea26d4c
3,Gitea,8bfa7ae7453e56191aa6f7de8067d5b6bb5a4a8b,ad5ec45dd63aa2563d113e6a9ce31180246aa5f2,165,https://github.com/go-gitea/gitea/issues/165,https://github.com/go-gitea/gitea/tree/8bfa7ae7453e56191aa6f7de8067d5b6bb5a4a8b,https://github.com/go-gitea/gitea/tree/ad5ec45dd63aa2563d113e6a9ce31180246aa5f2,https://github.com/go-gitea/gitea/compare/8bfa7ae7453e56191aa6f7de8067d5b6bb5a4a8b...ad5ec45dd63aa2563d113e6a9ce31180246aa5f2
4,Gitea,ad5ec45dd63aa2563d113e6a9ce31180246aa5f2,9d2cef23f2af273933da8f1cef150c1d163be5ee,165,https://github.com/go-gitea/gitea/issues/165,https://github.com/go-gitea/gitea/tree/ad5ec45dd63aa2563d113e6a9ce31180246aa5f2,https://github.com/go-gitea/gitea/tree/9d2cef23f2af273933da8f1cef150c1d163be5ee,https://github.com/go-gitea/gitea/compare/ad5ec45dd63aa2563d113e6a9ce31180246aa5f2...9d2cef23f2af273933da8f1cef150c1d163be5ee
5,Gitea,72ba273cc99589d7a0ca0a7986939e86f6599bf8,43b33440b53c79a22de08880851b5b55e9b6a4b3,257,https://github.com/go-gitea/gitea/issues/257,https://github.com/go-gitea/gitea/tree/72ba273cc99589d7a0ca0a7986939e86f6599bf8,https://github.com/go-gitea/gitea/tree/43b33440b53c79a22de08880851b5b55e9b6a4b3,https://github.com/go-gitea/gitea/compare/72ba273cc99589d7a0ca0a7986939e86f6599bf8...43b33440b53c79a22de08880851b5b55e9b6a4b3
6,Gitea,536f65b8ad700dc919295562dd72d5d4ea750506,267870537dd7dc3cc0b7b81c2ac1a7be835c0f92,278,https://github.com/go-gitea/gitea/issues/278,https://github.com/go-gitea/gitea/tree/536f65b8ad700dc919295562dd72d5d4ea750506,https://github.com/go-gitea/gitea/tree/267870537dd7dc3cc0b7b81c2ac1a7be835c0f92,https://github.com/go-gitea/gitea/compare/536f65b8ad700dc919295562dd72d5d4ea750506...267870537dd7dc3cc0b7b81c2ac1a7be835c0f92
7,Gitea,c4eeb803e1d77b563a3e6a5c67a78c38858d4e76,ad7beb78d0933e59103bf2862148431902ae2d91,312,https://github.com/go-gitea/gitea/issues/312,https://github.com/go-gitea/gitea/tree/c4eeb803e1d77b563a3e6a5c67a78c38858d4e76,https://github.com/go-gitea/gitea/tree/ad7beb78d0933e59103bf2862148431902ae2d91,https://github.com/go-gitea/gitea/compare/c4eeb803e1d77b563a3e6a5c67a78c38858d4e76...ad7beb78d0933e59103bf2862148431902ae2d91
8,Gitea,b95e78f7e6fd1a135d2a03782e193dd9a558fded,17d2675dd263ba70a4d5370070d879776469144a,258,https://github.com/go-gitea/gitea/issues/258,https://github.com/go-gitea/gitea/tree/b95e78f7e6fd1a135d2a03782e193dd9a558fded,https://github.com/go-gitea/gitea/tree/17d2675dd263ba70a4d5370070d879776469144a,https://github.com/go-gitea/gitea/compare/b95e78f7e6fd1a135d2a03782e193dd9a558fded...17d2675dd263ba70a4d5370070d879776469144a
9,Gitea,09ca5d125a4938f013d4b471e9d05943156d2604,2a3660dae3b8fa8322e55f04d27a301d45d33b02,453,https://github.com/go-gitea/gitea/issues/453,https://github.com/go-gitea/gitea/tree/09ca5d125a4938f013d4b471e9d05943156d2604,https://github.com/go-gitea/gitea/tree/2a3660dae3b8fa8322e55f04d27a301d45d33b02,https://github.com/go-gitea/gitea/compare/09ca5d125a4938f013d4b471e9d05943156d2604...2a3660dae3b8fa8322e55f04d27a301d45d33b02
10,Gitea,17d2675dd263ba70a4d5370070d879776469144a,669552e255fb98021b779918394c65792fe6f1d2,340,https://github.com/go-gitea/gitea/issues/340,https://github.com/go-gitea/gitea/tree/17d2675dd263ba70a4d5370070d879776469144a,https://github.com/go-gitea/gitea/tree/669552e255fb98021b779918394c65792fe6f1d2,https://github.com/go-gitea/gitea/compare/17d2675dd263ba70a4d5370070d879776469144a...669552e255fb98021b779918394c65792fe6f1d2
11,Gitea,b9560374cd9d06b9009eb48ef0f0cefe04a4daed,7027ac930841960dfe850572a0e8306c6c010ef3,461,https://github.com/go-gitea/gitea/issues/461,https://github.com/go-gitea/gitea/tree/b9560374cd9d06b9009eb48ef0f0cefe04a4daed,https://github.com/go-gitea/gitea/tree/7027ac930841960dfe850572a0e8306c6c010ef3,https://github.com/go-gitea/gitea/compare/b9560374cd9d06b9009eb48ef0f0cefe04a4daed...7027ac930841960dfe850572a0e8306c6c010ef3
12,Gitea,3600498c8f7177e70f2a876dc00abe55e7ccc818,e848b17fab55569b323b9093eb49e9f78df2422c,540,https://github.com/go-gitea/gitea/issues/540,https://github.com/go-gitea/gitea/tree/3600498c8f7177e70f2a876dc00abe55e7ccc818,https://github.com/go-gitea/gitea/tree/e848b17fab55569b323b9093eb49e9f78df2422c,https://github.com/go-gitea/gitea/compare/3600498c8f7177e70f2a876dc00abe55e7ccc818...e848b17fab55569b323b9093eb49e9f78df2422c
13,Gitea,01e69af2c8ff2738dca6377742c862546fad8239,196efecaaabca797832e62287732a77f02b6b594,491,https://github.com/go-gitea/gitea/issues/491,https://github.com/go-gitea/gitea/tree/01e69af2c8ff2738dca6377742c862546fad8239,https://github.com/go-gitea/gitea/tree/196efecaaabca797832e62287732a77f02b6b594,https://github.com/go-gitea/gitea/compare/01e69af2c8ff2738dca6377742c862546fad8239...196efecaaabca797832e62287732a77f02b6b594
14,Gitea,452ccff81ca736a07bec44a059a0562a08656bf4,0d7b9065c60604a1ac37af595878d86b0c0679ad,540,https://github.com/go-gitea/gitea/issues/540,https://github.com/go-gitea/gitea/tree/452ccff81ca736a07bec44a059a0562a08656bf4,https://github.com/go-gitea/gitea/tree/0d7b9065c60604a1ac37af595878d86b0c0679ad,https://github.com/go-gitea/gitea/compare/452ccff81ca736a07bec44a059a0562a08656bf4...0d7b9065c60604a1ac37af595878d86b0c0679ad
15,Gitea,dc53270da91c369cb00f992a600a1e014d555278,1b66600bd0e9eaa52f2f14f58c9cdf504efadaf5,652,https://github.com/go-gitea/gitea/issues/652,https://github.com/go-gitea/gitea/tree/dc53270da91c369cb00f992a600a1e014d555278,https://github.com/go-gitea/gitea/tree/1b66600bd0e9eaa52f2f14f58c9cdf504efadaf5,https://github.com/go-gitea/gitea/compare/dc53270da91c369cb00f992a600a1e014d555278...1b66600bd0e9eaa52f2f14f58c9cdf504efadaf5
16,Gitea,0d7b9065c60604a1ac37af595878d86b0c0679ad,c04aea8d9d797c0930bedc5038b466dc661774da,540,https://github.com/go-gitea/gitea/issues/540,https://github.com/go-gitea/gitea/tree/0d7b9065c60604a1ac37af595878d86b0c0679ad,https://github.com/go-gitea/gitea/tree/c04aea8d9d797c0930bedc5038b466dc661774da,https://github.com/go-gitea/gitea/compare/0d7b9065c60604a1ac37af595878d86b0c0679ad...c04aea8d9d797c0930bedc5038b466dc661774da
17,Gitea,82da024a4df2a626633a49f70dd3a2889b525d15,533880860069ca95fba44732721fef3434e1ec99,676,https://github.com/go-gitea/gitea/issues/676,https://github.com/go-gitea/gitea/tree/82da024a4df2a626633a49f70dd3a2889b525d15,https://github.com/go-gitea/gitea/tree/533880860069ca95fba44732721fef3434e1ec99,https://github.com/go-gitea/gitea/compare/82da024a4df2a626633a49f70dd3a2889b525d15...533880860069ca95fba44732721fef3434e1ec99
18,Gitea,cd627ba16e25b9844e82f3ea5f2a310834a9022a,48bb0fadc2ddc362fe2da272767aba614f691645,677,https://github.com/go-gitea/gitea/issues/677,https://github.com/go-gitea/gitea/tree/cd627ba16e25b9844e82f3ea5f2a310834a9022a,https://github.com/go-gitea/gitea/tree/48bb0fadc2ddc362fe2da272767aba614f691645,https://github.com/go-gitea/gitea/compare/cd627ba16e25b9844e82f3ea5f2a310834a9022a...48bb0fadc2ddc362fe2da272767aba614f691645
19,Gitea,fa241efa6d5e934f599e43714e970fa48c9a0f47,1aa12c74523680946dd220b6fc8cbe6d594b5a54,572,https://github.com/go-gitea/gitea/issues/572,https://github.com/go-gitea/gitea/tree/fa241efa6d5e934f599e43714e970fa48c9a0f47,https://github.com/go-gitea/gitea/tree/1aa12c74523680946dd220b6fc8cbe6d594b5a54,https://github.com/go-gitea/gitea/compare/fa241efa6d5e934f599e43714e970fa48c9a0f47...1aa12c74523680946dd220b6fc8cbe6d594b5a54
20,Gitea,ce8d4cc80ba908022f0bbaf796b9025cfb68956e,2d8c414f8c44e20619d6680b96044424ef6ebb2a,635,https://github.com/go-gitea/gitea/issues/635,https://github.com/go-gitea/gitea/tree/ce8d4cc80ba908022f0bbaf796b9025cfb68956e,https://github.com/go-gitea/gitea/tree/2d8c414f8c44e20619d6680b96044424ef6ebb2a,https://github.com/go-gitea/gitea/compare/ce8d4cc80ba908022f0bbaf796b9025cfb68956e...2d8c414f8c44e20619d6680b96044424ef6ebb2a
21,Gitea,5c866fc737cee56ee1e8e5f9213edc72a3577700,82da024a4df2a626633a49f70dd3a2889b525d15,687,https://github.com/go-gitea/gitea/issues/687,https://github.com/go-gitea/gitea/tree/5c866fc737cee56ee1e8e5f9213edc72a3577700,https://github.com/go-gitea/gitea/tree/82da024a4df2a626633a49f70dd3a2889b525d15,https://github.com/go-gitea/gitea/compare/5c866fc737cee56ee1e8e5f9213edc72a3577700...82da024a4df2a626633a49f70dd3a2889b525d15
22,Gitea,57291d1e2a3190562c169f8c69e3bc65725ee4f4,5c4b85c0290adce70b9c58ed151e30081151a57c,732,https://github.com/go-gitea/gitea/issues/732,https://github.com/go-gitea/gitea/tree/57291d1e2a3190562c169f8c69e3bc65725ee4f4,https://github.com/go-gitea/gitea/tree/5c4b85c0290adce70b9c58ed151e30081151a57c,https://github.com/go-gitea/gitea/compare/57291d1e2a3190562c169f8c69e3bc65725ee4f4...5c4b85c0290adce70b9c58ed151e30081151a57c
23,Gitea,298ebc58c1bc79375248e4b0be173201b935b742,069486d169d7adac902a310e10b6580857735880,165,https://github.com/go-gitea/gitea/issues/165,https://github.com/go-gitea/gitea/tree/298ebc58c1bc79375248e4b0be173201b935b742,https://github.com/go-gitea/gitea/tree/069486d169d7adac902a310e10b6580857735880,https://github.com/go-gitea/gitea/compare/298ebc58c1bc79375248e4b0be173201b935b742...069486d169d7adac902a310e10b6580857735880
24,Gitea,902f19f70b86888718e8755354a2d3bf6215838e,4de0b19cece439dceb285c56dde1e5ce2f67b098,821,https://github.com/go-gitea/gitea/issues/821,https://github.com/go-gitea/gitea/tree/902f19f70b86888718e8755354a2d3bf6215838e,https://github.com/go-gitea/gitea/tree/4de0b19cece439dceb285c56dde1e5ce2f67b098,https://github.com/go-gitea/gitea/compare/902f19f70b86888718e8755354a2d3bf6215838e...4de0b19cece439dceb285c56dde1e5ce2f67b098
25,Gitea,28580aee63997e04c9b8136a7a189966b8f6b666,485ea6f14f38cfa5da4fa27865f62fcc7691ffb4,739,https://github.com/go-gitea/gitea/issues/739,https://github.com/go-gitea/gitea/tree/28580aee63997e04c9b8136a7a189966b8f6b666,https://github.com/go-gitea/gitea/tree/485ea6f14f38cfa5da4fa27865f62fcc7691ffb4,https://github.com/go-gitea/gitea/compare/28580aee63997e04c9b8136a7a189966b8f6b666...485ea6f14f38cfa5da4fa27865f62fcc7691ffb4
26,Gitea,bb26285a12f90a4331053169bf580cc766bc6add,d0827e5d5ebc8713e7ba40f560617c3306007ed7,842,https://github.com/go-gitea/gitea/issues/842,https://github.com/go-gitea/gitea/tree/bb26285a12f90a4331053169bf580cc766bc6add,https://github.com/go-gitea/gitea/tree/d0827e5d5ebc8713e7ba40f560617c3306007ed7,https://github.com/go-gitea/gitea/compare/bb26285a12f90a4331053169bf580cc766bc6add...d0827e5d5ebc8713e7ba40f560617c3306007ed7
27,Gitea,15d4f32825d30c79102d493ea20de6992eaa2eb0,16018e832394772591688a261646d3a80787ac9d,907,https://github.com/go-gitea/gitea/issues/907,https://github.com/go-gitea/gitea/tree/15d4f32825d30c79102d493ea20de6992eaa2eb0,https://github.com/go-gitea/gitea/tree/16018e832394772591688a261646d3a80787ac9d,https://github.com/go-gitea/gitea/compare/15d4f32825d30c79102d493ea20de6992eaa2eb0...16018e832394772591688a261646d3a80787ac9d
28,Gitea,34102f788945b1c73a845f7916d01d216baa56ad,4aafeace230a35e80fb443739c2642d23fc93e51,1037,https://github.com/go-gitea/gitea/issues/1037,https://github.com/go-gitea/gitea/tree/34102f788945b1c73a845f7916d01d216baa56ad,https://github.com/go-gitea/gitea/tree/4aafeace230a35e80fb443739c2642d23fc93e51,https://github.com/go-gitea/gitea/compare/34102f788945b1c73a845f7916d01d216baa56ad...4aafeace230a35e80fb443739c2642d23fc93e51
29,Gitea,b72e75e522dda88dcbf7b064b8af3c495deb0595,96a95e9dfd36084752dd769394c6f4103e50af6e,988,https://github.com/go-gitea/gitea/issues/988,https://github.com/go-gitea/gitea/tree/b72e75e522dda88dcbf7b064b8af3c495deb0595,https://github.com/go-gitea/gitea/tree/96a95e9dfd36084752dd769394c6f4103e50af6e,https://github.com/go-gitea/gitea/compare/b72e75e522dda88dcbf7b064b8af3c495deb0595...96a95e9dfd36084752dd769394c6f4103e50af6e
30,Gitea,86abd34eb8b3bbc238ad695135f99f1a54b74da9,80b23854bc6d2b7466b5cdef112db100372e1e0a,1050,https://github.com/go-gitea/gitea/issues/1050,https://github.com/go-gitea/gitea/tree/86abd34eb8b3bbc238ad695135f99f1a54b74da9,https://github.com/go-gitea/gitea/tree/80b23854bc6d2b7466b5cdef112db100372e1e0a,https://github.com/go-gitea/gitea/compare/86abd34eb8b3bbc238ad695135f99f1a54b74da9...80b23854bc6d2b7466b5cdef112db100372e1e0a
31,Gitea,2bb982dada0012d59ead783aaf90e730351171cc,484175f7026c6fcabcd7f07795d224dff5f8bced,1124,https://github.com/go-gitea/gitea/issues/1124,https://github.com/go-gitea/gitea/tree/2bb982dada0012d59ead783aaf90e730351171cc,https://github.com/go-gitea/gitea/tree/484175f7026c6fcabcd7f07795d224dff5f8bced,https://github.com/go-gitea/gitea/compare/2bb982dada0012d59ead783aaf90e730351171cc...484175f7026c6fcabcd7f07795d224dff5f8bced
32,Gitea,3fcc39c26bc005ddb7c53c6cc816709b2a3969bc,9dfa17faf28685c8afc24e91570a56d256c701be,663,https://github.com/go-gitea/gitea/issues/663,https://github.com/go-gitea/gitea/tree/3fcc39c26bc005ddb7c53c6cc816709b2a3969bc,https://github.com/go-gitea/gitea/tree/9dfa17faf28685c8afc24e91570a56d256c701be,https://github.com/go-gitea/gitea/compare/3fcc39c26bc005ddb7c53c6cc816709b2a3969bc...9dfa17faf28685c8afc24e91570a56d256c701be
33,Gitea,eb0f0710f070eb24cdf4243023eb010451525159,35be8741c4523206aa3bff4aad1dda23847b381e,1112,https://github.com/go-gitea/gitea/issues/1112,https://github.com/go-gitea/gitea/tree/eb0f0710f070eb24cdf4243023eb010451525159,https://github.com/go-gitea/gitea/tree/35be8741c4523206aa3bff4aad1dda23847b381e,https://github.com/go-gitea/gitea/compare/eb0f0710f070eb24cdf4243023eb010451525159...35be8741c4523206aa3bff4aad1dda23847b381e
34,Gitea,ccf17a6ecb8de10eb44f776f8cd2196ddbe3ee31,4cbbaefd8281354e7e69078ceb52b30c8478642f,1127,https://github.com/go-gitea/gitea/issues/1127,https://github.com/go-gitea/gitea/tree/ccf17a6ecb8de10eb44f776f8cd2196ddbe3ee31,https://github.com/go-gitea/gitea/tree/4cbbaefd8281354e7e69078ceb52b30c8478642f,https://github.com/go-gitea/gitea/compare/ccf17a6ecb8de10eb44f776f8cd2196ddbe3ee31...4cbbaefd8281354e7e69078ceb52b30c8478642f
35,Gitea,ab896ecf2548ed5ac411c37c38875ad3a8127c65,5169a0e025d5e250b9bd3b8a194ab7dc6dde32a3,1105,https://github.com/go-gitea/gitea/issues/1105,https://github.com/go-gitea/gitea/tree/ab896ecf2548ed5ac411c37c38875ad3a8127c65,https://github.com/go-gitea/gitea/tree/5169a0e025d5e250b9bd3b8a194ab7dc6dde32a3,https://github.com/go-gitea/gitea/compare/ab896ecf2548ed5ac411c37c38875ad3a8127c65...5169a0e025d5e250b9bd3b8a194ab7dc6dde32a3
36,Gitea,e0036ebb0cdcafede2670d120f911290815b5c57,9fb2d49b93022d635147c09bcad7134570979909,1073,https://github.com/go-gitea/gitea/issues/1073,https://github.com/go-gitea/gitea/tree/e0036ebb0cdcafede2670d120f911290815b5c57,https://github.com/go-gitea/gitea/tree/9fb2d49b93022d635147c09bcad7134570979909,https://github.com/go-gitea/gitea/compare/e0036ebb0cdcafede2670d120f911290815b5c57...9fb2d49b93022d635147c09bcad7134570979909
37,Gitea,03011ed307eab3b94c161599845dea173dfc856f,42a72b62fcd6191335ec3475c5a6e5dbcb84234e,1289,https://github.com/go-gitea/gitea/issues/1289,https://github.com/go-gitea/gitea/tree/03011ed307eab3b94c161599845dea173dfc856f,https://github.com/go-gitea/gitea/tree/42a72b62fcd6191335ec3475c5a6e5dbcb84234e,https://github.com/go-gitea/gitea/compare/03011ed307eab3b94c161599845dea173dfc856f...42a72b62fcd6191335ec3475c5a6e5dbcb84234e
38,Gitea,b838e949806b8b50b339d4a3fb0f08b873d74a83,c0883a51a03d2f7af56c20cbf054b9106528c75f,1111,https://github.com/go-gitea/gitea/issues/1111,https://github.com/go-gitea/gitea/tree/b838e949806b8b50b339d4a3fb0f08b873d74a83,https://github.com/go-gitea/gitea/tree/c0883a51a03d2f7af56c20cbf054b9106528c75f,https://github.com/go-gitea/gitea/compare/b838e949806b8b50b339d4a3fb0f08b873d74a83...c0883a51a03d2f7af56c20cbf054b9106528c75f
39,Gitea,678700b74d1a091c34849d17ade78e2903c08bc9,ba47306a6987cf5357a08d55e5cab75a87d2b025,1305,https://github.com/go-gitea/gitea/issues/1305,https://github.com/go-gitea/gitea/tree/678700b74d1a091c34849d17ade78e2903c08bc9,https://github.com/go-gitea/gitea/tree/ba47306a6987cf5357a08d55e5cab75a87d2b025,https://github.com/go-gitea/gitea/compare/678700b74d1a091c34849d17ade78e2903c08bc9...ba47306a6987cf5357a08d55e5cab75a87d2b025
40,Gitea,e50982f5ec78c3cfa4a1cf322f7fa1a4dea44b84,b9527cd1bfabcce3be62b43f0c199b1418519549,1299,https://github.com/go-gitea/gitea/issues/1299,https://github.com/go-gitea/gitea/tree/e50982f5ec78c3cfa4a1cf322f7fa1a4dea44b84,https://github.com/go-gitea/gitea/tree/b9527cd1bfabcce3be62b43f0c199b1418519549,https://github.com/go-gitea/gitea/compare/e50982f5ec78c3cfa4a1cf322f7fa1a4dea44b84...b9527cd1bfabcce3be62b43f0c199b1418519549
41,Gitea,e4d6b5d488981d78417e9c85eda8226ebb8b7e37,30b428bf0eabb9f6cd73894d776502e1b7e351b7,1419,https://github.com/go-gitea/gitea/issues/1419,https://github.com/go-gitea/gitea/tree/e4d6b5d488981d78417e9c85eda8226ebb8b7e37,https://github.com/go-gitea/gitea/tree/30b428bf0eabb9f6cd73894d776502e1b7e351b7,https://github.com/go-gitea/gitea/compare/e4d6b5d488981d78417e9c85eda8226ebb8b7e37...30b428bf0eabb9f6cd73894d776502e1b7e351b7
42,Gitea,6aca572887fdfa06bca92922015bc36d94c04b06,727a621376b88392f17a1e0cf7ac865b29d5caa1,1491,https://github.com/go-gitea/gitea/issues/1491,https://github.com/go-gitea/gitea/tree/6aca572887fdfa06bca92922015bc36d94c04b06,https://github.com/go-gitea/gitea/tree/727a621376b88392f17a1e0cf7ac865b29d5caa1,https://github.com/go-gitea/gitea/compare/6aca572887fdfa06bca92922015bc36d94c04b06...727a621376b88392f17a1e0cf7ac865b29d5caa1
43,Gitea,78b717f202dd989f3871fccd0bc8935fe709fac1,ac616c07de95b8e91ec2a3ac321d1802856f55c6,966,https://github.com/go-gitea/gitea/issues/966,https://github.com/go-gitea/gitea/tree/78b717f202dd989f3871fccd0bc8935fe709fac1,https://github.com/go-gitea/gitea/tree/ac616c07de95b8e91ec2a3ac321d1802856f55c6,https://github.com/go-gitea/gitea/compare/78b717f202dd989f3871fccd0bc8935fe709fac1...ac616c07de95b8e91ec2a3ac321d1802856f55c6
44,Gitea,062adbed8a8a9cb83cd172b5a6e232e75af89f2d,d7c3c79c00425e89a71e6178076bc5828421244d,1517,https://github.com/go-gitea/gitea/issues/1517,https://github.com/go-gitea/gitea/tree/062adbed8a8a9cb83cd172b5a6e232e75af89f2d,https://github.com/go-gitea/gitea/tree/d7c3c79c00425e89a71e6178076bc5828421244d,https://github.com/go-gitea/gitea/compare/062adbed8a8a9cb83cd172b5a6e232e75af89f2d...d7c3c79c00425e89a71e6178076bc5828421244d
45,Gitea,47df562ceddfaab3471e635e59039c03f47808e2,ed5a61153fb8fc2ae960a505d9ed7f8b22c8b8d5,1629,https://github.com/go-gitea/gitea/issues/1629,https://github.com/go-gitea/gitea/tree/47df562ceddfaab3471e635e59039c03f47808e2,https://github.com/go-gitea/gitea/tree/ed5a61153fb8fc2ae960a505d9ed7f8b22c8b8d5,https://github.com/go-gitea/gitea/compare/47df562ceddfaab3471e635e59039c03f47808e2...ed5a61153fb8fc2ae960a505d9ed7f8b22c8b8d5
46,Gitea,2d1bb0cf49766e1acf5d3da824dee514ada6ff9d,d600530c201339818ccf329ddce21bfeff82f798,1635,https://github.com/go-gitea/gitea/issues/1635,https://github.com/go-gitea/gitea/tree/2d1bb0cf49766e1acf5d3da824dee514ada6ff9d,https://github.com/go-gitea/gitea/tree/d600530c201339818ccf329ddce21bfeff82f798,https://github.com/go-gitea/gitea/compare/2d1bb0cf49766e1acf5d3da824dee514ada6ff9d...d600530c201339818ccf329ddce21bfeff82f798
47,Gitea,e4ecbcdf4a3ab4f31ea52774a94ccdca4e4e7091,e303d74ab65dfeae17b815efd424bd0618a7d630,1643,https://github.com/go-gitea/gitea/issues/1643,https://github.com/go-gitea/gitea/tree/e4ecbcdf4a3ab4f31ea52774a94ccdca4e4e7091,https://github.com/go-gitea/gitea/tree/e303d74ab65dfeae17b815efd424bd0618a7d630,https://github.com/go-gitea/gitea/compare/e4ecbcdf4a3ab4f31ea52774a94ccdca4e4e7091...e303d74ab65dfeae17b815efd424bd0618a7d630
48,Gitea,86d3c5cbb3c8a500c08aa393a1b00aff754de31f,d9c5b3bceef42f269e16c6d2f2b4a4ad29f7882d,1659,https://github.com/go-gitea/gitea/issues/1659,https://github.com/go-gitea/gitea/tree/86d3c5cbb3c8a500c08aa393a1b00aff754de31f,https://github.com/go-gitea/gitea/tree/d9c5b3bceef42f269e16c6d2f2b4a4ad29f7882d,https://github.com/go-gitea/gitea/compare/86d3c5cbb3c8a500c08aa393a1b00aff754de31f...d9c5b3bceef42f269e16c6d2f2b4a4ad29f7882d
49,Gitea,e07675b4806b306606769e8534934d86dd7c7f10,043ded08963df5a524d4bfe74ec44f785de5ef5e,1683,https://github.com/go-gitea/gitea/issues/1683,https://github.com/go-gitea/gitea/tree/e07675b4806b306606769e8534934d86dd7c7f10,https://github.com/go-gitea/gitea/tree/043ded08963df5a524d4bfe74ec44f785de5ef5e,https://github.com/go-gitea/gitea/compare/e07675b4806b306606769e8534934d86dd7c7f10...043ded08963df5a524d4bfe74ec44f785de5ef5e
50,Gitea,e75fd2f783a413ae612e3e6110c912b3ecf9555d,373731f5e85566eb385e92f604e81232e3d6ba1a,1496,https://github.com/go-gitea/gitea/issues/1496,https://github.com/go-gitea/gitea/tree/e75fd2f783a413ae612e3e6110c912b3ecf9555d,https://github.com/go-gitea/gitea/tree/373731f5e85566eb385e92f604e81232e3d6ba1a,https://github.com/go-gitea/gitea/compare/e75fd2f783a413ae612e3e6110c912b3ecf9555d...373731f5e85566eb385e92f604e81232e3d6ba1a
51,Gitea,69b1d65c9bc2f39586dbbdcbda24a1d302c8ba9a,700ac8dea7153afce3672f032cc30b96a357539c,1664,https://github.com/go-gitea/gitea/issues/1664,https://github.com/go-gitea/gitea/tree/69b1d65c9bc2f39586dbbdcbda24a1d302c8ba9a,https://github.com/go-gitea/gitea/tree/700ac8dea7153afce3672f032cc30b96a357539c,https://github.com/go-gitea/gitea/compare/69b1d65c9bc2f39586dbbdcbda24a1d302c8ba9a...700ac8dea7153afce3672f032cc30b96a357539c
52,Gitea,bc8215721627fcdeaa23c6e3bf625e0c4e5c3407,0af035c37e8b561662c93b163b3294b91be6ffac,1078,https://github.com/go-gitea/gitea/issues/1078,https://github.com/go-gitea/gitea/tree/bc8215721627fcdeaa23c6e3bf625e0c4e5c3407,https://github.com/go-gitea/gitea/tree/0af035c37e8b561662c93b163b3294b91be6ffac,https://github.com/go-gitea/gitea/compare/bc8215721627fcdeaa23c6e3bf625e0c4e5c3407...0af035c37e8b561662c93b163b3294b91be6ffac
53,Gitea,3a81fdf092a39cc94f3bb896a42db8546bd5f39a,1b5e1bebc2448439570e2e49233bd6de066b82c6,1886,https://github.com/go-gitea/gitea/issues/1886,https://github.com/go-gitea/gitea/tree/3a81fdf092a39cc94f3bb896a42db8546bd5f39a,https://github.com/go-gitea/gitea/tree/1b5e1bebc2448439570e2e49233bd6de066b82c6,https://github.com/go-gitea/gitea/compare/3a81fdf092a39cc94f3bb896a42db8546bd5f39a...1b5e1bebc2448439570e2e49233bd6de066b82c6
54,Gitea,eac91a74d87fcd9cfa38fcc9fb67af709a8e7a42,02289479ef9fb6fb529b5e38f65418c728ca2502,1807,https://github.com/go-gitea/gitea/issues/1807,https://github.com/go-gitea/gitea/tree/eac91a74d87fcd9cfa38fcc9fb67af709a8e7a42,https://github.com/go-gitea/gitea/tree/02289479ef9fb6fb529b5e38f65418c728ca2502,https://github.com/go-gitea/gitea/compare/eac91a74d87fcd9cfa38fcc9fb67af709a8e7a42...02289479ef9fb6fb529b5e38f65418c728ca2502
55,Gitea,8eb4c3121abb890a176de895093e8bab6e113a9d,bc8215721627fcdeaa23c6e3bf625e0c4e5c3407,1078,https://github.com/go-gitea/gitea/issues/1078,https://github.com/go-gitea/gitea/tree/8eb4c3121abb890a176de895093e8bab6e113a9d,https://github.com/go-gitea/gitea/tree/bc8215721627fcdeaa23c6e3bf625e0c4e5c3407,https://github.com/go-gitea/gitea/compare/8eb4c3121abb890a176de895093e8bab6e113a9d...bc8215721627fcdeaa23c6e3bf625e0c4e5c3407
56,Gitea,659bd29bc5d5ef6142f348bd6899744350743da9,16feb5b6552d33192c61f7959eafb4ef976acee5,1863,https://github.com/go-gitea/gitea/issues/1863,https://github.com/go-gitea/gitea/tree/659bd29bc5d5ef6142f348bd6899744350743da9,https://github.com/go-gitea/gitea/tree/16feb5b6552d33192c61f7959eafb4ef976acee5,https://github.com/go-gitea/gitea/compare/659bd29bc5d5ef6142f348bd6899744350743da9...16feb5b6552d33192c61f7959eafb4ef976acee5
57,Gitea,e030109b5af9015c018cdc6f18655e201f6008bf,1a901433e2a27e5bcd29216fdb57082be620b745,1949,https://github.com/go-gitea/gitea/issues/1949,https://github.com/go-gitea/gitea/tree/e030109b5af9015c018cdc6f18655e201f6008bf,https://github.com/go-gitea/gitea/tree/1a901433e2a27e5bcd29216fdb57082be620b745,https://github.com/go-gitea/gitea/compare/e030109b5af9015c018cdc6f18655e201f6008bf...1a901433e2a27e5bcd29216fdb57082be620b745
58,Gitea,9b6c835715ab27aa7a008a51415f38ca2a856cd0,987dcc5372998adaafb68e00a9a460e955d018e5,1383,https://github.com/go-gitea/gitea/issues/1383,https://github.com/go-gitea/gitea/tree/9b6c835715ab27aa7a008a51415f38ca2a856cd0,https://github.com/go-gitea/gitea/tree/987dcc5372998adaafb68e00a9a460e955d018e5,https://github.com/go-gitea/gitea/compare/9b6c835715ab27aa7a008a51415f38ca2a856cd0...987dcc5372998adaafb68e00a9a460e955d018e5
59,Gitea,b83cb36049e9edb6722dc2765c06a159fa7e2a19,85449b2f11b3a0b13b7a37ac024a924435e15745,2068,https://github.com/go-gitea/gitea/issues/2068,https://github.com/go-gitea/gitea/tree/b83cb36049e9edb6722dc2765c06a159fa7e2a19,https://github.com/go-gitea/gitea/tree/85449b2f11b3a0b13b7a37ac024a924435e15745,https://github.com/go-gitea/gitea/compare/b83cb36049e9edb6722dc2765c06a159fa7e2a19...85449b2f11b3a0b13b7a37ac024a924435e15745
60,Gitea,f3eaa4c592727481d1e9b089bf93c78575ba739c,f0ee33267c453cc7f77a87a2b4b784febbb604dd,2102,https://github.com/go-gitea/gitea/issues/2102,https://github.com/go-gitea/gitea/tree/f3eaa4c592727481d1e9b089bf93c78575ba739c,https://github.com/go-gitea/gitea/tree/f0ee33267c453cc7f77a87a2b4b784febbb604dd,https://github.com/go-gitea/gitea/compare/f3eaa4c592727481d1e9b089bf93c78575ba739c...f0ee33267c453cc7f77a87a2b4b784febbb604dd
61,Gitea,679af4ddeaca0748632959841867b2a56de26643,7b1c10ea7eadf83706ca7e27094104749636d26a,1315,https://github.com/go-gitea/gitea/issues/1315,https://github.com/go-gitea/gitea/tree/679af4ddeaca0748632959841867b2a56de26643,https://github.com/go-gitea/gitea/tree/7b1c10ea7eadf83706ca7e27094104749636d26a,https://github.com/go-gitea/gitea/compare/679af4ddeaca0748632959841867b2a56de26643...7b1c10ea7eadf83706ca7e27094104749636d26a
62,Gitea,679af4ddeaca0748632959841867b2a56de26643,7b1c10ea7eadf83706ca7e27094104749636d26a,670,https://github.com/go-gitea/gitea/issues/670,https://github.com/go-gitea/gitea/tree/679af4ddeaca0748632959841867b2a56de26643,https://github.com/go-gitea/gitea/tree/7b1c10ea7eadf83706ca7e27094104749636d26a,https://github.com/go-gitea/gitea/compare/679af4ddeaca0748632959841867b2a56de26643...7b1c10ea7eadf83706ca7e27094104749636d26a
63,Gitea,2f28a0310b0f391dd74bb3a2ab0ae06379a4fb1a,aaa3f1b2b9de437386185670bcc135202f1d8099,1139,https://github.com/go-gitea/gitea/issues/1139,https://github.com/go-gitea/gitea/tree/2f28a0310b0f391dd74bb3a2ab0ae06379a4fb1a,https://github.com/go-gitea/gitea/tree/aaa3f1b2b9de437386185670bcc135202f1d8099,https://github.com/go-gitea/gitea/compare/2f28a0310b0f391dd74bb3a2ab0ae06379a4fb1a...aaa3f1b2b9de437386185670bcc135202f1d8099
64,Gitea,4a6016f5afc2015d633b20fa976e168e2e9c9b21,f122d0856eb4d414c975c404333bca4d65775821,2090,https://github.com/go-gitea/gitea/issues/2090,https://github.com/go-gitea/gitea/tree/4a6016f5afc2015d633b20fa976e168e2e9c9b21,https://github.com/go-gitea/gitea/tree/f122d0856eb4d414c975c404333bca4d65775821,https://github.com/go-gitea/gitea/compare/4a6016f5afc2015d633b20fa976e168e2e9c9b21...f122d0856eb4d414c975c404333bca4d65775821
65,Gitea,40f3142264aa20103ba2c6375b344e491cff27f5,bc17f2f759b5c40ee1a7f5de064b4a9f622f6b19,2147,https://github.com/go-gitea/gitea/issues/2147,https://github.com/go-gitea/gitea/tree/40f3142264aa20103ba2c6375b344e491cff27f5,https://github.com/go-gitea/gitea/tree/bc17f2f759b5c40ee1a7f5de064b4a9f622f6b19,https://github.com/go-gitea/gitea/compare/40f3142264aa20103ba2c6375b344e491cff27f5...bc17f2f759b5c40ee1a7f5de064b4a9f622f6b19
66,Gitea,4d31eb2c0df89ebf029b62fec7e79dbb80773cc3,477b4d3b50ec58998b3b078fadbef01eaf1fbeeb,2154,https://github.com/go-gitea/gitea/issues/2154,https://github.com/go-gitea/gitea/tree/4d31eb2c0df89ebf029b62fec7e79dbb80773cc3,https://github.com/go-gitea/gitea/tree/477b4d3b50ec58998b3b078fadbef01eaf1fbeeb,https://github.com/go-gitea/gitea/compare/4d31eb2c0df89ebf029b62fec7e79dbb80773cc3...477b4d3b50ec58998b3b078fadbef01eaf1fbeeb
67,Gitea,f0ee33267c453cc7f77a87a2b4b784febbb604dd,404867f206f97ec4ea2e6032fea47bc0499d3497,1857,https://github.com/go-gitea/gitea/issues/1857,https://github.com/go-gitea/gitea/tree/f0ee33267c453cc7f77a87a2b4b784febbb604dd,https://github.com/go-gitea/gitea/tree/404867f206f97ec4ea2e6032fea47bc0499d3497,https://github.com/go-gitea/gitea/compare/f0ee33267c453cc7f77a87a2b4b784febbb604dd...404867f206f97ec4ea2e6032fea47bc0499d3497
68,Gitea,ea375c0dcca118c8ac3c48ba569b025836ad5ccf,91789930bcc9d5796a1b06bdeb1402106c0d18d2,2176,https://github.com/go-gitea/gitea/issues/2176,https://github.com/go-gitea/gitea/tree/ea375c0dcca118c8ac3c48ba569b025836ad5ccf,https://github.com/go-gitea/gitea/tree/91789930bcc9d5796a1b06bdeb1402106c0d18d2,https://github.com/go-gitea/gitea/compare/ea375c0dcca118c8ac3c48ba569b025836ad5ccf...91789930bcc9d5796a1b06bdeb1402106c0d18d2
69,Gitea,a49af93fafe824cdd375318d15de420b3ed61e79,e914969e4c5d3269cc54d174983ba9e504f1d5d9,2261,https://github.com/go-gitea/gitea/issues/2261,https://github.com/go-gitea/gitea/tree/a49af93fafe824cdd375318d15de420b3ed61e79,https://github.com/go-gitea/gitea/tree/e914969e4c5d3269cc54d174983ba9e504f1d5d9,https://github.com/go-gitea/gitea/compare/a49af93fafe824cdd375318d15de420b3ed61e79...e914969e4c5d3269cc54d174983ba9e504f1d5d9
70,Gitea,13fe73303726d74356a5d94bad7556802c2900a4,85af36332b89a42152c7e2b76af5e2aeb048103a,2282,https://github.com/go-gitea/gitea/issues/2282,https://github.com/go-gitea/gitea/tree/13fe73303726d74356a5d94bad7556802c2900a4,https://github.com/go-gitea/gitea/tree/85af36332b89a42152c7e2b76af5e2aeb048103a,https://github.com/go-gitea/gitea/compare/13fe73303726d74356a5d94bad7556802c2900a4...85af36332b89a42152c7e2b76af5e2aeb048103a
71,Gitea,3bcdb3855cffb916944923e7442c929ff94d4574,53eb37d5292942e8f6d667f9a6fb9d35455d2967,1436,https://github.com/go-gitea/gitea/issues/1436,https://github.com/go-gitea/gitea/tree/3bcdb3855cffb916944923e7442c929ff94d4574,https://github.com/go-gitea/gitea/tree/53eb37d5292942e8f6d667f9a6fb9d35455d2967,https://github.com/go-gitea/gitea/compare/3bcdb3855cffb916944923e7442c929ff94d4574...53eb37d5292942e8f6d667f9a6fb9d35455d2967
72,Gitea,59c965a5ec2553b40a76cc322855b62116eac5f0,0cce4439ceab9d53592e526f8840348a293e463d,2154,https://github.com/go-gitea/gitea/issues/2154,https://github.com/go-gitea/gitea/tree/59c965a5ec2553b40a76cc322855b62116eac5f0,https://github.com/go-gitea/gitea/tree/0cce4439ceab9d53592e526f8840348a293e463d,https://github.com/go-gitea/gitea/compare/59c965a5ec2553b40a76cc322855b62116eac5f0...0cce4439ceab9d53592e526f8840348a293e463d
73,Gitea,db719abff2d645672b686ea69c94683f49340761,c199703e2aa746f10ff2b584513fe3af810b6c1a,2349,https://github.com/go-gitea/gitea/issues/2349,https://github.com/go-gitea/gitea/tree/db719abff2d645672b686ea69c94683f49340761,https://github.com/go-gitea/gitea/tree/c199703e2aa746f10ff2b584513fe3af810b6c1a,https://github.com/go-gitea/gitea/compare/db719abff2d645672b686ea69c94683f49340761...c199703e2aa746f10ff2b584513fe3af810b6c1a
74,Gitea,7ef9a055886574655d9f2be70c957bc16bf30500,fb99d50fa1d2d38ef6b4d8fa63c81b27fa6123bd,2431,https://github.com/go-gitea/gitea/issues/2431,https://github.com/go-gitea/gitea/tree/7ef9a055886574655d9f2be70c957bc16bf30500,https://github.com/go-gitea/gitea/tree/fb99d50fa1d2d38ef6b4d8fa63c81b27fa6123bd,https://github.com/go-gitea/gitea/compare/7ef9a055886574655d9f2be70c957bc16bf30500...fb99d50fa1d2d38ef6b4d8fa63c81b27fa6123bd
75,Gitea,dccfadf7b80b0b59e28dd64f71560a3dd82a424c,c631a4a9b988e63bd8b07dfdeee1f1d4b3ad7d45,2287,https://github.com/go-gitea/gitea/issues/2287,https://github.com/go-gitea/gitea/tree/dccfadf7b80b0b59e28dd64f71560a3dd82a424c,https://github.com/go-gitea/gitea/tree/c631a4a9b988e63bd8b07dfdeee1f1d4b3ad7d45,https://github.com/go-gitea/gitea/compare/dccfadf7b80b0b59e28dd64f71560a3dd82a424c...c631a4a9b988e63bd8b07dfdeee1f1d4b3ad7d45
76,Gitea,1c1246fcb9c5537bebeb2335b38c0fd2278a8426,a9d68a6884aa3935f2d00071df1f6b7accdc7f6d,2529,https://github.com/go-gitea/gitea/issues/2529,https://github.com/go-gitea/gitea/tree/1c1246fcb9c5537bebeb2335b38c0fd2278a8426,https://github.com/go-gitea/gitea/tree/a9d68a6884aa3935f2d00071df1f6b7accdc7f6d,https://github.com/go-gitea/gitea/compare/1c1246fcb9c5537bebeb2335b38c0fd2278a8426...a9d68a6884aa3935f2d00071df1f6b7accdc7f6d
77,Gitea,caa4ca46c0d4cb7b29e5702679b1ce70b7a2c178,b3e0efc0c39f231b2f32105e15b43c26cc3d32f6,2447,https://github.com/go-gitea/gitea/issues/2447,https://github.com/go-gitea/gitea/tree/caa4ca46c0d4cb7b29e5702679b1ce70b7a2c178,https://github.com/go-gitea/gitea/tree/b3e0efc0c39f231b2f32105e15b43c26cc3d32f6,https://github.com/go-gitea/gitea/compare/caa4ca46c0d4cb7b29e5702679b1ce70b7a2c178...b3e0efc0c39f231b2f32105e15b43c26cc3d32f6
78,Gitea,daa43cfb6e6ed4118676e55d47d8816bab2379e5,a1d97e8f5c13d4380abe761ed64d0ab59b779167,2567,https://github.com/go-gitea/gitea/issues/2567,https://github.com/go-gitea/gitea/tree/daa43cfb6e6ed4118676e55d47d8816bab2379e5,https://github.com/go-gitea/gitea/tree/a1d97e8f5c13d4380abe761ed64d0ab59b779167,https://github.com/go-gitea/gitea/compare/daa43cfb6e6ed4118676e55d47d8816bab2379e5...a1d97e8f5c13d4380abe761ed64d0ab59b779167
79,Gitea,24829f314babe54befc69c55275d39a4a5bcf2b5,3af1d3c5810bd94b2f3f80831f2be3a97fc1ceb1,2633,https://github.com/go-gitea/gitea/issues/2633,https://github.com/go-gitea/gitea/tree/24829f314babe54befc69c55275d39a4a5bcf2b5,https://github.com/go-gitea/gitea/tree/3af1d3c5810bd94b2f3f80831f2be3a97fc1ceb1,https://github.com/go-gitea/gitea/compare/24829f314babe54befc69c55275d39a4a5bcf2b5...3af1d3c5810bd94b2f3f80831f2be3a97fc1ceb1
80,Gitea,2fdf8fc938295b95cbe6efb7cddb1b87c2fb81ee,0f1b26ed1e7242c37a2c014e0a4c2955f266b3a0,2331,https://github.com/go-gitea/gitea/issues/2331,https://github.com/go-gitea/gitea/tree/2fdf8fc938295b95cbe6efb7cddb1b87c2fb81ee,https://github.com/go-gitea/gitea/tree/0f1b26ed1e7242c37a2c014e0a4c2955f266b3a0,https://github.com/go-gitea/gitea/compare/2fdf8fc938295b95cbe6efb7cddb1b87c2fb81ee...0f1b26ed1e7242c37a2c014e0a4c2955f266b3a0
81,Gitea,f6759a731a063d5d2be8a932f8d1e1a784cc0528,d57a2b908ab0954568b0ac5f1030c454a944bee1,2743,https://github.com/go-gitea/gitea/issues/2743,https://github.com/go-gitea/gitea/tree/f6759a731a063d5d2be8a932f8d1e1a784cc0528,https://github.com/go-gitea/gitea/tree/d57a2b908ab0954568b0ac5f1030c454a944bee1,https://github.com/go-gitea/gitea/compare/f6759a731a063d5d2be8a932f8d1e1a784cc0528...d57a2b908ab0954568b0ac5f1030c454a944bee1
82,Gitea,2a931937a8a92d5b1f3bca9e9cf4cbe23c862ce9,a2f13eae559c71d35662b7767a8b8347a26eb53e,1157,https://github.com/go-gitea/gitea/issues/1157,https://github.com/go-gitea/gitea/tree/2a931937a8a92d5b1f3bca9e9cf4cbe23c862ce9,https://github.com/go-gitea/gitea/tree/a2f13eae559c71d35662b7767a8b8347a26eb53e,https://github.com/go-gitea/gitea/compare/2a931937a8a92d5b1f3bca9e9cf4cbe23c862ce9...a2f13eae559c71d35662b7767a8b8347a26eb53e
83,Gitea,4d930f359827f56148adc82300677f20059ec1cf,c9901bbba5dd2761f2920d6a122799ee051fc7cd,2743,https://github.com/go-gitea/gitea/issues/2743,https://github.com/go-gitea/gitea/tree/4d930f359827f56148adc82300677f20059ec1cf,https://github.com/go-gitea/gitea/tree/c9901bbba5dd2761f2920d6a122799ee051fc7cd,https://github.com/go-gitea/gitea/compare/4d930f359827f56148adc82300677f20059ec1cf...c9901bbba5dd2761f2920d6a122799ee051fc7cd
84,Gitea,ea80274229bca259a64fed7eca181e4a82ff0676,9e89584cb4aa6321311dd291c364c5d956fcead1,2701,https://github.com/go-gitea/gitea/issues/2701,https://github.com/go-gitea/gitea/tree/ea80274229bca259a64fed7eca181e4a82ff0676,https://github.com/go-gitea/gitea/tree/9e89584cb4aa6321311dd291c364c5d956fcead1,https://github.com/go-gitea/gitea/compare/ea80274229bca259a64fed7eca181e4a82ff0676...9e89584cb4aa6321311dd291c364c5d956fcead1
85,Gitea,2d2d85bba4dd5131e72db533c31aab423f86232e,5335e671be6671383814770dd69a285d0016d26f,2743,https://github.com/go-gitea/gitea/issues/2743,https://github.com/go-gitea/gitea/tree/2d2d85bba4dd5131e72db533c31aab423f86232e,https://github.com/go-gitea/gitea/tree/5335e671be6671383814770dd69a285d0016d26f,https://github.com/go-gitea/gitea/compare/2d2d85bba4dd5131e72db533c31aab423f86232e...5335e671be6671383814770dd69a285d0016d26f
86,Gitea,c18f67ac6a5dd4baf21c1f90b11c665e16b9c076,c2ca103d30b0f47b5ad0fa544ab5a07263894ea3,2623,https://github.com/go-gitea/gitea/issues/2623,https://github.com/go-gitea/gitea/tree/c18f67ac6a5dd4baf21c1f90b11c665e16b9c076,https://github.com/go-gitea/gitea/tree/c2ca103d30b0f47b5ad0fa544ab5a07263894ea3,https://github.com/go-gitea/gitea/compare/c18f67ac6a5dd4baf21c1f90b11c665e16b9c076...c2ca103d30b0f47b5ad0fa544ab5a07263894ea3
87,Gitea,2fdf8fc938295b95cbe6efb7cddb1b87c2fb81ee,338af89d5641008be579df9c554d0a1db190a009,2650,https://github.com/go-gitea/gitea/issues/2650,https://github.com/go-gitea/gitea/tree/2fdf8fc938295b95cbe6efb7cddb1b87c2fb81ee,https://github.com/go-gitea/gitea/tree/338af89d5641008be579df9c554d0a1db190a009,https://github.com/go-gitea/gitea/compare/2fdf8fc938295b95cbe6efb7cddb1b87c2fb81ee...338af89d5641008be579df9c554d0a1db190a009
88,Gitea,73e98c91c3eee6c506f03e1323795b2421d3a4d8,263304b6b778a3c9e55128da050df8e31e291fab,13,https://github.com/go-gitea/gitea/issues/13,https://github.com/go-gitea/gitea/tree/73e98c91c3eee6c506f03e1323795b2421d3a4d8,https://github.com/go-gitea/gitea/tree/263304b6b778a3c9e55128da050df8e31e291fab,https://github.com/go-gitea/gitea/compare/73e98c91c3eee6c506f03e1323795b2421d3a4d8...263304b6b778a3c9e55128da050df8e31e291fab
89,Gitea,98b58fa050e778a49cf1017cc806053bb5b70da6,3decc0b3d6db450d1885ea5cffef8491136d72ca,2869,https://github.com/go-gitea/gitea/issues/2869,https://github.com/go-gitea/gitea/tree/98b58fa050e778a49cf1017cc806053bb5b70da6,https://github.com/go-gitea/gitea/tree/3decc0b3d6db450d1885ea5cffef8491136d72ca,https://github.com/go-gitea/gitea/compare/98b58fa050e778a49cf1017cc806053bb5b70da6...3decc0b3d6db450d1885ea5cffef8491136d72ca
90,Gitea,9df5c39bca6fb397449525b0f1eb0d24d993439f,149d62a648d5b852e43125834ed9b1cb6b49bdc0,13,https://github.com/go-gitea/gitea/issues/13,https://github.com/go-gitea/gitea/tree/9df5c39bca6fb397449525b0f1eb0d24d993439f,https://github.com/go-gitea/gitea/tree/149d62a648d5b852e43125834ed9b1cb6b49bdc0,https://github.com/go-gitea/gitea/compare/9df5c39bca6fb397449525b0f1eb0d24d993439f...149d62a648d5b852e43125834ed9b1cb6b49bdc0
91,Gitea,ce36fd7a4924f8031aa44fbbb45effd3000f3ac8,b3c05026df1ed3664541c1fb3e8c2da693a0eded,2881,https://github.com/go-gitea/gitea/issues/2881,https://github.com/go-gitea/gitea/tree/ce36fd7a4924f8031aa44fbbb45effd3000f3ac8,https://github.com/go-gitea/gitea/tree/b3c05026df1ed3664541c1fb3e8c2da693a0eded,https://github.com/go-gitea/gitea/compare/ce36fd7a4924f8031aa44fbbb45effd3000f3ac8...b3c05026df1ed3664541c1fb3e8c2da693a0eded
92,Gitea,5e11341232b137a4c257bae1fda4a81e2210d254,98b58fa050e778a49cf1017cc806053bb5b70da6,2872,https://github.com/go-gitea/gitea/issues/2872,https://github.com/go-gitea/gitea/tree/5e11341232b137a4c257bae1fda4a81e2210d254,https://github.com/go-gitea/gitea/tree/98b58fa050e778a49cf1017cc806053bb5b70da6,https://github.com/go-gitea/gitea/compare/5e11341232b137a4c257bae1fda4a81e2210d254...98b58fa050e778a49cf1017cc806053bb5b70da6
93,Gitea,13216c5c206fda7d84d372e33a02ac8213d9949c,3c0c7a9f83effc7415a500309c6a27648bfb7005,3048,https://github.com/go-gitea/gitea/issues/3048,https://github.com/go-gitea/gitea/tree/13216c5c206fda7d84d372e33a02ac8213d9949c,https://github.com/go-gitea/gitea/tree/3c0c7a9f83effc7415a500309c6a27648bfb7005,https://github.com/go-gitea/gitea/compare/13216c5c206fda7d84d372e33a02ac8213d9949c...3c0c7a9f83effc7415a500309c6a27648bfb7005
94,Gitea,e9ae926e040c94ce66666ae6c330c93918fa321c,d35a1c30f45d11d2e38ac848eb70c89f9a3cc524,2928,https://github.com/go-gitea/gitea/issues/2928,https://github.com/go-gitea/gitea/tree/e9ae926e040c94ce66666ae6c330c93918fa321c,https://github.com/go-gitea/gitea/tree/d35a1c30f45d11d2e38ac848eb70c89f9a3cc524,https://github.com/go-gitea/gitea/compare/e9ae926e040c94ce66666ae6c330c93918fa321c...d35a1c30f45d11d2e38ac848eb70c89f9a3cc524
95,Gitea,528682a294834611a95b2cf6c80efdccdf6fd791,4b25bdfbc45479d64e3ffb04abbd08672ccc47fb,3058,https://github.com/go-gitea/gitea/issues/3058,https://github.com/go-gitea/gitea/tree/528682a294834611a95b2cf6c80efdccdf6fd791,https://github.com/go-gitea/gitea/tree/4b25bdfbc45479d64e3ffb04abbd08672ccc47fb,https://github.com/go-gitea/gitea/compare/528682a294834611a95b2cf6c80efdccdf6fd791...4b25bdfbc45479d64e3ffb04abbd08672ccc47fb
96,Gitea,d62ab499784386935fa20152c1c163d0ef62d31a,467d7dacb68da78c1ec8dbe45d1dc745ecdf7f8d,3232,https://github.com/go-gitea/gitea/issues/3232,https://github.com/go-gitea/gitea/tree/d62ab499784386935fa20152c1c163d0ef62d31a,https://github.com/go-gitea/gitea/tree/467d7dacb68da78c1ec8dbe45d1dc745ecdf7f8d,https://github.com/go-gitea/gitea/compare/d62ab499784386935fa20152c1c163d0ef62d31a...467d7dacb68da78c1ec8dbe45d1dc745ecdf7f8d
97,Gitea,467d7dacb68da78c1ec8dbe45d1dc745ecdf7f8d,98b152030dd99a58dd0e27aac9d0eee06cc88c43,3246,https://github.com/go-gitea/gitea/issues/3246,https://github.com/go-gitea/gitea/tree/467d7dacb68da78c1ec8dbe45d1dc745ecdf7f8d,https://github.com/go-gitea/gitea/tree/98b152030dd99a58dd0e27aac9d0eee06cc88c43,https://github.com/go-gitea/gitea/compare/467d7dacb68da78c1ec8dbe45d1dc745ecdf7f8d...98b152030dd99a58dd0e27aac9d0eee06cc88c43
98,Gitea,98b152030dd99a58dd0e27aac9d0eee06cc88c43,9fcf66f0e0a70ed57dad7b2043d12f6690af71ca,3246,https://github.com/go-gitea/gitea/issues/3246,https://github.com/go-gitea/gitea/tree/98b152030dd99a58dd0e27aac9d0eee06cc88c43,https://github.com/go-gitea/gitea/tree/9fcf66f0e0a70ed57dad7b2043d12f6690af71ca,https://github.com/go-gitea/gitea/compare/98b152030dd99a58dd0e27aac9d0eee06cc88c43...9fcf66f0e0a70ed57dad7b2043d12f6690af71ca
99,Gitea,26342b0c2457ba3b8a79e05be75f85258b0e82eb,24caccccdd2d5e53a66a73b026eea45327596395,3200,https://github.com/go-gitea/gitea/issues/3200,https://github.com/go-gitea/gitea/tree/26342b0c2457ba3b8a79e05be75f85258b0e82eb,https://github.com/go-gitea/gitea/tree/24caccccdd2d5e53a66a73b026eea45327596395,https://github.com/go-gitea/gitea/compare/26342b0c2457ba3b8a79e05be75f85258b0e82eb...24caccccdd2d5e53a66a73b026eea45327596395
100,Gitea,de10387f41c02aef2d97ca5f247a422f18e6fb38,f4ab50501ebc3d216dd216c72f5f8ff53fa6efc1,3253,https://github.com/go-gitea/gitea/issues/3253,https://github.com/go-gitea/gitea/tree/de10387f41c02aef2d97ca5f247a422f18e6fb38,https://github.com/go-gitea/gitea/tree/f4ab50501ebc3d216dd216c72f5f8ff53fa6efc1,https://github.com/go-gitea/gitea/compare/de10387f41c02aef2d97ca5f247a422f18e6fb38...f4ab50501ebc3d216dd216c72f5f8ff53fa6efc1
101,Gitea,e63b2881b1dba21cf39a1959be4b637f4498f727,4f78abe7dc85754bd913f05ed927d27a59c4a22c,3066,https://github.com/go-gitea/gitea/issues/3066,https://github.com/go-gitea/gitea/tree/e63b2881b1dba21cf39a1959be4b637f4498f727,https://github.com/go-gitea/gitea/tree/4f78abe7dc85754bd913f05ed927d27a59c4a22c,https://github.com/go-gitea/gitea/compare/e63b2881b1dba21cf39a1959be4b637f4498f727...4f78abe7dc85754bd913f05ed927d27a59c4a22c
102,Gitea,0402c803c6904a4040cde50a5a918d5ff57e6d25,fe60ca408b7bbec43bdba18d0eded2ed586ddfdd,3326,https://github.com/go-gitea/gitea/issues/3326,https://github.com/go-gitea/gitea/tree/0402c803c6904a4040cde50a5a918d5ff57e6d25,https://github.com/go-gitea/gitea/tree/fe60ca408b7bbec43bdba18d0eded2ed586ddfdd,https://github.com/go-gitea/gitea/compare/0402c803c6904a4040cde50a5a918d5ff57e6d25...fe60ca408b7bbec43bdba18d0eded2ed586ddfdd
103,Gitea,326c98266040a69ceec51c3804c372c7af47e027,401bf944ef4b09e7d4ca85d7272dbd32e7e950a0,3068,https://github.com/go-gitea/gitea/issues/3068,https://github.com/go-gitea/gitea/tree/326c98266040a69ceec51c3804c372c7af47e027,https://github.com/go-gitea/gitea/tree/401bf944ef4b09e7d4ca85d7272dbd32e7e950a0,https://github.com/go-gitea/gitea/compare/326c98266040a69ceec51c3804c372c7af47e027...401bf944ef4b09e7d4ca85d7272dbd32e7e950a0
104,Gitea,ad7ea88923e371df7558835d8f3e0236cfdf69ba,55b4e77a5e9376a8a105d59a721fda3888e555bf,3343,https://github.com/go-gitea/gitea/issues/3343,https://github.com/go-gitea/gitea/tree/ad7ea88923e371df7558835d8f3e0236cfdf69ba,https://github.com/go-gitea/gitea/tree/55b4e77a5e9376a8a105d59a721fda3888e555bf,https://github.com/go-gitea/gitea/compare/ad7ea88923e371df7558835d8f3e0236cfdf69ba...55b4e77a5e9376a8a105d59a721fda3888e555bf
105,Gitea,7ca5f8f119593023809e6130db75154597c52426,f1b8d52eb3ac230ed5a275f4a844ddb0cf48041e,2854,https://github.com/go-gitea/gitea/issues/2854,https://github.com/go-gitea/gitea/tree/7ca5f8f119593023809e6130db75154597c52426,https://github.com/go-gitea/gitea/tree/f1b8d52eb3ac230ed5a275f4a844ddb0cf48041e,https://github.com/go-gitea/gitea/compare/7ca5f8f119593023809e6130db75154597c52426...f1b8d52eb3ac230ed5a275f4a844ddb0cf48041e
106,Gitea,2d76de2574d2e3734ed8e566845042e6fb281a6e,8aa0a767027222e0b1a4c86ccd587ab9d479ebfa,3327,https://github.com/go-gitea/gitea/issues/3327,https://github.com/go-gitea/gitea/tree/2d76de2574d2e3734ed8e566845042e6fb281a6e,https://github.com/go-gitea/gitea/tree/8aa0a767027222e0b1a4c86ccd587ab9d479ebfa,https://github.com/go-gitea/gitea/compare/2d76de2574d2e3734ed8e566845042e6fb281a6e...8aa0a767027222e0b1a4c86ccd587ab9d479ebfa
107,Gitea,cf6d321991735a2891e16066f74a75f51719e99e,28dc5bb5667c4d1839ad28b33b7145b145f30665,3386,https://github.com/go-gitea/gitea/issues/3386,https://github.com/go-gitea/gitea/tree/cf6d321991735a2891e16066f74a75f51719e99e,https://github.com/go-gitea/gitea/tree/28dc5bb5667c4d1839ad28b33b7145b145f30665,https://github.com/go-gitea/gitea/compare/cf6d321991735a2891e16066f74a75f51719e99e...28dc5bb5667c4d1839ad28b33b7145b145f30665
108,Gitea,ab9c5fb5e7f7b04580e2c53ae08bed3f6623316f,30fda0f1aecbb45b0abc67e0fb9fdb806a52cb8c,3315,https://github.com/go-gitea/gitea/issues/3315,https://github.com/go-gitea/gitea/tree/ab9c5fb5e7f7b04580e2c53ae08bed3f6623316f,https://github.com/go-gitea/gitea/tree/30fda0f1aecbb45b0abc67e0fb9fdb806a52cb8c,https://github.com/go-gitea/gitea/compare/ab9c5fb5e7f7b04580e2c53ae08bed3f6623316f...30fda0f1aecbb45b0abc67e0fb9fdb806a52cb8c
109,Gitea,99812a80fd1b1336e992c0967be603e146f78729,ea192147ea3a377905f0cae6eed14660c35bb086,3396,https://github.com/go-gitea/gitea/issues/3396,https://github.com/go-gitea/gitea/tree/99812a80fd1b1336e992c0967be603e146f78729,https://github.com/go-gitea/gitea/tree/ea192147ea3a377905f0cae6eed14660c35bb086,https://github.com/go-gitea/gitea/compare/99812a80fd1b1336e992c0967be603e146f78729...ea192147ea3a377905f0cae6eed14660c35bb086
110,Gitea,ec92565f234deb75ea8df0c30a8772c4cd72bc2d,90dd0657b564210746c9c494c8c5b07dd8eee91f,3105,https://github.com/go-gitea/gitea/issues/3105,https://github.com/go-gitea/gitea/tree/ec92565f234deb75ea8df0c30a8772c4cd72bc2d,https://github.com/go-gitea/gitea/tree/90dd0657b564210746c9c494c8c5b07dd8eee91f,https://github.com/go-gitea/gitea/compare/ec92565f234deb75ea8df0c30a8772c4cd72bc2d...90dd0657b564210746c9c494c8c5b07dd8eee91f
111,Gitea,bbe866122db02c543cf4c72b0878ed1b08c8b07a,2c82fc3edb94b84d12a0f94be0c7b0a73d756e83,3410,https://github.com/go-gitea/gitea/issues/3410,https://github.com/go-gitea/gitea/tree/bbe866122db02c543cf4c72b0878ed1b08c8b07a,https://github.com/go-gitea/gitea/tree/2c82fc3edb94b84d12a0f94be0c7b0a73d756e83,https://github.com/go-gitea/gitea/compare/bbe866122db02c543cf4c72b0878ed1b08c8b07a...2c82fc3edb94b84d12a0f94be0c7b0a73d756e83
112,Gitea,0885784f136b9b68653ec33fa733e962f3507f7e,5077408d78971463a94f2037d78fa68f201bda48,3233,https://github.com/go-gitea/gitea/issues/3233,https://github.com/go-gitea/gitea/tree/0885784f136b9b68653ec33fa733e962f3507f7e,https://github.com/go-gitea/gitea/tree/5077408d78971463a94f2037d78fa68f201bda48,https://github.com/go-gitea/gitea/compare/0885784f136b9b68653ec33fa733e962f3507f7e...5077408d78971463a94f2037d78fa68f201bda48
113,Gitea,3380c946e12e53368f28a2b7285c7bad0c1746dc,0885784f136b9b68653ec33fa733e962f3507f7e,3233,https://github.com/go-gitea/gitea/issues/3233,https://github.com/go-gitea/gitea/tree/3380c946e12e53368f28a2b7285c7bad0c1746dc,https://github.com/go-gitea/gitea/tree/0885784f136b9b68653ec33fa733e962f3507f7e,https://github.com/go-gitea/gitea/compare/3380c946e12e53368f28a2b7285c7bad0c1746dc...0885784f136b9b68653ec33fa733e962f3507f7e
114,Gitea,21f25799b4f28455e3ac3a77950deb6520d98dab,699c71d319138b326bcb4fdf8e6eeac03c82e5b9,3403,https://github.com/go-gitea/gitea/issues/3403,https://github.com/go-gitea/gitea/tree/21f25799b4f28455e3ac3a77950deb6520d98dab,https://github.com/go-gitea/gitea/tree/699c71d319138b326bcb4fdf8e6eeac03c82e5b9,https://github.com/go-gitea/gitea/compare/21f25799b4f28455e3ac3a77950deb6520d98dab...699c71d319138b326bcb4fdf8e6eeac03c82e5b9
115,Gitea,10b47eddd20f418e596a0f56e927ca65b35f8426,53c573ed02bb2541a9af5bdd603f45e2db6d6ae4,3314,https://github.com/go-gitea/gitea/issues/3314,https://github.com/go-gitea/gitea/tree/10b47eddd20f418e596a0f56e927ca65b35f8426,https://github.com/go-gitea/gitea/tree/53c573ed02bb2541a9af5bdd603f45e2db6d6ae4,https://github.com/go-gitea/gitea/compare/10b47eddd20f418e596a0f56e927ca65b35f8426...53c573ed02bb2541a9af5bdd603f45e2db6d6ae4
116,Gitea,f59d2dd0343880fff7cdbbee7305eae27829c8de,f1a5a4277d06702ddcb9673b23fc82a930676e54,3453,https://github.com/go-gitea/gitea/issues/3453,https://github.com/go-gitea/gitea/tree/f59d2dd0343880fff7cdbbee7305eae27829c8de,https://github.com/go-gitea/gitea/tree/f1a5a4277d06702ddcb9673b23fc82a930676e54,https://github.com/go-gitea/gitea/compare/f59d2dd0343880fff7cdbbee7305eae27829c8de...f1a5a4277d06702ddcb9673b23fc82a930676e54
117,Gitea,61e27dedf7a02cd01fbf8ad34913c973d057664a,6c8fcb3af252f6dfc76021b5acb10ac672dd8ca4,3467,https://github.com/go-gitea/gitea/issues/3467,https://github.com/go-gitea/gitea/tree/61e27dedf7a02cd01fbf8ad34913c973d057664a,https://github.com/go-gitea/gitea/tree/6c8fcb3af252f6dfc76021b5acb10ac672dd8ca4,https://github.com/go-gitea/gitea/compare/61e27dedf7a02cd01fbf8ad34913c973d057664a...6c8fcb3af252f6dfc76021b5acb10ac672dd8ca4
118,Gitea,7f7216be6e4a55af83a614fb2782d643af40825a,7c5710d31f49b86c458cb6570586cfc6627a790b,3170,https://github.com/go-gitea/gitea/issues/3170,https://github.com/go-gitea/gitea/tree/7f7216be6e4a55af83a614fb2782d643af40825a,https://github.com/go-gitea/gitea/tree/7c5710d31f49b86c458cb6570586cfc6627a790b,https://github.com/go-gitea/gitea/compare/7f7216be6e4a55af83a614fb2782d643af40825a...7c5710d31f49b86c458cb6570586cfc6627a790b
119,Gitea,b710f6bd6506d408ae226e3bbef706906e26b61e,06602a84ff0ed352c8998cc3ca9ff0350e0906ef,3510,https://github.com/go-gitea/gitea/issues/3510,https://github.com/go-gitea/gitea/tree/b710f6bd6506d408ae226e3bbef706906e26b61e,https://github.com/go-gitea/gitea/tree/06602a84ff0ed352c8998cc3ca9ff0350e0906ef,https://github.com/go-gitea/gitea/compare/b710f6bd6506d408ae226e3bbef706906e26b61e...06602a84ff0ed352c8998cc3ca9ff0350e0906ef
120,Gitea,7551141dbe7bc46be7f448fa65a72ec13f73400b,42964272149e2b8f5f3959100c43210cd508e2f5,3437,https://github.com/go-gitea/gitea/issues/3437,https://github.com/go-gitea/gitea/tree/7551141dbe7bc46be7f448fa65a72ec13f73400b,https://github.com/go-gitea/gitea/tree/42964272149e2b8f5f3959100c43210cd508e2f5,https://github.com/go-gitea/gitea/compare/7551141dbe7bc46be7f448fa65a72ec13f73400b...42964272149e2b8f5f3959100c43210cd508e2f5
121,Gitea,96f92e6105463c37a11cd09ecf1fdb4d5c0cb905,2cb04db52661b346bed26daeb94402f460195797,3391,https://github.com/go-gitea/gitea/issues/3391,https://github.com/go-gitea/gitea/tree/96f92e6105463c37a11cd09ecf1fdb4d5c0cb905,https://github.com/go-gitea/gitea/tree/2cb04db52661b346bed26daeb94402f460195797,https://github.com/go-gitea/gitea/compare/96f92e6105463c37a11cd09ecf1fdb4d5c0cb905...2cb04db52661b346bed26daeb94402f460195797
122,Gitea,900f233b3cf3cfad59d9be04700f0100ad3cca56,555d8b16cb8670dd0a4e9094d26091eba6a6df36,151,https://github.com/go-gitea/gitea/issues/151,https://github.com/go-gitea/gitea/tree/900f233b3cf3cfad59d9be04700f0100ad3cca56,https://github.com/go-gitea/gitea/tree/555d8b16cb8670dd0a4e9094d26091eba6a6df36,https://github.com/go-gitea/gitea/compare/900f233b3cf3cfad59d9be04700f0100ad3cca56...555d8b16cb8670dd0a4e9094d26091eba6a6df36
123,Gitea,f8a48ffaad481ee9eaa8a42e0e7d64c12c90ef86,f50e568fd12feda20b1a899486914881564bea12,3189,https://github.com/go-gitea/gitea/issues/3189,https://github.com/go-gitea/gitea/tree/f8a48ffaad481ee9eaa8a42e0e7d64c12c90ef86,https://github.com/go-gitea/gitea/tree/f50e568fd12feda20b1a899486914881564bea12,https://github.com/go-gitea/gitea/compare/f8a48ffaad481ee9eaa8a42e0e7d64c12c90ef86...f50e568fd12feda20b1a899486914881564bea12
124,Gitea,3ef022b0713aa1356b21a879c4e7140670078b57,bd76e156bb08424841ff992aaffcc5aef913b703,151,https://github.com/go-gitea/gitea/issues/151,https://github.com/go-gitea/gitea/tree/3ef022b0713aa1356b21a879c4e7140670078b57,https://github.com/go-gitea/gitea/tree/bd76e156bb08424841ff992aaffcc5aef913b703,https://github.com/go-gitea/gitea/compare/3ef022b0713aa1356b21a879c4e7140670078b57...bd76e156bb08424841ff992aaffcc5aef913b703
125,Gitea,3ac72255fa66df42811ff04dc1b3bf833a3f84ec,9aaf2a6d9a33416ed55798a7eb60f78bd9195352,258,https://github.com/go-gitea/gitea/issues/258,https://github.com/go-gitea/gitea/tree/3ac72255fa66df42811ff04dc1b3bf833a3f84ec,https://github.com/go-gitea/gitea/tree/9aaf2a6d9a33416ed55798a7eb60f78bd9195352,https://github.com/go-gitea/gitea/compare/3ac72255fa66df42811ff04dc1b3bf833a3f84ec...9aaf2a6d9a33416ed55798a7eb60f78bd9195352
126,Gitea,81f227eace297269381d80b77ec0e470c5e7902d,cd339263d91ee9fc2ae9d52d17ae7f82e3dac839,162,https://github.com/go-gitea/gitea/issues/162,https://github.com/go-gitea/gitea/tree/81f227eace297269381d80b77ec0e470c5e7902d,https://github.com/go-gitea/gitea/tree/cd339263d91ee9fc2ae9d52d17ae7f82e3dac839,https://github.com/go-gitea/gitea/compare/81f227eace297269381d80b77ec0e470c5e7902d...cd339263d91ee9fc2ae9d52d17ae7f82e3dac839
127,Gitea,c1ecb6c60a1acacf530e226b8043ca93d2fe4a07,8516dfcb6cb008f286ec84bed4243928acb94844,3509,https://github.com/go-gitea/gitea/issues/3509,https://github.com/go-gitea/gitea/tree/c1ecb6c60a1acacf530e226b8043ca93d2fe4a07,https://github.com/go-gitea/gitea/tree/8516dfcb6cb008f286ec84bed4243928acb94844,https://github.com/go-gitea/gitea/compare/c1ecb6c60a1acacf530e226b8043ca93d2fe4a07...8516dfcb6cb008f286ec84bed4243928acb94844
128,Gitea,13a8823bd33e769565c0b505d9bb26f073c7e243,ce1e4348dad51f387003dd376f412041d0e837ed,3521,https://github.com/go-gitea/gitea/issues/3521,https://github.com/go-gitea/gitea/tree/13a8823bd33e769565c0b505d9bb26f073c7e243,https://github.com/go-gitea/gitea/tree/ce1e4348dad51f387003dd376f412041d0e837ed,https://github.com/go-gitea/gitea/compare/13a8823bd33e769565c0b505d9bb26f073c7e243...ce1e4348dad51f387003dd376f412041d0e837ed
129,Gitea,31950cb26248ee006466e015340ade3d690581d9,2343feadd434561d86b1273792d88f609a782114,310,https://github.com/go-gitea/gitea/issues/310,https://github.com/go-gitea/gitea/tree/31950cb26248ee006466e015340ade3d690581d9,https://github.com/go-gitea/gitea/tree/2343feadd434561d86b1273792d88f609a782114,https://github.com/go-gitea/gitea/compare/31950cb26248ee006466e015340ade3d690581d9...2343feadd434561d86b1273792d88f609a782114
130,Gitea,edae0f134c2001119719f36a20ac8b1496f8d3a5,d07c955e2a6359937ecff458d450e328861da5e6,344,https://github.com/go-gitea/gitea/issues/344,https://github.com/go-gitea/gitea/tree/edae0f134c2001119719f36a20ac8b1496f8d3a5,https://github.com/go-gitea/gitea/tree/d07c955e2a6359937ecff458d450e328861da5e6,https://github.com/go-gitea/gitea/compare/edae0f134c2001119719f36a20ac8b1496f8d3a5...d07c955e2a6359937ecff458d450e328861da5e6
131,Gitea,7b5b5178e1b8becd8df8cef0348e68173267a730,cbcb4361d5fa554b707b28055aed33629a34d60c,283,https://github.com/go-gitea/gitea/issues/283,https://github.com/go-gitea/gitea/tree/7b5b5178e1b8becd8df8cef0348e68173267a730,https://github.com/go-gitea/gitea/tree/cbcb4361d5fa554b707b28055aed33629a34d60c,https://github.com/go-gitea/gitea/compare/7b5b5178e1b8becd8df8cef0348e68173267a730...cbcb4361d5fa554b707b28055aed33629a34d60c
132,Gitea,2342df183b64794db74f399759f16c71e2dd543e,71634452e17a6c954e5612f861780effe7528992,3436,https://github.com/go-gitea/gitea/issues/3436,https://github.com/go-gitea/gitea/tree/2342df183b64794db74f399759f16c71e2dd543e,https://github.com/go-gitea/gitea/tree/71634452e17a6c954e5612f861780effe7528992,https://github.com/go-gitea/gitea/compare/2342df183b64794db74f399759f16c71e2dd543e...71634452e17a6c954e5612f861780effe7528992
133,Gitea,b9928588834a9aad1771ba79f1d6638cdc29904a,937b4b5aa14220432e494f66fd21813e66b69f8c,258,https://github.com/go-gitea/gitea/issues/258,https://github.com/go-gitea/gitea/tree/b9928588834a9aad1771ba79f1d6638cdc29904a,https://github.com/go-gitea/gitea/tree/937b4b5aa14220432e494f66fd21813e66b69f8c,https://github.com/go-gitea/gitea/compare/b9928588834a9aad1771ba79f1d6638cdc29904a...937b4b5aa14220432e494f66fd21813e66b69f8c
134,Gitea,de8b73dd9241375d78a08bb01910d2c820b5e481,6e5fffbd3f5414ead3f617f6f07c597ee6cfdf06,485,https://github.com/go-gitea/gitea/issues/485,https://github.com/go-gitea/gitea/tree/de8b73dd9241375d78a08bb01910d2c820b5e481,https://github.com/go-gitea/gitea/tree/6e5fffbd3f5414ead3f617f6f07c597ee6cfdf06,https://github.com/go-gitea/gitea/compare/de8b73dd9241375d78a08bb01910d2c820b5e481...6e5fffbd3f5414ead3f617f6f07c597ee6cfdf06
135,Gitea,04b9a7e7a22d968790aeee9c316391252b0aaf67,39d0db52de6fa64908cb3bd2f818d01332d7eee8,361,https://github.com/go-gitea/gitea/issues/361,https://github.com/go-gitea/gitea/tree/04b9a7e7a22d968790aeee9c316391252b0aaf67,https://github.com/go-gitea/gitea/tree/39d0db52de6fa64908cb3bd2f818d01332d7eee8,https://github.com/go-gitea/gitea/compare/04b9a7e7a22d968790aeee9c316391252b0aaf67...39d0db52de6fa64908cb3bd2f818d01332d7eee8
136,Gitea,2343feadd434561d86b1273792d88f609a782114,590a79ff8a7f8f9eab9dc19ea96dae2083449c70,296,https://github.com/go-gitea/gitea/issues/296,https://github.com/go-gitea/gitea/tree/2343feadd434561d86b1273792d88f609a782114,https://github.com/go-gitea/gitea/tree/590a79ff8a7f8f9eab9dc19ea96dae2083449c70,https://github.com/go-gitea/gitea/compare/2343feadd434561d86b1273792d88f609a782114...590a79ff8a7f8f9eab9dc19ea96dae2083449c70
137,Gitea,b33078fa33441c33c5d018b1b9a248c646549842,a12da66dfb36eb0f0f0cb6d3a202e259ea67bc90,394,https://github.com/go-gitea/gitea/issues/394,https://github.com/go-gitea/gitea/tree/b33078fa33441c33c5d018b1b9a248c646549842,https://github.com/go-gitea/gitea/tree/a12da66dfb36eb0f0f0cb6d3a202e259ea67bc90,https://github.com/go-gitea/gitea/compare/b33078fa33441c33c5d018b1b9a248c646549842...a12da66dfb36eb0f0f0cb6d3a202e259ea67bc90
138,Gitea,de8b73dd9241375d78a08bb01910d2c820b5e481,96c201273e5680b9d46d13514ac632d75d29d85d,517,https://github.com/go-gitea/gitea/issues/517,https://github.com/go-gitea/gitea/tree/de8b73dd9241375d78a08bb01910d2c820b5e481,https://github.com/go-gitea/gitea/tree/96c201273e5680b9d46d13514ac632d75d29d85d,https://github.com/go-gitea/gitea/compare/de8b73dd9241375d78a08bb01910d2c820b5e481...96c201273e5680b9d46d13514ac632d75d29d85d
139,Gitea,59f736d54c3edf7072b5adc9193896e039f6d8e7,ba134bd27abe099efcd748773c410b3aa78521fc,486,https://github.com/go-gitea/gitea/issues/486,https://github.com/go-gitea/gitea/tree/59f736d54c3edf7072b5adc9193896e039f6d8e7,https://github.com/go-gitea/gitea/tree/ba134bd27abe099efcd748773c410b3aa78521fc,https://github.com/go-gitea/gitea/compare/59f736d54c3edf7072b5adc9193896e039f6d8e7...ba134bd27abe099efcd748773c410b3aa78521fc
140,Gitea,05837a8d0f6dadf311f5e73178be4d6621d50484,727675dd46c0b24edd45e1aa710b6b49bb9be202,517,https://github.com/go-gitea/gitea/issues/517,https://github.com/go-gitea/gitea/tree/05837a8d0f6dadf311f5e73178be4d6621d50484,https://github.com/go-gitea/gitea/tree/727675dd46c0b24edd45e1aa710b6b49bb9be202,https://github.com/go-gitea/gitea/compare/05837a8d0f6dadf311f5e73178be4d6621d50484...727675dd46c0b24edd45e1aa710b6b49bb9be202
141,Gitea,980dd0bf513597abc4753585e6cc7eb8b30272d1,09dabe2ff209167649b410161f49aec96ff3e3d9,564,https://github.com/go-gitea/gitea/issues/564,https://github.com/go-gitea/gitea/tree/980dd0bf513597abc4753585e6cc7eb8b30272d1,https://github.com/go-gitea/gitea/tree/09dabe2ff209167649b410161f49aec96ff3e3d9,https://github.com/go-gitea/gitea/compare/980dd0bf513597abc4753585e6cc7eb8b30272d1...09dabe2ff209167649b410161f49aec96ff3e3d9
142,Gitea,369972b1164be38abd6769b79ecc5ad9c73d1b17,f8c2903484f0db71b9d2ca29f67a38cb7d738699,667,https://github.com/go-gitea/gitea/issues/667,https://github.com/go-gitea/gitea/tree/369972b1164be38abd6769b79ecc5ad9c73d1b17,https://github.com/go-gitea/gitea/tree/f8c2903484f0db71b9d2ca29f67a38cb7d738699,https://github.com/go-gitea/gitea/compare/369972b1164be38abd6769b79ecc5ad9c73d1b17...f8c2903484f0db71b9d2ca29f67a38cb7d738699
143,Gitea,44d4863ecf3d0eb63540f4f10fa2d4760e4daa74,fda44760612aad10e556f65cd201e94ed568fbb3,680,https://github.com/go-gitea/gitea/issues/680,https://github.com/go-gitea/gitea/tree/44d4863ecf3d0eb63540f4f10fa2d4760e4daa74,https://github.com/go-gitea/gitea/tree/fda44760612aad10e556f65cd201e94ed568fbb3,https://github.com/go-gitea/gitea/compare/44d4863ecf3d0eb63540f4f10fa2d4760e4daa74...fda44760612aad10e556f65cd201e94ed568fbb3
144,Gitea,6e5fffbd3f5414ead3f617f6f07c597ee6cfdf06,9ccc3698d5d0fb7555e545bc1cd618632bd8aa53,3843,https://github.com/go-gitea/gitea/issues/3843,https://github.com/go-gitea/gitea/tree/6e5fffbd3f5414ead3f617f6f07c597ee6cfdf06,https://github.com/go-gitea/gitea/tree/9ccc3698d5d0fb7555e545bc1cd618632bd8aa53,https://github.com/go-gitea/gitea/compare/6e5fffbd3f5414ead3f617f6f07c597ee6cfdf06...9ccc3698d5d0fb7555e545bc1cd618632bd8aa53
145,Gitea,c5f0d4b1a0255a87a3f29f88e537701685822f61,a5e07da8bedf5da47a4fec3dda6eaf2e54d69921,553,https://github.com/go-gitea/gitea/issues/553,https://github.com/go-gitea/gitea/tree/c5f0d4b1a0255a87a3f29f88e537701685822f61,https://github.com/go-gitea/gitea/tree/a5e07da8bedf5da47a4fec3dda6eaf2e54d69921,https://github.com/go-gitea/gitea/compare/c5f0d4b1a0255a87a3f29f88e537701685822f61...a5e07da8bedf5da47a4fec3dda6eaf2e54d69921
146,Gitea,abdc47e482141b46dee4249d86cf240554961b40,067ae5d96ee24447789073e20af8b3a0b67a6a22,304,https://github.com/go-gitea/gitea/issues/304,https://github.com/go-gitea/gitea/tree/abdc47e482141b46dee4249d86cf240554961b40,https://github.com/go-gitea/gitea/tree/067ae5d96ee24447789073e20af8b3a0b67a6a22,https://github.com/go-gitea/gitea/compare/abdc47e482141b46dee4249d86cf240554961b40...067ae5d96ee24447789073e20af8b3a0b67a6a22
147,Gitea,2a80e5a81eeec260840a00f09733c203f2572eea,8c2381103a209d9d01934f650704e388c428cf42,754,https://github.com/go-gitea/gitea/issues/754,https://github.com/go-gitea/gitea/tree/2a80e5a81eeec260840a00f09733c203f2572eea,https://github.com/go-gitea/gitea/tree/8c2381103a209d9d01934f650704e388c428cf42,https://github.com/go-gitea/gitea/compare/2a80e5a81eeec260840a00f09733c203f2572eea...8c2381103a209d9d01934f650704e388c428cf42
148,Gitea,2f13d31ff07ca7993b8451446eb756d0521ec897,284c0160c33764b0bffee1e2274eae8fae6a0ca5,740,https://github.com/go-gitea/gitea/issues/740,https://github.com/go-gitea/gitea/tree/2f13d31ff07ca7993b8451446eb756d0521ec897,https://github.com/go-gitea/gitea/tree/284c0160c33764b0bffee1e2274eae8fae6a0ca5,https://github.com/go-gitea/gitea/compare/2f13d31ff07ca7993b8451446eb756d0521ec897...284c0160c33764b0bffee1e2274eae8fae6a0ca5
149,Gitea,79d527195d98d74867a067ce93a4dace2b86d2bb,61306fa737f693c3b325d9a8da047ba0b939537e,490,https://github.com/go-gitea/gitea/issues/490,https://github.com/go-gitea/gitea/tree/79d527195d98d74867a067ce93a4dace2b86d2bb,https://github.com/go-gitea/gitea/tree/61306fa737f693c3b325d9a8da047ba0b939537e,https://github.com/go-gitea/gitea/compare/79d527195d98d74867a067ce93a4dace2b86d2bb...61306fa737f693c3b325d9a8da047ba0b939537e
150,Gitea,02a881aa32b3b5bbf05e9a75f0061b6c892fb671,45a324b4379e5ab0415654dffb2301323f894d20,764,https://github.com/go-gitea/gitea/issues/764,https://github.com/go-gitea/gitea/tree/02a881aa32b3b5bbf05e9a75f0061b6c892fb671,https://github.com/go-gitea/gitea/tree/45a324b4379e5ab0415654dffb2301323f894d20,https://github.com/go-gitea/gitea/compare/02a881aa32b3b5bbf05e9a75f0061b6c892fb671...45a324b4379e5ab0415654dffb2301323f894d20
151,Gitea,b6da6585535209f3916eeab245d793f30e8bd650,de81f68d4d4a87c044034be682abffaccd399860,687,https://github.com/go-gitea/gitea/issues/687,https://github.com/go-gitea/gitea/tree/b6da6585535209f3916eeab245d793f30e8bd650,https://github.com/go-gitea/gitea/tree/de81f68d4d4a87c044034be682abffaccd399860,https://github.com/go-gitea/gitea/compare/b6da6585535209f3916eeab245d793f30e8bd650...de81f68d4d4a87c044034be682abffaccd399860
152,Gitea,44827698e2515330eedbef3e5a604899ac1b7ce8,9ad3a0798973c8580b763b4a8b466382734bfacd,1037,https://github.com/go-gitea/gitea/issues/1037,https://github.com/go-gitea/gitea/tree/44827698e2515330eedbef3e5a604899ac1b7ce8,https://github.com/go-gitea/gitea/tree/9ad3a0798973c8580b763b4a8b466382734bfacd,https://github.com/go-gitea/gitea/compare/44827698e2515330eedbef3e5a604899ac1b7ce8...9ad3a0798973c8580b763b4a8b466382734bfacd
153,Gitea,490d3771f7b6a6947d54dbf1f761bfec5dba0709,832477b1bceb003ce12529c7797a53e80c936d58,1013,https://github.com/go-gitea/gitea/issues/1013,https://github.com/go-gitea/gitea/tree/490d3771f7b6a6947d54dbf1f761bfec5dba0709,https://github.com/go-gitea/gitea/tree/832477b1bceb003ce12529c7797a53e80c936d58,https://github.com/go-gitea/gitea/compare/490d3771f7b6a6947d54dbf1f761bfec5dba0709...832477b1bceb003ce12529c7797a53e80c936d58
154,Gitea,a36a8f4d72bd8d5161f29c2df177ae5a73fe882c,442145dbd348a18915de80faea68f30a9d9309b3,811,https://github.com/go-gitea/gitea/issues/811,https://github.com/go-gitea/gitea/tree/a36a8f4d72bd8d5161f29c2df177ae5a73fe882c,https://github.com/go-gitea/gitea/tree/442145dbd348a18915de80faea68f30a9d9309b3,https://github.com/go-gitea/gitea/compare/a36a8f4d72bd8d5161f29c2df177ae5a73fe882c...442145dbd348a18915de80faea68f30a9d9309b3
155,Gitea,ddb0287bf61f1c4271eef92f61e297101b708671,e8e56da9ac321aacb3c06968997a45c2f133cd4e,13,https://github.com/go-gitea/gitea/issues/13,https://github.com/go-gitea/gitea/tree/ddb0287bf61f1c4271eef92f61e297101b708671,https://github.com/go-gitea/gitea/tree/e8e56da9ac321aacb3c06968997a45c2f133cd4e,https://github.com/go-gitea/gitea/compare/ddb0287bf61f1c4271eef92f61e297101b708671...e8e56da9ac321aacb3c06968997a45c2f133cd4e
156,Gitea,03760292412ffb3f65f2bfc359cb3bda100c5c98,2215840363815a30dfe87244f59e90f8283fbb07,1114,https://github.com/go-gitea/gitea/issues/1114,https://github.com/go-gitea/gitea/tree/03760292412ffb3f65f2bfc359cb3bda100c5c98,https://github.com/go-gitea/gitea/tree/2215840363815a30dfe87244f59e90f8283fbb07,https://github.com/go-gitea/gitea/compare/03760292412ffb3f65f2bfc359cb3bda100c5c98...2215840363815a30dfe87244f59e90f8283fbb07
157,Gitea,cfdc62e7fa4acb562b67eaa790fe2b6049ee8acb,0380ce269fd1877c018eeee0007f2e6a0f84d1ab,739,https://github.com/go-gitea/gitea/issues/739,https://github.com/go-gitea/gitea/tree/cfdc62e7fa4acb562b67eaa790fe2b6049ee8acb,https://github.com/go-gitea/gitea/tree/0380ce269fd1877c018eeee0007f2e6a0f84d1ab,https://github.com/go-gitea/gitea/compare/cfdc62e7fa4acb562b67eaa790fe2b6049ee8acb...0380ce269fd1877c018eeee0007f2e6a0f84d1ab
158,Gitea,c0f99e82299a3f9a6679ae6d643f854418ca16af,8947b711aa31452a97b22a93f28169fe3f990c2b,1050,https://github.com/go-gitea/gitea/issues/1050,https://github.com/go-gitea/gitea/tree/c0f99e82299a3f9a6679ae6d643f854418ca16af,https://github.com/go-gitea/gitea/tree/8947b711aa31452a97b22a93f28169fe3f990c2b,https://github.com/go-gitea/gitea/compare/c0f99e82299a3f9a6679ae6d643f854418ca16af...8947b711aa31452a97b22a93f28169fe3f990c2b
159,Gitea,076f940f1ff7cc075240d30179a92bdf52c006e4,9b4f6c1c32c416e1cca0e29991c4f2481f26939d,257,https://github.com/go-gitea/gitea/issues/257,https://github.com/go-gitea/gitea/tree/076f940f1ff7cc075240d30179a92bdf52c006e4,https://github.com/go-gitea/gitea/tree/9b4f6c1c32c416e1cca0e29991c4f2481f26939d,https://github.com/go-gitea/gitea/compare/076f940f1ff7cc075240d30179a92bdf52c006e4...9b4f6c1c32c416e1cca0e29991c4f2481f26939d
160,Gitea,d330a23ce1d20d684b4ee6905cb295fb5b39e398,fe94032f74298569512f6ece2fbe4f7ab9a24e46,1250,https://github.com/go-gitea/gitea/issues/1250,https://github.com/go-gitea/gitea/tree/d330a23ce1d20d684b4ee6905cb295fb5b39e398,https://github.com/go-gitea/gitea/tree/fe94032f74298569512f6ece2fbe4f7ab9a24e46,https://github.com/go-gitea/gitea/compare/d330a23ce1d20d684b4ee6905cb295fb5b39e398...fe94032f74298569512f6ece2fbe4f7ab9a24e46
161,Gitea,c05bd1789c6f0a4952ad7625b7eb3b144ae89f9b,9224405155322e096e7f2d0f9eed35633b937951,1296,https://github.com/go-gitea/gitea/issues/1296,https://github.com/go-gitea/gitea/tree/c05bd1789c6f0a4952ad7625b7eb3b144ae89f9b,https://github.com/go-gitea/gitea/tree/9224405155322e096e7f2d0f9eed35633b937951,https://github.com/go-gitea/gitea/compare/c05bd1789c6f0a4952ad7625b7eb3b144ae89f9b...9224405155322e096e7f2d0f9eed35633b937951
162,Gitea,d800305b347cd452319ffc61d7881bf8a1b8b707,a78a0266c4121ecc008620d7733bb6cfd7ec64e9,1354,https://github.com/go-gitea/gitea/issues/1354,https://github.com/go-gitea/gitea/tree/d800305b347cd452319ffc61d7881bf8a1b8b707,https://github.com/go-gitea/gitea/tree/a78a0266c4121ecc008620d7733bb6cfd7ec64e9,https://github.com/go-gitea/gitea/compare/d800305b347cd452319ffc61d7881bf8a1b8b707...a78a0266c4121ecc008620d7733bb6cfd7ec64e9
163,Gitea,5d40db629cb3a9ffdb7cdaa759f80c253c5ea428,d2b288130651beb9bed486a0c6bca658de0d23e6,1139,https://github.com/go-gitea/gitea/issues/1139,https://github.com/go-gitea/gitea/tree/5d40db629cb3a9ffdb7cdaa759f80c253c5ea428,https://github.com/go-gitea/gitea/tree/d2b288130651beb9bed486a0c6bca658de0d23e6,https://github.com/go-gitea/gitea/compare/5d40db629cb3a9ffdb7cdaa759f80c253c5ea428...d2b288130651beb9bed486a0c6bca658de0d23e6
164,Gitea,22295944dff9da50cde6c1abb0d8ea4cff753bdf,21290d4e80711fb0de8dd101db8c6d1c5171a627,1442,https://github.com/go-gitea/gitea/issues/1442,https://github.com/go-gitea/gitea/tree/22295944dff9da50cde6c1abb0d8ea4cff753bdf,https://github.com/go-gitea/gitea/tree/21290d4e80711fb0de8dd101db8c6d1c5171a627,https://github.com/go-gitea/gitea/compare/22295944dff9da50cde6c1abb0d8ea4cff753bdf...21290d4e80711fb0de8dd101db8c6d1c5171a627
165,Gitea,e0df611cbc44360082d886106c4f2d4130c3dd81,d9db1882745baf44e16375eb1dc4733bf2989848,1418,https://github.com/go-gitea/gitea/issues/1418,https://github.com/go-gitea/gitea/tree/e0df611cbc44360082d886106c4f2d4130c3dd81,https://github.com/go-gitea/gitea/tree/d9db1882745baf44e16375eb1dc4733bf2989848,https://github.com/go-gitea/gitea/compare/e0df611cbc44360082d886106c4f2d4130c3dd81...d9db1882745baf44e16375eb1dc4733bf2989848
166,Gitea,9cb08a3cf5b3e67402edb2a10ff63df2258bc731,cfdc62e7fa4acb562b67eaa790fe2b6049ee8acb,1073,https://github.com/go-gitea/gitea/issues/1073,https://github.com/go-gitea/gitea/tree/9cb08a3cf5b3e67402edb2a10ff63df2258bc731,https://github.com/go-gitea/gitea/tree/cfdc62e7fa4acb562b67eaa790fe2b6049ee8acb,https://github.com/go-gitea/gitea/compare/9cb08a3cf5b3e67402edb2a10ff63df2258bc731...cfdc62e7fa4acb562b67eaa790fe2b6049ee8acb
167,Gitea,08f7fded3c097685af9370283fc8565b80fb0615,129b0d6a4b408555c579e7ccb2fb15d3d8fcef29,1363,https://github.com/go-gitea/gitea/issues/1363,https://github.com/go-gitea/gitea/tree/08f7fded3c097685af9370283fc8565b80fb0615,https://github.com/go-gitea/gitea/tree/129b0d6a4b408555c579e7ccb2fb15d3d8fcef29,https://github.com/go-gitea/gitea/compare/08f7fded3c097685af9370283fc8565b80fb0615...129b0d6a4b408555c579e7ccb2fb15d3d8fcef29
168,Gitea,ccc15b9e1a3ddaa2fdf82970d574c9f84449aa3d,e2b2fd6e78a3181fa490f299f4c257eb5e0cc35d,1189,https://github.com/go-gitea/gitea/issues/1189,https://github.com/go-gitea/gitea/tree/ccc15b9e1a3ddaa2fdf82970d574c9f84449aa3d,https://github.com/go-gitea/gitea/tree/e2b2fd6e78a3181fa490f299f4c257eb5e0cc35d,https://github.com/go-gitea/gitea/compare/ccc15b9e1a3ddaa2fdf82970d574c9f84449aa3d...e2b2fd6e78a3181fa490f299f4c257eb5e0cc35d
169,Gitea,f995bcc87a9e693883292247ec985df7541d06bf,a2d365c81fc4eb35ac598bcef696eb1b775b8a9b,1501,https://github.com/go-gitea/gitea/issues/1501,https://github.com/go-gitea/gitea/tree/f995bcc87a9e693883292247ec985df7541d06bf,https://github.com/go-gitea/gitea/tree/a2d365c81fc4eb35ac598bcef696eb1b775b8a9b,https://github.com/go-gitea/gitea/compare/f995bcc87a9e693883292247ec985df7541d06bf...a2d365c81fc4eb35ac598bcef696eb1b775b8a9b
170,Gitea,b0308d86dc124f17d6b67e9d1022a4085c9267e1,1e40c2e579145b414bea7a7786e955292e2251b2,1757,https://github.com/go-gitea/gitea/issues/1757,https://github.com/go-gitea/gitea/tree/b0308d86dc124f17d6b67e9d1022a4085c9267e1,https://github.com/go-gitea/gitea/tree/1e40c2e579145b414bea7a7786e955292e2251b2,https://github.com/go-gitea/gitea/compare/b0308d86dc124f17d6b67e9d1022a4085c9267e1...1e40c2e579145b414bea7a7786e955292e2251b2
171,Gitea,98548c83d369a15f10dcd01656474c8dad98ba6a,0d1e001b9cae08c2d5f0ffc0ef9fec0f92d1683e,1657,https://github.com/go-gitea/gitea/issues/1657,https://github.com/go-gitea/gitea/tree/98548c83d369a15f10dcd01656474c8dad98ba6a,https://github.com/go-gitea/gitea/tree/0d1e001b9cae08c2d5f0ffc0ef9fec0f92d1683e,https://github.com/go-gitea/gitea/compare/98548c83d369a15f10dcd01656474c8dad98ba6a...0d1e001b9cae08c2d5f0ffc0ef9fec0f92d1683e
172,Gitea,d9a8eff2def111d1b038cbceea0a6b3ed7d43300,952cb8046f83bd39c2fff41b5d67c514d822e948,1899,https://github.com/go-gitea/gitea/issues/1899,https://github.com/go-gitea/gitea/tree/d9a8eff2def111d1b038cbceea0a6b3ed7d43300,https://github.com/go-gitea/gitea/tree/952cb8046f83bd39c2fff41b5d67c514d822e948,https://github.com/go-gitea/gitea/compare/d9a8eff2def111d1b038cbceea0a6b3ed7d43300...952cb8046f83bd39c2fff41b5d67c514d822e948
173,Gitea,6db387a21e245dc4aa7f009ca60574e42d934ffb,0a5dc640a12d1c0475052b73a721056b53460275,1397,https://github.com/go-gitea/gitea/issues/1397,https://github.com/go-gitea/gitea/tree/6db387a21e245dc4aa7f009ca60574e42d934ffb,https://github.com/go-gitea/gitea/tree/0a5dc640a12d1c0475052b73a721056b53460275,https://github.com/go-gitea/gitea/compare/6db387a21e245dc4aa7f009ca60574e42d934ffb...0a5dc640a12d1c0475052b73a721056b53460275
174,Gitea,6b13dafe61df99c6831f8d69af764727c3cc6b52,858197b4538cc0fe057f1bea4e62e6bdb8e8b331,1271,https://github.com/go-gitea/gitea/issues/1271,https://github.com/go-gitea/gitea/tree/6b13dafe61df99c6831f8d69af764727c3cc6b52,https://github.com/go-gitea/gitea/tree/858197b4538cc0fe057f1bea4e62e6bdb8e8b331,https://github.com/go-gitea/gitea/compare/6b13dafe61df99c6831f8d69af764727c3cc6b52...858197b4538cc0fe057f1bea4e62e6bdb8e8b331
175,Gitea,f99489d5c522663cfc14b9b65539966844f3ee6b,f189ccd2d60231485f045ce70a523fe12e401912,2090,https://github.com/go-gitea/gitea/issues/2090,https://github.com/go-gitea/gitea/tree/f99489d5c522663cfc14b9b65539966844f3ee6b,https://github.com/go-gitea/gitea/tree/f189ccd2d60231485f045ce70a523fe12e401912,https://github.com/go-gitea/gitea/compare/f99489d5c522663cfc14b9b65539966844f3ee6b...f189ccd2d60231485f045ce70a523fe12e401912
176,Gitea,a52cd59727f438132a13a33c8941aa05e397331e,2ef33b53381f68dc2af88eabfe5f35c3dbc94412,2040,https://github.com/go-gitea/gitea/issues/2040,https://github.com/go-gitea/gitea/tree/a52cd59727f438132a13a33c8941aa05e397331e,https://github.com/go-gitea/gitea/tree/2ef33b53381f68dc2af88eabfe5f35c3dbc94412,https://github.com/go-gitea/gitea/compare/a52cd59727f438132a13a33c8941aa05e397331e...2ef33b53381f68dc2af88eabfe5f35c3dbc94412
177,Gitea,00324cea108bd7625dffcfdbd0d86a4b67fe3f2f,0308d44a16d7bdcda75c1e946dc06efca48ed624,1643,https://github.com/go-gitea/gitea/issues/1643,https://github.com/go-gitea/gitea/tree/00324cea108bd7625dffcfdbd0d86a4b67fe3f2f,https://github.com/go-gitea/gitea/tree/0308d44a16d7bdcda75c1e946dc06efca48ed624,https://github.com/go-gitea/gitea/compare/00324cea108bd7625dffcfdbd0d86a4b67fe3f2f...0308d44a16d7bdcda75c1e946dc06efca48ed624
178,Gitea,18f46fd7cfd5068adcb900828e814d415cb235a5,91d64656a46848f1dceacbdf7f03677cd83d5aa0,1133,https://github.com/go-gitea/gitea/issues/1133,https://github.com/go-gitea/gitea/tree/18f46fd7cfd5068adcb900828e814d415cb235a5,https://github.com/go-gitea/gitea/tree/91d64656a46848f1dceacbdf7f03677cd83d5aa0,https://github.com/go-gitea/gitea/compare/18f46fd7cfd5068adcb900828e814d415cb235a5...91d64656a46848f1dceacbdf7f03677cd83d5aa0
179,Gitea,e3c29632222c1f0b159467fecb218283fe81fac8,6853bf323aeb32c87e52dc0fdcf41396b7b8d98d,1521,https://github.com/go-gitea/gitea/issues/1521,https://github.com/go-gitea/gitea/tree/e3c29632222c1f0b159467fecb218283fe81fac8,https://github.com/go-gitea/gitea/tree/6853bf323aeb32c87e52dc0fdcf41396b7b8d98d,https://github.com/go-gitea/gitea/compare/e3c29632222c1f0b159467fecb218283fe81fac8...6853bf323aeb32c87e52dc0fdcf41396b7b8d98d
180,Gitea,642f844735f50fbc531dc01a0a89d004b9ecd042,24859fe5b64925f93f5b2decee28d3bba23a5b44,1698,https://github.com/go-gitea/gitea/issues/1698,https://github.com/go-gitea/gitea/tree/642f844735f50fbc531dc01a0a89d004b9ecd042,https://github.com/go-gitea/gitea/tree/24859fe5b64925f93f5b2decee28d3bba23a5b44,https://github.com/go-gitea/gitea/compare/642f844735f50fbc531dc01a0a89d004b9ecd042...24859fe5b64925f93f5b2decee28d3bba23a5b44
181,Gitea,ceb3544697bfd1566f19afda0a98d13acb8e8b3b,89845f67283f5c767daa86aa0dd970d92cbdf717,2053,https://github.com/go-gitea/gitea/issues/2053,https://github.com/go-gitea/gitea/tree/ceb3544697bfd1566f19afda0a98d13acb8e8b3b,https://github.com/go-gitea/gitea/tree/89845f67283f5c767daa86aa0dd970d92cbdf717,https://github.com/go-gitea/gitea/compare/ceb3544697bfd1566f19afda0a98d13acb8e8b3b...89845f67283f5c767daa86aa0dd970d92cbdf717
182,Gitea,874f9be3e6eb135a013cb146111dadc6dd5d1042,233bbcfa94af8d29c337e0b6602a1991009dde46,2373,https://github.com/go-gitea/gitea/issues/2373,https://github.com/go-gitea/gitea/tree/874f9be3e6eb135a013cb146111dadc6dd5d1042,https://github.com/go-gitea/gitea/tree/233bbcfa94af8d29c337e0b6602a1991009dde46,https://github.com/go-gitea/gitea/compare/874f9be3e6eb135a013cb146111dadc6dd5d1042...233bbcfa94af8d29c337e0b6602a1991009dde46
183,Gitea,98c5a1e0068fe604b30e5654e556a7db9d569f04,32f289ae3b88f0a33723fe51b808d1633cd6716a,2162,https://github.com/go-gitea/gitea/issues/2162,https://github.com/go-gitea/gitea/tree/98c5a1e0068fe604b30e5654e556a7db9d569f04,https://github.com/go-gitea/gitea/tree/32f289ae3b88f0a33723fe51b808d1633cd6716a,https://github.com/go-gitea/gitea/compare/98c5a1e0068fe604b30e5654e556a7db9d569f04...32f289ae3b88f0a33723fe51b808d1633cd6716a
184,Gitea,fd85e25f5f48823c4e65f3bd23662fd26d1398b3,250f1236dc2455d5b5969f4bdc5ec0ab06ca81c0,2470,https://github.com/go-gitea/gitea/issues/2470,https://github.com/go-gitea/gitea/tree/fd85e25f5f48823c4e65f3bd23662fd26d1398b3,https://github.com/go-gitea/gitea/tree/250f1236dc2455d5b5969f4bdc5ec0ab06ca81c0,https://github.com/go-gitea/gitea/compare/fd85e25f5f48823c4e65f3bd23662fd26d1398b3...250f1236dc2455d5b5969f4bdc5ec0ab06ca81c0
185,Gitea,0fd92898106088379895554862af273f1c8ddea7,874f9be3e6eb135a013cb146111dadc6dd5d1042,2372,https://github.com/go-gitea/gitea/issues/2372,https://github.com/go-gitea/gitea/tree/0fd92898106088379895554862af273f1c8ddea7,https://github.com/go-gitea/gitea/tree/874f9be3e6eb135a013cb146111dadc6dd5d1042,https://github.com/go-gitea/gitea/compare/0fd92898106088379895554862af273f1c8ddea7...874f9be3e6eb135a013cb146111dadc6dd5d1042
186,Gitea,ab62da283aa20475109eba907324f55123d7e3c6,993b86628bdf62c0565c2a57a73561bb2d535b22,3058,https://github.com/go-gitea/gitea/issues/3058,https://github.com/go-gitea/gitea/tree/ab62da283aa20475109eba907324f55123d7e3c6,https://github.com/go-gitea/gitea/tree/993b86628bdf62c0565c2a57a73561bb2d535b22,https://github.com/go-gitea/gitea/compare/ab62da283aa20475109eba907324f55123d7e3c6...993b86628bdf62c0565c2a57a73561bb2d535b22
187,Gitea,7d61834dc983d799acf9aea795b78c6285f363c3,b639fa16481cdd32f491a8267fc83a5a472f9093,2022,https://github.com/go-gitea/gitea/issues/2022,https://github.com/go-gitea/gitea/tree/7d61834dc983d799acf9aea795b78c6285f363c3,https://github.com/go-gitea/gitea/tree/b639fa16481cdd32f491a8267fc83a5a472f9093,https://github.com/go-gitea/gitea/compare/7d61834dc983d799acf9aea795b78c6285f363c3...b639fa16481cdd32f491a8267fc83a5a472f9093
188,Gitea,4c54139afc9884d349243a3f15f20e89b637df43,a4ca54425f873d30e8afc323f86625e1980aa066,2245,https://github.com/go-gitea/gitea/issues/2245,https://github.com/go-gitea/gitea/tree/4c54139afc9884d349243a3f15f20e89b637df43,https://github.com/go-gitea/gitea/tree/a4ca54425f873d30e8afc323f86625e1980aa066,https://github.com/go-gitea/gitea/compare/4c54139afc9884d349243a3f15f20e89b637df43...a4ca54425f873d30e8afc323f86625e1980aa066
189,Gitea,f48680888c14ad3dfe9cadb8efa4c8221731b71e,d663cef2a578f0ec4ed034299d814558838a1172,3303,https://github.com/go-gitea/gitea/issues/3303,https://github.com/go-gitea/gitea/tree/f48680888c14ad3dfe9cadb8efa4c8221731b71e,https://github.com/go-gitea/gitea/tree/d663cef2a578f0ec4ed034299d814558838a1172,https://github.com/go-gitea/gitea/compare/f48680888c14ad3dfe9cadb8efa4c8221731b71e...d663cef2a578f0ec4ed034299d814558838a1172
190,Gitea,1fbfccb4fc9fc99405174b529206524179177474,66bc0ac251f564491ed0a6d5d4cfa0a11af09303,2102,https://github.com/go-gitea/gitea/issues/2102,https://github.com/go-gitea/gitea/tree/1fbfccb4fc9fc99405174b529206524179177474,https://github.com/go-gitea/gitea/tree/66bc0ac251f564491ed0a6d5d4cfa0a11af09303,https://github.com/go-gitea/gitea/compare/1fbfccb4fc9fc99405174b529206524179177474...66bc0ac251f564491ed0a6d5d4cfa0a11af09303
191,Gitea,00d08473b8fd4501100119808253a2e1afc6fd7f,d644e8810710bc2e5035aa25f63c597c47312404,3383,https://github.com/go-gitea/gitea/issues/3383,https://github.com/go-gitea/gitea/tree/00d08473b8fd4501100119808253a2e1afc6fd7f,https://github.com/go-gitea/gitea/tree/d644e8810710bc2e5035aa25f63c597c47312404,https://github.com/go-gitea/gitea/compare/00d08473b8fd4501100119808253a2e1afc6fd7f...d644e8810710bc2e5035aa25f63c597c47312404
192,Gitea,cc0c4a30a778b27393923d29fe97b8bc33f345f4,695b10beddc640d333fd5864cb6edb03e540b344,3005,https://github.com/go-gitea/gitea/issues/3005,https://github.com/go-gitea/gitea/tree/cc0c4a30a778b27393923d29fe97b8bc33f345f4,https://github.com/go-gitea/gitea/tree/695b10beddc640d333fd5864cb6edb03e540b344,https://github.com/go-gitea/gitea/compare/cc0c4a30a778b27393923d29fe97b8bc33f345f4...695b10beddc640d333fd5864cb6edb03e540b344
193,Gitea,ffab139c9193a70ed76d83a4655e82c74af52b25,92123fe82a2dc4c01fdc180baaa7d2bfa2fe971a,2661,https://github.com/go-gitea/gitea/issues/2661,https://github.com/go-gitea/gitea/tree/ffab139c9193a70ed76d83a4655e82c74af52b25,https://github.com/go-gitea/gitea/tree/92123fe82a2dc4c01fdc180baaa7d2bfa2fe971a,https://github.com/go-gitea/gitea/compare/ffab139c9193a70ed76d83a4655e82c74af52b25...92123fe82a2dc4c01fdc180baaa7d2bfa2fe971a
194,Gitea,ce7ae17b81220434af13fd048e44899bbd7d9e72,a192f3052ed9b59d1404fdcebf2b5c156d6d6969,3259,https://github.com/go-gitea/gitea/issues/3259,https://github.com/go-gitea/gitea/tree/ce7ae17b81220434af13fd048e44899bbd7d9e72,https://github.com/go-gitea/gitea/tree/a192f3052ed9b59d1404fdcebf2b5c156d6d6969,https://github.com/go-gitea/gitea/compare/ce7ae17b81220434af13fd048e44899bbd7d9e72...a192f3052ed9b59d1404fdcebf2b5c156d6d6969
195,Gitea,9e842c8a722eb1db50cfbdbe7146b67d3670052f,b627f1131b59172cf4a9f238fb89cd415cbc38e0,3378,https://github.com/go-gitea/gitea/issues/3378,https://github.com/go-gitea/gitea/tree/9e842c8a722eb1db50cfbdbe7146b67d3670052f,https://github.com/go-gitea/gitea/tree/b627f1131b59172cf4a9f238fb89cd415cbc38e0,https://github.com/go-gitea/gitea/compare/9e842c8a722eb1db50cfbdbe7146b67d3670052f...b627f1131b59172cf4a9f238fb89cd415cbc38e0
196,Gitea,18bb0f8f1344771bbbc44fd37eee772c5c3b44d6,44053532bb7c5b7fcd65fd5246780db8cf446f7e,3259,https://github.com/go-gitea/gitea/issues/3259,https://github.com/go-gitea/gitea/tree/18bb0f8f1344771bbbc44fd37eee772c5c3b44d6,https://github.com/go-gitea/gitea/tree/44053532bb7c5b7fcd65fd5246780db8cf446f7e,https://github.com/go-gitea/gitea/compare/18bb0f8f1344771bbbc44fd37eee772c5c3b44d6...44053532bb7c5b7fcd65fd5246780db8cf446f7e
197,Gitea,dc0ef38950ec8aca78f6e870fb83d1ca68074682,6bdc556b7f490be7360104b731ce817050cc1d80,3492,https://github.com/go-gitea/gitea/issues/3492,https://github.com/go-gitea/gitea/tree/dc0ef38950ec8aca78f6e870fb83d1ca68074682,https://github.com/go-gitea/gitea/tree/6bdc556b7f490be7360104b731ce817050cc1d80,https://github.com/go-gitea/gitea/compare/dc0ef38950ec8aca78f6e870fb83d1ca68074682...6bdc556b7f490be7360104b731ce817050cc1d80
198,Gitea,2690542adb694ce74f38d0d638e09a623c7894bb,d94472e89b341d55f5529b3f7d9e0c666d982659,4003,https://github.com/go-gitea/gitea/issues/4003,https://github.com/go-gitea/gitea/tree/2690542adb694ce74f38d0d638e09a623c7894bb,https://github.com/go-gitea/gitea/tree/d94472e89b341d55f5529b3f7d9e0c666d982659,https://github.com/go-gitea/gitea/compare/2690542adb694ce74f38d0d638e09a623c7894bb...d94472e89b341d55f5529b3f7d9e0c666d982659
199,Gitea,fc36567ee1e0a3ee7aa450161af2ae9149ecffc3,e3028d124f864b0ed2563cd0fea8b24612eb64bb,3600,https://github.com/go-gitea/gitea/issues/3600,https://github.com/go-gitea/gitea/tree/fc36567ee1e0a3ee7aa450161af2ae9149ecffc3,https://github.com/go-gitea/gitea/tree/e3028d124f864b0ed2563cd0fea8b24612eb64bb,https://github.com/go-gitea/gitea/compare/fc36567ee1e0a3ee7aa450161af2ae9149ecffc3...e3028d124f864b0ed2563cd0fea8b24612eb64bb
200,Gitea,804bc0aa2f0c2b22aa16e1f0a3476f223a975491,5ba4ba3957f3f646974e1fdeba0d25613f37deb3,3656,https://github.com/go-gitea/gitea/issues/3656,https://github.com/go-gitea/gitea/tree/804bc0aa2f0c2b22aa16e1f0a3476f223a975491,https://github.com/go-gitea/gitea/tree/5ba4ba3957f3f646974e1fdeba0d25613f37deb3,https://github.com/go-gitea/gitea/compare/804bc0aa2f0c2b22aa16e1f0a3476f223a975491...5ba4ba3957f3f646974e1fdeba0d25613f37deb3
201,Gitea,0ba165e2ea451c67448d584822ce29ddf62a6c7c,908e8942ccae5b7966c7084780b3441e2190d9c1,4010,https://github.com/go-gitea/gitea/issues/4010,https://github.com/go-gitea/gitea/tree/0ba165e2ea451c67448d584822ce29ddf62a6c7c,https://github.com/go-gitea/gitea/tree/908e8942ccae5b7966c7084780b3441e2190d9c1,https://github.com/go-gitea/gitea/compare/0ba165e2ea451c67448d584822ce29ddf62a6c7c...908e8942ccae5b7966c7084780b3441e2190d9c1
202,Gitea,bae26421aa31176cff8e9f9ad82ae3d633fc394b,320c9817bc3cbfc696885bc81154796540dce83f,3827,https://github.com/go-gitea/gitea/issues/3827,https://github.com/go-gitea/gitea/tree/bae26421aa31176cff8e9f9ad82ae3d633fc394b,https://github.com/go-gitea/gitea/tree/320c9817bc3cbfc696885bc81154796540dce83f,https://github.com/go-gitea/gitea/compare/bae26421aa31176cff8e9f9ad82ae3d633fc394b...320c9817bc3cbfc696885bc81154796540dce83f
203,Gitea,15f6ec96327d69d19fcce937811214e113341f58,35c3510335149c833c7a41a7f3363a031f879584,4081,https://github.com/go-gitea/gitea/issues/4081,https://github.com/go-gitea/gitea/tree/15f6ec96327d69d19fcce937811214e113341f58,https://github.com/go-gitea/gitea/tree/35c3510335149c833c7a41a7f3363a031f879584,https://github.com/go-gitea/gitea/compare/15f6ec96327d69d19fcce937811214e113341f58...35c3510335149c833c7a41a7f3363a031f879584
204,Gitea,e87c540a87602682d49f1b10bfa91cbebe0fc9b6,4ee52b716144b9d0eef4564dda4d22840897c09b,3449,https://github.com/go-gitea/gitea/issues/3449,https://github.com/go-gitea/gitea/tree/e87c540a87602682d49f1b10bfa91cbebe0fc9b6,https://github.com/go-gitea/gitea/tree/4ee52b716144b9d0eef4564dda4d22840897c09b,https://github.com/go-gitea/gitea/compare/e87c540a87602682d49f1b10bfa91cbebe0fc9b6...4ee52b716144b9d0eef4564dda4d22840897c09b
205,Gitea,a75f2511951120c9ba1f954cfe48e4ce73687c72,a7aaacb633a1f391eab6e8f2aa4f57b83d41c66c,4010,https://github.com/go-gitea/gitea/issues/4010,https://github.com/go-gitea/gitea/tree/a75f2511951120c9ba1f954cfe48e4ce73687c72,https://github.com/go-gitea/gitea/tree/a7aaacb633a1f391eab6e8f2aa4f57b83d41c66c,https://github.com/go-gitea/gitea/compare/a75f2511951120c9ba1f954cfe48e4ce73687c72...a7aaacb633a1f391eab6e8f2aa4f57b83d41c66c
206,Gitea,a93f13849cd7f54029f1dc17b642d024b98ee71e,d84da8fe6562d9e7d2b5bb3626631ecefdca854e,4200,https://github.com/go-gitea/gitea/issues/4200,https://github.com/go-gitea/gitea/tree/a93f13849cd7f54029f1dc17b642d024b98ee71e,https://github.com/go-gitea/gitea/tree/d84da8fe6562d9e7d2b5bb3626631ecefdca854e,https://github.com/go-gitea/gitea/compare/a93f13849cd7f54029f1dc17b642d024b98ee71e...d84da8fe6562d9e7d2b5bb3626631ecefdca854e
207,Gitea,1bff02de55331e11de3627d5c5628feb2cd97387,fe78154895d8809c157ed583992edf5d6f66d5dd,4449,https://github.com/go-gitea/gitea/issues/4449,https://github.com/go-gitea/gitea/tree/1bff02de55331e11de3627d5c5628feb2cd97387,https://github.com/go-gitea/gitea/tree/fe78154895d8809c157ed583992edf5d6f66d5dd,https://github.com/go-gitea/gitea/compare/1bff02de55331e11de3627d5c5628feb2cd97387...fe78154895d8809c157ed583992edf5d6f66d5dd
208,Gitea,7a30208e05d202062f8ca74c2637273d8bc23a77,1b9b894731761be1f4da3ad4a7363c45d34050ae,4518,https://github.com/go-gitea/gitea/issues/4518,https://github.com/go-gitea/gitea/tree/7a30208e05d202062f8ca74c2637273d8bc23a77,https://github.com/go-gitea/gitea/tree/1b9b894731761be1f4da3ad4a7363c45d34050ae,https://github.com/go-gitea/gitea/compare/7a30208e05d202062f8ca74c2637273d8bc23a77...1b9b894731761be1f4da3ad4a7363c45d34050ae
209,Gitea,67a868853880c08bd4a6a6eca470bb4c475446da,32145b6de822c5e56424438902b70e1290310bba,4601,https://github.com/go-gitea/gitea/issues/4601,https://github.com/go-gitea/gitea/tree/67a868853880c08bd4a6a6eca470bb4c475446da,https://github.com/go-gitea/gitea/tree/32145b6de822c5e56424438902b70e1290310bba,https://github.com/go-gitea/gitea/compare/67a868853880c08bd4a6a6eca470bb4c475446da...32145b6de822c5e56424438902b70e1290310bba
210,Gitea,ced08d18a40b71cf4a290d9795280c2ef79e168f,819f50ccd50b6f7ff320e1341cf430356d5c01fb,4580,https://github.com/go-gitea/gitea/issues/4580,https://github.com/go-gitea/gitea/tree/ced08d18a40b71cf4a290d9795280c2ef79e168f,https://github.com/go-gitea/gitea/tree/819f50ccd50b6f7ff320e1341cf430356d5c01fb,https://github.com/go-gitea/gitea/compare/ced08d18a40b71cf4a290d9795280c2ef79e168f...819f50ccd50b6f7ff320e1341cf430356d5c01fb
211,Gitea,be4ec0cbba681f481e4d803122e19a7fe83120c0,ac968c3c6fab89043e11d44b656f2feea01b5931,4521,https://github.com/go-gitea/gitea/issues/4521,https://github.com/go-gitea/gitea/tree/be4ec0cbba681f481e4d803122e19a7fe83120c0,https://github.com/go-gitea/gitea/tree/ac968c3c6fab89043e11d44b656f2feea01b5931,https://github.com/go-gitea/gitea/compare/be4ec0cbba681f481e4d803122e19a7fe83120c0...ac968c3c6fab89043e11d44b656f2feea01b5931
212,Gitea,5927599e43304476f62c889925d5d8a551a52991,c1224124ea02acf51a13e1445224098b614aa9bc,4519,https://github.com/go-gitea/gitea/issues/4519,https://github.com/go-gitea/gitea/tree/5927599e43304476f62c889925d5d8a551a52991,https://github.com/go-gitea/gitea/tree/c1224124ea02acf51a13e1445224098b614aa9bc,https://github.com/go-gitea/gitea/compare/5927599e43304476f62c889925d5d8a551a52991...c1224124ea02acf51a13e1445224098b614aa9bc
213,Gitea,a4ee5627ed17e504c4c516b715dd05052f8fa828,e48df3ee47cca7cbf369f429c188332982a4b8e7,4832,https://github.com/go-gitea/gitea/issues/4832,https://github.com/go-gitea/gitea/tree/a4ee5627ed17e504c4c516b715dd05052f8fa828,https://github.com/go-gitea/gitea/tree/e48df3ee47cca7cbf369f429c188332982a4b8e7,https://github.com/go-gitea/gitea/compare/a4ee5627ed17e504c4c516b715dd05052f8fa828...e48df3ee47cca7cbf369f429c188332982a4b8e7
214,Gitea,b63e2e0ded42b78429a80e2f39b325700c93cd24,4ae5a54c1f9395fafafe50fcab45a705eeb03e48,4783,https://github.com/go-gitea/gitea/issues/4783,https://github.com/go-gitea/gitea/tree/b63e2e0ded42b78429a80e2f39b325700c93cd24,https://github.com/go-gitea/gitea/tree/4ae5a54c1f9395fafafe50fcab45a705eeb03e48,https://github.com/go-gitea/gitea/compare/b63e2e0ded42b78429a80e2f39b325700c93cd24...4ae5a54c1f9395fafafe50fcab45a705eeb03e48
215,Gitea,6e68b614791299212eaac2417f245878d688b4cc,a4fa6bbc89134d60bcbcaf1d8826aa769d017c91,4678,https://github.com/go-gitea/gitea/issues/4678,https://github.com/go-gitea/gitea/tree/6e68b614791299212eaac2417f245878d688b4cc,https://github.com/go-gitea/gitea/tree/a4fa6bbc89134d60bcbcaf1d8826aa769d017c91,https://github.com/go-gitea/gitea/compare/6e68b614791299212eaac2417f245878d688b4cc...a4fa6bbc89134d60bcbcaf1d8826aa769d017c91
216,Gitea,bc06ab4a31c54c5d164d53ec16d5c1089be9c3fe,8f86c43b90c006efb044558d0d6109964a39fc59,4701,https://github.com/go-gitea/gitea/issues/4701,https://github.com/go-gitea/gitea/tree/bc06ab4a31c54c5d164d53ec16d5c1089be9c3fe,https://github.com/go-gitea/gitea/tree/8f86c43b90c006efb044558d0d6109964a39fc59,https://github.com/go-gitea/gitea/compare/bc06ab4a31c54c5d164d53ec16d5c1089be9c3fe...8f86c43b90c006efb044558d0d6109964a39fc59
217,Gitea,756eafaaf68b3cadb3f33f37554a6aa2d83921ef,4befec242aa3563f5a8a38bd390d834e4aa2797b,4752,https://github.com/go-gitea/gitea/issues/4752,https://github.com/go-gitea/gitea/tree/756eafaaf68b3cadb3f33f37554a6aa2d83921ef,https://github.com/go-gitea/gitea/tree/4befec242aa3563f5a8a38bd390d834e4aa2797b,https://github.com/go-gitea/gitea/compare/756eafaaf68b3cadb3f33f37554a6aa2d83921ef...4befec242aa3563f5a8a38bd390d834e4aa2797b
218,Gitea,e9dbfc70b732d2d223538107bfb07e48b3c77133,eea76a5241303c802a0302f7ea46105932604635,4726,https://github.com/go-gitea/gitea/issues/4726,https://github.com/go-gitea/gitea/tree/e9dbfc70b732d2d223538107bfb07e48b3c77133,https://github.com/go-gitea/gitea/tree/eea76a5241303c802a0302f7ea46105932604635,https://github.com/go-gitea/gitea/compare/e9dbfc70b732d2d223538107bfb07e48b3c77133...eea76a5241303c802a0302f7ea46105932604635
219,Gitea,8273479b41297eff3530bc90a430ab03b6ba6895,50ce19eff78aa4e27d7fe6985614b89b9eec521c,4419,https://github.com/go-gitea/gitea/issues/4419,https://github.com/go-gitea/gitea/tree/8273479b41297eff3530bc90a430ab03b6ba6895,https://github.com/go-gitea/gitea/tree/50ce19eff78aa4e27d7fe6985614b89b9eec521c,https://github.com/go-gitea/gitea/compare/8273479b41297eff3530bc90a430ab03b6ba6895...50ce19eff78aa4e27d7fe6985614b89b9eec521c
220,Gitea,b686bd0c9467885308a8e45214e75ee270c084e2,22ad514297b1958f93913aacbb88b81a94113a1e,5092,https://github.com/go-gitea/gitea/issues/5092,https://github.com/go-gitea/gitea/tree/b686bd0c9467885308a8e45214e75ee270c084e2,https://github.com/go-gitea/gitea/tree/22ad514297b1958f93913aacbb88b81a94113a1e,https://github.com/go-gitea/gitea/compare/b686bd0c9467885308a8e45214e75ee270c084e2...22ad514297b1958f93913aacbb88b81a94113a1e
221,Gitea,6c90dd1f4ae96dabec458c27dc8dee05c7525a1f,584844eada226f062d46da53e9ba6470ecd58eaa,5065,https://github.com/go-gitea/gitea/issues/5065,https://github.com/go-gitea/gitea/tree/6c90dd1f4ae96dabec458c27dc8dee05c7525a1f,https://github.com/go-gitea/gitea/tree/584844eada226f062d46da53e9ba6470ecd58eaa,https://github.com/go-gitea/gitea/compare/6c90dd1f4ae96dabec458c27dc8dee05c7525a1f...584844eada226f062d46da53e9ba6470ecd58eaa
222,Gitea,241ee793b74365927dda216e67ecb24245f07fab,d9b51a781cbdaeea53de9888831b33c680e43d46,5318,https://github.com/go-gitea/gitea/issues/5318,https://github.com/go-gitea/gitea/tree/241ee793b74365927dda216e67ecb24245f07fab,https://github.com/go-gitea/gitea/tree/d9b51a781cbdaeea53de9888831b33c680e43d46,https://github.com/go-gitea/gitea/compare/241ee793b74365927dda216e67ecb24245f07fab...d9b51a781cbdaeea53de9888831b33c680e43d46
223,Gitea,57a8440db372d3b2a01d3ef12a4a560424a08657,7096085f2b07246315e95e394b180ce9729efbb0,5226,https://github.com/go-gitea/gitea/issues/5226,https://github.com/go-gitea/gitea/tree/57a8440db372d3b2a01d3ef12a4a560424a08657,https://github.com/go-gitea/gitea/tree/7096085f2b07246315e95e394b180ce9729efbb0,https://github.com/go-gitea/gitea/compare/57a8440db372d3b2a01d3ef12a4a560424a08657...7096085f2b07246315e95e394b180ce9729efbb0
224,Gitea,49d9900b1fc05147ff109ab232d9cb2a52a8947f,3379141d818804aa8f7143ef32bd538c7e4ce795,5310,https://github.com/go-gitea/gitea/issues/5310,https://github.com/go-gitea/gitea/tree/49d9900b1fc05147ff109ab232d9cb2a52a8947f,https://github.com/go-gitea/gitea/tree/3379141d818804aa8f7143ef32bd538c7e4ce795,https://github.com/go-gitea/gitea/compare/49d9900b1fc05147ff109ab232d9cb2a52a8947f...3379141d818804aa8f7143ef32bd538c7e4ce795
225,Gitea,9681c8373426e8364760f033b9935b81b9276351,15d6cf179d3b97b2ab88ece39617bcc4db1a2026,5280,https://github.com/go-gitea/gitea/issues/5280,https://github.com/go-gitea/gitea/tree/9681c8373426e8364760f033b9935b81b9276351,https://github.com/go-gitea/gitea/tree/15d6cf179d3b97b2ab88ece39617bcc4db1a2026,https://github.com/go-gitea/gitea/compare/9681c8373426e8364760f033b9935b81b9276351...15d6cf179d3b97b2ab88ece39617bcc4db1a2026
226,Gitea,b46c2795877c721f738472073ae5b03ecceb6c0a,63bd1b92037c5deb1bb13b0753855a689b9450bc,5192,https://github.com/go-gitea/gitea/issues/5192,https://github.com/go-gitea/gitea/tree/b46c2795877c721f738472073ae5b03ecceb6c0a,https://github.com/go-gitea/gitea/tree/63bd1b92037c5deb1bb13b0753855a689b9450bc,https://github.com/go-gitea/gitea/compare/b46c2795877c721f738472073ae5b03ecceb6c0a...63bd1b92037c5deb1bb13b0753855a689b9450bc
227,Gitea,63bd1b92037c5deb1bb13b0753855a689b9450bc,4c52858c39f848198a61b27a9a8fe70d12db3b44,5566,https://github.com/go-gitea/gitea/issues/5566,https://github.com/go-gitea/gitea/tree/63bd1b92037c5deb1bb13b0753855a689b9450bc,https://github.com/go-gitea/gitea/tree/4c52858c39f848198a61b27a9a8fe70d12db3b44,https://github.com/go-gitea/gitea/compare/63bd1b92037c5deb1bb13b0753855a689b9450bc...4c52858c39f848198a61b27a9a8fe70d12db3b44
228,Gitea,3c6cc56143d6ef4b12c0c9c998951c2f66bfbfd9,303d7f7e9cfadf92e37dc44fb7f7c08164637773,4828,https://github.com/go-gitea/gitea/issues/4828,https://github.com/go-gitea/gitea/tree/3c6cc56143d6ef4b12c0c9c998951c2f66bfbfd9,https://github.com/go-gitea/gitea/tree/303d7f7e9cfadf92e37dc44fb7f7c08164637773,https://github.com/go-gitea/gitea/compare/3c6cc56143d6ef4b12c0c9c998951c2f66bfbfd9...303d7f7e9cfadf92e37dc44fb7f7c08164637773
229,Gitea,13e8a0fe56cfe13a900df07fffeb246077cfaa96,bf552761894dee08f734d91f5c8175cd0cb2f9f5,4764,https://github.com/go-gitea/gitea/issues/4764,https://github.com/go-gitea/gitea/tree/13e8a0fe56cfe13a900df07fffeb246077cfaa96,https://github.com/go-gitea/gitea/tree/bf552761894dee08f734d91f5c8175cd0cb2f9f5,https://github.com/go-gitea/gitea/compare/13e8a0fe56cfe13a900df07fffeb246077cfaa96...bf552761894dee08f734d91f5c8175cd0cb2f9f5
230,Gitea,4c52858c39f848198a61b27a9a8fe70d12db3b44,8764f1512d4fa5eba7711243ddd1ac22df4e224a,5309,https://github.com/go-gitea/gitea/issues/5309,https://github.com/go-gitea/gitea/tree/4c52858c39f848198a61b27a9a8fe70d12db3b44,https://github.com/go-gitea/gitea/tree/8764f1512d4fa5eba7711243ddd1ac22df4e224a,https://github.com/go-gitea/gitea/compare/4c52858c39f848198a61b27a9a8fe70d12db3b44...8764f1512d4fa5eba7711243ddd1ac22df4e224a
231,Gitea,0de57fd57ca1a268e084d322c3e0f2d054b931e2,9f476b8d1e8eb8f576fad208701a4dc3d8e7108f,2314,https://github.com/go-gitea/gitea/issues/2314,https://github.com/go-gitea/gitea/tree/0de57fd57ca1a268e084d322c3e0f2d054b931e2,https://github.com/go-gitea/gitea/tree/9f476b8d1e8eb8f576fad208701a4dc3d8e7108f,https://github.com/go-gitea/gitea/compare/0de57fd57ca1a268e084d322c3e0f2d054b931e2...9f476b8d1e8eb8f576fad208701a4dc3d8e7108f
232,Gitea,9e9d1b8f951c0c87af6bed71340b92ee22f5bb3b,e5228b8369f7162026b6fa6c1a8a0f07b92d85c7,4742,https://github.com/go-gitea/gitea/issues/4742,https://github.com/go-gitea/gitea/tree/9e9d1b8f951c0c87af6bed71340b92ee22f5bb3b,https://github.com/go-gitea/gitea/tree/e5228b8369f7162026b6fa6c1a8a0f07b92d85c7,https://github.com/go-gitea/gitea/compare/9e9d1b8f951c0c87af6bed71340b92ee22f5bb3b...e5228b8369f7162026b6fa6c1a8a0f07b92d85c7
233,Gitea,0bd802e3e15f9da15a1e973052e6b9a78f11f92e,ebef3eff2398865373901497889aee4cad3d8610,5536,https://github.com/go-gitea/gitea/issues/5536,https://github.com/go-gitea/gitea/tree/0bd802e3e15f9da15a1e973052e6b9a78f11f92e,https://github.com/go-gitea/gitea/tree/ebef3eff2398865373901497889aee4cad3d8610,https://github.com/go-gitea/gitea/compare/0bd802e3e15f9da15a1e973052e6b9a78f11f92e...ebef3eff2398865373901497889aee4cad3d8610
234,Gitea,270fa6d63b9a25021d9663bd6162f4933b7eb5ff,1ac8f6fb83b4fc3c05949f10494f325bbc65a6a7,4684,https://github.com/go-gitea/gitea/issues/4684,https://github.com/go-gitea/gitea/tree/270fa6d63b9a25021d9663bd6162f4933b7eb5ff,https://github.com/go-gitea/gitea/tree/1ac8f6fb83b4fc3c05949f10494f325bbc65a6a7,https://github.com/go-gitea/gitea/compare/270fa6d63b9a25021d9663bd6162f4933b7eb5ff...1ac8f6fb83b4fc3c05949f10494f325bbc65a6a7
235,Gitea,945804f800ac4e81c46bde848616e9d9392a9571,2c7661a5241f201aef6e63e767e547cc0a5cd877,5581,https://github.com/go-gitea/gitea/issues/5581,https://github.com/go-gitea/gitea/tree/945804f800ac4e81c46bde848616e9d9392a9571,https://github.com/go-gitea/gitea/tree/2c7661a5241f201aef6e63e767e547cc0a5cd877,https://github.com/go-gitea/gitea/compare/945804f800ac4e81c46bde848616e9d9392a9571...2c7661a5241f201aef6e63e767e547cc0a5cd877
236,Gitea,19e651c0dd81601551acbf4f818c24670515192b,c2dcb3514840d6807439f4b154a6802b00bf6d79,5728,https://github.com/go-gitea/gitea/issues/5728,https://github.com/go-gitea/gitea/tree/19e651c0dd81601551acbf4f818c24670515192b,https://github.com/go-gitea/gitea/tree/c2dcb3514840d6807439f4b154a6802b00bf6d79,https://github.com/go-gitea/gitea/compare/19e651c0dd81601551acbf4f818c24670515192b...c2dcb3514840d6807439f4b154a6802b00bf6d79
237,Gitea,71c832e0432dde04ace8eb46a80c7add9819ec05,b0fbefc76bd6fccb58c2b9aa47cab4110c6420f9,5759,https://github.com/go-gitea/gitea/issues/5759,https://github.com/go-gitea/gitea/tree/71c832e0432dde04ace8eb46a80c7add9819ec05,https://github.com/go-gitea/gitea/tree/b0fbefc76bd6fccb58c2b9aa47cab4110c6420f9,https://github.com/go-gitea/gitea/compare/71c832e0432dde04ace8eb46a80c7add9819ec05...b0fbefc76bd6fccb58c2b9aa47cab4110c6420f9
238,Gitea,cd83c2ca051f9d6a3f7b2842e19aaa2c069cf769,44371b96f56d408ed9af487d482ea021bfabeafa,5772,https://github.com/go-gitea/gitea/issues/5772,https://github.com/go-gitea/gitea/tree/cd83c2ca051f9d6a3f7b2842e19aaa2c069cf769,https://github.com/go-gitea/gitea/tree/44371b96f56d408ed9af487d482ea021bfabeafa,https://github.com/go-gitea/gitea/compare/cd83c2ca051f9d6a3f7b2842e19aaa2c069cf769...44371b96f56d408ed9af487d482ea021bfabeafa
239,Gitea,c212c9846337f2d04796dfa69be006e882abeaca,6822a8993b847c794c84ab241c5e0088611bb199,3849,https://github.com/go-gitea/gitea/issues/3849,https://github.com/go-gitea/gitea/tree/c212c9846337f2d04796dfa69be006e882abeaca,https://github.com/go-gitea/gitea/tree/6822a8993b847c794c84ab241c5e0088611bb199,https://github.com/go-gitea/gitea/compare/c212c9846337f2d04796dfa69be006e882abeaca...6822a8993b847c794c84ab241c5e0088611bb199
240,Gitea,74b9a13f8493f9b3a00fb0ad05f71f2baaf101dc,76060613efa85b828ff06de3172d94d00e580726,5623,https://github.com/go-gitea/gitea/issues/5623,https://github.com/go-gitea/gitea/tree/74b9a13f8493f9b3a00fb0ad05f71f2baaf101dc,https://github.com/go-gitea/gitea/tree/76060613efa85b828ff06de3172d94d00e580726,https://github.com/go-gitea/gitea/compare/74b9a13f8493f9b3a00fb0ad05f71f2baaf101dc...76060613efa85b828ff06de3172d94d00e580726
241,Gitea,2d8520d039a8458a9286675d4382e38f730437e3,7e8242ddb116b6748b008c500479ca3805107959,5783,https://github.com/go-gitea/gitea/issues/5783,https://github.com/go-gitea/gitea/tree/2d8520d039a8458a9286675d4382e38f730437e3,https://github.com/go-gitea/gitea/tree/7e8242ddb116b6748b008c500479ca3805107959,https://github.com/go-gitea/gitea/compare/2d8520d039a8458a9286675d4382e38f730437e3...7e8242ddb116b6748b008c500479ca3805107959
242,Gitea,0b84b5ee4956e0da5a98d8a7707481a2832bb9fc,dd13327382f76b7a5d2b5e98e75a6aaa9a67c313,5627,https://github.com/go-gitea/gitea/issues/5627,https://github.com/go-gitea/gitea/tree/0b84b5ee4956e0da5a98d8a7707481a2832bb9fc,https://github.com/go-gitea/gitea/tree/dd13327382f76b7a5d2b5e98e75a6aaa9a67c313,https://github.com/go-gitea/gitea/compare/0b84b5ee4956e0da5a98d8a7707481a2832bb9fc...dd13327382f76b7a5d2b5e98e75a6aaa9a67c313
243,Gitea,8510ac2687e77a31ebd436cf09d7875a0ed9a112,a757920f4e47117d2d5b94dc3e675fb8987b02d9,5848,https://github.com/go-gitea/gitea/issues/5848,https://github.com/go-gitea/gitea/tree/8510ac2687e77a31ebd436cf09d7875a0ed9a112,https://github.com/go-gitea/gitea/tree/a757920f4e47117d2d5b94dc3e675fb8987b02d9,https://github.com/go-gitea/gitea/compare/8510ac2687e77a31ebd436cf09d7875a0ed9a112...a757920f4e47117d2d5b94dc3e675fb8987b02d9
244,Gitea,2902b3a68c95ddc9bfe9963031ae3454a5bb7d29,13c0f7dfffc99c58c1c53f3bc0c6eaf17c3860f8,3795,https://github.com/go-gitea/gitea/issues/3795,https://github.com/go-gitea/gitea/tree/2902b3a68c95ddc9bfe9963031ae3454a5bb7d29,https://github.com/go-gitea/gitea/tree/13c0f7dfffc99c58c1c53f3bc0c6eaf17c3860f8,https://github.com/go-gitea/gitea/compare/2902b3a68c95ddc9bfe9963031ae3454a5bb7d29...13c0f7dfffc99c58c1c53f3bc0c6eaf17c3860f8
245,Gitea,634cbaad2b8d091a2a3065de81e0b2b76daa5ef7,01c10a951b9db0b9f020ef657ca71eb5e5882a84,1357,https://github.com/go-gitea/gitea/issues/1357,https://github.com/go-gitea/gitea/tree/634cbaad2b8d091a2a3065de81e0b2b76daa5ef7,https://github.com/go-gitea/gitea/tree/01c10a951b9db0b9f020ef657ca71eb5e5882a84,https://github.com/go-gitea/gitea/compare/634cbaad2b8d091a2a3065de81e0b2b76daa5ef7...01c10a951b9db0b9f020ef657ca71eb5e5882a84
246,Gitea,f81c6cc2a90fa4d92e0fc00834ddee66b37f44b7,2902b3a68c95ddc9bfe9963031ae3454a5bb7d29,5866,https://github.com/go-gitea/gitea/issues/5866,https://github.com/go-gitea/gitea/tree/f81c6cc2a90fa4d92e0fc00834ddee66b37f44b7,https://github.com/go-gitea/gitea/tree/2902b3a68c95ddc9bfe9963031ae3454a5bb7d29,https://github.com/go-gitea/gitea/compare/f81c6cc2a90fa4d92e0fc00834ddee66b37f44b7...2902b3a68c95ddc9bfe9963031ae3454a5bb7d29
247,Gitea,3b7f41f9f7bbd3d19ce5a6b667b5c1f56c2b1b51,f286a5abb42f94d7c597f41b25990f2ccee0bb77,4291,https://github.com/go-gitea/gitea/issues/4291,https://github.com/go-gitea/gitea/tree/3b7f41f9f7bbd3d19ce5a6b667b5c1f56c2b1b51,https://github.com/go-gitea/gitea/tree/f286a5abb42f94d7c597f41b25990f2ccee0bb77,https://github.com/go-gitea/gitea/compare/3b7f41f9f7bbd3d19ce5a6b667b5c1f56c2b1b51...f286a5abb42f94d7c597f41b25990f2ccee0bb77
248,Gitea,820e28c9044bbd9d398dd1617323665bb0935e13,c0adb5ea8bd0b2551a8c414b54ef5bc67882de55,3253,https://github.com/go-gitea/gitea/issues/3253,https://github.com/go-gitea/gitea/tree/820e28c9044bbd9d398dd1617323665bb0935e13,https://github.com/go-gitea/gitea/tree/c0adb5ea8bd0b2551a8c414b54ef5bc67882de55,https://github.com/go-gitea/gitea/compare/820e28c9044bbd9d398dd1617323665bb0935e13...c0adb5ea8bd0b2551a8c414b54ef5bc67882de55
249,Gitea,c71c28eab8219bbf600d9c9af956c5257a734cd2,d0cb5aa9f95888a97a6f4ac39769893da8a0cbaf,3200,https://github.com/go-gitea/gitea/issues/3200,https://github.com/go-gitea/gitea/tree/c71c28eab8219bbf600d9c9af956c5257a734cd2,https://github.com/go-gitea/gitea/tree/d0cb5aa9f95888a97a6f4ac39769893da8a0cbaf,https://github.com/go-gitea/gitea/compare/c71c28eab8219bbf600d9c9af956c5257a734cd2...d0cb5aa9f95888a97a6f4ac39769893da8a0cbaf
250,Gitea,0b72c00fadcacda920893c991cd858a3d6dd52c7,5e7dee0db5dedda425158117d5dd9a6d9e8e6091,5815,https://github.com/go-gitea/gitea/issues/5815,https://github.com/go-gitea/gitea/tree/0b72c00fadcacda920893c991cd858a3d6dd52c7,https://github.com/go-gitea/gitea/tree/5e7dee0db5dedda425158117d5dd9a6d9e8e6091,https://github.com/go-gitea/gitea/compare/0b72c00fadcacda920893c991cd858a3d6dd52c7...5e7dee0db5dedda425158117d5dd9a6d9e8e6091
251,Gitea,4a747aef7b24970a199f246c22974f7e1ba31382,3b7f41f9f7bbd3d19ce5a6b667b5c1f56c2b1b51,4690,https://github.com/go-gitea/gitea/issues/4690,https://github.com/go-gitea/gitea/tree/4a747aef7b24970a199f246c22974f7e1ba31382,https://github.com/go-gitea/gitea/tree/3b7f41f9f7bbd3d19ce5a6b667b5c1f56c2b1b51,https://github.com/go-gitea/gitea/compare/4a747aef7b24970a199f246c22974f7e1ba31382...3b7f41f9f7bbd3d19ce5a6b667b5c1f56c2b1b51
252,Gitea,4a747aef7b24970a199f246c22974f7e1ba31382,3b7f41f9f7bbd3d19ce5a6b667b5c1f56c2b1b51,4395,https://github.com/go-gitea/gitea/issues/4395,https://github.com/go-gitea/gitea/tree/4a747aef7b24970a199f246c22974f7e1ba31382,https://github.com/go-gitea/gitea/tree/3b7f41f9f7bbd3d19ce5a6b667b5c1f56c2b1b51,https://github.com/go-gitea/gitea/compare/4a747aef7b24970a199f246c22974f7e1ba31382...3b7f41f9f7bbd3d19ce5a6b667b5c1f56c2b1b51
253,Gitea,0c721fe016919e368e105142d45efcd4d477757b,ad059fdbbcfcf20cc5e700e2fcef46c523b5ab96,5972,https://github.com/go-gitea/gitea/issues/5972,https://github.com/go-gitea/gitea/tree/0c721fe016919e368e105142d45efcd4d477757b,https://github.com/go-gitea/gitea/tree/ad059fdbbcfcf20cc5e700e2fcef46c523b5ab96,https://github.com/go-gitea/gitea/compare/0c721fe016919e368e105142d45efcd4d477757b...ad059fdbbcfcf20cc5e700e2fcef46c523b5ab96
254,Gitea,2569363204cc3a766540b0a8db88edd001fc3497,c62c0b669abd44a51197f3d1b2489447ac4c5c9e,5404,https://github.com/go-gitea/gitea/issues/5404,https://github.com/go-gitea/gitea/tree/2569363204cc3a766540b0a8db88edd001fc3497,https://github.com/go-gitea/gitea/tree/c62c0b669abd44a51197f3d1b2489447ac4c5c9e,https://github.com/go-gitea/gitea/compare/2569363204cc3a766540b0a8db88edd001fc3497...c62c0b669abd44a51197f3d1b2489447ac4c5c9e
255,Gitea,ca00ca8ee450243b322457a0512ff338b6672494,0823791d1793dc28b0c374dd332e9d1b24acfee1,4982,https://github.com/go-gitea/gitea/issues/4982,https://github.com/go-gitea/gitea/tree/ca00ca8ee450243b322457a0512ff338b6672494,https://github.com/go-gitea/gitea/tree/0823791d1793dc28b0c374dd332e9d1b24acfee1,https://github.com/go-gitea/gitea/compare/ca00ca8ee450243b322457a0512ff338b6672494...0823791d1793dc28b0c374dd332e9d1b24acfee1
256,Gitea,a380cfd8e03148a05859a7496d235fa14bde4796,22770c324dc46412241ec833e608134df8f47245,5928,https://github.com/go-gitea/gitea/issues/5928,https://github.com/go-gitea/gitea/tree/a380cfd8e03148a05859a7496d235fa14bde4796,https://github.com/go-gitea/gitea/tree/22770c324dc46412241ec833e608134df8f47245,https://github.com/go-gitea/gitea/compare/a380cfd8e03148a05859a7496d235fa14bde4796...22770c324dc46412241ec833e608134df8f47245
257,Gitea,b79820f610d49acaa21800cb27d61df3215e25a7,538a26d56f2a18efeba35d786ba7cf3c11d7521a,6111,https://github.com/go-gitea/gitea/issues/6111,https://github.com/go-gitea/gitea/tree/b79820f610d49acaa21800cb27d61df3215e25a7,https://github.com/go-gitea/gitea/tree/538a26d56f2a18efeba35d786ba7cf3c11d7521a,https://github.com/go-gitea/gitea/compare/b79820f610d49acaa21800cb27d61df3215e25a7...538a26d56f2a18efeba35d786ba7cf3c11d7521a
258,Gitea,4a2e92bcd1060ba0c124732690fb2f51c7f9d79d,8e266c31933343437d8edef3d42f80b50e7e6279,6191,https://github.com/go-gitea/gitea/issues/6191,https://github.com/go-gitea/gitea/tree/4a2e92bcd1060ba0c124732690fb2f51c7f9d79d,https://github.com/go-gitea/gitea/tree/8e266c31933343437d8edef3d42f80b50e7e6279,https://github.com/go-gitea/gitea/compare/4a2e92bcd1060ba0c124732690fb2f51c7f9d79d...8e266c31933343437d8edef3d42f80b50e7e6279
259,Gitea,ad86b843e1d1984ec1b69f51276654469644bdd5,020075e12fe4f3bc4fb632909309da97ed537c34,4946,https://github.com/go-gitea/gitea/issues/4946,https://github.com/go-gitea/gitea/tree/ad86b843e1d1984ec1b69f51276654469644bdd5,https://github.com/go-gitea/gitea/tree/020075e12fe4f3bc4fb632909309da97ed537c34,https://github.com/go-gitea/gitea/compare/ad86b843e1d1984ec1b69f51276654469644bdd5...020075e12fe4f3bc4fb632909309da97ed537c34
260,Gitea,d7542bfde3e46b5b11d2296e69f86a0e32ce9565,7780ea88907197abf6166bedc8b3021489444ea3,6309,https://github.com/go-gitea/gitea/issues/6309,https://github.com/go-gitea/gitea/tree/d7542bfde3e46b5b11d2296e69f86a0e32ce9565,https://github.com/go-gitea/gitea/tree/7780ea88907197abf6166bedc8b3021489444ea3,https://github.com/go-gitea/gitea/compare/d7542bfde3e46b5b11d2296e69f86a0e32ce9565...7780ea88907197abf6166bedc8b3021489444ea3
261,Gitea,525f03306f5b1a14c2856d62c4c6c85e78394a7b,48c101affe78396db89caada28f883ef5fac20a6,6210,https://github.com/go-gitea/gitea/issues/6210,https://github.com/go-gitea/gitea/tree/525f03306f5b1a14c2856d62c4c6c85e78394a7b,https://github.com/go-gitea/gitea/tree/48c101affe78396db89caada28f883ef5fac20a6,https://github.com/go-gitea/gitea/compare/525f03306f5b1a14c2856d62c4c6c85e78394a7b...48c101affe78396db89caada28f883ef5fac20a6
262,Gitea,b257e0456b819e4ee460acd9d1f449bd09c71ad0,f80caa5a8caefbddad78d64cc199ebd497ab8a39,6234,https://github.com/go-gitea/gitea/issues/6234,https://github.com/go-gitea/gitea/tree/b257e0456b819e4ee460acd9d1f449bd09c71ad0,https://github.com/go-gitea/gitea/tree/f80caa5a8caefbddad78d64cc199ebd497ab8a39,https://github.com/go-gitea/gitea/compare/b257e0456b819e4ee460acd9d1f449bd09c71ad0...f80caa5a8caefbddad78d64cc199ebd497ab8a39
263,Gitea,01bd1fcd33a7af55bfbba10f391b22a631ac592c,f2de5dc8c87b4625790fb45446c296d476b1e747,5844,https://github.com/go-gitea/gitea/issues/5844,https://github.com/go-gitea/gitea/tree/01bd1fcd33a7af55bfbba10f391b22a631ac592c,https://github.com/go-gitea/gitea/tree/f2de5dc8c87b4625790fb45446c296d476b1e747,https://github.com/go-gitea/gitea/compare/01bd1fcd33a7af55bfbba10f391b22a631ac592c...f2de5dc8c87b4625790fb45446c296d476b1e747
264,Gitea,01bd1fcd33a7af55bfbba10f391b22a631ac592c,f2de5dc8c87b4625790fb45446c296d476b1e747,3095,https://github.com/go-gitea/gitea/issues/3095,https://github.com/go-gitea/gitea/tree/01bd1fcd33a7af55bfbba10f391b22a631ac592c,https://github.com/go-gitea/gitea/tree/f2de5dc8c87b4625790fb45446c296d476b1e747,https://github.com/go-gitea/gitea/compare/01bd1fcd33a7af55bfbba10f391b22a631ac592c...f2de5dc8c87b4625790fb45446c296d476b1e747
265,Gitea,01bd1fcd33a7af55bfbba10f391b22a631ac592c,f2de5dc8c87b4625790fb45446c296d476b1e747,3381,https://github.com/go-gitea/gitea/issues/3381,https://github.com/go-gitea/gitea/tree/01bd1fcd33a7af55bfbba10f391b22a631ac592c,https://github.com/go-gitea/gitea/tree/f2de5dc8c87b4625790fb45446c296d476b1e747,https://github.com/go-gitea/gitea/compare/01bd1fcd33a7af55bfbba10f391b22a631ac592c...f2de5dc8c87b4625790fb45446c296d476b1e747
266,Gitea,6d345e00e602e991153192d6604ff7c6b23d0b74,6f2e1bd23ab7670e3bbc76d569b80007ca38af05,4475,https://github.com/go-gitea/gitea/issues/4475,https://github.com/go-gitea/gitea/tree/6d345e00e602e991153192d6604ff7c6b23d0b74,https://github.com/go-gitea/gitea/tree/6f2e1bd23ab7670e3bbc76d569b80007ca38af05,https://github.com/go-gitea/gitea/compare/6d345e00e602e991153192d6604ff7c6b23d0b74...6f2e1bd23ab7670e3bbc76d569b80007ca38af05
267,Gitea,f2de5dc8c87b4625790fb45446c296d476b1e747,9fd8b2621fb6e25e5cce7a5b5b08a993a145bc78,6271,https://github.com/go-gitea/gitea/issues/6271,https://github.com/go-gitea/gitea/tree/f2de5dc8c87b4625790fb45446c296d476b1e747,https://github.com/go-gitea/gitea/tree/9fd8b2621fb6e25e5cce7a5b5b08a993a145bc78,https://github.com/go-gitea/gitea/compare/f2de5dc8c87b4625790fb45446c296d476b1e747...9fd8b2621fb6e25e5cce7a5b5b08a993a145bc78
268,Gitea,c151682fae3b77a696af56a232671b41f828d54f,ca463856377cf1ed40f8d8bd6f76739bf3711bb1,6333,https://github.com/go-gitea/gitea/issues/6333,https://github.com/go-gitea/gitea/tree/c151682fae3b77a696af56a232671b41f828d54f,https://github.com/go-gitea/gitea/tree/ca463856377cf1ed40f8d8bd6f76739bf3711bb1,https://github.com/go-gitea/gitea/compare/c151682fae3b77a696af56a232671b41f828d54f...ca463856377cf1ed40f8d8bd6f76739bf3711bb1
269,Gitea,3f4e2d9d376b553ee931e1539174372ed550dd27,04003d9dc7f79bf1ce6eb30db50d9f41d85d362f,6161,https://github.com/go-gitea/gitea/issues/6161,https://github.com/go-gitea/gitea/tree/3f4e2d9d376b553ee931e1539174372ed550dd27,https://github.com/go-gitea/gitea/tree/04003d9dc7f79bf1ce6eb30db50d9f41d85d362f,https://github.com/go-gitea/gitea/compare/3f4e2d9d376b553ee931e1539174372ed550dd27...04003d9dc7f79bf1ce6eb30db50d9f41d85d362f
270,Gitea,d8802b1298edac9ed78de85303fcd0d930a3fdb6,e14cad79c9c808ead463d8f85e463e22d851bbc0,6034,https://github.com/go-gitea/gitea/issues/6034,https://github.com/go-gitea/gitea/tree/d8802b1298edac9ed78de85303fcd0d930a3fdb6,https://github.com/go-gitea/gitea/tree/e14cad79c9c808ead463d8f85e463e22d851bbc0,https://github.com/go-gitea/gitea/compare/d8802b1298edac9ed78de85303fcd0d930a3fdb6...e14cad79c9c808ead463d8f85e463e22d851bbc0
271,Gitea,9bf20f47c4e7b58c4afb92c32b5bf8683e17fc39,0bdd81df9d6f13752b93dbcce19a4f703ad43fc2,6506,https://github.com/go-gitea/gitea/issues/6506,https://github.com/go-gitea/gitea/tree/9bf20f47c4e7b58c4afb92c32b5bf8683e17fc39,https://github.com/go-gitea/gitea/tree/0bdd81df9d6f13752b93dbcce19a4f703ad43fc2,https://github.com/go-gitea/gitea/compare/9bf20f47c4e7b58c4afb92c32b5bf8683e17fc39...0bdd81df9d6f13752b93dbcce19a4f703ad43fc2
272,Gitea,aa02463ded9e8618375db4a3cb3c1b2593e96a8e,6e4af4985e60de2f7946be6b0fa5a5d24cdad78a,5711,https://github.com/go-gitea/gitea/issues/5711,https://github.com/go-gitea/gitea/tree/aa02463ded9e8618375db4a3cb3c1b2593e96a8e,https://github.com/go-gitea/gitea/tree/6e4af4985e60de2f7946be6b0fa5a5d24cdad78a,https://github.com/go-gitea/gitea/compare/aa02463ded9e8618375db4a3cb3c1b2593e96a8e...6e4af4985e60de2f7946be6b0fa5a5d24cdad78a
273,Gitea,ef2a343e27d8af2de0bb696bd60d9a019e1e8b69,704da08fdc6bae6fdd6bf1b892ebe12afeef5eca,5854,https://github.com/go-gitea/gitea/issues/5854,https://github.com/go-gitea/gitea/tree/ef2a343e27d8af2de0bb696bd60d9a019e1e8b69,https://github.com/go-gitea/gitea/tree/704da08fdc6bae6fdd6bf1b892ebe12afeef5eca,https://github.com/go-gitea/gitea/compare/ef2a343e27d8af2de0bb696bd60d9a019e1e8b69...704da08fdc6bae6fdd6bf1b892ebe12afeef5eca
274,Gitea,e98565ddc71013bc4bc5537f15f545cf909fac3a,1bce1894f5ceefff2af0ebb95d060cec6f9c21b2,4536,https://github.com/go-gitea/gitea/issues/4536,https://github.com/go-gitea/gitea/tree/e98565ddc71013bc4bc5537f15f545cf909fac3a,https://github.com/go-gitea/gitea/tree/1bce1894f5ceefff2af0ebb95d060cec6f9c21b2,https://github.com/go-gitea/gitea/compare/e98565ddc71013bc4bc5537f15f545cf909fac3a...1bce1894f5ceefff2af0ebb95d060cec6f9c21b2
275,Gitea,ba2f6a45c8ef44f74772456fc98c27faca058241,d1c982cb731a0744e2a8e0863b46ff9e99c99b63,4339,https://github.com/go-gitea/gitea/issues/4339,https://github.com/go-gitea/gitea/tree/ba2f6a45c8ef44f74772456fc98c27faca058241,https://github.com/go-gitea/gitea/tree/d1c982cb731a0744e2a8e0863b46ff9e99c99b63,https://github.com/go-gitea/gitea/compare/ba2f6a45c8ef44f74772456fc98c27faca058241...d1c982cb731a0744e2a8e0863b46ff9e99c99b63
276,Gitea,d77176912bccf1dc0ad93366df55f00fee23b498,c8650aef0aefb06ff416912e4ae5f42eaa53ef63,4813,https://github.com/go-gitea/gitea/issues/4813,https://github.com/go-gitea/gitea/tree/d77176912bccf1dc0ad93366df55f00fee23b498,https://github.com/go-gitea/gitea/tree/c8650aef0aefb06ff416912e4ae5f42eaa53ef63,https://github.com/go-gitea/gitea/compare/d77176912bccf1dc0ad93366df55f00fee23b498...c8650aef0aefb06ff416912e4ae5f42eaa53ef63
277,Gitea,6a58832286b9163337c1eddb892ecc5accdfa99f,0064535ad28f85fb8c84a0237ea02bd432c6a1f6,6735,https://github.com/go-gitea/gitea/issues/6735,https://github.com/go-gitea/gitea/tree/6a58832286b9163337c1eddb892ecc5accdfa99f,https://github.com/go-gitea/gitea/tree/0064535ad28f85fb8c84a0237ea02bd432c6a1f6,https://github.com/go-gitea/gitea/compare/6a58832286b9163337c1eddb892ecc5accdfa99f...0064535ad28f85fb8c84a0237ea02bd432c6a1f6
278,Gitea,9b9ec7847cd9e85f21fc10cd881e39d1fef66961,55daee8d22c964f2f7b362d0f5e6a7031bbd535d,6708,https://github.com/go-gitea/gitea/issues/6708,https://github.com/go-gitea/gitea/tree/9b9ec7847cd9e85f21fc10cd881e39d1fef66961,https://github.com/go-gitea/gitea/tree/55daee8d22c964f2f7b362d0f5e6a7031bbd535d,https://github.com/go-gitea/gitea/compare/9b9ec7847cd9e85f21fc10cd881e39d1fef66961...55daee8d22c964f2f7b362d0f5e6a7031bbd535d
279,Gitea,3fb038c53ad0e88997373ac87298a4bceadda867,ecfa5f15944bc99f817222595ed793c526e268f8,6633,https://github.com/go-gitea/gitea/issues/6633,https://github.com/go-gitea/gitea/tree/3fb038c53ad0e88997373ac87298a4bceadda867,https://github.com/go-gitea/gitea/tree/ecfa5f15944bc99f817222595ed793c526e268f8,https://github.com/go-gitea/gitea/compare/3fb038c53ad0e88997373ac87298a4bceadda867...ecfa5f15944bc99f817222595ed793c526e268f8
280,Gitea,5422f23ed8174661b6e658250e4007b7fdf0d603,6293736d02992ef317c0f1ffc875cdccf0fd5837,6149,https://github.com/go-gitea/gitea/issues/6149,https://github.com/go-gitea/gitea/tree/5422f23ed8174661b6e658250e4007b7fdf0d603,https://github.com/go-gitea/gitea/tree/6293736d02992ef317c0f1ffc875cdccf0fd5837,https://github.com/go-gitea/gitea/compare/5422f23ed8174661b6e658250e4007b7fdf0d603...6293736d02992ef317c0f1ffc875cdccf0fd5837
281,Gitea,9148e45ed71abafa910d1498522e3408d479bfe3,00b883880d320a9340b35cd3fa9ff6e60010ac76,6809,https://github.com/go-gitea/gitea/issues/6809,https://github.com/go-gitea/gitea/tree/9148e45ed71abafa910d1498522e3408d479bfe3,https://github.com/go-gitea/gitea/tree/00b883880d320a9340b35cd3fa9ff6e60010ac76,https://github.com/go-gitea/gitea/compare/9148e45ed71abafa910d1498522e3408d479bfe3...00b883880d320a9340b35cd3fa9ff6e60010ac76
282,Gitea,3d26b3f2169cca1ad79d5ebfad3ef3b7bb892349,9a838cff61d601a0de8e9f4abf9ee393054ac0e2,6787,https://github.com/go-gitea/gitea/issues/6787,https://github.com/go-gitea/gitea/tree/3d26b3f2169cca1ad79d5ebfad3ef3b7bb892349,https://github.com/go-gitea/gitea/tree/9a838cff61d601a0de8e9f4abf9ee393054ac0e2,https://github.com/go-gitea/gitea/compare/3d26b3f2169cca1ad79d5ebfad3ef3b7bb892349...9a838cff61d601a0de8e9f4abf9ee393054ac0e2
283,Gitea,a27d5d2b230e7b63a4b1959991d8b638527f48c6,dbb0c9658c637bb987ec7d09a43be5ace5ac6708,6813,https://github.com/go-gitea/gitea/issues/6813,https://github.com/go-gitea/gitea/tree/a27d5d2b230e7b63a4b1959991d8b638527f48c6,https://github.com/go-gitea/gitea/tree/dbb0c9658c637bb987ec7d09a43be5ace5ac6708,https://github.com/go-gitea/gitea/compare/a27d5d2b230e7b63a4b1959991d8b638527f48c6...dbb0c9658c637bb987ec7d09a43be5ace5ac6708
284,Gitea,34eee25bd42d19287e3e33afd169cc979ab61f37,ce8de3533485eed0c56059d6334a5031a73eed67,6843,https://github.com/go-gitea/gitea/issues/6843,https://github.com/go-gitea/gitea/tree/34eee25bd42d19287e3e33afd169cc979ab61f37,https://github.com/go-gitea/gitea/tree/ce8de3533485eed0c56059d6334a5031a73eed67,https://github.com/go-gitea/gitea/compare/34eee25bd42d19287e3e33afd169cc979ab61f37...ce8de3533485eed0c56059d6334a5031a73eed67
285,Gitea,ade88a877d7f3c1fba466359198b8aa8ce5f28f8,59f879bfec2c13555921f6373517b393db3d65b4,6832,https://github.com/go-gitea/gitea/issues/6832,https://github.com/go-gitea/gitea/tree/ade88a877d7f3c1fba466359198b8aa8ce5f28f8,https://github.com/go-gitea/gitea/tree/59f879bfec2c13555921f6373517b393db3d65b4,https://github.com/go-gitea/gitea/compare/ade88a877d7f3c1fba466359198b8aa8ce5f28f8...59f879bfec2c13555921f6373517b393db3d65b4
286,Gitea,6db3dc7c021e05658f063e577e2ea972b8bad80d,2f21bc33a528894c085bf944666f668725f04d8a,6843,https://github.com/go-gitea/gitea/issues/6843,https://github.com/go-gitea/gitea/tree/6db3dc7c021e05658f063e577e2ea972b8bad80d,https://github.com/go-gitea/gitea/tree/2f21bc33a528894c085bf944666f668725f04d8a,https://github.com/go-gitea/gitea/compare/6db3dc7c021e05658f063e577e2ea972b8bad80d...2f21bc33a528894c085bf944666f668725f04d8a
287,Gitea,d8b2ed6627d60d3573ba4864e72601230e1d0eaf,6db3dc7c021e05658f063e577e2ea972b8bad80d,6881,https://github.com/go-gitea/gitea/issues/6881,https://github.com/go-gitea/gitea/tree/d8b2ed6627d60d3573ba4864e72601230e1d0eaf,https://github.com/go-gitea/gitea/tree/6db3dc7c021e05658f063e577e2ea972b8bad80d,https://github.com/go-gitea/gitea/compare/d8b2ed6627d60d3573ba4864e72601230e1d0eaf...6db3dc7c021e05658f063e577e2ea972b8bad80d
288,Gitea,61f00bc238ac045332c350ae817338be161893e7,844f9a4bd8c5c35a9dab598442b4b3d58153f026,6960,https://github.com/go-gitea/gitea/issues/6960,https://github.com/go-gitea/gitea/tree/61f00bc238ac045332c350ae817338be161893e7,https://github.com/go-gitea/gitea/tree/844f9a4bd8c5c35a9dab598442b4b3d58153f026,https://github.com/go-gitea/gitea/compare/61f00bc238ac045332c350ae817338be161893e7...844f9a4bd8c5c35a9dab598442b4b3d58153f026
289,Gitea,710245e81e0d65c72231dbb3b5c9f860cdc71899,5fb1ad70113d3272232c266b4ff58e9f7f646594,6951,https://github.com/go-gitea/gitea/issues/6951,https://github.com/go-gitea/gitea/tree/710245e81e0d65c72231dbb3b5c9f860cdc71899,https://github.com/go-gitea/gitea/tree/5fb1ad70113d3272232c266b4ff58e9f7f646594,https://github.com/go-gitea/gitea/compare/710245e81e0d65c72231dbb3b5c9f860cdc71899...5fb1ad70113d3272232c266b4ff58e9f7f646594
290,Gitea,5f05aa13e00eb9f8098066c81d2cd916d91e9874,df2557835b2235b48d1ed979abb1a1d42607e96a,1268,https://github.com/go-gitea/gitea/issues/1268,https://github.com/go-gitea/gitea/tree/5f05aa13e00eb9f8098066c81d2cd916d91e9874,https://github.com/go-gitea/gitea/tree/df2557835b2235b48d1ed979abb1a1d42607e96a,https://github.com/go-gitea/gitea/compare/5f05aa13e00eb9f8098066c81d2cd916d91e9874...df2557835b2235b48d1ed979abb1a1d42607e96a
291,Gitea,cdd10f145be0b5e9b94c19f1303dc01c6e9c8c29,1831b3b57144e87ccfc4f6322eefc88a49b2300e,5960,https://github.com/go-gitea/gitea/issues/5960,https://github.com/go-gitea/gitea/tree/cdd10f145be0b5e9b94c19f1303dc01c6e9c8c29,https://github.com/go-gitea/gitea/tree/1831b3b57144e87ccfc4f6322eefc88a49b2300e,https://github.com/go-gitea/gitea/compare/cdd10f145be0b5e9b94c19f1303dc01c6e9c8c29...1831b3b57144e87ccfc4f6322eefc88a49b2300e
292,Gitea,6ff9349a0941a25d5f0832936dd501bc8842927c,8cd4c2242c6c0b3f53d9bd28b4b4e2cebfe46a04,6542,https://github.com/go-gitea/gitea/issues/6542,https://github.com/go-gitea/gitea/tree/6ff9349a0941a25d5f0832936dd501bc8842927c,https://github.com/go-gitea/gitea/tree/8cd4c2242c6c0b3f53d9bd28b4b4e2cebfe46a04,https://github.com/go-gitea/gitea/compare/6ff9349a0941a25d5f0832936dd501bc8842927c...8cd4c2242c6c0b3f53d9bd28b4b4e2cebfe46a04
293,Gitea,d9dcd093403b3194bcf3b4be36eaf90250e06ed1,68a83cc5a240504e7d35ed2cdc1fae889fc08a1b,6962,https://github.com/go-gitea/gitea/issues/6962,https://github.com/go-gitea/gitea/tree/d9dcd093403b3194bcf3b4be36eaf90250e06ed1,https://github.com/go-gitea/gitea/tree/68a83cc5a240504e7d35ed2cdc1fae889fc08a1b,https://github.com/go-gitea/gitea/compare/d9dcd093403b3194bcf3b4be36eaf90250e06ed1...68a83cc5a240504e7d35ed2cdc1fae889fc08a1b
294,Gitea,57b2ce03d5081bdf7996879be2da300e8f4c6f58,d7494046ac8aaf3b01f0eae0039e38c6c4f9c246,4745,https://github.com/go-gitea/gitea/issues/4745,https://github.com/go-gitea/gitea/tree/57b2ce03d5081bdf7996879be2da300e8f4c6f58,https://github.com/go-gitea/gitea/tree/d7494046ac8aaf3b01f0eae0039e38c6c4f9c246,https://github.com/go-gitea/gitea/compare/57b2ce03d5081bdf7996879be2da300e8f4c6f58...d7494046ac8aaf3b01f0eae0039e38c6c4f9c246
295,Gitea,23a2ee3510ad1b1e7e89edc526ed394c71a8ba24,8de0b0a3f06fe7879fb014d2624209e0e48455a0,2738,https://github.com/go-gitea/gitea/issues/2738,https://github.com/go-gitea/gitea/tree/23a2ee3510ad1b1e7e89edc526ed394c71a8ba24,https://github.com/go-gitea/gitea/tree/8de0b0a3f06fe7879fb014d2624209e0e48455a0,https://github.com/go-gitea/gitea/compare/23a2ee3510ad1b1e7e89edc526ed394c71a8ba24...8de0b0a3f06fe7879fb014d2624209e0e48455a0
296,Gitea,7c0f2b9843f67ec49ea0038692648a531138a055,855ebbd206deb7c8a9d34031e1ecefa743aaa83c,6573,https://github.com/go-gitea/gitea/issues/6573,https://github.com/go-gitea/gitea/tree/7c0f2b9843f67ec49ea0038692648a531138a055,https://github.com/go-gitea/gitea/tree/855ebbd206deb7c8a9d34031e1ecefa743aaa83c,https://github.com/go-gitea/gitea/compare/7c0f2b9843f67ec49ea0038692648a531138a055...855ebbd206deb7c8a9d34031e1ecefa743aaa83c
297,Gitea,45f588e85dbd3004334718dc9fbbb27675814ee0,2ac2a5b0ba9f9a07867ed92792de7d54a8e10d23,1526,https://github.com/go-gitea/gitea/issues/1526,https://github.com/go-gitea/gitea/tree/45f588e85dbd3004334718dc9fbbb27675814ee0,https://github.com/go-gitea/gitea/tree/2ac2a5b0ba9f9a07867ed92792de7d54a8e10d23,https://github.com/go-gitea/gitea/compare/45f588e85dbd3004334718dc9fbbb27675814ee0...2ac2a5b0ba9f9a07867ed92792de7d54a8e10d23
298,Gitea,d14595514e35810fbcf1dc0d7e3ba8ada4f08c07,baefea311f1a66a97f9a2779ad3342f4f8167d28,732,https://github.com/go-gitea/gitea/issues/732,https://github.com/go-gitea/gitea/tree/d14595514e35810fbcf1dc0d7e3ba8ada4f08c07,https://github.com/go-gitea/gitea/tree/baefea311f1a66a97f9a2779ad3342f4f8167d28,https://github.com/go-gitea/gitea/compare/d14595514e35810fbcf1dc0d7e3ba8ada4f08c07...baefea311f1a66a97f9a2779ad3342f4f8167d28
299,Gitea,738285a4aac5df2e60f4038aa79be3e9fe921bdb,cd96dee9822c8b744526ba862fd8b5ec0e2c30ff,7292,https://github.com/go-gitea/gitea/issues/7292,https://github.com/go-gitea/gitea/tree/738285a4aac5df2e60f4038aa79be3e9fe921bdb,https://github.com/go-gitea/gitea/tree/cd96dee9822c8b744526ba862fd8b5ec0e2c30ff,https://github.com/go-gitea/gitea/compare/738285a4aac5df2e60f4038aa79be3e9fe921bdb...cd96dee9822c8b744526ba862fd8b5ec0e2c30ff
300,Gitea,8db4541ecf626f43449d89f15a65ac530509d205,a25b3d4c725483a4203ba6f02021a494e2e05b3a,7262,https://github.com/go-gitea/gitea/issues/7262,https://github.com/go-gitea/gitea/tree/8db4541ecf626f43449d89f15a65ac530509d205,https://github.com/go-gitea/gitea/tree/a25b3d4c725483a4203ba6f02021a494e2e05b3a,https://github.com/go-gitea/gitea/compare/8db4541ecf626f43449d89f15a65ac530509d205...a25b3d4c725483a4203ba6f02021a494e2e05b3a
301,Gitea,7bd0dc4975a442cd8b28616b9c530d313ed1b685,567e117df894c6d0307f4a026cafabb3220ac3d6,7238,https://github.com/go-gitea/gitea/issues/7238,https://github.com/go-gitea/gitea/tree/7bd0dc4975a442cd8b28616b9c530d313ed1b685,https://github.com/go-gitea/gitea/tree/567e117df894c6d0307f4a026cafabb3220ac3d6,https://github.com/go-gitea/gitea/compare/7bd0dc4975a442cd8b28616b9c530d313ed1b685...567e117df894c6d0307f4a026cafabb3220ac3d6
302,Gitea,462284e2f5768cf04d71c7abd8c01eef20cff73d,002b597c1f87cd5c69d32053a62f57c08d48d3ee,7152,https://github.com/go-gitea/gitea/issues/7152,https://github.com/go-gitea/gitea/tree/462284e2f5768cf04d71c7abd8c01eef20cff73d,https://github.com/go-gitea/gitea/tree/002b597c1f87cd5c69d32053a62f57c08d48d3ee,https://github.com/go-gitea/gitea/compare/462284e2f5768cf04d71c7abd8c01eef20cff73d...002b597c1f87cd5c69d32053a62f57c08d48d3ee
303,Gitea,3563650bdb273045c55400ee9520a0f78fc90e76,9c6af9d2bb6a173fac51a58415e69665c550d7fa,7255,https://github.com/go-gitea/gitea/issues/7255,https://github.com/go-gitea/gitea/tree/3563650bdb273045c55400ee9520a0f78fc90e76,https://github.com/go-gitea/gitea/tree/9c6af9d2bb6a173fac51a58415e69665c550d7fa,https://github.com/go-gitea/gitea/compare/3563650bdb273045c55400ee9520a0f78fc90e76...9c6af9d2bb6a173fac51a58415e69665c550d7fa
304,Gitea,d7211c5b5d90a3e6bc9c1550e2c0bf7d0d9ad66f,e5b247ea8e77689bb14e5f304ada36f9326f0904,7,https://github.com/go-gitea/gitea/issues/7,https://github.com/go-gitea/gitea/tree/d7211c5b5d90a3e6bc9c1550e2c0bf7d0d9ad66f,https://github.com/go-gitea/gitea/tree/e5b247ea8e77689bb14e5f304ada36f9326f0904,https://github.com/go-gitea/gitea/compare/d7211c5b5d90a3e6bc9c1550e2c0bf7d0d9ad66f...e5b247ea8e77689bb14e5f304ada36f9326f0904
305,Gitea,5f8f42e2749d2a0ab7f3b47e57edb3acda942b63,427a161c67c8b2be2c4324870b06686f1f5de3d6,7,https://github.com/go-gitea/gitea/issues/7,https://github.com/go-gitea/gitea/tree/5f8f42e2749d2a0ab7f3b47e57edb3acda942b63,https://github.com/go-gitea/gitea/tree/427a161c67c8b2be2c4324870b06686f1f5de3d6,https://github.com/go-gitea/gitea/compare/5f8f42e2749d2a0ab7f3b47e57edb3acda942b63...427a161c67c8b2be2c4324870b06686f1f5de3d6
306,Gitea,ff85dd3e12c05be98d9132de2e629523d096f712,8ab2d31bfe3540f510a6f2e48c7ffdfdee066cac,7126,https://github.com/go-gitea/gitea/issues/7126,https://github.com/go-gitea/gitea/tree/ff85dd3e12c05be98d9132de2e629523d096f712,https://github.com/go-gitea/gitea/tree/8ab2d31bfe3540f510a6f2e48c7ffdfdee066cac,https://github.com/go-gitea/gitea/compare/ff85dd3e12c05be98d9132de2e629523d096f712...8ab2d31bfe3540f510a6f2e48c7ffdfdee066cac
307,Gitea,e5a4d784e8dda105832a28ccee0d593bf9dd6348,3563650bdb273045c55400ee9520a0f78fc90e76,6946,https://github.com/go-gitea/gitea/issues/6946,https://github.com/go-gitea/gitea/tree/e5a4d784e8dda105832a28ccee0d593bf9dd6348,https://github.com/go-gitea/gitea/tree/3563650bdb273045c55400ee9520a0f78fc90e76,https://github.com/go-gitea/gitea/compare/e5a4d784e8dda105832a28ccee0d593bf9dd6348...3563650bdb273045c55400ee9520a0f78fc90e76
308,Gitea,6138388ffa2af6c2efa4d0a4f293aa661ca4bfa7,c8a52b949b722b1dc51e7cd1bbf84c081c57b0d2,7328,https://github.com/go-gitea/gitea/issues/7328,https://github.com/go-gitea/gitea/tree/6138388ffa2af6c2efa4d0a4f293aa661ca4bfa7,https://github.com/go-gitea/gitea/tree/c8a52b949b722b1dc51e7cd1bbf84c081c57b0d2,https://github.com/go-gitea/gitea/compare/6138388ffa2af6c2efa4d0a4f293aa661ca4bfa7...c8a52b949b722b1dc51e7cd1bbf84c081c57b0d2
309,Gitea,0622e830557fcf63c73541394a56ba23a700a65a,3c3f74988ac25962b7d72ad32a70b399e5c0f2bc,7304,https://github.com/go-gitea/gitea/issues/7304,https://github.com/go-gitea/gitea/tree/0622e830557fcf63c73541394a56ba23a700a65a,https://github.com/go-gitea/gitea/tree/3c3f74988ac25962b7d72ad32a70b399e5c0f2bc,https://github.com/go-gitea/gitea/compare/0622e830557fcf63c73541394a56ba23a700a65a...3c3f74988ac25962b7d72ad32a70b399e5c0f2bc
310,Gitea,d29d97d91cab8b34165ec65b9de3be746312f015,cde6079879a5229e934685e08f78137567daf1f7,6722,https://github.com/go-gitea/gitea/issues/6722,https://github.com/go-gitea/gitea/tree/d29d97d91cab8b34165ec65b9de3be746312f015,https://github.com/go-gitea/gitea/tree/cde6079879a5229e934685e08f78137567daf1f7,https://github.com/go-gitea/gitea/compare/d29d97d91cab8b34165ec65b9de3be746312f015...cde6079879a5229e934685e08f78137567daf1f7
311,Gitea,7166629d9c2b71fe29a717a121bc080ba656cda2,5b92bc1bec26de0143efccf70927bc9e46f9101c,7304,https://github.com/go-gitea/gitea/issues/7304,https://github.com/go-gitea/gitea/tree/7166629d9c2b71fe29a717a121bc080ba656cda2,https://github.com/go-gitea/gitea/tree/5b92bc1bec26de0143efccf70927bc9e46f9101c,https://github.com/go-gitea/gitea/compare/7166629d9c2b71fe29a717a121bc080ba656cda2...5b92bc1bec26de0143efccf70927bc9e46f9101c
312,Gitea,f34726a4b9d76c9a49ce2d28ddde48af5d4745c4,2771619acfd8a690c610363b12dd5b8e12f62e12,7475,https://github.com/go-gitea/gitea/issues/7475,https://github.com/go-gitea/gitea/tree/f34726a4b9d76c9a49ce2d28ddde48af5d4745c4,https://github.com/go-gitea/gitea/tree/2771619acfd8a690c610363b12dd5b8e12f62e12,https://github.com/go-gitea/gitea/compare/f34726a4b9d76c9a49ce2d28ddde48af5d4745c4...2771619acfd8a690c610363b12dd5b8e12f62e12
313,Gitea,fe7689a6b28b644ef309350cf01f563201f44d10,26b493bb26ea792d1fdbec93f4088378e70c5871,7564,https://github.com/go-gitea/gitea/issues/7564,https://github.com/go-gitea/gitea/tree/fe7689a6b28b644ef309350cf01f563201f44d10,https://github.com/go-gitea/gitea/tree/26b493bb26ea792d1fdbec93f4088378e70c5871,https://github.com/go-gitea/gitea/compare/fe7689a6b28b644ef309350cf01f563201f44d10...26b493bb26ea792d1fdbec93f4088378e70c5871
314,Gitea,361607d83109014a8dfd40e97c6f95a0e869dca3,5d3e3518645d707d99c6ea244a195b7240782e74,7474,https://github.com/go-gitea/gitea/issues/7474,https://github.com/go-gitea/gitea/tree/361607d83109014a8dfd40e97c6f95a0e869dca3,https://github.com/go-gitea/gitea/tree/5d3e3518645d707d99c6ea244a195b7240782e74,https://github.com/go-gitea/gitea/compare/361607d83109014a8dfd40e97c6f95a0e869dca3...5d3e3518645d707d99c6ea244a195b7240782e74
315,Gitea,1fc90bb474dfbf19ecbd285de9e2b92db1f7ec99,0622e830557fcf63c73541394a56ba23a700a65a,6755,https://github.com/go-gitea/gitea/issues/6755,https://github.com/go-gitea/gitea/tree/1fc90bb474dfbf19ecbd285de9e2b92db1f7ec99,https://github.com/go-gitea/gitea/tree/0622e830557fcf63c73541394a56ba23a700a65a,https://github.com/go-gitea/gitea/compare/1fc90bb474dfbf19ecbd285de9e2b92db1f7ec99...0622e830557fcf63c73541394a56ba23a700a65a
316,Gitea,734aa965088fb72330f4ad744c187c614cce3d8b,6485962dd53d9704f0a2b438257f722a306beedd,7611,https://github.com/go-gitea/gitea/issues/7611,https://github.com/go-gitea/gitea/tree/734aa965088fb72330f4ad744c187c614cce3d8b,https://github.com/go-gitea/gitea/tree/6485962dd53d9704f0a2b438257f722a306beedd,https://github.com/go-gitea/gitea/compare/734aa965088fb72330f4ad744c187c614cce3d8b...6485962dd53d9704f0a2b438257f722a306beedd
317,Gitea,97078d1bdf26cfc99e093234348ddea74af40baf,fb0c562f8ba32804c5d025abe23a0c0a23ca181e,7438,https://github.com/go-gitea/gitea/issues/7438,https://github.com/go-gitea/gitea/tree/97078d1bdf26cfc99e093234348ddea74af40baf,https://github.com/go-gitea/gitea/tree/fb0c562f8ba32804c5d025abe23a0c0a23ca181e,https://github.com/go-gitea/gitea/compare/97078d1bdf26cfc99e093234348ddea74af40baf...fb0c562f8ba32804c5d025abe23a0c0a23ca181e
318,Gitea,2a1ec31988ded9950b4555a494820acf189fbc37,0018d5603e3d46ed4cd53ed1502f9116dffadc23,6464,https://github.com/go-gitea/gitea/issues/6464,https://github.com/go-gitea/gitea/tree/2a1ec31988ded9950b4555a494820acf189fbc37,https://github.com/go-gitea/gitea/tree/0018d5603e3d46ed4cd53ed1502f9116dffadc23,https://github.com/go-gitea/gitea/compare/2a1ec31988ded9950b4555a494820acf189fbc37...0018d5603e3d46ed4cd53ed1502f9116dffadc23
319,Gitea,5fe2ec264febd6a4112c5f8c72c170f016bdf0c8,3302066f69b1d81940a9ae389e042870bcfae5b2,7945,https://github.com/go-gitea/gitea/issues/7945,https://github.com/go-gitea/gitea/tree/5fe2ec264febd6a4112c5f8c72c170f016bdf0c8,https://github.com/go-gitea/gitea/tree/3302066f69b1d81940a9ae389e042870bcfae5b2,https://github.com/go-gitea/gitea/compare/5fe2ec264febd6a4112c5f8c72c170f016bdf0c8...3302066f69b1d81940a9ae389e042870bcfae5b2
320,Gitea,dd8a295efc79153d0853a331e9f274c55ce27bcf,23e8cff08cf4e7012f8fb640df8b1ee26a239a8d,7653,https://github.com/go-gitea/gitea/issues/7653,https://github.com/go-gitea/gitea/tree/dd8a295efc79153d0853a331e9f274c55ce27bcf,https://github.com/go-gitea/gitea/tree/23e8cff08cf4e7012f8fb640df8b1ee26a239a8d,https://github.com/go-gitea/gitea/compare/dd8a295efc79153d0853a331e9f274c55ce27bcf...23e8cff08cf4e7012f8fb640df8b1ee26a239a8d
321,Gitea,e3a2c7413e2d733a656c450127fe0fdf360be949,4334652ed15943a09a5d8baa16f0a1c24de0201e,7568,https://github.com/go-gitea/gitea/issues/7568,https://github.com/go-gitea/gitea/tree/e3a2c7413e2d733a656c450127fe0fdf360be949,https://github.com/go-gitea/gitea/tree/4334652ed15943a09a5d8baa16f0a1c24de0201e,https://github.com/go-gitea/gitea/compare/e3a2c7413e2d733a656c450127fe0fdf360be949...4334652ed15943a09a5d8baa16f0a1c24de0201e
322,Gitea,b2b927808b201eef44ef26be7d8529c315fcd170,d958b9db4fa0f1910b3ca82338e3d68a70efedd9,6046,https://github.com/go-gitea/gitea/issues/6046,https://github.com/go-gitea/gitea/tree/b2b927808b201eef44ef26be7d8529c315fcd170,https://github.com/go-gitea/gitea/tree/d958b9db4fa0f1910b3ca82338e3d68a70efedd9,https://github.com/go-gitea/gitea/compare/b2b927808b201eef44ef26be7d8529c315fcd170...d958b9db4fa0f1910b3ca82338e3d68a70efedd9
323,Gitea,bb5f7cdae6276a2e48f106c3cf84ab7d2de74aa4,541fab196f216771a51419a8b8d353694afa6c45,7932,https://github.com/go-gitea/gitea/issues/7932,https://github.com/go-gitea/gitea/tree/bb5f7cdae6276a2e48f106c3cf84ab7d2de74aa4,https://github.com/go-gitea/gitea/tree/541fab196f216771a51419a8b8d353694afa6c45,https://github.com/go-gitea/gitea/compare/bb5f7cdae6276a2e48f106c3cf84ab7d2de74aa4...541fab196f216771a51419a8b8d353694afa6c45
324,Gitea,0118b6aaf8ada3edd67cb975c776f6f124178ad2,6ddd3b0b470d16dfe62caf5fff21011cfff44a76,3998,https://github.com/go-gitea/gitea/issues/3998,https://github.com/go-gitea/gitea/tree/0118b6aaf8ada3edd67cb975c776f6f124178ad2,https://github.com/go-gitea/gitea/tree/6ddd3b0b470d16dfe62caf5fff21011cfff44a76,https://github.com/go-gitea/gitea/compare/0118b6aaf8ada3edd67cb975c776f6f124178ad2...6ddd3b0b470d16dfe62caf5fff21011cfff44a76
325,Gitea,4fe04f1adcd7897d4db3beee69d62d3ccdbd18da,f05a3353f4788ade6156bf132796690cf3154fd3,7860,https://github.com/go-gitea/gitea/issues/7860,https://github.com/go-gitea/gitea/tree/4fe04f1adcd7897d4db3beee69d62d3ccdbd18da,https://github.com/go-gitea/gitea/tree/f05a3353f4788ade6156bf132796690cf3154fd3,https://github.com/go-gitea/gitea/compare/4fe04f1adcd7897d4db3beee69d62d3ccdbd18da...f05a3353f4788ade6156bf132796690cf3154fd3
326,Gitea,0bda87616182ba8c43c48be9a9db10be54d8aecc,9543aeaf84cae7ce3700133ff048536471c543aa,8299,https://github.com/go-gitea/gitea/issues/8299,https://github.com/go-gitea/gitea/tree/0bda87616182ba8c43c48be9a9db10be54d8aecc,https://github.com/go-gitea/gitea/tree/9543aeaf84cae7ce3700133ff048536471c543aa,https://github.com/go-gitea/gitea/compare/0bda87616182ba8c43c48be9a9db10be54d8aecc...9543aeaf84cae7ce3700133ff048536471c543aa
327,Gitea,8f0e63c80a2cd3b4362aa5e5191163e22fae6054,1b72690cb82302b24f41d2beaa5df5592709f4d3,8538,https://github.com/go-gitea/gitea/issues/8538,https://github.com/go-gitea/gitea/tree/8f0e63c80a2cd3b4362aa5e5191163e22fae6054,https://github.com/go-gitea/gitea/tree/1b72690cb82302b24f41d2beaa5df5592709f4d3,https://github.com/go-gitea/gitea/compare/8f0e63c80a2cd3b4362aa5e5191163e22fae6054...1b72690cb82302b24f41d2beaa5df5592709f4d3
328,Gitea,e7fbc551ab7b743761f90997864ed8c11e4f9c39,7bb817e6d19f21ccb16c6ba1eecd0e89fd052322,8687,https://github.com/go-gitea/gitea/issues/8687,https://github.com/go-gitea/gitea/tree/e7fbc551ab7b743761f90997864ed8c11e4f9c39,https://github.com/go-gitea/gitea/tree/7bb817e6d19f21ccb16c6ba1eecd0e89fd052322,https://github.com/go-gitea/gitea/compare/e7fbc551ab7b743761f90997864ed8c11e4f9c39...7bb817e6d19f21ccb16c6ba1eecd0e89fd052322
329,Gitea,f2a3abc683ad4b2177b7c7c6160a2c0b4316120a,300d9a1c709a0addde7c77efa7153f66ff6748d8,8369,https://github.com/go-gitea/gitea/issues/8369,https://github.com/go-gitea/gitea/tree/f2a3abc683ad4b2177b7c7c6160a2c0b4316120a,https://github.com/go-gitea/gitea/tree/300d9a1c709a0addde7c77efa7153f66ff6748d8,https://github.com/go-gitea/gitea/compare/f2a3abc683ad4b2177b7c7c6160a2c0b4316120a...300d9a1c709a0addde7c77efa7153f66ff6748d8
330,Gitea,f05cd3e31792859156ac3b77954f9f343bb3620e,d5b1e6bc51f87eb1be07a4682798428bf4bbb9ce,5864,https://github.com/go-gitea/gitea/issues/5864,https://github.com/go-gitea/gitea/tree/f05cd3e31792859156ac3b77954f9f343bb3620e,https://github.com/go-gitea/gitea/tree/d5b1e6bc51f87eb1be07a4682798428bf4bbb9ce,https://github.com/go-gitea/gitea/compare/f05cd3e31792859156ac3b77954f9f343bb3620e...d5b1e6bc51f87eb1be07a4682798428bf4bbb9ce
331,Gitea,b747501337a50b847631efe0041cf2c994f4a7fa,d9be82bd003d2dfd1c2bd31bf871d49c898b5c6b,8876,https://github.com/go-gitea/gitea/issues/8876,https://github.com/go-gitea/gitea/tree/b747501337a50b847631efe0041cf2c994f4a7fa,https://github.com/go-gitea/gitea/tree/d9be82bd003d2dfd1c2bd31bf871d49c898b5c6b,https://github.com/go-gitea/gitea/compare/b747501337a50b847631efe0041cf2c994f4a7fa...d9be82bd003d2dfd1c2bd31bf871d49c898b5c6b
332,Gitea,022d2d8beb6297016ed26b0090c6a4a4ac404437,dce22efbee6a04b8c19348dac831cd88b18ac07c,8800,https://github.com/go-gitea/gitea/issues/8800,https://github.com/go-gitea/gitea/tree/022d2d8beb6297016ed26b0090c6a4a4ac404437,https://github.com/go-gitea/gitea/tree/dce22efbee6a04b8c19348dac831cd88b18ac07c,https://github.com/go-gitea/gitea/compare/022d2d8beb6297016ed26b0090c6a4a4ac404437...dce22efbee6a04b8c19348dac831cd88b18ac07c
333,Gitea,5a62ae5cbf47cf6537f6c95aba4b1d04dea5f5af,b2b9bdaf2647d33d40ca6bf993c8691121912a4d,8582,https://github.com/go-gitea/gitea/issues/8582,https://github.com/go-gitea/gitea/tree/5a62ae5cbf47cf6537f6c95aba4b1d04dea5f5af,https://github.com/go-gitea/gitea/tree/b2b9bdaf2647d33d40ca6bf993c8691121912a4d,https://github.com/go-gitea/gitea/compare/5a62ae5cbf47cf6537f6c95aba4b1d04dea5f5af...b2b9bdaf2647d33d40ca6bf993c8691121912a4d
334,Gitea,f1fdd782d57ddbd2a759dad2843ee619709a4609,0a96e59884ca5c4fedc8c3d166d97f35b245ad6e,8453,https://github.com/go-gitea/gitea/issues/8453,https://github.com/go-gitea/gitea/tree/f1fdd782d57ddbd2a759dad2843ee619709a4609,https://github.com/go-gitea/gitea/tree/0a96e59884ca5c4fedc8c3d166d97f35b245ad6e,https://github.com/go-gitea/gitea/compare/f1fdd782d57ddbd2a759dad2843ee619709a4609...0a96e59884ca5c4fedc8c3d166d97f35b245ad6e
335,Gitea,b539a6e6e34c62c606a3d1fc5b2786f4cfd91a3d,b1c1e1549b50bbd5929e2c4dd72a1dbf4b511b50,5532,https://github.com/go-gitea/gitea/issues/5532,https://github.com/go-gitea/gitea/tree/b539a6e6e34c62c606a3d1fc5b2786f4cfd91a3d,https://github.com/go-gitea/gitea/tree/b1c1e1549b50bbd5929e2c4dd72a1dbf4b511b50,https://github.com/go-gitea/gitea/compare/b539a6e6e34c62c606a3d1fc5b2786f4cfd91a3d...b1c1e1549b50bbd5929e2c4dd72a1dbf4b511b50
336,Gitea,9930d47be2516ba4dc33ddfc382f9a829628929d,77190097065e72abba1e6055a8714e0ee18a1dc7,9001,https://github.com/go-gitea/gitea/issues/9001,https://github.com/go-gitea/gitea/tree/9930d47be2516ba4dc33ddfc382f9a829628929d,https://github.com/go-gitea/gitea/tree/77190097065e72abba1e6055a8714e0ee18a1dc7,https://github.com/go-gitea/gitea/compare/9930d47be2516ba4dc33ddfc382f9a829628929d...77190097065e72abba1e6055a8714e0ee18a1dc7
337,Gitea,802aa6d5f306ade08438dc07d93913daecb1d3ab,f5bd0884d2adea8ef7ba1bbd9dacb240d7c6b0f7,9151,https://github.com/go-gitea/gitea/issues/9151,https://github.com/go-gitea/gitea/tree/802aa6d5f306ade08438dc07d93913daecb1d3ab,https://github.com/go-gitea/gitea/tree/f5bd0884d2adea8ef7ba1bbd9dacb240d7c6b0f7,https://github.com/go-gitea/gitea/compare/802aa6d5f306ade08438dc07d93913daecb1d3ab...f5bd0884d2adea8ef7ba1bbd9dacb240d7c6b0f7
338,Gitea,d0edb607a3b0052b206f4d427652a8c4b2fed59d,e8241bf55e0ff683933f9c7b51b8ee5956965bdf,9066,https://github.com/go-gitea/gitea/issues/9066,https://github.com/go-gitea/gitea/tree/d0edb607a3b0052b206f4d427652a8c4b2fed59d,https://github.com/go-gitea/gitea/tree/e8241bf55e0ff683933f9c7b51b8ee5956965bdf,https://github.com/go-gitea/gitea/compare/d0edb607a3b0052b206f4d427652a8c4b2fed59d...e8241bf55e0ff683933f9c7b51b8ee5956965bdf
339,Gitea,7b97e045557788efee6803261cf612eaf975c6be,722a7c902dd39bd3d4328345ca969220640774d7,7947,https://github.com/go-gitea/gitea/issues/7947,https://github.com/go-gitea/gitea/tree/7b97e045557788efee6803261cf612eaf975c6be,https://github.com/go-gitea/gitea/tree/722a7c902dd39bd3d4328345ca969220640774d7,https://github.com/go-gitea/gitea/compare/7b97e045557788efee6803261cf612eaf975c6be...722a7c902dd39bd3d4328345ca969220640774d7
340,Gitea,665ce1dcb36727f46a7261366528fbe68733b6f0,ae36ed7ecb454e1b43f879b0c40b570a297d4cca,8718,https://github.com/go-gitea/gitea/issues/8718,https://github.com/go-gitea/gitea/tree/665ce1dcb36727f46a7261366528fbe68733b6f0,https://github.com/go-gitea/gitea/tree/ae36ed7ecb454e1b43f879b0c40b570a297d4cca,https://github.com/go-gitea/gitea/compare/665ce1dcb36727f46a7261366528fbe68733b6f0...ae36ed7ecb454e1b43f879b0c40b570a297d4cca
341,Gitea,daab2451676b1a3a5312af0e2a443e6017113702,31416a5f4e70d4972c351cde170b59d13fcbb77f,8872,https://github.com/go-gitea/gitea/issues/8872,https://github.com/go-gitea/gitea/tree/daab2451676b1a3a5312af0e2a443e6017113702,https://github.com/go-gitea/gitea/tree/31416a5f4e70d4972c351cde170b59d13fcbb77f,https://github.com/go-gitea/gitea/compare/daab2451676b1a3a5312af0e2a443e6017113702...31416a5f4e70d4972c351cde170b59d13fcbb77f
342,Gitea,599c0ee75ffea3ad5f0049ac7d275081370eb149,261c3a56a20659a11017ba03e627bf4c789c6899,6506,https://github.com/go-gitea/gitea/issues/6506,https://github.com/go-gitea/gitea/tree/599c0ee75ffea3ad5f0049ac7d275081370eb149,https://github.com/go-gitea/gitea/tree/261c3a56a20659a11017ba03e627bf4c789c6899,https://github.com/go-gitea/gitea/compare/599c0ee75ffea3ad5f0049ac7d275081370eb149...261c3a56a20659a11017ba03e627bf4c789c6899
343,Gitea,4ee97465e97ae6b9d3ac6ea57246f67715246afe,884173232fa036b032f77d5a10d78e695e96b5de,350,https://github.com/go-gitea/gitea/issues/350,https://github.com/go-gitea/gitea/tree/4ee97465e97ae6b9d3ac6ea57246f67715246afe,https://github.com/go-gitea/gitea/tree/884173232fa036b032f77d5a10d78e695e96b5de,https://github.com/go-gitea/gitea/compare/4ee97465e97ae6b9d3ac6ea57246f67715246afe...884173232fa036b032f77d5a10d78e695e96b5de
344,Gitea,0e56337f64a6009eebb92c0bc1eb4114aa723086,cecc31951c1b12864e13a2dd148a5e96c74d9a5c,9198,https://github.com/go-gitea/gitea/issues/9198,https://github.com/go-gitea/gitea/tree/0e56337f64a6009eebb92c0bc1eb4114aa723086,https://github.com/go-gitea/gitea/tree/cecc31951c1b12864e13a2dd148a5e96c74d9a5c,https://github.com/go-gitea/gitea/compare/0e56337f64a6009eebb92c0bc1eb4114aa723086...cecc31951c1b12864e13a2dd148a5e96c74d9a5c
345,Gitea,59fc29db383142586b6ac5cab7b324f16553e561,2b7e4cc1bdee5504f6b988dd848a980a107b0044,9234,https://github.com/go-gitea/gitea/issues/9234,https://github.com/go-gitea/gitea/tree/59fc29db383142586b6ac5cab7b324f16553e561,https://github.com/go-gitea/gitea/tree/2b7e4cc1bdee5504f6b988dd848a980a107b0044,https://github.com/go-gitea/gitea/compare/59fc29db383142586b6ac5cab7b324f16553e561...2b7e4cc1bdee5504f6b988dd848a980a107b0044
346,Gitea,d1798f77f62988828c004fcf8d234bff6340deb7,c620eb5b2d0d874da68ebd734d3864c5224f71f7,9189,https://github.com/go-gitea/gitea/issues/9189,https://github.com/go-gitea/gitea/tree/d1798f77f62988828c004fcf8d234bff6340deb7,https://github.com/go-gitea/gitea/tree/c620eb5b2d0d874da68ebd734d3864c5224f71f7,https://github.com/go-gitea/gitea/compare/d1798f77f62988828c004fcf8d234bff6340deb7...c620eb5b2d0d874da68ebd734d3864c5224f71f7
347,Gitea,940636863370855f39688ddf0aae41667ac8935c,e5d8e2d10c6798e57ac855f71b025b087b664799,9201,https://github.com/go-gitea/gitea/issues/9201,https://github.com/go-gitea/gitea/tree/940636863370855f39688ddf0aae41667ac8935c,https://github.com/go-gitea/gitea/tree/e5d8e2d10c6798e57ac855f71b025b087b664799,https://github.com/go-gitea/gitea/compare/940636863370855f39688ddf0aae41667ac8935c...e5d8e2d10c6798e57ac855f71b025b087b664799
348,Gitea,940636863370855f39688ddf0aae41667ac8935c,e5d8e2d10c6798e57ac855f71b025b087b664799,9158,https://github.com/go-gitea/gitea/issues/9158,https://github.com/go-gitea/gitea/tree/940636863370855f39688ddf0aae41667ac8935c,https://github.com/go-gitea/gitea/tree/e5d8e2d10c6798e57ac855f71b025b087b664799,https://github.com/go-gitea/gitea/compare/940636863370855f39688ddf0aae41667ac8935c...e5d8e2d10c6798e57ac855f71b025b087b664799
349,Gitea,cd5a44d973735b2e1cb4b9d3044e120fd0f7b521,d171cd41b178874ce22791c07d35283b126ebdf3,9752,https://github.com/go-gitea/gitea/issues/9752,https://github.com/go-gitea/gitea/tree/cd5a44d973735b2e1cb4b9d3044e120fd0f7b521,https://github.com/go-gitea/gitea/tree/d171cd41b178874ce22791c07d35283b126ebdf3,https://github.com/go-gitea/gitea/compare/cd5a44d973735b2e1cb4b9d3044e120fd0f7b521...d171cd41b178874ce22791c07d35283b126ebdf3
350,Gitea,b9309e52f0b08a554107d888029d62f9b7904ca0,1e9b3d4743dc3b1726470a2316b7608427ec5635,9530,https://github.com/go-gitea/gitea/issues/9530,https://github.com/go-gitea/gitea/tree/b9309e52f0b08a554107d888029d62f9b7904ca0,https://github.com/go-gitea/gitea/tree/1e9b3d4743dc3b1726470a2316b7608427ec5635,https://github.com/go-gitea/gitea/compare/b9309e52f0b08a554107d888029d62f9b7904ca0...1e9b3d4743dc3b1726470a2316b7608427ec5635
351,Gitea,1803b38efcb919e43ab519e0f0e132d461149c39,1d7b7504d07e6d58dd7c4a37055a2d754374dee2,4196,https://github.com/go-gitea/gitea/issues/4196,https://github.com/go-gitea/gitea/tree/1803b38efcb919e43ab519e0f0e132d461149c39,https://github.com/go-gitea/gitea/tree/1d7b7504d07e6d58dd7c4a37055a2d754374dee2,https://github.com/go-gitea/gitea/compare/1803b38efcb919e43ab519e0f0e132d461149c39...1d7b7504d07e6d58dd7c4a37055a2d754374dee2
352,Gitea,c640a1818a975a0fb4819192a22eccb58012fbe6,6a5e8d0d4f6182ba42306ea81eed2f7db6e9d1f8,9992,https://github.com/go-gitea/gitea/issues/9992,https://github.com/go-gitea/gitea/tree/c640a1818a975a0fb4819192a22eccb58012fbe6,https://github.com/go-gitea/gitea/tree/6a5e8d0d4f6182ba42306ea81eed2f7db6e9d1f8,https://github.com/go-gitea/gitea/compare/c640a1818a975a0fb4819192a22eccb58012fbe6...6a5e8d0d4f6182ba42306ea81eed2f7db6e9d1f8
353,Gitea,791b109d6f5a4e35c1fdd158d082e86225306db3,c0bc9871be7aadfdb02bf4d5ed138bd1ae4c1eb1,10290,https://github.com/go-gitea/gitea/issues/10290,https://github.com/go-gitea/gitea/tree/791b109d6f5a4e35c1fdd158d082e86225306db3,https://github.com/go-gitea/gitea/tree/c0bc9871be7aadfdb02bf4d5ed138bd1ae4c1eb1,https://github.com/go-gitea/gitea/compare/791b109d6f5a4e35c1fdd158d082e86225306db3...c0bc9871be7aadfdb02bf4d5ed138bd1ae4c1eb1
354,Gitea,9f1f2e66757d49a7e7096501514bd90a53190ec0,41294b53b3ca4b478b74e05e7d012899bf51e19f,10336,https://github.com/go-gitea/gitea/issues/10336,https://github.com/go-gitea/gitea/tree/9f1f2e66757d49a7e7096501514bd90a53190ec0,https://github.com/go-gitea/gitea/tree/41294b53b3ca4b478b74e05e7d012899bf51e19f,https://github.com/go-gitea/gitea/compare/9f1f2e66757d49a7e7096501514bd90a53190ec0...41294b53b3ca4b478b74e05e7d012899bf51e19f
355,Gitea,5b2d9333f1d06a15f11906b39c4867cc5d1c9448,25531c71a78b98af91f25d5e6eaa362e5fc54a86,5997,https://github.com/go-gitea/gitea/issues/5997,https://github.com/go-gitea/gitea/tree/5b2d9333f1d06a15f11906b39c4867cc5d1c9448,https://github.com/go-gitea/gitea/tree/25531c71a78b98af91f25d5e6eaa362e5fc54a86,https://github.com/go-gitea/gitea/compare/5b2d9333f1d06a15f11906b39c4867cc5d1c9448...25531c71a78b98af91f25d5e6eaa362e5fc54a86
356,Gitea,ae4eaf02be38de6cb54d93f41cd7683fde0d57e5,e661cd03218abf3651de688fdb662e2cdc2feef7,9504,https://github.com/go-gitea/gitea/issues/9504,https://github.com/go-gitea/gitea/tree/ae4eaf02be38de6cb54d93f41cd7683fde0d57e5,https://github.com/go-gitea/gitea/tree/e661cd03218abf3651de688fdb662e2cdc2feef7,https://github.com/go-gitea/gitea/compare/ae4eaf02be38de6cb54d93f41cd7683fde0d57e5...e661cd03218abf3651de688fdb662e2cdc2feef7
357,Gitea,0e2217bd2d8833f0bff84767f676fc93c84d4b9a,009990b0c0f06520a4804765a600edf779a689f8,10552,https://github.com/go-gitea/gitea/issues/10552,https://github.com/go-gitea/gitea/tree/0e2217bd2d8833f0bff84767f676fc93c84d4b9a,https://github.com/go-gitea/gitea/tree/009990b0c0f06520a4804765a600edf779a689f8,https://github.com/go-gitea/gitea/compare/0e2217bd2d8833f0bff84767f676fc93c84d4b9a...009990b0c0f06520a4804765a600edf779a689f8
358,Gitea,b1c331c84596f73aeab60178daf92f3539e026b9,52cfd2743c0e85b36081cf80a850e6a5901f1865,9542,https://github.com/go-gitea/gitea/issues/9542,https://github.com/go-gitea/gitea/tree/b1c331c84596f73aeab60178daf92f3539e026b9,https://github.com/go-gitea/gitea/tree/52cfd2743c0e85b36081cf80a850e6a5901f1865,https://github.com/go-gitea/gitea/compare/b1c331c84596f73aeab60178daf92f3539e026b9...52cfd2743c0e85b36081cf80a850e6a5901f1865
359,Gitea,cac30abefc02e36ed08810b7101b4f6a7c8bb599,7cd47046ea6e1fde2c88290a42f345795aee0ea4,10460,https://github.com/go-gitea/gitea/issues/10460,https://github.com/go-gitea/gitea/tree/cac30abefc02e36ed08810b7101b4f6a7c8bb599,https://github.com/go-gitea/gitea/tree/7cd47046ea6e1fde2c88290a42f345795aee0ea4,https://github.com/go-gitea/gitea/compare/cac30abefc02e36ed08810b7101b4f6a7c8bb599...7cd47046ea6e1fde2c88290a42f345795aee0ea4
360,Gitea,828a27feeb11474b848be183a8fce2d036dec3cc,f9f2c163b12f60a6bf9c3652cdc4bdf59e3d53c4,10853,https://github.com/go-gitea/gitea/issues/10853,https://github.com/go-gitea/gitea/tree/828a27feeb11474b848be183a8fce2d036dec3cc,https://github.com/go-gitea/gitea/tree/f9f2c163b12f60a6bf9c3652cdc4bdf59e3d53c4,https://github.com/go-gitea/gitea/compare/828a27feeb11474b848be183a8fce2d036dec3cc...f9f2c163b12f60a6bf9c3652cdc4bdf59e3d53c4
361,Gitea,311ed516cef678797df01311a638d1afcadf6d63,61830ace0b0d644060e19c695b73df947691f24c,5596,https://github.com/go-gitea/gitea/issues/5596,https://github.com/go-gitea/gitea/tree/311ed516cef678797df01311a638d1afcadf6d63,https://github.com/go-gitea/gitea/tree/61830ace0b0d644060e19c695b73df947691f24c,https://github.com/go-gitea/gitea/compare/311ed516cef678797df01311a638d1afcadf6d63...61830ace0b0d644060e19c695b73df947691f24c
362,Gitea,98772d376c2a140d100f6ed9b09bfb63a3b817ca,c779ac12c971a4347d085f8dbca7531faab16221,9648,https://github.com/go-gitea/gitea/issues/9648,https://github.com/go-gitea/gitea/tree/98772d376c2a140d100f6ed9b09bfb63a3b817ca,https://github.com/go-gitea/gitea/tree/c779ac12c971a4347d085f8dbca7531faab16221,https://github.com/go-gitea/gitea/compare/98772d376c2a140d100f6ed9b09bfb63a3b817ca...c779ac12c971a4347d085f8dbca7531faab16221
363,Gitea,3ac79b7101f8d84eab1c956676b39b9709cd6a51,f162a3260430f35864b346892dee4cea150f4442,9662,https://github.com/go-gitea/gitea/issues/9662,https://github.com/go-gitea/gitea/tree/3ac79b7101f8d84eab1c956676b39b9709cd6a51,https://github.com/go-gitea/gitea/tree/f162a3260430f35864b346892dee4cea150f4442,https://github.com/go-gitea/gitea/compare/3ac79b7101f8d84eab1c956676b39b9709cd6a51...f162a3260430f35864b346892dee4cea150f4442
364,Gitea,07f6ae30e49b3dd64280d0eeb142de89806365ea,bea497ff96f4deae617e54468576d11d105e2125,7078,https://github.com/go-gitea/gitea/issues/7078,https://github.com/go-gitea/gitea/tree/07f6ae30e49b3dd64280d0eeb142de89806365ea,https://github.com/go-gitea/gitea/tree/bea497ff96f4deae617e54468576d11d105e2125,https://github.com/go-gitea/gitea/compare/07f6ae30e49b3dd64280d0eeb142de89806365ea...bea497ff96f4deae617e54468576d11d105e2125
365,Gitea,209045f55b1cfdb6e52fa7a67078c1a4edb1cf4f,20d4f9206d8d538fecec28816839320f1c52bac0,8266,https://github.com/go-gitea/gitea/issues/8266,https://github.com/go-gitea/gitea/tree/209045f55b1cfdb6e52fa7a67078c1a4edb1cf4f,https://github.com/go-gitea/gitea/tree/20d4f9206d8d538fecec28816839320f1c52bac0,https://github.com/go-gitea/gitea/compare/209045f55b1cfdb6e52fa7a67078c1a4edb1cf4f...20d4f9206d8d538fecec28816839320f1c52bac0
366,Gitea,36d9237e60441362684f9f297855662099bc5498,8d99ee27734b15199e5f620f67e81857d4cddfca,7406,https://github.com/go-gitea/gitea/issues/7406,https://github.com/go-gitea/gitea/tree/36d9237e60441362684f9f297855662099bc5498,https://github.com/go-gitea/gitea/tree/8d99ee27734b15199e5f620f67e81857d4cddfca,https://github.com/go-gitea/gitea/compare/36d9237e60441362684f9f297855662099bc5498...8d99ee27734b15199e5f620f67e81857d4cddfca
367,Gitea,fbb0880d3760243fd56985c5e822facd68f58ebe,408bc2c8b5de801887ccf9a9ccc2bb80e0739f2e,10766,https://github.com/go-gitea/gitea/issues/10766,https://github.com/go-gitea/gitea/tree/fbb0880d3760243fd56985c5e822facd68f58ebe,https://github.com/go-gitea/gitea/tree/408bc2c8b5de801887ccf9a9ccc2bb80e0739f2e,https://github.com/go-gitea/gitea/compare/fbb0880d3760243fd56985c5e822facd68f58ebe...408bc2c8b5de801887ccf9a9ccc2bb80e0739f2e
368,Gitea,f685edf51073ac3be50ff00073a2432b4113bf82,57cca44c5e75025bc3d51bea028ca7012557f4f5,10932,https://github.com/go-gitea/gitea/issues/10932,https://github.com/go-gitea/gitea/tree/f685edf51073ac3be50ff00073a2432b4113bf82,https://github.com/go-gitea/gitea/tree/57cca44c5e75025bc3d51bea028ca7012557f4f5,https://github.com/go-gitea/gitea/compare/f685edf51073ac3be50ff00073a2432b4113bf82...57cca44c5e75025bc3d51bea028ca7012557f4f5
369,Gitea,1648bf2b60126f7959d92d176bf7f3cf3ae1cfe6,d26885e2bf0a53af1c5c97c9d062f329250d8d20,6319,https://github.com/go-gitea/gitea/issues/6319,https://github.com/go-gitea/gitea/tree/1648bf2b60126f7959d92d176bf7f3cf3ae1cfe6,https://github.com/go-gitea/gitea/tree/d26885e2bf0a53af1c5c97c9d062f329250d8d20,https://github.com/go-gitea/gitea/compare/1648bf2b60126f7959d92d176bf7f3cf3ae1cfe6...d26885e2bf0a53af1c5c97c9d062f329250d8d20
370,Gitea,f9f2c163b12f60a6bf9c3652cdc4bdf59e3d53c4,ea67e563dd9fc20e508d41079ea00312b880ac82,3985,https://github.com/go-gitea/gitea/issues/3985,https://github.com/go-gitea/gitea/tree/f9f2c163b12f60a6bf9c3652cdc4bdf59e3d53c4,https://github.com/go-gitea/gitea/tree/ea67e563dd9fc20e508d41079ea00312b880ac82,https://github.com/go-gitea/gitea/compare/f9f2c163b12f60a6bf9c3652cdc4bdf59e3d53c4...ea67e563dd9fc20e508d41079ea00312b880ac82
371,Gitea,c02dee8bc4fbf4aa3afce33f56d1838d5f0c738f,0be25e21501ccf8c0f27e2fa87aba00ad304c951,5377,https://github.com/go-gitea/gitea/issues/5377,https://github.com/go-gitea/gitea/tree/c02dee8bc4fbf4aa3afce33f56d1838d5f0c738f,https://github.com/go-gitea/gitea/tree/0be25e21501ccf8c0f27e2fa87aba00ad304c951,https://github.com/go-gitea/gitea/compare/c02dee8bc4fbf4aa3afce33f56d1838d5f0c738f...0be25e21501ccf8c0f27e2fa87aba00ad304c951
372,Gitea,12960b9d1861c9e7b0b5c7076dec029de80a1944,731bdef4be033020063528355b1ae0f156b2d4fa,10975,https://github.com/go-gitea/gitea/issues/10975,https://github.com/go-gitea/gitea/tree/12960b9d1861c9e7b0b5c7076dec029de80a1944,https://github.com/go-gitea/gitea/tree/731bdef4be033020063528355b1ae0f156b2d4fa,https://github.com/go-gitea/gitea/compare/12960b9d1861c9e7b0b5c7076dec029de80a1944...731bdef4be033020063528355b1ae0f156b2d4fa
373,Gitea,4f597b1866954ff94999a52af1a41fed06f0143e,6034f8bcaaa5348fee775d2307ff03162130a088,10498,https://github.com/go-gitea/gitea/issues/10498,https://github.com/go-gitea/gitea/tree/4f597b1866954ff94999a52af1a41fed06f0143e,https://github.com/go-gitea/gitea/tree/6034f8bcaaa5348fee775d2307ff03162130a088,https://github.com/go-gitea/gitea/compare/4f597b1866954ff94999a52af1a41fed06f0143e...6034f8bcaaa5348fee775d2307ff03162130a088
374,Gitea,8cdb6662c8154a840a1ba547599e2847a1b80d17,a88f3663eb162f2a2558c3a957087a680bdd8ce6,10636,https://github.com/go-gitea/gitea/issues/10636,https://github.com/go-gitea/gitea/tree/8cdb6662c8154a840a1ba547599e2847a1b80d17,https://github.com/go-gitea/gitea/tree/a88f3663eb162f2a2558c3a957087a680bdd8ce6,https://github.com/go-gitea/gitea/compare/8cdb6662c8154a840a1ba547599e2847a1b80d17...a88f3663eb162f2a2558c3a957087a680bdd8ce6
375,Gitea,23163e98a307300a6ba43e3d8c3b0d031398fef4,9588d2c6226c3d027bc5eca8cde7f85806dc3633,11128,https://github.com/go-gitea/gitea/issues/11128,https://github.com/go-gitea/gitea/tree/23163e98a307300a6ba43e3d8c3b0d031398fef4,https://github.com/go-gitea/gitea/tree/9588d2c6226c3d027bc5eca8cde7f85806dc3633,https://github.com/go-gitea/gitea/compare/23163e98a307300a6ba43e3d8c3b0d031398fef4...9588d2c6226c3d027bc5eca8cde7f85806dc3633
376,Gitea,052bff0cff30f43ddd656bccc36b29bce3866393,48890ce5468f804a72e210e57e5b3800c9d34ffd,9950,https://github.com/go-gitea/gitea/issues/9950,https://github.com/go-gitea/gitea/tree/052bff0cff30f43ddd656bccc36b29bce3866393,https://github.com/go-gitea/gitea/tree/48890ce5468f804a72e210e57e5b3800c9d34ffd,https://github.com/go-gitea/gitea/compare/052bff0cff30f43ddd656bccc36b29bce3866393...48890ce5468f804a72e210e57e5b3800c9d34ffd
377,Gitea,ef89e75d0eb232e98ca7a7ef278b8681c7f4fe50,ad31d6b5e8856b22ddad45477be9d078a869a953,10946,https://github.com/go-gitea/gitea/issues/10946,https://github.com/go-gitea/gitea/tree/ef89e75d0eb232e98ca7a7ef278b8681c7f4fe50,https://github.com/go-gitea/gitea/tree/ad31d6b5e8856b22ddad45477be9d078a869a953,https://github.com/go-gitea/gitea/compare/ef89e75d0eb232e98ca7a7ef278b8681c7f4fe50...ad31d6b5e8856b22ddad45477be9d078a869a953
378,Gitea,6034f8bcaaa5348fee775d2307ff03162130a088,5180deb8199b851384c60fac5b78aac3c9b50a67,11088,https://github.com/go-gitea/gitea/issues/11088,https://github.com/go-gitea/gitea/tree/6034f8bcaaa5348fee775d2307ff03162130a088,https://github.com/go-gitea/gitea/tree/5180deb8199b851384c60fac5b78aac3c9b50a67,https://github.com/go-gitea/gitea/compare/6034f8bcaaa5348fee775d2307ff03162130a088...5180deb8199b851384c60fac5b78aac3c9b50a67
379,Gitea,da3e85a502d18271801ab0ae3c568cc8b6dfe7ca,067eff8ebaaf7b05ef8514bc051c72f1f80ddc82,10131,https://github.com/go-gitea/gitea/issues/10131,https://github.com/go-gitea/gitea/tree/da3e85a502d18271801ab0ae3c568cc8b6dfe7ca,https://github.com/go-gitea/gitea/tree/067eff8ebaaf7b05ef8514bc051c72f1f80ddc82,https://github.com/go-gitea/gitea/compare/da3e85a502d18271801ab0ae3c568cc8b6dfe7ca...067eff8ebaaf7b05ef8514bc051c72f1f80ddc82
380,Gitea,28e5e7fcbca9cd2030c156ec45f6f3cf67b3682e,3dc6af3d70285b72feb52a41b6ec0bcb9e62aa8b,9269,https://github.com/go-gitea/gitea/issues/9269,https://github.com/go-gitea/gitea/tree/28e5e7fcbca9cd2030c156ec45f6f3cf67b3682e,https://github.com/go-gitea/gitea/tree/3dc6af3d70285b72feb52a41b6ec0bcb9e62aa8b,https://github.com/go-gitea/gitea/compare/28e5e7fcbca9cd2030c156ec45f6f3cf67b3682e...3dc6af3d70285b72feb52a41b6ec0bcb9e62aa8b
381,Gitea,452b69b71e607a7cc15a66a0f6077738c1bff354,28f8308d47af30e3ac3796034d7a3f6d5f375a3e,10525,https://github.com/go-gitea/gitea/issues/10525,https://github.com/go-gitea/gitea/tree/452b69b71e607a7cc15a66a0f6077738c1bff354,https://github.com/go-gitea/gitea/tree/28f8308d47af30e3ac3796034d7a3f6d5f375a3e,https://github.com/go-gitea/gitea/compare/452b69b71e607a7cc15a66a0f6077738c1bff354...28f8308d47af30e3ac3796034d7a3f6d5f375a3e
382,Gitea,99082eebd76019fc608e44c4464da6398f51dccd,680dfab2eeb65c0ba068f0996742adae59e0e5a8,11212,https://github.com/go-gitea/gitea/issues/11212,https://github.com/go-gitea/gitea/tree/99082eebd76019fc608e44c4464da6398f51dccd,https://github.com/go-gitea/gitea/tree/680dfab2eeb65c0ba068f0996742adae59e0e5a8,https://github.com/go-gitea/gitea/compare/99082eebd76019fc608e44c4464da6398f51dccd...680dfab2eeb65c0ba068f0996742adae59e0e5a8
383,Gitea,7e20f1cb5b3ef494676f3629e4980c8cdd64525b,4ee70a9ec91148ffb9fc9d24e5dda47ec299bd61,11002,https://github.com/go-gitea/gitea/issues/11002,https://github.com/go-gitea/gitea/tree/7e20f1cb5b3ef494676f3629e4980c8cdd64525b,https://github.com/go-gitea/gitea/tree/4ee70a9ec91148ffb9fc9d24e5dda47ec299bd61,https://github.com/go-gitea/gitea/compare/7e20f1cb5b3ef494676f3629e4980c8cdd64525b...4ee70a9ec91148ffb9fc9d24e5dda47ec299bd61
384,Gitea,b51fd30522af31eaf22ab15a826f9ee18fd53969,e74c4e1be988f2815146338cbce8210e515a937e,9907,https://github.com/go-gitea/gitea/issues/9907,https://github.com/go-gitea/gitea/tree/b51fd30522af31eaf22ab15a826f9ee18fd53969,https://github.com/go-gitea/gitea/tree/e74c4e1be988f2815146338cbce8210e515a937e,https://github.com/go-gitea/gitea/compare/b51fd30522af31eaf22ab15a826f9ee18fd53969...e74c4e1be988f2815146338cbce8210e515a937e
385,Gitea,472a7702a793b711cb646ef98907bea267217dc3,940ed923920ae662efa6967679e60297832c4af8,10312,https://github.com/go-gitea/gitea/issues/10312,https://github.com/go-gitea/gitea/tree/472a7702a793b711cb646ef98907bea267217dc3,https://github.com/go-gitea/gitea/tree/940ed923920ae662efa6967679e60297832c4af8,https://github.com/go-gitea/gitea/compare/472a7702a793b711cb646ef98907bea267217dc3...940ed923920ae662efa6967679e60297832c4af8
386,Gitea,d9de58beee300b77156057713e3c4d28176d9dc0,a1f11a05e900f3d1130729b2095dbf1b3037658e,11280,https://github.com/go-gitea/gitea/issues/11280,https://github.com/go-gitea/gitea/tree/d9de58beee300b77156057713e3c4d28176d9dc0,https://github.com/go-gitea/gitea/tree/a1f11a05e900f3d1130729b2095dbf1b3037658e,https://github.com/go-gitea/gitea/compare/d9de58beee300b77156057713e3c4d28176d9dc0...a1f11a05e900f3d1130729b2095dbf1b3037658e
387,Gitea,b9df5da1f4862d3ed58d528258ea56671791d60d,cd4f7ba5bf7191c2ca91438d8903ee9f28f406b9,11313,https://github.com/go-gitea/gitea/issues/11313,https://github.com/go-gitea/gitea/tree/b9df5da1f4862d3ed58d528258ea56671791d60d,https://github.com/go-gitea/gitea/tree/cd4f7ba5bf7191c2ca91438d8903ee9f28f406b9,https://github.com/go-gitea/gitea/compare/b9df5da1f4862d3ed58d528258ea56671791d60d...cd4f7ba5bf7191c2ca91438d8903ee9f28f406b9
388,Gitea,c9187b81164757c67a0f83ef34b001f7d38c264a,742e26f5a5dab8768558231cb88801911b9abaa7,11317,https://github.com/go-gitea/gitea/issues/11317,https://github.com/go-gitea/gitea/tree/c9187b81164757c67a0f83ef34b001f7d38c264a,https://github.com/go-gitea/gitea/tree/742e26f5a5dab8768558231cb88801911b9abaa7,https://github.com/go-gitea/gitea/compare/c9187b81164757c67a0f83ef34b001f7d38c264a...742e26f5a5dab8768558231cb88801911b9abaa7
389,Gitea,6a02a4f57aaf5bc1023e6332cfd97658e1e71878,a4c7ad99e54d0835f759199599a8dcd6f5d7e90e,11228,https://github.com/go-gitea/gitea/issues/11228,https://github.com/go-gitea/gitea/tree/6a02a4f57aaf5bc1023e6332cfd97658e1e71878,https://github.com/go-gitea/gitea/tree/a4c7ad99e54d0835f759199599a8dcd6f5d7e90e,https://github.com/go-gitea/gitea/compare/6a02a4f57aaf5bc1023e6332cfd97658e1e71878...a4c7ad99e54d0835f759199599a8dcd6f5d7e90e
390,Gitea,45968b9f44516d940841b16fc833111f2b5ffbdb,c42c31a111756c931292a404feabf24750d886e0,11194,https://github.com/go-gitea/gitea/issues/11194,https://github.com/go-gitea/gitea/tree/45968b9f44516d940841b16fc833111f2b5ffbdb,https://github.com/go-gitea/gitea/tree/c42c31a111756c931292a404feabf24750d886e0,https://github.com/go-gitea/gitea/compare/45968b9f44516d940841b16fc833111f2b5ffbdb...c42c31a111756c931292a404feabf24750d886e0
391,Gitea,a6b8de282c62ca38d91d94779b0de7b9c8f1b4b5,507d0ec57aaf02a60a3de8aca3e635616b592fc5,11258,https://github.com/go-gitea/gitea/issues/11258,https://github.com/go-gitea/gitea/tree/a6b8de282c62ca38d91d94779b0de7b9c8f1b4b5,https://github.com/go-gitea/gitea/tree/507d0ec57aaf02a60a3de8aca3e635616b592fc5,https://github.com/go-gitea/gitea/compare/a6b8de282c62ca38d91d94779b0de7b9c8f1b4b5...507d0ec57aaf02a60a3de8aca3e635616b592fc5
392,Gitea,9a829b98f0e5a0b21e9b670c4b49f9a381a35e60,a4cd1f12f8fee190644c59da79fdd983df3c07b7,10144,https://github.com/go-gitea/gitea/issues/10144,https://github.com/go-gitea/gitea/tree/9a829b98f0e5a0b21e9b670c4b49f9a381a35e60,https://github.com/go-gitea/gitea/tree/a4cd1f12f8fee190644c59da79fdd983df3c07b7,https://github.com/go-gitea/gitea/compare/9a829b98f0e5a0b21e9b670c4b49f9a381a35e60...a4cd1f12f8fee190644c59da79fdd983df3c07b7
393,Gitea,0903b1ac8c7b64bb571d02cdd69fa671cc1c18c1,c81ab17de93ee14268ad2088d1b63e0162e3dd23,11498,https://github.com/go-gitea/gitea/issues/11498,https://github.com/go-gitea/gitea/tree/0903b1ac8c7b64bb571d02cdd69fa671cc1c18c1,https://github.com/go-gitea/gitea/tree/c81ab17de93ee14268ad2088d1b63e0162e3dd23,https://github.com/go-gitea/gitea/compare/0903b1ac8c7b64bb571d02cdd69fa671cc1c18c1...c81ab17de93ee14268ad2088d1b63e0162e3dd23
394,Gitea,788b8b1440462d477f45b0088875b66f09da25d4,5c55793e0e76e0a878f001ad98a34099983d4cda,11295,https://github.com/go-gitea/gitea/issues/11295,https://github.com/go-gitea/gitea/tree/788b8b1440462d477f45b0088875b66f09da25d4,https://github.com/go-gitea/gitea/tree/5c55793e0e76e0a878f001ad98a34099983d4cda,https://github.com/go-gitea/gitea/compare/788b8b1440462d477f45b0088875b66f09da25d4...5c55793e0e76e0a878f001ad98a34099983d4cda
395,Gitea,926e63bb9e39a38f3c4d2d280bb01b259fd7b2f8,a00974c3b8a589677c508c522d3aab8b57b839f3,11554,https://github.com/go-gitea/gitea/issues/11554,https://github.com/go-gitea/gitea/tree/926e63bb9e39a38f3c4d2d280bb01b259fd7b2f8,https://github.com/go-gitea/gitea/tree/a00974c3b8a589677c508c522d3aab8b57b839f3,https://github.com/go-gitea/gitea/compare/926e63bb9e39a38f3c4d2d280bb01b259fd7b2f8...a00974c3b8a589677c508c522d3aab8b57b839f3
396,Gitea,814ca9ffea229f55f1f69b34d9a7f84054115669,ae55dc7a6ba9c08c4a8e0750acf89f9ad3fabffb,11540,https://github.com/go-gitea/gitea/issues/11540,https://github.com/go-gitea/gitea/tree/814ca9ffea229f55f1f69b34d9a7f84054115669,https://github.com/go-gitea/gitea/tree/ae55dc7a6ba9c08c4a8e0750acf89f9ad3fabffb,https://github.com/go-gitea/gitea/compare/814ca9ffea229f55f1f69b34d9a7f84054115669...ae55dc7a6ba9c08c4a8e0750acf89f9ad3fabffb
397,Gitea,0d9f9f7de195a22db714ec872877f7722b6c1db0,02fa329a7c2190d947cd5e02ea90d2d4406653be,11651,https://github.com/go-gitea/gitea/issues/11651,https://github.com/go-gitea/gitea/tree/0d9f9f7de195a22db714ec872877f7722b6c1db0,https://github.com/go-gitea/gitea/tree/02fa329a7c2190d947cd5e02ea90d2d4406653be,https://github.com/go-gitea/gitea/compare/0d9f9f7de195a22db714ec872877f7722b6c1db0...02fa329a7c2190d947cd5e02ea90d2d4406653be
398,Gitea,a0d35fb6ad5ac380abd80ac5177234338e2fe2ff,c642cd0676cc4ba8e931a080c8524b29b4206792,10144,https://github.com/go-gitea/gitea/issues/10144,https://github.com/go-gitea/gitea/tree/a0d35fb6ad5ac380abd80ac5177234338e2fe2ff,https://github.com/go-gitea/gitea/tree/c642cd0676cc4ba8e931a080c8524b29b4206792,https://github.com/go-gitea/gitea/compare/a0d35fb6ad5ac380abd80ac5177234338e2fe2ff...c642cd0676cc4ba8e931a080c8524b29b4206792
399,Gitea,507d0ec57aaf02a60a3de8aca3e635616b592fc5,71e73db2ff1a1599391da22732ad30895d837ba0,11304,https://github.com/go-gitea/gitea/issues/11304,https://github.com/go-gitea/gitea/tree/507d0ec57aaf02a60a3de8aca3e635616b592fc5,https://github.com/go-gitea/gitea/tree/71e73db2ff1a1599391da22732ad30895d837ba0,https://github.com/go-gitea/gitea/compare/507d0ec57aaf02a60a3de8aca3e635616b592fc5...71e73db2ff1a1599391da22732ad30895d837ba0
400,Gitea,866ce126ecce2f28f4fc25648cf4bd74679c00cc,6f6edb8fab5550a879a09af9530dd10d5c8d7f6d,11200,https://github.com/go-gitea/gitea/issues/11200,https://github.com/go-gitea/gitea/tree/866ce126ecce2f28f4fc25648cf4bd74679c00cc,https://github.com/go-gitea/gitea/tree/6f6edb8fab5550a879a09af9530dd10d5c8d7f6d,https://github.com/go-gitea/gitea/compare/866ce126ecce2f28f4fc25648cf4bd74679c00cc...6f6edb8fab5550a879a09af9530dd10d5c8d7f6d
401,Gitea,cdec70f3f8d35b4a27db8b39cbb63d7f1553312c,d98df0ede368bfaad173b2c1e0d8f207c758eef0,9369,https://github.com/go-gitea/gitea/issues/9369,https://github.com/go-gitea/gitea/tree/cdec70f3f8d35b4a27db8b39cbb63d7f1553312c,https://github.com/go-gitea/gitea/tree/d98df0ede368bfaad173b2c1e0d8f207c758eef0,https://github.com/go-gitea/gitea/compare/cdec70f3f8d35b4a27db8b39cbb63d7f1553312c...d98df0ede368bfaad173b2c1e0d8f207c758eef0
402,Gitea,ae3cfa844945f446b511dbcae358b3f5b930b3ce,48648d1d86a7b55f5530e737e5262335ab5e17df,10686,https://github.com/go-gitea/gitea/issues/10686,https://github.com/go-gitea/gitea/tree/ae3cfa844945f446b511dbcae358b3f5b930b3ce,https://github.com/go-gitea/gitea/tree/48648d1d86a7b55f5530e737e5262335ab5e17df,https://github.com/go-gitea/gitea/compare/ae3cfa844945f446b511dbcae358b3f5b930b3ce...48648d1d86a7b55f5530e737e5262335ab5e17df
403,Gitea,2447ffc74a6e3ab57d98a52de0a7398cadb71e08,0159851cc3fa80e4df4908a5e760afa20452f712,11800,https://github.com/go-gitea/gitea/issues/11800,https://github.com/go-gitea/gitea/tree/2447ffc74a6e3ab57d98a52de0a7398cadb71e08,https://github.com/go-gitea/gitea/tree/0159851cc3fa80e4df4908a5e760afa20452f712,https://github.com/go-gitea/gitea/compare/2447ffc74a6e3ab57d98a52de0a7398cadb71e08...0159851cc3fa80e4df4908a5e760afa20452f712
404,Gitea,d31a9c544ff8c81229e7a290006a6e85d9004930,a07cc0df76056ce2be1d8a89f38416cf511dd03b,11981,https://github.com/go-gitea/gitea/issues/11981,https://github.com/go-gitea/gitea/tree/d31a9c544ff8c81229e7a290006a6e85d9004930,https://github.com/go-gitea/gitea/tree/a07cc0df76056ce2be1d8a89f38416cf511dd03b,https://github.com/go-gitea/gitea/compare/d31a9c544ff8c81229e7a290006a6e85d9004930...a07cc0df76056ce2be1d8a89f38416cf511dd03b
405,Gitea,ce5f2b9845659efaca0b81998dca6cf03882b134,af7ffaa2798148e2a1b249da2330200bc032d7b1,7729,https://github.com/go-gitea/gitea/issues/7729,https://github.com/go-gitea/gitea/tree/ce5f2b9845659efaca0b81998dca6cf03882b134,https://github.com/go-gitea/gitea/tree/af7ffaa2798148e2a1b249da2330200bc032d7b1,https://github.com/go-gitea/gitea/compare/ce5f2b9845659efaca0b81998dca6cf03882b134...af7ffaa2798148e2a1b249da2330200bc032d7b1
406,Gitea,ce5f2b9845659efaca0b81998dca6cf03882b134,af7ffaa2798148e2a1b249da2330200bc032d7b1,10157,https://github.com/go-gitea/gitea/issues/10157,https://github.com/go-gitea/gitea/tree/ce5f2b9845659efaca0b81998dca6cf03882b134,https://github.com/go-gitea/gitea/tree/af7ffaa2798148e2a1b249da2330200bc032d7b1,https://github.com/go-gitea/gitea/compare/ce5f2b9845659efaca0b81998dca6cf03882b134...af7ffaa2798148e2a1b249da2330200bc032d7b1
407,Gitea,ce5f2b9845659efaca0b81998dca6cf03882b134,af7ffaa2798148e2a1b249da2330200bc032d7b1,7728,https://github.com/go-gitea/gitea/issues/7728,https://github.com/go-gitea/gitea/tree/ce5f2b9845659efaca0b81998dca6cf03882b134,https://github.com/go-gitea/gitea/tree/af7ffaa2798148e2a1b249da2330200bc032d7b1,https://github.com/go-gitea/gitea/compare/ce5f2b9845659efaca0b81998dca6cf03882b134...af7ffaa2798148e2a1b249da2330200bc032d7b1
408,Gitea,ce5f2b9845659efaca0b81998dca6cf03882b134,af7ffaa2798148e2a1b249da2330200bc032d7b1,3872,https://github.com/go-gitea/gitea/issues/3872,https://github.com/go-gitea/gitea/tree/ce5f2b9845659efaca0b81998dca6cf03882b134,https://github.com/go-gitea/gitea/tree/af7ffaa2798148e2a1b249da2330200bc032d7b1,https://github.com/go-gitea/gitea/compare/ce5f2b9845659efaca0b81998dca6cf03882b134...af7ffaa2798148e2a1b249da2330200bc032d7b1
409,Gitea,ce5f2b9845659efaca0b81998dca6cf03882b134,af7ffaa2798148e2a1b249da2330200bc032d7b1,3682,https://github.com/go-gitea/gitea/issues/3682,https://github.com/go-gitea/gitea/tree/ce5f2b9845659efaca0b81998dca6cf03882b134,https://github.com/go-gitea/gitea/tree/af7ffaa2798148e2a1b249da2330200bc032d7b1,https://github.com/go-gitea/gitea/compare/ce5f2b9845659efaca0b81998dca6cf03882b134...af7ffaa2798148e2a1b249da2330200bc032d7b1
410,Gitea,cfac97542b3ef4b091b5830ff90d2cbad76c9502,1ee6c13f1180693becc6cecc9a9987a1ae2eeeb4,11704,https://github.com/go-gitea/gitea/issues/11704,https://github.com/go-gitea/gitea/tree/cfac97542b3ef4b091b5830ff90d2cbad76c9502,https://github.com/go-gitea/gitea/tree/1ee6c13f1180693becc6cecc9a9987a1ae2eeeb4,https://github.com/go-gitea/gitea/compare/cfac97542b3ef4b091b5830ff90d2cbad76c9502...1ee6c13f1180693becc6cecc9a9987a1ae2eeeb4
411,Gitea,1cc33c37ffb47ea4a7031f1d1086df40fdfd4bf6,ba8efe354738e0f8234c2e553852e1f0c8c414f9,11725,https://github.com/go-gitea/gitea/issues/11725,https://github.com/go-gitea/gitea/tree/1cc33c37ffb47ea4a7031f1d1086df40fdfd4bf6,https://github.com/go-gitea/gitea/tree/ba8efe354738e0f8234c2e553852e1f0c8c414f9,https://github.com/go-gitea/gitea/compare/1cc33c37ffb47ea4a7031f1d1086df40fdfd4bf6...ba8efe354738e0f8234c2e553852e1f0c8c414f9
412,Gitea,17f8de7a54dd2d04daf0b57f40e1724c0b1ffa65,f761a37a0f024ea54c4eee9cbae22377616e84e0,10923,https://github.com/go-gitea/gitea/issues/10923,https://github.com/go-gitea/gitea/tree/17f8de7a54dd2d04daf0b57f40e1724c0b1ffa65,https://github.com/go-gitea/gitea/tree/f761a37a0f024ea54c4eee9cbae22377616e84e0,https://github.com/go-gitea/gitea/compare/17f8de7a54dd2d04daf0b57f40e1724c0b1ffa65...f761a37a0f024ea54c4eee9cbae22377616e84e0
413,Gitea,8f489131f32e45b0848475848c22405e8de6f5ff,858c35b73184aa94242076d417ad09a74c55aebf,11716,https://github.com/go-gitea/gitea/issues/11716,https://github.com/go-gitea/gitea/tree/8f489131f32e45b0848475848c22405e8de6f5ff,https://github.com/go-gitea/gitea/tree/858c35b73184aa94242076d417ad09a74c55aebf,https://github.com/go-gitea/gitea/compare/8f489131f32e45b0848475848c22405e8de6f5ff...858c35b73184aa94242076d417ad09a74c55aebf
414,Gitea,cd994f635427388d4e2abb6612e0b830a8f485b9,ae56411e9f78415745c235fb92fbb7abc139b966,11978,https://github.com/go-gitea/gitea/issues/11978,https://github.com/go-gitea/gitea/tree/cd994f635427388d4e2abb6612e0b830a8f485b9,https://github.com/go-gitea/gitea/tree/ae56411e9f78415745c235fb92fbb7abc139b966,https://github.com/go-gitea/gitea/compare/cd994f635427388d4e2abb6612e0b830a8f485b9...ae56411e9f78415745c235fb92fbb7abc139b966
415,Gitea,26e931ae34f618c1a5ad5935cceff7372b16f8a2,8a0bb7cd040b17e6c6c3d75b4b76051953253c31,12128,https://github.com/go-gitea/gitea/issues/12128,https://github.com/go-gitea/gitea/tree/26e931ae34f618c1a5ad5935cceff7372b16f8a2,https://github.com/go-gitea/gitea/tree/8a0bb7cd040b17e6c6c3d75b4b76051953253c31,https://github.com/go-gitea/gitea/compare/26e931ae34f618c1a5ad5935cceff7372b16f8a2...8a0bb7cd040b17e6c6c3d75b4b76051953253c31
416,Gitea,3c4388f668413dfcdc4b40501e7a554127599abb,2ab185d3ab9e4d5a75912467d0b79331b0f94b50,11981,https://github.com/go-gitea/gitea/issues/11981,https://github.com/go-gitea/gitea/tree/3c4388f668413dfcdc4b40501e7a554127599abb,https://github.com/go-gitea/gitea/tree/2ab185d3ab9e4d5a75912467d0b79331b0f94b50,https://github.com/go-gitea/gitea/compare/3c4388f668413dfcdc4b40501e7a554127599abb...2ab185d3ab9e4d5a75912467d0b79331b0f94b50
417,Gitea,ebc35f2b2e700b30d288b622cd9409a0f741e928,0b1bb964413c3785e8b4d75e4242513af86bfdf5,11981,https://github.com/go-gitea/gitea/issues/11981,https://github.com/go-gitea/gitea/tree/ebc35f2b2e700b30d288b622cd9409a0f741e928,https://github.com/go-gitea/gitea/tree/0b1bb964413c3785e8b4d75e4242513af86bfdf5,https://github.com/go-gitea/gitea/compare/ebc35f2b2e700b30d288b622cd9409a0f741e928...0b1bb964413c3785e8b4d75e4242513af86bfdf5
418,Gitea,12f9dd8fa9c02be1c38f7994066c986e50dfd2e9,30399cf04ad7578c67d4268878df071cac515fc9,7905,https://github.com/go-gitea/gitea/issues/7905,https://github.com/go-gitea/gitea/tree/12f9dd8fa9c02be1c38f7994066c986e50dfd2e9,https://github.com/go-gitea/gitea/tree/30399cf04ad7578c67d4268878df071cac515fc9,https://github.com/go-gitea/gitea/compare/12f9dd8fa9c02be1c38f7994066c986e50dfd2e9...30399cf04ad7578c67d4268878df071cac515fc9
419,Gitea,30399cf04ad7578c67d4268878df071cac515fc9,078d2fbd4c386d0cf37378078443f5f8dbe89f37,12172,https://github.com/go-gitea/gitea/issues/12172,https://github.com/go-gitea/gitea/tree/30399cf04ad7578c67d4268878df071cac515fc9,https://github.com/go-gitea/gitea/tree/078d2fbd4c386d0cf37378078443f5f8dbe89f37,https://github.com/go-gitea/gitea/compare/30399cf04ad7578c67d4268878df071cac515fc9...078d2fbd4c386d0cf37378078443f5f8dbe89f37
420,Gitea,b3e06523c1c4c960b9ef4fd2b2f409166100a9ea,bac65f1b826be84d132420f1acd3a384dd3a8db8,12380,https://github.com/go-gitea/gitea/issues/12380,https://github.com/go-gitea/gitea/tree/b3e06523c1c4c960b9ef4fd2b2f409166100a9ea,https://github.com/go-gitea/gitea/tree/bac65f1b826be84d132420f1acd3a384dd3a8db8,https://github.com/go-gitea/gitea/compare/b3e06523c1c4c960b9ef4fd2b2f409166100a9ea...bac65f1b826be84d132420f1acd3a384dd3a8db8
421,Gitea,9542b7317da36f366545803f77e250036b168318,0122cf9cdc4fc029aaafbfb777083891f4af6a6a,12254,https://github.com/go-gitea/gitea/issues/12254,https://github.com/go-gitea/gitea/tree/9542b7317da36f366545803f77e250036b168318,https://github.com/go-gitea/gitea/tree/0122cf9cdc4fc029aaafbfb777083891f4af6a6a,https://github.com/go-gitea/gitea/compare/9542b7317da36f366545803f77e250036b168318...0122cf9cdc4fc029aaafbfb777083891f4af6a6a
422,Gitea,8a6790b2aa07fa006d0338669e1da6134a58e313,33391e04feb6be1c2f8bec0928f500df0f110d89,10220,https://github.com/go-gitea/gitea/issues/10220,https://github.com/go-gitea/gitea/tree/8a6790b2aa07fa006d0338669e1da6134a58e313,https://github.com/go-gitea/gitea/tree/33391e04feb6be1c2f8bec0928f500df0f110d89,https://github.com/go-gitea/gitea/compare/8a6790b2aa07fa006d0338669e1da6134a58e313...33391e04feb6be1c2f8bec0928f500df0f110d89
423,Gitea,e17e3f71f4e7d2b5e0eac3a55f1b143f2d5a667e,e770c2b850b6e1ce6a6b554cf376c0f7575f80eb,10269,https://github.com/go-gitea/gitea/issues/10269,https://github.com/go-gitea/gitea/tree/e17e3f71f4e7d2b5e0eac3a55f1b143f2d5a667e,https://github.com/go-gitea/gitea/tree/e770c2b850b6e1ce6a6b554cf376c0f7575f80eb,https://github.com/go-gitea/gitea/compare/e17e3f71f4e7d2b5e0eac3a55f1b143f2d5a667e...e770c2b850b6e1ce6a6b554cf376c0f7575f80eb
424,Gitea,3585bb73efcd74454cf123de85fa6e67d34001ec,502e38c33c08cc6e9e7df86a934eb8b47ae26c49,12379,https://github.com/go-gitea/gitea/issues/12379,https://github.com/go-gitea/gitea/tree/3585bb73efcd74454cf123de85fa6e67d34001ec,https://github.com/go-gitea/gitea/tree/502e38c33c08cc6e9e7df86a934eb8b47ae26c49,https://github.com/go-gitea/gitea/compare/3585bb73efcd74454cf123de85fa6e67d34001ec...502e38c33c08cc6e9e7df86a934eb8b47ae26c49
425,Gitea,88ef04dbe9e1d4065df98e71a5914674a3bb40a3,12f9dd8fa9c02be1c38f7994066c986e50dfd2e9,11949,https://github.com/go-gitea/gitea/issues/11949,https://github.com/go-gitea/gitea/tree/88ef04dbe9e1d4065df98e71a5914674a3bb40a3,https://github.com/go-gitea/gitea/tree/12f9dd8fa9c02be1c38f7994066c986e50dfd2e9,https://github.com/go-gitea/gitea/compare/88ef04dbe9e1d4065df98e71a5914674a3bb40a3...12f9dd8fa9c02be1c38f7994066c986e50dfd2e9
426,Gitea,cedbd3684fe76875c9ce3b2c12471db63a11f421,a6168fa25d0a7dfee689e1bce940557fff70d392,12184,https://github.com/go-gitea/gitea/issues/12184,https://github.com/go-gitea/gitea/tree/cedbd3684fe76875c9ce3b2c12471db63a11f421,https://github.com/go-gitea/gitea/tree/a6168fa25d0a7dfee689e1bce940557fff70d392,https://github.com/go-gitea/gitea/compare/cedbd3684fe76875c9ce3b2c12471db63a11f421...a6168fa25d0a7dfee689e1bce940557fff70d392
427,Gitea,ac3cfad23dc08f24d2bb8914313162e281de7326,f50364a5b04cd42587d09075c3787b3f2486db19,6778,https://github.com/go-gitea/gitea/issues/6778,https://github.com/go-gitea/gitea/tree/ac3cfad23dc08f24d2bb8914313162e281de7326,https://github.com/go-gitea/gitea/tree/f50364a5b04cd42587d09075c3787b3f2486db19,https://github.com/go-gitea/gitea/compare/ac3cfad23dc08f24d2bb8914313162e281de7326...f50364a5b04cd42587d09075c3787b3f2486db19
428,Gitea,d4e35b9dc61779559fe28a7537d28bef2938a443,b78448e94e1415eb810ee1126135c64ec2942c0f,11260,https://github.com/go-gitea/gitea/issues/11260,https://github.com/go-gitea/gitea/tree/d4e35b9dc61779559fe28a7537d28bef2938a443,https://github.com/go-gitea/gitea/tree/b78448e94e1415eb810ee1126135c64ec2942c0f,https://github.com/go-gitea/gitea/compare/d4e35b9dc61779559fe28a7537d28bef2938a443...b78448e94e1415eb810ee1126135c64ec2942c0f
429,Gitea,fcabbae1686b82cb495d8d430279b745a707f377,7a8a05cc44a7ddf39ddea679434acacc8f47dfc1,12546,https://github.com/go-gitea/gitea/issues/12546,https://github.com/go-gitea/gitea/tree/fcabbae1686b82cb495d8d430279b745a707f377,https://github.com/go-gitea/gitea/tree/7a8a05cc44a7ddf39ddea679434acacc8f47dfc1,https://github.com/go-gitea/gitea/compare/fcabbae1686b82cb495d8d430279b745a707f377...7a8a05cc44a7ddf39ddea679434acacc8f47dfc1
430,Gitea,6a62884782b29653bcd4462188e263018e5e21e8,8d081950e61d8f3d43544d566e810b448e8516a6,12190,https://github.com/go-gitea/gitea/issues/12190,https://github.com/go-gitea/gitea/tree/6a62884782b29653bcd4462188e263018e5e21e8,https://github.com/go-gitea/gitea/tree/8d081950e61d8f3d43544d566e810b448e8516a6,https://github.com/go-gitea/gitea/compare/6a62884782b29653bcd4462188e263018e5e21e8...8d081950e61d8f3d43544d566e810b448e8516a6
431,Gitea,807a41ca9ac7fb0b8b6c506f526986df5c354216,82b71881d8625f26a86a0a892aa0f6d94924c61d,12659,https://github.com/go-gitea/gitea/issues/12659,https://github.com/go-gitea/gitea/tree/807a41ca9ac7fb0b8b6c506f526986df5c354216,https://github.com/go-gitea/gitea/tree/82b71881d8625f26a86a0a892aa0f6d94924c61d,https://github.com/go-gitea/gitea/compare/807a41ca9ac7fb0b8b6c506f526986df5c354216...82b71881d8625f26a86a0a892aa0f6d94924c61d
432,Gitea,e770c2b850b6e1ce6a6b554cf376c0f7575f80eb,96add8c319bd8299bfb8fdd4d98c6f71407e2475,10851,https://github.com/go-gitea/gitea/issues/10851,https://github.com/go-gitea/gitea/tree/e770c2b850b6e1ce6a6b554cf376c0f7575f80eb,https://github.com/go-gitea/gitea/tree/96add8c319bd8299bfb8fdd4d98c6f71407e2475,https://github.com/go-gitea/gitea/compare/e770c2b850b6e1ce6a6b554cf376c0f7575f80eb...96add8c319bd8299bfb8fdd4d98c6f71407e2475
433,Gitea,c6943cca52823a679dbff615001541a8bce18c52,9c9c3348bb5ec3daacb43ab31a9cdf3f2872e46b,12239,https://github.com/go-gitea/gitea/issues/12239,https://github.com/go-gitea/gitea/tree/c6943cca52823a679dbff615001541a8bce18c52,https://github.com/go-gitea/gitea/tree/9c9c3348bb5ec3daacb43ab31a9cdf3f2872e46b,https://github.com/go-gitea/gitea/compare/c6943cca52823a679dbff615001541a8bce18c52...9c9c3348bb5ec3daacb43ab31a9cdf3f2872e46b
434,Gitea,1fbc50f9747947541d998de99a6b7f0efb42522c,96969ddec8f5f0ba010e7f4e12fceec7ef8e9956,12768,https://github.com/go-gitea/gitea/issues/12768,https://github.com/go-gitea/gitea/tree/1fbc50f9747947541d998de99a6b7f0efb42522c,https://github.com/go-gitea/gitea/tree/96969ddec8f5f0ba010e7f4e12fceec7ef8e9956,https://github.com/go-gitea/gitea/compare/1fbc50f9747947541d998de99a6b7f0efb42522c...96969ddec8f5f0ba010e7f4e12fceec7ef8e9956
435,Gitea,4c42fce40175b735a689289bf61ca65a8e2266b2,c3e8c9441ad0e90bb0567af0bf7e9444aa8f4ad5,10829,https://github.com/go-gitea/gitea/issues/10829,https://github.com/go-gitea/gitea/tree/4c42fce40175b735a689289bf61ca65a8e2266b2,https://github.com/go-gitea/gitea/tree/c3e8c9441ad0e90bb0567af0bf7e9444aa8f4ad5,https://github.com/go-gitea/gitea/compare/4c42fce40175b735a689289bf61ca65a8e2266b2...c3e8c9441ad0e90bb0567af0bf7e9444aa8f4ad5
436,Gitea,bfd9ca33b73453de580324b526b5f2b67dcdbe3d,a064153235edebf5097098739795b56ebf6de219,12778,https://github.com/go-gitea/gitea/issues/12778,https://github.com/go-gitea/gitea/tree/bfd9ca33b73453de580324b526b5f2b67dcdbe3d,https://github.com/go-gitea/gitea/tree/a064153235edebf5097098739795b56ebf6de219,https://github.com/go-gitea/gitea/compare/bfd9ca33b73453de580324b526b5f2b67dcdbe3d...a064153235edebf5097098739795b56ebf6de219
437,Gitea,ad2bf376dfd934394cad46c3ff3e022ca232958f,1b9d5074a7ebb1b470f468cc9195d54915291ee3,3265,https://github.com/go-gitea/gitea/issues/3265,https://github.com/go-gitea/gitea/tree/ad2bf376dfd934394cad46c3ff3e022ca232958f,https://github.com/go-gitea/gitea/tree/1b9d5074a7ebb1b470f468cc9195d54915291ee3,https://github.com/go-gitea/gitea/compare/ad2bf376dfd934394cad46c3ff3e022ca232958f...1b9d5074a7ebb1b470f468cc9195d54915291ee3
438,Gitea,0cd49aaebd0434cffaf16e557620441a50bb757d,ffa12bdb71d1e708ff782fb681895aea9b83766b,12774,https://github.com/go-gitea/gitea/issues/12774,https://github.com/go-gitea/gitea/tree/0cd49aaebd0434cffaf16e557620441a50bb757d,https://github.com/go-gitea/gitea/tree/ffa12bdb71d1e708ff782fb681895aea9b83766b,https://github.com/go-gitea/gitea/compare/0cd49aaebd0434cffaf16e557620441a50bb757d...ffa12bdb71d1e708ff782fb681895aea9b83766b
439,Gitea,9abc16a280ca43b5b7007d0c9f292b0fffa46a4b,17fbbe97d7b4fca45d112f924191600eff52957b,12072,https://github.com/go-gitea/gitea/issues/12072,https://github.com/go-gitea/gitea/tree/9abc16a280ca43b5b7007d0c9f292b0fffa46a4b,https://github.com/go-gitea/gitea/tree/17fbbe97d7b4fca45d112f924191600eff52957b,https://github.com/go-gitea/gitea/compare/9abc16a280ca43b5b7007d0c9f292b0fffa46a4b...17fbbe97d7b4fca45d112f924191600eff52957b
440,Gitea,9af60ce0bb5d6fe19cf2c3ecd37e658e8952400a,489c8a1478885737b8e42099fab673c6b1f3640d,12747,https://github.com/go-gitea/gitea/issues/12747,https://github.com/go-gitea/gitea/tree/9af60ce0bb5d6fe19cf2c3ecd37e658e8952400a,https://github.com/go-gitea/gitea/tree/489c8a1478885737b8e42099fab673c6b1f3640d,https://github.com/go-gitea/gitea/compare/9af60ce0bb5d6fe19cf2c3ecd37e658e8952400a...489c8a1478885737b8e42099fab673c6b1f3640d
441,Gitea,9af60ce0bb5d6fe19cf2c3ecd37e658e8952400a,489c8a1478885737b8e42099fab673c6b1f3640d,9756,https://github.com/go-gitea/gitea/issues/9756,https://github.com/go-gitea/gitea/tree/9af60ce0bb5d6fe19cf2c3ecd37e658e8952400a,https://github.com/go-gitea/gitea/tree/489c8a1478885737b8e42099fab673c6b1f3640d,https://github.com/go-gitea/gitea/compare/9af60ce0bb5d6fe19cf2c3ecd37e658e8952400a...489c8a1478885737b8e42099fab673c6b1f3640d
442,Gitea,25c870faa91954f86951c0e6f7ee25cff1a9869e,e0ac545043d81c9096c161e127a9d4d9e88b1d9f,12505,https://github.com/go-gitea/gitea/issues/12505,https://github.com/go-gitea/gitea/tree/25c870faa91954f86951c0e6f7ee25cff1a9869e,https://github.com/go-gitea/gitea/tree/e0ac545043d81c9096c161e127a9d4d9e88b1d9f,https://github.com/go-gitea/gitea/compare/25c870faa91954f86951c0e6f7ee25cff1a9869e...e0ac545043d81c9096c161e127a9d4d9e88b1d9f
443,Gitea,08a905f614debd6481d7bda2913c596575e9a260,342e49e325a0f750fd596c85498719e3c922f29b,12740,https://github.com/go-gitea/gitea/issues/12740,https://github.com/go-gitea/gitea/tree/08a905f614debd6481d7bda2913c596575e9a260,https://github.com/go-gitea/gitea/tree/342e49e325a0f750fd596c85498719e3c922f29b,https://github.com/go-gitea/gitea/compare/08a905f614debd6481d7bda2913c596575e9a260...342e49e325a0f750fd596c85498719e3c922f29b
444,Gitea,7e5499575b3a159c3c17d381eeeabd230ca83373,037d5a33a0aa466164890658cffb8eca0daa8801,10536,https://github.com/go-gitea/gitea/issues/10536,https://github.com/go-gitea/gitea/tree/7e5499575b3a159c3c17d381eeeabd230ca83373,https://github.com/go-gitea/gitea/tree/037d5a33a0aa466164890658cffb8eca0daa8801,https://github.com/go-gitea/gitea/compare/7e5499575b3a159c3c17d381eeeabd230ca83373...037d5a33a0aa466164890658cffb8eca0daa8801
445,Gitea,29ac1f91223d020cd82f7d4dcb84cebec320b721,25c870faa91954f86951c0e6f7ee25cff1a9869e,12801,https://github.com/go-gitea/gitea/issues/12801,https://github.com/go-gitea/gitea/tree/29ac1f91223d020cd82f7d4dcb84cebec320b721,https://github.com/go-gitea/gitea/tree/25c870faa91954f86951c0e6f7ee25cff1a9869e,https://github.com/go-gitea/gitea/compare/29ac1f91223d020cd82f7d4dcb84cebec320b721...25c870faa91954f86951c0e6f7ee25cff1a9869e
446,Gitea,3c360801b3547cba80766403c0ee2835cb81272d,f1ab1c532b86eb25ef3f683f690a7f29572144f6,12934,https://github.com/go-gitea/gitea/issues/12934,https://github.com/go-gitea/gitea/tree/3c360801b3547cba80766403c0ee2835cb81272d,https://github.com/go-gitea/gitea/tree/f1ab1c532b86eb25ef3f683f690a7f29572144f6,https://github.com/go-gitea/gitea/compare/3c360801b3547cba80766403c0ee2835cb81272d...f1ab1c532b86eb25ef3f683f690a7f29572144f6
447,Gitea,d9085fe176d1df1e34f8702858e367dfcf4d90c4,88823f3e29385922cffab697d8d9f5a9a2ad3e42,12836,https://github.com/go-gitea/gitea/issues/12836,https://github.com/go-gitea/gitea/tree/d9085fe176d1df1e34f8702858e367dfcf4d90c4,https://github.com/go-gitea/gitea/tree/88823f3e29385922cffab697d8d9f5a9a2ad3e42,https://github.com/go-gitea/gitea/compare/d9085fe176d1df1e34f8702858e367dfcf4d90c4...88823f3e29385922cffab697d8d9f5a9a2ad3e42
448,Gitea,a9decf0dacb56e57024ef7c5a0ade7fdcc56407e,9c439a7c999eed4cc336932bb2d621de26370dfd,12861,https://github.com/go-gitea/gitea/issues/12861,https://github.com/go-gitea/gitea/tree/a9decf0dacb56e57024ef7c5a0ade7fdcc56407e,https://github.com/go-gitea/gitea/tree/9c439a7c999eed4cc336932bb2d621de26370dfd,https://github.com/go-gitea/gitea/compare/a9decf0dacb56e57024ef7c5a0ade7fdcc56407e...9c439a7c999eed4cc336932bb2d621de26370dfd
449,Gitea,5cfc1f573fd986cf141165d52dd18255069f0d06,4c6ac08182b5a14eaaffaafafef160bd90c4ae81,10813,https://github.com/go-gitea/gitea/issues/10813,https://github.com/go-gitea/gitea/tree/5cfc1f573fd986cf141165d52dd18255069f0d06,https://github.com/go-gitea/gitea/tree/4c6ac08182b5a14eaaffaafafef160bd90c4ae81,https://github.com/go-gitea/gitea/compare/5cfc1f573fd986cf141165d52dd18255069f0d06...4c6ac08182b5a14eaaffaafafef160bd90c4ae81
450,Gitea,77f3dbed6d97ed34ab85865b4fbc8365ae19f535,6fc129fe62d12cf702397ae9bc55778ac3abd997,9180,https://github.com/go-gitea/gitea/issues/9180,https://github.com/go-gitea/gitea/tree/77f3dbed6d97ed34ab85865b4fbc8365ae19f535,https://github.com/go-gitea/gitea/tree/6fc129fe62d12cf702397ae9bc55778ac3abd997,https://github.com/go-gitea/gitea/compare/77f3dbed6d97ed34ab85865b4fbc8365ae19f535...6fc129fe62d12cf702397ae9bc55778ac3abd997
451,Gitea,23f064e81361cbd267df9ce9262bef00eed217a8,b74ed16c416d58cad29ebc0013a1de6960bc73d3,12891,https://github.com/go-gitea/gitea/issues/12891,https://github.com/go-gitea/gitea/tree/23f064e81361cbd267df9ce9262bef00eed217a8,https://github.com/go-gitea/gitea/tree/b74ed16c416d58cad29ebc0013a1de6960bc73d3,https://github.com/go-gitea/gitea/compare/23f064e81361cbd267df9ce9262bef00eed217a8...b74ed16c416d58cad29ebc0013a1de6960bc73d3
452,Gitea,3878e985b66cc6d4cb4d2b0e7406d5cf91af6191,1267e678faeb5f04d2eacf4905a43a2de6c65614,12975,https://github.com/go-gitea/gitea/issues/12975,https://github.com/go-gitea/gitea/tree/3878e985b66cc6d4cb4d2b0e7406d5cf91af6191,https://github.com/go-gitea/gitea/tree/1267e678faeb5f04d2eacf4905a43a2de6c65614,https://github.com/go-gitea/gitea/compare/3878e985b66cc6d4cb4d2b0e7406d5cf91af6191...1267e678faeb5f04d2eacf4905a43a2de6c65614
453,Gitea,9b6361f8a09abe2ad3196132c656d1ebdfae3a27,1bcf1ad6434e45c28b9232032284299334663026,12952,https://github.com/go-gitea/gitea/issues/12952,https://github.com/go-gitea/gitea/tree/9b6361f8a09abe2ad3196132c656d1ebdfae3a27,https://github.com/go-gitea/gitea/tree/1bcf1ad6434e45c28b9232032284299334663026,https://github.com/go-gitea/gitea/compare/9b6361f8a09abe2ad3196132c656d1ebdfae3a27...1bcf1ad6434e45c28b9232032284299334663026
454,Gitea,1bcf1ad6434e45c28b9232032284299334663026,fe79b13ab2ce9526fae10a5257b4e171cae30ecb,12953,https://github.com/go-gitea/gitea/issues/12953,https://github.com/go-gitea/gitea/tree/1bcf1ad6434e45c28b9232032284299334663026,https://github.com/go-gitea/gitea/tree/fe79b13ab2ce9526fae10a5257b4e171cae30ecb,https://github.com/go-gitea/gitea/compare/1bcf1ad6434e45c28b9232032284299334663026...fe79b13ab2ce9526fae10a5257b4e171cae30ecb
455,Gitea,54dd28f159ea6eac314536a73cf8a9feafccca12,7a34fc0ae8f3db460c8ca1fa4dba6ca6212caebd,13010,https://github.com/go-gitea/gitea/issues/13010,https://github.com/go-gitea/gitea/tree/54dd28f159ea6eac314536a73cf8a9feafccca12,https://github.com/go-gitea/gitea/tree/7a34fc0ae8f3db460c8ca1fa4dba6ca6212caebd,https://github.com/go-gitea/gitea/compare/54dd28f159ea6eac314536a73cf8a9feafccca12...7a34fc0ae8f3db460c8ca1fa4dba6ca6212caebd
456,Gitea,d65cd5677af3df5d616bf48dfd4be354e23c184f,6f2784911fe739d3b83787b7984c1b8a2fb31690,12983,https://github.com/go-gitea/gitea/issues/12983,https://github.com/go-gitea/gitea/tree/d65cd5677af3df5d616bf48dfd4be354e23c184f,https://github.com/go-gitea/gitea/tree/6f2784911fe739d3b83787b7984c1b8a2fb31690,https://github.com/go-gitea/gitea/compare/d65cd5677af3df5d616bf48dfd4be354e23c184f...6f2784911fe739d3b83787b7984c1b8a2fb31690
457,Gitea,9066d09c57d3eaddd27c4986900e6afc0885e0c7,7edf7eb46c4c4d90f3f2a4df0948e94400a129eb,13095,https://github.com/go-gitea/gitea/issues/13095,https://github.com/go-gitea/gitea/tree/9066d09c57d3eaddd27c4986900e6afc0885e0c7,https://github.com/go-gitea/gitea/tree/7edf7eb46c4c4d90f3f2a4df0948e94400a129eb,https://github.com/go-gitea/gitea/compare/9066d09c57d3eaddd27c4986900e6afc0885e0c7...7edf7eb46c4c4d90f3f2a4df0948e94400a129eb
458,Gitea,6f2784911fe739d3b83787b7984c1b8a2fb31690,7eb846013299465e4cd73f76f13a00984183146e,12583,https://github.com/go-gitea/gitea/issues/12583,https://github.com/go-gitea/gitea/tree/6f2784911fe739d3b83787b7984c1b8a2fb31690,https://github.com/go-gitea/gitea/tree/7eb846013299465e4cd73f76f13a00984183146e,https://github.com/go-gitea/gitea/compare/6f2784911fe739d3b83787b7984c1b8a2fb31690...7eb846013299465e4cd73f76f13a00984183146e
459,Gitea,aa73b7b7e57bd18637d2617183598d49a2102f66,edfebe65b14c167d5d14169334c4ba37dbebb700,12254,https://github.com/go-gitea/gitea/issues/12254,https://github.com/go-gitea/gitea/tree/aa73b7b7e57bd18637d2617183598d49a2102f66,https://github.com/go-gitea/gitea/tree/edfebe65b14c167d5d14169334c4ba37dbebb700,https://github.com/go-gitea/gitea/compare/aa73b7b7e57bd18637d2617183598d49a2102f66...edfebe65b14c167d5d14169334c4ba37dbebb700
460,Gitea,e70df67d4792826b51f0d2186816bf7651d1653d,97980146c52c1cb27e18f60fcd876519d53dad2f,11705,https://github.com/go-gitea/gitea/issues/11705,https://github.com/go-gitea/gitea/tree/e70df67d4792826b51f0d2186816bf7651d1653d,https://github.com/go-gitea/gitea/tree/97980146c52c1cb27e18f60fcd876519d53dad2f,https://github.com/go-gitea/gitea/compare/e70df67d4792826b51f0d2186816bf7651d1653d...97980146c52c1cb27e18f60fcd876519d53dad2f
461,Gitea,4fbe64572c2ada0ddf1ad984ae5cc9e28ba75687,cb171dbd56e3889735115a04e4846f98ec364d65,11540,https://github.com/go-gitea/gitea/issues/11540,https://github.com/go-gitea/gitea/tree/4fbe64572c2ada0ddf1ad984ae5cc9e28ba75687,https://github.com/go-gitea/gitea/tree/cb171dbd56e3889735115a04e4846f98ec364d65,https://github.com/go-gitea/gitea/compare/4fbe64572c2ada0ddf1ad984ae5cc9e28ba75687...cb171dbd56e3889735115a04e4846f98ec364d65
462,Gitea,c752ccee6425091cf17c98029f039f3fe66552b4,95136387159e116508b98e1aaa2db40993c266ad,13107,https://github.com/go-gitea/gitea/issues/13107,https://github.com/go-gitea/gitea/tree/c752ccee6425091cf17c98029f039f3fe66552b4,https://github.com/go-gitea/gitea/tree/95136387159e116508b98e1aaa2db40993c266ad,https://github.com/go-gitea/gitea/compare/c752ccee6425091cf17c98029f039f3fe66552b4...95136387159e116508b98e1aaa2db40993c266ad
463,Gitea,b222dbc1d1df2559206ec1c27928d4666a48f0e8,6bab678bed726e9d5371cd10050ea217ab076c24,13153,https://github.com/go-gitea/gitea/issues/13153,https://github.com/go-gitea/gitea/tree/b222dbc1d1df2559206ec1c27928d4666a48f0e8,https://github.com/go-gitea/gitea/tree/6bab678bed726e9d5371cd10050ea217ab076c24,https://github.com/go-gitea/gitea/compare/b222dbc1d1df2559206ec1c27928d4666a48f0e8...6bab678bed726e9d5371cd10050ea217ab076c24
464,Gitea,5e34d3d2c06246f27ab04c5d1e6aa23048d4209e,9fe4b7b6920c9760262ad8e77b7ed50ee8f7d464,13177,https://github.com/go-gitea/gitea/issues/13177,https://github.com/go-gitea/gitea/tree/5e34d3d2c06246f27ab04c5d1e6aa23048d4209e,https://github.com/go-gitea/gitea/tree/9fe4b7b6920c9760262ad8e77b7ed50ee8f7d464,https://github.com/go-gitea/gitea/compare/5e34d3d2c06246f27ab04c5d1e6aa23048d4209e...9fe4b7b6920c9760262ad8e77b7ed50ee8f7d464
465,Gitea,86b8c81240a49510417f52b3a75e9304ac37a668,54dd28f159ea6eac314536a73cf8a9feafccca12,12599,https://github.com/go-gitea/gitea/issues/12599,https://github.com/go-gitea/gitea/tree/86b8c81240a49510417f52b3a75e9304ac37a668,https://github.com/go-gitea/gitea/tree/54dd28f159ea6eac314536a73cf8a9feafccca12,https://github.com/go-gitea/gitea/compare/86b8c81240a49510417f52b3a75e9304ac37a668...54dd28f159ea6eac314536a73cf8a9feafccca12
466,Gitea,2fa4c4ad3a1fc120b7fb68cd8a03362c4c87a3ff,4099e4f1b6eba1722f1e5d4f0b411f0a4a9970c2,12426,https://github.com/go-gitea/gitea/issues/12426,https://github.com/go-gitea/gitea/tree/2fa4c4ad3a1fc120b7fb68cd8a03362c4c87a3ff,https://github.com/go-gitea/gitea/tree/4099e4f1b6eba1722f1e5d4f0b411f0a4a9970c2,https://github.com/go-gitea/gitea/compare/2fa4c4ad3a1fc120b7fb68cd8a03362c4c87a3ff...4099e4f1b6eba1722f1e5d4f0b411f0a4a9970c2
467,Gitea,b7deea0284acf5da90a3578cdff37f961442fd90,81d3942bf0017a92a8e3bab558f2194acff438d2,13227,https://github.com/go-gitea/gitea/issues/13227,https://github.com/go-gitea/gitea/tree/b7deea0284acf5da90a3578cdff37f961442fd90,https://github.com/go-gitea/gitea/tree/81d3942bf0017a92a8e3bab558f2194acff438d2,https://github.com/go-gitea/gitea/compare/b7deea0284acf5da90a3578cdff37f961442fd90...81d3942bf0017a92a8e3bab558f2194acff438d2
468,Gitea,45727c32c3faeedf253f0f5209e50652ad5a3939,5460bf89031a77ac9e0cde685c1bff00c29ee883,12252,https://github.com/go-gitea/gitea/issues/12252,https://github.com/go-gitea/gitea/tree/45727c32c3faeedf253f0f5209e50652ad5a3939,https://github.com/go-gitea/gitea/tree/5460bf89031a77ac9e0cde685c1bff00c29ee883,https://github.com/go-gitea/gitea/compare/45727c32c3faeedf253f0f5209e50652ad5a3939...5460bf89031a77ac9e0cde685c1bff00c29ee883
469,Gitea,cb171dbd56e3889735115a04e4846f98ec364d65,91f2afdb546364195ff909186983b94a61ab3181,13159,https://github.com/go-gitea/gitea/issues/13159,https://github.com/go-gitea/gitea/tree/cb171dbd56e3889735115a04e4846f98ec364d65,https://github.com/go-gitea/gitea/tree/91f2afdb546364195ff909186983b94a61ab3181,https://github.com/go-gitea/gitea/compare/cb171dbd56e3889735115a04e4846f98ec364d65...91f2afdb546364195ff909186983b94a61ab3181
470,Gitea,cda44750cbdc7a8460666a4f0ac7f652d84a3964,5e1c51cdb66e3aee57d2e19d43cfb1a03959096f,10660,https://github.com/go-gitea/gitea/issues/10660,https://github.com/go-gitea/gitea/tree/cda44750cbdc7a8460666a4f0ac7f652d84a3964,https://github.com/go-gitea/gitea/tree/5e1c51cdb66e3aee57d2e19d43cfb1a03959096f,https://github.com/go-gitea/gitea/compare/cda44750cbdc7a8460666a4f0ac7f652d84a3964...5e1c51cdb66e3aee57d2e19d43cfb1a03959096f
471,Gitea,6c2c521ba5f557ed3ed6117dd6801f6d69cc1e6d,7dfb2fc176a3d0d864b52b3124a795781cbd73e5,13321,https://github.com/go-gitea/gitea/issues/13321,https://github.com/go-gitea/gitea/tree/6c2c521ba5f557ed3ed6117dd6801f6d69cc1e6d,https://github.com/go-gitea/gitea/tree/7dfb2fc176a3d0d864b52b3124a795781cbd73e5,https://github.com/go-gitea/gitea/compare/6c2c521ba5f557ed3ed6117dd6801f6d69cc1e6d...7dfb2fc176a3d0d864b52b3124a795781cbd73e5
472,Gitea,e2740b32b5aa120b24e4e31119b515dd19dbd9c7,172e7ee87f342d1681cc5c48bf69673849d128da,13286,https://github.com/go-gitea/gitea/issues/13286,https://github.com/go-gitea/gitea/tree/e2740b32b5aa120b24e4e31119b515dd19dbd9c7,https://github.com/go-gitea/gitea/tree/172e7ee87f342d1681cc5c48bf69673849d128da,https://github.com/go-gitea/gitea/compare/e2740b32b5aa120b24e4e31119b515dd19dbd9c7...172e7ee87f342d1681cc5c48bf69673849d128da
473,Gitea,d130cd147f24eb222a539a5b262d166f94aad5fa,e2740b32b5aa120b24e4e31119b515dd19dbd9c7,9630,https://github.com/go-gitea/gitea/issues/9630,https://github.com/go-gitea/gitea/tree/d130cd147f24eb222a539a5b262d166f94aad5fa,https://github.com/go-gitea/gitea/tree/e2740b32b5aa120b24e4e31119b515dd19dbd9c7,https://github.com/go-gitea/gitea/compare/d130cd147f24eb222a539a5b262d166f94aad5fa...e2740b32b5aa120b24e4e31119b515dd19dbd9c7
474,Gitea,d130cd147f24eb222a539a5b262d166f94aad5fa,e2740b32b5aa120b24e4e31119b515dd19dbd9c7,13183,https://github.com/go-gitea/gitea/issues/13183,https://github.com/go-gitea/gitea/tree/d130cd147f24eb222a539a5b262d166f94aad5fa,https://github.com/go-gitea/gitea/tree/e2740b32b5aa120b24e4e31119b515dd19dbd9c7,https://github.com/go-gitea/gitea/compare/d130cd147f24eb222a539a5b262d166f94aad5fa...e2740b32b5aa120b24e4e31119b515dd19dbd9c7
475,Gitea,ffa712e783ffbb4b3a79ca79c55dac5fde384e22,77e5081a2e3aaf1b60033e04fbe2c82e2f918d69,13483,https://github.com/go-gitea/gitea/issues/13483,https://github.com/go-gitea/gitea/tree/ffa712e783ffbb4b3a79ca79c55dac5fde384e22,https://github.com/go-gitea/gitea/tree/77e5081a2e3aaf1b60033e04fbe2c82e2f918d69,https://github.com/go-gitea/gitea/compare/ffa712e783ffbb4b3a79ca79c55dac5fde384e22...77e5081a2e3aaf1b60033e04fbe2c82e2f918d69
476,Gitea,40c4466641ea79225b7c5b6dfd81efe049078841,182b5a08ed211331d86b74ff78a7ab2962b9655b,12440,https://github.com/go-gitea/gitea/issues/12440,https://github.com/go-gitea/gitea/tree/40c4466641ea79225b7c5b6dfd81efe049078841,https://github.com/go-gitea/gitea/tree/182b5a08ed211331d86b74ff78a7ab2962b9655b,https://github.com/go-gitea/gitea/compare/40c4466641ea79225b7c5b6dfd81efe049078841...182b5a08ed211331d86b74ff78a7ab2962b9655b
477,Gitea,3400928f7ac1fe8326a69a049a5c0b2dc3a3675d,3fd060eb37085df9b075baf23f3c315b92c1073e,13271,https://github.com/go-gitea/gitea/issues/13271,https://github.com/go-gitea/gitea/tree/3400928f7ac1fe8326a69a049a5c0b2dc3a3675d,https://github.com/go-gitea/gitea/tree/3fd060eb37085df9b075baf23f3c315b92c1073e,https://github.com/go-gitea/gitea/compare/3400928f7ac1fe8326a69a049a5c0b2dc3a3675d...3fd060eb37085df9b075baf23f3c315b92c1073e
478,Gitea,b64978d0bc82efd1c99d1200eff8bb592c91142f,beb6bf4261ace56f9c97c03f709b4fe29746b3d7,13336,https://github.com/go-gitea/gitea/issues/13336,https://github.com/go-gitea/gitea/tree/b64978d0bc82efd1c99d1200eff8bb592c91142f,https://github.com/go-gitea/gitea/tree/beb6bf4261ace56f9c97c03f709b4fe29746b3d7,https://github.com/go-gitea/gitea/compare/b64978d0bc82efd1c99d1200eff8bb592c91142f...beb6bf4261ace56f9c97c03f709b4fe29746b3d7
479,Gitea,20a5eff3e81f17e3d5e5ccc1c1d0b982241ba9ad,dd12384f224e98a130511ebc9ffcfb44ead0e736,13277,https://github.com/go-gitea/gitea/issues/13277,https://github.com/go-gitea/gitea/tree/20a5eff3e81f17e3d5e5ccc1c1d0b982241ba9ad,https://github.com/go-gitea/gitea/tree/dd12384f224e98a130511ebc9ffcfb44ead0e736,https://github.com/go-gitea/gitea/compare/20a5eff3e81f17e3d5e5ccc1c1d0b982241ba9ad...dd12384f224e98a130511ebc9ffcfb44ead0e736
480,Gitea,a420beda2a12f25f5f5503c20d0d6febee892132,6b7c199f5fa4b4b225a08bd72b98ad4ef170c7c6,13342,https://github.com/go-gitea/gitea/issues/13342,https://github.com/go-gitea/gitea/tree/a420beda2a12f25f5f5503c20d0d6febee892132,https://github.com/go-gitea/gitea/tree/6b7c199f5fa4b4b225a08bd72b98ad4ef170c7c6,https://github.com/go-gitea/gitea/compare/a420beda2a12f25f5f5503c20d0d6febee892132...6b7c199f5fa4b4b225a08bd72b98ad4ef170c7c6
481,Gitea,1e5247d424de7f8a480c73b0b72119ae5482edf1,8c996c65053296e997718265c4f4cb08c2d9dffb,13725,https://github.com/go-gitea/gitea/issues/13725,https://github.com/go-gitea/gitea/tree/1e5247d424de7f8a480c73b0b72119ae5482edf1,https://github.com/go-gitea/gitea/tree/8c996c65053296e997718265c4f4cb08c2d9dffb,https://github.com/go-gitea/gitea/compare/1e5247d424de7f8a480c73b0b72119ae5482edf1...8c996c65053296e997718265c4f4cb08c2d9dffb
482,Gitea,6626a048df511b3833658db8215089b2ed323c64,ad2a288622c7bbf53b8670e136e2e1418331b121,13535,https://github.com/go-gitea/gitea/issues/13535,https://github.com/go-gitea/gitea/tree/6626a048df511b3833658db8215089b2ed323c64,https://github.com/go-gitea/gitea/tree/ad2a288622c7bbf53b8670e136e2e1418331b121,https://github.com/go-gitea/gitea/compare/6626a048df511b3833658db8215089b2ed323c64...ad2a288622c7bbf53b8670e136e2e1418331b121
483,Gitea,c9effd5364caaed040f78b4298a34fbf98420fba,3512c7e40f0b06f9f495a919e0d4925e5688e2da,13819,https://github.com/go-gitea/gitea/issues/13819,https://github.com/go-gitea/gitea/tree/c9effd5364caaed040f78b4298a34fbf98420fba,https://github.com/go-gitea/gitea/tree/3512c7e40f0b06f9f495a919e0d4925e5688e2da,https://github.com/go-gitea/gitea/compare/c9effd5364caaed040f78b4298a34fbf98420fba...3512c7e40f0b06f9f495a919e0d4925e5688e2da
484,Gitea,c3893a8bd1dfe2224b565c5116eebbd740e9475b,5e0a3784eafe1548bc3f05ba202721d3a597793b,13788,https://github.com/go-gitea/gitea/issues/13788,https://github.com/go-gitea/gitea/tree/c3893a8bd1dfe2224b565c5116eebbd740e9475b,https://github.com/go-gitea/gitea/tree/5e0a3784eafe1548bc3f05ba202721d3a597793b,https://github.com/go-gitea/gitea/compare/c3893a8bd1dfe2224b565c5116eebbd740e9475b...5e0a3784eafe1548bc3f05ba202721d3a597793b
485,Gitea,c3893a8bd1dfe2224b565c5116eebbd740e9475b,5e0a3784eafe1548bc3f05ba202721d3a597793b,5480,https://github.com/go-gitea/gitea/issues/5480,https://github.com/go-gitea/gitea/tree/c3893a8bd1dfe2224b565c5116eebbd740e9475b,https://github.com/go-gitea/gitea/tree/5e0a3784eafe1548bc3f05ba202721d3a597793b,https://github.com/go-gitea/gitea/compare/c3893a8bd1dfe2224b565c5116eebbd740e9475b...5e0a3784eafe1548bc3f05ba202721d3a597793b
486,Gitea,6bdcacd73b403354aa180bfada7236038d9712b1,4d66ee1f74799196cbdbfd925c3f95e552584b42,13762,https://github.com/go-gitea/gitea/issues/13762,https://github.com/go-gitea/gitea/tree/6bdcacd73b403354aa180bfada7236038d9712b1,https://github.com/go-gitea/gitea/tree/4d66ee1f74799196cbdbfd925c3f95e552584b42,https://github.com/go-gitea/gitea/compare/6bdcacd73b403354aa180bfada7236038d9712b1...4d66ee1f74799196cbdbfd925c3f95e552584b42
487,Gitea,10b9a6df0d09b9865f7bd705b70b414d07d3f320,97ab820accba40de66d7df7cdc5e396277483710,13883,https://github.com/go-gitea/gitea/issues/13883,https://github.com/go-gitea/gitea/tree/10b9a6df0d09b9865f7bd705b70b414d07d3f320,https://github.com/go-gitea/gitea/tree/97ab820accba40de66d7df7cdc5e396277483710,https://github.com/go-gitea/gitea/compare/10b9a6df0d09b9865f7bd705b70b414d07d3f320...97ab820accba40de66d7df7cdc5e396277483710
488,Gitea,160f606a15a38fef9c0345cb07860dbeee4bee26,f2f99a7d0c7ea3c667d254062d648ec387e3ea09,13940,https://github.com/go-gitea/gitea/issues/13940,https://github.com/go-gitea/gitea/tree/160f606a15a38fef9c0345cb07860dbeee4bee26,https://github.com/go-gitea/gitea/tree/f2f99a7d0c7ea3c667d254062d648ec387e3ea09,https://github.com/go-gitea/gitea/compare/160f606a15a38fef9c0345cb07860dbeee4bee26...f2f99a7d0c7ea3c667d254062d648ec387e3ea09
489,Gitea,b651409c0a88ba887422092d8465e75eb09c4db7,45ca2e460538943b0db5421770297e2929e4273a,13602,https://github.com/go-gitea/gitea/issues/13602,https://github.com/go-gitea/gitea/tree/b651409c0a88ba887422092d8465e75eb09c4db7,https://github.com/go-gitea/gitea/tree/45ca2e460538943b0db5421770297e2929e4273a,https://github.com/go-gitea/gitea/compare/b651409c0a88ba887422092d8465e75eb09c4db7...45ca2e460538943b0db5421770297e2929e4273a
490,Gitea,a33db35b386ebd92759fed154774cf6a6a7b4fa2,682f0b046066ee64f9a6c8881377b304db3e6f9d,13851,https://github.com/go-gitea/gitea/issues/13851,https://github.com/go-gitea/gitea/tree/a33db35b386ebd92759fed154774cf6a6a7b4fa2,https://github.com/go-gitea/gitea/tree/682f0b046066ee64f9a6c8881377b304db3e6f9d,https://github.com/go-gitea/gitea/compare/a33db35b386ebd92759fed154774cf6a6a7b4fa2...682f0b046066ee64f9a6c8881377b304db3e6f9d
491,Gitea,f74a094fd53bc8e47bf1c824cf2476e1e28e063f,6ddf881245aed6821e21dca733f9a4b37e47fa70,12450,https://github.com/go-gitea/gitea/issues/12450,https://github.com/go-gitea/gitea/tree/f74a094fd53bc8e47bf1c824cf2476e1e28e063f,https://github.com/go-gitea/gitea/tree/6ddf881245aed6821e21dca733f9a4b37e47fa70,https://github.com/go-gitea/gitea/compare/f74a094fd53bc8e47bf1c824cf2476e1e28e063f...6ddf881245aed6821e21dca733f9a4b37e47fa70
492,Gitea,64bd5f4c66130984c082c740e8a8fdcf08def2ac,702e82d162d2c3aaee133201cfd4edb8e67017f9,13641,https://github.com/go-gitea/gitea/issues/13641,https://github.com/go-gitea/gitea/tree/64bd5f4c66130984c082c740e8a8fdcf08def2ac,https://github.com/go-gitea/gitea/tree/702e82d162d2c3aaee133201cfd4edb8e67017f9,https://github.com/go-gitea/gitea/compare/64bd5f4c66130984c082c740e8a8fdcf08def2ac...702e82d162d2c3aaee133201cfd4edb8e67017f9
493,Gitea,5e09de174c69c77babf7366cbbb17d59cb3102f0,80a299d307bd3135eb3fb2f5e2deba600f0698ae,13987,https://github.com/go-gitea/gitea/issues/13987,https://github.com/go-gitea/gitea/tree/5e09de174c69c77babf7366cbbb17d59cb3102f0,https://github.com/go-gitea/gitea/tree/80a299d307bd3135eb3fb2f5e2deba600f0698ae,https://github.com/go-gitea/gitea/compare/5e09de174c69c77babf7366cbbb17d59cb3102f0...80a299d307bd3135eb3fb2f5e2deba600f0698ae
494,Gitea,34df4e5df558e7ec648efe083696687be6f8c8a8,09304db9a5d88c035a96f74a4544572bc8c5dac0,12365,https://github.com/go-gitea/gitea/issues/12365,https://github.com/go-gitea/gitea/tree/34df4e5df558e7ec648efe083696687be6f8c8a8,https://github.com/go-gitea/gitea/tree/09304db9a5d88c035a96f74a4544572bc8c5dac0,https://github.com/go-gitea/gitea/compare/34df4e5df558e7ec648efe083696687be6f8c8a8...09304db9a5d88c035a96f74a4544572bc8c5dac0
495,Gitea,30edcd5c71a76e86dda391f1df6ebb4c0631f83f,27fa4814b8552a7986da29d8363e4b62f31aa4da,14092,https://github.com/go-gitea/gitea/issues/14092,https://github.com/go-gitea/gitea/tree/30edcd5c71a76e86dda391f1df6ebb4c0631f83f,https://github.com/go-gitea/gitea/tree/27fa4814b8552a7986da29d8363e4b62f31aa4da,https://github.com/go-gitea/gitea/compare/30edcd5c71a76e86dda391f1df6ebb4c0631f83f...27fa4814b8552a7986da29d8363e4b62f31aa4da
496,Gitea,88b585c2e08d43af705cec178c1c7771f5d66e70,e7a77d32cc96692f5dbbd3ed1cfa7ff4a9ba026b,13683,https://github.com/go-gitea/gitea/issues/13683,https://github.com/go-gitea/gitea/tree/88b585c2e08d43af705cec178c1c7771f5d66e70,https://github.com/go-gitea/gitea/tree/e7a77d32cc96692f5dbbd3ed1cfa7ff4a9ba026b,https://github.com/go-gitea/gitea/compare/88b585c2e08d43af705cec178c1c7771f5d66e70...e7a77d32cc96692f5dbbd3ed1cfa7ff4a9ba026b
497,Gitea,f2f99a7d0c7ea3c667d254062d648ec387e3ea09,8e0548ed4a97470e1f4c6b61e398522fd1adb860,13912,https://github.com/go-gitea/gitea/issues/13912,https://github.com/go-gitea/gitea/tree/f2f99a7d0c7ea3c667d254062d648ec387e3ea09,https://github.com/go-gitea/gitea/tree/8e0548ed4a97470e1f4c6b61e398522fd1adb860,https://github.com/go-gitea/gitea/compare/f2f99a7d0c7ea3c667d254062d648ec387e3ea09...8e0548ed4a97470e1f4c6b61e398522fd1adb860
498,Gitea,632800eda7108e5e8d90dd9e3e985da3deecf365,ef825bd242e9f8615007dbd7ddaaa81386ea1048,14189,https://github.com/go-gitea/gitea/issues/14189,https://github.com/go-gitea/gitea/tree/632800eda7108e5e8d90dd9e3e985da3deecf365,https://github.com/go-gitea/gitea/tree/ef825bd242e9f8615007dbd7ddaaa81386ea1048,https://github.com/go-gitea/gitea/compare/632800eda7108e5e8d90dd9e3e985da3deecf365...ef825bd242e9f8615007dbd7ddaaa81386ea1048
499,Gitea,efa9a8a6e308489cf5b5e0174007d78390c5f0e6,e2b069e57784075124863a3926c7f1d89fa760a9,13984,https://github.com/go-gitea/gitea/issues/13984,https://github.com/go-gitea/gitea/tree/efa9a8a6e308489cf5b5e0174007d78390c5f0e6,https://github.com/go-gitea/gitea/tree/e2b069e57784075124863a3926c7f1d89fa760a9,https://github.com/go-gitea/gitea/compare/efa9a8a6e308489cf5b5e0174007d78390c5f0e6...e2b069e57784075124863a3926c7f1d89fa760a9
500,Gitea,4c2a1c01a84d6718441863682d44d4a5635af703,fa2e34928d56598268bbf37e175a291a4b40e92c,14111,https://github.com/go-gitea/gitea/issues/14111,https://github.com/go-gitea/gitea/tree/4c2a1c01a84d6718441863682d44d4a5635af703,https://github.com/go-gitea/gitea/tree/fa2e34928d56598268bbf37e175a291a4b40e92c,https://github.com/go-gitea/gitea/compare/4c2a1c01a84d6718441863682d44d4a5635af703...fa2e34928d56598268bbf37e175a291a4b40e92c
501,Gitea,ef825bd242e9f8615007dbd7ddaaa81386ea1048,b003116fcaf6c1501eb210f7cda83e8f64cbc608,14185,https://github.com/go-gitea/gitea/issues/14185,https://github.com/go-gitea/gitea/tree/ef825bd242e9f8615007dbd7ddaaa81386ea1048,https://github.com/go-gitea/gitea/tree/b003116fcaf6c1501eb210f7cda83e8f64cbc608,https://github.com/go-gitea/gitea/compare/ef825bd242e9f8615007dbd7ddaaa81386ea1048...b003116fcaf6c1501eb210f7cda83e8f64cbc608
502,Gitea,ac88b0ee839bfbfae5759e211d0f9a69abe4d8f7,e6acce649b348cc497b999100a170866a90c87b8,13450,https://github.com/go-gitea/gitea/issues/13450,https://github.com/go-gitea/gitea/tree/ac88b0ee839bfbfae5759e211d0f9a69abe4d8f7,https://github.com/go-gitea/gitea/tree/e6acce649b348cc497b999100a170866a90c87b8,https://github.com/go-gitea/gitea/compare/ac88b0ee839bfbfae5759e211d0f9a69abe4d8f7...e6acce649b348cc497b999100a170866a90c87b8
503,Gitea,ac88b0ee839bfbfae5759e211d0f9a69abe4d8f7,e6acce649b348cc497b999100a170866a90c87b8,14187,https://github.com/go-gitea/gitea/issues/14187,https://github.com/go-gitea/gitea/tree/ac88b0ee839bfbfae5759e211d0f9a69abe4d8f7,https://github.com/go-gitea/gitea/tree/e6acce649b348cc497b999100a170866a90c87b8,https://github.com/go-gitea/gitea/compare/ac88b0ee839bfbfae5759e211d0f9a69abe4d8f7...e6acce649b348cc497b999100a170866a90c87b8
504,Gitea,4f2f08bd804a6b900e9e7e7bd7f6e7f073581966,a07e67d9cc39506c149cfadcf0d6f2ab234cf7f6,1310,https://github.com/go-gitea/gitea/issues/1310,https://github.com/go-gitea/gitea/tree/4f2f08bd804a6b900e9e7e7bd7f6e7f073581966,https://github.com/go-gitea/gitea/tree/a07e67d9cc39506c149cfadcf0d6f2ab234cf7f6,https://github.com/go-gitea/gitea/compare/4f2f08bd804a6b900e9e7e7bd7f6e7f073581966...a07e67d9cc39506c149cfadcf0d6f2ab234cf7f6
505,Gitea,4092c044e0ccd0f3b6c9224c34fb7d1265851f4b,21fbee150315f3d07032e89b449674547b6682a3,14232,https://github.com/go-gitea/gitea/issues/14232,https://github.com/go-gitea/gitea/tree/4092c044e0ccd0f3b6c9224c34fb7d1265851f4b,https://github.com/go-gitea/gitea/tree/21fbee150315f3d07032e89b449674547b6682a3,https://github.com/go-gitea/gitea/compare/4092c044e0ccd0f3b6c9224c34fb7d1265851f4b...21fbee150315f3d07032e89b449674547b6682a3
506,Gitea,4092c044e0ccd0f3b6c9224c34fb7d1265851f4b,21fbee150315f3d07032e89b449674547b6682a3,14235,https://github.com/go-gitea/gitea/issues/14235,https://github.com/go-gitea/gitea/tree/4092c044e0ccd0f3b6c9224c34fb7d1265851f4b,https://github.com/go-gitea/gitea/tree/21fbee150315f3d07032e89b449674547b6682a3,https://github.com/go-gitea/gitea/compare/4092c044e0ccd0f3b6c9224c34fb7d1265851f4b...21fbee150315f3d07032e89b449674547b6682a3
507,Gitea,4092c044e0ccd0f3b6c9224c34fb7d1265851f4b,21fbee150315f3d07032e89b449674547b6682a3,14236,https://github.com/go-gitea/gitea/issues/14236,https://github.com/go-gitea/gitea/tree/4092c044e0ccd0f3b6c9224c34fb7d1265851f4b,https://github.com/go-gitea/gitea/tree/21fbee150315f3d07032e89b449674547b6682a3,https://github.com/go-gitea/gitea/compare/4092c044e0ccd0f3b6c9224c34fb7d1265851f4b...21fbee150315f3d07032e89b449674547b6682a3
508,Gitea,ce43d38b4ffa40255cc8f859c5b31f59351f827c,bcb7f352215be12368de937fc0faa91cdb3d639a,8861,https://github.com/go-gitea/gitea/issues/8861,https://github.com/go-gitea/gitea/tree/ce43d38b4ffa40255cc8f859c5b31f59351f827c,https://github.com/go-gitea/gitea/tree/bcb7f352215be12368de937fc0faa91cdb3d639a,https://github.com/go-gitea/gitea/compare/ce43d38b4ffa40255cc8f859c5b31f59351f827c...bcb7f352215be12368de937fc0faa91cdb3d639a
509,Gitea,bdeccc36886d6df4f2a8fce9e5f71e866e9902fc,5a94db37ed16b253bf6e43ae6337f3a3c21f6d70,8356,https://github.com/go-gitea/gitea/issues/8356,https://github.com/go-gitea/gitea/tree/bdeccc36886d6df4f2a8fce9e5f71e866e9902fc,https://github.com/go-gitea/gitea/tree/5a94db37ed16b253bf6e43ae6337f3a3c21f6d70,https://github.com/go-gitea/gitea/compare/bdeccc36886d6df4f2a8fce9e5f71e866e9902fc...5a94db37ed16b253bf6e43ae6337f3a3c21f6d70
510,Gitea,ad1164f73ba277f11a20ea838a62d9b8c8a7cb45,24ecdbdb0d254879d1e060bbaec01c0f7ad9cde9,12014,https://github.com/go-gitea/gitea/issues/12014,https://github.com/go-gitea/gitea/tree/ad1164f73ba277f11a20ea838a62d9b8c8a7cb45,https://github.com/go-gitea/gitea/tree/24ecdbdb0d254879d1e060bbaec01c0f7ad9cde9,https://github.com/go-gitea/gitea/compare/ad1164f73ba277f11a20ea838a62d9b8c8a7cb45...24ecdbdb0d254879d1e060bbaec01c0f7ad9cde9
511,Gitea,d44f192d3e584489de560485f871d3600f75a1cd,ac88b0ee839bfbfae5759e211d0f9a69abe4d8f7,14088,https://github.com/go-gitea/gitea/issues/14088,https://github.com/go-gitea/gitea/tree/d44f192d3e584489de560485f871d3600f75a1cd,https://github.com/go-gitea/gitea/tree/ac88b0ee839bfbfae5759e211d0f9a69abe4d8f7,https://github.com/go-gitea/gitea/compare/d44f192d3e584489de560485f871d3600f75a1cd...ac88b0ee839bfbfae5759e211d0f9a69abe4d8f7
512,Gitea,7576e37a65729363370d6672ff6e69e87b68ac5f,44ff1d6a1e20694b678ba53b0f1e03e9c7c5b8a6,14223,https://github.com/go-gitea/gitea/issues/14223,https://github.com/go-gitea/gitea/tree/7576e37a65729363370d6672ff6e69e87b68ac5f,https://github.com/go-gitea/gitea/tree/44ff1d6a1e20694b678ba53b0f1e03e9c7c5b8a6,https://github.com/go-gitea/gitea/compare/7576e37a65729363370d6672ff6e69e87b68ac5f...44ff1d6a1e20694b678ba53b0f1e03e9c7c5b8a6
513,Gitea,736928286be3e0b0847bacd72720ff4332ac0073,d989247bb08d2b8eb144e7a0edeaedfc26d08175,14250,https://github.com/go-gitea/gitea/issues/14250,https://github.com/go-gitea/gitea/tree/736928286be3e0b0847bacd72720ff4332ac0073,https://github.com/go-gitea/gitea/tree/d989247bb08d2b8eb144e7a0edeaedfc26d08175,https://github.com/go-gitea/gitea/compare/736928286be3e0b0847bacd72720ff4332ac0073...d989247bb08d2b8eb144e7a0edeaedfc26d08175
514,Gitea,3c965c3e308a9399b6598e9d0f545f4e31fc578d,80b1d02b2f631a9e68120715a82f7f41f203ef79,14531,https://github.com/go-gitea/gitea/issues/14531,https://github.com/go-gitea/gitea/tree/3c965c3e308a9399b6598e9d0f545f4e31fc578d,https://github.com/go-gitea/gitea/tree/80b1d02b2f631a9e68120715a82f7f41f203ef79,https://github.com/go-gitea/gitea/compare/3c965c3e308a9399b6598e9d0f545f4e31fc578d...80b1d02b2f631a9e68120715a82f7f41f203ef79
515,Gitea,0f726caf97e4b682172f23fb46d3992f60ed6ed2,a598877fdf64a37b20eb1bf4372cbe798fc94486,10741,https://github.com/go-gitea/gitea/issues/10741,https://github.com/go-gitea/gitea/tree/0f726caf97e4b682172f23fb46d3992f60ed6ed2,https://github.com/go-gitea/gitea/tree/a598877fdf64a37b20eb1bf4372cbe798fc94486,https://github.com/go-gitea/gitea/compare/0f726caf97e4b682172f23fb46d3992f60ed6ed2...a598877fdf64a37b20eb1bf4372cbe798fc94486
516,Gitea,4c6e0295069a3c2f0df3d9f30560906bc2aa73a8,a51cc6dea41b154b946e982fde6cc1a600210a71,14121,https://github.com/go-gitea/gitea/issues/14121,https://github.com/go-gitea/gitea/tree/4c6e0295069a3c2f0df3d9f30560906bc2aa73a8,https://github.com/go-gitea/gitea/tree/a51cc6dea41b154b946e982fde6cc1a600210a71,https://github.com/go-gitea/gitea/compare/4c6e0295069a3c2f0df3d9f30560906bc2aa73a8...a51cc6dea41b154b946e982fde6cc1a600210a71
517,Gitea,271a011ba1b545c838eea450982c43dabcfecf71,6764e8f7b8d53e377d50766f051dc77fb5cb9f5d,12684,https://github.com/go-gitea/gitea/issues/12684,https://github.com/go-gitea/gitea/tree/271a011ba1b545c838eea450982c43dabcfecf71,https://github.com/go-gitea/gitea/tree/6764e8f7b8d53e377d50766f051dc77fb5cb9f5d,https://github.com/go-gitea/gitea/compare/271a011ba1b545c838eea450982c43dabcfecf71...6764e8f7b8d53e377d50766f051dc77fb5cb9f5d
518,Gitea,30f7ddb833adfe276a93c1a79e243b8d33bdd41e,f82b1dd7c384e0295530f2ded53c0938f7b2fc9b,14466,https://github.com/go-gitea/gitea/issues/14466,https://github.com/go-gitea/gitea/tree/30f7ddb833adfe276a93c1a79e243b8d33bdd41e,https://github.com/go-gitea/gitea/tree/f82b1dd7c384e0295530f2ded53c0938f7b2fc9b,https://github.com/go-gitea/gitea/compare/30f7ddb833adfe276a93c1a79e243b8d33bdd41e...f82b1dd7c384e0295530f2ded53c0938f7b2fc9b
519,Gitea,e65cfabda7caa22eef92137c5c501d1c60fcc42a,3477e616abe9ad47eb020d19a3ac925bd961e47b,13618,https://github.com/go-gitea/gitea/issues/13618,https://github.com/go-gitea/gitea/tree/e65cfabda7caa22eef92137c5c501d1c60fcc42a,https://github.com/go-gitea/gitea/tree/3477e616abe9ad47eb020d19a3ac925bd961e47b,https://github.com/go-gitea/gitea/compare/e65cfabda7caa22eef92137c5c501d1c60fcc42a...3477e616abe9ad47eb020d19a3ac925bd961e47b
520,Gitea,98827e99f63178c43187e686ffc4bf03d9d18d36,378acc9d966554299e4a7dbe15e6e41026963653,14545,https://github.com/go-gitea/gitea/issues/14545,https://github.com/go-gitea/gitea/tree/98827e99f63178c43187e686ffc4bf03d9d18d36,https://github.com/go-gitea/gitea/tree/378acc9d966554299e4a7dbe15e6e41026963653,https://github.com/go-gitea/gitea/compare/98827e99f63178c43187e686ffc4bf03d9d18d36...378acc9d966554299e4a7dbe15e6e41026963653
521,Gitea,4457d0e8d9b09e7577242a8bc005ef9d43be4e8c,f72ce26326ea31d4bea8116e11c4c4f96b68639d,8030,https://github.com/go-gitea/gitea/issues/8030,https://github.com/go-gitea/gitea/tree/4457d0e8d9b09e7577242a8bc005ef9d43be4e8c,https://github.com/go-gitea/gitea/tree/f72ce26326ea31d4bea8116e11c4c4f96b68639d,https://github.com/go-gitea/gitea/compare/4457d0e8d9b09e7577242a8bc005ef9d43be4e8c...f72ce26326ea31d4bea8116e11c4c4f96b68639d
522,Gitea,0a23079485b8f40bc86f6869a202be8be2727cc6,4cffc46f651205b9d7eb0b1df46dd6117c6d95e9,13688,https://github.com/go-gitea/gitea/issues/13688,https://github.com/go-gitea/gitea/tree/0a23079485b8f40bc86f6869a202be8be2727cc6,https://github.com/go-gitea/gitea/tree/4cffc46f651205b9d7eb0b1df46dd6117c6d95e9,https://github.com/go-gitea/gitea/compare/0a23079485b8f40bc86f6869a202be8be2727cc6...4cffc46f651205b9d7eb0b1df46dd6117c6d95e9
523,Gitea,b3c2e23cbbfc6386f0d35e252051f9f74f548f98,c9f1baf62024017f1dfb2f582252978828a92f15,14525,https://github.com/go-gitea/gitea/issues/14525,https://github.com/go-gitea/gitea/tree/b3c2e23cbbfc6386f0d35e252051f9f74f548f98,https://github.com/go-gitea/gitea/tree/c9f1baf62024017f1dfb2f582252978828a92f15,https://github.com/go-gitea/gitea/compare/b3c2e23cbbfc6386f0d35e252051f9f74f548f98...c9f1baf62024017f1dfb2f582252978828a92f15
524,Gitea,f9abf94bd99b5b9c603037aaad4dd327b68263bd,0a23079485b8f40bc86f6869a202be8be2727cc6,14470,https://github.com/go-gitea/gitea/issues/14470,https://github.com/go-gitea/gitea/tree/f9abf94bd99b5b9c603037aaad4dd327b68263bd,https://github.com/go-gitea/gitea/tree/0a23079485b8f40bc86f6869a202be8be2727cc6,https://github.com/go-gitea/gitea/compare/f9abf94bd99b5b9c603037aaad4dd327b68263bd...0a23079485b8f40bc86f6869a202be8be2727cc6
525,Gitea,3a4801d1958ce33c9b893433c096281aa5b9b1c5,30f7ddb833adfe276a93c1a79e243b8d33bdd41e,14571,https://github.com/go-gitea/gitea/issues/14571,https://github.com/go-gitea/gitea/tree/3a4801d1958ce33c9b893433c096281aa5b9b1c5,https://github.com/go-gitea/gitea/tree/30f7ddb833adfe276a93c1a79e243b8d33bdd41e,https://github.com/go-gitea/gitea/compare/3a4801d1958ce33c9b893433c096281aa5b9b1c5...30f7ddb833adfe276a93c1a79e243b8d33bdd41e
526,Gitea,c0c59a4c99538fcc246ec3209a14db41a5f7dc3f,f9abf94bd99b5b9c603037aaad4dd327b68263bd,13684,https://github.com/go-gitea/gitea/issues/13684,https://github.com/go-gitea/gitea/tree/c0c59a4c99538fcc246ec3209a14db41a5f7dc3f,https://github.com/go-gitea/gitea/tree/f9abf94bd99b5b9c603037aaad4dd327b68263bd,https://github.com/go-gitea/gitea/compare/c0c59a4c99538fcc246ec3209a14db41a5f7dc3f...f9abf94bd99b5b9c603037aaad4dd327b68263bd
527,Gitea,aa4f9180e4932a9813e898bf3bd9ac91924eeb03,91424fff3def09970c71c5725643daa4c5b141de,14435,https://github.com/go-gitea/gitea/issues/14435,https://github.com/go-gitea/gitea/tree/aa4f9180e4932a9813e898bf3bd9ac91924eeb03,https://github.com/go-gitea/gitea/tree/91424fff3def09970c71c5725643daa4c5b141de,https://github.com/go-gitea/gitea/compare/aa4f9180e4932a9813e898bf3bd9ac91924eeb03...91424fff3def09970c71c5725643daa4c5b141de
528,Gitea,5e4fa7c703726cfc18ce8741a5d829173f3fec5c,b3c2e23cbbfc6386f0d35e252051f9f74f548f98,14311,https://github.com/go-gitea/gitea/issues/14311,https://github.com/go-gitea/gitea/tree/5e4fa7c703726cfc18ce8741a5d829173f3fec5c,https://github.com/go-gitea/gitea/tree/b3c2e23cbbfc6386f0d35e252051f9f74f548f98,https://github.com/go-gitea/gitea/compare/5e4fa7c703726cfc18ce8741a5d829173f3fec5c...b3c2e23cbbfc6386f0d35e252051f9f74f548f98
529,Gitea,ebddee8d2b46afc8f297ef86463590db57367e70,66a148e398c3c944e2b79187c09ef0bb7bdfdd5e,14502,https://github.com/go-gitea/gitea/issues/14502,https://github.com/go-gitea/gitea/tree/ebddee8d2b46afc8f297ef86463590db57367e70,https://github.com/go-gitea/gitea/tree/66a148e398c3c944e2b79187c09ef0bb7bdfdd5e,https://github.com/go-gitea/gitea/compare/ebddee8d2b46afc8f297ef86463590db57367e70...66a148e398c3c944e2b79187c09ef0bb7bdfdd5e
530,Gitea,f3847c9d8203021732c331431e0755f98ca260de,beb2058186e81a49dbe7932123bf63bbe1f32d35,14231,https://github.com/go-gitea/gitea/issues/14231,https://github.com/go-gitea/gitea/tree/f3847c9d8203021732c331431e0755f98ca260de,https://github.com/go-gitea/gitea/tree/beb2058186e81a49dbe7932123bf63bbe1f32d35,https://github.com/go-gitea/gitea/compare/f3847c9d8203021732c331431e0755f98ca260de...beb2058186e81a49dbe7932123bf63bbe1f32d35
531,Gitea,2e8ce1eaed8f3dcf4c812c7408a851f91abfb76c,cf29cb30d321204eeddc7c628240a197757ba1b1,14422,https://github.com/go-gitea/gitea/issues/14422,https://github.com/go-gitea/gitea/tree/2e8ce1eaed8f3dcf4c812c7408a851f91abfb76c,https://github.com/go-gitea/gitea/tree/cf29cb30d321204eeddc7c628240a197757ba1b1,https://github.com/go-gitea/gitea/compare/2e8ce1eaed8f3dcf4c812c7408a851f91abfb76c...cf29cb30d321204eeddc7c628240a197757ba1b1
532,Gitea,904a26c57c474e0ed7b43dc37269f69b49240301,3d8b5ad5f37f495e50d83bbad214f8061f8a5ac4,14711,https://github.com/go-gitea/gitea/issues/14711,https://github.com/go-gitea/gitea/tree/904a26c57c474e0ed7b43dc37269f69b49240301,https://github.com/go-gitea/gitea/tree/3d8b5ad5f37f495e50d83bbad214f8061f8a5ac4,https://github.com/go-gitea/gitea/compare/904a26c57c474e0ed7b43dc37269f69b49240301...3d8b5ad5f37f495e50d83bbad214f8061f8a5ac4
533,Gitea,85e6e07346fd408451d69f6ecc3d06c2b46bbb25,59fd641d1fb021e35aea7f9f4a1916cc11ef5c51,14775,https://github.com/go-gitea/gitea/issues/14775,https://github.com/go-gitea/gitea/tree/85e6e07346fd408451d69f6ecc3d06c2b46bbb25,https://github.com/go-gitea/gitea/tree/59fd641d1fb021e35aea7f9f4a1916cc11ef5c51,https://github.com/go-gitea/gitea/compare/85e6e07346fd408451d69f6ecc3d06c2b46bbb25...59fd641d1fb021e35aea7f9f4a1916cc11ef5c51
534,Gitea,f878c8231f9e8a29668e19d27c29eedb1c6dab0e,def964e57fae6dadf124f07d3b250b0a09a37546,13663,https://github.com/go-gitea/gitea/issues/13663,https://github.com/go-gitea/gitea/tree/f878c8231f9e8a29668e19d27c29eedb1c6dab0e,https://github.com/go-gitea/gitea/tree/def964e57fae6dadf124f07d3b250b0a09a37546,https://github.com/go-gitea/gitea/compare/f878c8231f9e8a29668e19d27c29eedb1c6dab0e...def964e57fae6dadf124f07d3b250b0a09a37546
535,Gitea,0a8a3ab0f5b46cc5280976c07a16d8721186f9f6,7525450232337a5c7144565ba92e2a7c18082e1d,14821,https://github.com/go-gitea/gitea/issues/14821,https://github.com/go-gitea/gitea/tree/0a8a3ab0f5b46cc5280976c07a16d8721186f9f6,https://github.com/go-gitea/gitea/tree/7525450232337a5c7144565ba92e2a7c18082e1d,https://github.com/go-gitea/gitea/compare/0a8a3ab0f5b46cc5280976c07a16d8721186f9f6...7525450232337a5c7144565ba92e2a7c18082e1d
536,Gitea,0bdeb2b3029dc46c3e409dc043d07bf36d581be5,59d1cc49f1d7c63d25e2a139befc8c02b830ba09,8716,https://github.com/go-gitea/gitea/issues/8716,https://github.com/go-gitea/gitea/tree/0bdeb2b3029dc46c3e409dc043d07bf36d581be5,https://github.com/go-gitea/gitea/tree/59d1cc49f1d7c63d25e2a139befc8c02b830ba09,https://github.com/go-gitea/gitea/compare/0bdeb2b3029dc46c3e409dc043d07bf36d581be5...59d1cc49f1d7c63d25e2a139befc8c02b830ba09
537,Gitea,beed5476e2831f7a0943d484873f4f49dfdd256f,9b261f52f074fcc11fd705dae63084364c4f7adf,5583,https://github.com/go-gitea/gitea/issues/5583,https://github.com/go-gitea/gitea/tree/beed5476e2831f7a0943d484873f4f49dfdd256f,https://github.com/go-gitea/gitea/tree/9b261f52f074fcc11fd705dae63084364c4f7adf,https://github.com/go-gitea/gitea/compare/beed5476e2831f7a0943d484873f4f49dfdd256f...9b261f52f074fcc11fd705dae63084364c4f7adf
538,Gitea,09fe0abb32d9b171f1e4b7d75928dfe77735585b,78b7529cd471eafefd555fe82b8dbb8b63dcd9f5,14536,https://github.com/go-gitea/gitea/issues/14536,https://github.com/go-gitea/gitea/tree/09fe0abb32d9b171f1e4b7d75928dfe77735585b,https://github.com/go-gitea/gitea/tree/78b7529cd471eafefd555fe82b8dbb8b63dcd9f5,https://github.com/go-gitea/gitea/compare/09fe0abb32d9b171f1e4b7d75928dfe77735585b...78b7529cd471eafefd555fe82b8dbb8b63dcd9f5
539,Gitea,c03f530212249b18ffb73dfa47c99e9a4ed7c86c,eb576269d4fe83684c6946c2fa65038391362075,14700,https://github.com/go-gitea/gitea/issues/14700,https://github.com/go-gitea/gitea/tree/c03f530212249b18ffb73dfa47c99e9a4ed7c86c,https://github.com/go-gitea/gitea/tree/eb576269d4fe83684c6946c2fa65038391362075,https://github.com/go-gitea/gitea/compare/c03f530212249b18ffb73dfa47c99e9a4ed7c86c...eb576269d4fe83684c6946c2fa65038391362075
540,Gitea,eb576269d4fe83684c6946c2fa65038391362075,61711143b9c0cd498e308833e6fc9996c4f0bb53,14854,https://github.com/go-gitea/gitea/issues/14854,https://github.com/go-gitea/gitea/tree/eb576269d4fe83684c6946c2fa65038391362075,https://github.com/go-gitea/gitea/tree/61711143b9c0cd498e308833e6fc9996c4f0bb53,https://github.com/go-gitea/gitea/compare/eb576269d4fe83684c6946c2fa65038391362075...61711143b9c0cd498e308833e6fc9996c4f0bb53
541,Gitea,4ba8572361f7d8067efd6b0ce36c259eac6c5b4d,beed5476e2831f7a0943d484873f4f49dfdd256f,14906,https://github.com/go-gitea/gitea/issues/14906,https://github.com/go-gitea/gitea/tree/4ba8572361f7d8067efd6b0ce36c259eac6c5b4d,https://github.com/go-gitea/gitea/tree/beed5476e2831f7a0943d484873f4f49dfdd256f,https://github.com/go-gitea/gitea/compare/4ba8572361f7d8067efd6b0ce36c259eac6c5b4d...beed5476e2831f7a0943d484873f4f49dfdd256f
542,Gitea,f4ce10c6a35b90b8e3943bbb66fa63e731d56e08,14d8cb781911ebb5a44fbcf02738e8e02f492e04,12675,https://github.com/go-gitea/gitea/issues/12675,https://github.com/go-gitea/gitea/tree/f4ce10c6a35b90b8e3943bbb66fa63e731d56e08,https://github.com/go-gitea/gitea/tree/14d8cb781911ebb5a44fbcf02738e8e02f492e04,https://github.com/go-gitea/gitea/compare/f4ce10c6a35b90b8e3943bbb66fa63e731d56e08...14d8cb781911ebb5a44fbcf02738e8e02f492e04
543,Gitea,83cf1a894e5a3a60ea72fa6b92744cb0705dd145,030646eea41e17e58e11e73b19339630b6d6148e,14766,https://github.com/go-gitea/gitea/issues/14766,https://github.com/go-gitea/gitea/tree/83cf1a894e5a3a60ea72fa6b92744cb0705dd145,https://github.com/go-gitea/gitea/tree/030646eea41e17e58e11e73b19339630b6d6148e,https://github.com/go-gitea/gitea/compare/83cf1a894e5a3a60ea72fa6b92744cb0705dd145...030646eea41e17e58e11e73b19339630b6d6148e
544,Gitea,59d1cc49f1d7c63d25e2a139befc8c02b830ba09,0044e804912099a6478b747230cdc37b2c8a3047,7204,https://github.com/go-gitea/gitea/issues/7204,https://github.com/go-gitea/gitea/tree/59d1cc49f1d7c63d25e2a139befc8c02b830ba09,https://github.com/go-gitea/gitea/tree/0044e804912099a6478b747230cdc37b2c8a3047,https://github.com/go-gitea/gitea/compare/59d1cc49f1d7c63d25e2a139befc8c02b830ba09...0044e804912099a6478b747230cdc37b2c8a3047
545,Gitea,bc423a1e8445c01b5f590b86657c9a49b0bfdd8c,c8e5c79cfda7e4c36b1a98c1abd3cdb50bde9d77,2908,https://github.com/go-gitea/gitea/issues/2908,https://github.com/go-gitea/gitea/tree/bc423a1e8445c01b5f590b86657c9a49b0bfdd8c,https://github.com/go-gitea/gitea/tree/c8e5c79cfda7e4c36b1a98c1abd3cdb50bde9d77,https://github.com/go-gitea/gitea/compare/bc423a1e8445c01b5f590b86657c9a49b0bfdd8c...c8e5c79cfda7e4c36b1a98c1abd3cdb50bde9d77
546,Gitea,c8e5c79cfda7e4c36b1a98c1abd3cdb50bde9d77,5705f72fd6a1c0ebe3f3127faa7ebea5af7100d0,14956,https://github.com/go-gitea/gitea/issues/14956,https://github.com/go-gitea/gitea/tree/c8e5c79cfda7e4c36b1a98c1abd3cdb50bde9d77,https://github.com/go-gitea/gitea/tree/5705f72fd6a1c0ebe3f3127faa7ebea5af7100d0,https://github.com/go-gitea/gitea/compare/c8e5c79cfda7e4c36b1a98c1abd3cdb50bde9d77...5705f72fd6a1c0ebe3f3127faa7ebea5af7100d0
547,Gitea,fc4a8c298031d64d5351898f5e79b35e070cf85f,0a9a484e1e2c082f7ebd747837e9c9557b3bacac,7137,https://github.com/go-gitea/gitea/issues/7137,https://github.com/go-gitea/gitea/tree/fc4a8c298031d64d5351898f5e79b35e070cf85f,https://github.com/go-gitea/gitea/tree/0a9a484e1e2c082f7ebd747837e9c9557b3bacac,https://github.com/go-gitea/gitea/compare/fc4a8c298031d64d5351898f5e79b35e070cf85f...0a9a484e1e2c082f7ebd747837e9c9557b3bacac
548,Gitea,a44b2d01d2188c45242717c69eb277314eb64f00,df76d9f7ad0bf2f54e3d09d3238d77049226d693,14941,https://github.com/go-gitea/gitea/issues/14941,https://github.com/go-gitea/gitea/tree/a44b2d01d2188c45242717c69eb277314eb64f00,https://github.com/go-gitea/gitea/tree/df76d9f7ad0bf2f54e3d09d3238d77049226d693,https://github.com/go-gitea/gitea/compare/a44b2d01d2188c45242717c69eb277314eb64f00...df76d9f7ad0bf2f54e3d09d3238d77049226d693
549,Gitea,f268b4896b1030761b28f1f8923d77d87adb8f0b,6e423d5573c20b78d6e21cb044e8f4d5de5b288a,14984,https://github.com/go-gitea/gitea/issues/14984,https://github.com/go-gitea/gitea/tree/f268b4896b1030761b28f1f8923d77d87adb8f0b,https://github.com/go-gitea/gitea/tree/6e423d5573c20b78d6e21cb044e8f4d5de5b288a,https://github.com/go-gitea/gitea/compare/f268b4896b1030761b28f1f8923d77d87adb8f0b...6e423d5573c20b78d6e21cb044e8f4d5de5b288a
550,Gitea,855a4f476e848dcb60422d299f003e69adbdc79a,ccfb205ad126ac6fa3490e43a8075947e05a731a,14840,https://github.com/go-gitea/gitea/issues/14840,https://github.com/go-gitea/gitea/tree/855a4f476e848dcb60422d299f003e69adbdc79a,https://github.com/go-gitea/gitea/tree/ccfb205ad126ac6fa3490e43a8075947e05a731a,https://github.com/go-gitea/gitea/compare/855a4f476e848dcb60422d299f003e69adbdc79a...ccfb205ad126ac6fa3490e43a8075947e05a731a
551,Gitea,6463483ec5d441879037d43b0de24f5e92f927d0,164e35ead3c1b9b82d4a23644f6fe96652a747eb,12925,https://github.com/go-gitea/gitea/issues/12925,https://github.com/go-gitea/gitea/tree/6463483ec5d441879037d43b0de24f5e92f927d0,https://github.com/go-gitea/gitea/tree/164e35ead3c1b9b82d4a23644f6fe96652a747eb,https://github.com/go-gitea/gitea/compare/6463483ec5d441879037d43b0de24f5e92f927d0...164e35ead3c1b9b82d4a23644f6fe96652a747eb
552,Gitea,42b9b46ad22840966ecac70ae4e319c49fda3d7e,ff1bccf3ddf0662f58f9e1a532b8b082ae04af23,14968,https://github.com/go-gitea/gitea/issues/14968,https://github.com/go-gitea/gitea/tree/42b9b46ad22840966ecac70ae4e319c49fda3d7e,https://github.com/go-gitea/gitea/tree/ff1bccf3ddf0662f58f9e1a532b8b082ae04af23,https://github.com/go-gitea/gitea/compare/42b9b46ad22840966ecac70ae4e319c49fda3d7e...ff1bccf3ddf0662f58f9e1a532b8b082ae04af23
553,Gitea,d099f0858f7554bd21c871bedb5e60e20e0eb9c9,f5b6dc9759e8077f76072dbb01586f9876ccafbf,15184,https://github.com/go-gitea/gitea/issues/15184,https://github.com/go-gitea/gitea/tree/d099f0858f7554bd21c871bedb5e60e20e0eb9c9,https://github.com/go-gitea/gitea/tree/f5b6dc9759e8077f76072dbb01586f9876ccafbf,https://github.com/go-gitea/gitea/compare/d099f0858f7554bd21c871bedb5e60e20e0eb9c9...f5b6dc9759e8077f76072dbb01586f9876ccafbf
554,Gitea,f07b137e040dc0531ce646763a5c874547d1ac7f,007fb00c0ec613b89e2a272f224b60c174fc78bd,15217,https://github.com/go-gitea/gitea/issues/15217,https://github.com/go-gitea/gitea/tree/f07b137e040dc0531ce646763a5c874547d1ac7f,https://github.com/go-gitea/gitea/tree/007fb00c0ec613b89e2a272f224b60c174fc78bd,https://github.com/go-gitea/gitea/compare/f07b137e040dc0531ce646763a5c874547d1ac7f...007fb00c0ec613b89e2a272f224b60c174fc78bd
555,Gitea,ff460ca74d37b1eadac63b8858d0daa1690e0e2f,a351b22dc0319a99ef68048529e533c7e91a9c8c,15198,https://github.com/go-gitea/gitea/issues/15198,https://github.com/go-gitea/gitea/tree/ff460ca74d37b1eadac63b8858d0daa1690e0e2f,https://github.com/go-gitea/gitea/tree/a351b22dc0319a99ef68048529e533c7e91a9c8c,https://github.com/go-gitea/gitea/compare/ff460ca74d37b1eadac63b8858d0daa1690e0e2f...a351b22dc0319a99ef68048529e533c7e91a9c8c
556,Gitea,b62bd8e7c0b54b6217abf67124c2a6cdd70be960,f544414a232c148d4baf2e9d807f6cbffed67928,15335,https://github.com/go-gitea/gitea/issues/15335,https://github.com/go-gitea/gitea/tree/b62bd8e7c0b54b6217abf67124c2a6cdd70be960,https://github.com/go-gitea/gitea/tree/f544414a232c148d4baf2e9d807f6cbffed67928,https://github.com/go-gitea/gitea/compare/b62bd8e7c0b54b6217abf67124c2a6cdd70be960...f544414a232c148d4baf2e9d807f6cbffed67928
557,Gitea,71aca93decc10253133dcd77b64dae5d311d7163,070c57867d95e4555b5c9ab83a66eb35a3ae2bb4,14725,https://github.com/go-gitea/gitea/issues/14725,https://github.com/go-gitea/gitea/tree/71aca93decc10253133dcd77b64dae5d311d7163,https://github.com/go-gitea/gitea/tree/070c57867d95e4555b5c9ab83a66eb35a3ae2bb4,https://github.com/go-gitea/gitea/compare/71aca93decc10253133dcd77b64dae5d311d7163...070c57867d95e4555b5c9ab83a66eb35a3ae2bb4
558,Gitea,84f5a0bc62568b6d0a67969e460f4d41339a07d6,c680eb2cc74823f017f5ad5a4c9e8094cde311f4,15075,https://github.com/go-gitea/gitea/issues/15075,https://github.com/go-gitea/gitea/tree/84f5a0bc62568b6d0a67969e460f4d41339a07d6,https://github.com/go-gitea/gitea/tree/c680eb2cc74823f017f5ad5a4c9e8094cde311f4,https://github.com/go-gitea/gitea/compare/84f5a0bc62568b6d0a67969e460f4d41339a07d6...c680eb2cc74823f017f5ad5a4c9e8094cde311f4
559,Gitea,07aa3845f88b83c08b64ee6d96e250ac5d1359fc,b9ed3cbc26ca20e0c88a66ed42dbc1268a2343bc,15349,https://github.com/go-gitea/gitea/issues/15349,https://github.com/go-gitea/gitea/tree/07aa3845f88b83c08b64ee6d96e250ac5d1359fc,https://github.com/go-gitea/gitea/tree/b9ed3cbc26ca20e0c88a66ed42dbc1268a2343bc,https://github.com/go-gitea/gitea/compare/07aa3845f88b83c08b64ee6d96e250ac5d1359fc...b9ed3cbc26ca20e0c88a66ed42dbc1268a2343bc
560,Gitea,51313fbb633c8d2fd710e7a44acdd3a77f1ae32c,27f9bda769401626f78dc3ee1c4ebedab6550ca8,15421,https://github.com/go-gitea/gitea/issues/15421,https://github.com/go-gitea/gitea/tree/51313fbb633c8d2fd710e7a44acdd3a77f1ae32c,https://github.com/go-gitea/gitea/tree/27f9bda769401626f78dc3ee1c4ebedab6550ca8,https://github.com/go-gitea/gitea/compare/51313fbb633c8d2fd710e7a44acdd3a77f1ae32c...27f9bda769401626f78dc3ee1c4ebedab6550ca8
561,Gitea,078df7a39272fb4c20db2d72b39338f3d4920f1b,1426601cf7dd6e2cefca218a84d38905dc1cb295,14793,https://github.com/go-gitea/gitea/issues/14793,https://github.com/go-gitea/gitea/tree/078df7a39272fb4c20db2d72b39338f3d4920f1b,https://github.com/go-gitea/gitea/tree/1426601cf7dd6e2cefca218a84d38905dc1cb295,https://github.com/go-gitea/gitea/compare/078df7a39272fb4c20db2d72b39338f3d4920f1b...1426601cf7dd6e2cefca218a84d38905dc1cb295
562,Gitea,1ee776970ac102121871b184b965c30103a2da71,08ba895c2b871c309e7787110fbde21214a3d684,15438,https://github.com/go-gitea/gitea/issues/15438,https://github.com/go-gitea/gitea/tree/1ee776970ac102121871b184b965c30103a2da71,https://github.com/go-gitea/gitea/tree/08ba895c2b871c309e7787110fbde21214a3d684,https://github.com/go-gitea/gitea/compare/1ee776970ac102121871b184b965c30103a2da71...08ba895c2b871c309e7787110fbde21214a3d684
563,Gitea,61bae620c14b311ab77462b1356557f000a28ce1,9d07facdebffdd686108ad3b86641b85289d024b,15472,https://github.com/go-gitea/gitea/issues/15472,https://github.com/go-gitea/gitea/tree/61bae620c14b311ab77462b1356557f000a28ce1,https://github.com/go-gitea/gitea/tree/9d07facdebffdd686108ad3b86641b85289d024b,https://github.com/go-gitea/gitea/compare/61bae620c14b311ab77462b1356557f000a28ce1...9d07facdebffdd686108ad3b86641b85289d024b
564,Gitea,8202dd131189102d2531c853665d213e43a5c818,92c09a90f78990216ae4358c988a6e94c324c9e5,15494,https://github.com/go-gitea/gitea/issues/15494,https://github.com/go-gitea/gitea/tree/8202dd131189102d2531c853665d213e43a5c818,https://github.com/go-gitea/gitea/tree/92c09a90f78990216ae4358c988a6e94c324c9e5,https://github.com/go-gitea/gitea/compare/8202dd131189102d2531c853665d213e43a5c818...92c09a90f78990216ae4358c988a6e94c324c9e5
565,Gitea,1426601cf7dd6e2cefca218a84d38905dc1cb295,cf8f66e5dcebc07fd1975806e94b69ad557a13ed,15444,https://github.com/go-gitea/gitea/issues/15444,https://github.com/go-gitea/gitea/tree/1426601cf7dd6e2cefca218a84d38905dc1cb295,https://github.com/go-gitea/gitea/tree/cf8f66e5dcebc07fd1975806e94b69ad557a13ed,https://github.com/go-gitea/gitea/compare/1426601cf7dd6e2cefca218a84d38905dc1cb295...cf8f66e5dcebc07fd1975806e94b69ad557a13ed
566,Gitea,9b8ffa1c7a886e3b550c64799463a5d4f965a2f7,2255afffad4ff8173c73b7cec8dbd66d986eaf5c,15236,https://github.com/go-gitea/gitea/issues/15236,https://github.com/go-gitea/gitea/tree/9b8ffa1c7a886e3b550c64799463a5d4f965a2f7,https://github.com/go-gitea/gitea/tree/2255afffad4ff8173c73b7cec8dbd66d986eaf5c,https://github.com/go-gitea/gitea/compare/9b8ffa1c7a886e3b550c64799463a5d4f965a2f7...2255afffad4ff8173c73b7cec8dbd66d986eaf5c
567,Gitea,2255afffad4ff8173c73b7cec8dbd66d986eaf5c,1cd8d0ca0eede26b44a76a929f8aebac1be9a005,15558,https://github.com/go-gitea/gitea/issues/15558,https://github.com/go-gitea/gitea/tree/2255afffad4ff8173c73b7cec8dbd66d986eaf5c,https://github.com/go-gitea/gitea/tree/1cd8d0ca0eede26b44a76a929f8aebac1be9a005,https://github.com/go-gitea/gitea/compare/2255afffad4ff8173c73b7cec8dbd66d986eaf5c...1cd8d0ca0eede26b44a76a929f8aebac1be9a005
568,Gitea,72e0ad8000412b005fad0daa3a5f91c97b791ec8,d6a33cef23c3be2c2b5179c58ad269cd80f8d478,15257,https://github.com/go-gitea/gitea/issues/15257,https://github.com/go-gitea/gitea/tree/72e0ad8000412b005fad0daa3a5f91c97b791ec8,https://github.com/go-gitea/gitea/tree/d6a33cef23c3be2c2b5179c58ad269cd80f8d478,https://github.com/go-gitea/gitea/compare/72e0ad8000412b005fad0daa3a5f91c97b791ec8...d6a33cef23c3be2c2b5179c58ad269cd80f8d478
569,Gitea,e711050450584c84ca53b137308d969119be75ae,f31443d6a89663b1f10315f72cef5867ae45f537,15634,https://github.com/go-gitea/gitea/issues/15634,https://github.com/go-gitea/gitea/tree/e711050450584c84ca53b137308d969119be75ae,https://github.com/go-gitea/gitea/tree/f31443d6a89663b1f10315f72cef5867ae45f537,https://github.com/go-gitea/gitea/compare/e711050450584c84ca53b137308d969119be75ae...f31443d6a89663b1f10315f72cef5867ae45f537
570,Gitea,9a0858cecf3518c9c5808bc2aeaa99278fd86cd0,e375cbfd464e12a704c3c1325315a0381ab877a7,15357,https://github.com/go-gitea/gitea/issues/15357,https://github.com/go-gitea/gitea/tree/9a0858cecf3518c9c5808bc2aeaa99278fd86cd0,https://github.com/go-gitea/gitea/tree/e375cbfd464e12a704c3c1325315a0381ab877a7,https://github.com/go-gitea/gitea/compare/9a0858cecf3518c9c5808bc2aeaa99278fd86cd0...e375cbfd464e12a704c3c1325315a0381ab877a7
571,Gitea,fa06e98553b78da66cb75e13cffe56b3ef013447,e8693eb328410d92b11e214d118eeca0e437f33c,15334,https://github.com/go-gitea/gitea/issues/15334,https://github.com/go-gitea/gitea/tree/fa06e98553b78da66cb75e13cffe56b3ef013447,https://github.com/go-gitea/gitea/tree/e8693eb328410d92b11e214d118eeca0e437f33c,https://github.com/go-gitea/gitea/compare/fa06e98553b78da66cb75e13cffe56b3ef013447...e8693eb328410d92b11e214d118eeca0e437f33c
572,Gitea,df416f24141000a5267c041b16e0413184b87b42,f719ffc783a71a5a23e356d4aa2a52717c022f4b,15257,https://github.com/go-gitea/gitea/issues/15257,https://github.com/go-gitea/gitea/tree/df416f24141000a5267c041b16e0413184b87b42,https://github.com/go-gitea/gitea/tree/f719ffc783a71a5a23e356d4aa2a52717c022f4b,https://github.com/go-gitea/gitea/compare/df416f24141000a5267c041b16e0413184b87b42...f719ffc783a71a5a23e356d4aa2a52717c022f4b
573,Gitea,63411309fb010d2b7f739dd21dc3de06cfbfcc86,8171478d1d692de9a10f22392e1d166fd7f0e332,15272,https://github.com/go-gitea/gitea/issues/15272,https://github.com/go-gitea/gitea/tree/63411309fb010d2b7f739dd21dc3de06cfbfcc86,https://github.com/go-gitea/gitea/tree/8171478d1d692de9a10f22392e1d166fd7f0e332,https://github.com/go-gitea/gitea/compare/63411309fb010d2b7f739dd21dc3de06cfbfcc86...8171478d1d692de9a10f22392e1d166fd7f0e332
574,Gitea,edb838997c41af7704aba4dbffeee608ffd18d3c,114c85e6ef96b318dc5938863d29980273a7fdc1,15755,https://github.com/go-gitea/gitea/issues/15755,https://github.com/go-gitea/gitea/tree/edb838997c41af7704aba4dbffeee608ffd18d3c,https://github.com/go-gitea/gitea/tree/114c85e6ef96b318dc5938863d29980273a7fdc1,https://github.com/go-gitea/gitea/compare/edb838997c41af7704aba4dbffeee608ffd18d3c...114c85e6ef96b318dc5938863d29980273a7fdc1
575,Gitea,bdc169772980285a89480a93c78731b6f45ee2ff,c25813182c7b98f0fce32d6b955a6629c805fea5,15718,https://github.com/go-gitea/gitea/issues/15718,https://github.com/go-gitea/gitea/tree/bdc169772980285a89480a93c78731b6f45ee2ff,https://github.com/go-gitea/gitea/tree/c25813182c7b98f0fce32d6b955a6629c805fea5,https://github.com/go-gitea/gitea/compare/bdc169772980285a89480a93c78731b6f45ee2ff...c25813182c7b98f0fce32d6b955a6629c805fea5
576,Gitea,2bd5408e5fa3f8a180401f89a8c75061a44d96eb,eed88dc34d2f6cfa60e04eb60e27af3ecc97e999,15727,https://github.com/go-gitea/gitea/issues/15727,https://github.com/go-gitea/gitea/tree/2bd5408e5fa3f8a180401f89a8c75061a44d96eb,https://github.com/go-gitea/gitea/tree/eed88dc34d2f6cfa60e04eb60e27af3ecc97e999,https://github.com/go-gitea/gitea/compare/2bd5408e5fa3f8a180401f89a8c75061a44d96eb...eed88dc34d2f6cfa60e04eb60e27af3ecc97e999
577,Gitea,52f8dcda43645a1e961243e46b557f39f6a2d616,0ada74edbc555d28a1fc929bfc47162102f2c87d,14110,https://github.com/go-gitea/gitea/issues/14110,https://github.com/go-gitea/gitea/tree/52f8dcda43645a1e961243e46b557f39f6a2d616,https://github.com/go-gitea/gitea/tree/0ada74edbc555d28a1fc929bfc47162102f2c87d,https://github.com/go-gitea/gitea/compare/52f8dcda43645a1e961243e46b557f39f6a2d616...0ada74edbc555d28a1fc929bfc47162102f2c87d
578,Gitea,1e877613bf941ae9bed17e5b6c5b118bd3107777,2c57352a30307ba274651ff2a93cc12b4afe9316,15617,https://github.com/go-gitea/gitea/issues/15617,https://github.com/go-gitea/gitea/tree/1e877613bf941ae9bed17e5b6c5b118bd3107777,https://github.com/go-gitea/gitea/tree/2c57352a30307ba274651ff2a93cc12b4afe9316,https://github.com/go-gitea/gitea/compare/1e877613bf941ae9bed17e5b6c5b118bd3107777...2c57352a30307ba274651ff2a93cc12b4afe9316
579,Gitea,2d87a84709cb0ee89b2fbafe65718bd61d9effef,1a5659943eba747b05efe564ac57a942b0424f91,15826,https://github.com/go-gitea/gitea/issues/15826,https://github.com/go-gitea/gitea/tree/2d87a84709cb0ee89b2fbafe65718bd61d9effef,https://github.com/go-gitea/gitea/tree/1a5659943eba747b05efe564ac57a942b0424f91,https://github.com/go-gitea/gitea/compare/2d87a84709cb0ee89b2fbafe65718bd61d9effef...1a5659943eba747b05efe564ac57a942b0424f91
580,Gitea,9b7d692e9ee2f42ab143854c2c0f63bb9371f1de,90eeb6363c81586186da816b19123300f0bc2a73,15047,https://github.com/go-gitea/gitea/issues/15047,https://github.com/go-gitea/gitea/tree/9b7d692e9ee2f42ab143854c2c0f63bb9371f1de,https://github.com/go-gitea/gitea/tree/90eeb6363c81586186da816b19123300f0bc2a73,https://github.com/go-gitea/gitea/compare/9b7d692e9ee2f42ab143854c2c0f63bb9371f1de...90eeb6363c81586186da816b19123300f0bc2a73
581,Gitea,17c5c654a57ecf51c8c7c8ecfc6c86ae313d4000,f582ec4e5367f77d6b3085540a56fed818d6c638,2407,https://github.com/go-gitea/gitea/issues/2407,https://github.com/go-gitea/gitea/tree/17c5c654a57ecf51c8c7c8ecfc6c86ae313d4000,https://github.com/go-gitea/gitea/tree/f582ec4e5367f77d6b3085540a56fed818d6c638,https://github.com/go-gitea/gitea/compare/17c5c654a57ecf51c8c7c8ecfc6c86ae313d4000...f582ec4e5367f77d6b3085540a56fed818d6c638
582,Gitea,4a84022d2559ccfc99960c7c654ee8b9b38664f7,038e1db4dfc7a7fc0a8675f66f6be9a3dd5f10c2,15625,https://github.com/go-gitea/gitea/issues/15625,https://github.com/go-gitea/gitea/tree/4a84022d2559ccfc99960c7c654ee8b9b38664f7,https://github.com/go-gitea/gitea/tree/038e1db4dfc7a7fc0a8675f66f6be9a3dd5f10c2,https://github.com/go-gitea/gitea/compare/4a84022d2559ccfc99960c7c654ee8b9b38664f7...038e1db4dfc7a7fc0a8675f66f6be9a3dd5f10c2
583,Gitea,5de01e21a19732785931f2db9c553ddffa60c4e6,072df3ff87c399bccfddfc0901e63ebacfaec73d,16000,https://github.com/go-gitea/gitea/issues/16000,https://github.com/go-gitea/gitea/tree/5de01e21a19732785931f2db9c553ddffa60c4e6,https://github.com/go-gitea/gitea/tree/072df3ff87c399bccfddfc0901e63ebacfaec73d,https://github.com/go-gitea/gitea/compare/5de01e21a19732785931f2db9c553ddffa60c4e6...072df3ff87c399bccfddfc0901e63ebacfaec73d
584,Gitea,3183a465d71a13535e52589bb85b987176872fcd,256b1a35615487f27878422f877f25be3f066f54,16025,https://github.com/go-gitea/gitea/issues/16025,https://github.com/go-gitea/gitea/tree/3183a465d71a13535e52589bb85b987176872fcd,https://github.com/go-gitea/gitea/tree/256b1a35615487f27878422f877f25be3f066f54,https://github.com/go-gitea/gitea/compare/3183a465d71a13535e52589bb85b987176872fcd...256b1a35615487f27878422f877f25be3f066f54
585,Gitea,86e2789960439ca786c6e7a74f85f076c223d148,daa5a2354879a6dff93f431bc7e47670438995ac,16055,https://github.com/go-gitea/gitea/issues/16055,https://github.com/go-gitea/gitea/tree/86e2789960439ca786c6e7a74f85f076c223d148,https://github.com/go-gitea/gitea/tree/daa5a2354879a6dff93f431bc7e47670438995ac,https://github.com/go-gitea/gitea/compare/86e2789960439ca786c6e7a74f85f076c223d148...daa5a2354879a6dff93f431bc7e47670438995ac
586,Gitea,f374789fe22b6fdb83e727c7c0b0a344ccb98c36,15fbf23d13e7e03fa0e335ec7d0d539e60ab78d6,16150,https://github.com/go-gitea/gitea/issues/16150,https://github.com/go-gitea/gitea/tree/f374789fe22b6fdb83e727c7c0b0a344ccb98c36,https://github.com/go-gitea/gitea/tree/15fbf23d13e7e03fa0e335ec7d0d539e60ab78d6,https://github.com/go-gitea/gitea/compare/f374789fe22b6fdb83e727c7c0b0a344ccb98c36...15fbf23d13e7e03fa0e335ec7d0d539e60ab78d6
587,Gitea,29695cd6d511823ab0d233bba8c7971e5dac3e5f,75205b5669c86fb1b49daa1805f0987bd5b3cbe2,16144,https://github.com/go-gitea/gitea/issues/16144,https://github.com/go-gitea/gitea/tree/29695cd6d511823ab0d233bba8c7971e5dac3e5f,https://github.com/go-gitea/gitea/tree/75205b5669c86fb1b49daa1805f0987bd5b3cbe2,https://github.com/go-gitea/gitea/compare/29695cd6d511823ab0d233bba8c7971e5dac3e5f...75205b5669c86fb1b49daa1805f0987bd5b3cbe2
588,Gitea,29695cd6d511823ab0d233bba8c7971e5dac3e5f,75205b5669c86fb1b49daa1805f0987bd5b3cbe2,16013,https://github.com/go-gitea/gitea/issues/16013,https://github.com/go-gitea/gitea/tree/29695cd6d511823ab0d233bba8c7971e5dac3e5f,https://github.com/go-gitea/gitea/tree/75205b5669c86fb1b49daa1805f0987bd5b3cbe2,https://github.com/go-gitea/gitea/compare/29695cd6d511823ab0d233bba8c7971e5dac3e5f...75205b5669c86fb1b49daa1805f0987bd5b3cbe2
589,Gitea,6a3ad0b24e6d0e859c2073126af429ef1892e712,45970ae82e478dd7d5f01fcc053de5df00198abc,8534,https://github.com/go-gitea/gitea/issues/8534,https://github.com/go-gitea/gitea/tree/6a3ad0b24e6d0e859c2073126af429ef1892e712,https://github.com/go-gitea/gitea/tree/45970ae82e478dd7d5f01fcc053de5df00198abc,https://github.com/go-gitea/gitea/compare/6a3ad0b24e6d0e859c2073126af429ef1892e712...45970ae82e478dd7d5f01fcc053de5df00198abc
590,Gitea,272bbb200d77ca520e335588c771301f9439f393,e2786147539909eaef2bc39fb728a10b88277d31,15602,https://github.com/go-gitea/gitea/issues/15602,https://github.com/go-gitea/gitea/tree/272bbb200d77ca520e335588c771301f9439f393,https://github.com/go-gitea/gitea/tree/e2786147539909eaef2bc39fb728a10b88277d31,https://github.com/go-gitea/gitea/compare/272bbb200d77ca520e335588c771301f9439f393...e2786147539909eaef2bc39fb728a10b88277d31
591,Gitea,b77c62d95063747426524b53c928ac90994c2a56,fe18a85f54813e835b57fa804cf009f910b79edc,16071,https://github.com/go-gitea/gitea/issues/16071,https://github.com/go-gitea/gitea/tree/b77c62d95063747426524b53c928ac90994c2a56,https://github.com/go-gitea/gitea/tree/fe18a85f54813e835b57fa804cf009f910b79edc,https://github.com/go-gitea/gitea/compare/b77c62d95063747426524b53c928ac90994c2a56...fe18a85f54813e835b57fa804cf009f910b79edc
592,Gitea,effad26c0e7348d27f7fdd1c0cbf120d7558cf67,36dce0e457d99ae22530f606ce296ef4946b257b,15932,https://github.com/go-gitea/gitea/issues/15932,https://github.com/go-gitea/gitea/tree/effad26c0e7348d27f7fdd1c0cbf120d7558cf67,https://github.com/go-gitea/gitea/tree/36dce0e457d99ae22530f606ce296ef4946b257b,https://github.com/go-gitea/gitea/compare/effad26c0e7348d27f7fdd1c0cbf120d7558cf67...36dce0e457d99ae22530f606ce296ef4946b257b
593,Gitea,f2babf334676f9c16a540153432bc6e4ebf62423,08f4b3f31288bc4e12e94f00c7d88583ab04dd2e,15592,https://github.com/go-gitea/gitea/issues/15592,https://github.com/go-gitea/gitea/tree/f2babf334676f9c16a540153432bc6e4ebf62423,https://github.com/go-gitea/gitea/tree/08f4b3f31288bc4e12e94f00c7d88583ab04dd2e,https://github.com/go-gitea/gitea/compare/f2babf334676f9c16a540153432bc6e4ebf62423...08f4b3f31288bc4e12e94f00c7d88583ab04dd2e
594,Gitea,f533b5d5cf5178adf7f8f968cd7ded45c00ad9e6,eee03ae90a17242b481677a2f575e18e449de683,16263,https://github.com/go-gitea/gitea/issues/16263,https://github.com/go-gitea/gitea/tree/f533b5d5cf5178adf7f8f968cd7ded45c00ad9e6,https://github.com/go-gitea/gitea/tree/eee03ae90a17242b481677a2f575e18e449de683,https://github.com/go-gitea/gitea/compare/f533b5d5cf5178adf7f8f968cd7ded45c00ad9e6...eee03ae90a17242b481677a2f575e18e449de683
595,Gitea,fe66b612b5234142304cd7c6c97a14017bca066c,9a0cd3af3b60ccd6ce400539b309026a82788595,16252,https://github.com/go-gitea/gitea/issues/16252,https://github.com/go-gitea/gitea/tree/fe66b612b5234142304cd7c6c97a14017bca066c,https://github.com/go-gitea/gitea/tree/9a0cd3af3b60ccd6ce400539b309026a82788595,https://github.com/go-gitea/gitea/compare/fe66b612b5234142304cd7c6c97a14017bca066c...9a0cd3af3b60ccd6ce400539b309026a82788595
596,Gitea,09663493543a2ce15fc90fbb3808dda5b87335e5,66bf74d1b924a91c279d3c68cb01d038300b551a,16312,https://github.com/go-gitea/gitea/issues/16312,https://github.com/go-gitea/gitea/tree/09663493543a2ce15fc90fbb3808dda5b87335e5,https://github.com/go-gitea/gitea/tree/66bf74d1b924a91c279d3c68cb01d038300b551a,https://github.com/go-gitea/gitea/compare/09663493543a2ce15fc90fbb3808dda5b87335e5...66bf74d1b924a91c279d3c68cb01d038300b551a
597,Gitea,889dea8fc1e78b0d915b27f122df116e7296336d,35742d4af72da3cf6262fbacc688d53db88b68a6,12365,https://github.com/go-gitea/gitea/issues/12365,https://github.com/go-gitea/gitea/tree/889dea8fc1e78b0d915b27f122df116e7296336d,https://github.com/go-gitea/gitea/tree/35742d4af72da3cf6262fbacc688d53db88b68a6,https://github.com/go-gitea/gitea/compare/889dea8fc1e78b0d915b27f122df116e7296336d...35742d4af72da3cf6262fbacc688d53db88b68a6
598,Gitea,4fcae3d06d1099ade682df96e41baf4f5ac56620,681e81babdbbe777b3ea2af353b872aee2dd9b32,16192,https://github.com/go-gitea/gitea/issues/16192,https://github.com/go-gitea/gitea/tree/4fcae3d06d1099ade682df96e41baf4f5ac56620,https://github.com/go-gitea/gitea/tree/681e81babdbbe777b3ea2af353b872aee2dd9b32,https://github.com/go-gitea/gitea/compare/4fcae3d06d1099ade682df96e41baf4f5ac56620...681e81babdbbe777b3ea2af353b872aee2dd9b32
599,Gitea,d55b5eb0d3f1d129eb4d03cc7ddb56a59b4db8ff,66f8da538a8b1bd63ea1a0f97202ee0d46c15c4f,16102,https://github.com/go-gitea/gitea/issues/16102,https://github.com/go-gitea/gitea/tree/d55b5eb0d3f1d129eb4d03cc7ddb56a59b4db8ff,https://github.com/go-gitea/gitea/tree/66f8da538a8b1bd63ea1a0f97202ee0d46c15c4f,https://github.com/go-gitea/gitea/compare/d55b5eb0d3f1d129eb4d03cc7ddb56a59b4db8ff...66f8da538a8b1bd63ea1a0f97202ee0d46c15c4f
600,Gitea,91162bbaea206e92cc514755a8ee288a43763803,615444dcbd0d78b89ea631a48401c486629280ea,16387,https://github.com/go-gitea/gitea/issues/16387,https://github.com/go-gitea/gitea/tree/91162bbaea206e92cc514755a8ee288a43763803,https://github.com/go-gitea/gitea/tree/615444dcbd0d78b89ea631a48401c486629280ea,https://github.com/go-gitea/gitea/compare/91162bbaea206e92cc514755a8ee288a43763803...615444dcbd0d78b89ea631a48401c486629280ea
601,Gitea,66bf74d1b924a91c279d3c68cb01d038300b551a,7d70a6eff8a8fb03f02c606f5dcacccb9c1cab47,11802,https://github.com/go-gitea/gitea/issues/11802,https://github.com/go-gitea/gitea/tree/66bf74d1b924a91c279d3c68cb01d038300b551a,https://github.com/go-gitea/gitea/tree/7d70a6eff8a8fb03f02c606f5dcacccb9c1cab47,https://github.com/go-gitea/gitea/compare/66bf74d1b924a91c279d3c68cb01d038300b551a...7d70a6eff8a8fb03f02c606f5dcacccb9c1cab47
602,Gitea,836884429ae6d08909f4f96fbe0f1ea288e7af12,62c278e4ab66090f48b7937717b28a657cab8688,15865,https://github.com/go-gitea/gitea/issues/15865,https://github.com/go-gitea/gitea/tree/836884429ae6d08909f4f96fbe0f1ea288e7af12,https://github.com/go-gitea/gitea/tree/62c278e4ab66090f48b7937717b28a657cab8688,https://github.com/go-gitea/gitea/compare/836884429ae6d08909f4f96fbe0f1ea288e7af12...62c278e4ab66090f48b7937717b28a657cab8688
603,Gitea,e417cca777ae4ad3bbf96cecce9d0b43f7604d28,fdb0e82148136f5fe5fdeba666a6f0a30377b1f7,16342,https://github.com/go-gitea/gitea/issues/16342,https://github.com/go-gitea/gitea/tree/e417cca777ae4ad3bbf96cecce9d0b43f7604d28,https://github.com/go-gitea/gitea/tree/fdb0e82148136f5fe5fdeba666a6f0a30377b1f7,https://github.com/go-gitea/gitea/compare/e417cca777ae4ad3bbf96cecce9d0b43f7604d28...fdb0e82148136f5fe5fdeba666a6f0a30377b1f7
604,Gitea,4ce32c9e93591f2449a388201c323ca193f59c07,b81106be3faadf7821c30b18fb1cec6c27041896,16384,https://github.com/go-gitea/gitea/issues/16384,https://github.com/go-gitea/gitea/tree/4ce32c9e93591f2449a388201c323ca193f59c07,https://github.com/go-gitea/gitea/tree/b81106be3faadf7821c30b18fb1cec6c27041896,https://github.com/go-gitea/gitea/compare/4ce32c9e93591f2449a388201c323ca193f59c07...b81106be3faadf7821c30b18fb1cec6c27041896
605,Gitea,afb040e021c625603ceaa931bbef09a76f3e8587,078e2b2c39f119b9cbe5678ce12f1cc9eb6ddda9,16384,https://github.com/go-gitea/gitea/issues/16384,https://github.com/go-gitea/gitea/tree/afb040e021c625603ceaa931bbef09a76f3e8587,https://github.com/go-gitea/gitea/tree/078e2b2c39f119b9cbe5678ce12f1cc9eb6ddda9,https://github.com/go-gitea/gitea/compare/afb040e021c625603ceaa931bbef09a76f3e8587...078e2b2c39f119b9cbe5678ce12f1cc9eb6ddda9
606,Gitea,49bd9a111125da6fd9212e41ca5473a1faff0cf2,28f6f7bb03884dd3d2c4ff17cdc6bf8916eb441d,16350,https://github.com/go-gitea/gitea/issues/16350,https://github.com/go-gitea/gitea/tree/49bd9a111125da6fd9212e41ca5473a1faff0cf2,https://github.com/go-gitea/gitea/tree/28f6f7bb03884dd3d2c4ff17cdc6bf8916eb441d,https://github.com/go-gitea/gitea/compare/49bd9a111125da6fd9212e41ca5473a1faff0cf2...28f6f7bb03884dd3d2c4ff17cdc6bf8916eb441d
607,Gitea,0b27b93728fd3cf2ecc82ac6a2b5859270543ef2,9b1b4b543358c212a3da2b480d361d0c1375b279,11755,https://github.com/go-gitea/gitea/issues/11755,https://github.com/go-gitea/gitea/tree/0b27b93728fd3cf2ecc82ac6a2b5859270543ef2,https://github.com/go-gitea/gitea/tree/9b1b4b543358c212a3da2b480d361d0c1375b279,https://github.com/go-gitea/gitea/compare/0b27b93728fd3cf2ecc82ac6a2b5859270543ef2...9b1b4b543358c212a3da2b480d361d0c1375b279
608,Gitea,08ef45b35970da7410d9d44092c6bc025759f8ba,263577842563a8a692212f897bec685751c78f23,16252,https://github.com/go-gitea/gitea/issues/16252,https://github.com/go-gitea/gitea/tree/08ef45b35970da7410d9d44092c6bc025759f8ba,https://github.com/go-gitea/gitea/tree/263577842563a8a692212f897bec685751c78f23,https://github.com/go-gitea/gitea/compare/08ef45b35970da7410d9d44092c6bc025759f8ba...263577842563a8a692212f897bec685751c78f23
609,Gitea,fae07cbc8fece383c88ed7b13474a94133c4accf,32fd11395b7631cd226783a98b86e55192bd99ca,16308,https://github.com/go-gitea/gitea/issues/16308,https://github.com/go-gitea/gitea/tree/fae07cbc8fece383c88ed7b13474a94133c4accf,https://github.com/go-gitea/gitea/tree/32fd11395b7631cd226783a98b86e55192bd99ca,https://github.com/go-gitea/gitea/compare/fae07cbc8fece383c88ed7b13474a94133c4accf...32fd11395b7631cd226783a98b86e55192bd99ca
610,Gitea,7c7771e42b2eebd5a698d036c28a21670ff519dd,9102738797ab4a486ab45157d52b2eb7186d9646,16545,https://github.com/go-gitea/gitea/issues/16545,https://github.com/go-gitea/gitea/tree/7c7771e42b2eebd5a698d036c28a21670ff519dd,https://github.com/go-gitea/gitea/tree/9102738797ab4a486ab45157d52b2eb7186d9646,https://github.com/go-gitea/gitea/compare/7c7771e42b2eebd5a698d036c28a21670ff519dd...9102738797ab4a486ab45157d52b2eb7186d9646
611,Gitea,7c4172ef71a0805f16b8bd89188bb1b4d3e33f9b,19e2c6a302cc691ab0acbc464650bb57add41d0b,16100,https://github.com/go-gitea/gitea/issues/16100,https://github.com/go-gitea/gitea/tree/7c4172ef71a0805f16b8bd89188bb1b4d3e33f9b,https://github.com/go-gitea/gitea/tree/19e2c6a302cc691ab0acbc464650bb57add41d0b,https://github.com/go-gitea/gitea/compare/7c4172ef71a0805f16b8bd89188bb1b4d3e33f9b...19e2c6a302cc691ab0acbc464650bb57add41d0b
612,Gitea,24366eddec0915d92165f1a45c01ed2a5bdeac8e,1fc7d6d6ad2fe85a28aff6dd14e41da8ee769f31,15959,https://github.com/go-gitea/gitea/issues/15959,https://github.com/go-gitea/gitea/tree/24366eddec0915d92165f1a45c01ed2a5bdeac8e,https://github.com/go-gitea/gitea/tree/1fc7d6d6ad2fe85a28aff6dd14e41da8ee769f31,https://github.com/go-gitea/gitea/compare/24366eddec0915d92165f1a45c01ed2a5bdeac8e...1fc7d6d6ad2fe85a28aff6dd14e41da8ee769f31
613,Gitea,f03abe8fb1919eed9c5a923f4f2c438a5fca351a,7c4172ef71a0805f16b8bd89188bb1b4d3e33f9b,16600,https://github.com/go-gitea/gitea/issues/16600,https://github.com/go-gitea/gitea/tree/f03abe8fb1919eed9c5a923f4f2c438a5fca351a,https://github.com/go-gitea/gitea/tree/7c4172ef71a0805f16b8bd89188bb1b4d3e33f9b,https://github.com/go-gitea/gitea/compare/f03abe8fb1919eed9c5a923f4f2c438a5fca351a...7c4172ef71a0805f16b8bd89188bb1b4d3e33f9b
614,Gitea,3a1332c326a4700e54e7bd6a0ef2bd050a6910b2,fd39e6dc6a183a2779d22f4e63f9be6d716db794,16557,https://github.com/go-gitea/gitea/issues/16557,https://github.com/go-gitea/gitea/tree/3a1332c326a4700e54e7bd6a0ef2bd050a6910b2,https://github.com/go-gitea/gitea/tree/fd39e6dc6a183a2779d22f4e63f9be6d716db794,https://github.com/go-gitea/gitea/compare/3a1332c326a4700e54e7bd6a0ef2bd050a6910b2...fd39e6dc6a183a2779d22f4e63f9be6d716db794
615,Gitea,1cd4a3b963946d27620c48eb968dc81e5af432af,921afb57fb0a14e27c884c169b88f98056d3a38f,16771,https://github.com/go-gitea/gitea/issues/16771,https://github.com/go-gitea/gitea/tree/1cd4a3b963946d27620c48eb968dc81e5af432af,https://github.com/go-gitea/gitea/tree/921afb57fb0a14e27c884c169b88f98056d3a38f,https://github.com/go-gitea/gitea/compare/1cd4a3b963946d27620c48eb968dc81e5af432af...921afb57fb0a14e27c884c169b88f98056d3a38f
616,Gitea,fd15fd4c67b22189a18765f888bb3f19e241acbe,6a33b290a09b623bfb85d0bc03b2c7e6524ecf2d,16541,https://github.com/go-gitea/gitea/issues/16541,https://github.com/go-gitea/gitea/tree/fd15fd4c67b22189a18765f888bb3f19e241acbe,https://github.com/go-gitea/gitea/tree/6a33b290a09b623bfb85d0bc03b2c7e6524ecf2d,https://github.com/go-gitea/gitea/compare/fd15fd4c67b22189a18765f888bb3f19e241acbe...6a33b290a09b623bfb85d0bc03b2c7e6524ecf2d
617,Gitea,efaf109435172994763fa1799708628f0500ea6e,4e761fa38584d3d9f9a607bcee806fc24d142277,16801,https://github.com/go-gitea/gitea/issues/16801,https://github.com/go-gitea/gitea/tree/efaf109435172994763fa1799708628f0500ea6e,https://github.com/go-gitea/gitea/tree/4e761fa38584d3d9f9a607bcee806fc24d142277,https://github.com/go-gitea/gitea/compare/efaf109435172994763fa1799708628f0500ea6e...4e761fa38584d3d9f9a607bcee806fc24d142277
618,Gitea,90c01804470f45018de0653a19d5211c986c035c,c9c0475f4d664766c174a4563ba9ec210cadfeac,16835,https://github.com/go-gitea/gitea/issues/16835,https://github.com/go-gitea/gitea/tree/90c01804470f45018de0653a19d5211c986c035c,https://github.com/go-gitea/gitea/tree/c9c0475f4d664766c174a4563ba9ec210cadfeac,https://github.com/go-gitea/gitea/compare/90c01804470f45018de0653a19d5211c986c035c...c9c0475f4d664766c174a4563ba9ec210cadfeac
619,Gitea,28ac4a7a87fb290a61143d99e08bdae9a0284114,ba6baff6966f94a95243b02326add57335de5ef5,16804,https://github.com/go-gitea/gitea/issues/16804,https://github.com/go-gitea/gitea/tree/28ac4a7a87fb290a61143d99e08bdae9a0284114,https://github.com/go-gitea/gitea/tree/ba6baff6966f94a95243b02326add57335de5ef5,https://github.com/go-gitea/gitea/compare/28ac4a7a87fb290a61143d99e08bdae9a0284114...ba6baff6966f94a95243b02326add57335de5ef5
620,Gitea,d24eb6e6ced43fbf198617c36686655570bb92bc,f5b0e2c9d2336367dfcf121be6ff5154017192cf,1351,https://github.com/go-gitea/gitea/issues/1351,https://github.com/go-gitea/gitea/tree/d24eb6e6ced43fbf198617c36686655570bb92bc,https://github.com/go-gitea/gitea/tree/f5b0e2c9d2336367dfcf121be6ff5154017192cf,https://github.com/go-gitea/gitea/compare/d24eb6e6ced43fbf198617c36686655570bb92bc...f5b0e2c9d2336367dfcf121be6ff5154017192cf
621,Gitea,fd39e6dc6a183a2779d22f4e63f9be6d716db794,6e6f23b315ed21fbc8ef51a025959cfdc91e60a7,15172,https://github.com/go-gitea/gitea/issues/15172,https://github.com/go-gitea/gitea/tree/fd39e6dc6a183a2779d22f4e63f9be6d716db794,https://github.com/go-gitea/gitea/tree/6e6f23b315ed21fbc8ef51a025959cfdc91e60a7,https://github.com/go-gitea/gitea/compare/fd39e6dc6a183a2779d22f4e63f9be6d716db794...6e6f23b315ed21fbc8ef51a025959cfdc91e60a7
622,Gitea,ab9bb54144f136bbbba2ce2e94fd88c0be0ee1cf,067d82b5a6eb223ff6f6bfa1755e0a2c5bab1d3f,16610,https://github.com/go-gitea/gitea/issues/16610,https://github.com/go-gitea/gitea/tree/ab9bb54144f136bbbba2ce2e94fd88c0be0ee1cf,https://github.com/go-gitea/gitea/tree/067d82b5a6eb223ff6f6bfa1755e0a2c5bab1d3f,https://github.com/go-gitea/gitea/compare/ab9bb54144f136bbbba2ce2e94fd88c0be0ee1cf...067d82b5a6eb223ff6f6bfa1755e0a2c5bab1d3f
623,Gitea,268b2d0c91fe7ff792ba22df5e11d34446224fb6,a75b2f2842e3bfa462da4d205194a59824c2dde8,16914,https://github.com/go-gitea/gitea/issues/16914,https://github.com/go-gitea/gitea/tree/268b2d0c91fe7ff792ba22df5e11d34446224fb6,https://github.com/go-gitea/gitea/tree/a75b2f2842e3bfa462da4d205194a59824c2dde8,https://github.com/go-gitea/gitea/compare/268b2d0c91fe7ff792ba22df5e11d34446224fb6...a75b2f2842e3bfa462da4d205194a59824c2dde8
624,Gitea,4c7a70b348426a66290f2b227693fc32049651b0,eb0330a3fe3983c9c5863f2efb2129e691818926,16922,https://github.com/go-gitea/gitea/issues/16922,https://github.com/go-gitea/gitea/tree/4c7a70b348426a66290f2b227693fc32049651b0,https://github.com/go-gitea/gitea/tree/eb0330a3fe3983c9c5863f2efb2129e691818926,https://github.com/go-gitea/gitea/compare/4c7a70b348426a66290f2b227693fc32049651b0...eb0330a3fe3983c9c5863f2efb2129e691818926
625,Gitea,5a73153493332a110fb9c3ac3f716972f6a2390c,4c7a70b348426a66290f2b227693fc32049651b0,16877,https://github.com/go-gitea/gitea/issues/16877,https://github.com/go-gitea/gitea/tree/5a73153493332a110fb9c3ac3f716972f6a2390c,https://github.com/go-gitea/gitea/tree/4c7a70b348426a66290f2b227693fc32049651b0,https://github.com/go-gitea/gitea/compare/5a73153493332a110fb9c3ac3f716972f6a2390c...4c7a70b348426a66290f2b227693fc32049651b0
626,Gitea,eb0330a3fe3983c9c5863f2efb2129e691818926,0767fe0d806a36b5d23bc2714c740be93a6b18dc,16943,https://github.com/go-gitea/gitea/issues/16943,https://github.com/go-gitea/gitea/tree/eb0330a3fe3983c9c5863f2efb2129e691818926,https://github.com/go-gitea/gitea/tree/0767fe0d806a36b5d23bc2714c740be93a6b18dc,https://github.com/go-gitea/gitea/compare/eb0330a3fe3983c9c5863f2efb2129e691818926...0767fe0d806a36b5d23bc2714c740be93a6b18dc
627,Gitea,1b922374db227815a765b44df7692ce61934f699,efdbba44538939d6355cceef59fc18c01bb07630,16986,https://github.com/go-gitea/gitea/issues/16986,https://github.com/go-gitea/gitea/tree/1b922374db227815a765b44df7692ce61934f699,https://github.com/go-gitea/gitea/tree/efdbba44538939d6355cceef59fc18c01bb07630,https://github.com/go-gitea/gitea/compare/1b922374db227815a765b44df7692ce61934f699...efdbba44538939d6355cceef59fc18c01bb07630
628,Gitea,1b922374db227815a765b44df7692ce61934f699,efdbba44538939d6355cceef59fc18c01bb07630,16152,https://github.com/go-gitea/gitea/issues/16152,https://github.com/go-gitea/gitea/tree/1b922374db227815a765b44df7692ce61934f699,https://github.com/go-gitea/gitea/tree/efdbba44538939d6355cceef59fc18c01bb07630,https://github.com/go-gitea/gitea/compare/1b922374db227815a765b44df7692ce61934f699...efdbba44538939d6355cceef59fc18c01bb07630
629,Gitea,9a938dc2980667bf4cbdb3af45c32f561af4bec4,51578d64188a7077848cb60d3ead8e818637ab59,8028,https://github.com/go-gitea/gitea/issues/8028,https://github.com/go-gitea/gitea/tree/9a938dc2980667bf4cbdb3af45c32f561af4bec4,https://github.com/go-gitea/gitea/tree/51578d64188a7077848cb60d3ead8e818637ab59,https://github.com/go-gitea/gitea/compare/9a938dc2980667bf4cbdb3af45c32f561af4bec4...51578d64188a7077848cb60d3ead8e818637ab59
630,Gitea,a4962a944002c3d3949520949f964aae7ff478ed,23a87a003eb2b592ad5295f73d8d52d3f24069c6,16434,https://github.com/go-gitea/gitea/issues/16434,https://github.com/go-gitea/gitea/tree/a4962a944002c3d3949520949f964aae7ff478ed,https://github.com/go-gitea/gitea/tree/23a87a003eb2b592ad5295f73d8d52d3f24069c6,https://github.com/go-gitea/gitea/compare/a4962a944002c3d3949520949f964aae7ff478ed...23a87a003eb2b592ad5295f73d8d52d3f24069c6
631,Gitea,a959ed99c2966dfc10ac41710eb74b7baf490bcf,8de44d1995e73ec139ede5626466af1fce8c571a,16688,https://github.com/go-gitea/gitea/issues/16688,https://github.com/go-gitea/gitea/tree/a959ed99c2966dfc10ac41710eb74b7baf490bcf,https://github.com/go-gitea/gitea/tree/8de44d1995e73ec139ede5626466af1fce8c571a,https://github.com/go-gitea/gitea/compare/a959ed99c2966dfc10ac41710eb74b7baf490bcf...8de44d1995e73ec139ede5626466af1fce8c571a
632,Gitea,26ef180f466046f9cfab87eea5ea93f5d6da6998,0a542dd59f8061797976f33690bf10357aa0b0ad,17026,https://github.com/go-gitea/gitea/issues/17026,https://github.com/go-gitea/gitea/tree/26ef180f466046f9cfab87eea5ea93f5d6da6998,https://github.com/go-gitea/gitea/tree/0a542dd59f8061797976f33690bf10357aa0b0ad,https://github.com/go-gitea/gitea/compare/26ef180f466046f9cfab87eea5ea93f5d6da6998...0a542dd59f8061797976f33690bf10357aa0b0ad
633,Gitea,06b9d553bc02f88553ced9822c55ae901e2ac28e,73394f435c4a15b9d2ef5449213254f12fb34e1d,16785,https://github.com/go-gitea/gitea/issues/16785,https://github.com/go-gitea/gitea/tree/06b9d553bc02f88553ced9822c55ae901e2ac28e,https://github.com/go-gitea/gitea/tree/73394f435c4a15b9d2ef5449213254f12fb34e1d,https://github.com/go-gitea/gitea/compare/06b9d553bc02f88553ced9822c55ae901e2ac28e...73394f435c4a15b9d2ef5449213254f12fb34e1d
634,Gitea,83640a595b99c7e19133e649359a6f3d8133ca4c,57b0887ab21aaee9a70638df70f6dec0f72098c4,16648,https://github.com/go-gitea/gitea/issues/16648,https://github.com/go-gitea/gitea/tree/83640a595b99c7e19133e649359a6f3d8133ca4c,https://github.com/go-gitea/gitea/tree/57b0887ab21aaee9a70638df70f6dec0f72098c4,https://github.com/go-gitea/gitea/compare/83640a595b99c7e19133e649359a6f3d8133ca4c...57b0887ab21aaee9a70638df70f6dec0f72098c4
635,Gitea,67bc04fe21e279805f2f4163791e28272e8133b1,4afdb1eb78ce77fad8e1d2952c69b3315a836548,17181,https://github.com/go-gitea/gitea/issues/17181,https://github.com/go-gitea/gitea/tree/67bc04fe21e279805f2f4163791e28272e8133b1,https://github.com/go-gitea/gitea/tree/4afdb1eb78ce77fad8e1d2952c69b3315a836548,https://github.com/go-gitea/gitea/compare/67bc04fe21e279805f2f4163791e28272e8133b1...4afdb1eb78ce77fad8e1d2952c69b3315a836548
636,Gitea,f0bd1e98962a6821cdb0543cfc2e5159d443d36a,29acb3213b39a47dfab3e3e91ebb12931eca48b9,17250,https://github.com/go-gitea/gitea/issues/17250,https://github.com/go-gitea/gitea/tree/f0bd1e98962a6821cdb0543cfc2e5159d443d36a,https://github.com/go-gitea/gitea/tree/29acb3213b39a47dfab3e3e91ebb12931eca48b9,https://github.com/go-gitea/gitea/compare/f0bd1e98962a6821cdb0543cfc2e5159d443d36a...29acb3213b39a47dfab3e3e91ebb12931eca48b9
637,Gitea,3bbdce26012d02d3b5082f8774ce432ad9c2990b,206ea10b45e8659eb3227239d3012b20dbb24231,17193,https://github.com/go-gitea/gitea/issues/17193,https://github.com/go-gitea/gitea/tree/3bbdce26012d02d3b5082f8774ce432ad9c2990b,https://github.com/go-gitea/gitea/tree/206ea10b45e8659eb3227239d3012b20dbb24231,https://github.com/go-gitea/gitea/compare/3bbdce26012d02d3b5082f8774ce432ad9c2990b...206ea10b45e8659eb3227239d3012b20dbb24231
638,Gitea,46cac263ca9f350fbc414b795e42f79d4d241e28,25a200078724443afba3eca772d5c7e4db0a83cf,17251,https://github.com/go-gitea/gitea/issues/17251,https://github.com/go-gitea/gitea/tree/46cac263ca9f350fbc414b795e42f79d4d241e28,https://github.com/go-gitea/gitea/tree/25a200078724443afba3eca772d5c7e4db0a83cf,https://github.com/go-gitea/gitea/compare/46cac263ca9f350fbc414b795e42f79d4d241e28...25a200078724443afba3eca772d5c7e4db0a83cf
639,Gitea,5842a55b3103d3f09751eb7b3b049415197debad,623d2dd411b6a84a01bff3ca8046f1bd01773ffb,17139,https://github.com/go-gitea/gitea/issues/17139,https://github.com/go-gitea/gitea/tree/5842a55b3103d3f09751eb7b3b049415197debad,https://github.com/go-gitea/gitea/tree/623d2dd411b6a84a01bff3ca8046f1bd01773ffb,https://github.com/go-gitea/gitea/compare/5842a55b3103d3f09751eb7b3b049415197debad...623d2dd411b6a84a01bff3ca8046f1bd01773ffb
640,Gitea,fc97e0626eafc5024c91d4f0ca96dbc81451897b,976db2a8b78b18f6ca934b9da93b4e3b2c746de5,17047,https://github.com/go-gitea/gitea/issues/17047,https://github.com/go-gitea/gitea/tree/fc97e0626eafc5024c91d4f0ca96dbc81451897b,https://github.com/go-gitea/gitea/tree/976db2a8b78b18f6ca934b9da93b4e3b2c746de5,https://github.com/go-gitea/gitea/compare/fc97e0626eafc5024c91d4f0ca96dbc81451897b...976db2a8b78b18f6ca934b9da93b4e3b2c746de5
641,Gitea,ecfac78f6ef2cc01e4397c1a92b9a59b7ff0b2ff,ddd3586c06d81d8732dd96498b63de029f30349e,17160,https://github.com/go-gitea/gitea/issues/17160,https://github.com/go-gitea/gitea/tree/ecfac78f6ef2cc01e4397c1a92b9a59b7ff0b2ff,https://github.com/go-gitea/gitea/tree/ddd3586c06d81d8732dd96498b63de029f30349e,https://github.com/go-gitea/gitea/compare/ecfac78f6ef2cc01e4397c1a92b9a59b7ff0b2ff...ddd3586c06d81d8732dd96498b63de029f30349e
642,Gitea,01b9d35f1a0188dadc1ee09f5e4dd98acc38ff09,5a8dd96b33ac6e91a5c40fc4ef867625ca6ec88e,17241,https://github.com/go-gitea/gitea/issues/17241,https://github.com/go-gitea/gitea/tree/01b9d35f1a0188dadc1ee09f5e4dd98acc38ff09,https://github.com/go-gitea/gitea/tree/5a8dd96b33ac6e91a5c40fc4ef867625ca6ec88e,https://github.com/go-gitea/gitea/compare/01b9d35f1a0188dadc1ee09f5e4dd98acc38ff09...5a8dd96b33ac6e91a5c40fc4ef867625ca6ec88e
643,Gitea,a889d0cc8c70431d43a9e46a6cf859f7b490aeb3,58cd55d3535e5afe551610cb74588b33d97786a2,17314,https://github.com/go-gitea/gitea/issues/17314,https://github.com/go-gitea/gitea/tree/a889d0cc8c70431d43a9e46a6cf859f7b490aeb3,https://github.com/go-gitea/gitea/tree/58cd55d3535e5afe551610cb74588b33d97786a2,https://github.com/go-gitea/gitea/compare/a889d0cc8c70431d43a9e46a6cf859f7b490aeb3...58cd55d3535e5afe551610cb74588b33d97786a2
644,Gitea,f99d50fc9f8baf406f32a491b214f8a13617d086,44f2c27d28eec4ba14b91b0729cbee831357b09f,17378,https://github.com/go-gitea/gitea/issues/17378,https://github.com/go-gitea/gitea/tree/f99d50fc9f8baf406f32a491b214f8a13617d086,https://github.com/go-gitea/gitea/tree/44f2c27d28eec4ba14b91b0729cbee831357b09f,https://github.com/go-gitea/gitea/compare/f99d50fc9f8baf406f32a491b214f8a13617d086...44f2c27d28eec4ba14b91b0729cbee831357b09f
645,Gitea,98f70137567481c7caca68062017516498c039c4,35b918f574464eeca89fcf0d5f3a07a58a4b5a38,17175,https://github.com/go-gitea/gitea/issues/17175,https://github.com/go-gitea/gitea/tree/98f70137567481c7caca68062017516498c039c4,https://github.com/go-gitea/gitea/tree/35b918f574464eeca89fcf0d5f3a07a58a4b5a38,https://github.com/go-gitea/gitea/compare/98f70137567481c7caca68062017516498c039c4...35b918f574464eeca89fcf0d5f3a07a58a4b5a38
646,Gitea,2a9aefdabb24442f18d2ab2eac672a03928de9a4,6c49517cbd9d353d2d56d899632f301919818a03,17394,https://github.com/go-gitea/gitea/issues/17394,https://github.com/go-gitea/gitea/tree/2a9aefdabb24442f18d2ab2eac672a03928de9a4,https://github.com/go-gitea/gitea/tree/6c49517cbd9d353d2d56d899632f301919818a03,https://github.com/go-gitea/gitea/compare/2a9aefdabb24442f18d2ab2eac672a03928de9a4...6c49517cbd9d353d2d56d899632f301919818a03
647,Gitea,2a9aefdabb24442f18d2ab2eac672a03928de9a4,6c49517cbd9d353d2d56d899632f301919818a03,17395,https://github.com/go-gitea/gitea/issues/17395,https://github.com/go-gitea/gitea/tree/2a9aefdabb24442f18d2ab2eac672a03928de9a4,https://github.com/go-gitea/gitea/tree/6c49517cbd9d353d2d56d899632f301919818a03,https://github.com/go-gitea/gitea/compare/2a9aefdabb24442f18d2ab2eac672a03928de9a4...6c49517cbd9d353d2d56d899632f301919818a03
648,Gitea,f494776931b71f83fdfdd4e68e850529c4b2614f,98f70137567481c7caca68062017516498c039c4,16837,https://github.com/go-gitea/gitea/issues/16837,https://github.com/go-gitea/gitea/tree/f494776931b71f83fdfdd4e68e850529c4b2614f,https://github.com/go-gitea/gitea/tree/98f70137567481c7caca68062017516498c039c4,https://github.com/go-gitea/gitea/compare/f494776931b71f83fdfdd4e68e850529c4b2614f...98f70137567481c7caca68062017516498c039c4
649,Gitea,9733b60430d5abf7de6f7137129d604d78df9e74,e6e3b212b3ed01705ac6fb746f87df8204c8102c,17328,https://github.com/go-gitea/gitea/issues/17328,https://github.com/go-gitea/gitea/tree/9733b60430d5abf7de6f7137129d604d78df9e74,https://github.com/go-gitea/gitea/tree/e6e3b212b3ed01705ac6fb746f87df8204c8102c,https://github.com/go-gitea/gitea/compare/9733b60430d5abf7de6f7137129d604d78df9e74...e6e3b212b3ed01705ac6fb746f87df8204c8102c
650,Gitea,0277603878a04ca66ca525bf0e53afb0c16ee116,849356deaf204c3f3f186d7fffb2520e1980f46f,17412,https://github.com/go-gitea/gitea/issues/17412,https://github.com/go-gitea/gitea/tree/0277603878a04ca66ca525bf0e53afb0c16ee116,https://github.com/go-gitea/gitea/tree/849356deaf204c3f3f186d7fffb2520e1980f46f,https://github.com/go-gitea/gitea/compare/0277603878a04ca66ca525bf0e53afb0c16ee116...849356deaf204c3f3f186d7fffb2520e1980f46f
651,Gitea,4f00de14580da2b76b9c66e7ab599cbdfea0a23b,2b2eb5d0ad0a632573da762a151ddae23c5b2e4a,17443,https://github.com/go-gitea/gitea/issues/17443,https://github.com/go-gitea/gitea/tree/4f00de14580da2b76b9c66e7ab599cbdfea0a23b,https://github.com/go-gitea/gitea/tree/2b2eb5d0ad0a632573da762a151ddae23c5b2e4a,https://github.com/go-gitea/gitea/compare/4f00de14580da2b76b9c66e7ab599cbdfea0a23b...2b2eb5d0ad0a632573da762a151ddae23c5b2e4a
652,Gitea,cd0928f0e8cdfada471507de4e2921f92d716cd6,b6147152f8a60db3d1b4c134280afa3e9f77e3bc,17249,https://github.com/go-gitea/gitea/issues/17249,https://github.com/go-gitea/gitea/tree/cd0928f0e8cdfada471507de4e2921f92d716cd6,https://github.com/go-gitea/gitea/tree/b6147152f8a60db3d1b4c134280afa3e9f77e3bc,https://github.com/go-gitea/gitea/compare/cd0928f0e8cdfada471507de4e2921f92d716cd6...b6147152f8a60db3d1b4c134280afa3e9f77e3bc
653,Gitea,6e2c64f27adffbb0ffd8a8fc8d7315a66fc90b49,8f9ac439cae544a7bad3acfba2fdd08f84c75ba8,16559,https://github.com/go-gitea/gitea/issues/16559,https://github.com/go-gitea/gitea/tree/6e2c64f27adffbb0ffd8a8fc8d7315a66fc90b49,https://github.com/go-gitea/gitea/tree/8f9ac439cae544a7bad3acfba2fdd08f84c75ba8,https://github.com/go-gitea/gitea/compare/6e2c64f27adffbb0ffd8a8fc8d7315a66fc90b49...8f9ac439cae544a7bad3acfba2fdd08f84c75ba8
654,Gitea,f8ec43dbc7ca10e456ddf0cf739d2f5035dea879,0fa41b6dc412ad7bea97099981b6508d36cc811e,15612,https://github.com/go-gitea/gitea/issues/15612,https://github.com/go-gitea/gitea/tree/f8ec43dbc7ca10e456ddf0cf739d2f5035dea879,https://github.com/go-gitea/gitea/tree/0fa41b6dc412ad7bea97099981b6508d36cc811e,https://github.com/go-gitea/gitea/compare/f8ec43dbc7ca10e456ddf0cf739d2f5035dea879...0fa41b6dc412ad7bea97099981b6508d36cc811e
655,Gitea,0d69e64e03de735e7116813643a37a64d8418eb4,931d0cf854afc06a4d3d3dc3277d2f383efd3423,17731,https://github.com/go-gitea/gitea/issues/17731,https://github.com/go-gitea/gitea/tree/0d69e64e03de735e7116813643a37a64d8418eb4,https://github.com/go-gitea/gitea/tree/931d0cf854afc06a4d3d3dc3277d2f383efd3423,https://github.com/go-gitea/gitea/compare/0d69e64e03de735e7116813643a37a64d8418eb4...931d0cf854afc06a4d3d3dc3277d2f383efd3423
656,Gitea,de9625e48510c2e6ea65abfe50db6e552b655744,a161c2ca5834e950f35fa7546b027f825d4bb5eb,17543,https://github.com/go-gitea/gitea/issues/17543,https://github.com/go-gitea/gitea/tree/de9625e48510c2e6ea65abfe50db6e552b655744,https://github.com/go-gitea/gitea/tree/a161c2ca5834e950f35fa7546b027f825d4bb5eb,https://github.com/go-gitea/gitea/compare/de9625e48510c2e6ea65abfe50db6e552b655744...a161c2ca5834e950f35fa7546b027f825d4bb5eb
657,Gitea,f5bb788c4e6bff0593cc0dea14693a1bc667a04d,76a3190b8a988e18a6b5d66dcc7324f04d83342f,17485,https://github.com/go-gitea/gitea/issues/17485,https://github.com/go-gitea/gitea/tree/f5bb788c4e6bff0593cc0dea14693a1bc667a04d,https://github.com/go-gitea/gitea/tree/76a3190b8a988e18a6b5d66dcc7324f04d83342f,https://github.com/go-gitea/gitea/compare/f5bb788c4e6bff0593cc0dea14693a1bc667a04d...76a3190b8a988e18a6b5d66dcc7324f04d83342f
658,Gitea,1ff944f6982b939e81b8da2425e8680f6fd8fc77,4e8a81780ed4ff0423e3a2ac7f75265e362ca46d,17492,https://github.com/go-gitea/gitea/issues/17492,https://github.com/go-gitea/gitea/tree/1ff944f6982b939e81b8da2425e8680f6fd8fc77,https://github.com/go-gitea/gitea/tree/4e8a81780ed4ff0423e3a2ac7f75265e362ca46d,https://github.com/go-gitea/gitea/compare/1ff944f6982b939e81b8da2425e8680f6fd8fc77...4e8a81780ed4ff0423e3a2ac7f75265e362ca46d
659,Gitea,042cac5fedeec8af53080b9666fe043072f3a6be,7d0629adf859bebbbefcfbc5dedb457b75a7ce00,14468,https://github.com/go-gitea/gitea/issues/14468,https://github.com/go-gitea/gitea/tree/042cac5fedeec8af53080b9666fe043072f3a6be,https://github.com/go-gitea/gitea/tree/7d0629adf859bebbbefcfbc5dedb457b75a7ce00,https://github.com/go-gitea/gitea/compare/042cac5fedeec8af53080b9666fe043072f3a6be...7d0629adf859bebbbefcfbc5dedb457b75a7ce00
660,Gitea,e0e3ba6c12c4094dfb1ff0dc5f290214cf9bfe54,6e7d28cf3aef9e91c435f841ec217bff5c750b87,17938,https://github.com/go-gitea/gitea/issues/17938,https://github.com/go-gitea/gitea/tree/e0e3ba6c12c4094dfb1ff0dc5f290214cf9bfe54,https://github.com/go-gitea/gitea/tree/6e7d28cf3aef9e91c435f841ec217bff5c750b87,https://github.com/go-gitea/gitea/compare/e0e3ba6c12c4094dfb1ff0dc5f290214cf9bfe54...6e7d28cf3aef9e91c435f841ec217bff5c750b87
661,Gitea,487ce3b49e5fb4ef79ded696532f071293cf10d9,f1e85622da0492fa01d8449eb938197cd4fa65bf,13679,https://github.com/go-gitea/gitea/issues/13679,https://github.com/go-gitea/gitea/tree/487ce3b49e5fb4ef79ded696532f071293cf10d9,https://github.com/go-gitea/gitea/tree/f1e85622da0492fa01d8449eb938197cd4fa65bf,https://github.com/go-gitea/gitea/compare/487ce3b49e5fb4ef79ded696532f071293cf10d9...f1e85622da0492fa01d8449eb938197cd4fa65bf
662,Gitea,6e7d28cf3aef9e91c435f841ec217bff5c750b87,83546707085af9b59bdefdfbb2dc5511dadb57d7,16113,https://github.com/go-gitea/gitea/issues/16113,https://github.com/go-gitea/gitea/tree/6e7d28cf3aef9e91c435f841ec217bff5c750b87,https://github.com/go-gitea/gitea/tree/83546707085af9b59bdefdfbb2dc5511dadb57d7,https://github.com/go-gitea/gitea/compare/6e7d28cf3aef9e91c435f841ec217bff5c750b87...83546707085af9b59bdefdfbb2dc5511dadb57d7
663,Gitea,6e7d28cf3aef9e91c435f841ec217bff5c750b87,83546707085af9b59bdefdfbb2dc5511dadb57d7,17983,https://github.com/go-gitea/gitea/issues/17983,https://github.com/go-gitea/gitea/tree/6e7d28cf3aef9e91c435f841ec217bff5c750b87,https://github.com/go-gitea/gitea/tree/83546707085af9b59bdefdfbb2dc5511dadb57d7,https://github.com/go-gitea/gitea/compare/6e7d28cf3aef9e91c435f841ec217bff5c750b87...83546707085af9b59bdefdfbb2dc5511dadb57d7
664,Gitea,6e7d28cf3aef9e91c435f841ec217bff5c750b87,83546707085af9b59bdefdfbb2dc5511dadb57d7,17943,https://github.com/go-gitea/gitea/issues/17943,https://github.com/go-gitea/gitea/tree/6e7d28cf3aef9e91c435f841ec217bff5c750b87,https://github.com/go-gitea/gitea/tree/83546707085af9b59bdefdfbb2dc5511dadb57d7,https://github.com/go-gitea/gitea/compare/6e7d28cf3aef9e91c435f841ec217bff5c750b87...83546707085af9b59bdefdfbb2dc5511dadb57d7
665,Gitea,e4e411821d985cf8f9007d9640909ab9ee271dd7,fb5f7791ef0c4bd176a031729623c9d0c1310efb,17875,https://github.com/go-gitea/gitea/issues/17875,https://github.com/go-gitea/gitea/tree/e4e411821d985cf8f9007d9640909ab9ee271dd7,https://github.com/go-gitea/gitea/tree/fb5f7791ef0c4bd176a031729623c9d0c1310efb,https://github.com/go-gitea/gitea/compare/e4e411821d985cf8f9007d9640909ab9ee271dd7...fb5f7791ef0c4bd176a031729623c9d0c1310efb
666,Gitea,ce840bb177fe343c5a366f739a65b9c0efe65c34,0ac845042e14c85934f02ecef2696e1a8651663e,18037,https://github.com/go-gitea/gitea/issues/18037,https://github.com/go-gitea/gitea/tree/ce840bb177fe343c5a366f739a65b9c0efe65c34,https://github.com/go-gitea/gitea/tree/0ac845042e14c85934f02ecef2696e1a8651663e,https://github.com/go-gitea/gitea/compare/ce840bb177fe343c5a366f739a65b9c0efe65c34...0ac845042e14c85934f02ecef2696e1a8651663e
667,Gitea,6255ff8c6b5ffcfd5e0fb48aa66ef5599aa4d173,9d6208965c0590e307b8b198557690257da83351,17767,https://github.com/go-gitea/gitea/issues/17767,https://github.com/go-gitea/gitea/tree/6255ff8c6b5ffcfd5e0fb48aa66ef5599aa4d173,https://github.com/go-gitea/gitea/tree/9d6208965c0590e307b8b198557690257da83351,https://github.com/go-gitea/gitea/compare/6255ff8c6b5ffcfd5e0fb48aa66ef5599aa4d173...9d6208965c0590e307b8b198557690257da83351
668,Gitea,dab28c7049bdcf0da2b5c907e610c6a502fa37ac,d29b689f813ee83a4ec3526fbad7fb76a6958cc0,17977,https://github.com/go-gitea/gitea/issues/17977,https://github.com/go-gitea/gitea/tree/dab28c7049bdcf0da2b5c907e610c6a502fa37ac,https://github.com/go-gitea/gitea/tree/d29b689f813ee83a4ec3526fbad7fb76a6958cc0,https://github.com/go-gitea/gitea/compare/dab28c7049bdcf0da2b5c907e610c6a502fa37ac...d29b689f813ee83a4ec3526fbad7fb76a6958cc0
669,Gitea,26070eb818a09e7123c178434e73c9def88ea8e7,16adaaeaa3d6ebe19e203e5626120ed1cd4fea6c,17938,https://github.com/go-gitea/gitea/issues/17938,https://github.com/go-gitea/gitea/tree/26070eb818a09e7123c178434e73c9def88ea8e7,https://github.com/go-gitea/gitea/tree/16adaaeaa3d6ebe19e203e5626120ed1cd4fea6c,https://github.com/go-gitea/gitea/compare/26070eb818a09e7123c178434e73c9def88ea8e7...16adaaeaa3d6ebe19e203e5626120ed1cd4fea6c
670,Gitea,26070eb818a09e7123c178434e73c9def88ea8e7,16adaaeaa3d6ebe19e203e5626120ed1cd4fea6c,18060,https://github.com/go-gitea/gitea/issues/18060,https://github.com/go-gitea/gitea/tree/26070eb818a09e7123c178434e73c9def88ea8e7,https://github.com/go-gitea/gitea/tree/16adaaeaa3d6ebe19e203e5626120ed1cd4fea6c,https://github.com/go-gitea/gitea/compare/26070eb818a09e7123c178434e73c9def88ea8e7...16adaaeaa3d6ebe19e203e5626120ed1cd4fea6c
671,Gitea,a9ed1c5c7c6c85ae280e6a13ca0d4e665945efb4,62dcf1a6fb8f4cf935e7ca288406402d243507c0,18060,https://github.com/go-gitea/gitea/issues/18060,https://github.com/go-gitea/gitea/tree/a9ed1c5c7c6c85ae280e6a13ca0d4e665945efb4,https://github.com/go-gitea/gitea/tree/62dcf1a6fb8f4cf935e7ca288406402d243507c0,https://github.com/go-gitea/gitea/compare/a9ed1c5c7c6c85ae280e6a13ca0d4e665945efb4...62dcf1a6fb8f4cf935e7ca288406402d243507c0
672,Gitea,948949f42989bbbb701a51cfe9d6bd3cd6b246c8,496acbe9e5fb02b6c9ad1a85c328220d4db51a6b,18151,https://github.com/go-gitea/gitea/issues/18151,https://github.com/go-gitea/gitea/tree/948949f42989bbbb701a51cfe9d6bd3cd6b246c8,https://github.com/go-gitea/gitea/tree/496acbe9e5fb02b6c9ad1a85c328220d4db51a6b,https://github.com/go-gitea/gitea/compare/948949f42989bbbb701a51cfe9d6bd3cd6b246c8...496acbe9e5fb02b6c9ad1a85c328220d4db51a6b
673,Gitea,4646c7c52d453dcc817f8e14b991de0e4f67b492,957c3fcb5949b3f7ee348d3f7f609826cedb0e8b,17880,https://github.com/go-gitea/gitea/issues/17880,https://github.com/go-gitea/gitea/tree/4646c7c52d453dcc817f8e14b991de0e4f67b492,https://github.com/go-gitea/gitea/tree/957c3fcb5949b3f7ee348d3f7f609826cedb0e8b,https://github.com/go-gitea/gitea/compare/4646c7c52d453dcc817f8e14b991de0e4f67b492...957c3fcb5949b3f7ee348d3f7f609826cedb0e8b
674,Gitea,d097fd6be687e7f647e8679a0586d9a1a7bcf2bd,ba6efb105abd2a64b53491952a96a0a7af4b5ab9,17485,https://github.com/go-gitea/gitea/issues/17485,https://github.com/go-gitea/gitea/tree/d097fd6be687e7f647e8679a0586d9a1a7bcf2bd,https://github.com/go-gitea/gitea/tree/ba6efb105abd2a64b53491952a96a0a7af4b5ab9,https://github.com/go-gitea/gitea/compare/d097fd6be687e7f647e8679a0586d9a1a7bcf2bd...ba6efb105abd2a64b53491952a96a0a7af4b5ab9
675,Gitea,650a50a7ba8efcd8d02c4c93e5abc19f27e6c4b5,637c3ec5d82f9d727724cc362aea37eeb2f64b40,18149,https://github.com/go-gitea/gitea/issues/18149,https://github.com/go-gitea/gitea/tree/650a50a7ba8efcd8d02c4c93e5abc19f27e6c4b5,https://github.com/go-gitea/gitea/tree/637c3ec5d82f9d727724cc362aea37eeb2f64b40,https://github.com/go-gitea/gitea/compare/650a50a7ba8efcd8d02c4c93e5abc19f27e6c4b5...637c3ec5d82f9d727724cc362aea37eeb2f64b40
676,Gitea,661d3d28e97bb49bef075c0314edad5879148aaa,7960c96c19bf56679e817f48a18f2ef449f5c551,18281,https://github.com/go-gitea/gitea/issues/18281,https://github.com/go-gitea/gitea/tree/661d3d28e97bb49bef075c0314edad5879148aaa,https://github.com/go-gitea/gitea/tree/7960c96c19bf56679e817f48a18f2ef449f5c551,https://github.com/go-gitea/gitea/compare/661d3d28e97bb49bef075c0314edad5879148aaa...7960c96c19bf56679e817f48a18f2ef449f5c551
677,Gitea,0857c197a0f99df599516f7dc2bcd5665bb6c664,09d2029b6c943e542ae5ddf0a5b890ab92355b0f,18231,https://github.com/go-gitea/gitea/issues/18231,https://github.com/go-gitea/gitea/tree/0857c197a0f99df599516f7dc2bcd5665bb6c664,https://github.com/go-gitea/gitea/tree/09d2029b6c943e542ae5ddf0a5b890ab92355b0f,https://github.com/go-gitea/gitea/compare/0857c197a0f99df599516f7dc2bcd5665bb6c664...09d2029b6c943e542ae5ddf0a5b890ab92355b0f
678,Gitea,a3d685077f5ce331d6899426eb70c89e0fe6443a,7eb380baa49e76e8fc396872f943b5396019a9bd,18122,https://github.com/go-gitea/gitea/issues/18122,https://github.com/go-gitea/gitea/tree/a3d685077f5ce331d6899426eb70c89e0fe6443a,https://github.com/go-gitea/gitea/tree/7eb380baa49e76e8fc396872f943b5396019a9bd,https://github.com/go-gitea/gitea/compare/a3d685077f5ce331d6899426eb70c89e0fe6443a...7eb380baa49e76e8fc396872f943b5396019a9bd
679,Gitea,a7ee4d507a0edb2fa90ac25299a27298de941a41,089b4e6a4585a3d9d185abd9350e7c5d537cfa86,18303,https://github.com/go-gitea/gitea/issues/18303,https://github.com/go-gitea/gitea/tree/a7ee4d507a0edb2fa90ac25299a27298de941a41,https://github.com/go-gitea/gitea/tree/089b4e6a4585a3d9d185abd9350e7c5d537cfa86,https://github.com/go-gitea/gitea/compare/a7ee4d507a0edb2fa90ac25299a27298de941a41...089b4e6a4585a3d9d185abd9350e7c5d537cfa86
680,Gitea,11b482779136fdfb5faf8cffe3241ed0578f82c2,84f8ef3df6316cb8fe8048556288452c07da4d7b,17768,https://github.com/go-gitea/gitea/issues/17768,https://github.com/go-gitea/gitea/tree/11b482779136fdfb5faf8cffe3241ed0578f82c2,https://github.com/go-gitea/gitea/tree/84f8ef3df6316cb8fe8048556288452c07da4d7b,https://github.com/go-gitea/gitea/compare/11b482779136fdfb5faf8cffe3241ed0578f82c2...84f8ef3df6316cb8fe8048556288452c07da4d7b
681,Gitea,11b482779136fdfb5faf8cffe3241ed0578f82c2,84f8ef3df6316cb8fe8048556288452c07da4d7b,18315,https://github.com/go-gitea/gitea/issues/18315,https://github.com/go-gitea/gitea/tree/11b482779136fdfb5faf8cffe3241ed0578f82c2,https://github.com/go-gitea/gitea/tree/84f8ef3df6316cb8fe8048556288452c07da4d7b,https://github.com/go-gitea/gitea/compare/11b482779136fdfb5faf8cffe3241ed0578f82c2...84f8ef3df6316cb8fe8048556288452c07da4d7b
682,Gitea,851b54ba9fb80b47367071cf671872c881c6ae6e,a7ee4d507a0edb2fa90ac25299a27298de941a41,18229,https://github.com/go-gitea/gitea/issues/18229,https://github.com/go-gitea/gitea/tree/851b54ba9fb80b47367071cf671872c881c6ae6e,https://github.com/go-gitea/gitea/tree/a7ee4d507a0edb2fa90ac25299a27298de941a41,https://github.com/go-gitea/gitea/compare/851b54ba9fb80b47367071cf671872c881c6ae6e...a7ee4d507a0edb2fa90ac25299a27298de941a41
683,Gitea,531b6d60e1a05bb2584d1e81e6cd1ae42b57250b,6fba17460600261f0450468ab3b048789a423703,18327,https://github.com/go-gitea/gitea/issues/18327,https://github.com/go-gitea/gitea/tree/531b6d60e1a05bb2584d1e81e6cd1ae42b57250b,https://github.com/go-gitea/gitea/tree/6fba17460600261f0450468ab3b048789a423703,https://github.com/go-gitea/gitea/compare/531b6d60e1a05bb2584d1e81e6cd1ae42b57250b...6fba17460600261f0450468ab3b048789a423703
684,Gitea,089b4e6a4585a3d9d185abd9350e7c5d537cfa86,483409716dea15148289a12ce2b4644a7982e353,18320,https://github.com/go-gitea/gitea/issues/18320,https://github.com/go-gitea/gitea/tree/089b4e6a4585a3d9d185abd9350e7c5d537cfa86,https://github.com/go-gitea/gitea/tree/483409716dea15148289a12ce2b4644a7982e353,https://github.com/go-gitea/gitea/compare/089b4e6a4585a3d9d185abd9350e7c5d537cfa86...483409716dea15148289a12ce2b4644a7982e353
685,Gitea,4d0a72a2710fd3381574485980f056ac644a10d7,52bfb7f012a130e7205f761d95c50a41d01e8757,18265,https://github.com/go-gitea/gitea/issues/18265,https://github.com/go-gitea/gitea/tree/4d0a72a2710fd3381574485980f056ac644a10d7,https://github.com/go-gitea/gitea/tree/52bfb7f012a130e7205f761d95c50a41d01e8757,https://github.com/go-gitea/gitea/compare/4d0a72a2710fd3381574485980f056ac644a10d7...52bfb7f012a130e7205f761d95c50a41d01e8757
686,Gitea,c68f1281f62524858ec0b88d8f01aef5b125b2d0,6b0a71230d0ff5f9822bf889e88424f46f1ffff9,18176,https://github.com/go-gitea/gitea/issues/18176,https://github.com/go-gitea/gitea/tree/c68f1281f62524858ec0b88d8f01aef5b125b2d0,https://github.com/go-gitea/gitea/tree/6b0a71230d0ff5f9822bf889e88424f46f1ffff9,https://github.com/go-gitea/gitea/compare/c68f1281f62524858ec0b88d8f01aef5b125b2d0...6b0a71230d0ff5f9822bf889e88424f46f1ffff9
687,Gitea,6392f4691af7db20a2ad81ec19408fa9377a5cd1,93250bfe278f46f0344f513a13b1b396eddb7406,18391,https://github.com/go-gitea/gitea/issues/18391,https://github.com/go-gitea/gitea/tree/6392f4691af7db20a2ad81ec19408fa9377a5cd1,https://github.com/go-gitea/gitea/tree/93250bfe278f46f0344f513a13b1b396eddb7406,https://github.com/go-gitea/gitea/compare/6392f4691af7db20a2ad81ec19408fa9377a5cd1...93250bfe278f46f0344f513a13b1b396eddb7406
688,Gitea,6392f4691af7db20a2ad81ec19408fa9377a5cd1,93250bfe278f46f0344f513a13b1b396eddb7406,18320,https://github.com/go-gitea/gitea/issues/18320,https://github.com/go-gitea/gitea/tree/6392f4691af7db20a2ad81ec19408fa9377a5cd1,https://github.com/go-gitea/gitea/tree/93250bfe278f46f0344f513a13b1b396eddb7406,https://github.com/go-gitea/gitea/compare/6392f4691af7db20a2ad81ec19408fa9377a5cd1...93250bfe278f46f0344f513a13b1b396eddb7406
689,Gitea,b2250d2fb39a1b8a8c78a2739e6e4a94dcc49a19,72256c16a8e425879475252a05262b47b2cc44d4,18471,https://github.com/go-gitea/gitea/issues/18471,https://github.com/go-gitea/gitea/tree/b2250d2fb39a1b8a8c78a2739e6e4a94dcc49a19,https://github.com/go-gitea/gitea/tree/72256c16a8e425879475252a05262b47b2cc44d4,https://github.com/go-gitea/gitea/compare/b2250d2fb39a1b8a8c78a2739e6e4a94dcc49a19...72256c16a8e425879475252a05262b47b2cc44d4
690,Gitea,92b715e0f2c655169e82fb76f7b109b8de21a095,f7b152f1262e5bec4f6aec061e2ded65d0b53893,18077,https://github.com/go-gitea/gitea/issues/18077,https://github.com/go-gitea/gitea/tree/92b715e0f2c655169e82fb76f7b109b8de21a095,https://github.com/go-gitea/gitea/tree/f7b152f1262e5bec4f6aec061e2ded65d0b53893,https://github.com/go-gitea/gitea/compare/92b715e0f2c655169e82fb76f7b109b8de21a095...f7b152f1262e5bec4f6aec061e2ded65d0b53893
691,Gitea,80048c091a13d2bae9b72497d306e1acf4046be4,7f2530e004c9908f9ee18b4060c8d4837a72f93b,18483,https://github.com/go-gitea/gitea/issues/18483,https://github.com/go-gitea/gitea/tree/80048c091a13d2bae9b72497d306e1acf4046be4,https://github.com/go-gitea/gitea/tree/7f2530e004c9908f9ee18b4060c8d4837a72f93b,https://github.com/go-gitea/gitea/compare/80048c091a13d2bae9b72497d306e1acf4046be4...7f2530e004c9908f9ee18b4060c8d4837a72f93b
692,Gitea,e5ec7a086f649751f4496e69ea64ba18aecdb73d,f9b27d2d460ba28898e92b7ba134deb35a8c8071,16559,https://github.com/go-gitea/gitea/issues/16559,https://github.com/go-gitea/gitea/tree/e5ec7a086f649751f4496e69ea64ba18aecdb73d,https://github.com/go-gitea/gitea/tree/f9b27d2d460ba28898e92b7ba134deb35a8c8071,https://github.com/go-gitea/gitea/compare/e5ec7a086f649751f4496e69ea64ba18aecdb73d...f9b27d2d460ba28898e92b7ba134deb35a8c8071
693,Gitea,7f2530e004c9908f9ee18b4060c8d4837a72f93b,bb5f859ec0f853383b85cb16b189fbacf7397551,18429,https://github.com/go-gitea/gitea/issues/18429,https://github.com/go-gitea/gitea/tree/7f2530e004c9908f9ee18b4060c8d4837a72f93b,https://github.com/go-gitea/gitea/tree/bb5f859ec0f853383b85cb16b189fbacf7397551,https://github.com/go-gitea/gitea/compare/7f2530e004c9908f9ee18b4060c8d4837a72f93b...bb5f859ec0f853383b85cb16b189fbacf7397551
694,Gitea,f6f4e1ddb97227f1d0f2213b6dc9201f302568cf,d3b31cc1ee752e09e3062213eb4c34a6e9b0d7ff,18484,https://github.com/go-gitea/gitea/issues/18484,https://github.com/go-gitea/gitea/tree/f6f4e1ddb97227f1d0f2213b6dc9201f302568cf,https://github.com/go-gitea/gitea/tree/d3b31cc1ee752e09e3062213eb4c34a6e9b0d7ff,https://github.com/go-gitea/gitea/compare/f6f4e1ddb97227f1d0f2213b6dc9201f302568cf...d3b31cc1ee752e09e3062213eb4c34a6e9b0d7ff
695,Gitea,5469e61a8e750daad05ddc8b9b2110b1cda4bb68,92e81e97e848f95af437694297105ec8fa18365e,18514,https://github.com/go-gitea/gitea/issues/18514,https://github.com/go-gitea/gitea/tree/5469e61a8e750daad05ddc8b9b2110b1cda4bb68,https://github.com/go-gitea/gitea/tree/92e81e97e848f95af437694297105ec8fa18365e,https://github.com/go-gitea/gitea/compare/5469e61a8e750daad05ddc8b9b2110b1cda4bb68...92e81e97e848f95af437694297105ec8fa18365e
696,Gitea,92e81e97e848f95af437694297105ec8fa18365e,76e31115965164112a6dfdbd297632431e896e5e,18501,https://github.com/go-gitea/gitea/issues/18501,https://github.com/go-gitea/gitea/tree/92e81e97e848f95af437694297105ec8fa18365e,https://github.com/go-gitea/gitea/tree/76e31115965164112a6dfdbd297632431e896e5e,https://github.com/go-gitea/gitea/compare/92e81e97e848f95af437694297105ec8fa18365e...76e31115965164112a6dfdbd297632431e896e5e
697,Gitea,6fba17460600261f0450468ab3b048789a423703,6779d9726ffe9d36b0c596c0ba4235e5a182ae75,18324,https://github.com/go-gitea/gitea/issues/18324,https://github.com/go-gitea/gitea/tree/6fba17460600261f0450468ab3b048789a423703,https://github.com/go-gitea/gitea/tree/6779d9726ffe9d36b0c596c0ba4235e5a182ae75,https://github.com/go-gitea/gitea/compare/6fba17460600261f0450468ab3b048789a423703...6779d9726ffe9d36b0c596c0ba4235e5a182ae75
698,Gitea,84f8ef3df6316cb8fe8048556288452c07da4d7b,4a20eadfd7ecc1e71a02f5c96d6f92d9818b0a28,18223,https://github.com/go-gitea/gitea/issues/18223,https://github.com/go-gitea/gitea/tree/84f8ef3df6316cb8fe8048556288452c07da4d7b,https://github.com/go-gitea/gitea/tree/4a20eadfd7ecc1e71a02f5c96d6f92d9818b0a28,https://github.com/go-gitea/gitea/compare/84f8ef3df6316cb8fe8048556288452c07da4d7b...4a20eadfd7ecc1e71a02f5c96d6f92d9818b0a28
699,Gitea,104c547d6158870b2786345eab37963714815268,1c5afd17ee38108b91c803d5d82ac47f3b333c85,18561,https://github.com/go-gitea/gitea/issues/18561,https://github.com/go-gitea/gitea/tree/104c547d6158870b2786345eab37963714815268,https://github.com/go-gitea/gitea/tree/1c5afd17ee38108b91c803d5d82ac47f3b333c85,https://github.com/go-gitea/gitea/compare/104c547d6158870b2786345eab37963714815268...1c5afd17ee38108b91c803d5d82ac47f3b333c85
700,Gitea,9f9ca0aae46713823951d801c294db244a7ae1ca,1ab44cb01d43eb1c0b606ae842e701f5a8ad2b36,18560,https://github.com/go-gitea/gitea/issues/18560,https://github.com/go-gitea/gitea/tree/9f9ca0aae46713823951d801c294db244a7ae1ca,https://github.com/go-gitea/gitea/tree/1ab44cb01d43eb1c0b606ae842e701f5a8ad2b36,https://github.com/go-gitea/gitea/compare/9f9ca0aae46713823951d801c294db244a7ae1ca...1ab44cb01d43eb1c0b606ae842e701f5a8ad2b36
701,Gitea,319d191afc7b2f4e179156869fe97b264c572bb9,3c7374106e37f071b1570ae2a6be02c8c7fb4a2b,18498,https://github.com/go-gitea/gitea/issues/18498,https://github.com/go-gitea/gitea/tree/319d191afc7b2f4e179156869fe97b264c572bb9,https://github.com/go-gitea/gitea/tree/3c7374106e37f071b1570ae2a6be02c8c7fb4a2b,https://github.com/go-gitea/gitea/compare/319d191afc7b2f4e179156869fe97b264c572bb9...3c7374106e37f071b1570ae2a6be02c8c7fb4a2b
702,Gitea,70e614b9da0916fa617d683c42a9394df552359a,22d266350d2bddc70b369a0cf96278eebc8890ac,18494,https://github.com/go-gitea/gitea/issues/18494,https://github.com/go-gitea/gitea/tree/70e614b9da0916fa617d683c42a9394df552359a,https://github.com/go-gitea/gitea/tree/22d266350d2bddc70b369a0cf96278eebc8890ac,https://github.com/go-gitea/gitea/compare/70e614b9da0916fa617d683c42a9394df552359a...22d266350d2bddc70b369a0cf96278eebc8890ac
703,Gitea,3043eb36bfcd7ddf29202b958b91942826a8182b,a6e657e99979f94d1d663a0bc2b7945f3c1018dc,18629,https://github.com/go-gitea/gitea/issues/18629,https://github.com/go-gitea/gitea/tree/3043eb36bfcd7ddf29202b958b91942826a8182b,https://github.com/go-gitea/gitea/tree/a6e657e99979f94d1d663a0bc2b7945f3c1018dc,https://github.com/go-gitea/gitea/compare/3043eb36bfcd7ddf29202b958b91942826a8182b...a6e657e99979f94d1d663a0bc2b7945f3c1018dc
704,Gitea,f9e7edc5d9708206def69ecdfb65d186a69cab67,b2b3225bd1f6d6ff519d7a464c7fcf7ff0c6bdcc,18709,https://github.com/go-gitea/gitea/issues/18709,https://github.com/go-gitea/gitea/tree/f9e7edc5d9708206def69ecdfb65d186a69cab67,https://github.com/go-gitea/gitea/tree/b2b3225bd1f6d6ff519d7a464c7fcf7ff0c6bdcc,https://github.com/go-gitea/gitea/compare/f9e7edc5d9708206def69ecdfb65d186a69cab67...b2b3225bd1f6d6ff519d7a464c7fcf7ff0c6bdcc
705,Gitea,f9e7edc5d9708206def69ecdfb65d186a69cab67,b2b3225bd1f6d6ff519d7a464c7fcf7ff0c6bdcc,18704,https://github.com/go-gitea/gitea/issues/18704,https://github.com/go-gitea/gitea/tree/f9e7edc5d9708206def69ecdfb65d186a69cab67,https://github.com/go-gitea/gitea/tree/b2b3225bd1f6d6ff519d7a464c7fcf7ff0c6bdcc,https://github.com/go-gitea/gitea/compare/f9e7edc5d9708206def69ecdfb65d186a69cab67...b2b3225bd1f6d6ff519d7a464c7fcf7ff0c6bdcc
706,Gitea,f8b21ac04a02a784fe14941e5c89940448694b8c,ae0d8d94dfc896800805d2f0226a8c347cb97793,18572,https://github.com/go-gitea/gitea/issues/18572,https://github.com/go-gitea/gitea/tree/f8b21ac04a02a784fe14941e5c89940448694b8c,https://github.com/go-gitea/gitea/tree/ae0d8d94dfc896800805d2f0226a8c347cb97793,https://github.com/go-gitea/gitea/compare/f8b21ac04a02a784fe14941e5c89940448694b8c...ae0d8d94dfc896800805d2f0226a8c347cb97793
707,Gitea,439ad34c71b8777a9dac369c643560b18bc41bab,eb748f5f3c93e8e347309fc75ea8273c06a5489b,3880,https://github.com/go-gitea/gitea/issues/3880,https://github.com/go-gitea/gitea/tree/439ad34c71b8777a9dac369c643560b18bc41bab,https://github.com/go-gitea/gitea/tree/eb748f5f3c93e8e347309fc75ea8273c06a5489b,https://github.com/go-gitea/gitea/compare/439ad34c71b8777a9dac369c643560b18bc41bab...eb748f5f3c93e8e347309fc75ea8273c06a5489b
708,Gitea,1b1658d8875e42f0c5130ddfe9c7339e10bf5c20,32599bf0602e70a6862f3a02eb8928a67289095f,18727,https://github.com/go-gitea/gitea/issues/18727,https://github.com/go-gitea/gitea/tree/1b1658d8875e42f0c5130ddfe9c7339e10bf5c20,https://github.com/go-gitea/gitea/tree/32599bf0602e70a6862f3a02eb8928a67289095f,https://github.com/go-gitea/gitea/compare/1b1658d8875e42f0c5130ddfe9c7339e10bf5c20...32599bf0602e70a6862f3a02eb8928a67289095f
709,Gitea,159c3f48af452dc96bf6489d1d7c99ea89d174c4,931c2f40e7f7c7698956adecf14814dc0559f801,18523,https://github.com/go-gitea/gitea/issues/18523,https://github.com/go-gitea/gitea/tree/159c3f48af452dc96bf6489d1d7c99ea89d174c4,https://github.com/go-gitea/gitea/tree/931c2f40e7f7c7698956adecf14814dc0559f801,https://github.com/go-gitea/gitea/compare/159c3f48af452dc96bf6489d1d7c99ea89d174c4...931c2f40e7f7c7698956adecf14814dc0559f801
710,Gitea,aa60cd91b2ba1d00446144f47214f96fe46466f1,962725cdbbe954e15b480b2ea1f418a981a7ffe3,18885,https://github.com/go-gitea/gitea/issues/18885,https://github.com/go-gitea/gitea/tree/aa60cd91b2ba1d00446144f47214f96fe46466f1,https://github.com/go-gitea/gitea/tree/962725cdbbe954e15b480b2ea1f418a981a7ffe3,https://github.com/go-gitea/gitea/compare/aa60cd91b2ba1d00446144f47214f96fe46466f1...962725cdbbe954e15b480b2ea1f418a981a7ffe3
711,Gitea,fd273b05b9513e4ac1b0d7b743acc3c3d36c905c,33e19c800458bd7c03bc51772537944eb95975ae,18891,https://github.com/go-gitea/gitea/issues/18891,https://github.com/go-gitea/gitea/tree/fd273b05b9513e4ac1b0d7b743acc3c3d36c905c,https://github.com/go-gitea/gitea/tree/33e19c800458bd7c03bc51772537944eb95975ae,https://github.com/go-gitea/gitea/compare/fd273b05b9513e4ac1b0d7b743acc3c3d36c905c...33e19c800458bd7c03bc51772537944eb95975ae
712,Gitea,f7085f718bf58dc5fc2d843ad1b0171b748fc153,cb41f5cae16c5c11cad717c0d19333c2aa4e3b55,18572,https://github.com/go-gitea/gitea/issues/18572,https://github.com/go-gitea/gitea/tree/f7085f718bf58dc5fc2d843ad1b0171b748fc153,https://github.com/go-gitea/gitea/tree/cb41f5cae16c5c11cad717c0d19333c2aa4e3b55,https://github.com/go-gitea/gitea/compare/f7085f718bf58dc5fc2d843ad1b0171b748fc153...cb41f5cae16c5c11cad717c0d19333c2aa4e3b55
713,Gitea,548adb94b4435b1304151150aa926f09a7a62255,4697735c8da31fb0c48686e0b02634df86de1319,18921,https://github.com/go-gitea/gitea/issues/18921,https://github.com/go-gitea/gitea/tree/548adb94b4435b1304151150aa926f09a7a62255,https://github.com/go-gitea/gitea/tree/4697735c8da31fb0c48686e0b02634df86de1319,https://github.com/go-gitea/gitea/compare/548adb94b4435b1304151150aa926f09a7a62255...4697735c8da31fb0c48686e0b02634df86de1319
714,Gitea,aee0fa68a71f03b65460597af3f37a3f4c4a04dc,38f63221642815076599954155174aae008c2d20,18782,https://github.com/go-gitea/gitea/issues/18782,https://github.com/go-gitea/gitea/tree/aee0fa68a71f03b65460597af3f37a3f4c4a04dc,https://github.com/go-gitea/gitea/tree/38f63221642815076599954155174aae008c2d20,https://github.com/go-gitea/gitea/compare/aee0fa68a71f03b65460597af3f37a3f4c4a04dc...38f63221642815076599954155174aae008c2d20
715,Gitea,c21735b49a5dd8ab6a2f8f6085d650dcfb411fad,2448c5ad8b82eb06ec63bcc9c696d380b35ea97c,18855,https://github.com/go-gitea/gitea/issues/18855,https://github.com/go-gitea/gitea/tree/c21735b49a5dd8ab6a2f8f6085d650dcfb411fad,https://github.com/go-gitea/gitea/tree/2448c5ad8b82eb06ec63bcc9c696d380b35ea97c,https://github.com/go-gitea/gitea/compare/c21735b49a5dd8ab6a2f8f6085d650dcfb411fad...2448c5ad8b82eb06ec63bcc9c696d380b35ea97c
716,Gitea,a0db075f21e961b687221a8b9ed9defb26d2624e,886b1de94914186a502ed68a6a281a15f1d8d9a3,19012,https://github.com/go-gitea/gitea/issues/19012,https://github.com/go-gitea/gitea/tree/a0db075f21e961b687221a8b9ed9defb26d2624e,https://github.com/go-gitea/gitea/tree/886b1de94914186a502ed68a6a281a15f1d8d9a3,https://github.com/go-gitea/gitea/compare/a0db075f21e961b687221a8b9ed9defb26d2624e...886b1de94914186a502ed68a6a281a15f1d8d9a3
717,Gitea,ba470a85dd657c586aa07bd5bb4010b93aa8dfa9,a0db075f21e961b687221a8b9ed9defb26d2624e,18629,https://github.com/go-gitea/gitea/issues/18629,https://github.com/go-gitea/gitea/tree/ba470a85dd657c586aa07bd5bb4010b93aa8dfa9,https://github.com/go-gitea/gitea/tree/a0db075f21e961b687221a8b9ed9defb26d2624e,https://github.com/go-gitea/gitea/compare/ba470a85dd657c586aa07bd5bb4010b93aa8dfa9...a0db075f21e961b687221a8b9ed9defb26d2624e
718,Gitea,886b1de94914186a502ed68a6a281a15f1d8d9a3,a223bc8765f18e1efc59d5291412d0076dfeaa9b,19036,https://github.com/go-gitea/gitea/issues/19036,https://github.com/go-gitea/gitea/tree/886b1de94914186a502ed68a6a281a15f1d8d9a3,https://github.com/go-gitea/gitea/tree/a223bc8765f18e1efc59d5291412d0076dfeaa9b,https://github.com/go-gitea/gitea/compare/886b1de94914186a502ed68a6a281a15f1d8d9a3...a223bc8765f18e1efc59d5291412d0076dfeaa9b
719,Gitea,b2b3225bd1f6d6ff519d7a464c7fcf7ff0c6bdcc,393ea86ae192325e45d7fac0fc6a277da8fb0fca,18706,https://github.com/go-gitea/gitea/issues/18706,https://github.com/go-gitea/gitea/tree/b2b3225bd1f6d6ff519d7a464c7fcf7ff0c6bdcc,https://github.com/go-gitea/gitea/tree/393ea86ae192325e45d7fac0fc6a277da8fb0fca,https://github.com/go-gitea/gitea/compare/b2b3225bd1f6d6ff519d7a464c7fcf7ff0c6bdcc...393ea86ae192325e45d7fac0fc6a277da8fb0fca
720,Gitea,2d21d2af9ef907ed3407b07d6a0191c39a29ee54,3322f4d7ccc2f2f372407b246df010bc84464c15,18950,https://github.com/go-gitea/gitea/issues/18950,https://github.com/go-gitea/gitea/tree/2d21d2af9ef907ed3407b07d6a0191c39a29ee54,https://github.com/go-gitea/gitea/tree/3322f4d7ccc2f2f372407b246df010bc84464c15,https://github.com/go-gitea/gitea/compare/2d21d2af9ef907ed3407b07d6a0191c39a29ee54...3322f4d7ccc2f2f372407b246df010bc84464c15
721,Gitea,60fbaa90683add2a8af891fc2ca8448b9b75c92e,fb08d2b3fd04dc8fc6cbd45fd341773b817c0857,18950,https://github.com/go-gitea/gitea/issues/18950,https://github.com/go-gitea/gitea/tree/60fbaa90683add2a8af891fc2ca8448b9b75c92e,https://github.com/go-gitea/gitea/tree/fb08d2b3fd04dc8fc6cbd45fd341773b817c0857,https://github.com/go-gitea/gitea/compare/60fbaa90683add2a8af891fc2ca8448b9b75c92e...fb08d2b3fd04dc8fc6cbd45fd341773b817c0857
722,Gitea,c604c9ae66696539174b04a33f9f3bb73b7a09c2,b05b40180f41b440d18a6d6abafd2d6187979bfe,19137,https://github.com/go-gitea/gitea/issues/19137,https://github.com/go-gitea/gitea/tree/c604c9ae66696539174b04a33f9f3bb73b7a09c2,https://github.com/go-gitea/gitea/tree/b05b40180f41b440d18a6d6abafd2d6187979bfe,https://github.com/go-gitea/gitea/compare/c604c9ae66696539174b04a33f9f3bb73b7a09c2...b05b40180f41b440d18a6d6abafd2d6187979bfe
723,Gitea,26718a785ac49f17eab51ad0f5324d036b810f73,832ce406aefed0cceb30d42d1435f425a9aba279,1395,https://github.com/go-gitea/gitea/issues/1395,https://github.com/go-gitea/gitea/tree/26718a785ac49f17eab51ad0f5324d036b810f73,https://github.com/go-gitea/gitea/tree/832ce406aefed0cceb30d42d1435f425a9aba279,https://github.com/go-gitea/gitea/compare/26718a785ac49f17eab51ad0f5324d036b810f73...832ce406aefed0cceb30d42d1435f425a9aba279
724,Gitea,83a2f79d5d236bd1328de1c4465bdecd20aa5bb5,49c5fc565c326a7b8be190e5109fffefc2cf5ec1,19115,https://github.com/go-gitea/gitea/issues/19115,https://github.com/go-gitea/gitea/tree/83a2f79d5d236bd1328de1c4465bdecd20aa5bb5,https://github.com/go-gitea/gitea/tree/49c5fc565c326a7b8be190e5109fffefc2cf5ec1,https://github.com/go-gitea/gitea/compare/83a2f79d5d236bd1328de1c4465bdecd20aa5bb5...49c5fc565c326a7b8be190e5109fffefc2cf5ec1
725,Gitea,bfe2e3d562307eb8b6659d71d2c10bf3c1284e77,77d1c7bf2fbdc217cef564417c8fd82612834f6e,19094,https://github.com/go-gitea/gitea/issues/19094,https://github.com/go-gitea/gitea/tree/bfe2e3d562307eb8b6659d71d2c10bf3c1284e77,https://github.com/go-gitea/gitea/tree/77d1c7bf2fbdc217cef564417c8fd82612834f6e,https://github.com/go-gitea/gitea/compare/bfe2e3d562307eb8b6659d71d2c10bf3c1284e77...77d1c7bf2fbdc217cef564417c8fd82612834f6e
726,Gitea,71a5aaef32298fd0e82ad9d1549fd38d0eb08352,f3165824585b55c0bd75cb4f46120fca8b4ace9f,19082,https://github.com/go-gitea/gitea/issues/19082,https://github.com/go-gitea/gitea/tree/71a5aaef32298fd0e82ad9d1549fd38d0eb08352,https://github.com/go-gitea/gitea/tree/f3165824585b55c0bd75cb4f46120fca8b4ace9f,https://github.com/go-gitea/gitea/compare/71a5aaef32298fd0e82ad9d1549fd38d0eb08352...f3165824585b55c0bd75cb4f46120fca8b4ace9f
727,Gitea,54961f3ac97709238710b2207e8c42f0a9897d80,e69b7a92ed91a4b078d216581a24497a72363494,10993,https://github.com/go-gitea/gitea/issues/10993,https://github.com/go-gitea/gitea/tree/54961f3ac97709238710b2207e8c42f0a9897d80,https://github.com/go-gitea/gitea/tree/e69b7a92ed91a4b078d216581a24497a72363494,https://github.com/go-gitea/gitea/compare/54961f3ac97709238710b2207e8c42f0a9897d80...e69b7a92ed91a4b078d216581a24497a72363494
728,Gitea,04601d22f557bbaea2abc53aa9750478c9dbc14f,d6fa138e7ce7c36ce253a3c847e3218fd31452c4,19220,https://github.com/go-gitea/gitea/issues/19220,https://github.com/go-gitea/gitea/tree/04601d22f557bbaea2abc53aa9750478c9dbc14f,https://github.com/go-gitea/gitea/tree/d6fa138e7ce7c36ce253a3c847e3218fd31452c4,https://github.com/go-gitea/gitea/compare/04601d22f557bbaea2abc53aa9750478c9dbc14f...d6fa138e7ce7c36ce253a3c847e3218fd31452c4
729,Gitea,929b07fe45dcf7622fb47be3f7251ea37483f323,7fc5fd6415f92120811747681bcde9ed42825151,17263,https://github.com/go-gitea/gitea/issues/17263,https://github.com/go-gitea/gitea/tree/929b07fe45dcf7622fb47be3f7251ea37483f323,https://github.com/go-gitea/gitea/tree/7fc5fd6415f92120811747681bcde9ed42825151,https://github.com/go-gitea/gitea/compare/929b07fe45dcf7622fb47be3f7251ea37483f323...7fc5fd6415f92120811747681bcde9ed42825151
730,Gitea,c88547ce71a554091930e129c20776daf6da35ac,420851ca1ff5c97cc31930f022daaff6f484793b,19275,https://github.com/go-gitea/gitea/issues/19275,https://github.com/go-gitea/gitea/tree/c88547ce71a554091930e129c20776daf6da35ac,https://github.com/go-gitea/gitea/tree/420851ca1ff5c97cc31930f022daaff6f484793b,https://github.com/go-gitea/gitea/compare/c88547ce71a554091930e129c20776daf6da35ac...420851ca1ff5c97cc31930f022daaff6f484793b
731,Gitea,d8f578412ebbf5b05de254a717f71cf5d3f5dab1,0eff23dae09f6127a39b53c8c3d82db2cd1ada38,19144,https://github.com/go-gitea/gitea/issues/19144,https://github.com/go-gitea/gitea/tree/d8f578412ebbf5b05de254a717f71cf5d3f5dab1,https://github.com/go-gitea/gitea/tree/0eff23dae09f6127a39b53c8c3d82db2cd1ada38,https://github.com/go-gitea/gitea/compare/d8f578412ebbf5b05de254a717f71cf5d3f5dab1...0eff23dae09f6127a39b53c8c3d82db2cd1ada38
732,Gitea,e28cc79c92c851251eaaecb0584f8bd4259d290c,f6145a69c4814d9aaaeac5d73c743b2f65bc586c,19256,https://github.com/go-gitea/gitea/issues/19256,https://github.com/go-gitea/gitea/tree/e28cc79c92c851251eaaecb0584f8bd4259d290c,https://github.com/go-gitea/gitea/tree/f6145a69c4814d9aaaeac5d73c743b2f65bc586c,https://github.com/go-gitea/gitea/compare/e28cc79c92c851251eaaecb0584f8bd4259d290c...f6145a69c4814d9aaaeac5d73c743b2f65bc586c
733,Gitea,f2229e0566478f8a2d8b968777f8ff356f1d4900,5e68fe7d37561aa9df470e4980cff833a7ee4f5f,19352,https://github.com/go-gitea/gitea/issues/19352,https://github.com/go-gitea/gitea/tree/f2229e0566478f8a2d8b968777f8ff356f1d4900,https://github.com/go-gitea/gitea/tree/5e68fe7d37561aa9df470e4980cff833a7ee4f5f,https://github.com/go-gitea/gitea/compare/f2229e0566478f8a2d8b968777f8ff356f1d4900...5e68fe7d37561aa9df470e4980cff833a7ee4f5f
734,Gitea,a7f0ce620774be861f11b57d426ab59e27e4171a,1e319ba41a3d5362d253fca540b13b2ee92124c8,19424,https://github.com/go-gitea/gitea/issues/19424,https://github.com/go-gitea/gitea/tree/a7f0ce620774be861f11b57d426ab59e27e4171a,https://github.com/go-gitea/gitea/tree/1e319ba41a3d5362d253fca540b13b2ee92124c8,https://github.com/go-gitea/gitea/compare/a7f0ce620774be861f11b57d426ab59e27e4171a...1e319ba41a3d5362d253fca540b13b2ee92124c8
735,Gitea,0dcc74a8a7eebe816f855ad0375714c52f8b785a,240b3aa218ceeea579e622435800a49fa1820910,19399,https://github.com/go-gitea/gitea/issues/19399,https://github.com/go-gitea/gitea/tree/0dcc74a8a7eebe816f855ad0375714c52f8b785a,https://github.com/go-gitea/gitea/tree/240b3aa218ceeea579e622435800a49fa1820910,https://github.com/go-gitea/gitea/compare/0dcc74a8a7eebe816f855ad0375714c52f8b785a...240b3aa218ceeea579e622435800a49fa1820910
736,Gitea,ddbbe6e15ce411a286c2c9ea4e9fb4107fe3cde5,257cea654cf1fb592fdb5eacc9c1d5a97611a3f1,19066,https://github.com/go-gitea/gitea/issues/19066,https://github.com/go-gitea/gitea/tree/ddbbe6e15ce411a286c2c9ea4e9fb4107fe3cde5,https://github.com/go-gitea/gitea/tree/257cea654cf1fb592fdb5eacc9c1d5a97611a3f1,https://github.com/go-gitea/gitea/compare/ddbbe6e15ce411a286c2c9ea4e9fb4107fe3cde5...257cea654cf1fb592fdb5eacc9c1d5a97611a3f1
737,Gitea,1e319ba41a3d5362d253fca540b13b2ee92124c8,23d37673bd4e498d66140c44a2e31ab4725c6ae2,19397,https://github.com/go-gitea/gitea/issues/19397,https://github.com/go-gitea/gitea/tree/1e319ba41a3d5362d253fca540b13b2ee92124c8,https://github.com/go-gitea/gitea/tree/23d37673bd4e498d66140c44a2e31ab4725c6ae2,https://github.com/go-gitea/gitea/compare/1e319ba41a3d5362d253fca540b13b2ee92124c8...23d37673bd4e498d66140c44a2e31ab4725c6ae2
738,Gitea,af09136b95486e41ebd458e5209fd53a3b308447,b5383590de41b4311663e1d81ab5892054b6ce94,19518,https://github.com/go-gitea/gitea/issues/19518,https://github.com/go-gitea/gitea/tree/af09136b95486e41ebd458e5209fd53a3b308447,https://github.com/go-gitea/gitea/tree/b5383590de41b4311663e1d81ab5892054b6ce94,https://github.com/go-gitea/gitea/compare/af09136b95486e41ebd458e5209fd53a3b308447...b5383590de41b4311663e1d81ab5892054b6ce94
739,Gitea,42fe076084d37e5ede7166c136f1dda47bcf40f5,d3dbdbe6c5abbc0d3a6a342f3a29d3895fad1270,19162,https://github.com/go-gitea/gitea/issues/19162,https://github.com/go-gitea/gitea/tree/42fe076084d37e5ede7166c136f1dda47bcf40f5,https://github.com/go-gitea/gitea/tree/d3dbdbe6c5abbc0d3a6a342f3a29d3895fad1270,https://github.com/go-gitea/gitea/compare/42fe076084d37e5ede7166c136f1dda47bcf40f5...d3dbdbe6c5abbc0d3a6a342f3a29d3895fad1270
740,Gitea,c18d8d6968cb175703942631f0094ffb415f51f4,438646e0b55138d2b18313142072236e8f178c29,19530,https://github.com/go-gitea/gitea/issues/19530,https://github.com/go-gitea/gitea/tree/c18d8d6968cb175703942631f0094ffb415f51f4,https://github.com/go-gitea/gitea/tree/438646e0b55138d2b18313142072236e8f178c29,https://github.com/go-gitea/gitea/compare/c18d8d6968cb175703942631f0094ffb415f51f4...438646e0b55138d2b18313142072236e8f178c29
741,Gitea,53829b84f06f4734d6abe4b3c44d18e960dd53c1,334707fee90922e514485718088e3f0d55671c72,19541,https://github.com/go-gitea/gitea/issues/19541,https://github.com/go-gitea/gitea/tree/53829b84f06f4734d6abe4b3c44d18e960dd53c1,https://github.com/go-gitea/gitea/tree/334707fee90922e514485718088e3f0d55671c72,https://github.com/go-gitea/gitea/compare/53829b84f06f4734d6abe4b3c44d18e960dd53c1...334707fee90922e514485718088e3f0d55671c72
742,Gitea,bf7258be9ca32f0cbfd74b87c4cdf846e3860d14,8d34c2fab9a6816d0738925e1c8d1c6aa721cd1f,19545,https://github.com/go-gitea/gitea/issues/19545,https://github.com/go-gitea/gitea/tree/bf7258be9ca32f0cbfd74b87c4cdf846e3860d14,https://github.com/go-gitea/gitea/tree/8d34c2fab9a6816d0738925e1c8d1c6aa721cd1f,https://github.com/go-gitea/gitea/compare/bf7258be9ca32f0cbfd74b87c4cdf846e3860d14...8d34c2fab9a6816d0738925e1c8d1c6aa721cd1f
743,Gitea,f7a8e5c8f20e4de1a19af093c550331434cffe41,f4c1aa75be1974a4243b04346140922fb66b9b9f,19398,https://github.com/go-gitea/gitea/issues/19398,https://github.com/go-gitea/gitea/tree/f7a8e5c8f20e4de1a19af093c550331434cffe41,https://github.com/go-gitea/gitea/tree/f4c1aa75be1974a4243b04346140922fb66b9b9f,https://github.com/go-gitea/gitea/compare/f7a8e5c8f20e4de1a19af093c550331434cffe41...f4c1aa75be1974a4243b04346140922fb66b9b9f
744,Gitea,06e4687cecaed41500b653e5b8685f48b8b18310,92dfbada3793fc2be23d38783d6842eac9825f58,19514,https://github.com/go-gitea/gitea/issues/19514,https://github.com/go-gitea/gitea/tree/06e4687cecaed41500b653e5b8685f48b8b18310,https://github.com/go-gitea/gitea/tree/92dfbada3793fc2be23d38783d6842eac9825f58,https://github.com/go-gitea/gitea/compare/06e4687cecaed41500b653e5b8685f48b8b18310...92dfbada3793fc2be23d38783d6842eac9825f58
745,Gitea,4691e598280bbfcb1c8e494e2e74b6ece796c36c,a7f52684cb7eeb746adf7a6609adbd4d42ae2815,19613,https://github.com/go-gitea/gitea/issues/19613,https://github.com/go-gitea/gitea/tree/4691e598280bbfcb1c8e494e2e74b6ece796c36c,https://github.com/go-gitea/gitea/tree/a7f52684cb7eeb746adf7a6609adbd4d42ae2815,https://github.com/go-gitea/gitea/compare/4691e598280bbfcb1c8e494e2e74b6ece796c36c...a7f52684cb7eeb746adf7a6609adbd4d42ae2815
746,Gitea,fd7d83ace60258acf7139c4c787aa8af75b7ba8c,a9af93cb216e9b5f4d1841d18593589143fbdc9c,19759,https://github.com/go-gitea/gitea/issues/19759,https://github.com/go-gitea/gitea/tree/fd7d83ace60258acf7139c4c787aa8af75b7ba8c,https://github.com/go-gitea/gitea/tree/a9af93cb216e9b5f4d1841d18593589143fbdc9c,https://github.com/go-gitea/gitea/compare/fd7d83ace60258acf7139c4c787aa8af75b7ba8c...a9af93cb216e9b5f4d1841d18593589143fbdc9c
747,Gitea,d494cc335633ff838eaea547438b95e753aeec0f,71ca131582fff51da614291732ed43b2bf48d8a1,19636,https://github.com/go-gitea/gitea/issues/19636,https://github.com/go-gitea/gitea/tree/d494cc335633ff838eaea547438b95e753aeec0f,https://github.com/go-gitea/gitea/tree/71ca131582fff51da614291732ed43b2bf48d8a1,https://github.com/go-gitea/gitea/compare/d494cc335633ff838eaea547438b95e753aeec0f...71ca131582fff51da614291732ed43b2bf48d8a1
748,Gitea,f6c992974edaf04a7bd07aa00902915af25e6727,bc4764ffc67d240149fba9b0e8d23a68bc95fc6c,19743,https://github.com/go-gitea/gitea/issues/19743,https://github.com/go-gitea/gitea/tree/f6c992974edaf04a7bd07aa00902915af25e6727,https://github.com/go-gitea/gitea/tree/bc4764ffc67d240149fba9b0e8d23a68bc95fc6c,https://github.com/go-gitea/gitea/compare/f6c992974edaf04a7bd07aa00902915af25e6727...bc4764ffc67d240149fba9b0e8d23a68bc95fc6c
749,Gitea,b7abb31b7baeb2ee60d28b90354af3bef7f7a74a,982b726b0829686cc49543c6aee696a4b24d833f,19585,https://github.com/go-gitea/gitea/issues/19585,https://github.com/go-gitea/gitea/tree/b7abb31b7baeb2ee60d28b90354af3bef7f7a74a,https://github.com/go-gitea/gitea/tree/982b726b0829686cc49543c6aee696a4b24d833f,https://github.com/go-gitea/gitea/compare/b7abb31b7baeb2ee60d28b90354af3bef7f7a74a...982b726b0829686cc49543c6aee696a4b24d833f
750,Gitea,9c04da37d0bcb51ef0c20baeeea48c48eda99ff0,3114cd30b817692556306ce6261ace2b58c54b76,19600,https://github.com/go-gitea/gitea/issues/19600,https://github.com/go-gitea/gitea/tree/9c04da37d0bcb51ef0c20baeeea48c48eda99ff0,https://github.com/go-gitea/gitea/tree/3114cd30b817692556306ce6261ace2b58c54b76,https://github.com/go-gitea/gitea/compare/9c04da37d0bcb51ef0c20baeeea48c48eda99ff0...3114cd30b817692556306ce6261ace2b58c54b76
751,Gitea,b24db66a5fc5da501efd7e7e76776503fb906b1d,93ab90743d27f292eb7e8413e5ef1c6b10a65292,19793,https://github.com/go-gitea/gitea/issues/19793,https://github.com/go-gitea/gitea/tree/b24db66a5fc5da501efd7e7e76776503fb906b1d,https://github.com/go-gitea/gitea/tree/93ab90743d27f292eb7e8413e5ef1c6b10a65292,https://github.com/go-gitea/gitea/compare/b24db66a5fc5da501efd7e7e76776503fb906b1d...93ab90743d27f292eb7e8413e5ef1c6b10a65292
752,Gitea,672e5a752db8dd732ede058f97acf5336b651afb,38d72d40f132df8a6e90063f3e96a80048bf299e,19637,https://github.com/go-gitea/gitea/issues/19637,https://github.com/go-gitea/gitea/tree/672e5a752db8dd732ede058f97acf5336b651afb,https://github.com/go-gitea/gitea/tree/38d72d40f132df8a6e90063f3e96a80048bf299e,https://github.com/go-gitea/gitea/compare/672e5a752db8dd732ede058f97acf5336b651afb...38d72d40f132df8a6e90063f3e96a80048bf299e
753,Gitea,d0a2c1e82bf7d6505c268bc106d2ff57be6eb7d7,449ea6005fb613212102126ff267f5c16f7c40b8,18257,https://github.com/go-gitea/gitea/issues/18257,https://github.com/go-gitea/gitea/tree/d0a2c1e82bf7d6505c268bc106d2ff57be6eb7d7,https://github.com/go-gitea/gitea/tree/449ea6005fb613212102126ff267f5c16f7c40b8,https://github.com/go-gitea/gitea/compare/d0a2c1e82bf7d6505c268bc106d2ff57be6eb7d7...449ea6005fb613212102126ff267f5c16f7c40b8
754,Gitea,d002e3da008ec6945a405e4f14941bd42a341494,bbffddaa8a6af1881f9087d21246a0e412166035,19806,https://github.com/go-gitea/gitea/issues/19806,https://github.com/go-gitea/gitea/tree/d002e3da008ec6945a405e4f14941bd42a341494,https://github.com/go-gitea/gitea/tree/bbffddaa8a6af1881f9087d21246a0e412166035,https://github.com/go-gitea/gitea/compare/d002e3da008ec6945a405e4f14941bd42a341494...bbffddaa8a6af1881f9087d21246a0e412166035
755,Gitea,0e516949a446f509411bcd7b2654a048d37a91c5,730b9a5a624651e4821a043fe3f596c92be2df01,19839,https://github.com/go-gitea/gitea/issues/19839,https://github.com/go-gitea/gitea/tree/0e516949a446f509411bcd7b2654a048d37a91c5,https://github.com/go-gitea/gitea/tree/730b9a5a624651e4821a043fe3f596c92be2df01,https://github.com/go-gitea/gitea/compare/0e516949a446f509411bcd7b2654a048d37a91c5...730b9a5a624651e4821a043fe3f596c92be2df01
756,Gitea,81cf006863cb854609b09fd9f43189e2cab26b81,d8236f1b164b98306fe5779863c3e4f58aed3032,3737,https://github.com/go-gitea/gitea/issues/3737,https://github.com/go-gitea/gitea/tree/81cf006863cb854609b09fd9f43189e2cab26b81,https://github.com/go-gitea/gitea/tree/d8236f1b164b98306fe5779863c3e4f58aed3032,https://github.com/go-gitea/gitea/compare/81cf006863cb854609b09fd9f43189e2cab26b81...d8236f1b164b98306fe5779863c3e4f58aed3032
757,Gitea,e528e2b435466bd854b1f7a4619bdc16c058b8ba,89a8b3e1634e37e7ab6f1a4f919827de8fcdd89f,10675,https://github.com/go-gitea/gitea/issues/10675,https://github.com/go-gitea/gitea/tree/e528e2b435466bd854b1f7a4619bdc16c058b8ba,https://github.com/go-gitea/gitea/tree/89a8b3e1634e37e7ab6f1a4f919827de8fcdd89f,https://github.com/go-gitea/gitea/compare/e528e2b435466bd854b1f7a4619bdc16c058b8ba...89a8b3e1634e37e7ab6f1a4f919827de8fcdd89f
758,Gitea,b01dce2a6e98c25915a8e98afb741a1c34d05aba,e399f0f5b4661ac71bcf4f8badcd04d73b71a640,19969,https://github.com/go-gitea/gitea/issues/19969,https://github.com/go-gitea/gitea/tree/b01dce2a6e98c25915a8e98afb741a1c34d05aba,https://github.com/go-gitea/gitea/tree/e399f0f5b4661ac71bcf4f8badcd04d73b71a640,https://github.com/go-gitea/gitea/compare/b01dce2a6e98c25915a8e98afb741a1c34d05aba...e399f0f5b4661ac71bcf4f8badcd04d73b71a640
759,Gitea,cdb81f32ac3c4c93daddcb0b4d87b48a3eb90598,8fee7c46c16cbc1b46477cf600160f9668b9f5d0,19651,https://github.com/go-gitea/gitea/issues/19651,https://github.com/go-gitea/gitea/tree/cdb81f32ac3c4c93daddcb0b4d87b48a3eb90598,https://github.com/go-gitea/gitea/tree/8fee7c46c16cbc1b46477cf600160f9668b9f5d0,https://github.com/go-gitea/gitea/compare/cdb81f32ac3c4c93daddcb0b4d87b48a3eb90598...8fee7c46c16cbc1b46477cf600160f9668b9f5d0
760,Gitea,744e45218579fe2fd130b91d9fb95ec4becd314d,090d89e0f9db2bbbe6bc63d887647e2f898c0a18,19791,https://github.com/go-gitea/gitea/issues/19791,https://github.com/go-gitea/gitea/tree/744e45218579fe2fd130b91d9fb95ec4becd314d,https://github.com/go-gitea/gitea/tree/090d89e0f9db2bbbe6bc63d887647e2f898c0a18,https://github.com/go-gitea/gitea/compare/744e45218579fe2fd130b91d9fb95ec4becd314d...090d89e0f9db2bbbe6bc63d887647e2f898c0a18
761,Gitea,d8236f1b164b98306fe5779863c3e4f58aed3032,59fd864fad07f20fef15220178d289ab114aa795,19897,https://github.com/go-gitea/gitea/issues/19897,https://github.com/go-gitea/gitea/tree/d8236f1b164b98306fe5779863c3e4f58aed3032,https://github.com/go-gitea/gitea/tree/59fd864fad07f20fef15220178d289ab114aa795,https://github.com/go-gitea/gitea/compare/d8236f1b164b98306fe5779863c3e4f58aed3032...59fd864fad07f20fef15220178d289ab114aa795
762,Gitea,9574626a23569b09230ad6fe2b99357acab25d1a,8720f876c74e4ab63828a8ecd8b5f5465aef58fa,19779,https://github.com/go-gitea/gitea/issues/19779,https://github.com/go-gitea/gitea/tree/9574626a23569b09230ad6fe2b99357acab25d1a,https://github.com/go-gitea/gitea/tree/8720f876c74e4ab63828a8ecd8b5f5465aef58fa,https://github.com/go-gitea/gitea/compare/9574626a23569b09230ad6fe2b99357acab25d1a...8720f876c74e4ab63828a8ecd8b5f5465aef58fa
763,Gitea,89b0aac37449cf7ccdfa52c6edbe537257228bc1,e3e06d13afdd882ca5934fde77217ff9554354c4,19970,https://github.com/go-gitea/gitea/issues/19970,https://github.com/go-gitea/gitea/tree/89b0aac37449cf7ccdfa52c6edbe537257228bc1,https://github.com/go-gitea/gitea/tree/e3e06d13afdd882ca5934fde77217ff9554354c4,https://github.com/go-gitea/gitea/compare/89b0aac37449cf7ccdfa52c6edbe537257228bc1...e3e06d13afdd882ca5934fde77217ff9554354c4
764,Gitea,1e05adfc3eeeeee04be48c683185886fa4b00dee,bdde56c95c338822f84857f9a0a20a73eb62ce6d,19988,https://github.com/go-gitea/gitea/issues/19988,https://github.com/go-gitea/gitea/tree/1e05adfc3eeeeee04be48c683185886fa4b00dee,https://github.com/go-gitea/gitea/tree/bdde56c95c338822f84857f9a0a20a73eb62ce6d,https://github.com/go-gitea/gitea/compare/1e05adfc3eeeeee04be48c683185886fa4b00dee...bdde56c95c338822f84857f9a0a20a73eb62ce6d
765,Gitea,9068c784c8af1c76f88f94ada1bf5ee21c3cd25b,1e05adfc3eeeeee04be48c683185886fa4b00dee,19987,https://github.com/go-gitea/gitea/issues/19987,https://github.com/go-gitea/gitea/tree/9068c784c8af1c76f88f94ada1bf5ee21c3cd25b,https://github.com/go-gitea/gitea/tree/1e05adfc3eeeeee04be48c683185886fa4b00dee,https://github.com/go-gitea/gitea/compare/9068c784c8af1c76f88f94ada1bf5ee21c3cd25b...1e05adfc3eeeeee04be48c683185886fa4b00dee
766,Gitea,62cb3c8c85f4721a1d2cf04762d2a8bab062bbd3,62104b4896f2f443da13b834d0111e1378134ac3,10252,https://github.com/go-gitea/gitea/issues/10252,https://github.com/go-gitea/gitea/tree/62cb3c8c85f4721a1d2cf04762d2a8bab062bbd3,https://github.com/go-gitea/gitea/tree/62104b4896f2f443da13b834d0111e1378134ac3,https://github.com/go-gitea/gitea/compare/62cb3c8c85f4721a1d2cf04762d2a8bab062bbd3...62104b4896f2f443da13b834d0111e1378134ac3
767,Gitea,62cb3c8c85f4721a1d2cf04762d2a8bab062bbd3,62104b4896f2f443da13b834d0111e1378134ac3,19679,https://github.com/go-gitea/gitea/issues/19679,https://github.com/go-gitea/gitea/tree/62cb3c8c85f4721a1d2cf04762d2a8bab062bbd3,https://github.com/go-gitea/gitea/tree/62104b4896f2f443da13b834d0111e1378134ac3,https://github.com/go-gitea/gitea/compare/62cb3c8c85f4721a1d2cf04762d2a8bab062bbd3...62104b4896f2f443da13b834d0111e1378134ac3
768,Gitea,62cb3c8c85f4721a1d2cf04762d2a8bab062bbd3,62104b4896f2f443da13b834d0111e1378134ac3,3561,https://github.com/go-gitea/gitea/issues/3561,https://github.com/go-gitea/gitea/tree/62cb3c8c85f4721a1d2cf04762d2a8bab062bbd3,https://github.com/go-gitea/gitea/tree/62104b4896f2f443da13b834d0111e1378134ac3,https://github.com/go-gitea/gitea/compare/62cb3c8c85f4721a1d2cf04762d2a8bab062bbd3...62104b4896f2f443da13b834d0111e1378134ac3
769,Gitea,d05fb6f6c96b536567911ac077b53a0b03717f29,36127a3336d3e124f9ea67d4bcf4b76e9a7a07b6,19976,https://github.com/go-gitea/gitea/issues/19976,https://github.com/go-gitea/gitea/tree/d05fb6f6c96b536567911ac077b53a0b03717f29,https://github.com/go-gitea/gitea/tree/36127a3336d3e124f9ea67d4bcf4b76e9a7a07b6,https://github.com/go-gitea/gitea/compare/d05fb6f6c96b536567911ac077b53a0b03717f29...36127a3336d3e124f9ea67d4bcf4b76e9a7a07b6
770,Gitea,bdde56c95c338822f84857f9a0a20a73eb62ce6d,a036507204fabd1d7cff3577692bc7d8e4ef7395,19455,https://github.com/go-gitea/gitea/issues/19455,https://github.com/go-gitea/gitea/tree/bdde56c95c338822f84857f9a0a20a73eb62ce6d,https://github.com/go-gitea/gitea/tree/a036507204fabd1d7cff3577692bc7d8e4ef7395,https://github.com/go-gitea/gitea/compare/bdde56c95c338822f84857f9a0a20a73eb62ce6d...a036507204fabd1d7cff3577692bc7d8e4ef7395
771,Gitea,e86f18a05a19611c518f6ccb87cc7a1261392666,cc42c6488a818499e363935c214d5c4d0aaff554,19655,https://github.com/go-gitea/gitea/issues/19655,https://github.com/go-gitea/gitea/tree/e86f18a05a19611c518f6ccb87cc7a1261392666,https://github.com/go-gitea/gitea/tree/cc42c6488a818499e363935c214d5c4d0aaff554,https://github.com/go-gitea/gitea/compare/e86f18a05a19611c518f6ccb87cc7a1261392666...cc42c6488a818499e363935c214d5c4d0aaff554
772,Gitea,2111741a4871a7876f49e5bfde380edaa0f9accf,a8cdea013d16635c55ef8ef83a0b4219fe646b77,20115,https://github.com/go-gitea/gitea/issues/20115,https://github.com/go-gitea/gitea/tree/2111741a4871a7876f49e5bfde380edaa0f9accf,https://github.com/go-gitea/gitea/tree/a8cdea013d16635c55ef8ef83a0b4219fe646b77,https://github.com/go-gitea/gitea/compare/2111741a4871a7876f49e5bfde380edaa0f9accf...a8cdea013d16635c55ef8ef83a0b4219fe646b77
773,Gitea,3ba09103a4bd35f6e24eecbc85658bdbf404092f,b8cfd4605f685ce63a5d551c5c929df5c0e49081,20080,https://github.com/go-gitea/gitea/issues/20080,https://github.com/go-gitea/gitea/tree/3ba09103a4bd35f6e24eecbc85658bdbf404092f,https://github.com/go-gitea/gitea/tree/b8cfd4605f685ce63a5d551c5c929df5c0e49081,https://github.com/go-gitea/gitea/compare/3ba09103a4bd35f6e24eecbc85658bdbf404092f...b8cfd4605f685ce63a5d551c5c929df5c0e49081
774,Gitea,7e733ee904cbe2dc707c41187317a3342da07f93,f6db650e9d99253cef54c3e646db1e7355880d86,19936,https://github.com/go-gitea/gitea/issues/19936,https://github.com/go-gitea/gitea/tree/7e733ee904cbe2dc707c41187317a3342da07f93,https://github.com/go-gitea/gitea/tree/f6db650e9d99253cef54c3e646db1e7355880d86,https://github.com/go-gitea/gitea/compare/7e733ee904cbe2dc707c41187317a3342da07f93...f6db650e9d99253cef54c3e646db1e7355880d86
775,Gitea,62104b4896f2f443da13b834d0111e1378134ac3,e91229eefbd09fecaebd0e058c3bfe7612a0bc61,19090,https://github.com/go-gitea/gitea/issues/19090,https://github.com/go-gitea/gitea/tree/62104b4896f2f443da13b834d0111e1378134ac3,https://github.com/go-gitea/gitea/tree/e91229eefbd09fecaebd0e058c3bfe7612a0bc61,https://github.com/go-gitea/gitea/compare/62104b4896f2f443da13b834d0111e1378134ac3...e91229eefbd09fecaebd0e058c3bfe7612a0bc61
776,Gitea,1f7c717b590963e25d4ea37f25d3cdf5b695b77c,5371964a4ed0031113e362108775617fe96fd6ac,20139,https://github.com/go-gitea/gitea/issues/20139,https://github.com/go-gitea/gitea/tree/1f7c717b590963e25d4ea37f25d3cdf5b695b77c,https://github.com/go-gitea/gitea/tree/5371964a4ed0031113e362108775617fe96fd6ac,https://github.com/go-gitea/gitea/compare/1f7c717b590963e25d4ea37f25d3cdf5b695b77c...5371964a4ed0031113e362108775617fe96fd6ac
777,Gitea,c4368fc6bc385f678c0310911d17598abdc68b40,8ee823037f98d9975496bd75a7c5386823426e7f,20040,https://github.com/go-gitea/gitea/issues/20040,https://github.com/go-gitea/gitea/tree/c4368fc6bc385f678c0310911d17598abdc68b40,https://github.com/go-gitea/gitea/tree/8ee823037f98d9975496bd75a7c5386823426e7f,https://github.com/go-gitea/gitea/compare/c4368fc6bc385f678c0310911d17598abdc68b40...8ee823037f98d9975496bd75a7c5386823426e7f
778,Gitea,5c9c0b8c1ef7a472f11d513d72807b624997aba8,9d9bf66c3b3fd8462e4db36458d333223c3b11a7,19860,https://github.com/go-gitea/gitea/issues/19860,https://github.com/go-gitea/gitea/tree/5c9c0b8c1ef7a472f11d513d72807b624997aba8,https://github.com/go-gitea/gitea/tree/9d9bf66c3b3fd8462e4db36458d333223c3b11a7,https://github.com/go-gitea/gitea/compare/5c9c0b8c1ef7a472f11d513d72807b624997aba8...9d9bf66c3b3fd8462e4db36458d333223c3b11a7
779,Gitea,54e7483207343ff50d60dd5a54065df90c356943,5c9c0b8c1ef7a472f11d513d72807b624997aba8,20129,https://github.com/go-gitea/gitea/issues/20129,https://github.com/go-gitea/gitea/tree/54e7483207343ff50d60dd5a54065df90c356943,https://github.com/go-gitea/gitea/tree/5c9c0b8c1ef7a472f11d513d72807b624997aba8,https://github.com/go-gitea/gitea/compare/54e7483207343ff50d60dd5a54065df90c356943...5c9c0b8c1ef7a472f11d513d72807b624997aba8
780,Gitea,8ee823037f98d9975496bd75a7c5386823426e7f,f5c97172f0e725b2bb2d00d281d82caf4dd72b9d,20240,https://github.com/go-gitea/gitea/issues/20240,https://github.com/go-gitea/gitea/tree/8ee823037f98d9975496bd75a7c5386823426e7f,https://github.com/go-gitea/gitea/tree/f5c97172f0e725b2bb2d00d281d82caf4dd72b9d,https://github.com/go-gitea/gitea/compare/8ee823037f98d9975496bd75a7c5386823426e7f...f5c97172f0e725b2bb2d00d281d82caf4dd72b9d
781,Gitea,f5c97172f0e725b2bb2d00d281d82caf4dd72b9d,ed13d7aadf75246a3b9ba68c5cd2def867f89f43,20068,https://github.com/go-gitea/gitea/issues/20068,https://github.com/go-gitea/gitea/tree/f5c97172f0e725b2bb2d00d281d82caf4dd72b9d,https://github.com/go-gitea/gitea/tree/ed13d7aadf75246a3b9ba68c5cd2def867f89f43,https://github.com/go-gitea/gitea/compare/f5c97172f0e725b2bb2d00d281d82caf4dd72b9d...ed13d7aadf75246a3b9ba68c5cd2def867f89f43
782,Gitea,1e43a885780c0f04cca3e891f43902d573f1d993,354bfbe77948b9eaca372ab314734dccaf6f8d49,20249,https://github.com/go-gitea/gitea/issues/20249,https://github.com/go-gitea/gitea/tree/1e43a885780c0f04cca3e891f43902d573f1d993,https://github.com/go-gitea/gitea/tree/354bfbe77948b9eaca372ab314734dccaf6f8d49,https://github.com/go-gitea/gitea/compare/1e43a885780c0f04cca3e891f43902d573f1d993...354bfbe77948b9eaca372ab314734dccaf6f8d49
783,Gitea,970288f0b234abd34c8499df108dfe9cbe439315,3f513f9e54970ee1f3443edbe77077ff62dbd018,20109,https://github.com/go-gitea/gitea/issues/20109,https://github.com/go-gitea/gitea/tree/970288f0b234abd34c8499df108dfe9cbe439315,https://github.com/go-gitea/gitea/tree/3f513f9e54970ee1f3443edbe77077ff62dbd018,https://github.com/go-gitea/gitea/compare/970288f0b234abd34c8499df108dfe9cbe439315...3f513f9e54970ee1f3443edbe77077ff62dbd018
784,Gitea,cb6c5f8193946cf65ba9b325a1989d72faaf2b86,8a7d1a3516c4479dae6824d5b0b041ed7dd5eb41,20083,https://github.com/go-gitea/gitea/issues/20083,https://github.com/go-gitea/gitea/tree/cb6c5f8193946cf65ba9b325a1989d72faaf2b86,https://github.com/go-gitea/gitea/tree/8a7d1a3516c4479dae6824d5b0b041ed7dd5eb41,https://github.com/go-gitea/gitea/compare/cb6c5f8193946cf65ba9b325a1989d72faaf2b86...8a7d1a3516c4479dae6824d5b0b041ed7dd5eb41
785,Gitea,45f17528a856718457b79011cfd20c127ee87452,6efbe49439f9dff87133f14a8c64a96c0b637635,20181,https://github.com/go-gitea/gitea/issues/20181,https://github.com/go-gitea/gitea/tree/45f17528a856718457b79011cfd20c127ee87452,https://github.com/go-gitea/gitea/tree/6efbe49439f9dff87133f14a8c64a96c0b637635,https://github.com/go-gitea/gitea/compare/45f17528a856718457b79011cfd20c127ee87452...6efbe49439f9dff87133f14a8c64a96c0b637635
786,Gitea,433443ffa9f41dbf548d1c63d3355221c6a63e9b,439ace607d23e91da4b39a389730ab8a01c4eb56,19979,https://github.com/go-gitea/gitea/issues/19979,https://github.com/go-gitea/gitea/tree/433443ffa9f41dbf548d1c63d3355221c6a63e9b,https://github.com/go-gitea/gitea/tree/439ace607d23e91da4b39a389730ab8a01c4eb56,https://github.com/go-gitea/gitea/compare/433443ffa9f41dbf548d1c63d3355221c6a63e9b...439ace607d23e91da4b39a389730ab8a01c4eb56
787,Gitea,f67a1030b308a24cca13ff788f7b7119f0404580,b7c6ec91bac5ab0a5382f99a72753574dbc41745,20316,https://github.com/go-gitea/gitea/issues/20316,https://github.com/go-gitea/gitea/tree/f67a1030b308a24cca13ff788f7b7119f0404580,https://github.com/go-gitea/gitea/tree/b7c6ec91bac5ab0a5382f99a72753574dbc41745,https://github.com/go-gitea/gitea/compare/f67a1030b308a24cca13ff788f7b7119f0404580...b7c6ec91bac5ab0a5382f99a72753574dbc41745
788,Gitea,07ec8288bff6295c7db5558846153a61625af80d,fe09ee564dc90b261beb7b34801b3176c89483a5,20329,https://github.com/go-gitea/gitea/issues/20329,https://github.com/go-gitea/gitea/tree/07ec8288bff6295c7db5558846153a61625af80d,https://github.com/go-gitea/gitea/tree/fe09ee564dc90b261beb7b34801b3176c89483a5,https://github.com/go-gitea/gitea/compare/07ec8288bff6295c7db5558846153a61625af80d...fe09ee564dc90b261beb7b34801b3176c89483a5
789,Gitea,b7c6ec91bac5ab0a5382f99a72753574dbc41745,8420c1bf4c46a59973d30af5114216918d0f60cd,19603,https://github.com/go-gitea/gitea/issues/19603,https://github.com/go-gitea/gitea/tree/b7c6ec91bac5ab0a5382f99a72753574dbc41745,https://github.com/go-gitea/gitea/tree/8420c1bf4c46a59973d30af5114216918d0f60cd,https://github.com/go-gitea/gitea/compare/b7c6ec91bac5ab0a5382f99a72753574dbc41745...8420c1bf4c46a59973d30af5114216918d0f60cd
790,Gitea,931c02d1521b7b990f70a590c691b066dbc27d4d,181814952779c92942d296647852a5a3aa394c79,20161,https://github.com/go-gitea/gitea/issues/20161,https://github.com/go-gitea/gitea/tree/931c02d1521b7b990f70a590c691b066dbc27d4d,https://github.com/go-gitea/gitea/tree/181814952779c92942d296647852a5a3aa394c79,https://github.com/go-gitea/gitea/compare/931c02d1521b7b990f70a590c691b066dbc27d4d...181814952779c92942d296647852a5a3aa394c79
791,Gitea,599ae09a94e40f9ef567aa2ec7486f68a64a3384,4d22bda4db4c29e61ff4ac7a53ab25e7ff8a55a3,20405,https://github.com/go-gitea/gitea/issues/20405,https://github.com/go-gitea/gitea/tree/599ae09a94e40f9ef567aa2ec7486f68a64a3384,https://github.com/go-gitea/gitea/tree/4d22bda4db4c29e61ff4ac7a53ab25e7ff8a55a3,https://github.com/go-gitea/gitea/compare/599ae09a94e40f9ef567aa2ec7486f68a64a3384...4d22bda4db4c29e61ff4ac7a53ab25e7ff8a55a3
792,Gitea,3aec32ad16402c4c93c3e199f270645069c7ad37,966e7bdc9b875abb7192cd572beec40123a815da,20313,https://github.com/go-gitea/gitea/issues/20313,https://github.com/go-gitea/gitea/tree/3aec32ad16402c4c93c3e199f270645069c7ad37,https://github.com/go-gitea/gitea/tree/966e7bdc9b875abb7192cd572beec40123a815da,https://github.com/go-gitea/gitea/compare/3aec32ad16402c4c93c3e199f270645069c7ad37...966e7bdc9b875abb7192cd572beec40123a815da
793,Gitea,e24b0fc7b8bfc4dee2554c86ad2dc960c66d10cb,2399b5900a3847dbceee730f7cab34554c26da9f,20292,https://github.com/go-gitea/gitea/issues/20292,https://github.com/go-gitea/gitea/tree/e24b0fc7b8bfc4dee2554c86ad2dc960c66d10cb,https://github.com/go-gitea/gitea/tree/2399b5900a3847dbceee730f7cab34554c26da9f,https://github.com/go-gitea/gitea/compare/e24b0fc7b8bfc4dee2554c86ad2dc960c66d10cb...2399b5900a3847dbceee730f7cab34554c26da9f
794,Gitea,175705356cac06c22d13d86b31605a6ad6dd9642,bffa30302070b594a1c40cdc56264b9731036fb3,15588,https://github.com/go-gitea/gitea/issues/15588,https://github.com/go-gitea/gitea/tree/175705356cac06c22d13d86b31605a6ad6dd9642,https://github.com/go-gitea/gitea/tree/bffa30302070b594a1c40cdc56264b9731036fb3,https://github.com/go-gitea/gitea/compare/175705356cac06c22d13d86b31605a6ad6dd9642...bffa30302070b594a1c40cdc56264b9731036fb3
795,Gitea,9691d4310111e2754beb4bcb5406ef6eb2494b9f,c9c5bd88beb30b06cf52444e6515ef4c7d75993f,20473,https://github.com/go-gitea/gitea/issues/20473,https://github.com/go-gitea/gitea/tree/9691d4310111e2754beb4bcb5406ef6eb2494b9f,https://github.com/go-gitea/gitea/tree/c9c5bd88beb30b06cf52444e6515ef4c7d75993f,https://github.com/go-gitea/gitea/compare/9691d4310111e2754beb4bcb5406ef6eb2494b9f...c9c5bd88beb30b06cf52444e6515ef4c7d75993f
796,Gitea,7d20c8323a9d5d48631d7eb793dcd2d19b25f6d4,4f267ef64343f790ecbe23299effbc806f77ef6d,7501,https://github.com/go-gitea/gitea/issues/7501,https://github.com/go-gitea/gitea/tree/7d20c8323a9d5d48631d7eb793dcd2d19b25f6d4,https://github.com/go-gitea/gitea/tree/4f267ef64343f790ecbe23299effbc806f77ef6d,https://github.com/go-gitea/gitea/compare/7d20c8323a9d5d48631d7eb793dcd2d19b25f6d4...4f267ef64343f790ecbe23299effbc806f77ef6d
797,Gitea,b6bb3891fd8824c7606a3c297a1420b4e2378e62,6c218f7a5c80d7446c0434a8a9bb22ab305dcf4d,20654,https://github.com/go-gitea/gitea/issues/20654,https://github.com/go-gitea/gitea/tree/b6bb3891fd8824c7606a3c297a1420b4e2378e62,https://github.com/go-gitea/gitea/tree/6c218f7a5c80d7446c0434a8a9bb22ab305dcf4d,https://github.com/go-gitea/gitea/compare/b6bb3891fd8824c7606a3c297a1420b4e2378e62...6c218f7a5c80d7446c0434a8a9bb22ab305dcf4d
798,Gitea,6c218f7a5c80d7446c0434a8a9bb22ab305dcf4d,cf06e20c0ded4f2190e18d824be91f00f95e5f3e,20641,https://github.com/go-gitea/gitea/issues/20641,https://github.com/go-gitea/gitea/tree/6c218f7a5c80d7446c0434a8a9bb22ab305dcf4d,https://github.com/go-gitea/gitea/tree/cf06e20c0ded4f2190e18d824be91f00f95e5f3e,https://github.com/go-gitea/gitea/compare/6c218f7a5c80d7446c0434a8a9bb22ab305dcf4d...cf06e20c0ded4f2190e18d824be91f00f95e5f3e
799,Gitea,ff9b6fa6639bacd4770b0e81661697af35c78aa6,0b12abcfb563f797a93125b8f31ab99986c07bf2,20106,https://github.com/go-gitea/gitea/issues/20106,https://github.com/go-gitea/gitea/tree/ff9b6fa6639bacd4770b0e81661697af35c78aa6,https://github.com/go-gitea/gitea/tree/0b12abcfb563f797a93125b8f31ab99986c07bf2,https://github.com/go-gitea/gitea/compare/ff9b6fa6639bacd4770b0e81661697af35c78aa6...0b12abcfb563f797a93125b8f31ab99986c07bf2
800,Gitea,cf06e20c0ded4f2190e18d824be91f00f95e5f3e,7cc7c3e449ae37355196695ba6a7ae2bb1cc9b27,20636,https://github.com/go-gitea/gitea/issues/20636,https://github.com/go-gitea/gitea/tree/cf06e20c0ded4f2190e18d824be91f00f95e5f3e,https://github.com/go-gitea/gitea/tree/7cc7c3e449ae37355196695ba6a7ae2bb1cc9b27,https://github.com/go-gitea/gitea/compare/cf06e20c0ded4f2190e18d824be91f00f95e5f3e...7cc7c3e449ae37355196695ba6a7ae2bb1cc9b27
801,Gitea,692707f14519b677de4601e5f40469989f82eed6,e819da083734ddbf30afbc62afd48e9d0e8f3d48,20457,https://github.com/go-gitea/gitea/issues/20457,https://github.com/go-gitea/gitea/tree/692707f14519b677de4601e5f40469989f82eed6,https://github.com/go-gitea/gitea/tree/e819da083734ddbf30afbc62afd48e9d0e8f3d48,https://github.com/go-gitea/gitea/compare/692707f14519b677de4601e5f40469989f82eed6...e819da083734ddbf30afbc62afd48e9d0e8f3d48
802,Gitea,99f2f826ce27bb3b9f64c8c989e3ae1f453b1634,7a428fae4bbbb60a76832bbf5185b26605f7270b,19527,https://github.com/go-gitea/gitea/issues/19527,https://github.com/go-gitea/gitea/tree/99f2f826ce27bb3b9f64c8c989e3ae1f453b1634,https://github.com/go-gitea/gitea/tree/7a428fae4bbbb60a76832bbf5185b26605f7270b,https://github.com/go-gitea/gitea/compare/99f2f826ce27bb3b9f64c8c989e3ae1f453b1634...7a428fae4bbbb60a76832bbf5185b26605f7270b
803,Gitea,279e4e235cd28b570e2947cc8c397280e9250440,27789908d8b06f9b856da67880d4774bd3bbddae,20680,https://github.com/go-gitea/gitea/issues/20680,https://github.com/go-gitea/gitea/tree/279e4e235cd28b570e2947cc8c397280e9250440,https://github.com/go-gitea/gitea/tree/27789908d8b06f9b856da67880d4774bd3bbddae,https://github.com/go-gitea/gitea/compare/279e4e235cd28b570e2947cc8c397280e9250440...27789908d8b06f9b856da67880d4774bd3bbddae
804,Gitea,a4e91c4197483c94f13e623c962b6b011494e949,7503cd35c285741c6d9caf9797a5c953ae9dccf6,20574,https://github.com/go-gitea/gitea/issues/20574,https://github.com/go-gitea/gitea/tree/a4e91c4197483c94f13e623c962b6b011494e949,https://github.com/go-gitea/gitea/tree/7503cd35c285741c6d9caf9797a5c953ae9dccf6,https://github.com/go-gitea/gitea/compare/a4e91c4197483c94f13e623c962b6b011494e949...7503cd35c285741c6d9caf9797a5c953ae9dccf6
805,Gitea,cf0fef2c305167a0119cd86770fe1f4ba0a81ef3,4f56ab3bf3cb84dbaef3b196dd63a5e27a9b9899,20770,https://github.com/go-gitea/gitea/issues/20770,https://github.com/go-gitea/gitea/tree/cf0fef2c305167a0119cd86770fe1f4ba0a81ef3,https://github.com/go-gitea/gitea/tree/4f56ab3bf3cb84dbaef3b196dd63a5e27a9b9899,https://github.com/go-gitea/gitea/compare/cf0fef2c305167a0119cd86770fe1f4ba0a81ef3...4f56ab3bf3cb84dbaef3b196dd63a5e27a9b9899
806,Gitea,99efa02edf4e3750e19bc28f7b856791356d1583,1f0638747bd51deb7b6f113ad085b6ae68289d27,20490,https://github.com/go-gitea/gitea/issues/20490,https://github.com/go-gitea/gitea/tree/99efa02edf4e3750e19bc28f7b856791356d1583,https://github.com/go-gitea/gitea/tree/1f0638747bd51deb7b6f113ad085b6ae68289d27,https://github.com/go-gitea/gitea/compare/99efa02edf4e3750e19bc28f7b856791356d1583...1f0638747bd51deb7b6f113ad085b6ae68289d27
807,Gitea,4a797f8faba0da3881f6de9b4575f713d1860dc6,03df7d04529ad7cfcc5acffb254bb6f168ccbf08,20804,https://github.com/go-gitea/gitea/issues/20804,https://github.com/go-gitea/gitea/tree/4a797f8faba0da3881f6de9b4575f713d1860dc6,https://github.com/go-gitea/gitea/tree/03df7d04529ad7cfcc5acffb254bb6f168ccbf08,https://github.com/go-gitea/gitea/compare/4a797f8faba0da3881f6de9b4575f713d1860dc6...03df7d04529ad7cfcc5acffb254bb6f168ccbf08
808,Gitea,999392f6a5cfa450148cbcb42a17d3f7dcfd1ec7,0724ca451edb6cc1c56667716ea7ea83831ddeef,20621,https://github.com/go-gitea/gitea/issues/20621,https://github.com/go-gitea/gitea/tree/999392f6a5cfa450148cbcb42a17d3f7dcfd1ec7,https://github.com/go-gitea/gitea/tree/0724ca451edb6cc1c56667716ea7ea83831ddeef,https://github.com/go-gitea/gitea/compare/999392f6a5cfa450148cbcb42a17d3f7dcfd1ec7...0724ca451edb6cc1c56667716ea7ea83831ddeef
809,Gitea,11dc6df5be5ae1da8d570e440f97060d2284dd13,99efa02edf4e3750e19bc28f7b856791356d1583,19913,https://github.com/go-gitea/gitea/issues/19913,https://github.com/go-gitea/gitea/tree/11dc6df5be5ae1da8d570e440f97060d2284dd13,https://github.com/go-gitea/gitea/tree/99efa02edf4e3750e19bc28f7b856791356d1583,https://github.com/go-gitea/gitea/compare/11dc6df5be5ae1da8d570e440f97060d2284dd13...99efa02edf4e3750e19bc28f7b856791356d1583
810,Gitea,0b4c166e8a90beeb1e71ee2fc16b3a240517c82d,943753f560fab8bb01946618b16c694bc2032827,7508,https://github.com/go-gitea/gitea/issues/7508,https://github.com/go-gitea/gitea/tree/0b4c166e8a90beeb1e71ee2fc16b3a240517c82d,https://github.com/go-gitea/gitea/tree/943753f560fab8bb01946618b16c694bc2032827,https://github.com/go-gitea/gitea/compare/0b4c166e8a90beeb1e71ee2fc16b3a240517c82d...943753f560fab8bb01946618b16c694bc2032827
811,Gitea,3d52edc7a43ca429b7921b96c3663c32179881ab,cb37c6ba5cc3c8113a7252e16b386eb887346185,20609,https://github.com/go-gitea/gitea/issues/20609,https://github.com/go-gitea/gitea/tree/3d52edc7a43ca429b7921b96c3663c32179881ab,https://github.com/go-gitea/gitea/tree/cb37c6ba5cc3c8113a7252e16b386eb887346185,https://github.com/go-gitea/gitea/compare/3d52edc7a43ca429b7921b96c3663c32179881ab...cb37c6ba5cc3c8113a7252e16b386eb887346185
812,Gitea,6d3181406d87503dbd15e4a7c764c8963f13977f,0b4c166e8a90beeb1e71ee2fc16b3a240517c82d,20829,https://github.com/go-gitea/gitea/issues/20829,https://github.com/go-gitea/gitea/tree/6d3181406d87503dbd15e4a7c764c8963f13977f,https://github.com/go-gitea/gitea/tree/0b4c166e8a90beeb1e71ee2fc16b3a240517c82d,https://github.com/go-gitea/gitea/compare/6d3181406d87503dbd15e4a7c764c8963f13977f...0b4c166e8a90beeb1e71ee2fc16b3a240517c82d
813,Gitea,aedfc923addcb7aa013f96474e942951e3fda74c,9d6a2034bcf0f62dadb51cfe1471632eaa52e36c,20894,https://github.com/go-gitea/gitea/issues/20894,https://github.com/go-gitea/gitea/tree/aedfc923addcb7aa013f96474e942951e3fda74c,https://github.com/go-gitea/gitea/tree/9d6a2034bcf0f62dadb51cfe1471632eaa52e36c,https://github.com/go-gitea/gitea/compare/aedfc923addcb7aa013f96474e942951e3fda74c...9d6a2034bcf0f62dadb51cfe1471632eaa52e36c
814,Gitea,15b189b57002d3f0636e0dd2793e65828a3b4770,a4a6a5987b3c3760ebe0771f696a28613a7d8fe6,20884,https://github.com/go-gitea/gitea/issues/20884,https://github.com/go-gitea/gitea/tree/15b189b57002d3f0636e0dd2793e65828a3b4770,https://github.com/go-gitea/gitea/tree/a4a6a5987b3c3760ebe0771f696a28613a7d8fe6,https://github.com/go-gitea/gitea/compare/15b189b57002d3f0636e0dd2793e65828a3b4770...a4a6a5987b3c3760ebe0771f696a28613a7d8fe6
815,Gitea,b0c62846f10dfe91481371d3d7e1860d292d1058,94549bcd115e4b6da9f636293e50f65c708df681,20922,https://github.com/go-gitea/gitea/issues/20922,https://github.com/go-gitea/gitea/tree/b0c62846f10dfe91481371d3d7e1860d292d1058,https://github.com/go-gitea/gitea/tree/94549bcd115e4b6da9f636293e50f65c708df681,https://github.com/go-gitea/gitea/compare/b0c62846f10dfe91481371d3d7e1860d292d1058...94549bcd115e4b6da9f636293e50f65c708df681
816,Gitea,2dbed4bd9759cbcc4acbe0864e81c7bf3f48b3de,b8818a1c685870d774e956f0d6980784225225c3,21013,https://github.com/go-gitea/gitea/issues/21013,https://github.com/go-gitea/gitea/tree/2dbed4bd9759cbcc4acbe0864e81c7bf3f48b3de,https://github.com/go-gitea/gitea/tree/b8818a1c685870d774e956f0d6980784225225c3,https://github.com/go-gitea/gitea/compare/2dbed4bd9759cbcc4acbe0864e81c7bf3f48b3de...b8818a1c685870d774e956f0d6980784225225c3
817,Gitea,c21d6511a8e0084644a53a3192f45443456b9a32,bb0ff77e461ae080b1722701aea74010ff71e0ae,20217,https://github.com/go-gitea/gitea/issues/20217,https://github.com/go-gitea/gitea/tree/c21d6511a8e0084644a53a3192f45443456b9a32,https://github.com/go-gitea/gitea/tree/bb0ff77e461ae080b1722701aea74010ff71e0ae,https://github.com/go-gitea/gitea/compare/c21d6511a8e0084644a53a3192f45443456b9a32...bb0ff77e461ae080b1722701aea74010ff71e0ae
818,Gitea,c21d6511a8e0084644a53a3192f45443456b9a32,bb0ff77e461ae080b1722701aea74010ff71e0ae,20211,https://github.com/go-gitea/gitea/issues/20211,https://github.com/go-gitea/gitea/tree/c21d6511a8e0084644a53a3192f45443456b9a32,https://github.com/go-gitea/gitea/tree/bb0ff77e461ae080b1722701aea74010ff71e0ae,https://github.com/go-gitea/gitea/compare/c21d6511a8e0084644a53a3192f45443456b9a32...bb0ff77e461ae080b1722701aea74010ff71e0ae
819,Gitea,c21d6511a8e0084644a53a3192f45443456b9a32,bb0ff77e461ae080b1722701aea74010ff71e0ae,20210,https://github.com/go-gitea/gitea/issues/20210,https://github.com/go-gitea/gitea/tree/c21d6511a8e0084644a53a3192f45443456b9a32,https://github.com/go-gitea/gitea/tree/bb0ff77e461ae080b1722701aea74010ff71e0ae,https://github.com/go-gitea/gitea/compare/c21d6511a8e0084644a53a3192f45443456b9a32...bb0ff77e461ae080b1722701aea74010ff71e0ae
820,Gitea,c8ded77680db7344c8dc1ccee76bce0b4e02e103,2dbed4bd9759cbcc4acbe0864e81c7bf3f48b3de,20990,https://github.com/go-gitea/gitea/issues/20990,https://github.com/go-gitea/gitea/tree/c8ded77680db7344c8dc1ccee76bce0b4e02e103,https://github.com/go-gitea/gitea/tree/2dbed4bd9759cbcc4acbe0864e81c7bf3f48b3de,https://github.com/go-gitea/gitea/compare/c8ded77680db7344c8dc1ccee76bce0b4e02e103...2dbed4bd9759cbcc4acbe0864e81c7bf3f48b3de
821,Gitea,9e0c43777e724953433f2fc1356eb3802c4291b0,15b189b57002d3f0636e0dd2793e65828a3b4770,20939,https://github.com/go-gitea/gitea/issues/20939,https://github.com/go-gitea/gitea/tree/9e0c43777e724953433f2fc1356eb3802c4291b0,https://github.com/go-gitea/gitea/tree/15b189b57002d3f0636e0dd2793e65828a3b4770,https://github.com/go-gitea/gitea/compare/9e0c43777e724953433f2fc1356eb3802c4291b0...15b189b57002d3f0636e0dd2793e65828a3b4770
822,Gitea,e6b3be460840f1f982d5358198466e7d6f509d21,be14e79e9884dca98147fbc24f8b336b9b84ac86,21041,https://github.com/go-gitea/gitea/issues/21041,https://github.com/go-gitea/gitea/tree/e6b3be460840f1f982d5358198466e7d6f509d21,https://github.com/go-gitea/gitea/tree/be14e79e9884dca98147fbc24f8b336b9b84ac86,https://github.com/go-gitea/gitea/compare/e6b3be460840f1f982d5358198466e7d6f509d21...be14e79e9884dca98147fbc24f8b336b9b84ac86
823,Gitea,be14e79e9884dca98147fbc24f8b336b9b84ac86,c722a26e7efa69370804ac04590e9e467decc093,20400,https://github.com/go-gitea/gitea/issues/20400,https://github.com/go-gitea/gitea/tree/be14e79e9884dca98147fbc24f8b336b9b84ac86,https://github.com/go-gitea/gitea/tree/c722a26e7efa69370804ac04590e9e467decc093,https://github.com/go-gitea/gitea/compare/be14e79e9884dca98147fbc24f8b336b9b84ac86...c722a26e7efa69370804ac04590e9e467decc093
824,Gitea,18046eb91e21e03d475f3990e59516b46b6f67e2,de7b87fbc238e0685c01cb26a580b3d21cee623a,20559,https://github.com/go-gitea/gitea/issues/20559,https://github.com/go-gitea/gitea/tree/18046eb91e21e03d475f3990e59516b46b6f67e2,https://github.com/go-gitea/gitea/tree/de7b87fbc238e0685c01cb26a580b3d21cee623a,https://github.com/go-gitea/gitea/compare/18046eb91e21e03d475f3990e59516b46b6f67e2...de7b87fbc238e0685c01cb26a580b3d21cee623a
825,Gitea,5bc73ca666588ac26cc7cea219866b79c5263527,58a80ba69c73715dfc527ec1ee327f7c6ad4c1d6,21031,https://github.com/go-gitea/gitea/issues/21031,https://github.com/go-gitea/gitea/tree/5bc73ca666588ac26cc7cea219866b79c5263527,https://github.com/go-gitea/gitea/tree/58a80ba69c73715dfc527ec1ee327f7c6ad4c1d6,https://github.com/go-gitea/gitea/compare/5bc73ca666588ac26cc7cea219866b79c5263527...58a80ba69c73715dfc527ec1ee327f7c6ad4c1d6
826,Gitea,1670109b91a6d5cfb4da0225d7a52c423031322d,5bc73ca666588ac26cc7cea219866b79c5263527,20969,https://github.com/go-gitea/gitea/issues/20969,https://github.com/go-gitea/gitea/tree/1670109b91a6d5cfb4da0225d7a52c423031322d,https://github.com/go-gitea/gitea/tree/5bc73ca666588ac26cc7cea219866b79c5263527,https://github.com/go-gitea/gitea/compare/1670109b91a6d5cfb4da0225d7a52c423031322d...5bc73ca666588ac26cc7cea219866b79c5263527
827,Gitea,cb3b3e519f4689821476474214a49a8ae7cd4f58,8b8bdb30fbc522c38a35aad46a0036b926f5db9d,21014,https://github.com/go-gitea/gitea/issues/21014,https://github.com/go-gitea/gitea/tree/cb3b3e519f4689821476474214a49a8ae7cd4f58,https://github.com/go-gitea/gitea/tree/8b8bdb30fbc522c38a35aad46a0036b926f5db9d,https://github.com/go-gitea/gitea/compare/cb3b3e519f4689821476474214a49a8ae7cd4f58...8b8bdb30fbc522c38a35aad46a0036b926f5db9d
828,Gitea,24b5a384d213a50b900acc896c9d34af934f59ac,01eb465c92e29297e3175c7f194589f29abf32ac,21023,https://github.com/go-gitea/gitea/issues/21023,https://github.com/go-gitea/gitea/tree/24b5a384d213a50b900acc896c9d34af934f59ac,https://github.com/go-gitea/gitea/tree/01eb465c92e29297e3175c7f194589f29abf32ac,https://github.com/go-gitea/gitea/compare/24b5a384d213a50b900acc896c9d34af934f59ac...01eb465c92e29297e3175c7f194589f29abf32ac
829,Gitea,831e981357dc24e45383b7d495227011a7b8f23e,0bd59381adb9864f25c1b7c59fbde45cfa9d807b,21126,https://github.com/go-gitea/gitea/issues/21126,https://github.com/go-gitea/gitea/tree/831e981357dc24e45383b7d495227011a7b8f23e,https://github.com/go-gitea/gitea/tree/0bd59381adb9864f25c1b7c59fbde45cfa9d807b,https://github.com/go-gitea/gitea/compare/831e981357dc24e45383b7d495227011a7b8f23e...0bd59381adb9864f25c1b7c59fbde45cfa9d807b
830,Gitea,afdab9d8d495590f215f9a2a54d925ed72ad75d0,defc401b275ae5cbcb983a6685e083e71da9e341,19768,https://github.com/go-gitea/gitea/issues/19768,https://github.com/go-gitea/gitea/tree/afdab9d8d495590f215f9a2a54d925ed72ad75d0,https://github.com/go-gitea/gitea/tree/defc401b275ae5cbcb983a6685e083e71da9e341,https://github.com/go-gitea/gitea/compare/afdab9d8d495590f215f9a2a54d925ed72ad75d0...defc401b275ae5cbcb983a6685e083e71da9e341
831,Gitea,548387b2beaaaeb6b1c32c3c6f226b8f53aafecb,43c10def6849f0e1ea50a52115360e6be50ad1ab,21184,https://github.com/go-gitea/gitea/issues/21184,https://github.com/go-gitea/gitea/tree/548387b2beaaaeb6b1c32c3c6f226b8f53aafecb,https://github.com/go-gitea/gitea/tree/43c10def6849f0e1ea50a52115360e6be50ad1ab,https://github.com/go-gitea/gitea/compare/548387b2beaaaeb6b1c32c3c6f226b8f53aafecb...43c10def6849f0e1ea50a52115360e6be50ad1ab
832,Gitea,43c10def6849f0e1ea50a52115360e6be50ad1ab,34f736ca04e5cf329d5ba8c562c2ccad3b33d2a6,20860,https://github.com/go-gitea/gitea/issues/20860,https://github.com/go-gitea/gitea/tree/43c10def6849f0e1ea50a52115360e6be50ad1ab,https://github.com/go-gitea/gitea/tree/34f736ca04e5cf329d5ba8c562c2ccad3b33d2a6,https://github.com/go-gitea/gitea/compare/43c10def6849f0e1ea50a52115360e6be50ad1ab...34f736ca04e5cf329d5ba8c562c2ccad3b33d2a6
833,Gitea,c87e6a89da05bcf57cc0b60359915efd008f744f,c5e88fb03d01b929cfcf17c0a817d75572d44023,21176,https://github.com/go-gitea/gitea/issues/21176,https://github.com/go-gitea/gitea/tree/c87e6a89da05bcf57cc0b60359915efd008f744f,https://github.com/go-gitea/gitea/tree/c5e88fb03d01b929cfcf17c0a817d75572d44023,https://github.com/go-gitea/gitea/compare/c87e6a89da05bcf57cc0b60359915efd008f744f...c5e88fb03d01b929cfcf17c0a817d75572d44023
834,Gitea,a196302472d559f04ed9a4387156bedf26b7c55d,1b630ff7cdbb2ec48b67f8e3295c142f5ad77180,21206,https://github.com/go-gitea/gitea/issues/21206,https://github.com/go-gitea/gitea/tree/a196302472d559f04ed9a4387156bedf26b7c55d,https://github.com/go-gitea/gitea/tree/1b630ff7cdbb2ec48b67f8e3295c142f5ad77180,https://github.com/go-gitea/gitea/compare/a196302472d559f04ed9a4387156bedf26b7c55d...1b630ff7cdbb2ec48b67f8e3295c142f5ad77180
835,Gitea,defc401b275ae5cbcb983a6685e083e71da9e341,2854031d870434f4a9f7e5131846eb6a7209ca59,20998,https://github.com/go-gitea/gitea/issues/20998,https://github.com/go-gitea/gitea/tree/defc401b275ae5cbcb983a6685e083e71da9e341,https://github.com/go-gitea/gitea/tree/2854031d870434f4a9f7e5131846eb6a7209ca59,https://github.com/go-gitea/gitea/compare/defc401b275ae5cbcb983a6685e083e71da9e341...2854031d870434f4a9f7e5131846eb6a7209ca59
836,Gitea,399514453ed13ca457b12b2413c1e68f0f13acc0,d9bc6881ef695b20857c8c1f03c69a64f3521d5e,21224,https://github.com/go-gitea/gitea/issues/21224,https://github.com/go-gitea/gitea/tree/399514453ed13ca457b12b2413c1e68f0f13acc0,https://github.com/go-gitea/gitea/tree/d9bc6881ef695b20857c8c1f03c69a64f3521d5e,https://github.com/go-gitea/gitea/compare/399514453ed13ca457b12b2413c1e68f0f13acc0...d9bc6881ef695b20857c8c1f03c69a64f3521d5e
837,Gitea,d9bc6881ef695b20857c8c1f03c69a64f3521d5e,0a9a86b94307fe95661060cdfe36026e296dc69e,20863,https://github.com/go-gitea/gitea/issues/20863,https://github.com/go-gitea/gitea/tree/d9bc6881ef695b20857c8c1f03c69a64f3521d5e,https://github.com/go-gitea/gitea/tree/0a9a86b94307fe95661060cdfe36026e296dc69e,https://github.com/go-gitea/gitea/compare/d9bc6881ef695b20857c8c1f03c69a64f3521d5e...0a9a86b94307fe95661060cdfe36026e296dc69e
838,Gitea,acee32ca09ea8573687759ec039a8d480da97127,f52fe82add25cba5532b6f650cb702f6b31f4aa9,20864,https://github.com/go-gitea/gitea/issues/20864,https://github.com/go-gitea/gitea/tree/acee32ca09ea8573687759ec039a8d480da97127,https://github.com/go-gitea/gitea/tree/f52fe82add25cba5532b6f650cb702f6b31f4aa9,https://github.com/go-gitea/gitea/compare/acee32ca09ea8573687759ec039a8d480da97127...f52fe82add25cba5532b6f650cb702f6b31f4aa9
839,Gitea,0c8ce71188cae1d59380a213816a22bce48691db,bb1e0d0aa5af402b23a60ab9f4e64e4bad634051,21199,https://github.com/go-gitea/gitea/issues/21199,https://github.com/go-gitea/gitea/tree/0c8ce71188cae1d59380a213816a22bce48691db,https://github.com/go-gitea/gitea/tree/bb1e0d0aa5af402b23a60ab9f4e64e4bad634051,https://github.com/go-gitea/gitea/compare/0c8ce71188cae1d59380a213816a22bce48691db...bb1e0d0aa5af402b23a60ab9f4e64e4bad634051
840,Gitea,0c51595eedbb68643af73314ae1ab43eb5c95715,a196302472d559f04ed9a4387156bedf26b7c55d,21207,https://github.com/go-gitea/gitea/issues/21207,https://github.com/go-gitea/gitea/tree/0c51595eedbb68643af73314ae1ab43eb5c95715,https://github.com/go-gitea/gitea/tree/a196302472d559f04ed9a4387156bedf26b7c55d,https://github.com/go-gitea/gitea/compare/0c51595eedbb68643af73314ae1ab43eb5c95715...a196302472d559f04ed9a4387156bedf26b7c55d
841,Gitea,31f934c1d8005cdd87c47ce104d00c0efaec374b,904b324716933561028205b23ac10088f108a6de,21248,https://github.com/go-gitea/gitea/issues/21248,https://github.com/go-gitea/gitea/tree/31f934c1d8005cdd87c47ce104d00c0efaec374b,https://github.com/go-gitea/gitea/tree/904b324716933561028205b23ac10088f108a6de,https://github.com/go-gitea/gitea/compare/31f934c1d8005cdd87c47ce104d00c0efaec374b...904b324716933561028205b23ac10088f108a6de
842,Gitea,904b324716933561028205b23ac10088f108a6de,8cd3237a9ef6dfa438d97c7ff2ffbd5fb8db6247,18773,https://github.com/go-gitea/gitea/issues/18773,https://github.com/go-gitea/gitea/tree/904b324716933561028205b23ac10088f108a6de,https://github.com/go-gitea/gitea/tree/8cd3237a9ef6dfa438d97c7ff2ffbd5fb8db6247,https://github.com/go-gitea/gitea/compare/904b324716933561028205b23ac10088f108a6de...8cd3237a9ef6dfa438d97c7ff2ffbd5fb8db6247
843,Gitea,904b324716933561028205b23ac10088f108a6de,8cd3237a9ef6dfa438d97c7ff2ffbd5fb8db6247,19069,https://github.com/go-gitea/gitea/issues/19069,https://github.com/go-gitea/gitea/tree/904b324716933561028205b23ac10088f108a6de,https://github.com/go-gitea/gitea/tree/8cd3237a9ef6dfa438d97c7ff2ffbd5fb8db6247,https://github.com/go-gitea/gitea/compare/904b324716933561028205b23ac10088f108a6de...8cd3237a9ef6dfa438d97c7ff2ffbd5fb8db6247
844,Gitea,904b324716933561028205b23ac10088f108a6de,8cd3237a9ef6dfa438d97c7ff2ffbd5fb8db6247,21077,https://github.com/go-gitea/gitea/issues/21077,https://github.com/go-gitea/gitea/tree/904b324716933561028205b23ac10088f108a6de,https://github.com/go-gitea/gitea/tree/8cd3237a9ef6dfa438d97c7ff2ffbd5fb8db6247,https://github.com/go-gitea/gitea/compare/904b324716933561028205b23ac10088f108a6de...8cd3237a9ef6dfa438d97c7ff2ffbd5fb8db6247
845,Gitea,0e83ab8df7fb3eec9e8b6e614ad64397e22a09ba,6a45a691c19003c15ceee3e14a321a90dfef5183,21285,https://github.com/go-gitea/gitea/issues/21285,https://github.com/go-gitea/gitea/tree/0e83ab8df7fb3eec9e8b6e614ad64397e22a09ba,https://github.com/go-gitea/gitea/tree/6a45a691c19003c15ceee3e14a321a90dfef5183,https://github.com/go-gitea/gitea/compare/0e83ab8df7fb3eec9e8b6e614ad64397e22a09ba...6a45a691c19003c15ceee3e14a321a90dfef5183
846,Gitea,0a9a86b94307fe95661060cdfe36026e296dc69e,acee32ca09ea8573687759ec039a8d480da97127,21228,https://github.com/go-gitea/gitea/issues/21228,https://github.com/go-gitea/gitea/tree/0a9a86b94307fe95661060cdfe36026e296dc69e,https://github.com/go-gitea/gitea/tree/acee32ca09ea8573687759ec039a8d480da97127,https://github.com/go-gitea/gitea/compare/0a9a86b94307fe95661060cdfe36026e296dc69e...acee32ca09ea8573687759ec039a8d480da97127
847,Gitea,0a9a86b94307fe95661060cdfe36026e296dc69e,acee32ca09ea8573687759ec039a8d480da97127,20681,https://github.com/go-gitea/gitea/issues/20681,https://github.com/go-gitea/gitea/tree/0a9a86b94307fe95661060cdfe36026e296dc69e,https://github.com/go-gitea/gitea/tree/acee32ca09ea8573687759ec039a8d480da97127,https://github.com/go-gitea/gitea/compare/0a9a86b94307fe95661060cdfe36026e296dc69e...acee32ca09ea8573687759ec039a8d480da97127
848,Gitea,b7309b8ccb16f6303ae300b755baef9f9713d457,1d3095b71849d7084a26638af831e284d942cb43,21075,https://github.com/go-gitea/gitea/issues/21075,https://github.com/go-gitea/gitea/tree/b7309b8ccb16f6303ae300b755baef9f9713d457,https://github.com/go-gitea/gitea/tree/1d3095b71849d7084a26638af831e284d942cb43,https://github.com/go-gitea/gitea/compare/b7309b8ccb16f6303ae300b755baef9f9713d457...1d3095b71849d7084a26638af831e284d942cb43
849,Gitea,dabc06d13b02fec3887dbf4f7f2f4eeb44efcf89,889a41c6a834debafc16cb76abade0fdc8c2bd5b,17966,https://github.com/go-gitea/gitea/issues/17966,https://github.com/go-gitea/gitea/tree/dabc06d13b02fec3887dbf4f7f2f4eeb44efcf89,https://github.com/go-gitea/gitea/tree/889a41c6a834debafc16cb76abade0fdc8c2bd5b,https://github.com/go-gitea/gitea/compare/dabc06d13b02fec3887dbf4f7f2f4eeb44efcf89...889a41c6a834debafc16cb76abade0fdc8c2bd5b
850,Gitea,edfba99f11e78f189cc483a5f07292d9e6384526,c333b4d499d29500e5577a3e6f02f8a328baab73,21308,https://github.com/go-gitea/gitea/issues/21308,https://github.com/go-gitea/gitea/tree/edfba99f11e78f189cc483a5f07292d9e6384526,https://github.com/go-gitea/gitea/tree/c333b4d499d29500e5577a3e6f02f8a328baab73,https://github.com/go-gitea/gitea/compare/edfba99f11e78f189cc483a5f07292d9e6384526...c333b4d499d29500e5577a3e6f02f8a328baab73
851,Gitea,677a09eb745f405204a2cd8c87649b29e5478617,0e83ab8df7fb3eec9e8b6e614ad64397e22a09ba,21282,https://github.com/go-gitea/gitea/issues/21282,https://github.com/go-gitea/gitea/tree/677a09eb745f405204a2cd8c87649b29e5478617,https://github.com/go-gitea/gitea/tree/0e83ab8df7fb3eec9e8b6e614ad64397e22a09ba,https://github.com/go-gitea/gitea/compare/677a09eb745f405204a2cd8c87649b29e5478617...0e83ab8df7fb3eec9e8b6e614ad64397e22a09ba
852,Gitea,af849ac00965ed3e2722ed89309da4c353fd9bee,a08b48454970a0639039b730cbe616686e82bc0f,21262,https://github.com/go-gitea/gitea/issues/21262,https://github.com/go-gitea/gitea/tree/af849ac00965ed3e2722ed89309da4c353fd9bee,https://github.com/go-gitea/gitea/tree/a08b48454970a0639039b730cbe616686e82bc0f,https://github.com/go-gitea/gitea/compare/af849ac00965ed3e2722ed89309da4c353fd9bee...a08b48454970a0639039b730cbe616686e82bc0f
853,Gitea,69fc510d6dcf9cda7993eae8cd5c7725b345a9a1,c08e42c47ef2a32b3b7ee422c73d6929c93b199e,20315,https://github.com/go-gitea/gitea/issues/20315,https://github.com/go-gitea/gitea/tree/69fc510d6dcf9cda7993eae8cd5c7725b345a9a1,https://github.com/go-gitea/gitea/tree/c08e42c47ef2a32b3b7ee422c73d6929c93b199e,https://github.com/go-gitea/gitea/compare/69fc510d6dcf9cda7993eae8cd5c7725b345a9a1...c08e42c47ef2a32b3b7ee422c73d6929c93b199e
854,Gitea,81d7270cde2960d52f5d987ec8b3fc3c679724a6,d94f15c2fd921722796a4cfdbbf266dd3017525c,21336,https://github.com/go-gitea/gitea/issues/21336,https://github.com/go-gitea/gitea/tree/81d7270cde2960d52f5d987ec8b3fc3c679724a6,https://github.com/go-gitea/gitea/tree/d94f15c2fd921722796a4cfdbbf266dd3017525c,https://github.com/go-gitea/gitea/compare/81d7270cde2960d52f5d987ec8b3fc3c679724a6...d94f15c2fd921722796a4cfdbbf266dd3017525c
855,Gitea,94037ada247e8b27c7b456e1eeb9461cdb433d66,3ccebf7f4044b85eef975e4544785893da763bd2,20709,https://github.com/go-gitea/gitea/issues/20709,https://github.com/go-gitea/gitea/tree/94037ada247e8b27c7b456e1eeb9461cdb433d66,https://github.com/go-gitea/gitea/tree/3ccebf7f4044b85eef975e4544785893da763bd2,https://github.com/go-gitea/gitea/compare/94037ada247e8b27c7b456e1eeb9461cdb433d66...3ccebf7f4044b85eef975e4544785893da763bd2
856,Gitea,f1f911df41cc7c566348cae3672a32291d98a890,d7f0d8d8eab168d9d379c7a8b8c15aa3cc046516,7208,https://github.com/go-gitea/gitea/issues/7208,https://github.com/go-gitea/gitea/tree/f1f911df41cc7c566348cae3672a32291d98a890,https://github.com/go-gitea/gitea/tree/d7f0d8d8eab168d9d379c7a8b8c15aa3cc046516,https://github.com/go-gitea/gitea/compare/f1f911df41cc7c566348cae3672a32291d98a890...d7f0d8d8eab168d9d379c7a8b8c15aa3cc046516
857,Gitea,34f509eb7a48e698114261de323834482553a98c,30ca91666ebd3168923baa82b4a17b039039d0a9,21250,https://github.com/go-gitea/gitea/issues/21250,https://github.com/go-gitea/gitea/tree/34f509eb7a48e698114261de323834482553a98c,https://github.com/go-gitea/gitea/tree/30ca91666ebd3168923baa82b4a17b039039d0a9,https://github.com/go-gitea/gitea/compare/34f509eb7a48e698114261de323834482553a98c...30ca91666ebd3168923baa82b4a17b039039d0a9
858,Gitea,5aceedc7fda39546a1e9fda423eb51a8286f86a7,4a2321210233e0b92c6e5894483e0929fb157a1b,21332,https://github.com/go-gitea/gitea/issues/21332,https://github.com/go-gitea/gitea/tree/5aceedc7fda39546a1e9fda423eb51a8286f86a7,https://github.com/go-gitea/gitea/tree/4a2321210233e0b92c6e5894483e0929fb157a1b,https://github.com/go-gitea/gitea/compare/5aceedc7fda39546a1e9fda423eb51a8286f86a7...4a2321210233e0b92c6e5894483e0929fb157a1b
859,Gitea,ac3a61ea176d4f0359ddb195bcc73eef3eec44fe,6a6dc97b0f1d0dab7089e17abdcb194ef37f4e87,21380,https://github.com/go-gitea/gitea/issues/21380,https://github.com/go-gitea/gitea/tree/ac3a61ea176d4f0359ddb195bcc73eef3eec44fe,https://github.com/go-gitea/gitea/tree/6a6dc97b0f1d0dab7089e17abdcb194ef37f4e87,https://github.com/go-gitea/gitea/compare/ac3a61ea176d4f0359ddb195bcc73eef3eec44fe...6a6dc97b0f1d0dab7089e17abdcb194ef37f4e87
860,Gitea,cda2c38f4a61ef7f448be3efab5420d9974c8474,c35531dd118ad8fe8ff0c7aa27bb925fb46f09af,21406,https://github.com/go-gitea/gitea/issues/21406,https://github.com/go-gitea/gitea/tree/cda2c38f4a61ef7f448be3efab5420d9974c8474,https://github.com/go-gitea/gitea/tree/c35531dd118ad8fe8ff0c7aa27bb925fb46f09af,https://github.com/go-gitea/gitea/compare/cda2c38f4a61ef7f448be3efab5420d9974c8474...c35531dd118ad8fe8ff0c7aa27bb925fb46f09af
861,Gitea,6f48a36227b7427afd2020aa416afe49d4c81015,cad9adeff41595ea32281dbc2918e653c3e3a839,21379,https://github.com/go-gitea/gitea/issues/21379,https://github.com/go-gitea/gitea/tree/6f48a36227b7427afd2020aa416afe49d4c81015,https://github.com/go-gitea/gitea/tree/cad9adeff41595ea32281dbc2918e653c3e3a839,https://github.com/go-gitea/gitea/compare/6f48a36227b7427afd2020aa416afe49d4c81015...cad9adeff41595ea32281dbc2918e653c3e3a839
862,Gitea,cad9adeff41595ea32281dbc2918e653c3e3a839,11d3677818df64df6cc8386c498169101dbdbb13,21434,https://github.com/go-gitea/gitea/issues/21434,https://github.com/go-gitea/gitea/tree/cad9adeff41595ea32281dbc2918e653c3e3a839,https://github.com/go-gitea/gitea/tree/11d3677818df64df6cc8386c498169101dbdbb13,https://github.com/go-gitea/gitea/compare/cad9adeff41595ea32281dbc2918e653c3e3a839...11d3677818df64df6cc8386c498169101dbdbb13
863,Gitea,6c53cf852f1b00fbcd5f641ebf4885f78cf1160c,bbbf9a4b938a3616e08a854c4b2639863fc54013,21303,https://github.com/go-gitea/gitea/issues/21303,https://github.com/go-gitea/gitea/tree/6c53cf852f1b00fbcd5f641ebf4885f78cf1160c,https://github.com/go-gitea/gitea/tree/bbbf9a4b938a3616e08a854c4b2639863fc54013,https://github.com/go-gitea/gitea/compare/6c53cf852f1b00fbcd5f641ebf4885f78cf1160c...bbbf9a4b938a3616e08a854c4b2639863fc54013
864,Gitea,c0888def506f0ca74d3499bb6941a8743f6a5206,a37e8b275d19c0daf160cc540d981ec4f3025a5a,21448,https://github.com/go-gitea/gitea/issues/21448,https://github.com/go-gitea/gitea/tree/c0888def506f0ca74d3499bb6941a8743f6a5206,https://github.com/go-gitea/gitea/tree/a37e8b275d19c0daf160cc540d981ec4f3025a5a,https://github.com/go-gitea/gitea/compare/c0888def506f0ca74d3499bb6941a8743f6a5206...a37e8b275d19c0daf160cc540d981ec4f3025a5a
865,Gitea,6b712465a815d0da51ca7d33289610eaef0887ad,1713beb73b661f4c95074a9e0a67435e5881af87,21202,https://github.com/go-gitea/gitea/issues/21202,https://github.com/go-gitea/gitea/tree/6b712465a815d0da51ca7d33289610eaef0887ad,https://github.com/go-gitea/gitea/tree/1713beb73b661f4c95074a9e0a67435e5881af87,https://github.com/go-gitea/gitea/compare/6b712465a815d0da51ca7d33289610eaef0887ad...1713beb73b661f4c95074a9e0a67435e5881af87
866,Gitea,716fcfcf72be6af854d800f3e2c885b9806577e6,20a5452ea64e73b921b56d39195c71514c14f3c3,21447,https://github.com/go-gitea/gitea/issues/21447,https://github.com/go-gitea/gitea/tree/716fcfcf72be6af854d800f3e2c885b9806577e6,https://github.com/go-gitea/gitea/tree/20a5452ea64e73b921b56d39195c71514c14f3c3,https://github.com/go-gitea/gitea/compare/716fcfcf72be6af854d800f3e2c885b9806577e6...20a5452ea64e73b921b56d39195c71514c14f3c3
867,Gitea,ea0855904568efceec0997a4d9a0a0241488e700,6af1a0c8c004aeb4ef1df1a0c74dcb1e1f874796,21492,https://github.com/go-gitea/gitea/issues/21492,https://github.com/go-gitea/gitea/tree/ea0855904568efceec0997a4d9a0a0241488e700,https://github.com/go-gitea/gitea/tree/6af1a0c8c004aeb4ef1df1a0c74dcb1e1f874796,https://github.com/go-gitea/gitea/compare/ea0855904568efceec0997a4d9a0a0241488e700...6af1a0c8c004aeb4ef1df1a0c74dcb1e1f874796
868,Gitea,da3b657c455833f6732d811a410861dc8cfb1bc3,16cbd5b59ccba3e418ba0c4c345eb2778ef1d15a,6318,https://github.com/go-gitea/gitea/issues/6318,https://github.com/go-gitea/gitea/tree/da3b657c455833f6732d811a410861dc8cfb1bc3,https://github.com/go-gitea/gitea/tree/16cbd5b59ccba3e418ba0c4c345eb2778ef1d15a,https://github.com/go-gitea/gitea/compare/da3b657c455833f6732d811a410861dc8cfb1bc3...16cbd5b59ccba3e418ba0c4c345eb2778ef1d15a
869,Gitea,bd272e416ab40112f1f8bfb71669feeea48ee674,6a0330979f74c6947db11aef59c094135aacd29a,21392,https://github.com/go-gitea/gitea/issues/21392,https://github.com/go-gitea/gitea/tree/bd272e416ab40112f1f8bfb71669feeea48ee674,https://github.com/go-gitea/gitea/tree/6a0330979f74c6947db11aef59c094135aacd29a,https://github.com/go-gitea/gitea/compare/bd272e416ab40112f1f8bfb71669feeea48ee674...6a0330979f74c6947db11aef59c094135aacd29a
870,Gitea,16cbd5b59ccba3e418ba0c4c345eb2778ef1d15a,e828564445ba5856747f17faf2ac6b1a223a911d,3047,https://github.com/go-gitea/gitea/issues/3047,https://github.com/go-gitea/gitea/tree/16cbd5b59ccba3e418ba0c4c345eb2778ef1d15a,https://github.com/go-gitea/gitea/tree/e828564445ba5856747f17faf2ac6b1a223a911d,https://github.com/go-gitea/gitea/compare/16cbd5b59ccba3e418ba0c4c345eb2778ef1d15a...e828564445ba5856747f17faf2ac6b1a223a911d
871,Gitea,154efa59a5a837d8375c09fb0b18a1b63bea6a3a,82ecd3b19eb1382521b7999bd0e2dd977c3b994d,21254,https://github.com/go-gitea/gitea/issues/21254,https://github.com/go-gitea/gitea/tree/154efa59a5a837d8375c09fb0b18a1b63bea6a3a,https://github.com/go-gitea/gitea/tree/82ecd3b19eb1382521b7999bd0e2dd977c3b994d,https://github.com/go-gitea/gitea/compare/154efa59a5a837d8375c09fb0b18a1b63bea6a3a...82ecd3b19eb1382521b7999bd0e2dd977c3b994d
872,Gitea,69fcca2d4564f706fa41280895e3a20d81740598,154efa59a5a837d8375c09fb0b18a1b63bea6a3a,21525,https://github.com/go-gitea/gitea/issues/21525,https://github.com/go-gitea/gitea/tree/69fcca2d4564f706fa41280895e3a20d81740598,https://github.com/go-gitea/gitea/tree/154efa59a5a837d8375c09fb0b18a1b63bea6a3a,https://github.com/go-gitea/gitea/compare/69fcca2d4564f706fa41280895e3a20d81740598...154efa59a5a837d8375c09fb0b18a1b63bea6a3a
873,Gitea,c3b2e44392e7f6c9a77a46664788c0bb9a6f33cb,6b712465a815d0da51ca7d33289610eaef0887ad,21460,https://github.com/go-gitea/gitea/issues/21460,https://github.com/go-gitea/gitea/tree/c3b2e44392e7f6c9a77a46664788c0bb9a6f33cb,https://github.com/go-gitea/gitea/tree/6b712465a815d0da51ca7d33289610eaef0887ad,https://github.com/go-gitea/gitea/compare/c3b2e44392e7f6c9a77a46664788c0bb9a6f33cb...6b712465a815d0da51ca7d33289610eaef0887ad
874,Gitea,2c77d4b19505f8eede4d2cb5d415f6440d6cffc2,69fcca2d4564f706fa41280895e3a20d81740598,19076,https://github.com/go-gitea/gitea/issues/19076,https://github.com/go-gitea/gitea/tree/2c77d4b19505f8eede4d2cb5d415f6440d6cffc2,https://github.com/go-gitea/gitea/tree/69fcca2d4564f706fa41280895e3a20d81740598,https://github.com/go-gitea/gitea/compare/2c77d4b19505f8eede4d2cb5d415f6440d6cffc2...69fcca2d4564f706fa41280895e3a20d81740598
875,Gitea,0218fa7cf1a7fe1b54835642165243f10b1324d9,49a4464160254604d2c42b760a901952d8bc3c8b,21567,https://github.com/go-gitea/gitea/issues/21567,https://github.com/go-gitea/gitea/tree/0218fa7cf1a7fe1b54835642165243f10b1324d9,https://github.com/go-gitea/gitea/tree/49a4464160254604d2c42b760a901952d8bc3c8b,https://github.com/go-gitea/gitea/compare/0218fa7cf1a7fe1b54835642165243f10b1324d9...49a4464160254604d2c42b760a901952d8bc3c8b
876,Gitea,5e8e3ecbeb71ea924ed9662251af2897285b8220,5c2089a01d6235033ca254fc46a411d2e740e346,21561,https://github.com/go-gitea/gitea/issues/21561,https://github.com/go-gitea/gitea/tree/5e8e3ecbeb71ea924ed9662251af2897285b8220,https://github.com/go-gitea/gitea/tree/5c2089a01d6235033ca254fc46a411d2e740e346,https://github.com/go-gitea/gitea/compare/5e8e3ecbeb71ea924ed9662251af2897285b8220...5c2089a01d6235033ca254fc46a411d2e740e346
877,Gitea,88a03a6133e90337ee17cb0277f306f54877f34b,4eeea7b30ee5d90ed4e9410ec5c7d0252ada3a3b,19698,https://github.com/go-gitea/gitea/issues/19698,https://github.com/go-gitea/gitea/tree/88a03a6133e90337ee17cb0277f306f54877f34b,https://github.com/go-gitea/gitea/tree/4eeea7b30ee5d90ed4e9410ec5c7d0252ada3a3b,https://github.com/go-gitea/gitea/compare/88a03a6133e90337ee17cb0277f306f54877f34b...4eeea7b30ee5d90ed4e9410ec5c7d0252ada3a3b
878,Gitea,06a7ed4e04deec7718d3a3c0b4ae1c27f6cacc2c,29c00eb1ed13fbcd2a5e493d075c2bbd0e2a26f7,20074,https://github.com/go-gitea/gitea/issues/20074,https://github.com/go-gitea/gitea/tree/06a7ed4e04deec7718d3a3c0b4ae1c27f6cacc2c,https://github.com/go-gitea/gitea/tree/29c00eb1ed13fbcd2a5e493d075c2bbd0e2a26f7,https://github.com/go-gitea/gitea/compare/06a7ed4e04deec7718d3a3c0b4ae1c27f6cacc2c...29c00eb1ed13fbcd2a5e493d075c2bbd0e2a26f7
879,Gitea,29c00eb1ed13fbcd2a5e493d075c2bbd0e2a26f7,5e8e3ecbeb71ea924ed9662251af2897285b8220,19349,https://github.com/go-gitea/gitea/issues/19349,https://github.com/go-gitea/gitea/tree/29c00eb1ed13fbcd2a5e493d075c2bbd0e2a26f7,https://github.com/go-gitea/gitea/tree/5e8e3ecbeb71ea924ed9662251af2897285b8220,https://github.com/go-gitea/gitea/compare/29c00eb1ed13fbcd2a5e493d075c2bbd0e2a26f7...5e8e3ecbeb71ea924ed9662251af2897285b8220
880,Gitea,29c00eb1ed13fbcd2a5e493d075c2bbd0e2a26f7,5e8e3ecbeb71ea924ed9662251af2897285b8220,19505,https://github.com/go-gitea/gitea/issues/19505,https://github.com/go-gitea/gitea/tree/29c00eb1ed13fbcd2a5e493d075c2bbd0e2a26f7,https://github.com/go-gitea/gitea/tree/5e8e3ecbeb71ea924ed9662251af2897285b8220,https://github.com/go-gitea/gitea/compare/29c00eb1ed13fbcd2a5e493d075c2bbd0e2a26f7...5e8e3ecbeb71ea924ed9662251af2897285b8220
881,Gitea,125e3e3d66d117d23e387c083d22a8d90820bb52,830f5c3736346da7416ee8f68241dec1f995c899,21310,https://github.com/go-gitea/gitea/issues/21310,https://github.com/go-gitea/gitea/tree/125e3e3d66d117d23e387c083d22a8d90820bb52,https://github.com/go-gitea/gitea/tree/830f5c3736346da7416ee8f68241dec1f995c899,https://github.com/go-gitea/gitea/compare/125e3e3d66d117d23e387c083d22a8d90820bb52...830f5c3736346da7416ee8f68241dec1f995c899
882,Gitea,f982a71997e057bce009574d04503177788e5a4e,afebbf29a92b895cd41038a06a68e6f4013df357,21418,https://github.com/go-gitea/gitea/issues/21418,https://github.com/go-gitea/gitea/tree/f982a71997e057bce009574d04503177788e5a4e,https://github.com/go-gitea/gitea/tree/afebbf29a92b895cd41038a06a68e6f4013df357,https://github.com/go-gitea/gitea/compare/f982a71997e057bce009574d04503177788e5a4e...afebbf29a92b895cd41038a06a68e6f4013df357
883,Gitea,830f5c3736346da7416ee8f68241dec1f995c899,5f0cbb3e800857e1d1913fc051f42d18707bd32c,21542,https://github.com/go-gitea/gitea/issues/21542,https://github.com/go-gitea/gitea/tree/830f5c3736346da7416ee8f68241dec1f995c899,https://github.com/go-gitea/gitea/tree/5f0cbb3e800857e1d1913fc051f42d18707bd32c,https://github.com/go-gitea/gitea/compare/830f5c3736346da7416ee8f68241dec1f995c899...5f0cbb3e800857e1d1913fc051f42d18707bd32c
884,Gitea,44cc684a506389d5b4c890014c75c5d04d74c52b,81ea4f95a0a82506ccc350ead38ec7d290fad3cc,20317,https://github.com/go-gitea/gitea/issues/20317,https://github.com/go-gitea/gitea/tree/44cc684a506389d5b4c890014c75c5d04d74c52b,https://github.com/go-gitea/gitea/tree/81ea4f95a0a82506ccc350ead38ec7d290fad3cc,https://github.com/go-gitea/gitea/compare/44cc684a506389d5b4c890014c75c5d04d74c52b...81ea4f95a0a82506ccc350ead38ec7d290fad3cc
885,Gitea,fd89c062bda0f3b159a01aab3d67a7fa2f42334e,8c1d9885e5360111400bd4fb729f743065037d69,21707,https://github.com/go-gitea/gitea/issues/21707,https://github.com/go-gitea/gitea/tree/fd89c062bda0f3b159a01aab3d67a7fa2f42334e,https://github.com/go-gitea/gitea/tree/8c1d9885e5360111400bd4fb729f743065037d69,https://github.com/go-gitea/gitea/compare/fd89c062bda0f3b159a01aab3d67a7fa2f42334e...8c1d9885e5360111400bd4fb729f743065037d69
886,Gitea,dd7f1c0334dff5fb5eb93765dff3b951a9f6b3fc,5a6cba4cf43f9e5be3ca4a3ffd8bfa351c92acbd,21698,https://github.com/go-gitea/gitea/issues/21698,https://github.com/go-gitea/gitea/tree/dd7f1c0334dff5fb5eb93765dff3b951a9f6b3fc,https://github.com/go-gitea/gitea/tree/5a6cba4cf43f9e5be3ca4a3ffd8bfa351c92acbd,https://github.com/go-gitea/gitea/compare/dd7f1c0334dff5fb5eb93765dff3b951a9f6b3fc...5a6cba4cf43f9e5be3ca4a3ffd8bfa351c92acbd
887,Gitea,085f717529008c31b147f76ea7eeaf06ca8801bd,b6e81357bd6fb80f8ba94c513f89a210beb05313,19872,https://github.com/go-gitea/gitea/issues/19872,https://github.com/go-gitea/gitea/tree/085f717529008c31b147f76ea7eeaf06ca8801bd,https://github.com/go-gitea/gitea/tree/b6e81357bd6fb80f8ba94c513f89a210beb05313,https://github.com/go-gitea/gitea/compare/085f717529008c31b147f76ea7eeaf06ca8801bd...b6e81357bd6fb80f8ba94c513f89a210beb05313
888,Gitea,92525ddffd8256a2cd9d10c55eca753073ffce8e,fb704f6c7248a13b29300e161bd28c52115aeb22,21744,https://github.com/go-gitea/gitea/issues/21744,https://github.com/go-gitea/gitea/tree/92525ddffd8256a2cd9d10c55eca753073ffce8e,https://github.com/go-gitea/gitea/tree/fb704f6c7248a13b29300e161bd28c52115aeb22,https://github.com/go-gitea/gitea/compare/92525ddffd8256a2cd9d10c55eca753073ffce8e...fb704f6c7248a13b29300e161bd28c52115aeb22
889,Gitea,563945c50cec4d3bb839a783b8d4604271fdbf09,f211d235c7a42c03f97697878550dc49b65e93da,21632,https://github.com/go-gitea/gitea/issues/21632,https://github.com/go-gitea/gitea/tree/563945c50cec4d3bb839a783b8d4604271fdbf09,https://github.com/go-gitea/gitea/tree/f211d235c7a42c03f97697878550dc49b65e93da,https://github.com/go-gitea/gitea/compare/563945c50cec4d3bb839a783b8d4604271fdbf09...f211d235c7a42c03f97697878550dc49b65e93da
890,Gitea,a0367c2bf05eb89a513972d3895249938b772c44,fd89c062bda0f3b159a01aab3d67a7fa2f42334e,21683,https://github.com/go-gitea/gitea/issues/21683,https://github.com/go-gitea/gitea/tree/a0367c2bf05eb89a513972d3895249938b772c44,https://github.com/go-gitea/gitea/tree/fd89c062bda0f3b159a01aab3d67a7fa2f42334e,https://github.com/go-gitea/gitea/compare/a0367c2bf05eb89a513972d3895249938b772c44...fd89c062bda0f3b159a01aab3d67a7fa2f42334e
891,Gitea,9b3e2c54502ef8295ae18b5496588f0370138ef7,4ae3f762177a2cdb449b949501420e88462f8f95,21636,https://github.com/go-gitea/gitea/issues/21636,https://github.com/go-gitea/gitea/tree/9b3e2c54502ef8295ae18b5496588f0370138ef7,https://github.com/go-gitea/gitea/tree/4ae3f762177a2cdb449b949501420e88462f8f95,https://github.com/go-gitea/gitea/compare/9b3e2c54502ef8295ae18b5496588f0370138ef7...4ae3f762177a2cdb449b949501420e88462f8f95
892,Gitea,371dd96e3ec9223dcf8401578afbada07fbabf27,1d52228ee7b41546aa4e2d0034f2ae337deaae25,21895,https://github.com/go-gitea/gitea/issues/21895,https://github.com/go-gitea/gitea/tree/371dd96e3ec9223dcf8401578afbada07fbabf27,https://github.com/go-gitea/gitea/tree/1d52228ee7b41546aa4e2d0034f2ae337deaae25,https://github.com/go-gitea/gitea/compare/371dd96e3ec9223dcf8401578afbada07fbabf27...1d52228ee7b41546aa4e2d0034f2ae337deaae25
893,Gitea,c8f3eb6acbf16b9f2e74fa2bfabb384359fbadd8,d3f850cc0e791fa5ee5b25d824c475505fc12444,17877,https://github.com/go-gitea/gitea/issues/17877,https://github.com/go-gitea/gitea/tree/c8f3eb6acbf16b9f2e74fa2bfabb384359fbadd8,https://github.com/go-gitea/gitea/tree/d3f850cc0e791fa5ee5b25d824c475505fc12444,https://github.com/go-gitea/gitea/compare/c8f3eb6acbf16b9f2e74fa2bfabb384359fbadd8...d3f850cc0e791fa5ee5b25d824c475505fc12444
894,Gitea,1d52228ee7b41546aa4e2d0034f2ae337deaae25,e77b76425e5ae205d6db2c78ab7b31fbc1b186a6,20456,https://github.com/go-gitea/gitea/issues/20456,https://github.com/go-gitea/gitea/tree/1d52228ee7b41546aa4e2d0034f2ae337deaae25,https://github.com/go-gitea/gitea/tree/e77b76425e5ae205d6db2c78ab7b31fbc1b186a6,https://github.com/go-gitea/gitea/compare/1d52228ee7b41546aa4e2d0034f2ae337deaae25...e77b76425e5ae205d6db2c78ab7b31fbc1b186a6
895,Gitea,ee21d5453f335e2530ba947e1896353d663525ad,4d42cbbcc2acbc81102a1abbcc6eec67b6802832,21900,https://github.com/go-gitea/gitea/issues/21900,https://github.com/go-gitea/gitea/tree/ee21d5453f335e2530ba947e1896353d663525ad,https://github.com/go-gitea/gitea/tree/4d42cbbcc2acbc81102a1abbcc6eec67b6802832,https://github.com/go-gitea/gitea/compare/ee21d5453f335e2530ba947e1896353d663525ad...4d42cbbcc2acbc81102a1abbcc6eec67b6802832
896,Gitea,55115dbb73b3e445fd8661b063d215bb9d0d688e,de6dfb714153c17a06406c866805a17a476c63bd,19912,https://github.com/go-gitea/gitea/issues/19912,https://github.com/go-gitea/gitea/tree/55115dbb73b3e445fd8661b063d215bb9d0d688e,https://github.com/go-gitea/gitea/tree/de6dfb714153c17a06406c866805a17a476c63bd,https://github.com/go-gitea/gitea/compare/55115dbb73b3e445fd8661b063d215bb9d0d688e...de6dfb714153c17a06406c866805a17a476c63bd
897,Gitea,9ce5e092f3f0e0048c49419c4ccd886e817a764f,a1ae83f36ece5e37c738bd796227cf5990ccc030,19586,https://github.com/go-gitea/gitea/issues/19586,https://github.com/go-gitea/gitea/tree/9ce5e092f3f0e0048c49419c4ccd886e817a764f,https://github.com/go-gitea/gitea/tree/a1ae83f36ece5e37c738bd796227cf5990ccc030,https://github.com/go-gitea/gitea/compare/9ce5e092f3f0e0048c49419c4ccd886e817a764f...a1ae83f36ece5e37c738bd796227cf5990ccc030
898,Gitea,1d22911cfe08db93b4be5a99c2a67bcb132c7035,92525ddffd8256a2cd9d10c55eca753073ffce8e,21761,https://github.com/go-gitea/gitea/issues/21761,https://github.com/go-gitea/gitea/tree/1d22911cfe08db93b4be5a99c2a67bcb132c7035,https://github.com/go-gitea/gitea/tree/92525ddffd8256a2cd9d10c55eca753073ffce8e,https://github.com/go-gitea/gitea/compare/1d22911cfe08db93b4be5a99c2a67bcb132c7035...92525ddffd8256a2cd9d10c55eca753073ffce8e
899,Gitea,9f8e7789187013ab6752c2635b24c9dd1d70cd90,bf2078640f98094ae63cb53f6a71964b315a34ce,20921,https://github.com/go-gitea/gitea/issues/20921,https://github.com/go-gitea/gitea/tree/9f8e7789187013ab6752c2635b24c9dd1d70cd90,https://github.com/go-gitea/gitea/tree/bf2078640f98094ae63cb53f6a71964b315a34ce,https://github.com/go-gitea/gitea/compare/9f8e7789187013ab6752c2635b24c9dd1d70cd90...bf2078640f98094ae63cb53f6a71964b315a34ce
900,Gitea,fdfd77f478c40c83131b08b2ee27545790e454d0,7020c4afb74756f60ae5381a05c6511dbf0d72ba,21772,https://github.com/go-gitea/gitea/issues/21772,https://github.com/go-gitea/gitea/tree/fdfd77f478c40c83131b08b2ee27545790e454d0,https://github.com/go-gitea/gitea/tree/7020c4afb74756f60ae5381a05c6511dbf0d72ba,https://github.com/go-gitea/gitea/compare/fdfd77f478c40c83131b08b2ee27545790e454d0...7020c4afb74756f60ae5381a05c6511dbf0d72ba
901,Gitea,abecf632d2886149474471a0e41e14dc3e15340e,d7f12af805e33e327ec0c7a250ad8ed09a88e8fd,21930,https://github.com/go-gitea/gitea/issues/21930,https://github.com/go-gitea/gitea/tree/abecf632d2886149474471a0e41e14dc3e15340e,https://github.com/go-gitea/gitea/tree/d7f12af805e33e327ec0c7a250ad8ed09a88e8fd,https://github.com/go-gitea/gitea/compare/abecf632d2886149474471a0e41e14dc3e15340e...d7f12af805e33e327ec0c7a250ad8ed09a88e8fd
902,Gitea,f7ade6de7c1c4991c650d6b96e6407053e6bdae7,665d02efaf6ebaadf3ffb5b412ea77c4502f0baf,21973,https://github.com/go-gitea/gitea/issues/21973,https://github.com/go-gitea/gitea/tree/f7ade6de7c1c4991c650d6b96e6407053e6bdae7,https://github.com/go-gitea/gitea/tree/665d02efaf6ebaadf3ffb5b412ea77c4502f0baf,https://github.com/go-gitea/gitea/compare/f7ade6de7c1c4991c650d6b96e6407053e6bdae7...665d02efaf6ebaadf3ffb5b412ea77c4502f0baf
903,Gitea,32590db4cafe8fea30be3d19ba0f179f06a35427,f6fd501841816f5e5c1c9a30fbc4c9a2a6f987bc,21744,https://github.com/go-gitea/gitea/issues/21744,https://github.com/go-gitea/gitea/tree/32590db4cafe8fea30be3d19ba0f179f06a35427,https://github.com/go-gitea/gitea/tree/f6fd501841816f5e5c1c9a30fbc4c9a2a6f987bc,https://github.com/go-gitea/gitea/compare/32590db4cafe8fea30be3d19ba0f179f06a35427...f6fd501841816f5e5c1c9a30fbc4c9a2a6f987bc
904,Gitea,13746f070ddb4b7ba93249e9335352431073c271,4c00d8f916f4a347d04001418b766f1849214181,21854,https://github.com/go-gitea/gitea/issues/21854,https://github.com/go-gitea/gitea/tree/13746f070ddb4b7ba93249e9335352431073c271,https://github.com/go-gitea/gitea/tree/4c00d8f916f4a347d04001418b766f1849214181,https://github.com/go-gitea/gitea/compare/13746f070ddb4b7ba93249e9335352431073c271...4c00d8f916f4a347d04001418b766f1849214181
905,Gitea,f0bd219a5e153ddcf6806334da700aac46fcefad,64973cf18fcd21179fb7612b15914691ee24c657,21987,https://github.com/go-gitea/gitea/issues/21987,https://github.com/go-gitea/gitea/tree/f0bd219a5e153ddcf6806334da700aac46fcefad,https://github.com/go-gitea/gitea/tree/64973cf18fcd21179fb7612b15914691ee24c657,https://github.com/go-gitea/gitea/compare/f0bd219a5e153ddcf6806334da700aac46fcefad...64973cf18fcd21179fb7612b15914691ee24c657
906,Gitea,181f4bfdb1a71f06e734d3c881b648f5eaaa1317,0e46499258a20a8d701cdfc489c55a4246b4901e,20999,https://github.com/go-gitea/gitea/issues/20999,https://github.com/go-gitea/gitea/tree/181f4bfdb1a71f06e734d3c881b648f5eaaa1317,https://github.com/go-gitea/gitea/tree/0e46499258a20a8d701cdfc489c55a4246b4901e,https://github.com/go-gitea/gitea/compare/181f4bfdb1a71f06e734d3c881b648f5eaaa1317...0e46499258a20a8d701cdfc489c55a4246b4901e
907,Gitea,2779d47ad3c986b779c2e17bb223b3af5a6f1287,097d4e30b180eef30600beef2c08095e2571319c,21965,https://github.com/go-gitea/gitea/issues/21965,https://github.com/go-gitea/gitea/tree/2779d47ad3c986b779c2e17bb223b3af5a6f1287,https://github.com/go-gitea/gitea/tree/097d4e30b180eef30600beef2c08095e2571319c,https://github.com/go-gitea/gitea/compare/2779d47ad3c986b779c2e17bb223b3af5a6f1287...097d4e30b180eef30600beef2c08095e2571319c
908,Gitea,9eb9cf5153160e38a25dbbdeeb223fac769879db,36cbaec54cb4640e23a1edb3ba6d488867f73302,21910,https://github.com/go-gitea/gitea/issues/21910,https://github.com/go-gitea/gitea/tree/9eb9cf5153160e38a25dbbdeeb223fac769879db,https://github.com/go-gitea/gitea/tree/36cbaec54cb4640e23a1edb3ba6d488867f73302,https://github.com/go-gitea/gitea/compare/9eb9cf5153160e38a25dbbdeeb223fac769879db...36cbaec54cb4640e23a1edb3ba6d488867f73302
909,Gitea,84d2a820e59f0d96d818d40205d705deab2af576,ea86c2b56afeca6450a3e1081c0fd417a09e5434,22006,https://github.com/go-gitea/gitea/issues/22006,https://github.com/go-gitea/gitea/tree/84d2a820e59f0d96d818d40205d705deab2af576,https://github.com/go-gitea/gitea/tree/ea86c2b56afeca6450a3e1081c0fd417a09e5434,https://github.com/go-gitea/gitea/compare/84d2a820e59f0d96d818d40205d705deab2af576...ea86c2b56afeca6450a3e1081c0fd417a09e5434
910,Gitea,36a2d2f919ee445f0374c210309b336e7c3c1f8e,87c64f655a6085f23499156504e039c13da77b21,21826,https://github.com/go-gitea/gitea/issues/21826,https://github.com/go-gitea/gitea/tree/36a2d2f919ee445f0374c210309b336e7c3c1f8e,https://github.com/go-gitea/gitea/tree/87c64f655a6085f23499156504e039c13da77b21,https://github.com/go-gitea/gitea/compare/36a2d2f919ee445f0374c210309b336e7c3c1f8e...87c64f655a6085f23499156504e039c13da77b21
911,Gitea,1b32ed014a61216b75d80643df53e120606ca763,cdc43454a49f97b663f885e18d0adc12253597a3,22083,https://github.com/go-gitea/gitea/issues/22083,https://github.com/go-gitea/gitea/tree/1b32ed014a61216b75d80643df53e120606ca763,https://github.com/go-gitea/gitea/tree/cdc43454a49f97b663f885e18d0adc12253597a3,https://github.com/go-gitea/gitea/compare/1b32ed014a61216b75d80643df53e120606ca763...cdc43454a49f97b663f885e18d0adc12253597a3
912,Gitea,998fe26051514ee74bb9c2f0e7de56014933133b,a89b399faa275c28d0ffe9759d492636f67d6da0,22161,https://github.com/go-gitea/gitea/issues/22161,https://github.com/go-gitea/gitea/tree/998fe26051514ee74bb9c2f0e7de56014933133b,https://github.com/go-gitea/gitea/tree/a89b399faa275c28d0ffe9759d492636f67d6da0,https://github.com/go-gitea/gitea/compare/998fe26051514ee74bb9c2f0e7de56014933133b...a89b399faa275c28d0ffe9759d492636f67d6da0
913,Gitea,5aa854693fc6dbd77a83cb89c88e45a06413a697,4fb2006ca1cba98fe3851901982a3ecab252cfe3,22063,https://github.com/go-gitea/gitea/issues/22063,https://github.com/go-gitea/gitea/tree/5aa854693fc6dbd77a83cb89c88e45a06413a697,https://github.com/go-gitea/gitea/tree/4fb2006ca1cba98fe3851901982a3ecab252cfe3,https://github.com/go-gitea/gitea/compare/5aa854693fc6dbd77a83cb89c88e45a06413a697...4fb2006ca1cba98fe3851901982a3ecab252cfe3
914,Gitea,8fb1e53ca2bea37d9d6b89a47cb13e253355829b,3c59d31bc605bbefc6636e9b0a93e90ad2696ed9,3690,https://github.com/go-gitea/gitea/issues/3690,https://github.com/go-gitea/gitea/tree/8fb1e53ca2bea37d9d6b89a47cb13e253355829b,https://github.com/go-gitea/gitea/tree/3c59d31bc605bbefc6636e9b0a93e90ad2696ed9,https://github.com/go-gitea/gitea/compare/8fb1e53ca2bea37d9d6b89a47cb13e253355829b...3c59d31bc605bbefc6636e9b0a93e90ad2696ed9
915,Gitea,87c64f655a6085f23499156504e039c13da77b21,a95247b7dfb89d574605a768d96f1f1576b216ca,22087,https://github.com/go-gitea/gitea/issues/22087,https://github.com/go-gitea/gitea/tree/87c64f655a6085f23499156504e039c13da77b21,https://github.com/go-gitea/gitea/tree/a95247b7dfb89d574605a768d96f1f1576b216ca,https://github.com/go-gitea/gitea/compare/87c64f655a6085f23499156504e039c13da77b21...a95247b7dfb89d574605a768d96f1f1576b216ca
916,Gitea,0a85537c79b65f3b10a4b66265a23a8de46a2e43,cf27403e189f674d9a1e02cb71bc1ac13a5ba23d,22023,https://github.com/go-gitea/gitea/issues/22023,https://github.com/go-gitea/gitea/tree/0a85537c79b65f3b10a4b66265a23a8de46a2e43,https://github.com/go-gitea/gitea/tree/cf27403e189f674d9a1e02cb71bc1ac13a5ba23d,https://github.com/go-gitea/gitea/compare/0a85537c79b65f3b10a4b66265a23a8de46a2e43...cf27403e189f674d9a1e02cb71bc1ac13a5ba23d
917,Gitea,659055138b6d32492b20c9f4d1d5a3cdaa47188d,495b8b3635bdcc42aa419be7845c9bbaf72d7473,22181,https://github.com/go-gitea/gitea/issues/22181,https://github.com/go-gitea/gitea/tree/659055138b6d32492b20c9f4d1d5a3cdaa47188d,https://github.com/go-gitea/gitea/tree/495b8b3635bdcc42aa419be7845c9bbaf72d7473,https://github.com/go-gitea/gitea/compare/659055138b6d32492b20c9f4d1d5a3cdaa47188d...495b8b3635bdcc42aa419be7845c9bbaf72d7473
918,Gitea,70d15e77851a437384de018ffebcf4fb3c5af789,c4df10d219adf25203ba53baf3d6ccbad15362ec,22193,https://github.com/go-gitea/gitea/issues/22193,https://github.com/go-gitea/gitea/tree/70d15e77851a437384de018ffebcf4fb3c5af789,https://github.com/go-gitea/gitea/tree/c4df10d219adf25203ba53baf3d6ccbad15362ec,https://github.com/go-gitea/gitea/compare/70d15e77851a437384de018ffebcf4fb3c5af789...c4df10d219adf25203ba53baf3d6ccbad15362ec
919,Gitea,fe6608f72bc2c71e30665126b7257650987d8c73,86ace4b5c2cd6e02eae6814a81992c2591b6448d,22178,https://github.com/go-gitea/gitea/issues/22178,https://github.com/go-gitea/gitea/tree/fe6608f72bc2c71e30665126b7257650987d8c73,https://github.com/go-gitea/gitea/tree/86ace4b5c2cd6e02eae6814a81992c2591b6448d,https://github.com/go-gitea/gitea/compare/fe6608f72bc2c71e30665126b7257650987d8c73...86ace4b5c2cd6e02eae6814a81992c2591b6448d
920,Gitea,8e267afd3569a56c7dde813d278c55b021b8431f,c403e2f1cfe3aa248cf8139b5d552a5fc22902d2,22091,https://github.com/go-gitea/gitea/issues/22091,https://github.com/go-gitea/gitea/tree/8e267afd3569a56c7dde813d278c55b021b8431f,https://github.com/go-gitea/gitea/tree/c403e2f1cfe3aa248cf8139b5d552a5fc22902d2,https://github.com/go-gitea/gitea/compare/8e267afd3569a56c7dde813d278c55b021b8431f...c403e2f1cfe3aa248cf8139b5d552a5fc22902d2
921,Gitea,b76718249ab39b4d6502e373c09b50989389157a,8e17fb5c066bf80c6d9b9d520c217fb1ccfe96df,21957,https://github.com/go-gitea/gitea/issues/21957,https://github.com/go-gitea/gitea/tree/b76718249ab39b4d6502e373c09b50989389157a,https://github.com/go-gitea/gitea/tree/8e17fb5c066bf80c6d9b9d520c217fb1ccfe96df,https://github.com/go-gitea/gitea/compare/b76718249ab39b4d6502e373c09b50989389157a...8e17fb5c066bf80c6d9b9d520c217fb1ccfe96df
922,Gitea,48d71b7d6b0ddefdc1db76d5b5f3b3eabc4ae9e4,b76718249ab39b4d6502e373c09b50989389157a,22140,https://github.com/go-gitea/gitea/issues/22140,https://github.com/go-gitea/gitea/tree/48d71b7d6b0ddefdc1db76d5b5f3b3eabc4ae9e4,https://github.com/go-gitea/gitea/tree/b76718249ab39b4d6502e373c09b50989389157a,https://github.com/go-gitea/gitea/compare/48d71b7d6b0ddefdc1db76d5b5f3b3eabc4ae9e4...b76718249ab39b4d6502e373c09b50989389157a
923,Gitea,a35749893b91db48310d91ae0a32fee3ad3bb901,47efba78ec966631ccdea3e05a50f4cf59ca9fd3,21435,https://github.com/go-gitea/gitea/issues/21435,https://github.com/go-gitea/gitea/tree/a35749893b91db48310d91ae0a32fee3ad3bb901,https://github.com/go-gitea/gitea/tree/47efba78ec966631ccdea3e05a50f4cf59ca9fd3,https://github.com/go-gitea/gitea/compare/a35749893b91db48310d91ae0a32fee3ad3bb901...47efba78ec966631ccdea3e05a50f4cf59ca9fd3
924,Gitea,41f0668da818d3a3ae74555bfe3de375448bacf3,71ca3067bcc6c7c7772d38fc7590505c8c7148ed,21086,https://github.com/go-gitea/gitea/issues/21086,https://github.com/go-gitea/gitea/tree/41f0668da818d3a3ae74555bfe3de375448bacf3,https://github.com/go-gitea/gitea/tree/71ca3067bcc6c7c7772d38fc7590505c8c7148ed,https://github.com/go-gitea/gitea/compare/41f0668da818d3a3ae74555bfe3de375448bacf3...71ca3067bcc6c7c7772d38fc7590505c8c7148ed
925,Gitea,9dcaf14a148fdf748c41afc7e0aa2e6b3b273fd8,d34f3a22137cd628f275407c495b7fbe5d88ec27,22270,https://github.com/go-gitea/gitea/issues/22270,https://github.com/go-gitea/gitea/tree/9dcaf14a148fdf748c41afc7e0aa2e6b3b273fd8,https://github.com/go-gitea/gitea/tree/d34f3a22137cd628f275407c495b7fbe5d88ec27,https://github.com/go-gitea/gitea/compare/9dcaf14a148fdf748c41afc7e0aa2e6b3b273fd8...d34f3a22137cd628f275407c495b7fbe5d88ec27
926,Gitea,0f4e1b9ac66b8ffa0083a5a2516e4710393bb0da,a1c30740bb04ed55905415dcd195ee9fb97547de,22281,https://github.com/go-gitea/gitea/issues/22281,https://github.com/go-gitea/gitea/tree/0f4e1b9ac66b8ffa0083a5a2516e4710393bb0da,https://github.com/go-gitea/gitea/tree/a1c30740bb04ed55905415dcd195ee9fb97547de,https://github.com/go-gitea/gitea/compare/0f4e1b9ac66b8ffa0083a5a2516e4710393bb0da...a1c30740bb04ed55905415dcd195ee9fb97547de
927,Gitea,a1c30740bb04ed55905415dcd195ee9fb97547de,b994b2ea9c0fefbaceea5f2fbea750ed4b3afcb8,21999,https://github.com/go-gitea/gitea/issues/21999,https://github.com/go-gitea/gitea/tree/a1c30740bb04ed55905415dcd195ee9fb97547de,https://github.com/go-gitea/gitea/tree/b994b2ea9c0fefbaceea5f2fbea750ed4b3afcb8,https://github.com/go-gitea/gitea/compare/a1c30740bb04ed55905415dcd195ee9fb97547de...b994b2ea9c0fefbaceea5f2fbea750ed4b3afcb8
928,Gitea,47efba78ec966631ccdea3e05a50f4cf59ca9fd3,a609cae9fbdda5612da9e2ad84dd9afbcf2028ef,22145,https://github.com/go-gitea/gitea/issues/22145,https://github.com/go-gitea/gitea/tree/47efba78ec966631ccdea3e05a50f4cf59ca9fd3,https://github.com/go-gitea/gitea/tree/a609cae9fbdda5612da9e2ad84dd9afbcf2028ef,https://github.com/go-gitea/gitea/compare/47efba78ec966631ccdea3e05a50f4cf59ca9fd3...a609cae9fbdda5612da9e2ad84dd9afbcf2028ef
929,Gitea,90237d8abd0e6479c1464ac0f32fff6a2ce4a0b4,6cf09ccab402fe84a5313e1d3e755e284ebbc845,13485,https://github.com/go-gitea/gitea/issues/13485,https://github.com/go-gitea/gitea/tree/90237d8abd0e6479c1464ac0f32fff6a2ce4a0b4,https://github.com/go-gitea/gitea/tree/6cf09ccab402fe84a5313e1d3e755e284ebbc845,https://github.com/go-gitea/gitea/compare/90237d8abd0e6479c1464ac0f32fff6a2ce4a0b4...6cf09ccab402fe84a5313e1d3e755e284ebbc845
930,Gitea,7cc7db73b922143a1288d26b39eee9e8e59f7106,ca67c5a8a72f3d26bb0808ba7a63cd4875cd5229,20563,https://github.com/go-gitea/gitea/issues/20563,https://github.com/go-gitea/gitea/tree/7cc7db73b922143a1288d26b39eee9e8e59f7106,https://github.com/go-gitea/gitea/tree/ca67c5a8a72f3d26bb0808ba7a63cd4875cd5229,https://github.com/go-gitea/gitea/compare/7cc7db73b922143a1288d26b39eee9e8e59f7106...ca67c5a8a72f3d26bb0808ba7a63cd4875cd5229
931,Gitea,efa708501be70201f048c2936addfd1bcf570d31,32e863439cc6a12c753675a73b603f878c8e3ff0,22325,https://github.com/go-gitea/gitea/issues/22325,https://github.com/go-gitea/gitea/tree/efa708501be70201f048c2936addfd1bcf570d31,https://github.com/go-gitea/gitea/tree/32e863439cc6a12c753675a73b603f878c8e3ff0,https://github.com/go-gitea/gitea/compare/efa708501be70201f048c2936addfd1bcf570d31...32e863439cc6a12c753675a73b603f878c8e3ff0
932,Gitea,bdf8c80f4196763869b540554656dcadacb8d9bf,dfd2db569594006fc7e9ba7a0eb3f796f70e4fda,22332,https://github.com/go-gitea/gitea/issues/22332,https://github.com/go-gitea/gitea/tree/bdf8c80f4196763869b540554656dcadacb8d9bf,https://github.com/go-gitea/gitea/tree/dfd2db569594006fc7e9ba7a0eb3f796f70e4fda,https://github.com/go-gitea/gitea/compare/bdf8c80f4196763869b540554656dcadacb8d9bf...dfd2db569594006fc7e9ba7a0eb3f796f70e4fda
933,Gitea,dfd2db569594006fc7e9ba7a0eb3f796f70e4fda,b878155b8741c2769b6aa50a80609c36822451c9,22371,https://github.com/go-gitea/gitea/issues/22371,https://github.com/go-gitea/gitea/tree/dfd2db569594006fc7e9ba7a0eb3f796f70e4fda,https://github.com/go-gitea/gitea/tree/b878155b8741c2769b6aa50a80609c36822451c9,https://github.com/go-gitea/gitea/compare/dfd2db569594006fc7e9ba7a0eb3f796f70e4fda...b878155b8741c2769b6aa50a80609c36822451c9
934,Gitea,a35714372d9e6be2cf92ce27ef8b05b37f8cb283,50f67d7e38581fbecc8d36605d5607239e11d305,22286,https://github.com/go-gitea/gitea/issues/22286,https://github.com/go-gitea/gitea/tree/a35714372d9e6be2cf92ce27ef8b05b37f8cb283,https://github.com/go-gitea/gitea/tree/50f67d7e38581fbecc8d36605d5607239e11d305,https://github.com/go-gitea/gitea/compare/a35714372d9e6be2cf92ce27ef8b05b37f8cb283...50f67d7e38581fbecc8d36605d5607239e11d305
935,Gitea,f1c13b4aceee82ea7da6a4ea4a512f0adc76906c,99cf0d394ea1f949b72aef2c25e74e67a4ca1791,21605,https://github.com/go-gitea/gitea/issues/21605,https://github.com/go-gitea/gitea/tree/f1c13b4aceee82ea7da6a4ea4a512f0adc76906c,https://github.com/go-gitea/gitea/tree/99cf0d394ea1f949b72aef2c25e74e67a4ca1791,https://github.com/go-gitea/gitea/compare/f1c13b4aceee82ea7da6a4ea4a512f0adc76906c...99cf0d394ea1f949b72aef2c25e74e67a4ca1791
936,Gitea,477a1cc40ebd3ecb116c632b0717bba748e914d2,2220e5d2455b28450e2f505152f9fbb8ac597e80,22274,https://github.com/go-gitea/gitea/issues/22274,https://github.com/go-gitea/gitea/tree/477a1cc40ebd3ecb116c632b0717bba748e914d2,https://github.com/go-gitea/gitea/tree/2220e5d2455b28450e2f505152f9fbb8ac597e80,https://github.com/go-gitea/gitea/compare/477a1cc40ebd3ecb116c632b0717bba748e914d2...2220e5d2455b28450e2f505152f9fbb8ac597e80
937,Gitea,4fc1517da0014ea4414ac51d67b26553c30139a1,a3ab82e5924196632f1731ae3ef2099bf9d39501,22386,https://github.com/go-gitea/gitea/issues/22386,https://github.com/go-gitea/gitea/tree/4fc1517da0014ea4414ac51d67b26553c30139a1,https://github.com/go-gitea/gitea/tree/a3ab82e5924196632f1731ae3ef2099bf9d39501,https://github.com/go-gitea/gitea/compare/4fc1517da0014ea4414ac51d67b26553c30139a1...a3ab82e5924196632f1731ae3ef2099bf9d39501
938,Gitea,99cf0d394ea1f949b72aef2c25e74e67a4ca1791,c0da3638e71eb9a8a38b89fbfa78603064bf8799,22380,https://github.com/go-gitea/gitea/issues/22380,https://github.com/go-gitea/gitea/tree/99cf0d394ea1f949b72aef2c25e74e67a4ca1791,https://github.com/go-gitea/gitea/tree/c0da3638e71eb9a8a38b89fbfa78603064bf8799,https://github.com/go-gitea/gitea/compare/99cf0d394ea1f949b72aef2c25e74e67a4ca1791...c0da3638e71eb9a8a38b89fbfa78603064bf8799
939,Gitea,fc037b4b825f0501a1489e10d7c822435d825cb7,fe519d86338761b91ff1702b70008895ef89f7eb,22406,https://github.com/go-gitea/gitea/issues/22406,https://github.com/go-gitea/gitea/tree/fc037b4b825f0501a1489e10d7c822435d825cb7,https://github.com/go-gitea/gitea/tree/fe519d86338761b91ff1702b70008895ef89f7eb,https://github.com/go-gitea/gitea/compare/fc037b4b825f0501a1489e10d7c822435d825cb7...fe519d86338761b91ff1702b70008895ef89f7eb
940,Gitea,3b804ff76cdafa2ba9fce559269116aeb25a84c8,e7f1d45eb5b20e782303fb7ce75e8c9877618b17,22391,https://github.com/go-gitea/gitea/issues/22391,https://github.com/go-gitea/gitea/tree/3b804ff76cdafa2ba9fce559269116aeb25a84c8,https://github.com/go-gitea/gitea/tree/e7f1d45eb5b20e782303fb7ce75e8c9877618b17,https://github.com/go-gitea/gitea/compare/3b804ff76cdafa2ba9fce559269116aeb25a84c8...e7f1d45eb5b20e782303fb7ce75e8c9877618b17
941,Gitea,82235fb6817a310b165275d304c84f049011e296,99a675f4a1fc32339e9b93ea33207322c3e8bef1,22287,https://github.com/go-gitea/gitea/issues/22287,https://github.com/go-gitea/gitea/tree/82235fb6817a310b165275d304c84f049011e296,https://github.com/go-gitea/gitea/tree/99a675f4a1fc32339e9b93ea33207322c3e8bef1,https://github.com/go-gitea/gitea/compare/82235fb6817a310b165275d304c84f049011e296...99a675f4a1fc32339e9b93ea33207322c3e8bef1
942,Gitea,02ae63297bd622bf453a930ce8dd180a58e11ed9,20e3ffd2085d7066b3206809dfae7b6ebd59cb5d,22434,https://github.com/go-gitea/gitea/issues/22434,https://github.com/go-gitea/gitea/tree/02ae63297bd622bf453a930ce8dd180a58e11ed9,https://github.com/go-gitea/gitea/tree/20e3ffd2085d7066b3206809dfae7b6ebd59cb5d,https://github.com/go-gitea/gitea/compare/02ae63297bd622bf453a930ce8dd180a58e11ed9...20e3ffd2085d7066b3206809dfae7b6ebd59cb5d
943,Gitea,9edf80f472e9307d89cab1c22e7c0c185a50deb7,e763fab6851c278150a02c983e739a37e17ce988,22480,https://github.com/go-gitea/gitea/issues/22480,https://github.com/go-gitea/gitea/tree/9edf80f472e9307d89cab1c22e7c0c185a50deb7,https://github.com/go-gitea/gitea/tree/e763fab6851c278150a02c983e739a37e17ce988,https://github.com/go-gitea/gitea/compare/9edf80f472e9307d89cab1c22e7c0c185a50deb7...e763fab6851c278150a02c983e739a37e17ce988
944,Gitea,db2286bbb69f5453f5b184a16a9dca999f3f3eb8,de484e86bc495a67d2f122ed438178d587a92526,4300,https://github.com/go-gitea/gitea/issues/4300,https://github.com/go-gitea/gitea/tree/db2286bbb69f5453f5b184a16a9dca999f3f3eb8,https://github.com/go-gitea/gitea/tree/de484e86bc495a67d2f122ed438178d587a92526,https://github.com/go-gitea/gitea/compare/db2286bbb69f5453f5b184a16a9dca999f3f3eb8...de484e86bc495a67d2f122ed438178d587a92526
945,Gitea,16e9dec8279ae1984db2cb2fb0ea57e0af77f95e,da274380a7be72e0153a448611278b402e20ad7e,22370,https://github.com/go-gitea/gitea/issues/22370,https://github.com/go-gitea/gitea/tree/16e9dec8279ae1984db2cb2fb0ea57e0af77f95e,https://github.com/go-gitea/gitea/tree/da274380a7be72e0153a448611278b402e20ad7e,https://github.com/go-gitea/gitea/compare/16e9dec8279ae1984db2cb2fb0ea57e0af77f95e...da274380a7be72e0153a448611278b402e20ad7e
946,Gitea,4804900ac935c5f9d4e47c0b0827be4c232bd0e5,aa87b3690081261379c6b93488cdd3f3f7b1ef31,20826,https://github.com/go-gitea/gitea/issues/20826,https://github.com/go-gitea/gitea/tree/4804900ac935c5f9d4e47c0b0827be4c232bd0e5,https://github.com/go-gitea/gitea/tree/aa87b3690081261379c6b93488cdd3f3f7b1ef31,https://github.com/go-gitea/gitea/compare/4804900ac935c5f9d4e47c0b0827be4c232bd0e5...aa87b3690081261379c6b93488cdd3f3f7b1ef31
947,Gitea,fe519d86338761b91ff1702b70008895ef89f7eb,cc1f8cbe96c195aab79761c48bc4ec0bff2b3431,22452,https://github.com/go-gitea/gitea/issues/22452,https://github.com/go-gitea/gitea/tree/fe519d86338761b91ff1702b70008895ef89f7eb,https://github.com/go-gitea/gitea/tree/cc1f8cbe96c195aab79761c48bc4ec0bff2b3431,https://github.com/go-gitea/gitea/compare/fe519d86338761b91ff1702b70008895ef89f7eb...cc1f8cbe96c195aab79761c48bc4ec0bff2b3431
948,Gitea,cc1f8cbe96c195aab79761c48bc4ec0bff2b3431,2782c1439679402a1f8731a94dc66214781282ba,2529,https://github.com/go-gitea/gitea/issues/2529,https://github.com/go-gitea/gitea/tree/cc1f8cbe96c195aab79761c48bc4ec0bff2b3431,https://github.com/go-gitea/gitea/tree/2782c1439679402a1f8731a94dc66214781282ba,https://github.com/go-gitea/gitea/compare/cc1f8cbe96c195aab79761c48bc4ec0bff2b3431...2782c1439679402a1f8731a94dc66214781282ba
949,Gitea,21dd4a252a98fee4e8b4304d63685c4fae7cc077,29b78bce3336fcedc08d17b71a52e593d65cd951,22571,https://github.com/go-gitea/gitea/issues/22571,https://github.com/go-gitea/gitea/tree/21dd4a252a98fee4e8b4304d63685c4fae7cc077,https://github.com/go-gitea/gitea/tree/29b78bce3336fcedc08d17b71a52e593d65cd951,https://github.com/go-gitea/gitea/compare/21dd4a252a98fee4e8b4304d63685c4fae7cc077...29b78bce3336fcedc08d17b71a52e593d65cd951
950,Gitea,5ff037ef51090b9ac8f521466d99456b236926be,51a92cb8218b6702a5a0c8f921eda02456332748,22616,https://github.com/go-gitea/gitea/issues/22616,https://github.com/go-gitea/gitea/tree/5ff037ef51090b9ac8f521466d99456b236926be,https://github.com/go-gitea/gitea/tree/51a92cb8218b6702a5a0c8f921eda02456332748,https://github.com/go-gitea/gitea/compare/5ff037ef51090b9ac8f521466d99456b236926be...51a92cb8218b6702a5a0c8f921eda02456332748
951,Gitea,2782c1439679402a1f8731a94dc66214781282ba,1e7f3c16a4f4b309cf9259e284450e66652121ae,22447,https://github.com/go-gitea/gitea/issues/22447,https://github.com/go-gitea/gitea/tree/2782c1439679402a1f8731a94dc66214781282ba,https://github.com/go-gitea/gitea/tree/1e7f3c16a4f4b309cf9259e284450e66652121ae,https://github.com/go-gitea/gitea/compare/2782c1439679402a1f8731a94dc66214781282ba...1e7f3c16a4f4b309cf9259e284450e66652121ae
952,Gitea,a1fcb1cfb84fd6b36c8fe9fd56588119fa4377bc,eb793c3361ec86fe8f0344e262073be3791e313d,22537,https://github.com/go-gitea/gitea/issues/22537,https://github.com/go-gitea/gitea/tree/a1fcb1cfb84fd6b36c8fe9fd56588119fa4377bc,https://github.com/go-gitea/gitea/tree/eb793c3361ec86fe8f0344e262073be3791e313d,https://github.com/go-gitea/gitea/compare/a1fcb1cfb84fd6b36c8fe9fd56588119fa4377bc...eb793c3361ec86fe8f0344e262073be3791e313d
953,Gitea,f47ea60c075ddc09d39bc7817efc7c4d870dcd19,36dc11869d0401b796a7a3f74627fec842a4a89a,22666,https://github.com/go-gitea/gitea/issues/22666,https://github.com/go-gitea/gitea/tree/f47ea60c075ddc09d39bc7817efc7c4d870dcd19,https://github.com/go-gitea/gitea/tree/36dc11869d0401b796a7a3f74627fec842a4a89a,https://github.com/go-gitea/gitea/compare/f47ea60c075ddc09d39bc7817efc7c4d870dcd19...36dc11869d0401b796a7a3f74627fec842a4a89a
954,Gitea,6fe3c8b3980f850c9789f9fa62bdfee7b2708ff0,b8eb28232769eda35a220223846514bceb632a89,22360,https://github.com/go-gitea/gitea/issues/22360,https://github.com/go-gitea/gitea/tree/6fe3c8b3980f850c9789f9fa62bdfee7b2708ff0,https://github.com/go-gitea/gitea/tree/b8eb28232769eda35a220223846514bceb632a89,https://github.com/go-gitea/gitea/compare/6fe3c8b3980f850c9789f9fa62bdfee7b2708ff0...b8eb28232769eda35a220223846514bceb632a89
955,Gitea,b383652e02294796fdab7270e2cdb5a0d7413511,4199d28053b228376a68a957297f332026fafa4e,18802,https://github.com/go-gitea/gitea/issues/18802,https://github.com/go-gitea/gitea/tree/b383652e02294796fdab7270e2cdb5a0d7413511,https://github.com/go-gitea/gitea/tree/4199d28053b228376a68a957297f332026fafa4e,https://github.com/go-gitea/gitea/compare/b383652e02294796fdab7270e2cdb5a0d7413511...4199d28053b228376a68a957297f332026fafa4e
956,Gitea,2871ea08096cba15546f357d0ec473734ee9d8be,19d5b2f922c2defde579a935fbedb680eb8fff18,22507,https://github.com/go-gitea/gitea/issues/22507,https://github.com/go-gitea/gitea/tree/2871ea08096cba15546f357d0ec473734ee9d8be,https://github.com/go-gitea/gitea/tree/19d5b2f922c2defde579a935fbedb680eb8fff18,https://github.com/go-gitea/gitea/compare/2871ea08096cba15546f357d0ec473734ee9d8be...19d5b2f922c2defde579a935fbedb680eb8fff18
957,Gitea,e9cd18b5578cdf84264f3d69a5f166a33d74b4e3,78e6b21c1a4c9867dd3054d6c167cc80407b020d,22578,https://github.com/go-gitea/gitea/issues/22578,https://github.com/go-gitea/gitea/tree/e9cd18b5578cdf84264f3d69a5f166a33d74b4e3,https://github.com/go-gitea/gitea/tree/78e6b21c1a4c9867dd3054d6c167cc80407b020d,https://github.com/go-gitea/gitea/compare/e9cd18b5578cdf84264f3d69a5f166a33d74b4e3...78e6b21c1a4c9867dd3054d6c167cc80407b020d
958,Gitea,f1f0430f9fd731310713ad723bed9618bcd53cda,cc910014ab0df4d252ee61995df37b4a4cb92e06,18785,https://github.com/go-gitea/gitea/issues/18785,https://github.com/go-gitea/gitea/tree/f1f0430f9fd731310713ad723bed9618bcd53cda,https://github.com/go-gitea/gitea/tree/cc910014ab0df4d252ee61995df37b4a4cb92e06,https://github.com/go-gitea/gitea/compare/f1f0430f9fd731310713ad723bed9618bcd53cda...cc910014ab0df4d252ee61995df37b4a4cb92e06
959,Gitea,ccb38512818dd3ee86f7960ed6cdf34754e4d09f,2914c5299b37c3f98997fc923b0b715c9b3f750a,22693,https://github.com/go-gitea/gitea/issues/22693,https://github.com/go-gitea/gitea/tree/ccb38512818dd3ee86f7960ed6cdf34754e4d09f,https://github.com/go-gitea/gitea/tree/2914c5299b37c3f98997fc923b0b715c9b3f750a,https://github.com/go-gitea/gitea/compare/ccb38512818dd3ee86f7960ed6cdf34754e4d09f...2914c5299b37c3f98997fc923b0b715c9b3f750a
960,Gitea,2914c5299b37c3f98997fc923b0b715c9b3f750a,82728a7cecfe4d254890545fea49d6afde4f40db,21994,https://github.com/go-gitea/gitea/issues/21994,https://github.com/go-gitea/gitea/tree/2914c5299b37c3f98997fc923b0b715c9b3f750a,https://github.com/go-gitea/gitea/tree/82728a7cecfe4d254890545fea49d6afde4f40db,https://github.com/go-gitea/gitea/compare/2914c5299b37c3f98997fc923b0b715c9b3f750a...82728a7cecfe4d254890545fea49d6afde4f40db
961,Gitea,2914c5299b37c3f98997fc923b0b715c9b3f750a,82728a7cecfe4d254890545fea49d6afde4f40db,19470,https://github.com/go-gitea/gitea/issues/19470,https://github.com/go-gitea/gitea/tree/2914c5299b37c3f98997fc923b0b715c9b3f750a,https://github.com/go-gitea/gitea/tree/82728a7cecfe4d254890545fea49d6afde4f40db,https://github.com/go-gitea/gitea/compare/2914c5299b37c3f98997fc923b0b715c9b3f750a...82728a7cecfe4d254890545fea49d6afde4f40db
962,Gitea,72a83dcc82add7537d2f661aa929dd073ced65f3,9f9a1ce92292739c3d0b5ee4bb654d883eb3b869,22702,https://github.com/go-gitea/gitea/issues/22702,https://github.com/go-gitea/gitea/tree/72a83dcc82add7537d2f661aa929dd073ced65f3,https://github.com/go-gitea/gitea/tree/9f9a1ce92292739c3d0b5ee4bb654d883eb3b869,https://github.com/go-gitea/gitea/compare/72a83dcc82add7537d2f661aa929dd073ced65f3...9f9a1ce92292739c3d0b5ee4bb654d883eb3b869
963,Gitea,b6b8feb3dec19e7bc96bc583acf10c01afca3362,1e0e79dcbfb21971ac4cd591585672517117d4f0,22603,https://github.com/go-gitea/gitea/issues/22603,https://github.com/go-gitea/gitea/tree/b6b8feb3dec19e7bc96bc583acf10c01afca3362,https://github.com/go-gitea/gitea/tree/1e0e79dcbfb21971ac4cd591585672517117d4f0,https://github.com/go-gitea/gitea/compare/b6b8feb3dec19e7bc96bc583acf10c01afca3362...1e0e79dcbfb21971ac4cd591585672517117d4f0
964,Gitea,50111c71c3d8feedb170a0122c97237f78d1751f,c13eb8e6b326bf6008b29778f311d5e5f89d5541,22713,https://github.com/go-gitea/gitea/issues/22713,https://github.com/go-gitea/gitea/tree/50111c71c3d8feedb170a0122c97237f78d1751f,https://github.com/go-gitea/gitea/tree/c13eb8e6b326bf6008b29778f311d5e5f89d5541,https://github.com/go-gitea/gitea/compare/50111c71c3d8feedb170a0122c97237f78d1751f...c13eb8e6b326bf6008b29778f311d5e5f89d5541
965,Gitea,3ae78bc0a9408ca2b8ed5a1ffafdcf66639449e5,d5fa2e7510844ad092804b7c11bf6847f7c4e45d,22581,https://github.com/go-gitea/gitea/issues/22581,https://github.com/go-gitea/gitea/tree/3ae78bc0a9408ca2b8ed5a1ffafdcf66639449e5,https://github.com/go-gitea/gitea/tree/d5fa2e7510844ad092804b7c11bf6847f7c4e45d,https://github.com/go-gitea/gitea/compare/3ae78bc0a9408ca2b8ed5a1ffafdcf66639449e5...d5fa2e7510844ad092804b7c11bf6847f7c4e45d
966,Gitea,5ae07d4c2f7bd0f58a15292fb93f2e0af45ab351,4dd7d61ac8c8bff81a0f9e376032f45eb12f51a9,22821,https://github.com/go-gitea/gitea/issues/22821,https://github.com/go-gitea/gitea/tree/5ae07d4c2f7bd0f58a15292fb93f2e0af45ab351,https://github.com/go-gitea/gitea/tree/4dd7d61ac8c8bff81a0f9e376032f45eb12f51a9,https://github.com/go-gitea/gitea/compare/5ae07d4c2f7bd0f58a15292fb93f2e0af45ab351...4dd7d61ac8c8bff81a0f9e376032f45eb12f51a9
967,Gitea,01f082287d7957ed63a0865b26e04ad23382c715,3c5655ce18056277917092d370bbdfbcdaaa8ae6,22578,https://github.com/go-gitea/gitea/issues/22578,https://github.com/go-gitea/gitea/tree/01f082287d7957ed63a0865b26e04ad23382c715,https://github.com/go-gitea/gitea/tree/3c5655ce18056277917092d370bbdfbcdaaa8ae6,https://github.com/go-gitea/gitea/compare/01f082287d7957ed63a0865b26e04ad23382c715...3c5655ce18056277917092d370bbdfbcdaaa8ae6
968,Gitea,2741546bed546fbe9792b48119743cfaebfec6bf,ea13b23349ef98249deeb9469f6b1444de42abf5,22740,https://github.com/go-gitea/gitea/issues/22740,https://github.com/go-gitea/gitea/tree/2741546bed546fbe9792b48119743cfaebfec6bf,https://github.com/go-gitea/gitea/tree/ea13b23349ef98249deeb9469f6b1444de42abf5,https://github.com/go-gitea/gitea/compare/2741546bed546fbe9792b48119743cfaebfec6bf...ea13b23349ef98249deeb9469f6b1444de42abf5
969,Gitea,361d8072747ae930695337b6217cb1b1773268ea,f8c1e14a136c9702f459a36a1ea2e75fedd123af,22758,https://github.com/go-gitea/gitea/issues/22758,https://github.com/go-gitea/gitea/tree/361d8072747ae930695337b6217cb1b1773268ea,https://github.com/go-gitea/gitea/tree/f8c1e14a136c9702f459a36a1ea2e75fedd123af,https://github.com/go-gitea/gitea/compare/361d8072747ae930695337b6217cb1b1773268ea...f8c1e14a136c9702f459a36a1ea2e75fedd123af
970,Gitea,8fa54d0fda4ee5175619bed8fd959b590ef1e5c7,51ab4951985b0827fef29aea7c854325309dc3dd,22843,https://github.com/go-gitea/gitea/issues/22843,https://github.com/go-gitea/gitea/tree/8fa54d0fda4ee5175619bed8fd959b590ef1e5c7,https://github.com/go-gitea/gitea/tree/51ab4951985b0827fef29aea7c854325309dc3dd,https://github.com/go-gitea/gitea/compare/8fa54d0fda4ee5175619bed8fd959b590ef1e5c7...51ab4951985b0827fef29aea7c854325309dc3dd
971,Gitea,00f695da482be70eaca544472e7f2df4ec5c2f68,34399cfd7a618198822ddb2d0052adc39e5568e4,22714,https://github.com/go-gitea/gitea/issues/22714,https://github.com/go-gitea/gitea/tree/00f695da482be70eaca544472e7f2df4ec5c2f68,https://github.com/go-gitea/gitea/tree/34399cfd7a618198822ddb2d0052adc39e5568e4,https://github.com/go-gitea/gitea/compare/00f695da482be70eaca544472e7f2df4ec5c2f68...34399cfd7a618198822ddb2d0052adc39e5568e4
972,Gitea,189d5b7045b2200fa55c20707a39138cfb8cf0ed,769be877f2ce572b94b7c0a85853a2f7836075ac,19345,https://github.com/go-gitea/gitea/issues/19345,https://github.com/go-gitea/gitea/tree/189d5b7045b2200fa55c20707a39138cfb8cf0ed,https://github.com/go-gitea/gitea/tree/769be877f2ce572b94b7c0a85853a2f7836075ac,https://github.com/go-gitea/gitea/compare/189d5b7045b2200fa55c20707a39138cfb8cf0ed...769be877f2ce572b94b7c0a85853a2f7836075ac
973,Gitea,e253888a0e68d03da0616930427d7162eefa6aaf,cef8f50286ce1bc04c2e5989998d5a0774870de7,19345,https://github.com/go-gitea/gitea/issues/19345,https://github.com/go-gitea/gitea/tree/e253888a0e68d03da0616930427d7162eefa6aaf,https://github.com/go-gitea/gitea/tree/cef8f50286ce1bc04c2e5989998d5a0774870de7,https://github.com/go-gitea/gitea/compare/e253888a0e68d03da0616930427d7162eefa6aaf...cef8f50286ce1bc04c2e5989998d5a0774870de7
974,Gitea,bdd2c9d2eff76fed2cc200377723f519e8af64d0,affdd40296960a08a4223330ccbd1fb88c96ea1a,19769,https://github.com/go-gitea/gitea/issues/19769,https://github.com/go-gitea/gitea/tree/bdd2c9d2eff76fed2cc200377723f519e8af64d0,https://github.com/go-gitea/gitea/tree/affdd40296960a08a4223330ccbd1fb88c96ea1a,https://github.com/go-gitea/gitea/compare/bdd2c9d2eff76fed2cc200377723f519e8af64d0...affdd40296960a08a4223330ccbd1fb88c96ea1a
975,Gitea,2c04595762b5c6ecfef8a32b05de7a5ef5f7066c,0ab22a1a020865c9906487cf7735796ff01c4fd2,22797,https://github.com/go-gitea/gitea/issues/22797,https://github.com/go-gitea/gitea/tree/2c04595762b5c6ecfef8a32b05de7a5ef5f7066c,https://github.com/go-gitea/gitea/tree/0ab22a1a020865c9906487cf7735796ff01c4fd2,https://github.com/go-gitea/gitea/compare/2c04595762b5c6ecfef8a32b05de7a5ef5f7066c...0ab22a1a020865c9906487cf7735796ff01c4fd2
976,Gitea,ffa89945d19bcf9330a6c645a8c4c0560a027978,00b18ab42fdd49a437249f57c0b9086fd0ee1d03,22883,https://github.com/go-gitea/gitea/issues/22883,https://github.com/go-gitea/gitea/tree/ffa89945d19bcf9330a6c645a8c4c0560a027978,https://github.com/go-gitea/gitea/tree/00b18ab42fdd49a437249f57c0b9086fd0ee1d03,https://github.com/go-gitea/gitea/compare/ffa89945d19bcf9330a6c645a8c4c0560a027978...00b18ab42fdd49a437249f57c0b9086fd0ee1d03
977,Gitea,f196da12dba17e7e9f51b6eae728e5473aa5f485,52dd383b6d333cd9534f97ad4ac260f6fc9bec23,22896,https://github.com/go-gitea/gitea/issues/22896,https://github.com/go-gitea/gitea/tree/f196da12dba17e7e9f51b6eae728e5473aa5f485,https://github.com/go-gitea/gitea/tree/52dd383b6d333cd9534f97ad4ac260f6fc9bec23,https://github.com/go-gitea/gitea/compare/f196da12dba17e7e9f51b6eae728e5473aa5f485...52dd383b6d333cd9534f97ad4ac260f6fc9bec23
978,Gitea,c53ad052d8bd040ecd269d9757ce9885396a04af,65fc2d1b83182134610558cbea980e18ec815a93,22818,https://github.com/go-gitea/gitea/issues/22818,https://github.com/go-gitea/gitea/tree/c53ad052d8bd040ecd269d9757ce9885396a04af,https://github.com/go-gitea/gitea/tree/65fc2d1b83182134610558cbea980e18ec815a93,https://github.com/go-gitea/gitea/compare/c53ad052d8bd040ecd269d9757ce9885396a04af...65fc2d1b83182134610558cbea980e18ec815a93
979,Gitea,65fc2d1b83182134610558cbea980e18ec815a93,8e9814c3469dff1ae595b6f12b60dbb32b15d2b7,22961,https://github.com/go-gitea/gitea/issues/22961,https://github.com/go-gitea/gitea/tree/65fc2d1b83182134610558cbea980e18ec815a93,https://github.com/go-gitea/gitea/tree/8e9814c3469dff1ae595b6f12b60dbb32b15d2b7,https://github.com/go-gitea/gitea/compare/65fc2d1b83182134610558cbea980e18ec815a93...8e9814c3469dff1ae595b6f12b60dbb32b15d2b7
980,Gitea,d9c6cb71e16145ac8f3d9f94f59d3b15ad873631,5a12e95d2a3bc3dcc017dfce0cb1b77b0736e6f4,22734,https://github.com/go-gitea/gitea/issues/22734,https://github.com/go-gitea/gitea/tree/d9c6cb71e16145ac8f3d9f94f59d3b15ad873631,https://github.com/go-gitea/gitea/tree/5a12e95d2a3bc3dcc017dfce0cb1b77b0736e6f4,https://github.com/go-gitea/gitea/compare/d9c6cb71e16145ac8f3d9f94f59d3b15ad873631...5a12e95d2a3bc3dcc017dfce0cb1b77b0736e6f4
981,Gitea,c3d9a70d0a4fc77fe4c44028e72d1a9aadee3e5a,36d1d5fb7871058e510e59b027d5ee32bba43f2b,22910,https://github.com/go-gitea/gitea/issues/22910,https://github.com/go-gitea/gitea/tree/c3d9a70d0a4fc77fe4c44028e72d1a9aadee3e5a,https://github.com/go-gitea/gitea/tree/36d1d5fb7871058e510e59b027d5ee32bba43f2b,https://github.com/go-gitea/gitea/compare/c3d9a70d0a4fc77fe4c44028e72d1a9aadee3e5a...36d1d5fb7871058e510e59b027d5ee32bba43f2b
982,Gitea,d306ab2b8f871fbf505519468bfbaed91deaf7e0,e314c9e86656333e9ec956f0d825ef920f491de6,22883,https://github.com/go-gitea/gitea/issues/22883,https://github.com/go-gitea/gitea/tree/d306ab2b8f871fbf505519468bfbaed91deaf7e0,https://github.com/go-gitea/gitea/tree/e314c9e86656333e9ec956f0d825ef920f491de6,https://github.com/go-gitea/gitea/compare/d306ab2b8f871fbf505519468bfbaed91deaf7e0...e314c9e86656333e9ec956f0d825ef920f491de6
983,Gitea,fb1a2a13f05665764a6f91ed1a421b9e93c4e8c9,9057a008a1019144611aa9e3fd53a5e3a404c389,22838,https://github.com/go-gitea/gitea/issues/22838,https://github.com/go-gitea/gitea/tree/fb1a2a13f05665764a6f91ed1a421b9e93c4e8c9,https://github.com/go-gitea/gitea/tree/9057a008a1019144611aa9e3fd53a5e3a404c389,https://github.com/go-gitea/gitea/compare/fb1a2a13f05665764a6f91ed1a421b9e93c4e8c9...9057a008a1019144611aa9e3fd53a5e3a404c389
984,Gitea,7f790c70b9b178741e2ecbe971a6493b5eb423b2,e7b560f3fe07a0abf0321935d2a33d18a0f27acd,20983,https://github.com/go-gitea/gitea/issues/20983,https://github.com/go-gitea/gitea/tree/7f790c70b9b178741e2ecbe971a6493b5eb423b2,https://github.com/go-gitea/gitea/tree/e7b560f3fe07a0abf0321935d2a33d18a0f27acd,https://github.com/go-gitea/gitea/compare/7f790c70b9b178741e2ecbe971a6493b5eb423b2...e7b560f3fe07a0abf0321935d2a33d18a0f27acd
985,Gitea,7f790c70b9b178741e2ecbe971a6493b5eb423b2,e7b560f3fe07a0abf0321935d2a33d18a0f27acd,21912,https://github.com/go-gitea/gitea/issues/21912,https://github.com/go-gitea/gitea/tree/7f790c70b9b178741e2ecbe971a6493b5eb423b2,https://github.com/go-gitea/gitea/tree/e7b560f3fe07a0abf0321935d2a33d18a0f27acd,https://github.com/go-gitea/gitea/compare/7f790c70b9b178741e2ecbe971a6493b5eb423b2...e7b560f3fe07a0abf0321935d2a33d18a0f27acd
986,Gitea,8bba7e30b2833d750af0345b75a3998785ef55ef,007d181bb51330c4c24e78c2f40a2e49cae45ed9,22791,https://github.com/go-gitea/gitea/issues/22791,https://github.com/go-gitea/gitea/tree/8bba7e30b2833d750af0345b75a3998785ef55ef,https://github.com/go-gitea/gitea/tree/007d181bb51330c4c24e78c2f40a2e49cae45ed9,https://github.com/go-gitea/gitea/compare/8bba7e30b2833d750af0345b75a3998785ef55ef...007d181bb51330c4c24e78c2f40a2e49cae45ed9
987,Gitea,77f70bd5a39f8f52507f143849d105a3c020f115,09d737709031b56758f024ef9feabbafd9712cea,22647,https://github.com/go-gitea/gitea/issues/22647,https://github.com/go-gitea/gitea/tree/77f70bd5a39f8f52507f143849d105a3c020f115,https://github.com/go-gitea/gitea/tree/09d737709031b56758f024ef9feabbafd9712cea,https://github.com/go-gitea/gitea/compare/77f70bd5a39f8f52507f143849d105a3c020f115...09d737709031b56758f024ef9feabbafd9712cea
988,Gitea,1fcf96ad0166420cbdb013365ecae42e3537b42a,c8c2a31818527f7377ddb9fb111a55d0c058ebe7,23000,https://github.com/go-gitea/gitea/issues/23000,https://github.com/go-gitea/gitea/tree/1fcf96ad0166420cbdb013365ecae42e3537b42a,https://github.com/go-gitea/gitea/tree/c8c2a31818527f7377ddb9fb111a55d0c058ebe7,https://github.com/go-gitea/gitea/compare/1fcf96ad0166420cbdb013365ecae42e3537b42a...c8c2a31818527f7377ddb9fb111a55d0c058ebe7
989,Gitea,e3cffa70f9f731436ab005e4bb10f57166ffc6d5,dc9cebdf45d3594058727a5c8a5f20af098c5e7a,23027,https://github.com/go-gitea/gitea/issues/23027,https://github.com/go-gitea/gitea/tree/e3cffa70f9f731436ab005e4bb10f57166ffc6d5,https://github.com/go-gitea/gitea/tree/dc9cebdf45d3594058727a5c8a5f20af098c5e7a,https://github.com/go-gitea/gitea/compare/e3cffa70f9f731436ab005e4bb10f57166ffc6d5...dc9cebdf45d3594058727a5c8a5f20af098c5e7a
990,Gitea,6c354546547cd3a9595a7db119a6480d9cd506a7,0ce79bb9f6d9bb070ff53d08a939112005ac3564,23047,https://github.com/go-gitea/gitea/issues/23047,https://github.com/go-gitea/gitea/tree/6c354546547cd3a9595a7db119a6480d9cd506a7,https://github.com/go-gitea/gitea/tree/0ce79bb9f6d9bb070ff53d08a939112005ac3564,https://github.com/go-gitea/gitea/compare/6c354546547cd3a9595a7db119a6480d9cd506a7...0ce79bb9f6d9bb070ff53d08a939112005ac3564
991,Gitea,e7be610d5773e69abbfb98d19e23112dfad6dfcc,7f790c70b9b178741e2ecbe971a6493b5eb423b2,23031,https://github.com/go-gitea/gitea/issues/23031,https://github.com/go-gitea/gitea/tree/e7be610d5773e69abbfb98d19e23112dfad6dfcc,https://github.com/go-gitea/gitea/tree/7f790c70b9b178741e2ecbe971a6493b5eb423b2,https://github.com/go-gitea/gitea/compare/e7be610d5773e69abbfb98d19e23112dfad6dfcc...7f790c70b9b178741e2ecbe971a6493b5eb423b2
992,Gitea,09d737709031b56758f024ef9feabbafd9712cea,a7e98d70b6f20a80e0f98696e9445ff99546676a,23040,https://github.com/go-gitea/gitea/issues/23040,https://github.com/go-gitea/gitea/tree/09d737709031b56758f024ef9feabbafd9712cea,https://github.com/go-gitea/gitea/tree/a7e98d70b6f20a80e0f98696e9445ff99546676a,https://github.com/go-gitea/gitea/compare/09d737709031b56758f024ef9feabbafd9712cea...a7e98d70b6f20a80e0f98696e9445ff99546676a
993,Gitea,a7e98d70b6f20a80e0f98696e9445ff99546676a,4de5cd9f367fe73815b1c72ffc54a5118cc8e1d6,22614,https://github.com/go-gitea/gitea/issues/22614,https://github.com/go-gitea/gitea/tree/a7e98d70b6f20a80e0f98696e9445ff99546676a,https://github.com/go-gitea/gitea/tree/4de5cd9f367fe73815b1c72ffc54a5118cc8e1d6,https://github.com/go-gitea/gitea/compare/a7e98d70b6f20a80e0f98696e9445ff99546676a...4de5cd9f367fe73815b1c72ffc54a5118cc8e1d6
994,Gitea,3adfc0f02d1440d22934403b8d944218747b9289,0ae1ed749dd6581379b7ccf483d66051869b52d7,21020,https://github.com/go-gitea/gitea/issues/21020,https://github.com/go-gitea/gitea/tree/3adfc0f02d1440d22934403b8d944218747b9289,https://github.com/go-gitea/gitea/tree/0ae1ed749dd6581379b7ccf483d66051869b52d7,https://github.com/go-gitea/gitea/compare/3adfc0f02d1440d22934403b8d944218747b9289...0ae1ed749dd6581379b7ccf483d66051869b52d7
995,Gitea,ed954b070d481a14aac08f925a15ecc8c2c33c61,1f09051f2b0893933ec4cd9fccbb6137e7e9df89,22990,https://github.com/go-gitea/gitea/issues/22990,https://github.com/go-gitea/gitea/tree/ed954b070d481a14aac08f925a15ecc8c2c33c61,https://github.com/go-gitea/gitea/tree/1f09051f2b0893933ec4cd9fccbb6137e7e9df89,https://github.com/go-gitea/gitea/compare/ed954b070d481a14aac08f925a15ecc8c2c33c61...1f09051f2b0893933ec4cd9fccbb6137e7e9df89
996,Gitea,1f09051f2b0893933ec4cd9fccbb6137e7e9df89,0bc8bb3cc4f003e70bfee75863b74c2243c6d23c,22607,https://github.com/go-gitea/gitea/issues/22607,https://github.com/go-gitea/gitea/tree/1f09051f2b0893933ec4cd9fccbb6137e7e9df89,https://github.com/go-gitea/gitea/tree/0bc8bb3cc4f003e70bfee75863b74c2243c6d23c,https://github.com/go-gitea/gitea/compare/1f09051f2b0893933ec4cd9fccbb6137e7e9df89...0bc8bb3cc4f003e70bfee75863b74c2243c6d23c
997,Gitea,1f09051f2b0893933ec4cd9fccbb6137e7e9df89,0bc8bb3cc4f003e70bfee75863b74c2243c6d23c,20727,https://github.com/go-gitea/gitea/issues/20727,https://github.com/go-gitea/gitea/tree/1f09051f2b0893933ec4cd9fccbb6137e7e9df89,https://github.com/go-gitea/gitea/tree/0bc8bb3cc4f003e70bfee75863b74c2243c6d23c,https://github.com/go-gitea/gitea/compare/1f09051f2b0893933ec4cd9fccbb6137e7e9df89...0bc8bb3cc4f003e70bfee75863b74c2243c6d23c
998,Gitea,659cf30b6932fc2da303d15156f1ece17cd2b309,8ed6096158cb764f2259232eba0a46e6c273354c,22866,https://github.com/go-gitea/gitea/issues/22866,https://github.com/go-gitea/gitea/tree/659cf30b6932fc2da303d15156f1ece17cd2b309,https://github.com/go-gitea/gitea/tree/8ed6096158cb764f2259232eba0a46e6c273354c,https://github.com/go-gitea/gitea/compare/659cf30b6932fc2da303d15156f1ece17cd2b309...8ed6096158cb764f2259232eba0a46e6c273354c
999,Gitea,91fa0eb9d7b8c1bb5afac9d68161cf95ae0a02f8,a8c4f8cebcc52a1c96fe481fc654598c4ef49fec,23110,https://github.com/go-gitea/gitea/issues/23110,https://github.com/go-gitea/gitea/tree/91fa0eb9d7b8c1bb5afac9d68161cf95ae0a02f8,https://github.com/go-gitea/gitea/tree/a8c4f8cebcc52a1c96fe481fc654598c4ef49fec,https://github.com/go-gitea/gitea/compare/91fa0eb9d7b8c1bb5afac9d68161cf95ae0a02f8...a8c4f8cebcc52a1c96fe481fc654598c4ef49fec
1000,Gitea,045becf9aacb49554efbe353b47af0e64f2509c5,a6175b01d92a75dcbadbbfc6782a486636fd62a2,23082,https://github.com/go-gitea/gitea/issues/23082,https://github.com/go-gitea/gitea/tree/045becf9aacb49554efbe353b47af0e64f2509c5,https://github.com/go-gitea/gitea/tree/a6175b01d92a75dcbadbbfc6782a486636fd62a2,https://github.com/go-gitea/gitea/compare/045becf9aacb49554efbe353b47af0e64f2509c5...a6175b01d92a75dcbadbbfc6782a486636fd62a2
1001,Gitea,443dcc2db0676cae8b1b72c1b0b99e675c21177c,f5987c24e2b561952ebf9a2485b863325c16ee48,23137,https://github.com/go-gitea/gitea/issues/23137,https://github.com/go-gitea/gitea/tree/443dcc2db0676cae8b1b72c1b0b99e675c21177c,https://github.com/go-gitea/gitea/tree/f5987c24e2b561952ebf9a2485b863325c16ee48,https://github.com/go-gitea/gitea/compare/443dcc2db0676cae8b1b72c1b0b99e675c21177c...f5987c24e2b561952ebf9a2485b863325c16ee48
1002,Gitea,3e426bba78dbdd3e1369dd929de4ef7186f3d630,7a5af25592003ddc3017fcd7b822a3e02fc40ef6,22800,https://github.com/go-gitea/gitea/issues/22800,https://github.com/go-gitea/gitea/tree/3e426bba78dbdd3e1369dd929de4ef7186f3d630,https://github.com/go-gitea/gitea/tree/7a5af25592003ddc3017fcd7b822a3e02fc40ef6,https://github.com/go-gitea/gitea/compare/3e426bba78dbdd3e1369dd929de4ef7186f3d630...7a5af25592003ddc3017fcd7b822a3e02fc40ef6
1003,Gitea,df48af22296ccce8e9bd18e5d35c9a3cdf5acb0f,403f3e9208b2d2564d67bdf87be758c487083e28,22222,https://github.com/go-gitea/gitea/issues/22222,https://github.com/go-gitea/gitea/tree/df48af22296ccce8e9bd18e5d35c9a3cdf5acb0f,https://github.com/go-gitea/gitea/tree/403f3e9208b2d2564d67bdf87be758c487083e28,https://github.com/go-gitea/gitea/compare/df48af22296ccce8e9bd18e5d35c9a3cdf5acb0f...403f3e9208b2d2564d67bdf87be758c487083e28
1004,Gitea,edf98a2dc30956c8e04b778bb7f1ce55c14ba963,91fa0eb9d7b8c1bb5afac9d68161cf95ae0a02f8,23050,https://github.com/go-gitea/gitea/issues/23050,https://github.com/go-gitea/gitea/tree/edf98a2dc30956c8e04b778bb7f1ce55c14ba963,https://github.com/go-gitea/gitea/tree/91fa0eb9d7b8c1bb5afac9d68161cf95ae0a02f8,https://github.com/go-gitea/gitea/compare/edf98a2dc30956c8e04b778bb7f1ce55c14ba963...91fa0eb9d7b8c1bb5afac9d68161cf95ae0a02f8
1005,Gitea,f4920c9c7f5947d3b6476610f39bc3492ab4ef3b,d827215011260ca704606e421ce9e1eff32387bc,23064,https://github.com/go-gitea/gitea/issues/23064,https://github.com/go-gitea/gitea/tree/f4920c9c7f5947d3b6476610f39bc3492ab4ef3b,https://github.com/go-gitea/gitea/tree/d827215011260ca704606e421ce9e1eff32387bc,https://github.com/go-gitea/gitea/compare/f4920c9c7f5947d3b6476610f39bc3492ab4ef3b...d827215011260ca704606e421ce9e1eff32387bc
1006,Gitea,04347eb810689db799003cc342bbbc756716ff12,27e49cd01cf33c7adfd7e1a897d95884f7714aca,23050,https://github.com/go-gitea/gitea/issues/23050,https://github.com/go-gitea/gitea/tree/04347eb810689db799003cc342bbbc756716ff12,https://github.com/go-gitea/gitea/tree/27e49cd01cf33c7adfd7e1a897d95884f7714aca,https://github.com/go-gitea/gitea/compare/04347eb810689db799003cc342bbbc756716ff12...27e49cd01cf33c7adfd7e1a897d95884f7714aca
1007,Gitea,d72462dae62b6d76ddd47f6bbadbfe0352e03f89,a14e6af236f3f01d757ca4ffe64d92a4a7a84d1f,23244,https://github.com/go-gitea/gitea/issues/23244,https://github.com/go-gitea/gitea/tree/d72462dae62b6d76ddd47f6bbadbfe0352e03f89,https://github.com/go-gitea/gitea/tree/a14e6af236f3f01d757ca4ffe64d92a4a7a84d1f,https://github.com/go-gitea/gitea/compare/d72462dae62b6d76ddd47f6bbadbfe0352e03f89...a14e6af236f3f01d757ca4ffe64d92a4a7a84d1f
1008,Gitea,5c4075e16dd7afc75557b178239b8172e286d5c3,b2359f3df6673c1b2d04f0112be62990c139aba0,23183,https://github.com/go-gitea/gitea/issues/23183,https://github.com/go-gitea/gitea/tree/5c4075e16dd7afc75557b178239b8172e286d5c3,https://github.com/go-gitea/gitea/tree/b2359f3df6673c1b2d04f0112be62990c139aba0,https://github.com/go-gitea/gitea/compare/5c4075e16dd7afc75557b178239b8172e286d5c3...b2359f3df6673c1b2d04f0112be62990c139aba0
1009,Gitea,47b912cd526207f831bff759b29a734049d1c8f2,188c8c12c290e131fb342e3203634828652b0af5,23241,https://github.com/go-gitea/gitea/issues/23241,https://github.com/go-gitea/gitea/tree/47b912cd526207f831bff759b29a734049d1c8f2,https://github.com/go-gitea/gitea/tree/188c8c12c290e131fb342e3203634828652b0af5,https://github.com/go-gitea/gitea/compare/47b912cd526207f831bff759b29a734049d1c8f2...188c8c12c290e131fb342e3203634828652b0af5
1010,Gitea,0bfcbcc5e769bd258e4f530e0f007f5465f42de5,699f20234b9f7cdbbeeee3be004470c598fa1147,23151,https://github.com/go-gitea/gitea/issues/23151,https://github.com/go-gitea/gitea/tree/0bfcbcc5e769bd258e4f530e0f007f5465f42de5,https://github.com/go-gitea/gitea/tree/699f20234b9f7cdbbeeee3be004470c598fa1147,https://github.com/go-gitea/gitea/compare/0bfcbcc5e769bd258e4f530e0f007f5465f42de5...699f20234b9f7cdbbeeee3be004470c598fa1147
1011,Gitea,a14e6af236f3f01d757ca4ffe64d92a4a7a84d1f,ffce336f1802b2f2298fc8fd27e815086702c812,22075,https://github.com/go-gitea/gitea/issues/22075,https://github.com/go-gitea/gitea/tree/a14e6af236f3f01d757ca4ffe64d92a4a7a84d1f,https://github.com/go-gitea/gitea/tree/ffce336f1802b2f2298fc8fd27e815086702c812,https://github.com/go-gitea/gitea/compare/a14e6af236f3f01d757ca4ffe64d92a4a7a84d1f...ffce336f1802b2f2298fc8fd27e815086702c812
1012,Gitea,a14e6af236f3f01d757ca4ffe64d92a4a7a84d1f,ffce336f1802b2f2298fc8fd27e815086702c812,23247,https://github.com/go-gitea/gitea/issues/23247,https://github.com/go-gitea/gitea/tree/a14e6af236f3f01d757ca4ffe64d92a4a7a84d1f,https://github.com/go-gitea/gitea/tree/ffce336f1802b2f2298fc8fd27e815086702c812,https://github.com/go-gitea/gitea/compare/a14e6af236f3f01d757ca4ffe64d92a4a7a84d1f...ffce336f1802b2f2298fc8fd27e815086702c812
1013,Gitea,ce43208c6a36ee89875757155a0590cc24ecfb68,6886706f5ab6ebf5526256f422069e620e38e6bc,23265,https://github.com/go-gitea/gitea/issues/23265,https://github.com/go-gitea/gitea/tree/ce43208c6a36ee89875757155a0590cc24ecfb68,https://github.com/go-gitea/gitea/tree/6886706f5ab6ebf5526256f422069e620e38e6bc,https://github.com/go-gitea/gitea/compare/ce43208c6a36ee89875757155a0590cc24ecfb68...6886706f5ab6ebf5526256f422069e620e38e6bc
1014,Gitea,699f20234b9f7cdbbeeee3be004470c598fa1147,2f49b55c193faf7a1ab59d91fc707f2010143483,22784,https://github.com/go-gitea/gitea/issues/22784,https://github.com/go-gitea/gitea/tree/699f20234b9f7cdbbeeee3be004470c598fa1147,https://github.com/go-gitea/gitea/tree/2f49b55c193faf7a1ab59d91fc707f2010143483,https://github.com/go-gitea/gitea/compare/699f20234b9f7cdbbeeee3be004470c598fa1147...2f49b55c193faf7a1ab59d91fc707f2010143483
1015,Gitea,c84238800bb743181582f043ece9b44fef233c95,4c59c8c7682da31410decba3bd868fde5116e073,19733,https://github.com/go-gitea/gitea/issues/19733,https://github.com/go-gitea/gitea/tree/c84238800bb743181582f043ece9b44fef233c95,https://github.com/go-gitea/gitea/tree/4c59c8c7682da31410decba3bd868fde5116e073,https://github.com/go-gitea/gitea/compare/c84238800bb743181582f043ece9b44fef233c95...4c59c8c7682da31410decba3bd868fde5116e073
1016,Gitea,188c8c12c290e131fb342e3203634828652b0af5,547c173dabb10ec973ce9af24243072466960d6e,23242,https://github.com/go-gitea/gitea/issues/23242,https://github.com/go-gitea/gitea/tree/188c8c12c290e131fb342e3203634828652b0af5,https://github.com/go-gitea/gitea/tree/547c173dabb10ec973ce9af24243072466960d6e,https://github.com/go-gitea/gitea/compare/188c8c12c290e131fb342e3203634828652b0af5...547c173dabb10ec973ce9af24243072466960d6e
1017,Gitea,21a1d7691124dc5c1fca0ecab3de852a8671f4b8,ea7f0d6fcfe9567cac8151536b36450de8645e88,23073,https://github.com/go-gitea/gitea/issues/23073,https://github.com/go-gitea/gitea/tree/21a1d7691124dc5c1fca0ecab3de852a8671f4b8,https://github.com/go-gitea/gitea/tree/ea7f0d6fcfe9567cac8151536b36450de8645e88,https://github.com/go-gitea/gitea/compare/21a1d7691124dc5c1fca0ecab3de852a8671f4b8...ea7f0d6fcfe9567cac8151536b36450de8645e88
1018,Gitea,b70c7f86604185ed18a9d5e3b25327805e2b6a52,7e3b7c23463bf71c4e2ab93f184a675f1e30df0e,17108,https://github.com/go-gitea/gitea/issues/17108,https://github.com/go-gitea/gitea/tree/b70c7f86604185ed18a9d5e3b25327805e2b6a52,https://github.com/go-gitea/gitea/tree/7e3b7c23463bf71c4e2ab93f184a675f1e30df0e,https://github.com/go-gitea/gitea/compare/b70c7f86604185ed18a9d5e3b25327805e2b6a52...7e3b7c23463bf71c4e2ab93f184a675f1e30df0e
1019,Gitea,cbbd3726b4edb3c2bda59610050fd5af149fbdb1,04347eb810689db799003cc342bbbc756716ff12,23160,https://github.com/go-gitea/gitea/issues/23160,https://github.com/go-gitea/gitea/tree/cbbd3726b4edb3c2bda59610050fd5af149fbdb1,https://github.com/go-gitea/gitea/tree/04347eb810689db799003cc342bbbc756716ff12,https://github.com/go-gitea/gitea/compare/cbbd3726b4edb3c2bda59610050fd5af149fbdb1...04347eb810689db799003cc342bbbc756716ff12
1020,Gitea,f0b0f22aeda60c77e377f8869f262217c1895ab8,471b6d24b49ca749a93dcb1f292774aaa8935369,23248,https://github.com/go-gitea/gitea/issues/23248,https://github.com/go-gitea/gitea/tree/f0b0f22aeda60c77e377f8869f262217c1895ab8,https://github.com/go-gitea/gitea/tree/471b6d24b49ca749a93dcb1f292774aaa8935369,https://github.com/go-gitea/gitea/compare/f0b0f22aeda60c77e377f8869f262217c1895ab8...471b6d24b49ca749a93dcb1f292774aaa8935369
1021,Gitea,5155ec35c571de8df62318df78c78cebc20e1aa0,3de9e63fd04d61e08fcbdec035c9f138347d9f37,22649,https://github.com/go-gitea/gitea/issues/22649,https://github.com/go-gitea/gitea/tree/5155ec35c571de8df62318df78c78cebc20e1aa0,https://github.com/go-gitea/gitea/tree/3de9e63fd04d61e08fcbdec035c9f138347d9f37,https://github.com/go-gitea/gitea/compare/5155ec35c571de8df62318df78c78cebc20e1aa0...3de9e63fd04d61e08fcbdec035c9f138347d9f37
1022,Gitea,f92e0a4018ca65936c95ac119c57d4b9ab62bc2d,dad057b6393548ad389ead07c2cce5b3ac2811e0,23283,https://github.com/go-gitea/gitea/issues/23283,https://github.com/go-gitea/gitea/tree/f92e0a4018ca65936c95ac119c57d4b9ab62bc2d,https://github.com/go-gitea/gitea/tree/dad057b6393548ad389ead07c2cce5b3ac2811e0,https://github.com/go-gitea/gitea/compare/f92e0a4018ca65936c95ac119c57d4b9ab62bc2d...dad057b6393548ad389ead07c2cce5b3ac2811e0
1023,Gitea,b116418f05b822481bba3613873eef876da73814,15a1c2d7efa2c835fb9bcff439446579f08c5e32,23357,https://github.com/go-gitea/gitea/issues/23357,https://github.com/go-gitea/gitea/tree/b116418f05b822481bba3613873eef876da73814,https://github.com/go-gitea/gitea/tree/15a1c2d7efa2c835fb9bcff439446579f08c5e32,https://github.com/go-gitea/gitea/compare/b116418f05b822481bba3613873eef876da73814...15a1c2d7efa2c835fb9bcff439446579f08c5e32
1024,Gitea,023521b016d004ca185f0c4e2d80d30e2722fa81,c6f50297084ebd9ec8b8c25370b9b963167274eb,23393,https://github.com/go-gitea/gitea/issues/23393,https://github.com/go-gitea/gitea/tree/023521b016d004ca185f0c4e2d80d30e2722fa81,https://github.com/go-gitea/gitea/tree/c6f50297084ebd9ec8b8c25370b9b963167274eb,https://github.com/go-gitea/gitea/compare/023521b016d004ca185f0c4e2d80d30e2722fa81...c6f50297084ebd9ec8b8c25370b9b963167274eb
1025,Gitea,f20bf2fe3b17d998940d5277db75c16b41d2a12c,75022f8b1a513ca2fd7ca66a2f05ecc49e2f1460,21952,https://github.com/go-gitea/gitea/issues/21952,https://github.com/go-gitea/gitea/tree/f20bf2fe3b17d998940d5277db75c16b41d2a12c,https://github.com/go-gitea/gitea/tree/75022f8b1a513ca2fd7ca66a2f05ecc49e2f1460,https://github.com/go-gitea/gitea/compare/f20bf2fe3b17d998940d5277db75c16b41d2a12c...75022f8b1a513ca2fd7ca66a2f05ecc49e2f1460
1026,Gitea,0efa9d564941e6539df98ed4ddd906a05c1fa7e7,6ff5400af91aefb02cbc7dd59f6be23cc2bf7865,23411,https://github.com/go-gitea/gitea/issues/23411,https://github.com/go-gitea/gitea/tree/0efa9d564941e6539df98ed4ddd906a05c1fa7e7,https://github.com/go-gitea/gitea/tree/6ff5400af91aefb02cbc7dd59f6be23cc2bf7865,https://github.com/go-gitea/gitea/compare/0efa9d564941e6539df98ed4ddd906a05c1fa7e7...6ff5400af91aefb02cbc7dd59f6be23cc2bf7865
1027,Gitea,1960ad5c90df65100488b64e7047d1ba3096c11c,af0468ed8dea62f373c51efaa679080a9cb69f5c,23308,https://github.com/go-gitea/gitea/issues/23308,https://github.com/go-gitea/gitea/tree/1960ad5c90df65100488b64e7047d1ba3096c11c,https://github.com/go-gitea/gitea/tree/af0468ed8dea62f373c51efaa679080a9cb69f5c,https://github.com/go-gitea/gitea/compare/1960ad5c90df65100488b64e7047d1ba3096c11c...af0468ed8dea62f373c51efaa679080a9cb69f5c
1028,Gitea,92d3e2a6f899347cfa47221d5b25cdcaf2cce486,0141d1667d4d0e98124c11e179928a42ffe6ab1a,22348,https://github.com/go-gitea/gitea/issues/22348,https://github.com/go-gitea/gitea/tree/92d3e2a6f899347cfa47221d5b25cdcaf2cce486,https://github.com/go-gitea/gitea/tree/0141d1667d4d0e98124c11e179928a42ffe6ab1a,https://github.com/go-gitea/gitea/compare/92d3e2a6f899347cfa47221d5b25cdcaf2cce486...0141d1667d4d0e98124c11e179928a42ffe6ab1a
1029,Gitea,c709fa17a77eae391cafbe72d6b2594f74d86a60,5eea61dbc8f8e82e0dd05addf76751ee517459a0,23347,https://github.com/go-gitea/gitea/issues/23347,https://github.com/go-gitea/gitea/tree/c709fa17a77eae391cafbe72d6b2594f74d86a60,https://github.com/go-gitea/gitea/tree/5eea61dbc8f8e82e0dd05addf76751ee517459a0,https://github.com/go-gitea/gitea/compare/c709fa17a77eae391cafbe72d6b2594f74d86a60...5eea61dbc8f8e82e0dd05addf76751ee517459a0
1030,Gitea,c492e8631251a91714eec4ea7f7334110909aef2,8e4063479736464aa3ef4372bd5e770d3ed7571c,22958,https://github.com/go-gitea/gitea/issues/22958,https://github.com/go-gitea/gitea/tree/c492e8631251a91714eec4ea7f7334110909aef2,https://github.com/go-gitea/gitea/tree/8e4063479736464aa3ef4372bd5e770d3ed7571c,https://github.com/go-gitea/gitea/compare/c492e8631251a91714eec4ea7f7334110909aef2...8e4063479736464aa3ef4372bd5e770d3ed7571c
1031,Gitea,5eea61dbc8f8e82e0dd05addf76751ee517459a0,8421b8264fd7715ec93b13f37be31a945faec556,22934,https://github.com/go-gitea/gitea/issues/22934,https://github.com/go-gitea/gitea/tree/5eea61dbc8f8e82e0dd05addf76751ee517459a0,https://github.com/go-gitea/gitea/tree/8421b8264fd7715ec93b13f37be31a945faec556,https://github.com/go-gitea/gitea/compare/5eea61dbc8f8e82e0dd05addf76751ee517459a0...8421b8264fd7715ec93b13f37be31a945faec556
1032,Gitea,574d8fe6d6675c8aa05e2b75fdbc01c009efd8be,6bad0fb24f0a2549da42d3d143be9f355712e8b3,23517,https://github.com/go-gitea/gitea/issues/23517,https://github.com/go-gitea/gitea/tree/574d8fe6d6675c8aa05e2b75fdbc01c009efd8be,https://github.com/go-gitea/gitea/tree/6bad0fb24f0a2549da42d3d143be9f355712e8b3,https://github.com/go-gitea/gitea/compare/574d8fe6d6675c8aa05e2b75fdbc01c009efd8be...6bad0fb24f0a2549da42d3d143be9f355712e8b3
1033,Gitea,7eede7f8de299a8e657937d237f9d62e44bdd79b,53b609e3361d321a60946376971d6a3c46d4ddb9,23562,https://github.com/go-gitea/gitea/issues/23562,https://github.com/go-gitea/gitea/tree/7eede7f8de299a8e657937d237f9d62e44bdd79b,https://github.com/go-gitea/gitea/tree/53b609e3361d321a60946376971d6a3c46d4ddb9,https://github.com/go-gitea/gitea/compare/7eede7f8de299a8e657937d237f9d62e44bdd79b...53b609e3361d321a60946376971d6a3c46d4ddb9
1034,Gitea,e7e6250ea8e31914f305d8401c413b1a586dd89c,0d7cf7b76883b6bdba324e6f2f40ae69f6aa5977,23440,https://github.com/go-gitea/gitea/issues/23440,https://github.com/go-gitea/gitea/tree/e7e6250ea8e31914f305d8401c413b1a586dd89c,https://github.com/go-gitea/gitea/tree/0d7cf7b76883b6bdba324e6f2f40ae69f6aa5977,https://github.com/go-gitea/gitea/compare/e7e6250ea8e31914f305d8401c413b1a586dd89c...0d7cf7b76883b6bdba324e6f2f40ae69f6aa5977
1035,Gitea,6aca9287a216b4d41c48469b1bbf6b61a438805a,8120c0c20c42f46d08356064c7f7fe96fafcfade,23466,https://github.com/go-gitea/gitea/issues/23466,https://github.com/go-gitea/gitea/tree/6aca9287a216b4d41c48469b1bbf6b61a438805a,https://github.com/go-gitea/gitea/tree/8120c0c20c42f46d08356064c7f7fe96fafcfade,https://github.com/go-gitea/gitea/compare/6aca9287a216b4d41c48469b1bbf6b61a438805a...8120c0c20c42f46d08356064c7f7fe96fafcfade
1036,Gitea,48f6805b0f9eaa18097ee649497199944c77a73f,d42015e6eb382058ad915a7a5a5789424bb53014,23534,https://github.com/go-gitea/gitea/issues/23534,https://github.com/go-gitea/gitea/tree/48f6805b0f9eaa18097ee649497199944c77a73f,https://github.com/go-gitea/gitea/tree/d42015e6eb382058ad915a7a5a5789424bb53014,https://github.com/go-gitea/gitea/compare/48f6805b0f9eaa18097ee649497199944c77a73f...d42015e6eb382058ad915a7a5a5789424bb53014
1037,Gitea,9be90a58754061171bbd5025d85d2b891364efd3,df411819ebe4d3e6852997ce41fadf837d5d4ea0,23622,https://github.com/go-gitea/gitea/issues/23622,https://github.com/go-gitea/gitea/tree/9be90a58754061171bbd5025d85d2b891364efd3,https://github.com/go-gitea/gitea/tree/df411819ebe4d3e6852997ce41fadf837d5d4ea0,https://github.com/go-gitea/gitea/compare/9be90a58754061171bbd5025d85d2b891364efd3...df411819ebe4d3e6852997ce41fadf837d5d4ea0
1038,Gitea,529bac1950adf4fb72433cb67f66b0eec49224fe,8f3aaef3747e8c656cfe2562996dc1806b4d8a0f,23274,https://github.com/go-gitea/gitea/issues/23274,https://github.com/go-gitea/gitea/tree/529bac1950adf4fb72433cb67f66b0eec49224fe,https://github.com/go-gitea/gitea/tree/8f3aaef3747e8c656cfe2562996dc1806b4d8a0f,https://github.com/go-gitea/gitea/compare/529bac1950adf4fb72433cb67f66b0eec49224fe...8f3aaef3747e8c656cfe2562996dc1806b4d8a0f
1039,Gitea,e8433b7fe6dd1dfa5ecf0633568cc3e34caeb0f9,378d6b849130b539d11a1317d630d4a632a191c5,23657,https://github.com/go-gitea/gitea/issues/23657,https://github.com/go-gitea/gitea/tree/e8433b7fe6dd1dfa5ecf0633568cc3e34caeb0f9,https://github.com/go-gitea/gitea/tree/378d6b849130b539d11a1317d630d4a632a191c5,https://github.com/go-gitea/gitea/compare/e8433b7fe6dd1dfa5ecf0633568cc3e34caeb0f9...378d6b849130b539d11a1317d630d4a632a191c5
1040,Gitea,aa3c67362182d4c11dffa44ab355b5fea2ab78f9,023e61e678dc353fa6c9b0299c37f48e98a3c7af,23674,https://github.com/go-gitea/gitea/issues/23674,https://github.com/go-gitea/gitea/tree/aa3c67362182d4c11dffa44ab355b5fea2ab78f9,https://github.com/go-gitea/gitea/tree/023e61e678dc353fa6c9b0299c37f48e98a3c7af,https://github.com/go-gitea/gitea/compare/aa3c67362182d4c11dffa44ab355b5fea2ab78f9...023e61e678dc353fa6c9b0299c37f48e98a3c7af
1041,Gitea,95818adb715eb234545889bf51331b80b18bb226,9cefb7be737c6564668d95d8a43b4425e9a03d13,23627,https://github.com/go-gitea/gitea/issues/23627,https://github.com/go-gitea/gitea/tree/95818adb715eb234545889bf51331b80b18bb226,https://github.com/go-gitea/gitea/tree/9cefb7be737c6564668d95d8a43b4425e9a03d13,https://github.com/go-gitea/gitea/compare/95818adb715eb234545889bf51331b80b18bb226...9cefb7be737c6564668d95d8a43b4425e9a03d13
1042,Gitea,a8c30a45fa49a3a551b1dca882960008c254bb3d,f83246edb263c039904ee9723f5dfc2a46f2259f,23587,https://github.com/go-gitea/gitea/issues/23587,https://github.com/go-gitea/gitea/tree/a8c30a45fa49a3a551b1dca882960008c254bb3d,https://github.com/go-gitea/gitea/tree/f83246edb263c039904ee9723f5dfc2a46f2259f,https://github.com/go-gitea/gitea/compare/a8c30a45fa49a3a551b1dca882960008c254bb3d...f83246edb263c039904ee9723f5dfc2a46f2259f
1043,Gitea,d02e83a2c3e0bd1bc1150c4ed976928d967ac3f5,87f0f7e670c6c0e6aeab8c4458bfdb9d954eacec,23645,https://github.com/go-gitea/gitea/issues/23645,https://github.com/go-gitea/gitea/tree/d02e83a2c3e0bd1bc1150c4ed976928d967ac3f5,https://github.com/go-gitea/gitea/tree/87f0f7e670c6c0e6aeab8c4458bfdb9d954eacec,https://github.com/go-gitea/gitea/compare/d02e83a2c3e0bd1bc1150c4ed976928d967ac3f5...87f0f7e670c6c0e6aeab8c4458bfdb9d954eacec
1044,Gitea,de5b368bca20122e374a81efcdf81caae5e33f2c,73b4010fcd93e921b626a6f51de7a148de276283,22692,https://github.com/go-gitea/gitea/issues/22692,https://github.com/go-gitea/gitea/tree/de5b368bca20122e374a81efcdf81caae5e33f2c,https://github.com/go-gitea/gitea/tree/73b4010fcd93e921b626a6f51de7a148de276283,https://github.com/go-gitea/gitea/compare/de5b368bca20122e374a81efcdf81caae5e33f2c...73b4010fcd93e921b626a6f51de7a148de276283
1045,Gitea,e52ea44edd99e6ec1c5567c78e663802cdf3cf91,b958dba1a0f84b986acdb82a6609d70d98140640,21611,https://github.com/go-gitea/gitea/issues/21611,https://github.com/go-gitea/gitea/tree/e52ea44edd99e6ec1c5567c78e663802cdf3cf91,https://github.com/go-gitea/gitea/tree/b958dba1a0f84b986acdb82a6609d70d98140640,https://github.com/go-gitea/gitea/compare/e52ea44edd99e6ec1c5567c78e663802cdf3cf91...b958dba1a0f84b986acdb82a6609d70d98140640
1046,Gitea,e57e1144c5ae7a2995e6818c6ae32139e563add7,3e8db31a5b5a7be731b19da4bd666b0ddc35bd31,23599,https://github.com/go-gitea/gitea/issues/23599,https://github.com/go-gitea/gitea/tree/e57e1144c5ae7a2995e6818c6ae32139e563add7,https://github.com/go-gitea/gitea/tree/3e8db31a5b5a7be731b19da4bd666b0ddc35bd31,https://github.com/go-gitea/gitea/compare/e57e1144c5ae7a2995e6818c6ae32139e563add7...3e8db31a5b5a7be731b19da4bd666b0ddc35bd31
1047,Gitea,71afbcafa9f8200af3f2e4848fad605116159c7f,35cb786ca1dd6d12963ac7067945065b271f36ad,23707,https://github.com/go-gitea/gitea/issues/23707,https://github.com/go-gitea/gitea/tree/71afbcafa9f8200af3f2e4848fad605116159c7f,https://github.com/go-gitea/gitea/tree/35cb786ca1dd6d12963ac7067945065b271f36ad,https://github.com/go-gitea/gitea/compare/71afbcafa9f8200af3f2e4848fad605116159c7f...35cb786ca1dd6d12963ac7067945065b271f36ad
1048,Gitea,06d9d9e40794db9cbb00cdc893dea86d694389ad,c20eb72285efd256b4725015202071fe67056071,23803,https://github.com/go-gitea/gitea/issues/23803,https://github.com/go-gitea/gitea/tree/06d9d9e40794db9cbb00cdc893dea86d694389ad,https://github.com/go-gitea/gitea/tree/c20eb72285efd256b4725015202071fe67056071,https://github.com/go-gitea/gitea/compare/06d9d9e40794db9cbb00cdc893dea86d694389ad...c20eb72285efd256b4725015202071fe67056071
1049,Gitea,6e58f8400e911e642957acb6d4b63111d98d3de7,78046e5137dfbcbe0398a33ae9fd48d7edb2912d,23838,https://github.com/go-gitea/gitea/issues/23838,https://github.com/go-gitea/gitea/tree/6e58f8400e911e642957acb6d4b63111d98d3de7,https://github.com/go-gitea/gitea/tree/78046e5137dfbcbe0398a33ae9fd48d7edb2912d,https://github.com/go-gitea/gitea/compare/6e58f8400e911e642957acb6d4b63111d98d3de7...78046e5137dfbcbe0398a33ae9fd48d7edb2912d
1050,Gitea,6e58f8400e911e642957acb6d4b63111d98d3de7,78046e5137dfbcbe0398a33ae9fd48d7edb2912d,23850,https://github.com/go-gitea/gitea/issues/23850,https://github.com/go-gitea/gitea/tree/6e58f8400e911e642957acb6d4b63111d98d3de7,https://github.com/go-gitea/gitea/tree/78046e5137dfbcbe0398a33ae9fd48d7edb2912d,https://github.com/go-gitea/gitea/compare/6e58f8400e911e642957acb6d4b63111d98d3de7...78046e5137dfbcbe0398a33ae9fd48d7edb2912d
1051,Gitea,c09eab54859f34247b9cf9278fa322f9ecfc6afa,ffd22697baa8c1e28c6acb8a424359b9c5c5a58e,23787,https://github.com/go-gitea/gitea/issues/23787,https://github.com/go-gitea/gitea/tree/c09eab54859f34247b9cf9278fa322f9ecfc6afa,https://github.com/go-gitea/gitea/tree/ffd22697baa8c1e28c6acb8a424359b9c5c5a58e,https://github.com/go-gitea/gitea/compare/c09eab54859f34247b9cf9278fa322f9ecfc6afa...ffd22697baa8c1e28c6acb8a424359b9c5c5a58e
1052,Gitea,f4538791f5fc82b173608fcf9c30e36ec01dc9d3,ed5e7d03c6c44666c6fe97a15e8ce33d223c4466,23615,https://github.com/go-gitea/gitea/issues/23615,https://github.com/go-gitea/gitea/tree/f4538791f5fc82b173608fcf9c30e36ec01dc9d3,https://github.com/go-gitea/gitea/tree/ed5e7d03c6c44666c6fe97a15e8ce33d223c4466,https://github.com/go-gitea/gitea/compare/f4538791f5fc82b173608fcf9c30e36ec01dc9d3...ed5e7d03c6c44666c6fe97a15e8ce33d223c4466
1053,Gitea,0ed62db213f3859ef757ad1d39d10c71937a87f7,bcc4c62b6c64513e960b96cc36d728ac28e03a21,23824,https://github.com/go-gitea/gitea/issues/23824,https://github.com/go-gitea/gitea/tree/0ed62db213f3859ef757ad1d39d10c71937a87f7,https://github.com/go-gitea/gitea/tree/bcc4c62b6c64513e960b96cc36d728ac28e03a21,https://github.com/go-gitea/gitea/compare/0ed62db213f3859ef757ad1d39d10c71937a87f7...bcc4c62b6c64513e960b96cc36d728ac28e03a21
1054,Gitea,9a30b2eafac10f68ee374c9b2ee4b020e33b170e,aa9c9209800e07127065ad296a9d1d4af883ae36,23680,https://github.com/go-gitea/gitea/issues/23680,https://github.com/go-gitea/gitea/tree/9a30b2eafac10f68ee374c9b2ee4b020e33b170e,https://github.com/go-gitea/gitea/tree/aa9c9209800e07127065ad296a9d1d4af883ae36,https://github.com/go-gitea/gitea/compare/9a30b2eafac10f68ee374c9b2ee4b020e33b170e...aa9c9209800e07127065ad296a9d1d4af883ae36
1055,Gitea,cb6ed84c4be5256badf5e99537ca304e2884a26e,5fc9929da7ca3e362506c8624bcfde4970141a5d,23872,https://github.com/go-gitea/gitea/issues/23872,https://github.com/go-gitea/gitea/tree/cb6ed84c4be5256badf5e99537ca304e2884a26e,https://github.com/go-gitea/gitea/tree/5fc9929da7ca3e362506c8624bcfde4970141a5d,https://github.com/go-gitea/gitea/compare/cb6ed84c4be5256badf5e99537ca304e2884a26e...5fc9929da7ca3e362506c8624bcfde4970141a5d
1056,Gitea,5ab1c7acecef981ab9f6ac43b245761efb0e8dbe,cb6ed84c4be5256badf5e99537ca304e2884a26e,23865,https://github.com/go-gitea/gitea/issues/23865,https://github.com/go-gitea/gitea/tree/5ab1c7acecef981ab9f6ac43b245761efb0e8dbe,https://github.com/go-gitea/gitea/tree/cb6ed84c4be5256badf5e99537ca304e2884a26e,https://github.com/go-gitea/gitea/compare/5ab1c7acecef981ab9f6ac43b245761efb0e8dbe...cb6ed84c4be5256badf5e99537ca304e2884a26e
1057,Gitea,62a9052075e6042be7b4af9502ba396871e557d3,d93f3222a5eb88fbc0f192c3bf3a0ebfd7ccc6c9,23818,https://github.com/go-gitea/gitea/issues/23818,https://github.com/go-gitea/gitea/tree/62a9052075e6042be7b4af9502ba396871e557d3,https://github.com/go-gitea/gitea/tree/d93f3222a5eb88fbc0f192c3bf3a0ebfd7ccc6c9,https://github.com/go-gitea/gitea/compare/62a9052075e6042be7b4af9502ba396871e557d3...d93f3222a5eb88fbc0f192c3bf3a0ebfd7ccc6c9
1058,Gitea,d5feb10aca0b309dce17a13255b4030f0a0cfe1b,288c2e8c48991e5e425fd5ffe1959f4b3d0b675a,23814,https://github.com/go-gitea/gitea/issues/23814,https://github.com/go-gitea/gitea/tree/d5feb10aca0b309dce17a13255b4030f0a0cfe1b,https://github.com/go-gitea/gitea/tree/288c2e8c48991e5e425fd5ffe1959f4b3d0b675a,https://github.com/go-gitea/gitea/compare/d5feb10aca0b309dce17a13255b4030f0a0cfe1b...288c2e8c48991e5e425fd5ffe1959f4b3d0b675a
1059,Gitea,d93f3222a5eb88fbc0f192c3bf3a0ebfd7ccc6c9,d149093ce3c32503b95c66208de6cb5861e4e666,22911,https://github.com/go-gitea/gitea/issues/22911,https://github.com/go-gitea/gitea/tree/d93f3222a5eb88fbc0f192c3bf3a0ebfd7ccc6c9,https://github.com/go-gitea/gitea/tree/d149093ce3c32503b95c66208de6cb5861e4e666,https://github.com/go-gitea/gitea/compare/d93f3222a5eb88fbc0f192c3bf3a0ebfd7ccc6c9...d149093ce3c32503b95c66208de6cb5861e4e666
1060,Gitea,6e346f84c1cd015edec9b491c05017cf29fe7c1e,e5dcd6aada56991feaab5054dfe7ea4d960946d4,23728,https://github.com/go-gitea/gitea/issues/23728,https://github.com/go-gitea/gitea/tree/6e346f84c1cd015edec9b491c05017cf29fe7c1e,https://github.com/go-gitea/gitea/tree/e5dcd6aada56991feaab5054dfe7ea4d960946d4,https://github.com/go-gitea/gitea/compare/6e346f84c1cd015edec9b491c05017cf29fe7c1e...e5dcd6aada56991feaab5054dfe7ea4d960946d4
1061,Gitea,ca5722a0fae6cc16dc99021176596970bbf29caf,88033438aa8214569913899a17b19b57bd609d97,22301,https://github.com/go-gitea/gitea/issues/22301,https://github.com/go-gitea/gitea/tree/ca5722a0fae6cc16dc99021176596970bbf29caf,https://github.com/go-gitea/gitea/tree/88033438aa8214569913899a17b19b57bd609d97,https://github.com/go-gitea/gitea/compare/ca5722a0fae6cc16dc99021176596970bbf29caf...88033438aa8214569913899a17b19b57bd609d97
1062,Gitea,d149093ce3c32503b95c66208de6cb5861e4e666,6b0df6d8da76d77a9b5c42dcfa78dbfe197fd56d,5666,https://github.com/go-gitea/gitea/issues/5666,https://github.com/go-gitea/gitea/tree/d149093ce3c32503b95c66208de6cb5861e4e666,https://github.com/go-gitea/gitea/tree/6b0df6d8da76d77a9b5c42dcfa78dbfe197fd56d,https://github.com/go-gitea/gitea/compare/d149093ce3c32503b95c66208de6cb5861e4e666...6b0df6d8da76d77a9b5c42dcfa78dbfe197fd56d
1063,Gitea,518d384346abeef833122b871411788b6d7f3ebe,3876f56c7b62ad07856719b9897d20a427711e0f,23943,https://github.com/go-gitea/gitea/issues/23943,https://github.com/go-gitea/gitea/tree/518d384346abeef833122b871411788b6d7f3ebe,https://github.com/go-gitea/gitea/tree/3876f56c7b62ad07856719b9897d20a427711e0f,https://github.com/go-gitea/gitea/compare/518d384346abeef833122b871411788b6d7f3ebe...3876f56c7b62ad07856719b9897d20a427711e0f
1064,Gitea,6148e38b8640f732be41e5cf12b9521e9aa51b17,17623bba0d62e1954031fadc019c3cd104cb5fb8,23919,https://github.com/go-gitea/gitea/issues/23919,https://github.com/go-gitea/gitea/tree/6148e38b8640f732be41e5cf12b9521e9aa51b17,https://github.com/go-gitea/gitea/tree/17623bba0d62e1954031fadc019c3cd104cb5fb8,https://github.com/go-gitea/gitea/compare/6148e38b8640f732be41e5cf12b9521e9aa51b17...17623bba0d62e1954031fadc019c3cd104cb5fb8
1065,Gitea,fdbd64611383f8b78dc76765f6edfa3e40a3a0bf,94fde46151eea73fb080fc24463291f3bdf3dbd0,24002,https://github.com/go-gitea/gitea/issues/24002,https://github.com/go-gitea/gitea/tree/fdbd64611383f8b78dc76765f6edfa3e40a3a0bf,https://github.com/go-gitea/gitea/tree/94fde46151eea73fb080fc24463291f3bdf3dbd0,https://github.com/go-gitea/gitea/compare/fdbd64611383f8b78dc76765f6edfa3e40a3a0bf...94fde46151eea73fb080fc24463291f3bdf3dbd0
1066,Gitea,950c93a66a684a84767e9e22a19953d1fc9b43b9,ed7245f997e980fe5daa9e0d298539bc5e62ac59,23809,https://github.com/go-gitea/gitea/issues/23809,https://github.com/go-gitea/gitea/tree/950c93a66a684a84767e9e22a19953d1fc9b43b9,https://github.com/go-gitea/gitea/tree/ed7245f997e980fe5daa9e0d298539bc5e62ac59,https://github.com/go-gitea/gitea/compare/950c93a66a684a84767e9e22a19953d1fc9b43b9...ed7245f997e980fe5daa9e0d298539bc5e62ac59
1067,Gitea,8f00979f732c976b75086f75ab7e776d2ee18771,b918a2c4fb62666d4f8bc1755f0dc5e1cdd94d53,23966,https://github.com/go-gitea/gitea/issues/23966,https://github.com/go-gitea/gitea/tree/8f00979f732c976b75086f75ab7e776d2ee18771,https://github.com/go-gitea/gitea/tree/b918a2c4fb62666d4f8bc1755f0dc5e1cdd94d53,https://github.com/go-gitea/gitea/compare/8f00979f732c976b75086f75ab7e776d2ee18771...b918a2c4fb62666d4f8bc1755f0dc5e1cdd94d53
1068,Gitea,94fde46151eea73fb080fc24463291f3bdf3dbd0,31ae81fe7071ce8e177e6ff047fc5293c547b30d,23980,https://github.com/go-gitea/gitea/issues/23980,https://github.com/go-gitea/gitea/tree/94fde46151eea73fb080fc24463291f3bdf3dbd0,https://github.com/go-gitea/gitea/tree/31ae81fe7071ce8e177e6ff047fc5293c547b30d,https://github.com/go-gitea/gitea/compare/94fde46151eea73fb080fc24463291f3bdf3dbd0...31ae81fe7071ce8e177e6ff047fc5293c547b30d
1069,Gitea,26a0cd7143cc933cee37ac87696eeda46b1ea437,97d5ec2aeb4a3718a5f27aa4ad608e1a0e3a94b4,23869,https://github.com/go-gitea/gitea/issues/23869,https://github.com/go-gitea/gitea/tree/26a0cd7143cc933cee37ac87696eeda46b1ea437,https://github.com/go-gitea/gitea/tree/97d5ec2aeb4a3718a5f27aa4ad608e1a0e3a94b4,https://github.com/go-gitea/gitea/compare/26a0cd7143cc933cee37ac87696eeda46b1ea437...97d5ec2aeb4a3718a5f27aa4ad608e1a0e3a94b4
1070,Gitea,88033438aa8214569913899a17b19b57bd609d97,ecf34fcd899fecad9782eea3097a4c38f9fe258b,23658,https://github.com/go-gitea/gitea/issues/23658,https://github.com/go-gitea/gitea/tree/88033438aa8214569913899a17b19b57bd609d97,https://github.com/go-gitea/gitea/tree/ecf34fcd899fecad9782eea3097a4c38f9fe258b,https://github.com/go-gitea/gitea/compare/88033438aa8214569913899a17b19b57bd609d97...ecf34fcd899fecad9782eea3097a4c38f9fe258b
1071,Gitea,d1517946b477ff3fccc284cfe83765ba65e87656,2f468381205f5f7e279791aa71e5288710a6476c,23979,https://github.com/go-gitea/gitea/issues/23979,https://github.com/go-gitea/gitea/tree/d1517946b477ff3fccc284cfe83765ba65e87656,https://github.com/go-gitea/gitea/tree/2f468381205f5f7e279791aa71e5288710a6476c,https://github.com/go-gitea/gitea/compare/d1517946b477ff3fccc284cfe83765ba65e87656...2f468381205f5f7e279791aa71e5288710a6476c
1072,Gitea,ce8a6be55d408414f3900bd0cddbc95b9dd2408e,fd9d072af1ea141c96bb1cf363caf96e685217e6,23998,https://github.com/go-gitea/gitea/issues/23998,https://github.com/go-gitea/gitea/tree/ce8a6be55d408414f3900bd0cddbc95b9dd2408e,https://github.com/go-gitea/gitea/tree/fd9d072af1ea141c96bb1cf363caf96e685217e6,https://github.com/go-gitea/gitea/compare/ce8a6be55d408414f3900bd0cddbc95b9dd2408e...fd9d072af1ea141c96bb1cf363caf96e685217e6
1073,Gitea,60fb63ba0847e19d8923241733fc7a6c30c3b0b6,0536712ee7e9592a503bf3057e7203173076872a,24044,https://github.com/go-gitea/gitea/issues/24044,https://github.com/go-gitea/gitea/tree/60fb63ba0847e19d8923241733fc7a6c30c3b0b6,https://github.com/go-gitea/gitea/tree/0536712ee7e9592a503bf3057e7203173076872a,https://github.com/go-gitea/gitea/compare/60fb63ba0847e19d8923241733fc7a6c30c3b0b6...0536712ee7e9592a503bf3057e7203173076872a
1074,Gitea,e03e827dcb27a4cd34dd4f9da96ec8d15aaa5c5a,42919ccb7cd32ab67d0878baf2bac6cd007899a8,10919,https://github.com/go-gitea/gitea/issues/10919,https://github.com/go-gitea/gitea/tree/e03e827dcb27a4cd34dd4f9da96ec8d15aaa5c5a,https://github.com/go-gitea/gitea/tree/42919ccb7cd32ab67d0878baf2bac6cd007899a8,https://github.com/go-gitea/gitea/compare/e03e827dcb27a4cd34dd4f9da96ec8d15aaa5c5a...42919ccb7cd32ab67d0878baf2bac6cd007899a8
1075,Gitea,ef7fd781f5f5f5812a8a947845afac7a1dba4886,7a8a4f54321f208ebbb0f708a5f0e49c4cd4cc04,23363,https://github.com/go-gitea/gitea/issues/23363,https://github.com/go-gitea/gitea/tree/ef7fd781f5f5f5812a8a947845afac7a1dba4886,https://github.com/go-gitea/gitea/tree/7a8a4f54321f208ebbb0f708a5f0e49c4cd4cc04,https://github.com/go-gitea/gitea/compare/ef7fd781f5f5f5812a8a947845afac7a1dba4886...7a8a4f54321f208ebbb0f708a5f0e49c4cd4cc04
1076,Gitea,f82ee300977e60a59f028fa124ae30b14f03a006,2979041bc5beca760d30b965e60f41a3484f55b7,24167,https://github.com/go-gitea/gitea/issues/24167,https://github.com/go-gitea/gitea/tree/f82ee300977e60a59f028fa124ae30b14f03a006,https://github.com/go-gitea/gitea/tree/2979041bc5beca760d30b965e60f41a3484f55b7,https://github.com/go-gitea/gitea/compare/f82ee300977e60a59f028fa124ae30b14f03a006...2979041bc5beca760d30b965e60f41a3484f55b7
1077,Gitea,5768bafeb28e4e4212ae0e2abc7f22c9c8b7c653,1c8bc4081a4f4d0d921ac218cb724ce97924d410,24104,https://github.com/go-gitea/gitea/issues/24104,https://github.com/go-gitea/gitea/tree/5768bafeb28e4e4212ae0e2abc7f22c9c8b7c653,https://github.com/go-gitea/gitea/tree/1c8bc4081a4f4d0d921ac218cb724ce97924d410,https://github.com/go-gitea/gitea/compare/5768bafeb28e4e4212ae0e2abc7f22c9c8b7c653...1c8bc4081a4f4d0d921ac218cb724ce97924d410
1078,Gitea,da6e9f63df7411ecbe630178fd4bb694e537c453,bfecf3bd89e00f8ecae782087182e1952076c9af,23738,https://github.com/go-gitea/gitea/issues/23738,https://github.com/go-gitea/gitea/tree/da6e9f63df7411ecbe630178fd4bb694e537c453,https://github.com/go-gitea/gitea/tree/bfecf3bd89e00f8ecae782087182e1952076c9af,https://github.com/go-gitea/gitea/compare/da6e9f63df7411ecbe630178fd4bb694e537c453...bfecf3bd89e00f8ecae782087182e1952076c9af
1079,Gitea,92e07f270aa925d518b13686f78befb63da0a747,de2268ffab922de67f51e98541d0f9078795ac5d,24195,https://github.com/go-gitea/gitea/issues/24195,https://github.com/go-gitea/gitea/tree/92e07f270aa925d518b13686f78befb63da0a747,https://github.com/go-gitea/gitea/tree/de2268ffab922de67f51e98541d0f9078795ac5d,https://github.com/go-gitea/gitea/compare/92e07f270aa925d518b13686f78befb63da0a747...de2268ffab922de67f51e98541d0f9078795ac5d
1080,Gitea,722dab5286a001a0bd367d42258a8613a944e1c1,6793ef00692aee3d73d5e37ded0b8cff6b4c1029,24108,https://github.com/go-gitea/gitea/issues/24108,https://github.com/go-gitea/gitea/tree/722dab5286a001a0bd367d42258a8613a944e1c1,https://github.com/go-gitea/gitea/tree/6793ef00692aee3d73d5e37ded0b8cff6b4c1029,https://github.com/go-gitea/gitea/compare/722dab5286a001a0bd367d42258a8613a944e1c1...6793ef00692aee3d73d5e37ded0b8cff6b4c1029
1081,Gitea,949ba4894b1237490d872277fc48d2a1fdc26562,cb19772d6a2a86d556f350d42758a9d64db1b402,24159,https://github.com/go-gitea/gitea/issues/24159,https://github.com/go-gitea/gitea/tree/949ba4894b1237490d872277fc48d2a1fdc26562,https://github.com/go-gitea/gitea/tree/cb19772d6a2a86d556f350d42758a9d64db1b402,https://github.com/go-gitea/gitea/compare/949ba4894b1237490d872277fc48d2a1fdc26562...cb19772d6a2a86d556f350d42758a9d64db1b402
1082,Gitea,b7221bec34fd49495234a18c26e4f5d81483e102,5b9557aef59b190c55de9ea218bf51152bc04786,24062,https://github.com/go-gitea/gitea/issues/24062,https://github.com/go-gitea/gitea/tree/b7221bec34fd49495234a18c26e4f5d81483e102,https://github.com/go-gitea/gitea/tree/5b9557aef59b190c55de9ea218bf51152bc04786,https://github.com/go-gitea/gitea/compare/b7221bec34fd49495234a18c26e4f5d81483e102...5b9557aef59b190c55de9ea218bf51152bc04786
1083,Gitea,5fcf328a8d825102a77cfc79b53ce7948d41bf33,5e7543fcf441afb30aba6188edac754ef32b9ac3,24020,https://github.com/go-gitea/gitea/issues/24020,https://github.com/go-gitea/gitea/tree/5fcf328a8d825102a77cfc79b53ce7948d41bf33,https://github.com/go-gitea/gitea/tree/5e7543fcf441afb30aba6188edac754ef32b9ac3,https://github.com/go-gitea/gitea/compare/5fcf328a8d825102a77cfc79b53ce7948d41bf33...5e7543fcf441afb30aba6188edac754ef32b9ac3
1084,Gitea,f30cc9faa93935f5afb7a38354e5381d5e8825bf,15d6638c155fabcfed5a24d87f84bc1902774ce1,24165,https://github.com/go-gitea/gitea/issues/24165,https://github.com/go-gitea/gitea/tree/f30cc9faa93935f5afb7a38354e5381d5e8825bf,https://github.com/go-gitea/gitea/tree/15d6638c155fabcfed5a24d87f84bc1902774ce1,https://github.com/go-gitea/gitea/compare/f30cc9faa93935f5afb7a38354e5381d5e8825bf...15d6638c155fabcfed5a24d87f84bc1902774ce1
1085,Gitea,fb32b4c5340a1b5934e2a5164b0847265167b8b8,7447b39de71bb2dc6a6565c89b2760a373707d2a,24249,https://github.com/go-gitea/gitea/issues/24249,https://github.com/go-gitea/gitea/tree/fb32b4c5340a1b5934e2a5164b0847265167b8b8,https://github.com/go-gitea/gitea/tree/7447b39de71bb2dc6a6565c89b2760a373707d2a,https://github.com/go-gitea/gitea/compare/fb32b4c5340a1b5934e2a5164b0847265167b8b8...7447b39de71bb2dc6a6565c89b2760a373707d2a
1086,Gitea,5eb4c6386709259a9280c5aad6e0488f381144c5,f045e58cc7ba076a0ac4b0b5bf0702fa155eaa59,10669,https://github.com/go-gitea/gitea/issues/10669,https://github.com/go-gitea/gitea/tree/5eb4c6386709259a9280c5aad6e0488f381144c5,https://github.com/go-gitea/gitea/tree/f045e58cc7ba076a0ac4b0b5bf0702fa155eaa59,https://github.com/go-gitea/gitea/compare/5eb4c6386709259a9280c5aad6e0488f381144c5...f045e58cc7ba076a0ac4b0b5bf0702fa155eaa59
1087,Gitea,07aaa145dc44e822b566ac5854ea4bd0a9194622,20a3b03fe57bebca3c30bf5a39cad62ad1ae4ed9,24305,https://github.com/go-gitea/gitea/issues/24305,https://github.com/go-gitea/gitea/tree/07aaa145dc44e822b566ac5854ea4bd0a9194622,https://github.com/go-gitea/gitea/tree/20a3b03fe57bebca3c30bf5a39cad62ad1ae4ed9,https://github.com/go-gitea/gitea/compare/07aaa145dc44e822b566ac5854ea4bd0a9194622...20a3b03fe57bebca3c30bf5a39cad62ad1ae4ed9
1088,Gitea,fe007b65bd78980f4740aa60845be90e2a08c778,8cc60ee01a6af4e1691fc49252ce2c79efd320dc,24128,https://github.com/go-gitea/gitea/issues/24128,https://github.com/go-gitea/gitea/tree/fe007b65bd78980f4740aa60845be90e2a08c778,https://github.com/go-gitea/gitea/tree/8cc60ee01a6af4e1691fc49252ce2c79efd320dc,https://github.com/go-gitea/gitea/compare/fe007b65bd78980f4740aa60845be90e2a08c778...8cc60ee01a6af4e1691fc49252ce2c79efd320dc
1089,Gitea,ab42c139a246be8905bae2e87a41aef9ecbe06f7,f16b66898091b3f375cbd3e2796fd87d9c5ca10b,24226,https://github.com/go-gitea/gitea/issues/24226,https://github.com/go-gitea/gitea/tree/ab42c139a246be8905bae2e87a41aef9ecbe06f7,https://github.com/go-gitea/gitea/tree/f16b66898091b3f375cbd3e2796fd87d9c5ca10b,https://github.com/go-gitea/gitea/compare/ab42c139a246be8905bae2e87a41aef9ecbe06f7...f16b66898091b3f375cbd3e2796fd87d9c5ca10b
1090,Gitea,a319da0688763df662f5ef71684c8e9101803dbb,9c33cbd3441fc866c3056d53b62c5420588a538a,23318,https://github.com/go-gitea/gitea/issues/23318,https://github.com/go-gitea/gitea/tree/a319da0688763df662f5ef71684c8e9101803dbb,https://github.com/go-gitea/gitea/tree/9c33cbd3441fc866c3056d53b62c5420588a538a,https://github.com/go-gitea/gitea/compare/a319da0688763df662f5ef71684c8e9101803dbb...9c33cbd3441fc866c3056d53b62c5420588a538a
1091,Gitea,55a600fa4130b2708464be1c024c22ff46e6d4c0,284b41f45244bbe46fc8feee15bbfdf66d150e79,24125,https://github.com/go-gitea/gitea/issues/24125,https://github.com/go-gitea/gitea/tree/55a600fa4130b2708464be1c024c22ff46e6d4c0,https://github.com/go-gitea/gitea/tree/284b41f45244bbe46fc8feee15bbfdf66d150e79,https://github.com/go-gitea/gitea/compare/55a600fa4130b2708464be1c024c22ff46e6d4c0...284b41f45244bbe46fc8feee15bbfdf66d150e79
1092,Gitea,5cf7da63ee74939595b8800787dcdb4c7290fa4f,30c1cd97758592e20b6ecb3462da0f0289622828,23427,https://github.com/go-gitea/gitea/issues/23427,https://github.com/go-gitea/gitea/tree/5cf7da63ee74939595b8800787dcdb4c7290fa4f,https://github.com/go-gitea/gitea/tree/30c1cd97758592e20b6ecb3462da0f0289622828,https://github.com/go-gitea/gitea/compare/5cf7da63ee74939595b8800787dcdb4c7290fa4f...30c1cd97758592e20b6ecb3462da0f0289622828
1093,Gitea,59d060622d375c4123ea88e2fa6c4f34d4fea4d3,f2f0fb43e04c577d001da453f994d232505f3e6b,24324,https://github.com/go-gitea/gitea/issues/24324,https://github.com/go-gitea/gitea/tree/59d060622d375c4123ea88e2fa6c4f34d4fea4d3,https://github.com/go-gitea/gitea/tree/f2f0fb43e04c577d001da453f994d232505f3e6b,https://github.com/go-gitea/gitea/compare/59d060622d375c4123ea88e2fa6c4f34d4fea4d3...f2f0fb43e04c577d001da453f994d232505f3e6b
1094,Gitea,30c1cd97758592e20b6ecb3462da0f0289622828,d5e93413bcd7d34af4371136bb6d97c7eb393123,23949,https://github.com/go-gitea/gitea/issues/23949,https://github.com/go-gitea/gitea/tree/30c1cd97758592e20b6ecb3462da0f0289622828,https://github.com/go-gitea/gitea/tree/d5e93413bcd7d34af4371136bb6d97c7eb393123,https://github.com/go-gitea/gitea/compare/30c1cd97758592e20b6ecb3462da0f0289622828...d5e93413bcd7d34af4371136bb6d97c7eb393123
1095,Gitea,1c875ef5bef206b8214c33437f65af929967df46,92fd3fc4fd369b6a8c0a022a32a80dec2340223a,24176,https://github.com/go-gitea/gitea/issues/24176,https://github.com/go-gitea/gitea/tree/1c875ef5bef206b8214c33437f65af929967df46,https://github.com/go-gitea/gitea/tree/92fd3fc4fd369b6a8c0a022a32a80dec2340223a,https://github.com/go-gitea/gitea/compare/1c875ef5bef206b8214c33437f65af929967df46...92fd3fc4fd369b6a8c0a022a32a80dec2340223a
1096,Gitea,cb19772d6a2a86d556f350d42758a9d64db1b402,13d1d2764cc1f813f7fc991ba988c1e700fd0f44,24237,https://github.com/go-gitea/gitea/issues/24237,https://github.com/go-gitea/gitea/tree/cb19772d6a2a86d556f350d42758a9d64db1b402,https://github.com/go-gitea/gitea/tree/13d1d2764cc1f813f7fc991ba988c1e700fd0f44,https://github.com/go-gitea/gitea/compare/cb19772d6a2a86d556f350d42758a9d64db1b402...13d1d2764cc1f813f7fc991ba988c1e700fd0f44
1097,Gitea,72e956b79a3b2e055bb5d4d5e20e88eaa2eeec96,5a5ab8ef5ac5fbdb893707933f06ff6bcd8e834a,24296,https://github.com/go-gitea/gitea/issues/24296,https://github.com/go-gitea/gitea/tree/72e956b79a3b2e055bb5d4d5e20e88eaa2eeec96,https://github.com/go-gitea/gitea/tree/5a5ab8ef5ac5fbdb893707933f06ff6bcd8e834a,https://github.com/go-gitea/gitea/compare/72e956b79a3b2e055bb5d4d5e20e88eaa2eeec96...5a5ab8ef5ac5fbdb893707933f06ff6bcd8e834a
1098,Gitea,e3750370df3be1413b1526668cbee60dc2a39f03,3f0651d4d61d62a16e1bb672056014ab02db5746,11924,https://github.com/go-gitea/gitea/issues/11924,https://github.com/go-gitea/gitea/tree/e3750370df3be1413b1526668cbee60dc2a39f03,https://github.com/go-gitea/gitea/tree/3f0651d4d61d62a16e1bb672056014ab02db5746,https://github.com/go-gitea/gitea/compare/e3750370df3be1413b1526668cbee60dc2a39f03...3f0651d4d61d62a16e1bb672056014ab02db5746
1099,Gitea,e3750370df3be1413b1526668cbee60dc2a39f03,3f0651d4d61d62a16e1bb672056014ab02db5746,22411,https://github.com/go-gitea/gitea/issues/22411,https://github.com/go-gitea/gitea/tree/e3750370df3be1413b1526668cbee60dc2a39f03,https://github.com/go-gitea/gitea/tree/3f0651d4d61d62a16e1bb672056014ab02db5746,https://github.com/go-gitea/gitea/compare/e3750370df3be1413b1526668cbee60dc2a39f03...3f0651d4d61d62a16e1bb672056014ab02db5746
1100,Gitea,cc64a925602d54f3439dd19f16b5280bd0377a7a,a18919bba6e7f56572b782ce00285960accbde87,24418,https://github.com/go-gitea/gitea/issues/24418,https://github.com/go-gitea/gitea/tree/cc64a925602d54f3439dd19f16b5280bd0377a7a,https://github.com/go-gitea/gitea/tree/a18919bba6e7f56572b782ce00285960accbde87,https://github.com/go-gitea/gitea/compare/cc64a925602d54f3439dd19f16b5280bd0377a7a...a18919bba6e7f56572b782ce00285960accbde87
1101,Gitea,bb25f85ce8f559fa3e9f462ad1027b5b5a8e2da3,ad03c6e0a36033c6f59262d8cfd6416ae3cc93d6,22624,https://github.com/go-gitea/gitea/issues/22624,https://github.com/go-gitea/gitea/tree/bb25f85ce8f559fa3e9f462ad1027b5b5a8e2da3,https://github.com/go-gitea/gitea/tree/ad03c6e0a36033c6f59262d8cfd6416ae3cc93d6,https://github.com/go-gitea/gitea/compare/bb25f85ce8f559fa3e9f462ad1027b5b5a8e2da3...ad03c6e0a36033c6f59262d8cfd6416ae3cc93d6
1102,Gitea,b1cee3fa3bbe9e54c3ced95fa9a38caa5b3494b9,55a57177600028ba8e4a480a08f1ee4d69d219d6,23617,https://github.com/go-gitea/gitea/issues/23617,https://github.com/go-gitea/gitea/tree/b1cee3fa3bbe9e54c3ced95fa9a38caa5b3494b9,https://github.com/go-gitea/gitea/tree/55a57177600028ba8e4a480a08f1ee4d69d219d6,https://github.com/go-gitea/gitea/compare/b1cee3fa3bbe9e54c3ced95fa9a38caa5b3494b9...55a57177600028ba8e4a480a08f1ee4d69d219d6
1103,Gitea,78fdbaf186ce629ff9252dd457f00ae1e0d485cf,27a569609cea26b8da98692b235949ea0ccf78ed,24458,https://github.com/go-gitea/gitea/issues/24458,https://github.com/go-gitea/gitea/tree/78fdbaf186ce629ff9252dd457f00ae1e0d485cf,https://github.com/go-gitea/gitea/tree/27a569609cea26b8da98692b235949ea0ccf78ed,https://github.com/go-gitea/gitea/compare/78fdbaf186ce629ff9252dd457f00ae1e0d485cf...27a569609cea26b8da98692b235949ea0ccf78ed
1104,Gitea,81d6007055bdd6f5d5559b54174f8f3f94253003,421840486f4f09ed3bcab98472e58d357853aae6,24534,https://github.com/go-gitea/gitea/issues/24534,https://github.com/go-gitea/gitea/tree/81d6007055bdd6f5d5559b54174f8f3f94253003,https://github.com/go-gitea/gitea/tree/421840486f4f09ed3bcab98472e58d357853aae6,https://github.com/go-gitea/gitea/compare/81d6007055bdd6f5d5559b54174f8f3f94253003...421840486f4f09ed3bcab98472e58d357853aae6
1105,Gitea,4a722c9a45659e7732258397bbb3dd1039ea1952,dbb37367854d108ebfffcac27837c0afac199a8e,24414,https://github.com/go-gitea/gitea/issues/24414,https://github.com/go-gitea/gitea/tree/4a722c9a45659e7732258397bbb3dd1039ea1952,https://github.com/go-gitea/gitea/tree/dbb37367854d108ebfffcac27837c0afac199a8e,https://github.com/go-gitea/gitea/compare/4a722c9a45659e7732258397bbb3dd1039ea1952...dbb37367854d108ebfffcac27837c0afac199a8e
1106,Gitea,a1cd455c85678570e0f1b56065b1c1b9781eca7c,a866cb0cb92a2308a83bae549e3832fcf2c4548b,24449,https://github.com/go-gitea/gitea/issues/24449,https://github.com/go-gitea/gitea/tree/a1cd455c85678570e0f1b56065b1c1b9781eca7c,https://github.com/go-gitea/gitea/tree/a866cb0cb92a2308a83bae549e3832fcf2c4548b,https://github.com/go-gitea/gitea/compare/a1cd455c85678570e0f1b56065b1c1b9781eca7c...a866cb0cb92a2308a83bae549e3832fcf2c4548b
1107,Gitea,df9a62b5f9fdfd4f8719761c52d09533288a3b3a,8f57aa014b5642bcd33a6b22492df3c63f03d808,24185,https://github.com/go-gitea/gitea/issues/24185,https://github.com/go-gitea/gitea/tree/df9a62b5f9fdfd4f8719761c52d09533288a3b3a,https://github.com/go-gitea/gitea/tree/8f57aa014b5642bcd33a6b22492df3c63f03d808,https://github.com/go-gitea/gitea/compare/df9a62b5f9fdfd4f8719761c52d09533288a3b3a...8f57aa014b5642bcd33a6b22492df3c63f03d808
1108,Gitea,58caf422e67c78f87327bc9b00f89083a2432940,f1a4330306a21a1b53aaa744ec5749a52135c807,24302,https://github.com/go-gitea/gitea/issues/24302,https://github.com/go-gitea/gitea/tree/58caf422e67c78f87327bc9b00f89083a2432940,https://github.com/go-gitea/gitea/tree/f1a4330306a21a1b53aaa744ec5749a52135c807,https://github.com/go-gitea/gitea/compare/58caf422e67c78f87327bc9b00f89083a2432940...f1a4330306a21a1b53aaa744ec5749a52135c807
1109,Gitea,1bd277223571c12dc57dd86e50d14f81a273b9cc,ce16ff6219d718000b04fdccdcedf12727795c7b,24460,https://github.com/go-gitea/gitea/issues/24460,https://github.com/go-gitea/gitea/tree/1bd277223571c12dc57dd86e50d14f81a273b9cc,https://github.com/go-gitea/gitea/tree/ce16ff6219d718000b04fdccdcedf12727795c7b,https://github.com/go-gitea/gitea/compare/1bd277223571c12dc57dd86e50d14f81a273b9cc...ce16ff6219d718000b04fdccdcedf12727795c7b
1110,Gitea,d5b2bf9044caad9fb473312c4816f6c6caad4698,2ee72d011fa05852ba4117a8b849fde32cbd54e7,22954,https://github.com/go-gitea/gitea/issues/22954,https://github.com/go-gitea/gitea/tree/d5b2bf9044caad9fb473312c4816f6c6caad4698,https://github.com/go-gitea/gitea/tree/2ee72d011fa05852ba4117a8b849fde32cbd54e7,https://github.com/go-gitea/gitea/compare/d5b2bf9044caad9fb473312c4816f6c6caad4698...2ee72d011fa05852ba4117a8b849fde32cbd54e7
1111,Gitea,5930ab5fdf7a970fcca3cd50b44cf1cacb615a54,8030614386b5d3fa02dc294446a344d274b04a26,24145,https://github.com/go-gitea/gitea/issues/24145,https://github.com/go-gitea/gitea/tree/5930ab5fdf7a970fcca3cd50b44cf1cacb615a54,https://github.com/go-gitea/gitea/tree/8030614386b5d3fa02dc294446a344d274b04a26,https://github.com/go-gitea/gitea/compare/5930ab5fdf7a970fcca3cd50b44cf1cacb615a54...8030614386b5d3fa02dc294446a344d274b04a26
1112,Gitea,80765aab8c71219ffd32689b3d15558157c25b85,e962ade99cfd0471273f3dcf956c7cd222472758,24213,https://github.com/go-gitea/gitea/issues/24213,https://github.com/go-gitea/gitea/tree/80765aab8c71219ffd32689b3d15558157c25b85,https://github.com/go-gitea/gitea/tree/e962ade99cfd0471273f3dcf956c7cd222472758,https://github.com/go-gitea/gitea/compare/80765aab8c71219ffd32689b3d15558157c25b85...e962ade99cfd0471273f3dcf956c7cd222472758
1113,Gitea,c355728a6fdfb35bc53e283d4447da098f39e3a2,cf1a7b08eb5d453b42f450c7aaf71e634cab71ed,23711,https://github.com/go-gitea/gitea/issues/23711,https://github.com/go-gitea/gitea/tree/c355728a6fdfb35bc53e283d4447da098f39e3a2,https://github.com/go-gitea/gitea/tree/cf1a7b08eb5d453b42f450c7aaf71e634cab71ed,https://github.com/go-gitea/gitea/compare/c355728a6fdfb35bc53e283d4447da098f39e3a2...cf1a7b08eb5d453b42f450c7aaf71e634cab71ed
1114,Gitea,3d266dd0f3dbae7e417c0e790e266aebc0078814,9ad5b59cd977e406fe78c6bf38e3698fc4907007,24578,https://github.com/go-gitea/gitea/issues/24578,https://github.com/go-gitea/gitea/tree/3d266dd0f3dbae7e417c0e790e266aebc0078814,https://github.com/go-gitea/gitea/tree/9ad5b59cd977e406fe78c6bf38e3698fc4907007,https://github.com/go-gitea/gitea/compare/3d266dd0f3dbae7e417c0e790e266aebc0078814...9ad5b59cd977e406fe78c6bf38e3698fc4907007
1115,Gitea,a54c8b4ce900caee7b41b813c7c728e57618fd95,3d9ed62f4aee91f5281c6ff47053d6ecafe3fd9b,24624,https://github.com/go-gitea/gitea/issues/24624,https://github.com/go-gitea/gitea/tree/a54c8b4ce900caee7b41b813c7c728e57618fd95,https://github.com/go-gitea/gitea/tree/3d9ed62f4aee91f5281c6ff47053d6ecafe3fd9b,https://github.com/go-gitea/gitea/compare/a54c8b4ce900caee7b41b813c7c728e57618fd95...3d9ed62f4aee91f5281c6ff47053d6ecafe3fd9b
1116,Gitea,291c86804699ca00c937bfa58f3ee6a3263ea5ae,bc888e5f9261d7d9eea2de88f7a803afffb8ded0,24555,https://github.com/go-gitea/gitea/issues/24555,https://github.com/go-gitea/gitea/tree/291c86804699ca00c937bfa58f3ee6a3263ea5ae,https://github.com/go-gitea/gitea/tree/bc888e5f9261d7d9eea2de88f7a803afffb8ded0,https://github.com/go-gitea/gitea/compare/291c86804699ca00c937bfa58f3ee6a3263ea5ae...bc888e5f9261d7d9eea2de88f7a803afffb8ded0
1117,Gitea,f6e029e6c7849d4361abf7f1d749b5d528364ac4,365bb77a5497d492836bf823cf780c823db27e8c,24651,https://github.com/go-gitea/gitea/issues/24651,https://github.com/go-gitea/gitea/tree/f6e029e6c7849d4361abf7f1d749b5d528364ac4,https://github.com/go-gitea/gitea/tree/365bb77a5497d492836bf823cf780c823db27e8c,https://github.com/go-gitea/gitea/compare/f6e029e6c7849d4361abf7f1d749b5d528364ac4...365bb77a5497d492836bf823cf780c823db27e8c
1118,Gitea,58dfaf3a75a097088376a9c221784b3675ac9c48,f6e029e6c7849d4361abf7f1d749b5d528364ac4,12845,https://github.com/go-gitea/gitea/issues/12845,https://github.com/go-gitea/gitea/tree/58dfaf3a75a097088376a9c221784b3675ac9c48,https://github.com/go-gitea/gitea/tree/f6e029e6c7849d4361abf7f1d749b5d528364ac4,https://github.com/go-gitea/gitea/compare/58dfaf3a75a097088376a9c221784b3675ac9c48...f6e029e6c7849d4361abf7f1d749b5d528364ac4
1119,Gitea,542adf50d5007ec85a54843c33c716b68371f341,9f1d377b87771ce2ef76caeef0aa649e768a24d7,20868,https://github.com/go-gitea/gitea/issues/20868,https://github.com/go-gitea/gitea/tree/542adf50d5007ec85a54843c33c716b68371f341,https://github.com/go-gitea/gitea/tree/9f1d377b87771ce2ef76caeef0aa649e768a24d7,https://github.com/go-gitea/gitea/compare/542adf50d5007ec85a54843c33c716b68371f341...9f1d377b87771ce2ef76caeef0aa649e768a24d7
1120,Gitea,8030614386b5d3fa02dc294446a344d274b04a26,29637b03b2976580613550aef878cc31139c3abf,21324,https://github.com/go-gitea/gitea/issues/21324,https://github.com/go-gitea/gitea/tree/8030614386b5d3fa02dc294446a344d274b04a26,https://github.com/go-gitea/gitea/tree/29637b03b2976580613550aef878cc31139c3abf,https://github.com/go-gitea/gitea/compare/8030614386b5d3fa02dc294446a344d274b04a26...29637b03b2976580613550aef878cc31139c3abf
1121,Gitea,30d922226778a469f01bbb1b933e65428f9266df,d81659d03947ac4533099089c5f442437e1d6887,24721,https://github.com/go-gitea/gitea/issues/24721,https://github.com/go-gitea/gitea/tree/30d922226778a469f01bbb1b933e65428f9266df,https://github.com/go-gitea/gitea/tree/d81659d03947ac4533099089c5f442437e1d6887,https://github.com/go-gitea/gitea/compare/30d922226778a469f01bbb1b933e65428f9266df...d81659d03947ac4533099089c5f442437e1d6887
1122,Gitea,584c0789fa72f5e21167ba5f1370b7918e604247,0a3c4d4a595cc7e12462dde393ed64186260f26b,24747,https://github.com/go-gitea/gitea/issues/24747,https://github.com/go-gitea/gitea/tree/584c0789fa72f5e21167ba5f1370b7918e604247,https://github.com/go-gitea/gitea/tree/0a3c4d4a595cc7e12462dde393ed64186260f26b,https://github.com/go-gitea/gitea/compare/584c0789fa72f5e21167ba5f1370b7918e604247...0a3c4d4a595cc7e12462dde393ed64186260f26b
1123,Gitea,49808136c5af5946851c5486d4630482d79eff8b,4b808133414e39348f56d691883426947bf2d322,12192,https://github.com/go-gitea/gitea/issues/12192,https://github.com/go-gitea/gitea/tree/49808136c5af5946851c5486d4630482d79eff8b,https://github.com/go-gitea/gitea/tree/4b808133414e39348f56d691883426947bf2d322,https://github.com/go-gitea/gitea/compare/49808136c5af5946851c5486d4630482d79eff8b...4b808133414e39348f56d691883426947bf2d322
1124,Gitea,65dff8e36459a7852c40ebb4732a598ddb9bf915,4647660776436f0a83129b4ceb8426b1fb0599bb,12082,https://github.com/go-gitea/gitea/issues/12082,https://github.com/go-gitea/gitea/tree/65dff8e36459a7852c40ebb4732a598ddb9bf915,https://github.com/go-gitea/gitea/tree/4647660776436f0a83129b4ceb8426b1fb0599bb,https://github.com/go-gitea/gitea/compare/65dff8e36459a7852c40ebb4732a598ddb9bf915...4647660776436f0a83129b4ceb8426b1fb0599bb
1125,Gitea,1dfaf83798e1ea4b994fb13924fffe403f8e2e11,edd8ea0b0d07f7fee0f8cf506975c8f3bec690ca,24820,https://github.com/go-gitea/gitea/issues/24820,https://github.com/go-gitea/gitea/tree/1dfaf83798e1ea4b994fb13924fffe403f8e2e11,https://github.com/go-gitea/gitea/tree/edd8ea0b0d07f7fee0f8cf506975c8f3bec690ca,https://github.com/go-gitea/gitea/compare/1dfaf83798e1ea4b994fb13924fffe403f8e2e11...edd8ea0b0d07f7fee0f8cf506975c8f3bec690ca
1126,Gitea,9f1d377b87771ce2ef76caeef0aa649e768a24d7,82224c54e0488738dbd3b7eccf56ab08b6790627,8972,https://github.com/go-gitea/gitea/issues/8972,https://github.com/go-gitea/gitea/tree/9f1d377b87771ce2ef76caeef0aa649e768a24d7,https://github.com/go-gitea/gitea/tree/82224c54e0488738dbd3b7eccf56ab08b6790627,https://github.com/go-gitea/gitea/compare/9f1d377b87771ce2ef76caeef0aa649e768a24d7...82224c54e0488738dbd3b7eccf56ab08b6790627
1127,Gitea,a94a8d0ab1f6c9d63ae607dfec866c47ae3e4b5c,542adf50d5007ec85a54843c33c716b68371f341,20399,https://github.com/go-gitea/gitea/issues/20399,https://github.com/go-gitea/gitea/tree/a94a8d0ab1f6c9d63ae607dfec866c47ae3e4b5c,https://github.com/go-gitea/gitea/tree/542adf50d5007ec85a54843c33c716b68371f341,https://github.com/go-gitea/gitea/compare/a94a8d0ab1f6c9d63ae607dfec866c47ae3e4b5c...542adf50d5007ec85a54843c33c716b68371f341
1128,Gitea,c21605951b581440bb08b65d5907b1cd4e0ab6c5,fd1967c3a49e1945a456a53a60b17dfd7fa899ec,24879,https://github.com/go-gitea/gitea/issues/24879,https://github.com/go-gitea/gitea/tree/c21605951b581440bb08b65d5907b1cd4e0ab6c5,https://github.com/go-gitea/gitea/tree/fd1967c3a49e1945a456a53a60b17dfd7fa899ec,https://github.com/go-gitea/gitea/compare/c21605951b581440bb08b65d5907b1cd4e0ab6c5...fd1967c3a49e1945a456a53a60b17dfd7fa899ec
1129,Gitea,37895b61c0ea6594dc562f0058429418c48eb339,a523bd58895405f8ca8c8a8b3468b8a9ebed0c42,23211,https://github.com/go-gitea/gitea/issues/23211,https://github.com/go-gitea/gitea/tree/37895b61c0ea6594dc562f0058429418c48eb339,https://github.com/go-gitea/gitea/tree/a523bd58895405f8ca8c8a8b3468b8a9ebed0c42,https://github.com/go-gitea/gitea/compare/37895b61c0ea6594dc562f0058429418c48eb339...a523bd58895405f8ca8c8a8b3468b8a9ebed0c42
1130,Gitea,2d3ebe889e7c25152821d4456b651e00fad43da1,ec2a01d1e20c0d33c1ea7e362a7dfd5b653dd15f,24836,https://github.com/go-gitea/gitea/issues/24836,https://github.com/go-gitea/gitea/tree/2d3ebe889e7c25152821d4456b651e00fad43da1,https://github.com/go-gitea/gitea/tree/ec2a01d1e20c0d33c1ea7e362a7dfd5b653dd15f,https://github.com/go-gitea/gitea/compare/2d3ebe889e7c25152821d4456b651e00fad43da1...ec2a01d1e20c0d33c1ea7e362a7dfd5b653dd15f
1131,Gitea,5c0745c0349f0709d0fc36fd8a97dcab86bce28a,abcf5a7b5e2c3df951b8048317a99a89b040b489,24856,https://github.com/go-gitea/gitea/issues/24856,https://github.com/go-gitea/gitea/tree/5c0745c0349f0709d0fc36fd8a97dcab86bce28a,https://github.com/go-gitea/gitea/tree/abcf5a7b5e2c3df951b8048317a99a89b040b489,https://github.com/go-gitea/gitea/compare/5c0745c0349f0709d0fc36fd8a97dcab86bce28a...abcf5a7b5e2c3df951b8048317a99a89b040b489
1132,Gitea,63d5e762d8813881bd7449ac5c05ae95cc3a93eb,395bb33e4c9712e570f597c3ca24a4c3c6acdaff,24896,https://github.com/go-gitea/gitea/issues/24896,https://github.com/go-gitea/gitea/tree/63d5e762d8813881bd7449ac5c05ae95cc3a93eb,https://github.com/go-gitea/gitea/tree/395bb33e4c9712e570f597c3ca24a4c3c6acdaff,https://github.com/go-gitea/gitea/compare/63d5e762d8813881bd7449ac5c05ae95cc3a93eb...395bb33e4c9712e570f597c3ca24a4c3c6acdaff
1133,Gitea,4a58a8ca31cbaa35b41e82da925521afe7946a64,7314726babecb04da7f5e38db79c2115f8eedafe,24951,https://github.com/go-gitea/gitea/issues/24951,https://github.com/go-gitea/gitea/tree/4a58a8ca31cbaa35b41e82da925521afe7946a64,https://github.com/go-gitea/gitea/tree/7314726babecb04da7f5e38db79c2115f8eedafe,https://github.com/go-gitea/gitea/compare/4a58a8ca31cbaa35b41e82da925521afe7946a64...7314726babecb04da7f5e38db79c2115f8eedafe
1134,Gitea,ee99cf6313ba565523b3c43f61ffda4b71e2c39b,faae819f5d8a662ec2df88205ab6d9b1871f1dd1,24996,https://github.com/go-gitea/gitea/issues/24996,https://github.com/go-gitea/gitea/tree/ee99cf6313ba565523b3c43f61ffda4b71e2c39b,https://github.com/go-gitea/gitea/tree/faae819f5d8a662ec2df88205ab6d9b1871f1dd1,https://github.com/go-gitea/gitea/compare/ee99cf6313ba565523b3c43f61ffda4b71e2c39b...faae819f5d8a662ec2df88205ab6d9b1871f1dd1
1135,Gitea,7fca4056c424889488993e0226d6622e6b4fe098,7d855efb1fe6b97c5d87492f67ed6aefd31b2474,25047,https://github.com/go-gitea/gitea/issues/25047,https://github.com/go-gitea/gitea/tree/7fca4056c424889488993e0226d6622e6b4fe098,https://github.com/go-gitea/gitea/tree/7d855efb1fe6b97c5d87492f67ed6aefd31b2474,https://github.com/go-gitea/gitea/compare/7fca4056c424889488993e0226d6622e6b4fe098...7d855efb1fe6b97c5d87492f67ed6aefd31b2474
1136,Gitea,8080ace6fcf73a5fbe4a0dd71881228abd0c68b9,0e84bd251486d0484f7ab4901231858acabf9237,24848,https://github.com/go-gitea/gitea/issues/24848,https://github.com/go-gitea/gitea/tree/8080ace6fcf73a5fbe4a0dd71881228abd0c68b9,https://github.com/go-gitea/gitea/tree/0e84bd251486d0484f7ab4901231858acabf9237,https://github.com/go-gitea/gitea/compare/8080ace6fcf73a5fbe4a0dd71881228abd0c68b9...0e84bd251486d0484f7ab4901231858acabf9237
1137,Gitea,26fa94bc25ecba731a12af16b6172768389287a7,f9cfd6ce5bd7f27e2655fd307022461a802fc49c,15367,https://github.com/go-gitea/gitea/issues/15367,https://github.com/go-gitea/gitea/tree/26fa94bc25ecba731a12af16b6172768389287a7,https://github.com/go-gitea/gitea/tree/f9cfd6ce5bd7f27e2655fd307022461a802fc49c,https://github.com/go-gitea/gitea/compare/26fa94bc25ecba731a12af16b6172768389287a7...f9cfd6ce5bd7f27e2655fd307022461a802fc49c
1138,Gitea,315124b4693dd56d94d52cda3015611184a49a27,8e63373c014ea681309a2e44ecfb0fbfb88a16f7,25079,https://github.com/go-gitea/gitea/issues/25079,https://github.com/go-gitea/gitea/tree/315124b4693dd56d94d52cda3015611184a49a27,https://github.com/go-gitea/gitea/tree/8e63373c014ea681309a2e44ecfb0fbfb88a16f7,https://github.com/go-gitea/gitea/compare/315124b4693dd56d94d52cda3015611184a49a27...8e63373c014ea681309a2e44ecfb0fbfb88a16f7
1139,Gitea,8e63373c014ea681309a2e44ecfb0fbfb88a16f7,62ac3251fa545d32bdfc9ff824106b97ec63edbb,18600,https://github.com/go-gitea/gitea/issues/18600,https://github.com/go-gitea/gitea/tree/8e63373c014ea681309a2e44ecfb0fbfb88a16f7,https://github.com/go-gitea/gitea/tree/62ac3251fa545d32bdfc9ff824106b97ec63edbb,https://github.com/go-gitea/gitea/compare/8e63373c014ea681309a2e44ecfb0fbfb88a16f7...62ac3251fa545d32bdfc9ff824106b97ec63edbb
1140,Gitea,81211db077af0465848693b85f36894b5c17c427,179704695c2c50b3577a25f16d7344eadb3b2da3,24795,https://github.com/go-gitea/gitea/issues/24795,https://github.com/go-gitea/gitea/tree/81211db077af0465848693b85f36894b5c17c427,https://github.com/go-gitea/gitea/tree/179704695c2c50b3577a25f16d7344eadb3b2da3,https://github.com/go-gitea/gitea/compare/81211db077af0465848693b85f36894b5c17c427...179704695c2c50b3577a25f16d7344eadb3b2da3
1141,Gitea,3318001880845880acbb52049ffb8e65c845ae29,eaf551b3c19a37e550844828647960f9a2906ab6,24861,https://github.com/go-gitea/gitea/issues/24861,https://github.com/go-gitea/gitea/tree/3318001880845880acbb52049ffb8e65c845ae29,https://github.com/go-gitea/gitea/tree/eaf551b3c19a37e550844828647960f9a2906ab6,https://github.com/go-gitea/gitea/compare/3318001880845880acbb52049ffb8e65c845ae29...eaf551b3c19a37e550844828647960f9a2906ab6
1142,Gitea,e4f9eb7e12a1008c1dcfa1283fc19f36ba21741b,679b1f7949aa40d4f962ef27f91b0b384b9c56a5,25114,https://github.com/go-gitea/gitea/issues/25114,https://github.com/go-gitea/gitea/tree/e4f9eb7e12a1008c1dcfa1283fc19f36ba21741b,https://github.com/go-gitea/gitea/tree/679b1f7949aa40d4f962ef27f91b0b384b9c56a5,https://github.com/go-gitea/gitea/compare/e4f9eb7e12a1008c1dcfa1283fc19f36ba21741b...679b1f7949aa40d4f962ef27f91b0b384b9c56a5
1143,Gitea,7d855efb1fe6b97c5d87492f67ed6aefd31b2474,4486dd39e7f6062926d72e0d104ed303eb01a400,25038,https://github.com/go-gitea/gitea/issues/25038,https://github.com/go-gitea/gitea/tree/7d855efb1fe6b97c5d87492f67ed6aefd31b2474,https://github.com/go-gitea/gitea/tree/4486dd39e7f6062926d72e0d104ed303eb01a400,https://github.com/go-gitea/gitea/compare/7d855efb1fe6b97c5d87492f67ed6aefd31b2474...4486dd39e7f6062926d72e0d104ed303eb01a400
1144,Gitea,419804fd4d5cb655a51f245010b8eb1163b26bc2,f62cd2f4738c1b3cf7c31e8b98702a709bdd4072,25160,https://github.com/go-gitea/gitea/issues/25160,https://github.com/go-gitea/gitea/tree/419804fd4d5cb655a51f245010b8eb1163b26bc2,https://github.com/go-gitea/gitea/tree/f62cd2f4738c1b3cf7c31e8b98702a709bdd4072,https://github.com/go-gitea/gitea/compare/419804fd4d5cb655a51f245010b8eb1163b26bc2...f62cd2f4738c1b3cf7c31e8b98702a709bdd4072
1145,Gitea,22a39bb961daedccb08e47cb4cf83b2d4ef72108,2ad2d5a6cea7e0e61bd213167244066c230b054e,25116,https://github.com/go-gitea/gitea/issues/25116,https://github.com/go-gitea/gitea/tree/22a39bb961daedccb08e47cb4cf83b2d4ef72108,https://github.com/go-gitea/gitea/tree/2ad2d5a6cea7e0e61bd213167244066c230b054e,https://github.com/go-gitea/gitea/compare/22a39bb961daedccb08e47cb4cf83b2d4ef72108...2ad2d5a6cea7e0e61bd213167244066c230b054e
1146,Gitea,dc0a7168f1450d45164fde63c56f04a1e5bbb949,d6dd6d641b593c54fe1a1041c153111ce81dbc20,20703,https://github.com/go-gitea/gitea/issues/20703,https://github.com/go-gitea/gitea/tree/dc0a7168f1450d45164fde63c56f04a1e5bbb949,https://github.com/go-gitea/gitea/tree/d6dd6d641b593c54fe1a1041c153111ce81dbc20,https://github.com/go-gitea/gitea/compare/dc0a7168f1450d45164fde63c56f04a1e5bbb949...d6dd6d641b593c54fe1a1041c153111ce81dbc20
1147,Gitea,5440d37c706a637085ce650d0ea10eaae9281d5b,cc3910d8c32f0c63257ff09ff5b9174d6224157b,22109,https://github.com/go-gitea/gitea/issues/22109,https://github.com/go-gitea/gitea/tree/5440d37c706a637085ce650d0ea10eaae9281d5b,https://github.com/go-gitea/gitea/tree/cc3910d8c32f0c63257ff09ff5b9174d6224157b,https://github.com/go-gitea/gitea/compare/5440d37c706a637085ce650d0ea10eaae9281d5b...cc3910d8c32f0c63257ff09ff5b9174d6224157b
1148,Gitea,020ab3d4c8fc363b919a1e8a652551d8be6d2fe8,6348823eaba35b0999ad6a2df445a7a9669ab09c,25245,https://github.com/go-gitea/gitea/issues/25245,https://github.com/go-gitea/gitea/tree/020ab3d4c8fc363b919a1e8a652551d8be6d2fe8,https://github.com/go-gitea/gitea/tree/6348823eaba35b0999ad6a2df445a7a9669ab09c,https://github.com/go-gitea/gitea/compare/020ab3d4c8fc363b919a1e8a652551d8be6d2fe8...6348823eaba35b0999ad6a2df445a7a9669ab09c
1149,Gitea,b71cb7acdc8840c9fc16b496c90a048051d15823,86d019682f0406e6e1739a31d72a2686ff8764cb,25302,https://github.com/go-gitea/gitea/issues/25302,https://github.com/go-gitea/gitea/tree/b71cb7acdc8840c9fc16b496c90a048051d15823,https://github.com/go-gitea/gitea/tree/86d019682f0406e6e1739a31d72a2686ff8764cb,https://github.com/go-gitea/gitea/compare/b71cb7acdc8840c9fc16b496c90a048051d15823...86d019682f0406e6e1739a31d72a2686ff8764cb
1150,Gitea,73ae71824d64aa242451f54af5df7e8f8bfcf579,8e0316c321f6070c20ab5d8c412185fb9510977e,25249,https://github.com/go-gitea/gitea/issues/25249,https://github.com/go-gitea/gitea/tree/73ae71824d64aa242451f54af5df7e8f8bfcf579,https://github.com/go-gitea/gitea/tree/8e0316c321f6070c20ab5d8c412185fb9510977e,https://github.com/go-gitea/gitea/compare/73ae71824d64aa242451f54af5df7e8f8bfcf579...8e0316c321f6070c20ab5d8c412185fb9510977e
1151,Gitea,a5acec329e2ca61044f1e1d96858624f2c4a46ac,a90988d63f25f510886073f2b4f00780e775fed0,25014,https://github.com/go-gitea/gitea/issues/25014,https://github.com/go-gitea/gitea/tree/a5acec329e2ca61044f1e1d96858624f2c4a46ac,https://github.com/go-gitea/gitea/tree/a90988d63f25f510886073f2b4f00780e775fed0,https://github.com/go-gitea/gitea/compare/a5acec329e2ca61044f1e1d96858624f2c4a46ac...a90988d63f25f510886073f2b4f00780e775fed0
1152,Gitea,32185efc1484c1d6ea3a5262a3c9779e8edb0b09,ee99cf6313ba565523b3c43f61ffda4b71e2c39b,24938,https://github.com/go-gitea/gitea/issues/24938,https://github.com/go-gitea/gitea/tree/32185efc1484c1d6ea3a5262a3c9779e8edb0b09,https://github.com/go-gitea/gitea/tree/ee99cf6313ba565523b3c43f61ffda4b71e2c39b,https://github.com/go-gitea/gitea/compare/32185efc1484c1d6ea3a5262a3c9779e8edb0b09...ee99cf6313ba565523b3c43f61ffda4b71e2c39b
1153,Gitea,c09d0b4952c351dbd9c71b9fe83c76cfd3c4f9d5,b4e4b7ad51e4c52a42eb114c9a70b4383f1871ef,25351,https://github.com/go-gitea/gitea/issues/25351,https://github.com/go-gitea/gitea/tree/c09d0b4952c351dbd9c71b9fe83c76cfd3c4f9d5,https://github.com/go-gitea/gitea/tree/b4e4b7ad51e4c52a42eb114c9a70b4383f1871ef,https://github.com/go-gitea/gitea/compare/c09d0b4952c351dbd9c71b9fe83c76cfd3c4f9d5...b4e4b7ad51e4c52a42eb114c9a70b4383f1871ef
1154,Gitea,2126f712bfc0ea63705e54abbd14aec54299fa50,419804fd4d5cb655a51f245010b8eb1163b26bc2,25185,https://github.com/go-gitea/gitea/issues/25185,https://github.com/go-gitea/gitea/tree/2126f712bfc0ea63705e54abbd14aec54299fa50,https://github.com/go-gitea/gitea/tree/419804fd4d5cb655a51f245010b8eb1163b26bc2,https://github.com/go-gitea/gitea/compare/2126f712bfc0ea63705e54abbd14aec54299fa50...419804fd4d5cb655a51f245010b8eb1163b26bc2
1155,Gitea,f47744c3f11953a48a30b40930887764041552a4,57120d99699315d69c0a487cd88625a97bfe6323,25281,https://github.com/go-gitea/gitea/issues/25281,https://github.com/go-gitea/gitea/tree/f47744c3f11953a48a30b40930887764041552a4,https://github.com/go-gitea/gitea/tree/57120d99699315d69c0a487cd88625a97bfe6323,https://github.com/go-gitea/gitea/compare/f47744c3f11953a48a30b40930887764041552a4...57120d99699315d69c0a487cd88625a97bfe6323
1156,Gitea,49a77e37ba2aed2cccae5166c021e049953e299c,1a5b7c86a311c8ff8f9e4ba867379a9b7fa102b5,25350,https://github.com/go-gitea/gitea/issues/25350,https://github.com/go-gitea/gitea/tree/49a77e37ba2aed2cccae5166c021e049953e299c,https://github.com/go-gitea/gitea/tree/1a5b7c86a311c8ff8f9e4ba867379a9b7fa102b5,https://github.com/go-gitea/gitea/compare/49a77e37ba2aed2cccae5166c021e049953e299c...1a5b7c86a311c8ff8f9e4ba867379a9b7fa102b5
1157,Gitea,1a5b7c86a311c8ff8f9e4ba867379a9b7fa102b5,33cd74ad70591c36dfd1d14bd75f3eb1c2f28906,21072,https://github.com/go-gitea/gitea/issues/21072,https://github.com/go-gitea/gitea/tree/1a5b7c86a311c8ff8f9e4ba867379a9b7fa102b5,https://github.com/go-gitea/gitea/tree/33cd74ad70591c36dfd1d14bd75f3eb1c2f28906,https://github.com/go-gitea/gitea/compare/1a5b7c86a311c8ff8f9e4ba867379a9b7fa102b5...33cd74ad70591c36dfd1d14bd75f3eb1c2f28906
1158,Gitea,b4e4b7ad51e4c52a42eb114c9a70b4383f1871ef,bd2e3226bea9a9af077d7a4991d45b716209f563,25357,https://github.com/go-gitea/gitea/issues/25357,https://github.com/go-gitea/gitea/tree/b4e4b7ad51e4c52a42eb114c9a70b4383f1871ef,https://github.com/go-gitea/gitea/tree/bd2e3226bea9a9af077d7a4991d45b716209f563,https://github.com/go-gitea/gitea/compare/b4e4b7ad51e4c52a42eb114c9a70b4383f1871ef...bd2e3226bea9a9af077d7a4991d45b716209f563
1159,Gitea,749802c9223b787c2681faac6e1f8798df219d50,7f38cf71fe0dce89b3d7c8749046c43c2b84efe1,24846,https://github.com/go-gitea/gitea/issues/24846,https://github.com/go-gitea/gitea/tree/749802c9223b787c2681faac6e1f8798df219d50,https://github.com/go-gitea/gitea/tree/7f38cf71fe0dce89b3d7c8749046c43c2b84efe1,https://github.com/go-gitea/gitea/compare/749802c9223b787c2681faac6e1f8798df219d50...7f38cf71fe0dce89b3d7c8749046c43c2b84efe1
1160,Gitea,a95a7bcdf30505150c8c94e1700599fcfad9f98e,54259dbf37f4a7f7d8865755484cbcad1c9ea8c0,7883,https://github.com/go-gitea/gitea/issues/7883,https://github.com/go-gitea/gitea/tree/a95a7bcdf30505150c8c94e1700599fcfad9f98e,https://github.com/go-gitea/gitea/tree/54259dbf37f4a7f7d8865755484cbcad1c9ea8c0,https://github.com/go-gitea/gitea/compare/a95a7bcdf30505150c8c94e1700599fcfad9f98e...54259dbf37f4a7f7d8865755484cbcad1c9ea8c0
1161,Gitea,1454f9dafc681875d8f6a429b80e27de62f4040e,2cdf260f42d178d23a8db70db35664511aeab31e,24222,https://github.com/go-gitea/gitea/issues/24222,https://github.com/go-gitea/gitea/tree/1454f9dafc681875d8f6a429b80e27de62f4040e,https://github.com/go-gitea/gitea/tree/2cdf260f42d178d23a8db70db35664511aeab31e,https://github.com/go-gitea/gitea/compare/1454f9dafc681875d8f6a429b80e27de62f4040e...2cdf260f42d178d23a8db70db35664511aeab31e
1162,Gitea,1454f9dafc681875d8f6a429b80e27de62f4040e,2cdf260f42d178d23a8db70db35664511aeab31e,21606,https://github.com/go-gitea/gitea/issues/21606,https://github.com/go-gitea/gitea/tree/1454f9dafc681875d8f6a429b80e27de62f4040e,https://github.com/go-gitea/gitea/tree/2cdf260f42d178d23a8db70db35664511aeab31e,https://github.com/go-gitea/gitea/compare/1454f9dafc681875d8f6a429b80e27de62f4040e...2cdf260f42d178d23a8db70db35664511aeab31e
1163,Gitea,1454f9dafc681875d8f6a429b80e27de62f4040e,2cdf260f42d178d23a8db70db35664511aeab31e,21498,https://github.com/go-gitea/gitea/issues/21498,https://github.com/go-gitea/gitea/tree/1454f9dafc681875d8f6a429b80e27de62f4040e,https://github.com/go-gitea/gitea/tree/2cdf260f42d178d23a8db70db35664511aeab31e,https://github.com/go-gitea/gitea/compare/1454f9dafc681875d8f6a429b80e27de62f4040e...2cdf260f42d178d23a8db70db35664511aeab31e
1164,Gitea,1454f9dafc681875d8f6a429b80e27de62f4040e,2cdf260f42d178d23a8db70db35664511aeab31e,25107,https://github.com/go-gitea/gitea/issues/25107,https://github.com/go-gitea/gitea/tree/1454f9dafc681875d8f6a429b80e27de62f4040e,https://github.com/go-gitea/gitea/tree/2cdf260f42d178d23a8db70db35664511aeab31e,https://github.com/go-gitea/gitea/compare/1454f9dafc681875d8f6a429b80e27de62f4040e...2cdf260f42d178d23a8db70db35664511aeab31e
1165,Gitea,831db53c214f81e5eaf055716a42865007cb8123,df5cf5ddbd9099a121d5074a0b2a710fd71309fd,25377,https://github.com/go-gitea/gitea/issues/25377,https://github.com/go-gitea/gitea/tree/831db53c214f81e5eaf055716a42865007cb8123,https://github.com/go-gitea/gitea/tree/df5cf5ddbd9099a121d5074a0b2a710fd71309fd,https://github.com/go-gitea/gitea/compare/831db53c214f81e5eaf055716a42865007cb8123...df5cf5ddbd9099a121d5074a0b2a710fd71309fd
1166,Gitea,17965c8e79c979d873291036234beb6d834a45be,a954c93a68072042aa7dad717b6fa002c83a58fb,25438,https://github.com/go-gitea/gitea/issues/25438,https://github.com/go-gitea/gitea/tree/17965c8e79c979d873291036234beb6d834a45be,https://github.com/go-gitea/gitea/tree/a954c93a68072042aa7dad717b6fa002c83a58fb,https://github.com/go-gitea/gitea/compare/17965c8e79c979d873291036234beb6d834a45be...a954c93a68072042aa7dad717b6fa002c83a58fb
1167,Gitea,3c7f5ed7b5bff347198cbb26492e6354ea42733b,62ab55baccfcd11d1f8b5449c1620354b8a7640e,20976,https://github.com/go-gitea/gitea/issues/20976,https://github.com/go-gitea/gitea/tree/3c7f5ed7b5bff347198cbb26492e6354ea42733b,https://github.com/go-gitea/gitea/tree/62ab55baccfcd11d1f8b5449c1620354b8a7640e,https://github.com/go-gitea/gitea/compare/3c7f5ed7b5bff347198cbb26492e6354ea42733b...62ab55baccfcd11d1f8b5449c1620354b8a7640e
1168,Gitea,2e65c223dcb75824f7287bae35c3df69f23a22aa,17965c8e79c979d873291036234beb6d834a45be,25127,https://github.com/go-gitea/gitea/issues/25127,https://github.com/go-gitea/gitea/tree/2e65c223dcb75824f7287bae35c3df69f23a22aa,https://github.com/go-gitea/gitea/tree/17965c8e79c979d873291036234beb6d834a45be,https://github.com/go-gitea/gitea/compare/2e65c223dcb75824f7287bae35c3df69f23a22aa...17965c8e79c979d873291036234beb6d834a45be
1169,Gitea,dfd19fa38c9ee004c5d7e73f51af5981adcb5e6d,ce46834b938eb687152a680669ada95a26304178,25378,https://github.com/go-gitea/gitea/issues/25378,https://github.com/go-gitea/gitea/tree/dfd19fa38c9ee004c5d7e73f51af5981adcb5e6d,https://github.com/go-gitea/gitea/tree/ce46834b938eb687152a680669ada95a26304178,https://github.com/go-gitea/gitea/compare/dfd19fa38c9ee004c5d7e73f51af5981adcb5e6d...ce46834b938eb687152a680669ada95a26304178
1170,Gitea,71446eee99eaa78d65a85f4986b0466f48bc3d27,cc1d61f1f5d4b2e60135186e44550745f0e13f0f,25481,https://github.com/go-gitea/gitea/issues/25481,https://github.com/go-gitea/gitea/tree/71446eee99eaa78d65a85f4986b0466f48bc3d27,https://github.com/go-gitea/gitea/tree/cc1d61f1f5d4b2e60135186e44550745f0e13f0f,https://github.com/go-gitea/gitea/compare/71446eee99eaa78d65a85f4986b0466f48bc3d27...cc1d61f1f5d4b2e60135186e44550745f0e13f0f
1171,Gitea,93cd579269717934b2b8e72d6258b712c1675eaa,a55ff0dd99439eb96151e64be38e0f14f6e723b7,21169,https://github.com/go-gitea/gitea/issues/21169,https://github.com/go-gitea/gitea/tree/93cd579269717934b2b8e72d6258b712c1675eaa,https://github.com/go-gitea/gitea/tree/a55ff0dd99439eb96151e64be38e0f14f6e723b7,https://github.com/go-gitea/gitea/compare/93cd579269717934b2b8e72d6258b712c1675eaa...a55ff0dd99439eb96151e64be38e0f14f6e723b7
1172,Gitea,375fd15fbfc29787323840688bacdfa0a9e9e414,fab63cf56584efede4ba13b72a4541bf73c0b06d,25433,https://github.com/go-gitea/gitea/issues/25433,https://github.com/go-gitea/gitea/tree/375fd15fbfc29787323840688bacdfa0a9e9e414,https://github.com/go-gitea/gitea/tree/fab63cf56584efede4ba13b72a4541bf73c0b06d,https://github.com/go-gitea/gitea/compare/375fd15fbfc29787323840688bacdfa0a9e9e414...fab63cf56584efede4ba13b72a4541bf73c0b06d
1173,Gitea,48e5a74f215d78813a816c57fc5a85a909a003d5,d44a415bf019393b85a33aa31244f52d43f55080,14304,https://github.com/go-gitea/gitea/issues/14304,https://github.com/go-gitea/gitea/tree/48e5a74f215d78813a816c57fc5a85a909a003d5,https://github.com/go-gitea/gitea/tree/d44a415bf019393b85a33aa31244f52d43f55080,https://github.com/go-gitea/gitea/compare/48e5a74f215d78813a816c57fc5a85a909a003d5...d44a415bf019393b85a33aa31244f52d43f55080
1174,Gitea,2a6e2afab917dc036f3f077a9aaec64b01370081,457946d59566c086ab1ce8d1cae19d8bd09f9d1c,25389,https://github.com/go-gitea/gitea/issues/25389,https://github.com/go-gitea/gitea/tree/2a6e2afab917dc036f3f077a9aaec64b01370081,https://github.com/go-gitea/gitea/tree/457946d59566c086ab1ce8d1cae19d8bd09f9d1c,https://github.com/go-gitea/gitea/compare/2a6e2afab917dc036f3f077a9aaec64b01370081...457946d59566c086ab1ce8d1cae19d8bd09f9d1c
1175,Gitea,b943318617633e7dc43f3ac1c146be1e37563093,65d3e1161b0544f50d94dbbecb6bcf135535e112,22361,https://github.com/go-gitea/gitea/issues/22361,https://github.com/go-gitea/gitea/tree/b943318617633e7dc43f3ac1c146be1e37563093,https://github.com/go-gitea/gitea/tree/65d3e1161b0544f50d94dbbecb6bcf135535e112,https://github.com/go-gitea/gitea/compare/b943318617633e7dc43f3ac1c146be1e37563093...65d3e1161b0544f50d94dbbecb6bcf135535e112
1176,Gitea,00b98bc8e0abd6aa4e581550b6ae0b6d4a9ee144,426a49d48165db362dc590df541830bacf53d15c,25527,https://github.com/go-gitea/gitea/issues/25527,https://github.com/go-gitea/gitea/tree/00b98bc8e0abd6aa4e581550b6ae0b6d4a9ee144,https://github.com/go-gitea/gitea/tree/426a49d48165db362dc590df541830bacf53d15c,https://github.com/go-gitea/gitea/compare/00b98bc8e0abd6aa4e581550b6ae0b6d4a9ee144...426a49d48165db362dc590df541830bacf53d15c
1177,Gitea,defd8070732c2334d046c6d91e48ceb8a70a0056,b6693a2c9a6010463950bbd89a2bfee88bde5e5f,25551,https://github.com/go-gitea/gitea/issues/25551,https://github.com/go-gitea/gitea/tree/defd8070732c2334d046c6d91e48ceb8a70a0056,https://github.com/go-gitea/gitea/tree/b6693a2c9a6010463950bbd89a2bfee88bde5e5f,https://github.com/go-gitea/gitea/compare/defd8070732c2334d046c6d91e48ceb8a70a0056...b6693a2c9a6010463950bbd89a2bfee88bde5e5f
1178,Gitea,326df0f6ed99c675ede70f7f436cefc50720f19f,9c62ca568962bdefb12aaee21c479025b0dea515,23769,https://github.com/go-gitea/gitea/issues/23769,https://github.com/go-gitea/gitea/tree/326df0f6ed99c675ede70f7f436cefc50720f19f,https://github.com/go-gitea/gitea/tree/9c62ca568962bdefb12aaee21c479025b0dea515,https://github.com/go-gitea/gitea/compare/326df0f6ed99c675ede70f7f436cefc50720f19f...9c62ca568962bdefb12aaee21c479025b0dea515
1179,Gitea,62ab55baccfcd11d1f8b5449c1620354b8a7640e,65ba2f32ca2d2c10fb7bc147003fd5ec85d8ef9e,25193,https://github.com/go-gitea/gitea/issues/25193,https://github.com/go-gitea/gitea/tree/62ab55baccfcd11d1f8b5449c1620354b8a7640e,https://github.com/go-gitea/gitea/tree/65ba2f32ca2d2c10fb7bc147003fd5ec85d8ef9e,https://github.com/go-gitea/gitea/compare/62ab55baccfcd11d1f8b5449c1620354b8a7640e...65ba2f32ca2d2c10fb7bc147003fd5ec85d8ef9e
1180,Gitea,1704c64a1527b2cd3b7fa125f7405f68876e2ca4,de981c39e642c9df77881aa3dc8161b1a2ae64c6,25558,https://github.com/go-gitea/gitea/issues/25558,https://github.com/go-gitea/gitea/tree/1704c64a1527b2cd3b7fa125f7405f68876e2ca4,https://github.com/go-gitea/gitea/tree/de981c39e642c9df77881aa3dc8161b1a2ae64c6,https://github.com/go-gitea/gitea/compare/1704c64a1527b2cd3b7fa125f7405f68876e2ca4...de981c39e642c9df77881aa3dc8161b1a2ae64c6
1181,Gitea,e409e14bdfb56767c9048076f4e818757aab73b9,48e5a74f215d78813a816c57fc5a85a909a003d5,25088,https://github.com/go-gitea/gitea/issues/25088,https://github.com/go-gitea/gitea/tree/e409e14bdfb56767c9048076f4e818757aab73b9,https://github.com/go-gitea/gitea/tree/48e5a74f215d78813a816c57fc5a85a909a003d5,https://github.com/go-gitea/gitea/compare/e409e14bdfb56767c9048076f4e818757aab73b9...48e5a74f215d78813a816c57fc5a85a909a003d5
1182,Gitea,b6693a2c9a6010463950bbd89a2bfee88bde5e5f,6daf21c9b722e31ea5e3b1ec48caa69327580abd,25451,https://github.com/go-gitea/gitea/issues/25451,https://github.com/go-gitea/gitea/tree/b6693a2c9a6010463950bbd89a2bfee88bde5e5f,https://github.com/go-gitea/gitea/tree/6daf21c9b722e31ea5e3b1ec48caa69327580abd,https://github.com/go-gitea/gitea/compare/b6693a2c9a6010463950bbd89a2bfee88bde5e5f...6daf21c9b722e31ea5e3b1ec48caa69327580abd
1183,Gitea,2aa6a785cf9b066fb0a297b1bdc3fb431fa25667,45bc180a15d1edf3a20f25c4bb428819b94e6ad9,25438,https://github.com/go-gitea/gitea/issues/25438,https://github.com/go-gitea/gitea/tree/2aa6a785cf9b066fb0a297b1bdc3fb431fa25667,https://github.com/go-gitea/gitea/tree/45bc180a15d1edf3a20f25c4bb428819b94e6ad9,https://github.com/go-gitea/gitea/compare/2aa6a785cf9b066fb0a297b1bdc3fb431fa25667...45bc180a15d1edf3a20f25c4bb428819b94e6ad9
1184,Gitea,c76b221ccab873783d5e6c0ccd771f3e4a312e76,5a871932f0efc19a731ee5c1202679653d3cefff,25557,https://github.com/go-gitea/gitea/issues/25557,https://github.com/go-gitea/gitea/tree/c76b221ccab873783d5e6c0ccd771f3e4a312e76,https://github.com/go-gitea/gitea/tree/5a871932f0efc19a731ee5c1202679653d3cefff,https://github.com/go-gitea/gitea/compare/c76b221ccab873783d5e6c0ccd771f3e4a312e76...5a871932f0efc19a731ee5c1202679653d3cefff
1185,Gitea,deb007ca2b8ceefe2708a0694c5e9e2e598d95fa,eea58a5d5563da818e70db514a4109fe17008d69,25628,https://github.com/go-gitea/gitea/issues/25628,https://github.com/go-gitea/gitea/tree/deb007ca2b8ceefe2708a0694c5e9e2e598d95fa,https://github.com/go-gitea/gitea/tree/eea58a5d5563da818e70db514a4109fe17008d69,https://github.com/go-gitea/gitea/compare/deb007ca2b8ceefe2708a0694c5e9e2e598d95fa...eea58a5d5563da818e70db514a4109fe17008d69
1186,Gitea,0006169f38f757e35c61169cb0a5da051ff696fe,ff140d40507d7cf607de712d84849db244db6054,25649,https://github.com/go-gitea/gitea/issues/25649,https://github.com/go-gitea/gitea/tree/0006169f38f757e35c61169cb0a5da051ff696fe,https://github.com/go-gitea/gitea/tree/ff140d40507d7cf607de712d84849db244db6054,https://github.com/go-gitea/gitea/compare/0006169f38f757e35c61169cb0a5da051ff696fe...ff140d40507d7cf607de712d84849db244db6054
1187,Gitea,f1cb461c1fb23b68ae34ada2de6bad3bfa6ceeca,c890454769562e0ec2978e123aaf3d9a43e5ef4f,24723,https://github.com/go-gitea/gitea/issues/24723,https://github.com/go-gitea/gitea/tree/f1cb461c1fb23b68ae34ada2de6bad3bfa6ceeca,https://github.com/go-gitea/gitea/tree/c890454769562e0ec2978e123aaf3d9a43e5ef4f,https://github.com/go-gitea/gitea/compare/f1cb461c1fb23b68ae34ada2de6bad3bfa6ceeca...c890454769562e0ec2978e123aaf3d9a43e5ef4f
1188,Gitea,f35ea2b09a0553ac7644eccdf8a96dd6f90c2982,00dbba7f4266032a2b91b760e7c611950ffad096,25622,https://github.com/go-gitea/gitea/issues/25622,https://github.com/go-gitea/gitea/tree/f35ea2b09a0553ac7644eccdf8a96dd6f90c2982,https://github.com/go-gitea/gitea/tree/00dbba7f4266032a2b91b760e7c611950ffad096,https://github.com/go-gitea/gitea/compare/f35ea2b09a0553ac7644eccdf8a96dd6f90c2982...00dbba7f4266032a2b91b760e7c611950ffad096
1189,Gitea,128d77a3a05c3bde86d5e1f2ac299dbd9c434e2d,7586b5815ac503d6d3d0f37248da0c9cefd08ba5,25736,https://github.com/go-gitea/gitea/issues/25736,https://github.com/go-gitea/gitea/tree/128d77a3a05c3bde86d5e1f2ac299dbd9c434e2d,https://github.com/go-gitea/gitea/tree/7586b5815ac503d6d3d0f37248da0c9cefd08ba5,https://github.com/go-gitea/gitea/compare/128d77a3a05c3bde86d5e1f2ac299dbd9c434e2d...7586b5815ac503d6d3d0f37248da0c9cefd08ba5
1190,Gitea,e0a780d75b79233ceb97116b9ae8563a9942aff9,6375419468edc95fdfac94aac3b0e10b23743557,311,https://github.com/go-gitea/gitea/issues/311,https://github.com/go-gitea/gitea/tree/e0a780d75b79233ceb97116b9ae8563a9942aff9,https://github.com/go-gitea/gitea/tree/6375419468edc95fdfac94aac3b0e10b23743557,https://github.com/go-gitea/gitea/compare/e0a780d75b79233ceb97116b9ae8563a9942aff9...6375419468edc95fdfac94aac3b0e10b23743557
1191,Gitea,c0edb9b78b631c925ed6e868050336a0c6a529c7,3c05aa49278d6a540cc894f46230f379c3aade62,25697,https://github.com/go-gitea/gitea/issues/25697,https://github.com/go-gitea/gitea/tree/c0edb9b78b631c925ed6e868050336a0c6a529c7,https://github.com/go-gitea/gitea/tree/3c05aa49278d6a540cc894f46230f379c3aade62,https://github.com/go-gitea/gitea/compare/c0edb9b78b631c925ed6e868050336a0c6a529c7...3c05aa49278d6a540cc894f46230f379c3aade62
1192,Gitea,2af30f715e64dbb0a3900168e3768ffb36c06392,753755bd4e6168449e1068ea9a33ae942ff0cc87,25693,https://github.com/go-gitea/gitea/issues/25693,https://github.com/go-gitea/gitea/tree/2af30f715e64dbb0a3900168e3768ffb36c06392,https://github.com/go-gitea/gitea/tree/753755bd4e6168449e1068ea9a33ae942ff0cc87,https://github.com/go-gitea/gitea/compare/2af30f715e64dbb0a3900168e3768ffb36c06392...753755bd4e6168449e1068ea9a33ae942ff0cc87
1193,Gitea,45bc180a15d1edf3a20f25c4bb428819b94e6ad9,f1cb461c1fb23b68ae34ada2de6bad3bfa6ceeca,25621,https://github.com/go-gitea/gitea/issues/25621,https://github.com/go-gitea/gitea/tree/45bc180a15d1edf3a20f25c4bb428819b94e6ad9,https://github.com/go-gitea/gitea/tree/f1cb461c1fb23b68ae34ada2de6bad3bfa6ceeca,https://github.com/go-gitea/gitea/compare/45bc180a15d1edf3a20f25c4bb428819b94e6ad9...f1cb461c1fb23b68ae34ada2de6bad3bfa6ceeca
1194,Gitea,5b79eeabd1630b58315c4df09c63485f04e3eb45,7735da1c66c5a1511a2eac04b2a7f5c60b214c83,10388,https://github.com/go-gitea/gitea/issues/10388,https://github.com/go-gitea/gitea/tree/5b79eeabd1630b58315c4df09c63485f04e3eb45,https://github.com/go-gitea/gitea/tree/7735da1c66c5a1511a2eac04b2a7f5c60b214c83,https://github.com/go-gitea/gitea/compare/5b79eeabd1630b58315c4df09c63485f04e3eb45...7735da1c66c5a1511a2eac04b2a7f5c60b214c83
1195,Gitea,62f3c0fe76f215cbe88b1a76408b09d74ad14f92,cc00fd50f31c819bf575cbf4a48a4bf8bf2a340e,25758,https://github.com/go-gitea/gitea/issues/25758,https://github.com/go-gitea/gitea/tree/62f3c0fe76f215cbe88b1a76408b09d74ad14f92,https://github.com/go-gitea/gitea/tree/cc00fd50f31c819bf575cbf4a48a4bf8bf2a340e,https://github.com/go-gitea/gitea/compare/62f3c0fe76f215cbe88b1a76408b09d74ad14f92...cc00fd50f31c819bf575cbf4a48a4bf8bf2a340e
1196,Gitea,d2c3a90ee24f6e9e3ffff164fa7e675a269e5add,d9872797f84f6a81bbed3d19fee536ce2a3aadb6,25177,https://github.com/go-gitea/gitea/issues/25177,https://github.com/go-gitea/gitea/tree/d2c3a90ee24f6e9e3ffff164fa7e675a269e5add,https://github.com/go-gitea/gitea/tree/d9872797f84f6a81bbed3d19fee536ce2a3aadb6,https://github.com/go-gitea/gitea/compare/d2c3a90ee24f6e9e3ffff164fa7e675a269e5add...d9872797f84f6a81bbed3d19fee536ce2a3aadb6
1197,Gitea,d9872797f84f6a81bbed3d19fee536ce2a3aadb6,5489962aac6faf3260176a0f53cbb78c44c421a5,25726,https://github.com/go-gitea/gitea/issues/25726,https://github.com/go-gitea/gitea/tree/d9872797f84f6a81bbed3d19fee536ce2a3aadb6,https://github.com/go-gitea/gitea/tree/5489962aac6faf3260176a0f53cbb78c44c421a5,https://github.com/go-gitea/gitea/compare/d9872797f84f6a81bbed3d19fee536ce2a3aadb6...5489962aac6faf3260176a0f53cbb78c44c421a5
1198,Gitea,5489962aac6faf3260176a0f53cbb78c44c421a5,0fd1672ae49a5f69fca7d90336ae75be83a21014,25257,https://github.com/go-gitea/gitea/issues/25257,https://github.com/go-gitea/gitea/tree/5489962aac6faf3260176a0f53cbb78c44c421a5,https://github.com/go-gitea/gitea/tree/0fd1672ae49a5f69fca7d90336ae75be83a21014,https://github.com/go-gitea/gitea/compare/5489962aac6faf3260176a0f53cbb78c44c421a5...0fd1672ae49a5f69fca7d90336ae75be83a21014
1199,Gitea,61e0d1a767e1a1a509de9de4aff42bdb79cc6443,fa0b5b14c2faa6a5f76bb2e7bc9241a5e4354189,19453,https://github.com/go-gitea/gitea/issues/19453,https://github.com/go-gitea/gitea/tree/61e0d1a767e1a1a509de9de4aff42bdb79cc6443,https://github.com/go-gitea/gitea/tree/fa0b5b14c2faa6a5f76bb2e7bc9241a5e4354189,https://github.com/go-gitea/gitea/compare/61e0d1a767e1a1a509de9de4aff42bdb79cc6443...fa0b5b14c2faa6a5f76bb2e7bc9241a5e4354189
1200,Gitea,2f31d2d56c22400b2e79b279a5d0e845febba137,491cc06ffe3491242ad9ff6227423d99e673d0c2,24439,https://github.com/go-gitea/gitea/issues/24439,https://github.com/go-gitea/gitea/tree/2f31d2d56c22400b2e79b279a5d0e845febba137,https://github.com/go-gitea/gitea/tree/491cc06ffe3491242ad9ff6227423d99e673d0c2,https://github.com/go-gitea/gitea/compare/2f31d2d56c22400b2e79b279a5d0e845febba137...491cc06ffe3491242ad9ff6227423d99e673d0c2
1201,Gitea,321383db22b19e302aafe59194f0b6539257d90f,84c78650cc2d7c6480f397d59e1d4e33a5f71d19,25627,https://github.com/go-gitea/gitea/issues/25627,https://github.com/go-gitea/gitea/tree/321383db22b19e302aafe59194f0b6539257d90f,https://github.com/go-gitea/gitea/tree/84c78650cc2d7c6480f397d59e1d4e33a5f71d19,https://github.com/go-gitea/gitea/compare/321383db22b19e302aafe59194f0b6539257d90f...84c78650cc2d7c6480f397d59e1d4e33a5f71d19
1202,Gitea,819aed35bff81574920c2a87eddbebed5ddfda1f,321383db22b19e302aafe59194f0b6539257d90f,25538,https://github.com/go-gitea/gitea/issues/25538,https://github.com/go-gitea/gitea/tree/819aed35bff81574920c2a87eddbebed5ddfda1f,https://github.com/go-gitea/gitea/tree/321383db22b19e302aafe59194f0b6539257d90f,https://github.com/go-gitea/gitea/compare/819aed35bff81574920c2a87eddbebed5ddfda1f...321383db22b19e302aafe59194f0b6539257d90f
1203,Gitea,0fd1672ae49a5f69fca7d90336ae75be83a21014,2f31d2d56c22400b2e79b279a5d0e845febba137,25778,https://github.com/go-gitea/gitea/issues/25778,https://github.com/go-gitea/gitea/tree/0fd1672ae49a5f69fca7d90336ae75be83a21014,https://github.com/go-gitea/gitea/tree/2f31d2d56c22400b2e79b279a5d0e845febba137,https://github.com/go-gitea/gitea/compare/0fd1672ae49a5f69fca7d90336ae75be83a21014...2f31d2d56c22400b2e79b279a5d0e845febba137
1204,Gitea,ff9a7afe99201eea052f66d308af97b25859ae8b,29e959fd009cc05fee8182929c1ee4a92a73f2a0,25905,https://github.com/go-gitea/gitea/issues/25905,https://github.com/go-gitea/gitea/tree/ff9a7afe99201eea052f66d308af97b25859ae8b,https://github.com/go-gitea/gitea/tree/29e959fd009cc05fee8182929c1ee4a92a73f2a0,https://github.com/go-gitea/gitea/compare/ff9a7afe99201eea052f66d308af97b25859ae8b...29e959fd009cc05fee8182929c1ee4a92a73f2a0
1205,Gitea,dc679fc9faf3c661d23849f3cc1c3e02f995f74f,bd82d8974e84eeff8072c962c7253db3f4128f69,25853,https://github.com/go-gitea/gitea/issues/25853,https://github.com/go-gitea/gitea/tree/dc679fc9faf3c661d23849f3cc1c3e02f995f74f,https://github.com/go-gitea/gitea/tree/bd82d8974e84eeff8072c962c7253db3f4128f69,https://github.com/go-gitea/gitea/compare/dc679fc9faf3c661d23849f3cc1c3e02f995f74f...bd82d8974e84eeff8072c962c7253db3f4128f69
1206,Gitea,dcb607d3cff2cb8de5632e77a886d59e620a07b9,265a28802a6062d86964c9bfe1959437eaf69afb,25952,https://github.com/go-gitea/gitea/issues/25952,https://github.com/go-gitea/gitea/tree/dcb607d3cff2cb8de5632e77a886d59e620a07b9,https://github.com/go-gitea/gitea/tree/265a28802a6062d86964c9bfe1959437eaf69afb,https://github.com/go-gitea/gitea/compare/dcb607d3cff2cb8de5632e77a886d59e620a07b9...265a28802a6062d86964c9bfe1959437eaf69afb
1207,Gitea,d1e066f5d6e1ba91f45118de835c3777eee0811f,22eeede885327fca0328b7d5b153e7a6c4211ffa,18368,https://github.com/go-gitea/gitea/issues/18368,https://github.com/go-gitea/gitea/tree/d1e066f5d6e1ba91f45118de835c3777eee0811f,https://github.com/go-gitea/gitea/tree/22eeede885327fca0328b7d5b153e7a6c4211ffa,https://github.com/go-gitea/gitea/compare/d1e066f5d6e1ba91f45118de835c3777eee0811f...22eeede885327fca0328b7d5b153e7a6c4211ffa
1208,Gitea,29e959fd009cc05fee8182929c1ee4a92a73f2a0,d0a9456c4f7d9f851caf6765554858bd85ba94b9,25924,https://github.com/go-gitea/gitea/issues/25924,https://github.com/go-gitea/gitea/tree/29e959fd009cc05fee8182929c1ee4a92a73f2a0,https://github.com/go-gitea/gitea/tree/d0a9456c4f7d9f851caf6765554858bd85ba94b9,https://github.com/go-gitea/gitea/compare/29e959fd009cc05fee8182929c1ee4a92a73f2a0...d0a9456c4f7d9f851caf6765554858bd85ba94b9
1209,Gitea,d57e55cd470ec737c8a9458f0ef96455e0c322ec,840830b655a65c0763e3fd4bd0ced9256d2081a5,25776,https://github.com/go-gitea/gitea/issues/25776,https://github.com/go-gitea/gitea/tree/d57e55cd470ec737c8a9458f0ef96455e0c322ec,https://github.com/go-gitea/gitea/tree/840830b655a65c0763e3fd4bd0ced9256d2081a5,https://github.com/go-gitea/gitea/compare/d57e55cd470ec737c8a9458f0ef96455e0c322ec...840830b655a65c0763e3fd4bd0ced9256d2081a5
1210,Gitea,ec227d6682844cc3133eb527e1c877492eeda5d8,af22f33a932c7b2a4a27298ca6b1f4a168e85fd3,25906,https://github.com/go-gitea/gitea/issues/25906,https://github.com/go-gitea/gitea/tree/ec227d6682844cc3133eb527e1c877492eeda5d8,https://github.com/go-gitea/gitea/tree/af22f33a932c7b2a4a27298ca6b1f4a168e85fd3,https://github.com/go-gitea/gitea/compare/ec227d6682844cc3133eb527e1c877492eeda5d8...af22f33a932c7b2a4a27298ca6b1f4a168e85fd3
1211,Gitea,2f0e79e6393df13930eaa419273d24dc2ef36cfa,52fb9367734100847249d074e2bc17f2aa91053e,25464,https://github.com/go-gitea/gitea/issues/25464,https://github.com/go-gitea/gitea/tree/2f0e79e6393df13930eaa419273d24dc2ef36cfa,https://github.com/go-gitea/gitea/tree/52fb9367734100847249d074e2bc17f2aa91053e,https://github.com/go-gitea/gitea/compare/2f0e79e6393df13930eaa419273d24dc2ef36cfa...52fb9367734100847249d074e2bc17f2aa91053e
1212,Gitea,b167f35113e643ccdb17a2dde55bdec5960b284b,a12a5f3652c339b17b187ff424a480631a3c1e1e,26060,https://github.com/go-gitea/gitea/issues/26060,https://github.com/go-gitea/gitea/tree/b167f35113e643ccdb17a2dde55bdec5960b284b,https://github.com/go-gitea/gitea/tree/a12a5f3652c339b17b187ff424a480631a3c1e1e,https://github.com/go-gitea/gitea/compare/b167f35113e643ccdb17a2dde55bdec5960b284b...a12a5f3652c339b17b187ff424a480631a3c1e1e
1213,Gitea,cdd3d4b8d8814137e16116002e5bf6aad38b794f,4211efe8b7a0b38420da5c5d4f287a8d466aedc2,26079,https://github.com/go-gitea/gitea/issues/26079,https://github.com/go-gitea/gitea/tree/cdd3d4b8d8814137e16116002e5bf6aad38b794f,https://github.com/go-gitea/gitea/tree/4211efe8b7a0b38420da5c5d4f287a8d466aedc2,https://github.com/go-gitea/gitea/compare/cdd3d4b8d8814137e16116002e5bf6aad38b794f...4211efe8b7a0b38420da5c5d4f287a8d466aedc2
1214,Gitea,e89adec2a5f2e6cb678746ef89a42167f0042ea5,d57e55cd470ec737c8a9458f0ef96455e0c322ec,25865,https://github.com/go-gitea/gitea/issues/25865,https://github.com/go-gitea/gitea/tree/e89adec2a5f2e6cb678746ef89a42167f0042ea5,https://github.com/go-gitea/gitea/tree/d57e55cd470ec737c8a9458f0ef96455e0c322ec,https://github.com/go-gitea/gitea/compare/e89adec2a5f2e6cb678746ef89a42167f0042ea5...d57e55cd470ec737c8a9458f0ef96455e0c322ec
1215,Gitea,cf467119ffa82177258226fd04946a2105ee7aa0,01c04607c76391e09620c6f2475b722207d2ee73,25858,https://github.com/go-gitea/gitea/issues/25858,https://github.com/go-gitea/gitea/tree/cf467119ffa82177258226fd04946a2105ee7aa0,https://github.com/go-gitea/gitea/tree/01c04607c76391e09620c6f2475b722207d2ee73,https://github.com/go-gitea/gitea/compare/cf467119ffa82177258226fd04946a2105ee7aa0...01c04607c76391e09620c6f2475b722207d2ee73
1216,Gitea,24b49bcf6615a05cecb77568a1c22ff982141918,cc73e84fa355fa49e875b2d17319b3da70775e0d,25938,https://github.com/go-gitea/gitea/issues/25938,https://github.com/go-gitea/gitea/tree/24b49bcf6615a05cecb77568a1c22ff982141918,https://github.com/go-gitea/gitea/tree/cc73e84fa355fa49e875b2d17319b3da70775e0d,https://github.com/go-gitea/gitea/compare/24b49bcf6615a05cecb77568a1c22ff982141918...cc73e84fa355fa49e875b2d17319b3da70775e0d
1217,Gitea,6aa30af724b73c698b87c24fd5bb7d71b3c37abe,ebb98d72462d3661caf8f5e2ca22c1ece5425409,26045,https://github.com/go-gitea/gitea/issues/26045,https://github.com/go-gitea/gitea/tree/6aa30af724b73c698b87c24fd5bb7d71b3c37abe,https://github.com/go-gitea/gitea/tree/ebb98d72462d3661caf8f5e2ca22c1ece5425409,https://github.com/go-gitea/gitea/compare/6aa30af724b73c698b87c24fd5bb7d71b3c37abe...ebb98d72462d3661caf8f5e2ca22c1ece5425409
1218,Gitea,7a687caca4313eb8a77470f5b162618c4428010f,1ce51a55e348a2e2fed623790e933408ec59d662,25965,https://github.com/go-gitea/gitea/issues/25965,https://github.com/go-gitea/gitea/tree/7a687caca4313eb8a77470f5b162618c4428010f,https://github.com/go-gitea/gitea/tree/1ce51a55e348a2e2fed623790e933408ec59d662,https://github.com/go-gitea/gitea/compare/7a687caca4313eb8a77470f5b162618c4428010f...1ce51a55e348a2e2fed623790e933408ec59d662
1219,Gitea,b3c71ec64f12437772c35c48d4471ca8b8f244d5,ab72f7ee4ab670c640187b841de0671fa5c43a51,26118,https://github.com/go-gitea/gitea/issues/26118,https://github.com/go-gitea/gitea/tree/b3c71ec64f12437772c35c48d4471ca8b8f244d5,https://github.com/go-gitea/gitea/tree/ab72f7ee4ab670c640187b841de0671fa5c43a51,https://github.com/go-gitea/gitea/compare/b3c71ec64f12437772c35c48d4471ca8b8f244d5...ab72f7ee4ab670c640187b841de0671fa5c43a51
1220,Gitea,4211efe8b7a0b38420da5c5d4f287a8d466aedc2,6aa30af724b73c698b87c24fd5bb7d71b3c37abe,26022,https://github.com/go-gitea/gitea/issues/26022,https://github.com/go-gitea/gitea/tree/4211efe8b7a0b38420da5c5d4f287a8d466aedc2,https://github.com/go-gitea/gitea/tree/6aa30af724b73c698b87c24fd5bb7d71b3c37abe,https://github.com/go-gitea/gitea/compare/4211efe8b7a0b38420da5c5d4f287a8d466aedc2...6aa30af724b73c698b87c24fd5bb7d71b3c37abe
1221,Gitea,3e4a4f9c67ebc08fed0b4dff90c707ddbc608832,d36ddfe26c940b7820e866b87d18b425d206389f,26044,https://github.com/go-gitea/gitea/issues/26044,https://github.com/go-gitea/gitea/tree/3e4a4f9c67ebc08fed0b4dff90c707ddbc608832,https://github.com/go-gitea/gitea/tree/d36ddfe26c940b7820e866b87d18b425d206389f,https://github.com/go-gitea/gitea/compare/3e4a4f9c67ebc08fed0b4dff90c707ddbc608832...d36ddfe26c940b7820e866b87d18b425d206389f
1222,Gitea,d817b199cab8545a8ea218c5cd62dc7891119c89,ad5ce5980063850a23cb2ed0d1d74000000bb8d1,26101,https://github.com/go-gitea/gitea/issues/26101,https://github.com/go-gitea/gitea/tree/d817b199cab8545a8ea218c5cd62dc7891119c89,https://github.com/go-gitea/gitea/tree/ad5ce5980063850a23cb2ed0d1d74000000bb8d1,https://github.com/go-gitea/gitea/compare/d817b199cab8545a8ea218c5cd62dc7891119c89...ad5ce5980063850a23cb2ed0d1d74000000bb8d1
1223,Gitea,a5e09a5595a05098e5f2ce55b5ba78fc7c5cdb77,f2cc4daf60c906b2e1b67bac0cbe4fb7a7558bde,26111,https://github.com/go-gitea/gitea/issues/26111,https://github.com/go-gitea/gitea/tree/a5e09a5595a05098e5f2ce55b5ba78fc7c5cdb77,https://github.com/go-gitea/gitea/tree/f2cc4daf60c906b2e1b67bac0cbe4fb7a7558bde,https://github.com/go-gitea/gitea/compare/a5e09a5595a05098e5f2ce55b5ba78fc7c5cdb77...f2cc4daf60c906b2e1b67bac0cbe4fb7a7558bde
1224,Gitea,dcd3a631288686a95cedbd4aa9cce245e896825d,f3ed0ef692a2c73fdf491d86f27fad33da742174,26093,https://github.com/go-gitea/gitea/issues/26093,https://github.com/go-gitea/gitea/tree/dcd3a631288686a95cedbd4aa9cce245e896825d,https://github.com/go-gitea/gitea/tree/f3ed0ef692a2c73fdf491d86f27fad33da742174,https://github.com/go-gitea/gitea/compare/dcd3a631288686a95cedbd4aa9cce245e896825d...f3ed0ef692a2c73fdf491d86f27fad33da742174
1225,Gitea,dcd3a631288686a95cedbd4aa9cce245e896825d,f3ed0ef692a2c73fdf491d86f27fad33da742174,26135,https://github.com/go-gitea/gitea/issues/26135,https://github.com/go-gitea/gitea/tree/dcd3a631288686a95cedbd4aa9cce245e896825d,https://github.com/go-gitea/gitea/tree/f3ed0ef692a2c73fdf491d86f27fad33da742174,https://github.com/go-gitea/gitea/compare/dcd3a631288686a95cedbd4aa9cce245e896825d...f3ed0ef692a2c73fdf491d86f27fad33da742174
1226,Gitea,494ee56de28a52568413dfa30b5ddd99411fc2fc,7866a6e0e25cf87b298e046bb38f4d68c35529a7,25918,https://github.com/go-gitea/gitea/issues/25918,https://github.com/go-gitea/gitea/tree/494ee56de28a52568413dfa30b5ddd99411fc2fc,https://github.com/go-gitea/gitea/tree/7866a6e0e25cf87b298e046bb38f4d68c35529a7,https://github.com/go-gitea/gitea/compare/494ee56de28a52568413dfa30b5ddd99411fc2fc...7866a6e0e25cf87b298e046bb38f4d68c35529a7
1227,Gitea,74ca4377ff93215f7eb894561ce592c84c564780,9ed3700ad2b373b6fa22f50dbd31ca106e1f82bc,26104,https://github.com/go-gitea/gitea/issues/26104,https://github.com/go-gitea/gitea/tree/74ca4377ff93215f7eb894561ce592c84c564780,https://github.com/go-gitea/gitea/tree/9ed3700ad2b373b6fa22f50dbd31ca106e1f82bc,https://github.com/go-gitea/gitea/compare/74ca4377ff93215f7eb894561ce592c84c564780...9ed3700ad2b373b6fa22f50dbd31ca106e1f82bc
1228,Gitea,bd4c7ce578956d9839309b16753bd5505b63b2e3,338d03ce2f05fcc49a577b58a6cfa6beb7996fd1,26130,https://github.com/go-gitea/gitea/issues/26130,https://github.com/go-gitea/gitea/tree/bd4c7ce578956d9839309b16753bd5505b63b2e3,https://github.com/go-gitea/gitea/tree/338d03ce2f05fcc49a577b58a6cfa6beb7996fd1,https://github.com/go-gitea/gitea/compare/bd4c7ce578956d9839309b16753bd5505b63b2e3...338d03ce2f05fcc49a577b58a6cfa6beb7996fd1
1229,Gitea,9ed3700ad2b373b6fa22f50dbd31ca106e1f82bc,915cdf8f87380bb6ea9cb518837726eb85c89fc7,26035,https://github.com/go-gitea/gitea/issues/26035,https://github.com/go-gitea/gitea/tree/9ed3700ad2b373b6fa22f50dbd31ca106e1f82bc,https://github.com/go-gitea/gitea/tree/915cdf8f87380bb6ea9cb518837726eb85c89fc7,https://github.com/go-gitea/gitea/compare/9ed3700ad2b373b6fa22f50dbd31ca106e1f82bc...915cdf8f87380bb6ea9cb518837726eb85c89fc7
1230,Gitea,05d0b7ca91893b749f3e70e828f9777690ecf5f1,b33cf4fabcdedff126b173d81c8a5609202b39ff,25934,https://github.com/go-gitea/gitea/issues/25934,https://github.com/go-gitea/gitea/tree/05d0b7ca91893b749f3e70e828f9777690ecf5f1,https://github.com/go-gitea/gitea/tree/b33cf4fabcdedff126b173d81c8a5609202b39ff,https://github.com/go-gitea/gitea/compare/05d0b7ca91893b749f3e70e828f9777690ecf5f1...b33cf4fabcdedff126b173d81c8a5609202b39ff
1231,Gitea,b33cf4fabcdedff126b173d81c8a5609202b39ff,fd836ff68b6ec60c410daa9df54d36ed9ecebc78,26189,https://github.com/go-gitea/gitea/issues/26189,https://github.com/go-gitea/gitea/tree/b33cf4fabcdedff126b173d81c8a5609202b39ff,https://github.com/go-gitea/gitea/tree/fd836ff68b6ec60c410daa9df54d36ed9ecebc78,https://github.com/go-gitea/gitea/compare/b33cf4fabcdedff126b173d81c8a5609202b39ff...fd836ff68b6ec60c410daa9df54d36ed9ecebc78
1232,Gitea,d88fed0db12813b36c065f9602a793f3f5884dab,ce27de4d486884745bd944c56fc0365b2d588e54,25951,https://github.com/go-gitea/gitea/issues/25951,https://github.com/go-gitea/gitea/tree/d88fed0db12813b36c065f9602a793f3f5884dab,https://github.com/go-gitea/gitea/tree/ce27de4d486884745bd944c56fc0365b2d588e54,https://github.com/go-gitea/gitea/compare/d88fed0db12813b36c065f9602a793f3f5884dab...ce27de4d486884745bd944c56fc0365b2d588e54
1233,Gitea,1d8d90fd3727ffdf0500c8dd474b85e0c285d064,4971a1054317ae68b1eb59a3dc30f61c7503dadc,25744,https://github.com/go-gitea/gitea/issues/25744,https://github.com/go-gitea/gitea/tree/1d8d90fd3727ffdf0500c8dd474b85e0c285d064,https://github.com/go-gitea/gitea/tree/4971a1054317ae68b1eb59a3dc30f61c7503dadc,https://github.com/go-gitea/gitea/compare/1d8d90fd3727ffdf0500c8dd474b85e0c285d064...4971a1054317ae68b1eb59a3dc30f61c7503dadc
1234,Gitea,6ce89883ebe1c57de9472e0380255ff5918521f9,2d7fe4cc1e1c82d7e66a14b5840cd96ab5041c07,25953,https://github.com/go-gitea/gitea/issues/25953,https://github.com/go-gitea/gitea/tree/6ce89883ebe1c57de9472e0380255ff5918521f9,https://github.com/go-gitea/gitea/tree/2d7fe4cc1e1c82d7e66a14b5840cd96ab5041c07,https://github.com/go-gitea/gitea/compare/6ce89883ebe1c57de9472e0380255ff5918521f9...2d7fe4cc1e1c82d7e66a14b5840cd96ab5041c07
1235,Gitea,ea385f5d39a286ec36f3735fc7c5211b141f6165,983167cf49cd64c7a1f28c39aff03e00dd387990,25990,https://github.com/go-gitea/gitea/issues/25990,https://github.com/go-gitea/gitea/tree/ea385f5d39a286ec36f3735fc7c5211b141f6165,https://github.com/go-gitea/gitea/tree/983167cf49cd64c7a1f28c39aff03e00dd387990,https://github.com/go-gitea/gitea/compare/ea385f5d39a286ec36f3735fc7c5211b141f6165...983167cf49cd64c7a1f28c39aff03e00dd387990
1236,Gitea,fd836ff68b6ec60c410daa9df54d36ed9ecebc78,11074258fc3ecc42f69a385f5433874bf3a8bb0f,25825,https://github.com/go-gitea/gitea/issues/25825,https://github.com/go-gitea/gitea/tree/fd836ff68b6ec60c410daa9df54d36ed9ecebc78,https://github.com/go-gitea/gitea/tree/11074258fc3ecc42f69a385f5433874bf3a8bb0f,https://github.com/go-gitea/gitea/compare/fd836ff68b6ec60c410daa9df54d36ed9ecebc78...11074258fc3ecc42f69a385f5433874bf3a8bb0f
1237,Gitea,865d2221c0f4b2a8623ff9299930c9bab0da2c78,8a2f019d69324f47331afb87d6f7cd85fc1cfe68,26270,https://github.com/go-gitea/gitea/issues/26270,https://github.com/go-gitea/gitea/tree/865d2221c0f4b2a8623ff9299930c9bab0da2c78,https://github.com/go-gitea/gitea/tree/8a2f019d69324f47331afb87d6f7cd85fc1cfe68,https://github.com/go-gitea/gitea/compare/865d2221c0f4b2a8623ff9299930c9bab0da2c78...8a2f019d69324f47331afb87d6f7cd85fc1cfe68
1238,Gitea,8a2f019d69324f47331afb87d6f7cd85fc1cfe68,96f151392fec45c7356ce741ab60a602ab75a76e,26264,https://github.com/go-gitea/gitea/issues/26264,https://github.com/go-gitea/gitea/tree/8a2f019d69324f47331afb87d6f7cd85fc1cfe68,https://github.com/go-gitea/gitea/tree/96f151392fec45c7356ce741ab60a602ab75a76e,https://github.com/go-gitea/gitea/compare/8a2f019d69324f47331afb87d6f7cd85fc1cfe68...96f151392fec45c7356ce741ab60a602ab75a76e
1239,Gitea,9a8af925774327d96953a53c22efc42f24570b91,2d3924d0e7c7fd164789b691168cead2d0171bc4,26313,https://github.com/go-gitea/gitea/issues/26313,https://github.com/go-gitea/gitea/tree/9a8af925774327d96953a53c22efc42f24570b91,https://github.com/go-gitea/gitea/tree/2d3924d0e7c7fd164789b691168cead2d0171bc4,https://github.com/go-gitea/gitea/compare/9a8af925774327d96953a53c22efc42f24570b91...2d3924d0e7c7fd164789b691168cead2d0171bc4
1240,Gitea,952882fe4ab6950ca0fb33af3885cb3347d46e78,9ac6bb053cb2462770dc279b8a59ce944e8da8f6,26336,https://github.com/go-gitea/gitea/issues/26336,https://github.com/go-gitea/gitea/tree/952882fe4ab6950ca0fb33af3885cb3347d46e78,https://github.com/go-gitea/gitea/tree/9ac6bb053cb2462770dc279b8a59ce944e8da8f6,https://github.com/go-gitea/gitea/compare/952882fe4ab6950ca0fb33af3885cb3347d46e78...9ac6bb053cb2462770dc279b8a59ce944e8da8f6
1241,Gitea,049e400327df8be5c904c5570c0e9f57157cd843,24fbf4e0592713633144c3fc9a04f64d790f99b0,26331,https://github.com/go-gitea/gitea/issues/26331,https://github.com/go-gitea/gitea/tree/049e400327df8be5c904c5570c0e9f57157cd843,https://github.com/go-gitea/gitea/tree/24fbf4e0592713633144c3fc9a04f64d790f99b0,https://github.com/go-gitea/gitea/compare/049e400327df8be5c904c5570c0e9f57157cd843...24fbf4e0592713633144c3fc9a04f64d790f99b0
1242,Gitea,aba9096999798efef448bee2f289917069f9b599,1e76a824bcd71acd59cdfb2c4547806bc34b3d86,24662,https://github.com/go-gitea/gitea/issues/24662,https://github.com/go-gitea/gitea/tree/aba9096999798efef448bee2f289917069f9b599,https://github.com/go-gitea/gitea/tree/1e76a824bcd71acd59cdfb2c4547806bc34b3d86,https://github.com/go-gitea/gitea/compare/aba9096999798efef448bee2f289917069f9b599...1e76a824bcd71acd59cdfb2c4547806bc34b3d86
1243,Gitea,9a65d011f6b289dd6e7acb18a4b86c51d4d388ee,edd93fcfbce72b6f4dd95f347473c4c5721bfd99,26263,https://github.com/go-gitea/gitea/issues/26263,https://github.com/go-gitea/gitea/tree/9a65d011f6b289dd6e7acb18a4b86c51d4d388ee,https://github.com/go-gitea/gitea/tree/edd93fcfbce72b6f4dd95f347473c4c5721bfd99,https://github.com/go-gitea/gitea/compare/9a65d011f6b289dd6e7acb18a4b86c51d4d388ee...edd93fcfbce72b6f4dd95f347473c4c5721bfd99
1244,Gitea,68c652d8f3df9daa99ce41e0782b44347555a3a5,2de0752be7aaab65fe670518d00175be479ea054,26064,https://github.com/go-gitea/gitea/issues/26064,https://github.com/go-gitea/gitea/tree/68c652d8f3df9daa99ce41e0782b44347555a3a5,https://github.com/go-gitea/gitea/tree/2de0752be7aaab65fe670518d00175be479ea054,https://github.com/go-gitea/gitea/compare/68c652d8f3df9daa99ce41e0782b44347555a3a5...2de0752be7aaab65fe670518d00175be479ea054
1245,Gitea,906e253d5e596d258c1afad7cfd9f8fb3ba3b2b5,c2e0143bfe35b539bdbec9971e83fa9f9ab78034,26389,https://github.com/go-gitea/gitea/issues/26389,https://github.com/go-gitea/gitea/tree/906e253d5e596d258c1afad7cfd9f8fb3ba3b2b5,https://github.com/go-gitea/gitea/tree/c2e0143bfe35b539bdbec9971e83fa9f9ab78034,https://github.com/go-gitea/gitea/compare/906e253d5e596d258c1afad7cfd9f8fb3ba3b2b5...c2e0143bfe35b539bdbec9971e83fa9f9ab78034
1246,Gitea,f5dbac9d36f1678b928bee04e85fbd045c725698,3a42743b3afbb56209364f77b887b6b0499062cb,26360,https://github.com/go-gitea/gitea/issues/26360,https://github.com/go-gitea/gitea/tree/f5dbac9d36f1678b928bee04e85fbd045c725698,https://github.com/go-gitea/gitea/tree/3a42743b3afbb56209364f77b887b6b0499062cb,https://github.com/go-gitea/gitea/compare/f5dbac9d36f1678b928bee04e85fbd045c725698...3a42743b3afbb56209364f77b887b6b0499062cb
1247,Gitea,63ab92d7971e4931e98f014f2c5385d2242fa780,a85a8628042c788ce2b372a29ca1cefab544f1ed,26408,https://github.com/go-gitea/gitea/issues/26408,https://github.com/go-gitea/gitea/tree/63ab92d7971e4931e98f014f2c5385d2242fa780,https://github.com/go-gitea/gitea/tree/a85a8628042c788ce2b372a29ca1cefab544f1ed,https://github.com/go-gitea/gitea/compare/63ab92d7971e4931e98f014f2c5385d2242fa780...a85a8628042c788ce2b372a29ca1cefab544f1ed
1248,Gitea,daf709286397c30d12a75f5c7bb262486f531143,e6f8e9318b1984d3e735bff0d2eca4a22906973d,26310,https://github.com/go-gitea/gitea/issues/26310,https://github.com/go-gitea/gitea/tree/daf709286397c30d12a75f5c7bb262486f531143,https://github.com/go-gitea/gitea/tree/e6f8e9318b1984d3e735bff0d2eca4a22906973d,https://github.com/go-gitea/gitea/compare/daf709286397c30d12a75f5c7bb262486f531143...e6f8e9318b1984d3e735bff0d2eca4a22906973d
1249,Gitea,24fbf4e0592713633144c3fc9a04f64d790f99b0,e4b1ea6f15790b3ce918a29404f93353d7143a1c,26277,https://github.com/go-gitea/gitea/issues/26277,https://github.com/go-gitea/gitea/tree/24fbf4e0592713633144c3fc9a04f64d790f99b0,https://github.com/go-gitea/gitea/tree/e4b1ea6f15790b3ce918a29404f93353d7143a1c,https://github.com/go-gitea/gitea/compare/24fbf4e0592713633144c3fc9a04f64d790f99b0...e4b1ea6f15790b3ce918a29404f93353d7143a1c
1250,Gitea,a85a8628042c788ce2b372a29ca1cefab544f1ed,36eb3c433ae384f21beec63eb648141fb9dba676,26129,https://github.com/go-gitea/gitea/issues/26129,https://github.com/go-gitea/gitea/tree/a85a8628042c788ce2b372a29ca1cefab544f1ed,https://github.com/go-gitea/gitea/tree/36eb3c433ae384f21beec63eb648141fb9dba676,https://github.com/go-gitea/gitea/compare/a85a8628042c788ce2b372a29ca1cefab544f1ed...36eb3c433ae384f21beec63eb648141fb9dba676
1251,Gitea,918d0f033d93043b4b107408da8ff612d39e6868,7a69d71733b5a01b6bb9a9b32c4e13afa5fe6c96,26427,https://github.com/go-gitea/gitea/issues/26427,https://github.com/go-gitea/gitea/tree/918d0f033d93043b4b107408da8ff612d39e6868,https://github.com/go-gitea/gitea/tree/7a69d71733b5a01b6bb9a9b32c4e13afa5fe6c96,https://github.com/go-gitea/gitea/compare/918d0f033d93043b4b107408da8ff612d39e6868...7a69d71733b5a01b6bb9a9b32c4e13afa5fe6c96
1252,Gitea,1772814605d6c4ba70d20a525ccb5ef4c591f66a,bfef7d47359117a38cc68d558a16259f0668675c,25842,https://github.com/go-gitea/gitea/issues/25842,https://github.com/go-gitea/gitea/tree/1772814605d6c4ba70d20a525ccb5ef4c591f66a,https://github.com/go-gitea/gitea/tree/bfef7d47359117a38cc68d558a16259f0668675c,https://github.com/go-gitea/gitea/compare/1772814605d6c4ba70d20a525ccb5ef4c591f66a...bfef7d47359117a38cc68d558a16259f0668675c
1253,Gitea,7e382a55558d4a8719e8493de5455883a2003759,f3fbb7c67d21c01a58653c7ef9ae0e80dbb4becd,25914,https://github.com/go-gitea/gitea/issues/25914,https://github.com/go-gitea/gitea/tree/7e382a55558d4a8719e8493de5455883a2003759,https://github.com/go-gitea/gitea/tree/f3fbb7c67d21c01a58653c7ef9ae0e80dbb4becd,https://github.com/go-gitea/gitea/compare/7e382a55558d4a8719e8493de5455883a2003759...f3fbb7c67d21c01a58653c7ef9ae0e80dbb4becd
1254,Gitea,56b6b2b88ef175cc18d2ccdb86c220e885a24262,ecd51f710b7b08eddc952d518f0d097367221388,25564,https://github.com/go-gitea/gitea/issues/25564,https://github.com/go-gitea/gitea/tree/56b6b2b88ef175cc18d2ccdb86c220e885a24262,https://github.com/go-gitea/gitea/tree/ecd51f710b7b08eddc952d518f0d097367221388,https://github.com/go-gitea/gitea/compare/56b6b2b88ef175cc18d2ccdb86c220e885a24262...ecd51f710b7b08eddc952d518f0d097367221388
1255,Gitea,82f6e3d8454ca5848a40691b741535a35b5fcae8,7e75e58ae47f9951deaf9213955f7e84e9b67821,26536,https://github.com/go-gitea/gitea/issues/26536,https://github.com/go-gitea/gitea/tree/82f6e3d8454ca5848a40691b741535a35b5fcae8,https://github.com/go-gitea/gitea/tree/7e75e58ae47f9951deaf9213955f7e84e9b67821,https://github.com/go-gitea/gitea/compare/82f6e3d8454ca5848a40691b741535a35b5fcae8...7e75e58ae47f9951deaf9213955f7e84e9b67821
1256,Gitea,c2e0143bfe35b539bdbec9971e83fa9f9ab78034,220f236ff550edd670fbe660eb6dcbeb7552a061,26371,https://github.com/go-gitea/gitea/issues/26371,https://github.com/go-gitea/gitea/tree/c2e0143bfe35b539bdbec9971e83fa9f9ab78034,https://github.com/go-gitea/gitea/tree/220f236ff550edd670fbe660eb6dcbeb7552a061,https://github.com/go-gitea/gitea/compare/c2e0143bfe35b539bdbec9971e83fa9f9ab78034...220f236ff550edd670fbe660eb6dcbeb7552a061
1257,Gitea,220f236ff550edd670fbe660eb6dcbeb7552a061,d41aee1d1e1cb07ccf71330dd3414beff603e48a,26367,https://github.com/go-gitea/gitea/issues/26367,https://github.com/go-gitea/gitea/tree/220f236ff550edd670fbe660eb6dcbeb7552a061,https://github.com/go-gitea/gitea/tree/d41aee1d1e1cb07ccf71330dd3414beff603e48a,https://github.com/go-gitea/gitea/compare/220f236ff550edd670fbe660eb6dcbeb7552a061...d41aee1d1e1cb07ccf71330dd3414beff603e48a
1258,Gitea,445dbda2768500d2eb08382d2adf0798d67c1a6e,e5b3f53d36b69ce73cf2870cddd13cd15a799424,26525,https://github.com/go-gitea/gitea/issues/26525,https://github.com/go-gitea/gitea/tree/445dbda2768500d2eb08382d2adf0798d67c1a6e,https://github.com/go-gitea/gitea/tree/e5b3f53d36b69ce73cf2870cddd13cd15a799424,https://github.com/go-gitea/gitea/compare/445dbda2768500d2eb08382d2adf0798d67c1a6e...e5b3f53d36b69ce73cf2870cddd13cd15a799424
1259,Gitea,c5888eb9854f5a04d5e796f2a53c64c9fc4c0cba,a321a4c2fce9eb6c72f4dda0ee9928e56e9ec223,25984,https://github.com/go-gitea/gitea/issues/25984,https://github.com/go-gitea/gitea/tree/c5888eb9854f5a04d5e796f2a53c64c9fc4c0cba,https://github.com/go-gitea/gitea/tree/a321a4c2fce9eb6c72f4dda0ee9928e56e9ec223,https://github.com/go-gitea/gitea/compare/c5888eb9854f5a04d5e796f2a53c64c9fc4c0cba...a321a4c2fce9eb6c72f4dda0ee9928e56e9ec223
1260,Gitea,30e5278d1b365d5f57ad1e48da803c07ce78ab6c,48c4a7e75cf2717f00c9691ca26688aa4db0a17a,25650,https://github.com/go-gitea/gitea/issues/25650,https://github.com/go-gitea/gitea/tree/30e5278d1b365d5f57ad1e48da803c07ce78ab6c,https://github.com/go-gitea/gitea/tree/48c4a7e75cf2717f00c9691ca26688aa4db0a17a,https://github.com/go-gitea/gitea/compare/30e5278d1b365d5f57ad1e48da803c07ce78ab6c...48c4a7e75cf2717f00c9691ca26688aa4db0a17a
1261,Gitea,ead52dd96ca86617ecddd819f23322d71c63d01f,84d05516dc430a7fbaf0572e976771e6785e208a,26551,https://github.com/go-gitea/gitea/issues/26551,https://github.com/go-gitea/gitea/tree/ead52dd96ca86617ecddd819f23322d71c63d01f,https://github.com/go-gitea/gitea/tree/84d05516dc430a7fbaf0572e976771e6785e208a,https://github.com/go-gitea/gitea/compare/ead52dd96ca86617ecddd819f23322d71c63d01f...84d05516dc430a7fbaf0572e976771e6785e208a
1262,Gitea,16aee56e6a6a23d71465c703df796e6e8a274aad,c6b92c84fe5e4b1fad1711611d8a0d453fd7e311,26509,https://github.com/go-gitea/gitea/issues/26509,https://github.com/go-gitea/gitea/tree/16aee56e6a6a23d71465c703df796e6e8a274aad,https://github.com/go-gitea/gitea/tree/c6b92c84fe5e4b1fad1711611d8a0d453fd7e311,https://github.com/go-gitea/gitea/compare/16aee56e6a6a23d71465c703df796e6e8a274aad...c6b92c84fe5e4b1fad1711611d8a0d453fd7e311
1263,Gitea,bfef7d47359117a38cc68d558a16259f0668675c,f42cd4561b6ef622b029deedecb2f3e29828a7cb,26394,https://github.com/go-gitea/gitea/issues/26394,https://github.com/go-gitea/gitea/tree/bfef7d47359117a38cc68d558a16259f0668675c,https://github.com/go-gitea/gitea/tree/f42cd4561b6ef622b029deedecb2f3e29828a7cb,https://github.com/go-gitea/gitea/compare/bfef7d47359117a38cc68d558a16259f0668675c...f42cd4561b6ef622b029deedecb2f3e29828a7cb
1264,Gitea,5feef6d5c004f2819f11f24049963759f79d3bd0,f00fdd1abdf8d32acc96546da724946d5d5cb4c5,26334,https://github.com/go-gitea/gitea/issues/26334,https://github.com/go-gitea/gitea/tree/5feef6d5c004f2819f11f24049963759f79d3bd0,https://github.com/go-gitea/gitea/tree/f00fdd1abdf8d32acc96546da724946d5d5cb4c5,https://github.com/go-gitea/gitea/compare/5feef6d5c004f2819f11f24049963759f79d3bd0...f00fdd1abdf8d32acc96546da724946d5d5cb4c5
1265,Gitea,b658f2c61bc70f0ce79d1be7eb1d7654273716e3,fe2b9274b13f33fdfa77e2ae46f63b31a92a810a,26537,https://github.com/go-gitea/gitea/issues/26537,https://github.com/go-gitea/gitea/tree/b658f2c61bc70f0ce79d1be7eb1d7654273716e3,https://github.com/go-gitea/gitea/tree/fe2b9274b13f33fdfa77e2ae46f63b31a92a810a,https://github.com/go-gitea/gitea/compare/b658f2c61bc70f0ce79d1be7eb1d7654273716e3...fe2b9274b13f33fdfa77e2ae46f63b31a92a810a
1266,Gitea,23addde28ebd69ef2c1cec6a63123c87ec8bffe9,7934602a4ccaba7f398490ca739988a0b6f5ca2a,26617,https://github.com/go-gitea/gitea/issues/26617,https://github.com/go-gitea/gitea/tree/23addde28ebd69ef2c1cec6a63123c87ec8bffe9,https://github.com/go-gitea/gitea/tree/7934602a4ccaba7f398490ca739988a0b6f5ca2a,https://github.com/go-gitea/gitea/compare/23addde28ebd69ef2c1cec6a63123c87ec8bffe9...7934602a4ccaba7f398490ca739988a0b6f5ca2a
1267,Gitea,75689b8973ccf149b39f9b883fe312ca993ba6bc,8f2e2878e576e824bce8f477f669ce78b158ede8,26537,https://github.com/go-gitea/gitea/issues/26537,https://github.com/go-gitea/gitea/tree/75689b8973ccf149b39f9b883fe312ca993ba6bc,https://github.com/go-gitea/gitea/tree/8f2e2878e576e824bce8f477f669ce78b158ede8,https://github.com/go-gitea/gitea/compare/75689b8973ccf149b39f9b883fe312ca993ba6bc...8f2e2878e576e824bce8f477f669ce78b158ede8
1268,Gitea,facdaee47b49f163e6927cc021eace18940ad441,16dee4f1b251eec933a6c32520dc0e285a3d6f42,26591,https://github.com/go-gitea/gitea/issues/26591,https://github.com/go-gitea/gitea/tree/facdaee47b49f163e6927cc021eace18940ad441,https://github.com/go-gitea/gitea/tree/16dee4f1b251eec933a6c32520dc0e285a3d6f42,https://github.com/go-gitea/gitea/compare/facdaee47b49f163e6927cc021eace18940ad441...16dee4f1b251eec933a6c32520dc0e285a3d6f42
1269,Gitea,3db3f5daaeea38a9a8d8ec1a05d864e288338f82,3be80a863b6ef3671605a20800d8e2122d758ec5,26526,https://github.com/go-gitea/gitea/issues/26526,https://github.com/go-gitea/gitea/tree/3db3f5daaeea38a9a8d8ec1a05d864e288338f82,https://github.com/go-gitea/gitea/tree/3be80a863b6ef3671605a20800d8e2122d758ec5,https://github.com/go-gitea/gitea/compare/3db3f5daaeea38a9a8d8ec1a05d864e288338f82...3be80a863b6ef3671605a20800d8e2122d758ec5
1270,Gitea,412e5c0946fc5b83456685bc2fb1aed682228f57,7b05d66e600f465d283a63f125e6202eb8faac30,26622,https://github.com/go-gitea/gitea/issues/26622,https://github.com/go-gitea/gitea/tree/412e5c0946fc5b83456685bc2fb1aed682228f57,https://github.com/go-gitea/gitea/tree/7b05d66e600f465d283a63f125e6202eb8faac30,https://github.com/go-gitea/gitea/compare/412e5c0946fc5b83456685bc2fb1aed682228f57...7b05d66e600f465d283a63f125e6202eb8faac30
1271,Gitea,4fdb09de588fb1ff32184411df80d5d59333b94c,5914a2f8c04420bf47bd3a9f923e70b67a1f4b99,25830,https://github.com/go-gitea/gitea/issues/25830,https://github.com/go-gitea/gitea/tree/4fdb09de588fb1ff32184411df80d5d59333b94c,https://github.com/go-gitea/gitea/tree/5914a2f8c04420bf47bd3a9f923e70b67a1f4b99,https://github.com/go-gitea/gitea/compare/4fdb09de588fb1ff32184411df80d5d59333b94c...5914a2f8c04420bf47bd3a9f923e70b67a1f4b99
1272,Gitea,aeeeac8edfe857e24a92a74735c0484643861822,60ca3d04a4aea43258798bae7579acdabdef82eb,26491,https://github.com/go-gitea/gitea/issues/26491,https://github.com/go-gitea/gitea/tree/aeeeac8edfe857e24a92a74735c0484643861822,https://github.com/go-gitea/gitea/tree/60ca3d04a4aea43258798bae7579acdabdef82eb,https://github.com/go-gitea/gitea/compare/aeeeac8edfe857e24a92a74735c0484643861822...60ca3d04a4aea43258798bae7579acdabdef82eb
1273,Gitea,60ca3d04a4aea43258798bae7579acdabdef82eb,c576b50441a62201c2c17de5cfd003c941a3479b,24585,https://github.com/go-gitea/gitea/issues/24585,https://github.com/go-gitea/gitea/tree/60ca3d04a4aea43258798bae7579acdabdef82eb,https://github.com/go-gitea/gitea/tree/c576b50441a62201c2c17de5cfd003c941a3479b,https://github.com/go-gitea/gitea/compare/60ca3d04a4aea43258798bae7579acdabdef82eb...c576b50441a62201c2c17de5cfd003c941a3479b
1274,Gitea,008f5d8cf1c40b96f43b19ecf48240fc4b86e3f0,915cabdb14450ea5dcfc74ec55bb22d8cb0f29b1,26686,https://github.com/go-gitea/gitea/issues/26686,https://github.com/go-gitea/gitea/tree/008f5d8cf1c40b96f43b19ecf48240fc4b86e3f0,https://github.com/go-gitea/gitea/tree/915cabdb14450ea5dcfc74ec55bb22d8cb0f29b1,https://github.com/go-gitea/gitea/compare/008f5d8cf1c40b96f43b19ecf48240fc4b86e3f0...915cabdb14450ea5dcfc74ec55bb22d8cb0f29b1
1275,Gitea,508de3a58d79009992df0e5f0cf1acedbac500bb,815d267c8031daa19b82b291a6393a54715567c0,25565,https://github.com/go-gitea/gitea/issues/25565,https://github.com/go-gitea/gitea/tree/508de3a58d79009992df0e5f0cf1acedbac500bb,https://github.com/go-gitea/gitea/tree/815d267c8031daa19b82b291a6393a54715567c0,https://github.com/go-gitea/gitea/compare/508de3a58d79009992df0e5f0cf1acedbac500bb...815d267c8031daa19b82b291a6393a54715567c0
1276,Gitea,4544b2a9a3cbab2d92edcc2115e8d79ba03118b0,98f2bf23bc57d734471a08e396c687be6d194313,26138,https://github.com/go-gitea/gitea/issues/26138,https://github.com/go-gitea/gitea/tree/4544b2a9a3cbab2d92edcc2115e8d79ba03118b0,https://github.com/go-gitea/gitea/tree/98f2bf23bc57d734471a08e396c687be6d194313,https://github.com/go-gitea/gitea/compare/4544b2a9a3cbab2d92edcc2115e8d79ba03118b0...98f2bf23bc57d734471a08e396c687be6d194313
1277,Gitea,3d109861ddf95846905143b4cf39129bf253161e,5b5bb8d3546e6504b689b01d3ac4897dda3aee3d,25939,https://github.com/go-gitea/gitea/issues/25939,https://github.com/go-gitea/gitea/tree/3d109861ddf95846905143b4cf39129bf253161e,https://github.com/go-gitea/gitea/tree/5b5bb8d3546e6504b689b01d3ac4897dda3aee3d,https://github.com/go-gitea/gitea/compare/3d109861ddf95846905143b4cf39129bf253161e...5b5bb8d3546e6504b689b01d3ac4897dda3aee3d
1278,Gitea,3b91b2d6b12b9c9c18406f484775925bbd557618,5db21ce7e10ba78ede8841bea9db7a63adbececb,26361,https://github.com/go-gitea/gitea/issues/26361,https://github.com/go-gitea/gitea/tree/3b91b2d6b12b9c9c18406f484775925bbd557618,https://github.com/go-gitea/gitea/tree/5db21ce7e10ba78ede8841bea9db7a63adbececb,https://github.com/go-gitea/gitea/compare/3b91b2d6b12b9c9c18406f484775925bbd557618...5db21ce7e10ba78ede8841bea9db7a63adbececb
1279,Gitea,3b91b2d6b12b9c9c18406f484775925bbd557618,5db21ce7e10ba78ede8841bea9db7a63adbececb,26653,https://github.com/go-gitea/gitea/issues/26653,https://github.com/go-gitea/gitea/tree/3b91b2d6b12b9c9c18406f484775925bbd557618,https://github.com/go-gitea/gitea/tree/5db21ce7e10ba78ede8841bea9db7a63adbececb,https://github.com/go-gitea/gitea/compare/3b91b2d6b12b9c9c18406f484775925bbd557618...5db21ce7e10ba78ede8841bea9db7a63adbececb
1280,Gitea,02efd990102481e8d6bd577d4feb874187a00182,04771b5ff79152a47aecce4b2b445daa4a96da33,24944,https://github.com/go-gitea/gitea/issues/24944,https://github.com/go-gitea/gitea/tree/02efd990102481e8d6bd577d4feb874187a00182,https://github.com/go-gitea/gitea/tree/04771b5ff79152a47aecce4b2b445daa4a96da33,https://github.com/go-gitea/gitea/compare/02efd990102481e8d6bd577d4feb874187a00182...04771b5ff79152a47aecce4b2b445daa4a96da33
1281,Gitea,576644d81555cfcd7c865d444285cad64cc0b9ec,4fdb09de588fb1ff32184411df80d5d59333b94c,26731,https://github.com/go-gitea/gitea/issues/26731,https://github.com/go-gitea/gitea/tree/576644d81555cfcd7c865d444285cad64cc0b9ec,https://github.com/go-gitea/gitea/tree/4fdb09de588fb1ff32184411df80d5d59333b94c,https://github.com/go-gitea/gitea/compare/576644d81555cfcd7c865d444285cad64cc0b9ec...4fdb09de588fb1ff32184411df80d5d59333b94c
1282,Gitea,67daa7bcb0cfd3cd7e5efa8667021a7e422f4bdf,6945918d34ecc855c99bfc7d7773c3a2d60a3565,26684,https://github.com/go-gitea/gitea/issues/26684,https://github.com/go-gitea/gitea/tree/67daa7bcb0cfd3cd7e5efa8667021a7e422f4bdf,https://github.com/go-gitea/gitea/tree/6945918d34ecc855c99bfc7d7773c3a2d60a3565,https://github.com/go-gitea/gitea/compare/67daa7bcb0cfd3cd7e5efa8667021a7e422f4bdf...6945918d34ecc855c99bfc7d7773c3a2d60a3565
1283,Gitea,42cbe6005adfe6e1440cdc9c15a05996f065bf83,8cf3b61fb9e43c773f3ca975874d0f0e69210d44,26559,https://github.com/go-gitea/gitea/issues/26559,https://github.com/go-gitea/gitea/tree/42cbe6005adfe6e1440cdc9c15a05996f065bf83,https://github.com/go-gitea/gitea/tree/8cf3b61fb9e43c773f3ca975874d0f0e69210d44,https://github.com/go-gitea/gitea/compare/42cbe6005adfe6e1440cdc9c15a05996f065bf83...8cf3b61fb9e43c773f3ca975874d0f0e69210d44
1284,Gitea,c802c46a9beeaed44d41f50de31a4db146cdd8f7,f1fe102c8c9146f8cb997779a4e802691cd1d366,18808,https://github.com/go-gitea/gitea/issues/18808,https://github.com/go-gitea/gitea/tree/c802c46a9beeaed44d41f50de31a4db146cdd8f7,https://github.com/go-gitea/gitea/tree/f1fe102c8c9146f8cb997779a4e802691cd1d366,https://github.com/go-gitea/gitea/compare/c802c46a9beeaed44d41f50de31a4db146cdd8f7...f1fe102c8c9146f8cb997779a4e802691cd1d366
1285,Gitea,1ee4882b8827c3fc5feb7fd87559e1f292da41ea,d1dca38a2a92f59c7fd071f1f348caa264f18c62,26782,https://github.com/go-gitea/gitea/issues/26782,https://github.com/go-gitea/gitea/tree/1ee4882b8827c3fc5feb7fd87559e1f292da41ea,https://github.com/go-gitea/gitea/tree/d1dca38a2a92f59c7fd071f1f348caa264f18c62,https://github.com/go-gitea/gitea/compare/1ee4882b8827c3fc5feb7fd87559e1f292da41ea...d1dca38a2a92f59c7fd071f1f348caa264f18c62
1286,Gitea,dd6e8ab57bedf94cacec176b28420d5cb25fc0e9,de68953bac232bba4d74f9576ef941753dcb2131,26989,https://github.com/go-gitea/gitea/issues/26989,https://github.com/go-gitea/gitea/tree/dd6e8ab57bedf94cacec176b28420d5cb25fc0e9,https://github.com/go-gitea/gitea/tree/de68953bac232bba4d74f9576ef941753dcb2131,https://github.com/go-gitea/gitea/compare/dd6e8ab57bedf94cacec176b28420d5cb25fc0e9...de68953bac232bba4d74f9576ef941753dcb2131
1287,Gitea,de68953bac232bba4d74f9576ef941753dcb2131,e7745c94f8ca78d4c7892968ca1a1b00326a7bbd,26977,https://github.com/go-gitea/gitea/issues/26977,https://github.com/go-gitea/gitea/tree/de68953bac232bba4d74f9576ef941753dcb2131,https://github.com/go-gitea/gitea/tree/e7745c94f8ca78d4c7892968ca1a1b00326a7bbd,https://github.com/go-gitea/gitea/compare/de68953bac232bba4d74f9576ef941753dcb2131...e7745c94f8ca78d4c7892968ca1a1b00326a7bbd
1288,Gitea,ebff0513dbe8abd2c9807789c006f41d002416b5,1875362383eee4dde08376591495584313c3a39f,27012,https://github.com/go-gitea/gitea/issues/27012,https://github.com/go-gitea/gitea/tree/ebff0513dbe8abd2c9807789c006f41d002416b5,https://github.com/go-gitea/gitea/tree/1875362383eee4dde08376591495584313c3a39f,https://github.com/go-gitea/gitea/compare/ebff0513dbe8abd2c9807789c006f41d002416b5...1875362383eee4dde08376591495584313c3a39f
1289,Gitea,460a2b0edffe71d9e64633beaa1071fcf4a33369,958d148043a6ace08776b1fd5ec0a5859144dea0,26826,https://github.com/go-gitea/gitea/issues/26826,https://github.com/go-gitea/gitea/tree/460a2b0edffe71d9e64633beaa1071fcf4a33369,https://github.com/go-gitea/gitea/tree/958d148043a6ace08776b1fd5ec0a5859144dea0,https://github.com/go-gitea/gitea/compare/460a2b0edffe71d9e64633beaa1071fcf4a33369...958d148043a6ace08776b1fd5ec0a5859144dea0
1290,Gitea,a7d9a70552410d797cefc87b177b33ca4a1a60c4,b3d88ada01c5bafe0581dc129fabe35a6faa3a85,26934,https://github.com/go-gitea/gitea/issues/26934,https://github.com/go-gitea/gitea/tree/a7d9a70552410d797cefc87b177b33ca4a1a60c4,https://github.com/go-gitea/gitea/tree/b3d88ada01c5bafe0581dc129fabe35a6faa3a85,https://github.com/go-gitea/gitea/compare/a7d9a70552410d797cefc87b177b33ca4a1a60c4...b3d88ada01c5bafe0581dc129fabe35a6faa3a85
1291,Gitea,b9df9fa2e22d0bbf66a549183749b9dfaca6bd2f,2715ef6558a3a89ab1acf8cdfb642bbf849293d3,26931,https://github.com/go-gitea/gitea/issues/26931,https://github.com/go-gitea/gitea/tree/b9df9fa2e22d0bbf66a549183749b9dfaca6bd2f,https://github.com/go-gitea/gitea/tree/2715ef6558a3a89ab1acf8cdfb642bbf849293d3,https://github.com/go-gitea/gitea/compare/b9df9fa2e22d0bbf66a549183749b9dfaca6bd2f...2715ef6558a3a89ab1acf8cdfb642bbf849293d3
1292,Gitea,ffa4949eaaf645995c5a20cd302d0256417b97ed,9c0a3532a4765263f279caeabd7f696372ce1d1f,26971,https://github.com/go-gitea/gitea/issues/26971,https://github.com/go-gitea/gitea/tree/ffa4949eaaf645995c5a20cd302d0256417b97ed,https://github.com/go-gitea/gitea/tree/9c0a3532a4765263f279caeabd7f696372ce1d1f,https://github.com/go-gitea/gitea/compare/ffa4949eaaf645995c5a20cd302d0256417b97ed...9c0a3532a4765263f279caeabd7f696372ce1d1f
1293,Gitea,e5ec57cd608a81be6e0a6b897b165e9b322ceab4,d513628db90415a27e887c3cf349309b3ad44d55,27090,https://github.com/go-gitea/gitea/issues/27090,https://github.com/go-gitea/gitea/tree/e5ec57cd608a81be6e0a6b897b165e9b322ceab4,https://github.com/go-gitea/gitea/tree/d513628db90415a27e887c3cf349309b3ad44d55,https://github.com/go-gitea/gitea/compare/e5ec57cd608a81be6e0a6b897b165e9b322ceab4...d513628db90415a27e887c3cf349309b3ad44d55
1294,Gitea,8531ca08372dd4a4739564dec17766fffe34a385,f93ee5937bcb43aaf1e3b527d852487e80ae570b,26234,https://github.com/go-gitea/gitea/issues/26234,https://github.com/go-gitea/gitea/tree/8531ca08372dd4a4739564dec17766fffe34a385,https://github.com/go-gitea/gitea/tree/f93ee5937bcb43aaf1e3b527d852487e80ae570b,https://github.com/go-gitea/gitea/compare/8531ca08372dd4a4739564dec17766fffe34a385...f93ee5937bcb43aaf1e3b527d852487e80ae570b
1295,Gitea,218e719ea86883bee75d02684d4bf07f95fa4f55,2f8e1604f825ab862ba1b182dda47d9dee40aace,27019,https://github.com/go-gitea/gitea/issues/27019,https://github.com/go-gitea/gitea/tree/218e719ea86883bee75d02684d4bf07f95fa4f55,https://github.com/go-gitea/gitea/tree/2f8e1604f825ab862ba1b182dda47d9dee40aace,https://github.com/go-gitea/gitea/compare/218e719ea86883bee75d02684d4bf07f95fa4f55...2f8e1604f825ab862ba1b182dda47d9dee40aace
1296,Gitea,f3f445862e0962b673b5e0d3d12b00c3f7001d85,efecbbaca15e5b28cd6d6356f99612d062678b8a,27072,https://github.com/go-gitea/gitea/issues/27072,https://github.com/go-gitea/gitea/tree/f3f445862e0962b673b5e0d3d12b00c3f7001d85,https://github.com/go-gitea/gitea/tree/efecbbaca15e5b28cd6d6356f99612d062678b8a,https://github.com/go-gitea/gitea/compare/f3f445862e0962b673b5e0d3d12b00c3f7001d85...efecbbaca15e5b28cd6d6356f99612d062678b8a
1297,Gitea,198a9ca6350954a6d3327a408021fec2bc0fc805,8d0343e028cf5b1794ba2bfebf23c863e340d108,27060,https://github.com/go-gitea/gitea/issues/27060,https://github.com/go-gitea/gitea/tree/198a9ca6350954a6d3327a408021fec2bc0fc805,https://github.com/go-gitea/gitea/tree/8d0343e028cf5b1794ba2bfebf23c863e340d108,https://github.com/go-gitea/gitea/compare/198a9ca6350954a6d3327a408021fec2bc0fc805...8d0343e028cf5b1794ba2bfebf23c863e340d108
1298,Gitea,2f8e1604f825ab862ba1b182dda47d9dee40aace,c2cabe7b285684eb3197f99aa91bb184674e8461,27166,https://github.com/go-gitea/gitea/issues/27166,https://github.com/go-gitea/gitea/tree/2f8e1604f825ab862ba1b182dda47d9dee40aace,https://github.com/go-gitea/gitea/tree/c2cabe7b285684eb3197f99aa91bb184674e8461,https://github.com/go-gitea/gitea/compare/2f8e1604f825ab862ba1b182dda47d9dee40aace...c2cabe7b285684eb3197f99aa91bb184674e8461
1299,Gitea,c2cabe7b285684eb3197f99aa91bb184674e8461,1f026bcb7eecad0b98d65089bb7fe5986b337d7d,27173,https://github.com/go-gitea/gitea/issues/27173,https://github.com/go-gitea/gitea/tree/c2cabe7b285684eb3197f99aa91bb184674e8461,https://github.com/go-gitea/gitea/tree/1f026bcb7eecad0b98d65089bb7fe5986b337d7d,https://github.com/go-gitea/gitea/compare/c2cabe7b285684eb3197f99aa91bb184674e8461...1f026bcb7eecad0b98d65089bb7fe5986b337d7d
1300,Gitea,5e02e3b7ee8294e2ec94968ece9af56bf1aa1534,968be05bccbb117e53c107fbaf7b706a8d4027a3,27306,https://github.com/go-gitea/gitea/issues/27306,https://github.com/go-gitea/gitea/tree/5e02e3b7ee8294e2ec94968ece9af56bf1aa1534,https://github.com/go-gitea/gitea/tree/968be05bccbb117e53c107fbaf7b706a8d4027a3,https://github.com/go-gitea/gitea/compare/5e02e3b7ee8294e2ec94968ece9af56bf1aa1534...968be05bccbb117e53c107fbaf7b706a8d4027a3
1301,Gitea,4f169e4b47bccf314678eeb1da466cbbbef134e5,7d14aa062f71b5b23e26dbf344f23e6a520eb775,27361,https://github.com/go-gitea/gitea/issues/27361,https://github.com/go-gitea/gitea/tree/4f169e4b47bccf314678eeb1da466cbbbef134e5,https://github.com/go-gitea/gitea/tree/7d14aa062f71b5b23e26dbf344f23e6a520eb775,https://github.com/go-gitea/gitea/compare/4f169e4b47bccf314678eeb1da466cbbbef134e5...7d14aa062f71b5b23e26dbf344f23e6a520eb775
1302,Gitea,6e87a44034af3cfef1ceed3d653b3851ec2c1118,7ad31567cdc8206e0080b851a9b880729266b084,27049,https://github.com/go-gitea/gitea/issues/27049,https://github.com/go-gitea/gitea/tree/6e87a44034af3cfef1ceed3d653b3851ec2c1118,https://github.com/go-gitea/gitea/tree/7ad31567cdc8206e0080b851a9b880729266b084,https://github.com/go-gitea/gitea/compare/6e87a44034af3cfef1ceed3d653b3851ec2c1118...7ad31567cdc8206e0080b851a9b880729266b084
1303,Gitea,624c0ba920d8e01933f2be40797fa0c768378b89,caef9f950334c95c4b6e2f362fa6766c317419ea,27389,https://github.com/go-gitea/gitea/issues/27389,https://github.com/go-gitea/gitea/tree/624c0ba920d8e01933f2be40797fa0c768378b89,https://github.com/go-gitea/gitea/tree/caef9f950334c95c4b6e2f362fa6766c317419ea,https://github.com/go-gitea/gitea/compare/624c0ba920d8e01933f2be40797fa0c768378b89...caef9f950334c95c4b6e2f362fa6766c317419ea
1304,Gitea,6b65c41ebff6a59a266247bdbbce3d012cd05ffd,6e87a44034af3cfef1ceed3d653b3851ec2c1118,26165,https://github.com/go-gitea/gitea/issues/26165,https://github.com/go-gitea/gitea/tree/6b65c41ebff6a59a266247bdbbce3d012cd05ffd,https://github.com/go-gitea/gitea/tree/6e87a44034af3cfef1ceed3d653b3851ec2c1118,https://github.com/go-gitea/gitea/compare/6b65c41ebff6a59a266247bdbbce3d012cd05ffd...6e87a44034af3cfef1ceed3d653b3851ec2c1118
1305,Gitea,6b65c41ebff6a59a266247bdbbce3d012cd05ffd,6e87a44034af3cfef1ceed3d653b3851ec2c1118,25257,https://github.com/go-gitea/gitea/issues/25257,https://github.com/go-gitea/gitea/tree/6b65c41ebff6a59a266247bdbbce3d012cd05ffd,https://github.com/go-gitea/gitea/tree/6e87a44034af3cfef1ceed3d653b3851ec2c1118,https://github.com/go-gitea/gitea/compare/6b65c41ebff6a59a266247bdbbce3d012cd05ffd...6e87a44034af3cfef1ceed3d653b3851ec2c1118
1306,Gitea,74763f50aed7a1d9453a8da29da7c7a1a5a4bd56,dd221b9aec6a827da395eaca4f521674bc5be34a,27431,https://github.com/go-gitea/gitea/issues/27431,https://github.com/go-gitea/gitea/tree/74763f50aed7a1d9453a8da29da7c7a1a5a4bd56,https://github.com/go-gitea/gitea/tree/dd221b9aec6a827da395eaca4f521674bc5be34a,https://github.com/go-gitea/gitea/compare/74763f50aed7a1d9453a8da29da7c7a1a5a4bd56...dd221b9aec6a827da395eaca4f521674bc5be34a
1307,Gitea,cbc0b7307d8d5b6eda93bf0c9f26e20c102402f1,df56b1bf926e6ba25fb04f5d7835c65c079f543b,27432,https://github.com/go-gitea/gitea/issues/27432,https://github.com/go-gitea/gitea/tree/cbc0b7307d8d5b6eda93bf0c9f26e20c102402f1,https://github.com/go-gitea/gitea/tree/df56b1bf926e6ba25fb04f5d7835c65c079f543b,https://github.com/go-gitea/gitea/compare/cbc0b7307d8d5b6eda93bf0c9f26e20c102402f1...df56b1bf926e6ba25fb04f5d7835c65c079f543b
1308,Gitea,7ad31567cdc8206e0080b851a9b880729266b084,87aa552531c7845d7d82b004490e48f6aa80e85a,27363,https://github.com/go-gitea/gitea/issues/27363,https://github.com/go-gitea/gitea/tree/7ad31567cdc8206e0080b851a9b880729266b084,https://github.com/go-gitea/gitea/tree/87aa552531c7845d7d82b004490e48f6aa80e85a,https://github.com/go-gitea/gitea/compare/7ad31567cdc8206e0080b851a9b880729266b084...87aa552531c7845d7d82b004490e48f6aa80e85a
1309,Gitea,4636f56e7b519ec74f15f0cfd6ef4a428088a960,112f37c54658427b69012ce94eb0f0fe7d7806a4,27416,https://github.com/go-gitea/gitea/issues/27416,https://github.com/go-gitea/gitea/tree/4636f56e7b519ec74f15f0cfd6ef4a428088a960,https://github.com/go-gitea/gitea/tree/112f37c54658427b69012ce94eb0f0fe7d7806a4,https://github.com/go-gitea/gitea/compare/4636f56e7b519ec74f15f0cfd6ef4a428088a960...112f37c54658427b69012ce94eb0f0fe7d7806a4
1310,Gitea,72c68177ab78d026d25a0a440c35cdbc9723cd98,1f00bc44b276cd3fcb1e880e9b1de90c9bb89e83,26730,https://github.com/go-gitea/gitea/issues/26730,https://github.com/go-gitea/gitea/tree/72c68177ab78d026d25a0a440c35cdbc9723cd98,https://github.com/go-gitea/gitea/tree/1f00bc44b276cd3fcb1e880e9b1de90c9bb89e83,https://github.com/go-gitea/gitea/compare/72c68177ab78d026d25a0a440c35cdbc9723cd98...1f00bc44b276cd3fcb1e880e9b1de90c9bb89e83
1311,Gitea,d1f85525d092dae5091e21a9fae142afdcc7d15e,6c501b149809a7015e58d9627e84bfd593702f95,27631,https://github.com/go-gitea/gitea/issues/27631,https://github.com/go-gitea/gitea/tree/d1f85525d092dae5091e21a9fae142afdcc7d15e,https://github.com/go-gitea/gitea/tree/6c501b149809a7015e58d9627e84bfd593702f95,https://github.com/go-gitea/gitea/compare/d1f85525d092dae5091e21a9fae142afdcc7d15e...6c501b149809a7015e58d9627e84bfd593702f95
1312,Gitea,4e98224a4501238286ee3fd5ed911958951da9b0,83186eca80d2b1586c1a46ff238de32e5a448f95,27650,https://github.com/go-gitea/gitea/issues/27650,https://github.com/go-gitea/gitea/tree/4e98224a4501238286ee3fd5ed911958951da9b0,https://github.com/go-gitea/gitea/tree/83186eca80d2b1586c1a46ff238de32e5a448f95,https://github.com/go-gitea/gitea/compare/4e98224a4501238286ee3fd5ed911958951da9b0...83186eca80d2b1586c1a46ff238de32e5a448f95
1313,Gitea,6c501b149809a7015e58d9627e84bfd593702f95,0271114e6400fc003d96c8499f0c8e43bbb441f9,27596,https://github.com/go-gitea/gitea/issues/27596,https://github.com/go-gitea/gitea/tree/6c501b149809a7015e58d9627e84bfd593702f95,https://github.com/go-gitea/gitea/tree/0271114e6400fc003d96c8499f0c8e43bbb441f9,https://github.com/go-gitea/gitea/compare/6c501b149809a7015e58d9627e84bfd593702f95...0271114e6400fc003d96c8499f0c8e43bbb441f9
1314,Gitea,3602a1987db58da13ee2baa33bb0c36a60e27608,f39256f035a561fbd10955ac40ef5ad4b794f47d,24318,https://github.com/go-gitea/gitea/issues/24318,https://github.com/go-gitea/gitea/tree/3602a1987db58da13ee2baa33bb0c36a60e27608,https://github.com/go-gitea/gitea/tree/f39256f035a561fbd10955ac40ef5ad4b794f47d,https://github.com/go-gitea/gitea/compare/3602a1987db58da13ee2baa33bb0c36a60e27608...f39256f035a561fbd10955ac40ef5ad4b794f47d
1315,Gitea,e80f446d3a0e7f0989dedeb88b09473ad15657a0,10a6ebb3fd9e44ef044ec010b235ca2bf9b456b4,27928,https://github.com/go-gitea/gitea/issues/27928,https://github.com/go-gitea/gitea/tree/e80f446d3a0e7f0989dedeb88b09473ad15657a0,https://github.com/go-gitea/gitea/tree/10a6ebb3fd9e44ef044ec010b235ca2bf9b456b4,https://github.com/go-gitea/gitea/compare/e80f446d3a0e7f0989dedeb88b09473ad15657a0...10a6ebb3fd9e44ef044ec010b235ca2bf9b456b4
1316,Gitea,0999721c7b4d124c1f14bbd067acdcf767542abb,c823af26dbdd631b17bcd8c3f249e44d8adc4708,27913,https://github.com/go-gitea/gitea/issues/27913,https://github.com/go-gitea/gitea/tree/0999721c7b4d124c1f14bbd067acdcf767542abb,https://github.com/go-gitea/gitea/tree/c823af26dbdd631b17bcd8c3f249e44d8adc4708,https://github.com/go-gitea/gitea/compare/0999721c7b4d124c1f14bbd067acdcf767542abb...c823af26dbdd631b17bcd8c3f249e44d8adc4708
1317,Gitea,1c0566f66dcb35b33b0b308356e1b16a26ea906b,61ff91f9603806df2505907614b9006bf721b9c8,27989,https://github.com/go-gitea/gitea/issues/27989,https://github.com/go-gitea/gitea/tree/1c0566f66dcb35b33b0b308356e1b16a26ea906b,https://github.com/go-gitea/gitea/tree/61ff91f9603806df2505907614b9006bf721b9c8,https://github.com/go-gitea/gitea/compare/1c0566f66dcb35b33b0b308356e1b16a26ea906b...61ff91f9603806df2505907614b9006bf721b9c8
1318,Gitea,6c9e196e5457b30716f3939f258dca07567a2637,1c0566f66dcb35b33b0b308356e1b16a26ea906b,27616,https://github.com/go-gitea/gitea/issues/27616,https://github.com/go-gitea/gitea/tree/6c9e196e5457b30716f3939f258dca07567a2637,https://github.com/go-gitea/gitea/tree/1c0566f66dcb35b33b0b308356e1b16a26ea906b,https://github.com/go-gitea/gitea/compare/6c9e196e5457b30716f3939f258dca07567a2637...1c0566f66dcb35b33b0b308356e1b16a26ea906b
1319,Gitea,fce1d5d7dce6a16429d0fe043555eac2c083ae7b,17d246cdcc0bf615ee4ba97a17c0f7e2c2f5f27f,28083,https://github.com/go-gitea/gitea/issues/28083,https://github.com/go-gitea/gitea/tree/fce1d5d7dce6a16429d0fe043555eac2c083ae7b,https://github.com/go-gitea/gitea/tree/17d246cdcc0bf615ee4ba97a17c0f7e2c2f5f27f,https://github.com/go-gitea/gitea/compare/fce1d5d7dce6a16429d0fe043555eac2c083ae7b...17d246cdcc0bf615ee4ba97a17c0f7e2c2f5f27f
1320,Gitea,49dddd87b19aebe83e1c54a455e62529a19f61b4,fce1d5d7dce6a16429d0fe043555eac2c083ae7b,28057,https://github.com/go-gitea/gitea/issues/28057,https://github.com/go-gitea/gitea/tree/49dddd87b19aebe83e1c54a455e62529a19f61b4,https://github.com/go-gitea/gitea/tree/fce1d5d7dce6a16429d0fe043555eac2c083ae7b,https://github.com/go-gitea/gitea/compare/49dddd87b19aebe83e1c54a455e62529a19f61b4...fce1d5d7dce6a16429d0fe043555eac2c083ae7b
1321,Gitea,17d246cdcc0bf615ee4ba97a17c0f7e2c2f5f27f,58f5fa653676fefc9b497e2cc18af976f749273c,28088,https://github.com/go-gitea/gitea/issues/28088,https://github.com/go-gitea/gitea/tree/17d246cdcc0bf615ee4ba97a17c0f7e2c2f5f27f,https://github.com/go-gitea/gitea/tree/58f5fa653676fefc9b497e2cc18af976f749273c,https://github.com/go-gitea/gitea/compare/17d246cdcc0bf615ee4ba97a17c0f7e2c2f5f27f...58f5fa653676fefc9b497e2cc18af976f749273c
1322,Gitea,17d246cdcc0bf615ee4ba97a17c0f7e2c2f5f27f,58f5fa653676fefc9b497e2cc18af976f749273c,28094,https://github.com/go-gitea/gitea/issues/28094,https://github.com/go-gitea/gitea/tree/17d246cdcc0bf615ee4ba97a17c0f7e2c2f5f27f,https://github.com/go-gitea/gitea/tree/58f5fa653676fefc9b497e2cc18af976f749273c,https://github.com/go-gitea/gitea/compare/17d246cdcc0bf615ee4ba97a17c0f7e2c2f5f27f...58f5fa653676fefc9b497e2cc18af976f749273c
1323,Gitea,f586937297d6d77d0c4b1fe877154d7f39763429,5380fd5d6d9fc1f1b280bf39a3906555985987ee,27988,https://github.com/go-gitea/gitea/issues/27988,https://github.com/go-gitea/gitea/tree/f586937297d6d77d0c4b1fe877154d7f39763429,https://github.com/go-gitea/gitea/tree/5380fd5d6d9fc1f1b280bf39a3906555985987ee,https://github.com/go-gitea/gitea/compare/f586937297d6d77d0c4b1fe877154d7f39763429...5380fd5d6d9fc1f1b280bf39a3906555985987ee
1324,Gitea,59f9ef9feebb19337b8a153e6cac0371ca706268,966dcb99e3eb96c466e36316200be341fedc453f,27767,https://github.com/go-gitea/gitea/issues/27767,https://github.com/go-gitea/gitea/tree/59f9ef9feebb19337b8a153e6cac0371ca706268,https://github.com/go-gitea/gitea/tree/966dcb99e3eb96c466e36316200be341fedc453f,https://github.com/go-gitea/gitea/compare/59f9ef9feebb19337b8a153e6cac0371ca706268...966dcb99e3eb96c466e36316200be341fedc453f
1325,Gitea,e31c6cfe6e30341c502302d1c0a03138f8bf5c9f,e88377470a05f7b57a5f421f7af7c03ed66e7983,28052,https://github.com/go-gitea/gitea/issues/28052,https://github.com/go-gitea/gitea/tree/e31c6cfe6e30341c502302d1c0a03138f8bf5c9f,https://github.com/go-gitea/gitea/tree/e88377470a05f7b57a5f421f7af7c03ed66e7983,https://github.com/go-gitea/gitea/compare/e31c6cfe6e30341c502302d1c0a03138f8bf5c9f...e88377470a05f7b57a5f421f7af7c03ed66e7983
1326,Gitea,247927a9b51cea88db6f7d2dee25471339feb51b,0c0d17f17eba7c0fd2a0398be4b671ac2247a864,27901,https://github.com/go-gitea/gitea/issues/27901,https://github.com/go-gitea/gitea/tree/247927a9b51cea88db6f7d2dee25471339feb51b,https://github.com/go-gitea/gitea/tree/0c0d17f17eba7c0fd2a0398be4b671ac2247a864,https://github.com/go-gitea/gitea/compare/247927a9b51cea88db6f7d2dee25471339feb51b...0c0d17f17eba7c0fd2a0398be4b671ac2247a864
1327,Gitea,2ac2796a4c15ba924a7d446c00c4822cd00ed1ba,eacce14546874dbeeda1f3f71dca89e0fc5226e6,28199,https://github.com/go-gitea/gitea/issues/28199,https://github.com/go-gitea/gitea/tree/2ac2796a4c15ba924a7d446c00c4822cd00ed1ba,https://github.com/go-gitea/gitea/tree/eacce14546874dbeeda1f3f71dca89e0fc5226e6,https://github.com/go-gitea/gitea/compare/2ac2796a4c15ba924a7d446c00c4822cd00ed1ba...eacce14546874dbeeda1f3f71dca89e0fc5226e6
1328,Gitea,4d0eba8e0adf64de0bbef9ddb2f77277b1c5af5f,37ed92d6fdb989fd5e56621f33b3e26369933ec2,28097,https://github.com/go-gitea/gitea/issues/28097,https://github.com/go-gitea/gitea/tree/4d0eba8e0adf64de0bbef9ddb2f77277b1c5af5f,https://github.com/go-gitea/gitea/tree/37ed92d6fdb989fd5e56621f33b3e26369933ec2,https://github.com/go-gitea/gitea/compare/4d0eba8e0adf64de0bbef9ddb2f77277b1c5af5f...37ed92d6fdb989fd5e56621f33b3e26369933ec2
1329,Gitea,37ed92d6fdb989fd5e56621f33b3e26369933ec2,778d6043464d60e06af183ae24d764bf3e9fce0f,28173,https://github.com/go-gitea/gitea/issues/28173,https://github.com/go-gitea/gitea/tree/37ed92d6fdb989fd5e56621f33b3e26369933ec2,https://github.com/go-gitea/gitea/tree/778d6043464d60e06af183ae24d764bf3e9fce0f,https://github.com/go-gitea/gitea/compare/37ed92d6fdb989fd5e56621f33b3e26369933ec2...778d6043464d60e06af183ae24d764bf3e9fce0f
1330,Gitea,64cd6e8df5948c5c6b207e42e2e034e8d9bbc11d,b348424c64cb839f1a2dff8f14d4f99969ad2b5f,26765,https://github.com/go-gitea/gitea/issues/26765,https://github.com/go-gitea/gitea/tree/64cd6e8df5948c5c6b207e42e2e034e8d9bbc11d,https://github.com/go-gitea/gitea/tree/b348424c64cb839f1a2dff8f14d4f99969ad2b5f,https://github.com/go-gitea/gitea/compare/64cd6e8df5948c5c6b207e42e2e034e8d9bbc11d...b348424c64cb839f1a2dff8f14d4f99969ad2b5f
1331,Gitea,3618715fab1e5e3a26d1184398bf4134eb45e6e6,14354e4f8edb35b6ff46ea066098fc1d9fe93d5a,28280,https://github.com/go-gitea/gitea/issues/28280,https://github.com/go-gitea/gitea/tree/3618715fab1e5e3a26d1184398bf4134eb45e6e6,https://github.com/go-gitea/gitea/tree/14354e4f8edb35b6ff46ea066098fc1d9fe93d5a,https://github.com/go-gitea/gitea/compare/3618715fab1e5e3a26d1184398bf4134eb45e6e6...14354e4f8edb35b6ff46ea066098fc1d9fe93d5a
1332,Gitea,709a376c518d0cfde10bb911b32fd0ea82c67b52,8572e71a7f0d6e49226a2fade69c02d03580fb92,28224,https://github.com/go-gitea/gitea/issues/28224,https://github.com/go-gitea/gitea/tree/709a376c518d0cfde10bb911b32fd0ea82c67b52,https://github.com/go-gitea/gitea/tree/8572e71a7f0d6e49226a2fade69c02d03580fb92,https://github.com/go-gitea/gitea/compare/709a376c518d0cfde10bb911b32fd0ea82c67b52...8572e71a7f0d6e49226a2fade69c02d03580fb92
1333,Gitea,cbf923e87bca0f50c2c01a60ccf544b63c365e98,52046b934dc619665bc51a59ad5ff9092fab118e,21527,https://github.com/go-gitea/gitea/issues/21527,https://github.com/go-gitea/gitea/tree/cbf923e87bca0f50c2c01a60ccf544b63c365e98,https://github.com/go-gitea/gitea/tree/52046b934dc619665bc51a59ad5ff9092fab118e,https://github.com/go-gitea/gitea/compare/cbf923e87bca0f50c2c01a60ccf544b63c365e98...52046b934dc619665bc51a59ad5ff9092fab118e
1334,Gitea,9947af639c24d185ace096d3f25098ff94c0790e,e85db6c8c37bd0643deb704e857d369288a3ca0f,28463,https://github.com/go-gitea/gitea/issues/28463,https://github.com/go-gitea/gitea/tree/9947af639c24d185ace096d3f25098ff94c0790e,https://github.com/go-gitea/gitea/tree/e85db6c8c37bd0643deb704e857d369288a3ca0f,https://github.com/go-gitea/gitea/compare/9947af639c24d185ace096d3f25098ff94c0790e...e85db6c8c37bd0643deb704e857d369288a3ca0f
1335,Gitea,d9c19899cd27c73dd1497c0da6bd00336d2182e6,4bf565358410c26a91447613dc0e930a6af87ff5,28229,https://github.com/go-gitea/gitea/issues/28229,https://github.com/go-gitea/gitea/tree/d9c19899cd27c73dd1497c0da6bd00336d2182e6,https://github.com/go-gitea/gitea/tree/4bf565358410c26a91447613dc0e930a6af87ff5,https://github.com/go-gitea/gitea/compare/d9c19899cd27c73dd1497c0da6bd00336d2182e6...4bf565358410c26a91447613dc0e930a6af87ff5
1336,Gitea,717d0f5934826e0ddfdce176cf3cab303cd74fbb,0a794b2bcd9f3803e3aa4291387add4e0bb0d124,28226,https://github.com/go-gitea/gitea/issues/28226,https://github.com/go-gitea/gitea/tree/717d0f5934826e0ddfdce176cf3cab303cd74fbb,https://github.com/go-gitea/gitea/tree/0a794b2bcd9f3803e3aa4291387add4e0bb0d124,https://github.com/go-gitea/gitea/compare/717d0f5934826e0ddfdce176cf3cab303cd74fbb...0a794b2bcd9f3803e3aa4291387add4e0bb0d124
1337,Gitea,69f2b698c5000a566bc04267f7e9bd387b880109,bf8b082c40f2aee7d3fbd3c68d73886e13381712,28505,https://github.com/go-gitea/gitea/issues/28505,https://github.com/go-gitea/gitea/tree/69f2b698c5000a566bc04267f7e9bd387b880109,https://github.com/go-gitea/gitea/tree/bf8b082c40f2aee7d3fbd3c68d73886e13381712,https://github.com/go-gitea/gitea/compare/69f2b698c5000a566bc04267f7e9bd387b880109...bf8b082c40f2aee7d3fbd3c68d73886e13381712
1338,Gitea,27c05069a6a120d7a991d802548e8b74792af3e4,aeb383025f90abcda7a9562684376b1996dcf3a5,28056,https://github.com/go-gitea/gitea/issues/28056,https://github.com/go-gitea/gitea/tree/27c05069a6a120d7a991d802548e8b74792af3e4,https://github.com/go-gitea/gitea/tree/aeb383025f90abcda7a9562684376b1996dcf3a5,https://github.com/go-gitea/gitea/compare/27c05069a6a120d7a991d802548e8b74792af3e4...aeb383025f90abcda7a9562684376b1996dcf3a5
1339,Gitea,dac7728e9d05b25f1132deefce92a61afd36973f,beb71f5ef6e8074dc744ac995c15f7b5947a3f2e,28268,https://github.com/go-gitea/gitea/issues/28268,https://github.com/go-gitea/gitea/tree/dac7728e9d05b25f1132deefce92a61afd36973f,https://github.com/go-gitea/gitea/tree/beb71f5ef6e8074dc744ac995c15f7b5947a3f2e,https://github.com/go-gitea/gitea/compare/dac7728e9d05b25f1132deefce92a61afd36973f...beb71f5ef6e8074dc744ac995c15f7b5947a3f2e
1340,Gitea,408a4842240e7dd906e682196bd4254d6c76fcb9,20929edc9962281e35a81756d76dd1caa5741ff8,23682,https://github.com/go-gitea/gitea/issues/23682,https://github.com/go-gitea/gitea/tree/408a4842240e7dd906e682196bd4254d6c76fcb9,https://github.com/go-gitea/gitea/tree/20929edc9962281e35a81756d76dd1caa5741ff8,https://github.com/go-gitea/gitea/compare/408a4842240e7dd906e682196bd4254d6c76fcb9...20929edc9962281e35a81756d76dd1caa5741ff8
1341,Gitea,408a4842240e7dd906e682196bd4254d6c76fcb9,20929edc9962281e35a81756d76dd1caa5741ff8,23149,https://github.com/go-gitea/gitea/issues/23149,https://github.com/go-gitea/gitea/tree/408a4842240e7dd906e682196bd4254d6c76fcb9,https://github.com/go-gitea/gitea/tree/20929edc9962281e35a81756d76dd1caa5741ff8,https://github.com/go-gitea/gitea/compare/408a4842240e7dd906e682196bd4254d6c76fcb9...20929edc9962281e35a81756d76dd1caa5741ff8
1342,Gitea,e85db6c8c37bd0643deb704e857d369288a3ca0f,e08f1a9cbd582c73918e401eeba36261627f44a7,27877,https://github.com/go-gitea/gitea/issues/27877,https://github.com/go-gitea/gitea/tree/e85db6c8c37bd0643deb704e857d369288a3ca0f,https://github.com/go-gitea/gitea/tree/e08f1a9cbd582c73918e401eeba36261627f44a7,https://github.com/go-gitea/gitea/compare/e85db6c8c37bd0643deb704e857d369288a3ca0f...e08f1a9cbd582c73918e401eeba36261627f44a7
1343,Gitea,577421691b5bca38b9116eb36efcfc9b1dfe2043,e4a24d6727e70a8a7f4688d738c36db1f0fcbcc4,28526,https://github.com/go-gitea/gitea/issues/28526,https://github.com/go-gitea/gitea/tree/577421691b5bca38b9116eb36efcfc9b1dfe2043,https://github.com/go-gitea/gitea/tree/e4a24d6727e70a8a7f4688d738c36db1f0fcbcc4,https://github.com/go-gitea/gitea/compare/577421691b5bca38b9116eb36efcfc9b1dfe2043...e4a24d6727e70a8a7f4688d738c36db1f0fcbcc4
1344,Gitea,ce55a74374aa1fe07cfb79ceeb8554aa7a2abce2,3d474110c181df7854576d78e46209908f7e1b52,28534,https://github.com/go-gitea/gitea/issues/28534,https://github.com/go-gitea/gitea/tree/ce55a74374aa1fe07cfb79ceeb8554aa7a2abce2,https://github.com/go-gitea/gitea/tree/3d474110c181df7854576d78e46209908f7e1b52,https://github.com/go-gitea/gitea/compare/ce55a74374aa1fe07cfb79ceeb8554aa7a2abce2...3d474110c181df7854576d78e46209908f7e1b52
1345,Gitea,0e9c9883738c71d192a6b79ec3d3f3f982925ed5,d68b9237bf91aecd99132c8a98f815d40a1b8642,13884,https://github.com/go-gitea/gitea/issues/13884,https://github.com/go-gitea/gitea/tree/0e9c9883738c71d192a6b79ec3d3f3f982925ed5,https://github.com/go-gitea/gitea/tree/d68b9237bf91aecd99132c8a98f815d40a1b8642,https://github.com/go-gitea/gitea/compare/0e9c9883738c71d192a6b79ec3d3f3f982925ed5...d68b9237bf91aecd99132c8a98f815d40a1b8642
1346,Gitea,19c45dd479f45569197a86f2f0b333ec259e79c6,f10d716ff4fef78fbddbd5eaeae48e7c10384a99,27678,https://github.com/go-gitea/gitea/issues/27678,https://github.com/go-gitea/gitea/tree/19c45dd479f45569197a86f2f0b333ec259e79c6,https://github.com/go-gitea/gitea/tree/f10d716ff4fef78fbddbd5eaeae48e7c10384a99,https://github.com/go-gitea/gitea/compare/19c45dd479f45569197a86f2f0b333ec259e79c6...f10d716ff4fef78fbddbd5eaeae48e7c10384a99
1347,Gitea,3d474110c181df7854576d78e46209908f7e1b52,e5d8c4b8d4864661caa43516d5937be42bf27f7c,28231,https://github.com/go-gitea/gitea/issues/28231,https://github.com/go-gitea/gitea/tree/3d474110c181df7854576d78e46209908f7e1b52,https://github.com/go-gitea/gitea/tree/e5d8c4b8d4864661caa43516d5937be42bf27f7c,https://github.com/go-gitea/gitea/compare/3d474110c181df7854576d78e46209908f7e1b52...e5d8c4b8d4864661caa43516d5937be42bf27f7c
1348,Gitea,a80debc208fbf0ecf6ca734e454cae08adafb570,2df7563f3176aa8c7dcb070f660d53da4bb66e78,28131,https://github.com/go-gitea/gitea/issues/28131,https://github.com/go-gitea/gitea/tree/a80debc208fbf0ecf6ca734e454cae08adafb570,https://github.com/go-gitea/gitea/tree/2df7563f3176aa8c7dcb070f660d53da4bb66e78,https://github.com/go-gitea/gitea/compare/a80debc208fbf0ecf6ca734e454cae08adafb570...2df7563f3176aa8c7dcb070f660d53da4bb66e78
1349,Gitea,baf0d402d9cb47849394202fcfc7c2e23b0faac3,42149ff1a816501643ec2407ed61a83bf5b65059,28436,https://github.com/go-gitea/gitea/issues/28436,https://github.com/go-gitea/gitea/tree/baf0d402d9cb47849394202fcfc7c2e23b0faac3,https://github.com/go-gitea/gitea/tree/42149ff1a816501643ec2407ed61a83bf5b65059,https://github.com/go-gitea/gitea/compare/baf0d402d9cb47849394202fcfc7c2e23b0faac3...42149ff1a816501643ec2407ed61a83bf5b65059
1350,Gitea,e522e774cae2240279fc48c349fc513c9d3353ee,e75e9a0e7e53851e344633abe402979cdbece15b,28705,https://github.com/go-gitea/gitea/issues/28705,https://github.com/go-gitea/gitea/tree/e522e774cae2240279fc48c349fc513c9d3353ee,https://github.com/go-gitea/gitea/tree/e75e9a0e7e53851e344633abe402979cdbece15b,https://github.com/go-gitea/gitea/compare/e522e774cae2240279fc48c349fc513c9d3353ee...e75e9a0e7e53851e344633abe402979cdbece15b
1351,Gitea,9296c31ff7c42a6d3ddc9a1d7a54b084d786425e,79da4bbc566cd3b1c028ca0b747c196fc02990f7,28553,https://github.com/go-gitea/gitea/issues/28553,https://github.com/go-gitea/gitea/tree/9296c31ff7c42a6d3ddc9a1d7a54b084d786425e,https://github.com/go-gitea/gitea/tree/79da4bbc566cd3b1c028ca0b747c196fc02990f7,https://github.com/go-gitea/gitea/compare/9296c31ff7c42a6d3ddc9a1d7a54b084d786425e...79da4bbc566cd3b1c028ca0b747c196fc02990f7
1352,Gitea,abfdaef5bd5b0430ccebc71f51d6504fecf127ac,595a9291b6fadc02fa310d09abd5e01e942aa82c,28420,https://github.com/go-gitea/gitea/issues/28420,https://github.com/go-gitea/gitea/tree/abfdaef5bd5b0430ccebc71f51d6504fecf127ac,https://github.com/go-gitea/gitea/tree/595a9291b6fadc02fa310d09abd5e01e942aa82c,https://github.com/go-gitea/gitea/compare/abfdaef5bd5b0430ccebc71f51d6504fecf127ac...595a9291b6fadc02fa310d09abd5e01e942aa82c
1353,Gitea,7c2f093e856395cc118dcaa390b7a2234b8363f3,ba4d0b8ffbd78473273800f586ae8bde55cda6c5,27056,https://github.com/go-gitea/gitea/issues/27056,https://github.com/go-gitea/gitea/tree/7c2f093e856395cc118dcaa390b7a2234b8363f3,https://github.com/go-gitea/gitea/tree/ba4d0b8ffbd78473273800f586ae8bde55cda6c5,https://github.com/go-gitea/gitea/compare/7c2f093e856395cc118dcaa390b7a2234b8363f3...ba4d0b8ffbd78473273800f586ae8bde55cda6c5
1354,Gitea,4f8f5f6e251615265392ec4212ed87a58fb1f75e,9b59af37e72656c71316ec79b5c377a2eb84c671,27722,https://github.com/go-gitea/gitea/issues/27722,https://github.com/go-gitea/gitea/tree/4f8f5f6e251615265392ec4212ed87a58fb1f75e,https://github.com/go-gitea/gitea/tree/9b59af37e72656c71316ec79b5c377a2eb84c671,https://github.com/go-gitea/gitea/compare/4f8f5f6e251615265392ec4212ed87a58fb1f75e...9b59af37e72656c71316ec79b5c377a2eb84c671
1355,Gitea,4f8f5f6e251615265392ec4212ed87a58fb1f75e,9b59af37e72656c71316ec79b5c377a2eb84c671,27357,https://github.com/go-gitea/gitea/issues/27357,https://github.com/go-gitea/gitea/tree/4f8f5f6e251615265392ec4212ed87a58fb1f75e,https://github.com/go-gitea/gitea/tree/9b59af37e72656c71316ec79b5c377a2eb84c671,https://github.com/go-gitea/gitea/compare/4f8f5f6e251615265392ec4212ed87a58fb1f75e...9b59af37e72656c71316ec79b5c377a2eb84c671
1356,Gitea,4f8f5f6e251615265392ec4212ed87a58fb1f75e,9b59af37e72656c71316ec79b5c377a2eb84c671,25837,https://github.com/go-gitea/gitea/issues/25837,https://github.com/go-gitea/gitea/tree/4f8f5f6e251615265392ec4212ed87a58fb1f75e,https://github.com/go-gitea/gitea/tree/9b59af37e72656c71316ec79b5c377a2eb84c671,https://github.com/go-gitea/gitea/compare/4f8f5f6e251615265392ec4212ed87a58fb1f75e...9b59af37e72656c71316ec79b5c377a2eb84c671
1357,Gitea,97292da96048b036cbe36b3ea66503ac568a73e7,fa8c3beb26acfcc7e732038c947225857ebcbf31,28155,https://github.com/go-gitea/gitea/issues/28155,https://github.com/go-gitea/gitea/tree/97292da96048b036cbe36b3ea66503ac568a73e7,https://github.com/go-gitea/gitea/tree/fa8c3beb26acfcc7e732038c947225857ebcbf31,https://github.com/go-gitea/gitea/compare/97292da96048b036cbe36b3ea66503ac568a73e7...fa8c3beb26acfcc7e732038c947225857ebcbf31
1358,Gitea,595a9291b6fadc02fa310d09abd5e01e942aa82c,7c2f093e856395cc118dcaa390b7a2234b8363f3,28756,https://github.com/go-gitea/gitea/issues/28756,https://github.com/go-gitea/gitea/tree/595a9291b6fadc02fa310d09abd5e01e942aa82c,https://github.com/go-gitea/gitea/tree/7c2f093e856395cc118dcaa390b7a2234b8363f3,https://github.com/go-gitea/gitea/compare/595a9291b6fadc02fa310d09abd5e01e942aa82c...7c2f093e856395cc118dcaa390b7a2234b8363f3
1359,Gitea,c7e4629c0245cf6731ea34c2aa6ba4b968ea184a,637451a45ecbc3d127ff2adf27437ce1357493ea,26548,https://github.com/go-gitea/gitea/issues/26548,https://github.com/go-gitea/gitea/tree/c7e4629c0245cf6731ea34c2aa6ba4b968ea184a,https://github.com/go-gitea/gitea/tree/637451a45ecbc3d127ff2adf27437ce1357493ea,https://github.com/go-gitea/gitea/compare/c7e4629c0245cf6731ea34c2aa6ba4b968ea184a...637451a45ecbc3d127ff2adf27437ce1357493ea
1360,Gitea,b0e6c255359f754fd94c81e5762ba634a4b23261,3793ec4d141c718462a273c02d147645c56c341a,28764,https://github.com/go-gitea/gitea/issues/28764,https://github.com/go-gitea/gitea/tree/b0e6c255359f754fd94c81e5762ba634a4b23261,https://github.com/go-gitea/gitea/tree/3793ec4d141c718462a273c02d147645c56c341a,https://github.com/go-gitea/gitea/compare/b0e6c255359f754fd94c81e5762ba634a4b23261...3793ec4d141c718462a273c02d147645c56c341a
1361,Gitea,6c6823935c4810a071a3919a88819b0ed156bf43,97292da96048b036cbe36b3ea66503ac568a73e7,28157,https://github.com/go-gitea/gitea/issues/28157,https://github.com/go-gitea/gitea/tree/6c6823935c4810a071a3919a88819b0ed156bf43,https://github.com/go-gitea/gitea/tree/97292da96048b036cbe36b3ea66503ac568a73e7,https://github.com/go-gitea/gitea/compare/6c6823935c4810a071a3919a88819b0ed156bf43...97292da96048b036cbe36b3ea66503ac568a73e7
1362,Gitea,ce0225c1b87d682f53b87496c8dd6ccee0396f0b,5d3fdd121279c758f247a76e020799aa5e548feb,27114,https://github.com/go-gitea/gitea/issues/27114,https://github.com/go-gitea/gitea/tree/ce0225c1b87d682f53b87496c8dd6ccee0396f0b,https://github.com/go-gitea/gitea/tree/5d3fdd121279c758f247a76e020799aa5e548feb,https://github.com/go-gitea/gitea/compare/ce0225c1b87d682f53b87496c8dd6ccee0396f0b...5d3fdd121279c758f247a76e020799aa5e548feb
1363,Gitea,edfb57e6996367ec2c682fd7fdbdb405728c001f,b8270240bf53cdf4ed3267a395347272cf48b176,22236,https://github.com/go-gitea/gitea/issues/22236,https://github.com/go-gitea/gitea/tree/edfb57e6996367ec2c682fd7fdbdb405728c001f,https://github.com/go-gitea/gitea/tree/b8270240bf53cdf4ed3267a395347272cf48b176,https://github.com/go-gitea/gitea/compare/edfb57e6996367ec2c682fd7fdbdb405728c001f...b8270240bf53cdf4ed3267a395347272cf48b176
1364,Gitea,5374d29aa9644a979d8d6e8e100bb4e77641d74f,930e38d010d59281550aeee5feac58e0b6085569,28694,https://github.com/go-gitea/gitea/issues/28694,https://github.com/go-gitea/gitea/tree/5374d29aa9644a979d8d6e8e100bb4e77641d74f,https://github.com/go-gitea/gitea/tree/930e38d010d59281550aeee5feac58e0b6085569,https://github.com/go-gitea/gitea/compare/5374d29aa9644a979d8d6e8e100bb4e77641d74f...930e38d010d59281550aeee5feac58e0b6085569
1365,Gitea,461d8b53c2e51a8a6a1715ba40ac61d7e9f93971,07ba4d9f87cf21b7ce87158ae5651cae3bb35604,28323,https://github.com/go-gitea/gitea/issues/28323,https://github.com/go-gitea/gitea/tree/461d8b53c2e51a8a6a1715ba40ac61d7e9f93971,https://github.com/go-gitea/gitea/tree/07ba4d9f87cf21b7ce87158ae5651cae3bb35604,https://github.com/go-gitea/gitea/compare/461d8b53c2e51a8a6a1715ba40ac61d7e9f93971...07ba4d9f87cf21b7ce87158ae5651cae3bb35604
1366,Gitea,6c771a311b09c511d837dda79c84264dcf4abb47,80d48621cdf484247f70ddd653fb4c47a640317a,28864,https://github.com/go-gitea/gitea/issues/28864,https://github.com/go-gitea/gitea/tree/6c771a311b09c511d837dda79c84264dcf4abb47,https://github.com/go-gitea/gitea/tree/80d48621cdf484247f70ddd653fb4c47a640317a,https://github.com/go-gitea/gitea/compare/6c771a311b09c511d837dda79c84264dcf4abb47...80d48621cdf484247f70ddd653fb4c47a640317a
1367,Gitea,2df7563f3176aa8c7dcb070f660d53da4bb66e78,839cd26b1acc3926918fb5755294dcc355db5ad8,28269,https://github.com/go-gitea/gitea/issues/28269,https://github.com/go-gitea/gitea/tree/2df7563f3176aa8c7dcb070f660d53da4bb66e78,https://github.com/go-gitea/gitea/tree/839cd26b1acc3926918fb5755294dcc355db5ad8,https://github.com/go-gitea/gitea/compare/2df7563f3176aa8c7dcb070f660d53da4bb66e78...839cd26b1acc3926918fb5755294dcc355db5ad8
1368,Gitea,0e6fd0d1c1e31d22707e6f06124d5bf76361eaab,5d09023f1354f7a62f2ff68731e62e3e3645f4f2,28861,https://github.com/go-gitea/gitea/issues/28861,https://github.com/go-gitea/gitea/tree/0e6fd0d1c1e31d22707e6f06124d5bf76361eaab,https://github.com/go-gitea/gitea/tree/5d09023f1354f7a62f2ff68731e62e3e3645f4f2,https://github.com/go-gitea/gitea/compare/0e6fd0d1c1e31d22707e6f06124d5bf76361eaab...5d09023f1354f7a62f2ff68731e62e3e3645f4f2
1369,Gitea,b693611b35c5ae17cfc820bc3e731608a5251464,caad931385687a06cac73a168a46c00728ed14b6,28875,https://github.com/go-gitea/gitea/issues/28875,https://github.com/go-gitea/gitea/tree/b693611b35c5ae17cfc820bc3e731608a5251464,https://github.com/go-gitea/gitea/tree/caad931385687a06cac73a168a46c00728ed14b6,https://github.com/go-gitea/gitea/compare/b693611b35c5ae17cfc820bc3e731608a5251464...caad931385687a06cac73a168a46c00728ed14b6
1370,Gitea,692929b628da20258f9f46279142287eb72a843f,23efd9d2781c2ac22594a83afa75182d276b1571,28533,https://github.com/go-gitea/gitea/issues/28533,https://github.com/go-gitea/gitea/tree/692929b628da20258f9f46279142287eb72a843f,https://github.com/go-gitea/gitea/tree/23efd9d2781c2ac22594a83afa75182d276b1571,https://github.com/go-gitea/gitea/compare/692929b628da20258f9f46279142287eb72a843f...23efd9d2781c2ac22594a83afa75182d276b1571
1371,Gitea,49d76639295a89bac8a656360782f0c3a1d2707c,0e6fd0d1c1e31d22707e6f06124d5bf76361eaab,28876,https://github.com/go-gitea/gitea/issues/28876,https://github.com/go-gitea/gitea/tree/49d76639295a89bac8a656360782f0c3a1d2707c,https://github.com/go-gitea/gitea/tree/0e6fd0d1c1e31d22707e6f06124d5bf76361eaab,https://github.com/go-gitea/gitea/compare/49d76639295a89bac8a656360782f0c3a1d2707c...0e6fd0d1c1e31d22707e6f06124d5bf76361eaab
1372,Gitea,b60a7c3358cdeec3e0a731b68be33b6ba63a6563,1167d523c4c24eba4c159cda04e49a49f458afbf,19810,https://github.com/go-gitea/gitea/issues/19810,https://github.com/go-gitea/gitea/tree/b60a7c3358cdeec3e0a731b68be33b6ba63a6563,https://github.com/go-gitea/gitea/tree/1167d523c4c24eba4c159cda04e49a49f458afbf,https://github.com/go-gitea/gitea/compare/b60a7c3358cdeec3e0a731b68be33b6ba63a6563...1167d523c4c24eba4c159cda04e49a49f458afbf
1373,Gitea,b60a7c3358cdeec3e0a731b68be33b6ba63a6563,1167d523c4c24eba4c159cda04e49a49f458afbf,21148,https://github.com/go-gitea/gitea/issues/21148,https://github.com/go-gitea/gitea/tree/b60a7c3358cdeec3e0a731b68be33b6ba63a6563,https://github.com/go-gitea/gitea/tree/1167d523c4c24eba4c159cda04e49a49f458afbf,https://github.com/go-gitea/gitea/compare/b60a7c3358cdeec3e0a731b68be33b6ba63a6563...1167d523c4c24eba4c159cda04e49a49f458afbf
1374,Gitea,eaab89c46b77902b70bb8da2f1643a7f909daf45,c46316f7aec1a00b3db74a3565008c44c0b0807f,28904,https://github.com/go-gitea/gitea/issues/28904,https://github.com/go-gitea/gitea/tree/eaab89c46b77902b70bb8da2f1643a7f909daf45,https://github.com/go-gitea/gitea/tree/c46316f7aec1a00b3db74a3565008c44c0b0807f,https://github.com/go-gitea/gitea/compare/eaab89c46b77902b70bb8da2f1643a7f909daf45...c46316f7aec1a00b3db74a3565008c44c0b0807f
1375,Gitea,aa4d78431f1acaff1aca8ec1c2b2dd36834d68dd,a80debc208fbf0ecf6ca734e454cae08adafb570,28736,https://github.com/go-gitea/gitea/issues/28736,https://github.com/go-gitea/gitea/tree/aa4d78431f1acaff1aca8ec1c2b2dd36834d68dd,https://github.com/go-gitea/gitea/tree/a80debc208fbf0ecf6ca734e454cae08adafb570,https://github.com/go-gitea/gitea/compare/aa4d78431f1acaff1aca8ec1c2b2dd36834d68dd...a80debc208fbf0ecf6ca734e454cae08adafb570
1376,Gitea,ba24e0ba61b1b66f58c8448f27272d1d6d14f60c,534917d57670d82703567131e2b33fd945e6f8cb,22066,https://github.com/go-gitea/gitea/issues/22066,https://github.com/go-gitea/gitea/tree/ba24e0ba61b1b66f58c8448f27272d1d6d14f60c,https://github.com/go-gitea/gitea/tree/534917d57670d82703567131e2b33fd945e6f8cb,https://github.com/go-gitea/gitea/compare/ba24e0ba61b1b66f58c8448f27272d1d6d14f60c...534917d57670d82703567131e2b33fd945e6f8cb
1377,Gitea,01acd1eea38f25d2b21f56ec15dd162ca6005fbf,fc1bae00a4cc07d832eb9405ec8fd8f4e52c0197,28945,https://github.com/go-gitea/gitea/issues/28945,https://github.com/go-gitea/gitea/tree/01acd1eea38f25d2b21f56ec15dd162ca6005fbf,https://github.com/go-gitea/gitea/tree/fc1bae00a4cc07d832eb9405ec8fd8f4e52c0197,https://github.com/go-gitea/gitea/compare/01acd1eea38f25d2b21f56ec15dd162ca6005fbf...fc1bae00a4cc07d832eb9405ec8fd8f4e52c0197
1378,Gitea,a240d5dfa7e261f2fb703cf24b1ba4dc6aa47bfd,01acd1eea38f25d2b21f56ec15dd162ca6005fbf,28915,https://github.com/go-gitea/gitea/issues/28915,https://github.com/go-gitea/gitea/tree/a240d5dfa7e261f2fb703cf24b1ba4dc6aa47bfd,https://github.com/go-gitea/gitea/tree/01acd1eea38f25d2b21f56ec15dd162ca6005fbf,https://github.com/go-gitea/gitea/compare/a240d5dfa7e261f2fb703cf24b1ba4dc6aa47bfd...01acd1eea38f25d2b21f56ec15dd162ca6005fbf
1379,Gitea,c46316f7aec1a00b3db74a3565008c44c0b0807f,071b7b2a0308d3b65f2deafc0a004a340e6ead86,28699,https://github.com/go-gitea/gitea/issues/28699,https://github.com/go-gitea/gitea/tree/c46316f7aec1a00b3db74a3565008c44c0b0807f,https://github.com/go-gitea/gitea/tree/071b7b2a0308d3b65f2deafc0a004a340e6ead86,https://github.com/go-gitea/gitea/compare/c46316f7aec1a00b3db74a3565008c44c0b0807f...071b7b2a0308d3b65f2deafc0a004a340e6ead86
1380,Gitea,e6265cf59dc579ba4564fbafd0ef24f9aa6e26a8,b9f8d75e27dc3b434d2f64a22bcbee22162cfe7c,27157,https://github.com/go-gitea/gitea/issues/27157,https://github.com/go-gitea/gitea/tree/e6265cf59dc579ba4564fbafd0ef24f9aa6e26a8,https://github.com/go-gitea/gitea/tree/b9f8d75e27dc3b434d2f64a22bcbee22162cfe7c,https://github.com/go-gitea/gitea/compare/e6265cf59dc579ba4564fbafd0ef24f9aa6e26a8...b9f8d75e27dc3b434d2f64a22bcbee22162cfe7c
1381,Gitea,a062725758b765cdedd1b02da5982c6fbfc5f702,3aed8ae03475a430c0dc8e33f42fa9269a4844bd,28941,https://github.com/go-gitea/gitea/issues/28941,https://github.com/go-gitea/gitea/tree/a062725758b765cdedd1b02da5982c6fbfc5f702,https://github.com/go-gitea/gitea/tree/3aed8ae03475a430c0dc8e33f42fa9269a4844bd,https://github.com/go-gitea/gitea/compare/a062725758b765cdedd1b02da5982c6fbfc5f702...3aed8ae03475a430c0dc8e33f42fa9269a4844bd
1382,Gitea,28fe3db1fb0f89bcb55829ced33c1282f85f6e97,37ede3197a74ba43c95029101ca37b3f9e7cc325,28701,https://github.com/go-gitea/gitea/issues/28701,https://github.com/go-gitea/gitea/tree/28fe3db1fb0f89bcb55829ced33c1282f85f6e97,https://github.com/go-gitea/gitea/tree/37ede3197a74ba43c95029101ca37b3f9e7cc325,https://github.com/go-gitea/gitea/compare/28fe3db1fb0f89bcb55829ced33c1282f85f6e97...37ede3197a74ba43c95029101ca37b3f9e7cc325
1383,Gitea,b4513f48ce3e748ac621a6f3ddf082feca67e938,f8b471ace1b59bd3fc3a04c9ddb5f62dd1dd5396,28660,https://github.com/go-gitea/gitea/issues/28660,https://github.com/go-gitea/gitea/tree/b4513f48ce3e748ac621a6f3ddf082feca67e938,https://github.com/go-gitea/gitea/tree/f8b471ace1b59bd3fc3a04c9ddb5f62dd1dd5396,https://github.com/go-gitea/gitea/compare/b4513f48ce3e748ac621a6f3ddf082feca67e938...f8b471ace1b59bd3fc3a04c9ddb5f62dd1dd5396
1384,Gitea,b9f8d75e27dc3b434d2f64a22bcbee22162cfe7c,71422c0e3b80679c11a0f9a7036b557e851d0c78,29016,https://github.com/go-gitea/gitea/issues/29016,https://github.com/go-gitea/gitea/tree/b9f8d75e27dc3b434d2f64a22bcbee22162cfe7c,https://github.com/go-gitea/gitea/tree/71422c0e3b80679c11a0f9a7036b557e851d0c78,https://github.com/go-gitea/gitea/compare/b9f8d75e27dc3b434d2f64a22bcbee22162cfe7c...71422c0e3b80679c11a0f9a7036b557e851d0c78
1385,Gitea,2bac85dc3339ecb1cb1418524b2a7966aed9963a,5c0fc9087211f01375f208d679a1e6de0685320c,28117,https://github.com/go-gitea/gitea/issues/28117,https://github.com/go-gitea/gitea/tree/2bac85dc3339ecb1cb1418524b2a7966aed9963a,https://github.com/go-gitea/gitea/tree/5c0fc9087211f01375f208d679a1e6de0685320c,https://github.com/go-gitea/gitea/compare/2bac85dc3339ecb1cb1418524b2a7966aed9963a...5c0fc9087211f01375f208d679a1e6de0685320c
1386,Gitea,b6bf8041d8e8ee845728687b1f358f1d482afff2,f290c24d286b996ac6b512f49a30aa5aef1a2dbe,29080,https://github.com/go-gitea/gitea/issues/29080,https://github.com/go-gitea/gitea/tree/b6bf8041d8e8ee845728687b1f358f1d482afff2,https://github.com/go-gitea/gitea/tree/f290c24d286b996ac6b512f49a30aa5aef1a2dbe,https://github.com/go-gitea/gitea/compare/b6bf8041d8e8ee845728687b1f358f1d482afff2...f290c24d286b996ac6b512f49a30aa5aef1a2dbe
1387,Gitea,37191dcfbdbd007266a4d15a3c85cdf94cec1a7a,6be3fda6fc746b1285e6dee72de1118177ba429e,29094,https://github.com/go-gitea/gitea/issues/29094,https://github.com/go-gitea/gitea/tree/37191dcfbdbd007266a4d15a3c85cdf94cec1a7a,https://github.com/go-gitea/gitea/tree/6be3fda6fc746b1285e6dee72de1118177ba429e,https://github.com/go-gitea/gitea/compare/37191dcfbdbd007266a4d15a3c85cdf94cec1a7a...6be3fda6fc746b1285e6dee72de1118177ba429e
1388,Gitea,8c6ffdac378654f9d2171ebdbc46becf1571f7fe,e600c35f066c79b717dc0c416b07d5c34502d286,29040,https://github.com/go-gitea/gitea/issues/29040,https://github.com/go-gitea/gitea/tree/8c6ffdac378654f9d2171ebdbc46becf1571f7fe,https://github.com/go-gitea/gitea/tree/e600c35f066c79b717dc0c416b07d5c34502d286,https://github.com/go-gitea/gitea/compare/8c6ffdac378654f9d2171ebdbc46becf1571f7fe...e600c35f066c79b717dc0c416b07d5c34502d286
1389,Gitea,e600c35f066c79b717dc0c416b07d5c34502d286,96ad1d6340038c0c841d9cad9a440daee3241aac,29073,https://github.com/go-gitea/gitea/issues/29073,https://github.com/go-gitea/gitea/tree/e600c35f066c79b717dc0c416b07d5c34502d286,https://github.com/go-gitea/gitea/tree/96ad1d6340038c0c841d9cad9a440daee3241aac,https://github.com/go-gitea/gitea/compare/e600c35f066c79b717dc0c416b07d5c34502d286...96ad1d6340038c0c841d9cad9a440daee3241aac
1390,Gitea,da2f03750f9672c5aac48209539874f2af2673f1,a24e1da7e9e38fc5f5c84c083d122c0cc3da4b74,28840,https://github.com/go-gitea/gitea/issues/28840,https://github.com/go-gitea/gitea/tree/da2f03750f9672c5aac48209539874f2af2673f1,https://github.com/go-gitea/gitea/tree/a24e1da7e9e38fc5f5c84c083d122c0cc3da4b74,https://github.com/go-gitea/gitea/compare/da2f03750f9672c5aac48209539874f2af2673f1...a24e1da7e9e38fc5f5c84c083d122c0cc3da4b74
1391,Gitea,c1f7249056d4aa38927aebcbddc6459ee714c801,5b2fd0fc19a2a77414c8e2989b4794b6617221f5,29107,https://github.com/go-gitea/gitea/issues/29107,https://github.com/go-gitea/gitea/tree/c1f7249056d4aa38927aebcbddc6459ee714c801,https://github.com/go-gitea/gitea/tree/5b2fd0fc19a2a77414c8e2989b4794b6617221f5,https://github.com/go-gitea/gitea/compare/c1f7249056d4aa38927aebcbddc6459ee714c801...5b2fd0fc19a2a77414c8e2989b4794b6617221f5
1392,Gitea,4feb91f8574e2363d2120655562e6f09bbf1ffcb,37061e8266806c0b2b66ac64138e725632b295db,29159,https://github.com/go-gitea/gitea/issues/29159,https://github.com/go-gitea/gitea/tree/4feb91f8574e2363d2120655562e6f09bbf1ffcb,https://github.com/go-gitea/gitea/tree/37061e8266806c0b2b66ac64138e725632b295db,https://github.com/go-gitea/gitea/compare/4feb91f8574e2363d2120655562e6f09bbf1ffcb...37061e8266806c0b2b66ac64138e725632b295db
1393,Gitea,4abd63d3784ab5e374b9efcf16a7b20a951f00dc,c4cdebacfeeecac259273f3ff62c0139131ba490,28896,https://github.com/go-gitea/gitea/issues/28896,https://github.com/go-gitea/gitea/tree/4abd63d3784ab5e374b9efcf16a7b20a951f00dc,https://github.com/go-gitea/gitea/tree/c4cdebacfeeecac259273f3ff62c0139131ba490,https://github.com/go-gitea/gitea/compare/4abd63d3784ab5e374b9efcf16a7b20a951f00dc...c4cdebacfeeecac259273f3ff62c0139131ba490
1394,Gitea,fd97613b655f370b92eab8af9a26fe8006c891bd,1af45689f9bdac7267400a8c9d77c23676b33935,28846,https://github.com/go-gitea/gitea/issues/28846,https://github.com/go-gitea/gitea/tree/fd97613b655f370b92eab8af9a26fe8006c891bd,https://github.com/go-gitea/gitea/tree/1af45689f9bdac7267400a8c9d77c23676b33935,https://github.com/go-gitea/gitea/compare/fd97613b655f370b92eab8af9a26fe8006c891bd...1af45689f9bdac7267400a8c9d77c23676b33935
1395,Gitea,5849d4fde347cd1e47f2243b3239724c73b1261d,2bac85dc3339ecb1cb1418524b2a7966aed9963a,28974,https://github.com/go-gitea/gitea/issues/28974,https://github.com/go-gitea/gitea/tree/5849d4fde347cd1e47f2243b3239724c73b1261d,https://github.com/go-gitea/gitea/tree/2bac85dc3339ecb1cb1418524b2a7966aed9963a,https://github.com/go-gitea/gitea/compare/5849d4fde347cd1e47f2243b3239724c73b1261d...2bac85dc3339ecb1cb1418524b2a7966aed9963a
1396,Gitea,4fe37124e9ad5395b734662a7e8ab7b0025c38a3,28db539d9c0fa0b7c9411724d8b4bf6f371651a0,29060,https://github.com/go-gitea/gitea/issues/29060,https://github.com/go-gitea/gitea/tree/4fe37124e9ad5395b734662a7e8ab7b0025c38a3,https://github.com/go-gitea/gitea/tree/28db539d9c0fa0b7c9411724d8b4bf6f371651a0,https://github.com/go-gitea/gitea/compare/4fe37124e9ad5395b734662a7e8ab7b0025c38a3...28db539d9c0fa0b7c9411724d8b4bf6f371651a0
1397,Gitea,39f8ab591c18a65cf783ecd17ddc1a5914ceff7a,c2a8aacae5242adbeb7bc1d4002492ae1cae47b2,29213,https://github.com/go-gitea/gitea/issues/29213,https://github.com/go-gitea/gitea/tree/39f8ab591c18a65cf783ecd17ddc1a5914ceff7a,https://github.com/go-gitea/gitea/tree/c2a8aacae5242adbeb7bc1d4002492ae1cae47b2,https://github.com/go-gitea/gitea/compare/39f8ab591c18a65cf783ecd17ddc1a5914ceff7a...c2a8aacae5242adbeb7bc1d4002492ae1cae47b2
1398,Gitea,1a6e1cbada27db1e3327b0d7d331492c95e24759,6093f507fe6f2d4802de8ec1ff5b04820e81571c,29218,https://github.com/go-gitea/gitea/issues/29218,https://github.com/go-gitea/gitea/tree/1a6e1cbada27db1e3327b0d7d331492c95e24759,https://github.com/go-gitea/gitea/tree/6093f507fe6f2d4802de8ec1ff5b04820e81571c,https://github.com/go-gitea/gitea/compare/1a6e1cbada27db1e3327b0d7d331492c95e24759...6093f507fe6f2d4802de8ec1ff5b04820e81571c
1399,Gitea,67adc5c1dc3470dab96053c2e77351f3a3f8062b,1a6e1cbada27db1e3327b0d7d331492c95e24759,29166,https://github.com/go-gitea/gitea/issues/29166,https://github.com/go-gitea/gitea/tree/67adc5c1dc3470dab96053c2e77351f3a3f8062b,https://github.com/go-gitea/gitea/tree/1a6e1cbada27db1e3327b0d7d331492c95e24759,https://github.com/go-gitea/gitea/compare/67adc5c1dc3470dab96053c2e77351f3a3f8062b...1a6e1cbada27db1e3327b0d7d331492c95e24759
1400,Gitea,5e72526da4e915791f03af056890e16821bde052,0ea8de2d0729e1e1d0ea9de1e59fbcb673e87fd2,26090,https://github.com/go-gitea/gitea/issues/26090,https://github.com/go-gitea/gitea/tree/5e72526da4e915791f03af056890e16821bde052,https://github.com/go-gitea/gitea/tree/0ea8de2d0729e1e1d0ea9de1e59fbcb673e87fd2,https://github.com/go-gitea/gitea/compare/5e72526da4e915791f03af056890e16821bde052...0ea8de2d0729e1e1d0ea9de1e59fbcb673e87fd2
1401,Gitea,39a77d92d9677b0a0049cb8696960d6d2ac052d6,217d71c48a10265e08b95cc961656b921f61f9ff,28542,https://github.com/go-gitea/gitea/issues/28542,https://github.com/go-gitea/gitea/tree/39a77d92d9677b0a0049cb8696960d6d2ac052d6,https://github.com/go-gitea/gitea/tree/217d71c48a10265e08b95cc961656b921f61f9ff,https://github.com/go-gitea/gitea/compare/39a77d92d9677b0a0049cb8696960d6d2ac052d6...217d71c48a10265e08b95cc961656b921f61f9ff
1402,Gitea,e4e5d76932e9d5ba1f8c63213aefae1493012a81,8c21bc0d51ab22c0d05d8ce2ea8bc80d6f893800,29233,https://github.com/go-gitea/gitea/issues/29233,https://github.com/go-gitea/gitea/tree/e4e5d76932e9d5ba1f8c63213aefae1493012a81,https://github.com/go-gitea/gitea/tree/8c21bc0d51ab22c0d05d8ce2ea8bc80d6f893800,https://github.com/go-gitea/gitea/compare/e4e5d76932e9d5ba1f8c63213aefae1493012a81...8c21bc0d51ab22c0d05d8ce2ea8bc80d6f893800
1403,Gitea,69ed1a4afbc9604cabe83041de31752dd5d101ee,8e2831611c06e84dd8fedf7a0b2cce9f98d4188f,29178,https://github.com/go-gitea/gitea/issues/29178,https://github.com/go-gitea/gitea/tree/69ed1a4afbc9604cabe83041de31752dd5d101ee,https://github.com/go-gitea/gitea/tree/8e2831611c06e84dd8fedf7a0b2cce9f98d4188f,https://github.com/go-gitea/gitea/compare/69ed1a4afbc9604cabe83041de31752dd5d101ee...8e2831611c06e84dd8fedf7a0b2cce9f98d4188f
1404,Gitea,3d3c3d9ee5e934c515370d98f1c552ca8ef10f8a,22b8de85ddda50725480b21c5bf6ef9c0202b5e9,29278,https://github.com/go-gitea/gitea/issues/29278,https://github.com/go-gitea/gitea/tree/3d3c3d9ee5e934c515370d98f1c552ca8ef10f8a,https://github.com/go-gitea/gitea/tree/22b8de85ddda50725480b21c5bf6ef9c0202b5e9,https://github.com/go-gitea/gitea/compare/3d3c3d9ee5e934c515370d98f1c552ca8ef10f8a...22b8de85ddda50725480b21c5bf6ef9c0202b5e9
1405,Gitea,c236e64aca42b9ab0743431bc505033a0cb78b93,d6811baf88ca6d58b92d4dc12b1f2a292198751f,29101,https://github.com/go-gitea/gitea/issues/29101,https://github.com/go-gitea/gitea/tree/c236e64aca42b9ab0743431bc505033a0cb78b93,https://github.com/go-gitea/gitea/tree/d6811baf88ca6d58b92d4dc12b1f2a292198751f,https://github.com/go-gitea/gitea/compare/c236e64aca42b9ab0743431bc505033a0cb78b93...d6811baf88ca6d58b92d4dc12b1f2a292198751f
1406,Gitea,0ea8de2d0729e1e1d0ea9de1e59fbcb673e87fd2,a11ccc9fcd61fb25ffb1c37b87a0df4ee9efd84e,21892,https://github.com/go-gitea/gitea/issues/21892,https://github.com/go-gitea/gitea/tree/0ea8de2d0729e1e1d0ea9de1e59fbcb673e87fd2,https://github.com/go-gitea/gitea/tree/a11ccc9fcd61fb25ffb1c37b87a0df4ee9efd84e,https://github.com/go-gitea/gitea/compare/0ea8de2d0729e1e1d0ea9de1e59fbcb673e87fd2...a11ccc9fcd61fb25ffb1c37b87a0df4ee9efd84e
1407,Gitea,a70c00b80bcb5de8479e407f1b8f08dcf756019d,a4fe1cdf38f9a063e44b197ef07e4260f731c919,29175,https://github.com/go-gitea/gitea/issues/29175,https://github.com/go-gitea/gitea/tree/a70c00b80bcb5de8479e407f1b8f08dcf756019d,https://github.com/go-gitea/gitea/tree/a4fe1cdf38f9a063e44b197ef07e4260f731c919,https://github.com/go-gitea/gitea/compare/a70c00b80bcb5de8479e407f1b8f08dcf756019d...a4fe1cdf38f9a063e44b197ef07e4260f731c919
1408,Gitea,69dbfbe4e52845a807302a15e8d79d183acf683b,3d3c3d9ee5e934c515370d98f1c552ca8ef10f8a,27057,https://github.com/go-gitea/gitea/issues/27057,https://github.com/go-gitea/gitea/tree/69dbfbe4e52845a807302a15e8d79d183acf683b,https://github.com/go-gitea/gitea/tree/3d3c3d9ee5e934c515370d98f1c552ca8ef10f8a,https://github.com/go-gitea/gitea/compare/69dbfbe4e52845a807302a15e8d79d183acf683b...3d3c3d9ee5e934c515370d98f1c552ca8ef10f8a
1409,Gitea,2a278b996fd6608973c3ab2a2cfb584e67d5bd8b,b762a1f1b1f7941a7db2207552d7b441d868cbe9,29249,https://github.com/go-gitea/gitea/issues/29249,https://github.com/go-gitea/gitea/tree/2a278b996fd6608973c3ab2a2cfb584e67d5bd8b,https://github.com/go-gitea/gitea/tree/b762a1f1b1f7941a7db2207552d7b441d868cbe9,https://github.com/go-gitea/gitea/compare/2a278b996fd6608973c3ab2a2cfb584e67d5bd8b...b762a1f1b1f7941a7db2207552d7b441d868cbe9
1410,Gitea,eaede2de98fbe0ac2156c9f4cd8b5899d2c7cbbf,5ed17d9895bf678374ef5227ca37870c1c170802,28843,https://github.com/go-gitea/gitea/issues/28843,https://github.com/go-gitea/gitea/tree/eaede2de98fbe0ac2156c9f4cd8b5899d2c7cbbf,https://github.com/go-gitea/gitea/tree/5ed17d9895bf678374ef5227ca37870c1c170802,https://github.com/go-gitea/gitea/compare/eaede2de98fbe0ac2156c9f4cd8b5899d2c7cbbf...5ed17d9895bf678374ef5227ca37870c1c170802
1411,Gitea,875f5ea6d83c8371f309df99654ca3556623004c,4ba642d07d50d7eb42ae33cd6f1f7f2c82c02a40,5512,https://github.com/go-gitea/gitea/issues/5512,https://github.com/go-gitea/gitea/tree/875f5ea6d83c8371f309df99654ca3556623004c,https://github.com/go-gitea/gitea/tree/4ba642d07d50d7eb42ae33cd6f1f7f2c82c02a40,https://github.com/go-gitea/gitea/compare/875f5ea6d83c8371f309df99654ca3556623004c...4ba642d07d50d7eb42ae33cd6f1f7f2c82c02a40
1412,Gitea,267dbb4e938cc42dc09a4a893cca631b2f755557,c42083a33950be6ee9f822c6d0de3c3a79d1f51b,14459,https://github.com/go-gitea/gitea/issues/14459,https://github.com/go-gitea/gitea/tree/267dbb4e938cc42dc09a4a893cca631b2f755557,https://github.com/go-gitea/gitea/tree/c42083a33950be6ee9f822c6d0de3c3a79d1f51b,https://github.com/go-gitea/gitea/compare/267dbb4e938cc42dc09a4a893cca631b2f755557...c42083a33950be6ee9f822c6d0de3c3a79d1f51b
1413,Gitea,1ef87773b1e75b99b4b842303542fd17d9c2e6f7,2e33671f2c1e98759e4fd2a90944c534cfdf5776,24411,https://github.com/go-gitea/gitea/issues/24411,https://github.com/go-gitea/gitea/tree/1ef87773b1e75b99b4b842303542fd17d9c2e6f7,https://github.com/go-gitea/gitea/tree/2e33671f2c1e98759e4fd2a90944c534cfdf5776,https://github.com/go-gitea/gitea/compare/1ef87773b1e75b99b4b842303542fd17d9c2e6f7...2e33671f2c1e98759e4fd2a90944c534cfdf5776
1414,Gitea,6130522aa86316c7d87e130cc8c440fd06920928,79217ea63c1f77de7ca79813ae45950724e63d02,29071,https://github.com/go-gitea/gitea/issues/29071,https://github.com/go-gitea/gitea/tree/6130522aa86316c7d87e130cc8c440fd06920928,https://github.com/go-gitea/gitea/tree/79217ea63c1f77de7ca79813ae45950724e63d02,https://github.com/go-gitea/gitea/compare/6130522aa86316c7d87e130cc8c440fd06920928...79217ea63c1f77de7ca79813ae45950724e63d02
1415,Gitea,d3982bcd814bac93e3cbce1c7eb749b17e413fbd,553d46e6f6a144905266d58315a2b0ff2e976380,29346,https://github.com/go-gitea/gitea/issues/29346,https://github.com/go-gitea/gitea/tree/d3982bcd814bac93e3cbce1c7eb749b17e413fbd,https://github.com/go-gitea/gitea/tree/553d46e6f6a144905266d58315a2b0ff2e976380,https://github.com/go-gitea/gitea/compare/d3982bcd814bac93e3cbce1c7eb749b17e413fbd...553d46e6f6a144905266d58315a2b0ff2e976380
1416,Gitea,f8974c772560e2c957e5e218bfb348d1ee6b9448,403766cd81697288804fd218d68c458c6aa5b73d,29415,https://github.com/go-gitea/gitea/issues/29415,https://github.com/go-gitea/gitea/tree/f8974c772560e2c957e5e218bfb348d1ee6b9448,https://github.com/go-gitea/gitea/tree/403766cd81697288804fd218d68c458c6aa5b73d,https://github.com/go-gitea/gitea/compare/f8974c772560e2c957e5e218bfb348d1ee6b9448...403766cd81697288804fd218d68c458c6aa5b73d
1417,Gitea,08c1926e1c3e2487f207b5f225d8b0f2831d0708,6f6120dfa8d549d0b866eeb9317054fea831c844,27188,https://github.com/go-gitea/gitea/issues/27188,https://github.com/go-gitea/gitea/tree/08c1926e1c3e2487f207b5f225d8b0f2831d0708,https://github.com/go-gitea/gitea/tree/6f6120dfa8d549d0b866eeb9317054fea831c844,https://github.com/go-gitea/gitea/compare/08c1926e1c3e2487f207b5f225d8b0f2831d0708...6f6120dfa8d549d0b866eeb9317054fea831c844
1418,Gitea,1ad4bb9eb7641a552c5b88a43eb91d59ec5c0edf,10cfa0879a538a470598281d7093de3555c018be,29472,https://github.com/go-gitea/gitea/issues/29472,https://github.com/go-gitea/gitea/tree/1ad4bb9eb7641a552c5b88a43eb91d59ec5c0edf,https://github.com/go-gitea/gitea/tree/10cfa0879a538a470598281d7093de3555c018be,https://github.com/go-gitea/gitea/compare/1ad4bb9eb7641a552c5b88a43eb91d59ec5c0edf...10cfa0879a538a470598281d7093de3555c018be
1419,Gitea,b8a598e6a43fa65db23b88d3b3b281b5f2f7c2e0,2ca5daf07e5816343c1018f5773e7a2c671f3777,29510,https://github.com/go-gitea/gitea/issues/29510,https://github.com/go-gitea/gitea/tree/b8a598e6a43fa65db23b88d3b3b281b5f2f7c2e0,https://github.com/go-gitea/gitea/tree/2ca5daf07e5816343c1018f5773e7a2c671f3777,https://github.com/go-gitea/gitea/compare/b8a598e6a43fa65db23b88d3b3b281b5f2f7c2e0...2ca5daf07e5816343c1018f5773e7a2c671f3777
1420,Gitea,10cfa0879a538a470598281d7093de3555c018be,252047ed2e09e3f1f1ab394cd62995cf4cabe506,28239,https://github.com/go-gitea/gitea/issues/28239,https://github.com/go-gitea/gitea/tree/10cfa0879a538a470598281d7093de3555c018be,https://github.com/go-gitea/gitea/tree/252047ed2e09e3f1f1ab394cd62995cf4cabe506,https://github.com/go-gitea/gitea/compare/10cfa0879a538a470598281d7093de3555c018be...252047ed2e09e3f1f1ab394cd62995cf4cabe506
1421,Gitea,194479a7416cffdc151e6b75a895d566e5970dca,cee08f634746d65ce3fb05a32dd2439f241a92e6,27496,https://github.com/go-gitea/gitea/issues/27496,https://github.com/go-gitea/gitea/tree/194479a7416cffdc151e6b75a895d566e5970dca,https://github.com/go-gitea/gitea/tree/cee08f634746d65ce3fb05a32dd2439f241a92e6,https://github.com/go-gitea/gitea/compare/194479a7416cffdc151e6b75a895d566e5970dca...cee08f634746d65ce3fb05a32dd2439f241a92e6
1422,Gitea,403766cd81697288804fd218d68c458c6aa5b73d,324626a11c041208b003ee64e33000b223994662,29391,https://github.com/go-gitea/gitea/issues/29391,https://github.com/go-gitea/gitea/tree/403766cd81697288804fd218d68c458c6aa5b73d,https://github.com/go-gitea/gitea/tree/324626a11c041208b003ee64e33000b223994662,https://github.com/go-gitea/gitea/compare/403766cd81697288804fd218d68c458c6aa5b73d...324626a11c041208b003ee64e33000b223994662
1423,Gitea,756b952c52f1efbb137df36d5b97b370c8a45565,1c6858543ca976933004c21b3056a7301e1729d6,26691,https://github.com/go-gitea/gitea/issues/26691,https://github.com/go-gitea/gitea/tree/756b952c52f1efbb137df36d5b97b370c8a45565,https://github.com/go-gitea/gitea/tree/1c6858543ca976933004c21b3056a7301e1729d6,https://github.com/go-gitea/gitea/compare/756b952c52f1efbb137df36d5b97b370c8a45565...1c6858543ca976933004c21b3056a7301e1729d6
1424,Gitea,d557fbc5a715a1920a2860cb04ae6c8fe2225182,d0fe6ea4e101198911383058a2e121e384934a9c,27906,https://github.com/go-gitea/gitea/issues/27906,https://github.com/go-gitea/gitea/tree/d557fbc5a715a1920a2860cb04ae6c8fe2225182,https://github.com/go-gitea/gitea/tree/d0fe6ea4e101198911383058a2e121e384934a9c,https://github.com/go-gitea/gitea/compare/d557fbc5a715a1920a2860cb04ae6c8fe2225182...d0fe6ea4e101198911383058a2e121e384934a9c
1425,Gitea,2089b974c8bf670de5c6801fa48c229fd9291a7b,90435847792d26ac3f23f1a8479706afadec6b15,29484,https://github.com/go-gitea/gitea/issues/29484,https://github.com/go-gitea/gitea/tree/2089b974c8bf670de5c6801fa48c229fd9291a7b,https://github.com/go-gitea/gitea/tree/90435847792d26ac3f23f1a8479706afadec6b15,https://github.com/go-gitea/gitea/compare/2089b974c8bf670de5c6801fa48c229fd9291a7b...90435847792d26ac3f23f1a8479706afadec6b15
1426,Gitea,e71b69257c38178eed9ccd0b62a5ae47d67858d4,e3524c63d6d42865ea8288af89b372544d35474b,1170,https://github.com/go-gitea/gitea/issues/1170,https://github.com/go-gitea/gitea/tree/e71b69257c38178eed9ccd0b62a5ae47d67858d4,https://github.com/go-gitea/gitea/tree/e3524c63d6d42865ea8288af89b372544d35474b,https://github.com/go-gitea/gitea/compare/e71b69257c38178eed9ccd0b62a5ae47d67858d4...e3524c63d6d42865ea8288af89b372544d35474b
1427,Gitea,e71b69257c38178eed9ccd0b62a5ae47d67858d4,e3524c63d6d42865ea8288af89b372544d35474b,1318,https://github.com/go-gitea/gitea/issues/1318,https://github.com/go-gitea/gitea/tree/e71b69257c38178eed9ccd0b62a5ae47d67858d4,https://github.com/go-gitea/gitea/tree/e3524c63d6d42865ea8288af89b372544d35474b,https://github.com/go-gitea/gitea/compare/e71b69257c38178eed9ccd0b62a5ae47d67858d4...e3524c63d6d42865ea8288af89b372544d35474b
1428,Gitea,6e2aafd5130cb9436f02209ae90bf79a58cc13ae,9616dbec334aacb32c6d73b01fd749b11b1e3cdb,29558,https://github.com/go-gitea/gitea/issues/29558,https://github.com/go-gitea/gitea/tree/6e2aafd5130cb9436f02209ae90bf79a58cc13ae,https://github.com/go-gitea/gitea/tree/9616dbec334aacb32c6d73b01fd749b11b1e3cdb,https://github.com/go-gitea/gitea/compare/6e2aafd5130cb9436f02209ae90bf79a58cc13ae...9616dbec334aacb32c6d73b01fd749b11b1e3cdb
1429,Gitea,e2277d07ca5112a797f8c86f825060027ff1c2da,7ec4c65ea5d5a3765d24ee68ae421f2f911b6b5d,29562,https://github.com/go-gitea/gitea/issues/29562,https://github.com/go-gitea/gitea/tree/e2277d07ca5112a797f8c86f825060027ff1c2da,https://github.com/go-gitea/gitea/tree/7ec4c65ea5d5a3765d24ee68ae421f2f911b6b5d,https://github.com/go-gitea/gitea/compare/e2277d07ca5112a797f8c86f825060027ff1c2da...7ec4c65ea5d5a3765d24ee68ae421f2f911b6b5d
1430,Gitea,797ad68964121d5fd0f936567397b3456b2f8d8b,c660149a7079c2b06d4ee6dce2a45804d6d4d7f6,29189,https://github.com/go-gitea/gitea/issues/29189,https://github.com/go-gitea/gitea/tree/797ad68964121d5fd0f936567397b3456b2f8d8b,https://github.com/go-gitea/gitea/tree/c660149a7079c2b06d4ee6dce2a45804d6d4d7f6,https://github.com/go-gitea/gitea/compare/797ad68964121d5fd0f936567397b3456b2f8d8b...c660149a7079c2b06d4ee6dce2a45804d6d4d7f6
1431,Gitea,e650f64d812f5ebeb4a11d2ec20f2376c6d963bc,423372d84ab3d885e47d4a00cd69d6040b61cc4c,29509,https://github.com/go-gitea/gitea/issues/29509,https://github.com/go-gitea/gitea/tree/e650f64d812f5ebeb4a11d2ec20f2376c6d963bc,https://github.com/go-gitea/gitea/tree/423372d84ab3d885e47d4a00cd69d6040b61cc4c,https://github.com/go-gitea/gitea/compare/e650f64d812f5ebeb4a11d2ec20f2376c6d963bc...423372d84ab3d885e47d4a00cd69d6040b61cc4c
1432,Gitea,77e29e0c39392f142627303bd798fb55258072b2,8553b4600e3035b6f6ad6907c37cebd013fa4d64,29533,https://github.com/go-gitea/gitea/issues/29533,https://github.com/go-gitea/gitea/tree/77e29e0c39392f142627303bd798fb55258072b2,https://github.com/go-gitea/gitea/tree/8553b4600e3035b6f6ad6907c37cebd013fa4d64,https://github.com/go-gitea/gitea/compare/77e29e0c39392f142627303bd798fb55258072b2...8553b4600e3035b6f6ad6907c37cebd013fa4d64
1433,Gitea,5cddab4f74bbb307ddf13e458c7ac22f93b9283a,a2b0fb1a64b0794b808a013089758a49f56d8915,29136,https://github.com/go-gitea/gitea/issues/29136,https://github.com/go-gitea/gitea/tree/5cddab4f74bbb307ddf13e458c7ac22f93b9283a,https://github.com/go-gitea/gitea/tree/a2b0fb1a64b0794b808a013089758a49f56d8915,https://github.com/go-gitea/gitea/compare/5cddab4f74bbb307ddf13e458c7ac22f93b9283a...a2b0fb1a64b0794b808a013089758a49f56d8915
1434,Gitea,7e8c1c5ba18e1ac8861f429b825163b8210fd178,4fd9c56ed09b31e2f6164a5f534a31c6624d0478,27457,https://github.com/go-gitea/gitea/issues/27457,https://github.com/go-gitea/gitea/tree/7e8c1c5ba18e1ac8861f429b825163b8210fd178,https://github.com/go-gitea/gitea/tree/4fd9c56ed09b31e2f6164a5f534a31c6624d0478,https://github.com/go-gitea/gitea/compare/7e8c1c5ba18e1ac8861f429b825163b8210fd178...4fd9c56ed09b31e2f6164a5f534a31c6624d0478
1435,Gitea,da15d6127c8d430dfc069f9815ce783dd9ca35f7,5cddab4f74bbb307ddf13e458c7ac22f93b9283a,29000,https://github.com/go-gitea/gitea/issues/29000,https://github.com/go-gitea/gitea/tree/da15d6127c8d430dfc069f9815ce783dd9ca35f7,https://github.com/go-gitea/gitea/tree/5cddab4f74bbb307ddf13e458c7ac22f93b9283a,https://github.com/go-gitea/gitea/compare/da15d6127c8d430dfc069f9815ce783dd9ca35f7...5cddab4f74bbb307ddf13e458c7ac22f93b9283a
1436,Gitea,da15d6127c8d430dfc069f9815ce783dd9ca35f7,5cddab4f74bbb307ddf13e458c7ac22f93b9283a,28685,https://github.com/go-gitea/gitea/issues/28685,https://github.com/go-gitea/gitea/tree/da15d6127c8d430dfc069f9815ce783dd9ca35f7,https://github.com/go-gitea/gitea/tree/5cddab4f74bbb307ddf13e458c7ac22f93b9283a,https://github.com/go-gitea/gitea/compare/da15d6127c8d430dfc069f9815ce783dd9ca35f7...5cddab4f74bbb307ddf13e458c7ac22f93b9283a
1437,Gitea,da15d6127c8d430dfc069f9815ce783dd9ca35f7,5cddab4f74bbb307ddf13e458c7ac22f93b9283a,24036,https://github.com/go-gitea/gitea/issues/24036,https://github.com/go-gitea/gitea/tree/da15d6127c8d430dfc069f9815ce783dd9ca35f7,https://github.com/go-gitea/gitea/tree/5cddab4f74bbb307ddf13e458c7ac22f93b9283a,https://github.com/go-gitea/gitea/compare/da15d6127c8d430dfc069f9815ce783dd9ca35f7...5cddab4f74bbb307ddf13e458c7ac22f93b9283a
1438,Gitea,c381343a60b9c9eedb9dbc0931d1b87cb3c1f366,90a3f2d4b7ed3890d9655c0334444f86d89b7b30,27643,https://github.com/go-gitea/gitea/issues/27643,https://github.com/go-gitea/gitea/tree/c381343a60b9c9eedb9dbc0931d1b87cb3c1f366,https://github.com/go-gitea/gitea/tree/90a3f2d4b7ed3890d9655c0334444f86d89b7b30,https://github.com/go-gitea/gitea/compare/c381343a60b9c9eedb9dbc0931d1b87cb3c1f366...90a3f2d4b7ed3890d9655c0334444f86d89b7b30
1439,Gitea,5bdf805e054ec4131d8f1451752f251e8807cc73,a4bcfb8ef1d5b2b522f78c9560d53ddbdbb02218,29338,https://github.com/go-gitea/gitea/issues/29338,https://github.com/go-gitea/gitea/tree/5bdf805e054ec4131d8f1451752f251e8807cc73,https://github.com/go-gitea/gitea/tree/a4bcfb8ef1d5b2b522f78c9560d53ddbdbb02218,https://github.com/go-gitea/gitea/compare/5bdf805e054ec4131d8f1451752f251e8807cc73...a4bcfb8ef1d5b2b522f78c9560d53ddbdbb02218
1440,Gitea,62aa5e2cbd64c90546bbaf849070b42931a4e60b,fad232054542ade88268304fea9b09f778d74a29,25939,https://github.com/go-gitea/gitea/issues/25939,https://github.com/go-gitea/gitea/tree/62aa5e2cbd64c90546bbaf849070b42931a4e60b,https://github.com/go-gitea/gitea/tree/fad232054542ade88268304fea9b09f778d74a29,https://github.com/go-gitea/gitea/compare/62aa5e2cbd64c90546bbaf849070b42931a4e60b...fad232054542ade88268304fea9b09f778d74a29
1441,Gitea,c1331d1f7ab60249ed2f080b24f3e32093fa708d,45277486c2c6213b7766b1da708a991cdb1f3565,29602,https://github.com/go-gitea/gitea/issues/29602,https://github.com/go-gitea/gitea/tree/c1331d1f7ab60249ed2f080b24f3e32093fa708d,https://github.com/go-gitea/gitea/tree/45277486c2c6213b7766b1da708a991cdb1f3565,https://github.com/go-gitea/gitea/compare/c1331d1f7ab60249ed2f080b24f3e32093fa708d...45277486c2c6213b7766b1da708a991cdb1f3565
1442,Gitea,7cf7a499be80931ae34588201e9605085898e9b8,c8f4897f7f5de5b391be806f4738de1f0d9c4c09,4751,https://github.com/go-gitea/gitea/issues/4751,https://github.com/go-gitea/gitea/tree/7cf7a499be80931ae34588201e9605085898e9b8,https://github.com/go-gitea/gitea/tree/c8f4897f7f5de5b391be806f4738de1f0d9c4c09,https://github.com/go-gitea/gitea/compare/7cf7a499be80931ae34588201e9605085898e9b8...c8f4897f7f5de5b391be806f4738de1f0d9c4c09
1443,Gitea,f86e9a03673b70d660a4b7a1e53748757d7a45fa,9dc8a6336edddca0f3f90392bbc398f4ceaeaf13,29506,https://github.com/go-gitea/gitea/issues/29506,https://github.com/go-gitea/gitea/tree/f86e9a03673b70d660a4b7a1e53748757d7a45fa,https://github.com/go-gitea/gitea/tree/9dc8a6336edddca0f3f90392bbc398f4ceaeaf13,https://github.com/go-gitea/gitea/compare/f86e9a03673b70d660a4b7a1e53748757d7a45fa...9dc8a6336edddca0f3f90392bbc398f4ceaeaf13
1444,Gitea,e308d25f1b2fe24b4735432b05e5e221879a2705,1d2548949adf6046f330d27084efce6e63330e04,29624,https://github.com/go-gitea/gitea/issues/29624,https://github.com/go-gitea/gitea/tree/e308d25f1b2fe24b4735432b05e5e221879a2705,https://github.com/go-gitea/gitea/tree/1d2548949adf6046f330d27084efce6e63330e04,https://github.com/go-gitea/gitea/compare/e308d25f1b2fe24b4735432b05e5e221879a2705...1d2548949adf6046f330d27084efce6e63330e04
1445,Gitea,ce8a98f8789a7e4e9ee97ab0abac6064d78fb1f6,7cf7a499be80931ae34588201e9605085898e9b8,29628,https://github.com/go-gitea/gitea/issues/29628,https://github.com/go-gitea/gitea/tree/ce8a98f8789a7e4e9ee97ab0abac6064d78fb1f6,https://github.com/go-gitea/gitea/tree/7cf7a499be80931ae34588201e9605085898e9b8,https://github.com/go-gitea/gitea/compare/ce8a98f8789a7e4e9ee97ab0abac6064d78fb1f6...7cf7a499be80931ae34588201e9605085898e9b8
1446,Gitea,82875ae946b34e67beb3c89d0bd02a0fee9ad96e,df1268ca08aaacae54c775a8eec34006dfe365e0,29582,https://github.com/go-gitea/gitea/issues/29582,https://github.com/go-gitea/gitea/tree/82875ae946b34e67beb3c89d0bd02a0fee9ad96e,https://github.com/go-gitea/gitea/tree/df1268ca08aaacae54c775a8eec34006dfe365e0,https://github.com/go-gitea/gitea/compare/82875ae946b34e67beb3c89d0bd02a0fee9ad96e...df1268ca08aaacae54c775a8eec34006dfe365e0
1447,Gitea,29a8c8de779924694fadad80b31cc855dd62c0f2,ce8a98f8789a7e4e9ee97ab0abac6064d78fb1f6,26210,https://github.com/go-gitea/gitea/issues/26210,https://github.com/go-gitea/gitea/tree/29a8c8de779924694fadad80b31cc855dd62c0f2,https://github.com/go-gitea/gitea/tree/ce8a98f8789a7e4e9ee97ab0abac6064d78fb1f6,https://github.com/go-gitea/gitea/compare/29a8c8de779924694fadad80b31cc855dd62c0f2...ce8a98f8789a7e4e9ee97ab0abac6064d78fb1f6
1448,Gitea,886e90aa82521d2c2ae17d3e177c056ae32e4aa6,f219ea8d0e0eccd74c786202a4ddb2784a0175ad,29196,https://github.com/go-gitea/gitea/issues/29196,https://github.com/go-gitea/gitea/tree/886e90aa82521d2c2ae17d3e177c056ae32e4aa6,https://github.com/go-gitea/gitea/tree/f219ea8d0e0eccd74c786202a4ddb2784a0175ad,https://github.com/go-gitea/gitea/compare/886e90aa82521d2c2ae17d3e177c056ae32e4aa6...f219ea8d0e0eccd74c786202a4ddb2784a0175ad
1449,Gitea,6e8762f962c5eaaee1c92e910c95c8b85b7c1e11,5665a0212bf391a2b61add34a4633b5d7495cf34,29668,https://github.com/go-gitea/gitea/issues/29668,https://github.com/go-gitea/gitea/tree/6e8762f962c5eaaee1c92e910c95c8b85b7c1e11,https://github.com/go-gitea/gitea/tree/5665a0212bf391a2b61add34a4633b5d7495cf34,https://github.com/go-gitea/gitea/compare/6e8762f962c5eaaee1c92e910c95c8b85b7c1e11...5665a0212bf391a2b61add34a4633b5d7495cf34
1450,Gitea,9bf693d98ddf8efa058a5fbbb6a3da5e0c12ab27,6e8762f962c5eaaee1c92e910c95c8b85b7c1e11,29689,https://github.com/go-gitea/gitea/issues/29689,https://github.com/go-gitea/gitea/tree/9bf693d98ddf8efa058a5fbbb6a3da5e0c12ab27,https://github.com/go-gitea/gitea/tree/6e8762f962c5eaaee1c92e910c95c8b85b7c1e11,https://github.com/go-gitea/gitea/compare/9bf693d98ddf8efa058a5fbbb6a3da5e0c12ab27...6e8762f962c5eaaee1c92e910c95c8b85b7c1e11
1451,Gitea,df60dbfb9918081962614d063485337fb42e0ee7,712e19fa6fbf2f1a5b0a471782d38a7d91e538ae,29770,https://github.com/go-gitea/gitea/issues/29770,https://github.com/go-gitea/gitea/tree/df60dbfb9918081962614d063485337fb42e0ee7,https://github.com/go-gitea/gitea/tree/712e19fa6fbf2f1a5b0a471782d38a7d91e538ae,https://github.com/go-gitea/gitea/compare/df60dbfb9918081962614d063485337fb42e0ee7...712e19fa6fbf2f1a5b0a471782d38a7d91e538ae
1452,Gitea,3c6fc25a77c37d50686caa495d27a31dcef7f75f,8fc1a8f0eb642c574610a346e858d42c433ebe01,28735,https://github.com/go-gitea/gitea/issues/28735,https://github.com/go-gitea/gitea/tree/3c6fc25a77c37d50686caa495d27a31dcef7f75f,https://github.com/go-gitea/gitea/tree/8fc1a8f0eb642c574610a346e858d42c433ebe01,https://github.com/go-gitea/gitea/compare/3c6fc25a77c37d50686caa495d27a31dcef7f75f...8fc1a8f0eb642c574610a346e858d42c433ebe01
1453,Gitea,43de021ac1ca017212ec75fd88a8a80a9db27c4c,2da13675c0cfdc531044553636c3b74f2fda3eb4,29699,https://github.com/go-gitea/gitea/issues/29699,https://github.com/go-gitea/gitea/tree/43de021ac1ca017212ec75fd88a8a80a9db27c4c,https://github.com/go-gitea/gitea/tree/2da13675c0cfdc531044553636c3b74f2fda3eb4,https://github.com/go-gitea/gitea/compare/43de021ac1ca017212ec75fd88a8a80a9db27c4c...2da13675c0cfdc531044553636c3b74f2fda3eb4
1454,Gitea,0827552d9ab6bec5fccef86139cbad3ae7b582b7,277f90d4164c09dc42a0fc6b1041147e76874f41,29763,https://github.com/go-gitea/gitea/issues/29763,https://github.com/go-gitea/gitea/tree/0827552d9ab6bec5fccef86139cbad3ae7b582b7,https://github.com/go-gitea/gitea/tree/277f90d4164c09dc42a0fc6b1041147e76874f41,https://github.com/go-gitea/gitea/compare/0827552d9ab6bec5fccef86139cbad3ae7b582b7...277f90d4164c09dc42a0fc6b1041147e76874f41
1455,Gitea,abb330e6139c37f3c1d84b30625c1f5495a4eb49,5ca65d33906ebbca1e502536ffef18942b541c1d,29820,https://github.com/go-gitea/gitea/issues/29820,https://github.com/go-gitea/gitea/tree/abb330e6139c37f3c1d84b30625c1f5495a4eb49,https://github.com/go-gitea/gitea/tree/5ca65d33906ebbca1e502536ffef18942b541c1d,https://github.com/go-gitea/gitea/compare/abb330e6139c37f3c1d84b30625c1f5495a4eb49...5ca65d33906ebbca1e502536ffef18942b541c1d
1456,Gitea,4e547822f348c2963e0db33135b45d43dfc58df8,ed02d1fab85c9b8206c0af84dcfc3792e61609cf,20175,https://github.com/go-gitea/gitea/issues/20175,https://github.com/go-gitea/gitea/tree/4e547822f348c2963e0db33135b45d43dfc58df8,https://github.com/go-gitea/gitea/tree/ed02d1fab85c9b8206c0af84dcfc3792e61609cf,https://github.com/go-gitea/gitea/compare/4e547822f348c2963e0db33135b45d43dfc58df8...ed02d1fab85c9b8206c0af84dcfc3792e61609cf
1457,Gitea,df05c558da704f0c9c9f11d32bba2a9c1cb2f8a8,0285b04f4ca981d7467097dbca3b281011b7798c,29837,https://github.com/go-gitea/gitea/issues/29837,https://github.com/go-gitea/gitea/tree/df05c558da704f0c9c9f11d32bba2a9c1cb2f8a8,https://github.com/go-gitea/gitea/tree/0285b04f4ca981d7467097dbca3b281011b7798c,https://github.com/go-gitea/gitea/compare/df05c558da704f0c9c9f11d32bba2a9c1cb2f8a8...0285b04f4ca981d7467097dbca3b281011b7798c
1458,Gitea,2033eb7c1138a06ea052e6c6e6e5799187519e16,8d979f16928b11779c04c4b547dee3d748cadd51,29778,https://github.com/go-gitea/gitea/issues/29778,https://github.com/go-gitea/gitea/tree/2033eb7c1138a06ea052e6c6e6e5799187519e16,https://github.com/go-gitea/gitea/tree/8d979f16928b11779c04c4b547dee3d748cadd51,https://github.com/go-gitea/gitea/compare/2033eb7c1138a06ea052e6c6e6e5799187519e16...8d979f16928b11779c04c4b547dee3d748cadd51
1459,Gitea,0e183d81fc5283f9d2047472de580e4f04a046c1,828701ff2de67e179e79c79e6b52e92e770df789,29885,https://github.com/go-gitea/gitea/issues/29885,https://github.com/go-gitea/gitea/tree/0e183d81fc5283f9d2047472de580e4f04a046c1,https://github.com/go-gitea/gitea/tree/828701ff2de67e179e79c79e6b52e92e770df789,https://github.com/go-gitea/gitea/compare/0e183d81fc5283f9d2047472de580e4f04a046c1...828701ff2de67e179e79c79e6b52e92e770df789
1460,Gitea,17d7ab5ad4ce3d0fbc1251572c22687c237a30b1,98217b034076157547cf688cc10f47cd3275c872,29731,https://github.com/go-gitea/gitea/issues/29731,https://github.com/go-gitea/gitea/tree/17d7ab5ad4ce3d0fbc1251572c22687c237a30b1,https://github.com/go-gitea/gitea/tree/98217b034076157547cf688cc10f47cd3275c872,https://github.com/go-gitea/gitea/compare/17d7ab5ad4ce3d0fbc1251572c22687c237a30b1...98217b034076157547cf688cc10f47cd3275c872
1461,Gitea,f371f84fa3456c2a71470632b6458d81e4892a54,02bbdd478706032f3d4948333aa4ea38e33f8e32,29923,https://github.com/go-gitea/gitea/issues/29923,https://github.com/go-gitea/gitea/tree/f371f84fa3456c2a71470632b6458d81e4892a54,https://github.com/go-gitea/gitea/tree/02bbdd478706032f3d4948333aa4ea38e33f8e32,https://github.com/go-gitea/gitea/compare/f371f84fa3456c2a71470632b6458d81e4892a54...02bbdd478706032f3d4948333aa4ea38e33f8e32
1462,Gitea,bc55a80693aded26efd856812097536e2402d491,21151474e36eecc5b808963b924cd27ec34e0608,29936,https://github.com/go-gitea/gitea/issues/29936,https://github.com/go-gitea/gitea/tree/bc55a80693aded26efd856812097536e2402d491,https://github.com/go-gitea/gitea/tree/21151474e36eecc5b808963b924cd27ec34e0608,https://github.com/go-gitea/gitea/compare/bc55a80693aded26efd856812097536e2402d491...21151474e36eecc5b808963b924cd27ec34e0608
1463,Gitea,828701ff2de67e179e79c79e6b52e92e770df789,656d8e2267dbdbb595704d507a780533038bb7ed,29717,https://github.com/go-gitea/gitea/issues/29717,https://github.com/go-gitea/gitea/tree/828701ff2de67e179e79c79e6b52e92e770df789,https://github.com/go-gitea/gitea/tree/656d8e2267dbdbb595704d507a780533038bb7ed,https://github.com/go-gitea/gitea/compare/828701ff2de67e179e79c79e6b52e92e770df789...656d8e2267dbdbb595704d507a780533038bb7ed
1464,Gitea,82979588f4d8699097451ebb70c56a4bdd090c52,cdb4d1a8db096d60dba04728924dab85def45b19,27176,https://github.com/go-gitea/gitea/issues/27176,https://github.com/go-gitea/gitea/tree/82979588f4d8699097451ebb70c56a4bdd090c52,https://github.com/go-gitea/gitea/tree/cdb4d1a8db096d60dba04728924dab85def45b19,https://github.com/go-gitea/gitea/compare/82979588f4d8699097451ebb70c56a4bdd090c52...cdb4d1a8db096d60dba04728924dab85def45b19
1465,Gitea,8cad44f4109b6f87e565d43e137e99ab23b54349,bc55a80693aded26efd856812097536e2402d491,29934,https://github.com/go-gitea/gitea/issues/29934,https://github.com/go-gitea/gitea/tree/8cad44f4109b6f87e565d43e137e99ab23b54349,https://github.com/go-gitea/gitea/tree/bc55a80693aded26efd856812097536e2402d491,https://github.com/go-gitea/gitea/compare/8cad44f4109b6f87e565d43e137e99ab23b54349...bc55a80693aded26efd856812097536e2402d491
1466,Gitea,ef33dcf946cc9754b51c955975d67f871702b958,2f060c5834d81f0317c795fc281f9a07e03e5962,28761,https://github.com/go-gitea/gitea/issues/28761,https://github.com/go-gitea/gitea/tree/ef33dcf946cc9754b51c955975d67f871702b958,https://github.com/go-gitea/gitea/tree/2f060c5834d81f0317c795fc281f9a07e03e5962,https://github.com/go-gitea/gitea/compare/ef33dcf946cc9754b51c955975d67f871702b958...2f060c5834d81f0317c795fc281f9a07e03e5962
1467,Gitea,ef33dcf946cc9754b51c955975d67f871702b958,2f060c5834d81f0317c795fc281f9a07e03e5962,27884,https://github.com/go-gitea/gitea/issues/27884,https://github.com/go-gitea/gitea/tree/ef33dcf946cc9754b51c955975d67f871702b958,https://github.com/go-gitea/gitea/tree/2f060c5834d81f0317c795fc281f9a07e03e5962,https://github.com/go-gitea/gitea/compare/ef33dcf946cc9754b51c955975d67f871702b958...2f060c5834d81f0317c795fc281f9a07e03e5962
1468,Gitea,ef33dcf946cc9754b51c955975d67f871702b958,2f060c5834d81f0317c795fc281f9a07e03e5962,28093,https://github.com/go-gitea/gitea/issues/28093,https://github.com/go-gitea/gitea/tree/ef33dcf946cc9754b51c955975d67f871702b958,https://github.com/go-gitea/gitea/tree/2f060c5834d81f0317c795fc281f9a07e03e5962,https://github.com/go-gitea/gitea/compare/ef33dcf946cc9754b51c955975d67f871702b958...2f060c5834d81f0317c795fc281f9a07e03e5962
1469,Gitea,286268c9155c9e0b3a3aa0a18675111e5b744a5b,76ec5410510f09b3ea2bfd2602fcb8f3251087b6,29877,https://github.com/go-gitea/gitea/issues/29877,https://github.com/go-gitea/gitea/tree/286268c9155c9e0b3a3aa0a18675111e5b744a5b,https://github.com/go-gitea/gitea/tree/76ec5410510f09b3ea2bfd2602fcb8f3251087b6,https://github.com/go-gitea/gitea/compare/286268c9155c9e0b3a3aa0a18675111e5b744a5b...76ec5410510f09b3ea2bfd2602fcb8f3251087b6
1470,Gitea,900dd79d8adaf2569df0f1346b6e6e91ed4b5ad3,e3e08dcc5184cdbdac5023fabaafba123a995c3e,30012,https://github.com/go-gitea/gitea/issues/30012,https://github.com/go-gitea/gitea/tree/900dd79d8adaf2569df0f1346b6e6e91ed4b5ad3,https://github.com/go-gitea/gitea/tree/e3e08dcc5184cdbdac5023fabaafba123a995c3e,https://github.com/go-gitea/gitea/compare/900dd79d8adaf2569df0f1346b6e6e91ed4b5ad3...e3e08dcc5184cdbdac5023fabaafba123a995c3e
1471,Gitea,cdb4d1a8db096d60dba04728924dab85def45b19,4bef1fb3e49127316596cef1d3ca103a199c0536,26593,https://github.com/go-gitea/gitea/issues/26593,https://github.com/go-gitea/gitea/tree/cdb4d1a8db096d60dba04728924dab85def45b19,https://github.com/go-gitea/gitea/tree/4bef1fb3e49127316596cef1d3ca103a199c0536,https://github.com/go-gitea/gitea/compare/cdb4d1a8db096d60dba04728924dab85def45b19...4bef1fb3e49127316596cef1d3ca103a199c0536
1472,Gitea,a4455d313e2c129dc9734292035b89339577174d,9cf0f0bb040162509702ec9aaf7df6662ecc13b1,30037,https://github.com/go-gitea/gitea/issues/30037,https://github.com/go-gitea/gitea/tree/a4455d313e2c129dc9734292035b89339577174d,https://github.com/go-gitea/gitea/tree/9cf0f0bb040162509702ec9aaf7df6662ecc13b1,https://github.com/go-gitea/gitea/compare/a4455d313e2c129dc9734292035b89339577174d...9cf0f0bb040162509702ec9aaf7df6662ecc13b1
1473,Gitea,226231ea27d4f2b0f09fa4efb39501507613b284,bf34723491dcbb45dee7888c574e295cae6096be,29986,https://github.com/go-gitea/gitea/issues/29986,https://github.com/go-gitea/gitea/tree/226231ea27d4f2b0f09fa4efb39501507613b284,https://github.com/go-gitea/gitea/tree/bf34723491dcbb45dee7888c574e295cae6096be,https://github.com/go-gitea/gitea/compare/226231ea27d4f2b0f09fa4efb39501507613b284...bf34723491dcbb45dee7888c574e295cae6096be
1474,Gitea,c6c4d66004c70b24abc8048b39b660b8361a0395,475b6e839caa88994318f905f0965c3b418f876a,29997,https://github.com/go-gitea/gitea/issues/29997,https://github.com/go-gitea/gitea/tree/c6c4d66004c70b24abc8048b39b660b8361a0395,https://github.com/go-gitea/gitea/tree/475b6e839caa88994318f905f0965c3b418f876a,https://github.com/go-gitea/gitea/compare/c6c4d66004c70b24abc8048b39b660b8361a0395...475b6e839caa88994318f905f0965c3b418f876a
1475,Gitea,74c1378dfb5f1831ca2bf1f0b18ab150134f4beb,1cdc6c3a4ea28396788b2697f9cf257df161ff9a,30020,https://github.com/go-gitea/gitea/issues/30020,https://github.com/go-gitea/gitea/tree/74c1378dfb5f1831ca2bf1f0b18ab150134f4beb,https://github.com/go-gitea/gitea/tree/1cdc6c3a4ea28396788b2697f9cf257df161ff9a,https://github.com/go-gitea/gitea/compare/74c1378dfb5f1831ca2bf1f0b18ab150134f4beb...1cdc6c3a4ea28396788b2697f9cf257df161ff9a
1476,Gitea,ce3c3512265df3b4940672be40065c4fb415ef95,1261dd6742fb7095e51c173ca4641477d81a3634,25055,https://github.com/go-gitea/gitea/issues/25055,https://github.com/go-gitea/gitea/tree/ce3c3512265df3b4940672be40065c4fb415ef95,https://github.com/go-gitea/gitea/tree/1261dd6742fb7095e51c173ca4641477d81a3634,https://github.com/go-gitea/gitea/compare/ce3c3512265df3b4940672be40065c4fb415ef95...1261dd6742fb7095e51c173ca4641477d81a3634
1477,Gitea,0c8b828f5d5ac7eb8e251edfb1f2536ce1c30336,30a561ce569fcb1dfc12edf658104a126281494d,30097,https://github.com/go-gitea/gitea/issues/30097,https://github.com/go-gitea/gitea/tree/0c8b828f5d5ac7eb8e251edfb1f2536ce1c30336,https://github.com/go-gitea/gitea/tree/30a561ce569fcb1dfc12edf658104a126281494d,https://github.com/go-gitea/gitea/compare/0c8b828f5d5ac7eb8e251edfb1f2536ce1c30336...30a561ce569fcb1dfc12edf658104a126281494d
1478,Gitea,bbaf62589fe538be4afc86455d772360de80e7d8,8e79aed573a3597c028bfc3598bd78f12e8a3ac3,30069,https://github.com/go-gitea/gitea/issues/30069,https://github.com/go-gitea/gitea/tree/bbaf62589fe538be4afc86455d772360de80e7d8,https://github.com/go-gitea/gitea/tree/8e79aed573a3597c028bfc3598bd78f12e8a3ac3,https://github.com/go-gitea/gitea/compare/bbaf62589fe538be4afc86455d772360de80e7d8...8e79aed573a3597c028bfc3598bd78f12e8a3ac3
1479,Gitea,1261dd6742fb7095e51c173ca4641477d81a3634,4640441a0e23e40bc9ad73ca60f8ade0f29950ee,30123,https://github.com/go-gitea/gitea/issues/30123,https://github.com/go-gitea/gitea/tree/1261dd6742fb7095e51c173ca4641477d81a3634,https://github.com/go-gitea/gitea/tree/4640441a0e23e40bc9ad73ca60f8ade0f29950ee,https://github.com/go-gitea/gitea/compare/1261dd6742fb7095e51c173ca4641477d81a3634...4640441a0e23e40bc9ad73ca60f8ade0f29950ee
1480,Gitea,e40fc75bac65933f2ed3de8fbc5fb336195b59f5,242b331260925e604150346e61329097d5731e77,29965,https://github.com/go-gitea/gitea/issues/29965,https://github.com/go-gitea/gitea/tree/e40fc75bac65933f2ed3de8fbc5fb336195b59f5,https://github.com/go-gitea/gitea/tree/242b331260925e604150346e61329097d5731e77,https://github.com/go-gitea/gitea/compare/e40fc75bac65933f2ed3de8fbc5fb336195b59f5...242b331260925e604150346e61329097d5731e77
1481,Gitea,c1ac72150885b327f56ea61273e27b16d6da5435,274bc00ca2c3bf5a734d74e47cc28fa8c41e3875,17567,https://github.com/go-gitea/gitea/issues/17567,https://github.com/go-gitea/gitea/tree/c1ac72150885b327f56ea61273e27b16d6da5435,https://github.com/go-gitea/gitea/tree/274bc00ca2c3bf5a734d74e47cc28fa8c41e3875,https://github.com/go-gitea/gitea/compare/c1ac72150885b327f56ea61273e27b16d6da5435...274bc00ca2c3bf5a734d74e47cc28fa8c41e3875
1482,Gitea,dd8dde2be89921b2b1497c6cc5eafdde213429cb,8acc7aab4c254c4819f45e512b86cf5a4255091f,22238,https://github.com/go-gitea/gitea/issues/22238,https://github.com/go-gitea/gitea/tree/dd8dde2be89921b2b1497c6cc5eafdde213429cb,https://github.com/go-gitea/gitea/tree/8acc7aab4c254c4819f45e512b86cf5a4255091f,https://github.com/go-gitea/gitea/compare/dd8dde2be89921b2b1497c6cc5eafdde213429cb...8acc7aab4c254c4819f45e512b86cf5a4255091f
1483,Gitea,4eb86d68233241d53cff1009ecff17ac35efccd4,e5160185ed65fd1c2bcb2fc7dc7e0b5514ddb299,29853,https://github.com/go-gitea/gitea/issues/29853,https://github.com/go-gitea/gitea/tree/4eb86d68233241d53cff1009ecff17ac35efccd4,https://github.com/go-gitea/gitea/tree/e5160185ed65fd1c2bcb2fc7dc7e0b5514ddb299,https://github.com/go-gitea/gitea/compare/4eb86d68233241d53cff1009ecff17ac35efccd4...e5160185ed65fd1c2bcb2fc7dc7e0b5514ddb299
1484,Gitea,59d4aadba5c15d02f3b9f0e61abb7476870c20a5,c9068ef9e410deefa1c3877daf6dfc3c5000fb17,29933,https://github.com/go-gitea/gitea/issues/29933,https://github.com/go-gitea/gitea/tree/59d4aadba5c15d02f3b9f0e61abb7476870c20a5,https://github.com/go-gitea/gitea/tree/c9068ef9e410deefa1c3877daf6dfc3c5000fb17,https://github.com/go-gitea/gitea/compare/59d4aadba5c15d02f3b9f0e61abb7476870c20a5...c9068ef9e410deefa1c3877daf6dfc3c5000fb17
1485,Gitea,f31a88d3cb64106e75bbe8a3502856db71dbacfc,b6a3cd4b8dc20ba48d0044a972f6ff0f0de6e49e,30119,https://github.com/go-gitea/gitea/issues/30119,https://github.com/go-gitea/gitea/tree/f31a88d3cb64106e75bbe8a3502856db71dbacfc,https://github.com/go-gitea/gitea/tree/b6a3cd4b8dc20ba48d0044a972f6ff0f0de6e49e,https://github.com/go-gitea/gitea/compare/f31a88d3cb64106e75bbe8a3502856db71dbacfc...b6a3cd4b8dc20ba48d0044a972f6ff0f0de6e49e
1486,Gitea,a9e5706696f7d593e281d33783877b7772e48e19,ce3c3512265df3b4940672be40065c4fb415ef95,30103,https://github.com/go-gitea/gitea/issues/30103,https://github.com/go-gitea/gitea/tree/a9e5706696f7d593e281d33783877b7772e48e19,https://github.com/go-gitea/gitea/tree/ce3c3512265df3b4940672be40065c4fb415ef95,https://github.com/go-gitea/gitea/compare/a9e5706696f7d593e281d33783877b7772e48e19...ce3c3512265df3b4940672be40065c4fb415ef95
1487,Gitea,751997ad34fdd52b9f3956b14395560b059c9ac1,1ef2eb50d82d07b1e4ff312ef58953d1bba2437a,30220,https://github.com/go-gitea/gitea/issues/30220,https://github.com/go-gitea/gitea/tree/751997ad34fdd52b9f3956b14395560b059c9ac1,https://github.com/go-gitea/gitea/tree/1ef2eb50d82d07b1e4ff312ef58953d1bba2437a,https://github.com/go-gitea/gitea/compare/751997ad34fdd52b9f3956b14395560b059c9ac1...1ef2eb50d82d07b1e4ff312ef58953d1bba2437a
1488,Gitea,7eb3ab076549f83fadf4034f77e7794e785725fa,82ffd91607ba03907ebad31ec9a38555b153a331,30189,https://github.com/go-gitea/gitea/issues/30189,https://github.com/go-gitea/gitea/tree/7eb3ab076549f83fadf4034f77e7794e785725fa,https://github.com/go-gitea/gitea/tree/82ffd91607ba03907ebad31ec9a38555b153a331,https://github.com/go-gitea/gitea/compare/7eb3ab076549f83fadf4034f77e7794e785725fa...82ffd91607ba03907ebad31ec9a38555b153a331
1489,Gitea,944c76e78423405a33450eb3d07cd2b772f4a81c,eb505b128c7b9b2459f2a5d20b5740017125178b,30235,https://github.com/go-gitea/gitea/issues/30235,https://github.com/go-gitea/gitea/tree/944c76e78423405a33450eb3d07cd2b772f4a81c,https://github.com/go-gitea/gitea/tree/eb505b128c7b9b2459f2a5d20b5740017125178b,https://github.com/go-gitea/gitea/compare/944c76e78423405a33450eb3d07cd2b772f4a81c...eb505b128c7b9b2459f2a5d20b5740017125178b
1490,Gitea,8a5c597c1d53e7652f1f3fc59e64b46a04c5e20b,b4825670596fe745cebdcc63a8ead4388602d42c,27639,https://github.com/go-gitea/gitea/issues/27639,https://github.com/go-gitea/gitea/tree/8a5c597c1d53e7652f1f3fc59e64b46a04c5e20b,https://github.com/go-gitea/gitea/tree/b4825670596fe745cebdcc63a8ead4388602d42c,https://github.com/go-gitea/gitea/compare/8a5c597c1d53e7652f1f3fc59e64b46a04c5e20b...b4825670596fe745cebdcc63a8ead4388602d42c
1491,Gitea,ca5c895efb91d2c2f17a83460e1753101c6f6bb1,e006451ab1509f8d6d43c5974387c05b26517392,27605,https://github.com/go-gitea/gitea/issues/27605,https://github.com/go-gitea/gitea/tree/ca5c895efb91d2c2f17a83460e1753101c6f6bb1,https://github.com/go-gitea/gitea/tree/e006451ab1509f8d6d43c5974387c05b26517392,https://github.com/go-gitea/gitea/compare/ca5c895efb91d2c2f17a83460e1753101c6f6bb1...e006451ab1509f8d6d43c5974387c05b26517392
1492,Gitea,83c5072077f34e6e108b12559b5aef2ae2de5a22,07bcfc171bcccfe78a86c7b4b3f9b729ba7d60b6,29588,https://github.com/go-gitea/gitea/issues/29588,https://github.com/go-gitea/gitea/tree/83c5072077f34e6e108b12559b5aef2ae2de5a22,https://github.com/go-gitea/gitea/tree/07bcfc171bcccfe78a86c7b4b3f9b729ba7d60b6,https://github.com/go-gitea/gitea/compare/83c5072077f34e6e108b12559b5aef2ae2de5a22...07bcfc171bcccfe78a86c7b4b3f9b729ba7d60b6
1493,Gitea,556099fa72f6239aa9446d06265876bc72b021b8,b2b49c9bde63b311f01d500ada9212c46b9602fe,30098,https://github.com/go-gitea/gitea/issues/30098,https://github.com/go-gitea/gitea/tree/556099fa72f6239aa9446d06265876bc72b021b8,https://github.com/go-gitea/gitea/tree/b2b49c9bde63b311f01d500ada9212c46b9602fe,https://github.com/go-gitea/gitea/compare/556099fa72f6239aa9446d06265876bc72b021b8...b2b49c9bde63b311f01d500ada9212c46b9602fe
1494,Gitea,9c1f4dae2ee85b748250ba7b161d70bd529088d3,7396172a02a9ea8d80f9763469fd65a5a12ff3f7,30292,https://github.com/go-gitea/gitea/issues/30292,https://github.com/go-gitea/gitea/tree/9c1f4dae2ee85b748250ba7b161d70bd529088d3,https://github.com/go-gitea/gitea/tree/7396172a02a9ea8d80f9763469fd65a5a12ff3f7,https://github.com/go-gitea/gitea/compare/9c1f4dae2ee85b748250ba7b161d70bd529088d3...7396172a02a9ea8d80f9763469fd65a5a12ff3f7
1495,Gitea,7d66b9ea65cc416046ec7075bc327932a4f2094f,d872ce006c0400edb10a05f7555f9b08070442e3,30243,https://github.com/go-gitea/gitea/issues/30243,https://github.com/go-gitea/gitea/tree/7d66b9ea65cc416046ec7075bc327932a4f2094f,https://github.com/go-gitea/gitea/tree/d872ce006c0400edb10a05f7555f9b08070442e3,https://github.com/go-gitea/gitea/compare/7d66b9ea65cc416046ec7075bc327932a4f2094f...d872ce006c0400edb10a05f7555f9b08070442e3
1496,Gitea,ff7aab44032cbb22cb6696a1939d1f619621f067,908426aa0fcc58961c345994f0f66056f6cf5f48,29879,https://github.com/go-gitea/gitea/issues/29879,https://github.com/go-gitea/gitea/tree/ff7aab44032cbb22cb6696a1939d1f619621f067,https://github.com/go-gitea/gitea/tree/908426aa0fcc58961c345994f0f66056f6cf5f48,https://github.com/go-gitea/gitea/compare/ff7aab44032cbb22cb6696a1939d1f619621f067...908426aa0fcc58961c345994f0f66056f6cf5f48
1497,Gitea,0d5abe3454c73f11d90d2809af0949a0e0636c22,7443a10fc3d722d3326a0cb7b15b208f907c72d7,30074,https://github.com/go-gitea/gitea/issues/30074,https://github.com/go-gitea/gitea/tree/0d5abe3454c73f11d90d2809af0949a0e0636c22,https://github.com/go-gitea/gitea/tree/7443a10fc3d722d3326a0cb7b15b208f907c72d7,https://github.com/go-gitea/gitea/compare/0d5abe3454c73f11d90d2809af0949a0e0636c22...7443a10fc3d722d3326a0cb7b15b208f907c72d7
1498,Gitea,40cdc84b368cce8328b4b49ea5ecf1c5fa040300,61036235966773a0af6b690b10b33ff8222df1d7,20446,https://github.com/go-gitea/gitea/issues/20446,https://github.com/go-gitea/gitea/tree/40cdc84b368cce8328b4b49ea5ecf1c5fa040300,https://github.com/go-gitea/gitea/tree/61036235966773a0af6b690b10b33ff8222df1d7,https://github.com/go-gitea/gitea/compare/40cdc84b368cce8328b4b49ea5ecf1c5fa040300...61036235966773a0af6b690b10b33ff8222df1d7
1499,Gitea,50099d7af436785daf66a3a9f27bd5c009f90684,c1f76aea45f11e1d5ae22c047cf3bda9c681de8d,27121,https://github.com/go-gitea/gitea/issues/27121,https://github.com/go-gitea/gitea/tree/50099d7af436785daf66a3a9f27bd5c009f90684,https://github.com/go-gitea/gitea/tree/c1f76aea45f11e1d5ae22c047cf3bda9c681de8d,https://github.com/go-gitea/gitea/compare/50099d7af436785daf66a3a9f27bd5c009f90684...c1f76aea45f11e1d5ae22c047cf3bda9c681de8d
1500,Gitea,36887ed3921d03f1864360c95bd2ecf853bfbe72,8498e67309478bd0a65a7b1c6f3c8e6ce62c0956,30265,https://github.com/go-gitea/gitea/issues/30265,https://github.com/go-gitea/gitea/tree/36887ed3921d03f1864360c95bd2ecf853bfbe72,https://github.com/go-gitea/gitea/tree/8498e67309478bd0a65a7b1c6f3c8e6ce62c0956,https://github.com/go-gitea/gitea/compare/36887ed3921d03f1864360c95bd2ecf853bfbe72...8498e67309478bd0a65a7b1c6f3c8e6ce62c0956
1501,Gitea,f9fdac9809335729b2ac3227b2a5f71a62fc64ad,9466fec879f4f2c88c7c1e7a5cffba319282ab66,30428,https://github.com/go-gitea/gitea/issues/30428,https://github.com/go-gitea/gitea/tree/f9fdac9809335729b2ac3227b2a5f71a62fc64ad,https://github.com/go-gitea/gitea/tree/9466fec879f4f2c88c7c1e7a5cffba319282ab66,https://github.com/go-gitea/gitea/compare/f9fdac9809335729b2ac3227b2a5f71a62fc64ad...9466fec879f4f2c88c7c1e7a5cffba319282ab66
1502,Gitea,d547b53cca8a9a7ac96449910bae5d811728c251,63c80aeb29efa2bc0ffa0ed46ea7cd86e634ef8a,30359,https://github.com/go-gitea/gitea/issues/30359,https://github.com/go-gitea/gitea/tree/d547b53cca8a9a7ac96449910bae5d811728c251,https://github.com/go-gitea/gitea/tree/63c80aeb29efa2bc0ffa0ed46ea7cd86e634ef8a,https://github.com/go-gitea/gitea/compare/d547b53cca8a9a7ac96449910bae5d811728c251...63c80aeb29efa2bc0ffa0ed46ea7cd86e634ef8a
1503,Gitea,68271834d6ae6d397b5a2048f9e515ff53735994,b4d86912ef18c58e973ee10c4a3bc621e9bd6c52,30424,https://github.com/go-gitea/gitea/issues/30424,https://github.com/go-gitea/gitea/tree/68271834d6ae6d397b5a2048f9e515ff53735994,https://github.com/go-gitea/gitea/tree/b4d86912ef18c58e973ee10c4a3bc621e9bd6c52,https://github.com/go-gitea/gitea/compare/68271834d6ae6d397b5a2048f9e515ff53735994...b4d86912ef18c58e973ee10c4a3bc621e9bd6c52
1504,Gitea,18dd9f9a3f3ef68e3cb2c0b032f751b64ea0e6e8,fd59cd9450cbd511ad4a0790bf51f8d5d2c18aa3,30416,https://github.com/go-gitea/gitea/issues/30416,https://github.com/go-gitea/gitea/tree/18dd9f9a3f3ef68e3cb2c0b032f751b64ea0e6e8,https://github.com/go-gitea/gitea/tree/fd59cd9450cbd511ad4a0790bf51f8d5d2c18aa3,https://github.com/go-gitea/gitea/compare/18dd9f9a3f3ef68e3cb2c0b032f751b64ea0e6e8...fd59cd9450cbd511ad4a0790bf51f8d5d2c18aa3
1505,Gitea,25427e0aee435cdedb9f8aae58767174d877767f,f9c3e79abac9dc417cdbbddf24a9fb8dc49363c4,30421,https://github.com/go-gitea/gitea/issues/30421,https://github.com/go-gitea/gitea/tree/25427e0aee435cdedb9f8aae58767174d877767f,https://github.com/go-gitea/gitea/tree/f9c3e79abac9dc417cdbbddf24a9fb8dc49363c4,https://github.com/go-gitea/gitea/compare/25427e0aee435cdedb9f8aae58767174d877767f...f9c3e79abac9dc417cdbbddf24a9fb8dc49363c4
1506,Gitea,fc34481d054a9324ea4654dc721e54e2f608ac17,e8a99c8f92c5b36382abb38a1471c94245457560,30388,https://github.com/go-gitea/gitea/issues/30388,https://github.com/go-gitea/gitea/tree/fc34481d054a9324ea4654dc721e54e2f608ac17,https://github.com/go-gitea/gitea/tree/e8a99c8f92c5b36382abb38a1471c94245457560,https://github.com/go-gitea/gitea/compare/fc34481d054a9324ea4654dc721e54e2f608ac17...e8a99c8f92c5b36382abb38a1471c94245457560
1507,Gitea,96d31fe0a8b88c09488989cd5459d4124dcb7983,0fe9f93eb4c94d55e43b18b9c3cc6d513a34c0b5,30378,https://github.com/go-gitea/gitea/issues/30378,https://github.com/go-gitea/gitea/tree/96d31fe0a8b88c09488989cd5459d4124dcb7983,https://github.com/go-gitea/gitea/tree/0fe9f93eb4c94d55e43b18b9c3cc6d513a34c0b5,https://github.com/go-gitea/gitea/compare/96d31fe0a8b88c09488989cd5459d4124dcb7983...0fe9f93eb4c94d55e43b18b9c3cc6d513a34c0b5
1508,Gitea,ffc98790703cdc41ed2327e613aa2f91a051b457,2da1dcfc21afe6f5373e4271e9ddcc7f31d6695b,30518,https://github.com/go-gitea/gitea/issues/30518,https://github.com/go-gitea/gitea/tree/ffc98790703cdc41ed2327e613aa2f91a051b457,https://github.com/go-gitea/gitea/tree/2da1dcfc21afe6f5373e4271e9ddcc7f31d6695b,https://github.com/go-gitea/gitea/compare/ffc98790703cdc41ed2327e613aa2f91a051b457...2da1dcfc21afe6f5373e4271e9ddcc7f31d6695b
1509,Gitea,bafb80f80d5505b03e5994d1ea6e2dab10052fe1,3feba9f1f44156c256a30d25ad1c25f751819c94,639,https://github.com/go-gitea/gitea/issues/639,https://github.com/go-gitea/gitea/tree/bafb80f80d5505b03e5994d1ea6e2dab10052fe1,https://github.com/go-gitea/gitea/tree/3feba9f1f44156c256a30d25ad1c25f751819c94,https://github.com/go-gitea/gitea/compare/bafb80f80d5505b03e5994d1ea6e2dab10052fe1...3feba9f1f44156c256a30d25ad1c25f751819c94
1510,Gitea,0798370f25ca3bd67933dd6d75c342aaded57095,02e183bf3fa502b7cef76e8dcdbf01b85ce641f0,27694,https://github.com/go-gitea/gitea/issues/27694,https://github.com/go-gitea/gitea/tree/0798370f25ca3bd67933dd6d75c342aaded57095,https://github.com/go-gitea/gitea/tree/02e183bf3fa502b7cef76e8dcdbf01b85ce641f0,https://github.com/go-gitea/gitea/compare/0798370f25ca3bd67933dd6d75c342aaded57095...02e183bf3fa502b7cef76e8dcdbf01b85ce641f0
1511,Gitea,c70e442ce4b99e2a1f1bf216afcfa1ad78d1925a,cf9061f44a439aa7775e301a7467dbda22a06eaa,30508,https://github.com/go-gitea/gitea/issues/30508,https://github.com/go-gitea/gitea/tree/c70e442ce4b99e2a1f1bf216afcfa1ad78d1925a,https://github.com/go-gitea/gitea/tree/cf9061f44a439aa7775e301a7467dbda22a06eaa,https://github.com/go-gitea/gitea/compare/c70e442ce4b99e2a1f1bf216afcfa1ad78d1925a...cf9061f44a439aa7775e301a7467dbda22a06eaa
1512,Gitea,48d4580dd5e975de2e8207bb9b9a2f258711d38c,b06aac40e6552b0ce1f7b8a92c977fcc27566f68,28255,https://github.com/go-gitea/gitea/issues/28255,https://github.com/go-gitea/gitea/tree/48d4580dd5e975de2e8207bb9b9a2f258711d38c,https://github.com/go-gitea/gitea/tree/b06aac40e6552b0ce1f7b8a92c977fcc27566f68,https://github.com/go-gitea/gitea/compare/48d4580dd5e975de2e8207bb9b9a2f258711d38c...b06aac40e6552b0ce1f7b8a92c977fcc27566f68
1513,Gitea,86d4c8a4662e9ab49888569d77529d2d22292e6b,d0e07083559180b124a08359fcc72f9ef695e723,30569,https://github.com/go-gitea/gitea/issues/30569,https://github.com/go-gitea/gitea/tree/86d4c8a4662e9ab49888569d77529d2d22292e6b,https://github.com/go-gitea/gitea/tree/d0e07083559180b124a08359fcc72f9ef695e723,https://github.com/go-gitea/gitea/compare/86d4c8a4662e9ab49888569d77529d2d22292e6b...d0e07083559180b124a08359fcc72f9ef695e723
1514,Gitea,1e4867730b261352d63098b85cf53ca05867c8c2,f4a1cf7eab674e3c1589a7ecef015ff64e441946,30502,https://github.com/go-gitea/gitea/issues/30502,https://github.com/go-gitea/gitea/tree/1e4867730b261352d63098b85cf53ca05867c8c2,https://github.com/go-gitea/gitea/tree/f4a1cf7eab674e3c1589a7ecef015ff64e441946,https://github.com/go-gitea/gitea/compare/1e4867730b261352d63098b85cf53ca05867c8c2...f4a1cf7eab674e3c1589a7ecef015ff64e441946
1515,Gitea,eb24d973b036e4dddf505d8c12e905ecb1a688f9,f60e1a1af25154160f08b85eb159c930b340df8b,30601,https://github.com/go-gitea/gitea/issues/30601,https://github.com/go-gitea/gitea/tree/eb24d973b036e4dddf505d8c12e905ecb1a688f9,https://github.com/go-gitea/gitea/tree/f60e1a1af25154160f08b85eb159c930b340df8b,https://github.com/go-gitea/gitea/compare/eb24d973b036e4dddf505d8c12e905ecb1a688f9...f60e1a1af25154160f08b85eb159c930b340df8b
1516,Gitea,370b1bdb3757e91c59303b0ce6ec49c56eca795b,9b7af4340c36d3e1888788499d16f83feeb1601b,30642,https://github.com/go-gitea/gitea/issues/30642,https://github.com/go-gitea/gitea/tree/370b1bdb3757e91c59303b0ce6ec49c56eca795b,https://github.com/go-gitea/gitea/tree/9b7af4340c36d3e1888788499d16f83feeb1601b,https://github.com/go-gitea/gitea/compare/370b1bdb3757e91c59303b0ce6ec49c56eca795b...9b7af4340c36d3e1888788499d16f83feeb1601b
1517,Gitea,f60e1a1af25154160f08b85eb159c930b340df8b,53cf46cae7475befa2dde554bbd9147e436072b9,30492,https://github.com/go-gitea/gitea/issues/30492,https://github.com/go-gitea/gitea/tree/f60e1a1af25154160f08b85eb159c930b340df8b,https://github.com/go-gitea/gitea/tree/53cf46cae7475befa2dde554bbd9147e436072b9,https://github.com/go-gitea/gitea/compare/f60e1a1af25154160f08b85eb159c930b340df8b...53cf46cae7475befa2dde554bbd9147e436072b9
1518,Gitea,6459c50278906893f3cbc2bf3e52eff65e739b37,1e4867730b261352d63098b85cf53ca05867c8c2,30624,https://github.com/go-gitea/gitea/issues/30624,https://github.com/go-gitea/gitea/tree/6459c50278906893f3cbc2bf3e52eff65e739b37,https://github.com/go-gitea/gitea/tree/1e4867730b261352d63098b85cf53ca05867c8c2,https://github.com/go-gitea/gitea/compare/6459c50278906893f3cbc2bf3e52eff65e739b37...1e4867730b261352d63098b85cf53ca05867c8c2
1519,Gitea,238eb3ff9f36bcf7b4637957ae2dd98446105894,dd301cae1c40c9ef2805bd13af6b09a81ff4f5d7,30675,https://github.com/go-gitea/gitea/issues/30675,https://github.com/go-gitea/gitea/tree/238eb3ff9f36bcf7b4637957ae2dd98446105894,https://github.com/go-gitea/gitea/tree/dd301cae1c40c9ef2805bd13af6b09a81ff4f5d7,https://github.com/go-gitea/gitea/compare/238eb3ff9f36bcf7b4637957ae2dd98446105894...dd301cae1c40c9ef2805bd13af6b09a81ff4f5d7
1520,Gitea,935330b1b98a232f2928d55e96dc425e09bda593,6a0750177fe4c494f828463bc146ea11df08a422,29986,https://github.com/go-gitea/gitea/issues/29986,https://github.com/go-gitea/gitea/tree/935330b1b98a232f2928d55e96dc425e09bda593,https://github.com/go-gitea/gitea/tree/6a0750177fe4c494f828463bc146ea11df08a422,https://github.com/go-gitea/gitea/compare/935330b1b98a232f2928d55e96dc425e09bda593...6a0750177fe4c494f828463bc146ea11df08a422
1521,Gitea,6d2a307ad8af7d686f1c3a3706ff0f2df895658a,8de2992ffba8cc627757ecea1e002a55581113d2,30710,https://github.com/go-gitea/gitea/issues/30710,https://github.com/go-gitea/gitea/tree/6d2a307ad8af7d686f1c3a3706ff0f2df895658a,https://github.com/go-gitea/gitea/tree/8de2992ffba8cc627757ecea1e002a55581113d2,https://github.com/go-gitea/gitea/compare/6d2a307ad8af7d686f1c3a3706ff0f2df895658a...8de2992ffba8cc627757ecea1e002a55581113d2
1522,Gitea,d0bfc978de802683b9a44720b7f5a8a8394d38be,bffbbf547063fa170cc52ae2e757d5badb336632,24957,https://github.com/go-gitea/gitea/issues/24957,https://github.com/go-gitea/gitea/tree/d0bfc978de802683b9a44720b7f5a8a8394d38be,https://github.com/go-gitea/gitea/tree/bffbbf547063fa170cc52ae2e757d5badb336632,https://github.com/go-gitea/gitea/compare/d0bfc978de802683b9a44720b7f5a8a8394d38be...bffbbf547063fa170cc52ae2e757d5badb336632
1523,Gitea,bffbbf547063fa170cc52ae2e757d5badb336632,fd63b96f6a4c5b3ea9e53d37af85e0d2d09715b9,30683,https://github.com/go-gitea/gitea/issues/30683,https://github.com/go-gitea/gitea/tree/bffbbf547063fa170cc52ae2e757d5badb336632,https://github.com/go-gitea/gitea/tree/fd63b96f6a4c5b3ea9e53d37af85e0d2d09715b9,https://github.com/go-gitea/gitea/compare/bffbbf547063fa170cc52ae2e757d5badb336632...fd63b96f6a4c5b3ea9e53d37af85e0d2d09715b9
1524,Gitea,a21ca9b5a5e85d2734bd4cd9e308800eda41a524,4daea7c603c085eeda7017ac7188de7828824ed4,30761,https://github.com/go-gitea/gitea/issues/30761,https://github.com/go-gitea/gitea/tree/a21ca9b5a5e85d2734bd4cd9e308800eda41a524,https://github.com/go-gitea/gitea/tree/4daea7c603c085eeda7017ac7188de7828824ed4,https://github.com/go-gitea/gitea/compare/a21ca9b5a5e85d2734bd4cd9e308800eda41a524...4daea7c603c085eeda7017ac7188de7828824ed4
1525,Gitea,564102ce89f53d6bd2fdbaa33416e4287d6fe9a8,a988237eb43fe0b68465c4c965f869b51d0c60ea,30756,https://github.com/go-gitea/gitea/issues/30756,https://github.com/go-gitea/gitea/tree/564102ce89f53d6bd2fdbaa33416e4287d6fe9a8,https://github.com/go-gitea/gitea/tree/a988237eb43fe0b68465c4c965f869b51d0c60ea,https://github.com/go-gitea/gitea/compare/564102ce89f53d6bd2fdbaa33416e4287d6fe9a8...a988237eb43fe0b68465c4c965f869b51d0c60ea
1526,Gitea,1508a85f6235814271ea927d651bcbcd8c9f5f18,c63060b130d34e3f03f28f4dccbf04d381a95c17,30277,https://github.com/go-gitea/gitea/issues/30277,https://github.com/go-gitea/gitea/tree/1508a85f6235814271ea927d651bcbcd8c9f5f18,https://github.com/go-gitea/gitea/tree/c63060b130d34e3f03f28f4dccbf04d381a95c17,https://github.com/go-gitea/gitea/compare/1508a85f6235814271ea927d651bcbcd8c9f5f18...c63060b130d34e3f03f28f4dccbf04d381a95c17
1527,Gitea,82eca44581100d96e11097db743804bc398d1742,ebe6f4cad775a82d11c916c9af716beec394768b,30802,https://github.com/go-gitea/gitea/issues/30802,https://github.com/go-gitea/gitea/tree/82eca44581100d96e11097db743804bc398d1742,https://github.com/go-gitea/gitea/tree/ebe6f4cad775a82d11c916c9af716beec394768b,https://github.com/go-gitea/gitea/compare/82eca44581100d96e11097db743804bc398d1742...ebe6f4cad775a82d11c916c9af716beec394768b
1528,Gitea,f135cb7c9457f7b9bdc43601f44757834573950f,6f7cd94a02aaf14bf2e2a6219bbc4379c4995b5d,30797,https://github.com/go-gitea/gitea/issues/30797,https://github.com/go-gitea/gitea/tree/f135cb7c9457f7b9bdc43601f44757834573950f,https://github.com/go-gitea/gitea/tree/6f7cd94a02aaf14bf2e2a6219bbc4379c4995b5d,https://github.com/go-gitea/gitea/compare/f135cb7c9457f7b9bdc43601f44757834573950f...6f7cd94a02aaf14bf2e2a6219bbc4379c4995b5d
1529,Gitea,f135cb7c9457f7b9bdc43601f44757834573950f,6f7cd94a02aaf14bf2e2a6219bbc4379c4995b5d,30317,https://github.com/go-gitea/gitea/issues/30317,https://github.com/go-gitea/gitea/tree/f135cb7c9457f7b9bdc43601f44757834573950f,https://github.com/go-gitea/gitea/tree/6f7cd94a02aaf14bf2e2a6219bbc4379c4995b5d,https://github.com/go-gitea/gitea/compare/f135cb7c9457f7b9bdc43601f44757834573950f...6f7cd94a02aaf14bf2e2a6219bbc4379c4995b5d
1530,Gitea,c4e875402bd8e787c21bbd4ea07cbb69a8ceef27,53b55223d167c3fc996dd0278a656f421408ace7,30792,https://github.com/go-gitea/gitea/issues/30792,https://github.com/go-gitea/gitea/tree/c4e875402bd8e787c21bbd4ea07cbb69a8ceef27,https://github.com/go-gitea/gitea/tree/53b55223d167c3fc996dd0278a656f421408ace7,https://github.com/go-gitea/gitea/compare/c4e875402bd8e787c21bbd4ea07cbb69a8ceef27...53b55223d167c3fc996dd0278a656f421408ace7
1531,Gitea,6709e28da78a0ea7e63f9fe4e32f620abdc88d14,f135cb7c9457f7b9bdc43601f44757834573950f,30534,https://github.com/go-gitea/gitea/issues/30534,https://github.com/go-gitea/gitea/tree/6709e28da78a0ea7e63f9fe4e32f620abdc88d14,https://github.com/go-gitea/gitea/tree/f135cb7c9457f7b9bdc43601f44757834573950f,https://github.com/go-gitea/gitea/compare/6709e28da78a0ea7e63f9fe4e32f620abdc88d14...f135cb7c9457f7b9bdc43601f44757834573950f
1532,Gitea,ebe6f4cad775a82d11c916c9af716beec394768b,6ff2acc52c976e9d7bb6a5693f8a2365d12400f5,30788,https://github.com/go-gitea/gitea/issues/30788,https://github.com/go-gitea/gitea/tree/ebe6f4cad775a82d11c916c9af716beec394768b,https://github.com/go-gitea/gitea/tree/6ff2acc52c976e9d7bb6a5693f8a2365d12400f5,https://github.com/go-gitea/gitea/compare/ebe6f4cad775a82d11c916c9af716beec394768b...6ff2acc52c976e9d7bb6a5693f8a2365d12400f5
1533,Gitea,6ff2acc52c976e9d7bb6a5693f8a2365d12400f5,eb8bb82e584f0d0cb91ebc0e37e40c53da729ce8,30808,https://github.com/go-gitea/gitea/issues/30808,https://github.com/go-gitea/gitea/tree/6ff2acc52c976e9d7bb6a5693f8a2365d12400f5,https://github.com/go-gitea/gitea/tree/eb8bb82e584f0d0cb91ebc0e37e40c53da729ce8,https://github.com/go-gitea/gitea/compare/6ff2acc52c976e9d7bb6a5693f8a2365d12400f5...eb8bb82e584f0d0cb91ebc0e37e40c53da729ce8
1534,Gitea,9f0ef3621a3b63ccbe93f302a446b67dc54ad725,0f3e717a1abb2b2161b87dac557beb6475224a2e,30785,https://github.com/go-gitea/gitea/issues/30785,https://github.com/go-gitea/gitea/tree/9f0ef3621a3b63ccbe93f302a446b67dc54ad725,https://github.com/go-gitea/gitea/tree/0f3e717a1abb2b2161b87dac557beb6475224a2e,https://github.com/go-gitea/gitea/compare/9f0ef3621a3b63ccbe93f302a446b67dc54ad725...0f3e717a1abb2b2161b87dac557beb6475224a2e
1535,Gitea,a50026e2f30897904704895362da0fb12c7e5b26,9f0ef3621a3b63ccbe93f302a446b67dc54ad725,28483,https://github.com/go-gitea/gitea/issues/28483,https://github.com/go-gitea/gitea/tree/a50026e2f30897904704895362da0fb12c7e5b26,https://github.com/go-gitea/gitea/tree/9f0ef3621a3b63ccbe93f302a446b67dc54ad725,https://github.com/go-gitea/gitea/compare/a50026e2f30897904704895362da0fb12c7e5b26...9f0ef3621a3b63ccbe93f302a446b67dc54ad725
1536,Gitea,5c236bd4c024dbe4a71516b10aa812893651983a,982b20d259e5bcd94377820ca3559112add36a1b,30861,https://github.com/go-gitea/gitea/issues/30861,https://github.com/go-gitea/gitea/tree/5c236bd4c024dbe4a71516b10aa812893651983a,https://github.com/go-gitea/gitea/tree/982b20d259e5bcd94377820ca3559112add36a1b,https://github.com/go-gitea/gitea/compare/5c236bd4c024dbe4a71516b10aa812893651983a...982b20d259e5bcd94377820ca3559112add36a1b
1537,Gitea,ebf0c969403d91ed80745ff5bd7dfbdb08174fc7,67c1a07285008cc00036a87cef966c3bd519a50c,29591,https://github.com/go-gitea/gitea/issues/29591,https://github.com/go-gitea/gitea/tree/ebf0c969403d91ed80745ff5bd7dfbdb08174fc7,https://github.com/go-gitea/gitea/tree/67c1a07285008cc00036a87cef966c3bd519a50c,https://github.com/go-gitea/gitea/compare/ebf0c969403d91ed80745ff5bd7dfbdb08174fc7...67c1a07285008cc00036a87cef966c3bd519a50c
1538,Gitea,982b20d259e5bcd94377820ca3559112add36a1b,22c7b3a74459833b86783e84d4708c8934d34e58,30851,https://github.com/go-gitea/gitea/issues/30851,https://github.com/go-gitea/gitea/tree/982b20d259e5bcd94377820ca3559112add36a1b,https://github.com/go-gitea/gitea/tree/22c7b3a74459833b86783e84d4708c8934d34e58,https://github.com/go-gitea/gitea/compare/982b20d259e5bcd94377820ca3559112add36a1b...22c7b3a74459833b86783e84d4708c8934d34e58
1539,Gitea,f5f921c09555f5b31226fc31bbbb463649d0bfdc,a303c973e0264dab45a787c4afa200e183e0d953,30701,https://github.com/go-gitea/gitea/issues/30701,https://github.com/go-gitea/gitea/tree/f5f921c09555f5b31226fc31bbbb463649d0bfdc,https://github.com/go-gitea/gitea/tree/a303c973e0264dab45a787c4afa200e183e0d953,https://github.com/go-gitea/gitea/compare/f5f921c09555f5b31226fc31bbbb463649d0bfdc...a303c973e0264dab45a787c4afa200e183e0d953
1540,Gitea,bb0e4ce581721afabbfcdf8d5a894ba124465577,ecd1d96f494d2400f7659165ff9376354edda395,29514,https://github.com/go-gitea/gitea/issues/29514,https://github.com/go-gitea/gitea/tree/bb0e4ce581721afabbfcdf8d5a894ba124465577,https://github.com/go-gitea/gitea/tree/ecd1d96f494d2400f7659165ff9376354edda395,https://github.com/go-gitea/gitea/compare/bb0e4ce581721afabbfcdf8d5a894ba124465577...ecd1d96f494d2400f7659165ff9376354edda395
1541,Gitea,a303c973e0264dab45a787c4afa200e183e0d953,f09e68ec33262d5356779572a0b1c66e6e86590f,30684,https://github.com/go-gitea/gitea/issues/30684,https://github.com/go-gitea/gitea/tree/a303c973e0264dab45a787c4afa200e183e0d953,https://github.com/go-gitea/gitea/tree/f09e68ec33262d5356779572a0b1c66e6e86590f,https://github.com/go-gitea/gitea/compare/a303c973e0264dab45a787c4afa200e183e0d953...f09e68ec33262d5356779572a0b1c66e6e86590f
1542,Gitea,53b55223d167c3fc996dd0278a656f421408ace7,a50026e2f30897904704895362da0fb12c7e5b26,30807,https://github.com/go-gitea/gitea/issues/30807,https://github.com/go-gitea/gitea/tree/53b55223d167c3fc996dd0278a656f421408ace7,https://github.com/go-gitea/gitea/tree/a50026e2f30897904704895362da0fb12c7e5b26,https://github.com/go-gitea/gitea/compare/53b55223d167c3fc996dd0278a656f421408ace7...a50026e2f30897904704895362da0fb12c7e5b26
1543,Gitea,f09e68ec33262d5356779572a0b1c66e6e86590f,3fdb2d4ad8a3bf4c5fbcc417a274be2fc695882b,30864,https://github.com/go-gitea/gitea/issues/30864,https://github.com/go-gitea/gitea/tree/f09e68ec33262d5356779572a0b1c66e6e86590f,https://github.com/go-gitea/gitea/tree/3fdb2d4ad8a3bf4c5fbcc417a274be2fc695882b,https://github.com/go-gitea/gitea/compare/f09e68ec33262d5356779572a0b1c66e6e86590f...3fdb2d4ad8a3bf4c5fbcc417a274be2fc695882b
1544,Gitea,610802df85933e7a190a705bc3f7800da87ce868,5f05e7b41a57972cc418a125d9263173b7b9838f,30768,https://github.com/go-gitea/gitea/issues/30768,https://github.com/go-gitea/gitea/tree/610802df85933e7a190a705bc3f7800da87ce868,https://github.com/go-gitea/gitea/tree/5f05e7b41a57972cc418a125d9263173b7b9838f,https://github.com/go-gitea/gitea/compare/610802df85933e7a190a705bc3f7800da87ce868...5f05e7b41a57972cc418a125d9263173b7b9838f
1545,Gitea,5556782ebeb1ca4d17e2fff434b11651887b9899,080486e47dba7ed767707fb0a2939677dfbcb0e3,30919,https://github.com/go-gitea/gitea/issues/30919,https://github.com/go-gitea/gitea/tree/5556782ebeb1ca4d17e2fff434b11651887b9899,https://github.com/go-gitea/gitea/tree/080486e47dba7ed767707fb0a2939677dfbcb0e3,https://github.com/go-gitea/gitea/compare/5556782ebeb1ca4d17e2fff434b11651887b9899...080486e47dba7ed767707fb0a2939677dfbcb0e3
1546,Gitea,d9b37d085acb7e93409061e541b6a3aa53261bb0,f5f921c09555f5b31226fc31bbbb463649d0bfdc,30187,https://github.com/go-gitea/gitea/issues/30187,https://github.com/go-gitea/gitea/tree/d9b37d085acb7e93409061e541b6a3aa53261bb0,https://github.com/go-gitea/gitea/tree/f5f921c09555f5b31226fc31bbbb463649d0bfdc,https://github.com/go-gitea/gitea/compare/d9b37d085acb7e93409061e541b6a3aa53261bb0...f5f921c09555f5b31226fc31bbbb463649d0bfdc
1547,Gitea,9a577c62e4848a497340cbe8fbfb5d663ccd78a4,b1d8f13bd0ecd9c576ebf2ecbd9c7dbeb3f5254f,30959,https://github.com/go-gitea/gitea/issues/30959,https://github.com/go-gitea/gitea/tree/9a577c62e4848a497340cbe8fbfb5d663ccd78a4,https://github.com/go-gitea/gitea/tree/b1d8f13bd0ecd9c576ebf2ecbd9c7dbeb3f5254f,https://github.com/go-gitea/gitea/compare/9a577c62e4848a497340cbe8fbfb5d663ccd78a4...b1d8f13bd0ecd9c576ebf2ecbd9c7dbeb3f5254f
1548,Gitea,ed0fc2729e75f84992521e3c8e54357b83cc4a36,e94723f2de7d9bf12d870f5ce9ffb291a99ba090,30521,https://github.com/go-gitea/gitea/issues/30521,https://github.com/go-gitea/gitea/tree/ed0fc2729e75f84992521e3c8e54357b83cc4a36,https://github.com/go-gitea/gitea/tree/e94723f2de7d9bf12d870f5ce9ffb291a99ba090,https://github.com/go-gitea/gitea/compare/ed0fc2729e75f84992521e3c8e54357b83cc4a36...e94723f2de7d9bf12d870f5ce9ffb291a99ba090
1549,Gitea,b1d8f13bd0ecd9c576ebf2ecbd9c7dbeb3f5254f,f4f4e18b14c3d772e9183e8f1d2b2df45712c496,20986,https://github.com/go-gitea/gitea/issues/20986,https://github.com/go-gitea/gitea/tree/b1d8f13bd0ecd9c576ebf2ecbd9c7dbeb3f5254f,https://github.com/go-gitea/gitea/tree/f4f4e18b14c3d772e9183e8f1d2b2df45712c496,https://github.com/go-gitea/gitea/compare/b1d8f13bd0ecd9c576ebf2ecbd9c7dbeb3f5254f...f4f4e18b14c3d772e9183e8f1d2b2df45712c496
1550,Gitea,2442ead6807528f5791671b8a3aab6629bae66ad,b3beaed147466739de0c24fd80206b5af8b71617,30917,https://github.com/go-gitea/gitea/issues/30917,https://github.com/go-gitea/gitea/tree/2442ead6807528f5791671b8a3aab6629bae66ad,https://github.com/go-gitea/gitea/tree/b3beaed147466739de0c24fd80206b5af8b71617,https://github.com/go-gitea/gitea/compare/2442ead6807528f5791671b8a3aab6629bae66ad...b3beaed147466739de0c24fd80206b5af8b71617
1551,Gitea,1f3ada47a3ba7ac978fea702e37adcd400245ba1,40de54ece82356b161cdb9cc224ed9004af8ae5d,30872,https://github.com/go-gitea/gitea/issues/30872,https://github.com/go-gitea/gitea/tree/1f3ada47a3ba7ac978fea702e37adcd400245ba1,https://github.com/go-gitea/gitea/tree/40de54ece82356b161cdb9cc224ed9004af8ae5d,https://github.com/go-gitea/gitea/compare/1f3ada47a3ba7ac978fea702e37adcd400245ba1...40de54ece82356b161cdb9cc224ed9004af8ae5d
1552,Gitea,58a03e9fadb345de5653345c2a68ecfd0750940a,339bc8bc8fdb4ead3c43b4604b100f83e6f47cb5,31002,https://github.com/go-gitea/gitea/issues/31002,https://github.com/go-gitea/gitea/tree/58a03e9fadb345de5653345c2a68ecfd0750940a,https://github.com/go-gitea/gitea/tree/339bc8bc8fdb4ead3c43b4604b100f83e6f47cb5,https://github.com/go-gitea/gitea/compare/58a03e9fadb345de5653345c2a68ecfd0750940a...339bc8bc8fdb4ead3c43b4604b100f83e6f47cb5
1553,Gitea,f7d2f695a4c57b245830a526e77fa62e99e00254,ed0fc2729e75f84992521e3c8e54357b83cc4a36,30578,https://github.com/go-gitea/gitea/issues/30578,https://github.com/go-gitea/gitea/tree/f7d2f695a4c57b245830a526e77fa62e99e00254,https://github.com/go-gitea/gitea/tree/ed0fc2729e75f84992521e3c8e54357b83cc4a36,https://github.com/go-gitea/gitea/compare/f7d2f695a4c57b245830a526e77fa62e99e00254...ed0fc2729e75f84992521e3c8e54357b83cc4a36
1554,Gitea,7b93d6c8f786fe201201060c1785d19a3a1a3be2,7ab0988af140aa3e0204979765f75961f1dc9c11,31044,https://github.com/go-gitea/gitea/issues/31044,https://github.com/go-gitea/gitea/tree/7b93d6c8f786fe201201060c1785d19a3a1a3be2,https://github.com/go-gitea/gitea/tree/7ab0988af140aa3e0204979765f75961f1dc9c11,https://github.com/go-gitea/gitea/compare/7b93d6c8f786fe201201060c1785d19a3a1a3be2...7ab0988af140aa3e0204979765f75961f1dc9c11
1555,Gitea,9c8c9ff6d10b35de8d2d7eae0fc2646ad9bbe94a,daf2a4c047c88083d8820bdee9074357d5c5d7b7,30611,https://github.com/go-gitea/gitea/issues/30611,https://github.com/go-gitea/gitea/tree/9c8c9ff6d10b35de8d2d7eae0fc2646ad9bbe94a,https://github.com/go-gitea/gitea/tree/daf2a4c047c88083d8820bdee9074357d5c5d7b7,https://github.com/go-gitea/gitea/compare/9c8c9ff6d10b35de8d2d7eae0fc2646ad9bbe94a...daf2a4c047c88083d8820bdee9074357d5c5d7b7
1556,Gitea,68d5c18953620927101609bbd21508213cbcd589,821d2fc2a3cc897f21d707455850177077b72410,30921,https://github.com/go-gitea/gitea/issues/30921,https://github.com/go-gitea/gitea/tree/68d5c18953620927101609bbd21508213cbcd589,https://github.com/go-gitea/gitea/tree/821d2fc2a3cc897f21d707455850177077b72410,https://github.com/go-gitea/gitea/compare/68d5c18953620927101609bbd21508213cbcd589...821d2fc2a3cc897f21d707455850177077b72410
1557,Gitea,145baa2b3f3bef2b4535d6d3b7b2cdb88da4382b,e695ba47557ed4c3999c63b28051a449ca4653de,31087,https://github.com/go-gitea/gitea/issues/31087,https://github.com/go-gitea/gitea/tree/145baa2b3f3bef2b4535d6d3b7b2cdb88da4382b,https://github.com/go-gitea/gitea/tree/e695ba47557ed4c3999c63b28051a449ca4653de,https://github.com/go-gitea/gitea/compare/145baa2b3f3bef2b4535d6d3b7b2cdb88da4382b...e695ba47557ed4c3999c63b28051a449ca4653de
1558,Gitea,1007ce764ea80b48120b796175d7d1210cbb6f74,c6cf96d31d80ab79d370a6192fd761b4443daec2,24445,https://github.com/go-gitea/gitea/issues/24445,https://github.com/go-gitea/gitea/tree/1007ce764ea80b48120b796175d7d1210cbb6f74,https://github.com/go-gitea/gitea/tree/c6cf96d31d80ab79d370a6192fd761b4443daec2,https://github.com/go-gitea/gitea/compare/1007ce764ea80b48120b796175d7d1210cbb6f74...c6cf96d31d80ab79d370a6192fd761b4443daec2
1559,Gitea,1007ce764ea80b48120b796175d7d1210cbb6f74,c6cf96d31d80ab79d370a6192fd761b4443daec2,30658,https://github.com/go-gitea/gitea/issues/30658,https://github.com/go-gitea/gitea/tree/1007ce764ea80b48120b796175d7d1210cbb6f74,https://github.com/go-gitea/gitea/tree/c6cf96d31d80ab79d370a6192fd761b4443daec2,https://github.com/go-gitea/gitea/compare/1007ce764ea80b48120b796175d7d1210cbb6f74...c6cf96d31d80ab79d370a6192fd761b4443daec2
1560,Gitea,1007ce764ea80b48120b796175d7d1210cbb6f74,c6cf96d31d80ab79d370a6192fd761b4443daec2,20646,https://github.com/go-gitea/gitea/issues/20646,https://github.com/go-gitea/gitea/tree/1007ce764ea80b48120b796175d7d1210cbb6f74,https://github.com/go-gitea/gitea/tree/c6cf96d31d80ab79d370a6192fd761b4443daec2,https://github.com/go-gitea/gitea/compare/1007ce764ea80b48120b796175d7d1210cbb6f74...c6cf96d31d80ab79d370a6192fd761b4443daec2
1561,Gitea,c0880e7695346997c6a93f05cd01634cb3ad03ee,20c40259f12d5c1f4547df10a627d888b473e1e4,31102,https://github.com/go-gitea/gitea/issues/31102,https://github.com/go-gitea/gitea/tree/c0880e7695346997c6a93f05cd01634cb3ad03ee,https://github.com/go-gitea/gitea/tree/20c40259f12d5c1f4547df10a627d888b473e1e4,https://github.com/go-gitea/gitea/compare/c0880e7695346997c6a93f05cd01634cb3ad03ee...20c40259f12d5c1f4547df10a627d888b473e1e4
1562,Gitea,20c40259f12d5c1f4547df10a627d888b473e1e4,8fc2ec187290419252f2ade497655d62df3a1505,31101,https://github.com/go-gitea/gitea/issues/31101,https://github.com/go-gitea/gitea/tree/20c40259f12d5c1f4547df10a627d888b473e1e4,https://github.com/go-gitea/gitea/tree/8fc2ec187290419252f2ade497655d62df3a1505,https://github.com/go-gitea/gitea/compare/20c40259f12d5c1f4547df10a627d888b473e1e4...8fc2ec187290419252f2ade497655d62df3a1505
1563,Gitea,1ed8e6aa5fad235506f211daa9dffd448d9d5ad4,aa92b13164e84c26be91153b6022220ce0a27720,22907,https://github.com/go-gitea/gitea/issues/22907,https://github.com/go-gitea/gitea/tree/1ed8e6aa5fad235506f211daa9dffd448d9d5ad4,https://github.com/go-gitea/gitea/tree/aa92b13164e84c26be91153b6022220ce0a27720,https://github.com/go-gitea/gitea/compare/1ed8e6aa5fad235506f211daa9dffd448d9d5ad4...aa92b13164e84c26be91153b6022220ce0a27720
1564,Gitea,ce751761ce218a4a011ed5659718f9b62ed8bcad,d612a24e3e8cd288047448df86b69d00484dd183,31163,https://github.com/go-gitea/gitea/issues/31163,https://github.com/go-gitea/gitea/tree/ce751761ce218a4a011ed5659718f9b62ed8bcad,https://github.com/go-gitea/gitea/tree/d612a24e3e8cd288047448df86b69d00484dd183,https://github.com/go-gitea/gitea/compare/ce751761ce218a4a011ed5659718f9b62ed8bcad...d612a24e3e8cd288047448df86b69d00484dd183
1565,Gitea,fb7b743bd0f305a6462896398bcba2a74c6e391e,1137a0357eb1e35a046e86a7277594154d0f6c85,31172,https://github.com/go-gitea/gitea/issues/31172,https://github.com/go-gitea/gitea/tree/fb7b743bd0f305a6462896398bcba2a74c6e391e,https://github.com/go-gitea/gitea/tree/1137a0357eb1e35a046e86a7277594154d0f6c85,https://github.com/go-gitea/gitea/compare/fb7b743bd0f305a6462896398bcba2a74c6e391e...1137a0357eb1e35a046e86a7277594154d0f6c85
1566,Gitea,31011f5cde15bc8f8b58a714c201e6865ce9fd6e,34daee6baf2e454e9a99bf2f03ed46011bf38d18,31157,https://github.com/go-gitea/gitea/issues/31157,https://github.com/go-gitea/gitea/tree/31011f5cde15bc8f8b58a714c201e6865ce9fd6e,https://github.com/go-gitea/gitea/tree/34daee6baf2e454e9a99bf2f03ed46011bf38d18,https://github.com/go-gitea/gitea/compare/31011f5cde15bc8f8b58a714c201e6865ce9fd6e...34daee6baf2e454e9a99bf2f03ed46011bf38d18
1567,Gitea,ab458ce10be59669c810ba43af41f2ba2e72ea5b,3cc7f763c3c22ae4c3b5331f8b72b7009c5b11ea,31213,https://github.com/go-gitea/gitea/issues/31213,https://github.com/go-gitea/gitea/tree/ab458ce10be59669c810ba43af41f2ba2e72ea5b,https://github.com/go-gitea/gitea/tree/3cc7f763c3c22ae4c3b5331f8b72b7009c5b11ea,https://github.com/go-gitea/gitea/compare/ab458ce10be59669c810ba43af41f2ba2e72ea5b...3cc7f763c3c22ae4c3b5331f8b72b7009c5b11ea
1568,Gitea,4f9b8b397c1acb6f6d26c55e224aafcb5474a85b,c888c933a930ee2ba4e7bb0bf6678aaf45a9778a,31168,https://github.com/go-gitea/gitea/issues/31168,https://github.com/go-gitea/gitea/tree/4f9b8b397c1acb6f6d26c55e224aafcb5474a85b,https://github.com/go-gitea/gitea/tree/c888c933a930ee2ba4e7bb0bf6678aaf45a9778a,https://github.com/go-gitea/gitea/compare/4f9b8b397c1acb6f6d26c55e224aafcb5474a85b...c888c933a930ee2ba4e7bb0bf6678aaf45a9778a
1569,Gitea,e695ba47557ed4c3999c63b28051a449ca4653de,31a0c4dfb4156a7b4d856cceae1e61c7fc1a4a1b,25897,https://github.com/go-gitea/gitea/issues/25897,https://github.com/go-gitea/gitea/tree/e695ba47557ed4c3999c63b28051a449ca4653de,https://github.com/go-gitea/gitea/tree/31a0c4dfb4156a7b4d856cceae1e61c7fc1a4a1b,https://github.com/go-gitea/gitea/compare/e695ba47557ed4c3999c63b28051a449ca4653de...31a0c4dfb4156a7b4d856cceae1e61c7fc1a4a1b
1570,Gitea,e695ba47557ed4c3999c63b28051a449ca4653de,31a0c4dfb4156a7b4d856cceae1e61c7fc1a4a1b,30322,https://github.com/go-gitea/gitea/issues/30322,https://github.com/go-gitea/gitea/tree/e695ba47557ed4c3999c63b28051a449ca4653de,https://github.com/go-gitea/gitea/tree/31a0c4dfb4156a7b4d856cceae1e61c7fc1a4a1b,https://github.com/go-gitea/gitea/compare/e695ba47557ed4c3999c63b28051a449ca4653de...31a0c4dfb4156a7b4d856cceae1e61c7fc1a4a1b
1571,Gitea,4ca65fabdad75e39f9948b9a2a18e32edc98ec02,90008111181b874ac018455d8d7a2f8bfe6bc71e,31230,https://github.com/go-gitea/gitea/issues/31230,https://github.com/go-gitea/gitea/tree/4ca65fabdad75e39f9948b9a2a18e32edc98ec02,https://github.com/go-gitea/gitea/tree/90008111181b874ac018455d8d7a2f8bfe6bc71e,https://github.com/go-gitea/gitea/compare/4ca65fabdad75e39f9948b9a2a18e32edc98ec02...90008111181b874ac018455d8d7a2f8bfe6bc71e
1572,Gitea,fcc061ae4435f251d14a6750a0f5713800dca637,bd80225ec3688cfa89767cc352835d8d5093f764,31214,https://github.com/go-gitea/gitea/issues/31214,https://github.com/go-gitea/gitea/tree/fcc061ae4435f251d14a6750a0f5713800dca637,https://github.com/go-gitea/gitea/tree/bd80225ec3688cfa89767cc352835d8d5093f764,https://github.com/go-gitea/gitea/compare/fcc061ae4435f251d14a6750a0f5713800dca637...bd80225ec3688cfa89767cc352835d8d5093f764
1573,Gitea,06ebae7472aef4380602d2ecd64fdc9dddcb6037,e728fd741be7848d476663eec1c9caaf34b46e61,31261,https://github.com/go-gitea/gitea/issues/31261,https://github.com/go-gitea/gitea/tree/06ebae7472aef4380602d2ecd64fdc9dddcb6037,https://github.com/go-gitea/gitea/tree/e728fd741be7848d476663eec1c9caaf34b46e61,https://github.com/go-gitea/gitea/compare/06ebae7472aef4380602d2ecd64fdc9dddcb6037...e728fd741be7848d476663eec1c9caaf34b46e61
1574,Gitea,f4f4e18b14c3d772e9183e8f1d2b2df45712c496,effb405cae88474c27f5c8322a2627019af1cf64,30923,https://github.com/go-gitea/gitea/issues/30923,https://github.com/go-gitea/gitea/tree/f4f4e18b14c3d772e9183e8f1d2b2df45712c496,https://github.com/go-gitea/gitea/tree/effb405cae88474c27f5c8322a2627019af1cf64,https://github.com/go-gitea/gitea/compare/f4f4e18b14c3d772e9183e8f1d2b2df45712c496...effb405cae88474c27f5c8322a2627019af1cf64
1575,Gitea,291a00dc570a143092e5ad19cdad12939d3d70dc,0188d82e4908eb173f7203d577f801f3168ffcb8,31285,https://github.com/go-gitea/gitea/issues/31285,https://github.com/go-gitea/gitea/tree/291a00dc570a143092e5ad19cdad12939d3d70dc,https://github.com/go-gitea/gitea/tree/0188d82e4908eb173f7203d577f801f3168ffcb8,https://github.com/go-gitea/gitea/compare/291a00dc570a143092e5ad19cdad12939d3d70dc...0188d82e4908eb173f7203d577f801f3168ffcb8
1576,Gitea,fc2d75f86d77b022ece848acf2581c14ef21d43b,e25d6960b5749fbf7f88ebb6b27878c0459817da,31185,https://github.com/go-gitea/gitea/issues/31185,https://github.com/go-gitea/gitea/tree/fc2d75f86d77b022ece848acf2581c14ef21d43b,https://github.com/go-gitea/gitea/tree/e25d6960b5749fbf7f88ebb6b27878c0459817da,https://github.com/go-gitea/gitea/compare/fc2d75f86d77b022ece848acf2581c14ef21d43b...e25d6960b5749fbf7f88ebb6b27878c0459817da
1577,Gitea,858d4f221d71e9d761048d302f04cba223d5d9da,cd7d1314fc6598931e9a651a1c17026b28aa2c62,31117,https://github.com/go-gitea/gitea/issues/31117,https://github.com/go-gitea/gitea/tree/858d4f221d71e9d761048d302f04cba223d5d9da,https://github.com/go-gitea/gitea/tree/cd7d1314fc6598931e9a651a1c17026b28aa2c62,https://github.com/go-gitea/gitea/compare/858d4f221d71e9d761048d302f04cba223d5d9da...cd7d1314fc6598931e9a651a1c17026b28aa2c62
1578,Gitea,a975ce8d9db773b060b7233e91fd490b6a6bfe46,1968c2222dcf47ebd1697afb4e79a81e74702d31,31311,https://github.com/go-gitea/gitea/issues/31311,https://github.com/go-gitea/gitea/tree/a975ce8d9db773b060b7233e91fd490b6a6bfe46,https://github.com/go-gitea/gitea/tree/1968c2222dcf47ebd1697afb4e79a81e74702d31,https://github.com/go-gitea/gitea/compare/a975ce8d9db773b060b7233e91fd490b6a6bfe46...1968c2222dcf47ebd1697afb4e79a81e74702d31
1579,Gitea,a975ce8d9db773b060b7233e91fd490b6a6bfe46,1968c2222dcf47ebd1697afb4e79a81e74702d31,31330,https://github.com/go-gitea/gitea/issues/31330,https://github.com/go-gitea/gitea/tree/a975ce8d9db773b060b7233e91fd490b6a6bfe46,https://github.com/go-gitea/gitea/tree/1968c2222dcf47ebd1697afb4e79a81e74702d31,https://github.com/go-gitea/gitea/compare/a975ce8d9db773b060b7233e91fd490b6a6bfe46...1968c2222dcf47ebd1697afb4e79a81e74702d31
1580,Gitea,c70d4f03c97dea47c0314bc3153bc448278a9a80,f446e3b4ab2d3f787a17d1cfe09ee8f5f7b10089,31336,https://github.com/go-gitea/gitea/issues/31336,https://github.com/go-gitea/gitea/tree/c70d4f03c97dea47c0314bc3153bc448278a9a80,https://github.com/go-gitea/gitea/tree/f446e3b4ab2d3f787a17d1cfe09ee8f5f7b10089,https://github.com/go-gitea/gitea/compare/c70d4f03c97dea47c0314bc3153bc448278a9a80...f446e3b4ab2d3f787a17d1cfe09ee8f5f7b10089
1581,Gitea,1761459ebc7eb6d432eced093b4583425a5c5d4b,e4abaff7ffbbc5acd3aa668a9c458fbdf76f9573,31327,https://github.com/go-gitea/gitea/issues/31327,https://github.com/go-gitea/gitea/tree/1761459ebc7eb6d432eced093b4583425a5c5d4b,https://github.com/go-gitea/gitea/tree/e4abaff7ffbbc5acd3aa668a9c458fbdf76f9573,https://github.com/go-gitea/gitea/compare/1761459ebc7eb6d432eced093b4583425a5c5d4b...e4abaff7ffbbc5acd3aa668a9c458fbdf76f9573
1582,Gitea,f5dfd7d73cbc606ae65e5bab33efad1604b6331e,597d1da96b92b181c106813ce26149334b2b44e5,31294,https://github.com/go-gitea/gitea/issues/31294,https://github.com/go-gitea/gitea/tree/f5dfd7d73cbc606ae65e5bab33efad1604b6331e,https://github.com/go-gitea/gitea/tree/597d1da96b92b181c106813ce26149334b2b44e5,https://github.com/go-gitea/gitea/compare/f5dfd7d73cbc606ae65e5bab33efad1604b6331e...597d1da96b92b181c106813ce26149334b2b44e5
1583,Gitea,84cbb6c4d2ad57dc8816c0320eac061f753b50c1,42718d32af9d259205bee0fde818ffc0c3a9797f,31362,https://github.com/go-gitea/gitea/issues/31362,https://github.com/go-gitea/gitea/tree/84cbb6c4d2ad57dc8816c0320eac061f753b50c1,https://github.com/go-gitea/gitea/tree/42718d32af9d259205bee0fde818ffc0c3a9797f,https://github.com/go-gitea/gitea/compare/84cbb6c4d2ad57dc8816c0320eac061f753b50c1...42718d32af9d259205bee0fde818ffc0c3a9797f
1584,Gitea,a4275951ba9635e9b7de6a91812b6cc9622c8c9b,ab458ce10be59669c810ba43af41f2ba2e72ea5b,31167,https://github.com/go-gitea/gitea/issues/31167,https://github.com/go-gitea/gitea/tree/a4275951ba9635e9b7de6a91812b6cc9622c8c9b,https://github.com/go-gitea/gitea/tree/ab458ce10be59669c810ba43af41f2ba2e72ea5b,https://github.com/go-gitea/gitea/compare/a4275951ba9635e9b7de6a91812b6cc9622c8c9b...ab458ce10be59669c810ba43af41f2ba2e72ea5b
1585,Gitea,597d1da96b92b181c106813ce26149334b2b44e5,25f3ec5b65ef00fb2cf584a37c5981e674459575,31374,https://github.com/go-gitea/gitea/issues/31374,https://github.com/go-gitea/gitea/tree/597d1da96b92b181c106813ce26149334b2b44e5,https://github.com/go-gitea/gitea/tree/25f3ec5b65ef00fb2cf584a37c5981e674459575,https://github.com/go-gitea/gitea/compare/597d1da96b92b181c106813ce26149334b2b44e5...25f3ec5b65ef00fb2cf584a37c5981e674459575
1586,Gitea,1c1545268743d7d4536a5ff2a137af7c255f45c8,90a3c20e7996e2db577a51d37f2190e2e990a22a,31371,https://github.com/go-gitea/gitea/issues/31371,https://github.com/go-gitea/gitea/tree/1c1545268743d7d4536a5ff2a137af7c255f45c8,https://github.com/go-gitea/gitea/tree/90a3c20e7996e2db577a51d37f2190e2e990a22a,https://github.com/go-gitea/gitea/compare/1c1545268743d7d4536a5ff2a137af7c255f45c8...90a3c20e7996e2db577a51d37f2190e2e990a22a
1587,Gitea,5afafe22a34183c9c053a7ceac2c9dc05d9943e2,c60ef946b1c5ed3347224cda5d3e17592cd16e5e,31149,https://github.com/go-gitea/gitea/issues/31149,https://github.com/go-gitea/gitea/tree/5afafe22a34183c9c053a7ceac2c9dc05d9943e2,https://github.com/go-gitea/gitea/tree/c60ef946b1c5ed3347224cda5d3e17592cd16e5e,https://github.com/go-gitea/gitea/compare/5afafe22a34183c9c053a7ceac2c9dc05d9943e2...c60ef946b1c5ed3347224cda5d3e17592cd16e5e
1588,Gitea,37a4b233a0a4ca516b90e0c8e15d8dafb8d13358,21783a5752f518e579d8fe48b33504a16674ee17,31395,https://github.com/go-gitea/gitea/issues/31395,https://github.com/go-gitea/gitea/tree/37a4b233a0a4ca516b90e0c8e15d8dafb8d13358,https://github.com/go-gitea/gitea/tree/21783a5752f518e579d8fe48b33504a16674ee17,https://github.com/go-gitea/gitea/compare/37a4b233a0a4ca516b90e0c8e15d8dafb8d13358...21783a5752f518e579d8fe48b33504a16674ee17
1589,Gitea,17b3a38577d6e1d50ba5565ca3b1f2f57a04bf32,5afafe22a34183c9c053a7ceac2c9dc05d9943e2,31415,https://github.com/go-gitea/gitea/issues/31415,https://github.com/go-gitea/gitea/tree/17b3a38577d6e1d50ba5565ca3b1f2f57a04bf32,https://github.com/go-gitea/gitea/tree/5afafe22a34183c9c053a7ceac2c9dc05d9943e2,https://github.com/go-gitea/gitea/compare/17b3a38577d6e1d50ba5565ca3b1f2f57a04bf32...5afafe22a34183c9c053a7ceac2c9dc05d9943e2
1590,Gitea,c1fe6fbcc36bd29549019274d39f273b3e37755d,d655ff18b3183807dc568b133035c7c555e3b595,31502,https://github.com/go-gitea/gitea/issues/31502,https://github.com/go-gitea/gitea/tree/c1fe6fbcc36bd29549019274d39f273b3e37755d,https://github.com/go-gitea/gitea/tree/d655ff18b3183807dc568b133035c7c555e3b595,https://github.com/go-gitea/gitea/compare/c1fe6fbcc36bd29549019274d39f273b3e37755d...d655ff18b3183807dc568b133035c7c555e3b595
1591,Gitea,a5a9885f72c0c5be35ff7137cc2e2a60d8d11557,ed5ded3ff86fc7c3eccfe28e59b30728e6bf9fbc,31429,https://github.com/go-gitea/gitea/issues/31429,https://github.com/go-gitea/gitea/tree/a5a9885f72c0c5be35ff7137cc2e2a60d8d11557,https://github.com/go-gitea/gitea/tree/ed5ded3ff86fc7c3eccfe28e59b30728e6bf9fbc,https://github.com/go-gitea/gitea/compare/a5a9885f72c0c5be35ff7137cc2e2a60d8d11557...ed5ded3ff86fc7c3eccfe28e59b30728e6bf9fbc
1592,Gitea,436af472a9ea3e619e4362d261d2d6d3c85cea01,1b0ccf4bea3d5c0ef573eee89c5fd5f4de90b0e8,31591,https://github.com/go-gitea/gitea/issues/31591,https://github.com/go-gitea/gitea/tree/436af472a9ea3e619e4362d261d2d6d3c85cea01,https://github.com/go-gitea/gitea/tree/1b0ccf4bea3d5c0ef573eee89c5fd5f4de90b0e8,https://github.com/go-gitea/gitea/compare/436af472a9ea3e619e4362d261d2d6d3c85cea01...1b0ccf4bea3d5c0ef573eee89c5fd5f4de90b0e8
1593,Gitea,416c36f3034e228a27258b5a8a15eec4e5e426ba,3571b7e3dd3107d728845ab339c0e1a927e4314f,4479,https://github.com/go-gitea/gitea/issues/4479,https://github.com/go-gitea/gitea/tree/416c36f3034e228a27258b5a8a15eec4e5e426ba,https://github.com/go-gitea/gitea/tree/3571b7e3dd3107d728845ab339c0e1a927e4314f,https://github.com/go-gitea/gitea/compare/416c36f3034e228a27258b5a8a15eec4e5e426ba...3571b7e3dd3107d728845ab339c0e1a927e4314f
1594,Gitea,bda875b6e6dc9aedf9b4e72067dd5c857b95726a,6a96deb5898745d957ffd7860b2b6821c673e907,29065,https://github.com/go-gitea/gitea/issues/29065,https://github.com/go-gitea/gitea/tree/bda875b6e6dc9aedf9b4e72067dd5c857b95726a,https://github.com/go-gitea/gitea/tree/6a96deb5898745d957ffd7860b2b6821c673e907,https://github.com/go-gitea/gitea/compare/bda875b6e6dc9aedf9b4e72067dd5c857b95726a...6a96deb5898745d957ffd7860b2b6821c673e907
1595,Gitea,03c8c2683ccf0b697f0a7f68f37c452255407f9e,e9aa39bda4581a69f04dd1d46aab7980940e99ce,31599,https://github.com/go-gitea/gitea/issues/31599,https://github.com/go-gitea/gitea/tree/03c8c2683ccf0b697f0a7f68f37c452255407f9e,https://github.com/go-gitea/gitea/tree/e9aa39bda4581a69f04dd1d46aab7980940e99ce,https://github.com/go-gitea/gitea/compare/03c8c2683ccf0b697f0a7f68f37c452255407f9e...e9aa39bda4581a69f04dd1d46aab7980940e99ce
1596,Gitea,91745ae46fe4387d53230624e0a1b126c5975603,f0033051d5ce07f5a18d2aacef6bfdca5fc69014,31481,https://github.com/go-gitea/gitea/issues/31481,https://github.com/go-gitea/gitea/tree/91745ae46fe4387d53230624e0a1b126c5975603,https://github.com/go-gitea/gitea/tree/f0033051d5ce07f5a18d2aacef6bfdca5fc69014,https://github.com/go-gitea/gitea/compare/91745ae46fe4387d53230624e0a1b126c5975603...f0033051d5ce07f5a18d2aacef6bfdca5fc69014
1597,Gitea,2c92c7c5226e29636a1d47a277130f477fa2037b,b88e5fc72d99e9d4a0aa9c13f70e0a9e967fe057,27967,https://github.com/go-gitea/gitea/issues/27967,https://github.com/go-gitea/gitea/tree/2c92c7c5226e29636a1d47a277130f477fa2037b,https://github.com/go-gitea/gitea/tree/b88e5fc72d99e9d4a0aa9c13f70e0a9e967fe057,https://github.com/go-gitea/gitea/compare/2c92c7c5226e29636a1d47a277130f477fa2037b...b88e5fc72d99e9d4a0aa9c13f70e0a9e967fe057
1598,Gitea,bbd14769cd0314ed6618462e6e43c859a5ef1959,c0b5a843badf7afa1f1aeb8f41cac87806ee188e,31520,https://github.com/go-gitea/gitea/issues/31520,https://github.com/go-gitea/gitea/tree/bbd14769cd0314ed6618462e6e43c859a5ef1959,https://github.com/go-gitea/gitea/tree/c0b5a843badf7afa1f1aeb8f41cac87806ee188e,https://github.com/go-gitea/gitea/compare/bbd14769cd0314ed6618462e6e43c859a5ef1959...c0b5a843badf7afa1f1aeb8f41cac87806ee188e
1599,Gitea,2f1cb1d28918fb19ff21e0a86bc9054a9fb56485,bbd14769cd0314ed6618462e6e43c859a5ef1959,31675,https://github.com/go-gitea/gitea/issues/31675,https://github.com/go-gitea/gitea/tree/2f1cb1d28918fb19ff21e0a86bc9054a9fb56485,https://github.com/go-gitea/gitea/tree/bbd14769cd0314ed6618462e6e43c859a5ef1959,https://github.com/go-gitea/gitea/compare/2f1cb1d28918fb19ff21e0a86bc9054a9fb56485...bbd14769cd0314ed6618462e6e43c859a5ef1959
1600,Gitea,930ca92d7ce80e8b0bdaf92e495026baf2a1d419,4b376a0ed934ba77d91ab182215fcff07b13c8df,573,https://github.com/go-gitea/gitea/issues/573,https://github.com/go-gitea/gitea/tree/930ca92d7ce80e8b0bdaf92e495026baf2a1d419,https://github.com/go-gitea/gitea/tree/4b376a0ed934ba77d91ab182215fcff07b13c8df,https://github.com/go-gitea/gitea/compare/930ca92d7ce80e8b0bdaf92e495026baf2a1d419...4b376a0ed934ba77d91ab182215fcff07b13c8df
1601,Gitea,138e946c3d8e2731f11a3e3b6876889694822f46,fcc061ae4435f251d14a6750a0f5713800dca637,31244,https://github.com/go-gitea/gitea/issues/31244,https://github.com/go-gitea/gitea/tree/138e946c3d8e2731f11a3e3b6876889694822f46,https://github.com/go-gitea/gitea/tree/fcc061ae4435f251d14a6750a0f5713800dca637,https://github.com/go-gitea/gitea/compare/138e946c3d8e2731f11a3e3b6876889694822f46...fcc061ae4435f251d14a6750a0f5713800dca637
1602,Gitea,ecc8f2b047be405f39d81ae17280e478116845e3,cabcca3d818e1c7fdfd4ddf41e233f273b779481,31675,https://github.com/go-gitea/gitea/issues/31675,https://github.com/go-gitea/gitea/tree/ecc8f2b047be405f39d81ae17280e478116845e3,https://github.com/go-gitea/gitea/tree/cabcca3d818e1c7fdfd4ddf41e233f273b779481,https://github.com/go-gitea/gitea/compare/ecc8f2b047be405f39d81ae17280e478116845e3...cabcca3d818e1c7fdfd4ddf41e233f273b779481
1603,Gitea,7bd127522ff8911e57ce36a35bbed4a823b2034f,169031b7cf23dea33c507cccbf175131ab443391,31673,https://github.com/go-gitea/gitea/issues/31673,https://github.com/go-gitea/gitea/tree/7bd127522ff8911e57ce36a35bbed4a823b2034f,https://github.com/go-gitea/gitea/tree/169031b7cf23dea33c507cccbf175131ab443391,https://github.com/go-gitea/gitea/compare/7bd127522ff8911e57ce36a35bbed4a823b2034f...169031b7cf23dea33c507cccbf175131ab443391
1604,Gitea,169031b7cf23dea33c507cccbf175131ab443391,d8f82cbc780d09bb7ad074407a48480f0333b4b3,31491,https://github.com/go-gitea/gitea/issues/31491,https://github.com/go-gitea/gitea/tree/169031b7cf23dea33c507cccbf175131ab443391,https://github.com/go-gitea/gitea/tree/d8f82cbc780d09bb7ad074407a48480f0333b4b3,https://github.com/go-gitea/gitea/compare/169031b7cf23dea33c507cccbf175131ab443391...d8f82cbc780d09bb7ad074407a48480f0333b4b3
1605,Gitea,d39bce7f003cf2137a5a561ed488c7b638e52275,81fa471119a6733d257f63f8c2c1f4acc583d21b,31707,https://github.com/go-gitea/gitea/issues/31707,https://github.com/go-gitea/gitea/tree/d39bce7f003cf2137a5a561ed488c7b638e52275,https://github.com/go-gitea/gitea/tree/81fa471119a6733d257f63f8c2c1f4acc583d21b,https://github.com/go-gitea/gitea/compare/d39bce7f003cf2137a5a561ed488c7b638e52275...81fa471119a6733d257f63f8c2c1f4acc583d21b
1606,Gitea,aa36989bd00e8069c0a546c4753e533cefa06a7f,7dec8de9147b20c014d68bb1020afe28a263b95a,26685,https://github.com/go-gitea/gitea/issues/26685,https://github.com/go-gitea/gitea/tree/aa36989bd00e8069c0a546c4753e533cefa06a7f,https://github.com/go-gitea/gitea/tree/7dec8de9147b20c014d68bb1020afe28a263b95a,https://github.com/go-gitea/gitea/compare/aa36989bd00e8069c0a546c4753e533cefa06a7f...7dec8de9147b20c014d68bb1020afe28a263b95a
1607,Gitea,9ac57c957f9dc88b1394008d6efb79f29a4c3396,09b56fc0690317891829906d45c1d645794c63d5,31137,https://github.com/go-gitea/gitea/issues/31137,https://github.com/go-gitea/gitea/tree/9ac57c957f9dc88b1394008d6efb79f29a4c3396,https://github.com/go-gitea/gitea/tree/09b56fc0690317891829906d45c1d645794c63d5,https://github.com/go-gitea/gitea/compare/9ac57c957f9dc88b1394008d6efb79f29a4c3396...09b56fc0690317891829906d45c1d645794c63d5
1608,Gitea,0a11bce87f07233d5f02554b8f3b4a2aabd37769,75d0b61546e00390afdd850149de525dd64336a5,31727,https://github.com/go-gitea/gitea/issues/31727,https://github.com/go-gitea/gitea/tree/0a11bce87f07233d5f02554b8f3b4a2aabd37769,https://github.com/go-gitea/gitea/tree/75d0b61546e00390afdd850149de525dd64336a5,https://github.com/go-gitea/gitea/compare/0a11bce87f07233d5f02554b8f3b4a2aabd37769...75d0b61546e00390afdd850149de525dd64336a5
1609,Gitea,7b388630ecb4537f9bb04e55cbb10eb7cf83b9c5,bf5ae79c5163b8dd6a3185711ad11893b1270f62,31707,https://github.com/go-gitea/gitea/issues/31707,https://github.com/go-gitea/gitea/tree/7b388630ecb4537f9bb04e55cbb10eb7cf83b9c5,https://github.com/go-gitea/gitea/tree/bf5ae79c5163b8dd6a3185711ad11893b1270f62,https://github.com/go-gitea/gitea/compare/7b388630ecb4537f9bb04e55cbb10eb7cf83b9c5...bf5ae79c5163b8dd6a3185711ad11893b1270f62
1610,Gitea,88decb6913554c490d68c0443be2fa68e2591853,d109923ed8e58bce0ad26b47385edbc79403803d,31708,https://github.com/go-gitea/gitea/issues/31708,https://github.com/go-gitea/gitea/tree/88decb6913554c490d68c0443be2fa68e2591853,https://github.com/go-gitea/gitea/tree/d109923ed8e58bce0ad26b47385edbc79403803d,https://github.com/go-gitea/gitea/compare/88decb6913554c490d68c0443be2fa68e2591853...d109923ed8e58bce0ad26b47385edbc79403803d
1611,Gitea,2a1ed0cc110150dd6acfa79bcf327c6be7088a30,976f78eb772801a978e2fe9ab35dfb769a8f852b,31755,https://github.com/go-gitea/gitea/issues/31755,https://github.com/go-gitea/gitea/tree/2a1ed0cc110150dd6acfa79bcf327c6be7088a30,https://github.com/go-gitea/gitea/tree/976f78eb772801a978e2fe9ab35dfb769a8f852b,https://github.com/go-gitea/gitea/compare/2a1ed0cc110150dd6acfa79bcf327c6be7088a30...976f78eb772801a978e2fe9ab35dfb769a8f852b
1612,Gitea,de175e3b06e623280058278cdb0a62de7443cd86,df7f1c2eadac24f64adf3d823a7642a6eccf77f3,31738,https://github.com/go-gitea/gitea/issues/31738,https://github.com/go-gitea/gitea/tree/de175e3b06e623280058278cdb0a62de7443cd86,https://github.com/go-gitea/gitea/tree/df7f1c2eadac24f64adf3d823a7642a6eccf77f3,https://github.com/go-gitea/gitea/compare/de175e3b06e623280058278cdb0a62de7443cd86...df7f1c2eadac24f64adf3d823a7642a6eccf77f3
1613,Gitea,33cc5837a655ad544b936d4d040ca36d74092588,f4d3120f9d1de6a260a5e625b3ffa6b35a069e9b,31271,https://github.com/go-gitea/gitea/issues/31271,https://github.com/go-gitea/gitea/tree/33cc5837a655ad544b936d4d040ca36d74092588,https://github.com/go-gitea/gitea/tree/f4d3120f9d1de6a260a5e625b3ffa6b35a069e9b,https://github.com/go-gitea/gitea/compare/33cc5837a655ad544b936d4d040ca36d74092588...f4d3120f9d1de6a260a5e625b3ffa6b35a069e9b
1614,Gitea,e45a4c98292bf7c53700ff2f6f8e4dc7ba2e3e68,0470646d46f90c20f40fde718be6ef8d8c84ee2c,31784,https://github.com/go-gitea/gitea/issues/31784,https://github.com/go-gitea/gitea/tree/e45a4c98292bf7c53700ff2f6f8e4dc7ba2e3e68,https://github.com/go-gitea/gitea/tree/0470646d46f90c20f40fde718be6ef8d8c84ee2c,https://github.com/go-gitea/gitea/compare/e45a4c98292bf7c53700ff2f6f8e4dc7ba2e3e68...0470646d46f90c20f40fde718be6ef8d8c84ee2c
1615,Gitea,5bcab0b702274e137ff3e40f3ffa9078605fc2a2,a4dac596434df0af7de28d9c1f4630ba32b10515,31538,https://github.com/go-gitea/gitea/issues/31538,https://github.com/go-gitea/gitea/tree/5bcab0b702274e137ff3e40f3ffa9078605fc2a2,https://github.com/go-gitea/gitea/tree/a4dac596434df0af7de28d9c1f4630ba32b10515,https://github.com/go-gitea/gitea/compare/5bcab0b702274e137ff3e40f3ffa9078605fc2a2...a4dac596434df0af7de28d9c1f4630ba32b10515
1616,Gitea,8883d99184e6d425cf5279cd2ab0b1664895c673,fe7c9416777243264e8482d3af29e30c2b671074,31667,https://github.com/go-gitea/gitea/issues/31667,https://github.com/go-gitea/gitea/tree/8883d99184e6d425cf5279cd2ab0b1664895c673,https://github.com/go-gitea/gitea/tree/fe7c9416777243264e8482d3af29e30c2b671074,https://github.com/go-gitea/gitea/compare/8883d99184e6d425cf5279cd2ab0b1664895c673...fe7c9416777243264e8482d3af29e30c2b671074
1617,Gitea,b491b2104f83ee8fc4956c099c427b339291b3be,7092402a2db255ecde2c20574b973fb632c16d2e,31807,https://github.com/go-gitea/gitea/issues/31807,https://github.com/go-gitea/gitea/tree/b491b2104f83ee8fc4956c099c427b339291b3be,https://github.com/go-gitea/gitea/tree/7092402a2db255ecde2c20574b973fb632c16d2e,https://github.com/go-gitea/gitea/compare/b491b2104f83ee8fc4956c099c427b339291b3be...7092402a2db255ecde2c20574b973fb632c16d2e
1618,Gitea,86c848e65c79732905c530d7e18335453d3e02be,b491b2104f83ee8fc4956c099c427b339291b3be,31730,https://github.com/go-gitea/gitea/issues/31730,https://github.com/go-gitea/gitea/tree/86c848e65c79732905c530d7e18335453d3e02be,https://github.com/go-gitea/gitea/tree/b491b2104f83ee8fc4956c099c427b339291b3be,https://github.com/go-gitea/gitea/compare/86c848e65c79732905c530d7e18335453d3e02be...b491b2104f83ee8fc4956c099c427b339291b3be
1619,Gitea,333c9ed8cab961b6dd58b04edc47a57dc4d6dbab,21a73ae642b15982a911837775c9583deb47220c,31657,https://github.com/go-gitea/gitea/issues/31657,https://github.com/go-gitea/gitea/tree/333c9ed8cab961b6dd58b04edc47a57dc4d6dbab,https://github.com/go-gitea/gitea/tree/21a73ae642b15982a911837775c9583deb47220c,https://github.com/go-gitea/gitea/compare/333c9ed8cab961b6dd58b04edc47a57dc4d6dbab...21a73ae642b15982a911837775c9583deb47220c
1620,Gitea,2010fbe06054b9d9cada430f1a60f45ac7689b93,acd7053e9d4968e8b9812ab379be9027ac8e7771,31625,https://github.com/go-gitea/gitea/issues/31625,https://github.com/go-gitea/gitea/tree/2010fbe06054b9d9cada430f1a60f45ac7689b93,https://github.com/go-gitea/gitea/tree/acd7053e9d4968e8b9812ab379be9027ac8e7771,https://github.com/go-gitea/gitea/compare/2010fbe06054b9d9cada430f1a60f45ac7689b93...acd7053e9d4968e8b9812ab379be9027ac8e7771
1621,Gitea,4f5c96627b4622d64593db2d436b1f3befa5f3c3,ccf7366db0b47e0720a61666acdaa6e6ab1e2273,10036,https://github.com/go-gitea/gitea/issues/10036,https://github.com/go-gitea/gitea/tree/4f5c96627b4622d64593db2d436b1f3befa5f3c3,https://github.com/go-gitea/gitea/tree/ccf7366db0b47e0720a61666acdaa6e6ab1e2273,https://github.com/go-gitea/gitea/compare/4f5c96627b4622d64593db2d436b1f3befa5f3c3...ccf7366db0b47e0720a61666acdaa6e6ab1e2273
1622,Gitea,d1426de1a4a1a52125a35c8e5d1d545c6b9f6f2b,d158472a5a9ead8052095b153821a9f26c294452,31640,https://github.com/go-gitea/gitea/issues/31640,https://github.com/go-gitea/gitea/tree/d1426de1a4a1a52125a35c8e5d1d545c6b9f6f2b,https://github.com/go-gitea/gitea/tree/d158472a5a9ead8052095b153821a9f26c294452,https://github.com/go-gitea/gitea/compare/d1426de1a4a1a52125a35c8e5d1d545c6b9f6f2b...d158472a5a9ead8052095b153821a9f26c294452
1623,Gitea,acd7053e9d4968e8b9812ab379be9027ac8e7771,2e7d202a7f8051d140220d1c195ff73b80e0d1ff,31771,https://github.com/go-gitea/gitea/issues/31771,https://github.com/go-gitea/gitea/tree/acd7053e9d4968e8b9812ab379be9027ac8e7771,https://github.com/go-gitea/gitea/tree/2e7d202a7f8051d140220d1c195ff73b80e0d1ff,https://github.com/go-gitea/gitea/compare/acd7053e9d4968e8b9812ab379be9027ac8e7771...2e7d202a7f8051d140220d1c195ff73b80e0d1ff
1624,Gitea,5fd3b098a3e017245ecda96941ea0b58f48275a9,10fd60412d7e39b5c5c7455ac609c19f5dce22b6,31624,https://github.com/go-gitea/gitea/issues/31624,https://github.com/go-gitea/gitea/tree/5fd3b098a3e017245ecda96941ea0b58f48275a9,https://github.com/go-gitea/gitea/tree/10fd60412d7e39b5c5c7455ac609c19f5dce22b6,https://github.com/go-gitea/gitea/compare/5fd3b098a3e017245ecda96941ea0b58f48275a9...10fd60412d7e39b5c5c7455ac609c19f5dce22b6
1625,Gitea,9e31b229bd9976874e84060db3479d15c1d4d387,a33e74d40d356e8f628ac06a131cb203a3609dec,31707,https://github.com/go-gitea/gitea/issues/31707,https://github.com/go-gitea/gitea/tree/9e31b229bd9976874e84060db3479d15c1d4d387,https://github.com/go-gitea/gitea/tree/a33e74d40d356e8f628ac06a131cb203a3609dec,https://github.com/go-gitea/gitea/compare/9e31b229bd9976874e84060db3479d15c1d4d387...a33e74d40d356e8f628ac06a131cb203a3609dec
1626,Gitea,0b7eb38b24e3703ed0065170d1cbd08774f23dd2,572aaebd96b43bc576fe32187be82f689e855464,31716,https://github.com/go-gitea/gitea/issues/31716,https://github.com/go-gitea/gitea/tree/0b7eb38b24e3703ed0065170d1cbd08774f23dd2,https://github.com/go-gitea/gitea/tree/572aaebd96b43bc576fe32187be82f689e855464,https://github.com/go-gitea/gitea/compare/0b7eb38b24e3703ed0065170d1cbd08774f23dd2...572aaebd96b43bc576fe32187be82f689e855464
1627,Gitea,41d9eaa9c0bb23e30cfc20185aa2a94e8e294052,725a3ed9ad110f8354303140f527326c64f42dc8,31743,https://github.com/go-gitea/gitea/issues/31743,https://github.com/go-gitea/gitea/tree/41d9eaa9c0bb23e30cfc20185aa2a94e8e294052,https://github.com/go-gitea/gitea/tree/725a3ed9ad110f8354303140f527326c64f42dc8,https://github.com/go-gitea/gitea/compare/41d9eaa9c0bb23e30cfc20185aa2a94e8e294052...725a3ed9ad110f8354303140f527326c64f42dc8
1628,Gitea,55502265716f000a2c61c98fa093244e1310d97f,661a1e10f7abd3527d2abc027dec936022db9379,31916,https://github.com/go-gitea/gitea/issues/31916,https://github.com/go-gitea/gitea/tree/55502265716f000a2c61c98fa093244e1310d97f,https://github.com/go-gitea/gitea/tree/661a1e10f7abd3527d2abc027dec936022db9379,https://github.com/go-gitea/gitea/compare/55502265716f000a2c61c98fa093244e1310d97f...661a1e10f7abd3527d2abc027dec936022db9379
1629,Gitea,fcac28c878b0e9539e4d68f3a496e9d5b26bd285,06c67c6d5a91176fe4b87fc884c96afc7c3597fa,20658,https://github.com/go-gitea/gitea/issues/20658,https://github.com/go-gitea/gitea/tree/fcac28c878b0e9539e4d68f3a496e9d5b26bd285,https://github.com/go-gitea/gitea/tree/06c67c6d5a91176fe4b87fc884c96afc7c3597fa,https://github.com/go-gitea/gitea/compare/fcac28c878b0e9539e4d68f3a496e9d5b26bd285...06c67c6d5a91176fe4b87fc884c96afc7c3597fa
1630,Gitea,e4f850bf635365083344af0c0109c29e7021ba03,2010fbe06054b9d9cada430f1a60f45ac7689b93,31395,https://github.com/go-gitea/gitea/issues/31395,https://github.com/go-gitea/gitea/tree/e4f850bf635365083344af0c0109c29e7021ba03,https://github.com/go-gitea/gitea/tree/2010fbe06054b9d9cada430f1a60f45ac7689b93,https://github.com/go-gitea/gitea/compare/e4f850bf635365083344af0c0109c29e7021ba03...2010fbe06054b9d9cada430f1a60f45ac7689b93
1631,Gitea,80fa8d7740cc4321b46bcdce337efef821a8b6ac,286ede47ad683bf0431e531e82019cd016cc54dd,28584,https://github.com/go-gitea/gitea/issues/28584,https://github.com/go-gitea/gitea/tree/80fa8d7740cc4321b46bcdce337efef821a8b6ac,https://github.com/go-gitea/gitea/tree/286ede47ad683bf0431e531e82019cd016cc54dd,https://github.com/go-gitea/gitea/compare/80fa8d7740cc4321b46bcdce337efef821a8b6ac...286ede47ad683bf0431e531e82019cd016cc54dd
1632,Gitea,f3090977c64192c23cdee192124fcaf5565a4630,d8f34988759c8c2e11dcb6452ad29f84e79bb2e1,31757,https://github.com/go-gitea/gitea/issues/31757,https://github.com/go-gitea/gitea/tree/f3090977c64192c23cdee192124fcaf5565a4630,https://github.com/go-gitea/gitea/tree/d8f34988759c8c2e11dcb6452ad29f84e79bb2e1,https://github.com/go-gitea/gitea/compare/f3090977c64192c23cdee192124fcaf5565a4630...d8f34988759c8c2e11dcb6452ad29f84e79bb2e1
1633,Gitea,859be098131de3d09d5677e48b00cb9421e4d849,f528df944bb9436afcb9272add2ee0cccefbdb55,32021,https://github.com/go-gitea/gitea/issues/32021,https://github.com/go-gitea/gitea/tree/859be098131de3d09d5677e48b00cb9421e4d849,https://github.com/go-gitea/gitea/tree/f528df944bb9436afcb9272add2ee0cccefbdb55,https://github.com/go-gitea/gitea/compare/859be098131de3d09d5677e48b00cb9421e4d849...f528df944bb9436afcb9272add2ee0cccefbdb55
1634,Gitea,aa9faf825074110d31fc2c75a31880c98a48feb2,08adbc468f8875fd4763c3656b334203c11adc0a,32078,https://github.com/go-gitea/gitea/issues/32078,https://github.com/go-gitea/gitea/tree/aa9faf825074110d31fc2c75a31880c98a48feb2,https://github.com/go-gitea/gitea/tree/08adbc468f8875fd4763c3656b334203c11adc0a,https://github.com/go-gitea/gitea/compare/aa9faf825074110d31fc2c75a31880c98a48feb2...08adbc468f8875fd4763c3656b334203c11adc0a
1635,Gitea,08adbc468f8875fd4763c3656b334203c11adc0a,8e2dd5d3ddfb442937c79f05df88d18b856952cb,31575,https://github.com/go-gitea/gitea/issues/31575,https://github.com/go-gitea/gitea/tree/08adbc468f8875fd4763c3656b334203c11adc0a,https://github.com/go-gitea/gitea/tree/8e2dd5d3ddfb442937c79f05df88d18b856952cb,https://github.com/go-gitea/gitea/compare/08adbc468f8875fd4763c3656b334203c11adc0a...8e2dd5d3ddfb442937c79f05df88d18b856952cb
1636,Gitea,661a1e10f7abd3527d2abc027dec936022db9379,eba6bfbe150d88a04e71521e2a0b4b804da159ff,31871,https://github.com/go-gitea/gitea/issues/31871,https://github.com/go-gitea/gitea/tree/661a1e10f7abd3527d2abc027dec936022db9379,https://github.com/go-gitea/gitea/tree/eba6bfbe150d88a04e71521e2a0b4b804da159ff,https://github.com/go-gitea/gitea/compare/661a1e10f7abd3527d2abc027dec936022db9379...eba6bfbe150d88a04e71521e2a0b4b804da159ff
1637,Gitea,b594cec2bda6f861effedb2e8e0a7ebba191c0e9,9e0db1b6469079b18cfc4a416cdd6396d42f9816,31993,https://github.com/go-gitea/gitea/issues/31993,https://github.com/go-gitea/gitea/tree/b594cec2bda6f861effedb2e8e0a7ebba191c0e9,https://github.com/go-gitea/gitea/tree/9e0db1b6469079b18cfc4a416cdd6396d42f9816,https://github.com/go-gitea/gitea/compare/b594cec2bda6f861effedb2e8e0a7ebba191c0e9...9e0db1b6469079b18cfc4a416cdd6396d42f9816
1638,Gitea,48cdde98bb0c2e7aad3e5227b992f8017c247854,e1f0598c8f5af5ac95f5e13b74fbab99506762db,32080,https://github.com/go-gitea/gitea/issues/32080,https://github.com/go-gitea/gitea/tree/48cdde98bb0c2e7aad3e5227b992f8017c247854,https://github.com/go-gitea/gitea/tree/e1f0598c8f5af5ac95f5e13b74fbab99506762db,https://github.com/go-gitea/gitea/compare/48cdde98bb0c2e7aad3e5227b992f8017c247854...e1f0598c8f5af5ac95f5e13b74fbab99506762db
1639,Gitea,e2f365b55cca7cf986a1f04e4d9e43d7e7aef7ad,4947bec8360c152daca23e120eae1732d3848492,13489,https://github.com/go-gitea/gitea/issues/13489,https://github.com/go-gitea/gitea/tree/e2f365b55cca7cf986a1f04e4d9e43d7e7aef7ad,https://github.com/go-gitea/gitea/tree/4947bec8360c152daca23e120eae1732d3848492,https://github.com/go-gitea/gitea/compare/e2f365b55cca7cf986a1f04e4d9e43d7e7aef7ad...4947bec8360c152daca23e120eae1732d3848492
1640,Gitea,5a8568459d22e57cac506465463660526ca6a08f,6fa962f409c84477a7a4cf35b4a38a4a93fc3224,32089,https://github.com/go-gitea/gitea/issues/32089,https://github.com/go-gitea/gitea/tree/5a8568459d22e57cac506465463660526ca6a08f,https://github.com/go-gitea/gitea/tree/6fa962f409c84477a7a4cf35b4a38a4a93fc3224,https://github.com/go-gitea/gitea/compare/5a8568459d22e57cac506465463660526ca6a08f...6fa962f409c84477a7a4cf35b4a38a4a93fc3224
1641,Gitea,6fa962f409c84477a7a4cf35b4a38a4a93fc3224,3269b04d61ffe6a7ce462cd05ee150e4491124e8,31478,https://github.com/go-gitea/gitea/issues/31478,https://github.com/go-gitea/gitea/tree/6fa962f409c84477a7a4cf35b4a38a4a93fc3224,https://github.com/go-gitea/gitea/tree/3269b04d61ffe6a7ce462cd05ee150e4491124e8,https://github.com/go-gitea/gitea/compare/6fa962f409c84477a7a4cf35b4a38a4a93fc3224...3269b04d61ffe6a7ce462cd05ee150e4491124e8
1642,Gitea,8cdf4e29c4646cd3c35453e09a153406650c4fbc,55f1fcf0ad20d69fcd62c764f6da74ae56bd5f73,31937,https://github.com/go-gitea/gitea/issues/31937,https://github.com/go-gitea/gitea/tree/8cdf4e29c4646cd3c35453e09a153406650c4fbc,https://github.com/go-gitea/gitea/tree/55f1fcf0ad20d69fcd62c764f6da74ae56bd5f73,https://github.com/go-gitea/gitea/compare/8cdf4e29c4646cd3c35453e09a153406650c4fbc...55f1fcf0ad20d69fcd62c764f6da74ae56bd5f73
1643,Gitea,19af5344623ba999f418520fad1a3bde77980561,bf7ae0429cdf236510aa6702e499878bc2345a6e,31976,https://github.com/go-gitea/gitea/issues/31976,https://github.com/go-gitea/gitea/tree/19af5344623ba999f418520fad1a3bde77980561,https://github.com/go-gitea/gitea/tree/bf7ae0429cdf236510aa6702e499878bc2345a6e,https://github.com/go-gitea/gitea/compare/19af5344623ba999f418520fad1a3bde77980561...bf7ae0429cdf236510aa6702e499878bc2345a6e
1644,Gitea,2c6fa6c1e05437b5515c7be4f516ac4e4a59bf3c,aadbe0488f454b9f7f5a56765f4530f9d1e2c6ec,31668,https://github.com/go-gitea/gitea/issues/31668,https://github.com/go-gitea/gitea/tree/2c6fa6c1e05437b5515c7be4f516ac4e4a59bf3c,https://github.com/go-gitea/gitea/tree/aadbe0488f454b9f7f5a56765f4530f9d1e2c6ec,https://github.com/go-gitea/gitea/compare/2c6fa6c1e05437b5515c7be4f516ac4e4a59bf3c...aadbe0488f454b9f7f5a56765f4530f9d1e2c6ec
1645,Gitea,13283873e9d523d5a5557f55d64f702c1a9f76ec,f4b8f6fc40ce2869135372a5c6ec6418d27ebfba,31423,https://github.com/go-gitea/gitea/issues/31423,https://github.com/go-gitea/gitea/tree/13283873e9d523d5a5557f55d64f702c1a9f76ec,https://github.com/go-gitea/gitea/tree/f4b8f6fc40ce2869135372a5c6ec6418d27ebfba,https://github.com/go-gitea/gitea/compare/13283873e9d523d5a5557f55d64f702c1a9f76ec...f4b8f6fc40ce2869135372a5c6ec6418d27ebfba
1646,Gitea,f4b8f6fc40ce2869135372a5c6ec6418d27ebfba,70b7df0e5e5cce5a3561fa5a6a8abd4ebc902e68,278,https://github.com/go-gitea/gitea/issues/278,https://github.com/go-gitea/gitea/tree/f4b8f6fc40ce2869135372a5c6ec6418d27ebfba,https://github.com/go-gitea/gitea/tree/70b7df0e5e5cce5a3561fa5a6a8abd4ebc902e68,https://github.com/go-gitea/gitea/compare/f4b8f6fc40ce2869135372a5c6ec6418d27ebfba...70b7df0e5e5cce5a3561fa5a6a8abd4ebc902e68
1647,Gitea,74f2ee31248ccdd66218c89fafa7f91a1e1dc58a,b594cec2bda6f861effedb2e8e0a7ebba191c0e9,31354,https://github.com/go-gitea/gitea/issues/31354,https://github.com/go-gitea/gitea/tree/74f2ee31248ccdd66218c89fafa7f91a1e1dc58a,https://github.com/go-gitea/gitea/tree/b594cec2bda6f861effedb2e8e0a7ebba191c0e9,https://github.com/go-gitea/gitea/compare/74f2ee31248ccdd66218c89fafa7f91a1e1dc58a...b594cec2bda6f861effedb2e8e0a7ebba191c0e9
1648,Gitea,0b1b4030e66b1312fc9c0270f128bcf368f14178,d266d190bd744b7b6f572bf69a42013e21b9be62,32184,https://github.com/go-gitea/gitea/issues/32184,https://github.com/go-gitea/gitea/tree/0b1b4030e66b1312fc9c0270f128bcf368f14178,https://github.com/go-gitea/gitea/tree/d266d190bd744b7b6f572bf69a42013e21b9be62,https://github.com/go-gitea/gitea/compare/0b1b4030e66b1312fc9c0270f128bcf368f14178...d266d190bd744b7b6f572bf69a42013e21b9be62
1649,Gitea,70b7df0e5e5cce5a3561fa5a6a8abd4ebc902e68,3a4a1bffbebd8a6f024a7fc4849cebbd7f0274d4,30266,https://github.com/go-gitea/gitea/issues/30266,https://github.com/go-gitea/gitea/tree/70b7df0e5e5cce5a3561fa5a6a8abd4ebc902e68,https://github.com/go-gitea/gitea/tree/3a4a1bffbebd8a6f024a7fc4849cebbd7f0274d4,https://github.com/go-gitea/gitea/compare/70b7df0e5e5cce5a3561fa5a6a8abd4ebc902e68...3a4a1bffbebd8a6f024a7fc4849cebbd7f0274d4
1650,Gitea,4416a4199b3e6a1181c73893345be4ca8343d9b8,0b1b4030e66b1312fc9c0270f128bcf368f14178,32169,https://github.com/go-gitea/gitea/issues/32169,https://github.com/go-gitea/gitea/tree/4416a4199b3e6a1181c73893345be4ca8343d9b8,https://github.com/go-gitea/gitea/tree/0b1b4030e66b1312fc9c0270f128bcf368f14178,https://github.com/go-gitea/gitea/compare/4416a4199b3e6a1181c73893345be4ca8343d9b8...0b1b4030e66b1312fc9c0270f128bcf368f14178
1651,Gitea,aebb741c08e1c0eb25805ba18b7dc2b119211ddf,0fe5e2b08c311f26c3fc0fc71eb6abffb06bc182,31539,https://github.com/go-gitea/gitea/issues/31539,https://github.com/go-gitea/gitea/tree/aebb741c08e1c0eb25805ba18b7dc2b119211ddf,https://github.com/go-gitea/gitea/tree/0fe5e2b08c311f26c3fc0fc71eb6abffb06bc182,https://github.com/go-gitea/gitea/compare/aebb741c08e1c0eb25805ba18b7dc2b119211ddf...0fe5e2b08c311f26c3fc0fc71eb6abffb06bc182
1652,Gitea,afa8dd45af29f529f3695b4d2bab7ed98ac830db,6fced335817a23f5a37a601c7f1ebf111821fa32,31602,https://github.com/go-gitea/gitea/issues/31602,https://github.com/go-gitea/gitea/tree/afa8dd45af29f529f3695b4d2bab7ed98ac830db,https://github.com/go-gitea/gitea/tree/6fced335817a23f5a37a601c7f1ebf111821fa32,https://github.com/go-gitea/gitea/compare/afa8dd45af29f529f3695b4d2bab7ed98ac830db...6fced335817a23f5a37a601c7f1ebf111821fa32
1653,Gitea,74664b08a004393ce013e872e47901f52645b65a,81aec6d621a3ea0dfb02d3b4d20b9be77c30c6ab,32219,https://github.com/go-gitea/gitea/issues/32219,https://github.com/go-gitea/gitea/tree/74664b08a004393ce013e872e47901f52645b65a,https://github.com/go-gitea/gitea/tree/81aec6d621a3ea0dfb02d3b4d20b9be77c30c6ab,https://github.com/go-gitea/gitea/compare/74664b08a004393ce013e872e47901f52645b65a...81aec6d621a3ea0dfb02d3b4d20b9be77c30c6ab
1654,Gitea,c4b2808b896dd86323c6a0d119c8cf24752d4d8a,5242e520c499bf72ec21a8df2dbdee825f98ed78,32253,https://github.com/go-gitea/gitea/issues/32253,https://github.com/go-gitea/gitea/tree/c4b2808b896dd86323c6a0d119c8cf24752d4d8a,https://github.com/go-gitea/gitea/tree/5242e520c499bf72ec21a8df2dbdee825f98ed78,https://github.com/go-gitea/gitea/compare/c4b2808b896dd86323c6a0d119c8cf24752d4d8a...5242e520c499bf72ec21a8df2dbdee825f98ed78
1655,Gitea,d50ed0abf731a10741831d4b6dd54791e3e567ec,603fca1e27bc29c1e700cc1bd284eb619d2436c8,32258,https://github.com/go-gitea/gitea/issues/32258,https://github.com/go-gitea/gitea/tree/d50ed0abf731a10741831d4b6dd54791e3e567ec,https://github.com/go-gitea/gitea/tree/603fca1e27bc29c1e700cc1bd284eb619d2436c8,https://github.com/go-gitea/gitea/compare/d50ed0abf731a10741831d4b6dd54791e3e567ec...603fca1e27bc29c1e700cc1bd284eb619d2436c8
1656,Gitea,6029d78ab5006e8fb4f42adb5a8c491f19fa7b0a,cb739f533358a8cf6e1b6875b3d4f0da3bfa7c95,32235,https://github.com/go-gitea/gitea/issues/32235,https://github.com/go-gitea/gitea/tree/6029d78ab5006e8fb4f42adb5a8c491f19fa7b0a,https://github.com/go-gitea/gitea/tree/cb739f533358a8cf6e1b6875b3d4f0da3bfa7c95,https://github.com/go-gitea/gitea/compare/6029d78ab5006e8fb4f42adb5a8c491f19fa7b0a...cb739f533358a8cf6e1b6875b3d4f0da3bfa7c95
1657,Gitea,0bd75390f535c2f7f6422117476c953a178103ba,7e68bc88238104d2ee8b5a877fc1ad437f1778a4,20475,https://github.com/go-gitea/gitea/issues/20475,https://github.com/go-gitea/gitea/tree/0bd75390f535c2f7f6422117476c953a178103ba,https://github.com/go-gitea/gitea/tree/7e68bc88238104d2ee8b5a877fc1ad437f1778a4,https://github.com/go-gitea/gitea/compare/0bd75390f535c2f7f6422117476c953a178103ba...7e68bc88238104d2ee8b5a877fc1ad437f1778a4
1658,Gitea,2b8ff419a75afd81b9902c4964e9ad9475000825,9116665e9c1c01d882c919fb3058f7fdb695350e,32256,https://github.com/go-gitea/gitea/issues/32256,https://github.com/go-gitea/gitea/tree/2b8ff419a75afd81b9902c4964e9ad9475000825,https://github.com/go-gitea/gitea/tree/9116665e9c1c01d882c919fb3058f7fdb695350e,https://github.com/go-gitea/gitea/compare/2b8ff419a75afd81b9902c4964e9ad9475000825...9116665e9c1c01d882c919fb3058f7fdb695350e
1659,Gitea,6fced335817a23f5a37a601c7f1ebf111821fa32,9df5ddaf44aa5a3f319acba7b18645b7b1d4d8a2,31996,https://github.com/go-gitea/gitea/issues/31996,https://github.com/go-gitea/gitea/tree/6fced335817a23f5a37a601c7f1ebf111821fa32,https://github.com/go-gitea/gitea/tree/9df5ddaf44aa5a3f319acba7b18645b7b1d4d8a2,https://github.com/go-gitea/gitea/compare/6fced335817a23f5a37a601c7f1ebf111821fa32...9df5ddaf44aa5a3f319acba7b18645b7b1d4d8a2
1660,Gitea,a264c46fb04112c5ec2c1b2acd523a2e4450da40,620f19610ef747412a9e4265c6b20fa560663f17,32262,https://github.com/go-gitea/gitea/issues/32262,https://github.com/go-gitea/gitea/tree/a264c46fb04112c5ec2c1b2acd523a2e4450da40,https://github.com/go-gitea/gitea/tree/620f19610ef747412a9e4265c6b20fa560663f17,https://github.com/go-gitea/gitea/compare/a264c46fb04112c5ec2c1b2acd523a2e4450da40...620f19610ef747412a9e4265c6b20fa560663f17
1661,Gitea,2abdbe88b5d16dcb345d27b73f1d9738f2d826dd,7cf611d197ba5d216ea5a05bb40137773e095f74,32316,https://github.com/go-gitea/gitea/issues/32316,https://github.com/go-gitea/gitea/tree/2abdbe88b5d16dcb345d27b73f1d9738f2d826dd,https://github.com/go-gitea/gitea/tree/7cf611d197ba5d216ea5a05bb40137773e095f74,https://github.com/go-gitea/gitea/compare/2abdbe88b5d16dcb345d27b73f1d9738f2d826dd...7cf611d197ba5d216ea5a05bb40137773e095f74
1662,Gitea,d70af38447a759d4a935e315e18efa4dd625f655,a920fcfd91b1d77cee8bf1143334cba1582b8c5c,32349,https://github.com/go-gitea/gitea/issues/32349,https://github.com/go-gitea/gitea/tree/d70af38447a759d4a935e315e18efa4dd625f655,https://github.com/go-gitea/gitea/tree/a920fcfd91b1d77cee8bf1143334cba1582b8c5c,https://github.com/go-gitea/gitea/compare/d70af38447a759d4a935e315e18efa4dd625f655...a920fcfd91b1d77cee8bf1143334cba1582b8c5c
1663,Gitea,c60e4dc1095ef90a790582cacfad27c972637bb2,f938dbc9b54873add4418b7d211c87b0b4a6d8f7,32377,https://github.com/go-gitea/gitea/issues/32377,https://github.com/go-gitea/gitea/tree/c60e4dc1095ef90a790582cacfad27c972637bb2,https://github.com/go-gitea/gitea/tree/f938dbc9b54873add4418b7d211c87b0b4a6d8f7,https://github.com/go-gitea/gitea/compare/c60e4dc1095ef90a790582cacfad27c972637bb2...f938dbc9b54873add4418b7d211c87b0b4a6d8f7
1664,Gitea,fec6b3d50072e48bb51c18c5c4ea682dc6319573,13a203828c40f9ad1005b16b4ae26256a7df8263,32233,https://github.com/go-gitea/gitea/issues/32233,https://github.com/go-gitea/gitea/tree/fec6b3d50072e48bb51c18c5c4ea682dc6319573,https://github.com/go-gitea/gitea/tree/13a203828c40f9ad1005b16b4ae26256a7df8263,https://github.com/go-gitea/gitea/compare/fec6b3d50072e48bb51c18c5c4ea682dc6319573...13a203828c40f9ad1005b16b4ae26256a7df8263
1665,Gitea,1887c75c35c1d16372b1dbe2b792e374b558ce1f,24b83ff63e7ffd3d412bc9b509102aa2c507ced1,32291,https://github.com/go-gitea/gitea/issues/32291,https://github.com/go-gitea/gitea/tree/1887c75c35c1d16372b1dbe2b792e374b558ce1f,https://github.com/go-gitea/gitea/tree/24b83ff63e7ffd3d412bc9b509102aa2c507ced1,https://github.com/go-gitea/gitea/compare/1887c75c35c1d16372b1dbe2b792e374b558ce1f...24b83ff63e7ffd3d412bc9b509102aa2c507ced1
1666,Gitea,331e878e81d57235a53199383087c7649797a887,fb030624780f426472b8464aac0d50228f93017a,32371,https://github.com/go-gitea/gitea/issues/32371,https://github.com/go-gitea/gitea/tree/331e878e81d57235a53199383087c7649797a887,https://github.com/go-gitea/gitea/tree/fb030624780f426472b8464aac0d50228f93017a,https://github.com/go-gitea/gitea/compare/331e878e81d57235a53199383087c7649797a887...fb030624780f426472b8464aac0d50228f93017a
1667,Gitea,41b4ef825dba14f11b2e9454692b999f92ee1a42,b573512312d82e894db7aac89f4938a6b61e1e70,32437,https://github.com/go-gitea/gitea/issues/32437,https://github.com/go-gitea/gitea/tree/41b4ef825dba14f11b2e9454692b999f92ee1a42,https://github.com/go-gitea/gitea/tree/b573512312d82e894db7aac89f4938a6b61e1e70,https://github.com/go-gitea/gitea/compare/41b4ef825dba14f11b2e9454692b999f92ee1a42...b573512312d82e894db7aac89f4938a6b61e1e70
1668,Gitea,623a2d41cc866d31e6348c58cccf336b67a4b2c7,35bcd667b23de29a7b0d0bf1090fb10961d3aca3,32427,https://github.com/go-gitea/gitea/issues/32427,https://github.com/go-gitea/gitea/tree/623a2d41cc866d31e6348c58cccf336b67a4b2c7,https://github.com/go-gitea/gitea/tree/35bcd667b23de29a7b0d0bf1090fb10961d3aca3,https://github.com/go-gitea/gitea/compare/623a2d41cc866d31e6348c58cccf336b67a4b2c7...35bcd667b23de29a7b0d0bf1090fb10961d3aca3
1669,Gitea,810782302652d73c4f7249c4c3df8a7e85bae5f0,0690cb076bf63f71988a709f62a9c04660b51a4f,28121,https://github.com/go-gitea/gitea/issues/28121,https://github.com/go-gitea/gitea/tree/810782302652d73c4f7249c4c3df8a7e85bae5f0,https://github.com/go-gitea/gitea/tree/0690cb076bf63f71988a709f62a9c04660b51a4f,https://github.com/go-gitea/gitea/compare/810782302652d73c4f7249c4c3df8a7e85bae5f0...0690cb076bf63f71988a709f62a9c04660b51a4f
1670,Gitea,a928739456b78072136a1a264a68758571238aac,a910abbb451ea89b8279b43bd818a140fe0f3b51,32232,https://github.com/go-gitea/gitea/issues/32232,https://github.com/go-gitea/gitea/tree/a928739456b78072136a1a264a68758571238aac,https://github.com/go-gitea/gitea/tree/a910abbb451ea89b8279b43bd818a140fe0f3b51,https://github.com/go-gitea/gitea/compare/a928739456b78072136a1a264a68758571238aac...a910abbb451ea89b8279b43bd818a140fe0f3b51
1671,Gitea,0f397ae09b028e3537d70659409ac6a1f069033e,d80f99ef0441da135ba2857840687e0cf921ac52,32453,https://github.com/go-gitea/gitea/issues/32453,https://github.com/go-gitea/gitea/tree/0f397ae09b028e3537d70659409ac6a1f069033e,https://github.com/go-gitea/gitea/tree/d80f99ef0441da135ba2857840687e0cf921ac52,https://github.com/go-gitea/gitea/compare/0f397ae09b028e3537d70659409ac6a1f069033e...d80f99ef0441da135ba2857840687e0cf921ac52
1672,Gitea,9880c1372e6db6dd9cf28ae240af6bd52164459d,985e2a8af3d6468bac3ab178148c38bdbd8414f5,32496,https://github.com/go-gitea/gitea/issues/32496,https://github.com/go-gitea/gitea/tree/9880c1372e6db6dd9cf28ae240af6bd52164459d,https://github.com/go-gitea/gitea/tree/985e2a8af3d6468bac3ab178148c38bdbd8414f5,https://github.com/go-gitea/gitea/compare/9880c1372e6db6dd9cf28ae240af6bd52164459d...985e2a8af3d6468bac3ab178148c38bdbd8414f5
1673,Gitea,0aedb03996d7bdce88b1f0086151f8778b10c1a4,ad223000d42782d1cd5a2ef9e8cb3a51f76739f9,32390,https://github.com/go-gitea/gitea/issues/32390,https://github.com/go-gitea/gitea/tree/0aedb03996d7bdce88b1f0086151f8778b10c1a4,https://github.com/go-gitea/gitea/tree/ad223000d42782d1cd5a2ef9e8cb3a51f76739f9,https://github.com/go-gitea/gitea/compare/0aedb03996d7bdce88b1f0086151f8778b10c1a4...ad223000d42782d1cd5a2ef9e8cb3a51f76739f9
1674,Gitea,7adc4717ec8e4f8fe678010866e936cf024f498d,913be9e8ac1b745c9eb6dda06146e090166c8b79,32224,https://github.com/go-gitea/gitea/issues/32224,https://github.com/go-gitea/gitea/tree/7adc4717ec8e4f8fe678010866e936cf024f498d,https://github.com/go-gitea/gitea/tree/913be9e8ac1b745c9eb6dda06146e090166c8b79,https://github.com/go-gitea/gitea/compare/7adc4717ec8e4f8fe678010866e936cf024f498d...913be9e8ac1b745c9eb6dda06146e090166c8b79
1675,Gitea,e1b269e956e955dd1dfb012f40270d73f8329092,a0c0cb3a2c426e39b91e7301c94ddc3a988c8607,32499,https://github.com/go-gitea/gitea/issues/32499,https://github.com/go-gitea/gitea/tree/e1b269e956e955dd1dfb012f40270d73f8329092,https://github.com/go-gitea/gitea/tree/a0c0cb3a2c426e39b91e7301c94ddc3a988c8607,https://github.com/go-gitea/gitea/compare/e1b269e956e955dd1dfb012f40270d73f8329092...a0c0cb3a2c426e39b91e7301c94ddc3a988c8607
1676,Gitea,5bed7b9ec0d8df068ce7ff055590c1237dce5537,840ad7eefe2b49ab453b9a89b153a264a8c9f8a2,32367,https://github.com/go-gitea/gitea/issues/32367,https://github.com/go-gitea/gitea/tree/5bed7b9ec0d8df068ce7ff055590c1237dce5537,https://github.com/go-gitea/gitea/tree/840ad7eefe2b49ab453b9a89b153a264a8c9f8a2,https://github.com/go-gitea/gitea/compare/5bed7b9ec0d8df068ce7ff055590c1237dce5537...840ad7eefe2b49ab453b9a89b153a264a8c9f8a2
1677,Gitea,580e21dd2e9dfb3a3f86f51c4eb188c1bbfa8b11,2763766f8563bd1abbc5806938103ae5e479a311,31500,https://github.com/go-gitea/gitea/issues/31500,https://github.com/go-gitea/gitea/tree/580e21dd2e9dfb3a3f86f51c4eb188c1bbfa8b11,https://github.com/go-gitea/gitea/tree/2763766f8563bd1abbc5806938103ae5e479a311,https://github.com/go-gitea/gitea/compare/580e21dd2e9dfb3a3f86f51c4eb188c1bbfa8b11...2763766f8563bd1abbc5806938103ae5e479a311
1678,Gitea,ecbb03dc6d0e0565663dff977a4fc3d40a1e0c1e,e546480d0a2bbd9fcf897d7506a1efe3fa44cef3,31709,https://github.com/go-gitea/gitea/issues/31709,https://github.com/go-gitea/gitea/tree/ecbb03dc6d0e0565663dff977a4fc3d40a1e0c1e,https://github.com/go-gitea/gitea/tree/e546480d0a2bbd9fcf897d7506a1efe3fa44cef3,https://github.com/go-gitea/gitea/compare/ecbb03dc6d0e0565663dff977a4fc3d40a1e0c1e...e546480d0a2bbd9fcf897d7506a1efe3fa44cef3
1679,Gitea,b4abb6deff14b741c7666d7579e0eea68443306c,98d9a71ffe510da0e10d042d8f87a348022aca87,32489,https://github.com/go-gitea/gitea/issues/32489,https://github.com/go-gitea/gitea/tree/b4abb6deff14b741c7666d7579e0eea68443306c,https://github.com/go-gitea/gitea/tree/98d9a71ffe510da0e10d042d8f87a348022aca87,https://github.com/go-gitea/gitea/compare/b4abb6deff14b741c7666d7579e0eea68443306c...98d9a71ffe510da0e10d042d8f87a348022aca87
1680,Gitea,675c288811364ac08146c7e8038de23d5584c29d,e90753a7120d116829fe71b03b074e8bfedce5d9,31622,https://github.com/go-gitea/gitea/issues/31622,https://github.com/go-gitea/gitea/tree/675c288811364ac08146c7e8038de23d5584c29d,https://github.com/go-gitea/gitea/tree/e90753a7120d116829fe71b03b074e8bfedce5d9,https://github.com/go-gitea/gitea/compare/675c288811364ac08146c7e8038de23d5584c29d...e90753a7120d116829fe71b03b074e8bfedce5d9
1681,Gitea,bc7d599030cad2e69139b79ad5a878504fbf8ed9,fe49cb0243bed03f565269d84836bf21a0597665,32394,https://github.com/go-gitea/gitea/issues/32394,https://github.com/go-gitea/gitea/tree/bc7d599030cad2e69139b79ad5a878504fbf8ed9,https://github.com/go-gitea/gitea/tree/fe49cb0243bed03f565269d84836bf21a0597665,https://github.com/go-gitea/gitea/compare/bc7d599030cad2e69139b79ad5a878504fbf8ed9...fe49cb0243bed03f565269d84836bf21a0597665
1682,Gitea,9ac74a1a408136455a9e0586fb8e65163048597b,9bf821ae6c108379d22ae11d8d5784a4ed7ad647,31480,https://github.com/go-gitea/gitea/issues/31480,https://github.com/go-gitea/gitea/tree/9ac74a1a408136455a9e0586fb8e65163048597b,https://github.com/go-gitea/gitea/tree/9bf821ae6c108379d22ae11d8d5784a4ed7ad647,https://github.com/go-gitea/gitea/compare/9ac74a1a408136455a9e0586fb8e65163048597b...9bf821ae6c108379d22ae11d8d5784a4ed7ad647
1683,Gitea,407b6e6dfc7ee9ebb8a16c7f1a786e4c24d0516e,33850a83fe4ebd23a762a7aac81614c42e303bfa,32568,https://github.com/go-gitea/gitea/issues/32568,https://github.com/go-gitea/gitea/tree/407b6e6dfc7ee9ebb8a16c7f1a786e4c24d0516e,https://github.com/go-gitea/gitea/tree/33850a83fe4ebd23a762a7aac81614c42e303bfa,https://github.com/go-gitea/gitea/compare/407b6e6dfc7ee9ebb8a16c7f1a786e4c24d0516e...33850a83fe4ebd23a762a7aac81614c42e303bfa
1684,Gitea,5d57c287fb5ce2f5da82d75ed7837758701d5b1e,44909f6e2c8f94b3153cb5114078e4eebe65a4a8,32639,https://github.com/go-gitea/gitea/issues/32639,https://github.com/go-gitea/gitea/tree/5d57c287fb5ce2f5da82d75ed7837758701d5b1e,https://github.com/go-gitea/gitea/tree/44909f6e2c8f94b3153cb5114078e4eebe65a4a8,https://github.com/go-gitea/gitea/compare/5d57c287fb5ce2f5da82d75ed7837758701d5b1e...44909f6e2c8f94b3153cb5114078e4eebe65a4a8
1685,Gitea,1b296ed1a422b8f29ea0c0e887f6470b8895116c,00f8090de4b42305f6e717dc2cdb32c14b4a8fe2,27961,https://github.com/go-gitea/gitea/issues/27961,https://github.com/go-gitea/gitea/tree/1b296ed1a422b8f29ea0c0e887f6470b8895116c,https://github.com/go-gitea/gitea/tree/00f8090de4b42305f6e717dc2cdb32c14b4a8fe2,https://github.com/go-gitea/gitea/compare/1b296ed1a422b8f29ea0c0e887f6470b8895116c...00f8090de4b42305f6e717dc2cdb32c14b4a8fe2
1686,Gitea,703be6bf307ed19ce8dc8cd311d24aeb6e5b9861,25cacaf0aa56bece904c84638fbe126a826c1cd8,31144,https://github.com/go-gitea/gitea/issues/31144,https://github.com/go-gitea/gitea/tree/703be6bf307ed19ce8dc8cd311d24aeb6e5b9861,https://github.com/go-gitea/gitea/tree/25cacaf0aa56bece904c84638fbe126a826c1cd8,https://github.com/go-gitea/gitea/compare/703be6bf307ed19ce8dc8cd311d24aeb6e5b9861...25cacaf0aa56bece904c84638fbe126a826c1cd8
1687,Gitea,fa175c16949f09757ae85db6697cec327c44cba9,633785a5f3fe00789a6cba7cc0db1333de1e9c52,18592,https://github.com/go-gitea/gitea/issues/18592,https://github.com/go-gitea/gitea/tree/fa175c16949f09757ae85db6697cec327c44cba9,https://github.com/go-gitea/gitea/tree/633785a5f3fe00789a6cba7cc0db1333de1e9c52,https://github.com/go-gitea/gitea/compare/fa175c16949f09757ae85db6697cec327c44cba9...633785a5f3fe00789a6cba7cc0db1333de1e9c52
1688,Gitea,fa175c16949f09757ae85db6697cec327c44cba9,633785a5f3fe00789a6cba7cc0db1333de1e9c52,25632,https://github.com/go-gitea/gitea/issues/25632,https://github.com/go-gitea/gitea/tree/fa175c16949f09757ae85db6697cec327c44cba9,https://github.com/go-gitea/gitea/tree/633785a5f3fe00789a6cba7cc0db1333de1e9c52,https://github.com/go-gitea/gitea/compare/fa175c16949f09757ae85db6697cec327c44cba9...633785a5f3fe00789a6cba7cc0db1333de1e9c52
1689,Gitea,fa175c16949f09757ae85db6697cec327c44cba9,633785a5f3fe00789a6cba7cc0db1333de1e9c52,31411,https://github.com/go-gitea/gitea/issues/31411,https://github.com/go-gitea/gitea/tree/fa175c16949f09757ae85db6697cec327c44cba9,https://github.com/go-gitea/gitea/tree/633785a5f3fe00789a6cba7cc0db1333de1e9c52,https://github.com/go-gitea/gitea/compare/fa175c16949f09757ae85db6697cec327c44cba9...633785a5f3fe00789a6cba7cc0db1333de1e9c52
1690,Gitea,2abef971dc2d63606f7be4036c47209352a962d4,1bb1a51f477e5b17d36aebd4f8bcdc4bbfbb4f74,32684,https://github.com/go-gitea/gitea/issues/32684,https://github.com/go-gitea/gitea/tree/2abef971dc2d63606f7be4036c47209352a962d4,https://github.com/go-gitea/gitea/tree/1bb1a51f477e5b17d36aebd4f8bcdc4bbfbb4f74,https://github.com/go-gitea/gitea/compare/2abef971dc2d63606f7be4036c47209352a962d4...1bb1a51f477e5b17d36aebd4f8bcdc4bbfbb4f74
1691,Gitea,0f4b0cf8922ef1016fc8230fb0f9df883f03d1e0,87bb5ed0bcaeb52ccb97ccdd2fadc92663b6f41e,32595,https://github.com/go-gitea/gitea/issues/32595,https://github.com/go-gitea/gitea/tree/0f4b0cf8922ef1016fc8230fb0f9df883f03d1e0,https://github.com/go-gitea/gitea/tree/87bb5ed0bcaeb52ccb97ccdd2fadc92663b6f41e,https://github.com/go-gitea/gitea/compare/0f4b0cf8922ef1016fc8230fb0f9df883f03d1e0...87bb5ed0bcaeb52ccb97ccdd2fadc92663b6f41e
1692,Gitea,a1f56f83bff56f86180e59742efd3748908b82c1,93640993e3cca9d0e0261591ba38b84b0b99ab12,29100,https://github.com/go-gitea/gitea/issues/29100,https://github.com/go-gitea/gitea/tree/a1f56f83bff56f86180e59742efd3748908b82c1,https://github.com/go-gitea/gitea/tree/93640993e3cca9d0e0261591ba38b84b0b99ab12,https://github.com/go-gitea/gitea/compare/a1f56f83bff56f86180e59742efd3748908b82c1...93640993e3cca9d0e0261591ba38b84b0b99ab12
1693,Gitea,171edfc79373fe0e80e064748c0cec8cc93aea2e,2f43536c3eb6ba20e43521f5539df8372f225652,32700,https://github.com/go-gitea/gitea/issues/32700,https://github.com/go-gitea/gitea/tree/171edfc79373fe0e80e064748c0cec8cc93aea2e,https://github.com/go-gitea/gitea/tree/2f43536c3eb6ba20e43521f5539df8372f225652,https://github.com/go-gitea/gitea/compare/171edfc79373fe0e80e064748c0cec8cc93aea2e...2f43536c3eb6ba20e43521f5539df8372f225652
1694,Gitea,838653d1dfa0fbc6313b0bba682075baba385a5e,4142397b0bd97c72da2af99292340b7bc68c3f49,32702,https://github.com/go-gitea/gitea/issues/32702,https://github.com/go-gitea/gitea/tree/838653d1dfa0fbc6313b0bba682075baba385a5e,https://github.com/go-gitea/gitea/tree/4142397b0bd97c72da2af99292340b7bc68c3f49,https://github.com/go-gitea/gitea/compare/838653d1dfa0fbc6313b0bba682075baba385a5e...4142397b0bd97c72da2af99292340b7bc68c3f49
1695,Gitea,0c3c041c88afc66a5048c1d8cf1b29c8bbbb798f,c5422fae9a41b870257b8cbe148ff8e661b190a0,32709,https://github.com/go-gitea/gitea/issues/32709,https://github.com/go-gitea/gitea/tree/0c3c041c88afc66a5048c1d8cf1b29c8bbbb798f,https://github.com/go-gitea/gitea/tree/c5422fae9a41b870257b8cbe148ff8e661b190a0,https://github.com/go-gitea/gitea/compare/0c3c041c88afc66a5048c1d8cf1b29c8bbbb798f...c5422fae9a41b870257b8cbe148ff8e661b190a0
1696,Gitea,5cada75596a5b6867bc74b967294e4b6d1b5254a,ff14ada9655660af15d615b2fbd090b861686cd2,32716,https://github.com/go-gitea/gitea/issues/32716,https://github.com/go-gitea/gitea/tree/5cada75596a5b6867bc74b967294e4b6d1b5254a,https://github.com/go-gitea/gitea/tree/ff14ada9655660af15d615b2fbd090b861686cd2,https://github.com/go-gitea/gitea/compare/5cada75596a5b6867bc74b967294e4b6d1b5254a...ff14ada9655660af15d615b2fbd090b861686cd2
1697,Gitea,1518f4ed123ae5f4f094e7a335b1d1400949265d,ad994780af48e2aff27b0e7e496fd559dc0fe3fc,32724,https://github.com/go-gitea/gitea/issues/32724,https://github.com/go-gitea/gitea/tree/1518f4ed123ae5f4f094e7a335b1d1400949265d,https://github.com/go-gitea/gitea/tree/ad994780af48e2aff27b0e7e496fd559dc0fe3fc,https://github.com/go-gitea/gitea/compare/1518f4ed123ae5f4f094e7a335b1d1400949265d...ad994780af48e2aff27b0e7e496fd559dc0fe3fc
1698,Gitea,1bb1a51f477e5b17d36aebd4f8bcdc4bbfbb4f74,def13ece7c7994e014e34cdc2fc4887d1998f019,7633,https://github.com/go-gitea/gitea/issues/7633,https://github.com/go-gitea/gitea/tree/1bb1a51f477e5b17d36aebd4f8bcdc4bbfbb4f74,https://github.com/go-gitea/gitea/tree/def13ece7c7994e014e34cdc2fc4887d1998f019,https://github.com/go-gitea/gitea/compare/1bb1a51f477e5b17d36aebd4f8bcdc4bbfbb4f74...def13ece7c7994e014e34cdc2fc4887d1998f019
1699,Gitea,829c34129c4b3b1d9a2e4b519892868d7ade866a,136408307c6de7aac2ab5476f8cddf90f39355dc,32683,https://github.com/go-gitea/gitea/issues/32683,https://github.com/go-gitea/gitea/tree/829c34129c4b3b1d9a2e4b519892868d7ade866a,https://github.com/go-gitea/gitea/tree/136408307c6de7aac2ab5476f8cddf90f39355dc,https://github.com/go-gitea/gitea/compare/829c34129c4b3b1d9a2e4b519892868d7ade866a...136408307c6de7aac2ab5476f8cddf90f39355dc
1700,Gitea,79d593a9be48d8281ce9418906a540e1f98c2f7c,2abef971dc2d63606f7be4036c47209352a962d4,32667,https://github.com/go-gitea/gitea/issues/32667,https://github.com/go-gitea/gitea/tree/79d593a9be48d8281ce9418906a540e1f98c2f7c,https://github.com/go-gitea/gitea/tree/2abef971dc2d63606f7be4036c47209352a962d4,https://github.com/go-gitea/gitea/compare/79d593a9be48d8281ce9418906a540e1f98c2f7c...2abef971dc2d63606f7be4036c47209352a962d4
1701,Gitea,2d13eafd69b368bc75faa25d7ecfbda98a0792f8,5675efb3e015fb8d87d86d1b79de2200f7dfb9af,27466,https://github.com/go-gitea/gitea/issues/27466,https://github.com/go-gitea/gitea/tree/2d13eafd69b368bc75faa25d7ecfbda98a0792f8,https://github.com/go-gitea/gitea/tree/5675efb3e015fb8d87d86d1b79de2200f7dfb9af,https://github.com/go-gitea/gitea/compare/2d13eafd69b368bc75faa25d7ecfbda98a0792f8...5675efb3e015fb8d87d86d1b79de2200f7dfb9af
1702,Gitea,d061f6b70a65de50ff1a7577e4acceeb4f5cfd69,8f271c60366ece02f44649de5f8ba57388adb854,32774,https://github.com/go-gitea/gitea/issues/32774,https://github.com/go-gitea/gitea/tree/d061f6b70a65de50ff1a7577e4acceeb4f5cfd69,https://github.com/go-gitea/gitea/tree/8f271c60366ece02f44649de5f8ba57388adb854,https://github.com/go-gitea/gitea/compare/d061f6b70a65de50ff1a7577e4acceeb4f5cfd69...8f271c60366ece02f44649de5f8ba57388adb854
1703,Gitea,2ac6f2b129fd6d955ac0fdb4dcf46efd5163f3b3,fbe6d9dc6b9f04e8be219ad4b442df9e08c16b7b,31492,https://github.com/go-gitea/gitea/issues/31492,https://github.com/go-gitea/gitea/tree/2ac6f2b129fd6d955ac0fdb4dcf46efd5163f3b3,https://github.com/go-gitea/gitea/tree/fbe6d9dc6b9f04e8be219ad4b442df9e08c16b7b,https://github.com/go-gitea/gitea/compare/2ac6f2b129fd6d955ac0fdb4dcf46efd5163f3b3...fbe6d9dc6b9f04e8be219ad4b442df9e08c16b7b
1704,Gitea,1893b32670937e769a1f81001f5ad3122a737b9a,17f04114419bca0d20d2474cee61beb18e4caaa0,32797,https://github.com/go-gitea/gitea/issues/32797,https://github.com/go-gitea/gitea/tree/1893b32670937e769a1f81001f5ad3122a737b9a,https://github.com/go-gitea/gitea/tree/17f04114419bca0d20d2474cee61beb18e4caaa0,https://github.com/go-gitea/gitea/compare/1893b32670937e769a1f81001f5ad3122a737b9a...17f04114419bca0d20d2474cee61beb18e4caaa0
1705,Gitea,4814f43af778d636f1a920e4fa45d7b173ef4582,874b8484aa9f7e10172fd1a8a7c768e70b36c475,32782,https://github.com/go-gitea/gitea/issues/32782,https://github.com/go-gitea/gitea/tree/4814f43af778d636f1a920e4fa45d7b173ef4582,https://github.com/go-gitea/gitea/tree/874b8484aa9f7e10172fd1a8a7c768e70b36c475,https://github.com/go-gitea/gitea/compare/4814f43af778d636f1a920e4fa45d7b173ef4582...874b8484aa9f7e10172fd1a8a7c768e70b36c475
1706,Gitea,8f271c60366ece02f44649de5f8ba57388adb854,2ac6f2b129fd6d955ac0fdb4dcf46efd5163f3b3,32775,https://github.com/go-gitea/gitea/issues/32775,https://github.com/go-gitea/gitea/tree/8f271c60366ece02f44649de5f8ba57388adb854,https://github.com/go-gitea/gitea/tree/2ac6f2b129fd6d955ac0fdb4dcf46efd5163f3b3,https://github.com/go-gitea/gitea/compare/8f271c60366ece02f44649de5f8ba57388adb854...2ac6f2b129fd6d955ac0fdb4dcf46efd5163f3b3
1707,Gitea,0b8a8941a01ed4bf914843c88740ad6203550b85,30008fcfcfa84bf607baa493ffcebe7102363ba4,32731,https://github.com/go-gitea/gitea/issues/32731,https://github.com/go-gitea/gitea/tree/0b8a8941a01ed4bf914843c88740ad6203550b85,https://github.com/go-gitea/gitea/tree/30008fcfcfa84bf607baa493ffcebe7102363ba4,https://github.com/go-gitea/gitea/compare/0b8a8941a01ed4bf914843c88740ad6203550b85...30008fcfcfa84bf607baa493ffcebe7102363ba4
1708,Gitea,39a01016cd2eb1ced14737280845a6cb4925ba23,d43620e7bc3c54b56e36c601ee036b6213438b7c,32697,https://github.com/go-gitea/gitea/issues/32697,https://github.com/go-gitea/gitea/tree/39a01016cd2eb1ced14737280845a6cb4925ba23,https://github.com/go-gitea/gitea/tree/d43620e7bc3c54b56e36c601ee036b6213438b7c,https://github.com/go-gitea/gitea/compare/39a01016cd2eb1ced14737280845a6cb4925ba23...d43620e7bc3c54b56e36c601ee036b6213438b7c
1709,Gitea,32059158da93dc85eff4a0e9bacb474adf7a46a2,7616aeb2ea2a02c15480dcd4a232e98081569690,32611,https://github.com/go-gitea/gitea/issues/32611,https://github.com/go-gitea/gitea/tree/32059158da93dc85eff4a0e9bacb474adf7a46a2,https://github.com/go-gitea/gitea/tree/7616aeb2ea2a02c15480dcd4a232e98081569690,https://github.com/go-gitea/gitea/compare/32059158da93dc85eff4a0e9bacb474adf7a46a2...7616aeb2ea2a02c15480dcd4a232e98081569690
1710,Gitea,c9487a755b742fd2257f57cec1ead3f4c71174d7,6370d2fb93a5ee897b82969ca30a9feb33667714,32761,https://github.com/go-gitea/gitea/issues/32761,https://github.com/go-gitea/gitea/tree/c9487a755b742fd2257f57cec1ead3f4c71174d7,https://github.com/go-gitea/gitea/tree/6370d2fb93a5ee897b82969ca30a9feb33667714,https://github.com/go-gitea/gitea/compare/c9487a755b742fd2257f57cec1ead3f4c71174d7...6370d2fb93a5ee897b82969ca30a9feb33667714
1711,Gitea,a03fdd9566d62abd208af9ae30e58802a658e358,0b8a8941a01ed4bf914843c88740ad6203550b85,32803,https://github.com/go-gitea/gitea/issues/32803,https://github.com/go-gitea/gitea/tree/a03fdd9566d62abd208af9ae30e58802a658e358,https://github.com/go-gitea/gitea/tree/0b8a8941a01ed4bf914843c88740ad6203550b85,https://github.com/go-gitea/gitea/compare/a03fdd9566d62abd208af9ae30e58802a658e358...0b8a8941a01ed4bf914843c88740ad6203550b85
1712,Gitea,a66c16dc1bca44d480317c6319144d33949bc724,7269130d2878d51dcdf11f7081a591f85bd493e8,32795,https://github.com/go-gitea/gitea/issues/32795,https://github.com/go-gitea/gitea/tree/a66c16dc1bca44d480317c6319144d33949bc724,https://github.com/go-gitea/gitea/tree/7269130d2878d51dcdf11f7081a591f85bd493e8,https://github.com/go-gitea/gitea/compare/a66c16dc1bca44d480317c6319144d33949bc724...7269130d2878d51dcdf11f7081a591f85bd493e8
1713,Gitea,a09ea2f4833b20d5503f1d9e4227fede930cf140,daf2776db7dd47320aa66c5a75ed6bcfeb66ce01,32954,https://github.com/go-gitea/gitea/issues/32954,https://github.com/go-gitea/gitea/tree/a09ea2f4833b20d5503f1d9e4227fede930cf140,https://github.com/go-gitea/gitea/tree/daf2776db7dd47320aa66c5a75ed6bcfeb66ce01,https://github.com/go-gitea/gitea/compare/a09ea2f4833b20d5503f1d9e4227fede930cf140...daf2776db7dd47320aa66c5a75ed6bcfeb66ce01
1714,Gitea,276f43330cb86e2ce6bc5a902a43f02727e009e9,d28a4843b8de5d5e01ef3d7b2ad25f22853247ad,32857,https://github.com/go-gitea/gitea/issues/32857,https://github.com/go-gitea/gitea/tree/276f43330cb86e2ce6bc5a902a43f02727e009e9,https://github.com/go-gitea/gitea/tree/d28a4843b8de5d5e01ef3d7b2ad25f22853247ad,https://github.com/go-gitea/gitea/compare/276f43330cb86e2ce6bc5a902a43f02727e009e9...d28a4843b8de5d5e01ef3d7b2ad25f22853247ad
1715,Gitea,35c86af1646dfde237eb6cfc1a232fd948a3b3c4,afe314fa772ccfa4bef51bafc91164844585dd01,32948,https://github.com/go-gitea/gitea/issues/32948,https://github.com/go-gitea/gitea/tree/35c86af1646dfde237eb6cfc1a232fd948a3b3c4,https://github.com/go-gitea/gitea/tree/afe314fa772ccfa4bef51bafc91164844585dd01,https://github.com/go-gitea/gitea/compare/35c86af1646dfde237eb6cfc1a232fd948a3b3c4...afe314fa772ccfa4bef51bafc91164844585dd01
1716,Gitea,6279646ee43db57242afd3cabfd6e5da71fa598b,fb75151fb14e866cab8d893c588f5673902b278b,32428,https://github.com/go-gitea/gitea/issues/32428,https://github.com/go-gitea/gitea/tree/6279646ee43db57242afd3cabfd6e5da71fa598b,https://github.com/go-gitea/gitea/tree/fb75151fb14e866cab8d893c588f5673902b278b,https://github.com/go-gitea/gitea/compare/6279646ee43db57242afd3cabfd6e5da71fa598b...fb75151fb14e866cab8d893c588f5673902b278b
1717,Gitea,c0e80dbe26c77453dfdc33979c9f69eb6eba18c4,143946834a5c157aa3b195b2879aa7836084d79f,32936,https://github.com/go-gitea/gitea/issues/32936,https://github.com/go-gitea/gitea/tree/c0e80dbe26c77453dfdc33979c9f69eb6eba18c4,https://github.com/go-gitea/gitea/tree/143946834a5c157aa3b195b2879aa7836084d79f,https://github.com/go-gitea/gitea/compare/c0e80dbe26c77453dfdc33979c9f69eb6eba18c4...143946834a5c157aa3b195b2879aa7836084d79f
1718,Gitea,5ec8df02f64aac05b99e9133d2a831fbc07b379d,dc8f59baa54d4f47edab6feb76a6903947584326,32897,https://github.com/go-gitea/gitea/issues/32897,https://github.com/go-gitea/gitea/tree/5ec8df02f64aac05b99e9133d2a831fbc07b379d,https://github.com/go-gitea/gitea/tree/dc8f59baa54d4f47edab6feb76a6903947584326,https://github.com/go-gitea/gitea/compare/5ec8df02f64aac05b99e9133d2a831fbc07b379d...dc8f59baa54d4f47edab6feb76a6903947584326
1719,Gitea,1a7591d7f9feada9556627344ed2189315c23033,f44712f22bc7bfce049c64c27f60453ff1e41a5c,32887,https://github.com/go-gitea/gitea/issues/32887,https://github.com/go-gitea/gitea/tree/1a7591d7f9feada9556627344ed2189315c23033,https://github.com/go-gitea/gitea/tree/f44712f22bc7bfce049c64c27f60453ff1e41a5c,https://github.com/go-gitea/gitea/compare/1a7591d7f9feada9556627344ed2189315c23033...f44712f22bc7bfce049c64c27f60453ff1e41a5c
1720,Gitea,5feb1a6bff6b6931ebe197258032557f55e32c6c,594edad213c2963edfdb6582663a9396ad43a9c0,31780,https://github.com/go-gitea/gitea/issues/31780,https://github.com/go-gitea/gitea/tree/5feb1a6bff6b6931ebe197258032557f55e32c6c,https://github.com/go-gitea/gitea/tree/594edad213c2963edfdb6582663a9396ad43a9c0,https://github.com/go-gitea/gitea/compare/5feb1a6bff6b6931ebe197258032557f55e32c6c...594edad213c2963edfdb6582663a9396ad43a9c0
1721,Gitea,7bb7ba1b5b70eb9ad984eaeeabecc1dcc2a26eb9,44b4fb21a4e99f327303f66cc7e48f7ca7ba09e1,32891,https://github.com/go-gitea/gitea/issues/32891,https://github.com/go-gitea/gitea/tree/7bb7ba1b5b70eb9ad984eaeeabecc1dcc2a26eb9,https://github.com/go-gitea/gitea/tree/44b4fb21a4e99f327303f66cc7e48f7ca7ba09e1,https://github.com/go-gitea/gitea/compare/7bb7ba1b5b70eb9ad984eaeeabecc1dcc2a26eb9...44b4fb21a4e99f327303f66cc7e48f7ca7ba09e1
1722,Gitea,a7b2707be9bd9845e965efbd85a4f38907bf3b5c,ea198f9ea8ec14760aecca3bb70ef24234a7439d,32982,https://github.com/go-gitea/gitea/issues/32982,https://github.com/go-gitea/gitea/tree/a7b2707be9bd9845e965efbd85a4f38907bf3b5c,https://github.com/go-gitea/gitea/tree/ea198f9ea8ec14760aecca3bb70ef24234a7439d,https://github.com/go-gitea/gitea/compare/a7b2707be9bd9845e965efbd85a4f38907bf3b5c...ea198f9ea8ec14760aecca3bb70ef24234a7439d
1723,Gitea,3c00e891296caf3ec246e3e9b4800e011b6945c1,2d1a171dc7c4a350b40e0f64e0314e944dcc1472,32807,https://github.com/go-gitea/gitea/issues/32807,https://github.com/go-gitea/gitea/tree/3c00e891296caf3ec246e3e9b4800e011b6945c1,https://github.com/go-gitea/gitea/tree/2d1a171dc7c4a350b40e0f64e0314e944dcc1472,https://github.com/go-gitea/gitea/compare/3c00e891296caf3ec246e3e9b4800e011b6945c1...2d1a171dc7c4a350b40e0f64e0314e944dcc1472
1724,Gitea,dafadf0028e163ed6ad050ba54f12525a161fa2b,1e2c8eb494ff5b8378653db5fed876d824ebca6f,25898,https://github.com/go-gitea/gitea/issues/25898,https://github.com/go-gitea/gitea/tree/dafadf0028e163ed6ad050ba54f12525a161fa2b,https://github.com/go-gitea/gitea/tree/1e2c8eb494ff5b8378653db5fed876d824ebca6f,https://github.com/go-gitea/gitea/compare/dafadf0028e163ed6ad050ba54f12525a161fa2b...1e2c8eb494ff5b8378653db5fed876d824ebca6f
1725,Gitea,ca31d478ee84df98d64521ba42e47ca2d61c5f77,973363fec3e9cde18d2e65970d4b6c33f6e794b5,30568,https://github.com/go-gitea/gitea/issues/30568,https://github.com/go-gitea/gitea/tree/ca31d478ee84df98d64521ba42e47ca2d61c5f77,https://github.com/go-gitea/gitea/tree/973363fec3e9cde18d2e65970d4b6c33f6e794b5,https://github.com/go-gitea/gitea/compare/ca31d478ee84df98d64521ba42e47ca2d61c5f77...973363fec3e9cde18d2e65970d4b6c33f6e794b5
1726,Gitea,54bd2205203c26fb55eacc3a987c5dff7f96aa61,e5c576e92b0fb10077fc3c0c21a101e2e47881f9,33036,https://github.com/go-gitea/gitea/issues/33036,https://github.com/go-gitea/gitea/tree/54bd2205203c26fb55eacc3a987c5dff7f96aa61,https://github.com/go-gitea/gitea/tree/e5c576e92b0fb10077fc3c0c21a101e2e47881f9,https://github.com/go-gitea/gitea/compare/54bd2205203c26fb55eacc3a987c5dff7f96aa61...e5c576e92b0fb10077fc3c0c21a101e2e47881f9
1727,Gitea,a96776b3cbaf69a812677d3b49b41ab3eb8ac860,1dbf0d7f0822c10b379a21c192c2d63e34fd52f9,27918,https://github.com/go-gitea/gitea/issues/27918,https://github.com/go-gitea/gitea/tree/a96776b3cbaf69a812677d3b49b41ab3eb8ac860,https://github.com/go-gitea/gitea/tree/1dbf0d7f0822c10b379a21c192c2d63e34fd52f9,https://github.com/go-gitea/gitea/compare/a96776b3cbaf69a812677d3b49b41ab3eb8ac860...1dbf0d7f0822c10b379a21c192c2d63e34fd52f9
1728,Gitea,232867cff6d24e70892e55d3205ebdad0c6bf3d5,344c89ea34bda1ac7382f8cba210ee325e07597e,32448,https://github.com/go-gitea/gitea/issues/32448,https://github.com/go-gitea/gitea/tree/232867cff6d24e70892e55d3205ebdad0c6bf3d5,https://github.com/go-gitea/gitea/tree/344c89ea34bda1ac7382f8cba210ee325e07597e,https://github.com/go-gitea/gitea/compare/232867cff6d24e70892e55d3205ebdad0c6bf3d5...344c89ea34bda1ac7382f8cba210ee325e07597e
1729,Gitea,fe32ffe1819038f7edadd749b7c1ef84667d1c81,a87168869a4ceffb2a3d84986640da357b0793cf,31980,https://github.com/go-gitea/gitea/issues/31980,https://github.com/go-gitea/gitea/tree/fe32ffe1819038f7edadd749b7c1ef84667d1c81,https://github.com/go-gitea/gitea/tree/a87168869a4ceffb2a3d84986640da357b0793cf,https://github.com/go-gitea/gitea/compare/fe32ffe1819038f7edadd749b7c1ef84667d1c81...a87168869a4ceffb2a3d84986640da357b0793cf
1730,Gitea,a0853e2278642b597fd4164f8cf17108b610f220,20c7fba60157067252af49da41b6f8929a5ae31a,32992,https://github.com/go-gitea/gitea/issues/32992,https://github.com/go-gitea/gitea/tree/a0853e2278642b597fd4164f8cf17108b610f220,https://github.com/go-gitea/gitea/tree/20c7fba60157067252af49da41b6f8929a5ae31a,https://github.com/go-gitea/gitea/compare/a0853e2278642b597fd4164f8cf17108b610f220...20c7fba60157067252af49da41b6f8929a5ae31a
1731,Gitea,4a254856b34c4084b8cccb6b6669d2355cb46376,c09656e0e0384b15405f909a0e7d7e94a373448e,33026,https://github.com/go-gitea/gitea/issues/33026,https://github.com/go-gitea/gitea/tree/4a254856b34c4084b8cccb6b6669d2355cb46376,https://github.com/go-gitea/gitea/tree/c09656e0e0384b15405f909a0e7d7e94a373448e,https://github.com/go-gitea/gitea/compare/4a254856b34c4084b8cccb6b6669d2355cb46376...c09656e0e0384b15405f909a0e7d7e94a373448e
1732,Gitea,2b064b8637dee3904e882baada99221204f4f874,3d544a3ad35f221d48591757ae3beaab0820e4ff,33092,https://github.com/go-gitea/gitea/issues/33092,https://github.com/go-gitea/gitea/tree/2b064b8637dee3904e882baada99221204f4f874,https://github.com/go-gitea/gitea/tree/3d544a3ad35f221d48591757ae3beaab0820e4ff,https://github.com/go-gitea/gitea/compare/2b064b8637dee3904e882baada99221204f4f874...3d544a3ad35f221d48591757ae3beaab0820e4ff
1733,Gitea,45973a100ba2a70c9035076eb88be37177918138,9ac536a904b1ca8362d7fd59fc204662ff52139e,33083,https://github.com/go-gitea/gitea/issues/33083,https://github.com/go-gitea/gitea/tree/45973a100ba2a70c9035076eb88be37177918138,https://github.com/go-gitea/gitea/tree/9ac536a904b1ca8362d7fd59fc204662ff52139e,https://github.com/go-gitea/gitea/compare/45973a100ba2a70c9035076eb88be37177918138...9ac536a904b1ca8362d7fd59fc204662ff52139e
1734,Gitea,80e4f4c4eb80dbbcd4c306ac05bfcf75a005d742,1a95d9d6a1e3a02136ce42864776db30e1062e35,33119,https://github.com/go-gitea/gitea/issues/33119,https://github.com/go-gitea/gitea/tree/80e4f4c4eb80dbbcd4c306ac05bfcf75a005d742,https://github.com/go-gitea/gitea/tree/1a95d9d6a1e3a02136ce42864776db30e1062e35,https://github.com/go-gitea/gitea/compare/80e4f4c4eb80dbbcd4c306ac05bfcf75a005d742...1a95d9d6a1e3a02136ce42864776db30e1062e35
1735,Gitea,58c092cfead130f775df6b430d459208c6ce5977,a0853e2278642b597fd4164f8cf17108b610f220,33060,https://github.com/go-gitea/gitea/issues/33060,https://github.com/go-gitea/gitea/tree/58c092cfead130f775df6b430d459208c6ce5977,https://github.com/go-gitea/gitea/tree/a0853e2278642b597fd4164f8cf17108b610f220,https://github.com/go-gitea/gitea/compare/58c092cfead130f775df6b430d459208c6ce5977...a0853e2278642b597fd4164f8cf17108b610f220
1736,Gitea,c1167709ed1cba035d8c0809a6da6d5d1c8638e5,233b7959e0518c47ef83c6a80c617546983433eb,33039,https://github.com/go-gitea/gitea/issues/33039,https://github.com/go-gitea/gitea/tree/c1167709ed1cba035d8c0809a6da6d5d1c8638e5,https://github.com/go-gitea/gitea/tree/233b7959e0518c47ef83c6a80c617546983433eb,https://github.com/go-gitea/gitea/compare/c1167709ed1cba035d8c0809a6da6d5d1c8638e5...233b7959e0518c47ef83c6a80c617546983433eb
1737,Gitea,3078826d0111e818dc765d94c650f4cb5b3ecce7,42377360296b7c810b284472ba6743bf684186fb,33073,https://github.com/go-gitea/gitea/issues/33073,https://github.com/go-gitea/gitea/tree/3078826d0111e818dc765d94c650f4cb5b3ecce7,https://github.com/go-gitea/gitea/tree/42377360296b7c810b284472ba6743bf684186fb,https://github.com/go-gitea/gitea/compare/3078826d0111e818dc765d94c650f4cb5b3ecce7...42377360296b7c810b284472ba6743bf684186fb
1738,Gitea,3078826d0111e818dc765d94c650f4cb5b3ecce7,42377360296b7c810b284472ba6743bf684186fb,33099,https://github.com/go-gitea/gitea/issues/33099,https://github.com/go-gitea/gitea/tree/3078826d0111e818dc765d94c650f4cb5b3ecce7,https://github.com/go-gitea/gitea/tree/42377360296b7c810b284472ba6743bf684186fb,https://github.com/go-gitea/gitea/compare/3078826d0111e818dc765d94c650f4cb5b3ecce7...42377360296b7c810b284472ba6743bf684186fb
1739,Gitea,124079871b4350eb1d2e6f9c12267b97be1ae5f8,9c00e065a117921196f0e0695ceba59546a467b2,33150,https://github.com/go-gitea/gitea/issues/33150,https://github.com/go-gitea/gitea/tree/124079871b4350eb1d2e6f9c12267b97be1ae5f8,https://github.com/go-gitea/gitea/tree/9c00e065a117921196f0e0695ceba59546a467b2,https://github.com/go-gitea/gitea/compare/124079871b4350eb1d2e6f9c12267b97be1ae5f8...9c00e065a117921196f0e0695ceba59546a467b2
1740,Gitea,68ca73b7169ef4d70ffc9dc6660581da3033e5f7,a5043af8ea084505453300ce77eab808e10f3c6b,33170,https://github.com/go-gitea/gitea/issues/33170,https://github.com/go-gitea/gitea/tree/68ca73b7169ef4d70ffc9dc6660581da3033e5f7,https://github.com/go-gitea/gitea/tree/a5043af8ea084505453300ce77eab808e10f3c6b,https://github.com/go-gitea/gitea/compare/68ca73b7169ef4d70ffc9dc6660581da3033e5f7...a5043af8ea084505453300ce77eab808e10f3c6b
1741,Gitea,9882917bce9d582c9c1ed202d554e4a6d61ed5e4,45973a100ba2a70c9035076eb88be37177918138,31565,https://github.com/go-gitea/gitea/issues/31565,https://github.com/go-gitea/gitea/tree/9882917bce9d582c9c1ed202d554e4a6d61ed5e4,https://github.com/go-gitea/gitea/tree/45973a100ba2a70c9035076eb88be37177918138,https://github.com/go-gitea/gitea/compare/9882917bce9d582c9c1ed202d554e4a6d61ed5e4...45973a100ba2a70c9035076eb88be37177918138
1742,Gitea,67aeb1f8961194a6f84ce1cca0cbb55d100a8cd2,386c1ed908dd7291a19fa0185d325f7810ca0b57,33139,https://github.com/go-gitea/gitea/issues/33139,https://github.com/go-gitea/gitea/tree/67aeb1f8961194a6f84ce1cca0cbb55d100a8cd2,https://github.com/go-gitea/gitea/tree/386c1ed908dd7291a19fa0185d325f7810ca0b57,https://github.com/go-gitea/gitea/compare/67aeb1f8961194a6f84ce1cca0cbb55d100a8cd2...386c1ed908dd7291a19fa0185d325f7810ca0b57
1743,Gitea,67aeb1f8961194a6f84ce1cca0cbb55d100a8cd2,386c1ed908dd7291a19fa0185d325f7810ca0b57,33141,https://github.com/go-gitea/gitea/issues/33141,https://github.com/go-gitea/gitea/tree/67aeb1f8961194a6f84ce1cca0cbb55d100a8cd2,https://github.com/go-gitea/gitea/tree/386c1ed908dd7291a19fa0185d325f7810ca0b57,https://github.com/go-gitea/gitea/compare/67aeb1f8961194a6f84ce1cca0cbb55d100a8cd2...386c1ed908dd7291a19fa0185d325f7810ca0b57
1744,Gitea,34dfc25b8311117ae83f1c070ce4a6114ffe2843,0d7d2ed39d0c0435cdc6403ee7764850154dca5a,32889,https://github.com/go-gitea/gitea/issues/32889,https://github.com/go-gitea/gitea/tree/34dfc25b8311117ae83f1c070ce4a6114ffe2843,https://github.com/go-gitea/gitea/tree/0d7d2ed39d0c0435cdc6403ee7764850154dca5a,https://github.com/go-gitea/gitea/compare/34dfc25b8311117ae83f1c070ce4a6114ffe2843...0d7d2ed39d0c0435cdc6403ee7764850154dca5a
1745,Gitea,65aae0912a64ce1f31852a9442a6d6c2d78ca3c7,189e7409b7340fcd27a86df1925c9270768065c1,33163,https://github.com/go-gitea/gitea/issues/33163,https://github.com/go-gitea/gitea/tree/65aae0912a64ce1f31852a9442a6d6c2d78ca3c7,https://github.com/go-gitea/gitea/tree/189e7409b7340fcd27a86df1925c9270768065c1,https://github.com/go-gitea/gitea/compare/65aae0912a64ce1f31852a9442a6d6c2d78ca3c7...189e7409b7340fcd27a86df1925c9270768065c1
1746,Gitea,189e7409b7340fcd27a86df1925c9270768065c1,e5f3c16587483daa18fa1db8bbc111452d9b864a,33145,https://github.com/go-gitea/gitea/issues/33145,https://github.com/go-gitea/gitea/tree/189e7409b7340fcd27a86df1925c9270768065c1,https://github.com/go-gitea/gitea/tree/e5f3c16587483daa18fa1db8bbc111452d9b864a,https://github.com/go-gitea/gitea/compare/189e7409b7340fcd27a86df1925c9270768065c1...e5f3c16587483daa18fa1db8bbc111452d9b864a
1747,Gitea,39d51e7c82d6c37956c32844b3031b9a00cfbc77,5b31077b68d2428ec96522d639c09ad944eaa4f7,33177,https://github.com/go-gitea/gitea/issues/33177,https://github.com/go-gitea/gitea/tree/39d51e7c82d6c37956c32844b3031b9a00cfbc77,https://github.com/go-gitea/gitea/tree/5b31077b68d2428ec96522d639c09ad944eaa4f7,https://github.com/go-gitea/gitea/compare/39d51e7c82d6c37956c32844b3031b9a00cfbc77...5b31077b68d2428ec96522d639c09ad944eaa4f7
1748,Gitea,d3083d21981f9445cf7570956a1fdedfc8578b56,d7ec23febf7c97de9d626797997a5a91ad5c3da8,33184,https://github.com/go-gitea/gitea/issues/33184,https://github.com/go-gitea/gitea/tree/d3083d21981f9445cf7570956a1fdedfc8578b56,https://github.com/go-gitea/gitea/tree/d7ec23febf7c97de9d626797997a5a91ad5c3da8,https://github.com/go-gitea/gitea/compare/d3083d21981f9445cf7570956a1fdedfc8578b56...d7ec23febf7c97de9d626797997a5a91ad5c3da8
1749,Gitea,8f8ad8e27286654fad783039b8a3b69ca5cf7d89,65aae0912a64ce1f31852a9442a6d6c2d78ca3c7,33164,https://github.com/go-gitea/gitea/issues/33164,https://github.com/go-gitea/gitea/tree/8f8ad8e27286654fad783039b8a3b69ca5cf7d89,https://github.com/go-gitea/gitea/tree/65aae0912a64ce1f31852a9442a6d6c2d78ca3c7,https://github.com/go-gitea/gitea/compare/8f8ad8e27286654fad783039b8a3b69ca5cf7d89...65aae0912a64ce1f31852a9442a6d6c2d78ca3c7
1750,Gitea,be4e961240883778c44d9651eaaf9ab8723bbbb0,c0751ef116642a8074b2d8f124f18b24c89447cc,33228,https://github.com/go-gitea/gitea/issues/33228,https://github.com/go-gitea/gitea/tree/be4e961240883778c44d9651eaaf9ab8723bbbb0,https://github.com/go-gitea/gitea/tree/c0751ef116642a8074b2d8f124f18b24c89447cc,https://github.com/go-gitea/gitea/compare/be4e961240883778c44d9651eaaf9ab8723bbbb0...c0751ef116642a8074b2d8f124f18b24c89447cc
1751,Gitea,9024b7993334d7ea16d184138b38c7f29b092439,be4e961240883778c44d9651eaaf9ab8723bbbb0,33200,https://github.com/go-gitea/gitea/issues/33200,https://github.com/go-gitea/gitea/tree/9024b7993334d7ea16d184138b38c7f29b092439,https://github.com/go-gitea/gitea/tree/be4e961240883778c44d9651eaaf9ab8723bbbb0,https://github.com/go-gitea/gitea/compare/9024b7993334d7ea16d184138b38c7f29b092439...be4e961240883778c44d9651eaaf9ab8723bbbb0
1752,Gitea,2298ff2152e5f678b4567af950527d59d17c7e68,39d51e7c82d6c37956c32844b3031b9a00cfbc77,32341,https://github.com/go-gitea/gitea/issues/32341,https://github.com/go-gitea/gitea/tree/2298ff2152e5f678b4567af950527d59d17c7e68,https://github.com/go-gitea/gitea/tree/39d51e7c82d6c37956c32844b3031b9a00cfbc77,https://github.com/go-gitea/gitea/compare/2298ff2152e5f678b4567af950527d59d17c7e68...39d51e7c82d6c37956c32844b3031b9a00cfbc77
1753,Gitea,a98a836e76ce8c95a16c9e26065fd05384b67ce8,4672ddcdd7a9a1d27ebd4f22be0a911ccd3cb2c5,33222,https://github.com/go-gitea/gitea/issues/33222,https://github.com/go-gitea/gitea/tree/a98a836e76ce8c95a16c9e26065fd05384b67ce8,https://github.com/go-gitea/gitea/tree/4672ddcdd7a9a1d27ebd4f22be0a911ccd3cb2c5,https://github.com/go-gitea/gitea/compare/a98a836e76ce8c95a16c9e26065fd05384b67ce8...4672ddcdd7a9a1d27ebd4f22be0a911ccd3cb2c5
1754,Gitea,ab347fd0f7f13b661b5728b4f47e76bc10c2204b,cfc6e21f0680804747b4dee8af50bb12703a223d,33297,https://github.com/go-gitea/gitea/issues/33297,https://github.com/go-gitea/gitea/tree/ab347fd0f7f13b661b5728b4f47e76bc10c2204b,https://github.com/go-gitea/gitea/tree/cfc6e21f0680804747b4dee8af50bb12703a223d,https://github.com/go-gitea/gitea/compare/ab347fd0f7f13b661b5728b4f47e76bc10c2204b...cfc6e21f0680804747b4dee8af50bb12703a223d
1755,Gitea,d0962ce3da424f0a1df2acf595b20066d6e55128,6659a381ea19acfc18eb5660bd6223a1e19147e4,33283,https://github.com/go-gitea/gitea/issues/33283,https://github.com/go-gitea/gitea/tree/d0962ce3da424f0a1df2acf595b20066d6e55128,https://github.com/go-gitea/gitea/tree/6659a381ea19acfc18eb5660bd6223a1e19147e4,https://github.com/go-gitea/gitea/compare/d0962ce3da424f0a1df2acf595b20066d6e55128...6659a381ea19acfc18eb5660bd6223a1e19147e4
1756,Gitea,6073e2f1bbf83d6f92b1ff696f75d7c8a4520ac8,39de2955fdfa6ae8b5a25242e9afc8c3b4ddd10f,33271,https://github.com/go-gitea/gitea/issues/33271,https://github.com/go-gitea/gitea/tree/6073e2f1bbf83d6f92b1ff696f75d7c8a4520ac8,https://github.com/go-gitea/gitea/tree/39de2955fdfa6ae8b5a25242e9afc8c3b4ddd10f,https://github.com/go-gitea/gitea/compare/6073e2f1bbf83d6f92b1ff696f75d7c8a4520ac8...39de2955fdfa6ae8b5a25242e9afc8c3b4ddd10f
1757,Gitea,1342d48433b1e277c9be08cbd8298b58590f6996,55e0756c68057eedfdb2f6ce7e9d8f9a5b228150,32769,https://github.com/go-gitea/gitea/issues/32769,https://github.com/go-gitea/gitea/tree/1342d48433b1e277c9be08cbd8298b58590f6996,https://github.com/go-gitea/gitea/tree/55e0756c68057eedfdb2f6ce7e9d8f9a5b228150,https://github.com/go-gitea/gitea/compare/1342d48433b1e277c9be08cbd8298b58590f6996...55e0756c68057eedfdb2f6ce7e9d8f9a5b228150
1758,Gitea,ecd463c2f14a8bc1f0eb91d809bf504c99ebf183,a98a836e76ce8c95a16c9e26065fd05384b67ce8,8649,https://github.com/go-gitea/gitea/issues/8649,https://github.com/go-gitea/gitea/tree/ecd463c2f14a8bc1f0eb91d809bf504c99ebf183,https://github.com/go-gitea/gitea/tree/a98a836e76ce8c95a16c9e26065fd05384b67ce8,https://github.com/go-gitea/gitea/compare/ecd463c2f14a8bc1f0eb91d809bf504c99ebf183...a98a836e76ce8c95a16c9e26065fd05384b67ce8
1759,Gitea,ecd463c2f14a8bc1f0eb91d809bf504c99ebf183,a98a836e76ce8c95a16c9e26065fd05384b67ce8,639,https://github.com/go-gitea/gitea/issues/639,https://github.com/go-gitea/gitea/tree/ecd463c2f14a8bc1f0eb91d809bf504c99ebf183,https://github.com/go-gitea/gitea/tree/a98a836e76ce8c95a16c9e26065fd05384b67ce8,https://github.com/go-gitea/gitea/compare/ecd463c2f14a8bc1f0eb91d809bf504c99ebf183...a98a836e76ce8c95a16c9e26065fd05384b67ce8
1760,Gitea,6410c34b7f6b7ee5daf27b057b197e63fdeb9be6,5eff19a77a0e047d9712717ab4b4707eaceca642,33266,https://github.com/go-gitea/gitea/issues/33266,https://github.com/go-gitea/gitea/tree/6410c34b7f6b7ee5daf27b057b197e63fdeb9be6,https://github.com/go-gitea/gitea/tree/5eff19a77a0e047d9712717ab4b4707eaceca642,https://github.com/go-gitea/gitea/compare/6410c34b7f6b7ee5daf27b057b197e63fdeb9be6...5eff19a77a0e047d9712717ab4b4707eaceca642
1761,Gitea,2cc65e356e02ef4ce11364949c2c5bec742d629b,e663c4a7f0905bf97e4bc6c081102054635fc9c6,33388,https://github.com/go-gitea/gitea/issues/33388,https://github.com/go-gitea/gitea/tree/2cc65e356e02ef4ce11364949c2c5bec742d629b,https://github.com/go-gitea/gitea/tree/e663c4a7f0905bf97e4bc6c081102054635fc9c6,https://github.com/go-gitea/gitea/compare/2cc65e356e02ef4ce11364949c2c5bec742d629b...e663c4a7f0905bf97e4bc6c081102054635fc9c6
1762,Gitea,2e42e96ce220b7f3cd9af6d82081d56e64286090,46d1e91aedf4899ddae13b19300db9fa89b887e1,33336,https://github.com/go-gitea/gitea/issues/33336,https://github.com/go-gitea/gitea/tree/2e42e96ce220b7f3cd9af6d82081d56e64286090,https://github.com/go-gitea/gitea/tree/46d1e91aedf4899ddae13b19300db9fa89b887e1,https://github.com/go-gitea/gitea/compare/2e42e96ce220b7f3cd9af6d82081d56e64286090...46d1e91aedf4899ddae13b19300db9fa89b887e1
1763,Gitea,7da8a01d3967cf94190d8ec88dfeac834ab1f80d,6a516a0d14907d3bee390696f31bea3cd8a83418,33385,https://github.com/go-gitea/gitea/issues/33385,https://github.com/go-gitea/gitea/tree/7da8a01d3967cf94190d8ec88dfeac834ab1f80d,https://github.com/go-gitea/gitea/tree/6a516a0d14907d3bee390696f31bea3cd8a83418,https://github.com/go-gitea/gitea/compare/7da8a01d3967cf94190d8ec88dfeac834ab1f80d...6a516a0d14907d3bee390696f31bea3cd8a83418
1764,Gitea,fae69bc6d4cbe3c93db9d33dc25e52f0ef267ddb,517a367abea52fc96a1a8002c87bc20b8528dcd3,33400,https://github.com/go-gitea/gitea/issues/33400,https://github.com/go-gitea/gitea/tree/fae69bc6d4cbe3c93db9d33dc25e52f0ef267ddb,https://github.com/go-gitea/gitea/tree/517a367abea52fc96a1a8002c87bc20b8528dcd3,https://github.com/go-gitea/gitea/compare/fae69bc6d4cbe3c93db9d33dc25e52f0ef267ddb...517a367abea52fc96a1a8002c87bc20b8528dcd3
1765,Gitea,26b51aa0328e90032283d3d707508ab3824ad9ed,c79adf00b830ea206d1c46ce298c86802c5404d9,32458,https://github.com/go-gitea/gitea/issues/32458,https://github.com/go-gitea/gitea/tree/26b51aa0328e90032283d3d707508ab3824ad9ed,https://github.com/go-gitea/gitea/tree/c79adf00b830ea206d1c46ce298c86802c5404d9,https://github.com/go-gitea/gitea/compare/26b51aa0328e90032283d3d707508ab3824ad9ed...c79adf00b830ea206d1c46ce298c86802c5404d9
1766,Gitea,f24d73ab5fb8112f40e9f17c80c40822369ba55d,b57d9f41d4936382a985b41b4a74df463abd983a,33444,https://github.com/go-gitea/gitea/issues/33444,https://github.com/go-gitea/gitea/tree/f24d73ab5fb8112f40e9f17c80c40822369ba55d,https://github.com/go-gitea/gitea/tree/b57d9f41d4936382a985b41b4a74df463abd983a,https://github.com/go-gitea/gitea/compare/f24d73ab5fb8112f40e9f17c80c40822369ba55d...b57d9f41d4936382a985b41b4a74df463abd983a
1767,Gitea,6ca91f555ab9778310ac46cbbe33849c59286793,dcd3014567f2b8be3fca01c20c2b3eabdc8f519e,33291,https://github.com/go-gitea/gitea/issues/33291,https://github.com/go-gitea/gitea/tree/6ca91f555ab9778310ac46cbbe33849c59286793,https://github.com/go-gitea/gitea/tree/dcd3014567f2b8be3fca01c20c2b3eabdc8f519e,https://github.com/go-gitea/gitea/compare/6ca91f555ab9778310ac46cbbe33849c59286793...dcd3014567f2b8be3fca01c20c2b3eabdc8f519e
1768,Gitea,8f433132e1a08ebb85e216db7d788ab795baadf5,a9577e0808d8432f58a24901eb87ffc88bdc4182,33265,https://github.com/go-gitea/gitea/issues/33265,https://github.com/go-gitea/gitea/tree/8f433132e1a08ebb85e216db7d788ab795baadf5,https://github.com/go-gitea/gitea/tree/a9577e0808d8432f58a24901eb87ffc88bdc4182,https://github.com/go-gitea/gitea/compare/8f433132e1a08ebb85e216db7d788ab795baadf5...a9577e0808d8432f58a24901eb87ffc88bdc4182
1769,Gitea,8f433132e1a08ebb85e216db7d788ab795baadf5,a9577e0808d8432f58a24901eb87ffc88bdc4182,33370,https://github.com/go-gitea/gitea/issues/33370,https://github.com/go-gitea/gitea/tree/8f433132e1a08ebb85e216db7d788ab795baadf5,https://github.com/go-gitea/gitea/tree/a9577e0808d8432f58a24901eb87ffc88bdc4182,https://github.com/go-gitea/gitea/compare/8f433132e1a08ebb85e216db7d788ab795baadf5...a9577e0808d8432f58a24901eb87ffc88bdc4182
1770,Gitea,05e9063013b91a7e78ab5f2b97dc7f65ee687436,4f3cc26b4e8dfffedd523bc18a93a04aaf458337,33453,https://github.com/go-gitea/gitea/issues/33453,https://github.com/go-gitea/gitea/tree/05e9063013b91a7e78ab5f2b97dc7f65ee687436,https://github.com/go-gitea/gitea/tree/4f3cc26b4e8dfffedd523bc18a93a04aaf458337,https://github.com/go-gitea/gitea/compare/05e9063013b91a7e78ab5f2b97dc7f65ee687436...4f3cc26b4e8dfffedd523bc18a93a04aaf458337
1771,Gitea,77d14fb6d36d41f591ec25ed76357d741ee7f7d4,182e3896bf6c6b3aeb313d2227ff96e35fbf46bd,33409,https://github.com/go-gitea/gitea/issues/33409,https://github.com/go-gitea/gitea/tree/77d14fb6d36d41f591ec25ed76357d741ee7f7d4,https://github.com/go-gitea/gitea/tree/182e3896bf6c6b3aeb313d2227ff96e35fbf46bd,https://github.com/go-gitea/gitea/compare/77d14fb6d36d41f591ec25ed76357d741ee7f7d4...182e3896bf6c6b3aeb313d2227ff96e35fbf46bd
1772,Gitea,dcd3014567f2b8be3fca01c20c2b3eabdc8f519e,77d14fb6d36d41f591ec25ed76357d741ee7f7d4,33368,https://github.com/go-gitea/gitea/issues/33368,https://github.com/go-gitea/gitea/tree/dcd3014567f2b8be3fca01c20c2b3eabdc8f519e,https://github.com/go-gitea/gitea/tree/77d14fb6d36d41f591ec25ed76357d741ee7f7d4,https://github.com/go-gitea/gitea/compare/dcd3014567f2b8be3fca01c20c2b3eabdc8f519e...77d14fb6d36d41f591ec25ed76357d741ee7f7d4
1773,Gitea,3c46cd6aae4ed4a01d0471767563c5d882fc5b45,a4676db7dd654705214b2568c2def8c8bcfb9777,32873,https://github.com/go-gitea/gitea/issues/32873,https://github.com/go-gitea/gitea/tree/3c46cd6aae4ed4a01d0471767563c5d882fc5b45,https://github.com/go-gitea/gitea/tree/a4676db7dd654705214b2568c2def8c8bcfb9777,https://github.com/go-gitea/gitea/compare/3c46cd6aae4ed4a01d0471767563c5d882fc5b45...a4676db7dd654705214b2568c2def8c8bcfb9777
1774,Gitea,3c46cd6aae4ed4a01d0471767563c5d882fc5b45,a4676db7dd654705214b2568c2def8c8bcfb9777,33201,https://github.com/go-gitea/gitea/issues/33201,https://github.com/go-gitea/gitea/tree/3c46cd6aae4ed4a01d0471767563c5d882fc5b45,https://github.com/go-gitea/gitea/tree/a4676db7dd654705214b2568c2def8c8bcfb9777,https://github.com/go-gitea/gitea/compare/3c46cd6aae4ed4a01d0471767563c5d882fc5b45...a4676db7dd654705214b2568c2def8c8bcfb9777
1775,Gitea,4f3cc26b4e8dfffedd523bc18a93a04aaf458337,0e8738b4b6adf33e23d33d794550d2e20a0a0d45,33448,https://github.com/go-gitea/gitea/issues/33448,https://github.com/go-gitea/gitea/tree/4f3cc26b4e8dfffedd523bc18a93a04aaf458337,https://github.com/go-gitea/gitea/tree/0e8738b4b6adf33e23d33d794550d2e20a0a0d45,https://github.com/go-gitea/gitea/compare/4f3cc26b4e8dfffedd523bc18a93a04aaf458337...0e8738b4b6adf33e23d33d794550d2e20a0a0d45
1776,Gitea,a6819570be680a4ac9b064ae35913fde08af679e,6999651b6d9804c5372b5abc67892b7eb74861db,33482,https://github.com/go-gitea/gitea/issues/33482,https://github.com/go-gitea/gitea/tree/a6819570be680a4ac9b064ae35913fde08af679e,https://github.com/go-gitea/gitea/tree/6999651b6d9804c5372b5abc67892b7eb74861db,https://github.com/go-gitea/gitea/compare/a6819570be680a4ac9b064ae35913fde08af679e...6999651b6d9804c5372b5abc67892b7eb74861db
1777,Gitea,1ec8d80fa3b49e6a4c6a6239eedc6a9909cfb23d,063c23e1bcf52fde5bda82d0c1dbe7dd04e2771f,33295,https://github.com/go-gitea/gitea/issues/33295,https://github.com/go-gitea/gitea/tree/1ec8d80fa3b49e6a4c6a6239eedc6a9909cfb23d,https://github.com/go-gitea/gitea/tree/063c23e1bcf52fde5bda82d0c1dbe7dd04e2771f,https://github.com/go-gitea/gitea/compare/1ec8d80fa3b49e6a4c6a6239eedc6a9909cfb23d...063c23e1bcf52fde5bda82d0c1dbe7dd04e2771f
1778,Gitea,943cc4f98952431c4e95a62301d56bcc7b708338,40426addfa15226c72386346ee08d1577d00b263,33321,https://github.com/go-gitea/gitea/issues/33321,https://github.com/go-gitea/gitea/tree/943cc4f98952431c4e95a62301d56bcc7b708338,https://github.com/go-gitea/gitea/tree/40426addfa15226c72386346ee08d1577d00b263,https://github.com/go-gitea/gitea/compare/943cc4f98952431c4e95a62301d56bcc7b708338...40426addfa15226c72386346ee08d1577d00b263
1779,Gitea,30993e95082356daa40b3605bff65b565e913bcc,e3adb686bb2e6f1ae3adc83a74f40cf1f621c620,22693,https://github.com/go-gitea/gitea/issues/22693,https://github.com/go-gitea/gitea/tree/30993e95082356daa40b3605bff65b565e913bcc,https://github.com/go-gitea/gitea/tree/e3adb686bb2e6f1ae3adc83a74f40cf1f621c620,https://github.com/go-gitea/gitea/compare/30993e95082356daa40b3605bff65b565e913bcc...e3adb686bb2e6f1ae3adc83a74f40cf1f621c620
1780,Gitea,704b65e0124d86477462bd061dd68190a89dead4,72518a8dab9e0c90c941ca4a2f1c8a2aa4189325,33522,https://github.com/go-gitea/gitea/issues/33522,https://github.com/go-gitea/gitea/tree/704b65e0124d86477462bd061dd68190a89dead4,https://github.com/go-gitea/gitea/tree/72518a8dab9e0c90c941ca4a2f1c8a2aa4189325,https://github.com/go-gitea/gitea/compare/704b65e0124d86477462bd061dd68190a89dead4...72518a8dab9e0c90c941ca4a2f1c8a2aa4189325
1781,Gitea,a4676db7dd654705214b2568c2def8c8bcfb9777,d0f4e92563e3486f87c2758c76bd774bdbc63738,33205,https://github.com/go-gitea/gitea/issues/33205,https://github.com/go-gitea/gitea/tree/a4676db7dd654705214b2568c2def8c8bcfb9777,https://github.com/go-gitea/gitea/tree/d0f4e92563e3486f87c2758c76bd774bdbc63738,https://github.com/go-gitea/gitea/compare/a4676db7dd654705214b2568c2def8c8bcfb9777...d0f4e92563e3486f87c2758c76bd774bdbc63738
1782,Gitea,bcd1317d177a31a0bc1f9720f0547b43a8a49312,e741448a14903b2f10259417eb31bc7cae428e2d,33506,https://github.com/go-gitea/gitea/issues/33506,https://github.com/go-gitea/gitea/tree/bcd1317d177a31a0bc1f9720f0547b43a8a49312,https://github.com/go-gitea/gitea/tree/e741448a14903b2f10259417eb31bc7cae428e2d,https://github.com/go-gitea/gitea/compare/bcd1317d177a31a0bc1f9720f0547b43a8a49312...e741448a14903b2f10259417eb31bc7cae428e2d
1783,Gitea,bcd1317d177a31a0bc1f9720f0547b43a8a49312,e741448a14903b2f10259417eb31bc7cae428e2d,33521,https://github.com/go-gitea/gitea/issues/33521,https://github.com/go-gitea/gitea/tree/bcd1317d177a31a0bc1f9720f0547b43a8a49312,https://github.com/go-gitea/gitea/tree/e741448a14903b2f10259417eb31bc7cae428e2d,https://github.com/go-gitea/gitea/compare/bcd1317d177a31a0bc1f9720f0547b43a8a49312...e741448a14903b2f10259417eb31bc7cae428e2d
1784,Gitea,bcd1317d177a31a0bc1f9720f0547b43a8a49312,e741448a14903b2f10259417eb31bc7cae428e2d,33288,https://github.com/go-gitea/gitea/issues/33288,https://github.com/go-gitea/gitea/tree/bcd1317d177a31a0bc1f9720f0547b43a8a49312,https://github.com/go-gitea/gitea/tree/e741448a14903b2f10259417eb31bc7cae428e2d,https://github.com/go-gitea/gitea/compare/bcd1317d177a31a0bc1f9720f0547b43a8a49312...e741448a14903b2f10259417eb31bc7cae428e2d
1785,Gitea,bcd1317d177a31a0bc1f9720f0547b43a8a49312,e741448a14903b2f10259417eb31bc7cae428e2d,33196,https://github.com/go-gitea/gitea/issues/33196,https://github.com/go-gitea/gitea/tree/bcd1317d177a31a0bc1f9720f0547b43a8a49312,https://github.com/go-gitea/gitea/tree/e741448a14903b2f10259417eb31bc7cae428e2d,https://github.com/go-gitea/gitea/compare/bcd1317d177a31a0bc1f9720f0547b43a8a49312...e741448a14903b2f10259417eb31bc7cae428e2d
1786,Gitea,bcd1317d177a31a0bc1f9720f0547b43a8a49312,e741448a14903b2f10259417eb31bc7cae428e2d,33561,https://github.com/go-gitea/gitea/issues/33561,https://github.com/go-gitea/gitea/tree/bcd1317d177a31a0bc1f9720f0547b43a8a49312,https://github.com/go-gitea/gitea/tree/e741448a14903b2f10259417eb31bc7cae428e2d,https://github.com/go-gitea/gitea/compare/bcd1317d177a31a0bc1f9720f0547b43a8a49312...e741448a14903b2f10259417eb31bc7cae428e2d
1787,Gitea,e9b98aef447686f918ce4922ccadfed54c3f1634,245ac321c3169babe70a700108ea91fe5149c326,33518,https://github.com/go-gitea/gitea/issues/33518,https://github.com/go-gitea/gitea/tree/e9b98aef447686f918ce4922ccadfed54c3f1634,https://github.com/go-gitea/gitea/tree/245ac321c3169babe70a700108ea91fe5149c326,https://github.com/go-gitea/gitea/compare/e9b98aef447686f918ce4922ccadfed54c3f1634...245ac321c3169babe70a700108ea91fe5149c326
1788,Gitea,d88b01252519ef3215243df4d1c0c365e41628c9,b426e383fe1a75680a0ebc349e7c939aa438e8db,33586,https://github.com/go-gitea/gitea/issues/33586,https://github.com/go-gitea/gitea/tree/d88b01252519ef3215243df4d1c0c365e41628c9,https://github.com/go-gitea/gitea/tree/b426e383fe1a75680a0ebc349e7c939aa438e8db,https://github.com/go-gitea/gitea/compare/d88b01252519ef3215243df4d1c0c365e41628c9...b426e383fe1a75680a0ebc349e7c939aa438e8db
1789,Gitea,57997f1518bada128a6aa775306ec15626cc0691,01bf8da02e6febd0784f676e949910d6c5233d0e,33595,https://github.com/go-gitea/gitea/issues/33595,https://github.com/go-gitea/gitea/tree/57997f1518bada128a6aa775306ec15626cc0691,https://github.com/go-gitea/gitea/tree/01bf8da02e6febd0784f676e949910d6c5233d0e,https://github.com/go-gitea/gitea/compare/57997f1518bada128a6aa775306ec15626cc0691...01bf8da02e6febd0784f676e949910d6c5233d0e
1790,Gitea,42d817e814da5bb7fcfa8289f6bedb615546e499,fba365b42558227e5580ed1e3bbed2da902216da,33534,https://github.com/go-gitea/gitea/issues/33534,https://github.com/go-gitea/gitea/tree/42d817e814da5bb7fcfa8289f6bedb615546e499,https://github.com/go-gitea/gitea/tree/fba365b42558227e5580ed1e3bbed2da902216da,https://github.com/go-gitea/gitea/compare/42d817e814da5bb7fcfa8289f6bedb615546e499...fba365b42558227e5580ed1e3bbed2da902216da
1791,Gitea,01bf8da02e6febd0784f676e949910d6c5233d0e,2b8cfb557d4b891bce8e67a3be280dc058c9791e,33353,https://github.com/go-gitea/gitea/issues/33353,https://github.com/go-gitea/gitea/tree/01bf8da02e6febd0784f676e949910d6c5233d0e,https://github.com/go-gitea/gitea/tree/2b8cfb557d4b891bce8e67a3be280dc058c9791e,https://github.com/go-gitea/gitea/compare/01bf8da02e6febd0784f676e949910d6c5233d0e...2b8cfb557d4b891bce8e67a3be280dc058c9791e
1792,Gitea,c2e23d3301b1be2b2ad667184030087f92ad2470,40faa6dc78a5b5730a1609ba39daefddac08aa63,26500,https://github.com/go-gitea/gitea/issues/26500,https://github.com/go-gitea/gitea/tree/c2e23d3301b1be2b2ad667184030087f92ad2470,https://github.com/go-gitea/gitea/tree/40faa6dc78a5b5730a1609ba39daefddac08aa63,https://github.com/go-gitea/gitea/compare/c2e23d3301b1be2b2ad667184030087f92ad2470...40faa6dc78a5b5730a1609ba39daefddac08aa63
1793,Gitea,241f799edfecda763c7571ea33e82356b6689423,748b731612191fdf597300fc1b8a1d423bae1e09,33160,https://github.com/go-gitea/gitea/issues/33160,https://github.com/go-gitea/gitea/tree/241f799edfecda763c7571ea33e82356b6689423,https://github.com/go-gitea/gitea/tree/748b731612191fdf597300fc1b8a1d423bae1e09,https://github.com/go-gitea/gitea/compare/241f799edfecda763c7571ea33e82356b6689423...748b731612191fdf597300fc1b8a1d423bae1e09
1794,Gitea,9e75c545598fe8a195f9b69f8e1e8258d50dc8d0,f991807f7ed6940f1ac2a306a00b522b51a1273d,32191,https://github.com/go-gitea/gitea/issues/32191,https://github.com/go-gitea/gitea/tree/9e75c545598fe8a195f9b69f8e1e8258d50dc8d0,https://github.com/go-gitea/gitea/tree/f991807f7ed6940f1ac2a306a00b522b51a1273d,https://github.com/go-gitea/gitea/compare/9e75c545598fe8a195f9b69f8e1e8258d50dc8d0...f991807f7ed6940f1ac2a306a00b522b51a1273d
1795,Gitea,15e020eec85d7ec2ef0f1e9ad10a1ffde2ca0f34,9f560d47c9516e69ffdb077658439442f40c4629,33603,https://github.com/go-gitea/gitea/issues/33603,https://github.com/go-gitea/gitea/tree/15e020eec85d7ec2ef0f1e9ad10a1ffde2ca0f34,https://github.com/go-gitea/gitea/tree/9f560d47c9516e69ffdb077658439442f40c4629,https://github.com/go-gitea/gitea/compare/15e020eec85d7ec2ef0f1e9ad10a1ffde2ca0f34...9f560d47c9516e69ffdb077658439442f40c4629
1796,Gitea,2cd2ae07a7ff267eaa9d2b984d015c58edcb0647,76b7f95a276a6db564f29c9b11c94b5ce7f09cb8,33582,https://github.com/go-gitea/gitea/issues/33582,https://github.com/go-gitea/gitea/tree/2cd2ae07a7ff267eaa9d2b984d015c58edcb0647,https://github.com/go-gitea/gitea/tree/76b7f95a276a6db564f29c9b11c94b5ce7f09cb8,https://github.com/go-gitea/gitea/compare/2cd2ae07a7ff267eaa9d2b984d015c58edcb0647...76b7f95a276a6db564f29c9b11c94b5ce7f09cb8
1797,Gitea,a61014ea4741aff420c7ba8adb2b2c1845a85488,ead716d204d6e30ae702a8c0192078488a3856f5,33665,https://github.com/go-gitea/gitea/issues/33665,https://github.com/go-gitea/gitea/tree/a61014ea4741aff420c7ba8adb2b2c1845a85488,https://github.com/go-gitea/gitea/tree/ead716d204d6e30ae702a8c0192078488a3856f5,https://github.com/go-gitea/gitea/compare/a61014ea4741aff420c7ba8adb2b2c1845a85488...ead716d204d6e30ae702a8c0192078488a3856f5
1798,Gitea,2aa59ba9e56d234816942b29e61039f4e225f0f3,74c8e95e87300c74453e6aedd8a41352dbac02f9,33718,https://github.com/go-gitea/gitea/issues/33718,https://github.com/go-gitea/gitea/tree/2aa59ba9e56d234816942b29e61039f4e225f0f3,https://github.com/go-gitea/gitea/tree/74c8e95e87300c74453e6aedd8a41352dbac02f9,https://github.com/go-gitea/gitea/compare/2aa59ba9e56d234816942b29e61039f4e225f0f3...74c8e95e87300c74453e6aedd8a41352dbac02f9
1799,Gitea,6e475dc7e010a570f8f311272f9fc66afe31b719,ae4a3d770813f37f092bdea8a2b3a0827fcc1b41,33296,https://github.com/go-gitea/gitea/issues/33296,https://github.com/go-gitea/gitea/tree/6e475dc7e010a570f8f311272f9fc66afe31b719,https://github.com/go-gitea/gitea/tree/ae4a3d770813f37f092bdea8a2b3a0827fcc1b41,https://github.com/go-gitea/gitea/compare/6e475dc7e010a570f8f311272f9fc66afe31b719...ae4a3d770813f37f092bdea8a2b3a0827fcc1b41
1800,Gitea,3ee5ee2029529e3b0c600f4ec555b3daca178fbe,a25081f3801551457fe8ac10eb2817ceca21fbae,33660,https://github.com/go-gitea/gitea/issues/33660,https://github.com/go-gitea/gitea/tree/3ee5ee2029529e3b0c600f4ec555b3daca178fbe,https://github.com/go-gitea/gitea/tree/a25081f3801551457fe8ac10eb2817ceca21fbae,https://github.com/go-gitea/gitea/compare/3ee5ee2029529e3b0c600f4ec555b3daca178fbe...a25081f3801551457fe8ac10eb2817ceca21fbae
1801,Gitea,b684f51d201bdeb389ee5be0aa6003694e89d03e,2c8bdd22332973dfda62e25c30c6427c44c47885,33657,https://github.com/go-gitea/gitea/issues/33657,https://github.com/go-gitea/gitea/tree/b684f51d201bdeb389ee5be0aa6003694e89d03e,https://github.com/go-gitea/gitea/tree/2c8bdd22332973dfda62e25c30c6427c44c47885,https://github.com/go-gitea/gitea/compare/b684f51d201bdeb389ee5be0aa6003694e89d03e...2c8bdd22332973dfda62e25c30c6427c44c47885
1802,Gitea,e6759f356d9530c84aacf64fc9ada9442546e790,cd225d7034f905f73319b5a9024f6f9d5b6a01c7,33658,https://github.com/go-gitea/gitea/issues/33658,https://github.com/go-gitea/gitea/tree/e6759f356d9530c84aacf64fc9ada9442546e790,https://github.com/go-gitea/gitea/tree/cd225d7034f905f73319b5a9024f6f9d5b6a01c7,https://github.com/go-gitea/gitea/compare/e6759f356d9530c84aacf64fc9ada9442546e790...cd225d7034f905f73319b5a9024f6f9d5b6a01c7
1803,Gitea,02657e85a4fcd31d4e6e813fddf6e0fc3bf9ec60,dbed39d63292517918c3b1a74aeb71ac8910beb7,33535,https://github.com/go-gitea/gitea/issues/33535,https://github.com/go-gitea/gitea/tree/02657e85a4fcd31d4e6e813fddf6e0fc3bf9ec60,https://github.com/go-gitea/gitea/tree/dbed39d63292517918c3b1a74aeb71ac8910beb7,https://github.com/go-gitea/gitea/compare/02657e85a4fcd31d4e6e813fddf6e0fc3bf9ec60...dbed39d63292517918c3b1a74aeb71ac8910beb7
1804,Gitea,e7cf62f2f722428f841539cc96f0316ae8fe5296,ef18655215d965d25050842f24f2333b89fba443,33802,https://github.com/go-gitea/gitea/issues/33802,https://github.com/go-gitea/gitea/tree/e7cf62f2f722428f841539cc96f0316ae8fe5296,https://github.com/go-gitea/gitea/tree/ef18655215d965d25050842f24f2333b89fba443,https://github.com/go-gitea/gitea/compare/e7cf62f2f722428f841539cc96f0316ae8fe5296...ef18655215d965d25050842f24f2333b89fba443
1805,Gitea,e7cf62f2f722428f841539cc96f0316ae8fe5296,ef18655215d965d25050842f24f2333b89fba443,32191,https://github.com/go-gitea/gitea/issues/32191,https://github.com/go-gitea/gitea/tree/e7cf62f2f722428f841539cc96f0316ae8fe5296,https://github.com/go-gitea/gitea/tree/ef18655215d965d25050842f24f2333b89fba443,https://github.com/go-gitea/gitea/compare/e7cf62f2f722428f841539cc96f0316ae8fe5296...ef18655215d965d25050842f24f2333b89fba443
1806,Gitea,e47bba046c7d76dbd3b61afcc4e3e33baa9ec817,a92d5f65ce14f1f8d5e9a45f3c356a760c167e45,33763,https://github.com/go-gitea/gitea/issues/33763,https://github.com/go-gitea/gitea/tree/e47bba046c7d76dbd3b61afcc4e3e33baa9ec817,https://github.com/go-gitea/gitea/tree/a92d5f65ce14f1f8d5e9a45f3c356a760c167e45,https://github.com/go-gitea/gitea/compare/e47bba046c7d76dbd3b61afcc4e3e33baa9ec817...a92d5f65ce14f1f8d5e9a45f3c356a760c167e45
1807,Gitea,34e5df6d300f92bc132df9fceca2f7fc65982c4c,c102492e5ae62a71e2a12d74373422405b24a567,33839,https://github.com/go-gitea/gitea/issues/33839,https://github.com/go-gitea/gitea/tree/34e5df6d300f92bc132df9fceca2f7fc65982c4c,https://github.com/go-gitea/gitea/tree/c102492e5ae62a71e2a12d74373422405b24a567,https://github.com/go-gitea/gitea/compare/34e5df6d300f92bc132df9fceca2f7fc65982c4c...c102492e5ae62a71e2a12d74373422405b24a567
1808,Gitea,582ad338d79fe129d079c2f14cf175adace53849,b8c2afdc5fda830c85586988a49d47678ba0ea98,33615,https://github.com/go-gitea/gitea/issues/33615,https://github.com/go-gitea/gitea/tree/582ad338d79fe129d079c2f14cf175adace53849,https://github.com/go-gitea/gitea/tree/b8c2afdc5fda830c85586988a49d47678ba0ea98,https://github.com/go-gitea/gitea/compare/582ad338d79fe129d079c2f14cf175adace53849...b8c2afdc5fda830c85586988a49d47678ba0ea98
1809,Gitea,403775e74ed11097b30a9a683b2253c0967c0dcd,8a0f7f0975d7d14160022ef94984b5c031220e6d,33869,https://github.com/go-gitea/gitea/issues/33869,https://github.com/go-gitea/gitea/tree/403775e74ed11097b30a9a683b2253c0967c0dcd,https://github.com/go-gitea/gitea/tree/8a0f7f0975d7d14160022ef94984b5c031220e6d,https://github.com/go-gitea/gitea/compare/403775e74ed11097b30a9a683b2253c0967c0dcd...8a0f7f0975d7d14160022ef94984b5c031220e6d
1810,Gitea,6f1333175461a6cf5497965c20b5d81b6e73c5d5,3f1f808b9eeb3f7cd923c6b89fbb57583202e76d,33358,https://github.com/go-gitea/gitea/issues/33358,https://github.com/go-gitea/gitea/tree/6f1333175461a6cf5497965c20b5d81b6e73c5d5,https://github.com/go-gitea/gitea/tree/3f1f808b9eeb3f7cd923c6b89fbb57583202e76d,https://github.com/go-gitea/gitea/compare/6f1333175461a6cf5497965c20b5d81b6e73c5d5...3f1f808b9eeb3f7cd923c6b89fbb57583202e76d
1811,Gitea,6f1333175461a6cf5497965c20b5d81b6e73c5d5,3f1f808b9eeb3f7cd923c6b89fbb57583202e76d,21970,https://github.com/go-gitea/gitea/issues/21970,https://github.com/go-gitea/gitea/tree/6f1333175461a6cf5497965c20b5d81b6e73c5d5,https://github.com/go-gitea/gitea/tree/3f1f808b9eeb3f7cd923c6b89fbb57583202e76d,https://github.com/go-gitea/gitea/compare/6f1333175461a6cf5497965c20b5d81b6e73c5d5...3f1f808b9eeb3f7cd923c6b89fbb57583202e76d
1812,Gitea,1b2dffff8ed265cb799a2c22202c7818989330e2,6422f05a4e2610a31b6137267b7bf53ae1b2b093,31492,https://github.com/go-gitea/gitea/issues/31492,https://github.com/go-gitea/gitea/tree/1b2dffff8ed265cb799a2c22202c7818989330e2,https://github.com/go-gitea/gitea/tree/6422f05a4e2610a31b6137267b7bf53ae1b2b093,https://github.com/go-gitea/gitea/compare/1b2dffff8ed265cb799a2c22202c7818989330e2...6422f05a4e2610a31b6137267b7bf53ae1b2b093
1813,Gitea,0dfa94edc8476c4227d46557ed81825388fd37fb,45c4139134cfdb23fbeb85bb5c78811605f37dd5,33886,https://github.com/go-gitea/gitea/issues/33886,https://github.com/go-gitea/gitea/tree/0dfa94edc8476c4227d46557ed81825388fd37fb,https://github.com/go-gitea/gitea/tree/45c4139134cfdb23fbeb85bb5c78811605f37dd5,https://github.com/go-gitea/gitea/compare/0dfa94edc8476c4227d46557ed81825388fd37fb...45c4139134cfdb23fbeb85bb5c78811605f37dd5
1814,Gitea,651ef669665066d4f90da3da8471120bda2a2a6b,91610a987e4c805a9305d4ee951963f80dbeb9ee,31328,https://github.com/go-gitea/gitea/issues/31328,https://github.com/go-gitea/gitea/tree/651ef669665066d4f90da3da8471120bda2a2a6b,https://github.com/go-gitea/gitea/tree/91610a987e4c805a9305d4ee951963f80dbeb9ee,https://github.com/go-gitea/gitea/compare/651ef669665066d4f90da3da8471120bda2a2a6b...91610a987e4c805a9305d4ee951963f80dbeb9ee
1815,Gitea,651ef669665066d4f90da3da8471120bda2a2a6b,91610a987e4c805a9305d4ee951963f80dbeb9ee,33854,https://github.com/go-gitea/gitea/issues/33854,https://github.com/go-gitea/gitea/tree/651ef669665066d4f90da3da8471120bda2a2a6b,https://github.com/go-gitea/gitea/tree/91610a987e4c805a9305d4ee951963f80dbeb9ee,https://github.com/go-gitea/gitea/compare/651ef669665066d4f90da3da8471120bda2a2a6b...91610a987e4c805a9305d4ee951963f80dbeb9ee
1816,Gitea,7e8168f555b0a463866afcc10e9fddc34d363811,3e2e7bf4e540765d2138cf058f38a494a534c066,33647,https://github.com/go-gitea/gitea/issues/33647,https://github.com/go-gitea/gitea/tree/7e8168f555b0a463866afcc10e9fddc34d363811,https://github.com/go-gitea/gitea/tree/3e2e7bf4e540765d2138cf058f38a494a534c066,https://github.com/go-gitea/gitea/compare/7e8168f555b0a463866afcc10e9fddc34d363811...3e2e7bf4e540765d2138cf058f38a494a534c066
1817,Gitea,de2d472d90b1c563a432e27621cb455378b700f8,1e7248047ce66c235faf53cd79b6513fb3aa1c50,33490,https://github.com/go-gitea/gitea/issues/33490,https://github.com/go-gitea/gitea/tree/de2d472d90b1c563a432e27621cb455378b700f8,https://github.com/go-gitea/gitea/tree/1e7248047ce66c235faf53cd79b6513fb3aa1c50,https://github.com/go-gitea/gitea/compare/de2d472d90b1c563a432e27621cb455378b700f8...1e7248047ce66c235faf53cd79b6513fb3aa1c50
1818,Gitea,b094f9b75d000aa9a78194b2c14e04318d498ff2,cb6b33c9cd1efa619351a458e2bce8ad1e6cd623,23213,https://github.com/go-gitea/gitea/issues/23213,https://github.com/go-gitea/gitea/tree/b094f9b75d000aa9a78194b2c14e04318d498ff2,https://github.com/go-gitea/gitea/tree/cb6b33c9cd1efa619351a458e2bce8ad1e6cd623,https://github.com/go-gitea/gitea/compare/b094f9b75d000aa9a78194b2c14e04318d498ff2...cb6b33c9cd1efa619351a458e2bce8ad1e6cd623
1819,Gitea,e1feb438a49b194e73e504eb7018e4d50f3978cd,fdaf1cca65e118562b3cc2eb9e7c077b28f77213,33899,https://github.com/go-gitea/gitea/issues/33899,https://github.com/go-gitea/gitea/tree/e1feb438a49b194e73e504eb7018e4d50f3978cd,https://github.com/go-gitea/gitea/tree/fdaf1cca65e118562b3cc2eb9e7c077b28f77213,https://github.com/go-gitea/gitea/compare/e1feb438a49b194e73e504eb7018e4d50f3978cd...fdaf1cca65e118562b3cc2eb9e7c077b28f77213
1820,Gitea,b1e326d09e86037435e3184b655a22e2d8841bef,8745129c9c96397f49ee309172a826a678b25c21,33798,https://github.com/go-gitea/gitea/issues/33798,https://github.com/go-gitea/gitea/tree/b1e326d09e86037435e3184b655a22e2d8841bef,https://github.com/go-gitea/gitea/tree/8745129c9c96397f49ee309172a826a678b25c21,https://github.com/go-gitea/gitea/compare/b1e326d09e86037435e3184b655a22e2d8841bef...8745129c9c96397f49ee309172a826a678b25c21
1821,Gitea,41c946a66faa06e1a39f91ff6900f05106d0695a,356b707dde00f61f806c8a27879830a1d9b5b895,28460,https://github.com/go-gitea/gitea/issues/28460,https://github.com/go-gitea/gitea/tree/41c946a66faa06e1a39f91ff6900f05106d0695a,https://github.com/go-gitea/gitea/tree/356b707dde00f61f806c8a27879830a1d9b5b895,https://github.com/go-gitea/gitea/compare/41c946a66faa06e1a39f91ff6900f05106d0695a...356b707dde00f61f806c8a27879830a1d9b5b895
1822,Gitea,92f997ce6b2535c0c71a33ade290378a744c7224,7e8168f555b0a463866afcc10e9fddc34d363811,33894,https://github.com/go-gitea/gitea/issues/33894,https://github.com/go-gitea/gitea/tree/92f997ce6b2535c0c71a33ade290378a744c7224,https://github.com/go-gitea/gitea/tree/7e8168f555b0a463866afcc10e9fddc34d363811,https://github.com/go-gitea/gitea/compare/92f997ce6b2535c0c71a33ade290378a744c7224...7e8168f555b0a463866afcc10e9fddc34d363811
1823,Gitea,2089401653cb4d351aa6e0bb6a86d987d115acb8,d28a7f9feac36f3c1afaf9362298ae5d50d596b6,34011,https://github.com/go-gitea/gitea/issues/34011,https://github.com/go-gitea/gitea/tree/2089401653cb4d351aa6e0bb6a86d987d115acb8,https://github.com/go-gitea/gitea/tree/d28a7f9feac36f3c1afaf9362298ae5d50d596b6,https://github.com/go-gitea/gitea/compare/2089401653cb4d351aa6e0bb6a86d987d115acb8...d28a7f9feac36f3c1afaf9362298ae5d50d596b6
1824,Gitea,1c5c13a442dcd9eae157926c371925e9a8177556,e1bba9c1a24f1aca86a5925d6e5017414ac5ec5b,33967,https://github.com/go-gitea/gitea/issues/33967,https://github.com/go-gitea/gitea/tree/1c5c13a442dcd9eae157926c371925e9a8177556,https://github.com/go-gitea/gitea/tree/e1bba9c1a24f1aca86a5925d6e5017414ac5ec5b,https://github.com/go-gitea/gitea/compare/1c5c13a442dcd9eae157926c371925e9a8177556...e1bba9c1a24f1aca86a5925d6e5017414ac5ec5b
1825,Gitea,279473f467f6af558293c2147a08241f8b934eea,b956cee06f462c4f34a7911351b7c878ce890725,33828,https://github.com/go-gitea/gitea/issues/33828,https://github.com/go-gitea/gitea/tree/279473f467f6af558293c2147a08241f8b934eea,https://github.com/go-gitea/gitea/tree/b956cee06f462c4f34a7911351b7c878ce890725,https://github.com/go-gitea/gitea/compare/279473f467f6af558293c2147a08241f8b934eea...b956cee06f462c4f34a7911351b7c878ce890725
1826,Gitea,894821d522bd8600bae222c9a951c97b7c7e7ad1,321cbcb45a947262471d273e8d10ee19ee614932,34038,https://github.com/go-gitea/gitea/issues/34038,https://github.com/go-gitea/gitea/tree/894821d522bd8600bae222c9a951c97b7c7e7ad1,https://github.com/go-gitea/gitea/tree/321cbcb45a947262471d273e8d10ee19ee614932,https://github.com/go-gitea/gitea/compare/894821d522bd8600bae222c9a951c97b7c7e7ad1...321cbcb45a947262471d273e8d10ee19ee614932
1827,Gitea,c1b9ecca34e405b4e21f170d4c5ef0842c4a5eaf,894821d522bd8600bae222c9a951c97b7c7e7ad1,28460,https://github.com/go-gitea/gitea/issues/28460,https://github.com/go-gitea/gitea/tree/c1b9ecca34e405b4e21f170d4c5ef0842c4a5eaf,https://github.com/go-gitea/gitea/tree/894821d522bd8600bae222c9a951c97b7c7e7ad1,https://github.com/go-gitea/gitea/compare/c1b9ecca34e405b4e21f170d4c5ef0842c4a5eaf...894821d522bd8600bae222c9a951c97b7c7e7ad1
1828,Gitea,d28a7f9feac36f3c1afaf9362298ae5d50d596b6,d70be9d0fe648a7b593c4df46ac61e18d4166d07,33407,https://github.com/go-gitea/gitea/issues/33407,https://github.com/go-gitea/gitea/tree/d28a7f9feac36f3c1afaf9362298ae5d50d596b6,https://github.com/go-gitea/gitea/tree/d70be9d0fe648a7b593c4df46ac61e18d4166d07,https://github.com/go-gitea/gitea/compare/d28a7f9feac36f3c1afaf9362298ae5d50d596b6...d70be9d0fe648a7b593c4df46ac61e18d4166d07
1829,Gitea,49899070cd600e7b7bd31a750f4d49de1722db23,cddd19efc8c2ccbcd57e17811e3adebee7d49d60,8649,https://github.com/go-gitea/gitea/issues/8649,https://github.com/go-gitea/gitea/tree/49899070cd600e7b7bd31a750f4d49de1722db23,https://github.com/go-gitea/gitea/tree/cddd19efc8c2ccbcd57e17811e3adebee7d49d60,https://github.com/go-gitea/gitea/compare/49899070cd600e7b7bd31a750f4d49de1722db23...cddd19efc8c2ccbcd57e17811e3adebee7d49d60
1830,Gitea,49899070cd600e7b7bd31a750f4d49de1722db23,cddd19efc8c2ccbcd57e17811e3adebee7d49d60,639,https://github.com/go-gitea/gitea/issues/639,https://github.com/go-gitea/gitea/tree/49899070cd600e7b7bd31a750f4d49de1722db23,https://github.com/go-gitea/gitea/tree/cddd19efc8c2ccbcd57e17811e3adebee7d49d60,https://github.com/go-gitea/gitea/compare/49899070cd600e7b7bd31a750f4d49de1722db23...cddd19efc8c2ccbcd57e17811e3adebee7d49d60
1831,Gitea,741b53eb30e8e0ebdcff6bfb157cf61aa7691b8a,342432e52a13c37575cf443286ba1d01bdd67cce,34076,https://github.com/go-gitea/gitea/issues/34076,https://github.com/go-gitea/gitea/tree/741b53eb30e8e0ebdcff6bfb157cf61aa7691b8a,https://github.com/go-gitea/gitea/tree/342432e52a13c37575cf443286ba1d01bdd67cce,https://github.com/go-gitea/gitea/compare/741b53eb30e8e0ebdcff6bfb157cf61aa7691b8a...342432e52a13c37575cf443286ba1d01bdd67cce
1832,Gitea,96e73695155ccbdea4416f5517602ec5b5bf26f6,a7594969b6eba51726ae607b089dcbf14fb88e5a,34022,https://github.com/go-gitea/gitea/issues/34022,https://github.com/go-gitea/gitea/tree/96e73695155ccbdea4416f5517602ec5b5bf26f6,https://github.com/go-gitea/gitea/tree/a7594969b6eba51726ae607b089dcbf14fb88e5a,https://github.com/go-gitea/gitea/compare/96e73695155ccbdea4416f5517602ec5b5bf26f6...a7594969b6eba51726ae607b089dcbf14fb88e5a
1833,Gitea,96e73695155ccbdea4416f5517602ec5b5bf26f6,a7594969b6eba51726ae607b089dcbf14fb88e5a,33550,https://github.com/go-gitea/gitea/issues/33550,https://github.com/go-gitea/gitea/tree/96e73695155ccbdea4416f5517602ec5b5bf26f6,https://github.com/go-gitea/gitea/tree/a7594969b6eba51726ae607b089dcbf14fb88e5a,https://github.com/go-gitea/gitea/compare/96e73695155ccbdea4416f5517602ec5b5bf26f6...a7594969b6eba51726ae607b089dcbf14fb88e5a
1834,Gitea,45c45934aa5e2c174c71fa1d67e18869704c8055,f94ee4fd3cf999733046569a82d7f79fb2426f49,33941,https://github.com/go-gitea/gitea/issues/33941,https://github.com/go-gitea/gitea/tree/45c45934aa5e2c174c71fa1d67e18869704c8055,https://github.com/go-gitea/gitea/tree/f94ee4fd3cf999733046569a82d7f79fb2426f49,https://github.com/go-gitea/gitea/compare/45c45934aa5e2c174c71fa1d67e18869704c8055...f94ee4fd3cf999733046569a82d7f79fb2426f49
1835,Gitea,88352e0b252e9186a5633d39124a8a65ab89f831,6ed1b26c58c0e6d90f66b0075d8a1048e15c377c,34090,https://github.com/go-gitea/gitea/issues/34090,https://github.com/go-gitea/gitea/tree/88352e0b252e9186a5633d39124a8a65ab89f831,https://github.com/go-gitea/gitea/tree/6ed1b26c58c0e6d90f66b0075d8a1048e15c377c,https://github.com/go-gitea/gitea/compare/88352e0b252e9186a5633d39124a8a65ab89f831...6ed1b26c58c0e6d90f66b0075d8a1048e15c377c
1836,Gitea,ba921fd903a7a1cd1e389288b4e102da6fd67939,f8d549436ea70142514557b6a1d23d578d6aef42,34099,https://github.com/go-gitea/gitea/issues/34099,https://github.com/go-gitea/gitea/tree/ba921fd903a7a1cd1e389288b4e102da6fd67939,https://github.com/go-gitea/gitea/tree/f8d549436ea70142514557b6a1d23d578d6aef42,https://github.com/go-gitea/gitea/compare/ba921fd903a7a1cd1e389288b4e102da6fd67939...f8d549436ea70142514557b6a1d23d578d6aef42
1837,Gitea,e8b54d9e44fa9a1a734860cf24f0a9826ab3afe8,6cee3bfa9611a691584824ea23a75cc1ebcbb46b,33972,https://github.com/go-gitea/gitea/issues/33972,https://github.com/go-gitea/gitea/tree/e8b54d9e44fa9a1a734860cf24f0a9826ab3afe8,https://github.com/go-gitea/gitea/tree/6cee3bfa9611a691584824ea23a75cc1ebcbb46b,https://github.com/go-gitea/gitea/compare/e8b54d9e44fa9a1a734860cf24f0a9826ab3afe8...6cee3bfa9611a691584824ea23a75cc1ebcbb46b
1838,Gitea,ee6929d96b6d230ede18360cf663f32b5e641910,e1c2d05bde6e42a86cb90c1c07e882bda313cd8f,27645,https://github.com/go-gitea/gitea/issues/27645,https://github.com/go-gitea/gitea/tree/ee6929d96b6d230ede18360cf663f32b5e641910,https://github.com/go-gitea/gitea/tree/e1c2d05bde6e42a86cb90c1c07e882bda313cd8f,https://github.com/go-gitea/gitea/compare/ee6929d96b6d230ede18360cf663f32b5e641910...e1c2d05bde6e42a86cb90c1c07e882bda313cd8f
1839,Gitea,2f43544c0192d6fc4b9755ad06c72ae92ce3e35f,0fd5392087d35ebe2268f32de422342020e573b9,34069,https://github.com/go-gitea/gitea/issues/34069,https://github.com/go-gitea/gitea/tree/2f43544c0192d6fc4b9755ad06c72ae92ce3e35f,https://github.com/go-gitea/gitea/tree/0fd5392087d35ebe2268f32de422342020e573b9,https://github.com/go-gitea/gitea/compare/2f43544c0192d6fc4b9755ad06c72ae92ce3e35f...0fd5392087d35ebe2268f32de422342020e573b9
1840,Gitea,f94ee4fd3cf999733046569a82d7f79fb2426f49,ba921fd903a7a1cd1e389288b4e102da6fd67939,34101,https://github.com/go-gitea/gitea/issues/34101,https://github.com/go-gitea/gitea/tree/f94ee4fd3cf999733046569a82d7f79fb2426f49,https://github.com/go-gitea/gitea/tree/ba921fd903a7a1cd1e389288b4e102da6fd67939,https://github.com/go-gitea/gitea/compare/f94ee4fd3cf999733046569a82d7f79fb2426f49...ba921fd903a7a1cd1e389288b4e102da6fd67939
1841,Gitea,6cee3bfa9611a691584824ea23a75cc1ebcbb46b,013b2686fe6d306c4fb800147207b099866683b9,34027,https://github.com/go-gitea/gitea/issues/34027,https://github.com/go-gitea/gitea/tree/6cee3bfa9611a691584824ea23a75cc1ebcbb46b,https://github.com/go-gitea/gitea/tree/013b2686fe6d306c4fb800147207b099866683b9,https://github.com/go-gitea/gitea/compare/6cee3bfa9611a691584824ea23a75cc1ebcbb46b...013b2686fe6d306c4fb800147207b099866683b9
1842,Gitea,3fe082a5a33011f3467eb2ca7dfaf445d283c6db,bcc38eb35fdd2b46fbefea0a52fbba5e934fee3f,2246,https://github.com/go-gitea/gitea/issues/2246,https://github.com/go-gitea/gitea/tree/3fe082a5a33011f3467eb2ca7dfaf445d283c6db,https://github.com/go-gitea/gitea/tree/bcc38eb35fdd2b46fbefea0a52fbba5e934fee3f,https://github.com/go-gitea/gitea/compare/3fe082a5a33011f3467eb2ca7dfaf445d283c6db...bcc38eb35fdd2b46fbefea0a52fbba5e934fee3f
1843,Gitea,a100ac3306000885b01abcc08d1672efa880daec,fd7c364ca62ea5545bd21d1b54af021c4cbc29a4,15504,https://github.com/go-gitea/gitea/issues/15504,https://github.com/go-gitea/gitea/tree/a100ac3306000885b01abcc08d1672efa880daec,https://github.com/go-gitea/gitea/tree/fd7c364ca62ea5545bd21d1b54af021c4cbc29a4,https://github.com/go-gitea/gitea/compare/a100ac3306000885b01abcc08d1672efa880daec...fd7c364ca62ea5545bd21d1b54af021c4cbc29a4
1844,Gitea,d0688cb2b3a858e4a87627dc10b101413283a165,4dca869ed1c6ed6fae2a4e2331db756591d9eae4,28372,https://github.com/go-gitea/gitea/issues/28372,https://github.com/go-gitea/gitea/tree/d0688cb2b3a858e4a87627dc10b101413283a165,https://github.com/go-gitea/gitea/tree/4dca869ed1c6ed6fae2a4e2331db756591d9eae4,https://github.com/go-gitea/gitea/compare/d0688cb2b3a858e4a87627dc10b101413283a165...4dca869ed1c6ed6fae2a4e2331db756591d9eae4
1845,Gitea,90b509aafb5c0696cb1b459e9035ab3fc859f26a,a100ac3306000885b01abcc08d1672efa880daec,28144,https://github.com/go-gitea/gitea/issues/28144,https://github.com/go-gitea/gitea/tree/90b509aafb5c0696cb1b459e9035ab3fc859f26a,https://github.com/go-gitea/gitea/tree/a100ac3306000885b01abcc08d1672efa880daec,https://github.com/go-gitea/gitea/compare/90b509aafb5c0696cb1b459e9035ab3fc859f26a...a100ac3306000885b01abcc08d1672efa880daec
1846,Gitea,a2651c14ce5d9752c043b50157e83e30bf46d958,34349c085ca9fa1a0ff731d132ebb47fd92b9d49,34188,https://github.com/go-gitea/gitea/issues/34188,https://github.com/go-gitea/gitea/tree/a2651c14ce5d9752c043b50157e83e30bf46d958,https://github.com/go-gitea/gitea/tree/34349c085ca9fa1a0ff731d132ebb47fd92b9d49,https://github.com/go-gitea/gitea/compare/a2651c14ce5d9752c043b50157e83e30bf46d958...34349c085ca9fa1a0ff731d132ebb47fd92b9d49
1847,Gitea,4a5af4edca3883bcb45056de11b9fd59f9759b9b,fac6b87dd24be5021d9c656edc2072397cfd6bed,34145,https://github.com/go-gitea/gitea/issues/34145,https://github.com/go-gitea/gitea/tree/4a5af4edca3883bcb45056de11b9fd59f9759b9b,https://github.com/go-gitea/gitea/tree/fac6b87dd24be5021d9c656edc2072397cfd6bed,https://github.com/go-gitea/gitea/compare/4a5af4edca3883bcb45056de11b9fd59f9759b9b...fac6b87dd24be5021d9c656edc2072397cfd6bed
1848,Gitea,8b7c0d8f8d8333c939bf628150efb097524b0550,f0544dbfca9e8510f28812ed0ffe4aa91fd93672,34218,https://github.com/go-gitea/gitea/issues/34218,https://github.com/go-gitea/gitea/tree/8b7c0d8f8d8333c939bf628150efb097524b0550,https://github.com/go-gitea/gitea/tree/f0544dbfca9e8510f28812ed0ffe4aa91fd93672,https://github.com/go-gitea/gitea/compare/8b7c0d8f8d8333c939bf628150efb097524b0550...f0544dbfca9e8510f28812ed0ffe4aa91fd93672
1849,Gitea,2b99a58f540a15a04b48cba507ace8abf3c52014,d2d381fd4b03d064d8768181de049f4abf099806,34203,https://github.com/go-gitea/gitea/issues/34203,https://github.com/go-gitea/gitea/tree/2b99a58f540a15a04b48cba507ace8abf3c52014,https://github.com/go-gitea/gitea/tree/d2d381fd4b03d064d8768181de049f4abf099806,https://github.com/go-gitea/gitea/compare/2b99a58f540a15a04b48cba507ace8abf3c52014...d2d381fd4b03d064d8768181de049f4abf099806
1850,Gitea,eda6d65818d4eb80c35b25be43ce8de9588d7161,c9aa9068b32f3242ed0f0efdb7955470a5b38648,34242,https://github.com/go-gitea/gitea/issues/34242,https://github.com/go-gitea/gitea/tree/eda6d65818d4eb80c35b25be43ce8de9588d7161,https://github.com/go-gitea/gitea/tree/c9aa9068b32f3242ed0f0efdb7955470a5b38648,https://github.com/go-gitea/gitea/compare/eda6d65818d4eb80c35b25be43ce8de9588d7161...c9aa9068b32f3242ed0f0efdb7955470a5b38648
1851,Gitea,0b847f45845a3abaab23b7b5afd74e1099dd6fc9,d7a6133825942007a57c73e1f8ee112668f10283,34039,https://github.com/go-gitea/gitea/issues/34039,https://github.com/go-gitea/gitea/tree/0b847f45845a3abaab23b7b5afd74e1099dd6fc9,https://github.com/go-gitea/gitea/tree/d7a6133825942007a57c73e1f8ee112668f10283,https://github.com/go-gitea/gitea/compare/0b847f45845a3abaab23b7b5afd74e1099dd6fc9...d7a6133825942007a57c73e1f8ee112668f10283
1852,Gitea,dd0caf7e163bff3ecd951a045d9cea47efaa7ed5,2683adfcb4f7c5ee6ff56b3311ac657cb95c03a9,33990,https://github.com/go-gitea/gitea/issues/33990,https://github.com/go-gitea/gitea/tree/dd0caf7e163bff3ecd951a045d9cea47efaa7ed5,https://github.com/go-gitea/gitea/tree/2683adfcb4f7c5ee6ff56b3311ac657cb95c03a9,https://github.com/go-gitea/gitea/compare/dd0caf7e163bff3ecd951a045d9cea47efaa7ed5...2683adfcb4f7c5ee6ff56b3311ac657cb95c03a9
1853,Gitea,166ec1b4c3971b7e14c4b6456d29b38f93a4e915,6d3c6741ec4ecdc59e2b57c8a9cfb2e019a7a9e7,28193,https://github.com/go-gitea/gitea/issues/28193,https://github.com/go-gitea/gitea/tree/166ec1b4c3971b7e14c4b6456d29b38f93a4e915,https://github.com/go-gitea/gitea/tree/6d3c6741ec4ecdc59e2b57c8a9cfb2e019a7a9e7,https://github.com/go-gitea/gitea/compare/166ec1b4c3971b7e14c4b6456d29b38f93a4e915...6d3c6741ec4ecdc59e2b57c8a9cfb2e019a7a9e7
1854,Gitea,f6474cf2e9c11510de4bfe76ea5fbf84fe001dc9,58a39524581cbbb417f26f9326f294f388100158,34195,https://github.com/go-gitea/gitea/issues/34195,https://github.com/go-gitea/gitea/tree/f6474cf2e9c11510de4bfe76ea5fbf84fe001dc9,https://github.com/go-gitea/gitea/tree/58a39524581cbbb417f26f9326f294f388100158,https://github.com/go-gitea/gitea/compare/f6474cf2e9c11510de4bfe76ea5fbf84fe001dc9...58a39524581cbbb417f26f9326f294f388100158
1855,Gitea,af6be75adb99ff42215a945927c016aa5e40dab2,d1a3bd68140adcc76ad6163c02a1fe00d59aecae,32554,https://github.com/go-gitea/gitea/issues/32554,https://github.com/go-gitea/gitea/tree/af6be75adb99ff42215a945927c016aa5e40dab2,https://github.com/go-gitea/gitea/tree/d1a3bd68140adcc76ad6163c02a1fe00d59aecae,https://github.com/go-gitea/gitea/compare/af6be75adb99ff42215a945927c016aa5e40dab2...d1a3bd68140adcc76ad6163c02a1fe00d59aecae
1856,Gitea,58d2a87c6c4431873340cb7c00fa43670d4418aa,e625250ffc48d5f5e899d27f11aadce04ce6cb6f,34246,https://github.com/go-gitea/gitea/issues/34246,https://github.com/go-gitea/gitea/tree/58d2a87c6c4431873340cb7c00fa43670d4418aa,https://github.com/go-gitea/gitea/tree/e625250ffc48d5f5e899d27f11aadce04ce6cb6f,https://github.com/go-gitea/gitea/compare/58d2a87c6c4431873340cb7c00fa43670d4418aa...e625250ffc48d5f5e899d27f11aadce04ce6cb6f
1857,Gitea,58d2a87c6c4431873340cb7c00fa43670d4418aa,e625250ffc48d5f5e899d27f11aadce04ce6cb6f,34265,https://github.com/go-gitea/gitea/issues/34265,https://github.com/go-gitea/gitea/tree/58d2a87c6c4431873340cb7c00fa43670d4418aa,https://github.com/go-gitea/gitea/tree/e625250ffc48d5f5e899d27f11aadce04ce6cb6f,https://github.com/go-gitea/gitea/compare/58d2a87c6c4431873340cb7c00fa43670d4418aa...e625250ffc48d5f5e899d27f11aadce04ce6cb6f
1858,Gitea,e625250ffc48d5f5e899d27f11aadce04ce6cb6f,e73c1139aced60b3ebd022adcfbc41dafa58a1e8,34254,https://github.com/go-gitea/gitea/issues/34254,https://github.com/go-gitea/gitea/tree/e625250ffc48d5f5e899d27f11aadce04ce6cb6f,https://github.com/go-gitea/gitea/tree/e73c1139aced60b3ebd022adcfbc41dafa58a1e8,https://github.com/go-gitea/gitea/compare/e625250ffc48d5f5e899d27f11aadce04ce6cb6f...e73c1139aced60b3ebd022adcfbc41dafa58a1e8
1859,Gitea,8aee07a0641d345ada5622cb7d345badca503929,b758241f28bb980c8c812e29bcdc4d8d2943e8d1,34269,https://github.com/go-gitea/gitea/issues/34269,https://github.com/go-gitea/gitea/tree/8aee07a0641d345ada5622cb7d345badca503929,https://github.com/go-gitea/gitea/tree/b758241f28bb980c8c812e29bcdc4d8d2943e8d1,https://github.com/go-gitea/gitea/compare/8aee07a0641d345ada5622cb7d345badca503929...b758241f28bb980c8c812e29bcdc4d8d2943e8d1
1860,Gitea,4ed07244b9dc6fab939f9c2e277475d9d7f7ac2f,0148d03f216731d7e16eeafb09bde2976228b297,880,https://github.com/go-gitea/gitea/issues/880,https://github.com/go-gitea/gitea/tree/4ed07244b9dc6fab939f9c2e277475d9d7f7ac2f,https://github.com/go-gitea/gitea/tree/0148d03f216731d7e16eeafb09bde2976228b297,https://github.com/go-gitea/gitea/compare/4ed07244b9dc6fab939f9c2e277475d9d7f7ac2f...0148d03f216731d7e16eeafb09bde2976228b297
1861,Gitea,6d3c6741ec4ecdc59e2b57c8a9cfb2e019a7a9e7,af6be75adb99ff42215a945927c016aa5e40dab2,27847,https://github.com/go-gitea/gitea/issues/27847,https://github.com/go-gitea/gitea/tree/6d3c6741ec4ecdc59e2b57c8a9cfb2e019a7a9e7,https://github.com/go-gitea/gitea/tree/af6be75adb99ff42215a945927c016aa5e40dab2,https://github.com/go-gitea/gitea/compare/6d3c6741ec4ecdc59e2b57c8a9cfb2e019a7a9e7...af6be75adb99ff42215a945927c016aa5e40dab2
1862,Gitea,f0544dbfca9e8510f28812ed0ffe4aa91fd93672,eda6d65818d4eb80c35b25be43ce8de9588d7161,33197,https://github.com/go-gitea/gitea/issues/33197,https://github.com/go-gitea/gitea/tree/f0544dbfca9e8510f28812ed0ffe4aa91fd93672,https://github.com/go-gitea/gitea/tree/eda6d65818d4eb80c35b25be43ce8de9588d7161,https://github.com/go-gitea/gitea/compare/f0544dbfca9e8510f28812ed0ffe4aa91fd93672...eda6d65818d4eb80c35b25be43ce8de9588d7161
1863,Gitea,27ff5e2e84d448dfbc2ba3bea24c0a26a8971ad7,44ece1e6f3e026c802dbfe598882b2d1ee97b8ca,34275,https://github.com/go-gitea/gitea/issues/34275,https://github.com/go-gitea/gitea/tree/27ff5e2e84d448dfbc2ba3bea24c0a26a8971ad7,https://github.com/go-gitea/gitea/tree/44ece1e6f3e026c802dbfe598882b2d1ee97b8ca,https://github.com/go-gitea/gitea/compare/27ff5e2e84d448dfbc2ba3bea24c0a26a8971ad7...44ece1e6f3e026c802dbfe598882b2d1ee97b8ca
1864,Gitea,ce6699db019c05eee5ec32c6dc5ffefa32b06ace,ba5c3f808768f46d20d723e7f062b4d970165067,34300,https://github.com/go-gitea/gitea/issues/34300,https://github.com/go-gitea/gitea/tree/ce6699db019c05eee5ec32c6dc5ffefa32b06ace,https://github.com/go-gitea/gitea/tree/ba5c3f808768f46d20d723e7f062b4d970165067,https://github.com/go-gitea/gitea/compare/ce6699db019c05eee5ec32c6dc5ffefa32b06ace...ba5c3f808768f46d20d723e7f062b4d970165067
1865,Gitea,0148d03f216731d7e16eeafb09bde2976228b297,44d7d2973afc942df120f081a138eddcd9f81511,34224,https://github.com/go-gitea/gitea/issues/34224,https://github.com/go-gitea/gitea/tree/0148d03f216731d7e16eeafb09bde2976228b297,https://github.com/go-gitea/gitea/tree/44d7d2973afc942df120f081a138eddcd9f81511,https://github.com/go-gitea/gitea/compare/0148d03f216731d7e16eeafb09bde2976228b297...44d7d2973afc942df120f081a138eddcd9f81511
1866,Gitea,b5fd3e7210cfbcb87015f3a5b8c3f25eab2a5715,5cb4cbf044e2f0483afc92516bb4b9aff6ea2b9a,34424,https://github.com/go-gitea/gitea/issues/34424,https://github.com/go-gitea/gitea/tree/b5fd3e7210cfbcb87015f3a5b8c3f25eab2a5715,https://github.com/go-gitea/gitea/tree/5cb4cbf044e2f0483afc92516bb4b9aff6ea2b9a,https://github.com/go-gitea/gitea/compare/b5fd3e7210cfbcb87015f3a5b8c3f25eab2a5715...5cb4cbf044e2f0483afc92516bb4b9aff6ea2b9a
1867,Gitea,780e92ea99646dfefbe11734a4845fbf304be83c,34281bc198a5ad9a1faa5285d4648b05d7218aaa,34400,https://github.com/go-gitea/gitea/issues/34400,https://github.com/go-gitea/gitea/tree/780e92ea99646dfefbe11734a4845fbf304be83c,https://github.com/go-gitea/gitea/tree/34281bc198a5ad9a1faa5285d4648b05d7218aaa,https://github.com/go-gitea/gitea/compare/780e92ea99646dfefbe11734a4845fbf304be83c...34281bc198a5ad9a1faa5285d4648b05d7218aaa
1868,Gitea,0f63a5ef48b23c6ab26a4b13cfd26edbe4efbfa3,9b8609e017aef8376eb59d9fd3e428e35f9caeda,34353,https://github.com/go-gitea/gitea/issues/34353,https://github.com/go-gitea/gitea/tree/0f63a5ef48b23c6ab26a4b13cfd26edbe4efbfa3,https://github.com/go-gitea/gitea/tree/9b8609e017aef8376eb59d9fd3e428e35f9caeda,https://github.com/go-gitea/gitea/compare/0f63a5ef48b23c6ab26a4b13cfd26edbe4efbfa3...9b8609e017aef8376eb59d9fd3e428e35f9caeda
1869,Gitea,0f63a5ef48b23c6ab26a4b13cfd26edbe4efbfa3,9b8609e017aef8376eb59d9fd3e428e35f9caeda,34418,https://github.com/go-gitea/gitea/issues/34418,https://github.com/go-gitea/gitea/tree/0f63a5ef48b23c6ab26a4b13cfd26edbe4efbfa3,https://github.com/go-gitea/gitea/tree/9b8609e017aef8376eb59d9fd3e428e35f9caeda,https://github.com/go-gitea/gitea/compare/0f63a5ef48b23c6ab26a4b13cfd26edbe4efbfa3...9b8609e017aef8376eb59d9fd3e428e35f9caeda
1870,Gitea,319d03fbc049de34a6fa0bc3019107ec5b724ff2,bf338bb9e231a8f9ccef7de2e13a0fdf871fc680,34469,https://github.com/go-gitea/gitea/issues/34469,https://github.com/go-gitea/gitea/tree/319d03fbc049de34a6fa0bc3019107ec5b724ff2,https://github.com/go-gitea/gitea/tree/bf338bb9e231a8f9ccef7de2e13a0fdf871fc680,https://github.com/go-gitea/gitea/compare/319d03fbc049de34a6fa0bc3019107ec5b724ff2...bf338bb9e231a8f9ccef7de2e13a0fdf871fc680
1871,Gitea,5cb4cbf044e2f0483afc92516bb4b9aff6ea2b9a,a0595add72db4a5fb421579b9c6bb7dae1392c86,34448,https://github.com/go-gitea/gitea/issues/34448,https://github.com/go-gitea/gitea/tree/5cb4cbf044e2f0483afc92516bb4b9aff6ea2b9a,https://github.com/go-gitea/gitea/tree/a0595add72db4a5fb421579b9c6bb7dae1392c86,https://github.com/go-gitea/gitea/compare/5cb4cbf044e2f0483afc92516bb4b9aff6ea2b9a...a0595add72db4a5fb421579b9c6bb7dae1392c86
1872,Gitea,4a98ab05403ef1900937487d434bc075812b0303,b07e03956af8f29464067b19cb5cacee358b592f,34318,https://github.com/go-gitea/gitea/issues/34318,https://github.com/go-gitea/gitea/tree/4a98ab05403ef1900937487d434bc075812b0303,https://github.com/go-gitea/gitea/tree/b07e03956af8f29464067b19cb5cacee358b592f,https://github.com/go-gitea/gitea/compare/4a98ab05403ef1900937487d434bc075812b0303...b07e03956af8f29464067b19cb5cacee358b592f
1873,Gitea,9d4ebc1f2caa2cad9f5815e2760c49185b0809e4,9b295e984a15f0b903675adfe4ee8bd2c5f7c0d4,34524,https://github.com/go-gitea/gitea/issues/34524,https://github.com/go-gitea/gitea/tree/9d4ebc1f2caa2cad9f5815e2760c49185b0809e4,https://github.com/go-gitea/gitea/tree/9b295e984a15f0b903675adfe4ee8bd2c5f7c0d4,https://github.com/go-gitea/gitea/compare/9d4ebc1f2caa2cad9f5815e2760c49185b0809e4...9b295e984a15f0b903675adfe4ee8bd2c5f7c0d4
1874,Gitea,82ea2387e4c225617d607c0e25043920837dba7b,d5bbaee64e44327e78e39ad7a1977e21ddc59e1c,34523,https://github.com/go-gitea/gitea/issues/34523,https://github.com/go-gitea/gitea/tree/82ea2387e4c225617d607c0e25043920837dba7b,https://github.com/go-gitea/gitea/tree/d5bbaee64e44327e78e39ad7a1977e21ddc59e1c,https://github.com/go-gitea/gitea/compare/82ea2387e4c225617d607c0e25043920837dba7b...d5bbaee64e44327e78e39ad7a1977e21ddc59e1c
1875,Gitea,1e0758a9f1aade415de434163bb0f6363dc6ca50,a9a705f4db95dfcfd21a0ad4fcb8f6a7a8809ff5,34627,https://github.com/go-gitea/gitea/issues/34627,https://github.com/go-gitea/gitea/tree/1e0758a9f1aade415de434163bb0f6363dc6ca50,https://github.com/go-gitea/gitea/tree/a9a705f4db95dfcfd21a0ad4fcb8f6a7a8809ff5,https://github.com/go-gitea/gitea/compare/1e0758a9f1aade415de434163bb0f6363dc6ca50...a9a705f4db95dfcfd21a0ad4fcb8f6a7a8809ff5
1876,Gitea,9165ea8713adb959b6dda4e64bee1a9b2f818288,c6b2cbd75d290b3b831d9b0ee8b47270e68b273b,34590,https://github.com/go-gitea/gitea/issues/34590,https://github.com/go-gitea/gitea/tree/9165ea8713adb959b6dda4e64bee1a9b2f818288,https://github.com/go-gitea/gitea/tree/c6b2cbd75d290b3b831d9b0ee8b47270e68b273b,https://github.com/go-gitea/gitea/compare/9165ea8713adb959b6dda4e64bee1a9b2f818288...c6b2cbd75d290b3b831d9b0ee8b47270e68b273b
1877,Gitea,9165ea8713adb959b6dda4e64bee1a9b2f818288,c6b2cbd75d290b3b831d9b0ee8b47270e68b273b,34511,https://github.com/go-gitea/gitea/issues/34511,https://github.com/go-gitea/gitea/tree/9165ea8713adb959b6dda4e64bee1a9b2f818288,https://github.com/go-gitea/gitea/tree/c6b2cbd75d290b3b831d9b0ee8b47270e68b273b,https://github.com/go-gitea/gitea/compare/9165ea8713adb959b6dda4e64bee1a9b2f818288...c6b2cbd75d290b3b831d9b0ee8b47270e68b273b
1878,Gitea,e9f5105e9502c4cedd19b7f6dde02adee8caff2a,1610a63bfd9e243a0d1ad8a5d05a5ae011a957a9,34674,https://github.com/go-gitea/gitea/issues/34674,https://github.com/go-gitea/gitea/tree/e9f5105e9502c4cedd19b7f6dde02adee8caff2a,https://github.com/go-gitea/gitea/tree/1610a63bfd9e243a0d1ad8a5d05a5ae011a957a9,https://github.com/go-gitea/gitea/compare/e9f5105e9502c4cedd19b7f6dde02adee8caff2a...1610a63bfd9e243a0d1ad8a5d05a5ae011a957a9
1879,Gitea,e9f5105e9502c4cedd19b7f6dde02adee8caff2a,1610a63bfd9e243a0d1ad8a5d05a5ae011a957a9,34676,https://github.com/go-gitea/gitea/issues/34676,https://github.com/go-gitea/gitea/tree/e9f5105e9502c4cedd19b7f6dde02adee8caff2a,https://github.com/go-gitea/gitea/tree/1610a63bfd9e243a0d1ad8a5d05a5ae011a957a9,https://github.com/go-gitea/gitea/compare/e9f5105e9502c4cedd19b7f6dde02adee8caff2a...1610a63bfd9e243a0d1ad8a5d05a5ae011a957a9
1880,Gitea,e9f5105e9502c4cedd19b7f6dde02adee8caff2a,1610a63bfd9e243a0d1ad8a5d05a5ae011a957a9,34679,https://github.com/go-gitea/gitea/issues/34679,https://github.com/go-gitea/gitea/tree/e9f5105e9502c4cedd19b7f6dde02adee8caff2a,https://github.com/go-gitea/gitea/tree/1610a63bfd9e243a0d1ad8a5d05a5ae011a957a9,https://github.com/go-gitea/gitea/compare/e9f5105e9502c4cedd19b7f6dde02adee8caff2a...1610a63bfd9e243a0d1ad8a5d05a5ae011a957a9
1881,Gitea,fbc3796f9e26e38e1ab8624d5d9ab24ccf1ba6ac,c9505a26b9c4147bc7098e20de732a415669520e,31392,https://github.com/go-gitea/gitea/issues/31392,https://github.com/go-gitea/gitea/tree/fbc3796f9e26e38e1ab8624d5d9ab24ccf1ba6ac,https://github.com/go-gitea/gitea/tree/c9505a26b9c4147bc7098e20de732a415669520e,https://github.com/go-gitea/gitea/compare/fbc3796f9e26e38e1ab8624d5d9ab24ccf1ba6ac...c9505a26b9c4147bc7098e20de732a415669520e
1882,Gitea,06ccb3a1d46433aa0dda24f697f7586f3024c032,d5893ee260d6fa7cb1919748555fc1d69b9145cb,34696,https://github.com/go-gitea/gitea/issues/34696,https://github.com/go-gitea/gitea/tree/06ccb3a1d46433aa0dda24f697f7586f3024c032,https://github.com/go-gitea/gitea/tree/d5893ee260d6fa7cb1919748555fc1d69b9145cb,https://github.com/go-gitea/gitea/compare/06ccb3a1d46433aa0dda24f697f7586f3024c032...d5893ee260d6fa7cb1919748555fc1d69b9145cb
1883,Gitea,b408bf2f0bb6e76e73421e63128f08d42047e7c0,7b39c8258779363e2071b6171726166c58f843ae,25846,https://github.com/go-gitea/gitea/issues/25846,https://github.com/go-gitea/gitea/tree/b408bf2f0bb6e76e73421e63128f08d42047e7c0,https://github.com/go-gitea/gitea/tree/7b39c8258779363e2071b6171726166c58f843ae,https://github.com/go-gitea/gitea/compare/b408bf2f0bb6e76e73421e63128f08d42047e7c0...7b39c8258779363e2071b6171726166c58f843ae
1884,Gitea,b38f2d31fdcd1fc5facda86be33d3f830503f538,47d69b7749689a7a7570ac20bdfd30d336daf7c1,34618,https://github.com/go-gitea/gitea/issues/34618,https://github.com/go-gitea/gitea/tree/b38f2d31fdcd1fc5facda86be33d3f830503f538,https://github.com/go-gitea/gitea/tree/47d69b7749689a7a7570ac20bdfd30d336daf7c1,https://github.com/go-gitea/gitea/compare/b38f2d31fdcd1fc5facda86be33d3f830503f538...47d69b7749689a7a7570ac20bdfd30d336daf7c1
1885,Gitea,d5afdccde82e7f00e54d140533308fe76bf41783,fbc3796f9e26e38e1ab8624d5d9ab24ccf1ba6ac,34682,https://github.com/go-gitea/gitea/issues/34682,https://github.com/go-gitea/gitea/tree/d5afdccde82e7f00e54d140533308fe76bf41783,https://github.com/go-gitea/gitea/tree/fbc3796f9e26e38e1ab8624d5d9ab24ccf1ba6ac,https://github.com/go-gitea/gitea/compare/d5afdccde82e7f00e54d140533308fe76bf41783...fbc3796f9e26e38e1ab8624d5d9ab24ccf1ba6ac
1886,Gitea,67083437cd74cda28ef165b965cd5b2fbdb8580f,0ea958dc58361be01514b3dcf1983e163af68836,34779,https://github.com/go-gitea/gitea/issues/34779,https://github.com/go-gitea/gitea/tree/67083437cd74cda28ef165b965cd5b2fbdb8580f,https://github.com/go-gitea/gitea/tree/0ea958dc58361be01514b3dcf1983e163af68836,https://github.com/go-gitea/gitea/compare/67083437cd74cda28ef165b965cd5b2fbdb8580f...0ea958dc58361be01514b3dcf1983e163af68836
1887,Gitea,0d3e9956cd73b78514a0507eb05446dcc9b7b8cc,637070e07bd34c914162cc479aa1683507d9cb14,34724,https://github.com/go-gitea/gitea/issues/34724,https://github.com/go-gitea/gitea/tree/0d3e9956cd73b78514a0507eb05446dcc9b7b8cc,https://github.com/go-gitea/gitea/tree/637070e07bd34c914162cc479aa1683507d9cb14,https://github.com/go-gitea/gitea/compare/0d3e9956cd73b78514a0507eb05446dcc9b7b8cc...637070e07bd34c914162cc479aa1683507d9cb14
1888,Gitea,719b151058a674ad14909d0bba75a88870727756,e0f3b308950c8f8b4ba53fda89200b342e9e4c5e,34792,https://github.com/go-gitea/gitea/issues/34792,https://github.com/go-gitea/gitea/tree/719b151058a674ad14909d0bba75a88870727756,https://github.com/go-gitea/gitea/tree/e0f3b308950c8f8b4ba53fda89200b342e9e4c5e,https://github.com/go-gitea/gitea/compare/719b151058a674ad14909d0bba75a88870727756...e0f3b308950c8f8b4ba53fda89200b342e9e4c5e
1889,Gitea,65986f423fd7718e8c0afc68261d2655bf60571c,8fed27bf6a8a7582a3b2afcda7842b735f6ea5bd,34707,https://github.com/go-gitea/gitea/issues/34707,https://github.com/go-gitea/gitea/tree/65986f423fd7718e8c0afc68261d2655bf60571c,https://github.com/go-gitea/gitea/tree/8fed27bf6a8a7582a3b2afcda7842b735f6ea5bd,https://github.com/go-gitea/gitea/compare/65986f423fd7718e8c0afc68261d2655bf60571c...8fed27bf6a8a7582a3b2afcda7842b735f6ea5bd
1890,Gitea,4cbb48255476f9f29a87e45faee111f217532f79,037f72bdb300f5be6ff64d6686aea36613df2442,34740,https://github.com/go-gitea/gitea/issues/34740,https://github.com/go-gitea/gitea/tree/4cbb48255476f9f29a87e45faee111f217532f79,https://github.com/go-gitea/gitea/tree/037f72bdb300f5be6ff64d6686aea36613df2442,https://github.com/go-gitea/gitea/compare/4cbb48255476f9f29a87e45faee111f217532f79...037f72bdb300f5be6ff64d6686aea36613df2442
1891,Gitea,b38813878c8d5bcdf41f33a2b3a1ddddd7cef0af,0e6c1224e5e80757707a675d46189ce8ca2da534,31961,https://github.com/go-gitea/gitea/issues/31961,https://github.com/go-gitea/gitea/tree/b38813878c8d5bcdf41f33a2b3a1ddddd7cef0af,https://github.com/go-gitea/gitea/tree/0e6c1224e5e80757707a675d46189ce8ca2da534,https://github.com/go-gitea/gitea/compare/b38813878c8d5bcdf41f33a2b3a1ddddd7cef0af...0e6c1224e5e80757707a675d46189ce8ca2da534
1892,Gitea,04783f548de5d97a5f2d95e007a1e4d8bf3887b4,d23c911997ccad905ff49ddeb867811bb3dfa873,34852,https://github.com/go-gitea/gitea/issues/34852,https://github.com/go-gitea/gitea/tree/04783f548de5d97a5f2d95e007a1e4d8bf3887b4,https://github.com/go-gitea/gitea/tree/d23c911997ccad905ff49ddeb867811bb3dfa873,https://github.com/go-gitea/gitea/compare/04783f548de5d97a5f2d95e007a1e4d8bf3887b4...d23c911997ccad905ff49ddeb867811bb3dfa873
1893,Gitea,e17dfce61b3ded0e471ae40863fe346102768664,8df59fa11cbbd99fc4e67607a7536695c34da4f7,34888,https://github.com/go-gitea/gitea/issues/34888,https://github.com/go-gitea/gitea/tree/e17dfce61b3ded0e471ae40863fe346102768664,https://github.com/go-gitea/gitea/tree/8df59fa11cbbd99fc4e67607a7536695c34da4f7,https://github.com/go-gitea/gitea/compare/e17dfce61b3ded0e471ae40863fe346102768664...8df59fa11cbbd99fc4e67607a7536695c34da4f7
1894,Gitea,09bb19ad01bad8588fb9190fa9397418d1228d78,a94e472788be0e956b4a231b7067af354a4213e3,34913,https://github.com/go-gitea/gitea/issues/34913,https://github.com/go-gitea/gitea/tree/09bb19ad01bad8588fb9190fa9397418d1228d78,https://github.com/go-gitea/gitea/tree/a94e472788be0e956b4a231b7067af354a4213e3,https://github.com/go-gitea/gitea/compare/09bb19ad01bad8588fb9190fa9397418d1228d78...a94e472788be0e956b4a231b7067af354a4213e3
1895,Gitea,e0745eb14daad91e1c27c795cf8546be30749dd0,9dafcc5c9e779fba1957400a76041ed091660710,34967,https://github.com/go-gitea/gitea/issues/34967,https://github.com/go-gitea/gitea/tree/e0745eb14daad91e1c27c795cf8546be30749dd0,https://github.com/go-gitea/gitea/tree/9dafcc5c9e779fba1957400a76041ed091660710,https://github.com/go-gitea/gitea/compare/e0745eb14daad91e1c27c795cf8546be30749dd0...9dafcc5c9e779fba1957400a76041ed091660710
1896,Gitea,3763c2ae28ebfa539cefb7ce0830cf5ee6c6f1df,4e10adc871363ccd099867563a06a55bb50b296a,34988,https://github.com/go-gitea/gitea/issues/34988,https://github.com/go-gitea/gitea/tree/3763c2ae28ebfa539cefb7ce0830cf5ee6c6f1df,https://github.com/go-gitea/gitea/tree/4e10adc871363ccd099867563a06a55bb50b296a,https://github.com/go-gitea/gitea/compare/3763c2ae28ebfa539cefb7ce0830cf5ee6c6f1df...4e10adc871363ccd099867563a06a55bb50b296a
1897,Gitea,d3d357a4a4bfdd3a2ebd81021e5d62b1cf5cd59d,f1b78f3cdd5ae23fd679c9c1a85f4f1e85e92857,34991,https://github.com/go-gitea/gitea/issues/34991,https://github.com/go-gitea/gitea/tree/d3d357a4a4bfdd3a2ebd81021e5d62b1cf5cd59d,https://github.com/go-gitea/gitea/tree/f1b78f3cdd5ae23fd679c9c1a85f4f1e85e92857,https://github.com/go-gitea/gitea/compare/d3d357a4a4bfdd3a2ebd81021e5d62b1cf5cd59d...f1b78f3cdd5ae23fd679c9c1a85f4f1e85e92857
1898,Gitea,bb0c84e8c3254a96e44147a117ea44aa3c743598,211135b4bb2aa97b344c37e9ffb10111c5962454,35011,https://github.com/go-gitea/gitea/issues/35011,https://github.com/go-gitea/gitea/tree/bb0c84e8c3254a96e44147a117ea44aa3c743598,https://github.com/go-gitea/gitea/tree/211135b4bb2aa97b344c37e9ffb10111c5962454,https://github.com/go-gitea/gitea/compare/bb0c84e8c3254a96e44147a117ea44aa3c743598...211135b4bb2aa97b344c37e9ffb10111c5962454
1899,Gitea,36a19f2569493163d76ea95a5a3060fd1daae6de,f35dcfd489490ec9ad552bb38afc237ad94ed5a2,35033,https://github.com/go-gitea/gitea/issues/35033,https://github.com/go-gitea/gitea/tree/36a19f2569493163d76ea95a5a3060fd1daae6de,https://github.com/go-gitea/gitea/tree/f35dcfd489490ec9ad552bb38afc237ad94ed5a2,https://github.com/go-gitea/gitea/compare/36a19f2569493163d76ea95a5a3060fd1daae6de...f35dcfd489490ec9ad552bb38afc237ad94ed5a2
1900,Gitea,a5a3d9b10177e0266a0877936c517f54102b3f91,7a15334656cb2b9df0f79a692518ecb38674ba58,34882,https://github.com/go-gitea/gitea/issues/34882,https://github.com/go-gitea/gitea/tree/a5a3d9b10177e0266a0877936c517f54102b3f91,https://github.com/go-gitea/gitea/tree/7a15334656cb2b9df0f79a692518ecb38674ba58,https://github.com/go-gitea/gitea/compare/a5a3d9b10177e0266a0877936c517f54102b3f91...7a15334656cb2b9df0f79a692518ecb38674ba58
1901,Gitea,a5a3d9b10177e0266a0877936c517f54102b3f91,7a15334656cb2b9df0f79a692518ecb38674ba58,34991,https://github.com/go-gitea/gitea/issues/34991,https://github.com/go-gitea/gitea/tree/a5a3d9b10177e0266a0877936c517f54102b3f91,https://github.com/go-gitea/gitea/tree/7a15334656cb2b9df0f79a692518ecb38674ba58,https://github.com/go-gitea/gitea/compare/a5a3d9b10177e0266a0877936c517f54102b3f91...7a15334656cb2b9df0f79a692518ecb38674ba58
1902,Gitea,56eccb49954dbb561f4360481c3e52de92080f20,1352080ef7ab8da75cba11b2c58d17b3d0e374f3,35040,https://github.com/go-gitea/gitea/issues/35040,https://github.com/go-gitea/gitea/tree/56eccb49954dbb561f4360481c3e52de92080f20,https://github.com/go-gitea/gitea/tree/1352080ef7ab8da75cba11b2c58d17b3d0e374f3,https://github.com/go-gitea/gitea/compare/56eccb49954dbb561f4360481c3e52de92080f20...1352080ef7ab8da75cba11b2c58d17b3d0e374f3
1903,Gitea,56eccb49954dbb561f4360481c3e52de92080f20,1352080ef7ab8da75cba11b2c58d17b3d0e374f3,35049,https://github.com/go-gitea/gitea/issues/35049,https://github.com/go-gitea/gitea/tree/56eccb49954dbb561f4360481c3e52de92080f20,https://github.com/go-gitea/gitea/tree/1352080ef7ab8da75cba11b2c58d17b3d0e374f3,https://github.com/go-gitea/gitea/compare/56eccb49954dbb561f4360481c3e52de92080f20...1352080ef7ab8da75cba11b2c58d17b3d0e374f3
1904,Gitea,6599efb3b1400ac06d06e1c8b68ae6037fbb7952,7cc47da78cef9648a7c930fd68e7436be8f78e57,35060,https://github.com/go-gitea/gitea/issues/35060,https://github.com/go-gitea/gitea/tree/6599efb3b1400ac06d06e1c8b68ae6037fbb7952,https://github.com/go-gitea/gitea/tree/7cc47da78cef9648a7c930fd68e7436be8f78e57,https://github.com/go-gitea/gitea/compare/6599efb3b1400ac06d06e1c8b68ae6037fbb7952...7cc47da78cef9648a7c930fd68e7436be8f78e57
1905,Gitea,b861d86f80ea7a848efb539b798bbde3c7877d02,d08459820dc1f3ac98b36bcd0adc1d3e05d62a14,35054,https://github.com/go-gitea/gitea/issues/35054,https://github.com/go-gitea/gitea/tree/b861d86f80ea7a848efb539b798bbde3c7877d02,https://github.com/go-gitea/gitea/tree/d08459820dc1f3ac98b36bcd0adc1d3e05d62a14,https://github.com/go-gitea/gitea/compare/b861d86f80ea7a848efb539b798bbde3c7877d02...d08459820dc1f3ac98b36bcd0adc1d3e05d62a14
1906,Gitea,97fc87af89a03470999a1a68e293417e36bd9b52,6455c8202beacf215ba96793e75b29859f904ae3,34929,https://github.com/go-gitea/gitea/issues/34929,https://github.com/go-gitea/gitea/tree/97fc87af89a03470999a1a68e293417e36bd9b52,https://github.com/go-gitea/gitea/tree/6455c8202beacf215ba96793e75b29859f904ae3,https://github.com/go-gitea/gitea/compare/97fc87af89a03470999a1a68e293417e36bd9b52...6455c8202beacf215ba96793e75b29859f904ae3
1907,Gitea,41678e1a5794f7353e973f198761635c9d5f41b9,70685a948979469a8086b2e8d1784a8f27c40f33,34946,https://github.com/go-gitea/gitea/issues/34946,https://github.com/go-gitea/gitea/tree/41678e1a5794f7353e973f198761635c9d5f41b9,https://github.com/go-gitea/gitea/tree/70685a948979469a8086b2e8d1784a8f27c40f33,https://github.com/go-gitea/gitea/compare/41678e1a5794f7353e973f198761635c9d5f41b9...70685a948979469a8086b2e8d1784a8f27c40f33
1908,Gitea,7a15334656cb2b9df0f79a692518ecb38674ba58,b46623f6a5aa8beb3613bd89abde8d77b1e66758,35030,https://github.com/go-gitea/gitea/issues/35030,https://github.com/go-gitea/gitea/tree/7a15334656cb2b9df0f79a692518ecb38674ba58,https://github.com/go-gitea/gitea/tree/b46623f6a5aa8beb3613bd89abde8d77b1e66758,https://github.com/go-gitea/gitea/compare/7a15334656cb2b9df0f79a692518ecb38674ba58...b46623f6a5aa8beb3613bd89abde8d77b1e66758
1909,Gitea,e1e4815a1c046851fd72d0ff5765116657fa9e86,fc4cb07beb93d24bdf94b6dfa1cac519f54154d9,35095,https://github.com/go-gitea/gitea/issues/35095,https://github.com/go-gitea/gitea/tree/e1e4815a1c046851fd72d0ff5765116657fa9e86,https://github.com/go-gitea/gitea/tree/fc4cb07beb93d24bdf94b6dfa1cac519f54154d9,https://github.com/go-gitea/gitea/compare/e1e4815a1c046851fd72d0ff5765116657fa9e86...fc4cb07beb93d24bdf94b6dfa1cac519f54154d9
1910,Gitea,6455c8202beacf215ba96793e75b29859f904ae3,8cbec63cc70f9ebbe1558123d95cbe63b2f31782,18846,https://github.com/go-gitea/gitea/issues/18846,https://github.com/go-gitea/gitea/tree/6455c8202beacf215ba96793e75b29859f904ae3,https://github.com/go-gitea/gitea/tree/8cbec63cc70f9ebbe1558123d95cbe63b2f31782,https://github.com/go-gitea/gitea/compare/6455c8202beacf215ba96793e75b29859f904ae3...8cbec63cc70f9ebbe1558123d95cbe63b2f31782
1911,Gitea,6455c8202beacf215ba96793e75b29859f904ae3,8cbec63cc70f9ebbe1558123d95cbe63b2f31782,34924,https://github.com/go-gitea/gitea/issues/34924,https://github.com/go-gitea/gitea/tree/6455c8202beacf215ba96793e75b29859f904ae3,https://github.com/go-gitea/gitea/tree/8cbec63cc70f9ebbe1558123d95cbe63b2f31782,https://github.com/go-gitea/gitea/compare/6455c8202beacf215ba96793e75b29859f904ae3...8cbec63cc70f9ebbe1558123d95cbe63b2f31782
1912,Gitea,8f91bfe9d82e6da43c12a60b5a54f910e076a560,c4f5b2b53192ddf7f7585153a3f95ea8fd0f4861,35106,https://github.com/go-gitea/gitea/issues/35106,https://github.com/go-gitea/gitea/tree/8f91bfe9d82e6da43c12a60b5a54f910e076a560,https://github.com/go-gitea/gitea/tree/c4f5b2b53192ddf7f7585153a3f95ea8fd0f4861,https://github.com/go-gitea/gitea/compare/8f91bfe9d82e6da43c12a60b5a54f910e076a560...c4f5b2b53192ddf7f7585153a3f95ea8fd0f4861
1913,Gitea,fc4cb07beb93d24bdf94b6dfa1cac519f54154d9,bc78a9a38afca1c9e429923a38999bbd52df4634,15977,https://github.com/go-gitea/gitea/issues/15977,https://github.com/go-gitea/gitea/tree/fc4cb07beb93d24bdf94b6dfa1cac519f54154d9,https://github.com/go-gitea/gitea/tree/bc78a9a38afca1c9e429923a38999bbd52df4634,https://github.com/go-gitea/gitea/compare/fc4cb07beb93d24bdf94b6dfa1cac519f54154d9...bc78a9a38afca1c9e429923a38999bbd52df4634
1914,Gitea,13b9659952f72cbbca05a35fd90375cb80c0841f,8f91bfe9d82e6da43c12a60b5a54f910e076a560,35095,https://github.com/go-gitea/gitea/issues/35095,https://github.com/go-gitea/gitea/tree/13b9659952f72cbbca05a35fd90375cb80c0841f,https://github.com/go-gitea/gitea/tree/8f91bfe9d82e6da43c12a60b5a54f910e076a560,https://github.com/go-gitea/gitea/compare/13b9659952f72cbbca05a35fd90375cb80c0841f...8f91bfe9d82e6da43c12a60b5a54f910e076a560
1915,Gitea,13b9659952f72cbbca05a35fd90375cb80c0841f,8f91bfe9d82e6da43c12a60b5a54f910e076a560,35115,https://github.com/go-gitea/gitea/issues/35115,https://github.com/go-gitea/gitea/tree/13b9659952f72cbbca05a35fd90375cb80c0841f,https://github.com/go-gitea/gitea/tree/8f91bfe9d82e6da43c12a60b5a54f910e076a560,https://github.com/go-gitea/gitea/compare/13b9659952f72cbbca05a35fd90375cb80c0841f...8f91bfe9d82e6da43c12a60b5a54f910e076a560
1916,Gitea,b7d8fade72b8277a26e09ae11c293744b738e0a5,85b5877bb08401b3792f20688cea08837ddc52ef,35144,https://github.com/go-gitea/gitea/issues/35144,https://github.com/go-gitea/gitea/tree/b7d8fade72b8277a26e09ae11c293744b738e0a5,https://github.com/go-gitea/gitea/tree/85b5877bb08401b3792f20688cea08837ddc52ef,https://github.com/go-gitea/gitea/compare/b7d8fade72b8277a26e09ae11c293744b738e0a5...85b5877bb08401b3792f20688cea08837ddc52ef
1917,Gitea,b7d8fade72b8277a26e09ae11c293744b738e0a5,85b5877bb08401b3792f20688cea08837ddc52ef,35117,https://github.com/go-gitea/gitea/issues/35117,https://github.com/go-gitea/gitea/tree/b7d8fade72b8277a26e09ae11c293744b738e0a5,https://github.com/go-gitea/gitea/tree/85b5877bb08401b3792f20688cea08837ddc52ef,https://github.com/go-gitea/gitea/compare/b7d8fade72b8277a26e09ae11c293744b738e0a5...85b5877bb08401b3792f20688cea08837ddc52ef
1918,Gitea,b7d8fade72b8277a26e09ae11c293744b738e0a5,85b5877bb08401b3792f20688cea08837ddc52ef,35136,https://github.com/go-gitea/gitea/issues/35136,https://github.com/go-gitea/gitea/tree/b7d8fade72b8277a26e09ae11c293744b738e0a5,https://github.com/go-gitea/gitea/tree/85b5877bb08401b3792f20688cea08837ddc52ef,https://github.com/go-gitea/gitea/compare/b7d8fade72b8277a26e09ae11c293744b738e0a5...85b5877bb08401b3792f20688cea08837ddc52ef
1919,Gitea,2a8ecfb002d03dc9ee191d1f7a9ef4f373559b3f,5fd7fd3edbd48ea4eb99752c920424e0227e8343,35162,https://github.com/go-gitea/gitea/issues/35162,https://github.com/go-gitea/gitea/tree/2a8ecfb002d03dc9ee191d1f7a9ef4f373559b3f,https://github.com/go-gitea/gitea/tree/5fd7fd3edbd48ea4eb99752c920424e0227e8343,https://github.com/go-gitea/gitea/compare/2a8ecfb002d03dc9ee191d1f7a9ef4f373559b3f...5fd7fd3edbd48ea4eb99752c920424e0227e8343
1920,Gitea,3531e9dbfd3af9f0ff69794a7dd609c8a8c23b33,86aafea3fbaa69df05a104df697b0bbfc4ce6d1b,35126,https://github.com/go-gitea/gitea/issues/35126,https://github.com/go-gitea/gitea/tree/3531e9dbfd3af9f0ff69794a7dd609c8a8c23b33,https://github.com/go-gitea/gitea/tree/86aafea3fbaa69df05a104df697b0bbfc4ce6d1b,https://github.com/go-gitea/gitea/compare/3531e9dbfd3af9f0ff69794a7dd609c8a8c23b33...86aafea3fbaa69df05a104df697b0bbfc4ce6d1b
1921,Gitea,639ac0026ce0c72faaa8e6bf5c7a34b697c08534,891a82715870ecf03d4c19695e3fe82ce5e3bee6,35083,https://github.com/go-gitea/gitea/issues/35083,https://github.com/go-gitea/gitea/tree/639ac0026ce0c72faaa8e6bf5c7a34b697c08534,https://github.com/go-gitea/gitea/tree/891a82715870ecf03d4c19695e3fe82ce5e3bee6,https://github.com/go-gitea/gitea/compare/639ac0026ce0c72faaa8e6bf5c7a34b697c08534...891a82715870ecf03d4c19695e3fe82ce5e3bee6
1922,Gitea,54fe47fbca4023061a657bd54425c17b8667c5d2,82c9589faa8cdecc46963c5458fb2c124d31de56,35125,https://github.com/go-gitea/gitea/issues/35125,https://github.com/go-gitea/gitea/tree/54fe47fbca4023061a657bd54425c17b8667c5d2,https://github.com/go-gitea/gitea/tree/82c9589faa8cdecc46963c5458fb2c124d31de56,https://github.com/go-gitea/gitea/compare/54fe47fbca4023061a657bd54425c17b8667c5d2...82c9589faa8cdecc46963c5458fb2c124d31de56
1923,Gitea,9b5a3e9c9cb109768a76ff60e71573754bac1486,87b28b3e83f515e67c999b62e93ff14a0b5f1b70,35229,https://github.com/go-gitea/gitea/issues/35229,https://github.com/go-gitea/gitea/tree/9b5a3e9c9cb109768a76ff60e71573754bac1486,https://github.com/go-gitea/gitea/tree/87b28b3e83f515e67c999b62e93ff14a0b5f1b70,https://github.com/go-gitea/gitea/compare/9b5a3e9c9cb109768a76ff60e71573754bac1486...87b28b3e83f515e67c999b62e93ff14a0b5f1b70
1924,Gitea,ee4459488a83211bd33a8e04c2991c415cdba89b,4ff8cdf8264271a91352170bdfb804c8c7a9f9cc,35230,https://github.com/go-gitea/gitea/issues/35230,https://github.com/go-gitea/gitea/tree/ee4459488a83211bd33a8e04c2991c415cdba89b,https://github.com/go-gitea/gitea/tree/4ff8cdf8264271a91352170bdfb804c8c7a9f9cc,https://github.com/go-gitea/gitea/compare/ee4459488a83211bd33a8e04c2991c415cdba89b...4ff8cdf8264271a91352170bdfb804c8c7a9f9cc
1925,Gitea,04017f259bb22dd2b7de8348618580c5c5ccbb15,621f2fcadb0ed2b3a97dfc28d8cba7190f6b7914,35280,https://github.com/go-gitea/gitea/issues/35280,https://github.com/go-gitea/gitea/tree/04017f259bb22dd2b7de8348618580c5c5ccbb15,https://github.com/go-gitea/gitea/tree/621f2fcadb0ed2b3a97dfc28d8cba7190f6b7914,https://github.com/go-gitea/gitea/compare/04017f259bb22dd2b7de8348618580c5c5ccbb15...621f2fcadb0ed2b3a97dfc28d8cba7190f6b7914
1926,Gitea,c7b99c8cc7c7bfaf0e54b9528eb594b17809475a,c4fbccc4ec714a6575cf97da827fd9b27133094b,35296,https://github.com/go-gitea/gitea/issues/35296,https://github.com/go-gitea/gitea/tree/c7b99c8cc7c7bfaf0e54b9528eb594b17809475a,https://github.com/go-gitea/gitea/tree/c4fbccc4ec714a6575cf97da827fd9b27133094b,https://github.com/go-gitea/gitea/compare/c7b99c8cc7c7bfaf0e54b9528eb594b17809475a...c4fbccc4ec714a6575cf97da827fd9b27133094b
1927,Gitea,345045888dbeb7dfa3a83bcf78e4ae3cc0c7be5a,90a48e96c7ab18689fba0a4a7c29dfb44b63d96d,31113,https://github.com/go-gitea/gitea/issues/31113,https://github.com/go-gitea/gitea/tree/345045888dbeb7dfa3a83bcf78e4ae3cc0c7be5a,https://github.com/go-gitea/gitea/tree/90a48e96c7ab18689fba0a4a7c29dfb44b63d96d,https://github.com/go-gitea/gitea/compare/345045888dbeb7dfa3a83bcf78e4ae3cc0c7be5a...90a48e96c7ab18689fba0a4a7c29dfb44b63d96d
1928,Gitea,9790f128cc858f1f420fef1631ef52e9261e073e,c4b70c57bca1063337ce2bbacbae181b5246ae23,35309,https://github.com/go-gitea/gitea/issues/35309,https://github.com/go-gitea/gitea/tree/9790f128cc858f1f420fef1631ef52e9261e073e,https://github.com/go-gitea/gitea/tree/c4b70c57bca1063337ce2bbacbae181b5246ae23,https://github.com/go-gitea/gitea/compare/9790f128cc858f1f420fef1631ef52e9261e073e...c4b70c57bca1063337ce2bbacbae181b5246ae23
1929,Gitea,c4b70c57bca1063337ce2bbacbae181b5246ae23,709535c506b7baca67fabcd21f7df3b0bcc7c1c1,35311,https://github.com/go-gitea/gitea/issues/35311,https://github.com/go-gitea/gitea/tree/c4b70c57bca1063337ce2bbacbae181b5246ae23,https://github.com/go-gitea/gitea/tree/709535c506b7baca67fabcd21f7df3b0bcc7c1c1,https://github.com/go-gitea/gitea/compare/c4b70c57bca1063337ce2bbacbae181b5246ae23...709535c506b7baca67fabcd21f7df3b0bcc7c1c1
1930,Gitea,801da7fdabdded8d89df5903b160be3b393baa73,87362b4dc17f4537be56366e68dd53eaa3442334,35159,https://github.com/go-gitea/gitea/issues/35159,https://github.com/go-gitea/gitea/tree/801da7fdabdded8d89df5903b160be3b393baa73,https://github.com/go-gitea/gitea/tree/87362b4dc17f4537be56366e68dd53eaa3442334,https://github.com/go-gitea/gitea/compare/801da7fdabdded8d89df5903b160be3b393baa73...87362b4dc17f4537be56366e68dd53eaa3442334
1931,Gitea,3e3c36bc305a8a0c7f4690ce37422e2a28b033df,5fe3296055c3f7736bb0f66f8c628165b48a2d2b,16559,https://github.com/go-gitea/gitea/issues/16559,https://github.com/go-gitea/gitea/tree/3e3c36bc305a8a0c7f4690ce37422e2a28b033df,https://github.com/go-gitea/gitea/tree/5fe3296055c3f7736bb0f66f8c628165b48a2d2b,https://github.com/go-gitea/gitea/compare/3e3c36bc305a8a0c7f4690ce37422e2a28b033df...5fe3296055c3f7736bb0f66f8c628165b48a2d2b
1932,Gitea,4c369c0a926ef26f6a5c7b1bffb149b5b90e2454,e4cb48a7e0e9a538ec375640636549cd99e3a6eb,35419,https://github.com/go-gitea/gitea/issues/35419,https://github.com/go-gitea/gitea/tree/4c369c0a926ef26f6a5c7b1bffb149b5b90e2454,https://github.com/go-gitea/gitea/tree/e4cb48a7e0e9a538ec375640636549cd99e3a6eb,https://github.com/go-gitea/gitea/compare/4c369c0a926ef26f6a5c7b1bffb149b5b90e2454...e4cb48a7e0e9a538ec375640636549cd99e3a6eb
1933,Gitea,dca1af7cad7c6a6bb95d933c36c67c590a1a0d23,e19d0e4f563332450d5da1287abf0bca32f04a71,35221,https://github.com/go-gitea/gitea/issues/35221,https://github.com/go-gitea/gitea/tree/dca1af7cad7c6a6bb95d933c36c67c590a1a0d23,https://github.com/go-gitea/gitea/tree/e19d0e4f563332450d5da1287abf0bca32f04a71,https://github.com/go-gitea/gitea/compare/dca1af7cad7c6a6bb95d933c36c67c590a1a0d23...e19d0e4f563332450d5da1287abf0bca32f04a71
1934,Gitea,998b6b88899baf3bb9c14aa1abc8de3394bcff29,09d1f359d56c7e30574cf9a5c011b533010b7b64,35411,https://github.com/go-gitea/gitea/issues/35411,https://github.com/go-gitea/gitea/tree/998b6b88899baf3bb9c14aa1abc8de3394bcff29,https://github.com/go-gitea/gitea/tree/09d1f359d56c7e30574cf9a5c011b533010b7b64,https://github.com/go-gitea/gitea/compare/998b6b88899baf3bb9c14aa1abc8de3394bcff29...09d1f359d56c7e30574cf9a5c011b533010b7b64
1935,Gitea,b9efbe9fe6cc33189f2434864ab67f48b42b034f,2802f96e9773d194f8a88dd4050b43ae4dd2fd78,30565,https://github.com/go-gitea/gitea/issues/30565,https://github.com/go-gitea/gitea/tree/b9efbe9fe6cc33189f2434864ab67f48b42b034f,https://github.com/go-gitea/gitea/tree/2802f96e9773d194f8a88dd4050b43ae4dd2fd78,https://github.com/go-gitea/gitea/compare/b9efbe9fe6cc33189f2434864ab67f48b42b034f...2802f96e9773d194f8a88dd4050b43ae4dd2fd78
1936,Gitea,f09bea7af13bd00d07a34252468389d15de39a8d,d83676c97adc16ae006b2cd458e6ef90180eaa2f,35533,https://github.com/go-gitea/gitea/issues/35533,https://github.com/go-gitea/gitea/tree/f09bea7af13bd00d07a34252468389d15de39a8d,https://github.com/go-gitea/gitea/tree/d83676c97adc16ae006b2cd458e6ef90180eaa2f,https://github.com/go-gitea/gitea/compare/f09bea7af13bd00d07a34252468389d15de39a8d...d83676c97adc16ae006b2cd458e6ef90180eaa2f
1937,Gitea,b76e69fee7ad286db72a48ad375e7d7596d06ce9,2653ac95e08ca61e9d0d8e76333901a6e516dd20,33716,https://github.com/go-gitea/gitea/issues/33716,https://github.com/go-gitea/gitea/tree/b76e69fee7ad286db72a48ad375e7d7596d06ce9,https://github.com/go-gitea/gitea/tree/2653ac95e08ca61e9d0d8e76333901a6e516dd20,https://github.com/go-gitea/gitea/compare/b76e69fee7ad286db72a48ad375e7d7596d06ce9...2653ac95e08ca61e9d0d8e76333901a6e516dd20
1938,Gitea,16e1207449e5f08e7194453713c7ae9a06d30ee6,84812e42df2041e8f79bd84cff7da27388f6c4df,35361,https://github.com/go-gitea/gitea/issues/35361,https://github.com/go-gitea/gitea/tree/16e1207449e5f08e7194453713c7ae9a06d30ee6,https://github.com/go-gitea/gitea/tree/84812e42df2041e8f79bd84cff7da27388f6c4df,https://github.com/go-gitea/gitea/compare/16e1207449e5f08e7194453713c7ae9a06d30ee6...84812e42df2041e8f79bd84cff7da27388f6c4df
1939,Gitea,94d99c9c3c69477e8811e9c77a2b46ea8fc1b309,9f664ab33050e04936dd359fb90b01a62235e349,34617,https://github.com/go-gitea/gitea/issues/34617,https://github.com/go-gitea/gitea/tree/94d99c9c3c69477e8811e9c77a2b46ea8fc1b309,https://github.com/go-gitea/gitea/tree/9f664ab33050e04936dd359fb90b01a62235e349,https://github.com/go-gitea/gitea/compare/94d99c9c3c69477e8811e9c77a2b46ea8fc1b309...9f664ab33050e04936dd359fb90b01a62235e349
1940,Gitea,24a595c3fc7ea0f6f02ab185b2728151f9ee9e1c,662a44d9246b0bef7914bd540e1ae68522f971a7,35603,https://github.com/go-gitea/gitea/issues/35603,https://github.com/go-gitea/gitea/tree/24a595c3fc7ea0f6f02ab185b2728151f9ee9e1c,https://github.com/go-gitea/gitea/tree/662a44d9246b0bef7914bd540e1ae68522f971a7,https://github.com/go-gitea/gitea/compare/24a595c3fc7ea0f6f02ab185b2728151f9ee9e1c...662a44d9246b0bef7914bd540e1ae68522f971a7
1941,Gitea,3d264ba636bcd165de5f4186cd42253a0dee1de8,2401812b7600383f9297d556a616a7656034effd,35622,https://github.com/go-gitea/gitea/issues/35622,https://github.com/go-gitea/gitea/tree/3d264ba636bcd165de5f4186cd42253a0dee1de8,https://github.com/go-gitea/gitea/tree/2401812b7600383f9297d556a616a7656034effd,https://github.com/go-gitea/gitea/compare/3d264ba636bcd165de5f4186cd42253a0dee1de8...2401812b7600383f9297d556a616a7656034effd
1942,Gitea,1bdb0b71b15aa6fed273ba5bb7128ef23df8bb0a,c55a017225923f0bdc8aab98ecaef4817002482b,35649,https://github.com/go-gitea/gitea/issues/35649,https://github.com/go-gitea/gitea/tree/1bdb0b71b15aa6fed273ba5bb7128ef23df8bb0a,https://github.com/go-gitea/gitea/tree/c55a017225923f0bdc8aab98ecaef4817002482b,https://github.com/go-gitea/gitea/compare/1bdb0b71b15aa6fed273ba5bb7128ef23df8bb0a...c55a017225923f0bdc8aab98ecaef4817002482b
1943,Gitea,0bc129481d7a1635c455ed54eb2240f05bbd835b,b8e5e2a93ecf3d32b5f2a048f71319fde9825261,35602,https://github.com/go-gitea/gitea/issues/35602,https://github.com/go-gitea/gitea/tree/0bc129481d7a1635c455ed54eb2240f05bbd835b,https://github.com/go-gitea/gitea/tree/b8e5e2a93ecf3d32b5f2a048f71319fde9825261,https://github.com/go-gitea/gitea/compare/0bc129481d7a1635c455ed54eb2240f05bbd835b...b8e5e2a93ecf3d32b5f2a048f71319fde9825261
1944,Gitea,69f5ee970c2f288d0749cab4289b46765d9e3470,03fce8f3d0cf3c180f06470257dc09a6c09ec5b0,35530,https://github.com/go-gitea/gitea/issues/35530,https://github.com/go-gitea/gitea/tree/69f5ee970c2f288d0749cab4289b46765d9e3470,https://github.com/go-gitea/gitea/tree/03fce8f3d0cf3c180f06470257dc09a6c09ec5b0,https://github.com/go-gitea/gitea/compare/69f5ee970c2f288d0749cab4289b46765d9e3470...03fce8f3d0cf3c180f06470257dc09a6c09ec5b0
1945,Gitea,327d0a7fdde265840a44e1433af44cc26745c234,40f71bcd4cc9ad38e3a8205747901440371ffb80,33260,https://github.com/go-gitea/gitea/issues/33260,https://github.com/go-gitea/gitea/tree/327d0a7fdde265840a44e1433af44cc26745c234,https://github.com/go-gitea/gitea/tree/40f71bcd4cc9ad38e3a8205747901440371ffb80,https://github.com/go-gitea/gitea/compare/327d0a7fdde265840a44e1433af44cc26745c234...40f71bcd4cc9ad38e3a8205747901440371ffb80
1946,Gitea,322cb048e785092bcefbe68199bc1651c8761221,2d36a0c9ff93004f8dabe8d137cd20d0f2263451,35695,https://github.com/go-gitea/gitea/issues/35695,https://github.com/go-gitea/gitea/tree/322cb048e785092bcefbe68199bc1651c8761221,https://github.com/go-gitea/gitea/tree/2d36a0c9ff93004f8dabe8d137cd20d0f2263451,https://github.com/go-gitea/gitea/compare/322cb048e785092bcefbe68199bc1651c8761221...2d36a0c9ff93004f8dabe8d137cd20d0f2263451
1947,Gitea,322cb048e785092bcefbe68199bc1651c8761221,2d36a0c9ff93004f8dabe8d137cd20d0f2263451,35651,https://github.com/go-gitea/gitea/issues/35651,https://github.com/go-gitea/gitea/tree/322cb048e785092bcefbe68199bc1651c8761221,https://github.com/go-gitea/gitea/tree/2d36a0c9ff93004f8dabe8d137cd20d0f2263451,https://github.com/go-gitea/gitea/compare/322cb048e785092bcefbe68199bc1651c8761221...2d36a0c9ff93004f8dabe8d137cd20d0f2263451
1948,Gitea,39c08ce4c18b2015de516d6e7dc0371438eab557,8aa1179ce45daff794ffb3754bdc3c828b394262,34472,https://github.com/go-gitea/gitea/issues/34472,https://github.com/go-gitea/gitea/tree/39c08ce4c18b2015de516d6e7dc0371438eab557,https://github.com/go-gitea/gitea/tree/8aa1179ce45daff794ffb3754bdc3c828b394262,https://github.com/go-gitea/gitea/compare/39c08ce4c18b2015de516d6e7dc0371438eab557...8aa1179ce45daff794ffb3754bdc3c828b394262
1949,Gitea,87d670c96b28b030f2eb42b6096533434ca1cd25,cddff73bbdd9a1ab65661fe39420a1c08b908012,31161,https://github.com/go-gitea/gitea/issues/31161,https://github.com/go-gitea/gitea/tree/87d670c96b28b030f2eb42b6096533434ca1cd25,https://github.com/go-gitea/gitea/tree/cddff73bbdd9a1ab65661fe39420a1c08b908012,https://github.com/go-gitea/gitea/compare/87d670c96b28b030f2eb42b6096533434ca1cd25...cddff73bbdd9a1ab65661fe39420a1c08b908012
1950,Gitea,d9c0f86de8bcfd566c6ddd97ea36860ab39ab71b,de26c8accee744eb8d04688d95ece3988767ab1b,35803,https://github.com/go-gitea/gitea/issues/35803,https://github.com/go-gitea/gitea/tree/d9c0f86de8bcfd566c6ddd97ea36860ab39ab71b,https://github.com/go-gitea/gitea/tree/de26c8accee744eb8d04688d95ece3988767ab1b,https://github.com/go-gitea/gitea/compare/d9c0f86de8bcfd566c6ddd97ea36860ab39ab71b...de26c8accee744eb8d04688d95ece3988767ab1b
1951,Gitea,206f4c88b1adc4d45671d7be8aa90949e36bdb89,a0f492d9f43a915262256e6c8a5afdecce180a7d,35847,https://github.com/go-gitea/gitea/issues/35847,https://github.com/go-gitea/gitea/tree/206f4c88b1adc4d45671d7be8aa90949e36bdb89,https://github.com/go-gitea/gitea/tree/a0f492d9f43a915262256e6c8a5afdecce180a7d,https://github.com/go-gitea/gitea/compare/206f4c88b1adc4d45671d7be8aa90949e36bdb89...a0f492d9f43a915262256e6c8a5afdecce180a7d
1952,Gitea,37208fef7ef09edec7e7692b1ffc829a23cf6598,d9c0f86de8bcfd566c6ddd97ea36860ab39ab71b,35781,https://github.com/go-gitea/gitea/issues/35781,https://github.com/go-gitea/gitea/tree/37208fef7ef09edec7e7692b1ffc829a23cf6598,https://github.com/go-gitea/gitea/tree/d9c0f86de8bcfd566c6ddd97ea36860ab39ab71b,https://github.com/go-gitea/gitea/compare/37208fef7ef09edec7e7692b1ffc829a23cf6598...d9c0f86de8bcfd566c6ddd97ea36860ab39ab71b
1953,Gitea,b2feeddf42622388450b04b710f2bf5487f8b950,0ce7d66368128aea9976b9f326fc82f3f0b2fc60,35884,https://github.com/go-gitea/gitea/issues/35884,https://github.com/go-gitea/gitea/tree/b2feeddf42622388450b04b710f2bf5487f8b950,https://github.com/go-gitea/gitea/tree/0ce7d66368128aea9976b9f326fc82f3f0b2fc60,https://github.com/go-gitea/gitea/compare/b2feeddf42622388450b04b710f2bf5487f8b950...0ce7d66368128aea9976b9f326fc82f3f0b2fc60
1954,Gitea,d0ca2f6bc316b653829fa0d0890fd59698fac3bc,525265c1a8fda77b265bb4bdc59ca77bff003620,35852,https://github.com/go-gitea/gitea/issues/35852,https://github.com/go-gitea/gitea/tree/d0ca2f6bc316b653829fa0d0890fd59698fac3bc,https://github.com/go-gitea/gitea/tree/525265c1a8fda77b265bb4bdc59ca77bff003620,https://github.com/go-gitea/gitea/compare/d0ca2f6bc316b653829fa0d0890fd59698fac3bc...525265c1a8fda77b265bb4bdc59ca77bff003620
1955,Gitea,f2d7931b702b59a35be042266e0c12271a7456f1,5cb453c01b2baf8a0e9825de2316ddee8541782b,35794,https://github.com/go-gitea/gitea/issues/35794,https://github.com/go-gitea/gitea/tree/f2d7931b702b59a35be042266e0c12271a7456f1,https://github.com/go-gitea/gitea/tree/5cb453c01b2baf8a0e9825de2316ddee8541782b,https://github.com/go-gitea/gitea/compare/f2d7931b702b59a35be042266e0c12271a7456f1...5cb453c01b2baf8a0e9825de2316ddee8541782b
1956,Gitea,84d7496b9d3280072d838a7b5ddc00b1fa86ee09,61e5cc173e011b59d6176afb7803e8112081dff1,35860,https://github.com/go-gitea/gitea/issues/35860,https://github.com/go-gitea/gitea/tree/84d7496b9d3280072d838a7b5ddc00b1fa86ee09,https://github.com/go-gitea/gitea/tree/61e5cc173e011b59d6176afb7803e8112081dff1,https://github.com/go-gitea/gitea/compare/84d7496b9d3280072d838a7b5ddc00b1fa86ee09...61e5cc173e011b59d6176afb7803e8112081dff1
1957,Gitea,0ce7d66368128aea9976b9f326fc82f3f0b2fc60,bfaddbcd0df38fb7bc23b573475b78e6356e786e,35895,https://github.com/go-gitea/gitea/issues/35895,https://github.com/go-gitea/gitea/tree/0ce7d66368128aea9976b9f326fc82f3f0b2fc60,https://github.com/go-gitea/gitea/tree/bfaddbcd0df38fb7bc23b573475b78e6356e786e,https://github.com/go-gitea/gitea/compare/0ce7d66368128aea9976b9f326fc82f3f0b2fc60...bfaddbcd0df38fb7bc23b573475b78e6356e786e
1958,Gitea,abe2755f7aaa77acddb8a7e3a85f68fd04f04101,000c06d41bba900e39fd4f4b09449d9cf20fc091,36016,https://github.com/go-gitea/gitea/issues/36016,https://github.com/go-gitea/gitea/tree/abe2755f7aaa77acddb8a7e3a85f68fd04f04101,https://github.com/go-gitea/gitea/tree/000c06d41bba900e39fd4f4b09449d9cf20fc091,https://github.com/go-gitea/gitea/compare/abe2755f7aaa77acddb8a7e3a85f68fd04f04101...000c06d41bba900e39fd4f4b09449d9cf20fc091
1959,Gitea,a36951aef6361c0ca55cd778fe8811a7dbb4a226,f4e38e6367326276c9493d950cdb85718d244fdf,34710,https://github.com/go-gitea/gitea/issues/34710,https://github.com/go-gitea/gitea/tree/a36951aef6361c0ca55cd778fe8811a7dbb4a226,https://github.com/go-gitea/gitea/tree/f4e38e6367326276c9493d950cdb85718d244fdf,https://github.com/go-gitea/gitea/compare/a36951aef6361c0ca55cd778fe8811a7dbb4a226...f4e38e6367326276c9493d950cdb85718d244fdf
1960,Gitea,b95fd7e13ed4063d123b488df74a98cbfcfed85b,1f3558b65c0c7121bc0b7b75316e1ec9317bd703,35944,https://github.com/go-gitea/gitea/issues/35944,https://github.com/go-gitea/gitea/tree/b95fd7e13ed4063d123b488df74a98cbfcfed85b,https://github.com/go-gitea/gitea/tree/1f3558b65c0c7121bc0b7b75316e1ec9317bd703,https://github.com/go-gitea/gitea/compare/b95fd7e13ed4063d123b488df74a98cbfcfed85b...1f3558b65c0c7121bc0b7b75316e1ec9317bd703
1961,Gitea,a60a8c6966a2faf916fc7e1672625a3f1daae687,62d750eadb4a6ecdbaf807c1682ace4d87695977,35984,https://github.com/go-gitea/gitea/issues/35984,https://github.com/go-gitea/gitea/tree/a60a8c6966a2faf916fc7e1672625a3f1daae687,https://github.com/go-gitea/gitea/tree/62d750eadb4a6ecdbaf807c1682ace4d87695977,https://github.com/go-gitea/gitea/compare/a60a8c6966a2faf916fc7e1672625a3f1daae687...62d750eadb4a6ecdbaf807c1682ace4d87695977
1962,Gitea,a60a8c6966a2faf916fc7e1672625a3f1daae687,62d750eadb4a6ecdbaf807c1682ace4d87695977,35510,https://github.com/go-gitea/gitea/issues/35510,https://github.com/go-gitea/gitea/tree/a60a8c6966a2faf916fc7e1672625a3f1daae687,https://github.com/go-gitea/gitea/tree/62d750eadb4a6ecdbaf807c1682ace4d87695977,https://github.com/go-gitea/gitea/compare/a60a8c6966a2faf916fc7e1672625a3f1daae687...62d750eadb4a6ecdbaf807c1682ace4d87695977
1963,Gitea,e31f224ad2af66a24d87bf9224a00932f164a632,9affb513a8fbbf323266531e95855ad1fad663e0,35923,https://github.com/go-gitea/gitea/issues/35923,https://github.com/go-gitea/gitea/tree/e31f224ad2af66a24d87bf9224a00932f164a632,https://github.com/go-gitea/gitea/tree/9affb513a8fbbf323266531e95855ad1fad663e0,https://github.com/go-gitea/gitea/compare/e31f224ad2af66a24d87bf9224a00932f164a632...9affb513a8fbbf323266531e95855ad1fad663e0
1964,Gitea,018156079ba62f2b35daa60da9520e206867325a,358de23a5057c9746b9349f73000d213958ae485,35853,https://github.com/go-gitea/gitea/issues/35853,https://github.com/go-gitea/gitea/tree/018156079ba62f2b35daa60da9520e206867325a,https://github.com/go-gitea/gitea/tree/358de23a5057c9746b9349f73000d213958ae485,https://github.com/go-gitea/gitea/compare/018156079ba62f2b35daa60da9520e206867325a...358de23a5057c9746b9349f73000d213958ae485
1965,Gitea,e30a130b9a5d4279b3f6a3fc2226f0ea85c56c29,ee6e371e44c11fcc55ea18a690bfe9e4286e322c,36030,https://github.com/go-gitea/gitea/issues/36030,https://github.com/go-gitea/gitea/tree/e30a130b9a5d4279b3f6a3fc2226f0ea85c56c29,https://github.com/go-gitea/gitea/tree/ee6e371e44c11fcc55ea18a690bfe9e4286e322c,https://github.com/go-gitea/gitea/compare/e30a130b9a5d4279b3f6a3fc2226f0ea85c56c29...ee6e371e44c11fcc55ea18a690bfe9e4286e322c
1966,Gitea,3102c04c1eb9251d933797465e4187d60b17e8a0,1e72b1563906ef5625f7f0dcb67ed4bad5e2429c,35768,https://github.com/go-gitea/gitea/issues/35768,https://github.com/go-gitea/gitea/tree/3102c04c1eb9251d933797465e4187d60b17e8a0,https://github.com/go-gitea/gitea/tree/1e72b1563906ef5625f7f0dcb67ed4bad5e2429c,https://github.com/go-gitea/gitea/compare/3102c04c1eb9251d933797465e4187d60b17e8a0...1e72b1563906ef5625f7f0dcb67ed4bad5e2429c
1967,Gitea,3102c04c1eb9251d933797465e4187d60b17e8a0,1e72b1563906ef5625f7f0dcb67ed4bad5e2429c,36064,https://github.com/go-gitea/gitea/issues/36064,https://github.com/go-gitea/gitea/tree/3102c04c1eb9251d933797465e4187d60b17e8a0,https://github.com/go-gitea/gitea/tree/1e72b1563906ef5625f7f0dcb67ed4bad5e2429c,https://github.com/go-gitea/gitea/compare/3102c04c1eb9251d933797465e4187d60b17e8a0...1e72b1563906ef5625f7f0dcb67ed4bad5e2429c
1968,Gitea,4cbcb91b7bc6ac724b96ad5682be80bce4efc2b3,906adff0c1223c6cde37df34e35f2310a15ef6f8,35855,https://github.com/go-gitea/gitea/issues/35855,https://github.com/go-gitea/gitea/tree/4cbcb91b7bc6ac724b96ad5682be80bce4efc2b3,https://github.com/go-gitea/gitea/tree/906adff0c1223c6cde37df34e35f2310a15ef6f8,https://github.com/go-gitea/gitea/compare/4cbcb91b7bc6ac724b96ad5682be80bce4efc2b3...906adff0c1223c6cde37df34e35f2310a15ef6f8
1969,Gitea,01351cc6c792635568872e6766445a573368144a,f25409fab85ffb65669b0532f6fb2fa8f2e81083,36127,https://github.com/go-gitea/gitea/issues/36127,https://github.com/go-gitea/gitea/tree/01351cc6c792635568872e6766445a573368144a,https://github.com/go-gitea/gitea/tree/f25409fab85ffb65669b0532f6fb2fa8f2e81083,https://github.com/go-gitea/gitea/compare/01351cc6c792635568872e6766445a573368144a...f25409fab85ffb65669b0532f6fb2fa8f2e81083
