bug.id,project_id,revision.id.buggy,revision.id.fixed,report.id,report.url,buggy_commit_url,fixed_commit_url,compare_url
1,Pylint,fdc2bd9980b6fa5bf6ecffdb5ee06e948639585f,b11efe9028a3919d75fdcb3cb52ad47405d91a08,5998,https://github.com/pylint-dev/pylint/issues/5998,https://github.com/pylint-dev/pylin/tree/fdc2bd9980b6fa5bf6ecffdb5ee06e948639585f,https://github.com/pylint-dev/pylin/tree/b11efe9028a3919d75fdcb3cb52ad47405d91a08,https://github.com/pylint-dev/pylin/compare/fdc2bd9980b6fa5bf6ecffdb5ee06e948639585f...b11efe9028a3919d75fdcb3cb52ad47405d91a08
2,Pylint,30ead39404f5b744a69dfe86e76a1bc3abe9de19,e524e87562c8d92f10c4684f7dd365b71d57878c,3733,https://github.com/pylint-dev/pylint/issues/3733,https://github.com/pylint-dev/pylin/tree/30ead39404f5b744a69dfe86e76a1bc3abe9de19,https://github.com/pylint-dev/pylin/tree/e524e87562c8d92f10c4684f7dd365b71d57878c,https://github.com/pylint-dev/pylin/compare/30ead39404f5b744a69dfe86e76a1bc3abe9de19...e524e87562c8d92f10c4684f7dd365b71d57878c
3,Pylint,3fa76475dcd95a3af52be0680e49597fec46c6cd,fdad3fc883b8deda02fba8b53fae4e2fbae0d5f3,2485,https://github.com/pylint-dev/pylint/issues/2485,https://github.com/pylint-dev/pylin/tree/3fa76475dcd95a3af52be0680e49597fec46c6cd,https://github.com/pylint-dev/pylin/tree/fdad3fc883b8deda02fba8b53fae4e2fbae0d5f3,https://github.com/pylint-dev/pylin/compare/3fa76475dcd95a3af52be0680e49597fec46c6cd...fdad3fc883b8deda02fba8b53fae4e2fbae0d5f3
4,Pylint,1a8aa86961dd5d7a03066d81a7a44d17939ecb61,2c2d985aab13c3359c72fb04172ebe8e9a23e776,4685,https://github.com/pylint-dev/pylint/issues/4685,https://github.com/pylint-dev/pylin/tree/1a8aa86961dd5d7a03066d81a7a44d17939ecb61,https://github.com/pylint-dev/pylin/tree/2c2d985aab13c3359c72fb04172ebe8e9a23e776,https://github.com/pylint-dev/pylin/compare/1a8aa86961dd5d7a03066d81a7a44d17939ecb61...2c2d985aab13c3359c72fb04172ebe8e9a23e776
5,Pylint,8015ecdd7b11670b64f80e02d98137f088a9feec,4e5b7976338921dbdc34ec9a1e102bb530e9c834,1,https://github.com/pylint-dev/pylint/issues/1,https://github.com/pylint-dev/pylin/tree/8015ecdd7b11670b64f80e02d98137f088a9feec,https://github.com/pylint-dev/pylin/tree/4e5b7976338921dbdc34ec9a1e102bb530e9c834,https://github.com/pylint-dev/pylin/compare/8015ecdd7b11670b64f80e02d98137f088a9feec...4e5b7976338921dbdc34ec9a1e102bb530e9c834
6,Pylint,58ab68be5205ffd0e2a328bf14319110b03e00ce,c4b7a6f7f90f918e60ced25eefe31da171bf7cf8,2473,https://github.com/pylint-dev/pylint/issues/2473,https://github.com/pylint-dev/pylin/tree/58ab68be5205ffd0e2a328bf14319110b03e00ce,https://github.com/pylint-dev/pylin/tree/c4b7a6f7f90f918e60ced25eefe31da171bf7cf8,https://github.com/pylint-dev/pylin/compare/58ab68be5205ffd0e2a328bf14319110b03e00ce...c4b7a6f7f90f918e60ced25eefe31da171bf7cf8
7,Pylint,e413924a4cd837914f521df4bb3daa165812c329,554bf4e55dee455fa5cacc6cc6ff88129e4486ea,5975,https://github.com/pylint-dev/pylint/issues/5975,https://github.com/pylint-dev/pylin/tree/e413924a4cd837914f521df4bb3daa165812c329,https://github.com/pylint-dev/pylin/tree/554bf4e55dee455fa5cacc6cc6ff88129e4486ea,https://github.com/pylint-dev/pylin/compare/e413924a4cd837914f521df4bb3daa165812c329...554bf4e55dee455fa5cacc6cc6ff88129e4486ea
8,Pylint,dd885bbbe635b03a6479a60056a38317bd4a7aeb,cee8b204aded1d01a854de4efc37b793619ef630,6,https://github.com/pylint-dev/pylint/issues/6,https://github.com/pylint-dev/pylin/tree/dd885bbbe635b03a6479a60056a38317bd4a7aeb,https://github.com/pylint-dev/pylin/tree/cee8b204aded1d01a854de4efc37b793619ef630,https://github.com/pylint-dev/pylin/compare/dd885bbbe635b03a6479a60056a38317bd4a7aeb...cee8b204aded1d01a854de4efc37b793619ef630
9,Pylint,6902390acae302a213d1be2b9dc567f755470e5b,ac825be27c0902e1d05e97ae3d31c4550cf69289,15,https://github.com/pylint-dev/pylint/issues/15,https://github.com/pylint-dev/pylin/tree/6902390acae302a213d1be2b9dc567f755470e5b,https://github.com/pylint-dev/pylin/tree/ac825be27c0902e1d05e97ae3d31c4550cf69289,https://github.com/pylint-dev/pylin/compare/6902390acae302a213d1be2b9dc567f755470e5b...ac825be27c0902e1d05e97ae3d31c4550cf69289
10,Pylint,ac825be27c0902e1d05e97ae3d31c4550cf69289,99892f33bdb9d71f2cddab609970512229018cb7,3,https://github.com/pylint-dev/pylint/issues/3,https://github.com/pylint-dev/pylin/tree/ac825be27c0902e1d05e97ae3d31c4550cf69289,https://github.com/pylint-dev/pylin/tree/99892f33bdb9d71f2cddab609970512229018cb7,https://github.com/pylint-dev/pylin/compare/ac825be27c0902e1d05e97ae3d31c4550cf69289...99892f33bdb9d71f2cddab609970512229018cb7
11,Pylint,c55ede14f49329b0b86cead8f6ffcee03b4dc5ce,3a1bed847975faf90c193a0b19c742bc929bcf8a,25,https://github.com/pylint-dev/pylint/issues/25,https://github.com/pylint-dev/pylin/tree/c55ede14f49329b0b86cead8f6ffcee03b4dc5ce,https://github.com/pylint-dev/pylin/tree/3a1bed847975faf90c193a0b19c742bc929bcf8a,https://github.com/pylint-dev/pylin/compare/c55ede14f49329b0b86cead8f6ffcee03b4dc5ce...3a1bed847975faf90c193a0b19c742bc929bcf8a
12,Pylint,ab569551d4980a53d40477704ea7ee286412e537,4c732eb3f9140581cbf0f08626c03a5e79812a49,33,https://github.com/pylint-dev/pylint/issues/33,https://github.com/pylint-dev/pylin/tree/ab569551d4980a53d40477704ea7ee286412e537,https://github.com/pylint-dev/pylin/tree/4c732eb3f9140581cbf0f08626c03a5e79812a49,https://github.com/pylint-dev/pylin/compare/ab569551d4980a53d40477704ea7ee286412e537...4c732eb3f9140581cbf0f08626c03a5e79812a49
13,Pylint,d3f545682f301e4b388bb9677ecab1ce51b2668c,df62bb8696ad499435fa9313cb71828dfd189a52,9188,https://github.com/pylint-dev/pylint/issues/9188,https://github.com/pylint-dev/pylin/tree/d3f545682f301e4b388bb9677ecab1ce51b2668c,https://github.com/pylint-dev/pylin/tree/df62bb8696ad499435fa9313cb71828dfd189a52,https://github.com/pylint-dev/pylin/compare/d3f545682f301e4b388bb9677ecab1ce51b2668c...df62bb8696ad499435fa9313cb71828dfd189a52
14,Pylint,188e7dde3aa7b7422d2328d789572c0b62dee711,60c8d487eaecca25d202524662ceb27d9b136cc0,7,https://github.com/pylint-dev/pylint/issues/7,https://github.com/pylint-dev/pylin/tree/188e7dde3aa7b7422d2328d789572c0b62dee711,https://github.com/pylint-dev/pylin/tree/60c8d487eaecca25d202524662ceb27d9b136cc0,https://github.com/pylint-dev/pylin/compare/188e7dde3aa7b7422d2328d789572c0b62dee711...60c8d487eaecca25d202524662ceb27d9b136cc0
15,Pylint,6897b7fc52f469804a1623b9eef8682cfa12a677,7dc3cfddb7801840870c5be9d01a95bb8db3cc79,55,https://github.com/pylint-dev/pylint/issues/55,https://github.com/pylint-dev/pylin/tree/6897b7fc52f469804a1623b9eef8682cfa12a677,https://github.com/pylint-dev/pylin/tree/7dc3cfddb7801840870c5be9d01a95bb8db3cc79,https://github.com/pylint-dev/pylin/compare/6897b7fc52f469804a1623b9eef8682cfa12a677...7dc3cfddb7801840870c5be9d01a95bb8db3cc79
16,Pylint,ba979bee110811e635fe62703eeb1ed366b80f1c,532d9e335b306d870c362dbeb57c399f353b7196,67,https://github.com/pylint-dev/pylint/issues/67,https://github.com/pylint-dev/pylin/tree/ba979bee110811e635fe62703eeb1ed366b80f1c,https://github.com/pylint-dev/pylin/tree/532d9e335b306d870c362dbeb57c399f353b7196,https://github.com/pylint-dev/pylin/compare/ba979bee110811e635fe62703eeb1ed366b80f1c...532d9e335b306d870c362dbeb57c399f353b7196
17,Pylint,feb96846eab7eb8c59835923569d16467df310de,f182f2b1791860b0e3051fc5c42d1dd03f717176,66,https://github.com/pylint-dev/pylint/issues/66,https://github.com/pylint-dev/pylin/tree/feb96846eab7eb8c59835923569d16467df310de,https://github.com/pylint-dev/pylin/tree/f182f2b1791860b0e3051fc5c42d1dd03f717176,https://github.com/pylint-dev/pylin/compare/feb96846eab7eb8c59835923569d16467df310de...f182f2b1791860b0e3051fc5c42d1dd03f717176
18,Pylint,e3678c9ab7432aa550da07d398291be570a834a2,14a481acc7524c455af5aa70dd09b3a35d3b1e37,74,https://github.com/pylint-dev/pylint/issues/74,https://github.com/pylint-dev/pylin/tree/e3678c9ab7432aa550da07d398291be570a834a2,https://github.com/pylint-dev/pylin/tree/14a481acc7524c455af5aa70dd09b3a35d3b1e37,https://github.com/pylint-dev/pylin/compare/e3678c9ab7432aa550da07d398291be570a834a2...14a481acc7524c455af5aa70dd09b3a35d3b1e37
19,Pylint,afb1e7bc285cdd700da557f124439a9467a73319,ba979bee110811e635fe62703eeb1ed366b80f1c,53,https://github.com/pylint-dev/pylint/issues/53,https://github.com/pylint-dev/pylin/tree/afb1e7bc285cdd700da557f124439a9467a73319,https://github.com/pylint-dev/pylin/tree/ba979bee110811e635fe62703eeb1ed366b80f1c,https://github.com/pylint-dev/pylin/compare/afb1e7bc285cdd700da557f124439a9467a73319...ba979bee110811e635fe62703eeb1ed366b80f1c
20,Pylint,5c4bbbdadc912c23e310c13c972fe7d31485e3e3,5281674e4859459f98155192907ea64b5748587d,111,https://github.com/pylint-dev/pylint/issues/111,https://github.com/pylint-dev/pylin/tree/5c4bbbdadc912c23e310c13c972fe7d31485e3e3,https://github.com/pylint-dev/pylin/tree/5281674e4859459f98155192907ea64b5748587d,https://github.com/pylint-dev/pylin/compare/5c4bbbdadc912c23e310c13c972fe7d31485e3e3...5281674e4859459f98155192907ea64b5748587d
21,Pylint,ffcb32ba8f8b9d45fb52b347c3128fc18e6426c3,b4ab4cfa53a5115aa01777a412a4494377f79dce,117,https://github.com/pylint-dev/pylint/issues/117,https://github.com/pylint-dev/pylin/tree/ffcb32ba8f8b9d45fb52b347c3128fc18e6426c3,https://github.com/pylint-dev/pylin/tree/b4ab4cfa53a5115aa01777a412a4494377f79dce,https://github.com/pylint-dev/pylin/compare/ffcb32ba8f8b9d45fb52b347c3128fc18e6426c3...b4ab4cfa53a5115aa01777a412a4494377f79dce
22,Pylint,b4ab4cfa53a5115aa01777a412a4494377f79dce,1149bfa77266654676f522c9fef32f91f64956a4,110,https://github.com/pylint-dev/pylint/issues/110,https://github.com/pylint-dev/pylin/tree/b4ab4cfa53a5115aa01777a412a4494377f79dce,https://github.com/pylint-dev/pylin/tree/1149bfa77266654676f522c9fef32f91f64956a4,https://github.com/pylint-dev/pylin/compare/b4ab4cfa53a5115aa01777a412a4494377f79dce...1149bfa77266654676f522c9fef32f91f64956a4
23,Pylint,604d7146db0a335884a07b4adba634c8de96f609,6eae182ae69c45213065a89b657ea7b6f1ace658,112,https://github.com/pylint-dev/pylint/issues/112,https://github.com/pylint-dev/pylin/tree/604d7146db0a335884a07b4adba634c8de96f609,https://github.com/pylint-dev/pylin/tree/6eae182ae69c45213065a89b657ea7b6f1ace658,https://github.com/pylint-dev/pylin/compare/604d7146db0a335884a07b4adba634c8de96f609...6eae182ae69c45213065a89b657ea7b6f1ace658
24,Pylint,ae1a100f3c595bf8ddb403b7187191d24435e98c,5ea78f4408572c265d5d309c071a396cd9ec8081,128,https://github.com/pylint-dev/pylint/issues/128,https://github.com/pylint-dev/pylin/tree/ae1a100f3c595bf8ddb403b7187191d24435e98c,https://github.com/pylint-dev/pylin/tree/5ea78f4408572c265d5d309c071a396cd9ec8081,https://github.com/pylint-dev/pylin/compare/ae1a100f3c595bf8ddb403b7187191d24435e98c...5ea78f4408572c265d5d309c071a396cd9ec8081
25,Pylint,1149bfa77266654676f522c9fef32f91f64956a4,604d7146db0a335884a07b4adba634c8de96f609,106,https://github.com/pylint-dev/pylint/issues/106,https://github.com/pylint-dev/pylin/tree/1149bfa77266654676f522c9fef32f91f64956a4,https://github.com/pylint-dev/pylin/tree/604d7146db0a335884a07b4adba634c8de96f609,https://github.com/pylint-dev/pylin/compare/1149bfa77266654676f522c9fef32f91f64956a4...604d7146db0a335884a07b4adba634c8de96f609
26,Pylint,57a454eeef1e9e19e11e4e5aaa2774893b84d299,13ee941dadcaadbbdbeac8f4db2df9e3f7c88ef1,152,https://github.com/pylint-dev/pylint/issues/152,https://github.com/pylint-dev/pylin/tree/57a454eeef1e9e19e11e4e5aaa2774893b84d299,https://github.com/pylint-dev/pylin/tree/13ee941dadcaadbbdbeac8f4db2df9e3f7c88ef1,https://github.com/pylint-dev/pylin/compare/57a454eeef1e9e19e11e4e5aaa2774893b84d299...13ee941dadcaadbbdbeac8f4db2df9e3f7c88ef1
27,Pylint,fed42a71b14b5d55fa769a6e0851c9321cbaa82a,b9b264e7c650ef5478630417ee45166e80a916d1,166,https://github.com/pylint-dev/pylint/issues/166,https://github.com/pylint-dev/pylin/tree/fed42a71b14b5d55fa769a6e0851c9321cbaa82a,https://github.com/pylint-dev/pylin/tree/b9b264e7c650ef5478630417ee45166e80a916d1,https://github.com/pylint-dev/pylin/compare/fed42a71b14b5d55fa769a6e0851c9321cbaa82a...b9b264e7c650ef5478630417ee45166e80a916d1
28,Pylint,6560940f32e06d526ff66586f1bf80d7a69bd3c1,076f37198e42f5b97163fa24f0a92b073fa823ce,126,https://github.com/pylint-dev/pylint/issues/126,https://github.com/pylint-dev/pylin/tree/6560940f32e06d526ff66586f1bf80d7a69bd3c1,https://github.com/pylint-dev/pylin/tree/076f37198e42f5b97163fa24f0a92b073fa823ce,https://github.com/pylint-dev/pylin/compare/6560940f32e06d526ff66586f1bf80d7a69bd3c1...076f37198e42f5b97163fa24f0a92b073fa823ce
29,Pylint,b9b264e7c650ef5478630417ee45166e80a916d1,f03a380c96c99df7e3699693e5674944c3474d67,155,https://github.com/pylint-dev/pylint/issues/155,https://github.com/pylint-dev/pylin/tree/b9b264e7c650ef5478630417ee45166e80a916d1,https://github.com/pylint-dev/pylin/tree/f03a380c96c99df7e3699693e5674944c3474d67,https://github.com/pylint-dev/pylin/compare/b9b264e7c650ef5478630417ee45166e80a916d1...f03a380c96c99df7e3699693e5674944c3474d67
30,Pylint,1019cfc1911bd02695e0deb9b8e4d988df289a48,5a6ee7e00b58de14a38aade53d938f72c8c1f712,170,https://github.com/pylint-dev/pylint/issues/170,https://github.com/pylint-dev/pylin/tree/1019cfc1911bd02695e0deb9b8e4d988df289a48,https://github.com/pylint-dev/pylin/tree/5a6ee7e00b58de14a38aade53d938f72c8c1f712,https://github.com/pylint-dev/pylin/compare/1019cfc1911bd02695e0deb9b8e4d988df289a48...5a6ee7e00b58de14a38aade53d938f72c8c1f712
31,Pylint,8bfd9edf77fe44f69126264104796b10a63872c4,9447a523f6c44ac43d3d5ef025a5fd45267166e5,180,https://github.com/pylint-dev/pylint/issues/180,https://github.com/pylint-dev/pylin/tree/8bfd9edf77fe44f69126264104796b10a63872c4,https://github.com/pylint-dev/pylin/tree/9447a523f6c44ac43d3d5ef025a5fd45267166e5,https://github.com/pylint-dev/pylin/compare/8bfd9edf77fe44f69126264104796b10a63872c4...9447a523f6c44ac43d3d5ef025a5fd45267166e5
32,Pylint,6560940f32e06d526ff66586f1bf80d7a69bd3c1,ae1a100f3c595bf8ddb403b7187191d24435e98c,126,https://github.com/pylint-dev/pylint/issues/126,https://github.com/pylint-dev/pylin/tree/6560940f32e06d526ff66586f1bf80d7a69bd3c1,https://github.com/pylint-dev/pylin/tree/ae1a100f3c595bf8ddb403b7187191d24435e98c,https://github.com/pylint-dev/pylin/compare/6560940f32e06d526ff66586f1bf80d7a69bd3c1...ae1a100f3c595bf8ddb403b7187191d24435e98c
33,Pylint,99e9065860f7100187e56fce62a23f246bbec092,89516029fa4ddefb80bdccac18de30d2b6ab1664,79,https://github.com/pylint-dev/pylint/issues/79,https://github.com/pylint-dev/pylin/tree/99e9065860f7100187e56fce62a23f246bbec092,https://github.com/pylint-dev/pylin/tree/89516029fa4ddefb80bdccac18de30d2b6ab1664,https://github.com/pylint-dev/pylin/compare/99e9065860f7100187e56fce62a23f246bbec092...89516029fa4ddefb80bdccac18de30d2b6ab1664
34,Pylint,4ff79c2496e772aeb8d0d4d068da5896f27835a9,6ea312b67133dc7a72522e90ca835d70d64f0dd9,137,https://github.com/pylint-dev/pylint/issues/137,https://github.com/pylint-dev/pylin/tree/4ff79c2496e772aeb8d0d4d068da5896f27835a9,https://github.com/pylint-dev/pylin/tree/6ea312b67133dc7a72522e90ca835d70d64f0dd9,https://github.com/pylint-dev/pylin/compare/4ff79c2496e772aeb8d0d4d068da5896f27835a9...6ea312b67133dc7a72522e90ca835d70d64f0dd9
35,Pylint,d56dc79f7687a322c507724f044b7dd22fc9cb2d,79f5fb18bbb36c5f266b36f62bbcb7b7cdc35c69,78,https://github.com/pylint-dev/pylint/issues/78,https://github.com/pylint-dev/pylin/tree/d56dc79f7687a322c507724f044b7dd22fc9cb2d,https://github.com/pylint-dev/pylin/tree/79f5fb18bbb36c5f266b36f62bbcb7b7cdc35c69,https://github.com/pylint-dev/pylin/compare/d56dc79f7687a322c507724f044b7dd22fc9cb2d...79f5fb18bbb36c5f266b36f62bbcb7b7cdc35c69
36,Pylint,6ea312b67133dc7a72522e90ca835d70d64f0dd9,316881be29203d73c25dd44eda6b8a8e524f932f,109,https://github.com/pylint-dev/pylint/issues/109,https://github.com/pylint-dev/pylin/tree/6ea312b67133dc7a72522e90ca835d70d64f0dd9,https://github.com/pylint-dev/pylin/tree/316881be29203d73c25dd44eda6b8a8e524f932f,https://github.com/pylint-dev/pylin/compare/6ea312b67133dc7a72522e90ca835d70d64f0dd9...316881be29203d73c25dd44eda6b8a8e524f932f
37,Pylint,fd4d5ae13ff30b0faf8cf73f60ac16328f9c24bf,a23654de25a380acceb72b151fc8ecb09a3e1271,150,https://github.com/pylint-dev/pylint/issues/150,https://github.com/pylint-dev/pylin/tree/fd4d5ae13ff30b0faf8cf73f60ac16328f9c24bf,https://github.com/pylint-dev/pylin/tree/a23654de25a380acceb72b151fc8ecb09a3e1271,https://github.com/pylint-dev/pylin/compare/fd4d5ae13ff30b0faf8cf73f60ac16328f9c24bf...a23654de25a380acceb72b151fc8ecb09a3e1271
38,Pylint,9191478785f26e0c583c7c3b2f78d92416bc7165,3b38136150ce755299eab9e7e8f510583c515b2b,122,https://github.com/pylint-dev/pylint/issues/122,https://github.com/pylint-dev/pylin/tree/9191478785f26e0c583c7c3b2f78d92416bc7165,https://github.com/pylint-dev/pylin/tree/3b38136150ce755299eab9e7e8f510583c515b2b,https://github.com/pylint-dev/pylin/compare/9191478785f26e0c583c7c3b2f78d92416bc7165...3b38136150ce755299eab9e7e8f510583c515b2b
39,Pylint,d9d1e91c507762d19d4c284e4bad5efabecad37a,433ae0e6052fb34c66f6b157de01342a7429d1fb,75,https://github.com/pylint-dev/pylint/issues/75,https://github.com/pylint-dev/pylin/tree/d9d1e91c507762d19d4c284e4bad5efabecad37a,https://github.com/pylint-dev/pylin/tree/433ae0e6052fb34c66f6b157de01342a7429d1fb,https://github.com/pylint-dev/pylin/compare/d9d1e91c507762d19d4c284e4bad5efabecad37a...433ae0e6052fb34c66f6b157de01342a7429d1fb
40,Pylint,eceab4b1bad26bb25bbc95dfbaa0a3555e4c3d44,cfb67dcd755cebb6042cb8e21896b4dd3dfc14b5,211,https://github.com/pylint-dev/pylint/issues/211,https://github.com/pylint-dev/pylin/tree/eceab4b1bad26bb25bbc95dfbaa0a3555e4c3d44,https://github.com/pylint-dev/pylin/tree/cfb67dcd755cebb6042cb8e21896b4dd3dfc14b5,https://github.com/pylint-dev/pylin/compare/eceab4b1bad26bb25bbc95dfbaa0a3555e4c3d44...cfb67dcd755cebb6042cb8e21896b4dd3dfc14b5
41,Pylint,170b3056db8c8057bd56b4fbcbbc1b510e035963,d9d1e91c507762d19d4c284e4bad5efabecad37a,171,https://github.com/pylint-dev/pylint/issues/171,https://github.com/pylint-dev/pylin/tree/170b3056db8c8057bd56b4fbcbbc1b510e035963,https://github.com/pylint-dev/pylin/tree/d9d1e91c507762d19d4c284e4bad5efabecad37a,https://github.com/pylint-dev/pylin/compare/170b3056db8c8057bd56b4fbcbbc1b510e035963...d9d1e91c507762d19d4c284e4bad5efabecad37a
42,Pylint,72be37c46deb725afdefc15dc7a0cfddf1567eb8,9191478785f26e0c583c7c3b2f78d92416bc7165,164,https://github.com/pylint-dev/pylint/issues/164,https://github.com/pylint-dev/pylin/tree/72be37c46deb725afdefc15dc7a0cfddf1567eb8,https://github.com/pylint-dev/pylin/tree/9191478785f26e0c583c7c3b2f78d92416bc7165,https://github.com/pylint-dev/pylin/compare/72be37c46deb725afdefc15dc7a0cfddf1567eb8...9191478785f26e0c583c7c3b2f78d92416bc7165
43,Pylint,272a8de7e2ff70704f3c021fbb16bb88f196cc4b,e36bb957f568167e193d463b4ceeb28023c52755,191,https://github.com/pylint-dev/pylint/issues/191,https://github.com/pylint-dev/pylin/tree/272a8de7e2ff70704f3c021fbb16bb88f196cc4b,https://github.com/pylint-dev/pylin/tree/e36bb957f568167e193d463b4ceeb28023c52755,https://github.com/pylint-dev/pylin/compare/272a8de7e2ff70704f3c021fbb16bb88f196cc4b...e36bb957f568167e193d463b4ceeb28023c52755
44,Pylint,25b36d9a36080f1dd39076cc92ce622c5853b193,7b28b71d231782f804605992c03aab20c832ae79,249,https://github.com/pylint-dev/pylint/issues/249,https://github.com/pylint-dev/pylin/tree/25b36d9a36080f1dd39076cc92ce622c5853b193,https://github.com/pylint-dev/pylin/tree/7b28b71d231782f804605992c03aab20c832ae79,https://github.com/pylint-dev/pylin/compare/25b36d9a36080f1dd39076cc92ce622c5853b193...7b28b71d231782f804605992c03aab20c832ae79
45,Pylint,78a3f34aad62f7456529973a80815f4c9e4751a0,fac0b37f7cc1b9763d5a0e6f8c86e3c1922dc5e4,219,https://github.com/pylint-dev/pylint/issues/219,https://github.com/pylint-dev/pylin/tree/78a3f34aad62f7456529973a80815f4c9e4751a0,https://github.com/pylint-dev/pylin/tree/fac0b37f7cc1b9763d5a0e6f8c86e3c1922dc5e4,https://github.com/pylint-dev/pylin/compare/78a3f34aad62f7456529973a80815f4c9e4751a0...fac0b37f7cc1b9763d5a0e6f8c86e3c1922dc5e4
46,Pylint,7e9f3c19a90b1045cd874b34304694294c1bfe12,702d98a26a1caf5f5077971581140c69391cf1f0,151,https://github.com/pylint-dev/pylint/issues/151,https://github.com/pylint-dev/pylin/tree/7e9f3c19a90b1045cd874b34304694294c1bfe12,https://github.com/pylint-dev/pylin/tree/702d98a26a1caf5f5077971581140c69391cf1f0,https://github.com/pylint-dev/pylin/compare/7e9f3c19a90b1045cd874b34304694294c1bfe12...702d98a26a1caf5f5077971581140c69391cf1f0
47,Pylint,55c59998da77173cb5deb5de402098da255fc2b9,20e9c849770aa0ad1e88e9fcb2a56aca234853da,113,https://github.com/pylint-dev/pylint/issues/113,https://github.com/pylint-dev/pylin/tree/55c59998da77173cb5deb5de402098da255fc2b9,https://github.com/pylint-dev/pylin/tree/20e9c849770aa0ad1e88e9fcb2a56aca234853da,https://github.com/pylint-dev/pylin/compare/55c59998da77173cb5deb5de402098da255fc2b9...20e9c849770aa0ad1e88e9fcb2a56aca234853da
48,Pylint,af37eee2eb3229c46255dc4a2723b2af3e191a44,9a111804bb95fb92d7c00c529e97325b999c81e5,262,https://github.com/pylint-dev/pylint/issues/262,https://github.com/pylint-dev/pylin/tree/af37eee2eb3229c46255dc4a2723b2af3e191a44,https://github.com/pylint-dev/pylin/tree/9a111804bb95fb92d7c00c529e97325b999c81e5,https://github.com/pylint-dev/pylin/compare/af37eee2eb3229c46255dc4a2723b2af3e191a44...9a111804bb95fb92d7c00c529e97325b999c81e5
49,Pylint,fa9edaeccc6d156b7a80fa685da3704524e78073,d0a90947d390f327b3af40bf4c16a059d3e72cba,273,https://github.com/pylint-dev/pylint/issues/273,https://github.com/pylint-dev/pylin/tree/fa9edaeccc6d156b7a80fa685da3704524e78073,https://github.com/pylint-dev/pylin/tree/d0a90947d390f327b3af40bf4c16a059d3e72cba,https://github.com/pylint-dev/pylin/compare/fa9edaeccc6d156b7a80fa685da3704524e78073...d0a90947d390f327b3af40bf4c16a059d3e72cba
50,Pylint,a9e8d55ff017fb83cb8efd0ae5dcbc9b7052b40e,e8544f7766fdd137f39351f81814748822babe20,143,https://github.com/pylint-dev/pylint/issues/143,https://github.com/pylint-dev/pylin/tree/a9e8d55ff017fb83cb8efd0ae5dcbc9b7052b40e,https://github.com/pylint-dev/pylin/tree/e8544f7766fdd137f39351f81814748822babe20,https://github.com/pylint-dev/pylin/compare/a9e8d55ff017fb83cb8efd0ae5dcbc9b7052b40e...e8544f7766fdd137f39351f81814748822babe20
51,Pylint,7b28b71d231782f804605992c03aab20c832ae79,1d1855920f095debe1b8298a291d2bbcca27a3ca,252,https://github.com/pylint-dev/pylint/issues/252,https://github.com/pylint-dev/pylin/tree/7b28b71d231782f804605992c03aab20c832ae79,https://github.com/pylint-dev/pylin/tree/1d1855920f095debe1b8298a291d2bbcca27a3ca,https://github.com/pylint-dev/pylin/compare/7b28b71d231782f804605992c03aab20c832ae79...1d1855920f095debe1b8298a291d2bbcca27a3ca
52,Pylint,ae998e73b43075dac6e27fffbde78d1460bfd206,1ab3a5b65b0b61f63ea153e6f9a0ed0b555e155b,149,https://github.com/pylint-dev/pylint/issues/149,https://github.com/pylint-dev/pylin/tree/ae998e73b43075dac6e27fffbde78d1460bfd206,https://github.com/pylint-dev/pylin/tree/1ab3a5b65b0b61f63ea153e6f9a0ed0b555e155b,https://github.com/pylint-dev/pylin/compare/ae998e73b43075dac6e27fffbde78d1460bfd206...1ab3a5b65b0b61f63ea153e6f9a0ed0b555e155b
53,Pylint,afc3ddde20416b0ad7278ff8e18a9aea785e4951,979538efc98dff78304fcabe7f4c9d3eb8667660,268,https://github.com/pylint-dev/pylint/issues/268,https://github.com/pylint-dev/pylin/tree/afc3ddde20416b0ad7278ff8e18a9aea785e4951,https://github.com/pylint-dev/pylin/tree/979538efc98dff78304fcabe7f4c9d3eb8667660,https://github.com/pylint-dev/pylin/compare/afc3ddde20416b0ad7278ff8e18a9aea785e4951...979538efc98dff78304fcabe7f4c9d3eb8667660
54,Pylint,254ef6ad7b945ce4433093cedc5d9d78b948cbb4,da5ea3dedcde21b46abe67c7fabab213518978fd,229,https://github.com/pylint-dev/pylint/issues/229,https://github.com/pylint-dev/pylin/tree/254ef6ad7b945ce4433093cedc5d9d78b948cbb4,https://github.com/pylint-dev/pylin/tree/da5ea3dedcde21b46abe67c7fabab213518978fd,https://github.com/pylint-dev/pylin/compare/254ef6ad7b945ce4433093cedc5d9d78b948cbb4...da5ea3dedcde21b46abe67c7fabab213518978fd
55,Pylint,d721022c01ecffe50c56e44ade4b61824a501af0,c86bb1242589d2c3c7c09ab1f195b5076078fdb3,196,https://github.com/pylint-dev/pylint/issues/196,https://github.com/pylint-dev/pylin/tree/d721022c01ecffe50c56e44ade4b61824a501af0,https://github.com/pylint-dev/pylin/tree/c86bb1242589d2c3c7c09ab1f195b5076078fdb3,https://github.com/pylint-dev/pylin/compare/d721022c01ecffe50c56e44ade4b61824a501af0...c86bb1242589d2c3c7c09ab1f195b5076078fdb3
56,Pylint,a1e2da92f89281253ffb253dd99de902886fba71,a9708d154fca8260a33c8e70112505907723a117,275,https://github.com/pylint-dev/pylint/issues/275,https://github.com/pylint-dev/pylin/tree/a1e2da92f89281253ffb253dd99de902886fba71,https://github.com/pylint-dev/pylin/tree/a9708d154fca8260a33c8e70112505907723a117,https://github.com/pylint-dev/pylin/compare/a1e2da92f89281253ffb253dd99de902886fba71...a9708d154fca8260a33c8e70112505907723a117
57,Pylint,b0ba4593a379c01a1ea420414d58f1ba81fac11f,c381b7ce66bfe897a4b7a39514476420d864f891,149,https://github.com/pylint-dev/pylint/issues/149,https://github.com/pylint-dev/pylin/tree/b0ba4593a379c01a1ea420414d58f1ba81fac11f,https://github.com/pylint-dev/pylin/tree/c381b7ce66bfe897a4b7a39514476420d864f891,https://github.com/pylint-dev/pylin/compare/b0ba4593a379c01a1ea420414d58f1ba81fac11f...c381b7ce66bfe897a4b7a39514476420d864f891
58,Pylint,c86bb1242589d2c3c7c09ab1f195b5076078fdb3,a1e2da92f89281253ffb253dd99de902886fba71,257,https://github.com/pylint-dev/pylint/issues/257,https://github.com/pylint-dev/pylin/tree/c86bb1242589d2c3c7c09ab1f195b5076078fdb3,https://github.com/pylint-dev/pylin/tree/a1e2da92f89281253ffb253dd99de902886fba71,https://github.com/pylint-dev/pylin/compare/c86bb1242589d2c3c7c09ab1f195b5076078fdb3...a1e2da92f89281253ffb253dd99de902886fba71
59,Pylint,5814625d4cae7ef202860e6b732a1951505f3fd2,d721022c01ecffe50c56e44ade4b61824a501af0,223,https://github.com/pylint-dev/pylint/issues/223,https://github.com/pylint-dev/pylin/tree/5814625d4cae7ef202860e6b732a1951505f3fd2,https://github.com/pylint-dev/pylin/tree/d721022c01ecffe50c56e44ade4b61824a501af0,https://github.com/pylint-dev/pylin/compare/5814625d4cae7ef202860e6b732a1951505f3fd2...d721022c01ecffe50c56e44ade4b61824a501af0
60,Pylint,1a9e5cc3a8528d9871127025f5b9b24865689009,e255485961b340957dd6959573fb0e0e8b259942,148,https://github.com/pylint-dev/pylint/issues/148,https://github.com/pylint-dev/pylin/tree/1a9e5cc3a8528d9871127025f5b9b24865689009,https://github.com/pylint-dev/pylin/tree/e255485961b340957dd6959573fb0e0e8b259942,https://github.com/pylint-dev/pylin/compare/1a9e5cc3a8528d9871127025f5b9b24865689009...e255485961b340957dd6959573fb0e0e8b259942
61,Pylint,d2e3b8acc1d28395d1646f1ff426da50949e8a0e,04419e9e82511d2a90bf7dbb782a4d253fc302ed,193,https://github.com/pylint-dev/pylint/issues/193,https://github.com/pylint-dev/pylin/tree/d2e3b8acc1d28395d1646f1ff426da50949e8a0e,https://github.com/pylint-dev/pylin/tree/04419e9e82511d2a90bf7dbb782a4d253fc302ed,https://github.com/pylint-dev/pylin/compare/d2e3b8acc1d28395d1646f1ff426da50949e8a0e...04419e9e82511d2a90bf7dbb782a4d253fc302ed
62,Pylint,4ee817e2eb1ad93ccf8226372c6331d6bf4dcbf9,630f0b32e7ab5f0075f66e66180a57ac56ec0484,203,https://github.com/pylint-dev/pylint/issues/203,https://github.com/pylint-dev/pylin/tree/4ee817e2eb1ad93ccf8226372c6331d6bf4dcbf9,https://github.com/pylint-dev/pylin/tree/630f0b32e7ab5f0075f66e66180a57ac56ec0484,https://github.com/pylint-dev/pylin/compare/4ee817e2eb1ad93ccf8226372c6331d6bf4dcbf9...630f0b32e7ab5f0075f66e66180a57ac56ec0484
63,Pylint,829e8f1e6da98b64b1fc92c376101f61064add4d,850f30d98db0e085545480fcf8dc30f2afb6be04,243,https://github.com/pylint-dev/pylint/issues/243,https://github.com/pylint-dev/pylin/tree/829e8f1e6da98b64b1fc92c376101f61064add4d,https://github.com/pylint-dev/pylin/tree/850f30d98db0e085545480fcf8dc30f2afb6be04,https://github.com/pylint-dev/pylin/compare/829e8f1e6da98b64b1fc92c376101f61064add4d...850f30d98db0e085545480fcf8dc30f2afb6be04
64,Pylint,851877c14f8f2ac7ffee835f967481cab62aa599,7ec2a5b3f00c6eec03ea25f9e8f2c08d2f705e2a,303,https://github.com/pylint-dev/pylint/issues/303,https://github.com/pylint-dev/pylin/tree/851877c14f8f2ac7ffee835f967481cab62aa599,https://github.com/pylint-dev/pylin/tree/7ec2a5b3f00c6eec03ea25f9e8f2c08d2f705e2a,https://github.com/pylint-dev/pylin/compare/851877c14f8f2ac7ffee835f967481cab62aa599...7ec2a5b3f00c6eec03ea25f9e8f2c08d2f705e2a
65,Pylint,51c5dc1b89d899fa750440f11df6b561560826e4,b626280fe7b2eca2359441b85535846b41bad73f,233,https://github.com/pylint-dev/pylint/issues/233,https://github.com/pylint-dev/pylin/tree/51c5dc1b89d899fa750440f11df6b561560826e4,https://github.com/pylint-dev/pylin/tree/b626280fe7b2eca2359441b85535846b41bad73f,https://github.com/pylint-dev/pylin/compare/51c5dc1b89d899fa750440f11df6b561560826e4...b626280fe7b2eca2359441b85535846b41bad73f
66,Pylint,26212418ee309b27978f00910c952bbf5e8bc815,9b8250c027f426c8b87693c36917d567a68ce314,278,https://github.com/pylint-dev/pylint/issues/278,https://github.com/pylint-dev/pylin/tree/26212418ee309b27978f00910c952bbf5e8bc815,https://github.com/pylint-dev/pylin/tree/9b8250c027f426c8b87693c36917d567a68ce314,https://github.com/pylint-dev/pylin/compare/26212418ee309b27978f00910c952bbf5e8bc815...9b8250c027f426c8b87693c36917d567a68ce314
67,Pylint,7c86e39440a6d3469237b2f478ff50dca949ed02,78ed1eb83bb75ea1582d69b0b3bb0ba9cadfdbe3,285,https://github.com/pylint-dev/pylint/issues/285,https://github.com/pylint-dev/pylin/tree/7c86e39440a6d3469237b2f478ff50dca949ed02,https://github.com/pylint-dev/pylin/tree/78ed1eb83bb75ea1582d69b0b3bb0ba9cadfdbe3,https://github.com/pylint-dev/pylin/compare/7c86e39440a6d3469237b2f478ff50dca949ed02...78ed1eb83bb75ea1582d69b0b3bb0ba9cadfdbe3
68,Pylint,60c04ccceb83e81969bbabfad1c77667269942f1,6e0457a6ec75f326f707ebecaf30cf4ab46e4599,282,https://github.com/pylint-dev/pylint/issues/282,https://github.com/pylint-dev/pylin/tree/60c04ccceb83e81969bbabfad1c77667269942f1,https://github.com/pylint-dev/pylin/tree/6e0457a6ec75f326f707ebecaf30cf4ab46e4599,https://github.com/pylint-dev/pylin/compare/60c04ccceb83e81969bbabfad1c77667269942f1...6e0457a6ec75f326f707ebecaf30cf4ab46e4599
69,Pylint,68c658979adab28b422aa79eb18be93f543412d3,7a132f0e8056f8743e5b91445a190f9c1774cacc,281,https://github.com/pylint-dev/pylint/issues/281,https://github.com/pylint-dev/pylin/tree/68c658979adab28b422aa79eb18be93f543412d3,https://github.com/pylint-dev/pylin/tree/7a132f0e8056f8743e5b91445a190f9c1774cacc,https://github.com/pylint-dev/pylin/compare/68c658979adab28b422aa79eb18be93f543412d3...7a132f0e8056f8743e5b91445a190f9c1774cacc
70,Pylint,a9bd06c29797a2cbfa0e6541010e4f469fa53e48,358790f0506a918a82f79efbeba1be469ba86f8f,282,https://github.com/pylint-dev/pylint/issues/282,https://github.com/pylint-dev/pylin/tree/a9bd06c29797a2cbfa0e6541010e4f469fa53e48,https://github.com/pylint-dev/pylin/tree/358790f0506a918a82f79efbeba1be469ba86f8f,https://github.com/pylint-dev/pylin/compare/a9bd06c29797a2cbfa0e6541010e4f469fa53e48...358790f0506a918a82f79efbeba1be469ba86f8f
71,Pylint,192c9d5a7c672dbdb128039919fe567bd772bd13,028ce9c1e52cb9759483048b79c46ddd09d22643,282,https://github.com/pylint-dev/pylint/issues/282,https://github.com/pylint-dev/pylin/tree/192c9d5a7c672dbdb128039919fe567bd772bd13,https://github.com/pylint-dev/pylin/tree/028ce9c1e52cb9759483048b79c46ddd09d22643,https://github.com/pylint-dev/pylin/compare/192c9d5a7c672dbdb128039919fe567bd772bd13...028ce9c1e52cb9759483048b79c46ddd09d22643
72,Pylint,028ce9c1e52cb9759483048b79c46ddd09d22643,4ae68ac2be65f22d77307dc363b5e2b086e09c26,282,https://github.com/pylint-dev/pylint/issues/282,https://github.com/pylint-dev/pylin/tree/028ce9c1e52cb9759483048b79c46ddd09d22643,https://github.com/pylint-dev/pylin/tree/4ae68ac2be65f22d77307dc363b5e2b086e09c26,https://github.com/pylint-dev/pylin/compare/028ce9c1e52cb9759483048b79c46ddd09d22643...4ae68ac2be65f22d77307dc363b5e2b086e09c26
73,Pylint,fef230b80e8ab0c5d27eb9e99752af5143b81fff,93de96b067538c8d6a56f388c1a679c3c5ef4e05,293,https://github.com/pylint-dev/pylint/issues/293,https://github.com/pylint-dev/pylin/tree/fef230b80e8ab0c5d27eb9e99752af5143b81fff,https://github.com/pylint-dev/pylin/tree/93de96b067538c8d6a56f388c1a679c3c5ef4e05,https://github.com/pylint-dev/pylin/compare/fef230b80e8ab0c5d27eb9e99752af5143b81fff...93de96b067538c8d6a56f388c1a679c3c5ef4e05
74,Pylint,78ed1eb83bb75ea1582d69b0b3bb0ba9cadfdbe3,562911b3f771acda675c123524c0d8840999c3dc,288,https://github.com/pylint-dev/pylint/issues/288,https://github.com/pylint-dev/pylin/tree/78ed1eb83bb75ea1582d69b0b3bb0ba9cadfdbe3,https://github.com/pylint-dev/pylin/tree/562911b3f771acda675c123524c0d8840999c3dc,https://github.com/pylint-dev/pylin/compare/78ed1eb83bb75ea1582d69b0b3bb0ba9cadfdbe3...562911b3f771acda675c123524c0d8840999c3dc
75,Pylint,524d5201b56f0ca2ef09e75d3619f29582454d71,4c1e41f4c9e65e12ceacb2fd2312e346312695ae,294,https://github.com/pylint-dev/pylint/issues/294,https://github.com/pylint-dev/pylin/tree/524d5201b56f0ca2ef09e75d3619f29582454d71,https://github.com/pylint-dev/pylin/tree/4c1e41f4c9e65e12ceacb2fd2312e346312695ae,https://github.com/pylint-dev/pylin/compare/524d5201b56f0ca2ef09e75d3619f29582454d71...4c1e41f4c9e65e12ceacb2fd2312e346312695ae
76,Pylint,82f9b997c4d04324681696581671a83a49fb6168,a840d303c61e4e48eeac29ad00b7ef88f9bd781a,286,https://github.com/pylint-dev/pylint/issues/286,https://github.com/pylint-dev/pylin/tree/82f9b997c4d04324681696581671a83a49fb6168,https://github.com/pylint-dev/pylin/tree/a840d303c61e4e48eeac29ad00b7ef88f9bd781a,https://github.com/pylint-dev/pylin/compare/82f9b997c4d04324681696581671a83a49fb6168...a840d303c61e4e48eeac29ad00b7ef88f9bd781a
77,Pylint,270b6a459e4651895b4a912125ab1dcacd72b415,fef230b80e8ab0c5d27eb9e99752af5143b81fff,287,https://github.com/pylint-dev/pylint/issues/287,https://github.com/pylint-dev/pylin/tree/270b6a459e4651895b4a912125ab1dcacd72b415,https://github.com/pylint-dev/pylin/tree/fef230b80e8ab0c5d27eb9e99752af5143b81fff,https://github.com/pylint-dev/pylin/compare/270b6a459e4651895b4a912125ab1dcacd72b415...fef230b80e8ab0c5d27eb9e99752af5143b81fff
78,Pylint,0fa190d6e6087c11e3c70920037726761bb4a5e2,69a88422c2f483dd4396efcf12c7bb3c63ab59a0,296,https://github.com/pylint-dev/pylint/issues/296,https://github.com/pylint-dev/pylin/tree/0fa190d6e6087c11e3c70920037726761bb4a5e2,https://github.com/pylint-dev/pylin/tree/69a88422c2f483dd4396efcf12c7bb3c63ab59a0,https://github.com/pylint-dev/pylin/compare/0fa190d6e6087c11e3c70920037726761bb4a5e2...69a88422c2f483dd4396efcf12c7bb3c63ab59a0
79,Pylint,3d35ce6874ff5c44e347ee7c69d75fb456fa4c04,88f8decb89cc829a38f7533cdba958f7406f253b,302,https://github.com/pylint-dev/pylint/issues/302,https://github.com/pylint-dev/pylin/tree/3d35ce6874ff5c44e347ee7c69d75fb456fa4c04,https://github.com/pylint-dev/pylin/tree/88f8decb89cc829a38f7533cdba958f7406f253b,https://github.com/pylint-dev/pylin/compare/3d35ce6874ff5c44e347ee7c69d75fb456fa4c04...88f8decb89cc829a38f7533cdba958f7406f253b
80,Pylint,4c1e41f4c9e65e12ceacb2fd2312e346312695ae,2dc422206527bbf1f0eedce00f5a0b18a5fdc8e5,192,https://github.com/pylint-dev/pylint/issues/192,https://github.com/pylint-dev/pylin/tree/4c1e41f4c9e65e12ceacb2fd2312e346312695ae,https://github.com/pylint-dev/pylin/tree/2dc422206527bbf1f0eedce00f5a0b18a5fdc8e5,https://github.com/pylint-dev/pylin/compare/4c1e41f4c9e65e12ceacb2fd2312e346312695ae...2dc422206527bbf1f0eedce00f5a0b18a5fdc8e5
81,Pylint,d3753607dd6be1073feda038e3f2f3e99feb7f39,383df7317eb572747867e10ecff6371954fee1c0,309,https://github.com/pylint-dev/pylint/issues/309,https://github.com/pylint-dev/pylin/tree/d3753607dd6be1073feda038e3f2f3e99feb7f39,https://github.com/pylint-dev/pylin/tree/383df7317eb572747867e10ecff6371954fee1c0,https://github.com/pylint-dev/pylin/compare/d3753607dd6be1073feda038e3f2f3e99feb7f39...383df7317eb572747867e10ecff6371954fee1c0
82,Pylint,e6b31b9bfa8caaaf39e0b45a8c148aa012ccc56c,d3753607dd6be1073feda038e3f2f3e99feb7f39,311,https://github.com/pylint-dev/pylint/issues/311,https://github.com/pylint-dev/pylin/tree/e6b31b9bfa8caaaf39e0b45a8c148aa012ccc56c,https://github.com/pylint-dev/pylin/tree/d3753607dd6be1073feda038e3f2f3e99feb7f39,https://github.com/pylint-dev/pylin/compare/e6b31b9bfa8caaaf39e0b45a8c148aa012ccc56c...d3753607dd6be1073feda038e3f2f3e99feb7f39
83,Pylint,18f67ca80f257c5d9edf8fc181934a3d9ed7476b,3d35ce6874ff5c44e347ee7c69d75fb456fa4c04,304,https://github.com/pylint-dev/pylint/issues/304,https://github.com/pylint-dev/pylin/tree/18f67ca80f257c5d9edf8fc181934a3d9ed7476b,https://github.com/pylint-dev/pylin/tree/3d35ce6874ff5c44e347ee7c69d75fb456fa4c04,https://github.com/pylint-dev/pylin/compare/18f67ca80f257c5d9edf8fc181934a3d9ed7476b...3d35ce6874ff5c44e347ee7c69d75fb456fa4c04
84,Pylint,6b40825fab6606b0a7e5073c0c042cc303664a23,e6b31b9bfa8caaaf39e0b45a8c148aa012ccc56c,310,https://github.com/pylint-dev/pylint/issues/310,https://github.com/pylint-dev/pylin/tree/6b40825fab6606b0a7e5073c0c042cc303664a23,https://github.com/pylint-dev/pylin/tree/e6b31b9bfa8caaaf39e0b45a8c148aa012ccc56c,https://github.com/pylint-dev/pylin/compare/6b40825fab6606b0a7e5073c0c042cc303664a23...e6b31b9bfa8caaaf39e0b45a8c148aa012ccc56c
85,Pylint,20312a8446defe63b4e6a8dc55af115cbc2c6220,6037ef699f802301d0c36ac04a06f1fc5f59849f,291,https://github.com/pylint-dev/pylint/issues/291,https://github.com/pylint-dev/pylin/tree/20312a8446defe63b4e6a8dc55af115cbc2c6220,https://github.com/pylint-dev/pylin/tree/6037ef699f802301d0c36ac04a06f1fc5f59849f,https://github.com/pylint-dev/pylin/compare/20312a8446defe63b4e6a8dc55af115cbc2c6220...6037ef699f802301d0c36ac04a06f1fc5f59849f
86,Pylint,383df7317eb572747867e10ecff6371954fee1c0,b34088212c587e5084f19afbe03df603d1d793c8,306,https://github.com/pylint-dev/pylint/issues/306,https://github.com/pylint-dev/pylin/tree/383df7317eb572747867e10ecff6371954fee1c0,https://github.com/pylint-dev/pylin/tree/b34088212c587e5084f19afbe03df603d1d793c8,https://github.com/pylint-dev/pylin/compare/383df7317eb572747867e10ecff6371954fee1c0...b34088212c587e5084f19afbe03df603d1d793c8
87,Pylint,e260dbeb43a7a086c987a915cb86ff9a898df373,070b430bc16ef183158548ff4237444112dc1fed,326,https://github.com/pylint-dev/pylint/issues/326,https://github.com/pylint-dev/pylin/tree/e260dbeb43a7a086c987a915cb86ff9a898df373,https://github.com/pylint-dev/pylin/tree/070b430bc16ef183158548ff4237444112dc1fed,https://github.com/pylint-dev/pylin/compare/e260dbeb43a7a086c987a915cb86ff9a898df373...070b430bc16ef183158548ff4237444112dc1fed
88,Pylint,d3f11d51f150ea7f305b39473c746f6ad05cbab8,0298d31f8c7f962b6e9d9817c23078d2634d63ca,331,https://github.com/pylint-dev/pylint/issues/331,https://github.com/pylint-dev/pylin/tree/d3f11d51f150ea7f305b39473c746f6ad05cbab8,https://github.com/pylint-dev/pylin/tree/0298d31f8c7f962b6e9d9817c23078d2634d63ca,https://github.com/pylint-dev/pylin/compare/d3f11d51f150ea7f305b39473c746f6ad05cbab8...0298d31f8c7f962b6e9d9817c23078d2634d63ca
89,Pylint,cd08ce3da1f77177d70fe4251dd15d307184e819,55815119ab0fb84d295f2d7852c2fbee7b6d3d89,338,https://github.com/pylint-dev/pylint/issues/338,https://github.com/pylint-dev/pylin/tree/cd08ce3da1f77177d70fe4251dd15d307184e819,https://github.com/pylint-dev/pylin/tree/55815119ab0fb84d295f2d7852c2fbee7b6d3d89,https://github.com/pylint-dev/pylin/compare/cd08ce3da1f77177d70fe4251dd15d307184e819...55815119ab0fb84d295f2d7852c2fbee7b6d3d89
90,Pylint,e79743f0ddf7348f782a0a312f0e7395738a8000,8df20c7a059f8641509e3db4afe6c66ff7e06070,342,https://github.com/pylint-dev/pylint/issues/342,https://github.com/pylint-dev/pylin/tree/e79743f0ddf7348f782a0a312f0e7395738a8000,https://github.com/pylint-dev/pylin/tree/8df20c7a059f8641509e3db4afe6c66ff7e06070,https://github.com/pylint-dev/pylin/compare/e79743f0ddf7348f782a0a312f0e7395738a8000...8df20c7a059f8641509e3db4afe6c66ff7e06070
91,Pylint,50cb882d9b81dbca61a00e019bfda1c04a5bcc4f,41bd5fd5d79925b41e72add687ede9a065f6de10,322,https://github.com/pylint-dev/pylint/issues/322,https://github.com/pylint-dev/pylin/tree/50cb882d9b81dbca61a00e019bfda1c04a5bcc4f,https://github.com/pylint-dev/pylin/tree/41bd5fd5d79925b41e72add687ede9a065f6de10,https://github.com/pylint-dev/pylin/compare/50cb882d9b81dbca61a00e019bfda1c04a5bcc4f...41bd5fd5d79925b41e72add687ede9a065f6de10
92,Pylint,8b20ef84809556a19e32314efdd53a5f31754ed5,0f35d10d1c629a6bc029bcfb31f903c6c9beafbe,329,https://github.com/pylint-dev/pylint/issues/329,https://github.com/pylint-dev/pylin/tree/8b20ef84809556a19e32314efdd53a5f31754ed5,https://github.com/pylint-dev/pylin/tree/0f35d10d1c629a6bc029bcfb31f903c6c9beafbe,https://github.com/pylint-dev/pylin/compare/8b20ef84809556a19e32314efdd53a5f31754ed5...0f35d10d1c629a6bc029bcfb31f903c6c9beafbe
93,Pylint,a063dbca4ca5822e068f7876c7f81b4fb12b4224,50cb882d9b81dbca61a00e019bfda1c04a5bcc4f,320,https://github.com/pylint-dev/pylint/issues/320,https://github.com/pylint-dev/pylin/tree/a063dbca4ca5822e068f7876c7f81b4fb12b4224,https://github.com/pylint-dev/pylin/tree/50cb882d9b81dbca61a00e019bfda1c04a5bcc4f,https://github.com/pylint-dev/pylin/compare/a063dbca4ca5822e068f7876c7f81b4fb12b4224...50cb882d9b81dbca61a00e019bfda1c04a5bcc4f
94,Pylint,0040963b0edb73fc4751076fcbe41379233ae6c5,0f6da5729cbc47d22cfc18b9b19f31bc5d0e8436,351,https://github.com/pylint-dev/pylint/issues/351,https://github.com/pylint-dev/pylin/tree/0040963b0edb73fc4751076fcbe41379233ae6c5,https://github.com/pylint-dev/pylin/tree/0f6da5729cbc47d22cfc18b9b19f31bc5d0e8436,https://github.com/pylint-dev/pylin/compare/0040963b0edb73fc4751076fcbe41379233ae6c5...0f6da5729cbc47d22cfc18b9b19f31bc5d0e8436
95,Pylint,889859a8ac53919ff1c1e85eb0871f6254d96753,4ea910d67ccc0c96593a89a539791f97c5043284,359,https://github.com/pylint-dev/pylint/issues/359,https://github.com/pylint-dev/pylin/tree/889859a8ac53919ff1c1e85eb0871f6254d96753,https://github.com/pylint-dev/pylin/tree/4ea910d67ccc0c96593a89a539791f97c5043284,https://github.com/pylint-dev/pylin/compare/889859a8ac53919ff1c1e85eb0871f6254d96753...4ea910d67ccc0c96593a89a539791f97c5043284
96,Pylint,1aba91f5c1bffc7c7bb2bd43a0f98050c0fc47d8,0021c0a6727430e9736c88b26d32e10ef72b69ed,334,https://github.com/pylint-dev/pylint/issues/334,https://github.com/pylint-dev/pylin/tree/1aba91f5c1bffc7c7bb2bd43a0f98050c0fc47d8,https://github.com/pylint-dev/pylin/tree/0021c0a6727430e9736c88b26d32e10ef72b69ed,https://github.com/pylint-dev/pylin/compare/1aba91f5c1bffc7c7bb2bd43a0f98050c0fc47d8...0021c0a6727430e9736c88b26d32e10ef72b69ed
97,Pylint,9dfe752a8debb5a4cadb647d18f215807546db0f,e14e84e92c838593d39249577d5a2077658e57bc,321,https://github.com/pylint-dev/pylint/issues/321,https://github.com/pylint-dev/pylin/tree/9dfe752a8debb5a4cadb647d18f215807546db0f,https://github.com/pylint-dev/pylin/tree/e14e84e92c838593d39249577d5a2077658e57bc,https://github.com/pylint-dev/pylin/compare/9dfe752a8debb5a4cadb647d18f215807546db0f...e14e84e92c838593d39249577d5a2077658e57bc
98,Pylint,1e2133a5a587b7f590f8c80b6da186a64bafa232,32c08e647a7adb4f6203ebf82904d91709c7f85e,248,https://github.com/pylint-dev/pylint/issues/248,https://github.com/pylint-dev/pylin/tree/1e2133a5a587b7f590f8c80b6da186a64bafa232,https://github.com/pylint-dev/pylin/tree/32c08e647a7adb4f6203ebf82904d91709c7f85e,https://github.com/pylint-dev/pylin/compare/1e2133a5a587b7f590f8c80b6da186a64bafa232...32c08e647a7adb4f6203ebf82904d91709c7f85e
99,Pylint,9d54ae6588a3bd436ab2b259ad388d8b6ec90fe3,56292f342cc33b4a063f506eb1564de860cd4e7d,319,https://github.com/pylint-dev/pylint/issues/319,https://github.com/pylint-dev/pylin/tree/9d54ae6588a3bd436ab2b259ad388d8b6ec90fe3,https://github.com/pylint-dev/pylin/tree/56292f342cc33b4a063f506eb1564de860cd4e7d,https://github.com/pylint-dev/pylin/compare/9d54ae6588a3bd436ab2b259ad388d8b6ec90fe3...56292f342cc33b4a063f506eb1564de860cd4e7d
100,Pylint,fe55e6fea908bd5548d41b45312f6c8b15196db9,763227ac92379c4f574fbd359b5ab7eed2eb51df,373,https://github.com/pylint-dev/pylint/issues/373,https://github.com/pylint-dev/pylin/tree/fe55e6fea908bd5548d41b45312f6c8b15196db9,https://github.com/pylint-dev/pylin/tree/763227ac92379c4f574fbd359b5ab7eed2eb51df,https://github.com/pylint-dev/pylin/compare/fe55e6fea908bd5548d41b45312f6c8b15196db9...763227ac92379c4f574fbd359b5ab7eed2eb51df
101,Pylint,ddf41939a601fed1c0efc504e518ab743becf136,da5fe0d419cea817af97b04e167e00892089d821,406,https://github.com/pylint-dev/pylint/issues/406,https://github.com/pylint-dev/pylin/tree/ddf41939a601fed1c0efc504e518ab743becf136,https://github.com/pylint-dev/pylin/tree/da5fe0d419cea817af97b04e167e00892089d821,https://github.com/pylint-dev/pylin/compare/ddf41939a601fed1c0efc504e518ab743becf136...da5fe0d419cea817af97b04e167e00892089d821
102,Pylint,a1d7c772bc7641861e37ce7df74a27ebe682c3e0,50653fc8e056c7de6197376229c3b406ed2f10c7,390,https://github.com/pylint-dev/pylint/issues/390,https://github.com/pylint-dev/pylin/tree/a1d7c772bc7641861e37ce7df74a27ebe682c3e0,https://github.com/pylint-dev/pylin/tree/50653fc8e056c7de6197376229c3b406ed2f10c7,https://github.com/pylint-dev/pylin/compare/a1d7c772bc7641861e37ce7df74a27ebe682c3e0...50653fc8e056c7de6197376229c3b406ed2f10c7
103,Pylint,8a6e324ffc3f21dcd7cbbb6d7cccbee1d228e251,75a6527ccc0302b6d60b80b82965c4fdd16f5781,403,https://github.com/pylint-dev/pylint/issues/403,https://github.com/pylint-dev/pylin/tree/8a6e324ffc3f21dcd7cbbb6d7cccbee1d228e251,https://github.com/pylint-dev/pylin/tree/75a6527ccc0302b6d60b80b82965c4fdd16f5781,https://github.com/pylint-dev/pylin/compare/8a6e324ffc3f21dcd7cbbb6d7cccbee1d228e251...75a6527ccc0302b6d60b80b82965c4fdd16f5781
104,Pylint,88ca291bcc6ebf1021699551a6a449700d70a017,b23ba67c3567206beb02e6eef5337f52cf716849,421,https://github.com/pylint-dev/pylint/issues/421,https://github.com/pylint-dev/pylin/tree/88ca291bcc6ebf1021699551a6a449700d70a017,https://github.com/pylint-dev/pylin/tree/b23ba67c3567206beb02e6eef5337f52cf716849,https://github.com/pylint-dev/pylin/compare/88ca291bcc6ebf1021699551a6a449700d70a017...b23ba67c3567206beb02e6eef5337f52cf716849
105,Pylint,4aa5a95bb889ce296efd493bd496fe16f64886cc,8656a2211959edd01bbfd24a7855e4e7b4a8f7b6,374,https://github.com/pylint-dev/pylint/issues/374,https://github.com/pylint-dev/pylin/tree/4aa5a95bb889ce296efd493bd496fe16f64886cc,https://github.com/pylint-dev/pylin/tree/8656a2211959edd01bbfd24a7855e4e7b4a8f7b6,https://github.com/pylint-dev/pylin/compare/4aa5a95bb889ce296efd493bd496fe16f64886cc...8656a2211959edd01bbfd24a7855e4e7b4a8f7b6
106,Pylint,cc33f030cebc46e77961c499f2565d43618618c5,c7ac191d9e45d693afc173c29bc3ea1b735d6c3e,415,https://github.com/pylint-dev/pylint/issues/415,https://github.com/pylint-dev/pylin/tree/cc33f030cebc46e77961c499f2565d43618618c5,https://github.com/pylint-dev/pylin/tree/c7ac191d9e45d693afc173c29bc3ea1b735d6c3e,https://github.com/pylint-dev/pylin/compare/cc33f030cebc46e77961c499f2565d43618618c5...c7ac191d9e45d693afc173c29bc3ea1b735d6c3e
107,Pylint,50653fc8e056c7de6197376229c3b406ed2f10c7,09e65803288d6da605173309a4597d1181f7b511,401,https://github.com/pylint-dev/pylint/issues/401,https://github.com/pylint-dev/pylin/tree/50653fc8e056c7de6197376229c3b406ed2f10c7,https://github.com/pylint-dev/pylin/tree/09e65803288d6da605173309a4597d1181f7b511,https://github.com/pylint-dev/pylin/compare/50653fc8e056c7de6197376229c3b406ed2f10c7...09e65803288d6da605173309a4597d1181f7b511
108,Pylint,c4e33851523d13a7359681f754c8cf63fbf44b6f,4cb32a8e8ce34931fe8757a97bd06bf006dfd513,405,https://github.com/pylint-dev/pylint/issues/405,https://github.com/pylint-dev/pylin/tree/c4e33851523d13a7359681f754c8cf63fbf44b6f,https://github.com/pylint-dev/pylin/tree/4cb32a8e8ce34931fe8757a97bd06bf006dfd513,https://github.com/pylint-dev/pylin/compare/c4e33851523d13a7359681f754c8cf63fbf44b6f...4cb32a8e8ce34931fe8757a97bd06bf006dfd513
109,Pylint,3444a944099da60254121ce7715eceb322acd99f,c54b93fa0679e1e457451ef6baa048d7878b537b,337,https://github.com/pylint-dev/pylint/issues/337,https://github.com/pylint-dev/pylin/tree/3444a944099da60254121ce7715eceb322acd99f,https://github.com/pylint-dev/pylin/tree/c54b93fa0679e1e457451ef6baa048d7878b537b,https://github.com/pylint-dev/pylin/compare/3444a944099da60254121ce7715eceb322acd99f...c54b93fa0679e1e457451ef6baa048d7878b537b
110,Pylint,4aa5a95bb889ce296efd493bd496fe16f64886cc,a5e1d80e7551549c9e93da8cd29c8f9c054ba130,433,https://github.com/pylint-dev/pylint/issues/433,https://github.com/pylint-dev/pylin/tree/4aa5a95bb889ce296efd493bd496fe16f64886cc,https://github.com/pylint-dev/pylin/tree/a5e1d80e7551549c9e93da8cd29c8f9c054ba130,https://github.com/pylint-dev/pylin/compare/4aa5a95bb889ce296efd493bd496fe16f64886cc...a5e1d80e7551549c9e93da8cd29c8f9c054ba130
111,Pylint,4254f6caf51706d008a18a8452381b03eda67196,21484711ed52ca8055bc111025a851b37b1278a0,308,https://github.com/pylint-dev/pylint/issues/308,https://github.com/pylint-dev/pylin/tree/4254f6caf51706d008a18a8452381b03eda67196,https://github.com/pylint-dev/pylin/tree/21484711ed52ca8055bc111025a851b37b1278a0,https://github.com/pylint-dev/pylin/compare/4254f6caf51706d008a18a8452381b03eda67196...21484711ed52ca8055bc111025a851b37b1278a0
112,Pylint,21484711ed52ca8055bc111025a851b37b1278a0,fb3bd4b99c74d345ad11eb8fc495b9ca6deffaaf,389,https://github.com/pylint-dev/pylint/issues/389,https://github.com/pylint-dev/pylin/tree/21484711ed52ca8055bc111025a851b37b1278a0,https://github.com/pylint-dev/pylin/tree/fb3bd4b99c74d345ad11eb8fc495b9ca6deffaaf,https://github.com/pylint-dev/pylin/compare/21484711ed52ca8055bc111025a851b37b1278a0...fb3bd4b99c74d345ad11eb8fc495b9ca6deffaaf
113,Pylint,bb922bc61f5582d5e23b28686526428e64efebe7,e9cec2f163d3325007c74c0249567fe5e5d5c1c6,471,https://github.com/pylint-dev/pylint/issues/471,https://github.com/pylint-dev/pylin/tree/bb922bc61f5582d5e23b28686526428e64efebe7,https://github.com/pylint-dev/pylin/tree/e9cec2f163d3325007c74c0249567fe5e5d5c1c6,https://github.com/pylint-dev/pylin/compare/bb922bc61f5582d5e23b28686526428e64efebe7...e9cec2f163d3325007c74c0249567fe5e5d5c1c6
114,Pylint,c54b93fa0679e1e457451ef6baa048d7878b537b,dbbe62360ea221f814e19da94e21936a29bad88b,463,https://github.com/pylint-dev/pylint/issues/463,https://github.com/pylint-dev/pylin/tree/c54b93fa0679e1e457451ef6baa048d7878b537b,https://github.com/pylint-dev/pylin/tree/dbbe62360ea221f814e19da94e21936a29bad88b,https://github.com/pylint-dev/pylin/compare/c54b93fa0679e1e457451ef6baa048d7878b537b...dbbe62360ea221f814e19da94e21936a29bad88b
115,Pylint,f9f9efa32bd9bca116cea8163409a2d5f44818b5,37e6b5c9c2dba47d2845d5f69557fabaee2e9e55,437,https://github.com/pylint-dev/pylint/issues/437,https://github.com/pylint-dev/pylin/tree/f9f9efa32bd9bca116cea8163409a2d5f44818b5,https://github.com/pylint-dev/pylin/tree/37e6b5c9c2dba47d2845d5f69557fabaee2e9e55,https://github.com/pylint-dev/pylin/compare/f9f9efa32bd9bca116cea8163409a2d5f44818b5...37e6b5c9c2dba47d2845d5f69557fabaee2e9e55
116,Pylint,7a0d9ae1e501a2bd8428ca59219d44d9a6ca283c,ae6fec54792ce2644064aa854136f3f15480e485,215,https://github.com/pylint-dev/pylint/issues/215,https://github.com/pylint-dev/pylin/tree/7a0d9ae1e501a2bd8428ca59219d44d9a6ca283c,https://github.com/pylint-dev/pylin/tree/ae6fec54792ce2644064aa854136f3f15480e485,https://github.com/pylint-dev/pylin/compare/7a0d9ae1e501a2bd8428ca59219d44d9a6ca283c...ae6fec54792ce2644064aa854136f3f15480e485
117,Pylint,0e2a1c82813bbdc9c74bb73b07e0bf1f95093e60,3d22862aa4e550f2a0a0cc3c10e0a37390e9745e,467,https://github.com/pylint-dev/pylint/issues/467,https://github.com/pylint-dev/pylin/tree/0e2a1c82813bbdc9c74bb73b07e0bf1f95093e60,https://github.com/pylint-dev/pylin/tree/3d22862aa4e550f2a0a0cc3c10e0a37390e9745e,https://github.com/pylint-dev/pylin/compare/0e2a1c82813bbdc9c74bb73b07e0bf1f95093e60...3d22862aa4e550f2a0a0cc3c10e0a37390e9745e
118,Pylint,a548cbcb6643dacdc516dc4e03624b0407685a28,0cf4153a638be20dff421bc9b890ffa30aeb40d3,456,https://github.com/pylint-dev/pylint/issues/456,https://github.com/pylint-dev/pylin/tree/a548cbcb6643dacdc516dc4e03624b0407685a28,https://github.com/pylint-dev/pylin/tree/0cf4153a638be20dff421bc9b890ffa30aeb40d3,https://github.com/pylint-dev/pylin/compare/a548cbcb6643dacdc516dc4e03624b0407685a28...0cf4153a638be20dff421bc9b890ffa30aeb40d3
119,Pylint,0cf4153a638be20dff421bc9b890ffa30aeb40d3,77b43a1aa55821abcec04ac8acf87d30a39663df,479,https://github.com/pylint-dev/pylint/issues/479,https://github.com/pylint-dev/pylin/tree/0cf4153a638be20dff421bc9b890ffa30aeb40d3,https://github.com/pylint-dev/pylin/tree/77b43a1aa55821abcec04ac8acf87d30a39663df,https://github.com/pylint-dev/pylin/compare/0cf4153a638be20dff421bc9b890ffa30aeb40d3...77b43a1aa55821abcec04ac8acf87d30a39663df
120,Pylint,6f2af37f86b179d6a7f5cc074a533becfecec8a6,98e19e28fa711ed61fd84d39b6c698283643c8e9,520,https://github.com/pylint-dev/pylint/issues/520,https://github.com/pylint-dev/pylin/tree/6f2af37f86b179d6a7f5cc074a533becfecec8a6,https://github.com/pylint-dev/pylin/tree/98e19e28fa711ed61fd84d39b6c698283643c8e9,https://github.com/pylint-dev/pylin/compare/6f2af37f86b179d6a7f5cc074a533becfecec8a6...98e19e28fa711ed61fd84d39b6c698283643c8e9
121,Pylint,d5f6bebbd8bc2b28eb725c29a64007463637356a,94649f53e120cd702866ddd4cff71c42c272cc87,438,https://github.com/pylint-dev/pylint/issues/438,https://github.com/pylint-dev/pylin/tree/d5f6bebbd8bc2b28eb725c29a64007463637356a,https://github.com/pylint-dev/pylin/tree/94649f53e120cd702866ddd4cff71c42c272cc87,https://github.com/pylint-dev/pylin/compare/d5f6bebbd8bc2b28eb725c29a64007463637356a...94649f53e120cd702866ddd4cff71c42c272cc87
122,Pylint,e6f04114cadfcd0bb3e45e4b7a955e3f73374aec,8d11716f34dea6e8d1ae6f9d37b9b8af1861a51d,501,https://github.com/pylint-dev/pylint/issues/501,https://github.com/pylint-dev/pylin/tree/e6f04114cadfcd0bb3e45e4b7a955e3f73374aec,https://github.com/pylint-dev/pylin/tree/8d11716f34dea6e8d1ae6f9d37b9b8af1861a51d,https://github.com/pylint-dev/pylin/compare/e6f04114cadfcd0bb3e45e4b7a955e3f73374aec...8d11716f34dea6e8d1ae6f9d37b9b8af1861a51d
123,Pylint,84be359152b9cbb1e574bb0575bdd2bc6beeb843,d4ff0fb082cd5b5e9e86effc2e5393a7d8cb7417,506,https://github.com/pylint-dev/pylint/issues/506,https://github.com/pylint-dev/pylin/tree/84be359152b9cbb1e574bb0575bdd2bc6beeb843,https://github.com/pylint-dev/pylin/tree/d4ff0fb082cd5b5e9e86effc2e5393a7d8cb7417,https://github.com/pylint-dev/pylin/compare/84be359152b9cbb1e574bb0575bdd2bc6beeb843...d4ff0fb082cd5b5e9e86effc2e5393a7d8cb7417
124,Pylint,8f53b166004a3325018f44c20ee94e84d36a402d,816afe7b65eb3e2b8bae9aa6f1a0b8933156f3cb,223,https://github.com/pylint-dev/pylint/issues/223,https://github.com/pylint-dev/pylin/tree/8f53b166004a3325018f44c20ee94e84d36a402d,https://github.com/pylint-dev/pylin/tree/816afe7b65eb3e2b8bae9aa6f1a0b8933156f3cb,https://github.com/pylint-dev/pylin/compare/8f53b166004a3325018f44c20ee94e84d36a402d...816afe7b65eb3e2b8bae9aa6f1a0b8933156f3cb
125,Pylint,816afe7b65eb3e2b8bae9aa6f1a0b8933156f3cb,7f67beaf295a89dae80707fc194eeada2e51efa0,223,https://github.com/pylint-dev/pylint/issues/223,https://github.com/pylint-dev/pylin/tree/816afe7b65eb3e2b8bae9aa6f1a0b8933156f3cb,https://github.com/pylint-dev/pylin/tree/7f67beaf295a89dae80707fc194eeada2e51efa0,https://github.com/pylint-dev/pylin/compare/816afe7b65eb3e2b8bae9aa6f1a0b8933156f3cb...7f67beaf295a89dae80707fc194eeada2e51efa0
126,Pylint,3a20ee2bdd27cbf017605678901aba4e77292ffc,2b0838c5bc0b5e8646cf395cd48be48d7a0eafdb,518,https://github.com/pylint-dev/pylint/issues/518,https://github.com/pylint-dev/pylin/tree/3a20ee2bdd27cbf017605678901aba4e77292ffc,https://github.com/pylint-dev/pylin/tree/2b0838c5bc0b5e8646cf395cd48be48d7a0eafdb,https://github.com/pylint-dev/pylin/compare/3a20ee2bdd27cbf017605678901aba4e77292ffc...2b0838c5bc0b5e8646cf395cd48be48d7a0eafdb
127,Pylint,4f7b75e02c79e8832b274eb5e00f3e949bba68f8,d8ab79832099cb0556facb9e7bb575f832b5c5d9,528,https://github.com/pylint-dev/pylint/issues/528,https://github.com/pylint-dev/pylin/tree/4f7b75e02c79e8832b274eb5e00f3e949bba68f8,https://github.com/pylint-dev/pylin/tree/d8ab79832099cb0556facb9e7bb575f832b5c5d9,https://github.com/pylint-dev/pylin/compare/4f7b75e02c79e8832b274eb5e00f3e949bba68f8...d8ab79832099cb0556facb9e7bb575f832b5c5d9
128,Pylint,0747d6387becc555e22ec6b8fcff3797ab1ee557,61da98ee74941dc42535540f4f1047b817220f00,342,https://github.com/pylint-dev/pylint/issues/342,https://github.com/pylint-dev/pylin/tree/0747d6387becc555e22ec6b8fcff3797ab1ee557,https://github.com/pylint-dev/pylin/tree/61da98ee74941dc42535540f4f1047b817220f00,https://github.com/pylint-dev/pylin/compare/0747d6387becc555e22ec6b8fcff3797ab1ee557...61da98ee74941dc42535540f4f1047b817220f00
129,Pylint,67dd07bb7269c93b8b9385e3edf2ba5bc3ed95d3,0747d6387becc555e22ec6b8fcff3797ab1ee557,412,https://github.com/pylint-dev/pylint/issues/412,https://github.com/pylint-dev/pylin/tree/67dd07bb7269c93b8b9385e3edf2ba5bc3ed95d3,https://github.com/pylint-dev/pylin/tree/0747d6387becc555e22ec6b8fcff3797ab1ee557,https://github.com/pylint-dev/pylin/compare/67dd07bb7269c93b8b9385e3edf2ba5bc3ed95d3...0747d6387becc555e22ec6b8fcff3797ab1ee557
130,Pylint,081558dd54edb64c64f6c05bec6450a4024aad53,8e8b918ff32a52183446abcabb4a3064c263c916,543,https://github.com/pylint-dev/pylint/issues/543,https://github.com/pylint-dev/pylin/tree/081558dd54edb64c64f6c05bec6450a4024aad53,https://github.com/pylint-dev/pylin/tree/8e8b918ff32a52183446abcabb4a3064c263c916,https://github.com/pylint-dev/pylin/compare/081558dd54edb64c64f6c05bec6450a4024aad53...8e8b918ff32a52183446abcabb4a3064c263c916
131,Pylint,498fcffa81404c897d2f1a8919885e0c458d5ba7,9b8cdb2c1589a60726af693de921c68753bafd55,532,https://github.com/pylint-dev/pylint/issues/532,https://github.com/pylint-dev/pylin/tree/498fcffa81404c897d2f1a8919885e0c458d5ba7,https://github.com/pylint-dev/pylin/tree/9b8cdb2c1589a60726af693de921c68753bafd55,https://github.com/pylint-dev/pylin/compare/498fcffa81404c897d2f1a8919885e0c458d5ba7...9b8cdb2c1589a60726af693de921c68753bafd55
132,Pylint,859656c97fbf98dca4466f6b62246638d5bb6cf2,c037b614d27bc027f045ac75786e24ad761fefac,523,https://github.com/pylint-dev/pylint/issues/523,https://github.com/pylint-dev/pylin/tree/859656c97fbf98dca4466f6b62246638d5bb6cf2,https://github.com/pylint-dev/pylin/tree/c037b614d27bc027f045ac75786e24ad761fefac,https://github.com/pylint-dev/pylin/compare/859656c97fbf98dca4466f6b62246638d5bb6cf2...c037b614d27bc027f045ac75786e24ad761fefac
133,Pylint,47b1c773606824c22e9ae27707b9429badbc121d,5092eabff9222a1022de7e853eb492afafd07cae,577,https://github.com/pylint-dev/pylint/issues/577,https://github.com/pylint-dev/pylin/tree/47b1c773606824c22e9ae27707b9429badbc121d,https://github.com/pylint-dev/pylin/tree/5092eabff9222a1022de7e853eb492afafd07cae,https://github.com/pylint-dev/pylin/compare/47b1c773606824c22e9ae27707b9429badbc121d...5092eabff9222a1022de7e853eb492afafd07cae
134,Pylint,435ab6db5ab8e68a007a53f58854bdc819527ca6,4dd5462399e760f7d1a183d67420f74f80a295a7,548,https://github.com/pylint-dev/pylint/issues/548,https://github.com/pylint-dev/pylin/tree/435ab6db5ab8e68a007a53f58854bdc819527ca6,https://github.com/pylint-dev/pylin/tree/4dd5462399e760f7d1a183d67420f74f80a295a7,https://github.com/pylint-dev/pylin/compare/435ab6db5ab8e68a007a53f58854bdc819527ca6...4dd5462399e760f7d1a183d67420f74f80a295a7
135,Pylint,1f29c5b82292bd3c281cc454c1197124d2774987,67a771316cebe75152d83d657b9b68820537c2d3,604,https://github.com/pylint-dev/pylint/issues/604,https://github.com/pylint-dev/pylin/tree/1f29c5b82292bd3c281cc454c1197124d2774987,https://github.com/pylint-dev/pylin/tree/67a771316cebe75152d83d657b9b68820537c2d3,https://github.com/pylint-dev/pylin/compare/1f29c5b82292bd3c281cc454c1197124d2774987...67a771316cebe75152d83d657b9b68820537c2d3
136,Pylint,f2ea23723fe5f20ef3c4a421a3e9cccee414026a,35156c0c4434db14d80d6f71871d82db1a28de40,429,https://github.com/pylint-dev/pylint/issues/429,https://github.com/pylint-dev/pylin/tree/f2ea23723fe5f20ef3c4a421a3e9cccee414026a,https://github.com/pylint-dev/pylin/tree/35156c0c4434db14d80d6f71871d82db1a28de40,https://github.com/pylint-dev/pylin/compare/f2ea23723fe5f20ef3c4a421a3e9cccee414026a...35156c0c4434db14d80d6f71871d82db1a28de40
137,Pylint,c037b614d27bc027f045ac75786e24ad761fefac,2898764f5b7656cedec0ac0a3caa2c76534115af,575,https://github.com/pylint-dev/pylint/issues/575,https://github.com/pylint-dev/pylin/tree/c037b614d27bc027f045ac75786e24ad761fefac,https://github.com/pylint-dev/pylin/tree/2898764f5b7656cedec0ac0a3caa2c76534115af,https://github.com/pylint-dev/pylin/compare/c037b614d27bc027f045ac75786e24ad761fefac...2898764f5b7656cedec0ac0a3caa2c76534115af
138,Pylint,6beba11e82d2c8548f3592d4bcedceeea5ebfad5,2ecfa1fc655976cf57efe50beeb9ebf7347b0160,244,https://github.com/pylint-dev/pylint/issues/244,https://github.com/pylint-dev/pylin/tree/6beba11e82d2c8548f3592d4bcedceeea5ebfad5,https://github.com/pylint-dev/pylin/tree/2ecfa1fc655976cf57efe50beeb9ebf7347b0160,https://github.com/pylint-dev/pylin/compare/6beba11e82d2c8548f3592d4bcedceeea5ebfad5...2ecfa1fc655976cf57efe50beeb9ebf7347b0160
139,Pylint,3feb461aad2b5473bfc6ac245c2053d05b865ccd,66f9ed658fe437882c155c919e0c346dcf19bd0b,630,https://github.com/pylint-dev/pylint/issues/630,https://github.com/pylint-dev/pylin/tree/3feb461aad2b5473bfc6ac245c2053d05b865ccd,https://github.com/pylint-dev/pylin/tree/66f9ed658fe437882c155c919e0c346dcf19bd0b,https://github.com/pylint-dev/pylin/compare/3feb461aad2b5473bfc6ac245c2053d05b865ccd...66f9ed658fe437882c155c919e0c346dcf19bd0b
140,Pylint,222be7b46c50fbee92ce99da63f8642a23d17576,1e665acd8d3e81af683b7cf3df712a8280f566ec,642,https://github.com/pylint-dev/pylint/issues/642,https://github.com/pylint-dev/pylin/tree/222be7b46c50fbee92ce99da63f8642a23d17576,https://github.com/pylint-dev/pylin/tree/1e665acd8d3e81af683b7cf3df712a8280f566ec,https://github.com/pylint-dev/pylin/compare/222be7b46c50fbee92ce99da63f8642a23d17576...1e665acd8d3e81af683b7cf3df712a8280f566ec
141,Pylint,e8e25933dc0bdd2078eb00ca1cb018d2822b1649,c79413de026d27f3ef57e5b3b8587ed584d4a0ab,602,https://github.com/pylint-dev/pylint/issues/602,https://github.com/pylint-dev/pylin/tree/e8e25933dc0bdd2078eb00ca1cb018d2822b1649,https://github.com/pylint-dev/pylin/tree/c79413de026d27f3ef57e5b3b8587ed584d4a0ab,https://github.com/pylint-dev/pylin/compare/e8e25933dc0bdd2078eb00ca1cb018d2822b1649...c79413de026d27f3ef57e5b3b8587ed584d4a0ab
142,Pylint,bac55de16831f0edae98f07cb3aab07def2b7367,9eb22ab00cf45ac433d393782b1115e397e1a925,424,https://github.com/pylint-dev/pylint/issues/424,https://github.com/pylint-dev/pylin/tree/bac55de16831f0edae98f07cb3aab07def2b7367,https://github.com/pylint-dev/pylin/tree/9eb22ab00cf45ac433d393782b1115e397e1a925,https://github.com/pylint-dev/pylin/compare/bac55de16831f0edae98f07cb3aab07def2b7367...9eb22ab00cf45ac433d393782b1115e397e1a925
143,Pylint,60ade2be6fccf3b96a83831ccce85da149d609f5,fd2e758e9ba444ddf4ec45119b1aa2f575219f06,362,https://github.com/pylint-dev/pylint/issues/362,https://github.com/pylint-dev/pylin/tree/60ade2be6fccf3b96a83831ccce85da149d609f5,https://github.com/pylint-dev/pylin/tree/fd2e758e9ba444ddf4ec45119b1aa2f575219f06,https://github.com/pylint-dev/pylin/compare/60ade2be6fccf3b96a83831ccce85da149d609f5...fd2e758e9ba444ddf4ec45119b1aa2f575219f06
144,Pylint,fd2e758e9ba444ddf4ec45119b1aa2f575219f06,1b786c095709a97a971c4abae9c18052e69a2d24,362,https://github.com/pylint-dev/pylint/issues/362,https://github.com/pylint-dev/pylin/tree/fd2e758e9ba444ddf4ec45119b1aa2f575219f06,https://github.com/pylint-dev/pylin/tree/1b786c095709a97a971c4abae9c18052e69a2d24,https://github.com/pylint-dev/pylin/compare/fd2e758e9ba444ddf4ec45119b1aa2f575219f06...1b786c095709a97a971c4abae9c18052e69a2d24
145,Pylint,097d6bbd10f2ee1410c218db5d9f3a8525d3617c,0f8990daa102a1fb9850c46df99f4a2217eec523,314,https://github.com/pylint-dev/pylint/issues/314,https://github.com/pylint-dev/pylin/tree/097d6bbd10f2ee1410c218db5d9f3a8525d3617c,https://github.com/pylint-dev/pylin/tree/0f8990daa102a1fb9850c46df99f4a2217eec523,https://github.com/pylint-dev/pylin/compare/097d6bbd10f2ee1410c218db5d9f3a8525d3617c...0f8990daa102a1fb9850c46df99f4a2217eec523
146,Pylint,0096a3270246ee654f2eac18d677c4ea1e320b68,3d4337d57e8276f40e41643752d9aeb631455467,648,https://github.com/pylint-dev/pylint/issues/648,https://github.com/pylint-dev/pylin/tree/0096a3270246ee654f2eac18d677c4ea1e320b68,https://github.com/pylint-dev/pylin/tree/3d4337d57e8276f40e41643752d9aeb631455467,https://github.com/pylint-dev/pylin/compare/0096a3270246ee654f2eac18d677c4ea1e320b68...3d4337d57e8276f40e41643752d9aeb631455467
147,Pylint,44c2d61f5ce2a007e604dac185921e4674fefada,76e97cdc9e8146e1258b20f923164a74ac225d92,652,https://github.com/pylint-dev/pylint/issues/652,https://github.com/pylint-dev/pylin/tree/44c2d61f5ce2a007e604dac185921e4674fefada,https://github.com/pylint-dev/pylin/tree/76e97cdc9e8146e1258b20f923164a74ac225d92,https://github.com/pylint-dev/pylin/compare/44c2d61f5ce2a007e604dac185921e4674fefada...76e97cdc9e8146e1258b20f923164a74ac225d92
148,Pylint,5349c6013ed401c0809001484c0b4ed8435eee23,6881c2bdb3163d8114fc99765d5cb6bc803fc234,679,https://github.com/pylint-dev/pylint/issues/679,https://github.com/pylint-dev/pylin/tree/5349c6013ed401c0809001484c0b4ed8435eee23,https://github.com/pylint-dev/pylin/tree/6881c2bdb3163d8114fc99765d5cb6bc803fc234,https://github.com/pylint-dev/pylin/compare/5349c6013ed401c0809001484c0b4ed8435eee23...6881c2bdb3163d8114fc99765d5cb6bc803fc234
149,Pylint,856b9386a21c6729d5535ac9e4a6e7805959657f,e5b8cffdd2ff3cf92896dcd23677c778be2d6e6a,667,https://github.com/pylint-dev/pylint/issues/667,https://github.com/pylint-dev/pylin/tree/856b9386a21c6729d5535ac9e4a6e7805959657f,https://github.com/pylint-dev/pylin/tree/e5b8cffdd2ff3cf92896dcd23677c778be2d6e6a,https://github.com/pylint-dev/pylin/compare/856b9386a21c6729d5535ac9e4a6e7805959657f...e5b8cffdd2ff3cf92896dcd23677c778be2d6e6a
150,Pylint,04c24902d4b4b110b6cd665a6d99b7bb93164b93,fd66e82303932b8cf08873a0d527babda9029b97,481,https://github.com/pylint-dev/pylint/issues/481,https://github.com/pylint-dev/pylin/tree/04c24902d4b4b110b6cd665a6d99b7bb93164b93,https://github.com/pylint-dev/pylin/tree/fd66e82303932b8cf08873a0d527babda9029b97,https://github.com/pylint-dev/pylin/compare/04c24902d4b4b110b6cd665a6d99b7bb93164b93...fd66e82303932b8cf08873a0d527babda9029b97
151,Pylint,b1988092c733bb5a0af58e78826593841bcaa5d8,79cdfadc2dcc3c31e5cabd1fc5cf7207f0a1ff8d,559,https://github.com/pylint-dev/pylint/issues/559,https://github.com/pylint-dev/pylin/tree/b1988092c733bb5a0af58e78826593841bcaa5d8,https://github.com/pylint-dev/pylin/tree/79cdfadc2dcc3c31e5cabd1fc5cf7207f0a1ff8d,https://github.com/pylint-dev/pylin/compare/b1988092c733bb5a0af58e78826593841bcaa5d8...79cdfadc2dcc3c31e5cabd1fc5cf7207f0a1ff8d
152,Pylint,6881c2bdb3163d8114fc99765d5cb6bc803fc234,56fb4fd5e6915dd610c1eb1f7cf2d8f12707c070,632,https://github.com/pylint-dev/pylint/issues/632,https://github.com/pylint-dev/pylin/tree/6881c2bdb3163d8114fc99765d5cb6bc803fc234,https://github.com/pylint-dev/pylin/tree/56fb4fd5e6915dd610c1eb1f7cf2d8f12707c070,https://github.com/pylint-dev/pylin/compare/6881c2bdb3163d8114fc99765d5cb6bc803fc234...56fb4fd5e6915dd610c1eb1f7cf2d8f12707c070
153,Pylint,cfc0f8a29c36855914d5cb04572796663e4ad627,66c1d7ea3b40b1bb95e46b96f503aca9b23cec64,695,https://github.com/pylint-dev/pylint/issues/695,https://github.com/pylint-dev/pylin/tree/cfc0f8a29c36855914d5cb04572796663e4ad627,https://github.com/pylint-dev/pylin/tree/66c1d7ea3b40b1bb95e46b96f503aca9b23cec64,https://github.com/pylint-dev/pylin/compare/cfc0f8a29c36855914d5cb04572796663e4ad627...66c1d7ea3b40b1bb95e46b96f503aca9b23cec64
154,Pylint,3b92bc8ca821a73369fc78bb6d68b983d3c8b67d,40bb7e7ae67c3eac10c6287df579982194f81c72,695,https://github.com/pylint-dev/pylint/issues/695,https://github.com/pylint-dev/pylin/tree/3b92bc8ca821a73369fc78bb6d68b983d3c8b67d,https://github.com/pylint-dev/pylin/tree/40bb7e7ae67c3eac10c6287df579982194f81c72,https://github.com/pylint-dev/pylin/compare/3b92bc8ca821a73369fc78bb6d68b983d3c8b67d...40bb7e7ae67c3eac10c6287df579982194f81c72
155,Pylint,b57074960972edac15bfffb4aab7c56940e124e4,04c24902d4b4b110b6cd665a6d99b7bb93164b93,627,https://github.com/pylint-dev/pylint/issues/627,https://github.com/pylint-dev/pylin/tree/b57074960972edac15bfffb4aab7c56940e124e4,https://github.com/pylint-dev/pylin/tree/04c24902d4b4b110b6cd665a6d99b7bb93164b93,https://github.com/pylint-dev/pylin/compare/b57074960972edac15bfffb4aab7c56940e124e4...04c24902d4b4b110b6cd665a6d99b7bb93164b93
156,Pylint,ea20a1660959b130278006e190259dc51699408a,2dc6bd120c119b614018bca22ef96ff497ff5102,685,https://github.com/pylint-dev/pylint/issues/685,https://github.com/pylint-dev/pylin/tree/ea20a1660959b130278006e190259dc51699408a,https://github.com/pylint-dev/pylin/tree/2dc6bd120c119b614018bca22ef96ff497ff5102,https://github.com/pylint-dev/pylin/compare/ea20a1660959b130278006e190259dc51699408a...2dc6bd120c119b614018bca22ef96ff497ff5102
157,Pylint,a7ac732f2ddd5c7dfd36e56b4e369110ff6f95e2,ef8fc191074320d4cd0713352299bc33b18a3dae,651,https://github.com/pylint-dev/pylint/issues/651,https://github.com/pylint-dev/pylin/tree/a7ac732f2ddd5c7dfd36e56b4e369110ff6f95e2,https://github.com/pylint-dev/pylin/tree/ef8fc191074320d4cd0713352299bc33b18a3dae,https://github.com/pylint-dev/pylin/compare/a7ac732f2ddd5c7dfd36e56b4e369110ff6f95e2...ef8fc191074320d4cd0713352299bc33b18a3dae
158,Pylint,144f68d0a8fcedfef698a16a073ab1e513f1f471,a60a5bca5deda068c45ca2f1377026d160a09040,711,https://github.com/pylint-dev/pylint/issues/711,https://github.com/pylint-dev/pylin/tree/144f68d0a8fcedfef698a16a073ab1e513f1f471,https://github.com/pylint-dev/pylin/tree/a60a5bca5deda068c45ca2f1377026d160a09040,https://github.com/pylint-dev/pylin/compare/144f68d0a8fcedfef698a16a073ab1e513f1f471...a60a5bca5deda068c45ca2f1377026d160a09040
159,Pylint,ec47a296e4d10bbda11c37c25a1c6169850c90b0,bcf801f5e7fadb449c363c7acc14390286dceb7c,708,https://github.com/pylint-dev/pylint/issues/708,https://github.com/pylint-dev/pylin/tree/ec47a296e4d10bbda11c37c25a1c6169850c90b0,https://github.com/pylint-dev/pylin/tree/bcf801f5e7fadb449c363c7acc14390286dceb7c,https://github.com/pylint-dev/pylin/compare/ec47a296e4d10bbda11c37c25a1c6169850c90b0...bcf801f5e7fadb449c363c7acc14390286dceb7c
160,Pylint,ec47a296e4d10bbda11c37c25a1c6169850c90b0,bcf801f5e7fadb449c363c7acc14390286dceb7c,706,https://github.com/pylint-dev/pylint/issues/706,https://github.com/pylint-dev/pylin/tree/ec47a296e4d10bbda11c37c25a1c6169850c90b0,https://github.com/pylint-dev/pylin/tree/bcf801f5e7fadb449c363c7acc14390286dceb7c,https://github.com/pylint-dev/pylin/compare/ec47a296e4d10bbda11c37c25a1c6169850c90b0...bcf801f5e7fadb449c363c7acc14390286dceb7c
161,Pylint,36f367ba5922b41191ecc99c6a1cd679c9c9ccaa,1eeb3c2f71e43b9968e09f07135a0eb576d31f47,714,https://github.com/pylint-dev/pylint/issues/714,https://github.com/pylint-dev/pylin/tree/36f367ba5922b41191ecc99c6a1cd679c9c9ccaa,https://github.com/pylint-dev/pylin/tree/1eeb3c2f71e43b9968e09f07135a0eb576d31f47,https://github.com/pylint-dev/pylin/compare/36f367ba5922b41191ecc99c6a1cd679c9c9ccaa...1eeb3c2f71e43b9968e09f07135a0eb576d31f47
162,Pylint,0acd660b08c949729dd7566d9fc8b76d0230155f,7c993565013f65aa0ea35d3e03b155eb31c1079d,705,https://github.com/pylint-dev/pylint/issues/705,https://github.com/pylint-dev/pylin/tree/0acd660b08c949729dd7566d9fc8b76d0230155f,https://github.com/pylint-dev/pylin/tree/7c993565013f65aa0ea35d3e03b155eb31c1079d,https://github.com/pylint-dev/pylin/compare/0acd660b08c949729dd7566d9fc8b76d0230155f...7c993565013f65aa0ea35d3e03b155eb31c1079d
163,Pylint,7c993565013f65aa0ea35d3e03b155eb31c1079d,c8c1984ff419189f6ca11888f60cca036cebc9ec,168,https://github.com/pylint-dev/pylint/issues/168,https://github.com/pylint-dev/pylin/tree/7c993565013f65aa0ea35d3e03b155eb31c1079d,https://github.com/pylint-dev/pylin/tree/c8c1984ff419189f6ca11888f60cca036cebc9ec,https://github.com/pylint-dev/pylin/compare/7c993565013f65aa0ea35d3e03b155eb31c1079d...c8c1984ff419189f6ca11888f60cca036cebc9ec
164,Pylint,10280b507be8bdda580874ec4d87073200b3e76b,c9701a3ece6aa2e7f485ec78d426d1d018fc85ae,737,https://github.com/pylint-dev/pylint/issues/737,https://github.com/pylint-dev/pylin/tree/10280b507be8bdda580874ec4d87073200b3e76b,https://github.com/pylint-dev/pylin/tree/c9701a3ece6aa2e7f485ec78d426d1d018fc85ae,https://github.com/pylint-dev/pylin/compare/10280b507be8bdda580874ec4d87073200b3e76b...c9701a3ece6aa2e7f485ec78d426d1d018fc85ae
165,Pylint,d2a7144d29a6576f79c0f8fba4ff4707447c3f79,e00abd9214f9ea3e49262bc09626784e2cd3ea4a,767,https://github.com/pylint-dev/pylint/issues/767,https://github.com/pylint-dev/pylin/tree/d2a7144d29a6576f79c0f8fba4ff4707447c3f79,https://github.com/pylint-dev/pylin/tree/e00abd9214f9ea3e49262bc09626784e2cd3ea4a,https://github.com/pylint-dev/pylin/compare/d2a7144d29a6576f79c0f8fba4ff4707447c3f79...e00abd9214f9ea3e49262bc09626784e2cd3ea4a
166,Pylint,3228e199af2285436abd216a45eb8fe534c565ad,6cf07b3483ec0d921296aefa8a28a8491f13786e,721,https://github.com/pylint-dev/pylint/issues/721,https://github.com/pylint-dev/pylin/tree/3228e199af2285436abd216a45eb8fe534c565ad,https://github.com/pylint-dev/pylin/tree/6cf07b3483ec0d921296aefa8a28a8491f13786e,https://github.com/pylint-dev/pylin/compare/3228e199af2285436abd216a45eb8fe534c565ad...6cf07b3483ec0d921296aefa8a28a8491f13786e
167,Pylint,8996b81d4e8c9d8b1b89d5cec68150fe0bf8e1ea,271f48aabee1b985a008bb90c3a76ee6869b83a1,722,https://github.com/pylint-dev/pylint/issues/722,https://github.com/pylint-dev/pylin/tree/8996b81d4e8c9d8b1b89d5cec68150fe0bf8e1ea,https://github.com/pylint-dev/pylin/tree/271f48aabee1b985a008bb90c3a76ee6869b83a1,https://github.com/pylint-dev/pylin/compare/8996b81d4e8c9d8b1b89d5cec68150fe0bf8e1ea...271f48aabee1b985a008bb90c3a76ee6869b83a1
168,Pylint,b0f6c33ca8f69fb866297ff40eda565fc46447b2,319c79d9b4e15e6600dd055370b6ad6e6392592f,775,https://github.com/pylint-dev/pylint/issues/775,https://github.com/pylint-dev/pylin/tree/b0f6c33ca8f69fb866297ff40eda565fc46447b2,https://github.com/pylint-dev/pylin/tree/319c79d9b4e15e6600dd055370b6ad6e6392592f,https://github.com/pylint-dev/pylin/compare/b0f6c33ca8f69fb866297ff40eda565fc46447b2...319c79d9b4e15e6600dd055370b6ad6e6392592f
169,Pylint,81b66e0a695e22bb816aaff8e354ef4dc28532d4,77fcfcb71ce814d380a90166e79659dcf4b2ad2c,766,https://github.com/pylint-dev/pylint/issues/766,https://github.com/pylint-dev/pylin/tree/81b66e0a695e22bb816aaff8e354ef4dc28532d4,https://github.com/pylint-dev/pylin/tree/77fcfcb71ce814d380a90166e79659dcf4b2ad2c,https://github.com/pylint-dev/pylin/compare/81b66e0a695e22bb816aaff8e354ef4dc28532d4...77fcfcb71ce814d380a90166e79659dcf4b2ad2c
170,Pylint,81b66e0a695e22bb816aaff8e354ef4dc28532d4,77fcfcb71ce814d380a90166e79659dcf4b2ad2c,765,https://github.com/pylint-dev/pylint/issues/765,https://github.com/pylint-dev/pylin/tree/81b66e0a695e22bb816aaff8e354ef4dc28532d4,https://github.com/pylint-dev/pylin/tree/77fcfcb71ce814d380a90166e79659dcf4b2ad2c,https://github.com/pylint-dev/pylin/compare/81b66e0a695e22bb816aaff8e354ef4dc28532d4...77fcfcb71ce814d380a90166e79659dcf4b2ad2c
171,Pylint,ef1fdce33cd98e54aecf51d52e2422dbf006c465,144f68d0a8fcedfef698a16a073ab1e513f1f471,685,https://github.com/pylint-dev/pylint/issues/685,https://github.com/pylint-dev/pylin/tree/ef1fdce33cd98e54aecf51d52e2422dbf006c465,https://github.com/pylint-dev/pylin/tree/144f68d0a8fcedfef698a16a073ab1e513f1f471,https://github.com/pylint-dev/pylin/compare/ef1fdce33cd98e54aecf51d52e2422dbf006c465...144f68d0a8fcedfef698a16a073ab1e513f1f471
172,Pylint,3499253a40fa4e1c77451a3f73849fb0d67ae12b,e3d49c1bf1a718b613ff2631db7d27e4727bfb8e,717,https://github.com/pylint-dev/pylint/issues/717,https://github.com/pylint-dev/pylin/tree/3499253a40fa4e1c77451a3f73849fb0d67ae12b,https://github.com/pylint-dev/pylin/tree/e3d49c1bf1a718b613ff2631db7d27e4727bfb8e,https://github.com/pylint-dev/pylin/compare/3499253a40fa4e1c77451a3f73849fb0d67ae12b...e3d49c1bf1a718b613ff2631db7d27e4727bfb8e
173,Pylint,1d6eddf8cf02807f0bd64f086a69148d0a465dc6,5d58b6d5cc5ca08f94f9b5a5f95c2bb3b05e5bfa,486,https://github.com/pylint-dev/pylint/issues/486,https://github.com/pylint-dev/pylin/tree/1d6eddf8cf02807f0bd64f086a69148d0a465dc6,https://github.com/pylint-dev/pylin/tree/5d58b6d5cc5ca08f94f9b5a5f95c2bb3b05e5bfa,https://github.com/pylint-dev/pylin/compare/1d6eddf8cf02807f0bd64f086a69148d0a465dc6...5d58b6d5cc5ca08f94f9b5a5f95c2bb3b05e5bfa
174,Pylint,31dfdde186612a6e4212db09d0a69e8aaf369451,4d8336b527bded620c8c24d3ed442539d9256f04,878,https://github.com/pylint-dev/pylint/issues/878,https://github.com/pylint-dev/pylin/tree/31dfdde186612a6e4212db09d0a69e8aaf369451,https://github.com/pylint-dev/pylin/tree/4d8336b527bded620c8c24d3ed442539d9256f04,https://github.com/pylint-dev/pylin/compare/31dfdde186612a6e4212db09d0a69e8aaf369451...4d8336b527bded620c8c24d3ed442539d9256f04
175,Pylint,ad7c2cd38f7213edd1ff37aaead86d5ae8390df4,1cdb8bc0b74deea7c3590eea289824db185392b3,599,https://github.com/pylint-dev/pylint/issues/599,https://github.com/pylint-dev/pylin/tree/ad7c2cd38f7213edd1ff37aaead86d5ae8390df4,https://github.com/pylint-dev/pylin/tree/1cdb8bc0b74deea7c3590eea289824db185392b3,https://github.com/pylint-dev/pylin/compare/ad7c2cd38f7213edd1ff37aaead86d5ae8390df4...1cdb8bc0b74deea7c3590eea289824db185392b3
176,Pylint,c08d02d2e9cf28a048bb12067375a2ddddb0793b,ca073e11bb2e336d2936b25cf8d7a5987852e727,564,https://github.com/pylint-dev/pylint/issues/564,https://github.com/pylint-dev/pylin/tree/c08d02d2e9cf28a048bb12067375a2ddddb0793b,https://github.com/pylint-dev/pylin/tree/ca073e11bb2e336d2936b25cf8d7a5987852e727,https://github.com/pylint-dev/pylin/compare/c08d02d2e9cf28a048bb12067375a2ddddb0793b...ca073e11bb2e336d2936b25cf8d7a5987852e727
177,Pylint,024000aa4f622fac0fb016f3031c7dcd48c05b32,1f25a9e61ffbb63522edfe03a9da16ac869b4c4e,649,https://github.com/pylint-dev/pylint/issues/649,https://github.com/pylint-dev/pylin/tree/024000aa4f622fac0fb016f3031c7dcd48c05b32,https://github.com/pylint-dev/pylin/tree/1f25a9e61ffbb63522edfe03a9da16ac869b4c4e,https://github.com/pylint-dev/pylin/compare/024000aa4f622fac0fb016f3031c7dcd48c05b32...1f25a9e61ffbb63522edfe03a9da16ac869b4c4e
178,Pylint,3d0478132e10428bdca9727fb955ea036afc29c1,5fcfe83ef72429e23785ac8671b364e6aa934932,769,https://github.com/pylint-dev/pylint/issues/769,https://github.com/pylint-dev/pylin/tree/3d0478132e10428bdca9727fb955ea036afc29c1,https://github.com/pylint-dev/pylin/tree/5fcfe83ef72429e23785ac8671b364e6aa934932,https://github.com/pylint-dev/pylin/compare/3d0478132e10428bdca9727fb955ea036afc29c1...5fcfe83ef72429e23785ac8671b364e6aa934932
179,Pylint,e7152f9d54c379b55baa279fc8f252356bf8c327,af63289220565ccb6848e36c9bc3b88ff227c31d,165,https://github.com/pylint-dev/pylint/issues/165,https://github.com/pylint-dev/pylin/tree/e7152f9d54c379b55baa279fc8f252356bf8c327,https://github.com/pylint-dev/pylin/tree/af63289220565ccb6848e36c9bc3b88ff227c31d,https://github.com/pylint-dev/pylin/compare/e7152f9d54c379b55baa279fc8f252356bf8c327...af63289220565ccb6848e36c9bc3b88ff227c31d
180,Pylint,c490afb7574b306d9c610c91eace3b2a74ce401a,271a27e7bb5a8e4f791f025cb49d92cc3a47a814,990,https://github.com/pylint-dev/pylint/issues/990,https://github.com/pylint-dev/pylin/tree/c490afb7574b306d9c610c91eace3b2a74ce401a,https://github.com/pylint-dev/pylin/tree/271a27e7bb5a8e4f791f025cb49d92cc3a47a814,https://github.com/pylint-dev/pylin/compare/c490afb7574b306d9c610c91eace3b2a74ce401a...271a27e7bb5a8e4f791f025cb49d92cc3a47a814
181,Pylint,2356d95759d13cc3e4043418723c7df9a53daceb,7cf531c69dc495419ea5e5d3353c43fbc5b7b188,1004,https://github.com/pylint-dev/pylint/issues/1004,https://github.com/pylint-dev/pylin/tree/2356d95759d13cc3e4043418723c7df9a53daceb,https://github.com/pylint-dev/pylin/tree/7cf531c69dc495419ea5e5d3353c43fbc5b7b188,https://github.com/pylint-dev/pylin/compare/2356d95759d13cc3e4043418723c7df9a53daceb...7cf531c69dc495419ea5e5d3353c43fbc5b7b188
182,Pylint,6ce7d1453fd1bd416eebe55a45c430a893fb1f2e,c72d1070bc1dab7d0bcb45b5fe52b8f6dd4bba5e,1126,https://github.com/pylint-dev/pylint/issues/1126,https://github.com/pylint-dev/pylin/tree/6ce7d1453fd1bd416eebe55a45c430a893fb1f2e,https://github.com/pylint-dev/pylin/tree/c72d1070bc1dab7d0bcb45b5fe52b8f6dd4bba5e,https://github.com/pylint-dev/pylin/compare/6ce7d1453fd1bd416eebe55a45c430a893fb1f2e...c72d1070bc1dab7d0bcb45b5fe52b8f6dd4bba5e
183,Pylint,4dec9d61c50f4df8c6185b83910b54a7442b2f9e,519d6a4b8a565766a4f2a3964332f98fc9c4a6c1,1139,https://github.com/pylint-dev/pylint/issues/1139,https://github.com/pylint-dev/pylin/tree/4dec9d61c50f4df8c6185b83910b54a7442b2f9e,https://github.com/pylint-dev/pylin/tree/519d6a4b8a565766a4f2a3964332f98fc9c4a6c1,https://github.com/pylint-dev/pylin/compare/4dec9d61c50f4df8c6185b83910b54a7442b2f9e...519d6a4b8a565766a4f2a3964332f98fc9c4a6c1
184,Pylint,a6f13937231dd8ad0c762ce28f48415faf0b6564,ea14cad3187aa2efdd0ae7b520b2ba44797c0863,1213,https://github.com/pylint-dev/pylint/issues/1213,https://github.com/pylint-dev/pylin/tree/a6f13937231dd8ad0c762ce28f48415faf0b6564,https://github.com/pylint-dev/pylin/tree/ea14cad3187aa2efdd0ae7b520b2ba44797c0863,https://github.com/pylint-dev/pylin/compare/a6f13937231dd8ad0c762ce28f48415faf0b6564...ea14cad3187aa2efdd0ae7b520b2ba44797c0863
185,Pylint,ea14cad3187aa2efdd0ae7b520b2ba44797c0863,fca2e0f514656cbc4a135b3d672eb78cd6636adb,1177,https://github.com/pylint-dev/pylint/issues/1177,https://github.com/pylint-dev/pylin/tree/ea14cad3187aa2efdd0ae7b520b2ba44797c0863,https://github.com/pylint-dev/pylin/tree/fca2e0f514656cbc4a135b3d672eb78cd6636adb,https://github.com/pylint-dev/pylin/compare/ea14cad3187aa2efdd0ae7b520b2ba44797c0863...fca2e0f514656cbc4a135b3d672eb78cd6636adb
186,Pylint,ef554cfcfe1741ac8f177079174a125ae3d61ecc,018ed0712fba32b52de6e37c6693937a4d164c33,572,https://github.com/pylint-dev/pylint/issues/572,https://github.com/pylint-dev/pylin/tree/ef554cfcfe1741ac8f177079174a125ae3d61ecc,https://github.com/pylint-dev/pylin/tree/018ed0712fba32b52de6e37c6693937a4d164c33,https://github.com/pylint-dev/pylin/compare/ef554cfcfe1741ac8f177079174a125ae3d61ecc...018ed0712fba32b52de6e37c6693937a4d164c33
187,Pylint,3327d745a85e0d810cb36094904fe1f5bbae01cb,bbd42396362e5b7332d6b8867065b364da489a98,567,https://github.com/pylint-dev/pylint/issues/567,https://github.com/pylint-dev/pylin/tree/3327d745a85e0d810cb36094904fe1f5bbae01cb,https://github.com/pylint-dev/pylin/tree/bbd42396362e5b7332d6b8867065b364da489a98,https://github.com/pylint-dev/pylin/compare/3327d745a85e0d810cb36094904fe1f5bbae01cb...bbd42396362e5b7332d6b8867065b364da489a98
188,Pylint,854bfe802145355a659e0b1ec068d31d8000988d,ecd9d9e7db0d67db0691b1bbc869d82b915bc988,1031,https://github.com/pylint-dev/pylint/issues/1031,https://github.com/pylint-dev/pylin/tree/854bfe802145355a659e0b1ec068d31d8000988d,https://github.com/pylint-dev/pylin/tree/ecd9d9e7db0d67db0691b1bbc869d82b915bc988,https://github.com/pylint-dev/pylin/compare/854bfe802145355a659e0b1ec068d31d8000988d...ecd9d9e7db0d67db0691b1bbc869d82b915bc988
189,Pylint,4b053f5cbc8814bb5707640569272fd304b4e64c,4a15be419cba3fdccc386d0cf85651a68ec52b24,1135,https://github.com/pylint-dev/pylint/issues/1135,https://github.com/pylint-dev/pylin/tree/4b053f5cbc8814bb5707640569272fd304b4e64c,https://github.com/pylint-dev/pylin/tree/4a15be419cba3fdccc386d0cf85651a68ec52b24,https://github.com/pylint-dev/pylin/compare/4b053f5cbc8814bb5707640569272fd304b4e64c...4a15be419cba3fdccc386d0cf85651a68ec52b24
190,Pylint,27ade1a61dec51ddc0027435210c75278234226a,b94fed328d7ad2ee2d27776d1dbcac077fe1b302,488,https://github.com/pylint-dev/pylint/issues/488,https://github.com/pylint-dev/pylin/tree/27ade1a61dec51ddc0027435210c75278234226a,https://github.com/pylint-dev/pylin/tree/b94fed328d7ad2ee2d27776d1dbcac077fe1b302,https://github.com/pylint-dev/pylin/compare/27ade1a61dec51ddc0027435210c75278234226a...b94fed328d7ad2ee2d27776d1dbcac077fe1b302
191,Pylint,e5aa388e01b07718e6549d10a9fff1a957c912b4,8bcd4059104329b6fcaa6436fc6d6fa458cca23f,1034,https://github.com/pylint-dev/pylint/issues/1034,https://github.com/pylint-dev/pylin/tree/e5aa388e01b07718e6549d10a9fff1a957c912b4,https://github.com/pylint-dev/pylin/tree/8bcd4059104329b6fcaa6436fc6d6fa458cca23f,https://github.com/pylint-dev/pylin/compare/e5aa388e01b07718e6549d10a9fff1a957c912b4...8bcd4059104329b6fcaa6436fc6d6fa458cca23f
192,Pylint,d78e0130720aba010a55e388ba16bd58debef828,da2e9724a195ea48451222457e56fbb9311186da,1372,https://github.com/pylint-dev/pylint/issues/1372,https://github.com/pylint-dev/pylin/tree/d78e0130720aba010a55e388ba16bd58debef828,https://github.com/pylint-dev/pylin/tree/da2e9724a195ea48451222457e56fbb9311186da,https://github.com/pylint-dev/pylin/compare/d78e0130720aba010a55e388ba16bd58debef828...da2e9724a195ea48451222457e56fbb9311186da
193,Pylint,42a0b4272b7a3fa2b550f574ba5cf9d80de5f597,bebcc502a5fa81099c10192828e90e0998f34d04,1506,https://github.com/pylint-dev/pylint/issues/1506,https://github.com/pylint-dev/pylin/tree/42a0b4272b7a3fa2b550f574ba5cf9d80de5f597,https://github.com/pylint-dev/pylin/tree/bebcc502a5fa81099c10192828e90e0998f34d04,https://github.com/pylint-dev/pylin/compare/42a0b4272b7a3fa2b550f574ba5cf9d80de5f597...bebcc502a5fa81099c10192828e90e0998f34d04
194,Pylint,e0fdd25c214e60bef10fbaa46252f4aaa74de8c2,0d3b4a72b585b34cc12cb95eaf62ca3d13173a9e,957,https://github.com/pylint-dev/pylint/issues/957,https://github.com/pylint-dev/pylin/tree/e0fdd25c214e60bef10fbaa46252f4aaa74de8c2,https://github.com/pylint-dev/pylin/tree/0d3b4a72b585b34cc12cb95eaf62ca3d13173a9e,https://github.com/pylint-dev/pylin/compare/e0fdd25c214e60bef10fbaa46252f4aaa74de8c2...0d3b4a72b585b34cc12cb95eaf62ca3d13173a9e
195,Pylint,56daa5c3a0d2d6592c673c2932c354b68679997f,7df8caaa3e1995018417ac2fd87afd89be6945ba,59,https://github.com/pylint-dev/pylint/issues/59,https://github.com/pylint-dev/pylin/tree/56daa5c3a0d2d6592c673c2932c354b68679997f,https://github.com/pylint-dev/pylin/tree/7df8caaa3e1995018417ac2fd87afd89be6945ba,https://github.com/pylint-dev/pylin/compare/56daa5c3a0d2d6592c673c2932c354b68679997f...7df8caaa3e1995018417ac2fd87afd89be6945ba
196,Pylint,22d30b769fecd67ad905a184dba3b08bfc42e11b,126c63db8010d23afd18cf65e4a6b45f4bf79efd,1426,https://github.com/pylint-dev/pylint/issues/1426,https://github.com/pylint-dev/pylin/tree/22d30b769fecd67ad905a184dba3b08bfc42e11b,https://github.com/pylint-dev/pylin/tree/126c63db8010d23afd18cf65e4a6b45f4bf79efd,https://github.com/pylint-dev/pylin/compare/22d30b769fecd67ad905a184dba3b08bfc42e11b...126c63db8010d23afd18cf65e4a6b45f4bf79efd
197,Pylint,d27465552a94d03936bde1c71fc8106bc3aa75b0,ea964a046ee4a3dbc392c29f843db92577d8a933,1325,https://github.com/pylint-dev/pylint/issues/1325,https://github.com/pylint-dev/pylin/tree/d27465552a94d03936bde1c71fc8106bc3aa75b0,https://github.com/pylint-dev/pylin/tree/ea964a046ee4a3dbc392c29f843db92577d8a933,https://github.com/pylint-dev/pylin/compare/d27465552a94d03936bde1c71fc8106bc3aa75b0...ea964a046ee4a3dbc392c29f843db92577d8a933
198,Pylint,b4df06586c0a10b6eec8402a32e80aff2fb6d1c7,a213323ebea17ce2eb0c7c35523f14e45cbcf920,1574,https://github.com/pylint-dev/pylint/issues/1574,https://github.com/pylint-dev/pylin/tree/b4df06586c0a10b6eec8402a32e80aff2fb6d1c7,https://github.com/pylint-dev/pylin/tree/a213323ebea17ce2eb0c7c35523f14e45cbcf920,https://github.com/pylint-dev/pylin/compare/b4df06586c0a10b6eec8402a32e80aff2fb6d1c7...a213323ebea17ce2eb0c7c35523f14e45cbcf920
199,Pylint,6765dee7414d5417d703656df8ece2e749a0d70b,fbdf5ba095ebbbf04db12f6c3e88e21152a30507,1533,https://github.com/pylint-dev/pylint/issues/1533,https://github.com/pylint-dev/pylin/tree/6765dee7414d5417d703656df8ece2e749a0d70b,https://github.com/pylint-dev/pylin/tree/fbdf5ba095ebbbf04db12f6c3e88e21152a30507,https://github.com/pylint-dev/pylin/compare/6765dee7414d5417d703656df8ece2e749a0d70b...fbdf5ba095ebbbf04db12f6c3e88e21152a30507
200,Pylint,ef698057b81872f80efc63c87d772121f6b73b3e,72335896280daddd5229050d8b69929a99519a20,1579,https://github.com/pylint-dev/pylint/issues/1579,https://github.com/pylint-dev/pylin/tree/ef698057b81872f80efc63c87d772121f6b73b3e,https://github.com/pylint-dev/pylin/tree/72335896280daddd5229050d8b69929a99519a20,https://github.com/pylint-dev/pylin/compare/ef698057b81872f80efc63c87d772121f6b73b3e...72335896280daddd5229050d8b69929a99519a20
201,Pylint,7d6114fe71f1e6ab4a7c19546f380a7cb216eac9,1aa0874f24a37d934a590a9b5e7482bf7f629900,1608,https://github.com/pylint-dev/pylint/issues/1608,https://github.com/pylint-dev/pylin/tree/7d6114fe71f1e6ab4a7c19546f380a7cb216eac9,https://github.com/pylint-dev/pylin/tree/1aa0874f24a37d934a590a9b5e7482bf7f629900,https://github.com/pylint-dev/pylin/compare/7d6114fe71f1e6ab4a7c19546f380a7cb216eac9...1aa0874f24a37d934a590a9b5e7482bf7f629900
202,Pylint,5652cf7644329d0db47a37c8430f09cdea368518,210a9ad8f19cd34d245a64bbc32019b1b53e742d,1609,https://github.com/pylint-dev/pylint/issues/1609,https://github.com/pylint-dev/pylin/tree/5652cf7644329d0db47a37c8430f09cdea368518,https://github.com/pylint-dev/pylin/tree/210a9ad8f19cd34d245a64bbc32019b1b53e742d,https://github.com/pylint-dev/pylin/compare/5652cf7644329d0db47a37c8430f09cdea368518...210a9ad8f19cd34d245a64bbc32019b1b53e742d
203,Pylint,e231a409a83a23c24c8b7dbbaca79314eee6d4c6,a80810644b3533de5c2455f33ec63838bf731f62,574,https://github.com/pylint-dev/pylint/issues/574,https://github.com/pylint-dev/pylin/tree/e231a409a83a23c24c8b7dbbaca79314eee6d4c6,https://github.com/pylint-dev/pylin/tree/a80810644b3533de5c2455f33ec63838bf731f62,https://github.com/pylint-dev/pylin/compare/e231a409a83a23c24c8b7dbbaca79314eee6d4c6...a80810644b3533de5c2455f33ec63838bf731f62
204,Pylint,b4c17e800439ebc6ae5dd5363883035d0311f37b,642577760a2afb355ccfb1f93e21a5bd1e37a4ed,1681,https://github.com/pylint-dev/pylint/issues/1681,https://github.com/pylint-dev/pylin/tree/b4c17e800439ebc6ae5dd5363883035d0311f37b,https://github.com/pylint-dev/pylin/tree/642577760a2afb355ccfb1f93e21a5bd1e37a4ed,https://github.com/pylint-dev/pylin/compare/b4c17e800439ebc6ae5dd5363883035d0311f37b...642577760a2afb355ccfb1f93e21a5bd1e37a4ed
205,Pylint,c8bfc2d2a29402ddec8df3f16bed85ba680dd4e2,623d6fd586b972ef4819a52e5f48c0223ee2dea9,1779,https://github.com/pylint-dev/pylint/issues/1779,https://github.com/pylint-dev/pylin/tree/c8bfc2d2a29402ddec8df3f16bed85ba680dd4e2,https://github.com/pylint-dev/pylin/tree/623d6fd586b972ef4819a52e5f48c0223ee2dea9,https://github.com/pylint-dev/pylin/compare/c8bfc2d2a29402ddec8df3f16bed85ba680dd4e2...623d6fd586b972ef4819a52e5f48c0223ee2dea9
206,Pylint,623d6fd586b972ef4819a52e5f48c0223ee2dea9,dbb2f3e65b9a452cf981e1bda318ec019b43bd8c,1774,https://github.com/pylint-dev/pylint/issues/1774,https://github.com/pylint-dev/pylin/tree/623d6fd586b972ef4819a52e5f48c0223ee2dea9,https://github.com/pylint-dev/pylin/tree/dbb2f3e65b9a452cf981e1bda318ec019b43bd8c,https://github.com/pylint-dev/pylin/compare/623d6fd586b972ef4819a52e5f48c0223ee2dea9...dbb2f3e65b9a452cf981e1bda318ec019b43bd8c
207,Pylint,11c5d8a734649c0068fe024a48a62b679692ff5d,97427560627562923f88d07c06593d18f096854b,1773,https://github.com/pylint-dev/pylint/issues/1773,https://github.com/pylint-dev/pylin/tree/11c5d8a734649c0068fe024a48a62b679692ff5d,https://github.com/pylint-dev/pylin/tree/97427560627562923f88d07c06593d18f096854b,https://github.com/pylint-dev/pylin/compare/11c5d8a734649c0068fe024a48a62b679692ff5d...97427560627562923f88d07c06593d18f096854b
208,Pylint,2d461678e2c1c02985c4042bbc15ac6f3611c61d,c92cdd3eefd9ee1c3614f716919d8d01a11f97cf,1643,https://github.com/pylint-dev/pylint/issues/1643,https://github.com/pylint-dev/pylin/tree/2d461678e2c1c02985c4042bbc15ac6f3611c61d,https://github.com/pylint-dev/pylin/tree/c92cdd3eefd9ee1c3614f716919d8d01a11f97cf,https://github.com/pylint-dev/pylin/compare/2d461678e2c1c02985c4042bbc15ac6f3611c61d...c92cdd3eefd9ee1c3614f716919d8d01a11f97cf
209,Pylint,fede47a625f40169bf839b7e8e2df643b3471635,9dd34aaca46287d7eb680e3c87e14f7b737206b1,1874,https://github.com/pylint-dev/pylint/issues/1874,https://github.com/pylint-dev/pylin/tree/fede47a625f40169bf839b7e8e2df643b3471635,https://github.com/pylint-dev/pylin/tree/9dd34aaca46287d7eb680e3c87e14f7b737206b1,https://github.com/pylint-dev/pylin/compare/fede47a625f40169bf839b7e8e2df643b3471635...9dd34aaca46287d7eb680e3c87e14f7b737206b1
210,Pylint,72335896280daddd5229050d8b69929a99519a20,103751c6de7bb714f8e882cec4ce166270d80a71,1445,https://github.com/pylint-dev/pylint/issues/1445,https://github.com/pylint-dev/pylin/tree/72335896280daddd5229050d8b69929a99519a20,https://github.com/pylint-dev/pylin/tree/103751c6de7bb714f8e882cec4ce166270d80a71,https://github.com/pylint-dev/pylin/compare/72335896280daddd5229050d8b69929a99519a20...103751c6de7bb714f8e882cec4ce166270d80a71
211,Pylint,3474c122aa31fce813c4427bd79097ee8099d0ee,bd38d67ab5cba0d850c54753677c8f5f40b38004,1867,https://github.com/pylint-dev/pylint/issues/1867,https://github.com/pylint-dev/pylin/tree/3474c122aa31fce813c4427bd79097ee8099d0ee,https://github.com/pylint-dev/pylin/tree/bd38d67ab5cba0d850c54753677c8f5f40b38004,https://github.com/pylint-dev/pylin/compare/3474c122aa31fce813c4427bd79097ee8099d0ee...bd38d67ab5cba0d850c54753677c8f5f40b38004
212,Pylint,103751c6de7bb714f8e882cec4ce166270d80a71,38608a6d165dced47939fbd612419fd64eacca63,1384,https://github.com/pylint-dev/pylint/issues/1384,https://github.com/pylint-dev/pylin/tree/103751c6de7bb714f8e882cec4ce166270d80a71,https://github.com/pylint-dev/pylin/tree/38608a6d165dced47939fbd612419fd64eacca63,https://github.com/pylint-dev/pylin/compare/103751c6de7bb714f8e882cec4ce166270d80a71...38608a6d165dced47939fbd612419fd64eacca63
213,Pylint,01ff866b87b91399eb7bb76a4f56cc31fc11074a,d66efa81b82caa2584223e4729118e86b8b6c16a,1148,https://github.com/pylint-dev/pylint/issues/1148,https://github.com/pylint-dev/pylin/tree/01ff866b87b91399eb7bb76a4f56cc31fc11074a,https://github.com/pylint-dev/pylin/tree/d66efa81b82caa2584223e4729118e86b8b6c16a,https://github.com/pylint-dev/pylin/compare/01ff866b87b91399eb7bb76a4f56cc31fc11074a...d66efa81b82caa2584223e4729118e86b8b6c16a
214,Pylint,fecc4817ea782d13e309346a1956cf2185d98c3b,de98dee62096ff2e1c4ff585ff9db2855b1670c7,1770,https://github.com/pylint-dev/pylint/issues/1770,https://github.com/pylint-dev/pylin/tree/fecc4817ea782d13e309346a1956cf2185d98c3b,https://github.com/pylint-dev/pylin/tree/de98dee62096ff2e1c4ff585ff9db2855b1670c7,https://github.com/pylint-dev/pylin/compare/fecc4817ea782d13e309346a1956cf2185d98c3b...de98dee62096ff2e1c4ff585ff9db2855b1670c7
215,Pylint,5cbb8c9aef29d6a091538642b2ee1466b7b4bb9d,2f77413697e5c85ee089b3556ce57411380823da,1824,https://github.com/pylint-dev/pylint/issues/1824,https://github.com/pylint-dev/pylin/tree/5cbb8c9aef29d6a091538642b2ee1466b7b4bb9d,https://github.com/pylint-dev/pylin/tree/2f77413697e5c85ee089b3556ce57411380823da,https://github.com/pylint-dev/pylin/compare/5cbb8c9aef29d6a091538642b2ee1466b7b4bb9d...2f77413697e5c85ee089b3556ce57411380823da
216,Pylint,5c2ddb9eca6c793cc59a9091a3595f84263d8d94,98c88e17f274ebb683860327fccfbc25237db189,1924,https://github.com/pylint-dev/pylint/issues/1924,https://github.com/pylint-dev/pylin/tree/5c2ddb9eca6c793cc59a9091a3595f84263d8d94,https://github.com/pylint-dev/pylin/tree/98c88e17f274ebb683860327fccfbc25237db189,https://github.com/pylint-dev/pylin/compare/5c2ddb9eca6c793cc59a9091a3595f84263d8d94...98c88e17f274ebb683860327fccfbc25237db189
217,Pylint,e77304b23bd82700e46000b3bfacd5b8778dada1,5674ff98a6cd090578910c2c3bb02e1328f8e6d2,1966,https://github.com/pylint-dev/pylint/issues/1966,https://github.com/pylint-dev/pylin/tree/e77304b23bd82700e46000b3bfacd5b8778dada1,https://github.com/pylint-dev/pylin/tree/5674ff98a6cd090578910c2c3bb02e1328f8e6d2,https://github.com/pylint-dev/pylin/compare/e77304b23bd82700e46000b3bfacd5b8778dada1...5674ff98a6cd090578910c2c3bb02e1328f8e6d2
218,Pylint,9dd978aaed0daf852d8caed515b9e4e13f2dfcc7,12e480843286108d7018f8025ce847288d70cdc9,1699,https://github.com/pylint-dev/pylint/issues/1699,https://github.com/pylint-dev/pylin/tree/9dd978aaed0daf852d8caed515b9e4e13f2dfcc7,https://github.com/pylint-dev/pylin/tree/12e480843286108d7018f8025ce847288d70cdc9,https://github.com/pylint-dev/pylin/compare/9dd978aaed0daf852d8caed515b9e4e13f2dfcc7...12e480843286108d7018f8025ce847288d70cdc9
219,Pylint,39338dcb1c3b7b855db9688203ad2bfc8b8bf850,bcad9bafedd9e8a46be784293c8dc57920a0ea1e,2014,https://github.com/pylint-dev/pylint/issues/2014,https://github.com/pylint-dev/pylin/tree/39338dcb1c3b7b855db9688203ad2bfc8b8bf850,https://github.com/pylint-dev/pylin/tree/bcad9bafedd9e8a46be784293c8dc57920a0ea1e,https://github.com/pylint-dev/pylin/compare/39338dcb1c3b7b855db9688203ad2bfc8b8bf850...bcad9bafedd9e8a46be784293c8dc57920a0ea1e
220,Pylint,d66efa81b82caa2584223e4729118e86b8b6c16a,dec91fb9296c72fbe5f8e0475a304058bf1b2831,638,https://github.com/pylint-dev/pylint/issues/638,https://github.com/pylint-dev/pylin/tree/d66efa81b82caa2584223e4729118e86b8b6c16a,https://github.com/pylint-dev/pylin/tree/dec91fb9296c72fbe5f8e0475a304058bf1b2831,https://github.com/pylint-dev/pylin/compare/d66efa81b82caa2584223e4729118e86b8b6c16a...dec91fb9296c72fbe5f8e0475a304058bf1b2831
221,Pylint,68fc1fb2f793a5ade312cfea334ca45ea6894244,1c0356f0683901e6e3561f4caeb176ff3e20be1e,1265,https://github.com/pylint-dev/pylint/issues/1265,https://github.com/pylint-dev/pylin/tree/68fc1fb2f793a5ade312cfea334ca45ea6894244,https://github.com/pylint-dev/pylin/tree/1c0356f0683901e6e3561f4caeb176ff3e20be1e,https://github.com/pylint-dev/pylin/compare/68fc1fb2f793a5ade312cfea334ca45ea6894244...1c0356f0683901e6e3561f4caeb176ff3e20be1e
222,Pylint,f7fc8ec032daacb8102865d496b09fb023c63344,0748e3e162f3326be55f1f123d68f05b604a49af,605,https://github.com/pylint-dev/pylint/issues/605,https://github.com/pylint-dev/pylin/tree/f7fc8ec032daacb8102865d496b09fb023c63344,https://github.com/pylint-dev/pylin/tree/0748e3e162f3326be55f1f123d68f05b604a49af,https://github.com/pylint-dev/pylin/compare/f7fc8ec032daacb8102865d496b09fb023c63344...0748e3e162f3326be55f1f123d68f05b604a49af
223,Pylint,f717cad17fce3cbcbd70818d362488618971f559,82753aa12c9e85d70367856b6eb7545533574d68,2037,https://github.com/pylint-dev/pylint/issues/2037,https://github.com/pylint-dev/pylin/tree/f717cad17fce3cbcbd70818d362488618971f559,https://github.com/pylint-dev/pylin/tree/82753aa12c9e85d70367856b6eb7545533574d68,https://github.com/pylint-dev/pylin/compare/f717cad17fce3cbcbd70818d362488618971f559...82753aa12c9e85d70367856b6eb7545533574d68
224,Pylint,aae9a6b4626ac5875e3c34d0e31cc0585dbbb82f,901f652fcf35a5a7b7746e9780770b36518c977c,2106,https://github.com/pylint-dev/pylint/issues/2106,https://github.com/pylint-dev/pylin/tree/aae9a6b4626ac5875e3c34d0e31cc0585dbbb82f,https://github.com/pylint-dev/pylin/tree/901f652fcf35a5a7b7746e9780770b36518c977c,https://github.com/pylint-dev/pylin/compare/aae9a6b4626ac5875e3c34d0e31cc0585dbbb82f...901f652fcf35a5a7b7746e9780770b36518c977c
225,Pylint,5dcb325f6f9177a3247fea1c052106e0b96e2e7f,40f56f0c15878722c1b5abbe1f3c58dc304eb6de,2106,https://github.com/pylint-dev/pylint/issues/2106,https://github.com/pylint-dev/pylin/tree/5dcb325f6f9177a3247fea1c052106e0b96e2e7f,https://github.com/pylint-dev/pylin/tree/40f56f0c15878722c1b5abbe1f3c58dc304eb6de,https://github.com/pylint-dev/pylin/compare/5dcb325f6f9177a3247fea1c052106e0b96e2e7f...40f56f0c15878722c1b5abbe1f3c58dc304eb6de
226,Pylint,092c6e8ad77416d189d2d1725fc719f4d876ee03,bf258d2d9a30385f62e4c77158fa0427134e7603,2129,https://github.com/pylint-dev/pylint/issues/2129,https://github.com/pylint-dev/pylin/tree/092c6e8ad77416d189d2d1725fc719f4d876ee03,https://github.com/pylint-dev/pylin/tree/bf258d2d9a30385f62e4c77158fa0427134e7603,https://github.com/pylint-dev/pylin/compare/092c6e8ad77416d189d2d1725fc719f4d876ee03...bf258d2d9a30385f62e4c77158fa0427134e7603
227,Pylint,7fea701175aeefb0ab6f8613501f739a91671b3a,753463614e94dd6e4d6febed5b69839393fd7c80,1950,https://github.com/pylint-dev/pylint/issues/1950,https://github.com/pylint-dev/pylin/tree/7fea701175aeefb0ab6f8613501f739a91671b3a,https://github.com/pylint-dev/pylin/tree/753463614e94dd6e4d6febed5b69839393fd7c80,https://github.com/pylint-dev/pylin/compare/7fea701175aeefb0ab6f8613501f739a91671b3a...753463614e94dd6e4d6febed5b69839393fd7c80
228,Pylint,656c17b5f30cad92a123688bde858948736ce478,c011c53ba207b40904b43d60f3f1ede328cd6372,1453,https://github.com/pylint-dev/pylint/issues/1453,https://github.com/pylint-dev/pylin/tree/656c17b5f30cad92a123688bde858948736ce478,https://github.com/pylint-dev/pylin/tree/c011c53ba207b40904b43d60f3f1ede328cd6372,https://github.com/pylint-dev/pylin/compare/656c17b5f30cad92a123688bde858948736ce478...c011c53ba207b40904b43d60f3f1ede328cd6372
229,Pylint,56d947cd844733dd9f9fe54dc9be28a0689c827d,1973c8c827d069e53efaecaa1669df574714cf29,1534,https://github.com/pylint-dev/pylint/issues/1534,https://github.com/pylint-dev/pylin/tree/56d947cd844733dd9f9fe54dc9be28a0689c827d,https://github.com/pylint-dev/pylin/tree/1973c8c827d069e53efaecaa1669df574714cf29,https://github.com/pylint-dev/pylin/compare/56d947cd844733dd9f9fe54dc9be28a0689c827d...1973c8c827d069e53efaecaa1669df574714cf29
230,Pylint,40f56f0c15878722c1b5abbe1f3c58dc304eb6de,56d947cd844733dd9f9fe54dc9be28a0689c827d,2066,https://github.com/pylint-dev/pylint/issues/2066,https://github.com/pylint-dev/pylin/tree/40f56f0c15878722c1b5abbe1f3c58dc304eb6de,https://github.com/pylint-dev/pylin/tree/56d947cd844733dd9f9fe54dc9be28a0689c827d,https://github.com/pylint-dev/pylin/compare/40f56f0c15878722c1b5abbe1f3c58dc304eb6de...56d947cd844733dd9f9fe54dc9be28a0689c827d
231,Pylint,6c44128c823aefdf5d8232229b1bb4468788d66b,8eff6b507cc87881126349b3c25b0d116c6221c7,1111,https://github.com/pylint-dev/pylint/issues/1111,https://github.com/pylint-dev/pylin/tree/6c44128c823aefdf5d8232229b1bb4468788d66b,https://github.com/pylint-dev/pylin/tree/8eff6b507cc87881126349b3c25b0d116c6221c7,https://github.com/pylint-dev/pylin/compare/6c44128c823aefdf5d8232229b1bb4468788d66b...8eff6b507cc87881126349b3c25b0d116c6221c7
232,Pylint,a7da6e534805e14094e302e5b0b19b7d16972a15,53b9ccaea9c351eb46f3ba7d39cfdad2e466df29,2022,https://github.com/pylint-dev/pylint/issues/2022,https://github.com/pylint-dev/pylin/tree/a7da6e534805e14094e302e5b0b19b7d16972a15,https://github.com/pylint-dev/pylin/tree/53b9ccaea9c351eb46f3ba7d39cfdad2e466df29,https://github.com/pylint-dev/pylin/compare/a7da6e534805e14094e302e5b0b19b7d16972a15...53b9ccaea9c351eb46f3ba7d39cfdad2e466df29
233,Pylint,61fa3eceb32d8f176618f65d20fcd4227cce6979,2b97dfcf16c592c62ec9d4ac671efc1d6ca3134f,2210,https://github.com/pylint-dev/pylint/issues/2210,https://github.com/pylint-dev/pylin/tree/61fa3eceb32d8f176618f65d20fcd4227cce6979,https://github.com/pylint-dev/pylin/tree/2b97dfcf16c592c62ec9d4ac671efc1d6ca3134f,https://github.com/pylint-dev/pylin/compare/61fa3eceb32d8f176618f65d20fcd4227cce6979...2b97dfcf16c592c62ec9d4ac671efc1d6ca3134f
234,Pylint,690671c74b0f3384c1630f09aba76efcbcec046b,53c8dc5bde7425868698f17b53a4178ec074ae00,1984,https://github.com/pylint-dev/pylint/issues/1984,https://github.com/pylint-dev/pylin/tree/690671c74b0f3384c1630f09aba76efcbcec046b,https://github.com/pylint-dev/pylin/tree/53c8dc5bde7425868698f17b53a4178ec074ae00,https://github.com/pylint-dev/pylin/compare/690671c74b0f3384c1630f09aba76efcbcec046b...53c8dc5bde7425868698f17b53a4178ec074ae00
235,Pylint,35ac5f6b5711f614f1ddbea9bb1f1b39b9be6a90,9a9de854741e2f3d8f97cbace3d7de444acae340,2081,https://github.com/pylint-dev/pylint/issues/2081,https://github.com/pylint-dev/pylin/tree/35ac5f6b5711f614f1ddbea9bb1f1b39b9be6a90,https://github.com/pylint-dev/pylin/tree/9a9de854741e2f3d8f97cbace3d7de444acae340,https://github.com/pylint-dev/pylin/compare/35ac5f6b5711f614f1ddbea9bb1f1b39b9be6a90...9a9de854741e2f3d8f97cbace3d7de444acae340
236,Pylint,070f58010ba1605b8b9907b7cdf241734874f044,bcae60d89690a895c5a44ebf8644dfcc317a1737,2254,https://github.com/pylint-dev/pylint/issues/2254,https://github.com/pylint-dev/pylin/tree/070f58010ba1605b8b9907b7cdf241734874f044,https://github.com/pylint-dev/pylin/tree/bcae60d89690a895c5a44ebf8644dfcc317a1737,https://github.com/pylint-dev/pylin/compare/070f58010ba1605b8b9907b7cdf241734874f044...bcae60d89690a895c5a44ebf8644dfcc317a1737
237,Pylint,18023f050f9db7d63df38ab0d18072b60aabee24,255b6be4dccef7d29678cb54b5d7ffcb45b23fe6,2252,https://github.com/pylint-dev/pylint/issues/2252,https://github.com/pylint-dev/pylin/tree/18023f050f9db7d63df38ab0d18072b60aabee24,https://github.com/pylint-dev/pylin/tree/255b6be4dccef7d29678cb54b5d7ffcb45b23fe6,https://github.com/pylint-dev/pylin/compare/18023f050f9db7d63df38ab0d18072b60aabee24...255b6be4dccef7d29678cb54b5d7ffcb45b23fe6
238,Pylint,c3e2d5e03d0122e544183f1c2c66ef68066283c8,ed48b8a4e4903a553af9ce0b2b26572c94a20e95,1782,https://github.com/pylint-dev/pylint/issues/1782,https://github.com/pylint-dev/pylin/tree/c3e2d5e03d0122e544183f1c2c66ef68066283c8,https://github.com/pylint-dev/pylin/tree/ed48b8a4e4903a553af9ce0b2b26572c94a20e95,https://github.com/pylint-dev/pylin/compare/c3e2d5e03d0122e544183f1c2c66ef68066283c8...ed48b8a4e4903a553af9ce0b2b26572c94a20e95
239,Pylint,24a3758a9804b386c70e12646fcfc16c5cd18705,7a8380fabd7d8ddbe2622a5314316bed2e9a77f3,2181,https://github.com/pylint-dev/pylint/issues/2181,https://github.com/pylint-dev/pylin/tree/24a3758a9804b386c70e12646fcfc16c5cd18705,https://github.com/pylint-dev/pylin/tree/7a8380fabd7d8ddbe2622a5314316bed2e9a77f3,https://github.com/pylint-dev/pylin/compare/24a3758a9804b386c70e12646fcfc16c5cd18705...7a8380fabd7d8ddbe2622a5314316bed2e9a77f3
240,Pylint,db01112f7e4beadf7cd99c5f9237d580309f0494,5c03f0e348f235dee0754d820c5c1ae6b078fc32,1921,https://github.com/pylint-dev/pylint/issues/1921,https://github.com/pylint-dev/pylin/tree/db01112f7e4beadf7cd99c5f9237d580309f0494,https://github.com/pylint-dev/pylin/tree/5c03f0e348f235dee0754d820c5c1ae6b078fc32,https://github.com/pylint-dev/pylin/compare/db01112f7e4beadf7cd99c5f9237d580309f0494...5c03f0e348f235dee0754d820c5c1ae6b078fc32
241,Pylint,db01112f7e4beadf7cd99c5f9237d580309f0494,5c03f0e348f235dee0754d820c5c1ae6b078fc32,1552,https://github.com/pylint-dev/pylint/issues/1552,https://github.com/pylint-dev/pylin/tree/db01112f7e4beadf7cd99c5f9237d580309f0494,https://github.com/pylint-dev/pylin/tree/5c03f0e348f235dee0754d820c5c1ae6b078fc32,https://github.com/pylint-dev/pylin/compare/db01112f7e4beadf7cd99c5f9237d580309f0494...5c03f0e348f235dee0754d820c5c1ae6b078fc32
242,Pylint,db01112f7e4beadf7cd99c5f9237d580309f0494,5c03f0e348f235dee0754d820c5c1ae6b078fc32,1099,https://github.com/pylint-dev/pylint/issues/1099,https://github.com/pylint-dev/pylin/tree/db01112f7e4beadf7cd99c5f9237d580309f0494,https://github.com/pylint-dev/pylin/tree/5c03f0e348f235dee0754d820c5c1ae6b078fc32,https://github.com/pylint-dev/pylin/compare/db01112f7e4beadf7cd99c5f9237d580309f0494...5c03f0e348f235dee0754d820c5c1ae6b078fc32
243,Pylint,db01112f7e4beadf7cd99c5f9237d580309f0494,5c03f0e348f235dee0754d820c5c1ae6b078fc32,210,https://github.com/pylint-dev/pylint/issues/210,https://github.com/pylint-dev/pylin/tree/db01112f7e4beadf7cd99c5f9237d580309f0494,https://github.com/pylint-dev/pylin/tree/5c03f0e348f235dee0754d820c5c1ae6b078fc32,https://github.com/pylint-dev/pylin/compare/db01112f7e4beadf7cd99c5f9237d580309f0494...5c03f0e348f235dee0754d820c5c1ae6b078fc32
244,Pylint,aa0ef8582711ab60461b4379af6bcd817bcc59ca,7e999d609c53e82be51bb91ae0d2163c63b904a0,1885,https://github.com/pylint-dev/pylint/issues/1885,https://github.com/pylint-dev/pylin/tree/aa0ef8582711ab60461b4379af6bcd817bcc59ca,https://github.com/pylint-dev/pylin/tree/7e999d609c53e82be51bb91ae0d2163c63b904a0,https://github.com/pylint-dev/pylin/compare/aa0ef8582711ab60461b4379af6bcd817bcc59ca...7e999d609c53e82be51bb91ae0d2163c63b904a0
245,Pylint,e17b37c5cddb620b009e91a9bc37aa333502ad74,0581d30e6297b3080ce12b2fc75a2f5283392e20,2047,https://github.com/pylint-dev/pylint/issues/2047,https://github.com/pylint-dev/pylin/tree/e17b37c5cddb620b009e91a9bc37aa333502ad74,https://github.com/pylint-dev/pylin/tree/0581d30e6297b3080ce12b2fc75a2f5283392e20,https://github.com/pylint-dev/pylin/compare/e17b37c5cddb620b009e91a9bc37aa333502ad74...0581d30e6297b3080ce12b2fc75a2f5283392e20
246,Pylint,5cbdd111b805d86f9e29f0018c981b792ef280a4,35ac5f6b5711f614f1ddbea9bb1f1b39b9be6a90,1948,https://github.com/pylint-dev/pylint/issues/1948,https://github.com/pylint-dev/pylin/tree/5cbdd111b805d86f9e29f0018c981b792ef280a4,https://github.com/pylint-dev/pylin/tree/35ac5f6b5711f614f1ddbea9bb1f1b39b9be6a90,https://github.com/pylint-dev/pylin/compare/5cbdd111b805d86f9e29f0018c981b792ef280a4...35ac5f6b5711f614f1ddbea9bb1f1b39b9be6a90
247,Pylint,916324b45792014bda01ee3e27f6e1a0aaaef58e,db01112f7e4beadf7cd99c5f9237d580309f0494,760,https://github.com/pylint-dev/pylint/issues/760,https://github.com/pylint-dev/pylin/tree/916324b45792014bda01ee3e27f6e1a0aaaef58e,https://github.com/pylint-dev/pylin/tree/db01112f7e4beadf7cd99c5f9237d580309f0494,https://github.com/pylint-dev/pylin/compare/916324b45792014bda01ee3e27f6e1a0aaaef58e...db01112f7e4beadf7cd99c5f9237d580309f0494
248,Pylint,25ffb2f3dee11854ec7a50203c62e230df085001,49e7a2ad9cf3636968a4612ad08bdc4126fcba73,461,https://github.com/pylint-dev/pylint/issues/461,https://github.com/pylint-dev/pylin/tree/25ffb2f3dee11854ec7a50203c62e230df085001,https://github.com/pylint-dev/pylin/tree/49e7a2ad9cf3636968a4612ad08bdc4126fcba73,https://github.com/pylint-dev/pylin/compare/25ffb2f3dee11854ec7a50203c62e230df085001...49e7a2ad9cf3636968a4612ad08bdc4126fcba73
249,Pylint,7515c45ecd3db20c8a8196fdbfc696c4b56a9897,5e5a8d6500acf78a1249caa142b7cd98069efa96,2281,https://github.com/pylint-dev/pylint/issues/2281,https://github.com/pylint-dev/pylin/tree/7515c45ecd3db20c8a8196fdbfc696c4b56a9897,https://github.com/pylint-dev/pylin/tree/5e5a8d6500acf78a1249caa142b7cd98069efa96,https://github.com/pylint-dev/pylin/compare/7515c45ecd3db20c8a8196fdbfc696c4b56a9897...5e5a8d6500acf78a1249caa142b7cd98069efa96
250,Pylint,2b24ec063a5355648d286633e37f084ced4f1604,9f0ef30b13500ecba6f1b9f5c71981df976e7e6e,2278,https://github.com/pylint-dev/pylint/issues/2278,https://github.com/pylint-dev/pylin/tree/2b24ec063a5355648d286633e37f084ced4f1604,https://github.com/pylint-dev/pylin/tree/9f0ef30b13500ecba6f1b9f5c71981df976e7e6e,https://github.com/pylint-dev/pylin/compare/2b24ec063a5355648d286633e37f084ced4f1604...9f0ef30b13500ecba6f1b9f5c71981df976e7e6e
251,Pylint,5e5a8d6500acf78a1249caa142b7cd98069efa96,13ffa8d312ee1d2315825300472227ac08ff803d,2284,https://github.com/pylint-dev/pylint/issues/2284,https://github.com/pylint-dev/pylin/tree/5e5a8d6500acf78a1249caa142b7cd98069efa96,https://github.com/pylint-dev/pylin/tree/13ffa8d312ee1d2315825300472227ac08ff803d,https://github.com/pylint-dev/pylin/compare/5e5a8d6500acf78a1249caa142b7cd98069efa96...13ffa8d312ee1d2315825300472227ac08ff803d
252,Pylint,6412838dc06d41ab2107db588e3b47ce26dc70e5,8d7d57fe31448e463a0d8bb96ab392e87dbf49cb,2311,https://github.com/pylint-dev/pylint/issues/2311,https://github.com/pylint-dev/pylin/tree/6412838dc06d41ab2107db588e3b47ce26dc70e5,https://github.com/pylint-dev/pylin/tree/8d7d57fe31448e463a0d8bb96ab392e87dbf49cb,https://github.com/pylint-dev/pylin/compare/6412838dc06d41ab2107db588e3b47ce26dc70e5...8d7d57fe31448e463a0d8bb96ab392e87dbf49cb
253,Pylint,f4b48c6d2f10e47bc8115f5e4af34be19bef8443,a7866ad4be9edfd9a1c58398d82611944a0e6d40,2323,https://github.com/pylint-dev/pylint/issues/2323,https://github.com/pylint-dev/pylin/tree/f4b48c6d2f10e47bc8115f5e4af34be19bef8443,https://github.com/pylint-dev/pylin/tree/a7866ad4be9edfd9a1c58398d82611944a0e6d40,https://github.com/pylint-dev/pylin/compare/f4b48c6d2f10e47bc8115f5e4af34be19bef8443...a7866ad4be9edfd9a1c58398d82611944a0e6d40
254,Pylint,3176bbbb6af1f31a6b0408376ceaf07752d9533e,7295c95cf23a2f4c05d1cb16f3da26663aed444e,2411,https://github.com/pylint-dev/pylint/issues/2411,https://github.com/pylint-dev/pylin/tree/3176bbbb6af1f31a6b0408376ceaf07752d9533e,https://github.com/pylint-dev/pylin/tree/7295c95cf23a2f4c05d1cb16f3da26663aed444e,https://github.com/pylint-dev/pylin/compare/3176bbbb6af1f31a6b0408376ceaf07752d9533e...7295c95cf23a2f4c05d1cb16f3da26663aed444e
255,Pylint,a284b6bedfff084f6fbeacae9e5dd702568abb75,6de94ecfcdb88b28b4631ab8766bbbede4758fdd,1907,https://github.com/pylint-dev/pylint/issues/1907,https://github.com/pylint-dev/pylin/tree/a284b6bedfff084f6fbeacae9e5dd702568abb75,https://github.com/pylint-dev/pylin/tree/6de94ecfcdb88b28b4631ab8766bbbede4758fdd,https://github.com/pylint-dev/pylin/compare/a284b6bedfff084f6fbeacae9e5dd702568abb75...6de94ecfcdb88b28b4631ab8766bbbede4758fdd
256,Pylint,f86ce04b7065ca037b5f28cf6e519ee987f19756,7be00a961bbfebcdd7a9b955f974c30c5254a64e,2228,https://github.com/pylint-dev/pylint/issues/2228,https://github.com/pylint-dev/pylin/tree/f86ce04b7065ca037b5f28cf6e519ee987f19756,https://github.com/pylint-dev/pylin/tree/7be00a961bbfebcdd7a9b955f974c30c5254a64e,https://github.com/pylint-dev/pylin/compare/f86ce04b7065ca037b5f28cf6e519ee987f19756...7be00a961bbfebcdd7a9b955f974c30c5254a64e
257,Pylint,1e03ef9b6f692ac1c0004b76e430c0c96351d554,edceee93babcc8479889b1b28da44922b3e2b99b,704,https://github.com/pylint-dev/pylint/issues/704,https://github.com/pylint-dev/pylin/tree/1e03ef9b6f692ac1c0004b76e430c0c96351d554,https://github.com/pylint-dev/pylin/tree/edceee93babcc8479889b1b28da44922b3e2b99b,https://github.com/pylint-dev/pylin/compare/1e03ef9b6f692ac1c0004b76e430c0c96351d554...edceee93babcc8479889b1b28da44922b3e2b99b
258,Pylint,242c4c9981a39f68fb571ea6467c993d7f087b4d,4297cf5f1976b3ec585ed9425e4aebd7017f1b47,2379,https://github.com/pylint-dev/pylint/issues/2379,https://github.com/pylint-dev/pylin/tree/242c4c9981a39f68fb571ea6467c993d7f087b4d,https://github.com/pylint-dev/pylin/tree/4297cf5f1976b3ec585ed9425e4aebd7017f1b47,https://github.com/pylint-dev/pylin/compare/242c4c9981a39f68fb571ea6467c993d7f087b4d...4297cf5f1976b3ec585ed9425e4aebd7017f1b47
259,Pylint,5160651360fff2289332b1790a98eead905f739e,66cb32187c040f82dd067bc0d226b2f105bf6c38,996,https://github.com/pylint-dev/pylint/issues/996,https://github.com/pylint-dev/pylin/tree/5160651360fff2289332b1790a98eead905f739e,https://github.com/pylint-dev/pylin/tree/66cb32187c040f82dd067bc0d226b2f105bf6c38,https://github.com/pylint-dev/pylin/compare/5160651360fff2289332b1790a98eead905f739e...66cb32187c040f82dd067bc0d226b2f105bf6c38
260,Pylint,e3cb6d4a99162497f9a809eb721f7964f4c536ac,8923552650d90324f2f5d89897e213609b87edb7,2451,https://github.com/pylint-dev/pylint/issues/2451,https://github.com/pylint-dev/pylin/tree/e3cb6d4a99162497f9a809eb721f7964f4c536ac,https://github.com/pylint-dev/pylin/tree/8923552650d90324f2f5d89897e213609b87edb7,https://github.com/pylint-dev/pylin/compare/e3cb6d4a99162497f9a809eb721f7964f4c536ac...8923552650d90324f2f5d89897e213609b87edb7
261,Pylint,ba62048e04fbe0e691cfccaf173c4ccbccca2992,c8c5e265afe4cd64788ac1dd910c577e165dee31,2473,https://github.com/pylint-dev/pylint/issues/2473,https://github.com/pylint-dev/pylin/tree/ba62048e04fbe0e691cfccaf173c4ccbccca2992,https://github.com/pylint-dev/pylin/tree/c8c5e265afe4cd64788ac1dd910c577e165dee31,https://github.com/pylint-dev/pylin/compare/ba62048e04fbe0e691cfccaf173c4ccbccca2992...c8c5e265afe4cd64788ac1dd910c577e165dee31
262,Pylint,66cb32187c040f82dd067bc0d226b2f105bf6c38,e3cb6d4a99162497f9a809eb721f7964f4c536ac,2421,https://github.com/pylint-dev/pylint/issues/2421,https://github.com/pylint-dev/pylin/tree/66cb32187c040f82dd067bc0d226b2f105bf6c38,https://github.com/pylint-dev/pylin/tree/e3cb6d4a99162497f9a809eb721f7964f4c536ac,https://github.com/pylint-dev/pylin/compare/66cb32187c040f82dd067bc0d226b2f105bf6c38...e3cb6d4a99162497f9a809eb721f7964f4c536ac
263,Pylint,03bda7cad07e4ab12649bf26f6f385790bb2f80b,8634e29da640e605a69db7a43666418637b01d35,2313,https://github.com/pylint-dev/pylint/issues/2313,https://github.com/pylint-dev/pylin/tree/03bda7cad07e4ab12649bf26f6f385790bb2f80b,https://github.com/pylint-dev/pylin/tree/8634e29da640e605a69db7a43666418637b01d35,https://github.com/pylint-dev/pylin/compare/03bda7cad07e4ab12649bf26f6f385790bb2f80b...8634e29da640e605a69db7a43666418637b01d35
264,Pylint,c45c792c9095d66d61840aa6c350d968de46557a,03bda7cad07e4ab12649bf26f6f385790bb2f80b,2430,https://github.com/pylint-dev/pylint/issues/2430,https://github.com/pylint-dev/pylin/tree/c45c792c9095d66d61840aa6c350d968de46557a,https://github.com/pylint-dev/pylin/tree/03bda7cad07e4ab12649bf26f6f385790bb2f80b,https://github.com/pylint-dev/pylin/compare/c45c792c9095d66d61840aa6c350d968de46557a...03bda7cad07e4ab12649bf26f6f385790bb2f80b
265,Pylint,2810cca9c2f233fbb4b4c7ecba4af1b70d151ca1,c8e0992d31b831b7d60b1e8582b84068d50c3afd,2488,https://github.com/pylint-dev/pylint/issues/2488,https://github.com/pylint-dev/pylin/tree/2810cca9c2f233fbb4b4c7ecba4af1b70d151ca1,https://github.com/pylint-dev/pylin/tree/c8e0992d31b831b7d60b1e8582b84068d50c3afd,https://github.com/pylint-dev/pylin/compare/2810cca9c2f233fbb4b4c7ecba4af1b70d151ca1...c8e0992d31b831b7d60b1e8582b84068d50c3afd
266,Pylint,0ff9fb55e52fbc6f754d145fb06523d19e1bef98,14217e3c0460683f8538a0ebee13fa732ffb3c66,2297,https://github.com/pylint-dev/pylint/issues/2297,https://github.com/pylint-dev/pylin/tree/0ff9fb55e52fbc6f754d145fb06523d19e1bef98,https://github.com/pylint-dev/pylin/tree/14217e3c0460683f8538a0ebee13fa732ffb3c66,https://github.com/pylint-dev/pylin/compare/0ff9fb55e52fbc6f754d145fb06523d19e1bef98...14217e3c0460683f8538a0ebee13fa732ffb3c66
267,Pylint,83d415001cc0430fcbbcf52917d5e952e3bec9cf,b9e361ce83ddaf8453b11d4125102f92ca37c7c3,2477,https://github.com/pylint-dev/pylint/issues/2477,https://github.com/pylint-dev/pylin/tree/83d415001cc0430fcbbcf52917d5e952e3bec9cf,https://github.com/pylint-dev/pylin/tree/b9e361ce83ddaf8453b11d4125102f92ca37c7c3,https://github.com/pylint-dev/pylin/compare/83d415001cc0430fcbbcf52917d5e952e3bec9cf...b9e361ce83ddaf8453b11d4125102f92ca37c7c3
268,Pylint,b8f04a0b59aa699bd3600b815b495794096d59db,48a45e1c68dfaa03665d47392bca4d6abec625bc,2226,https://github.com/pylint-dev/pylint/issues/2226,https://github.com/pylint-dev/pylin/tree/b8f04a0b59aa699bd3600b815b495794096d59db,https://github.com/pylint-dev/pylin/tree/48a45e1c68dfaa03665d47392bca4d6abec625bc,https://github.com/pylint-dev/pylin/compare/b8f04a0b59aa699bd3600b815b495794096d59db...48a45e1c68dfaa03665d47392bca4d6abec625bc
269,Pylint,a83ef077d3f569ac72d25dc8afe08d8a2428e21f,b8f04a0b59aa699bd3600b815b495794096d59db,960,https://github.com/pylint-dev/pylint/issues/960,https://github.com/pylint-dev/pylin/tree/a83ef077d3f569ac72d25dc8afe08d8a2428e21f,https://github.com/pylint-dev/pylin/tree/b8f04a0b59aa699bd3600b815b495794096d59db,https://github.com/pylint-dev/pylin/compare/a83ef077d3f569ac72d25dc8afe08d8a2428e21f...b8f04a0b59aa699bd3600b815b495794096d59db
270,Pylint,9a44c1e087c3e794c6cc5855c9aa4aadacd13c56,5ec7113b23f36b09246f0863257b51198546f53b,2459,https://github.com/pylint-dev/pylint/issues/2459,https://github.com/pylint-dev/pylin/tree/9a44c1e087c3e794c6cc5855c9aa4aadacd13c56,https://github.com/pylint-dev/pylin/tree/5ec7113b23f36b09246f0863257b51198546f53b,https://github.com/pylint-dev/pylin/compare/9a44c1e087c3e794c6cc5855c9aa4aadacd13c56...5ec7113b23f36b09246f0863257b51198546f53b
271,Pylint,61655251f2260570c6a32df6ff44527e25c34b1a,faaaafe651699fa333cd5478745136b19b2dbeee,2453,https://github.com/pylint-dev/pylint/issues/2453,https://github.com/pylint-dev/pylin/tree/61655251f2260570c6a32df6ff44527e25c34b1a,https://github.com/pylint-dev/pylin/tree/faaaafe651699fa333cd5478745136b19b2dbeee,https://github.com/pylint-dev/pylin/compare/61655251f2260570c6a32df6ff44527e25c34b1a...faaaafe651699fa333cd5478745136b19b2dbeee
272,Pylint,c9f6087f910604579d6bfca70df3e812dbcdd304,76ce7c13b4a3059cdad08ccd9264c3d52a6683c2,1422,https://github.com/pylint-dev/pylint/issues/1422,https://github.com/pylint-dev/pylin/tree/c9f6087f910604579d6bfca70df3e812dbcdd304,https://github.com/pylint-dev/pylin/tree/76ce7c13b4a3059cdad08ccd9264c3d52a6683c2,https://github.com/pylint-dev/pylin/compare/c9f6087f910604579d6bfca70df3e812dbcdd304...76ce7c13b4a3059cdad08ccd9264c3d52a6683c2
273,Pylint,c9f6087f910604579d6bfca70df3e812dbcdd304,76ce7c13b4a3059cdad08ccd9264c3d52a6683c2,2019,https://github.com/pylint-dev/pylint/issues/2019,https://github.com/pylint-dev/pylin/tree/c9f6087f910604579d6bfca70df3e812dbcdd304,https://github.com/pylint-dev/pylin/tree/76ce7c13b4a3059cdad08ccd9264c3d52a6683c2,https://github.com/pylint-dev/pylin/compare/c9f6087f910604579d6bfca70df3e812dbcdd304...76ce7c13b4a3059cdad08ccd9264c3d52a6683c2
274,Pylint,50568bab26ba5d67a8d4f23c3bc11dbb24190c9d,f9c2ffe84d235b82583c04677b7ceb370445c303,1653,https://github.com/pylint-dev/pylint/issues/1653,https://github.com/pylint-dev/pylin/tree/50568bab26ba5d67a8d4f23c3bc11dbb24190c9d,https://github.com/pylint-dev/pylin/tree/f9c2ffe84d235b82583c04677b7ceb370445c303,https://github.com/pylint-dev/pylin/compare/50568bab26ba5d67a8d4f23c3bc11dbb24190c9d...f9c2ffe84d235b82583c04677b7ceb370445c303
275,Pylint,55c638537ac956c463b79b16e73a0505ae544dfe,55da93fe050202d70e409a2f0a99832de256b543,2598,https://github.com/pylint-dev/pylint/issues/2598,https://github.com/pylint-dev/pylin/tree/55c638537ac956c463b79b16e73a0505ae544dfe,https://github.com/pylint-dev/pylin/tree/55da93fe050202d70e409a2f0a99832de256b543,https://github.com/pylint-dev/pylin/compare/55c638537ac956c463b79b16e73a0505ae544dfe...55da93fe050202d70e409a2f0a99832de256b543
276,Pylint,fcc01516ae176ad3fdedc4497328105f3314e376,0a39200932a9143082255e600ff5a7e764520ce8,2533,https://github.com/pylint-dev/pylint/issues/2533,https://github.com/pylint-dev/pylin/tree/fcc01516ae176ad3fdedc4497328105f3314e376,https://github.com/pylint-dev/pylin/tree/0a39200932a9143082255e600ff5a7e764520ce8,https://github.com/pylint-dev/pylin/compare/fcc01516ae176ad3fdedc4497328105f3314e376...0a39200932a9143082255e600ff5a7e764520ce8
277,Pylint,5d066ed8c8850dcf2a814f849c8b19c1bfd603a1,daef49a9f5623a324f65f5227f2e4a2f7cfeeff0,2485,https://github.com/pylint-dev/pylint/issues/2485,https://github.com/pylint-dev/pylin/tree/5d066ed8c8850dcf2a814f849c8b19c1bfd603a1,https://github.com/pylint-dev/pylin/tree/daef49a9f5623a324f65f5227f2e4a2f7cfeeff0,https://github.com/pylint-dev/pylin/compare/5d066ed8c8850dcf2a814f849c8b19c1bfd603a1...daef49a9f5623a324f65f5227f2e4a2f7cfeeff0
278,Pylint,1c057b0773ac3d352502f5b3526497c03ed13bd6,117ec26657e7d79b4d29e228394088453faa2527,2565,https://github.com/pylint-dev/pylint/issues/2565,https://github.com/pylint-dev/pylin/tree/1c057b0773ac3d352502f5b3526497c03ed13bd6,https://github.com/pylint-dev/pylin/tree/117ec26657e7d79b4d29e228394088453faa2527,https://github.com/pylint-dev/pylin/compare/1c057b0773ac3d352502f5b3526497c03ed13bd6...117ec26657e7d79b4d29e228394088453faa2527
279,Pylint,32f566f6c06dd9637b5471ee2316ce6aaad11a70,7e1186ebbfb0fe96dcbb2b427b5e4b39f340c03f,2651,https://github.com/pylint-dev/pylint/issues/2651,https://github.com/pylint-dev/pylin/tree/32f566f6c06dd9637b5471ee2316ce6aaad11a70,https://github.com/pylint-dev/pylin/tree/7e1186ebbfb0fe96dcbb2b427b5e4b39f340c03f,https://github.com/pylint-dev/pylin/compare/32f566f6c06dd9637b5471ee2316ce6aaad11a70...7e1186ebbfb0fe96dcbb2b427b5e4b39f340c03f
280,Pylint,5a86fddcb815ebd08fbc3ffcbaf7b11c2ba2e107,6b3f8c0e22fbb98307509f43abc9aa0c39478059,1502,https://github.com/pylint-dev/pylint/issues/1502,https://github.com/pylint-dev/pylin/tree/5a86fddcb815ebd08fbc3ffcbaf7b11c2ba2e107,https://github.com/pylint-dev/pylin/tree/6b3f8c0e22fbb98307509f43abc9aa0c39478059,https://github.com/pylint-dev/pylin/compare/5a86fddcb815ebd08fbc3ffcbaf7b11c2ba2e107...6b3f8c0e22fbb98307509f43abc9aa0c39478059
281,Pylint,754ce1dffae4c8e5a1f40decc24ebf03024ab97d,7de1f56047d5939f1d5670884160301792d1d51b,2579,https://github.com/pylint-dev/pylint/issues/2579,https://github.com/pylint-dev/pylin/tree/754ce1dffae4c8e5a1f40decc24ebf03024ab97d,https://github.com/pylint-dev/pylin/tree/7de1f56047d5939f1d5670884160301792d1d51b,https://github.com/pylint-dev/pylin/compare/754ce1dffae4c8e5a1f40decc24ebf03024ab97d...7de1f56047d5939f1d5670884160301792d1d51b
282,Pylint,95bc362f59476a41538a8d17e3232ad893e004ff,c320b0e0d77f34972631a82a7088b368d9002dd7,2440,https://github.com/pylint-dev/pylint/issues/2440,https://github.com/pylint-dev/pylin/tree/95bc362f59476a41538a8d17e3232ad893e004ff,https://github.com/pylint-dev/pylin/tree/c320b0e0d77f34972631a82a7088b368d9002dd7,https://github.com/pylint-dev/pylin/compare/95bc362f59476a41538a8d17e3232ad893e004ff...c320b0e0d77f34972631a82a7088b368d9002dd7
283,Pylint,12dc8a92e0ec51df6ab94d8f264f3cecdf2e8565,4564f6aaf288c36cdaa410f90423a84d80868df0,2321,https://github.com/pylint-dev/pylint/issues/2321,https://github.com/pylint-dev/pylin/tree/12dc8a92e0ec51df6ab94d8f264f3cecdf2e8565,https://github.com/pylint-dev/pylin/tree/4564f6aaf288c36cdaa410f90423a84d80868df0,https://github.com/pylint-dev/pylin/compare/12dc8a92e0ec51df6ab94d8f264f3cecdf2e8565...4564f6aaf288c36cdaa410f90423a84d80868df0
284,Pylint,8cd2d1a16dc743aebad1ea2ed2e645253fe3629b,6b85128e7b817dab3e48a9a1d7665a280b2989f0,2321,https://github.com/pylint-dev/pylint/issues/2321,https://github.com/pylint-dev/pylin/tree/8cd2d1a16dc743aebad1ea2ed2e645253fe3629b,https://github.com/pylint-dev/pylin/tree/6b85128e7b817dab3e48a9a1d7665a280b2989f0,https://github.com/pylint-dev/pylin/compare/8cd2d1a16dc743aebad1ea2ed2e645253fe3629b...6b85128e7b817dab3e48a9a1d7665a280b2989f0
285,Pylint,6b3f8c0e22fbb98307509f43abc9aa0c39478059,d1226067c247ad89bf196490be7e6df2b065375f,1502,https://github.com/pylint-dev/pylint/issues/1502,https://github.com/pylint-dev/pylin/tree/6b3f8c0e22fbb98307509f43abc9aa0c39478059,https://github.com/pylint-dev/pylin/tree/d1226067c247ad89bf196490be7e6df2b065375f,https://github.com/pylint-dev/pylin/compare/6b3f8c0e22fbb98307509f43abc9aa0c39478059...d1226067c247ad89bf196490be7e6df2b065375f
286,Pylint,d99af7f7cdc3cdc7a437fa0351d41aaa8226fc14,206f59423bf84d0ba41dca2207569ac4a14c6ece,2463,https://github.com/pylint-dev/pylint/issues/2463,https://github.com/pylint-dev/pylin/tree/d99af7f7cdc3cdc7a437fa0351d41aaa8226fc14,https://github.com/pylint-dev/pylin/tree/206f59423bf84d0ba41dca2207569ac4a14c6ece,https://github.com/pylint-dev/pylin/compare/d99af7f7cdc3cdc7a437fa0351d41aaa8226fc14...206f59423bf84d0ba41dca2207569ac4a14c6ece
287,Pylint,1ef849fcf9b14e309ba6998a018d565e4ed1826b,2e7266e53059c48ea1ae96195c9e751bd2cf11e5,2671,https://github.com/pylint-dev/pylint/issues/2671,https://github.com/pylint-dev/pylin/tree/1ef849fcf9b14e309ba6998a018d565e4ed1826b,https://github.com/pylint-dev/pylin/tree/2e7266e53059c48ea1ae96195c9e751bd2cf11e5,https://github.com/pylint-dev/pylin/compare/1ef849fcf9b14e309ba6998a018d565e4ed1826b...2e7266e53059c48ea1ae96195c9e751bd2cf11e5
288,Pylint,03b4d035203c750908e197debdbb3f8161d51666,0ab897742cdd9b6c81da3be5018ee0d29e74457c,2707,https://github.com/pylint-dev/pylint/issues/2707,https://github.com/pylint-dev/pylin/tree/03b4d035203c750908e197debdbb3f8161d51666,https://github.com/pylint-dev/pylin/tree/0ab897742cdd9b6c81da3be5018ee0d29e74457c,https://github.com/pylint-dev/pylin/compare/03b4d035203c750908e197debdbb3f8161d51666...0ab897742cdd9b6c81da3be5018ee0d29e74457c
289,Pylint,6b85128e7b817dab3e48a9a1d7665a280b2989f0,bc4b56ee862ff8e8784d5fe65bc4fc1ed0271f3d,2683,https://github.com/pylint-dev/pylint/issues/2683,https://github.com/pylint-dev/pylin/tree/6b85128e7b817dab3e48a9a1d7665a280b2989f0,https://github.com/pylint-dev/pylin/tree/bc4b56ee862ff8e8784d5fe65bc4fc1ed0271f3d,https://github.com/pylint-dev/pylin/compare/6b85128e7b817dab3e48a9a1d7665a280b2989f0...bc4b56ee862ff8e8784d5fe65bc4fc1ed0271f3d
290,Pylint,5b2354306e7e608ca02479edd99e5255d13bd0fa,1ae9fcc6b1f83bad403da4f6cc3e69ddb94d49d4,644,https://github.com/pylint-dev/pylint/issues/644,https://github.com/pylint-dev/pylin/tree/5b2354306e7e608ca02479edd99e5255d13bd0fa,https://github.com/pylint-dev/pylin/tree/1ae9fcc6b1f83bad403da4f6cc3e69ddb94d49d4,https://github.com/pylint-dev/pylin/compare/5b2354306e7e608ca02479edd99e5255d13bd0fa...1ae9fcc6b1f83bad403da4f6cc3e69ddb94d49d4
291,Pylint,95232ca07a5514f1242c7fb11a7504a24e78192d,af7eda4a62a572f055febdee2528eca6e2037ca0,2838,https://github.com/pylint-dev/pylint/issues/2838,https://github.com/pylint-dev/pylin/tree/95232ca07a5514f1242c7fb11a7504a24e78192d,https://github.com/pylint-dev/pylin/tree/af7eda4a62a572f055febdee2528eca6e2037ca0,https://github.com/pylint-dev/pylin/compare/95232ca07a5514f1242c7fb11a7504a24e78192d...af7eda4a62a572f055febdee2528eca6e2037ca0
292,Pylint,26c45aaf72e9e6596111867885a5e361eeea2303,474f4082a91e451929fa629b4d76c06407cfde47,2853,https://github.com/pylint-dev/pylint/issues/2853,https://github.com/pylint-dev/pylin/tree/26c45aaf72e9e6596111867885a5e361eeea2303,https://github.com/pylint-dev/pylin/tree/474f4082a91e451929fa629b4d76c06407cfde47,https://github.com/pylint-dev/pylin/compare/26c45aaf72e9e6596111867885a5e361eeea2303...474f4082a91e451929fa629b4d76c06407cfde47
293,Pylint,7054204c688947e6c056cde27190951bfe8f63e9,eb3761504b86d6caf06feae2072f00f846e70435,2895,https://github.com/pylint-dev/pylint/issues/2895,https://github.com/pylint-dev/pylin/tree/7054204c688947e6c056cde27190951bfe8f63e9,https://github.com/pylint-dev/pylin/tree/eb3761504b86d6caf06feae2072f00f846e70435,https://github.com/pylint-dev/pylin/compare/7054204c688947e6c056cde27190951bfe8f63e9...eb3761504b86d6caf06feae2072f00f846e70435
294,Pylint,c2af5c760307edaf50cc519d189b620ba41f12db,03b4d035203c750908e197debdbb3f8161d51666,2416,https://github.com/pylint-dev/pylint/issues/2416,https://github.com/pylint-dev/pylin/tree/c2af5c760307edaf50cc519d189b620ba41f12db,https://github.com/pylint-dev/pylin/tree/03b4d035203c750908e197debdbb3f8161d51666,https://github.com/pylint-dev/pylin/compare/c2af5c760307edaf50cc519d189b620ba41f12db...03b4d035203c750908e197debdbb3f8161d51666
295,Pylint,36f206b5856d384c1531a41a7c73099859b99e71,50a670b1eee2a28c771daceeb169a0db4805ddae,2819,https://github.com/pylint-dev/pylint/issues/2819,https://github.com/pylint-dev/pylin/tree/36f206b5856d384c1531a41a7c73099859b99e71,https://github.com/pylint-dev/pylin/tree/50a670b1eee2a28c771daceeb169a0db4805ddae,https://github.com/pylint-dev/pylin/compare/36f206b5856d384c1531a41a7c73099859b99e71...50a670b1eee2a28c771daceeb169a0db4805ddae
296,Pylint,50a670b1eee2a28c771daceeb169a0db4805ddae,07d5e37b9d2bded9eb98e47dacd1feff6af0188a,2915,https://github.com/pylint-dev/pylint/issues/2915,https://github.com/pylint-dev/pylin/tree/50a670b1eee2a28c771daceeb169a0db4805ddae,https://github.com/pylint-dev/pylin/tree/07d5e37b9d2bded9eb98e47dacd1feff6af0188a,https://github.com/pylint-dev/pylin/compare/50a670b1eee2a28c771daceeb169a0db4805ddae...07d5e37b9d2bded9eb98e47dacd1feff6af0188a
297,Pylint,ace1877788a574362acda463d519d56a728620c5,b38a7c80211123bcc732f97da32b77002f2bde96,202,https://github.com/pylint-dev/pylint/issues/202,https://github.com/pylint-dev/pylin/tree/ace1877788a574362acda463d519d56a728620c5,https://github.com/pylint-dev/pylin/tree/b38a7c80211123bcc732f97da32b77002f2bde96,https://github.com/pylint-dev/pylin/compare/ace1877788a574362acda463d519d56a728620c5...b38a7c80211123bcc732f97da32b77002f2bde96
298,Pylint,b38a7c80211123bcc732f97da32b77002f2bde96,5d0c0fa73bfc1c95f59b8d6e746117777681b260,199,https://github.com/pylint-dev/pylint/issues/199,https://github.com/pylint-dev/pylin/tree/b38a7c80211123bcc732f97da32b77002f2bde96,https://github.com/pylint-dev/pylin/tree/5d0c0fa73bfc1c95f59b8d6e746117777681b260,https://github.com/pylint-dev/pylin/compare/b38a7c80211123bcc732f97da32b77002f2bde96...5d0c0fa73bfc1c95f59b8d6e746117777681b260
299,Pylint,383c2a9dd4409a3bfeeb206722bb78045e976143,8d2f5d090b839b9a934fc9187da3766828734399,2658,https://github.com/pylint-dev/pylint/issues/2658,https://github.com/pylint-dev/pylin/tree/383c2a9dd4409a3bfeeb206722bb78045e976143,https://github.com/pylint-dev/pylin/tree/8d2f5d090b839b9a934fc9187da3766828734399,https://github.com/pylint-dev/pylin/compare/383c2a9dd4409a3bfeeb206722bb78045e976143...8d2f5d090b839b9a934fc9187da3766828734399
300,Pylint,f4fc3a1bbcb58a2f4d110e9bbc76d57f29172ada,f90b223a5ea70a0b9a52034280fe22638e6ef14d,259,https://github.com/pylint-dev/pylint/issues/259,https://github.com/pylint-dev/pylin/tree/f4fc3a1bbcb58a2f4d110e9bbc76d57f29172ada,https://github.com/pylint-dev/pylin/tree/f90b223a5ea70a0b9a52034280fe22638e6ef14d,https://github.com/pylint-dev/pylin/compare/f4fc3a1bbcb58a2f4d110e9bbc76d57f29172ada...f90b223a5ea70a0b9a52034280fe22638e6ef14d
301,Pylint,b657df6644740e77fa167d4f95c76c4c007d2a49,3bfec9f63b53abd11131c164c4fa941ee1743286,2928,https://github.com/pylint-dev/pylint/issues/2928,https://github.com/pylint-dev/pylin/tree/b657df6644740e77fa167d4f95c76c4c007d2a49,https://github.com/pylint-dev/pylin/tree/3bfec9f63b53abd11131c164c4fa941ee1743286,https://github.com/pylint-dev/pylin/compare/b657df6644740e77fa167d4f95c76c4c007d2a49...3bfec9f63b53abd11131c164c4fa941ee1743286
302,Pylint,8d7a02784dfc3eb533b44779cc87b6f90aa47236,8f8587edff4d30c1437c5ea664bcf52f5715ad01,2931,https://github.com/pylint-dev/pylint/issues/2931,https://github.com/pylint-dev/pylin/tree/8d7a02784dfc3eb533b44779cc87b6f90aa47236,https://github.com/pylint-dev/pylin/tree/8f8587edff4d30c1437c5ea664bcf52f5715ad01,https://github.com/pylint-dev/pylin/compare/8d7a02784dfc3eb533b44779cc87b6f90aa47236...8f8587edff4d30c1437c5ea664bcf52f5715ad01
303,Pylint,d14440fe280a25439c76e53455b4831e04c4bb17,a0a178cab6b7c823ca0aba2307723e7abe6ab516,2937,https://github.com/pylint-dev/pylint/issues/2937,https://github.com/pylint-dev/pylin/tree/d14440fe280a25439c76e53455b4831e04c4bb17,https://github.com/pylint-dev/pylin/tree/a0a178cab6b7c823ca0aba2307723e7abe6ab516,https://github.com/pylint-dev/pylin/compare/d14440fe280a25439c76e53455b4831e04c4bb17...a0a178cab6b7c823ca0aba2307723e7abe6ab516
304,Pylint,312dde3946433e36dfe2f2c5ba1229374a302932,edfb78ffbcdcca2bf0351ab77d56f0465c52fdbf,2904,https://github.com/pylint-dev/pylint/issues/2904,https://github.com/pylint-dev/pylin/tree/312dde3946433e36dfe2f2c5ba1229374a302932,https://github.com/pylint-dev/pylin/tree/edfb78ffbcdcca2bf0351ab77d56f0465c52fdbf,https://github.com/pylint-dev/pylin/compare/312dde3946433e36dfe2f2c5ba1229374a302932...edfb78ffbcdcca2bf0351ab77d56f0465c52fdbf
305,Pylint,a0a178cab6b7c823ca0aba2307723e7abe6ab516,e3d4e80ca9be6b61d7c9773f8a20661a52fa9ed9,2443,https://github.com/pylint-dev/pylint/issues/2443,https://github.com/pylint-dev/pylin/tree/a0a178cab6b7c823ca0aba2307723e7abe6ab516,https://github.com/pylint-dev/pylin/tree/e3d4e80ca9be6b61d7c9773f8a20661a52fa9ed9,https://github.com/pylint-dev/pylin/compare/a0a178cab6b7c823ca0aba2307723e7abe6ab516...e3d4e80ca9be6b61d7c9773f8a20661a52fa9ed9
306,Pylint,47d97c0bf2e7409fbc75645051ad20db2c298cb0,f9e99fd5f3acaf2d836c7a3456f7538611cd4167,409,https://github.com/pylint-dev/pylint/issues/409,https://github.com/pylint-dev/pylin/tree/47d97c0bf2e7409fbc75645051ad20db2c298cb0,https://github.com/pylint-dev/pylin/tree/f9e99fd5f3acaf2d836c7a3456f7538611cd4167,https://github.com/pylint-dev/pylin/compare/47d97c0bf2e7409fbc75645051ad20db2c298cb0...f9e99fd5f3acaf2d836c7a3456f7538611cd4167
307,Pylint,be2389821fb34fce467ae5db98c4f3bd4e327ca1,99ce3cdfd3bc1bf2891fd807f97ee3cd1ec26c21,2918,https://github.com/pylint-dev/pylint/issues/2918,https://github.com/pylint-dev/pylin/tree/be2389821fb34fce467ae5db98c4f3bd4e327ca1,https://github.com/pylint-dev/pylin/tree/99ce3cdfd3bc1bf2891fd807f97ee3cd1ec26c21,https://github.com/pylint-dev/pylin/compare/be2389821fb34fce467ae5db98c4f3bd4e327ca1...99ce3cdfd3bc1bf2891fd807f97ee3cd1ec26c21
308,Pylint,f5cd8584c339b9fa49c6a998b4c54d06dac2b45d,f6df51513267072b78b208c3ce2144a1155aa299,2960,https://github.com/pylint-dev/pylint/issues/2960,https://github.com/pylint-dev/pylin/tree/f5cd8584c339b9fa49c6a998b4c54d06dac2b45d,https://github.com/pylint-dev/pylin/tree/f6df51513267072b78b208c3ce2144a1155aa299,https://github.com/pylint-dev/pylin/compare/f5cd8584c339b9fa49c6a998b4c54d06dac2b45d...f6df51513267072b78b208c3ce2144a1155aa299
309,Pylint,be1cb74d9a31d2167c3928fddc1bc6e020977b6e,3a70c2ba745862b35f076e7a49c1f6ca93251587,2836,https://github.com/pylint-dev/pylint/issues/2836,https://github.com/pylint-dev/pylin/tree/be1cb74d9a31d2167c3928fddc1bc6e020977b6e,https://github.com/pylint-dev/pylin/tree/3a70c2ba745862b35f076e7a49c1f6ca93251587,https://github.com/pylint-dev/pylin/compare/be1cb74d9a31d2167c3928fddc1bc6e020977b6e...3a70c2ba745862b35f076e7a49c1f6ca93251587
310,Pylint,558e5b10d14dd81522affc7695dabd36273c5b60,d5cfffa29e9008c67fc2352995dcee334fa8d09b,2899,https://github.com/pylint-dev/pylint/issues/2899,https://github.com/pylint-dev/pylin/tree/558e5b10d14dd81522affc7695dabd36273c5b60,https://github.com/pylint-dev/pylin/tree/d5cfffa29e9008c67fc2352995dcee334fa8d09b,https://github.com/pylint-dev/pylin/compare/558e5b10d14dd81522affc7695dabd36273c5b60...d5cfffa29e9008c67fc2352995dcee334fa8d09b
311,Pylint,ccea762007ee320fc52d1c3fe26f793329169ab4,2a5c1abe2ea2e5add666565b125529dcd33daccc,2540,https://github.com/pylint-dev/pylint/issues/2540,https://github.com/pylint-dev/pylin/tree/ccea762007ee320fc52d1c3fe26f793329169ab4,https://github.com/pylint-dev/pylin/tree/2a5c1abe2ea2e5add666565b125529dcd33daccc,https://github.com/pylint-dev/pylin/compare/ccea762007ee320fc52d1c3fe26f793329169ab4...2a5c1abe2ea2e5add666565b125529dcd33daccc
312,Pylint,41c95225fe398dd3f62f48d777080dc8827b145c,5309e1d6dacbcbc30f2a4b077903e551dedc2385,1802,https://github.com/pylint-dev/pylint/issues/1802,https://github.com/pylint-dev/pylin/tree/41c95225fe398dd3f62f48d777080dc8827b145c,https://github.com/pylint-dev/pylin/tree/5309e1d6dacbcbc30f2a4b077903e551dedc2385,https://github.com/pylint-dev/pylin/compare/41c95225fe398dd3f62f48d777080dc8827b145c...5309e1d6dacbcbc30f2a4b077903e551dedc2385
313,Pylint,d5cfffa29e9008c67fc2352995dcee334fa8d09b,be1cb74d9a31d2167c3928fddc1bc6e020977b6e,2861,https://github.com/pylint-dev/pylint/issues/2861,https://github.com/pylint-dev/pylin/tree/d5cfffa29e9008c67fc2352995dcee334fa8d09b,https://github.com/pylint-dev/pylin/tree/be1cb74d9a31d2167c3928fddc1bc6e020977b6e,https://github.com/pylint-dev/pylin/compare/d5cfffa29e9008c67fc2352995dcee334fa8d09b...be1cb74d9a31d2167c3928fddc1bc6e020977b6e
314,Pylint,2a5c1abe2ea2e5add666565b125529dcd33daccc,a7f236528bb3758886b97285a56f3f9ce5b13a99,3081,https://github.com/pylint-dev/pylint/issues/3081,https://github.com/pylint-dev/pylin/tree/2a5c1abe2ea2e5add666565b125529dcd33daccc,https://github.com/pylint-dev/pylin/tree/a7f236528bb3758886b97285a56f3f9ce5b13a99,https://github.com/pylint-dev/pylin/compare/2a5c1abe2ea2e5add666565b125529dcd33daccc...a7f236528bb3758886b97285a56f3f9ce5b13a99
315,Pylint,e457c455dec28f8d91f4f7c8fdd3e0e7f84ca265,0547852854ee657d76005beb4fe52c1fb2e44934,2752,https://github.com/pylint-dev/pylint/issues/2752,https://github.com/pylint-dev/pylin/tree/e457c455dec28f8d91f4f7c8fdd3e0e7f84ca265,https://github.com/pylint-dev/pylin/tree/0547852854ee657d76005beb4fe52c1fb2e44934,https://github.com/pylint-dev/pylin/compare/e457c455dec28f8d91f4f7c8fdd3e0e7f84ca265...0547852854ee657d76005beb4fe52c1fb2e44934
316,Pylint,8bf8fe1d2a68db880fee76e8fe964c5f28f10723,344f6859e9d584309f57d142259fad77a17d11ee,2834,https://github.com/pylint-dev/pylint/issues/2834,https://github.com/pylint-dev/pylin/tree/8bf8fe1d2a68db880fee76e8fe964c5f28f10723,https://github.com/pylint-dev/pylin/tree/344f6859e9d584309f57d142259fad77a17d11ee,https://github.com/pylint-dev/pylin/compare/8bf8fe1d2a68db880fee76e8fe964c5f28f10723...344f6859e9d584309f57d142259fad77a17d11ee
317,Pylint,d54c88a4d504d283d92c6899e26c68299f23ddd7,0b947809fc018963fce1745cda89649e6d66d0c7,3091,https://github.com/pylint-dev/pylint/issues/3091,https://github.com/pylint-dev/pylin/tree/d54c88a4d504d283d92c6899e26c68299f23ddd7,https://github.com/pylint-dev/pylin/tree/0b947809fc018963fce1745cda89649e6d66d0c7,https://github.com/pylint-dev/pylin/compare/d54c88a4d504d283d92c6899e26c68299f23ddd7...0b947809fc018963fce1745cda89649e6d66d0c7
318,Pylint,3e1f61d0df4ded6479c5b109d495b8a1cd2cde31,d23a16e3cb454e6343bc3772c82dca172f3eb6a8,3039,https://github.com/pylint-dev/pylint/issues/3039,https://github.com/pylint-dev/pylin/tree/3e1f61d0df4ded6479c5b109d495b8a1cd2cde31,https://github.com/pylint-dev/pylin/tree/d23a16e3cb454e6343bc3772c82dca172f3eb6a8,https://github.com/pylint-dev/pylin/compare/3e1f61d0df4ded6479c5b109d495b8a1cd2cde31...d23a16e3cb454e6343bc3772c82dca172f3eb6a8
319,Pylint,2fa5d435df32ff363596de6e0285c13264e4ba30,3159b1744caee14068b4d875bb5adaa5ffbebd44,3127,https://github.com/pylint-dev/pylint/issues/3127,https://github.com/pylint-dev/pylin/tree/2fa5d435df32ff363596de6e0285c13264e4ba30,https://github.com/pylint-dev/pylin/tree/3159b1744caee14068b4d875bb5adaa5ffbebd44,https://github.com/pylint-dev/pylin/compare/2fa5d435df32ff363596de6e0285c13264e4ba30...3159b1744caee14068b4d875bb5adaa5ffbebd44
320,Pylint,939f91c886deb989ae4c5e2698c0d0d483e7bfec,ce2af67d0e96e26c1999e1a53e36cf1460d9d647,3092,https://github.com/pylint-dev/pylint/issues/3092,https://github.com/pylint-dev/pylin/tree/939f91c886deb989ae4c5e2698c0d0d483e7bfec,https://github.com/pylint-dev/pylin/tree/ce2af67d0e96e26c1999e1a53e36cf1460d9d647,https://github.com/pylint-dev/pylin/compare/939f91c886deb989ae4c5e2698c0d0d483e7bfec...ce2af67d0e96e26c1999e1a53e36cf1460d9d647
321,Pylint,5f8084cfa046b937c6039a1194f935cae82438fb,4d0fbec72d5c55591a9c35fa7a1bfdaa03be0e61,3135,https://github.com/pylint-dev/pylint/issues/3135,https://github.com/pylint-dev/pylin/tree/5f8084cfa046b937c6039a1194f935cae82438fb,https://github.com/pylint-dev/pylin/tree/4d0fbec72d5c55591a9c35fa7a1bfdaa03be0e61,https://github.com/pylint-dev/pylin/compare/5f8084cfa046b937c6039a1194f935cae82438fb...4d0fbec72d5c55591a9c35fa7a1bfdaa03be0e61
322,Pylint,4ec293ce4700bfaca89d01c45e707f40c2913d49,552fa8a26c5f5f6c7661697bc4c9c835c3b7daa3,3028,https://github.com/pylint-dev/pylint/issues/3028,https://github.com/pylint-dev/pylin/tree/4ec293ce4700bfaca89d01c45e707f40c2913d49,https://github.com/pylint-dev/pylin/tree/552fa8a26c5f5f6c7661697bc4c9c835c3b7daa3,https://github.com/pylint-dev/pylin/compare/4ec293ce4700bfaca89d01c45e707f40c2913d49...552fa8a26c5f5f6c7661697bc4c9c835c3b7daa3
323,Pylint,b74d248704674ae4511ae80428d0d9bb1f765426,c9e54946ec9e0074c52b65c18e6fcbac9830c080,3127,https://github.com/pylint-dev/pylint/issues/3127,https://github.com/pylint-dev/pylin/tree/b74d248704674ae4511ae80428d0d9bb1f765426,https://github.com/pylint-dev/pylin/tree/c9e54946ec9e0074c52b65c18e6fcbac9830c080,https://github.com/pylint-dev/pylin/compare/b74d248704674ae4511ae80428d0d9bb1f765426...c9e54946ec9e0074c52b65c18e6fcbac9830c080
324,Pylint,15bae9fb1ed6f3f0f862ad4322ece56e94dcc48e,5dcf377a8bf7552db321e8333fd073f51373e85e,3147,https://github.com/pylint-dev/pylint/issues/3147,https://github.com/pylint-dev/pylin/tree/15bae9fb1ed6f3f0f862ad4322ece56e94dcc48e,https://github.com/pylint-dev/pylin/tree/5dcf377a8bf7552db321e8333fd073f51373e85e,https://github.com/pylint-dev/pylin/compare/15bae9fb1ed6f3f0f862ad4322ece56e94dcc48e...5dcf377a8bf7552db321e8333fd073f51373e85e
325,Pylint,1d3b07a7280a1aad5eed1e937b8161113d1f049e,4ec293ce4700bfaca89d01c45e707f40c2913d49,3141,https://github.com/pylint-dev/pylint/issues/3141,https://github.com/pylint-dev/pylin/tree/1d3b07a7280a1aad5eed1e937b8161113d1f049e,https://github.com/pylint-dev/pylin/tree/4ec293ce4700bfaca89d01c45e707f40c2913d49,https://github.com/pylint-dev/pylin/compare/1d3b07a7280a1aad5eed1e937b8161113d1f049e...4ec293ce4700bfaca89d01c45e707f40c2913d49
326,Pylint,2f43a6cc113a93c502801458e5a7183fa210a231,89d29d70aa6821eff9ef7cd4aa4cc03b61e5634c,3128,https://github.com/pylint-dev/pylint/issues/3128,https://github.com/pylint-dev/pylin/tree/2f43a6cc113a93c502801458e5a7183fa210a231,https://github.com/pylint-dev/pylin/tree/89d29d70aa6821eff9ef7cd4aa4cc03b61e5634c,https://github.com/pylint-dev/pylin/compare/2f43a6cc113a93c502801458e5a7183fa210a231...89d29d70aa6821eff9ef7cd4aa4cc03b61e5634c
327,Pylint,89d29d70aa6821eff9ef7cd4aa4cc03b61e5634c,462a72dbd2b3e4e2f3ebcaaa1d0706fbc9033a37,3150,https://github.com/pylint-dev/pylint/issues/3150,https://github.com/pylint-dev/pylin/tree/89d29d70aa6821eff9ef7cd4aa4cc03b61e5634c,https://github.com/pylint-dev/pylin/tree/462a72dbd2b3e4e2f3ebcaaa1d0706fbc9033a37,https://github.com/pylint-dev/pylin/compare/89d29d70aa6821eff9ef7cd4aa4cc03b61e5634c...462a72dbd2b3e4e2f3ebcaaa1d0706fbc9033a37
328,Pylint,e1f8fdef9d5438701e852f285f0ac537203881e6,183dcc4cb134d3dab2696e2d28c51c5a3577e358,2729,https://github.com/pylint-dev/pylint/issues/2729,https://github.com/pylint-dev/pylin/tree/e1f8fdef9d5438701e852f285f0ac537203881e6,https://github.com/pylint-dev/pylin/tree/183dcc4cb134d3dab2696e2d28c51c5a3577e358,https://github.com/pylint-dev/pylin/compare/e1f8fdef9d5438701e852f285f0ac537203881e6...183dcc4cb134d3dab2696e2d28c51c5a3577e358
329,Pylint,3d6ddbe1a85599d27172657807b8273e87ce081d,75ae5cc302b7c9b3b8b21d2f2e2b4fc0449eebbd,3170,https://github.com/pylint-dev/pylint/issues/3170,https://github.com/pylint-dev/pylin/tree/3d6ddbe1a85599d27172657807b8273e87ce081d,https://github.com/pylint-dev/pylin/tree/75ae5cc302b7c9b3b8b21d2f2e2b4fc0449eebbd,https://github.com/pylint-dev/pylin/compare/3d6ddbe1a85599d27172657807b8273e87ce081d...75ae5cc302b7c9b3b8b21d2f2e2b4fc0449eebbd
330,Pylint,4e21e45f91ad90b36554f0a0073e3ff3991c0c01,b63a385a5d8f287aaa2e209d199e4997baf962ea,3224,https://github.com/pylint-dev/pylint/issues/3224,https://github.com/pylint-dev/pylin/tree/4e21e45f91ad90b36554f0a0073e3ff3991c0c01,https://github.com/pylint-dev/pylin/tree/b63a385a5d8f287aaa2e209d199e4997baf962ea,https://github.com/pylint-dev/pylin/compare/4e21e45f91ad90b36554f0a0073e3ff3991c0c01...b63a385a5d8f287aaa2e209d199e4997baf962ea
331,Pylint,09cd08c9d4e235fbdc7aa16f9cdbc020981ada06,3422e4adc718c60a467d66ab0dedf4a7032c4fc5,3132,https://github.com/pylint-dev/pylint/issues/3132,https://github.com/pylint-dev/pylin/tree/09cd08c9d4e235fbdc7aa16f9cdbc020981ada06,https://github.com/pylint-dev/pylin/tree/3422e4adc718c60a467d66ab0dedf4a7032c4fc5,https://github.com/pylint-dev/pylin/compare/09cd08c9d4e235fbdc7aa16f9cdbc020981ada06...3422e4adc718c60a467d66ab0dedf4a7032c4fc5
332,Pylint,3fc8c98d0fa64723a6671424bb6f0ccd30cef11a,15bae9fb1ed6f3f0f862ad4322ece56e94dcc48e,3161,https://github.com/pylint-dev/pylint/issues/3161,https://github.com/pylint-dev/pylin/tree/3fc8c98d0fa64723a6671424bb6f0ccd30cef11a,https://github.com/pylint-dev/pylin/tree/15bae9fb1ed6f3f0f862ad4322ece56e94dcc48e,https://github.com/pylint-dev/pylin/compare/3fc8c98d0fa64723a6671424bb6f0ccd30cef11a...15bae9fb1ed6f3f0f862ad4322ece56e94dcc48e
333,Pylint,16cb696cba36ae4f8710e7a40ee48f07abbe976c,11c190894d09aa92fd135f551e10ebf656bd6f52,3191,https://github.com/pylint-dev/pylint/issues/3191,https://github.com/pylint-dev/pylin/tree/16cb696cba36ae4f8710e7a40ee48f07abbe976c,https://github.com/pylint-dev/pylin/tree/11c190894d09aa92fd135f551e10ebf656bd6f52,https://github.com/pylint-dev/pylin/compare/16cb696cba36ae4f8710e7a40ee48f07abbe976c...11c190894d09aa92fd135f551e10ebf656bd6f52
334,Pylint,c9cf63ebaa671a34b7d9947eebd1d0da904dbcb0,02688062140cc7ffa9c4f1a1f04c13d6f198a400,3235,https://github.com/pylint-dev/pylint/issues/3235,https://github.com/pylint-dev/pylin/tree/c9cf63ebaa671a34b7d9947eebd1d0da904dbcb0,https://github.com/pylint-dev/pylin/tree/02688062140cc7ffa9c4f1a1f04c13d6f198a400,https://github.com/pylint-dev/pylin/compare/c9cf63ebaa671a34b7d9947eebd1d0da904dbcb0...02688062140cc7ffa9c4f1a1f04c13d6f198a400
335,Pylint,6df0b3e2a4381c64d4ca68c99d20b101b2b61fa7,e1f8fdef9d5438701e852f285f0ac537203881e6,3185,https://github.com/pylint-dev/pylint/issues/3185,https://github.com/pylint-dev/pylin/tree/6df0b3e2a4381c64d4ca68c99d20b101b2b61fa7,https://github.com/pylint-dev/pylin/tree/e1f8fdef9d5438701e852f285f0ac537203881e6,https://github.com/pylint-dev/pylin/compare/6df0b3e2a4381c64d4ca68c99d20b101b2b61fa7...e1f8fdef9d5438701e852f285f0ac537203881e6
336,Pylint,08e81626ed665b77b1fcd069b34e4825d9de2938,7253bd0fb80783fb884a01271ba0ee3a183d43fd,3218,https://github.com/pylint-dev/pylint/issues/3218,https://github.com/pylint-dev/pylin/tree/08e81626ed665b77b1fcd069b34e4825d9de2938,https://github.com/pylint-dev/pylin/tree/7253bd0fb80783fb884a01271ba0ee3a183d43fd,https://github.com/pylint-dev/pylin/compare/08e81626ed665b77b1fcd069b34e4825d9de2938...7253bd0fb80783fb884a01271ba0ee3a183d43fd
337,Pylint,ca6a644ffb67ae5867424507afdc4d64dd0c3136,42c6fa232e24ab28891e63541f6f832a703a770d,3256,https://github.com/pylint-dev/pylint/issues/3256,https://github.com/pylint-dev/pylin/tree/ca6a644ffb67ae5867424507afdc4d64dd0c3136,https://github.com/pylint-dev/pylin/tree/42c6fa232e24ab28891e63541f6f832a703a770d,https://github.com/pylint-dev/pylin/compare/ca6a644ffb67ae5867424507afdc4d64dd0c3136...42c6fa232e24ab28891e63541f6f832a703a770d
338,Pylint,f0fc81220e95aa08828ddbec9f80274d62ef0dba,2f1c979daf69b8374ba2a7515e4beef497a5baee,2641,https://github.com/pylint-dev/pylint/issues/2641,https://github.com/pylint-dev/pylin/tree/f0fc81220e95aa08828ddbec9f80274d62ef0dba,https://github.com/pylint-dev/pylin/tree/2f1c979daf69b8374ba2a7515e4beef497a5baee,https://github.com/pylint-dev/pylin/compare/f0fc81220e95aa08828ddbec9f80274d62ef0dba...2f1c979daf69b8374ba2a7515e4beef497a5baee
339,Pylint,a8f8b0245c8061e675cea8dcfa7140ca781893a5,333e4c137dcb20f89071698beb9220b21176f97a,3178,https://github.com/pylint-dev/pylint/issues/3178,https://github.com/pylint-dev/pylin/tree/a8f8b0245c8061e675cea8dcfa7140ca781893a5,https://github.com/pylint-dev/pylin/tree/333e4c137dcb20f89071698beb9220b21176f97a,https://github.com/pylint-dev/pylin/compare/a8f8b0245c8061e675cea8dcfa7140ca781893a5...333e4c137dcb20f89071698beb9220b21176f97a
340,Pylint,1688894fe0f4ff258278a25f53ee67295bd4f657,4b31fc53a65aa2a97e7ca37309b689ca13c09b0b,870,https://github.com/pylint-dev/pylint/issues/870,https://github.com/pylint-dev/pylin/tree/1688894fe0f4ff258278a25f53ee67295bd4f657,https://github.com/pylint-dev/pylin/tree/4b31fc53a65aa2a97e7ca37309b689ca13c09b0b,https://github.com/pylint-dev/pylin/compare/1688894fe0f4ff258278a25f53ee67295bd4f657...4b31fc53a65aa2a97e7ca37309b689ca13c09b0b
341,Pylint,2f1c979daf69b8374ba2a7515e4beef497a5baee,1688894fe0f4ff258278a25f53ee67295bd4f657,2439,https://github.com/pylint-dev/pylint/issues/2439,https://github.com/pylint-dev/pylin/tree/2f1c979daf69b8374ba2a7515e4beef497a5baee,https://github.com/pylint-dev/pylin/tree/1688894fe0f4ff258278a25f53ee67295bd4f657,https://github.com/pylint-dev/pylin/compare/2f1c979daf69b8374ba2a7515e4beef497a5baee...1688894fe0f4ff258278a25f53ee67295bd4f657
342,Pylint,88c8ee4cb76427ecba701105417e0bfa75817878,e63e664edaa7775da07fb3cc1209e2d904b8adf1,3301,https://github.com/pylint-dev/pylint/issues/3301,https://github.com/pylint-dev/pylin/tree/88c8ee4cb76427ecba701105417e0bfa75817878,https://github.com/pylint-dev/pylin/tree/e63e664edaa7775da07fb3cc1209e2d904b8adf1,https://github.com/pylint-dev/pylin/compare/88c8ee4cb76427ecba701105417e0bfa75817878...e63e664edaa7775da07fb3cc1209e2d904b8adf1
343,Pylint,114298dccd13e72fe4733034e07ae0f2bf3aaeda,01dfa522195d79217c43065d3d013e2ee31d47b7,2503,https://github.com/pylint-dev/pylint/issues/2503,https://github.com/pylint-dev/pylin/tree/114298dccd13e72fe4733034e07ae0f2bf3aaeda,https://github.com/pylint-dev/pylin/tree/01dfa522195d79217c43065d3d013e2ee31d47b7,https://github.com/pylint-dev/pylin/compare/114298dccd13e72fe4733034e07ae0f2bf3aaeda...01dfa522195d79217c43065d3d013e2ee31d47b7
344,Pylint,e63e664edaa7775da07fb3cc1209e2d904b8adf1,58b9e6421b2246597c97c75640ee6337460cb0ba,498,https://github.com/pylint-dev/pylint/issues/498,https://github.com/pylint-dev/pylin/tree/e63e664edaa7775da07fb3cc1209e2d904b8adf1,https://github.com/pylint-dev/pylin/tree/58b9e6421b2246597c97c75640ee6337460cb0ba,https://github.com/pylint-dev/pylin/compare/e63e664edaa7775da07fb3cc1209e2d904b8adf1...58b9e6421b2246597c97c75640ee6337460cb0ba
345,Pylint,0ed3782d7a933b822d2ecf189fc24da0aaefbd6e,9bdae8b82fcc5b0592135cbf6bead7df360a6672,2957,https://github.com/pylint-dev/pylint/issues/2957,https://github.com/pylint-dev/pylin/tree/0ed3782d7a933b822d2ecf189fc24da0aaefbd6e,https://github.com/pylint-dev/pylin/tree/9bdae8b82fcc5b0592135cbf6bead7df360a6672,https://github.com/pylint-dev/pylin/compare/0ed3782d7a933b822d2ecf189fc24da0aaefbd6e...9bdae8b82fcc5b0592135cbf6bead7df360a6672
346,Pylint,e792b36af8c889a6c85fc792c6b00c1b88cae828,51c646bf70a6e0a86492bfd2ddd1885671d64d67,3386,https://github.com/pylint-dev/pylint/issues/3386,https://github.com/pylint-dev/pylin/tree/e792b36af8c889a6c85fc792c6b00c1b88cae828,https://github.com/pylint-dev/pylin/tree/51c646bf70a6e0a86492bfd2ddd1885671d64d67,https://github.com/pylint-dev/pylin/compare/e792b36af8c889a6c85fc792c6b00c1b88cae828...51c646bf70a6e0a86492bfd2ddd1885671d64d67
347,Pylint,bc25b8e32481ac238085b36f45dacfbcfa04dbd4,7c559647672e0a73a0bd8744614af1dd62e1b6a1,3351,https://github.com/pylint-dev/pylint/issues/3351,https://github.com/pylint-dev/pylin/tree/bc25b8e32481ac238085b36f45dacfbcfa04dbd4,https://github.com/pylint-dev/pylin/tree/7c559647672e0a73a0bd8744614af1dd62e1b6a1,https://github.com/pylint-dev/pylin/compare/bc25b8e32481ac238085b36f45dacfbcfa04dbd4...7c559647672e0a73a0bd8744614af1dd62e1b6a1
348,Pylint,e64b09e880f5a5c43888526fa2e6a4f87636a9fe,36dcfa879ce38bd4ff489cb04c093db24770c30f,3373,https://github.com/pylint-dev/pylint/issues/3373,https://github.com/pylint-dev/pylin/tree/e64b09e880f5a5c43888526fa2e6a4f87636a9fe,https://github.com/pylint-dev/pylin/tree/36dcfa879ce38bd4ff489cb04c093db24770c30f,https://github.com/pylint-dev/pylin/compare/e64b09e880f5a5c43888526fa2e6a4f87636a9fe...36dcfa879ce38bd4ff489cb04c093db24770c30f
349,Pylint,121e20424cb93d4431d8603bb3fd3640c9e8c817,8d6a4717f35f10e5b78e7133dcf43c44d12c8f21,3231,https://github.com/pylint-dev/pylint/issues/3231,https://github.com/pylint-dev/pylin/tree/121e20424cb93d4431d8603bb3fd3640c9e8c817,https://github.com/pylint-dev/pylin/tree/8d6a4717f35f10e5b78e7133dcf43c44d12c8f21,https://github.com/pylint-dev/pylin/compare/121e20424cb93d4431d8603bb3fd3640c9e8c817...8d6a4717f35f10e5b78e7133dcf43c44d12c8f21
350,Pylint,5d63f2a13c7aea499ae648fb00d86b43f24a9ba2,c9ed11201ff89b93dc8f6cc1bcd2f723c5cfc965,3416,https://github.com/pylint-dev/pylint/issues/3416,https://github.com/pylint-dev/pylin/tree/5d63f2a13c7aea499ae648fb00d86b43f24a9ba2,https://github.com/pylint-dev/pylin/tree/c9ed11201ff89b93dc8f6cc1bcd2f723c5cfc965,https://github.com/pylint-dev/pylin/compare/5d63f2a13c7aea499ae648fb00d86b43f24a9ba2...c9ed11201ff89b93dc8f6cc1bcd2f723c5cfc965
351,Pylint,a6d7ffc4679b0ad2258cf6c31c6dfbeeb2b331ef,7c85b700360653604dd825966624cff359ed4d34,959,https://github.com/pylint-dev/pylint/issues/959,https://github.com/pylint-dev/pylin/tree/a6d7ffc4679b0ad2258cf6c31c6dfbeeb2b331ef,https://github.com/pylint-dev/pylin/tree/7c85b700360653604dd825966624cff359ed4d34,https://github.com/pylint-dev/pylin/compare/a6d7ffc4679b0ad2258cf6c31c6dfbeeb2b331ef...7c85b700360653604dd825966624cff359ed4d34
352,Pylint,a6d7ffc4679b0ad2258cf6c31c6dfbeeb2b331ef,7c85b700360653604dd825966624cff359ed4d34,2952,https://github.com/pylint-dev/pylint/issues/2952,https://github.com/pylint-dev/pylin/tree/a6d7ffc4679b0ad2258cf6c31c6dfbeeb2b331ef,https://github.com/pylint-dev/pylin/tree/7c85b700360653604dd825966624cff359ed4d34,https://github.com/pylint-dev/pylin/compare/a6d7ffc4679b0ad2258cf6c31c6dfbeeb2b331ef...7c85b700360653604dd825966624cff359ed4d34
353,Pylint,a0fc570ce153df978a18fb77bd12915c97744d34,eeca79419ea3c00dcaade39735fc10d45d48aa35,2410,https://github.com/pylint-dev/pylint/issues/2410,https://github.com/pylint-dev/pylin/tree/a0fc570ce153df978a18fb77bd12915c97744d34,https://github.com/pylint-dev/pylin/tree/eeca79419ea3c00dcaade39735fc10d45d48aa35,https://github.com/pylint-dev/pylin/compare/a0fc570ce153df978a18fb77bd12915c97744d34...eeca79419ea3c00dcaade39735fc10d45d48aa35
354,Pylint,4024949f6caf5eff5f3da7ab2b4c3cf2e296472b,c5181886b59799740306829e0e21e548c50db391,3445,https://github.com/pylint-dev/pylint/issues/3445,https://github.com/pylint-dev/pylin/tree/4024949f6caf5eff5f3da7ab2b4c3cf2e296472b,https://github.com/pylint-dev/pylin/tree/c5181886b59799740306829e0e21e548c50db391,https://github.com/pylint-dev/pylin/compare/4024949f6caf5eff5f3da7ab2b4c3cf2e296472b...c5181886b59799740306829e0e21e548c50db391
355,Pylint,d1484608e89c3e7e2900183e9fb9cbc183de1fb5,aa1940e35a8c78cc362f112b6bf498f97ee6640d,1976,https://github.com/pylint-dev/pylint/issues/1976,https://github.com/pylint-dev/pylin/tree/d1484608e89c3e7e2900183e9fb9cbc183de1fb5,https://github.com/pylint-dev/pylin/tree/aa1940e35a8c78cc362f112b6bf498f97ee6640d,https://github.com/pylint-dev/pylin/compare/d1484608e89c3e7e2900183e9fb9cbc183de1fb5...aa1940e35a8c78cc362f112b6bf498f97ee6640d
356,Pylint,d88f2f7702e72a21bc37a129313549924eb6ec37,0dab2e1876e8abc456bc8d90648474f3dfc29d74,1482,https://github.com/pylint-dev/pylint/issues/1482,https://github.com/pylint-dev/pylin/tree/d88f2f7702e72a21bc37a129313549924eb6ec37,https://github.com/pylint-dev/pylin/tree/0dab2e1876e8abc456bc8d90648474f3dfc29d74,https://github.com/pylint-dev/pylin/compare/d88f2f7702e72a21bc37a129313549924eb6ec37...0dab2e1876e8abc456bc8d90648474f3dfc29d74
357,Pylint,ea13058b9fde38698515c93bf67cc6018ed0064e,fb38afb55a6f27f17c113589c406b527dfa5c332,3090,https://github.com/pylint-dev/pylint/issues/3090,https://github.com/pylint-dev/pylin/tree/ea13058b9fde38698515c93bf67cc6018ed0064e,https://github.com/pylint-dev/pylin/tree/fb38afb55a6f27f17c113589c406b527dfa5c332,https://github.com/pylint-dev/pylin/compare/ea13058b9fde38698515c93bf67cc6018ed0064e...fb38afb55a6f27f17c113589c406b527dfa5c332
358,Pylint,bbe21518374be8700ee2bb6b26557a5377145771,db0d55bcb19db4d8a9b7dd339d6ab554a4a1f017,3337,https://github.com/pylint-dev/pylint/issues/3337,https://github.com/pylint-dev/pylin/tree/bbe21518374be8700ee2bb6b26557a5377145771,https://github.com/pylint-dev/pylin/tree/db0d55bcb19db4d8a9b7dd339d6ab554a4a1f017,https://github.com/pylint-dev/pylin/compare/bbe21518374be8700ee2bb6b26557a5377145771...db0d55bcb19db4d8a9b7dd339d6ab554a4a1f017
359,Pylint,ce8822807891ba7c43ce09ba3b955007abef73a4,1664303adf06ace39225c079e559a26861f954f6,3563,https://github.com/pylint-dev/pylint/issues/3563,https://github.com/pylint-dev/pylin/tree/ce8822807891ba7c43ce09ba3b955007abef73a4,https://github.com/pylint-dev/pylin/tree/1664303adf06ace39225c079e559a26861f954f6,https://github.com/pylint-dev/pylin/compare/ce8822807891ba7c43ce09ba3b955007abef73a4...1664303adf06ace39225c079e559a26861f954f6
360,Pylint,1664303adf06ace39225c079e559a26861f954f6,385ce4241921d3f1623771697f67fb589049f5eb,3524,https://github.com/pylint-dev/pylint/issues/3524,https://github.com/pylint-dev/pylin/tree/1664303adf06ace39225c079e559a26861f954f6,https://github.com/pylint-dev/pylin/tree/385ce4241921d3f1623771697f67fb589049f5eb,https://github.com/pylint-dev/pylin/compare/1664303adf06ace39225c079e559a26861f954f6...385ce4241921d3f1623771697f67fb589049f5eb
361,Pylint,4bae2af51ee8685abbbaf4f4d0f2027771d2b421,156ef32c6a5d9a0069b8365dedf7e7bd8b62869c,3533,https://github.com/pylint-dev/pylint/issues/3533,https://github.com/pylint-dev/pylin/tree/4bae2af51ee8685abbbaf4f4d0f2027771d2b421,https://github.com/pylint-dev/pylin/tree/156ef32c6a5d9a0069b8365dedf7e7bd8b62869c,https://github.com/pylint-dev/pylin/compare/4bae2af51ee8685abbbaf4f4d0f2027771d2b421...156ef32c6a5d9a0069b8365dedf7e7bd8b62869c
362,Pylint,fe7262d625cca6fbf12210c41a9de9a574cacb1a,b73afc8e3d89df143ce686c7086939710ebf29c3,3612,https://github.com/pylint-dev/pylint/issues/3612,https://github.com/pylint-dev/pylin/tree/fe7262d625cca6fbf12210c41a9de9a574cacb1a,https://github.com/pylint-dev/pylin/tree/b73afc8e3d89df143ce686c7086939710ebf29c3,https://github.com/pylint-dev/pylin/compare/fe7262d625cca6fbf12210c41a9de9a574cacb1a...b73afc8e3d89df143ce686c7086939710ebf29c3
363,Pylint,385ce4241921d3f1623771697f67fb589049f5eb,716bcc4e0e8ea5a4d5ab4836c4042b816a5e64d0,3528,https://github.com/pylint-dev/pylint/issues/3528,https://github.com/pylint-dev/pylin/tree/385ce4241921d3f1623771697f67fb589049f5eb,https://github.com/pylint-dev/pylin/tree/716bcc4e0e8ea5a4d5ab4836c4042b816a5e64d0,https://github.com/pylint-dev/pylin/compare/385ce4241921d3f1623771697f67fb589049f5eb...716bcc4e0e8ea5a4d5ab4836c4042b816a5e64d0
364,Pylint,489508cc68705cf07e9fea8acd2b449ea88aa962,1fc490c0a1d0df5d4d6a64da0ccf2dd711b9bf67,3547,https://github.com/pylint-dev/pylint/issues/3547,https://github.com/pylint-dev/pylin/tree/489508cc68705cf07e9fea8acd2b449ea88aa962,https://github.com/pylint-dev/pylin/tree/1fc490c0a1d0df5d4d6a64da0ccf2dd711b9bf67,https://github.com/pylint-dev/pylin/compare/489508cc68705cf07e9fea8acd2b449ea88aa962...1fc490c0a1d0df5d4d6a64da0ccf2dd711b9bf67
365,Pylint,1ad2f2550ca34f12da0a1065cd1e61cdeefba90b,627d07d249d17c12ed9e1a52044843607a5353d0,3646,https://github.com/pylint-dev/pylint/issues/3646,https://github.com/pylint-dev/pylin/tree/1ad2f2550ca34f12da0a1065cd1e61cdeefba90b,https://github.com/pylint-dev/pylin/tree/627d07d249d17c12ed9e1a52044843607a5353d0,https://github.com/pylint-dev/pylin/compare/1ad2f2550ca34f12da0a1065cd1e61cdeefba90b...627d07d249d17c12ed9e1a52044843607a5353d0
366,Pylint,1e42fd85d6ed4ccdccf9137ac2f2f2225c35306d,2a883cbc4361603c720addae6d9420e8a156e313,3655,https://github.com/pylint-dev/pylint/issues/3655,https://github.com/pylint-dev/pylin/tree/1e42fd85d6ed4ccdccf9137ac2f2f2225c35306d,https://github.com/pylint-dev/pylin/tree/2a883cbc4361603c720addae6d9420e8a156e313,https://github.com/pylint-dev/pylin/compare/1e42fd85d6ed4ccdccf9137ac2f2f2225c35306d...2a883cbc4361603c720addae6d9420e8a156e313
367,Pylint,95f3fc3b783ab873c1ea2dfb11d0f2fa20dcea1a,5016fd1adeece312bbe19ff41416149c6a57d464,3383,https://github.com/pylint-dev/pylint/issues/3383,https://github.com/pylint-dev/pylin/tree/95f3fc3b783ab873c1ea2dfb11d0f2fa20dcea1a,https://github.com/pylint-dev/pylin/tree/5016fd1adeece312bbe19ff41416149c6a57d464,https://github.com/pylint-dev/pylin/compare/95f3fc3b783ab873c1ea2dfb11d0f2fa20dcea1a...5016fd1adeece312bbe19ff41416149c6a57d464
368,Pylint,ffb354aea057c25d9e48fa22da2840a450d99f3e,489508cc68705cf07e9fea8acd2b449ea88aa962,3538,https://github.com/pylint-dev/pylint/issues/3538,https://github.com/pylint-dev/pylin/tree/ffb354aea057c25d9e48fa22da2840a450d99f3e,https://github.com/pylint-dev/pylin/tree/489508cc68705cf07e9fea8acd2b449ea88aa962,https://github.com/pylint-dev/pylin/compare/ffb354aea057c25d9e48fa22da2840a450d99f3e...489508cc68705cf07e9fea8acd2b449ea88aa962
369,Pylint,67d05722b705c949a6bc0638f65e60c5f888c8d4,d1484608e89c3e7e2900183e9fb9cbc183de1fb5,511,https://github.com/pylint-dev/pylint/issues/511,https://github.com/pylint-dev/pylin/tree/67d05722b705c949a6bc0638f65e60c5f888c8d4,https://github.com/pylint-dev/pylin/tree/d1484608e89c3e7e2900183e9fb9cbc183de1fb5,https://github.com/pylint-dev/pylin/compare/67d05722b705c949a6bc0638f65e60c5f888c8d4...d1484608e89c3e7e2900183e9fb9cbc183de1fb5
370,Pylint,f00144fb8faa81e1ce42516c2f58eb9fc797f7bd,fe7262d625cca6fbf12210c41a9de9a574cacb1a,3600,https://github.com/pylint-dev/pylint/issues/3600,https://github.com/pylint-dev/pylin/tree/f00144fb8faa81e1ce42516c2f58eb9fc797f7bd,https://github.com/pylint-dev/pylin/tree/fe7262d625cca6fbf12210c41a9de9a574cacb1a,https://github.com/pylint-dev/pylin/compare/f00144fb8faa81e1ce42516c2f58eb9fc797f7bd...fe7262d625cca6fbf12210c41a9de9a574cacb1a
371,Pylint,7d7a9f65daac8673d9c7f7a1c7cc59e8a9fb5129,a60bb8b25dcad9ed9e6ef9f16d048a7df1017246,3584,https://github.com/pylint-dev/pylint/issues/3584,https://github.com/pylint-dev/pylin/tree/7d7a9f65daac8673d9c7f7a1c7cc59e8a9fb5129,https://github.com/pylint-dev/pylin/tree/a60bb8b25dcad9ed9e6ef9f16d048a7df1017246,https://github.com/pylint-dev/pylin/compare/7d7a9f65daac8673d9c7f7a1c7cc59e8a9fb5129...a60bb8b25dcad9ed9e6ef9f16d048a7df1017246
372,Pylint,36250aa1370a1b0e496185eafed3afa145589d1a,35f838fc333f6bc55e0cbfd67da07785e91a51c0,3564,https://github.com/pylint-dev/pylint/issues/3564,https://github.com/pylint-dev/pylin/tree/36250aa1370a1b0e496185eafed3afa145589d1a,https://github.com/pylint-dev/pylin/tree/35f838fc333f6bc55e0cbfd67da07785e91a51c0,https://github.com/pylint-dev/pylin/compare/36250aa1370a1b0e496185eafed3afa145589d1a...35f838fc333f6bc55e0cbfd67da07785e91a51c0
373,Pylint,b1f0a930d347b8e4fe04c500c3201f1960b7a8f8,b0824e94019ac86df0164bba26389488090479e5,1082,https://github.com/pylint-dev/pylint/issues/1082,https://github.com/pylint-dev/pylin/tree/b1f0a930d347b8e4fe04c500c3201f1960b7a8f8,https://github.com/pylint-dev/pylin/tree/b0824e94019ac86df0164bba26389488090479e5,https://github.com/pylint-dev/pylin/compare/b1f0a930d347b8e4fe04c500c3201f1960b7a8f8...b0824e94019ac86df0164bba26389488090479e5
374,Pylint,b1f0a930d347b8e4fe04c500c3201f1960b7a8f8,b0824e94019ac86df0164bba26389488090479e5,3434,https://github.com/pylint-dev/pylint/issues/3434,https://github.com/pylint-dev/pylin/tree/b1f0a930d347b8e4fe04c500c3201f1960b7a8f8,https://github.com/pylint-dev/pylin/tree/b0824e94019ac86df0164bba26389488090479e5,https://github.com/pylint-dev/pylin/compare/b1f0a930d347b8e4fe04c500c3201f1960b7a8f8...b0824e94019ac86df0164bba26389488090479e5
375,Pylint,b1f0a930d347b8e4fe04c500c3201f1960b7a8f8,b0824e94019ac86df0164bba26389488090479e5,3461,https://github.com/pylint-dev/pylint/issues/3461,https://github.com/pylint-dev/pylin/tree/b1f0a930d347b8e4fe04c500c3201f1960b7a8f8,https://github.com/pylint-dev/pylin/tree/b0824e94019ac86df0164bba26389488090479e5,https://github.com/pylint-dev/pylin/compare/b1f0a930d347b8e4fe04c500c3201f1960b7a8f8...b0824e94019ac86df0164bba26389488090479e5
376,Pylint,d168c239905c90523bf5bc520afe543703479e64,59af51b01e6df2f5048859e4b19df698e48e1345,3735,https://github.com/pylint-dev/pylint/issues/3735,https://github.com/pylint-dev/pylin/tree/d168c239905c90523bf5bc520afe543703479e64,https://github.com/pylint-dev/pylin/tree/59af51b01e6df2f5048859e4b19df698e48e1345,https://github.com/pylint-dev/pylin/compare/d168c239905c90523bf5bc520afe543703479e64...59af51b01e6df2f5048859e4b19df698e48e1345
377,Pylint,493885f17375bf322a1b8d3ee7ba5a8dd4124599,e48946f0b4bd385fcd93b6ef920d092f0d8d7424,2498,https://github.com/pylint-dev/pylint/issues/2498,https://github.com/pylint-dev/pylin/tree/493885f17375bf322a1b8d3ee7ba5a8dd4124599,https://github.com/pylint-dev/pylin/tree/e48946f0b4bd385fcd93b6ef920d092f0d8d7424,https://github.com/pylint-dev/pylin/compare/493885f17375bf322a1b8d3ee7ba5a8dd4124599...e48946f0b4bd385fcd93b6ef920d092f0d8d7424
378,Pylint,f5e0968d6be95ae1bf9608e6bab6afcb8aa54663,86df139890b13d253185a42c692360d270318c14,4290,https://github.com/pylint-dev/pylint/issues/4290,https://github.com/pylint-dev/pylin/tree/f5e0968d6be95ae1bf9608e6bab6afcb8aa54663,https://github.com/pylint-dev/pylin/tree/86df139890b13d253185a42c692360d270318c14,https://github.com/pylint-dev/pylin/compare/f5e0968d6be95ae1bf9608e6bab6afcb8aa54663...86df139890b13d253185a42c692360d270318c14
379,Pylint,5016fd1adeece312bbe19ff41416149c6a57d464,36250aa1370a1b0e496185eafed3afa145589d1a,3690,https://github.com/pylint-dev/pylint/issues/3690,https://github.com/pylint-dev/pylin/tree/5016fd1adeece312bbe19ff41416149c6a57d464,https://github.com/pylint-dev/pylin/tree/36250aa1370a1b0e496185eafed3afa145589d1a,https://github.com/pylint-dev/pylin/compare/5016fd1adeece312bbe19ff41416149c6a57d464...36250aa1370a1b0e496185eafed3afa145589d1a
380,Pylint,17325f2f7c8cf43f7ae61ba6726b5117cc11066c,d168c239905c90523bf5bc520afe543703479e64,3742,https://github.com/pylint-dev/pylint/issues/3742,https://github.com/pylint-dev/pylin/tree/17325f2f7c8cf43f7ae61ba6726b5117cc11066c,https://github.com/pylint-dev/pylin/tree/d168c239905c90523bf5bc520afe543703479e64,https://github.com/pylint-dev/pylin/compare/17325f2f7c8cf43f7ae61ba6726b5117cc11066c...d168c239905c90523bf5bc520afe543703479e64
381,Pylint,28c093c28909a84c24a27a248e04869a1880482b,9228c160b703792c0029471f818eb5505188e063,4417,https://github.com/pylint-dev/pylint/issues/4417,https://github.com/pylint-dev/pylin/tree/28c093c28909a84c24a27a248e04869a1880482b,https://github.com/pylint-dev/pylin/tree/9228c160b703792c0029471f818eb5505188e063,https://github.com/pylint-dev/pylin/compare/28c093c28909a84c24a27a248e04869a1880482b...9228c160b703792c0029471f818eb5505188e063
382,Pylint,515f54045e0f27529b02569d4a3916d419b0b49c,af59b712b4e2aaf344a55a349bb05f8db67ec294,2605,https://github.com/pylint-dev/pylint/issues/2605,https://github.com/pylint-dev/pylin/tree/515f54045e0f27529b02569d4a3916d419b0b49c,https://github.com/pylint-dev/pylin/tree/af59b712b4e2aaf344a55a349bb05f8db67ec294,https://github.com/pylint-dev/pylin/compare/515f54045e0f27529b02569d4a3916d419b0b49c...af59b712b4e2aaf344a55a349bb05f8db67ec294
383,Pylint,0b5a44359d8255c136af27c0ef5f5b196a526430,5805a7398f5762eda8851aee434599bf440a2952,2541,https://github.com/pylint-dev/pylint/issues/2541,https://github.com/pylint-dev/pylin/tree/0b5a44359d8255c136af27c0ef5f5b196a526430,https://github.com/pylint-dev/pylin/tree/5805a7398f5762eda8851aee434599bf440a2952,https://github.com/pylint-dev/pylin/compare/0b5a44359d8255c136af27c0ef5f5b196a526430...5805a7398f5762eda8851aee434599bf440a2952
384,Pylint,6d449f94525f47e7d3e8a72f326ff5c41e89337f,4f8ab69bd4b657ef2db9d62d5f6ca4be4db635ad,4518,https://github.com/pylint-dev/pylint/issues/4518,https://github.com/pylint-dev/pylin/tree/6d449f94525f47e7d3e8a72f326ff5c41e89337f,https://github.com/pylint-dev/pylin/tree/4f8ab69bd4b657ef2db9d62d5f6ca4be4db635ad,https://github.com/pylint-dev/pylin/compare/6d449f94525f47e7d3e8a72f326ff5c41e89337f...4f8ab69bd4b657ef2db9d62d5f6ca4be4db635ad
385,Pylint,eba42d08550cd6560e81711c30efcac0c20d10b2,93d6c39e8fbb370ab30b929db12792216cfb2b58,4612,https://github.com/pylint-dev/pylint/issues/4612,https://github.com/pylint-dev/pylin/tree/eba42d08550cd6560e81711c30efcac0c20d10b2,https://github.com/pylint-dev/pylin/tree/93d6c39e8fbb370ab30b929db12792216cfb2b58,https://github.com/pylint-dev/pylin/compare/eba42d08550cd6560e81711c30efcac0c20d10b2...93d6c39e8fbb370ab30b929db12792216cfb2b58
386,Pylint,21290866a2da5ac25a888624bec2ba350e521e98,7ee9de59fd31c3fdbe7e820406db4e5fb7cd3350,4648,https://github.com/pylint-dev/pylint/issues/4648,https://github.com/pylint-dev/pylin/tree/21290866a2da5ac25a888624bec2ba350e521e98,https://github.com/pylint-dev/pylin/tree/7ee9de59fd31c3fdbe7e820406db4e5fb7cd3350,https://github.com/pylint-dev/pylin/compare/21290866a2da5ac25a888624bec2ba350e521e98...7ee9de59fd31c3fdbe7e820406db4e5fb7cd3350
387,Pylint,58d85b28e8d3a1b5d8961213ba17dc18cab1e2e8,a6a742befd686ccd70780927b49805af1c42211d,4680,https://github.com/pylint-dev/pylint/issues/4680,https://github.com/pylint-dev/pylin/tree/58d85b28e8d3a1b5d8961213ba17dc18cab1e2e8,https://github.com/pylint-dev/pylin/tree/a6a742befd686ccd70780927b49805af1c42211d,https://github.com/pylint-dev/pylin/compare/58d85b28e8d3a1b5d8961213ba17dc18cab1e2e8...a6a742befd686ccd70780927b49805af1c42211d
388,Pylint,3a065a16f0826f3d46025209b11d30a1fd5b3b49,f24d765d9fb68309d274c0bd1637da5387cb1f80,3862,https://github.com/pylint-dev/pylint/issues/3862,https://github.com/pylint-dev/pylin/tree/3a065a16f0826f3d46025209b11d30a1fd5b3b49,https://github.com/pylint-dev/pylin/tree/f24d765d9fb68309d274c0bd1637da5387cb1f80,https://github.com/pylint-dev/pylin/compare/3a065a16f0826f3d46025209b11d30a1fd5b3b49...f24d765d9fb68309d274c0bd1637da5387cb1f80
389,Pylint,31aa6fdad53ae3d768950b8cff976b7a7350c2de,a054796d7008f4531b482490f917bdef1454b8fd,3791,https://github.com/pylint-dev/pylint/issues/3791,https://github.com/pylint-dev/pylin/tree/31aa6fdad53ae3d768950b8cff976b7a7350c2de,https://github.com/pylint-dev/pylin/tree/a054796d7008f4531b482490f917bdef1454b8fd,https://github.com/pylint-dev/pylin/compare/31aa6fdad53ae3d768950b8cff976b7a7350c2de...a054796d7008f4531b482490f917bdef1454b8fd
390,Pylint,7bb50436d4bd440c074d1c0d8f9564743b2b56ab,85b69c9cafbfb59f57da58699a7634d6dfe968de,2818,https://github.com/pylint-dev/pylint/issues/2818,https://github.com/pylint-dev/pylin/tree/7bb50436d4bd440c074d1c0d8f9564743b2b56ab,https://github.com/pylint-dev/pylin/tree/85b69c9cafbfb59f57da58699a7634d6dfe968de,https://github.com/pylint-dev/pylin/compare/7bb50436d4bd440c074d1c0d8f9564743b2b56ab...85b69c9cafbfb59f57da58699a7634d6dfe968de
391,Pylint,7bb50436d4bd440c074d1c0d8f9564743b2b56ab,85b69c9cafbfb59f57da58699a7634d6dfe968de,3249,https://github.com/pylint-dev/pylint/issues/3249,https://github.com/pylint-dev/pylin/tree/7bb50436d4bd440c074d1c0d8f9564743b2b56ab,https://github.com/pylint-dev/pylin/tree/85b69c9cafbfb59f57da58699a7634d6dfe968de,https://github.com/pylint-dev/pylin/compare/7bb50436d4bd440c074d1c0d8f9564743b2b56ab...85b69c9cafbfb59f57da58699a7634d6dfe968de
392,Pylint,7bb50436d4bd440c074d1c0d8f9564743b2b56ab,85b69c9cafbfb59f57da58699a7634d6dfe968de,3608,https://github.com/pylint-dev/pylint/issues/3608,https://github.com/pylint-dev/pylin/tree/7bb50436d4bd440c074d1c0d8f9564743b2b56ab,https://github.com/pylint-dev/pylin/tree/85b69c9cafbfb59f57da58699a7634d6dfe968de,https://github.com/pylint-dev/pylin/compare/7bb50436d4bd440c074d1c0d8f9564743b2b56ab...85b69c9cafbfb59f57da58699a7634d6dfe968de
393,Pylint,fc73e70828488152d970a71847928fe1c568e4e3,cafe3b439bcb1a8e286ed39dbdfaa6cf046c67c9,4439,https://github.com/pylint-dev/pylint/issues/4439,https://github.com/pylint-dev/pylin/tree/fc73e70828488152d970a71847928fe1c568e4e3,https://github.com/pylint-dev/pylin/tree/cafe3b439bcb1a8e286ed39dbdfaa6cf046c67c9,https://github.com/pylint-dev/pylin/compare/fc73e70828488152d970a71847928fe1c568e4e3...cafe3b439bcb1a8e286ed39dbdfaa6cf046c67c9
394,Pylint,741276e90a3698c8bf5ac621669453b67b7c2c7c,a71cfe1c4c700b9cf5ca4361f991f01b5a270f42,4778,https://github.com/pylint-dev/pylint/issues/4778,https://github.com/pylint-dev/pylin/tree/741276e90a3698c8bf5ac621669453b67b7c2c7c,https://github.com/pylint-dev/pylin/tree/a71cfe1c4c700b9cf5ca4361f991f01b5a270f42,https://github.com/pylint-dev/pylin/compare/741276e90a3698c8bf5ac621669453b67b7c2c7c...a71cfe1c4c700b9cf5ca4361f991f01b5a270f42
395,Pylint,85b69c9cafbfb59f57da58699a7634d6dfe968de,741276e90a3698c8bf5ac621669453b67b7c2c7c,626,https://github.com/pylint-dev/pylint/issues/626,https://github.com/pylint-dev/pylin/tree/85b69c9cafbfb59f57da58699a7634d6dfe968de,https://github.com/pylint-dev/pylin/tree/741276e90a3698c8bf5ac621669453b67b7c2c7c,https://github.com/pylint-dev/pylin/compare/85b69c9cafbfb59f57da58699a7634d6dfe968de...741276e90a3698c8bf5ac621669453b67b7c2c7c
396,Pylint,5305c76966c22beb6669956b7e7e06d143217e36,4357e8200f545bdce5e9462893b255064f52631e,3711,https://github.com/pylint-dev/pylint/issues/3711,https://github.com/pylint-dev/pylin/tree/5305c76966c22beb6669956b7e7e06d143217e36,https://github.com/pylint-dev/pylin/tree/4357e8200f545bdce5e9462893b255064f52631e,https://github.com/pylint-dev/pylin/compare/5305c76966c22beb6669956b7e7e06d143217e36...4357e8200f545bdce5e9462893b255064f52631e
397,Pylint,ea7f39e3ab82de36ce0becc6d70151d862c807dc,8ea16d4077412f1ce7c4ebee551ff8fc0947f35a,2452,https://github.com/pylint-dev/pylint/issues/2452,https://github.com/pylint-dev/pylin/tree/ea7f39e3ab82de36ce0becc6d70151d862c807dc,https://github.com/pylint-dev/pylin/tree/8ea16d4077412f1ce7c4ebee551ff8fc0947f35a,https://github.com/pylint-dev/pylin/compare/ea7f39e3ab82de36ce0becc6d70151d862c807dc...8ea16d4077412f1ce7c4ebee551ff8fc0947f35a
398,Pylint,4da3862f492f017be3149a5b89f365335f0bf746,e54df784e2bb880943f69abe45b5210474320e29,4837,https://github.com/pylint-dev/pylint/issues/4837,https://github.com/pylint-dev/pylin/tree/4da3862f492f017be3149a5b89f365335f0bf746,https://github.com/pylint-dev/pylin/tree/e54df784e2bb880943f69abe45b5210474320e29,https://github.com/pylint-dev/pylin/compare/4da3862f492f017be3149a5b89f365335f0bf746...e54df784e2bb880943f69abe45b5210474320e29
399,Pylint,53da6541dbe621b55f2c7f1bfcf821541dc823e8,be039201f0d3ce2c0664f312646733b2a5af69c5,4845,https://github.com/pylint-dev/pylint/issues/4845,https://github.com/pylint-dev/pylin/tree/53da6541dbe621b55f2c7f1bfcf821541dc823e8,https://github.com/pylint-dev/pylin/tree/be039201f0d3ce2c0664f312646733b2a5af69c5,https://github.com/pylint-dev/pylin/compare/53da6541dbe621b55f2c7f1bfcf821541dc823e8...be039201f0d3ce2c0664f312646733b2a5af69c5
400,Pylint,5150d89c0dbd12f9cf8b9a4fe60e7c265c55531d,d9dc89cfe78881f9ad210a17d0d4292d1d94037b,4891,https://github.com/pylint-dev/pylint/issues/4891,https://github.com/pylint-dev/pylin/tree/5150d89c0dbd12f9cf8b9a4fe60e7c265c55531d,https://github.com/pylint-dev/pylin/tree/d9dc89cfe78881f9ad210a17d0d4292d1d94037b,https://github.com/pylint-dev/pylin/compare/5150d89c0dbd12f9cf8b9a4fe60e7c265c55531d...d9dc89cfe78881f9ad210a17d0d4292d1d94037b
401,Pylint,7cdd8f35cec17c36e98a5dfc385fe0c76962e531,15b5b564766dc493b4a09f420ceadb57dadd0c18,4899,https://github.com/pylint-dev/pylint/issues/4899,https://github.com/pylint-dev/pylin/tree/7cdd8f35cec17c36e98a5dfc385fe0c76962e531,https://github.com/pylint-dev/pylin/tree/15b5b564766dc493b4a09f420ceadb57dadd0c18,https://github.com/pylint-dev/pylin/compare/7cdd8f35cec17c36e98a5dfc385fe0c76962e531...15b5b564766dc493b4a09f420ceadb57dadd0c18
402,Pylint,ed8e6bbf572ed167d3778d2345405201cbe837c1,8b778cd5d5a6220b6fc1d6a80e30066ebcabd43e,4936,https://github.com/pylint-dev/pylint/issues/4936,https://github.com/pylint-dev/pylin/tree/ed8e6bbf572ed167d3778d2345405201cbe837c1,https://github.com/pylint-dev/pylin/tree/8b778cd5d5a6220b6fc1d6a80e30066ebcabd43e,https://github.com/pylint-dev/pylin/compare/ed8e6bbf572ed167d3778d2345405201cbe837c1...8b778cd5d5a6220b6fc1d6a80e30066ebcabd43e
403,Pylint,7a9bfc4b2fd5be0b109587fa7262f3f8b4ac277c,a3464cb741dbf3481d550f3784295710c4f1fd94,3754,https://github.com/pylint-dev/pylint/issues/3754,https://github.com/pylint-dev/pylin/tree/7a9bfc4b2fd5be0b109587fa7262f3f8b4ac277c,https://github.com/pylint-dev/pylin/tree/a3464cb741dbf3481d550f3784295710c4f1fd94,https://github.com/pylint-dev/pylin/compare/7a9bfc4b2fd5be0b109587fa7262f3f8b4ac277c...a3464cb741dbf3481d550f3784295710c4f1fd94
404,Pylint,be039201f0d3ce2c0664f312646733b2a5af69c5,e135dc813ea5d60afea5d2931e233d873ded6f4e,4865,https://github.com/pylint-dev/pylint/issues/4865,https://github.com/pylint-dev/pylin/tree/be039201f0d3ce2c0664f312646733b2a5af69c5,https://github.com/pylint-dev/pylin/tree/e135dc813ea5d60afea5d2931e233d873ded6f4e,https://github.com/pylint-dev/pylin/compare/be039201f0d3ce2c0664f312646733b2a5af69c5...e135dc813ea5d60afea5d2931e233d873ded6f4e
405,Pylint,d57931bf309e548d3b4f406c9df4df4bd514f188,3f122e08bd1cfdf7d4c9dfa77929cb4f8f8be081,4907,https://github.com/pylint-dev/pylint/issues/4907,https://github.com/pylint-dev/pylin/tree/d57931bf309e548d3b4f406c9df4df4bd514f188,https://github.com/pylint-dev/pylin/tree/3f122e08bd1cfdf7d4c9dfa77929cb4f8f8be081,https://github.com/pylint-dev/pylin/compare/d57931bf309e548d3b4f406c9df4df4bd514f188...3f122e08bd1cfdf7d4c9dfa77929cb4f8f8be081
406,Pylint,bbc4f6690724c3fa2325d6e3e4f1e5414a27983c,d701a979d95c5e4ca6dd4860ab30e08880a904d0,4883,https://github.com/pylint-dev/pylint/issues/4883,https://github.com/pylint-dev/pylin/tree/bbc4f6690724c3fa2325d6e3e4f1e5414a27983c,https://github.com/pylint-dev/pylin/tree/d701a979d95c5e4ca6dd4860ab30e08880a904d0,https://github.com/pylint-dev/pylin/compare/bbc4f6690724c3fa2325d6e3e4f1e5414a27983c...d701a979d95c5e4ca6dd4860ab30e08880a904d0
407,Pylint,7390b6fd0b2f80a1d3dc09327f959bffff5a94b0,dcd488756677fdbac3a8d56c3b1f6c09ddd0d300,1375,https://github.com/pylint-dev/pylint/issues/1375,https://github.com/pylint-dev/pylin/tree/7390b6fd0b2f80a1d3dc09327f959bffff5a94b0,https://github.com/pylint-dev/pylin/tree/dcd488756677fdbac3a8d56c3b1f6c09ddd0d300,https://github.com/pylint-dev/pylin/compare/7390b6fd0b2f80a1d3dc09327f959bffff5a94b0...dcd488756677fdbac3a8d56c3b1f6c09ddd0d300
408,Pylint,7390b6fd0b2f80a1d3dc09327f959bffff5a94b0,dcd488756677fdbac3a8d56c3b1f6c09ddd0d300,330,https://github.com/pylint-dev/pylint/issues/330,https://github.com/pylint-dev/pylin/tree/7390b6fd0b2f80a1d3dc09327f959bffff5a94b0,https://github.com/pylint-dev/pylin/tree/dcd488756677fdbac3a8d56c3b1f6c09ddd0d300,https://github.com/pylint-dev/pylin/compare/7390b6fd0b2f80a1d3dc09327f959bffff5a94b0...dcd488756677fdbac3a8d56c3b1f6c09ddd0d300
409,Pylint,ca455ce7914cc41a51ea03e5201106f0f4de074d,bc95cd34071ec2e71de5bca8ff95cc9b88e23814,4963,https://github.com/pylint-dev/pylint/issues/4963,https://github.com/pylint-dev/pylin/tree/ca455ce7914cc41a51ea03e5201106f0f4de074d,https://github.com/pylint-dev/pylin/tree/bc95cd34071ec2e71de5bca8ff95cc9b88e23814,https://github.com/pylint-dev/pylin/compare/ca455ce7914cc41a51ea03e5201106f0f4de074d...bc95cd34071ec2e71de5bca8ff95cc9b88e23814
410,Pylint,6f24105d90224a585d5e5b06361415c05a7030b9,77e5bd78438ba26bc4dd4837d3535bbc227b8e5c,5029,https://github.com/pylint-dev/pylint/issues/5029,https://github.com/pylint-dev/pylin/tree/6f24105d90224a585d5e5b06361415c05a7030b9,https://github.com/pylint-dev/pylin/tree/77e5bd78438ba26bc4dd4837d3535bbc227b8e5c,https://github.com/pylint-dev/pylin/compare/6f24105d90224a585d5e5b06361415c05a7030b9...77e5bd78438ba26bc4dd4837d3535bbc227b8e5c
411,Pylint,9d0b2827ee92279a9caa0b448ec4b0b0dcdfd3ba,09a0b50bfeb473625f8ad586f72fd35d790de6ac,2366,https://github.com/pylint-dev/pylint/issues/2366,https://github.com/pylint-dev/pylin/tree/9d0b2827ee92279a9caa0b448ec4b0b0dcdfd3ba,https://github.com/pylint-dev/pylin/tree/09a0b50bfeb473625f8ad586f72fd35d790de6ac,https://github.com/pylint-dev/pylin/compare/9d0b2827ee92279a9caa0b448ec4b0b0dcdfd3ba...09a0b50bfeb473625f8ad586f72fd35d790de6ac
412,Pylint,5124f5409f9d3e540318ece0f7899da4bf04dad2,087d77adcd8455dbbbf6b43631d93abb2d1c5d67,4972,https://github.com/pylint-dev/pylint/issues/4972,https://github.com/pylint-dev/pylin/tree/5124f5409f9d3e540318ece0f7899da4bf04dad2,https://github.com/pylint-dev/pylin/tree/087d77adcd8455dbbbf6b43631d93abb2d1c5d67,https://github.com/pylint-dev/pylin/compare/5124f5409f9d3e540318ece0f7899da4bf04dad2...087d77adcd8455dbbbf6b43631d93abb2d1c5d67
413,Pylint,67957e233cdd402cacc4389aeba5e717a684f7a2,f45ab4972bbf140d449a023bf1407237d21c5879,5017,https://github.com/pylint-dev/pylint/issues/5017,https://github.com/pylint-dev/pylin/tree/67957e233cdd402cacc4389aeba5e717a684f7a2,https://github.com/pylint-dev/pylin/tree/f45ab4972bbf140d449a023bf1407237d21c5879,https://github.com/pylint-dev/pylin/compare/67957e233cdd402cacc4389aeba5e717a684f7a2...f45ab4972bbf140d449a023bf1407237d21c5879
414,Pylint,1e85bb755a4f5afcacd3b18397d5c35c820fcca1,e777697819319200a6956e142405a0499995a2cb,4900,https://github.com/pylint-dev/pylint/issues/4900,https://github.com/pylint-dev/pylin/tree/1e85bb755a4f5afcacd3b18397d5c35c820fcca1,https://github.com/pylint-dev/pylin/tree/e777697819319200a6956e142405a0499995a2cb,https://github.com/pylint-dev/pylin/compare/1e85bb755a4f5afcacd3b18397d5c35c820fcca1...e777697819319200a6956e142405a0499995a2cb
415,Pylint,cb7bba41e598aa7aa57f71f987fd92d7704f4f78,bbaa7bc9200abaab5b32de8d55ae5cc6fbbbcece,5000,https://github.com/pylint-dev/pylint/issues/5000,https://github.com/pylint-dev/pylin/tree/cb7bba41e598aa7aa57f71f987fd92d7704f4f78,https://github.com/pylint-dev/pylin/tree/bbaa7bc9200abaab5b32de8d55ae5cc6fbbbcece,https://github.com/pylint-dev/pylin/compare/cb7bba41e598aa7aa57f71f987fd92d7704f4f78...bbaa7bc9200abaab5b32de8d55ae5cc6fbbbcece
416,Pylint,c4b54416d985da0dd7292de491874fcffcd7c375,5143e3a28b59fcf42addaabb0c93d55f911c890a,5030,https://github.com/pylint-dev/pylint/issues/5030,https://github.com/pylint-dev/pylin/tree/c4b54416d985da0dd7292de491874fcffcd7c375,https://github.com/pylint-dev/pylin/tree/5143e3a28b59fcf42addaabb0c93d55f911c890a,https://github.com/pylint-dev/pylin/compare/c4b54416d985da0dd7292de491874fcffcd7c375...5143e3a28b59fcf42addaabb0c93d55f911c890a
417,Pylint,c4b54416d985da0dd7292de491874fcffcd7c375,5143e3a28b59fcf42addaabb0c93d55f911c890a,5036,https://github.com/pylint-dev/pylint/issues/5036,https://github.com/pylint-dev/pylin/tree/c4b54416d985da0dd7292de491874fcffcd7c375,https://github.com/pylint-dev/pylin/tree/5143e3a28b59fcf42addaabb0c93d55f911c890a,https://github.com/pylint-dev/pylin/compare/c4b54416d985da0dd7292de491874fcffcd7c375...5143e3a28b59fcf42addaabb0c93d55f911c890a
418,Pylint,5143e3a28b59fcf42addaabb0c93d55f911c890a,066a1846634a3693abb41ce96da4dcdceef47ac0,5048,https://github.com/pylint-dev/pylint/issues/5048,https://github.com/pylint-dev/pylin/tree/5143e3a28b59fcf42addaabb0c93d55f911c890a,https://github.com/pylint-dev/pylin/tree/066a1846634a3693abb41ce96da4dcdceef47ac0,https://github.com/pylint-dev/pylin/compare/5143e3a28b59fcf42addaabb0c93d55f911c890a...066a1846634a3693abb41ce96da4dcdceef47ac0
419,Pylint,59d2b545b557a7ac47955c65935889e296da941a,dbced8d8a694a3bd3c2e17a8e1ed42188afc02d8,4981,https://github.com/pylint-dev/pylint/issues/4981,https://github.com/pylint-dev/pylin/tree/59d2b545b557a7ac47955c65935889e296da941a,https://github.com/pylint-dev/pylin/tree/dbced8d8a694a3bd3c2e17a8e1ed42188afc02d8,https://github.com/pylint-dev/pylin/compare/59d2b545b557a7ac47955c65935889e296da941a...dbced8d8a694a3bd3c2e17a8e1ed42188afc02d8
420,Pylint,6ad9d6ce38988c55fa8d2c0cccfe03df8a08de54,f963868f6b46d31ef7ae1bd1196eafe50bc4bad7,5058,https://github.com/pylint-dev/pylint/issues/5058,https://github.com/pylint-dev/pylin/tree/6ad9d6ce38988c55fa8d2c0cccfe03df8a08de54,https://github.com/pylint-dev/pylin/tree/f963868f6b46d31ef7ae1bd1196eafe50bc4bad7,https://github.com/pylint-dev/pylin/compare/6ad9d6ce38988c55fa8d2c0cccfe03df8a08de54...f963868f6b46d31ef7ae1bd1196eafe50bc4bad7
421,Pylint,536e9faa563ec6e42b6aa684def84aa4f9831b31,816c8f8c7badc9355628c3eb0e455650dc1f99ef,4021,https://github.com/pylint-dev/pylint/issues/4021,https://github.com/pylint-dev/pylin/tree/536e9faa563ec6e42b6aa684def84aa4f9831b31,https://github.com/pylint-dev/pylin/tree/816c8f8c7badc9355628c3eb0e455650dc1f99ef,https://github.com/pylint-dev/pylin/compare/536e9faa563ec6e42b6aa684def84aa4f9831b31...816c8f8c7badc9355628c3eb0e455650dc1f99ef
422,Pylint,1daee40d6f1cf3d379396dc272c123d987ad4cdd,cd5838c14c58d6904433e9037ec20071eb897185,3733,https://github.com/pylint-dev/pylint/issues/3733,https://github.com/pylint-dev/pylin/tree/1daee40d6f1cf3d379396dc272c123d987ad4cdd,https://github.com/pylint-dev/pylin/tree/cd5838c14c58d6904433e9037ec20071eb897185,https://github.com/pylint-dev/pylin/compare/1daee40d6f1cf3d379396dc272c123d987ad4cdd...cd5838c14c58d6904433e9037ec20071eb897185
423,Pylint,8b60e428457fb1125f61bd97296665aef53eefb8,91f525f276ce73c436949a6128709f2dea99e64e,3771,https://github.com/pylint-dev/pylint/issues/3771,https://github.com/pylint-dev/pylin/tree/8b60e428457fb1125f61bd97296665aef53eefb8,https://github.com/pylint-dev/pylin/tree/91f525f276ce73c436949a6128709f2dea99e64e,https://github.com/pylint-dev/pylin/compare/8b60e428457fb1125f61bd97296665aef53eefb8...91f525f276ce73c436949a6128709f2dea99e64e
424,Pylint,dbced8d8a694a3bd3c2e17a8e1ed42188afc02d8,89cd646ea8c9cdee041c12fa543ef0cad2128b12,2479,https://github.com/pylint-dev/pylint/issues/2479,https://github.com/pylint-dev/pylin/tree/dbced8d8a694a3bd3c2e17a8e1ed42188afc02d8,https://github.com/pylint-dev/pylin/tree/89cd646ea8c9cdee041c12fa543ef0cad2128b12,https://github.com/pylint-dev/pylin/compare/dbced8d8a694a3bd3c2e17a8e1ed42188afc02d8...89cd646ea8c9cdee041c12fa543ef0cad2128b12
425,Pylint,9098c6078551e2d3028fe65537d3b0e407c85724,59d2b545b557a7ac47955c65935889e296da941a,3031,https://github.com/pylint-dev/pylint/issues/3031,https://github.com/pylint-dev/pylin/tree/9098c6078551e2d3028fe65537d3b0e407c85724,https://github.com/pylint-dev/pylin/tree/59d2b545b557a7ac47955c65935889e296da941a,https://github.com/pylint-dev/pylin/compare/9098c6078551e2d3028fe65537d3b0e407c85724...59d2b545b557a7ac47955c65935889e296da941a
426,Pylint,96e84595194073ea54a8c7730b86125049c0f4f9,0a1ebd488fcdf7bf306615aba29e401ce49e3e10,5261,https://github.com/pylint-dev/pylint/issues/5261,https://github.com/pylint-dev/pylin/tree/96e84595194073ea54a8c7730b86125049c0f4f9,https://github.com/pylint-dev/pylin/tree/0a1ebd488fcdf7bf306615aba29e401ce49e3e10,https://github.com/pylint-dev/pylin/compare/96e84595194073ea54a8c7730b86125049c0f4f9...0a1ebd488fcdf7bf306615aba29e401ce49e3e10
427,Pylint,91f525f276ce73c436949a6128709f2dea99e64e,8eb7ff153e951f69b4d1ff3cbddc367c797c0aa4,5162,https://github.com/pylint-dev/pylint/issues/5162,https://github.com/pylint-dev/pylin/tree/91f525f276ce73c436949a6128709f2dea99e64e,https://github.com/pylint-dev/pylin/tree/8eb7ff153e951f69b4d1ff3cbddc367c797c0aa4,https://github.com/pylint-dev/pylin/compare/91f525f276ce73c436949a6128709f2dea99e64e...8eb7ff153e951f69b4d1ff3cbddc367c797c0aa4
428,Pylint,165a2cb22597f7ee6c0b04e55f602539fc94e527,c62738b66bcbe7220624b04192e9cfe6820ed13a,4746,https://github.com/pylint-dev/pylint/issues/4746,https://github.com/pylint-dev/pylin/tree/165a2cb22597f7ee6c0b04e55f602539fc94e527,https://github.com/pylint-dev/pylin/tree/c62738b66bcbe7220624b04192e9cfe6820ed13a,https://github.com/pylint-dev/pylin/compare/165a2cb22597f7ee6c0b04e55f602539fc94e527...c62738b66bcbe7220624b04192e9cfe6820ed13a
429,Pylint,cd5838c14c58d6904433e9037ec20071eb897185,27cabbbb1f950c64c2f4a80bfcf005a694ae14a6,4426,https://github.com/pylint-dev/pylint/issues/4426,https://github.com/pylint-dev/pylin/tree/cd5838c14c58d6904433e9037ec20071eb897185,https://github.com/pylint-dev/pylin/tree/27cabbbb1f950c64c2f4a80bfcf005a694ae14a6,https://github.com/pylint-dev/pylin/compare/cd5838c14c58d6904433e9037ec20071eb897185...27cabbbb1f950c64c2f4a80bfcf005a694ae14a6
430,Pylint,82f0f88c1807eb94eeab2d7670bf930f1850dedd,3ed7a8e3933d14bc6d07afa8e6ba992b5a4b6926,5371,https://github.com/pylint-dev/pylint/issues/5371,https://github.com/pylint-dev/pylin/tree/82f0f88c1807eb94eeab2d7670bf930f1850dedd,https://github.com/pylint-dev/pylin/tree/3ed7a8e3933d14bc6d07afa8e6ba992b5a4b6926,https://github.com/pylint-dev/pylin/compare/82f0f88c1807eb94eeab2d7670bf930f1850dedd...3ed7a8e3933d14bc6d07afa8e6ba992b5a4b6926
431,Pylint,a51a5486ebff7543ae4fb6943fac2558947fa974,bd55b27d41542e3ca1f031f986b6151f6cac457f,4761,https://github.com/pylint-dev/pylint/issues/4761,https://github.com/pylint-dev/pylin/tree/a51a5486ebff7543ae4fb6943fac2558947fa974,https://github.com/pylint-dev/pylin/tree/bd55b27d41542e3ca1f031f986b6151f6cac457f,https://github.com/pylint-dev/pylin/compare/a51a5486ebff7543ae4fb6943fac2558947fa974...bd55b27d41542e3ca1f031f986b6151f6cac457f
432,Pylint,bd55b27d41542e3ca1f031f986b6151f6cac457f,80285a9304f3f8e3ed339525cac95f6da6b6ce58,5504,https://github.com/pylint-dev/pylint/issues/5504,https://github.com/pylint-dev/pylin/tree/bd55b27d41542e3ca1f031f986b6151f6cac457f,https://github.com/pylint-dev/pylin/tree/80285a9304f3f8e3ed339525cac95f6da6b6ce58,https://github.com/pylint-dev/pylin/compare/bd55b27d41542e3ca1f031f986b6151f6cac457f...80285a9304f3f8e3ed339525cac95f6da6b6ce58
433,Pylint,1d3a7ff32b0f6d819b17ce18345502fbc47b48c9,db5d77c2849e1ee20adef401d1b56c19e1c0fb55,3066,https://github.com/pylint-dev/pylint/issues/3066,https://github.com/pylint-dev/pylin/tree/1d3a7ff32b0f6d819b17ce18345502fbc47b48c9,https://github.com/pylint-dev/pylin/tree/db5d77c2849e1ee20adef401d1b56c19e1c0fb55,https://github.com/pylint-dev/pylin/compare/1d3a7ff32b0f6d819b17ce18345502fbc47b48c9...db5d77c2849e1ee20adef401d1b56c19e1c0fb55
434,Pylint,35813de38ed58855f1b89fb492dc141d24bf2661,4b70feb297b4aada56b838c1e71f40badccf9472,5452,https://github.com/pylint-dev/pylint/issues/5452,https://github.com/pylint-dev/pylin/tree/35813de38ed58855f1b89fb492dc141d24bf2661,https://github.com/pylint-dev/pylin/tree/4b70feb297b4aada56b838c1e71f40badccf9472,https://github.com/pylint-dev/pylin/compare/35813de38ed58855f1b89fb492dc141d24bf2661...4b70feb297b4aada56b838c1e71f40badccf9472
435,Pylint,f8b23eb9cccf4bda452bf56dc1c71b8a046e571b,6c6a7aa36da74a35ac6e2ff543c10457c008f9e7,2615,https://github.com/pylint-dev/pylint/issues/2615,https://github.com/pylint-dev/pylin/tree/f8b23eb9cccf4bda452bf56dc1c71b8a046e571b,https://github.com/pylint-dev/pylin/tree/6c6a7aa36da74a35ac6e2ff543c10457c008f9e7,https://github.com/pylint-dev/pylin/compare/f8b23eb9cccf4bda452bf56dc1c71b8a046e571b...6c6a7aa36da74a35ac6e2ff543c10457c008f9e7
436,Pylint,01fa4df457309f8a7249d791a84084b4ae3f0fd4,1f1c7b94d41e93b42ebed5e633b548d8dcbdf387,3675,https://github.com/pylint-dev/pylint/issues/3675,https://github.com/pylint-dev/pylin/tree/01fa4df457309f8a7249d791a84084b4ae3f0fd4,https://github.com/pylint-dev/pylin/tree/1f1c7b94d41e93b42ebed5e633b548d8dcbdf387,https://github.com/pylint-dev/pylin/compare/01fa4df457309f8a7249d791a84084b4ae3f0fd4...1f1c7b94d41e93b42ebed5e633b548d8dcbdf387
437,Pylint,7873b774b3dfb3183b630406d37bdb7044280ca9,a7302dbe6b58209388f88fdfeae41736e0986136,5312,https://github.com/pylint-dev/pylint/issues/5312,https://github.com/pylint-dev/pylin/tree/7873b774b3dfb3183b630406d37bdb7044280ca9,https://github.com/pylint-dev/pylin/tree/a7302dbe6b58209388f88fdfeae41736e0986136,https://github.com/pylint-dev/pylin/compare/7873b774b3dfb3183b630406d37bdb7044280ca9...a7302dbe6b58209388f88fdfeae41736e0986136
438,Pylint,db0060a03a6b14f7ca7eb77ce028c6a660766866,1215cf34e8870dccf3225dd35e3948f2b3a7f5b9,1470,https://github.com/pylint-dev/pylint/issues/1470,https://github.com/pylint-dev/pylin/tree/db0060a03a6b14f7ca7eb77ce028c6a660766866,https://github.com/pylint-dev/pylin/tree/1215cf34e8870dccf3225dd35e3948f2b3a7f5b9,https://github.com/pylint-dev/pylin/compare/db0060a03a6b14f7ca7eb77ce028c6a660766866...1215cf34e8870dccf3225dd35e3948f2b3a7f5b9
439,Pylint,db0060a03a6b14f7ca7eb77ce028c6a660766866,1215cf34e8870dccf3225dd35e3948f2b3a7f5b9,3499,https://github.com/pylint-dev/pylint/issues/3499,https://github.com/pylint-dev/pylin/tree/db0060a03a6b14f7ca7eb77ce028c6a660766866,https://github.com/pylint-dev/pylin/tree/1215cf34e8870dccf3225dd35e3948f2b3a7f5b9,https://github.com/pylint-dev/pylin/compare/db0060a03a6b14f7ca7eb77ce028c6a660766866...1215cf34e8870dccf3225dd35e3948f2b3a7f5b9
440,Pylint,db0060a03a6b14f7ca7eb77ce028c6a660766866,1215cf34e8870dccf3225dd35e3948f2b3a7f5b9,4302,https://github.com/pylint-dev/pylint/issues/4302,https://github.com/pylint-dev/pylin/tree/db0060a03a6b14f7ca7eb77ce028c6a660766866,https://github.com/pylint-dev/pylin/tree/1215cf34e8870dccf3225dd35e3948f2b3a7f5b9,https://github.com/pylint-dev/pylin/compare/db0060a03a6b14f7ca7eb77ce028c6a660766866...1215cf34e8870dccf3225dd35e3948f2b3a7f5b9
441,Pylint,db0060a03a6b14f7ca7eb77ce028c6a660766866,1215cf34e8870dccf3225dd35e3948f2b3a7f5b9,4798,https://github.com/pylint-dev/pylint/issues/4798,https://github.com/pylint-dev/pylin/tree/db0060a03a6b14f7ca7eb77ce028c6a660766866,https://github.com/pylint-dev/pylin/tree/1215cf34e8870dccf3225dd35e3948f2b3a7f5b9,https://github.com/pylint-dev/pylin/compare/db0060a03a6b14f7ca7eb77ce028c6a660766866...1215cf34e8870dccf3225dd35e3948f2b3a7f5b9
442,Pylint,db0060a03a6b14f7ca7eb77ce028c6a660766866,1215cf34e8870dccf3225dd35e3948f2b3a7f5b9,5081,https://github.com/pylint-dev/pylint/issues/5081,https://github.com/pylint-dev/pylin/tree/db0060a03a6b14f7ca7eb77ce028c6a660766866,https://github.com/pylint-dev/pylin/tree/1215cf34e8870dccf3225dd35e3948f2b3a7f5b9,https://github.com/pylint-dev/pylin/compare/db0060a03a6b14f7ca7eb77ce028c6a660766866...1215cf34e8870dccf3225dd35e3948f2b3a7f5b9
443,Pylint,1215cf34e8870dccf3225dd35e3948f2b3a7f5b9,fa0a611a1a12f3db51cba59ab9258b4d8b1c6b06,1470,https://github.com/pylint-dev/pylint/issues/1470,https://github.com/pylint-dev/pylin/tree/1215cf34e8870dccf3225dd35e3948f2b3a7f5b9,https://github.com/pylint-dev/pylin/tree/fa0a611a1a12f3db51cba59ab9258b4d8b1c6b06,https://github.com/pylint-dev/pylin/compare/1215cf34e8870dccf3225dd35e3948f2b3a7f5b9...fa0a611a1a12f3db51cba59ab9258b4d8b1c6b06
444,Pylint,d2475b42e3f4b17ca39eedd1ac65a929f70ca02e,3ad42a05634d6913f57c7d65741bdbdb7b1ffc48,5333,https://github.com/pylint-dev/pylint/issues/5333,https://github.com/pylint-dev/pylin/tree/d2475b42e3f4b17ca39eedd1ac65a929f70ca02e,https://github.com/pylint-dev/pylin/tree/3ad42a05634d6913f57c7d65741bdbdb7b1ffc48,https://github.com/pylint-dev/pylin/compare/d2475b42e3f4b17ca39eedd1ac65a929f70ca02e...3ad42a05634d6913f57c7d65741bdbdb7b1ffc48
445,Pylint,4f95e4d1db7bebe62aca1b757a54370b2546a33f,cdb57a8bfef91df7771c339b95931184f81ef940,367,https://github.com/pylint-dev/pylint/issues/367,https://github.com/pylint-dev/pylin/tree/4f95e4d1db7bebe62aca1b757a54370b2546a33f,https://github.com/pylint-dev/pylin/tree/cdb57a8bfef91df7771c339b95931184f81ef940,https://github.com/pylint-dev/pylin/compare/4f95e4d1db7bebe62aca1b757a54370b2546a33f...cdb57a8bfef91df7771c339b95931184f81ef940
446,Pylint,901d3cab84163b136e8aadd68a45822daca3248c,83a4b8bdfcf31bc1f690de77794d9268a3c2d5ca,4045,https://github.com/pylint-dev/pylint/issues/4045,https://github.com/pylint-dev/pylin/tree/901d3cab84163b136e8aadd68a45822daca3248c,https://github.com/pylint-dev/pylin/tree/83a4b8bdfcf31bc1f690de77794d9268a3c2d5ca,https://github.com/pylint-dev/pylin/compare/901d3cab84163b136e8aadd68a45822daca3248c...83a4b8bdfcf31bc1f690de77794d9268a3c2d5ca
447,Pylint,7b7cc548cea64f7247de75d1ce849150152f2a5e,ca44a245d37a3e079931ba190e07211cb35dcadb,3077,https://github.com/pylint-dev/pylint/issues/3077,https://github.com/pylint-dev/pylin/tree/7b7cc548cea64f7247de75d1ce849150152f2a5e,https://github.com/pylint-dev/pylin/tree/ca44a245d37a3e079931ba190e07211cb35dcadb,https://github.com/pylint-dev/pylin/compare/7b7cc548cea64f7247de75d1ce849150152f2a5e...ca44a245d37a3e079931ba190e07211cb35dcadb
448,Pylint,2631583577a3b2228af66214a364e4e284ba55dd,642268f636241e733409cb6cdf59f0eb87a03ae1,5569,https://github.com/pylint-dev/pylint/issues/5569,https://github.com/pylint-dev/pylin/tree/2631583577a3b2228af66214a364e4e284ba55dd,https://github.com/pylint-dev/pylin/tree/642268f636241e733409cb6cdf59f0eb87a03ae1,https://github.com/pylint-dev/pylin/compare/2631583577a3b2228af66214a364e4e284ba55dd...642268f636241e733409cb6cdf59f0eb87a03ae1
449,Pylint,56129b7e05ed606a40546659daaac510c7572d20,f2c4e35865aeb09bd3be8b9acff6b92b168444f4,3088,https://github.com/pylint-dev/pylint/issues/3088,https://github.com/pylint-dev/pylin/tree/56129b7e05ed606a40546659daaac510c7572d20,https://github.com/pylint-dev/pylin/tree/f2c4e35865aeb09bd3be8b9acff6b92b168444f4,https://github.com/pylint-dev/pylin/compare/56129b7e05ed606a40546659daaac510c7572d20...f2c4e35865aeb09bd3be8b9acff6b92b168444f4
450,Pylint,15040ee7c42958606ae27aa32ccbe54371b83049,5bdd5034c556d2d4986a365a666e923bccef2a94,5729,https://github.com/pylint-dev/pylint/issues/5729,https://github.com/pylint-dev/pylin/tree/15040ee7c42958606ae27aa32ccbe54371b83049,https://github.com/pylint-dev/pylin/tree/5bdd5034c556d2d4986a365a666e923bccef2a94,https://github.com/pylint-dev/pylin/compare/15040ee7c42958606ae27aa32ccbe54371b83049...5bdd5034c556d2d4986a365a666e923bccef2a94
451,Pylint,4649153dae5d55b3ac01787a7a61b25624077526,444e9e1a6e67dba23d050e638ae027ee44414a08,5025,https://github.com/pylint-dev/pylint/issues/5025,https://github.com/pylint-dev/pylin/tree/4649153dae5d55b3ac01787a7a61b25624077526,https://github.com/pylint-dev/pylin/tree/444e9e1a6e67dba23d050e638ae027ee44414a08,https://github.com/pylint-dev/pylin/compare/4649153dae5d55b3ac01787a7a61b25624077526...444e9e1a6e67dba23d050e638ae027ee44414a08
452,Pylint,5bdd5034c556d2d4986a365a666e923bccef2a94,90dafaef06809eab8fb1dda8bc0955b959fe1e23,5486,https://github.com/pylint-dev/pylint/issues/5486,https://github.com/pylint-dev/pylin/tree/5bdd5034c556d2d4986a365a666e923bccef2a94,https://github.com/pylint-dev/pylin/tree/90dafaef06809eab8fb1dda8bc0955b959fe1e23,https://github.com/pylint-dev/pylin/compare/5bdd5034c556d2d4986a365a666e923bccef2a94...90dafaef06809eab8fb1dda8bc0955b959fe1e23
453,Pylint,e0dbce1992e6306624e5c0dccb6436a7e8ec9315,6ad1ff3f98e75a4d36d5ef7785141071f528221e,5399,https://github.com/pylint-dev/pylint/issues/5399,https://github.com/pylint-dev/pylin/tree/e0dbce1992e6306624e5c0dccb6436a7e8ec9315,https://github.com/pylint-dev/pylin/tree/6ad1ff3f98e75a4d36d5ef7785141071f528221e,https://github.com/pylint-dev/pylin/compare/e0dbce1992e6306624e5c0dccb6436a7e8ec9315...6ad1ff3f98e75a4d36d5ef7785141071f528221e
454,Pylint,ef2e17662313c94a12c842d8f763583b5ed42cf6,4a057941a0a30e2fa6d485416ca4167cda6bf6fb,5969,https://github.com/pylint-dev/pylint/issues/5969,https://github.com/pylint-dev/pylin/tree/ef2e17662313c94a12c842d8f763583b5ed42cf6,https://github.com/pylint-dev/pylin/tree/4a057941a0a30e2fa6d485416ca4167cda6bf6fb,https://github.com/pylint-dev/pylin/compare/ef2e17662313c94a12c842d8f763583b5ed42cf6...4a057941a0a30e2fa6d485416ca4167cda6bf6fb
455,Pylint,6270d825c523a1a432d556dbd0a4b1585ad4de77,6279ab18f5cb9e74f83ff48e353ddef769fac7a7,5982,https://github.com/pylint-dev/pylint/issues/5982,https://github.com/pylint-dev/pylin/tree/6270d825c523a1a432d556dbd0a4b1585ad4de77,https://github.com/pylint-dev/pylin/tree/6279ab18f5cb9e74f83ff48e353ddef769fac7a7,https://github.com/pylint-dev/pylin/compare/6270d825c523a1a432d556dbd0a4b1585ad4de77...6279ab18f5cb9e74f83ff48e353ddef769fac7a7
456,Pylint,663a2be7abd407fc680f426155ba26becaaa278d,8e9a44727545b09ccc0161d72b8b66bc92d95d88,5770,https://github.com/pylint-dev/pylint/issues/5770,https://github.com/pylint-dev/pylin/tree/663a2be7abd407fc680f426155ba26becaaa278d,https://github.com/pylint-dev/pylin/tree/8e9a44727545b09ccc0161d72b8b66bc92d95d88,https://github.com/pylint-dev/pylin/compare/663a2be7abd407fc680f426155ba26becaaa278d...8e9a44727545b09ccc0161d72b8b66bc92d95d88
457,Pylint,fe57cc721defc1f81aaed875d1b85ac6d1761909,129c7302ceaabbbbf41a9872661a3550069b37e3,1555,https://github.com/pylint-dev/pylint/issues/1555,https://github.com/pylint-dev/pylin/tree/fe57cc721defc1f81aaed875d1b85ac6d1761909,https://github.com/pylint-dev/pylin/tree/129c7302ceaabbbbf41a9872661a3550069b37e3,https://github.com/pylint-dev/pylin/compare/fe57cc721defc1f81aaed875d1b85ac6d1761909...129c7302ceaabbbbf41a9872661a3550069b37e3
458,Pylint,671126a77ea825fc2fcbae5cf22456ac57fe2b19,e7344be3681a391021a5b6faf263be5d0385a67b,6049,https://github.com/pylint-dev/pylint/issues/6049,https://github.com/pylint-dev/pylin/tree/671126a77ea825fc2fcbae5cf22456ac57fe2b19,https://github.com/pylint-dev/pylin/tree/e7344be3681a391021a5b6faf263be5d0385a67b,https://github.com/pylint-dev/pylin/compare/671126a77ea825fc2fcbae5cf22456ac57fe2b19...e7344be3681a391021a5b6faf263be5d0385a67b
459,Pylint,b25859c4a56ccce61087f7a1270f40deaed68169,dec241b1787e6c99a092bb9ef6a993abf51fea91,5982,https://github.com/pylint-dev/pylint/issues/5982,https://github.com/pylint-dev/pylin/tree/b25859c4a56ccce61087f7a1270f40deaed68169,https://github.com/pylint-dev/pylin/tree/dec241b1787e6c99a092bb9ef6a993abf51fea91,https://github.com/pylint-dev/pylin/compare/b25859c4a56ccce61087f7a1270f40deaed68169...dec241b1787e6c99a092bb9ef6a993abf51fea91
460,Pylint,5d21f4235fec4833d10e09870cbe4134d565f3d5,5f33ca225756882589e2965703cae03e2860051a,5969,https://github.com/pylint-dev/pylint/issues/5969,https://github.com/pylint-dev/pylin/tree/5d21f4235fec4833d10e09870cbe4134d565f3d5,https://github.com/pylint-dev/pylin/tree/5f33ca225756882589e2965703cae03e2860051a,https://github.com/pylint-dev/pylin/compare/5d21f4235fec4833d10e09870cbe4134d565f3d5...5f33ca225756882589e2965703cae03e2860051a
461,Pylint,4966c5bdd97c2996d65d7d1e1ec0dbbf647bd9a5,8b2059047d273ddea0884524ea3c5b99e3d0f59c,6037,https://github.com/pylint-dev/pylint/issues/6037,https://github.com/pylint-dev/pylin/tree/4966c5bdd97c2996d65d7d1e1ec0dbbf647bd9a5,https://github.com/pylint-dev/pylin/tree/8b2059047d273ddea0884524ea3c5b99e3d0f59c,https://github.com/pylint-dev/pylin/compare/4966c5bdd97c2996d65d7d1e1ec0dbbf647bd9a5...8b2059047d273ddea0884524ea3c5b99e3d0f59c
462,Pylint,29f1919c84af95826a4cea4ab4f6b1f447cadf90,d12c7701881ac83d50067d8f7acba447303a7288,6037,https://github.com/pylint-dev/pylint/issues/6037,https://github.com/pylint-dev/pylin/tree/29f1919c84af95826a4cea4ab4f6b1f447cadf90,https://github.com/pylint-dev/pylin/tree/d12c7701881ac83d50067d8f7acba447303a7288,https://github.com/pylint-dev/pylin/compare/29f1919c84af95826a4cea4ab4f6b1f447cadf90...d12c7701881ac83d50067d8f7acba447303a7288
463,Pylint,19d660edb9b03913fc3c3f6e19a0c1463c547d93,106f0afd2abe6b3ace3a6eff86d7adc76977f8b3,6408,https://github.com/pylint-dev/pylint/issues/6408,https://github.com/pylint-dev/pylin/tree/19d660edb9b03913fc3c3f6e19a0c1463c547d93,https://github.com/pylint-dev/pylin/tree/106f0afd2abe6b3ace3a6eff86d7adc76977f8b3,https://github.com/pylint-dev/pylin/compare/19d660edb9b03913fc3c3f6e19a0c1463c547d93...106f0afd2abe6b3ace3a6eff86d7adc76977f8b3
464,Pylint,4668f636ece4c4286310ebc90c9a15ffbe0c1b89,ab3ad0629c9107063c40ffb831546fe20478a69b,6414,https://github.com/pylint-dev/pylint/issues/6414,https://github.com/pylint-dev/pylin/tree/4668f636ece4c4286310ebc90c9a15ffbe0c1b89,https://github.com/pylint-dev/pylin/tree/ab3ad0629c9107063c40ffb831546fe20478a69b,https://github.com/pylint-dev/pylin/compare/4668f636ece4c4286310ebc90c9a15ffbe0c1b89...ab3ad0629c9107063c40ffb831546fe20478a69b
465,Pylint,3b2fbaec045697d53bdd4435e59dbfc2b286df4b,7022d23376ebf6c3bded2d87400c529113bea5ee,6414,https://github.com/pylint-dev/pylint/issues/6414,https://github.com/pylint-dev/pylin/tree/3b2fbaec045697d53bdd4435e59dbfc2b286df4b,https://github.com/pylint-dev/pylin/tree/7022d23376ebf6c3bded2d87400c529113bea5ee,https://github.com/pylint-dev/pylin/compare/3b2fbaec045697d53bdd4435e59dbfc2b286df4b...7022d23376ebf6c3bded2d87400c529113bea5ee
466,Pylint,fd760048e2cb074d9b189248264af5ab1ca6fdd8,d1f5eaa951e4e49f132b97318cf0bb06a7c69e00,5219,https://github.com/pylint-dev/pylint/issues/5219,https://github.com/pylint-dev/pylin/tree/fd760048e2cb074d9b189248264af5ab1ca6fdd8,https://github.com/pylint-dev/pylin/tree/d1f5eaa951e4e49f132b97318cf0bb06a7c69e00,https://github.com/pylint-dev/pylin/compare/fd760048e2cb074d9b189248264af5ab1ca6fdd8...d1f5eaa951e4e49f132b97318cf0bb06a7c69e00
467,Pylint,57a4d13f342af36054fbb344853c1d8d66c43c1b,e7a0faf7179511395aab6217057b11a2b726cf6b,6071,https://github.com/pylint-dev/pylint/issues/6071,https://github.com/pylint-dev/pylin/tree/57a4d13f342af36054fbb344853c1d8d66c43c1b,https://github.com/pylint-dev/pylin/tree/e7a0faf7179511395aab6217057b11a2b726cf6b,https://github.com/pylint-dev/pylin/compare/57a4d13f342af36054fbb344853c1d8d66c43c1b...e7a0faf7179511395aab6217057b11a2b726cf6b
468,Pylint,a96c50cba6026ddbdf5915b91fd785f721ca4e15,fb48293cb99413cf31df46139b139c096bc94bb3,6071,https://github.com/pylint-dev/pylint/issues/6071,https://github.com/pylint-dev/pylin/tree/a96c50cba6026ddbdf5915b91fd785f721ca4e15,https://github.com/pylint-dev/pylin/tree/fb48293cb99413cf31df46139b139c096bc94bb3,https://github.com/pylint-dev/pylin/compare/a96c50cba6026ddbdf5915b91fd785f721ca4e15...fb48293cb99413cf31df46139b139c096bc94bb3
469,Pylint,23a3d038fd53fdd87fc2548fa5b5519c4eef76a4,217d4d3dd457cca7ea25f73148c7e7c5d2f4e285,3122,https://github.com/pylint-dev/pylint/issues/3122,https://github.com/pylint-dev/pylin/tree/23a3d038fd53fdd87fc2548fa5b5519c4eef76a4,https://github.com/pylint-dev/pylin/tree/217d4d3dd457cca7ea25f73148c7e7c5d2f4e285,https://github.com/pylint-dev/pylin/compare/23a3d038fd53fdd87fc2548fa5b5519c4eef76a4...217d4d3dd457cca7ea25f73148c7e7c5d2f4e285
470,Pylint,b524db8311cc0d622ddedc75b19c37fbbe14e535,258a5e96cceadfb80a96f54d6c7d83327d048eab,6895,https://github.com/pylint-dev/pylint/issues/6895,https://github.com/pylint-dev/pylin/tree/b524db8311cc0d622ddedc75b19c37fbbe14e535,https://github.com/pylint-dev/pylin/tree/258a5e96cceadfb80a96f54d6c7d83327d048eab,https://github.com/pylint-dev/pylin/compare/b524db8311cc0d622ddedc75b19c37fbbe14e535...258a5e96cceadfb80a96f54d6c7d83327d048eab
471,Pylint,52b88986932f77761e724fde9dc19fc4f0d1054e,9b4cb5a8ffd65734f733d13ae012348b6d7d080f,4272,https://github.com/pylint-dev/pylint/issues/4272,https://github.com/pylint-dev/pylin/tree/52b88986932f77761e724fde9dc19fc4f0d1054e,https://github.com/pylint-dev/pylin/tree/9b4cb5a8ffd65734f733d13ae012348b6d7d080f,https://github.com/pylint-dev/pylin/compare/52b88986932f77761e724fde9dc19fc4f0d1054e...9b4cb5a8ffd65734f733d13ae012348b6d7d080f
472,Pylint,6188352fe4561ed332def2544acccd88032ddc2e,8a86414fad8b9275926980e45e7baf80a607c75f,6965,https://github.com/pylint-dev/pylint/issues/6965,https://github.com/pylint-dev/pylin/tree/6188352fe4561ed332def2544acccd88032ddc2e,https://github.com/pylint-dev/pylin/tree/8a86414fad8b9275926980e45e7baf80a607c75f,https://github.com/pylint-dev/pylin/compare/6188352fe4561ed332def2544acccd88032ddc2e...8a86414fad8b9275926980e45e7baf80a607c75f
473,Pylint,b379ef3acc2a983140994c93a2ea2c99e260c9c1,bee24cd55af4f1231e787aed5a1cc072492adee6,6965,https://github.com/pylint-dev/pylint/issues/6965,https://github.com/pylint-dev/pylin/tree/b379ef3acc2a983140994c93a2ea2c99e260c9c1,https://github.com/pylint-dev/pylin/tree/bee24cd55af4f1231e787aed5a1cc072492adee6,https://github.com/pylint-dev/pylin/compare/b379ef3acc2a983140994c93a2ea2c99e260c9c1...bee24cd55af4f1231e787aed5a1cc072492adee6
474,Pylint,018176d48b5608bdbc2ef9a8d09b0cae7a83da33,e876f04e2caa36d030f4ad06b1f4bb00ed3f6995,3803,https://github.com/pylint-dev/pylint/issues/3803,https://github.com/pylint-dev/pylin/tree/018176d48b5608bdbc2ef9a8d09b0cae7a83da33,https://github.com/pylint-dev/pylin/tree/e876f04e2caa36d030f4ad06b1f4bb00ed3f6995,https://github.com/pylint-dev/pylin/compare/018176d48b5608bdbc2ef9a8d09b0cae7a83da33...e876f04e2caa36d030f4ad06b1f4bb00ed3f6995
475,Pylint,fa183c7d15b5f3c7dd8dee86fc74caae42c3926c,63a9124d6356dd6db566a1453c0a185c26ce36b7,6538,https://github.com/pylint-dev/pylint/issues/6538,https://github.com/pylint-dev/pylin/tree/fa183c7d15b5f3c7dd8dee86fc74caae42c3926c,https://github.com/pylint-dev/pylin/tree/63a9124d6356dd6db566a1453c0a185c26ce36b7,https://github.com/pylint-dev/pylin/compare/fa183c7d15b5f3c7dd8dee86fc74caae42c3926c...63a9124d6356dd6db566a1453c0a185c26ce36b7
476,Pylint,8d8e518bbfe67e75438b98fb57db63dcd72e35a8,02e9023865419635f155d8c8a6dc1b14d5104d3c,4951,https://github.com/pylint-dev/pylint/issues/4951,https://github.com/pylint-dev/pylin/tree/8d8e518bbfe67e75438b98fb57db63dcd72e35a8,https://github.com/pylint-dev/pylin/tree/02e9023865419635f155d8c8a6dc1b14d5104d3c,https://github.com/pylint-dev/pylin/compare/8d8e518bbfe67e75438b98fb57db63dcd72e35a8...02e9023865419635f155d8c8a6dc1b14d5104d3c
477,Pylint,d6fa3416825fb7c398e4d8bee11a8ae0b3a39f07,7cd7c8cbedd8258ad151e13da4036b42602351a7,6895,https://github.com/pylint-dev/pylint/issues/6895,https://github.com/pylint-dev/pylin/tree/d6fa3416825fb7c398e4d8bee11a8ae0b3a39f07,https://github.com/pylint-dev/pylin/tree/7cd7c8cbedd8258ad151e13da4036b42602351a7,https://github.com/pylint-dev/pylin/compare/d6fa3416825fb7c398e4d8bee11a8ae0b3a39f07...7cd7c8cbedd8258ad151e13da4036b42602351a7
478,Pylint,e625f2ff594e4d9cc629a2633d738874e1d4f4b2,ff3f91d87e7696cfd9c1f3069c7aa76a6f79f898,1667,https://github.com/pylint-dev/pylint/issues/1667,https://github.com/pylint-dev/pylin/tree/e625f2ff594e4d9cc629a2633d738874e1d4f4b2,https://github.com/pylint-dev/pylin/tree/ff3f91d87e7696cfd9c1f3069c7aa76a6f79f898,https://github.com/pylint-dev/pylin/compare/e625f2ff594e4d9cc629a2633d738874e1d4f4b2...ff3f91d87e7696cfd9c1f3069c7aa76a6f79f898
479,Pylint,815b765b6a5836e0150b2b64b919216e6a52f0e3,9dead651a8f6394ae6c56956cceee4ebc8ad3c58,7280,https://github.com/pylint-dev/pylint/issues/7280,https://github.com/pylint-dev/pylin/tree/815b765b6a5836e0150b2b64b919216e6a52f0e3,https://github.com/pylint-dev/pylin/tree/9dead651a8f6394ae6c56956cceee4ebc8ad3c58,https://github.com/pylint-dev/pylin/compare/815b765b6a5836e0150b2b64b919216e6a52f0e3...9dead651a8f6394ae6c56956cceee4ebc8ad3c58
480,Pylint,d597f252915ddcaaa15ccdfcb35670152cb83587,ebd54021ee3a779ee66dfe97e8dbf2a5966f614e,7202,https://github.com/pylint-dev/pylint/issues/7202,https://github.com/pylint-dev/pylin/tree/d597f252915ddcaaa15ccdfcb35670152cb83587,https://github.com/pylint-dev/pylin/tree/ebd54021ee3a779ee66dfe97e8dbf2a5966f614e,https://github.com/pylint-dev/pylin/compare/d597f252915ddcaaa15ccdfcb35670152cb83587...ebd54021ee3a779ee66dfe97e8dbf2a5966f614e
481,Pylint,646fef2339b576a596eb8a026393a17da31b7b97,ccd1dc8d5d1bc705b0b5eb4183ba979f97a96f21,3976,https://github.com/pylint-dev/pylint/issues/3976,https://github.com/pylint-dev/pylin/tree/646fef2339b576a596eb8a026393a17da31b7b97,https://github.com/pylint-dev/pylin/tree/ccd1dc8d5d1bc705b0b5eb4183ba979f97a96f21,https://github.com/pylint-dev/pylin/compare/646fef2339b576a596eb8a026393a17da31b7b97...ccd1dc8d5d1bc705b0b5eb4183ba979f97a96f21
482,Pylint,b176645f3c26eb6013f6ef64241473f4bd4a3f99,36a6723ce6b15e8a466a300b6594d6828305fd67,3860,https://github.com/pylint-dev/pylint/issues/3860,https://github.com/pylint-dev/pylin/tree/b176645f3c26eb6013f6ef64241473f4bd4a3f99,https://github.com/pylint-dev/pylin/tree/36a6723ce6b15e8a466a300b6594d6828305fd67,https://github.com/pylint-dev/pylin/compare/b176645f3c26eb6013f6ef64241473f4bd4a3f99...36a6723ce6b15e8a466a300b6594d6828305fd67
483,Pylint,bcd4ca3052411e8c0823712d38cb970e354713f6,880095c7266134a218e5f97075d1adeaa5b34b79,6592,https://github.com/pylint-dev/pylint/issues/6592,https://github.com/pylint-dev/pylin/tree/bcd4ca3052411e8c0823712d38cb970e354713f6,https://github.com/pylint-dev/pylin/tree/880095c7266134a218e5f97075d1adeaa5b34b79,https://github.com/pylint-dev/pylin/compare/bcd4ca3052411e8c0823712d38cb970e354713f6...880095c7266134a218e5f97075d1adeaa5b34b79
484,Pylint,a10406ab31725993b9c6b44154d71166f10e248d,7a1fbb9f9aa8d1938ad768ff3d0403aa7d0c4bfb,6592,https://github.com/pylint-dev/pylint/issues/6592,https://github.com/pylint-dev/pylin/tree/a10406ab31725993b9c6b44154d71166f10e248d,https://github.com/pylint-dev/pylin/tree/7a1fbb9f9aa8d1938ad768ff3d0403aa7d0c4bfb,https://github.com/pylint-dev/pylin/compare/a10406ab31725993b9c6b44154d71166f10e248d...7a1fbb9f9aa8d1938ad768ff3d0403aa7d0c4bfb
485,Pylint,8b46e222b4d8f3abc01c9bde58e4ecc5af617fef,1a7cdab8adb3f3b09b990b8f5df3e3f254882935,7264,https://github.com/pylint-dev/pylint/issues/7264,https://github.com/pylint-dev/pylin/tree/8b46e222b4d8f3abc01c9bde58e4ecc5af617fef,https://github.com/pylint-dev/pylin/tree/1a7cdab8adb3f3b09b990b8f5df3e3f254882935,https://github.com/pylint-dev/pylin/compare/8b46e222b4d8f3abc01c9bde58e4ecc5af617fef...1a7cdab8adb3f3b09b990b8f5df3e3f254882935
486,Pylint,c5aefa2d11850e7ef099d15439916241f1707df8,97b07f746628fb3b4bda954a51ed327a7cc320f2,7264,https://github.com/pylint-dev/pylint/issues/7264,https://github.com/pylint-dev/pylin/tree/c5aefa2d11850e7ef099d15439916241f1707df8,https://github.com/pylint-dev/pylin/tree/97b07f746628fb3b4bda954a51ed327a7cc320f2,https://github.com/pylint-dev/pylin/compare/c5aefa2d11850e7ef099d15439916241f1707df8...97b07f746628fb3b4bda954a51ed327a7cc320f2
487,Pylint,9dead651a8f6394ae6c56956cceee4ebc8ad3c58,df93f97b70cb87e604a260cdc57f53a407cd87bf,7298,https://github.com/pylint-dev/pylint/issues/7298,https://github.com/pylint-dev/pylin/tree/9dead651a8f6394ae6c56956cceee4ebc8ad3c58,https://github.com/pylint-dev/pylin/tree/df93f97b70cb87e604a260cdc57f53a407cd87bf,https://github.com/pylint-dev/pylin/compare/9dead651a8f6394ae6c56956cceee4ebc8ad3c58...df93f97b70cb87e604a260cdc57f53a407cd87bf
488,Pylint,7fdf8d9ee09076515739fc997837b6c7c79a6072,3bfd0756d669c69f11164eab67340e9f2bc3383a,3651,https://github.com/pylint-dev/pylint/issues/3651,https://github.com/pylint-dev/pylin/tree/7fdf8d9ee09076515739fc997837b6c7c79a6072,https://github.com/pylint-dev/pylin/tree/3bfd0756d669c69f11164eab67340e9f2bc3383a,https://github.com/pylint-dev/pylin/compare/7fdf8d9ee09076515739fc997837b6c7c79a6072...3bfd0756d669c69f11164eab67340e9f2bc3383a
489,Pylint,d2e9294a43dff62b35fa3b154de46d427f4bc8fd,69ba89eb6526fea7a5d23d8830e70dab5f879397,7467,https://github.com/pylint-dev/pylint/issues/7467,https://github.com/pylint-dev/pylin/tree/d2e9294a43dff62b35fa3b154de46d427f4bc8fd,https://github.com/pylint-dev/pylin/tree/69ba89eb6526fea7a5d23d8830e70dab5f879397,https://github.com/pylint-dev/pylin/compare/d2e9294a43dff62b35fa3b154de46d427f4bc8fd...69ba89eb6526fea7a5d23d8830e70dab5f879397
490,Pylint,d295b71bfe25103620c99796aed077152e2e1966,7646a1a7d4ac54d36cb4de24a2e0d30b264a342f,7208,https://github.com/pylint-dev/pylint/issues/7208,https://github.com/pylint-dev/pylin/tree/d295b71bfe25103620c99796aed077152e2e1966,https://github.com/pylint-dev/pylin/tree/7646a1a7d4ac54d36cb4de24a2e0d30b264a342f,https://github.com/pylint-dev/pylin/compare/d295b71bfe25103620c99796aed077152e2e1966...7646a1a7d4ac54d36cb4de24a2e0d30b264a342f
491,Pylint,7bd847008ed5668ff331f95f4770ddce5acd5d17,dfd0e5aefe2e90b64099b97fe8dc78f813d5b149,4150,https://github.com/pylint-dev/pylint/issues/4150,https://github.com/pylint-dev/pylin/tree/7bd847008ed5668ff331f95f4770ddce5acd5d17,https://github.com/pylint-dev/pylin/tree/dfd0e5aefe2e90b64099b97fe8dc78f813d5b149,https://github.com/pylint-dev/pylin/compare/7bd847008ed5668ff331f95f4770ddce5acd5d17...dfd0e5aefe2e90b64099b97fe8dc78f813d5b149
492,Pylint,1aef517be648d3eb2ec156ee19c7cc4cfffc2146,e44eec69560febea194b31c3c7a16260a9e1da1b,7742,https://github.com/pylint-dev/pylint/issues/7742,https://github.com/pylint-dev/pylin/tree/1aef517be648d3eb2ec156ee19c7cc4cfffc2146,https://github.com/pylint-dev/pylin/tree/e44eec69560febea194b31c3c7a16260a9e1da1b,https://github.com/pylint-dev/pylin/compare/1aef517be648d3eb2ec156ee19c7cc4cfffc2146...e44eec69560febea194b31c3c7a16260a9e1da1b
493,Pylint,98ceab7de9f78146aacbc9148ddabf1a5e14cb43,7b0bc1986eb0f4ec620677914327345b63864b00,7742,https://github.com/pylint-dev/pylint/issues/7742,https://github.com/pylint-dev/pylin/tree/98ceab7de9f78146aacbc9148ddabf1a5e14cb43,https://github.com/pylint-dev/pylin/tree/7b0bc1986eb0f4ec620677914327345b63864b00,https://github.com/pylint-dev/pylin/compare/98ceab7de9f78146aacbc9148ddabf1a5e14cb43...7b0bc1986eb0f4ec620677914327345b63864b00
494,Pylint,83d9fdc5dbc4bd3afb00fc57357c8b255d102d78,7b82cc82c857b78316b3f8cc13f702eea8704efb,6242,https://github.com/pylint-dev/pylint/issues/6242,https://github.com/pylint-dev/pylin/tree/83d9fdc5dbc4bd3afb00fc57357c8b255d102d78,https://github.com/pylint-dev/pylin/tree/7b82cc82c857b78316b3f8cc13f702eea8704efb,https://github.com/pylint-dev/pylin/compare/83d9fdc5dbc4bd3afb00fc57357c8b255d102d78...7b82cc82c857b78316b3f8cc13f702eea8704efb
495,Pylint,83d9fdc5dbc4bd3afb00fc57357c8b255d102d78,7b82cc82c857b78316b3f8cc13f702eea8704efb,4053,https://github.com/pylint-dev/pylint/issues/4053,https://github.com/pylint-dev/pylin/tree/83d9fdc5dbc4bd3afb00fc57357c8b255d102d78,https://github.com/pylint-dev/pylin/tree/7b82cc82c857b78316b3f8cc13f702eea8704efb,https://github.com/pylint-dev/pylin/compare/83d9fdc5dbc4bd3afb00fc57357c8b255d102d78...7b82cc82c857b78316b3f8cc13f702eea8704efb
496,Pylint,8e05ff6acf30deae5d83ea3847ec47ed0bf049a4,52cf631d732f7b39a879adf7e617e0aa7059a83a,7467,https://github.com/pylint-dev/pylint/issues/7467,https://github.com/pylint-dev/pylin/tree/8e05ff6acf30deae5d83ea3847ec47ed0bf049a4,https://github.com/pylint-dev/pylin/tree/52cf631d732f7b39a879adf7e617e0aa7059a83a,https://github.com/pylint-dev/pylin/compare/8e05ff6acf30deae5d83ea3847ec47ed0bf049a4...52cf631d732f7b39a879adf7e617e0aa7059a83a
497,Pylint,70994f4812d6a6c20628496a810e163fb7def481,e1896ed61543fc8083af99701fafa8b04fad8127,7264,https://github.com/pylint-dev/pylint/issues/7264,https://github.com/pylint-dev/pylin/tree/70994f4812d6a6c20628496a810e163fb7def481,https://github.com/pylint-dev/pylin/tree/e1896ed61543fc8083af99701fafa8b04fad8127,https://github.com/pylint-dev/pylin/compare/70994f4812d6a6c20628496a810e163fb7def481...e1896ed61543fc8083af99701fafa8b04fad8127
498,Pylint,b47aa3076ee0c2dc3f7f6b238c268a48e2e67bdb,e75089bae209d1b9ca72903c0d65530b02f67fdf,7264,https://github.com/pylint-dev/pylint/issues/7264,https://github.com/pylint-dev/pylin/tree/b47aa3076ee0c2dc3f7f6b238c268a48e2e67bdb,https://github.com/pylint-dev/pylin/tree/e75089bae209d1b9ca72903c0d65530b02f67fdf,https://github.com/pylint-dev/pylin/compare/b47aa3076ee0c2dc3f7f6b238c268a48e2e67bdb...e75089bae209d1b9ca72903c0d65530b02f67fdf
499,Pylint,5a93635a4a220b16b83b859c2c7f4421ce8d05cd,491eef5b97c4cab5c96f54bc1a8c9cfa1e7b0a51,7938,https://github.com/pylint-dev/pylint/issues/7938,https://github.com/pylint-dev/pylin/tree/5a93635a4a220b16b83b859c2c7f4421ce8d05cd,https://github.com/pylint-dev/pylin/tree/491eef5b97c4cab5c96f54bc1a8c9cfa1e7b0a51,https://github.com/pylint-dev/pylin/compare/5a93635a4a220b16b83b859c2c7f4421ce8d05cd...491eef5b97c4cab5c96f54bc1a8c9cfa1e7b0a51
500,Pylint,3a257f56630929974f0a5a9f3b39908342095433,03bd452620558a2159715ce7f5aad9071910e1a4,5636,https://github.com/pylint-dev/pylint/issues/5636,https://github.com/pylint-dev/pylin/tree/3a257f56630929974f0a5a9f3b39908342095433,https://github.com/pylint-dev/pylin/tree/03bd452620558a2159715ce7f5aad9071910e1a4,https://github.com/pylint-dev/pylin/compare/3a257f56630929974f0a5a9f3b39908342095433...03bd452620558a2159715ce7f5aad9071910e1a4
501,Pylint,b87cf1631f9fcef278895382481cc0169cb2301e,ee55ec8c17f525c0a35bae710a4b27ab591d688f,8067,https://github.com/pylint-dev/pylint/issues/8067,https://github.com/pylint-dev/pylin/tree/b87cf1631f9fcef278895382481cc0169cb2301e,https://github.com/pylint-dev/pylin/tree/ee55ec8c17f525c0a35bae710a4b27ab591d688f,https://github.com/pylint-dev/pylin/compare/b87cf1631f9fcef278895382481cc0169cb2301e...ee55ec8c17f525c0a35bae710a4b27ab591d688f
502,Pylint,83668de8080a8adf2393dcda826100c6dba8267c,494e5145ddf6ffb2d2f16f53b8ad6a2c08e08150,7938,https://github.com/pylint-dev/pylint/issues/7938,https://github.com/pylint-dev/pylin/tree/83668de8080a8adf2393dcda826100c6dba8267c,https://github.com/pylint-dev/pylin/tree/494e5145ddf6ffb2d2f16f53b8ad6a2c08e08150,https://github.com/pylint-dev/pylin/compare/83668de8080a8adf2393dcda826100c6dba8267c...494e5145ddf6ffb2d2f16f53b8ad6a2c08e08150
503,Pylint,e90702074e68e20dc8e5df5013ee3ecf22139c3e,bb4a56785d698cc12d773eaf45f90cb61f2dc5d7,5636,https://github.com/pylint-dev/pylint/issues/5636,https://github.com/pylint-dev/pylin/tree/e90702074e68e20dc8e5df5013ee3ecf22139c3e,https://github.com/pylint-dev/pylin/tree/bb4a56785d698cc12d773eaf45f90cb61f2dc5d7,https://github.com/pylint-dev/pylin/compare/e90702074e68e20dc8e5df5013ee3ecf22139c3e...bb4a56785d698cc12d773eaf45f90cb61f2dc5d7
504,Pylint,5c0084bb1465fcaed2c977266998360b9f2f5661,4689b195d8539ef04fd0c30423037a5f4932a20f,8161,https://github.com/pylint-dev/pylint/issues/8161,https://github.com/pylint-dev/pylin/tree/5c0084bb1465fcaed2c977266998360b9f2f5661,https://github.com/pylint-dev/pylin/tree/4689b195d8539ef04fd0c30423037a5f4932a20f,https://github.com/pylint-dev/pylin/compare/5c0084bb1465fcaed2c977266998360b9f2f5661...4689b195d8539ef04fd0c30423037a5f4932a20f
505,Pylint,0fba80c8ca7f3bf9cb675f4df831362852137e2a,40f67116e4841bf8f8140950c61b582c7db59ae7,8161,https://github.com/pylint-dev/pylint/issues/8161,https://github.com/pylint-dev/pylin/tree/0fba80c8ca7f3bf9cb675f4df831362852137e2a,https://github.com/pylint-dev/pylin/tree/40f67116e4841bf8f8140950c61b582c7db59ae7,https://github.com/pylint-dev/pylin/compare/0fba80c8ca7f3bf9cb675f4df831362852137e2a...40f67116e4841bf8f8140950c61b582c7db59ae7
506,Pylint,dff0adb0cafa8156a682596be3d7ad6ee0418e21,1baf4be15e29a06088b425eb5f9ecafd50cd5e6a,6242,https://github.com/pylint-dev/pylint/issues/6242,https://github.com/pylint-dev/pylin/tree/dff0adb0cafa8156a682596be3d7ad6ee0418e21,https://github.com/pylint-dev/pylin/tree/1baf4be15e29a06088b425eb5f9ecafd50cd5e6a,https://github.com/pylint-dev/pylin/compare/dff0adb0cafa8156a682596be3d7ad6ee0418e21...1baf4be15e29a06088b425eb5f9ecafd50cd5e6a
507,Pylint,dff0adb0cafa8156a682596be3d7ad6ee0418e21,1baf4be15e29a06088b425eb5f9ecafd50cd5e6a,4053,https://github.com/pylint-dev/pylint/issues/4053,https://github.com/pylint-dev/pylin/tree/dff0adb0cafa8156a682596be3d7ad6ee0418e21,https://github.com/pylint-dev/pylin/tree/1baf4be15e29a06088b425eb5f9ecafd50cd5e6a,https://github.com/pylint-dev/pylin/compare/dff0adb0cafa8156a682596be3d7ad6ee0418e21...1baf4be15e29a06088b425eb5f9ecafd50cd5e6a
508,Pylint,ff8cdd2b4096c44854731aba556f8a948ff9b3c4,71cdb25cd32d05e07d4b8d59ec6ba8ace501b423,8307,https://github.com/pylint-dev/pylint/issues/8307,https://github.com/pylint-dev/pylin/tree/ff8cdd2b4096c44854731aba556f8a948ff9b3c4,https://github.com/pylint-dev/pylin/tree/71cdb25cd32d05e07d4b8d59ec6ba8ace501b423,https://github.com/pylint-dev/pylin/compare/ff8cdd2b4096c44854731aba556f8a948ff9b3c4...71cdb25cd32d05e07d4b8d59ec6ba8ace501b423
509,Pylint,219ad3355d2320aa8d291c1ed0cd4c6163c1bbee,70f7e3af68cb9e4878f6bc8c7da3de32c714d0a0,8207,https://github.com/pylint-dev/pylint/issues/8207,https://github.com/pylint-dev/pylin/tree/219ad3355d2320aa8d291c1ed0cd4c6163c1bbee,https://github.com/pylint-dev/pylin/tree/70f7e3af68cb9e4878f6bc8c7da3de32c714d0a0,https://github.com/pylint-dev/pylin/compare/219ad3355d2320aa8d291c1ed0cd4c6163c1bbee...70f7e3af68cb9e4878f6bc8c7da3de32c714d0a0
510,Pylint,59194ebfa600b91ec4d5cef49370b7132b0413a3,33d3f22b767e4d4c959a7619d6e3c9f7e617e092,8735,https://github.com/pylint-dev/pylint/issues/8735,https://github.com/pylint-dev/pylin/tree/59194ebfa600b91ec4d5cef49370b7132b0413a3,https://github.com/pylint-dev/pylin/tree/33d3f22b767e4d4c959a7619d6e3c9f7e617e092,https://github.com/pylint-dev/pylin/compare/59194ebfa600b91ec4d5cef49370b7132b0413a3...33d3f22b767e4d4c959a7619d6e3c9f7e617e092
511,Pylint,641f526e1632dd1835b79abaf31006efc60824f6,d30c45b2e7a0c13a846c8d221f0c9ff9f012aa4a,8307,https://github.com/pylint-dev/pylint/issues/8307,https://github.com/pylint-dev/pylin/tree/641f526e1632dd1835b79abaf31006efc60824f6,https://github.com/pylint-dev/pylin/tree/d30c45b2e7a0c13a846c8d221f0c9ff9f012aa4a,https://github.com/pylint-dev/pylin/compare/641f526e1632dd1835b79abaf31006efc60824f6...d30c45b2e7a0c13a846c8d221f0c9ff9f012aa4a
512,Pylint,3c27c4758b365583312a5a3fab439b33452ef30d,55f1482efc14feea658fc59949b174ea031b9c75,8207,https://github.com/pylint-dev/pylint/issues/8207,https://github.com/pylint-dev/pylin/tree/3c27c4758b365583312a5a3fab439b33452ef30d,https://github.com/pylint-dev/pylin/tree/55f1482efc14feea658fc59949b174ea031b9c75,https://github.com/pylint-dev/pylin/compare/3c27c4758b365583312a5a3fab439b33452ef30d...55f1482efc14feea658fc59949b174ea031b9c75
513,Pylint,c1243cf1bcdbdf9c56653e63268360c2e5a9a1ba,7b1242cfda70f8e3e5edc573e4149e868a17d8f2,8735,https://github.com/pylint-dev/pylint/issues/8735,https://github.com/pylint-dev/pylin/tree/c1243cf1bcdbdf9c56653e63268360c2e5a9a1ba,https://github.com/pylint-dev/pylin/tree/7b1242cfda70f8e3e5edc573e4149e868a17d8f2,https://github.com/pylint-dev/pylin/compare/c1243cf1bcdbdf9c56653e63268360c2e5a9a1ba...7b1242cfda70f8e3e5edc573e4149e868a17d8f2
514,Pylint,a4aff971aeee98365be8b63e146f27e13e7d5873,aa292013c310a4431db5663019e75dbcf19a7017,9074,https://github.com/pylint-dev/pylint/issues/9074,https://github.com/pylint-dev/pylin/tree/a4aff971aeee98365be8b63e146f27e13e7d5873,https://github.com/pylint-dev/pylin/tree/aa292013c310a4431db5663019e75dbcf19a7017,https://github.com/pylint-dev/pylin/compare/a4aff971aeee98365be8b63e146f27e13e7d5873...aa292013c310a4431db5663019e75dbcf19a7017
515,Pylint,b8a7cc512d4e3dc24c010eef0526d294557e40ef,aed51a6198b9ad56bae6c974947007f844ab81d9,9074,https://github.com/pylint-dev/pylint/issues/9074,https://github.com/pylint-dev/pylin/tree/b8a7cc512d4e3dc24c010eef0526d294557e40ef,https://github.com/pylint-dev/pylin/tree/aed51a6198b9ad56bae6c974947007f844ab81d9,https://github.com/pylint-dev/pylin/compare/b8a7cc512d4e3dc24c010eef0526d294557e40ef...aed51a6198b9ad56bae6c974947007f844ab81d9
516,Pylint,0a6c21bfab8237431c9f5198068451b243e91448,d392ea5d8a11049a275207cf18e488bf19a57c69,8558,https://github.com/pylint-dev/pylint/issues/8558,https://github.com/pylint-dev/pylin/tree/0a6c21bfab8237431c9f5198068451b243e91448,https://github.com/pylint-dev/pylin/tree/d392ea5d8a11049a275207cf18e488bf19a57c69,https://github.com/pylint-dev/pylin/compare/0a6c21bfab8237431c9f5198068451b243e91448...d392ea5d8a11049a275207cf18e488bf19a57c69
517,Pylint,2d8a894abb8a59c09c57826aeedf65cce1145c5c,a1443ed5b83e1e574d8fd15ff5bd2f8e42368247,9100,https://github.com/pylint-dev/pylint/issues/9100,https://github.com/pylint-dev/pylin/tree/2d8a894abb8a59c09c57826aeedf65cce1145c5c,https://github.com/pylint-dev/pylin/tree/a1443ed5b83e1e574d8fd15ff5bd2f8e42368247,https://github.com/pylint-dev/pylin/compare/2d8a894abb8a59c09c57826aeedf65cce1145c5c...a1443ed5b83e1e574d8fd15ff5bd2f8e42368247
518,Pylint,317fad2ab3f9e6984329622ad440b35d6b18ba71,ce8d1a9fcea3ad313843da626e91ea9e3a4667a3,8524,https://github.com/pylint-dev/pylint/issues/8524,https://github.com/pylint-dev/pylin/tree/317fad2ab3f9e6984329622ad440b35d6b18ba71,https://github.com/pylint-dev/pylin/tree/ce8d1a9fcea3ad313843da626e91ea9e3a4667a3,https://github.com/pylint-dev/pylin/compare/317fad2ab3f9e6984329622ad440b35d6b18ba71...ce8d1a9fcea3ad313843da626e91ea9e3a4667a3
519,Pylint,f37d4cbeb9d41e306ba874ac59a81b782ca1ccff,b59dfeabb7d1a8ab1fe605f955b8bf6bccb9af60,8554,https://github.com/pylint-dev/pylint/issues/8554,https://github.com/pylint-dev/pylin/tree/f37d4cbeb9d41e306ba874ac59a81b782ca1ccff,https://github.com/pylint-dev/pylin/tree/b59dfeabb7d1a8ab1fe605f955b8bf6bccb9af60,https://github.com/pylint-dev/pylin/compare/f37d4cbeb9d41e306ba874ac59a81b782ca1ccff...b59dfeabb7d1a8ab1fe605f955b8bf6bccb9af60
520,Pylint,a67ffbdd261dffa01045162506614bd8c1e21be5,2acca90eab93569f9482b1c7595c30207afcbe7c,8554,https://github.com/pylint-dev/pylint/issues/8554,https://github.com/pylint-dev/pylin/tree/a67ffbdd261dffa01045162506614bd8c1e21be5,https://github.com/pylint-dev/pylin/tree/2acca90eab93569f9482b1c7595c30207afcbe7c,https://github.com/pylint-dev/pylin/compare/a67ffbdd261dffa01045162506614bd8c1e21be5...2acca90eab93569f9482b1c7595c30207afcbe7c
521,Pylint,cd4b2926c707eb661d6514e2ee18a5ca93929dee,2c3425dc429293a77a86cd11361a8b268aa8fc91,9100,https://github.com/pylint-dev/pylint/issues/9100,https://github.com/pylint-dev/pylin/tree/cd4b2926c707eb661d6514e2ee18a5ca93929dee,https://github.com/pylint-dev/pylin/tree/2c3425dc429293a77a86cd11361a8b268aa8fc91,https://github.com/pylint-dev/pylin/compare/cd4b2926c707eb661d6514e2ee18a5ca93929dee...2c3425dc429293a77a86cd11361a8b268aa8fc91
522,Pylint,f2cded41f7f3d4b45236cbe107b366b6caf84bde,a9d9dc38bc66525b883a4e34f110dcfb54cecd53,8524,https://github.com/pylint-dev/pylint/issues/8524,https://github.com/pylint-dev/pylin/tree/f2cded41f7f3d4b45236cbe107b366b6caf84bde,https://github.com/pylint-dev/pylin/tree/a9d9dc38bc66525b883a4e34f110dcfb54cecd53,https://github.com/pylint-dev/pylin/compare/f2cded41f7f3d4b45236cbe107b366b6caf84bde...a9d9dc38bc66525b883a4e34f110dcfb54cecd53
523,Pylint,1a5ffc1f447b77071ffe18a9c6836c09147ee2ed,015c43afd1c8acb6e4da5d0eed1058b98dd84fc5,9307,https://github.com/pylint-dev/pylint/issues/9307,https://github.com/pylint-dev/pylin/tree/1a5ffc1f447b77071ffe18a9c6836c09147ee2ed,https://github.com/pylint-dev/pylin/tree/015c43afd1c8acb6e4da5d0eed1058b98dd84fc5,https://github.com/pylint-dev/pylin/compare/1a5ffc1f447b77071ffe18a9c6836c09147ee2ed...015c43afd1c8acb6e4da5d0eed1058b98dd84fc5
524,Pylint,27b1ae7f8dfeedcc817ca8506b5835c468ebc658,e5e6ca713b3e8ce8037ca8bd2d39154b1df016e7,3501,https://github.com/pylint-dev/pylint/issues/3501,https://github.com/pylint-dev/pylin/tree/27b1ae7f8dfeedcc817ca8506b5835c468ebc658,https://github.com/pylint-dev/pylin/tree/e5e6ca713b3e8ce8037ca8bd2d39154b1df016e7,https://github.com/pylint-dev/pylin/compare/27b1ae7f8dfeedcc817ca8506b5835c468ebc658...e5e6ca713b3e8ce8037ca8bd2d39154b1df016e7
525,Pylint,ed6f1f525203af52880398cc9d9cd2ce825b23f1,3f1f7b8bb6440fc7a2e5e1e9adf0ba6c3fec6079,9680,https://github.com/pylint-dev/pylint/issues/9680,https://github.com/pylint-dev/pylin/tree/ed6f1f525203af52880398cc9d9cd2ce825b23f1,https://github.com/pylint-dev/pylin/tree/3f1f7b8bb6440fc7a2e5e1e9adf0ba6c3fec6079,https://github.com/pylint-dev/pylin/compare/ed6f1f525203af52880398cc9d9cd2ce825b23f1...3f1f7b8bb6440fc7a2e5e1e9adf0ba6c3fec6079
526,Pylint,6f83d5af96400cbe8cc01f3c8f098f81c9d99c70,c4ffae1500c53785fe12c09a3e7eb48fb712ffde,8808,https://github.com/pylint-dev/pylint/issues/8808,https://github.com/pylint-dev/pylin/tree/6f83d5af96400cbe8cc01f3c8f098f81c9d99c70,https://github.com/pylint-dev/pylin/tree/c4ffae1500c53785fe12c09a3e7eb48fb712ffde,https://github.com/pylint-dev/pylin/compare/6f83d5af96400cbe8cc01f3c8f098f81c9d99c70...c4ffae1500c53785fe12c09a3e7eb48fb712ffde
527,Pylint,e13544f4e2ce93e823019958e05f5e590169992d,3cf313a2abacfc273a4b26ecf94f9dc2fc61a00d,9343,https://github.com/pylint-dev/pylint/issues/9343,https://github.com/pylint-dev/pylin/tree/e13544f4e2ce93e823019958e05f5e590169992d,https://github.com/pylint-dev/pylin/tree/3cf313a2abacfc273a4b26ecf94f9dc2fc61a00d,https://github.com/pylint-dev/pylin/compare/e13544f4e2ce93e823019958e05f5e590169992d...3cf313a2abacfc273a4b26ecf94f9dc2fc61a00d
528,Pylint,466c671cbe5c4f23747b8684665cebefdf6d8fdf,b78deb6140799549ae5f2afc9cb5bc8c1afda5cc,9865,https://github.com/pylint-dev/pylint/issues/9865,https://github.com/pylint-dev/pylin/tree/466c671cbe5c4f23747b8684665cebefdf6d8fdf,https://github.com/pylint-dev/pylin/tree/b78deb6140799549ae5f2afc9cb5bc8c1afda5cc,https://github.com/pylint-dev/pylin/compare/466c671cbe5c4f23747b8684665cebefdf6d8fdf...b78deb6140799549ae5f2afc9cb5bc8c1afda5cc
529,Pylint,65cf711486256e2104630780a0ff51fd530aebb5,da13c74213ef89d7b54a2f973a85ce1ac179e966,9307,https://github.com/pylint-dev/pylint/issues/9307,https://github.com/pylint-dev/pylin/tree/65cf711486256e2104630780a0ff51fd530aebb5,https://github.com/pylint-dev/pylin/tree/da13c74213ef89d7b54a2f973a85ce1ac179e966,https://github.com/pylint-dev/pylin/compare/65cf711486256e2104630780a0ff51fd530aebb5...da13c74213ef89d7b54a2f973a85ce1ac179e966
530,Pylint,77481a6e36fa7fa6b8530e9a300af840867e4df4,1812899d04b535e2099ea0f9b8814ff3b266d9a9,10105,https://github.com/pylint-dev/pylint/issues/10105,https://github.com/pylint-dev/pylin/tree/77481a6e36fa7fa6b8530e9a300af840867e4df4,https://github.com/pylint-dev/pylin/tree/1812899d04b535e2099ea0f9b8814ff3b266d9a9,https://github.com/pylint-dev/pylin/compare/77481a6e36fa7fa6b8530e9a300af840867e4df4...1812899d04b535e2099ea0f9b8814ff3b266d9a9
531,Pylint,86a53137c6495c649d085ef0459d16f7477c282d,6de2ebcadafc7cd1f77d277de72b6c7e422399e4,9343,https://github.com/pylint-dev/pylint/issues/9343,https://github.com/pylint-dev/pylin/tree/86a53137c6495c649d085ef0459d16f7477c282d,https://github.com/pylint-dev/pylin/tree/6de2ebcadafc7cd1f77d277de72b6c7e422399e4,https://github.com/pylint-dev/pylin/compare/86a53137c6495c649d085ef0459d16f7477c282d...6de2ebcadafc7cd1f77d277de72b6c7e422399e4
532,Pylint,7d1626cf869dab1365150265bad45da7e4221bc1,f1925f46ff4c93e7d191d24746b601cfeb0b4e3c,9865,https://github.com/pylint-dev/pylint/issues/9865,https://github.com/pylint-dev/pylin/tree/7d1626cf869dab1365150265bad45da7e4221bc1,https://github.com/pylint-dev/pylin/tree/f1925f46ff4c93e7d191d24746b601cfeb0b4e3c,https://github.com/pylint-dev/pylin/compare/7d1626cf869dab1365150265bad45da7e4221bc1...f1925f46ff4c93e7d191d24746b601cfeb0b4e3c
533,Pylint,887b1b649b9deea0bf91023b23e11ed8cdaf8d72,05331112c04c4322656333075cdc077e199e7f7d,10105,https://github.com/pylint-dev/pylint/issues/10105,https://github.com/pylint-dev/pylin/tree/887b1b649b9deea0bf91023b23e11ed8cdaf8d72,https://github.com/pylint-dev/pylin/tree/05331112c04c4322656333075cdc077e199e7f7d,https://github.com/pylint-dev/pylin/compare/887b1b649b9deea0bf91023b23e11ed8cdaf8d72...05331112c04c4322656333075cdc077e199e7f7d
534,Pylint,78444bb70696fbeee3df56f2fb9f36fed89b4971,65efb677aa3b74088c9f35293138ea2435f925a7,10510,https://github.com/pylint-dev/pylint/issues/10510,https://github.com/pylint-dev/pylin/tree/78444bb70696fbeee3df56f2fb9f36fed89b4971,https://github.com/pylint-dev/pylin/tree/65efb677aa3b74088c9f35293138ea2435f925a7,https://github.com/pylint-dev/pylin/compare/78444bb70696fbeee3df56f2fb9f36fed89b4971...65efb677aa3b74088c9f35293138ea2435f925a7
535,Pylint,a0bfd3ff09eaf8343787f1470b4b6f347e429ef5,9d4f550dc81b924acacc2025f9386463ddecb290,10627,https://github.com/pylint-dev/pylint/issues/10627,https://github.com/pylint-dev/pylin/tree/a0bfd3ff09eaf8343787f1470b4b6f347e429ef5,https://github.com/pylint-dev/pylin/tree/9d4f550dc81b924acacc2025f9386463ddecb290,https://github.com/pylint-dev/pylin/compare/a0bfd3ff09eaf8343787f1470b4b6f347e429ef5...9d4f550dc81b924acacc2025f9386463ddecb290
536,Pylint,a49e11a7ae74c9568026bd0c68119a437f8a320d,a52dd5851604d72249b29b022f52b742a5730d61,10510,https://github.com/pylint-dev/pylint/issues/10510,https://github.com/pylint-dev/pylin/tree/a49e11a7ae74c9568026bd0c68119a437f8a320d,https://github.com/pylint-dev/pylin/tree/a52dd5851604d72249b29b022f52b742a5730d61,https://github.com/pylint-dev/pylin/compare/a49e11a7ae74c9568026bd0c68119a437f8a320d...a52dd5851604d72249b29b022f52b742a5730d61
537,Pylint,32304fe13b285cf7001504bca2d1de05e73e01ae,b01a3fe40952fd0ce740b12c7fba88aeb2a40d1e,8736,https://github.com/pylint-dev/pylint/issues/8736,https://github.com/pylint-dev/pylin/tree/32304fe13b285cf7001504bca2d1de05e73e01ae,https://github.com/pylint-dev/pylin/tree/b01a3fe40952fd0ce740b12c7fba88aeb2a40d1e,https://github.com/pylint-dev/pylin/compare/32304fe13b285cf7001504bca2d1de05e73e01ae...b01a3fe40952fd0ce740b12c7fba88aeb2a40d1e
538,Pylint,9ffd4b285a1776a1322e18ab832530941ffe0d56,dd1275875c157bc594420cb995bd0de4a577a7e9,10037,https://github.com/pylint-dev/pylint/issues/10037,https://github.com/pylint-dev/pylin/tree/9ffd4b285a1776a1322e18ab832530941ffe0d56,https://github.com/pylint-dev/pylin/tree/dd1275875c157bc594420cb995bd0de4a577a7e9,https://github.com/pylint-dev/pylin/compare/9ffd4b285a1776a1322e18ab832530941ffe0d56...dd1275875c157bc594420cb995bd0de4a577a7e9
539,Pylint,9d4f550dc81b924acacc2025f9386463ddecb290,8cf4887e6755157d465e94a11a092ff6ec855939,10626,https://github.com/pylint-dev/pylint/issues/10626,https://github.com/pylint-dev/pylin/tree/9d4f550dc81b924acacc2025f9386463ddecb290,https://github.com/pylint-dev/pylin/tree/8cf4887e6755157d465e94a11a092ff6ec855939,https://github.com/pylint-dev/pylin/compare/9d4f550dc81b924acacc2025f9386463ddecb290...8cf4887e6755157d465e94a11a092ff6ec855939
540,Pylint,db22e2fc7fc282bb7cf9e85a352b60da41e253be,e55e830d6b1c18cf4249a9572476f2620aeca314,10719,https://github.com/pylint-dev/pylint/issues/10719,https://github.com/pylint-dev/pylin/tree/db22e2fc7fc282bb7cf9e85a352b60da41e253be,https://github.com/pylint-dev/pylin/tree/e55e830d6b1c18cf4249a9572476f2620aeca314,https://github.com/pylint-dev/pylin/compare/db22e2fc7fc282bb7cf9e85a352b60da41e253be...e55e830d6b1c18cf4249a9572476f2620aeca314
541,Pylint,84b6552b86e210097ac29de7ef64b152efb4a454,03f8a922a2eabe5b517457807cc992e122dcc9c0,10719,https://github.com/pylint-dev/pylint/issues/10719,https://github.com/pylint-dev/pylin/tree/84b6552b86e210097ac29de7ef64b152efb4a454,https://github.com/pylint-dev/pylin/tree/03f8a922a2eabe5b517457807cc992e122dcc9c0,https://github.com/pylint-dev/pylin/compare/84b6552b86e210097ac29de7ef64b152efb4a454...03f8a922a2eabe5b517457807cc992e122dcc9c0
